0 Minifigure, Hair Female Loose Bun with Black Chopsticks Pattern
0 Name: bl_28664pb03.dat
0 Author: 
0 BL_Item_No 28664pb03
0 BFC CERTIFY CCW
3 16 3.1355 0 5.4308 5.4308 0 3.1355 3.125 -8.3927 5.4127
3 16 3.125 -8.3927 5.4127 5.4308 0 3.1355 5.4127 -8.3927 3.125
3 16 0 0 6.2709 3.1355 0 5.4308 0 -8.3927 6.2709
3 16 0 -8.3927 6.2709 3.1355 0 5.4308 3.125 -8.3927 5.4127
3 16 0 -8.3927 6.2709 -3.125 -8.3927 5.4127 0 0 6.2709
3 16 0 0 6.2709 -3.125 -8.3927 5.4127 -3.1355 0 5.4308
3 16 -3.125 -8.3927 5.4127 -5.4127 -8.3927 3.125 -3.1355 0 5.4308
3 16 -3.1355 0 5.4308 -5.4127 -8.3927 3.125 -5.4308 0 3.1355
3 16 -5.4127 -8.3927 3.125 -6.25 -8.3927 0 -5.4308 0 3.1355
3 16 -5.4308 0 3.1355 -6.25 -8.3927 0 -6.25 0 0
3 16 -6.25 -8.3927 0 -5.4127 -8.3927 -3.125 -6.25 0 0
3 16 -6.25 0 0 -5.4127 -8.3927 -3.125 -5.4308 0 -3.1355
3 16 -5.4127 -8.3927 -3.125 -3.125 -8.3927 -5.4127 -5.4308 0 -3.1355
3 16 -5.4308 0 -3.1355 -3.125 -8.3927 -5.4127 -3.1355 0 -5.4308
3 16 -3.125 -8.3927 -5.4127 0 -8.3927 -6.25 -3.1355 0 -5.4308
3 16 -3.1355 0 -5.4308 0 -8.3927 -6.25 0 0 -6.2709
3 16 3.1355 0 -5.4308 0 0 -6.2709 3.125 -8.3927 -5.4127
3 16 3.125 -8.3927 -5.4127 0 0 -6.2709 0 -8.3927 -6.25
3 16 5.4308 0 -3.1355 3.1355 0 -5.4308 5.4127 -8.3927 -3.125
3 16 5.4127 -8.3927 -3.125 3.1355 0 -5.4308 3.125 -8.3927 -5.4127
3 16 6.2709 0 0 5.4308 0 -3.1355 6.25 -8.3927 0
3 16 6.25 -8.3927 0 5.4308 0 -3.1355 5.4127 -8.3927 -3.125
3 16 5.4308 0 3.1355 6.2709 0 0 5.4127 -8.3927 3.125
3 16 5.4127 -8.3927 3.125 6.2709 0 0 6.25 -8.3927 0
3 16 3.125 -8.3927 5.4127 5.4127 -8.3927 3.125 0 -9.145 0
3 16 0 -8.3927 6.2709 3.125 -8.3927 5.4127 -3.125 -8.3927 5.4127
3 16 -3.125 -8.3927 5.4127 3.125 -8.3927 5.4127 0 -9.145 0
3 16 -5.4127 -8.3927 3.125 -3.125 -8.3927 5.4127 0 -9.145 0
3 16 -6.25 -8.3927 0 -5.4127 -8.3927 3.125 -5.4127 -8.3927 -3.125
3 16 -5.4127 -8.3927 -3.125 -5.4127 -8.3927 3.125 0 -9.145 0
3 16 -3.125 -8.3927 -5.4127 -5.4127 -8.3927 -3.125 0 -9.145 0
3 16 0 -8.3927 -6.25 -3.125 -8.3927 -5.4127 3.125 -8.3927 -5.4127
3 16 3.125 -8.3927 -5.4127 -3.125 -8.3927 -5.4127 0 -9.145 0
3 16 5.4127 -8.3927 -3.125 3.125 -8.3927 -5.4127 0 -9.145 0
3 16 6.25 -8.3927 0 5.4127 -8.3927 -3.125 5.4127 -8.3927 3.125
3 16 5.4127 -8.3927 3.125 5.4127 -8.3927 -3.125 0 -9.145 0
3 16 4.1317 0 7.16 7.1578 0 4.1338 3.1355 0 5.4308
3 16 3.1355 0 5.4308 7.1578 0 4.1338 5.4308 0 3.1355
3 16 -0.0021 0 8.2676 4.1317 0 7.16 0 0 6.2709
3 16 0 0 6.2709 4.1317 0 7.16 3.1355 0 5.4308
3 16 -4.1359 0 7.16 -0.0021 0 8.2676 -3.1355 0 5.4308
3 16 -3.1355 0 5.4308 -0.0021 0 8.2676 0 0 6.2709
3 16 -7.1621 0 4.1338 -4.1359 0 7.16 -5.4308 0 3.1355
3 16 -5.4308 0 3.1355 -4.1359 0 7.16 -3.1355 0 5.4308
3 16 -8.309 0 0 -7.1621 0 4.1338 -6.25 0 0
3 16 -6.25 0 0 -7.1621 0 4.1338 -5.4308 0 3.1355
3 16 -5.4308 0 -3.1355 -7.1621 0 -4.1338 -6.25 0 0
3 16 -6.25 0 0 -7.1621 0 -4.1338 -8.309 0 0
3 16 -7.1621 0 -4.1338 -5.4308 0 -3.1355 -4.1359 0 -7.16
3 16 -4.1359 0 -7.16 -5.4308 0 -3.1355 -3.1355 0 -5.4308
3 16 -4.1359 0 -7.16 -3.1355 0 -5.4308 -0.0021 0 -8.2676
3 16 -0.0021 0 -8.2676 -3.1355 0 -5.4308 0 0 -6.2709
3 16 -0.0021 0 -8.2676 0 0 -6.2709 4.1317 0 -7.16
3 16 4.1317 0 -7.16 0 0 -6.2709 3.1355 0 -5.4308
3 16 4.1317 0 -7.16 3.1355 0 -5.4308 7.1578 0 -4.1338
3 16 7.1578 0 -4.1338 3.1355 0 -5.4308 5.4308 0 -3.1355
3 16 8.2655 0 0 7.1578 0 -4.1338 6.2709 0 0
3 16 6.2709 0 0 7.1578 0 -4.1338 5.4308 0 -3.1355
3 16 7.1578 0 4.1338 8.2655 0 0 5.4308 0 3.1355
3 16 5.4308 0 3.1355 8.2655 0 0 6.2709 0 0
3 16 10.9151 9.4787 -11.228 9.1327 10.6596 -12.2269 11.6692 13.3525 -9.3544
3 16 11.6692 13.3525 -9.3544 9.1327 10.6596 -12.2269 10.8861 14.9294 -9.3753
3 16 9.1327 10.6596 -12.2269 10.9151 9.4787 -11.228 7.1996 6.5055 -14.079
3 16 7.1996 6.5055 -14.079 10.9151 9.4787 -11.228 9.3858 4.4913 -12.6577
3 16 5.3031 -1.1019 -13.6712 3.2686 2.5858 -15.3502 9.3858 4.4913 -12.6577
3 16 9.3858 4.4913 -12.6577 3.2686 2.5858 -15.3502 7.1996 6.5055 -14.079
3 16 5.3031 -1.1019 -13.6712 0.7025 -3.6887 -13.569 3.2686 2.5858 -15.3502
3 16 3.2686 2.5858 -15.3502 0.7025 -3.6887 -13.569 -1.9007 0.4051 -15.0886
3 16 -7.2274 -1.9506 -11.08 -5.5506 0.6868 -13.6176 -4.8453 -2.914 -12.791
3 16 -5.5506 0.6868 -13.6176 -1.9007 0.4051 -15.0886 -4.8453 -2.914 -12.791
3 16 -4.8453 -2.914 -12.791 -1.9007 0.4051 -15.0886 -2.489 -3.8565 -13.2273
3 16 -5.5506 0.6868 -13.6176 -4.3205 1.9117 -11.3673 -1.9007 0.4051 -15.0886
3 16 -1.9007 0.4051 -15.0886 -4.3205 1.9117 -11.3673 -0.7646 2.3143 -12.3616
3 16 -1.9007 0.4051 -15.0886 -0.7646 2.3143 -12.3616 3.2686 2.5858 -15.3502
3 16 3.2686 2.5858 -15.3502 -0.7646 2.3143 -12.3616 3.2339 4.2649 -12.4977
3 16 5.6485 6.9796 -11.751 7.1996 6.5055 -14.079 3.2339 4.2649 -12.4977
3 16 3.2339 4.2649 -12.4977 7.1996 6.5055 -14.079 3.2686 2.5858 -15.3502
3 16 7.9649 11.0022 -10.4361 9.1327 10.6596 -12.2269 5.6485 6.9796 -11.751
3 16 5.6485 6.9796 -11.751 9.1327 10.6596 -12.2269 7.1996 6.5055 -14.079
3 16 9.6896 14.883 -8.9915 10.8861 14.9294 -9.3753 7.9649 11.0022 -10.4361
3 16 7.9649 11.0022 -10.4361 10.8861 14.9294 -9.3753 9.1327 10.6596 -12.2269
3 16 -5.5506 0.6868 -13.6176 -7.2274 -1.9506 -11.08 -7.0744 0.176 -13.3943
3 16 -7.0744 0.176 -13.3943 -7.2274 -1.9506 -11.08 -8.68 -1.8235 -11.5843
3 16 12.166 15.4219 -7.5698 11.6692 13.3525 -9.3544 10.8861 14.9294 -9.3753
3 16 10.9151 9.4787 -11.228 11.6692 13.3525 -9.3544 11.286 9.0156 -10.1893
3 16 11.286 9.0156 -10.1893 11.6692 13.3525 -9.3544 12.166 15.4219 -7.5698
3 16 10.9151 9.4787 -11.228 11.286 9.0156 -10.1893 9.3858 4.4913 -12.6577
3 16 9.3858 4.4913 -12.6577 11.286 9.0156 -10.1893 9.6237 3.8836 -11.8384
3 16 5.2222 -1.8463 -12.8725 5.3031 -1.1019 -13.6712 9.6237 3.8836 -11.8384
3 16 9.6237 3.8836 -11.8384 5.3031 -1.1019 -13.6712 9.3858 4.4913 -12.6577
3 16 1.0472 -4.2913 -12.4649 0.7025 -3.6887 -13.569 5.2222 -1.8463 -12.8725
3 16 5.2222 -1.8463 -12.8725 0.7025 -3.6887 -13.569 5.3031 -1.1019 -13.6712
3 16 -7.2274 -1.9506 -11.08 -4.8453 -2.914 -12.791 -4.7153 -3.7018 -11.9275
3 16 14.3123 16.6907 -6.2019 14.6749 17.0852 -2.6959 16.3389 16.8191 -4.7545
3 16 16.3389 16.8191 -4.7545 14.6749 17.0852 -2.6959 16.2598 16.5486 -2.9354
3 16 14.3123 16.6907 -6.2019 14.4989 13.485 -7.4408 12.166 15.4219 -7.5698
3 16 12.166 15.4219 -7.5698 14.4989 13.485 -7.4408 11.286 9.0156 -10.1893
3 16 14.4989 13.485 -7.4408 14.3123 16.6907 -6.2019 16.3389 16.8191 -4.7545
3 16 9.6896 14.883 -8.9915 11.2622 15.4785 -6.925 10.8861 14.9294 -9.3753
3 16 10.8861 14.9294 -9.3753 11.2622 15.4785 -6.925 12.166 15.4219 -7.5698
3 16 11.2622 15.4785 -6.925 12.1322 15.317 -5.1309 12.166 15.4219 -7.5698
3 16 12.166 15.4219 -7.5698 12.1322 15.317 -5.1309 14.3123 16.6907 -6.2019
3 16 12.1322 15.317 -5.1309 12.987 15.9982 -2.6266 14.3123 16.6907 -6.2019
3 16 14.3123 16.6907 -6.2019 12.987 15.9982 -2.6266 14.6749 17.0852 -2.6959
3 16 16.3389 16.8191 -4.7545 16.2598 16.5486 -2.9354 14.4989 13.485 -7.4408
3 16 16.2598 16.5486 -2.9354 14.8934 10.5929 -1.9969 14.4989 13.485 -7.4408
3 16 14.4989 13.485 -7.4408 14.8934 10.5929 -1.9969 13.2957 7.7046 -9.6506
3 16 11.286 9.0156 -10.1893 14.4989 13.485 -7.4408 13.2957 7.7046 -9.6506
3 16 13.2957 7.7046 -9.6506 14.8934 10.5929 -1.9969 14.1867 4.7165 -6.1889
3 16 11.286 9.0156 -10.1893 13.2957 7.7046 -9.6506 9.6237 3.8836 -11.8384
3 16 9.6237 3.8836 -11.8384 13.2957 7.7046 -9.6506 11.3909 2.2955 -11.6311
3 16 13.2957 7.7046 -9.6506 14.1867 4.7165 -6.1889 11.3909 2.2955 -11.6311
3 16 11.3909 2.2955 -11.6311 14.1867 4.7165 -6.1889 10.8577 -1.7256 -9.3271
3 16 11.3909 2.2955 -11.6311 10.8577 -1.7256 -9.3271 6.1819 -2.8082 -12.4119
3 16 6.1819 -2.8082 -12.4119 10.8577 -1.7256 -9.3271 7.6792 -3.8038 -10.3998
3 16 6.1819 -2.8082 -12.4119 5.2222 -1.8463 -12.8725 11.3909 2.2955 -11.6311
3 16 11.3909 2.2955 -11.6311 5.2222 -1.8463 -12.8725 9.6237 3.8836 -11.8384
3 16 1.0472 -4.2913 -12.4649 5.2222 -1.8463 -12.8725 6.1819 -2.8082 -12.4119
3 16 -1.5943 -4.4892 -12.5887 0.7025 -3.6887 -13.569 0.1017 -4.6569 -12.1906
3 16 0.1017 -4.6569 -12.1906 0.7025 -3.6887 -13.569 1.0472 -4.2913 -12.4649
3 16 0.7025 -3.6887 -13.569 -1.5943 -4.4892 -12.5887 -2.489 -3.8565 -13.2273
3 16 -1.9007 0.4051 -15.0886 0.7025 -3.6887 -13.569 -2.489 -3.8565 -13.2273
3 16 16.1528 7.3979 -0.9844 14.1867 4.7165 -6.1889 15.9807 9.1674 -1.4359
3 16 7.6792 -3.8038 -10.3998 3.8599 -4.7195 -11.5901 6.1819 -2.8082 -12.4119
3 16 6.1819 -2.8082 -12.4119 3.8599 -4.7195 -11.5901 1.0472 -4.2913 -12.4649
3 16 3.8599 -4.7195 -11.5901 7.6792 -3.8038 -10.3998 10.4962 -4.8458 -7.7279
3 16 10.4962 -4.8458 -7.7279 7.6792 -3.8038 -10.3998 11.1887 -3.9185 -8.4809
3 16 15.4423 -3.6569 -1.5622 14.0218 -4.9339 -1.0883 11.1887 -3.9185 -8.4809
3 16 11.1887 -3.9185 -8.4809 14.0218 -4.9339 -1.0883 10.4962 -4.8458 -7.7279
3 16 15.4423 -3.6569 -1.5622 15.5302 -3.8139 3.9 14.0218 -4.9339 -1.0883
3 16 14.0218 -4.9339 -1.0883 15.5302 -3.8139 3.9 14.2322 -4.9066 4.08
3 16 11.4204 -3.5725 14.8305 11.6266 -4.2358 13.2933 14.2909 -3.5933 9.7575
3 16 14.2909 -3.5933 9.7575 11.6266 -4.2358 13.2933 13.2128 -4.477 9.5328
3 16 7.6792 -3.8038 -10.3998 11.7509 -2.6677 -8.6942 11.1887 -3.9185 -8.4809
3 16 11.7509 -2.6677 -8.6942 13.9806 0.0816 -6.2522 16.3187 -0.3748 -2.0559
3 16 16.3187 -0.3748 -2.0559 13.9806 0.0816 -6.2522 15.6498 1.5908 -2.7656
3 16 16.3187 -0.3748 -2.0559 15.4423 -3.6569 -1.5622 11.7509 -2.6677 -8.6942
3 16 11.7509 -2.6677 -8.6942 15.4423 -3.6569 -1.5622 11.1887 -3.9185 -8.4809
3 16 10.8577 -1.7256 -9.3271 13.9611 1.0558 -6.8357 13.9806 0.0816 -6.2522
3 16 13.9611 1.0558 -6.8357 16.037 2.9046 -3.8082 13.9806 0.0816 -6.2522
3 16 13.9806 0.0816 -6.2522 16.037 2.9046 -3.8082 15.6498 1.5908 -2.7656
3 16 14.1867 4.7165 -6.1889 16.1528 7.3979 -0.9844 16.037 2.9046 -3.8082
3 16 16.037 2.9046 -3.8082 16.1528 7.3979 -0.9844 17.518 4.5614 1.4904
3 16 16.037 2.9046 -3.8082 17.518 4.5614 1.4904 15.6498 1.5908 -2.7656
3 16 15.6498 1.5908 -2.7656 17.518 4.5614 1.4904 16.4881 2.1196 3.8285
3 16 15.6498 1.5908 -2.7656 16.4881 2.1196 3.8285 16.3187 -0.3748 -2.0559
3 16 16.3187 -0.3748 -2.0559 16.4881 2.1196 3.8285 16.7726 -0.0243 5.8868
3 16 16.7726 -0.0243 5.8868 15.5302 -3.8139 3.9 16.3187 -0.3748 -2.0559
3 16 16.3187 -0.3748 -2.0559 15.5302 -3.8139 3.9 15.4423 -3.6569 -1.5622
3 16 4.6359 -6.4975 -9.7017 9.3073 -7.4379 -6.9368 8.2819 -7.7047 -6.4242
3 16 4.6359 -6.4975 -9.7017 2.7699 -8.1202 -9.5342 0.1017 -4.6569 -12.1906
3 16 0.1017 -4.6569 -12.1906 2.7699 -8.1202 -9.5342 -1.5943 -4.4892 -12.5887
3 16 10.2034 -6.1373 -7.8386 9.3073 -7.4379 -6.9368 3.8599 -4.7195 -11.5901
3 16 3.8599 -4.7195 -11.5901 9.3073 -7.4379 -6.9368 1.0472 -4.2913 -12.4649
3 16 10.4962 -4.8458 -7.7279 10.2034 -6.1373 -7.8386 3.8599 -4.7195 -11.5901
3 16 10.2034 -6.1373 -7.8386 10.4962 -4.8458 -7.7279 14.1474 -6.5805 -1.2372
3 16 14.1474 -6.5805 -1.2372 10.4962 -4.8458 -7.7279 14.0218 -4.9339 -1.0883
3 16 14.2322 -4.9066 4.08 14.365 -6.6941 4.1415 14.0218 -4.9339 -1.0883
3 16 14.0218 -4.9339 -1.0883 14.365 -6.6941 4.1415 14.1474 -6.5805 -1.2372
3 16 -2.4871 -4.6751 -12.1755 -1.5943 -4.4892 -12.5887 0.4638 -8.476 -8.2382
3 16 0.4638 -8.476 -8.2382 -1.5943 -4.4892 -12.5887 2.7699 -8.1202 -9.5342
3 16 -3.3954 -4.1574 -12.4208 -2.4871 -4.6751 -12.1755 -2.0204 -9.6001 -8.5679
3 16 -2.0204 -9.6001 -8.5679 -2.4871 -4.6751 -12.1755 0.4638 -8.476 -8.2382
3 16 -3.3954 -4.1574 -12.4208 -2.0204 -9.6001 -8.5679 -4.7153 -3.7018 -11.9275
3 16 -4.7153 -3.7018 -11.9275 -2.0204 -9.6001 -8.5679 -5.5785 -8.6163 -7.0161
3 16 -6.8362 -8.6548 -7.0675 -5.6 -4.2184 -11.3704 -5.5785 -8.6163 -7.0161
3 16 -5.5785 -8.6163 -7.0161 -5.6 -4.2184 -11.3704 -4.7153 -3.7018 -11.9275
3 16 -4.7153 -3.7018 -11.9275 -4.8453 -2.914 -12.791 -3.3954 -4.1574 -12.4208
3 16 -3.3954 -4.1574 -12.4208 -4.8453 -2.914 -12.791 -2.489 -3.8565 -13.2273
3 16 -8.9656 -7.3891 -6.7895 -9.6474 -6.1059 -6.2672 -6.8841 -3.2905 -11.1188
3 16 -6.8841 -3.2905 -11.1188 -9.6474 -6.1059 -6.2672 -7.2274 -1.9506 -11.08
3 16 -5.6 -4.2184 -11.3704 -6.8841 -3.2905 -11.1188 -4.7153 -3.7018 -11.9275
3 16 -4.7153 -3.7018 -11.9275 -6.8841 -3.2905 -11.1188 -7.2274 -1.9506 -11.08
3 16 -6.8362 -8.6548 -7.0675 -8.9656 -7.3891 -6.7895 -5.6 -4.2184 -11.3704
3 16 -5.6 -4.2184 -11.3704 -8.9656 -7.3891 -6.7895 -6.8841 -3.2905 -11.1188
3 16 -3.3954 -4.1574 -12.4208 -2.489 -3.8565 -13.2273 -2.4871 -4.6751 -12.1755
3 16 -2.4871 -4.6751 -12.1755 -2.489 -3.8565 -13.2273 -1.5943 -4.4892 -12.5887
3 16 -5.3624 2.4058 -11.3116 -4.3205 1.9117 -11.3673 -6.1568 1.6598 -13.3745
3 16 -6.1568 1.6598 -13.3745 -4.3205 1.9117 -11.3673 -5.5506 0.6868 -13.6176
3 16 -8.9976 1.7241 -13.1181 -6.1568 1.6598 -13.3745 -7.0744 0.176 -13.3943
3 16 -7.0744 0.176 -13.3943 -6.1568 1.6598 -13.3745 -5.5506 0.6868 -13.6176
3 16 -11.4388 -1.9429 -9.2293 -10.9289 -3.0333 -8.8323 -12.9993 -3.9743 -5.4685
3 16 -12.9993 -3.9743 -5.4685 -10.9289 -3.0333 -8.8323 -12.4932 -4.8103 -5.8082
3 16 -11.1113 -5.9366 -6.1423 -9.1928 -3.7845 -9.34 -9.6474 -6.1059 -6.2672
3 16 -9.6474 -6.1059 -6.2672 -9.1928 -3.7845 -9.34 -7.2274 -1.9506 -11.08
3 16 -9.1928 -3.7845 -9.34 -11.1113 -5.9366 -6.1423 -10.9289 -3.0333 -8.8323
3 16 -10.9289 -3.0333 -8.8323 -11.1113 -5.9366 -6.1423 -12.4932 -4.8103 -5.8082
3 16 -11.4388 -1.9429 -9.2293 -12.9993 -3.9743 -5.4685 -12.7193 -0.883 -8.3497
3 16 -12.7193 -0.883 -8.3497 -12.9993 -3.9743 -5.4685 -15.6887 -1.9031 -3.447
3 16 -13.3001 -0.0318 -7.5671 -12.7193 -0.883 -8.3497 -14.9421 0.0642 -4.4955
3 16 -14.9421 0.0642 -4.4955 -12.7193 -0.883 -8.3497 -15.6887 -1.9031 -3.447
3 16 -13.3001 -0.0318 -7.5671 -15.5055 1.8757 -5.012 -14.1231 1.8881 -6.9111
3 16 -15.5055 1.8757 -5.012 -14.9015 4.3642 -5.9354 -14.1231 1.8881 -6.9111
3 16 -17.0373 3.5758 -2.099 -15.5055 1.8757 -5.012 -16.4312 1.2142 -1.0412
3 16 -16.4312 1.2142 -1.0412 -15.5055 1.8757 -5.012 -14.9421 0.0642 -4.4955
3 16 -16.5014 6.5185 -1.2029 -14.9015 4.3642 -5.9354 -17.0373 3.5758 -2.099
3 16 -17.0373 3.5758 -2.099 -14.9015 4.3642 -5.9354 -15.5055 1.8757 -5.012
3 16 -17.0392 9.2679 -0.0591 -14.9252 5.9171 -5.8816 -16.5014 6.5185 -1.2029
3 16 -16.5014 6.5185 -1.2029 -14.9252 5.9171 -5.8816 -14.9015 4.3642 -5.9354
3 16 -14.9252 5.9171 -5.8816 -17.0392 9.2679 -0.0591 -14.363 8.9209 -5.4863
3 16 -14.363 8.9209 -5.4863 -17.0392 9.2679 -0.0591 -16.0215 10.7776 -0.523
3 16 -14.9252 5.9171 -5.8816 -14.363 8.9209 -5.4863 -15.27 5.7819 -7.7808
3 16 -15.27 5.7819 -7.7808 -14.363 8.9209 -5.4863 -14.752 11.0157 -7.4838
3 16 -9.5599 -2.5745 -10.1152 -11.4388 -1.9429 -9.2293 -10.8106 -2.0821 -10.4561
3 16 -11.4388 -1.9429 -9.2293 -9.5599 -2.5745 -10.1152 -10.9289 -3.0333 -8.8323
3 16 -10.9289 -3.0333 -8.8323 -9.5599 -2.5745 -10.1152 -9.1928 -3.7845 -9.34
3 16 -10.8106 -2.0821 -10.4561 -8.68 -1.8235 -11.5843 -9.5599 -2.5745 -10.1152
3 16 -9.5599 -2.5745 -10.1152 -8.68 -1.8235 -11.5843 -7.2274 -1.9506 -11.08
3 16 -10.8106 -2.0821 -10.4561 -11.4388 -1.9429 -9.2293 -13.1494 -0.3889 -9.5174
3 16 -13.1494 -0.3889 -9.5174 -11.4388 -1.9429 -9.2293 -12.7193 -0.883 -8.3497
3 16 -12.7193 -0.883 -8.3497 -13.3001 -0.0318 -7.5671 -13.1494 -0.3889 -9.5174
3 16 -13.1494 -0.3889 -9.5174 -13.3001 -0.0318 -7.5671 -14.463 1.9868 -8.7716
3 16 -14.463 1.9868 -8.7716 -13.3001 -0.0318 -7.5671 -14.1231 1.8881 -6.9111
3 16 -15.27 5.7819 -7.7808 -14.463 1.9868 -8.7716 -14.9015 4.3642 -5.9354
3 16 -14.9015 4.3642 -5.9354 -14.463 1.9868 -8.7716 -14.1231 1.8881 -6.9111
3 16 -14.9252 5.9171 -5.8816 -15.27 5.7819 -7.7808 -14.9015 4.3642 -5.9354
3 16 -5.3624 2.4058 -11.3116 -6.1568 1.6598 -13.3745 -7.3605 2.6575 -10.1726
3 16 -7.3605 2.6575 -10.1726 -6.1568 1.6598 -13.3745 -8.9976 1.7241 -13.1181
3 16 -9.8703 7.0743 -8.5262 -9.3149 4.3402 -9.1044 -12.0038 6.9087 -11.8133
3 16 -12.0038 6.9087 -11.8133 -9.3149 4.3402 -9.1044 -11.3634 3.7676 -12.3881
3 16 -10.2237 10.7294 -8.2155 -9.8703 7.0743 -8.5262 -11.8605 11.3353 -10.6867
3 16 -11.8605 11.3353 -10.6867 -9.8703 7.0743 -8.5262 -12.0038 6.9087 -11.8133
3 16 -10.3535 13.6589 -8.0628 -10.2237 10.7294 -8.2155 -11.3026 13.9006 -9.5719
3 16 -11.3026 13.9006 -9.5719 -10.2237 10.7294 -8.2155 -11.8605 11.3353 -10.6867
3 16 -14.363 8.9209 -5.4863 -12.5298 9.9117 -4.9119 -12.5197 13.5582 -6.4519
3 16 -12.5197 13.5582 -6.4519 -12.5298 9.9117 -4.9119 -11.5732 13.5708 -6.2609
3 16 -14.363 8.9209 -5.4863 -12.5197 13.5582 -6.4519 -14.752 11.0157 -7.4838
3 16 -14.752 11.0157 -7.4838 -12.5197 13.5582 -6.4519 -13.3448 13.7326 -7.8457
3 16 -11.9417 14.627 -8.8424 -13.3448 13.7326 -7.8457 -10.932 14.3971 -7.4113
3 16 -10.932 14.3971 -7.4113 -13.3448 13.7326 -7.8457 -12.5197 13.5582 -6.4519
3 16 -12.5197 13.5582 -6.4519 -11.5732 13.5708 -6.2609 -10.932 14.3971 -7.4113
3 16 -14.752 11.0157 -7.4838 -13.3448 13.7326 -7.8457 -13.556 11.162 -9.7835
3 16 -13.556 11.162 -9.7835 -13.3448 13.7326 -7.8457 -11.9417 14.627 -8.8424
3 16 -11.8605 11.3353 -10.6867 -13.556 11.162 -9.7835 -11.3026 13.9006 -9.5719
3 16 -11.3026 13.9006 -9.5719 -13.556 11.162 -9.7835 -11.9417 14.627 -8.8424
3 16 -11.8605 11.3353 -10.6867 -12.0038 6.9087 -11.8133 -13.556 11.162 -9.7835
3 16 -13.556 11.162 -9.7835 -12.0038 6.9087 -11.8133 -14.0113 6.549 -10.4076
3 16 -11.3634 3.7676 -12.3881 -13.2627 2.8997 -11.0794 -12.0038 6.9087 -11.8133
3 16 -12.0038 6.9087 -11.8133 -13.2627 2.8997 -11.0794 -14.0113 6.549 -10.4076
3 16 -9.3149 4.3402 -9.1044 -7.3605 2.6575 -10.1726 -11.3634 3.7676 -12.3881
3 16 -11.3634 3.7676 -12.3881 -7.3605 2.6575 -10.1726 -8.9976 1.7241 -13.1181
3 16 -14.0113 6.549 -10.4076 -13.2627 2.8997 -11.0794 -15.27 5.7819 -7.7808
3 16 -15.27 5.7819 -7.7808 -13.2627 2.8997 -11.0794 -14.463 1.9868 -8.7716
3 16 -12.009 0.1708 -11.4037 -13.1494 -0.3889 -9.5174 -13.2627 2.8997 -11.0794
3 16 -13.2627 2.8997 -11.0794 -13.1494 -0.3889 -9.5174 -14.463 1.9868 -8.7716
3 16 -8.9976 1.7241 -13.1181 -12.009 0.1708 -11.4037 -11.3634 3.7676 -12.3881
3 16 -11.3634 3.7676 -12.3881 -12.009 0.1708 -11.4037 -13.2627 2.8997 -11.0794
3 16 -10.8106 -2.0821 -10.4561 -13.1494 -0.3889 -9.5174 -12.009 0.1708 -11.4037
3 16 -8.9976 1.7241 -13.1181 -8.68 -1.8235 -11.5843 -12.009 0.1708 -11.4037
3 16 -12.009 0.1708 -11.4037 -8.68 -1.8235 -11.5843 -10.8106 -2.0821 -10.4561
3 16 0.681 -11.9605 -4.2378 -5.3325 -10.7404 -2.4317 -2.0204 -9.6001 -8.5679
3 16 -2.0204 -9.6001 -8.5679 -5.3325 -10.7404 -2.4317 -5.5785 -8.6163 -7.0161
3 16 3.5819 -12.629 4.2611 -3.021 -11.4604 5.3059 0.681 -11.9605 -4.2378
3 16 0.681 -11.9605 -4.2378 -3.021 -11.4604 5.3059 -5.3325 -10.7404 -2.4317
3 16 3.5819 -12.629 4.2611 3.1382 -10.4727 12.5673 -3.021 -11.4604 5.3059
3 16 -3.021 -11.4604 5.3059 3.1382 -10.4727 12.5673 -0.6732 -9.3196 12.8738
3 16 3.1382 -10.4727 12.5673 2.1045 -7.3254 16.082 -0.6732 -9.3196 12.8738
3 16 -0.6732 -9.3196 12.8738 2.1045 -7.3254 16.082 -0.951 -6.8304 16.0135
3 16 3.5936 -10.1405 -4.2566 0.681 -11.9605 -4.2378 0.4638 -8.476 -8.2382
3 16 0.4638 -8.476 -8.2382 0.681 -11.9605 -4.2378 -2.0204 -9.6001 -8.5679
3 16 6.4501 -10.4545 3.759 3.5819 -12.629 4.2611 3.5936 -10.1405 -4.2566
3 16 3.5936 -10.1405 -4.2566 3.5819 -12.629 4.2611 0.681 -11.9605 -4.2378
3 16 3.1382 -10.4727 12.5673 3.5819 -12.629 4.2611 5.8186 -9.2939 11.384
3 16 5.8186 -9.2939 11.384 3.5819 -12.629 4.2611 6.4501 -10.4545 3.759
3 16 2.1045 -7.3254 16.082 3.1382 -10.4727 12.5673 4.3428 -7.6031 15.1498
3 16 4.3428 -7.6031 15.1498 3.1382 -10.4727 12.5673 5.8186 -9.2939 11.384
3 16 6.3628 -9.8849 -5.8495 3.5936 -10.1405 -4.2566 2.7699 -8.1202 -9.5342
3 16 2.7699 -8.1202 -9.5342 3.5936 -10.1405 -4.2566 0.4638 -8.476 -8.2382
3 16 8.2819 -7.7047 -6.4242 6.3628 -9.8849 -5.8495 4.6359 -6.4975 -9.7017
3 16 4.6359 -6.4975 -9.7017 6.3628 -9.8849 -5.8495 2.7699 -8.1202 -9.5342
3 16 9.6824 -10.4535 2.6282 6.3628 -9.8849 -5.8495 11.4383 -8.3475 -0.3814
3 16 11.4383 -8.3475 -0.3814 6.3628 -9.8849 -5.8495 8.2819 -7.7047 -6.4242
3 16 6.3628 -9.8849 -5.8495 9.6824 -10.4535 2.6282 3.5936 -10.1405 -4.2566
3 16 3.5936 -10.1405 -4.2566 9.6824 -10.4535 2.6282 6.4501 -10.4545 3.759
3 16 10.6216 -7.4669 10.0346 9.2277 -9.3041 10.0977 11.4466 -8.1649 4.5721
3 16 11.4466 -8.1649 4.5721 9.2277 -9.3041 10.0977 9.6824 -10.4535 2.6282
3 16 10.6216 -7.4669 10.0346 9.831 -6.4889 13.5937 9.2277 -9.3041 10.0977
3 16 9.2277 -9.3041 10.0977 9.831 -6.4889 13.5937 8.0822 -7.634 14.79
3 16 4.3428 -7.6031 15.1498 5.8186 -9.2939 11.384 8.0822 -7.634 14.79
3 16 8.0822 -7.634 14.79 5.8186 -9.2939 11.384 9.2277 -9.3041 10.0977
3 16 9.6824 -10.4535 2.6282 9.2277 -9.3041 10.0977 6.4501 -10.4545 3.759
3 16 6.4501 -10.4545 3.759 9.2277 -9.3041 10.0977 5.8186 -9.2939 11.384
3 16 11.4383 -8.3475 -0.3814 11.4466 -8.1649 4.5721 9.6824 -10.4535 2.6282
3 16 10.2034 -6.1373 -7.8386 14.1474 -6.5805 -1.2372 9.3073 -7.4379 -6.9368
3 16 9.3073 -7.4379 -6.9368 14.1474 -6.5805 -1.2372 12.5936 -8.3123 -0.7864
3 16 12.9797 -8.0754 4.3008 12.5936 -8.3123 -0.7864 14.365 -6.6941 4.1415
3 16 14.365 -6.6941 4.1415 12.5936 -8.3123 -0.7864 14.1474 -6.5805 -1.2372
3 16 11.0329 -6.5066 13.4072 12.1397 -7.1784 9.9508 11.9374 -5.4485 13.0369
3 16 11.9374 -5.4485 13.0369 12.1397 -7.1784 9.9508 13.1704 -6.1348 9.5993
3 16 13.1704 -6.1348 9.5993 13.2128 -4.477 9.5328 11.9374 -5.4485 13.0369
3 16 11.9374 -5.4485 13.0369 13.2128 -4.477 9.5328 11.6266 -4.2358 13.2933
3 16 15.5302 -3.8139 3.9 14.2909 -3.5933 9.7575 14.2322 -4.9066 4.08
3 16 14.2322 -4.9066 4.08 14.2909 -3.5933 9.7575 13.2128 -4.477 9.5328
3 16 14.365 -6.6941 4.1415 14.2322 -4.9066 4.08 13.1704 -6.1348 9.5993
3 16 13.1704 -6.1348 9.5993 14.2322 -4.9066 4.08 13.2128 -4.477 9.5328
3 16 12.1397 -7.1784 9.9508 12.9797 -8.0754 4.3008 13.1704 -6.1348 9.5993
3 16 13.1704 -6.1348 9.5993 12.9797 -8.0754 4.3008 14.365 -6.6941 4.1415
3 16 9.831 -6.4889 13.5937 10.6216 -7.4669 10.0346 11.0329 -6.5066 13.4072
3 16 11.0329 -6.5066 13.4072 10.6216 -7.4669 10.0346 12.1397 -7.1784 9.9508
3 16 12.9797 -8.0754 4.3008 12.1397 -7.1784 9.9508 11.4466 -8.1649 4.5721
3 16 11.4466 -8.1649 4.5721 12.1397 -7.1784 9.9508 10.6216 -7.4669 10.0346
3 16 11.4466 -8.1649 4.5721 11.4383 -8.3475 -0.3814 12.9797 -8.0754 4.3008
3 16 12.9797 -8.0754 4.3008 11.4383 -8.3475 -0.3814 12.5936 -8.3123 -0.7864
3 16 12.5936 -8.3123 -0.7864 11.4383 -8.3475 -0.3814 9.3073 -7.4379 -6.9368
3 16 9.3073 -7.4379 -6.9368 11.4383 -8.3475 -0.3814 8.2819 -7.7047 -6.4242
3 16 11.4204 -3.5725 14.8305 14.2909 -3.5933 9.7575 11.3513 -2.9798 15.3707
3 16 11.3513 -2.9798 15.3707 14.2909 -3.5933 9.7575 15.6315 -0.7673 10.1882
3 16 11.3513 -2.9798 15.3707 15.6315 -0.7673 10.1882 11.0195 -2.8459 16.0999
3 16 11.0195 -2.8459 16.0999 15.6315 -0.7673 10.1882 15.7861 1.2122 9.6438
3 16 16.3582 10.8942 4.0294 16.2892 8.7992 4.4776 15.9807 9.1674 -1.4359
3 16 15.9807 9.1674 -1.4359 16.2892 8.7992 4.4776 16.1528 7.3979 -0.9844
3 16 14.4789 13.2734 2.9949 16.3582 10.8942 4.0294 14.8934 10.5929 -1.9969
3 16 14.8934 10.5929 -1.9969 16.3582 10.8942 4.0294 15.9807 9.1674 -1.4359
3 16 14.4789 13.2734 2.9949 14.4768 13.2045 7.5642 16.3582 10.8942 4.0294
3 16 16.3582 10.8942 4.0294 14.4768 13.2045 7.5642 15.755 9.9672 9.8537
3 16 15.755 9.9672 9.8537 14.4768 13.2045 7.5642 14.1461 12.0307 11.0583
3 16 14.4789 13.2734 2.9949 12.9455 13.7917 2.4673 14.0351 14.9316 5.032
3 16 16.1528 7.3979 -0.9844 16.2892 8.7992 4.4776 17.518 4.5614 1.4904
3 16 17.518 4.5614 1.4904 16.2892 8.7992 4.4776 17.2058 4.1927 7.8432
3 16 17.2058 4.1927 7.8432 16.2892 8.7992 4.4776 16.0439 8.1471 8.7433
3 16 15.755 9.9672 9.8537 16.0439 8.1471 8.7433 16.3582 10.8942 4.0294
3 16 16.3582 10.8942 4.0294 16.0439 8.1471 8.7433 16.2892 8.7992 4.4776
3 16 16.0439 8.1471 8.7433 14.6121 4.3457 13.3137 17.2058 4.1927 7.8432
3 16 17.2058 4.1927 7.8432 14.6121 4.3457 13.3137 15.4306 2.4294 12.3873
3 16 15.755 9.9672 9.8537 14.3246 5.2304 13.8803 16.0439 8.1471 8.7433
3 16 16.0439 8.1471 8.7433 14.3246 5.2304 13.8803 14.6121 4.3457 13.3137
3 16 13.9596 14.2172 10.6225 14.4768 13.2045 7.5642 14.0351 14.9316 5.032
3 16 14.0351 14.9316 5.032 14.4768 13.2045 7.5642 14.4789 13.2734 2.9949
3 16 14.4768 13.2045 7.5642 13.9596 14.2172 10.6225 14.1461 12.0307 11.0583
3 16 11.9712 16.485 10.9229 13.9596 14.2172 10.6225 12.1959 16.854 8.2398
3 16 12.1959 16.854 8.2398 13.9596 14.2172 10.6225 14.0351 14.9316 5.032
3 16 11.1727 16.5818 7.2381 7.9303 18.1143 10.665 12.1959 16.854 8.2398
3 16 12.1959 16.854 8.2398 7.9303 18.1143 10.665 9.0103 18.2083 11.535
3 16 9.0103 18.2083 11.535 7.9303 18.1143 10.665 8.3927 18.3977 11.9668
3 16 11.9712 16.485 10.9229 14.5011 17.9967 11.7106 13.9596 14.2172 10.6225
3 16 13.9596 14.2172 10.6225 14.5011 17.9967 11.7106 16.3605 17.5086 13.1203
3 16 11.9712 16.485 10.9229 12.7588 18.6567 11.8535 14.5011 17.9967 11.7106
3 16 14.5011 17.9967 11.7106 12.7588 18.6567 11.8535 14.527 20.3788 12.8514
3 16 14.1461 12.0307 11.0583 13.9596 14.2172 10.6225 15.9658 12.9301 12.5525
3 16 15.9658 12.9301 12.5525 13.9596 14.2172 10.6225 16.3605 17.5086 13.1203
3 16 16.3605 17.5086 13.1203 14.5011 17.9967 11.7106 15.6895 20.2403 13.7843
3 16 15.6895 20.2403 13.7843 14.5011 17.9967 11.7106 14.527 20.3788 12.8514
3 16 13.421 20.3586 12.8547 14.527 20.3788 12.8514 12.7588 18.6567 11.8535
3 16 12.7066 6.3055 15.1084 14.6534 9.1576 12.5133 15.3791 12.3777 15.0481
3 16 15.3791 12.3777 15.0481 14.6534 9.1576 12.5133 15.9658 12.9301 12.5525
3 16 15.3791 12.3777 15.0481 15.9658 12.9301 12.5525 15.9799 16.907 15.4873
3 16 15.9799 16.907 15.4873 15.9658 12.9301 12.5525 16.3605 17.5086 13.1203
3 16 15.9799 16.907 15.4873 16.3605 17.5086 13.1203 15.3213 19.6791 15.6846
3 16 15.3213 19.6791 15.6846 16.3605 17.5086 13.1203 15.6895 20.2403 13.7843
3 16 15.9799 16.907 15.4873 15.3213 19.6791 15.6846 12.8822 17.2609 15.5871
3 16 12.8822 17.2609 15.5871 15.3213 19.6791 15.6846 13.6073 19.8428 15.5262
3 16 15.3791 12.3777 15.0481 15.9799 16.907 15.4873 11.9491 14.3695 15.9821
3 16 11.9491 14.3695 15.9821 15.9799 16.907 15.4873 12.8822 17.2609 15.5871
3 16 12.2466 8.4716 15.9271 15.3791 12.3777 15.0481 10.9026 10.0493 16.6282
3 16 15.3791 12.3777 15.0481 11.9491 14.3695 15.9821 10.9026 10.0493 16.6282
3 16 10.9026 10.0493 16.6282 11.9491 14.3695 15.9821 9.4312 11.0781 16.904
3 16 12.7066 6.3055 15.1084 15.3791 12.3777 15.0481 12.1712 7.3773 15.9583
3 16 12.2466 8.4716 15.9271 12.1712 7.3773 15.9583 15.3791 12.3777 15.0481
3 16 12.8822 17.2609 15.5871 13.6073 19.8428 15.5262 12.7588 18.6567 11.8535
3 16 12.7588 18.6567 11.8535 13.6073 19.8428 15.5262 13.421 20.3586 12.8547
3 16 15.3213 19.6791 15.6846 15.6895 20.2403 13.7843 14.527 20.3788 12.8514
3 16 13.421 20.3586 12.8547 13.6073 19.8428 15.5262 14.527 20.3788 12.8514
3 16 14.527 20.3788 12.8514 13.6073 19.8428 15.5262 15.3213 19.6791 15.6846
3 16 8.4544 11.5596 17.0098 9.4312 11.0781 16.904 10.6398 14.084 15.2628
3 16 10.6398 14.084 15.2628 9.4312 11.0781 16.904 11.9491 14.3695 15.9821
3 16 15.6315 -0.7673 10.1882 14.2909 -3.5933 9.7575 16.7726 -0.0243 5.8868
3 16 16.7726 -0.0243 5.8868 14.2909 -3.5933 9.7575 15.5302 -3.8139 3.9
3 16 15.7861 1.2122 9.6438 17.2058 4.1927 7.8432 15.4306 2.4294 12.3873
3 16 15.6315 -0.7673 10.1882 16.7726 -0.0243 5.8868 15.7861 1.2122 9.6438
3 16 15.7861 1.2122 9.6438 16.7726 -0.0243 5.8868 16.4881 2.1196 3.8285
3 16 15.7861 1.2122 9.6438 16.4881 2.1196 3.8285 17.2058 4.1927 7.8432
3 16 17.2058 4.1927 7.8432 16.4881 2.1196 3.8285 17.518 4.5614 1.4904
3 16 12.4436 0.2675 15.4539 15.4306 2.4294 12.3873 13.0329 2.5727 15.2005
3 16 13.0329 2.5727 15.2005 15.4306 2.4294 12.3873 14.6121 4.3457 13.3137
3 16 15.4306 2.4294 12.3873 12.4436 0.2675 15.4539 15.7861 1.2122 9.6438
3 16 15.7861 1.2122 9.6438 12.4436 0.2675 15.4539 11.0195 -2.8459 16.0999
3 16 14.6534 9.1576 12.5133 12.7066 6.3055 15.1084 14.3246 5.2304 13.8803
3 16 14.3246 5.2304 13.8803 12.7066 6.3055 15.1084 13.0032 3.697 15.6087
3 16 14.3246 5.2304 13.8803 15.755 9.9672 9.8537 14.6534 9.1576 12.5133
3 16 14.6534 9.1576 12.5133 15.755 9.9672 9.8537 14.1461 12.0307 11.0583
3 16 14.3246 5.2304 13.8803 13.0032 3.697 15.6087 14.6121 4.3457 13.3137
3 16 14.6121 4.3457 13.3137 13.0032 3.697 15.6087 13.0329 2.5727 15.2005
3 16 12.7066 6.3055 15.1084 12.1712 7.3773 15.9583 13.2524 4.1162 20.7499
3 16 13.2524 4.1162 20.7499 12.1712 7.3773 15.9583 12.5997 5.0909 20.9688
3 16 12.8885 2.2994 19.8554 13.0032 3.697 15.6087 13.2524 4.1162 20.7499
3 16 13.2524 4.1162 20.7499 13.0032 3.697 15.6087 12.7066 6.3055 15.1084
3 16 13.1251 0.7418 19.2156 13.0329 2.5727 15.2005 12.8885 2.2994 19.8554
3 16 12.8885 2.2994 19.8554 13.0329 2.5727 15.2005 13.0032 3.697 15.6087
3 16 12.5 5.9002 21.3604 12.2466 8.4716 15.9271 11.5756 7.3389 21.9155
3 16 11.5756 7.3389 21.9155 12.2466 8.4716 15.9271 10.9026 10.0493 16.6282
3 16 12.2466 8.4716 15.9271 12.5 5.9002 21.3604 12.1712 7.3773 15.9583
3 16 12.1712 7.3773 15.9583 12.5 5.9002 21.3604 12.5997 5.0909 20.9688
3 16 11.4205 3.0465 23.2499 11.3714 3.6956 23.6027 10.6102 1.4525 24.1653
3 16 10.6102 1.4525 24.1653 11.3714 3.6956 23.6027 8.7863 1.2728 25.3441
3 16 12.5997 5.0909 20.9688 11.4205 3.0465 23.2499 13.2524 4.1162 20.7499
3 16 13.2524 4.1162 20.7499 11.4205 3.0465 23.2499 10.6102 1.4525 24.1653
3 16 12.5 5.9002 21.3604 11.3714 3.6956 23.6027 12.5997 5.0909 20.9688
3 16 12.5997 5.0909 20.9688 11.3714 3.6956 23.6027 11.4205 3.0465 23.2499
3 16 11.5756 7.3389 21.9155 10.7577 5.9902 23.611 12.5 5.9002 21.3604
3 16 12.5 5.9002 21.3604 10.7577 5.9902 23.611 11.3714 3.6956 23.6027
3 16 10.7577 5.9902 23.611 8.2065 4.0804 25.3516 11.3714 3.6956 23.6027
3 16 11.3714 3.6956 23.6027 8.2065 4.0804 25.3516 8.7863 1.2728 25.3441
3 16 8.7863 1.2728 25.3441 8.2065 4.0804 25.3516 5.7773 0.9579 26.0982
3 16 5.7773 0.9579 26.0982 8.2065 4.0804 25.3516 5.2771 3.21 26.1614
3 16 8.7863 1.2728 25.3441 5.7773 0.9579 26.0982 6.9651 -1.1992 23.8086
3 16 6.9651 -1.1992 23.8086 10.4222 -0.3018 22.4065 8.7863 1.2728 25.3441
3 16 8.7863 1.2728 25.3441 10.4222 -0.3018 22.4065 10.6102 1.4525 24.1653
3 16 10.4222 -0.3018 22.4065 12.8885 2.2994 19.8554 10.6102 1.4525 24.1653
3 16 10.6102 1.4525 24.1653 12.8885 2.2994 19.8554 13.2524 4.1162 20.7499
3 16 6.7522 -2.4361 23.5041 10.6127 -1.659 21.8517 6.9651 -1.1992 23.8086
3 16 6.9651 -1.1992 23.8086 10.6127 -1.659 21.8517 10.4222 -0.3018 22.4065
3 16 10.6127 -1.659 21.8517 13.1251 0.7418 19.2156 10.4222 -0.3018 22.4065
3 16 10.4222 -0.3018 22.4065 13.1251 0.7418 19.2156 12.8885 2.2994 19.8554
3 16 11.0521 -2.5721 17.7267 11.0195 -2.8459 16.0999 12.0206 -0.6973 16.6249
3 16 12.0206 -0.6973 16.6249 11.0195 -2.8459 16.0999 12.4436 0.2675 15.4539
3 16 13.0329 2.5727 15.2005 13.1251 0.7418 19.2156 12.3459 -0.1488 17.4643
3 16 13.0329 2.5727 15.2005 12.3459 -0.1488 17.4643 12.4436 0.2675 15.4539
3 16 12.4436 0.2675 15.4539 12.3459 -0.1488 17.4643 12.0206 -0.6973 16.6249
3 16 12.3459 -0.1488 17.4643 13.1251 0.7418 19.2156 9.8524 -2.8866 19.6779
3 16 9.8524 -2.8866 19.6779 13.1251 0.7418 19.2156 10.6127 -1.659 21.8517
3 16 9.6054 -3.8618 18.6655 11.0521 -2.5721 17.7267 9.8524 -2.8866 19.6779
3 16 9.8524 -2.8866 19.6779 11.0521 -2.5721 17.7267 12.3459 -0.1488 17.4643
3 16 9.4699 6.655 23.504 10.7577 5.9902 23.611 10.6383 8.0147 21.9307
3 16 10.6383 8.0147 21.9307 10.7577 5.9902 23.611 11.5756 7.3389 21.9155
3 16 7.4293 5.3369 24.6449 8.2065 4.0804 25.3516 9.4699 6.655 23.504
3 16 9.4699 6.655 23.504 8.2065 4.0804 25.3516 10.7577 5.9902 23.611
3 16 7.4293 5.3369 24.6449 4.9575 4.7476 25.2161 8.2065 4.0804 25.3516
3 16 8.2065 4.0804 25.3516 4.9575 4.7476 25.2161 5.2771 3.21 26.1614
3 16 5.7773 0.9579 26.0982 5.2771 3.21 26.1614 3.502 1.2022 26.1047
3 16 3.502 1.2022 26.1047 5.2771 3.21 26.1614 2.3901 3.8361 25.8827
3 16 3.502 1.2022 26.1047 2.8331 -0.0732 25.1557 5.7773 0.9579 26.0982
3 16 5.7773 0.9579 26.0982 2.8331 -0.0732 25.1557 6.9651 -1.1992 23.8086
3 16 5.2771 3.21 26.1614 4.9575 4.7476 25.2161 2.3901 3.8361 25.8827
3 16 2.3901 3.8361 25.8827 4.9575 4.7476 25.2161 2.7962 5.2934 24.8402
3 16 0.8123 6.6374 23.786 0.0033 6.0458 24.2162 2.7962 5.2934 24.8402
3 16 2.7962 5.2934 24.8402 0.0033 6.0458 24.2162 2.3901 3.8361 25.8827
3 16 0.0033 6.0458 24.2162 0.8123 6.6374 23.786 -0.467 7.1639 23.0262
3 16 -0.467 7.1639 23.0262 0.8123 6.6374 23.786 0.2253 7.7095 22.7234
3 16 10.6383 8.0147 21.9307 11.5756 7.3389 21.9155 9.4204 10.0994 19.9668
3 16 11.5756 7.3389 21.9155 10.9026 10.0493 16.6282 9.4204 10.0994 19.9668
3 16 9.4204 10.0994 19.9668 10.9026 10.0493 16.6282 9.4312 11.0781 16.904
3 16 0.8123 6.6374 23.786 2.7962 5.2934 24.8402 4.9003 6.2423 25.1651
3 16 4.9003 6.2423 25.1651 2.7962 5.2934 24.8402 4.9575 4.7476 25.2161
3 16 7.055 6.7336 24.73 4.9003 6.2423 25.1651 7.4293 5.3369 24.6449
3 16 7.4293 5.3369 24.6449 4.9003 6.2423 25.1651 4.9575 4.7476 25.2161
3 16 9.7113 8.1939 22.8029 7.055 6.7336 24.73 9.4699 6.655 23.504
3 16 9.4699 6.655 23.504 7.055 6.7336 24.73 7.4293 5.3369 24.6449
3 16 9.7113 8.1939 22.8029 9.4699 6.655 23.504 10.6383 8.0147 21.9307
3 16 10.6383 8.0147 21.9307 9.4204 10.0994 19.9668 9.7113 8.1939 22.8029
3 16 9.7113 8.1939 22.8029 9.4204 10.0994 19.9668 7.1631 9.6868 22.6562
3 16 7.1631 9.6868 22.6562 9.4204 10.0994 19.9668 7.1009 11.1525 20.0889
3 16 9.7113 8.1939 22.8029 7.1631 9.6868 22.6562 7.055 6.7336 24.73
3 16 7.055 6.7336 24.73 7.1631 9.6868 22.6562 5.5049 8.6206 23.9467
3 16 4.9003 6.2423 25.1651 7.055 6.7336 24.73 5.5049 8.6206 23.9467
3 16 0.8123 6.6374 23.786 4.9003 6.2423 25.1651 2.7206 8.2619 23.6796
3 16 2.7206 8.2619 23.6796 4.9003 6.2423 25.1651 5.5049 8.6206 23.9467
3 16 4.8534 9.1756 22.9133 5.5049 8.6206 23.9467 6.1843 10.0253 22.1595
3 16 6.1843 10.0253 22.1595 5.5049 8.6206 23.9467 7.1631 9.6868 22.6562
3 16 2.7691 8.9911 22.8335 2.7206 8.2619 23.6796 4.8534 9.1756 22.9133
3 16 4.8534 9.1756 22.9133 2.7206 8.2619 23.6796 5.5049 8.6206 23.9467
3 16 7.2496 11.9187 17.5159 8.4544 11.5596 17.0098 9.282 13.5726 16.0833
3 16 9.282 13.5726 16.0833 8.4544 11.5596 17.0098 10.6398 14.084 15.2628
3 16 9.4204 10.0994 19.9668 9.4312 11.0781 16.904 8.4544 11.5596 17.0098
3 16 9.4204 10.0994 19.9668 8.4544 11.5596 17.0098 7.1009 11.1525 20.0889
3 16 7.1009 11.1525 20.0889 8.4544 11.5596 17.0098 7.2496 11.9187 17.5159
3 16 6.1843 10.0253 22.1595 5.1542 10.3069 22.0987 4.8534 9.1756 22.9133
3 16 4.8534 9.1756 22.9133 5.1542 10.3069 22.0987 3.1428 9.7183 22.5403
3 16 1.1408 9.1166 21.8343 2.7691 8.9911 22.8335 3.1428 9.7183 22.5403
3 16 3.1428 9.7183 22.5403 2.7691 8.9911 22.8335 4.8534 9.1756 22.9133
3 16 3.1428 9.7183 22.5403 0.3788 9.6995 19.9435 1.1408 9.1166 21.8343
3 16 1.1408 9.1166 21.8343 0.3788 9.6995 19.9435 0.0357 8.7617 21.213
3 16 11.9491 14.3695 15.9821 12.8822 17.2609 15.5871 11.2598 15.9731 13.2871
3 16 11.2598 15.9731 13.2871 12.8822 17.2609 15.5871 12.7588 18.6567 11.8535
3 16 11.9491 14.3695 15.9821 11.2598 15.9731 13.2871 10.6398 14.084 15.2628
3 16 11.9712 16.485 10.9229 11.2598 15.9731 13.2871 12.7588 18.6567 11.8535
3 16 11.2598 15.9731 13.2871 9.4414 16.7063 13.3632 10.6398 14.084 15.2628
3 16 9.4414 16.7063 13.3632 8.3543 14.4646 15.6511 10.6398 14.084 15.2628
3 16 10.6398 14.084 15.2628 8.3543 14.4646 15.6511 9.282 13.5726 16.0833
3 16 9.282 13.5726 16.0833 8.3543 14.4646 15.6511 7.2496 11.9187 17.5159
3 16 7.2496 11.9187 17.5159 8.3543 14.4646 15.6511 6.2055 12.1622 17.4275
3 16 8.9296 17.2992 13.8844 9.4414 16.7063 13.3632 8.3927 18.3977 11.9668
3 16 8.3927 18.3977 11.9668 9.4414 16.7063 13.3632 9.0103 18.2083 11.535
3 16 7.6183 14.9269 16.1739 8.3543 14.4646 15.6511 8.9296 17.2992 13.8844
3 16 8.9296 17.2992 13.8844 8.3543 14.4646 15.6511 9.4414 16.7063 13.3632
3 16 3.1513 11.9226 17.9498 4.2678 12.0514 18.0091 4.2397 14.7235 17.1854
3 16 4.2397 14.7235 17.1854 4.2678 12.0514 18.0091 5.6192 15.2113 17.1461
3 16 4.2397 14.7235 17.1854 5.6192 15.2113 17.1461 4.7337 17.359 15.5274
3 16 4.7337 17.359 15.5274 5.6192 15.2113 17.1461 6.1531 17.7302 15.6399
3 16 6.1531 17.7302 15.6399 4.3521 18.9103 13.7713 4.7337 17.359 15.5274
3 16 4.7337 17.359 15.5274 4.3521 18.9103 13.7713 2.939 18.8729 14.071
3 16 4.3521 18.9103 13.7713 6.1531 17.7302 15.6399 8.3927 18.3977 11.9668
3 16 8.3927 18.3977 11.9668 6.1531 17.7302 15.6399 8.9296 17.2992 13.8844
3 16 8.9296 17.2992 13.8844 6.1531 17.7302 15.6399 7.6183 14.9269 16.1739
3 16 7.6183 14.9269 16.1739 6.1531 17.7302 15.6399 5.6192 15.2113 17.1461
3 16 6.2055 12.1622 17.4275 6.2438 13.1393 17.2099 4.2678 12.0514 18.0091
3 16 4.2678 12.0514 18.0091 6.2438 13.1393 17.2099 5.6192 15.2113 17.1461
3 16 5.6192 15.2113 17.1461 6.2438 13.1393 17.2099 7.6183 14.9269 16.1739
3 16 7.6183 14.9269 16.1739 6.2438 13.1393 17.2099 8.3543 14.4646 15.6511
3 16 8.3543 14.4646 15.6511 6.2438 13.1393 17.2099 6.2055 12.1622 17.4275
3 16 4.2397 14.7235 17.1854 3.3434 14.7204 17.9474 3.1513 11.9226 17.9498
3 16 3.1513 11.9226 17.9498 3.3434 14.7204 17.9474 2.3975 11.6989 18.4068
3 16 4.7337 17.359 15.5274 3.5037 17.5037 16.5273 4.2397 14.7235 17.1854
3 16 4.2397 14.7235 17.1854 3.5037 17.5037 16.5273 3.3434 14.7204 17.9474
3 16 1.1591 10.8933 18.3637 2.3975 11.6989 18.4068 1.4874 14.2721 18.4881
3 16 1.4874 14.2721 18.4881 2.3975 11.6989 18.4068 3.3434 14.7204 17.9474
3 16 1.1591 10.8933 18.3637 1.4874 14.2721 18.4881 0.2796 10.2404 18.1336
3 16 0.2796 10.2404 18.1336 1.4874 14.2721 18.4881 -1.1865 15.3188 16.8705
3 16 4.7337 17.359 15.5274 2.939 18.8729 14.071 3.5037 17.5037 16.5273
3 16 3.5037 17.5037 16.5273 2.939 18.8729 14.071 1.3886 18.9775 14.486
3 16 3.5037 17.5037 16.5273 0.7761 17.1639 17.2599 3.3434 14.7204 17.9474
3 16 3.3434 14.7204 17.9474 0.7761 17.1639 17.2599 1.4874 14.2721 18.4881
3 16 1.4874 14.2721 18.4881 0.7761 17.1639 17.2599 -1.1865 15.3188 16.8705
3 16 -1.1865 15.3188 16.8705 0.7761 17.1639 17.2599 -1.9949 18.9685 14.4344
3 16 4.2678 12.0514 18.0091 3.1513 11.9226 17.9498 5.1542 10.3069 22.0987
3 16 5.1542 10.3069 22.0987 3.1513 11.9226 17.9498 3.1428 9.7183 22.5403
3 16 2.7206 8.2619 23.6796 2.7691 8.9911 22.8335 0.9231 8.2755 22.6795
3 16 0.9231 8.2755 22.6795 2.7691 8.9911 22.8335 1.1408 9.1166 21.8343
3 16 -2.1367 5.8035 22.3072 -0.6748 5.0102 24.1729 -0.467 7.1639 23.0262
3 16 -0.467 7.1639 23.0262 -0.6748 5.0102 24.1729 0.0033 6.0458 24.2162
3 16 1.1408 9.1166 21.8343 0.0357 8.7617 21.213 0.9231 8.2755 22.6795
3 16 0.9231 8.2755 22.6795 0.0357 8.7617 21.213 0.2253 7.7095 22.7234
3 16 0.2253 7.7095 22.7234 0.8123 6.6374 23.786 0.9231 8.2755 22.6795
3 16 0.9231 8.2755 22.6795 0.8123 6.6374 23.786 2.7206 8.2619 23.6796
3 16 5.8983 -3.6383 21.7013 9.8524 -2.8866 19.6779 6.7522 -2.4361 23.5041
3 16 6.7522 -2.4361 23.5041 9.8524 -2.8866 19.6779 10.6127 -1.659 21.8517
3 16 2.1437 -1.2462 25.0263 6.7522 -2.4361 23.5041 2.8331 -0.0732 25.1557
3 16 2.8331 -0.0732 25.1557 6.7522 -2.4361 23.5041 6.9651 -1.1992 23.8086
3 16 5.8983 -3.6383 21.7013 6.7522 -2.4361 23.5041 1.552 -2.47 23.3329
3 16 1.552 -2.47 23.3329 6.7522 -2.4361 23.5041 2.1437 -1.2462 25.0263
3 16 5.6542 -4.3061 21.0205 5.8983 -3.6383 21.7013 1.2347 -3.0127 22.8932
3 16 1.2347 -3.0127 22.8932 5.8983 -3.6383 21.7013 1.552 -2.47 23.3329
3 16 0.0529 3.7888 24.8321 0.6654 2.3574 25.0961 3.502 1.2022 26.1047
3 16 3.502 1.2022 26.1047 0.6654 2.3574 25.0961 2.8331 -0.0732 25.1557
3 16 2.3901 3.8361 25.8827 0.0033 6.0458 24.2162 0.0529 3.7888 24.8321
3 16 0.0529 3.7888 24.8321 0.0033 6.0458 24.2162 -0.6748 5.0102 24.1729
3 16 2.3901 3.8361 25.8827 0.0529 3.7888 24.8321 3.502 1.2022 26.1047
3 16 0.6654 2.3574 25.0961 -0.0014 1.8646 25.0372 2.8331 -0.0732 25.1557
3 16 2.8331 -0.0732 25.1557 -0.0014 1.8646 25.0372 2.1437 -1.2462 25.0263
3 16 1.2347 -3.0127 22.8932 1.552 -2.47 23.3329 -0.8888 -0.3814 23.2131
3 16 -0.8888 -0.3814 23.2131 1.552 -2.47 23.3329 -1.1054 1.1986 23.7762
3 16 -2.1105 1.8745 22.7889 -1.5019 -0.216 22.556 -1.1054 1.1986 23.7762
3 16 -1.1054 1.1986 23.7762 -1.5019 -0.216 22.556 -0.8888 -0.3814 23.2131
3 16 1.552 -2.47 23.3329 2.1437 -1.2462 25.0263 -1.1054 1.1986 23.7762
3 16 -1.1054 1.1986 23.7762 2.1437 -1.2462 25.0263 -0.0014 1.8646 25.0372
3 16 -1.1054 1.1986 23.7762 -0.0014 1.8646 25.0372 -2.1105 1.8745 22.7889
3 16 -2.1105 1.8745 22.7889 -0.0014 1.8646 25.0372 -0.6748 5.0102 24.1729
3 16 1.2347 -3.0127 22.8932 3.6323 -4.8172 20.2581 5.6542 -4.3061 21.0205
3 16 5.6542 -4.3061 21.0205 3.6323 -4.8172 20.2581 6.8811 -4.8325 19.7663
3 16 3.6323 -4.8172 20.2581 1.2347 -3.0127 22.8932 0.8679 -3.3558 21.5246
3 16 -0.1774 -4.9252 20.8648 1.8097 -5.7572 20.0696 0.8679 -3.3558 21.5246
3 16 0.8679 -3.3558 21.5246 1.8097 -5.7572 20.0696 3.6323 -4.8172 20.2581
3 16 -0.1774 -4.9252 20.8648 0.8679 -3.3558 21.5246 -2.4715 -1.7689 22.1005
3 16 -2.4715 -1.7689 22.1005 0.8679 -3.3558 21.5246 -1.5019 -0.216 22.556
3 16 -2.4715 -1.7689 22.1005 -1.5019 -0.216 22.556 -2.9495 2.7641 22.6755
3 16 -2.9495 2.7641 22.6755 -1.5019 -0.216 22.556 -2.1105 1.8745 22.7889
3 16 -2.1105 1.8745 22.7889 -2.1367 5.8035 22.3072 -2.9495 2.7641 22.6755
3 16 -3.9519 2.7718 22.4069 -3.8579 -1.3561 21.4434 -2.9495 2.7641 22.6755
3 16 -2.9495 2.7641 22.6755 -3.8579 -1.3561 21.4434 -2.4715 -1.7689 22.1005
3 16 -2.3213 -4.4338 20.1349 1.5421 -6.127 18.8129 -0.1774 -4.9252 20.8648
3 16 -0.1774 -4.9252 20.8648 1.5421 -6.127 18.8129 1.8097 -5.7572 20.0696
3 16 3.5037 17.5037 16.5273 1.3886 18.9775 14.486 0.7761 17.1639 17.2599
3 16 0.7761 17.1639 17.2599 1.3886 18.9775 14.486 -1.9949 18.9685 14.4344
3 16 -1.1865 15.3188 16.8705 -1.9949 18.9685 14.4344 -4.4412 18.7606 13.6233
3 16 -2.5328 10.2339 20.3228 -2.3091 11.0088 18.4201 -5.1567 10.265 18.8519
3 16 -5.1567 10.265 18.8519 -2.3091 11.0088 18.4201 -5.2924 10.5314 18.116
3 16 -2.3091 11.0088 18.4201 -4.9959 10.7408 17.6431 -5.2924 10.5314 18.116
3 16 -2.3091 11.0088 18.4201 -2.5328 10.2339 20.3228 -0.8608 10.5772 18.4416
3 16 -0.8608 10.5772 18.4416 -2.5328 10.2339 20.3228 0.0357 8.7617 21.213
3 16 -3.3566 14.9463 17.5465 -0.8608 10.5772 18.4416 -1.1865 15.3188 16.8705
3 16 -1.1865 15.3188 16.8705 -0.8608 10.5772 18.4416 0.2796 10.2404 18.1336
3 16 -4.4412 18.7606 13.6233 -8.5212 18.127 11.5665 -8.0462 17.6904 13.6342
3 16 -8.0462 17.6904 13.6342 -8.5212 18.127 11.5665 -10.3922 17.149 11.8975
3 16 -4.4412 18.7606 13.6233 -8.0462 17.6904 13.6342 -6.2286 17.2511 15.1629
3 16 -6.2286 17.2511 15.1629 -3.3566 14.9463 17.5465 -4.4412 18.7606 13.6233
3 16 -4.4412 18.7606 13.6233 -3.3566 14.9463 17.5465 -1.1865 15.3188 16.8705
3 16 -0.8608 10.5772 18.4416 -3.3566 14.9463 17.5465 -2.3091 11.0088 18.4201
3 16 -2.3091 11.0088 18.4201 -3.3566 14.9463 17.5465 -4.9959 10.7408 17.6431
3 16 -4.9959 10.7408 17.6431 -3.3566 14.9463 17.5465 -6.3829 12.7373 16.9369
3 16 -3.3566 14.9463 17.5465 -6.2286 17.2511 15.1629 -7.6782 15.3302 15.8968
3 16 -7.6782 15.3302 15.8968 -6.2286 17.2511 15.1629 -8.0462 17.6904 13.6342
3 16 -3.3566 14.9463 17.5465 -7.6782 15.3302 15.8968 -6.3829 12.7373 16.9369
3 16 -5.1567 10.265 18.8519 -5.0655 9.8487 19.6424 -2.5328 10.2339 20.3228
3 16 -2.5328 10.2339 20.3228 -5.0655 9.8487 19.6424 -2.912 9.2448 20.7593
3 16 -7.6782 15.3302 15.8968 -8.3421 15.5224 17.2803 -6.3829 12.7373 16.9369
3 16 -6.3829 12.7373 16.9369 -8.3421 15.5224 17.2803 -5.2924 10.5314 18.116
3 16 0.0357 8.7617 21.213 -2.5328 10.2339 20.3228 -1.6362 8.5354 21.2603
3 16 -1.6362 8.5354 21.2603 -2.5328 10.2339 20.3228 -2.912 9.2448 20.7593
3 16 -7.0733 7.9491 20.3972 -5.6919 7.8266 21.0933 -5.0655 9.8487 19.6424
3 16 -5.0655 9.8487 19.6424 -5.6919 7.8266 21.0933 -2.912 9.2448 20.7593
3 16 -5.6919 7.8266 21.0933 -5.0368 6.6515 21.6081 -2.912 9.2448 20.7593
3 16 -2.912 9.2448 20.7593 -5.0368 6.6515 21.6081 -1.6362 8.5354 21.2603
3 16 -8.3421 15.5224 17.2803 -7.6782 15.3302 15.8968 -9.3412 18.5569 15.861
3 16 -9.3412 18.5569 15.861 -7.6782 15.3302 15.8968 -8.0462 17.6904 13.6342
3 16 -9.3412 18.5569 15.861 -8.0462 17.6904 13.6342 -9.1636 19.5524 13.7677
3 16 -9.3412 18.5569 15.861 -9.1636 19.5524 13.7677 -10.2496 21.419 14.3099
3 16 -10.2496 21.419 14.3099 -9.1636 19.5524 13.7677 -9.8197 21.2588 13.2455
3 16 -9.3412 18.5569 15.861 -10.2496 21.419 14.3099 -11.3858 18.7373 16.2108
3 16 -11.3858 18.7373 16.2108 -10.2496 21.419 14.3099 -11.2823 21.6427 14.2863
3 16 -8.3421 15.5224 17.2803 -9.9612 13.7108 18.2858 -5.2924 10.5314 18.116
3 16 -10.4688 13.4926 18.4051 -9.9612 13.7108 18.2858 -11.3858 18.7373 16.2108
3 16 -11.3858 18.7373 16.2108 -9.9612 13.7108 18.2858 -8.3421 15.5224 17.2803
3 16 -12.2613 5.8994 15.9274 -10.0273 4.6873 16.4781 -12.2974 6.3963 16.8399
3 16 -12.2974 6.3963 16.8399 -10.0273 4.6873 16.4781 -9.8084 5.465 17.3838
3 16 -9.8084 5.465 17.3838 -14.3364 10.0406 16.3545 -12.2974 6.3963 16.8399
3 16 -12.2974 6.3963 16.8399 -14.3364 10.0406 16.3545 -15.2494 8.8774 15.9361
3 16 -15.2494 8.8774 15.9361 -15.3992 8.4904 15.0755 -12.2974 6.3963 16.8399
3 16 -12.2974 6.3963 16.8399 -15.3992 8.4904 15.0755 -12.2613 5.8994 15.9274
3 16 -16.9589 12.1868 14.6008 -15.2494 8.8774 15.9361 -16.0952 12.1735 15.2757
3 16 -16.0952 12.1735 15.2757 -15.2494 8.8774 15.9361 -14.3364 10.0406 16.3545
3 16 -15.3992 8.4904 15.0755 -15.2494 8.8774 15.9361 -17.3241 11.8037 14.1051
3 16 -17.3241 11.8037 14.1051 -15.2494 8.8774 15.9361 -16.9589 12.1868 14.6008
3 16 -11.7727 21.1178 12.1513 -11.9553 21.6385 13.7962 -9.8197 21.2588 13.2455
3 16 -9.8197 21.2588 13.2455 -11.9553 21.6385 13.7962 -11.2823 21.6427 14.2863
3 16 -11.2823 21.6427 14.2863 -11.9553 21.6385 13.7962 -11.3858 18.7373 16.2108
3 16 -11.3858 18.7373 16.2108 -11.9553 21.6385 13.7962 -13.9356 14.2311 16.4594
3 16 -11.3858 18.7373 16.2108 -13.9356 14.2311 16.4594 -10.4688 13.4926 18.4051
3 16 -10.4688 13.4926 18.4051 -13.9356 14.2311 16.4594 -12.7152 12.5417 17.9094
3 16 2.2255 -7.1758 17.3105 -2.9984 -5.734 19.0625 -0.951 -6.8304 16.0135
3 16 -0.951 -6.8304 16.0135 -2.9984 -5.734 19.0625 -1.8151 -6.6076 16.2219
3 16 -0.951 -6.8304 16.0135 2.1045 -7.3254 16.082 2.2255 -7.1758 17.3105
3 16 9.6054 -3.8618 18.6655 5.6542 -4.3061 21.0205 7.5906 -4.7167 19.2352
3 16 7.5906 -4.7167 19.2352 5.6542 -4.3061 21.0205 6.8811 -4.8325 19.7663
3 16 5.8983 -3.6383 21.7013 5.6542 -4.3061 21.0205 9.8524 -2.8866 19.6779
3 16 9.8524 -2.8866 19.6779 5.6542 -4.3061 21.0205 9.6054 -3.8618 18.6655
3 16 2.2255 -7.1758 17.3105 1.5421 -6.127 18.8129 -2.9984 -5.734 19.0625
3 16 -2.9984 -5.734 19.0625 1.5421 -6.127 18.8129 -2.3213 -4.4338 20.1349
3 16 15.9658 12.9301 12.5525 14.6534 9.1576 12.5133 14.1461 12.0307 11.0583
3 16 -7.2274 -1.9506 -11.08 -9.1928 -3.7845 -9.34 -9.5599 -2.5745 -10.1152
3 16 -2.1367 5.8035 22.3072 -4.3602 5.1645 22.452 -3.9519 2.7718 22.4069
3 16 -3.9519 2.7718 22.4069 -4.3602 5.1645 22.452 -6.0349 1.5604 21.9417
3 16 -3.9519 2.7718 22.4069 -6.0349 1.5604 21.9417 -3.8579 -1.3561 21.4434
3 16 -3.8579 -1.3561 21.4434 -6.0349 1.5604 21.9417 -5.5025 -2.5601 20.7677
3 16 -7.3945 -6.6457 13.1691 -5.7531 -8.4953 13.7318 -5.5975 -5.2184 15.3459
3 16 -5.5975 -5.2184 15.3459 -5.7531 -8.4953 13.7318 -4.5224 -5.7416 15.8744
3 16 -2.1619 -9.7754 13.4897 -1.8151 -6.6076 16.2219 -5.7531 -8.4953 13.7318
3 16 -5.7531 -8.4953 13.7318 -1.8151 -6.6076 16.2219 -4.5224 -5.7416 15.8744
3 16 -0.6732 -9.3196 12.8738 -0.951 -6.8304 16.0135 -2.1619 -9.7754 13.4897
3 16 -2.1619 -9.7754 13.4897 -0.951 -6.8304 16.0135 -1.8151 -6.6076 16.2219
3 16 -6.0349 1.5604 21.9417 -4.3602 5.1645 22.452 -7.6274 2.16 20.774
3 16 -7.6274 2.16 20.774 -4.3602 5.1645 22.452 -5.0368 6.6515 21.6081
3 16 -8.2291 7.7757 18.8056 -9.1563 5.6964 18.8855 -7.0733 7.9491 20.3972
3 16 -7.0733 7.9491 20.3972 -9.1563 5.6964 18.8855 -8.7698 3.9367 20.2896
3 16 -5.6919 7.8266 21.0933 -7.0733 7.9491 20.3972 -8.7698 3.9367 20.2896
3 16 -7.6274 2.16 20.774 -5.0368 6.6515 21.6081 -8.7698 3.9367 20.2896
3 16 -8.7698 3.9367 20.2896 -5.0368 6.6515 21.6081 -5.6919 7.8266 21.0933
3 16 -7.6274 2.16 20.774 -7.2474 -1.7889 19.0399 -6.0349 1.5604 21.9417
3 16 -6.0349 1.5604 21.9417 -7.2474 -1.7889 19.0399 -5.5025 -2.5601 20.7677
3 16 -8.7698 3.9367 20.2896 -9.3497 0.6058 18.9769 -7.6274 2.16 20.774
3 16 -7.6274 2.16 20.774 -9.3497 0.6058 18.9769 -7.2474 -1.7889 19.0399
3 16 -7.2474 -1.7889 19.0399 -9.3497 0.6058 18.9769 -8.2814 -2.4572 17.4718
3 16 -10.0634 1.9361 15.5668 -10.1584 2.5232 16.1294 -11.881 2.2332 14.4032
3 16 -11.881 2.2332 14.4032 -10.1584 2.5232 16.1294 -13.202 3.7092 15.0911
3 16 -11.881 2.2332 14.4032 -12.0055 1.6395 14.2227 -10.0634 1.9361 15.5668
3 16 -10.0634 1.9361 15.5668 -12.0055 1.6395 14.2227 -9.957 0.9815 15.2925
3 16 -9.6002 -0.3625 15.4445 -9.957 0.9815 15.2925 -11.6679 -0.1818 14.2166
3 16 -11.6679 -0.1818 14.2166 -9.957 0.9815 15.2925 -11.9533 1.0329 13.9849
3 16 -9.4704 -0.9493 15.3343 -9.6002 -0.3625 15.4445 -11.3408 -0.9122 14.2495
3 16 -11.3408 -0.9122 14.2495 -9.6002 -0.3625 15.4445 -11.6679 -0.1818 14.2166
3 16 -9.0135 -1.8424 15.6263 -9.4704 -0.9493 15.3343 -11.0278 -1.9934 14.5207
3 16 -11.0278 -1.9934 14.5207 -9.4704 -0.9493 15.3343 -11.3408 -0.9122 14.2495
3 16 -7.3051 -3.8766 15.6612 -9.0135 -1.8424 15.6263 -9.6359 -4.6275 14.2883
3 16 -9.6359 -4.6275 14.2883 -9.0135 -1.8424 15.6263 -11.0278 -1.9934 14.5207
3 16 -5.5975 -5.2184 15.3459 -4.5224 -5.7416 15.8744 -7.3051 -3.8766 15.6612
3 16 -7.3051 -3.8766 15.6612 -4.5224 -5.7416 15.8744 -8.2814 -2.4572 17.4718
3 16 -7.3051 -3.8766 15.6612 -8.2814 -2.4572 17.4718 -9.0135 -1.8424 15.6263
3 16 -4.5224 -5.7416 15.8744 -4.5436 -5.1198 16.7493 -8.2814 -2.4572 17.4718
3 16 -8.2814 -2.4572 17.4718 -4.5436 -5.1198 16.7493 -7.2474 -1.7889 19.0399
3 16 -1.8151 -6.6076 16.2219 -4.5436 -5.1198 16.7493 -4.5224 -5.7416 15.8744
3 16 -2.9984 -5.734 19.0625 -5.5025 -2.5601 20.7677 -4.5436 -5.1198 16.7493
3 16 -4.5436 -5.1198 16.7493 -5.5025 -2.5601 20.7677 -7.2474 -1.7889 19.0399
3 16 1.2347 -3.0127 22.8932 -0.8888 -0.3814 23.2131 0.8679 -3.3558 21.5246
3 16 0.8679 -3.3558 21.5246 -0.8888 -0.3814 23.2131 -1.5019 -0.216 22.556
3 16 -3.8579 -1.3561 21.4434 -2.3213 -4.4338 20.1349 -2.4715 -1.7689 22.1005
3 16 -2.4715 -1.7689 22.1005 -2.3213 -4.4338 20.1349 -0.1774 -4.9252 20.8648
3 16 -3.8579 -1.3561 21.4434 -5.5025 -2.5601 20.7677 -2.3213 -4.4338 20.1349
3 16 -2.3213 -4.4338 20.1349 -5.5025 -2.5601 20.7677 -2.9984 -5.734 19.0625
3 16 -10.1584 2.5232 16.1294 -10.0273 4.6873 16.4781 -13.202 3.7092 15.0911
3 16 -13.202 3.7092 15.0911 -10.0273 4.6873 16.4781 -12.2613 5.8994 15.9274
3 16 -9.8084 5.465 17.3838 -10.0273 4.6873 16.4781 -9.1563 5.6964 18.8855
3 16 -9.1563 5.6964 18.8855 -10.0273 4.6873 16.4781 -8.7698 3.9367 20.2896
3 16 -9.3497 0.6058 18.9769 -8.7698 3.9367 20.2896 -10.1584 2.5232 16.1294
3 16 -10.1584 2.5232 16.1294 -8.7698 3.9367 20.2896 -10.0273 4.6873 16.4781
3 16 -9.6002 -0.3625 15.4445 -9.3497 0.6058 18.9769 -9.957 0.9815 15.2925
3 16 -9.3497 0.6058 18.9769 -10.0634 1.9361 15.5668 -9.957 0.9815 15.2925
3 16 -9.3497 0.6058 18.9769 -10.1584 2.5232 16.1294 -10.0634 1.9361 15.5668
3 16 -9.6002 -0.3625 15.4445 -9.4704 -0.9493 15.3343 -8.2814 -2.4572 17.4718
3 16 -8.2814 -2.4572 17.4718 -9.4704 -0.9493 15.3343 -9.0135 -1.8424 15.6263
3 16 -8.2814 -2.4572 17.4718 -9.3497 0.6058 18.9769 -9.6002 -0.3625 15.4445
3 16 -2.1619 -9.7754 13.4897 -5.7531 -8.4953 13.7318 -5.5501 -12.088 6.0777
3 16 -5.5501 -12.088 6.0777 -5.7531 -8.4953 13.7318 -9.2204 -10.8177 6.6415
3 16 -0.6732 -9.3196 12.8738 -2.1619 -9.7754 13.4897 -3.021 -11.4604 5.3059
3 16 -3.021 -11.4604 5.3059 -2.1619 -9.7754 13.4897 -5.5501 -12.088 6.0777
3 16 -10.4853 -8.8179 6.5085 -9.2204 -10.8177 6.6415 -7.3945 -6.6457 13.1691
3 16 -7.3945 -6.6457 13.1691 -9.2204 -10.8177 6.6415 -5.7531 -8.4953 13.7318
3 16 -7.4541 -11.1731 -2.336 -9.9894 -9.7925 -2.2517 -6.8362 -8.6548 -7.0675
3 16 -6.8362 -8.6548 -7.0675 -9.9894 -9.7925 -2.2517 -8.9656 -7.3891 -6.7895
3 16 -7.4541 -11.1731 -2.336 -6.8362 -8.6548 -7.0675 -5.3325 -10.7404 -2.4317
3 16 -5.3325 -10.7404 -2.4317 -6.8362 -8.6548 -7.0675 -5.5785 -8.6163 -7.0161
3 16 -9.9894 -9.7925 -2.2517 -10.8531 -7.9447 -2.239 -8.9656 -7.3891 -6.7895
3 16 -8.9656 -7.3891 -6.7895 -10.8531 -7.9447 -2.239 -9.6474 -6.1059 -6.2672
3 16 -9.9894 -9.7925 -2.2517 -7.4541 -11.1731 -2.336 -9.2204 -10.8177 6.6415
3 16 -9.2204 -10.8177 6.6415 -7.4541 -11.1731 -2.336 -5.5501 -12.088 6.0777
3 16 -7.4541 -11.1731 -2.336 -5.3325 -10.7404 -2.4317 -5.5501 -12.088 6.0777
3 16 -5.5501 -12.088 6.0777 -5.3325 -10.7404 -2.4317 -3.021 -11.4604 5.3059
3 16 -10.8531 -7.9447 -2.239 -9.9894 -9.7925 -2.2517 -10.4853 -8.8179 6.5085
3 16 -10.4853 -8.8179 6.5085 -9.9894 -9.7925 -2.2517 -9.2204 -10.8177 6.6415
3 16 -12.5105 -7.915 -1.8156 -11.1113 -5.9366 -6.1423 -10.8531 -7.9447 -2.239
3 16 -10.8531 -7.9447 -2.239 -11.1113 -5.9366 -6.1423 -9.6474 -6.1059 -6.2672
3 16 -11.921 -8.5835 6.9244 -12.5105 -7.915 -1.8156 -10.4853 -8.8179 6.5085
3 16 -10.4853 -8.8179 6.5085 -12.5105 -7.915 -1.8156 -10.8531 -7.9447 -2.239
3 16 -8.3939 -6.5225 13.8381 -7.3945 -6.6457 13.1691 -6.916 -5.5291 15.0261
3 16 -6.916 -5.5291 15.0261 -7.3945 -6.6457 13.1691 -5.5975 -5.2184 15.3459
3 16 -8.3939 -6.5225 13.8381 -11.921 -8.5835 6.9244 -7.3945 -6.6457 13.1691
3 16 -7.3945 -6.6457 13.1691 -11.921 -8.5835 6.9244 -10.4853 -8.8179 6.5085
3 16 -13.4903 -6.7944 7.2087 -11.921 -8.5835 6.9244 -9.3318 -5.687 14.1389
3 16 -9.3318 -5.687 14.1389 -11.921 -8.5835 6.9244 -8.3939 -6.5225 13.8381
3 16 -9.3318 -5.687 14.1389 -7.5333 -4.8716 15.2109 -9.6359 -4.6275 14.2883
3 16 -9.6359 -4.6275 14.2883 -7.5333 -4.8716 15.2109 -7.3051 -3.8766 15.6612
3 16 -7.5333 -4.8716 15.2109 -6.916 -5.5291 15.0261 -7.3051 -3.8766 15.6612
3 16 -7.3051 -3.8766 15.6612 -6.916 -5.5291 15.0261 -5.5975 -5.2184 15.3459
3 16 -9.3318 -5.687 14.1389 -8.3939 -6.5225 13.8381 -7.5333 -4.8716 15.2109
3 16 -7.5333 -4.8716 15.2109 -8.3939 -6.5225 13.8381 -6.916 -5.5291 15.0261
3 16 -13.4903 -6.7944 7.2087 -9.3318 -5.687 14.1389 -13.8779 -5.3729 7.4623
3 16 -13.8779 -5.3729 7.4623 -9.3318 -5.687 14.1389 -9.6359 -4.6275 14.2883
3 16 -13.9404 -6.2693 -1.6106 -12.4932 -4.8103 -5.8082 -12.5105 -7.915 -1.8156
3 16 -12.5105 -7.915 -1.8156 -12.4932 -4.8103 -5.8082 -11.1113 -5.9366 -6.1423
3 16 -13.4903 -6.7944 7.2087 -13.9404 -6.2693 -1.6106 -11.921 -8.5835 6.9244
3 16 -11.921 -8.5835 6.9244 -13.9404 -6.2693 -1.6106 -12.5105 -7.915 -1.8156
3 16 -14.346 -5.0422 -1.4851 -12.9993 -3.9743 -5.4685 -13.9404 -6.2693 -1.6106
3 16 -13.9404 -6.2693 -1.6106 -12.9993 -3.9743 -5.4685 -12.4932 -4.8103 -5.8082
3 16 -13.9404 -6.2693 -1.6106 -13.4903 -6.7944 7.2087 -14.346 -5.0422 -1.4851
3 16 -14.346 -5.0422 -1.4851 -13.4903 -6.7944 7.2087 -13.8779 -5.3729 7.4623
3 16 -16.4769 -2.1788 -0.932 -15.6887 -1.9031 -3.447 -14.346 -5.0422 -1.4851
3 16 -14.346 -5.0422 -1.4851 -15.6887 -1.9031 -3.447 -12.9993 -3.9743 -5.4685
3 16 -11.0278 -1.9934 14.5207 -11.3408 -0.9122 14.2495 -14.8655 -2.1188 10.5692
3 16 -14.8655 -2.1188 10.5692 -11.3408 -0.9122 14.2495 -14.8356 -0.5067 10.5125
3 16 -11.3408 -0.9122 14.2495 -11.6679 -0.1818 14.2166 -14.8356 -0.5067 10.5125
3 16 -14.8356 -0.5067 10.5125 -11.6679 -0.1818 14.2166 -15.364 0.5281 10.745
3 16 -11.6679 -0.1818 14.2166 -11.9533 1.0329 13.9849 -15.364 0.5281 10.745
3 16 -15.364 0.5281 10.745 -11.9533 1.0329 13.9849 -14.9417 2.3473 10.9844
3 16 -15.0198 3.3649 11.583 -14.9417 2.3473 10.9844 -12.0055 1.6395 14.2227
3 16 -12.0055 1.6395 14.2227 -14.9417 2.3473 10.9844 -11.9533 1.0329 13.9849
3 16 -11.881 2.2332 14.4032 -13.6608 3.2692 13.2673 -12.0055 1.6395 14.2227
3 16 -12.0055 1.6395 14.2227 -13.6608 3.2692 13.2673 -15.0198 3.3649 11.583
3 16 -11.881 2.2332 14.4032 -13.202 3.7092 15.0911 -13.6608 3.2692 13.2673
3 16 -13.6608 3.2692 13.2673 -13.202 3.7092 15.0911 -16.551 7.3666 13.9745
3 16 -9.6359 -4.6275 14.2883 -14.8655 -2.1188 10.5692 -13.8779 -5.3729 7.4623
3 16 -13.8779 -5.3729 7.4623 -14.8655 -2.1188 10.5692 -17.0082 -1.9232 5.3762
3 16 -14.8655 -2.1188 10.5692 -9.6359 -4.6275 14.2883 -11.0278 -1.9934 14.5207
3 16 -16.827 -0.301 5.079 -16.693 -1.1235 -0.1064 -17.0082 -1.9232 5.3762
3 16 -17.0082 -1.9232 5.3762 -16.693 -1.1235 -0.1064 -16.4769 -2.1788 -0.932
3 16 -14.8655 -2.1188 10.5692 -14.8356 -0.5067 10.5125 -17.0082 -1.9232 5.3762
3 16 -17.0082 -1.9232 5.3762 -14.8356 -0.5067 10.5125 -16.827 -0.301 5.079
3 16 -13.8779 -5.3729 7.4623 -17.0082 -1.9232 5.3762 -14.346 -5.0422 -1.4851
3 16 -14.346 -5.0422 -1.4851 -17.0082 -1.9232 5.3762 -16.4769 -2.1788 -0.932
3 16 -16.6277 -0.6304 -0.7773 -16.693 -1.1235 -0.1064 -17.473 1.0586 5.2204
3 16 -17.473 1.0586 5.2204 -16.693 -1.1235 -0.1064 -16.827 -0.301 5.079
3 16 -17.473 1.0586 5.2204 -16.827 -0.301 5.079 -15.364 0.5281 10.745
3 16 -15.364 0.5281 10.745 -16.827 -0.301 5.079 -14.8356 -0.5067 10.5125
3 16 -17.473 1.0586 5.2204 -15.364 0.5281 10.745 -17.2063 2.9562 5.1222
3 16 -17.2063 2.9562 5.1222 -15.364 0.5281 10.745 -14.9417 2.3473 10.9844
3 16 -17.2063 2.9562 5.1222 -16.4312 1.2142 -1.0412 -17.473 1.0586 5.2204
3 16 -17.473 1.0586 5.2204 -16.4312 1.2142 -1.0412 -16.6277 -0.6304 -0.7773
3 16 -16.6277 -0.6304 -0.7773 -15.6887 -1.9031 -3.447 -16.693 -1.1235 -0.1064
3 16 -16.6277 -0.6304 -0.7773 -16.4312 1.2142 -1.0412 -15.6887 -1.9031 -3.447
3 16 -15.6887 -1.9031 -3.447 -16.4312 1.2142 -1.0412 -14.9421 0.0642 -4.4955
3 16 -17.749 5.3733 5.1185 -17.0373 3.5758 -2.099 -17.2063 2.9562 5.1222
3 16 -17.2063 2.9562 5.1222 -17.0373 3.5758 -2.099 -16.4312 1.2142 -1.0412
3 16 -17.749 5.3733 5.1185 -17.2063 2.9562 5.1222 -15.0198 3.3649 11.583
3 16 -15.0198 3.3649 11.583 -17.2063 2.9562 5.1222 -14.9417 2.3473 10.9844
3 16 -15.0198 3.3649 11.583 -13.6608 3.2692 13.2673 -15.0858 6.2826 10.7221
3 16 -13.6608 3.2692 13.2673 -16.551 7.3666 13.9745 -16.5539 6.8895 11.8258
3 16 -15.3992 8.4904 15.0755 -16.551 7.3666 13.9745 -12.2613 5.8994 15.9274
3 16 -12.2613 5.8994 15.9274 -16.551 7.3666 13.9745 -13.202 3.7092 15.0911
3 16 -18.3281 12.5632 12.9233 -16.551 7.3666 13.9745 -17.3241 11.8037 14.1051
3 16 -17.3241 11.8037 14.1051 -16.551 7.3666 13.9745 -15.3992 8.4904 15.0755
3 16 -18.2592 12.6367 10.6125 -16.5539 6.8895 11.8258 -18.3281 12.5632 12.9233
3 16 -18.3281 12.5632 12.9233 -16.5539 6.8895 11.8258 -16.551 7.3666 13.9745
3 16 -15.6172 8.2409 10.1126 -15.0858 6.2826 10.7221 -16.5539 6.8895 11.8258
3 16 -16.5539 6.8895 11.8258 -15.0858 6.2826 10.7221 -13.6608 3.2692 13.2673
3 16 -15.0858 6.2826 10.7221 -15.6172 8.2409 10.1126 -16.5449 8.0487 5.3598
3 16 -16.5449 8.0487 5.3598 -15.6172 8.2409 10.1126 -16.9147 9.4042 5.254
3 16 -15.0198 3.3649 11.583 -15.0858 6.2826 10.7221 -17.749 5.3733 5.1185
3 16 -17.749 5.3733 5.1185 -15.0858 6.2826 10.7221 -16.5449 8.0487 5.3598
3 16 -16.5449 8.0487 5.3598 -16.5014 6.5185 -1.2029 -17.749 5.3733 5.1185
3 16 -17.749 5.3733 5.1185 -16.5014 6.5185 -1.2029 -17.0373 3.5758 -2.099
3 16 -15.0119 13.1496 1.2094 -14.4003 14.1927 0.731 -16.0215 10.7776 -0.523
3 16 -16.0215 10.7776 -0.523 -14.4003 14.1927 0.731 -14.363 8.9209 -5.4863
3 16 -16.9147 9.4042 5.254 -17.0392 9.2679 -0.0591 -16.5449 8.0487 5.3598
3 16 -16.5449 8.0487 5.3598 -17.0392 9.2679 -0.0591 -16.5014 6.5185 -1.2029
3 16 -16.9147 9.4042 5.254 -16.7134 10.8951 5.1198 -17.0392 9.2679 -0.0591
3 16 -15.6172 8.2409 10.1126 -15.7337 10.9118 8.9129 -16.9147 9.4042 5.254
3 16 -16.9147 9.4042 5.254 -15.7337 10.9118 8.9129 -16.7134 10.8951 5.1198
3 16 -16.7134 10.8951 5.1198 -15.7337 10.9118 8.9129 -15.5393 12.3765 4.9069
3 16 -15.5393 12.3765 4.9069 -15.7337 10.9118 8.9129 -14.8009 12.217 8.7062
3 16 -17.0392 9.2679 -0.0591 -16.7134 10.8951 5.1198 -16.0215 10.7776 -0.523
3 16 -16.0215 10.7776 -0.523 -16.7134 10.8951 5.1198 -15.5393 12.3765 4.9069
3 16 -12.1522 15.016 10.7651 -13.8048 15.0367 6.7136 -13.1965 14.0891 10.7329
3 16 -13.1965 14.0891 10.7329 -13.8048 15.0367 6.7136 -14.4822 14.3507 7.0174
3 16 -14.4822 14.3507 7.0174 -13.8048 15.0367 6.7136 -15.0119 13.1496 1.2094
3 16 -13.1965 14.0891 10.7329 -14.4822 14.3507 7.0174 -14.8009 12.217 8.7062
3 16 -14.8009 12.217 8.7062 -14.4822 14.3507 7.0174 -15.5393 12.3765 4.9069
3 16 -16.0215 10.7776 -0.523 -15.5393 12.3765 4.9069 -15.0119 13.1496 1.2094
3 16 -15.0119 13.1496 1.2094 -15.5393 12.3765 4.9069 -14.4822 14.3507 7.0174
3 16 -14.363 8.9209 -5.4863 -14.4003 14.1927 0.731 -12.5298 9.9117 -4.9119
3 16 -12.5298 9.9117 -4.9119 -14.4003 14.1927 0.731 -13.3679 14.1397 0.3065
3 16 -13.3679 14.1397 0.3065 -14.4003 14.1927 0.731 -11.8372 16.4643 5.854
3 16 -11.8372 16.4643 5.854 -14.4003 14.1927 0.731 -12.9265 16.5155 6.4159
3 16 -12.9265 16.5155 6.4159 -14.4003 14.1927 0.731 -13.8048 15.0367 6.7136
3 16 -13.8048 15.0367 6.7136 -14.4003 14.1927 0.731 -15.0119 13.1496 1.2094
3 16 -18.2592 12.6367 10.6125 -15.7337 10.9118 8.9129 -16.5539 6.8895 11.8258
3 16 -16.5539 6.8895 11.8258 -15.7337 10.9118 8.9129 -15.6172 8.2409 10.1126
3 16 -13.9356 14.2311 16.4594 -11.9553 21.6385 13.7962 -14.4717 14.1864 14.7432
3 16 -14.4717 14.1864 14.7432 -11.9553 21.6385 13.7962 -14.396 14.6644 13.2294
3 16 -14.4717 14.1864 14.7432 -15.9793 14.6411 13.882 -16.0952 12.1735 15.2757
3 16 -16.0952 12.1735 15.2757 -15.9793 14.6411 13.882 -16.9589 12.1868 14.6008
3 16 -14.9819 15.1731 10.8029 -15.4071 15.2197 12.2831 -13.8584 14.3752 11.3478
3 16 -13.8584 14.3752 11.3478 -15.4071 15.2197 12.2831 -14.396 14.6644 13.2294
3 16 -14.4717 14.1864 14.7432 -14.396 14.6644 13.2294 -15.9793 14.6411 13.882
3 16 -15.9793 14.6411 13.882 -14.396 14.6644 13.2294 -15.4071 15.2197 12.2831
3 16 -15.9793 14.6411 13.882 -15.4071 15.2197 12.2831 -17.1407 16.317 12.5155
3 16 -17.1407 16.317 12.5155 -15.4071 15.2197 12.2831 -16.6353 16.7886 11.3633
3 16 -16.6353 16.7886 11.3633 -15.4071 15.2197 12.2831 -16.0201 16.4737 10.5123
3 16 -16.0201 16.4737 10.5123 -15.4071 15.2197 12.2831 -14.9819 15.1731 10.8029
3 16 -16.0201 16.4737 10.5123 -16.7029 16.2896 9.786 -16.6353 16.7886 11.3633
3 16 -16.6353 16.7886 11.3633 -16.7029 16.2896 9.786 -17.9664 16.5 10.6821
3 16 -17.1407 16.317 12.5155 -16.6353 16.7886 11.3633 -18.1419 15.9448 12.2764
3 16 -18.1419 15.9448 12.2764 -16.6353 16.7886 11.3633 -17.9664 16.5 10.6821
3 16 -18.1419 15.9448 12.2764 -17.6091 13.9015 13.6174 -17.1407 16.317 12.5155
3 16 -17.1407 16.317 12.5155 -17.6091 13.9015 13.6174 -15.9793 14.6411 13.882
3 16 -15.9793 14.6411 13.882 -17.6091 13.9015 13.6174 -16.9589 12.1868 14.6008
3 16 -17.3241 11.8037 14.1051 -17.6091 13.9015 13.6174 -18.3281 12.5632 12.9233
3 16 -18.3281 12.5632 12.9233 -17.6091 13.9015 13.6174 -18.1419 15.9448 12.2764
3 16 -17.9664 16.5 10.6821 -18.2592 12.6367 10.6125 -18.1419 15.9448 12.2764
3 16 -18.1419 15.9448 12.2764 -18.2592 12.6367 10.6125 -18.3281 12.5632 12.9233
3 16 -17.9664 16.5 10.6821 -16.1087 14.0472 9.2842 -18.2592 12.6367 10.6125
3 16 -18.2592 12.6367 10.6125 -16.1087 14.0472 9.2842 -15.7337 10.9118 8.9129
3 16 -16.1087 14.0472 9.2842 -17.9664 16.5 10.6821 -16.7029 16.2896 9.786
3 16 -16.1087 14.0472 9.2842 -16.7029 16.2896 9.786 -14.9819 15.1731 10.8029
3 16 -14.9819 15.1731 10.8029 -16.7029 16.2896 9.786 -16.0201 16.4737 10.5123
3 16 -15.7337 10.9118 8.9129 -16.1087 14.0472 9.2842 -14.8009 12.217 8.7062
3 16 -16.1087 14.0472 9.2842 -14.9819 15.1731 10.8029 -13.8584 14.3752 11.3478
3 16 -13.8584 14.3752 11.3478 -13.1965 14.0891 10.7329 -16.1087 14.0472 9.2842
3 16 -16.1087 14.0472 9.2842 -13.1965 14.0891 10.7329 -14.8009 12.217 8.7062
3 16 -10.7566 18.8835 12.2828 -10.3922 17.149 11.8975 -13.1965 14.0891 10.7329
3 16 -13.1965 14.0891 10.7329 -10.3922 17.149 11.8975 -12.1522 15.016 10.7651
3 16 -9.1636 19.5524 13.7677 -8.0462 17.6904 13.6342 -10.7566 18.8835 12.2828
3 16 -10.7566 18.8835 12.2828 -8.0462 17.6904 13.6342 -10.3922 17.149 11.8975
3 16 -12.9265 16.5155 6.4159 -10.3922 17.149 11.8975 -8.5212 18.127 11.5665
3 16 -11.8372 16.4643 5.854 -12.9265 16.5155 6.4159 -7.8255 18.0558 10.5805
3 16 -7.8255 18.0558 10.5805 -12.9265 16.5155 6.4159 -8.5212 18.127 11.5665
3 16 -4.4412 18.7606 13.6233 -7.8255 18.0558 10.5805 -8.5212 18.127 11.5665
3 16 -0.4467 18.8911 13.187 -1.9949 18.9685 14.4344 1.3886 18.9775 14.486
3 16 1.3886 18.9775 14.486 2.939 18.8729 14.071 -0.4467 18.8911 13.187
3 16 -0.4467 18.8911 13.187 2.939 18.8729 14.071 7.9303 18.1143 10.665
3 16 2.939 18.8729 14.071 4.3521 18.9103 13.7713 7.9303 18.1143 10.665
3 16 7.9303 18.1143 10.665 4.3521 18.9103 13.7713 8.3927 18.3977 11.9668
3 16 16.2598 16.5486 -2.9354 14.6749 17.0852 -2.6959 14.8934 10.5929 -1.9969
3 16 14.8934 10.5929 -1.9969 14.6749 17.0852 -2.6959 12.987 15.9982 -2.6266
3 16 -17.3241 11.8037 14.1051 -16.9589 12.1868 14.6008 -17.6091 13.9015 13.6174
3 16 -11.9533 1.0329 13.9849 -9.957 0.9815 15.2925 -12.0055 1.6395 14.2227
3 16 -12.5298 9.9117 -4.9119 -9.8703 7.0743 -8.5262 -10.2237 10.7294 -8.2155
3 16 -4.3205 1.9117 -11.3673 -5.3624 2.4058 -11.3116 -5.1532 1.3039 -10.0711
3 16 -5.3624 2.4058 -11.3116 -7.3605 2.6575 -10.1726 -5.1532 1.3039 -10.0711
3 16 -5.1532 1.3039 -10.0711 -7.3605 2.6575 -10.1726 -8.5095 1.3164 -7.7392
3 16 -5.1532 1.3039 -10.0711 -0.3646 1.3442 -11.4686 -4.3205 1.9117 -11.3673
3 16 -4.3205 1.9117 -11.3673 -0.3646 1.3442 -11.4686 -0.7646 2.3143 -12.3616
3 16 -0.7646 2.3143 -12.3616 -0.3646 1.3442 -11.4686 3.2339 4.2649 -12.4977
3 16 -0.3646 1.3442 -11.4686 3.8414 1.3324 -10.8581 3.2339 4.2649 -12.4977
3 16 3.2339 4.2649 -12.4977 3.8414 1.3324 -10.8581 4.5094 3.3899 -11.8972
3 16 5.6485 6.9796 -11.751 3.2339 4.2649 -12.4977 4.5094 3.3899 -11.8972
3 16 -9.3149 4.3402 -9.1044 -9.8703 7.0743 -8.5262 -9.706 4.2408 -8.5258
3 16 -12.2567 1.52 -4.0963 -9.706 4.2408 -8.5258 -12.5298 9.9117 -4.9119
3 16 -12.5298 9.9117 -4.9119 -9.706 4.2408 -8.5258 -9.8703 7.0743 -8.5262
3 16 -13.3679 14.1397 0.3065 -12.7845 -0.9827 0.5977 -12.5298 9.9117 -4.9119
3 16 -12.5298 9.9117 -4.9119 -12.7845 -0.9827 0.5977 -12.2567 1.52 -4.0963
3 16 -11.8372 16.4643 5.854 -10.9838 -2.6268 6.4366 -13.3679 14.1397 0.3065
3 16 -13.3679 14.1397 0.3065 -10.9838 -2.6268 6.4366 -12.7845 -0.9827 0.5977
3 16 -6.2426 -3.4981 10.9843 -7.8255 18.0558 10.5805 -0.0628 -3.6882 12.9286
3 16 -0.0628 -3.6882 12.9286 -7.8255 18.0558 10.5805 -0.4467 18.8911 13.187
3 16 12.7903 -0.7075 0 10.9988 -2.7103 6.316 12.9455 13.7917 2.4673
3 16 12.9455 13.7917 2.4673 10.9988 -2.7103 6.316 11.1727 16.5818 7.2381
3 16 12.987 15.9982 -2.6266 12.1322 15.317 -5.1309 13.124 11.1429 -1.5348
3 16 12.1322 15.317 -5.1309 10.6147 1.0354 -6.4366 13.124 11.1429 -1.5348
3 16 13.124 11.1429 -1.5348 10.6147 1.0354 -6.4366 12.7903 -0.7075 0
3 16 12.1322 15.317 -5.1309 11.2622 15.4785 -6.925 10.6147 1.0354 -6.4366
3 16 11.2622 15.4785 -6.925 9.6896 14.883 -8.9915 10.6147 1.0354 -6.4366
3 16 7.9649 11.0022 -10.4361 10.6147 1.0354 -6.4366 9.6896 14.883 -8.9915
3 16 7.9649 11.0022 -10.4361 5.9648 1.1353 -10.6381 10.6147 1.0354 -6.4366
3 16 -0.4467 18.8911 13.187 7.9303 18.1143 10.665 -0.0628 -3.6882 12.9286
3 16 -0.0628 -3.6882 12.9286 7.9303 18.1143 10.665 6.4366 -3.4997 10.8638
3 16 5.0101 1.1066 -11.2391 5.9648 1.1353 -10.6381 5.6485 6.9796 -11.751
3 16 5.6485 6.9796 -11.751 5.9648 1.1353 -10.6381 7.9649 11.0022 -10.4361
3 16 5.6485 6.9796 -11.751 4.5094 3.3899 -11.8972 5.0101 1.1066 -11.2391
3 16 4.5094 3.3899 -11.8972 3.8414 1.3324 -10.8581 5.0101 1.1066 -11.2391
3 16 5.0101 1.1066 -11.2391 3.8414 1.3324 -10.8581 4.1029 -1.1286 -10.5876
3 16 -9.706 4.2408 -8.5258 -10.238 2.349 -7.8549 -8.5095 1.3164 -7.7392
3 16 -8.5095 1.3164 -7.7392 -10.238 2.349 -7.8549 -9.5507 0.7837 -7.4589
3 16 -10.238 2.349 -7.8549 -12.2567 1.52 -4.0963 -9.5507 0.7837 -7.4589
3 16 7.1578 0 4.1338 4.1317 0 7.16 7.1578 -5.3982 4.1338
3 16 7.1578 -5.3982 4.1338 4.1317 0 7.16 4.1317 -5.958 7.16
3 16 4.1317 0 7.16 -0.0021 0 8.2676 4.1317 -5.958 7.16
3 16 4.1317 -5.958 7.16 -0.0021 0 8.2676 -0.0021 -6.0842 8.2676
3 16 -4.1359 0 7.16 -4.1359 -5.958 7.16 -0.0021 0 8.2676
3 16 -0.0021 0 8.2676 -4.1359 -5.958 7.16 -0.0021 -6.0842 8.2676
3 16 -7.1621 0 4.1338 -7.1621 -5.3982 4.1338 -4.1359 0 7.16
3 16 -4.1359 0 7.16 -7.1621 -5.3982 4.1338 -4.1359 -5.958 7.16
3 16 -8.309 0 0 -8.309 -4.6068 0 -7.1621 0 4.1338
3 16 -7.1621 0 4.1338 -8.309 -4.6068 0 -7.1621 -5.3982 4.1338
3 16 -7.1621 0 -4.1338 -7.1621 -3.158 -4.1338 -8.309 0 0
3 16 -8.309 0 0 -7.1621 -3.158 -4.1338 -8.309 -4.6068 0
3 16 -7.1621 -3.158 -4.1338 -7.1621 0 -4.1338 -4.1359 -3.158 -7.16
3 16 -4.1359 -3.158 -7.16 -7.1621 0 -4.1338 -4.1359 0 -7.16
3 16 -4.1359 -3.158 -7.16 -4.1359 0 -7.16 -0.0021 -3.158 -8.2676
3 16 -0.0021 -3.158 -8.2676 -4.1359 0 -7.16 -0.0021 0 -8.2676
3 16 -0.0021 -3.158 -8.2676 -0.0021 0 -8.2676 4.1317 -3.158 -7.16
3 16 4.1317 -3.158 -7.16 -0.0021 0 -8.2676 4.1317 0 -7.16
3 16 4.1317 -3.158 -7.16 4.1317 0 -7.16 7.1578 -3.158 -4.1338
3 16 7.1578 -3.158 -4.1338 4.1317 0 -7.16 7.1578 0 -4.1338
3 16 7.1578 0 -4.1338 8.2655 0 0 7.1578 -3.158 -4.1338
3 16 7.1578 -3.158 -4.1338 8.2655 0 0 8.2655 -4.6068 0
3 16 8.2655 0 0 7.1578 0 4.1338 8.2655 -4.6068 0
3 16 8.2655 -4.6068 0 7.1578 0 4.1338 7.1578 -5.3982 4.1338
3 16 7.1578 -5.3982 4.1338 4.1317 -5.958 7.16 9.235 -5.7267 5.1929
3 16 9.235 -5.7267 5.1929 4.1317 -5.958 7.16 5.1929 -6.5724 9.2155
3 16 4.1317 -5.958 7.16 -0.0021 -6.0842 8.2676 5.1929 -6.5724 9.2155
3 16 5.1929 -6.5724 9.2155 -0.0021 -6.0842 8.2676 0 -6.8463 10.7259
3 16 -4.1359 -5.958 7.16 -5.1929 -6.5724 9.2155 -0.0021 -6.0842 8.2676
3 16 -0.0021 -6.0842 8.2676 -5.1929 -6.5724 9.2155 0 -6.8463 10.7259
3 16 -7.1621 -5.3982 4.1338 -9.235 -5.7267 5.1929 -4.1359 -5.958 7.16
3 16 -4.1359 -5.958 7.16 -9.235 -5.7267 5.1929 -5.1929 -6.5724 9.2155
3 16 -9.235 -5.7267 5.1929 -7.1621 -5.3982 4.1338 -10.5133 -4.9491 -0.039
3 16 -10.5133 -4.9491 -0.039 -7.1621 -5.3982 4.1338 -8.309 -4.6068 0
3 16 -7.1621 -3.158 -4.1338 -8.9944 -3.0749 -5.1929 -8.309 -4.6068 0
3 16 -8.309 -4.6068 0 -8.9944 -3.0749 -5.1929 -10.5133 -4.9491 -0.039
3 16 -4.1359 -3.158 -7.16 -5.1929 -3.1292 -8.859 -7.1621 -3.158 -4.1338
3 16 -7.1621 -3.158 -4.1338 -5.1929 -3.1292 -8.859 -8.9944 -3.0749 -5.1929
3 16 -4.1359 -3.158 -7.16 -0.0021 -3.158 -8.2676 -5.1929 -3.1292 -8.859
3 16 -5.1929 -3.1292 -8.859 -0.0021 -3.158 -8.2676 0 -3.0821 -10.3491
3 16 4.1317 -3.158 -7.16 7.1578 -3.158 -4.1338 5.1929 -3.1292 -8.859
3 16 5.1929 -3.1292 -8.859 7.1578 -3.158 -4.1338 8.9944 -3.0749 -5.1929
3 16 7.1578 -3.158 -4.1338 8.2655 -4.6068 0 8.9944 -3.0749 -5.1929
3 16 8.9944 -3.0749 -5.1929 8.2655 -4.6068 0 10.3859 -4.9491 0
3 16 8.2655 -4.6068 0 7.1578 -5.3982 4.1338 10.3859 -4.9491 0
3 16 10.3859 -4.9491 0 7.1578 -5.3982 4.1338 9.235 -5.7267 5.1929
3 16 10.9988 -2.7103 6.316 9.235 -5.7267 5.1929 6.4366 -3.4997 10.8638
3 16 6.4366 -3.4997 10.8638 9.235 -5.7267 5.1929 5.1929 -6.5724 9.2155
3 16 0 -6.8463 10.7259 -0.0628 -3.6882 12.9286 5.1929 -6.5724 9.2155
3 16 5.1929 -6.5724 9.2155 -0.0628 -3.6882 12.9286 6.4366 -3.4997 10.8638
3 16 0 -6.8463 10.7259 -5.1929 -6.5724 9.2155 -0.0628 -3.6882 12.9286
3 16 -0.0628 -3.6882 12.9286 -5.1929 -6.5724 9.2155 -6.2426 -3.4981 10.9843
3 16 -5.1929 -6.5724 9.2155 -9.235 -5.7267 5.1929 -6.2426 -3.4981 10.9843
3 16 -6.2426 -3.4981 10.9843 -9.235 -5.7267 5.1929 -10.9838 -2.6268 6.4366
3 16 -9.235 -5.7267 5.1929 -10.5133 -4.9491 -0.039 -10.9838 -2.6268 6.4366
3 16 -10.9838 -2.6268 6.4366 -10.5133 -4.9491 -0.039 -12.7845 -0.9827 0.5977
3 16 -5.1929 -3.1292 -8.859 0 -3.0821 -10.3491 -5.1584 -1.0966 -9.8947
3 16 -5.1584 -1.0966 -9.8947 0 -3.0821 -10.3491 -0.0003 -0.9985 -11.3384
3 16 -0.0003 -0.9985 -11.3384 0 -3.0821 -10.3491 4.1029 -1.1286 -10.5876
3 16 4.1029 -1.1286 -10.5876 0 -3.0821 -10.3491 5.1929 -3.1292 -8.859
3 16 8.9944 -3.0749 -5.1929 10.6147 1.0354 -6.4366 5.1929 -3.1292 -8.859
3 16 5.1929 -3.1292 -8.859 10.6147 1.0354 -6.4366 5.9648 1.1353 -10.6381
3 16 10.3859 -4.9491 0 12.7903 -0.7075 0 8.9944 -3.0749 -5.1929
3 16 8.9944 -3.0749 -5.1929 12.7903 -0.7075 0 10.6147 1.0354 -6.4366
3 16 9.235 -5.7267 5.1929 10.9988 -2.7103 6.316 10.3859 -4.9491 0
3 16 10.3859 -4.9491 0 10.9988 -2.7103 6.316 12.7903 -0.7075 0
3 16 -8.5095 1.3164 -7.7392 -8.243 -1.2172 -7.7324 -5.1532 1.3039 -10.0711
3 16 -5.1532 1.3039 -10.0711 -8.243 -1.2172 -7.7324 -5.1584 -1.0966 -9.8947
3 16 -5.1532 1.3039 -10.0711 -5.1584 -1.0966 -9.8947 -0.3646 1.3442 -11.4686
3 16 -0.3646 1.3442 -11.4686 -5.1584 -1.0966 -9.8947 -0.0003 -0.9985 -11.3384
3 16 -0.3646 1.3442 -11.4686 -0.0003 -0.9985 -11.3384 3.8414 1.3324 -10.8581
3 16 3.8414 1.3324 -10.8581 -0.0003 -0.9985 -11.3384 4.1029 -1.1286 -10.5876
3 16 5.1929 -3.1292 -8.859 5.9648 1.1353 -10.6381 4.1029 -1.1286 -10.5876
3 16 4.1029 -1.1286 -10.5876 5.9648 1.1353 -10.6381 5.0101 1.1066 -11.2391
3 16 -0.0021 -3.158 -8.2676 4.1317 -3.158 -7.16 0 -3.0821 -10.3491
3 16 0 -3.0821 -10.3491 4.1317 -3.158 -7.16 5.1929 -3.1292 -8.859
3 16 -12.2567 1.52 -4.0963 -12.7845 -0.9827 0.5977 -8.9944 -3.0749 -5.1929
3 16 -8.9944 -3.0749 -5.1929 -12.7845 -0.9827 0.5977 -10.5133 -4.9491 -0.039
3 16 -12.2567 1.52 -4.0963 -8.9944 -3.0749 -5.1929 -9.5507 0.7837 -7.4589
3 16 -9.5507 0.7837 -7.4589 -8.9944 -3.0749 -5.1929 -8.243 -1.2172 -7.7324
3 16 -8.5095 1.3164 -7.7392 -9.5507 0.7837 -7.4589 -8.243 -1.2172 -7.7324
3 16 7.6792 -3.8038 -10.3998 10.8577 -1.7256 -9.3271 11.7509 -2.6677 -8.6942
3 16 11.7509 -2.6677 -8.6942 10.8577 -1.7256 -9.3271 13.9806 0.0816 -6.2522
3 16 13.9611 1.0558 -6.8357 10.8577 -1.7256 -9.3271 14.1867 4.7165 -6.1889
3 16 15.9807 9.1674 -1.4359 14.1867 4.7165 -6.1889 14.8934 10.5929 -1.9969
3 16 -13.3001 -0.0318 -7.5671 -14.9421 0.0642 -4.4955 -15.5055 1.8757 -5.012
3 16 -2.9984 -5.734 19.0625 -4.5436 -5.1198 16.7493 -1.8151 -6.6076 16.2219
3 16 -2.9495 2.7641 22.6755 -2.1367 5.8035 22.3072 -3.9519 2.7718 22.4069
3 16 -11.3026 13.9006 -9.5719 -11.9417 14.627 -8.8424 -10.3535 13.6589 -8.0628
3 16 -10.3535 13.6589 -8.0628 -11.9417 14.627 -8.8424 -10.932 14.3971 -7.4113
3 16 -15.27 5.7819 -7.7808 -14.752 11.0157 -7.4838 -14.0113 6.549 -10.4076
3 16 -14.0113 6.549 -10.4076 -14.752 11.0157 -7.4838 -13.556 11.162 -9.7835
3 16 -12.5298 9.9117 -4.9119 -10.2237 10.7294 -8.2155 -11.5732 13.5708 -6.2609
3 16 -11.5732 13.5708 -6.2609 -10.2237 10.7294 -8.2155 -10.3535 13.6589 -8.0628
3 16 -10.932 14.3971 -7.4113 -11.5732 13.5708 -6.2609 -10.3535 13.6589 -8.0628
3 16 -16.693 -1.1235 -0.1064 -15.6887 -1.9031 -3.447 -16.4769 -2.1788 -0.932
3 16 0.0357 8.7617 21.213 -0.467 7.1639 23.0262 0.2253 7.7095 22.7234
3 16 -0.6748 5.0102 24.1729 -0.0014 1.8646 25.0372 0.0529 3.7888 24.8321
3 16 0.0529 3.7888 24.8321 -0.0014 1.8646 25.0372 0.6654 2.3574 25.0961
3 16 -1.6362 8.5354 21.2603 -5.0368 6.6515 21.6081 -4.3602 5.1645 22.452
3 16 0.0357 8.7617 21.213 -1.6362 8.5354 21.2603 -2.1367 5.8035 22.3072
3 16 -2.1367 5.8035 22.3072 -1.6362 8.5354 21.2603 -4.3602 5.1645 22.452
3 16 -6.2426 -3.4981 10.9843 -10.9838 -2.6268 6.4366 -7.8255 18.0558 10.5805
3 16 -7.8255 18.0558 10.5805 -10.9838 -2.6268 6.4366 -11.8372 16.4643 5.854
3 16 -8.9944 -3.0749 -5.1929 -5.1929 -3.1292 -8.859 -8.243 -1.2172 -7.7324
3 16 -8.243 -1.2172 -7.7324 -5.1929 -3.1292 -8.859 -5.1584 -1.0966 -9.8947
3 16 -9.706 4.2408 -8.5258 -12.2567 1.52 -4.0963 -10.238 2.349 -7.8549
3 16 -8.5095 1.3164 -7.7392 -7.3605 2.6575 -10.1726 -9.706 4.2408 -8.5258
3 16 -9.706 4.2408 -8.5258 -7.3605 2.6575 -10.1726 -9.3149 4.3402 -9.1044
3 16 14.8934 10.5929 -1.9969 12.987 15.9982 -2.6266 13.124 11.1429 -1.5348
3 16 -7.0744 0.176 -13.3943 -8.68 -1.8235 -11.5843 -8.9976 1.7241 -13.1181
3 16 12.9455 13.7917 2.4673 11.1727 16.5818 7.2381 14.0351 14.9316 5.032
3 16 14.0351 14.9316 5.032 11.1727 16.5818 7.2381 12.1959 16.854 8.2398
3 16 10.9988 -2.7103 6.316 6.4366 -3.4997 10.8638 11.1727 16.5818 7.2381
3 16 11.1727 16.5818 7.2381 6.4366 -3.4997 10.8638 7.9303 18.1143 10.665
3 16 9.0103 18.2083 11.535 9.4414 16.7063 13.3632 11.9712 16.485 10.9229
3 16 11.9712 16.485 10.9229 9.4414 16.7063 13.3632 11.2598 15.9731 13.2871
3 16 11.9712 16.485 10.9229 12.1959 16.854 8.2398 9.0103 18.2083 11.535
3 16 12.9455 13.7917 2.4673 13.124 11.1429 -1.5348 12.7903 -0.7075 0
3 16 -10.3922 17.149 11.8975 -12.9265 16.5155 6.4159 -12.1522 15.016 10.7651
3 16 -12.1522 15.016 10.7651 -12.9265 16.5155 6.4159 -13.8048 15.0367 6.7136
3 16 -6.3829 12.7373 16.9369 -5.2924 10.5314 18.116 -4.9959 10.7408 17.6431
3 16 -13.8584 14.3752 11.3478 -14.396 14.6644 13.2294 -11.7727 21.1178 12.1513
3 16 -11.7727 21.1178 12.1513 -14.396 14.6644 13.2294 -11.9553 21.6385 13.7962
3 16 -13.1965 14.0891 10.7329 -13.8584 14.3752 11.3478 -10.7566 18.8835 12.2828
3 16 -10.7566 18.8835 12.2828 -13.8584 14.3752 11.3478 -11.7727 21.1178 12.1513
3 16 -11.7727 21.1178 12.1513 -9.8197 21.2588 13.2455 -10.7566 18.8835 12.2828
3 16 -10.7566 18.8835 12.2828 -9.8197 21.2588 13.2455 -9.1636 19.5524 13.7677
3 16 -10.2496 21.419 14.3099 -9.8197 21.2588 13.2455 -11.2823 21.6427 14.2863
3 16 13.9611 1.0558 -6.8357 14.1867 4.7165 -6.1889 16.037 2.9046 -3.8082
3 16 12.0206 -0.6973 16.6249 12.3459 -0.1488 17.4643 11.0521 -2.5721 17.7267
3 16 0.0357 8.7617 21.213 0.3788 9.6995 19.9435 -0.8608 10.5772 18.4416
3 16 -0.8608 10.5772 18.4416 0.3788 9.6995 19.9435 0.2796 10.2404 18.1336
3 16 7.1009 11.1525 20.0889 6.1843 10.0253 22.1595 7.1631 9.6868 22.6562
3 16 -2.1367 5.8035 22.3072 -2.1105 1.8745 22.7889 -0.6748 5.0102 24.1729
3 16 -0.467 7.1639 23.0262 0.0357 8.7617 21.213 -2.1367 5.8035 22.3072
3 16 0.1017 -4.6569 -12.1906 1.0472 -4.2913 -12.4649 4.6359 -6.4975 -9.7017
3 16 4.6359 -6.4975 -9.7017 1.0472 -4.2913 -12.4649 9.3073 -7.4379 -6.9368
3 16 -11.3858 18.7373 16.2108 -8.3421 15.5224 17.2803 -9.3412 18.5569 15.861
3 16 6.2055 12.1622 17.4275 7.1009 11.1525 20.0889 7.2496 11.9187 17.5159
3 16 0.3788 9.6995 19.9435 1.1591 10.8933 18.3637 0.2796 10.2404 18.1336
3 16 3.1428 9.7183 22.5403 3.1513 11.9226 17.9498 2.3975 11.6989 18.4068
3 16 3.1428 9.7183 22.5403 2.3975 11.6989 18.4068 0.3788 9.6995 19.9435
3 16 0.3788 9.6995 19.9435 2.3975 11.6989 18.4068 1.1591 10.8933 18.3637
3 16 5.1542 10.3069 22.0987 6.1843 10.0253 22.1595 7.1009 11.1525 20.0889
3 16 6.2055 12.1622 17.4275 4.2678 12.0514 18.0091 7.1009 11.1525 20.0889
3 16 7.1009 11.1525 20.0889 4.2678 12.0514 18.0091 5.1542 10.3069 22.0987
3 16 -7.8255 18.0558 10.5805 -4.4412 18.7606 13.6233 -0.4467 18.8911 13.187
3 16 -0.4467 18.8911 13.187 -4.4412 18.7606 13.6233 -1.9949 18.9685 14.4344
3 16 12.9455 13.7917 2.4673 14.4789 13.2734 2.9949 13.124 11.1429 -1.5348
3 16 13.124 11.1429 -1.5348 14.4789 13.2734 2.9949 14.8934 10.5929 -1.9969
3 16 -12.7152 12.5417 17.9094 -11.8191 11.4106 18.2211 -10.4688 13.4926 18.4051
3 0 -5.0655 9.8487 19.6424 -9.7088 13.1151 20.0485 -7.0733 7.9491 20.3972
3 0 -7.0733 7.9491 20.3972 -9.7088 13.1151 20.0485 -10.794 11.5501 20.5819
3 0 -7.0733 7.9491 20.3972 -10.794 11.5501 20.5819 -8.2291 7.7757 18.8056
3 0 -8.2291 7.7757 18.8056 -10.794 11.5501 20.5819 -11.8191 11.4106 18.2211
3 0 -5.0655 9.8487 19.6424 -5.1567 10.265 18.8519 -9.7088 13.1151 20.0485
3 0 -5.1567 10.265 18.8519 -5.2924 10.5314 18.116 -9.7088 13.1151 20.0485
3 0 -9.7088 13.1151 20.0485 -5.2924 10.5314 18.116 -9.9612 13.7108 18.2858
3 0 -14.0237 13.7293 17.5842 -13.9356 14.2311 16.4594 -15.3184 12.2077 17.9389
3 0 -15.3184 12.2077 17.9389 -13.9356 14.2311 16.4594 -16.0952 12.1735 15.2757
3 0 -16.0952 12.1735 15.2757 -13.9356 14.2311 16.4594 -14.4717 14.1864 14.7432
3 0 -14.0237 13.7293 17.5842 -15.3184 12.2077 17.9389 -12.7152 12.5417 17.9094
3 0 -12.7152 12.5417 17.9094 -15.3184 12.2077 17.9389 -13.7951 10.4057 18.2153
3 0 -12.7152 12.5417 17.9094 -13.7951 10.4057 18.2153 -11.8191 11.4106 18.2211
3 0 -11.8191 11.4106 18.2211 -13.7951 10.4057 18.2153 -8.2291 7.7757 18.8056
3 0 -8.2291 7.7757 18.8056 -13.7951 10.4057 18.2153 -9.1563 5.6964 18.8855
3 0 -16.0952 12.1735 15.2757 -14.3364 10.0406 16.3545 -15.3184 12.2077 17.9389
3 0 -15.3184 12.2077 17.9389 -14.3364 10.0406 16.3545 -13.7951 10.4057 18.2153
3 0 -14.3364 10.0406 16.3545 -9.8084 5.465 17.3838 -13.7951 10.4057 18.2153
3 0 -13.7951 10.4057 18.2153 -9.8084 5.465 17.3838 -9.1563 5.6964 18.8855
3 0 -11.8191 11.4106 18.2211 -10.794 11.5501 20.5819 -10.4688 13.4926 18.4051
3 0 -10.4688 13.4926 18.4051 -10.794 11.5501 20.5819 -9.7088 13.1151 20.0485
3 0 19.4964 -10.0773 15.4068 18.476 -12.673 15.0376 19.3097 -10.1716 14.2199
3 0 16.406 -9.1493 12.3982 14.9849 -10.4125 12.8571 12.5915 -5.9902 12.9434
3 0 12.5915 -5.9902 12.9434 14.9849 -10.4125 12.8571 11.7648 -7.23 13.3053
3 0 17.2655 -8.5924 13.9734 12.6912 -5.0584 13.4217 17.3973 -8.4033 15.259
3 0 17.3973 -8.4033 15.259 12.6912 -5.0584 13.4217 12.2056 -4.2094 14.887
3 0 17.5531 -8.154 16.8733 12.1924 -3.5512 17.577 16.4064 -9.8139 17.7124
3 0 16.4064 -9.8139 17.7124 12.1924 -3.5512 17.577 10.3535 -4.5164 18.5607
3 0 14.0061 -11.3007 18.547 13.8754 -11.9917 16.9026 16.9512 -13.2301 17.8818
3 0 16.9512 -13.2301 17.8818 13.8754 -11.9917 16.9026 16.207 -13.9365 15.8199
3 0 13.3785 -11.9809 13.9296 12.4171 -11.1704 15.0944 9.4244 -8.7355 14.572
3 0 9.4244 -8.7355 14.572 12.4171 -11.1704 15.0944 9.1249 -8.4846 14.8632
3 0 10.5833 -14.3131 20.8177 12.7015 -13.9172 18.2206 12.217 -13.0468 20.7593
3 0 16.4064 -9.8139 17.7124 10.3535 -4.5164 18.5607 13.4505 -10.7304 18.6066
3 0 13.4505 -10.7304 18.6066 10.3535 -4.5164 18.5607 8.3415 -5.4874 19.1546
3 0 18.476 -12.673 15.0376 16.207 -13.9365 15.8199 15.7683 -13.9422 13.5414
3 0 16.9512 -13.2301 17.8818 18.476 -12.673 15.0376 18.6171 -11.7486 17.4026
3 0 14.3383 -11.0632 13.2967 13.3785 -11.9809 13.9296 11.1565 -7.8259 13.5312
3 0 11.1565 -7.8259 13.5312 13.3785 -11.9809 13.9296 9.4244 -8.7355 14.572
3 0 3.143 -7.0574 20.1833 9.8706 -13.6181 20.7569 4.7547 -5.8932 20.3236
3 0 4.7547 -5.8932 20.3236 9.8706 -13.6181 20.7569 11.45 -12.3115 20.7145
3 0 14.0061 -11.3007 18.547 12.7015 -13.9172 18.2206 13.8754 -11.9917 16.9026
3 0 12.9801 -10.8598 20.1196 7.9248 -5.8639 19.8268 11.45 -12.3115 20.7145
3 0 11.45 -12.3115 20.7145 7.9248 -5.8639 19.8268 4.7547 -5.8932 20.3236
3 0 10.1907 -15.1224 16.32 11.8061 -13.6461 15.5858 12.7015 -13.9172 18.2206
3 0 11.8061 -13.6461 15.5858 13.3986 -11.971 15.1633 12.7015 -13.9172 18.2206
3 0 13.8754 -11.9917 16.9026 13.3986 -11.971 15.1633 16.207 -13.9365 15.8199
3 0 16.207 -13.9365 15.8199 13.3986 -11.971 15.1633 15.7683 -13.9422 13.5414
3 0 18.476 -12.673 15.0376 15.7683 -13.9422 13.5414 16.3728 -13.1619 13.0606
3 0 19.3097 -10.1716 14.2199 18.476 -12.673 15.0376 18.2464 -10.6735 12.1351
3 0 12.4171 -11.1704 15.0944 10.9652 -12.9652 15.5367 9.1249 -8.4846 14.8632
3 0 9.1249 -8.4846 14.8632 10.9652 -12.9652 15.5367 6.228 -9.1295 15.2599
3 0 10.9652 -12.9652 15.5367 9.5572 -14.5116 16.3013 6.228 -9.1295 15.2599
3 0 6.228 -9.1295 15.2599 9.5572 -14.5116 16.3013 3.1639 -8.3469 16.1132
3 0 9.5572 -14.5116 16.3013 9.533 -14.3604 18.5369 3.1639 -8.3469 16.1132
3 0 3.1639 -8.3469 16.1132 9.533 -14.3604 18.5369 2.7589 -7.7003 17.4
3 0 9.7018 -13.9892 19.6469 9.8706 -13.6181 20.7569 2.854 -7.3899 18.9452
3 0 2.854 -7.3899 18.9452 9.8706 -13.6181 20.7569 3.143 -7.0574 20.1833
3 0 13.4505 -10.7304 18.6066 8.3415 -5.4874 19.1546 12.9801 -10.8598 20.1196
3 0 12.9801 -10.8598 20.1196 8.3415 -5.4874 19.1546 7.9248 -5.8639 19.8268
3 0 -9.7088 13.1151 20.0485 -9.9612 13.7108 18.2858 -10.4688 13.4926 18.4051
3 0 -14.0237 13.7293 17.5842 -12.7152 12.5417 17.9094 -13.9356 14.2311 16.4594
3 0 12.6912 -5.0584 13.4217 17.2655 -8.5924 13.9734 12.5915 -5.9902 12.9434
3 0 12.5915 -5.9902 12.9434 17.2655 -8.5924 13.9734 16.406 -9.1493 12.3982
3 0 12.2056 -4.2094 14.887 12.5384 -3.9627 15.7738 17.3973 -8.4033 15.259
3 0 12.217 -13.0468 20.7593 12.7015 -13.9172 18.2206 13.5792 -11.4519 20.1543
3 0 12.1924 -3.5512 17.577 17.5531 -8.154 16.8733 12.5384 -3.9627 15.7738
3 0 12.5384 -3.9627 15.7738 17.5531 -8.154 16.8733 17.3973 -8.4033 15.259
3 0 19.6831 -9.9829 16.5937 18.476 -12.673 15.0376 19.4964 -10.0773 15.4068
3 0 9.533 -14.3604 18.5369 9.7018 -13.9892 19.6469 2.7589 -7.7003 17.4
3 0 2.7589 -7.7003 17.4 9.7018 -13.9892 19.6469 2.854 -7.3899 18.9452
3 0 12.7015 -13.9172 18.2206 10.4171 -14.6897 19.7375 10.251 -15.0663 18.6574
3 0 14.9849 -10.4125 12.8571 14.3383 -11.0632 13.2967 11.7648 -7.23 13.3053
3 0 11.7648 -7.23 13.3053 14.3383 -11.0632 13.2967 11.1565 -7.8259 13.5312
3 0 18.476 -12.673 15.0376 16.3728 -13.1619 13.0606 16.9773 -12.3815 12.5798
3 0 6.228 -9.1295 15.2599 3.1639 -8.3469 16.1132 4.3428 -7.6031 15.1498
3 0 4.3428 -7.6031 15.1498 3.1639 -8.3469 16.1132 2.1045 -7.3254 16.082
3 0 9.1249 -8.4846 14.8632 6.228 -9.1295 15.2599 8.0822 -7.634 14.79
3 0 8.0822 -7.634 14.79 6.228 -9.1295 15.2599 4.3428 -7.6031 15.1498
3 0 9.4244 -8.7355 14.572 9.1249 -8.4846 14.8632 8.0822 -7.634 14.79
3 0 11.1565 -7.8259 13.5312 9.4244 -8.7355 14.572 9.831 -6.4889 13.5937
3 0 9.831 -6.4889 13.5937 9.4244 -8.7355 14.572 8.0822 -7.634 14.79
3 0 11.7648 -7.23 13.3053 11.1565 -7.8259 13.5312 11.0329 -6.5066 13.4072
3 0 11.0329 -6.5066 13.4072 11.1565 -7.8259 13.5312 9.831 -6.4889 13.5937
3 0 11.7648 -7.23 13.3053 11.0329 -6.5066 13.4072 12.5915 -5.9902 12.9434
3 0 12.5915 -5.9902 12.9434 11.0329 -6.5066 13.4072 11.9374 -5.4485 13.0369
3 0 12.5915 -5.9902 12.9434 11.9374 -5.4485 13.0369 12.6912 -5.0584 13.4217
3 0 12.6912 -5.0584 13.4217 11.9374 -5.4485 13.0369 11.6266 -4.2358 13.2933
3 0 11.4204 -3.5725 14.8305 12.2056 -4.2094 14.887 11.6266 -4.2358 13.2933
3 0 11.6266 -4.2358 13.2933 12.2056 -4.2094 14.887 12.6912 -5.0584 13.4217
3 0 11.3513 -2.9798 15.3707 12.5384 -3.9627 15.7738 11.4204 -3.5725 14.8305
3 0 11.4204 -3.5725 14.8305 12.5384 -3.9627 15.7738 12.2056 -4.2094 14.887
3 0 11.0521 -2.5721 17.7267 12.1924 -3.5512 17.577 11.0195 -2.8459 16.0999
3 0 11.0195 -2.8459 16.0999 12.1924 -3.5512 17.577 12.5384 -3.9627 15.7738
3 0 12.1924 -3.5512 17.577 11.0521 -2.5721 17.7267 10.3535 -4.5164 18.5607
3 0 10.3535 -4.5164 18.5607 11.0521 -2.5721 17.7267 9.6054 -3.8618 18.6655
3 0 10.3535 -4.5164 18.5607 9.6054 -3.8618 18.6655 8.3415 -5.4874 19.1546
3 0 8.3415 -5.4874 19.1546 9.6054 -3.8618 18.6655 7.5906 -4.7167 19.2352
3 0 8.3415 -5.4874 19.1546 7.5906 -4.7167 19.2352 7.9248 -5.8639 19.8268
3 0 7.9248 -5.8639 19.8268 7.5906 -4.7167 19.2352 6.8811 -4.8325 19.7663
3 0 7.9248 -5.8639 19.8268 6.8811 -4.8325 19.7663 4.7547 -5.8932 20.3236
3 0 4.7547 -5.8932 20.3236 6.8811 -4.8325 19.7663 3.6323 -4.8172 20.2581
3 0 4.7547 -5.8932 20.3236 3.6323 -4.8172 20.2581 3.143 -7.0574 20.1833
3 0 3.143 -7.0574 20.1833 3.6323 -4.8172 20.2581 1.8097 -5.7572 20.0696
3 0 1.5421 -6.127 18.8129 2.854 -7.3899 18.9452 1.8097 -5.7572 20.0696
3 0 1.8097 -5.7572 20.0696 2.854 -7.3899 18.9452 3.143 -7.0574 20.1833
3 0 2.7589 -7.7003 17.4 2.854 -7.3899 18.9452 2.2255 -7.1758 17.3105
3 0 2.2255 -7.1758 17.3105 2.854 -7.3899 18.9452 1.5421 -6.127 18.8129
3 0 3.1639 -8.3469 16.1132 2.7589 -7.7003 17.4 2.1045 -7.3254 16.082
3 0 2.1045 -7.3254 16.082 2.7589 -7.7003 17.4 2.2255 -7.1758 17.3105
3 0 12.217 -13.0468 20.7593 11.45 -12.3115 20.7145 10.5833 -14.3131 20.8177
3 0 10.5833 -14.3131 20.8177 11.45 -12.3115 20.7145 9.8706 -13.6181 20.7569
3 0 12.217 -13.0468 20.7593 13.5792 -11.4519 20.1543 11.45 -12.3115 20.7145
3 0 11.45 -12.3115 20.7145 13.5792 -11.4519 20.1543 12.9801 -10.8598 20.1196
3 0 14.0061 -11.3007 18.547 13.4505 -10.7304 18.6066 13.5792 -11.4519 20.1543
3 0 13.5792 -11.4519 20.1543 13.4505 -10.7304 18.6066 12.9801 -10.8598 20.1196
3 0 14.0061 -11.3007 18.547 16.9512 -13.2301 17.8818 16.4064 -9.8139 17.7124
3 0 16.4064 -9.8139 17.7124 16.9512 -13.2301 17.8818 18.6171 -11.7486 17.4026
3 0 17.5531 -8.154 16.8733 16.4064 -9.8139 17.7124 19.6831 -9.9829 16.5937
3 0 19.6831 -9.9829 16.5937 16.4064 -9.8139 17.7124 18.6171 -11.7486 17.4026
3 0 17.5531 -8.154 16.8733 19.6831 -9.9829 16.5937 17.3973 -8.4033 15.259
3 0 17.3973 -8.4033 15.259 19.6831 -9.9829 16.5937 19.4964 -10.0773 15.4068
3 0 17.2655 -8.5924 13.9734 17.3973 -8.4033 15.259 19.3097 -10.1716 14.2199
3 0 19.3097 -10.1716 14.2199 17.3973 -8.4033 15.259 19.4964 -10.0773 15.4068
3 0 16.406 -9.1493 12.3982 17.2655 -8.5924 13.9734 18.2464 -10.6735 12.1351
3 0 18.2464 -10.6735 12.1351 17.2655 -8.5924 13.9734 19.3097 -10.1716 14.2199
3 0 14.9849 -10.4125 12.8571 16.406 -9.1493 12.3982 16.9773 -12.3815 12.5798
3 0 16.9773 -12.3815 12.5798 16.406 -9.1493 12.3982 18.2464 -10.6735 12.1351
3 0 14.9849 -10.4125 12.8571 16.9773 -12.3815 12.5798 14.3383 -11.0632 13.2967
3 0 14.3383 -11.0632 13.2967 16.9773 -12.3815 12.5798 16.3728 -13.1619 13.0606
3 0 13.3785 -11.9809 13.9296 14.3383 -11.0632 13.2967 15.7683 -13.9422 13.5414
3 0 15.7683 -13.9422 13.5414 14.3383 -11.0632 13.2967 16.3728 -13.1619 13.0606
3 0 12.4171 -11.1704 15.0944 13.3785 -11.9809 13.9296 13.3986 -11.971 15.1633
3 0 13.3986 -11.971 15.1633 13.3785 -11.9809 13.9296 15.7683 -13.9422 13.5414
3 0 10.9652 -12.9652 15.5367 12.4171 -11.1704 15.0944 11.8061 -13.6461 15.5858
3 0 11.8061 -13.6461 15.5858 12.4171 -11.1704 15.0944 13.3986 -11.971 15.1633
3 0 9.5572 -14.5116 16.3013 10.9652 -12.9652 15.5367 10.1907 -15.1224 16.32
3 0 10.1907 -15.1224 16.32 10.9652 -12.9652 15.5367 11.8061 -13.6461 15.5858
3 0 10.251 -15.0663 18.6574 9.533 -14.3604 18.5369 10.1907 -15.1224 16.32
3 0 10.1907 -15.1224 16.32 9.533 -14.3604 18.5369 9.5572 -14.5116 16.3013
3 0 9.7018 -13.9892 19.6469 9.533 -14.3604 18.5369 10.4171 -14.6897 19.7375
3 0 10.4171 -14.6897 19.7375 9.533 -14.3604 18.5369 10.251 -15.0663 18.6574
3 0 9.8706 -13.6181 20.7569 9.7018 -13.9892 19.6469 10.5833 -14.3131 20.8177
3 0 10.5833 -14.3131 20.8177 9.7018 -13.9892 19.6469 10.4171 -14.6897 19.7375
3 0 14.0061 -11.3007 18.547 16.4064 -9.8139 17.7124 13.4505 -10.7304 18.6066
3 0 19.6831 -9.9829 16.5937 18.6171 -11.7486 17.4026 18.476 -12.673 15.0376
3 0 18.476 -12.673 15.0376 16.9512 -13.2301 17.8818 16.207 -13.9365 15.8199
3 0 18.476 -12.673 15.0376 16.9773 -12.3815 12.5798 18.2464 -10.6735 12.1351
3 0 13.5792 -11.4519 20.1543 12.7015 -13.9172 18.2206 14.0061 -11.3007 18.547
3 0 10.1907 -15.1224 16.32 12.7015 -13.9172 18.2206 10.251 -15.0663 18.6574
3 0 12.7015 -13.9172 18.2206 13.3986 -11.971 15.1633 13.8754 -11.9917 16.9026
3 0 10.5833 -14.3131 20.8177 10.4171 -14.6897 19.7375 12.7015 -13.9172 18.2206
3 0 11.0195 -2.8459 16.0999 12.5384 -3.9627 15.7738 11.3513 -2.9798 15.3707
2 24 3.1355 0 5.4308 5.4308 0 3.1355
2 24 3.125 -8.3927 5.4127 5.4127 -8.3927 3.125
2 24 3.1355 0 5.4308 0 0 6.2709
2 24 3.125 -8.3927 5.4127 0 -8.3927 6.2709
2 24 0 -8.3927 6.2709 -3.125 -8.3927 5.4127
2 24 0 0 6.2709 -3.1355 0 5.4308
2 24 -3.125 -8.3927 5.4127 -5.4127 -8.3927 3.125
2 24 -3.1355 0 5.4308 -5.4308 0 3.1355
2 24 -5.4127 -8.3927 3.125 -6.25 -8.3927 0
2 24 -5.4308 0 3.1355 -6.25 0 0
2 24 -6.25 -8.3927 0 -5.4127 -8.3927 -3.125
2 24 -6.25 0 0 -5.4308 0 -3.1355
2 24 -5.4127 -8.3927 -3.125 -3.125 -8.3927 -5.4127
2 24 -5.4308 0 -3.1355 -3.1355 0 -5.4308
2 24 -3.125 -8.3927 -5.4127 0 -8.3927 -6.25
2 24 -3.1355 0 -5.4308 0 0 -6.2709
2 24 0 0 -6.2709 3.1355 0 -5.4308
2 24 0 -8.3927 -6.25 3.125 -8.3927 -5.4127
2 24 3.1355 0 -5.4308 5.4308 0 -3.1355
2 24 3.125 -8.3927 -5.4127 5.4127 -8.3927 -3.125
2 24 5.4308 0 -3.1355 6.2709 0 0
2 24 5.4127 -8.3927 -3.125 6.25 -8.3927 0
2 24 5.4308 0 3.1355 6.2709 0 0
2 24 5.4127 -8.3927 3.125 6.25 -8.3927 0
2 24 3.125 -8.3927 5.4127 5.4127 -8.3927 3.125
2 24 3.125 -8.3927 5.4127 0 -8.3927 6.2709
2 24 0 -8.3927 6.2709 -3.125 -8.3927 5.4127
2 24 -3.125 -8.3927 5.4127 -5.4127 -8.3927 3.125
2 24 -5.4127 -8.3927 3.125 -6.25 -8.3927 0
2 24 -6.25 -8.3927 0 -5.4127 -8.3927 -3.125
2 24 -5.4127 -8.3927 -3.125 -3.125 -8.3927 -5.4127
2 24 -3.125 -8.3927 -5.4127 0 -8.3927 -6.25
2 24 0 -8.3927 -6.25 3.125 -8.3927 -5.4127
2 24 3.125 -8.3927 -5.4127 5.4127 -8.3927 -3.125
2 24 5.4127 -8.3927 -3.125 6.25 -8.3927 0
2 24 5.4127 -8.3927 3.125 6.25 -8.3927 0
2 24 4.1317 0 7.16 7.1578 0 4.1338
2 24 3.1355 0 5.4308 5.4308 0 3.1355
2 24 4.1317 0 7.16 -0.0021 0 8.2676
2 24 3.1355 0 5.4308 0 0 6.2709
2 24 -0.0021 0 8.2676 -4.1359 0 7.16
2 24 0 0 6.2709 -3.1355 0 5.4308
2 24 -4.1359 0 7.16 -7.1621 0 4.1338
2 24 -3.1355 0 5.4308 -5.4308 0 3.1355
2 24 -7.1621 0 4.1338 -8.309 0 0
2 24 -5.4308 0 3.1355 -6.25 0 0
2 24 -6.25 0 0 -5.4308 0 -3.1355
2 24 -8.309 0 0 -7.1621 0 -4.1338
2 24 -7.1621 0 -4.1338 -4.1359 0 -7.16
2 24 -5.4308 0 -3.1355 -3.1355 0 -5.4308
2 24 -4.1359 0 -7.16 -0.0021 0 -8.2676
2 24 -3.1355 0 -5.4308 0 0 -6.2709
2 24 -0.0021 0 -8.2676 4.1317 0 -7.16
2 24 0 0 -6.2709 3.1355 0 -5.4308
2 24 4.1317 0 -7.16 7.1578 0 -4.1338
2 24 3.1355 0 -5.4308 5.4308 0 -3.1355
2 24 7.1578 0 -4.1338 8.2655 0 0
2 24 5.4308 0 -3.1355 6.2709 0 0
2 24 7.1578 0 4.1338 8.2655 0 0
2 24 5.4308 0 3.1355 6.2709 0 0
2 24 10.9151 9.4787 -11.228 11.6692 13.3525 -9.3544
2 24 9.1327 10.6596 -12.2269 10.8861 14.9294 -9.3753
2 24 9.1327 10.6596 -12.2269 7.1996 6.5055 -14.079
2 24 10.9151 9.4787 -11.228 9.3858 4.4913 -12.6577
2 24 9.3858 4.4913 -12.6577 5.3031 -1.1019 -13.6712
2 24 7.1996 6.5055 -14.079 3.2686 2.5858 -15.3502
2 24 5.3031 -1.1019 -13.6712 0.7025 -3.6887 -13.569
2 24 3.2686 2.5858 -15.3502 -1.9007 0.4051 -15.0886
2 24 -7.2274 -1.9506 -11.08 -5.5506 0.6868 -13.6176
2 24 -7.2274 -1.9506 -11.08 -4.8453 -2.914 -12.791
2 24 -1.9007 0.4051 -15.0886 -5.5506 0.6868 -13.6176
2 24 -4.8453 -2.914 -12.791 -2.489 -3.8565 -13.2273
2 24 -5.5506 0.6868 -13.6176 -4.3205 1.9117 -11.3673
2 24 -5.5506 0.6868 -13.6176 -1.9007 0.4051 -15.0886
2 24 -4.3205 1.9117 -11.3673 -0.7646 2.3143 -12.3616
2 24 -1.9007 0.4051 -15.0886 3.2686 2.5858 -15.3502
2 24 -0.7646 2.3143 -12.3616 3.2339 4.2649 -12.4977
2 24 3.2339 4.2649 -12.4977 5.6485 6.9796 -11.751
2 24 3.2686 2.5858 -15.3502 7.1996 6.5055 -14.079
2 24 5.6485 6.9796 -11.751 7.9649 11.0022 -10.4361
2 24 7.1996 6.5055 -14.079 9.1327 10.6596 -12.2269
2 24 9.6896 14.883 -8.9915 10.8861 14.9294 -9.3753
2 24 7.9649 11.0022 -10.4361 9.6896 14.883 -8.9915
2 24 9.1327 10.6596 -12.2269 10.8861 14.9294 -9.3753
2 24 -5.5506 0.6868 -13.6176 -7.2274 -1.9506 -11.08
2 24 -5.5506 0.6868 -13.6176 -7.0744 0.176 -13.3943
2 24 -7.0744 0.176 -13.3943 -8.68 -1.8235 -11.5843
2 24 10.8861 14.9294 -9.3753 12.166 15.4219 -7.5698
2 24 11.6692 13.3525 -9.3544 10.9151 9.4787 -11.228
2 24 12.166 15.4219 -7.5698 11.286 9.0156 -10.1893
2 24 10.9151 9.4787 -11.228 9.3858 4.4913 -12.6577
2 24 11.286 9.0156 -10.1893 9.6237 3.8836 -11.8384
2 24 9.6237 3.8836 -11.8384 5.2222 -1.8463 -12.8725
2 24 9.3858 4.4913 -12.6577 5.3031 -1.1019 -13.6712
2 24 5.2222 -1.8463 -12.8725 1.0472 -4.2913 -12.4649
2 24 5.3031 -1.1019 -13.6712 0.7025 -3.6887 -13.569
2 24 -7.2274 -1.9506 -11.08 -4.8453 -2.914 -12.791
2 24 -7.2274 -1.9506 -11.08 -4.7153 -3.7018 -11.9275
2 24 14.3123 16.6907 -6.2019 14.6749 17.0852 -2.6959
2 24 14.3123 16.6907 -6.2019 16.3389 16.8191 -4.7545
2 24 14.6749 17.0852 -2.6959 16.2598 16.5486 -2.9354
2 24 16.3389 16.8191 -4.7545 16.2598 16.5486 -2.9354
2 24 14.3123 16.6907 -6.2019 12.166 15.4219 -7.5698
2 24 12.166 15.4219 -7.5698 11.286 9.0156 -10.1893
2 24 14.3123 16.6907 -6.2019 16.3389 16.8191 -4.7545
2 24 14.4989 13.485 -7.4408 16.3389 16.8191 -4.7545
2 24 9.6896 14.883 -8.9915 11.2622 15.4785 -6.925
2 24 9.6896 14.883 -8.9915 10.8861 14.9294 -9.3753
2 24 10.8861 14.9294 -9.3753 12.166 15.4219 -7.5698
2 24 11.2622 15.4785 -6.925 12.1322 15.317 -5.1309
2 24 12.166 15.4219 -7.5698 14.3123 16.6907 -6.2019
2 24 12.1322 15.317 -5.1309 12.987 15.9982 -2.6266
2 24 12.987 15.9982 -2.6266 14.6749 17.0852 -2.6959
2 24 14.3123 16.6907 -6.2019 14.6749 17.0852 -2.6959
2 24 16.3389 16.8191 -4.7545 16.2598 16.5486 -2.9354
2 24 16.3389 16.8191 -4.7545 14.4989 13.485 -7.4408
2 24 16.2598 16.5486 -2.9354 14.8934 10.5929 -1.9969
2 24 14.4989 13.485 -7.4408 13.2957 7.7046 -9.6506
2 24 14.4989 13.485 -7.4408 13.2957 7.7046 -9.6506
2 24 14.8934 10.5929 -1.9969 14.1867 4.7165 -6.1889
2 24 11.286 9.0156 -10.1893 9.6237 3.8836 -11.8384
2 24 13.2957 7.7046 -9.6506 11.3909 2.2955 -11.6311
2 24 13.2957 7.7046 -9.6506 11.3909 2.2955 -11.6311
2 24 14.1867 4.7165 -6.1889 10.8577 -1.7256 -9.3271
2 24 11.3909 2.2955 -11.6311 6.1819 -2.8082 -12.4119
2 24 10.8577 -1.7256 -9.3271 7.6792 -3.8038 -10.3998
2 24 11.3909 2.2955 -11.6311 6.1819 -2.8082 -12.4119
2 24 9.6237 3.8836 -11.8384 5.2222 -1.8463 -12.8725
2 24 5.2222 -1.8463 -12.8725 1.0472 -4.2913 -12.4649
2 24 6.1819 -2.8082 -12.4119 1.0472 -4.2913 -12.4649
2 24 -1.5943 -4.4892 -12.5887 0.1017 -4.6569 -12.1906
2 24 1.0472 -4.2913 -12.4649 0.1017 -4.6569 -12.1906
2 24 0.7025 -3.6887 -13.569 -2.489 -3.8565 -13.2273
2 24 0.7025 -3.6887 -13.569 -2.489 -3.8565 -13.2273
2 24 14.1867 4.7165 -6.1889 15.9807 9.1674 -1.4359
2 24 14.1867 4.7165 -6.1889 16.1528 7.3979 -0.9844
2 24 7.6792 -3.8038 -10.3998 3.8599 -4.7195 -11.5901
2 24 6.1819 -2.8082 -12.4119 1.0472 -4.2913 -12.4649
2 24 3.8599 -4.7195 -11.5901 7.6792 -3.8038 -10.3998
2 24 3.8599 -4.7195 -11.5901 10.4962 -4.8458 -7.7279
2 24 7.6792 -3.8038 -10.3998 11.1887 -3.9185 -8.4809
2 24 11.1887 -3.9185 -8.4809 15.4423 -3.6569 -1.5622
2 24 10.4962 -4.8458 -7.7279 14.0218 -4.9339 -1.0883
2 24 15.4423 -3.6569 -1.5622 15.5302 -3.8139 3.9
2 24 14.0218 -4.9339 -1.0883 14.2322 -4.9066 4.08
2 24 11.4204 -3.5725 14.8305 11.6266 -4.2358 13.2933
2 24 11.4204 -3.5725 14.8305 14.2909 -3.5933 9.7575
2 24 11.6266 -4.2358 13.2933 13.2128 -4.477 9.5328
2 24 7.6792 -3.8038 -10.3998 11.7509 -2.6677 -8.6942
2 24 7.6792 -3.8038 -10.3998 11.1887 -3.9185 -8.4809
2 24 11.7509 -2.6677 -8.6942 16.3187 -0.3748 -2.0559
2 24 13.9806 0.0816 -6.2522 15.6498 1.5908 -2.7656
2 24 11.7509 -2.6677 -8.6942 16.3187 -0.3748 -2.0559
2 24 11.1887 -3.9185 -8.4809 15.4423 -3.6569 -1.5622
2 24 10.8577 -1.7256 -9.3271 13.9611 1.0558 -6.8357
2 24 13.9806 0.0816 -6.2522 10.8577 -1.7256 -9.3271
2 24 13.9611 1.0558 -6.8357 16.037 2.9046 -3.8082
2 24 13.9806 0.0816 -6.2522 15.6498 1.5908 -2.7656
2 24 14.1867 4.7165 -6.1889 16.1528 7.3979 -0.9844
2 24 16.037 2.9046 -3.8082 17.518 4.5614 1.4904
2 24 16.037 2.9046 -3.8082 17.518 4.5614 1.4904
2 24 15.6498 1.5908 -2.7656 16.4881 2.1196 3.8285
2 24 15.6498 1.5908 -2.7656 16.4881 2.1196 3.8285
2 24 16.3187 -0.3748 -2.0559 16.7726 -0.0243 5.8868
2 24 16.3187 -0.3748 -2.0559 16.7726 -0.0243 5.8868
2 24 15.4423 -3.6569 -1.5622 15.5302 -3.8139 3.9
2 24 4.6359 -6.4975 -9.7017 9.3073 -7.4379 -6.9368
2 24 4.6359 -6.4975 -9.7017 8.2819 -7.7047 -6.4242
2 24 4.6359 -6.4975 -9.7017 0.1017 -4.6569 -12.1906
2 24 2.7699 -8.1202 -9.5342 -1.5943 -4.4892 -12.5887
2 24 0.1017 -4.6569 -12.1906 -1.5943 -4.4892 -12.5887
2 24 3.8599 -4.7195 -11.5901 10.2034 -6.1373 -7.8386
2 24 1.0472 -4.2913 -12.4649 9.3073 -7.4379 -6.9368
2 24 10.2034 -6.1373 -7.8386 3.8599 -4.7195 -11.5901
2 24 10.4962 -4.8458 -7.7279 3.8599 -4.7195 -11.5901
2 24 10.2034 -6.1373 -7.8386 14.1474 -6.5805 -1.2372
2 24 10.4962 -4.8458 -7.7279 14.0218 -4.9339 -1.0883
2 24 14.0218 -4.9339 -1.0883 14.2322 -4.9066 4.08
2 24 14.1474 -6.5805 -1.2372 14.365 -6.6941 4.1415
2 24 -2.4871 -4.6751 -12.1755 -1.5943 -4.4892 -12.5887
2 24 -2.4871 -4.6751 -12.1755 0.4638 -8.476 -8.2382
2 24 -1.5943 -4.4892 -12.5887 2.7699 -8.1202 -9.5342
2 24 -3.3954 -4.1574 -12.4208 -2.4871 -4.6751 -12.1755
2 24 -3.3954 -4.1574 -12.4208 -2.0204 -9.6001 -8.5679
2 24 -2.4871 -4.6751 -12.1755 0.4638 -8.476 -8.2382
2 24 -3.3954 -4.1574 -12.4208 -2.0204 -9.6001 -8.5679
2 24 -3.3954 -4.1574 -12.4208 -4.7153 -3.7018 -11.9275
2 24 -4.7153 -3.7018 -11.9275 -5.5785 -8.6163 -7.0161
2 24 -6.8362 -8.6548 -7.0675 -5.6 -4.2184 -11.3704
2 24 -5.5785 -8.6163 -7.0161 -4.7153 -3.7018 -11.9275
2 24 -4.7153 -3.7018 -11.9275 -3.3954 -4.1574 -12.4208
2 24 -4.8453 -2.914 -12.791 -2.489 -3.8565 -13.2273
2 24 -8.9656 -7.3891 -6.7895 -6.8841 -3.2905 -11.1188
2 24 -7.2274 -1.9506 -11.08 -9.6474 -6.1059 -6.2672
2 24 -7.2274 -1.9506 -11.08 -4.7153 -3.7018 -11.9275
2 24 -5.6 -4.2184 -11.3704 -6.8362 -8.6548 -7.0675
2 24 -6.8841 -3.2905 -11.1188 -8.9656 -7.3891 -6.7895
2 24 -3.3954 -4.1574 -12.4208 -2.4871 -4.6751 -12.1755
2 24 -1.5943 -4.4892 -12.5887 -2.4871 -4.6751 -12.1755
2 24 -5.3624 2.4058 -11.3116 -4.3205 1.9117 -11.3673
2 24 -5.3624 2.4058 -11.3116 -6.1568 1.6598 -13.3745
2 24 -4.3205 1.9117 -11.3673 -5.5506 0.6868 -13.6176
2 24 -6.1568 1.6598 -13.3745 -5.5506 0.6868 -13.6176
2 24 -8.9976 1.7241 -13.1181 -6.1568 1.6598 -13.3745
2 24 -6.1568 1.6598 -13.3745 -5.5506 0.6868 -13.6176
2 24 -7.0744 0.176 -13.3943 -5.5506 0.6868 -13.6176
2 24 -11.4388 -1.9429 -9.2293 -12.9993 -3.9743 -5.4685
2 24 -10.9289 -3.0333 -8.8323 -12.4932 -4.8103 -5.8082
2 24 -11.1113 -5.9366 -6.1423 -9.1928 -3.7845 -9.34
2 24 -7.2274 -1.9506 -11.08 -9.1928 -3.7845 -9.34
2 24 -7.2274 -1.9506 -11.08 -9.6474 -6.1059 -6.2672
2 24 -9.1928 -3.7845 -9.34 -11.1113 -5.9366 -6.1423
2 24 -10.9289 -3.0333 -8.8323 -12.4932 -4.8103 -5.8082
2 24 -11.4388 -1.9429 -9.2293 -12.9993 -3.9743 -5.4685
2 24 -11.4388 -1.9429 -9.2293 -12.7193 -0.883 -8.3497
2 24 -12.7193 -0.883 -8.3497 -15.6887 -1.9031 -3.447
2 24 -13.3001 -0.0318 -7.5671 -12.7193 -0.883 -8.3497
2 24 -13.3001 -0.0318 -7.5671 -14.9421 0.0642 -4.4955
2 24 -12.7193 -0.883 -8.3497 -15.6887 -1.9031 -3.447
2 24 -13.3001 -0.0318 -7.5671 -15.5055 1.8757 -5.012
2 24 -13.3001 -0.0318 -7.5671 -14.1231 1.8881 -6.9111
2 24 -14.1231 1.8881 -6.9111 -14.9015 4.3642 -5.9354
2 24 -17.0373 3.5758 -2.099 -15.5055 1.8757 -5.012
2 24 -16.4312 1.2142 -1.0412 -14.9421 0.0642 -4.4955
2 24 -14.9015 4.3642 -5.9354 -16.5014 6.5185 -1.2029
2 24 -15.5055 1.8757 -5.012 -17.0373 3.5758 -2.099
2 24 -17.0392 9.2679 -0.0591 -14.9252 5.9171 -5.8816
2 24 -14.9252 5.9171 -5.8816 -14.9015 4.3642 -5.9354
2 24 -16.5014 6.5185 -1.2029 -14.9015 4.3642 -5.9354
2 24 -14.9252 5.9171 -5.8816 -17.0392 9.2679 -0.0591
2 24 -14.9252 5.9171 -5.8816 -14.363 8.9209 -5.4863
2 24 -14.9252 5.9171 -5.8816 -14.363 8.9209 -5.4863
2 24 -15.27 5.7819 -7.7808 -14.752 11.0157 -7.4838
2 24 -9.5599 -2.5745 -10.1152 -11.4388 -1.9429 -9.2293
2 24 -11.4388 -1.9429 -9.2293 -9.5599 -2.5745 -10.1152
2 24 -8.68 -1.8235 -11.5843 -10.8106 -2.0821 -10.4561
2 24 -7.2274 -1.9506 -11.08 -9.5599 -2.5745 -10.1152
2 24 -10.8106 -2.0821 -10.4561 -13.1494 -0.3889 -9.5174
2 24 -11.4388 -1.9429 -9.2293 -12.7193 -0.883 -8.3497
2 24 -12.7193 -0.883 -8.3497 -13.3001 -0.0318 -7.5671
2 24 -13.1494 -0.3889 -9.5174 -14.463 1.9868 -8.7716
2 24 -13.3001 -0.0318 -7.5671 -14.1231 1.8881 -6.9111
2 24 -15.27 5.7819 -7.7808 -14.463 1.9868 -8.7716
2 24 -14.1231 1.8881 -6.9111 -14.9015 4.3642 -5.9354
2 24 -14.9252 5.9171 -5.8816 -14.9015 4.3642 -5.9354
2 24 -5.3624 2.4058 -11.3116 -6.1568 1.6598 -13.3745
2 24 -5.3624 2.4058 -11.3116 -7.3605 2.6575 -10.1726
2 24 -6.1568 1.6598 -13.3745 -8.9976 1.7241 -13.1181
2 24 -9.8703 7.0743 -8.5262 -9.3149 4.3402 -9.1044
2 24 -12.0038 6.9087 -11.8133 -11.3634 3.7676 -12.3881
2 24 -9.8703 7.0743 -8.5262 -10.2237 10.7294 -8.2155
2 24 -12.0038 6.9087 -11.8133 -11.8605 11.3353 -10.6867
2 24 -10.2237 10.7294 -8.2155 -10.3535 13.6589 -8.0628
2 24 -10.3535 13.6589 -8.0628 -11.3026 13.9006 -9.5719
2 24 -11.8605 11.3353 -10.6867 -11.3026 13.9006 -9.5719
2 24 -14.363 8.9209 -5.4863 -12.5298 9.9117 -4.9119
2 24 -14.363 8.9209 -5.4863 -12.5197 13.5582 -6.4519
2 24 -12.5298 9.9117 -4.9119 -11.5732 13.5708 -6.2609
2 24 -12.5197 13.5582 -6.4519 -11.5732 13.5708 -6.2609
2 24 -14.363 8.9209 -5.4863 -12.5197 13.5582 -6.4519
2 24 -12.5197 13.5582 -6.4519 -13.3448 13.7326 -7.8457
2 24 -14.752 11.0157 -7.4838 -13.3448 13.7326 -7.8457
2 24 -11.9417 14.627 -8.8424 -13.3448 13.7326 -7.8457
2 24 -11.9417 14.627 -8.8424 -10.932 14.3971 -7.4113
2 24 -13.3448 13.7326 -7.8457 -12.5197 13.5582 -6.4519
2 24 -10.932 14.3971 -7.4113 -11.5732 13.5708 -6.2609
2 24 -12.5197 13.5582 -6.4519 -11.5732 13.5708 -6.2609
2 24 -14.752 11.0157 -7.4838 -13.3448 13.7326 -7.8457
2 24 -13.3448 13.7326 -7.8457 -11.9417 14.627 -8.8424
2 24 -11.8605 11.3353 -10.6867 -11.3026 13.9006 -9.5719
2 24 -11.9417 14.627 -8.8424 -11.3026 13.9006 -9.5719
2 24 -11.8605 11.3353 -10.6867 -12.0038 6.9087 -11.8133
2 24 -12.0038 6.9087 -11.8133 -11.3634 3.7676 -12.3881
2 24 -7.3605 2.6575 -10.1726 -9.3149 4.3402 -9.1044
2 24 -8.9976 1.7241 -13.1181 -11.3634 3.7676 -12.3881
2 24 -15.27 5.7819 -7.7808 -14.463 1.9868 -8.7716
2 24 -14.463 1.9868 -8.7716 -13.1494 -0.3889 -9.5174
2 24 -8.9976 1.7241 -13.1181 -11.3634 3.7676 -12.3881
2 24 -13.1494 -0.3889 -9.5174 -10.8106 -2.0821 -10.4561
2 24 -10.8106 -2.0821 -10.4561 -8.68 -1.8235 -11.5843
2 24 -2.0204 -9.6001 -8.5679 0.681 -11.9605 -4.2378
2 24 -5.5785 -8.6163 -7.0161 -5.3325 -10.7404 -2.4317
2 24 0.681 -11.9605 -4.2378 3.5819 -12.629 4.2611
2 24 -5.3325 -10.7404 -2.4317 -3.021 -11.4604 5.3059
2 24 3.5819 -12.629 4.2611 3.1382 -10.4727 12.5673
2 24 -3.021 -11.4604 5.3059 -0.6732 -9.3196 12.8738
2 24 3.1382 -10.4727 12.5673 2.1045 -7.3254 16.082
2 24 2.1045 -7.3254 16.082 -0.951 -6.8304 16.0135
2 24 -0.6732 -9.3196 12.8738 -0.951 -6.8304 16.0135
2 24 0.4638 -8.476 -8.2382 3.5936 -10.1405 -4.2566
2 24 -2.0204 -9.6001 -8.5679 0.681 -11.9605 -4.2378
2 24 3.5936 -10.1405 -4.2566 6.4501 -10.4545 3.759
2 24 0.681 -11.9605 -4.2378 3.5819 -12.629 4.2611
2 24 3.5819 -12.629 4.2611 3.1382 -10.4727 12.5673
2 24 6.4501 -10.4545 3.759 5.8186 -9.2939 11.384
2 24 3.1382 -10.4727 12.5673 2.1045 -7.3254 16.082
2 24 2.1045 -7.3254 16.082 4.3428 -7.6031 15.1498
2 24 5.8186 -9.2939 11.384 4.3428 -7.6031 15.1498
2 24 2.7699 -8.1202 -9.5342 6.3628 -9.8849 -5.8495
2 24 0.4638 -8.476 -8.2382 3.5936 -10.1405 -4.2566
2 24 4.6359 -6.4975 -9.7017 8.2819 -7.7047 -6.4242
2 24 2.7699 -8.1202 -9.5342 6.3628 -9.8849 -5.8495
2 24 6.3628 -9.8849 -5.8495 9.6824 -10.4535 2.6282
2 24 8.2819 -7.7047 -6.4242 11.4383 -8.3475 -0.3814
2 24 6.3628 -9.8849 -5.8495 9.6824 -10.4535 2.6282
2 24 3.5936 -10.1405 -4.2566 6.4501 -10.4545 3.759
2 24 10.6216 -7.4669 10.0346 11.4466 -8.1649 4.5721
2 24 9.6824 -10.4535 2.6282 9.2277 -9.3041 10.0977
2 24 10.6216 -7.4669 10.0346 9.831 -6.4889 13.5937
2 24 9.831 -6.4889 13.5937 8.0822 -7.634 14.79
2 24 9.2277 -9.3041 10.0977 8.0822 -7.634 14.79
2 24 4.3428 -7.6031 15.1498 5.8186 -9.2939 11.384
2 24 4.3428 -7.6031 15.1498 8.0822 -7.634 14.79
2 24 8.0822 -7.634 14.79 9.2277 -9.3041 10.0977
2 24 9.6824 -10.4535 2.6282 9.2277 -9.3041 10.0977
2 24 6.4501 -10.4545 3.759 5.8186 -9.2939 11.384
2 24 11.4383 -8.3475 -0.3814 11.4466 -8.1649 4.5721
2 24 10.2034 -6.1373 -7.8386 14.1474 -6.5805 -1.2372
2 24 9.3073 -7.4379 -6.9368 12.5936 -8.3123 -0.7864
2 24 12.5936 -8.3123 -0.7864 12.9797 -8.0754 4.3008
2 24 14.1474 -6.5805 -1.2372 14.365 -6.6941 4.1415
2 24 11.0329 -6.5066 13.4072 12.1397 -7.1784 9.9508
2 24 11.0329 -6.5066 13.4072 11.9374 -5.4485 13.0369
2 24 11.9374 -5.4485 13.0369 13.1704 -6.1348 9.5993
2 24 13.1704 -6.1348 9.5993 11.9374 -5.4485 13.0369
2 24 13.2128 -4.477 9.5328 11.6266 -4.2358 13.2933
2 24 11.9374 -5.4485 13.0369 11.6266 -4.2358 13.2933
2 24 15.5302 -3.8139 3.9 14.2909 -3.5933 9.7575
2 24 14.2322 -4.9066 4.08 13.2128 -4.477 9.5328
2 24 14.365 -6.6941 4.1415 13.1704 -6.1348 9.5993
2 24 14.2322 -4.9066 4.08 13.2128 -4.477 9.5328
2 24 12.9797 -8.0754 4.3008 12.1397 -7.1784 9.9508
2 24 14.365 -6.6941 4.1415 13.1704 -6.1348 9.5993
2 24 9.831 -6.4889 13.5937 10.6216 -7.4669 10.0346
2 24 9.831 -6.4889 13.5937 11.0329 -6.5066 13.4072
2 24 11.0329 -6.5066 13.4072 12.1397 -7.1784 9.9508
2 24 12.1397 -7.1784 9.9508 12.9797 -8.0754 4.3008
2 24 10.6216 -7.4669 10.0346 11.4466 -8.1649 4.5721
2 24 11.4466 -8.1649 4.5721 11.4383 -8.3475 -0.3814
2 24 12.9797 -8.0754 4.3008 12.5936 -8.3123 -0.7864
2 24 9.3073 -7.4379 -6.9368 12.5936 -8.3123 -0.7864
2 24 8.2819 -7.7047 -6.4242 11.4383 -8.3475 -0.3814
2 24 11.4204 -3.5725 14.8305 14.2909 -3.5933 9.7575
2 24 11.4204 -3.5725 14.8305 11.3513 -2.9798 15.3707
2 24 11.3513 -2.9798 15.3707 15.6315 -0.7673 10.1882
2 24 11.3513 -2.9798 15.3707 15.6315 -0.7673 10.1882
2 24 11.3513 -2.9798 15.3707 11.0195 -2.8459 16.0999
2 24 11.0195 -2.8459 16.0999 15.7861 1.2122 9.6438
2 24 15.9807 9.1674 -1.4359 16.3582 10.8942 4.0294
2 24 16.1528 7.3979 -0.9844 16.2892 8.7992 4.4776
2 24 14.4789 13.2734 2.9949 14.8934 10.5929 -1.9969
2 24 16.3582 10.8942 4.0294 15.9807 9.1674 -1.4359
2 24 14.4789 13.2734 2.9949 14.4768 13.2045 7.5642
2 24 16.3582 10.8942 4.0294 15.755 9.9672 9.8537
2 24 14.4768 13.2045 7.5642 14.1461 12.0307 11.0583
2 24 14.4789 13.2734 2.9949 14.0351 14.9316 5.032
2 24 16.1528 7.3979 -0.9844 16.2892 8.7992 4.4776
2 24 17.518 4.5614 1.4904 17.2058 4.1927 7.8432
2 24 16.2892 8.7992 4.4776 16.0439 8.1471 8.7433
2 24 16.3582 10.8942 4.0294 15.755 9.9672 9.8537
2 24 16.2892 8.7992 4.4776 16.0439 8.1471 8.7433
2 24 16.0439 8.1471 8.7433 14.6121 4.3457 13.3137
2 24 17.2058 4.1927 7.8432 15.4306 2.4294 12.3873
2 24 15.755 9.9672 9.8537 14.3246 5.2304 13.8803
2 24 16.0439 8.1471 8.7433 14.6121 4.3457 13.3137
2 24 13.9596 14.2172 10.6225 14.0351 14.9316 5.032
2 24 14.4768 13.2045 7.5642 14.4789 13.2734 2.9949
2 24 14.0351 14.9316 5.032 14.4789 13.2734 2.9949
2 24 13.9596 14.2172 10.6225 14.1461 12.0307 11.0583
2 24 14.4768 13.2045 7.5642 14.1461 12.0307 11.0583
2 24 11.9712 16.485 10.9229 13.9596 14.2172 10.6225
2 24 13.9596 14.2172 10.6225 14.0351 14.9316 5.032
2 24 12.1959 16.854 8.2398 14.0351 14.9316 5.032
2 24 11.1727 16.5818 7.2381 7.9303 18.1143 10.665
2 24 12.1959 16.854 8.2398 9.0103 18.2083 11.535
2 24 9.0103 18.2083 11.535 8.3927 18.3977 11.9668
2 24 11.9712 16.485 10.9229 13.9596 14.2172 10.6225
2 24 11.9712 16.485 10.9229 12.7588 18.6567 11.8535
2 24 13.9596 14.2172 10.6225 14.1461 12.0307 11.0583
2 24 16.3605 17.5086 13.1203 15.9658 12.9301 12.5525
2 24 16.3605 17.5086 13.1203 15.6895 20.2403 13.7843
2 24 14.527 20.3788 12.8514 15.6895 20.2403 13.7843
2 24 14.527 20.3788 12.8514 13.421 20.3586 12.8547
2 24 12.7588 18.6567 11.8535 13.421 20.3586 12.8547
2 24 12.7066 6.3055 15.1084 14.6534 9.1576 12.5133
2 24 12.7066 6.3055 15.1084 15.3791 12.3777 15.0481
2 24 14.6534 9.1576 12.5133 15.9658 12.9301 12.5525
2 24 15.3791 12.3777 15.0481 15.9799 16.907 15.4873
2 24 15.9658 12.9301 12.5525 16.3605 17.5086 13.1203
2 24 15.9799 16.907 15.4873 15.3213 19.6791 15.6846
2 24 16.3605 17.5086 13.1203 15.6895 20.2403 13.7843
2 24 15.3213 19.6791 15.6846 15.6895 20.2403 13.7843
2 24 15.9799 16.907 15.4873 15.3213 19.6791 15.6846
2 24 15.3213 19.6791 15.6846 13.6073 19.8428 15.5262
2 24 12.8822 17.2609 15.5871 13.6073 19.8428 15.5262
2 24 15.9799 16.907 15.4873 15.3791 12.3777 15.0481
2 24 12.8822 17.2609 15.5871 11.9491 14.3695 15.9821
2 24 12.2466 8.4716 15.9271 10.9026 10.0493 16.6282
2 24 11.9491 14.3695 15.9821 9.4312 11.0781 16.904
2 24 10.9026 10.0493 16.6282 9.4312 11.0781 16.904
2 24 15.3791 12.3777 15.0481 12.7066 6.3055 15.1084
2 24 12.7066 6.3055 15.1084 12.1712 7.3773 15.9583
2 24 12.2466 8.4716 15.9271 12.1712 7.3773 15.9583
2 24 12.8822 17.2609 15.5871 13.6073 19.8428 15.5262
2 24 13.6073 19.8428 15.5262 13.421 20.3586 12.8547
2 24 12.7588 18.6567 11.8535 13.421 20.3586 12.8547
2 24 15.6895 20.2403 13.7843 14.527 20.3788 12.8514
2 24 15.3213 19.6791 15.6846 15.6895 20.2403 13.7843
2 24 13.421 20.3586 12.8547 13.6073 19.8428 15.5262
2 24 14.527 20.3788 12.8514 13.421 20.3586 12.8547
2 24 15.3213 19.6791 15.6846 13.6073 19.8428 15.5262
2 24 9.4312 11.0781 16.904 10.6398 14.084 15.2628
2 24 8.4544 11.5596 17.0098 9.4312 11.0781 16.904
2 24 8.4544 11.5596 17.0098 10.6398 14.084 15.2628
2 24 9.4312 11.0781 16.904 11.9491 14.3695 15.9821
2 24 16.7726 -0.0243 5.8868 15.6315 -0.7673 10.1882
2 24 15.5302 -3.8139 3.9 14.2909 -3.5933 9.7575
2 24 17.2058 4.1927 7.8432 15.4306 2.4294 12.3873
2 24 16.7726 -0.0243 5.8868 15.6315 -0.7673 10.1882
2 24 16.4881 2.1196 3.8285 15.7861 1.2122 9.6438
2 24 16.4881 2.1196 3.8285 15.7861 1.2122 9.6438
2 24 17.518 4.5614 1.4904 17.2058 4.1927 7.8432
2 24 15.4306 2.4294 12.3873 12.4436 0.2675 15.4539
2 24 12.4436 0.2675 15.4539 13.0329 2.5727 15.2005
2 24 14.6121 4.3457 13.3137 13.0329 2.5727 15.2005
2 24 15.4306 2.4294 12.3873 12.4436 0.2675 15.4539
2 24 12.4436 0.2675 15.4539 11.0195 -2.8459 16.0999
2 24 15.7861 1.2122 9.6438 11.0195 -2.8459 16.0999
2 24 14.6534 9.1576 12.5133 12.7066 6.3055 15.1084
2 24 12.7066 6.3055 15.1084 13.0032 3.697 15.6087
2 24 14.3246 5.2304 13.8803 13.0032 3.697 15.6087
2 24 15.755 9.9672 9.8537 14.3246 5.2304 13.8803
2 24 14.1461 12.0307 11.0583 14.6534 9.1576 12.5133
2 24 14.3246 5.2304 13.8803 13.0032 3.697 15.6087
2 24 13.0032 3.697 15.6087 13.0329 2.5727 15.2005
2 24 14.6121 4.3457 13.3137 13.0329 2.5727 15.2005
2 24 12.7066 6.3055 15.1084 12.1712 7.3773 15.9583
2 24 12.7066 6.3055 15.1084 13.2524 4.1162 20.7499
2 24 12.1712 7.3773 15.9583 12.5997 5.0909 20.9688
2 24 12.8885 2.2994 19.8554 13.0032 3.697 15.6087
2 24 13.0032 3.697 15.6087 12.7066 6.3055 15.1084
2 24 13.2524 4.1162 20.7499 12.7066 6.3055 15.1084
2 24 13.1251 0.7418 19.2156 13.0329 2.5727 15.2005
2 24 13.0032 3.697 15.6087 13.0329 2.5727 15.2005
2 24 13.0032 3.697 15.6087 12.8885 2.2994 19.8554
2 24 12.5 5.9002 21.3604 12.2466 8.4716 15.9271
2 24 12.2466 8.4716 15.9271 10.9026 10.0493 16.6282
2 24 11.5756 7.3389 21.9155 10.9026 10.0493 16.6282
2 24 12.2466 8.4716 15.9271 12.5 5.9002 21.3604
2 24 12.2466 8.4716 15.9271 12.1712 7.3773 15.9583
2 24 12.1712 7.3773 15.9583 12.5997 5.0909 20.9688
2 24 11.3714 3.6956 23.6027 8.7863 1.2728 25.3441
2 24 10.6102 1.4525 24.1653 8.7863 1.2728 25.3441
2 24 12.5997 5.0909 20.9688 11.4205 3.0465 23.2499
2 24 13.2524 4.1162 20.7499 10.6102 1.4525 24.1653
2 24 12.5 5.9002 21.3604 11.3714 3.6956 23.6027
2 24 12.5997 5.0909 20.9688 11.4205 3.0465 23.2499
2 24 11.5756 7.3389 21.9155 10.7577 5.9902 23.611
2 24 12.5 5.9002 21.3604 11.3714 3.6956 23.6027
2 24 10.7577 5.9902 23.611 8.2065 4.0804 25.3516
2 24 11.3714 3.6956 23.6027 8.7863 1.2728 25.3441
2 24 8.7863 1.2728 25.3441 5.7773 0.9579 26.0982
2 24 8.2065 4.0804 25.3516 5.2771 3.21 26.1614
2 24 8.7863 1.2728 25.3441 5.7773 0.9579 26.0982
2 24 6.9651 -1.1992 23.8086 10.4222 -0.3018 22.4065
2 24 8.7863 1.2728 25.3441 10.6102 1.4525 24.1653
2 24 12.8885 2.2994 19.8554 10.4222 -0.3018 22.4065
2 24 13.2524 4.1162 20.7499 10.6102 1.4525 24.1653
2 24 6.7522 -2.4361 23.5041 10.6127 -1.659 21.8517
2 24 6.9651 -1.1992 23.8086 10.4222 -0.3018 22.4065
2 24 13.1251 0.7418 19.2156 10.6127 -1.659 21.8517
2 24 12.8885 2.2994 19.8554 10.4222 -0.3018 22.4065
2 24 11.0521 -2.5721 17.7267 11.0195 -2.8459 16.0999
2 24 11.0521 -2.5721 17.7267 12.0206 -0.6973 16.6249
2 24 11.0195 -2.8459 16.0999 12.4436 0.2675 15.4539
2 24 12.0206 -0.6973 16.6249 12.4436 0.2675 15.4539
2 24 13.0329 2.5727 15.2005 13.1251 0.7418 19.2156
2 24 13.0329 2.5727 15.2005 12.3459 -0.1488 17.4643
2 24 13.0329 2.5727 15.2005 12.3459 -0.1488 17.4643
2 24 13.0329 2.5727 15.2005 12.4436 0.2675 15.4539
2 24 12.0206 -0.6973 16.6249 12.4436 0.2675 15.4539
2 24 12.3459 -0.1488 17.4643 9.8524 -2.8866 19.6779
2 24 13.1251 0.7418 19.2156 10.6127 -1.659 21.8517
2 24 9.6054 -3.8618 18.6655 11.0521 -2.5721 17.7267
2 24 12.3459 -0.1488 17.4643 9.8524 -2.8866 19.6779
2 24 9.4699 6.655 23.504 10.6383 8.0147 21.9307
2 24 10.7577 5.9902 23.611 11.5756 7.3389 21.9155
2 24 9.4699 6.655 23.504 7.4293 5.3369 24.6449
2 24 10.7577 5.9902 23.611 8.2065 4.0804 25.3516
2 24 7.4293 5.3369 24.6449 4.9575 4.7476 25.2161
2 24 8.2065 4.0804 25.3516 5.2771 3.21 26.1614
2 24 5.7773 0.9579 26.0982 3.502 1.2022 26.1047
2 24 5.2771 3.21 26.1614 2.3901 3.8361 25.8827
2 24 5.7773 0.9579 26.0982 3.502 1.2022 26.1047
2 24 6.9651 -1.1992 23.8086 2.8331 -0.0732 25.1557
2 24 5.2771 3.21 26.1614 2.3901 3.8361 25.8827
2 24 4.9575 4.7476 25.2161 2.7962 5.2934 24.8402
2 24 2.7962 5.2934 24.8402 0.8123 6.6374 23.786
2 24 2.3901 3.8361 25.8827 0.0033 6.0458 24.2162
2 24 0.0033 6.0458 24.2162 -0.467 7.1639 23.0262
2 24 0.8123 6.6374 23.786 0.2253 7.7095 22.7234
2 24 11.5756 7.3389 21.9155 10.9026 10.0493 16.6282
2 24 10.9026 10.0493 16.6282 9.4312 11.0781 16.904
2 24 0.8123 6.6374 23.786 2.7962 5.2934 24.8402
2 24 0.8123 6.6374 23.786 4.9003 6.2423 25.1651
2 24 2.7962 5.2934 24.8402 4.9575 4.7476 25.2161
2 24 4.9003 6.2423 25.1651 7.055 6.7336 24.73
2 24 4.9575 4.7476 25.2161 7.4293 5.3369 24.6449
2 24 7.055 6.7336 24.73 9.7113 8.1939 22.8029
2 24 7.4293 5.3369 24.6449 9.4699 6.655 23.504
2 24 9.4699 6.655 23.504 10.6383 8.0147 21.9307
2 24 9.7113 8.1939 22.8029 10.6383 8.0147 21.9307
2 24 10.6383 8.0147 21.9307 9.7113 8.1939 22.8029
2 24 7.1631 9.6868 22.6562 7.1009 11.1525 20.0889
2 24 9.7113 8.1939 22.8029 7.055 6.7336 24.73
2 24 7.1631 9.6868 22.6562 5.5049 8.6206 23.9467
2 24 7.055 6.7336 24.73 4.9003 6.2423 25.1651
2 24 4.9003 6.2423 25.1651 0.8123 6.6374 23.786
2 24 5.5049 8.6206 23.9467 2.7206 8.2619 23.6796
2 24 4.8534 9.1756 22.9133 6.1843 10.0253 22.1595
2 24 5.5049 8.6206 23.9467 7.1631 9.6868 22.6562
2 24 4.8534 9.1756 22.9133 2.7691 8.9911 22.8335
2 24 5.5049 8.6206 23.9467 2.7206 8.2619 23.6796
2 24 7.2496 11.9187 17.5159 8.4544 11.5596 17.0098
2 24 7.2496 11.9187 17.5159 9.282 13.5726 16.0833
2 24 8.4544 11.5596 17.0098 10.6398 14.084 15.2628
2 24 9.282 13.5726 16.0833 10.6398 14.084 15.2628
2 24 9.4312 11.0781 16.904 8.4544 11.5596 17.0098
2 24 8.4544 11.5596 17.0098 7.2496 11.9187 17.5159
2 24 7.1009 11.1525 20.0889 7.2496 11.9187 17.5159
2 24 6.1843 10.0253 22.1595 5.1542 10.3069 22.0987
2 24 6.1843 10.0253 22.1595 4.8534 9.1756 22.9133
2 24 5.1542 10.3069 22.0987 3.1428 9.7183 22.5403
2 24 1.1408 9.1166 21.8343 2.7691 8.9911 22.8335
2 24 4.8534 9.1756 22.9133 2.7691 8.9911 22.8335
2 24 3.1428 9.7183 22.5403 0.3788 9.6995 19.9435
2 24 0.3788 9.6995 19.9435 0.0357 8.7617 21.213
2 24 12.8822 17.2609 15.5871 11.9491 14.3695 15.9821
2 24 10.6398 14.084 15.2628 11.2598 15.9731 13.2871
2 24 11.2598 15.9731 13.2871 11.9712 16.485 10.9229
2 24 12.7588 18.6567 11.8535 11.9712 16.485 10.9229
2 24 11.2598 15.9731 13.2871 10.6398 14.084 15.2628
2 24 9.4414 16.7063 13.3632 8.3543 14.4646 15.6511
2 24 10.6398 14.084 15.2628 9.282 13.5726 16.0833
2 24 9.282 13.5726 16.0833 7.2496 11.9187 17.5159
2 24 8.3543 14.4646 15.6511 6.2055 12.1622 17.4275
2 24 7.2496 11.9187 17.5159 6.2055 12.1622 17.4275
2 24 8.9296 17.2992 13.8844 8.3927 18.3977 11.9668
2 24 9.4414 16.7063 13.3632 9.0103 18.2083 11.535
2 24 8.3927 18.3977 11.9668 9.0103 18.2083 11.535
2 24 8.9296 17.2992 13.8844 7.6183 14.9269 16.1739
2 24 9.4414 16.7063 13.3632 8.3543 14.4646 15.6511
2 24 3.1513 11.9226 17.9498 4.2678 12.0514 18.0091
2 24 3.1513 11.9226 17.9498 4.2397 14.7235 17.1854
2 24 4.2678 12.0514 18.0091 5.6192 15.2113 17.1461
2 24 4.2397 14.7235 17.1854 4.7337 17.359 15.5274
2 24 5.6192 15.2113 17.1461 6.1531 17.7302 15.6399
2 24 6.1531 17.7302 15.6399 4.3521 18.9103 13.7713
2 24 4.3521 18.9103 13.7713 2.939 18.8729 14.071
2 24 4.7337 17.359 15.5274 2.939 18.8729 14.071
2 24 4.3521 18.9103 13.7713 6.1531 17.7302 15.6399
2 24 4.3521 18.9103 13.7713 8.3927 18.3977 11.9668
2 24 8.3927 18.3977 11.9668 8.9296 17.2992 13.8844
2 24 8.9296 17.2992 13.8844 7.6183 14.9269 16.1739
2 24 6.1531 17.7302 15.6399 5.6192 15.2113 17.1461
2 24 6.2055 12.1622 17.4275 6.2438 13.1393 17.2099
2 24 6.2055 12.1622 17.4275 4.2678 12.0514 18.0091
2 24 5.6192 15.2113 17.1461 4.2678 12.0514 18.0091
2 24 7.6183 14.9269 16.1739 6.2438 13.1393 17.2099
2 24 7.6183 14.9269 16.1739 6.2438 13.1393 17.2099
2 24 6.2438 13.1393 17.2099 6.2055 12.1622 17.4275
2 24 8.3543 14.4646 15.6511 6.2055 12.1622 17.4275
2 24 4.2397 14.7235 17.1854 3.1513 11.9226 17.9498
2 24 3.3434 14.7204 17.9474 2.3975 11.6989 18.4068
2 24 3.1513 11.9226 17.9498 2.3975 11.6989 18.4068
2 24 4.2397 14.7235 17.1854 4.7337 17.359 15.5274
2 24 3.3434 14.7204 17.9474 3.5037 17.5037 16.5273
2 24 1.1591 10.8933 18.3637 2.3975 11.6989 18.4068
2 24 1.1591 10.8933 18.3637 1.4874 14.2721 18.4881
2 24 2.3975 11.6989 18.4068 3.3434 14.7204 17.9474
2 24 1.1591 10.8933 18.3637 1.4874 14.2721 18.4881
2 24 1.1591 10.8933 18.3637 0.2796 10.2404 18.1336
2 24 0.2796 10.2404 18.1336 -1.1865 15.3188 16.8705
2 24 4.7337 17.359 15.5274 2.939 18.8729 14.071
2 24 2.939 18.8729 14.071 1.3886 18.9775 14.486
2 24 3.5037 17.5037 16.5273 1.3886 18.9775 14.486
2 24 3.3434 14.7204 17.9474 3.5037 17.5037 16.5273
2 24 1.4874 14.2721 18.4881 0.7761 17.1639 17.2599
2 24 1.4874 14.2721 18.4881 0.7761 17.1639 17.2599
2 24 0.7761 17.1639 17.2599 -1.9949 18.9685 14.4344
2 24 4.2678 12.0514 18.0091 3.1513 11.9226 17.9498
2 24 5.1542 10.3069 22.0987 3.1428 9.7183 22.5403
2 24 2.7206 8.2619 23.6796 0.9231 8.2755 22.6795
2 24 2.7691 8.9911 22.8335 1.1408 9.1166 21.8343
2 24 -0.467 7.1639 23.0262 0.0033 6.0458 24.2162
2 24 0.0357 8.7617 21.213 0.2253 7.7095 22.7234
2 24 0.9231 8.2755 22.6795 0.2253 7.7095 22.7234
2 24 0.8123 6.6374 23.786 0.2253 7.7095 22.7234
2 24 0.2253 7.7095 22.7234 0.9231 8.2755 22.6795
2 24 2.7206 8.2619 23.6796 0.9231 8.2755 22.6795
2 24 9.8524 -2.8866 19.6779 5.8983 -3.6383 21.7013
2 24 10.6127 -1.659 21.8517 6.7522 -2.4361 23.5041
2 24 6.7522 -2.4361 23.5041 2.1437 -1.2462 25.0263
2 24 6.9651 -1.1992 23.8086 2.8331 -0.0732 25.1557
2 24 5.8983 -3.6383 21.7013 1.552 -2.47 23.3329
2 24 6.7522 -2.4361 23.5041 2.1437 -1.2462 25.0263
2 24 5.6542 -4.3061 21.0205 1.2347 -3.0127 22.8932
2 24 5.8983 -3.6383 21.7013 1.552 -2.47 23.3329
2 24 0.0529 3.7888 24.8321 0.6654 2.3574 25.0961
2 24 3.502 1.2022 26.1047 0.0529 3.7888 24.8321
2 24 2.8331 -0.0732 25.1557 0.6654 2.3574 25.0961
2 24 2.3901 3.8361 25.8827 0.0033 6.0458 24.2162
2 24 -0.6748 5.0102 24.1729 0.0529 3.7888 24.8321
2 24 3.502 1.2022 26.1047 0.0529 3.7888 24.8321
2 24 2.8331 -0.0732 25.1557 0.6654 2.3574 25.0961
2 24 2.1437 -1.2462 25.0263 -0.0014 1.8646 25.0372
2 24 1.2347 -3.0127 22.8932 -0.8888 -0.3814 23.2131
2 24 1.552 -2.47 23.3329 -1.1054 1.1986 23.7762
2 24 -0.8888 -0.3814 23.2131 -1.1054 1.1986 23.7762
2 24 -2.1105 1.8745 22.7889 -1.5019 -0.216 22.556
2 24 -1.1054 1.1986 23.7762 -0.8888 -0.3814 23.2131
2 24 1.552 -2.47 23.3329 -1.1054 1.1986 23.7762
2 24 2.1437 -1.2462 25.0263 -0.0014 1.8646 25.0372
2 24 -0.6748 5.0102 24.1729 -0.0014 1.8646 25.0372
2 24 1.2347 -3.0127 22.8932 5.6542 -4.3061 21.0205
2 24 3.6323 -4.8172 20.2581 6.8811 -4.8325 19.7663
2 24 5.6542 -4.3061 21.0205 6.8811 -4.8325 19.7663
2 24 3.6323 -4.8172 20.2581 0.8679 -3.3558 21.5246
2 24 -0.1774 -4.9252 20.8648 1.8097 -5.7572 20.0696
2 24 1.8097 -5.7572 20.0696 3.6323 -4.8172 20.2581
2 24 0.8679 -3.3558 21.5246 3.6323 -4.8172 20.2581
2 24 -0.1774 -4.9252 20.8648 -2.4715 -1.7689 22.1005
2 24 0.8679 -3.3558 21.5246 -1.5019 -0.216 22.556
2 24 -2.4715 -1.7689 22.1005 -2.9495 2.7641 22.6755
2 24 -1.5019 -0.216 22.556 -2.1105 1.8745 22.7889
2 24 -2.9495 2.7641 22.6755 -2.1367 5.8035 22.3072
2 24 -2.1105 1.8745 22.7889 -2.1367 5.8035 22.3072
2 24 -3.9519 2.7718 22.4069 -3.8579 -1.3561 21.4434
2 24 -2.9495 2.7641 22.6755 -2.4715 -1.7689 22.1005
2 24 -2.3213 -4.4338 20.1349 1.5421 -6.127 18.8129
2 24 1.5421 -6.127 18.8129 1.8097 -5.7572 20.0696
2 24 -0.1774 -4.9252 20.8648 1.8097 -5.7572 20.0696
2 24 3.5037 17.5037 16.5273 1.3886 18.9775 14.486
2 24 1.3886 18.9775 14.486 -1.9949 18.9685 14.4344
2 24 0.7761 17.1639 17.2599 -1.9949 18.9685 14.4344
2 24 -1.9949 18.9685 14.4344 -4.4412 18.7606 13.6233
2 24 -1.1865 15.3188 16.8705 -4.4412 18.7606 13.6233
2 24 -2.5328 10.2339 20.3228 -5.1567 10.265 18.8519
2 24 -5.1567 10.265 18.8519 -5.2924 10.5314 18.116
2 24 -5.2924 10.5314 18.116 -4.9959 10.7408 17.6431
2 24 -2.3091 11.0088 18.4201 -4.9959 10.7408 17.6431
2 24 -2.3091 11.0088 18.4201 -0.8608 10.5772 18.4416
2 24 -2.5328 10.2339 20.3228 0.0357 8.7617 21.213
2 24 -3.3566 14.9463 17.5465 -0.8608 10.5772 18.4416
2 24 -0.8608 10.5772 18.4416 0.2796 10.2404 18.1336
2 24 -1.1865 15.3188 16.8705 0.2796 10.2404 18.1336
2 24 -4.4412 18.7606 13.6233 -8.5212 18.127 11.5665
2 24 -8.0462 17.6904 13.6342 -10.3922 17.149 11.8975
2 24 -8.0462 17.6904 13.6342 -6.2286 17.2511 15.1629
2 24 -3.3566 14.9463 17.5465 -6.2286 17.2511 15.1629
2 24 -1.1865 15.3188 16.8705 -4.4412 18.7606 13.6233
2 24 -0.8608 10.5772 18.4416 -3.3566 14.9463 17.5465
2 24 -0.8608 10.5772 18.4416 -2.3091 11.0088 18.4201
2 24 -2.3091 11.0088 18.4201 -4.9959 10.7408 17.6431
2 24 -4.9959 10.7408 17.6431 -6.3829 12.7373 16.9369
2 24 -3.3566 14.9463 17.5465 -6.2286 17.2511 15.1629
2 24 -6.2286 17.2511 15.1629 -8.0462 17.6904 13.6342
2 24 -7.6782 15.3302 15.8968 -8.0462 17.6904 13.6342
2 24 -6.3829 12.7373 16.9369 -7.6782 15.3302 15.8968
2 24 -5.1567 10.265 18.8519 -5.0655 9.8487 19.6424
2 24 -5.1567 10.265 18.8519 -2.5328 10.2339 20.3228
2 24 -5.0655 9.8487 19.6424 -2.912 9.2448 20.7593
2 24 -7.6782 15.3302 15.8968 -6.3829 12.7373 16.9369
2 24 -8.3421 15.5224 17.2803 -5.2924 10.5314 18.116
2 24 -2.5328 10.2339 20.3228 0.0357 8.7617 21.213
2 24 0.0357 8.7617 21.213 -1.6362 8.5354 21.2603
2 24 -2.912 9.2448 20.7593 -1.6362 8.5354 21.2603
2 24 -7.0733 7.9491 20.3972 -5.0655 9.8487 19.6424
2 24 -2.912 9.2448 20.7593 -5.6919 7.8266 21.0933
2 24 -2.912 9.2448 20.7593 -5.0655 9.8487 19.6424
2 24 -5.6919 7.8266 21.0933 -2.912 9.2448 20.7593
2 24 -5.0368 6.6515 21.6081 -1.6362 8.5354 21.2603
2 24 -2.912 9.2448 20.7593 -1.6362 8.5354 21.2603
2 24 -8.3421 15.5224 17.2803 -9.3412 18.5569 15.861
2 24 -7.6782 15.3302 15.8968 -8.0462 17.6904 13.6342
2 24 -8.0462 17.6904 13.6342 -9.1636 19.5524 13.7677
2 24 -9.3412 18.5569 15.861 -10.2496 21.419 14.3099
2 24 -9.1636 19.5524 13.7677 -9.8197 21.2588 13.2455
2 24 -10.2496 21.419 14.3099 -9.8197 21.2588 13.2455
2 24 -9.3412 18.5569 15.861 -10.2496 21.419 14.3099
2 24 -10.2496 21.419 14.3099 -11.2823 21.6427 14.2863
2 24 -11.3858 18.7373 16.2108 -11.2823 21.6427 14.2863
2 24 -9.9612 13.7108 18.2858 -5.2924 10.5314 18.116
2 24 -8.3421 15.5224 17.2803 -5.2924 10.5314 18.116
2 24 -9.9612 13.7108 18.2858 -10.4688 13.4926 18.4051
2 24 -11.3858 18.7373 16.2108 -10.4688 13.4926 18.4051
2 24 -12.2613 5.8994 15.9274 -10.0273 4.6873 16.4781
2 24 -10.0273 4.6873 16.4781 -9.8084 5.465 17.3838
2 24 -12.2974 6.3963 16.8399 -9.8084 5.465 17.3838
2 24 -9.8084 5.465 17.3838 -14.3364 10.0406 16.3545
2 24 -9.8084 5.465 17.3838 -12.2974 6.3963 16.8399
2 24 -12.2974 6.3963 16.8399 -15.2494 8.8774 15.9361
2 24 -12.2974 6.3963 16.8399 -15.2494 8.8774 15.9361
2 24 -12.2613 5.8994 15.9274 -15.3992 8.4904 15.0755
2 24 -15.2494 8.8774 15.9361 -16.9589 12.1868 14.6008
2 24 -14.3364 10.0406 16.3545 -16.0952 12.1735 15.2757
2 24 -15.3992 8.4904 15.0755 -17.3241 11.8037 14.1051
2 24 -15.2494 8.8774 15.9361 -16.9589 12.1868 14.6008
2 24 -11.7727 21.1178 12.1513 -11.9553 21.6385 13.7962
2 24 -11.7727 21.1178 12.1513 -9.8197 21.2588 13.2455
2 24 -11.9553 21.6385 13.7962 -11.2823 21.6427 14.2863
2 24 -11.2823 21.6427 14.2863 -11.9553 21.6385 13.7962
2 24 -11.2823 21.6427 14.2863 -11.3858 18.7373 16.2108
2 24 -11.9553 21.6385 13.7962 -13.9356 14.2311 16.4594
2 24 -11.3858 18.7373 16.2108 -10.4688 13.4926 18.4051
2 24 -13.9356 14.2311 16.4594 -12.7152 12.5417 17.9094
2 24 2.2255 -7.1758 17.3105 -2.9984 -5.734 19.0625
2 24 -0.951 -6.8304 16.0135 -1.8151 -6.6076 16.2219
2 24 2.2255 -7.1758 17.3105 2.1045 -7.3254 16.082
2 24 -0.951 -6.8304 16.0135 2.1045 -7.3254 16.082
2 24 5.6542 -4.3061 21.0205 9.6054 -3.8618 18.6655
2 24 9.6054 -3.8618 18.6655 7.5906 -4.7167 19.2352
2 24 6.8811 -4.8325 19.7663 7.5906 -4.7167 19.2352
2 24 9.8524 -2.8866 19.6779 5.8983 -3.6383 21.7013
2 24 9.6054 -3.8618 18.6655 5.6542 -4.3061 21.0205
2 24 2.2255 -7.1758 17.3105 1.5421 -6.127 18.8129
2 24 2.2255 -7.1758 17.3105 -2.9984 -5.734 19.0625
2 24 1.5421 -6.127 18.8129 -2.3213 -4.4338 20.1349
2 24 14.1461 12.0307 11.0583 14.6534 9.1576 12.5133
2 24 15.9658 12.9301 12.5525 14.6534 9.1576 12.5133
2 24 -9.1928 -3.7845 -9.34 -7.2274 -1.9506 -11.08
2 24 -9.5599 -2.5745 -10.1152 -7.2274 -1.9506 -11.08
2 24 -2.1367 5.8035 22.3072 -3.9519 2.7718 22.4069
2 24 -4.3602 5.1645 22.452 -6.0349 1.5604 21.9417
2 24 -3.9519 2.7718 22.4069 -3.8579 -1.3561 21.4434
2 24 -6.0349 1.5604 21.9417 -5.5025 -2.5601 20.7677
2 24 -7.3945 -6.6457 13.1691 -5.5975 -5.2184 15.3459
2 24 -5.7531 -8.4953 13.7318 -4.5224 -5.7416 15.8744
2 24 -5.5975 -5.2184 15.3459 -4.5224 -5.7416 15.8744
2 24 -2.1619 -9.7754 13.4897 -1.8151 -6.6076 16.2219
2 24 -1.8151 -6.6076 16.2219 -4.5224 -5.7416 15.8744
2 24 -5.7531 -8.4953 13.7318 -4.5224 -5.7416 15.8744
2 24 -0.6732 -9.3196 12.8738 -0.951 -6.8304 16.0135
2 24 -0.951 -6.8304 16.0135 -1.8151 -6.6076 16.2219
2 24 -2.1619 -9.7754 13.4897 -1.8151 -6.6076 16.2219
2 24 -6.0349 1.5604 21.9417 -4.3602 5.1645 22.452
2 24 -7.6274 2.16 20.774 -5.0368 6.6515 21.6081
2 24 -8.2291 7.7757 18.8056 -9.1563 5.6964 18.8855
2 24 -7.0733 7.9491 20.3972 -8.2291 7.7757 18.8056
2 24 -5.6919 7.8266 21.0933 -8.7698 3.9367 20.2896
2 24 -5.0368 6.6515 21.6081 -7.6274 2.16 20.774
2 24 -5.6919 7.8266 21.0933 -8.7698 3.9367 20.2896
2 24 -7.6274 2.16 20.774 -7.2474 -1.7889 19.0399
2 24 -6.0349 1.5604 21.9417 -5.5025 -2.5601 20.7677
2 24 -8.7698 3.9367 20.2896 -9.3497 0.6058 18.9769
2 24 -7.6274 2.16 20.774 -7.2474 -1.7889 19.0399
2 24 -9.3497 0.6058 18.9769 -8.2814 -2.4572 17.4718
2 24 -10.0634 1.9361 15.5668 -10.1584 2.5232 16.1294
2 24 -10.0634 1.9361 15.5668 -11.881 2.2332 14.4032
2 24 -10.1584 2.5232 16.1294 -13.202 3.7092 15.0911
2 24 -11.881 2.2332 14.4032 -10.0634 1.9361 15.5668
2 24 -12.0055 1.6395 14.2227 -9.957 0.9815 15.2925
2 24 -10.0634 1.9361 15.5668 -9.957 0.9815 15.2925
2 24 -9.6002 -0.3625 15.4445 -9.957 0.9815 15.2925
2 24 -9.6002 -0.3625 15.4445 -11.6679 -0.1818 14.2166
2 24 -9.957 0.9815 15.2925 -11.9533 1.0329 13.9849
2 24 -9.4704 -0.9493 15.3343 -9.6002 -0.3625 15.4445
2 24 -9.4704 -0.9493 15.3343 -11.3408 -0.9122 14.2495
2 24 -9.6002 -0.3625 15.4445 -11.6679 -0.1818 14.2166
2 24 -9.0135 -1.8424 15.6263 -9.4704 -0.9493 15.3343
2 24 -9.0135 -1.8424 15.6263 -11.0278 -1.9934 14.5207
2 24 -9.4704 -0.9493 15.3343 -11.3408 -0.9122 14.2495
2 24 -7.3051 -3.8766 15.6612 -9.0135 -1.8424 15.6263
2 24 -7.3051 -3.8766 15.6612 -9.6359 -4.6275 14.2883
2 24 -9.0135 -1.8424 15.6263 -11.0278 -1.9934 14.5207
2 24 -5.5975 -5.2184 15.3459 -4.5224 -5.7416 15.8744
2 24 -5.5975 -5.2184 15.3459 -7.3051 -3.8766 15.6612
2 24 -4.5224 -5.7416 15.8744 -8.2814 -2.4572 17.4718
2 24 -7.3051 -3.8766 15.6612 -9.0135 -1.8424 15.6263
2 24 -8.2814 -2.4572 17.4718 -4.5224 -5.7416 15.8744
2 24 -7.2474 -1.7889 19.0399 -4.5436 -5.1198 16.7493
2 24 -4.5436 -5.1198 16.7493 -1.8151 -6.6076 16.2219
2 24 -4.5224 -5.7416 15.8744 -1.8151 -6.6076 16.2219
2 24 -2.9984 -5.734 19.0625 -5.5025 -2.5601 20.7677
2 24 -7.2474 -1.7889 19.0399 -4.5436 -5.1198 16.7493
2 24 -0.8888 -0.3814 23.2131 1.2347 -3.0127 22.8932
2 24 -1.5019 -0.216 22.556 0.8679 -3.3558 21.5246
2 24 -3.8579 -1.3561 21.4434 -2.3213 -4.4338 20.1349
2 24 -2.4715 -1.7689 22.1005 -0.1774 -4.9252 20.8648
2 24 -2.3213 -4.4338 20.1349 -3.8579 -1.3561 21.4434
2 24 -2.9984 -5.734 19.0625 -5.5025 -2.5601 20.7677
2 24 -10.1584 2.5232 16.1294 -10.0273 4.6873 16.4781
2 24 -10.1584 2.5232 16.1294 -13.202 3.7092 15.0911
2 24 -10.0273 4.6873 16.4781 -12.2613 5.8994 15.9274
2 24 -9.8084 5.465 17.3838 -10.0273 4.6873 16.4781
2 24 -9.1563 5.6964 18.8855 -9.8084 5.465 17.3838
2 24 -8.7698 3.9367 20.2896 -9.3497 0.6058 18.9769
2 24 -10.0273 4.6873 16.4781 -10.1584 2.5232 16.1294
2 24 -9.6002 -0.3625 15.4445 -9.957 0.9815 15.2925
2 24 -9.957 0.9815 15.2925 -10.0634 1.9361 15.5668
2 24 -10.1584 2.5232 16.1294 -10.0634 1.9361 15.5668
2 24 -9.6002 -0.3625 15.4445 -9.4704 -0.9493 15.3343
2 24 -9.0135 -1.8424 15.6263 -9.4704 -0.9493 15.3343
2 24 -8.2814 -2.4572 17.4718 -9.3497 0.6058 18.9769
2 24 -2.1619 -9.7754 13.4897 -5.5501 -12.088 6.0777
2 24 -5.7531 -8.4953 13.7318 -9.2204 -10.8177 6.6415
2 24 -0.6732 -9.3196 12.8738 -3.021 -11.4604 5.3059
2 24 -2.1619 -9.7754 13.4897 -5.5501 -12.088 6.0777
2 24 -7.3945 -6.6457 13.1691 -10.4853 -8.8179 6.5085
2 24 -5.7531 -8.4953 13.7318 -9.2204 -10.8177 6.6415
2 24 -6.8362 -8.6548 -7.0675 -7.4541 -11.1731 -2.336
2 24 -8.9656 -7.3891 -6.7895 -9.9894 -9.7925 -2.2517
2 24 -6.8362 -8.6548 -7.0675 -7.4541 -11.1731 -2.336
2 24 -5.5785 -8.6163 -7.0161 -5.3325 -10.7404 -2.4317
2 24 -8.9656 -7.3891 -6.7895 -9.9894 -9.7925 -2.2517
2 24 -9.6474 -6.1059 -6.2672 -10.8531 -7.9447 -2.239
2 24 -9.2204 -10.8177 6.6415 -9.9894 -9.7925 -2.2517
2 24 -5.5501 -12.088 6.0777 -7.4541 -11.1731 -2.336
2 24 -5.5501 -12.088 6.0777 -7.4541 -11.1731 -2.336
2 24 -3.021 -11.4604 5.3059 -5.3325 -10.7404 -2.4317
2 24 -10.4853 -8.8179 6.5085 -10.8531 -7.9447 -2.239
2 24 -9.2204 -10.8177 6.6415 -9.9894 -9.7925 -2.2517
2 24 -11.1113 -5.9366 -6.1423 -12.5105 -7.915 -1.8156
2 24 -9.6474 -6.1059 -6.2672 -10.8531 -7.9447 -2.239
2 24 -12.5105 -7.915 -1.8156 -11.921 -8.5835 6.9244
2 24 -10.8531 -7.9447 -2.239 -10.4853 -8.8179 6.5085
2 24 -8.3939 -6.5225 13.8381 -6.916 -5.5291 15.0261
2 24 -7.3945 -6.6457 13.1691 -5.5975 -5.2184 15.3459
2 24 -6.916 -5.5291 15.0261 -5.5975 -5.2184 15.3459
2 24 -11.921 -8.5835 6.9244 -8.3939 -6.5225 13.8381
2 24 -10.4853 -8.8179 6.5085 -7.3945 -6.6457 13.1691
2 24 -13.4903 -6.7944 7.2087 -9.3318 -5.687 14.1389
2 24 -11.921 -8.5835 6.9244 -8.3939 -6.5225 13.8381
2 24 -9.3318 -5.687 14.1389 -7.5333 -4.8716 15.2109
2 24 -9.6359 -4.6275 14.2883 -7.3051 -3.8766 15.6612
2 24 -6.916 -5.5291 15.0261 -5.5975 -5.2184 15.3459
2 24 -7.3051 -3.8766 15.6612 -5.5975 -5.2184 15.3459
2 24 -9.3318 -5.687 14.1389 -7.5333 -4.8716 15.2109
2 24 -8.3939 -6.5225 13.8381 -6.916 -5.5291 15.0261
2 24 -9.3318 -5.687 14.1389 -13.4903 -6.7944 7.2087
2 24 -9.6359 -4.6275 14.2883 -13.8779 -5.3729 7.4623
2 24 -12.4932 -4.8103 -5.8082 -13.9404 -6.2693 -1.6106
2 24 -11.1113 -5.9366 -6.1423 -12.5105 -7.915 -1.8156
2 24 -13.4903 -6.7944 7.2087 -13.9404 -6.2693 -1.6106
2 24 -11.921 -8.5835 6.9244 -12.5105 -7.915 -1.8156
2 24 -12.9993 -3.9743 -5.4685 -14.346 -5.0422 -1.4851
2 24 -12.4932 -4.8103 -5.8082 -13.9404 -6.2693 -1.6106
2 24 -13.4903 -6.7944 7.2087 -13.9404 -6.2693 -1.6106
2 24 -13.8779 -5.3729 7.4623 -14.346 -5.0422 -1.4851
2 24 -15.6887 -1.9031 -3.447 -16.4769 -2.1788 -0.932
2 24 -12.9993 -3.9743 -5.4685 -14.346 -5.0422 -1.4851
2 24 -11.0278 -1.9934 14.5207 -14.8655 -2.1188 10.5692
2 24 -11.3408 -0.9122 14.2495 -14.8356 -0.5067 10.5125
2 24 -11.3408 -0.9122 14.2495 -14.8356 -0.5067 10.5125
2 24 -11.6679 -0.1818 14.2166 -15.364 0.5281 10.745
2 24 -11.6679 -0.1818 14.2166 -15.364 0.5281 10.745
2 24 -11.9533 1.0329 13.9849 -14.9417 2.3473 10.9844
2 24 -15.0198 3.3649 11.583 -12.0055 1.6395 14.2227
2 24 -14.9417 2.3473 10.9844 -11.9533 1.0329 13.9849
2 24 -11.881 2.2332 14.4032 -13.6608 3.2692 13.2673
2 24 -12.0055 1.6395 14.2227 -15.0198 3.3649 11.583
2 24 -11.881 2.2332 14.4032 -13.6608 3.2692 13.2673
2 24 -13.202 3.7092 15.0911 -16.551 7.3666 13.9745
2 24 -9.6359 -4.6275 14.2883 -13.8779 -5.3729 7.4623
2 24 -14.8655 -2.1188 10.5692 -17.0082 -1.9232 5.3762
2 24 -11.0278 -1.9934 14.5207 -14.8655 -2.1188 10.5692
2 24 -16.827 -0.301 5.079 -16.693 -1.1235 -0.1064
2 24 -17.0082 -1.9232 5.3762 -16.4769 -2.1788 -0.932
2 24 -14.8655 -2.1188 10.5692 -17.0082 -1.9232 5.3762
2 24 -14.8356 -0.5067 10.5125 -16.827 -0.301 5.079
2 24 -14.346 -5.0422 -1.4851 -13.8779 -5.3729 7.4623
2 24 -16.4769 -2.1788 -0.932 -17.0082 -1.9232 5.3762
2 24 -16.6277 -0.6304 -0.7773 -17.473 1.0586 5.2204
2 24 -16.693 -1.1235 -0.1064 -16.827 -0.301 5.079
2 24 -15.364 0.5281 10.745 -17.473 1.0586 5.2204
2 24 -14.8356 -0.5067 10.5125 -16.827 -0.301 5.079
2 24 -15.364 0.5281 10.745 -17.473 1.0586 5.2204
2 24 -14.9417 2.3473 10.9844 -17.2063 2.9562 5.1222
2 24 -17.2063 2.9562 5.1222 -16.4312 1.2142 -1.0412
2 24 -17.473 1.0586 5.2204 -16.6277 -0.6304 -0.7773
2 24 -16.693 -1.1235 -0.1064 -15.6887 -1.9031 -3.447
2 24 -16.6277 -0.6304 -0.7773 -15.6887 -1.9031 -3.447
2 24 -15.6887 -1.9031 -3.447 -16.6277 -0.6304 -0.7773
2 24 -14.9421 0.0642 -4.4955 -16.4312 1.2142 -1.0412
2 24 -17.0373 3.5758 -2.099 -17.749 5.3733 5.1185
2 24 -16.4312 1.2142 -1.0412 -17.2063 2.9562 5.1222
2 24 -15.0198 3.3649 11.583 -17.749 5.3733 5.1185
2 24 -14.9417 2.3473 10.9844 -17.2063 2.9562 5.1222
2 24 -13.6608 3.2692 13.2673 -15.0858 6.2826 10.7221
2 24 -13.6608 3.2692 13.2673 -16.5539 6.8895 11.8258
2 24 -12.2613 5.8994 15.9274 -15.3992 8.4904 15.0755
2 24 -13.202 3.7092 15.0911 -16.551 7.3666 13.9745
2 24 -16.551 7.3666 13.9745 -18.3281 12.5632 12.9233
2 24 -15.3992 8.4904 15.0755 -17.3241 11.8037 14.1051
2 24 -16.5539 6.8895 11.8258 -18.2592 12.6367 10.6125
2 24 -16.551 7.3666 13.9745 -18.3281 12.5632 12.9233
2 24 -15.6172 8.2409 10.1126 -15.0858 6.2826 10.7221
2 24 -15.0858 6.2826 10.7221 -13.6608 3.2692 13.2673
2 24 -16.5539 6.8895 11.8258 -13.6608 3.2692 13.2673
2 24 -15.0858 6.2826 10.7221 -15.6172 8.2409 10.1126
2 24 -15.0858 6.2826 10.7221 -16.5449 8.0487 5.3598
2 24 -15.6172 8.2409 10.1126 -16.9147 9.4042 5.254
2 24 -15.0198 3.3649 11.583 -17.749 5.3733 5.1185
2 24 -15.0858 6.2826 10.7221 -16.5449 8.0487 5.3598
2 24 -16.5014 6.5185 -1.2029 -16.5449 8.0487 5.3598
2 24 -17.0373 3.5758 -2.099 -17.749 5.3733 5.1185
2 24 -14.363 8.9209 -5.4863 -14.4003 14.1927 0.731
2 24 -17.0392 9.2679 -0.0591 -16.9147 9.4042 5.254
2 24 -16.5014 6.5185 -1.2029 -16.5449 8.0487 5.3598
2 24 -16.7134 10.8951 5.1198 -17.0392 9.2679 -0.0591
2 24 -16.9147 9.4042 5.254 -17.0392 9.2679 -0.0591
2 24 -15.6172 8.2409 10.1126 -15.7337 10.9118 8.9129
2 24 -16.9147 9.4042 5.254 -15.6172 8.2409 10.1126
2 24 -16.7134 10.8951 5.1198 -15.7337 10.9118 8.9129
2 24 -16.7134 10.8951 5.1198 -15.7337 10.9118 8.9129
2 24 -15.7337 10.9118 8.9129 -14.8009 12.217 8.7062
2 24 -15.5393 12.3765 4.9069 -14.8009 12.217 8.7062
2 24 -17.0392 9.2679 -0.0591 -16.7134 10.8951 5.1198
2 24 -16.0215 10.7776 -0.523 -15.5393 12.3765 4.9069
2 24 -12.1522 15.016 10.7651 -13.8048 15.0367 6.7136
2 24 -12.1522 15.016 10.7651 -13.1965 14.0891 10.7329
2 24 -13.1965 14.0891 10.7329 -14.4822 14.3507 7.0174
2 24 -13.8048 15.0367 6.7136 -15.0119 13.1496 1.2094
2 24 -14.4822 14.3507 7.0174 -15.0119 13.1496 1.2094
2 24 -13.1965 14.0891 10.7329 -14.4822 14.3507 7.0174
2 24 -13.1965 14.0891 10.7329 -14.8009 12.217 8.7062
2 24 -14.8009 12.217 8.7062 -15.5393 12.3765 4.9069
2 24 -16.0215 10.7776 -0.523 -15.5393 12.3765 4.9069
2 24 -15.0119 13.1496 1.2094 -14.4822 14.3507 7.0174
2 24 -14.363 8.9209 -5.4863 -14.4003 14.1927 0.731
2 24 -14.363 8.9209 -5.4863 -12.5298 9.9117 -4.9119
2 24 -12.5298 9.9117 -4.9119 -13.3679 14.1397 0.3065
2 24 -13.3679 14.1397 0.3065 -11.8372 16.4643 5.854
2 24 -14.4003 14.1927 0.731 -12.9265 16.5155 6.4159
2 24 -14.4003 14.1927 0.731 -12.9265 16.5155 6.4159
2 24 -15.0119 13.1496 1.2094 -13.8048 15.0367 6.7136
2 24 -16.5539 6.8895 11.8258 -18.2592 12.6367 10.6125
2 24 -15.6172 8.2409 10.1126 -15.7337 10.9118 8.9129
2 24 -13.9356 14.2311 16.4594 -11.9553 21.6385 13.7962
2 24 -14.4717 14.1864 14.7432 -14.396 14.6644 13.2294
2 24 -14.4717 14.1864 14.7432 -15.9793 14.6411 13.882
2 24 -16.0952 12.1735 15.2757 -14.4717 14.1864 14.7432
2 24 -14.9819 15.1731 10.8029 -13.8584 14.3752 11.3478
2 24 -15.4071 15.2197 12.2831 -14.396 14.6644 13.2294
2 24 -13.8584 14.3752 11.3478 -14.396 14.6644 13.2294
2 24 -14.4717 14.1864 14.7432 -14.396 14.6644 13.2294
2 24 -14.4717 14.1864 14.7432 -15.9793 14.6411 13.882
2 24 -14.396 14.6644 13.2294 -15.4071 15.2197 12.2831
2 24 -15.9793 14.6411 13.882 -15.4071 15.2197 12.2831
2 24 -15.4071 15.2197 12.2831 -15.9793 14.6411 13.882
2 24 -15.9793 14.6411 13.882 -17.1407 16.317 12.5155
2 24 -17.1407 16.317 12.5155 -16.6353 16.7886 11.3633
2 24 -16.6353 16.7886 11.3633 -16.0201 16.4737 10.5123
2 24 -14.9819 15.1731 10.8029 -16.0201 16.4737 10.5123
2 24 -16.0201 16.4737 10.5123 -16.7029 16.2896 9.786
2 24 -16.0201 16.4737 10.5123 -16.6353 16.7886 11.3633
2 24 -16.7029 16.2896 9.786 -17.9664 16.5 10.6821
2 24 -16.6353 16.7886 11.3633 -17.9664 16.5 10.6821
2 24 -17.1407 16.317 12.5155 -16.6353 16.7886 11.3633
2 24 -17.1407 16.317 12.5155 -18.1419 15.9448 12.2764
2 24 -16.6353 16.7886 11.3633 -17.9664 16.5 10.6821
2 24 -18.1419 15.9448 12.2764 -17.9664 16.5 10.6821
2 24 -18.1419 15.9448 12.2764 -17.6091 13.9015 13.6174
2 24 -18.1419 15.9448 12.2764 -17.1407 16.317 12.5155
2 24 -15.9793 14.6411 13.882 -17.1407 16.317 12.5155
2 24 -16.9589 12.1868 14.6008 -17.6091 13.9015 13.6174
2 24 -17.3241 11.8037 14.1051 -17.6091 13.9015 13.6174
2 24 -17.6091 13.9015 13.6174 -18.1419 15.9448 12.2764
2 24 -18.3281 12.5632 12.9233 -18.1419 15.9448 12.2764
2 24 -18.2592 12.6367 10.6125 -17.9664 16.5 10.6821
2 24 -17.9664 16.5 10.6821 -18.1419 15.9448 12.2764
2 24 -18.3281 12.5632 12.9233 -18.1419 15.9448 12.2764
2 24 -18.2592 12.6367 10.6125 -17.9664 16.5 10.6821
2 24 -17.9664 16.5 10.6821 -16.7029 16.2896 9.786
2 24 -16.1087 14.0472 9.2842 -16.7029 16.2896 9.786
2 24 -16.1087 14.0472 9.2842 -16.7029 16.2896 9.786
2 24 -16.7029 16.2896 9.786 -16.0201 16.4737 10.5123
2 24 -14.9819 15.1731 10.8029 -16.0201 16.4737 10.5123
2 24 -16.1087 14.0472 9.2842 -14.8009 12.217 8.7062
2 24 -15.7337 10.9118 8.9129 -14.8009 12.217 8.7062
2 24 -14.9819 15.1731 10.8029 -13.8584 14.3752 11.3478
2 24 -16.1087 14.0472 9.2842 -13.8584 14.3752 11.3478
2 24 -13.8584 14.3752 11.3478 -13.1965 14.0891 10.7329
2 24 -13.8584 14.3752 11.3478 -16.1087 14.0472 9.2842
2 24 -13.1965 14.0891 10.7329 -14.8009 12.217 8.7062
2 24 -16.1087 14.0472 9.2842 -14.8009 12.217 8.7062
2 24 -10.3922 17.149 11.8975 -13.1965 14.0891 10.7329
2 24 -10.3922 17.149 11.8975 -12.1522 15.016 10.7651
2 24 -13.1965 14.0891 10.7329 -12.1522 15.016 10.7651
2 24 -9.1636 19.5524 13.7677 -8.0462 17.6904 13.6342
2 24 -10.3922 17.149 11.8975 -8.0462 17.6904 13.6342
2 24 -8.5212 18.127 11.5665 -12.9265 16.5155 6.4159
2 24 -11.8372 16.4643 5.854 -7.8255 18.0558 10.5805
2 24 -12.9265 16.5155 6.4159 -8.5212 18.127 11.5665
2 24 -8.5212 18.127 11.5665 -4.4412 18.7606 13.6233
2 24 -1.9949 18.9685 14.4344 1.3886 18.9775 14.486
2 24 1.3886 18.9775 14.486 2.939 18.8729 14.071
2 24 7.9303 18.1143 10.665 -0.4467 18.8911 13.187
2 24 2.939 18.8729 14.071 4.3521 18.9103 13.7713
2 24 8.3927 18.3977 11.9668 4.3521 18.9103 13.7713
2 24 16.2598 16.5486 -2.9354 14.6749 17.0852 -2.6959
2 24 16.2598 16.5486 -2.9354 14.8934 10.5929 -1.9969
2 24 14.6749 17.0852 -2.6959 12.987 15.9982 -2.6266
2 24 -16.9589 12.1868 14.6008 -17.6091 13.9015 13.6174
2 24 -17.3241 11.8037 14.1051 -17.6091 13.9015 13.6174
2 24 -9.957 0.9815 15.2925 -12.0055 1.6395 14.2227
2 24 -9.957 0.9815 15.2925 -11.9533 1.0329 13.9849
2 24 -9.8703 7.0743 -8.5262 -10.2237 10.7294 -8.2155
2 24 -4.3205 1.9117 -11.3673 -5.3624 2.4058 -11.3116
2 24 -5.3624 2.4058 -11.3116 -7.3605 2.6575 -10.1726
2 24 -5.1532 1.3039 -10.0711 -8.5095 1.3164 -7.7392
2 24 -5.1532 1.3039 -10.0711 -0.3646 1.3442 -11.4686
2 24 -4.3205 1.9117 -11.3673 -0.7646 2.3143 -12.3616
2 24 -0.7646 2.3143 -12.3616 3.2339 4.2649 -12.4977
2 24 -0.3646 1.3442 -11.4686 3.8414 1.3324 -10.8581
2 24 3.8414 1.3324 -10.8581 4.5094 3.3899 -11.8972
2 24 3.2339 4.2649 -12.4977 5.6485 6.9796 -11.751
2 24 -9.8703 7.0743 -8.5262 -9.3149 4.3402 -9.1044
2 24 -12.5298 9.9117 -4.9119 -13.3679 14.1397 0.3065
2 24 -12.2567 1.52 -4.0963 -12.7845 -0.9827 0.5977
2 24 -13.3679 14.1397 0.3065 -11.8372 16.4643 5.854
2 24 -12.7845 -0.9827 0.5977 -10.9838 -2.6268 6.4366
2 24 -6.2426 -3.4981 10.9843 -0.0628 -3.6882 12.9286
2 24 -7.8255 18.0558 10.5805 -0.4467 18.8911 13.187
2 24 12.7903 -0.7075 0 10.9988 -2.7103 6.316
2 24 12.9455 13.7917 2.4673 11.1727 16.5818 7.2381
2 24 12.987 15.9982 -2.6266 12.1322 15.317 -5.1309
2 24 12.987 15.9982 -2.6266 13.124 11.1429 -1.5348
2 24 12.7903 -0.7075 0 10.6147 1.0354 -6.4366
2 24 12.1322 15.317 -5.1309 11.2622 15.4785 -6.925
2 24 11.2622 15.4785 -6.925 9.6896 14.883 -8.9915
2 24 9.6896 14.883 -8.9915 7.9649 11.0022 -10.4361
2 24 10.6147 1.0354 -6.4366 5.9648 1.1353 -10.6381
2 24 -0.4467 18.8911 13.187 7.9303 18.1143 10.665
2 24 -0.0628 -3.6882 12.9286 6.4366 -3.4997 10.8638
2 24 5.9648 1.1353 -10.6381 5.0101 1.1066 -11.2391
2 24 5.6485 6.9796 -11.751 7.9649 11.0022 -10.4361
2 24 4.5094 3.3899 -11.8972 5.0101 1.1066 -11.2391
2 24 4.5094 3.3899 -11.8972 3.8414 1.3324 -10.8581
2 24 4.5094 3.3899 -11.8972 5.0101 1.1066 -11.2391
2 24 3.8414 1.3324 -10.8581 4.1029 -1.1286 -10.5876
2 24 5.0101 1.1066 -11.2391 4.1029 -1.1286 -10.5876
2 24 -9.706 4.2408 -8.5258 -10.238 2.349 -7.8549
2 24 -9.706 4.2408 -8.5258 -8.5095 1.3164 -7.7392
2 24 -10.238 2.349 -7.8549 -9.5507 0.7837 -7.4589
2 24 -10.238 2.349 -7.8549 -12.2567 1.52 -4.0963
2 24 -10.238 2.349 -7.8549 -9.5507 0.7837 -7.4589
2 24 7.1578 0 4.1338 4.1317 0 7.16
2 24 7.1578 -5.3982 4.1338 4.1317 -5.958 7.16
2 24 4.1317 0 7.16 -0.0021 0 8.2676
2 24 4.1317 -5.958 7.16 -0.0021 -6.0842 8.2676
2 24 -0.0021 0 8.2676 -4.1359 0 7.16
2 24 -0.0021 -6.0842 8.2676 -4.1359 -5.958 7.16
2 24 -4.1359 0 7.16 -7.1621 0 4.1338
2 24 -4.1359 -5.958 7.16 -7.1621 -5.3982 4.1338
2 24 -7.1621 0 4.1338 -8.309 0 0
2 24 -7.1621 -5.3982 4.1338 -8.309 -4.6068 0
2 24 -8.309 0 0 -7.1621 0 -4.1338
2 24 -8.309 -4.6068 0 -7.1621 -3.158 -4.1338
2 24 -7.1621 -3.158 -4.1338 -4.1359 -3.158 -7.16
2 24 -7.1621 0 -4.1338 -4.1359 0 -7.16
2 24 -4.1359 -3.158 -7.16 -0.0021 -3.158 -8.2676
2 24 -4.1359 0 -7.16 -0.0021 0 -8.2676
2 24 -0.0021 -3.158 -8.2676 4.1317 -3.158 -7.16
2 24 -0.0021 0 -8.2676 4.1317 0 -7.16
2 24 4.1317 -3.158 -7.16 7.1578 -3.158 -4.1338
2 24 4.1317 0 -7.16 7.1578 0 -4.1338
2 24 7.1578 0 -4.1338 8.2655 0 0
2 24 7.1578 -3.158 -4.1338 8.2655 -4.6068 0
2 24 7.1578 0 4.1338 8.2655 0 0
2 24 7.1578 -5.3982 4.1338 8.2655 -4.6068 0
2 24 7.1578 -5.3982 4.1338 4.1317 -5.958 7.16
2 24 9.235 -5.7267 5.1929 5.1929 -6.5724 9.2155
2 24 4.1317 -5.958 7.16 -0.0021 -6.0842 8.2676
2 24 5.1929 -6.5724 9.2155 0 -6.8463 10.7259
2 24 -0.0021 -6.0842 8.2676 -4.1359 -5.958 7.16
2 24 0 -6.8463 10.7259 -5.1929 -6.5724 9.2155
2 24 -4.1359 -5.958 7.16 -7.1621 -5.3982 4.1338
2 24 -5.1929 -6.5724 9.2155 -9.235 -5.7267 5.1929
2 24 -9.235 -5.7267 5.1929 -10.5133 -4.9491 -0.039
2 24 -7.1621 -5.3982 4.1338 -8.309 -4.6068 0
2 24 -8.309 -4.6068 0 -7.1621 -3.158 -4.1338
2 24 -10.5133 -4.9491 -0.039 -8.9944 -3.0749 -5.1929
2 24 -7.1621 -3.158 -4.1338 -4.1359 -3.158 -7.16
2 24 -8.9944 -3.0749 -5.1929 -5.1929 -3.1292 -8.859
2 24 -4.1359 -3.158 -7.16 -0.0021 -3.158 -8.2676
2 24 -5.1929 -3.1292 -8.859 0 -3.0821 -10.3491
2 24 4.1317 -3.158 -7.16 7.1578 -3.158 -4.1338
2 24 5.1929 -3.1292 -8.859 8.9944 -3.0749 -5.1929
2 24 7.1578 -3.158 -4.1338 8.2655 -4.6068 0
2 24 8.9944 -3.0749 -5.1929 10.3859 -4.9491 0
2 24 7.1578 -5.3982 4.1338 8.2655 -4.6068 0
2 24 9.235 -5.7267 5.1929 10.3859 -4.9491 0
2 24 10.9988 -2.7103 6.316 6.4366 -3.4997 10.8638
2 24 9.235 -5.7267 5.1929 5.1929 -6.5724 9.2155
2 24 5.1929 -6.5724 9.2155 0 -6.8463 10.7259
2 24 6.4366 -3.4997 10.8638 -0.0628 -3.6882 12.9286
2 24 0 -6.8463 10.7259 -5.1929 -6.5724 9.2155
2 24 -0.0628 -3.6882 12.9286 -6.2426 -3.4981 10.9843
2 24 -5.1929 -6.5724 9.2155 -9.235 -5.7267 5.1929
2 24 -6.2426 -3.4981 10.9843 -10.9838 -2.6268 6.4366
2 24 -9.235 -5.7267 5.1929 -10.5133 -4.9491 -0.039
2 24 -10.9838 -2.6268 6.4366 -12.7845 -0.9827 0.5977
2 24 -5.1929 -3.1292 -8.859 0 -3.0821 -10.3491
2 24 -5.1584 -1.0966 -9.8947 -0.0003 -0.9985 -11.3384
2 24 -0.0003 -0.9985 -11.3384 4.1029 -1.1286 -10.5876
2 24 0 -3.0821 -10.3491 5.1929 -3.1292 -8.859
2 24 5.1929 -3.1292 -8.859 8.9944 -3.0749 -5.1929
2 24 10.6147 1.0354 -6.4366 5.9648 1.1353 -10.6381
2 24 8.9944 -3.0749 -5.1929 10.3859 -4.9491 0
2 24 10.6147 1.0354 -6.4366 12.7903 -0.7075 0
2 24 9.235 -5.7267 5.1929 10.3859 -4.9491 0
2 24 10.9988 -2.7103 6.316 12.7903 -0.7075 0
2 24 -8.5095 1.3164 -7.7392 -5.1532 1.3039 -10.0711
2 24 -8.243 -1.2172 -7.7324 -5.1584 -1.0966 -9.8947
2 24 -5.1532 1.3039 -10.0711 -0.3646 1.3442 -11.4686
2 24 -5.1584 -1.0966 -9.8947 -0.0003 -0.9985 -11.3384
2 24 -0.3646 1.3442 -11.4686 3.8414 1.3324 -10.8581
2 24 -0.0003 -0.9985 -11.3384 4.1029 -1.1286 -10.5876
2 24 3.8414 1.3324 -10.8581 4.1029 -1.1286 -10.5876
2 24 5.9648 1.1353 -10.6381 5.0101 1.1066 -11.2391
2 24 4.1029 -1.1286 -10.5876 5.0101 1.1066 -11.2391
2 24 -0.0021 -3.158 -8.2676 4.1317 -3.158 -7.16
2 24 0 -3.0821 -10.3491 5.1929 -3.1292 -8.859
2 24 -12.2567 1.52 -4.0963 -12.7845 -0.9827 0.5977
2 24 -10.5133 -4.9491 -0.039 -8.9944 -3.0749 -5.1929
2 24 -9.5507 0.7837 -7.4589 -8.243 -1.2172 -7.7324
2 24 -9.5507 0.7837 -7.4589 -8.243 -1.2172 -7.7324
2 24 7.6792 -3.8038 -10.3998 10.8577 -1.7256 -9.3271
2 24 11.7509 -2.6677 -8.6942 7.6792 -3.8038 -10.3998
2 24 13.9806 0.0816 -6.2522 10.8577 -1.7256 -9.3271
2 24 14.1867 4.7165 -6.1889 10.8577 -1.7256 -9.3271
2 24 10.8577 -1.7256 -9.3271 13.9611 1.0558 -6.8357
2 24 14.1867 4.7165 -6.1889 14.8934 10.5929 -1.9969
2 24 14.1867 4.7165 -6.1889 15.9807 9.1674 -1.4359
2 24 -14.9421 0.0642 -4.4955 -13.3001 -0.0318 -7.5671
2 24 -15.5055 1.8757 -5.012 -13.3001 -0.0318 -7.5671
2 24 -1.8151 -6.6076 16.2219 -4.5436 -5.1198 16.7493
2 24 -3.9519 2.7718 22.4069 -2.1367 5.8035 22.3072
2 24 -2.9495 2.7641 22.6755 -2.1367 5.8035 22.3072
2 24 -11.3026 13.9006 -9.5719 -11.9417 14.627 -8.8424
2 24 -11.3026 13.9006 -9.5719 -10.3535 13.6589 -8.0628
2 24 -11.9417 14.627 -8.8424 -10.932 14.3971 -7.4113
2 24 -10.3535 13.6589 -8.0628 -10.932 14.3971 -7.4113
2 24 -14.752 11.0157 -7.4838 -15.27 5.7819 -7.7808
2 24 -12.5298 9.9117 -4.9119 -11.5732 13.5708 -6.2609
2 24 -10.2237 10.7294 -8.2155 -10.3535 13.6589 -8.0628
2 24 -11.5732 13.5708 -6.2609 -10.932 14.3971 -7.4113
2 24 -10.3535 13.6589 -8.0628 -10.932 14.3971 -7.4113
2 24 -16.4769 -2.1788 -0.932 -15.6887 -1.9031 -3.447
2 24 -16.693 -1.1235 -0.1064 -15.6887 -1.9031 -3.447
2 24 -0.467 7.1639 23.0262 0.0357 8.7617 21.213
2 24 0.2253 7.7095 22.7234 0.0357 8.7617 21.213
2 24 -0.0014 1.8646 25.0372 -0.6748 5.0102 24.1729
2 24 -0.6748 5.0102 24.1729 0.0529 3.7888 24.8321
2 24 0.6654 2.3574 25.0961 0.0529 3.7888 24.8321
2 24 -1.6362 8.5354 21.2603 -5.0368 6.6515 21.6081
2 24 -1.6362 8.5354 21.2603 -4.3602 5.1645 22.452
2 24 0.0357 8.7617 21.213 -1.6362 8.5354 21.2603
2 24 -2.1367 5.8035 22.3072 0.0357 8.7617 21.213
2 24 -4.3602 5.1645 22.452 -1.6362 8.5354 21.2603
2 24 -10.9838 -2.6268 6.4366 -6.2426 -3.4981 10.9843
2 24 -11.8372 16.4643 5.854 -7.8255 18.0558 10.5805
2 24 -5.1929 -3.1292 -8.859 -8.9944 -3.0749 -5.1929
2 24 -5.1584 -1.0966 -9.8947 -8.243 -1.2172 -7.7324
2 24 -12.2567 1.52 -4.0963 -10.238 2.349 -7.8549
2 24 -9.706 4.2408 -8.5258 -10.238 2.349 -7.8549
2 24 -8.5095 1.3164 -7.7392 -9.706 4.2408 -8.5258
2 24 -7.3605 2.6575 -10.1726 -9.3149 4.3402 -9.1044
2 24 12.987 15.9982 -2.6266 13.124 11.1429 -1.5348
2 24 14.8934 10.5929 -1.9969 13.124 11.1429 -1.5348
2 24 -7.0744 0.176 -13.3943 -8.68 -1.8235 -11.5843
2 24 12.9455 13.7917 2.4673 11.1727 16.5818 7.2381
2 24 14.0351 14.9316 5.032 12.1959 16.854 8.2398
2 24 10.9988 -2.7103 6.316 6.4366 -3.4997 10.8638
2 24 11.1727 16.5818 7.2381 7.9303 18.1143 10.665
2 24 9.4414 16.7063 13.3632 9.0103 18.2083 11.535
2 24 11.9712 16.485 10.9229 11.2598 15.9731 13.2871
2 24 12.1959 16.854 8.2398 9.0103 18.2083 11.535
2 24 12.9455 13.7917 2.4673 13.124 11.1429 -1.5348
2 24 -10.3922 17.149 11.8975 -12.1522 15.016 10.7651
2 24 -13.8048 15.0367 6.7136 -12.1522 15.016 10.7651
2 24 -5.2924 10.5314 18.116 -4.9959 10.7408 17.6431
2 24 -6.3829 12.7373 16.9369 -4.9959 10.7408 17.6431
2 24 -14.396 14.6644 13.2294 -13.8584 14.3752 11.3478
2 24 -13.8584 14.3752 11.3478 -11.7727 21.1178 12.1513
2 24 -11.9553 21.6385 13.7962 -11.7727 21.1178 12.1513
2 24 -10.7566 18.8835 12.2828 -13.8584 14.3752 11.3478
2 24 -13.1965 14.0891 10.7329 -13.8584 14.3752 11.3478
2 24 -13.8584 14.3752 11.3478 -11.7727 21.1178 12.1513
2 24 -11.7727 21.1178 12.1513 -9.8197 21.2588 13.2455
2 24 -9.1636 19.5524 13.7677 -9.8197 21.2588 13.2455
2 24 -9.8197 21.2588 13.2455 -10.2496 21.419 14.3099
2 24 -11.2823 21.6427 14.2863 -10.2496 21.419 14.3099
2 24 16.037 2.9046 -3.8082 13.9611 1.0558 -6.8357
2 24 12.0206 -0.6973 16.6249 11.0521 -2.5721 17.7267
2 24 0.0357 8.7617 21.213 0.3788 9.6995 19.9435
2 24 0.3788 9.6995 19.9435 0.2796 10.2404 18.1336
2 24 -0.8608 10.5772 18.4416 0.2796 10.2404 18.1336
2 24 7.1631 9.6868 22.6562 7.1009 11.1525 20.0889
2 24 -2.1367 5.8035 22.3072 -2.1105 1.8745 22.7889
2 24 -2.1367 5.8035 22.3072 0.0357 8.7617 21.213
2 24 -0.467 7.1639 23.0262 0.0357 8.7617 21.213
2 24 1.0472 -4.2913 -12.4649 0.1017 -4.6569 -12.1906
2 24 4.6359 -6.4975 -9.7017 0.1017 -4.6569 -12.1906
2 24 1.0472 -4.2913 -12.4649 9.3073 -7.4379 -6.9368
2 24 -9.3412 18.5569 15.861 -8.3421 15.5224 17.2803
2 24 7.1009 11.1525 20.0889 7.2496 11.9187 17.5159
2 24 6.2055 12.1622 17.4275 7.2496 11.9187 17.5159
2 24 1.1591 10.8933 18.3637 0.2796 10.2404 18.1336
2 24 0.3788 9.6995 19.9435 0.2796 10.2404 18.1336
2 24 3.1513 11.9226 17.9498 2.3975 11.6989 18.4068
2 24 0.3788 9.6995 19.9435 3.1428 9.7183 22.5403
2 24 1.1591 10.8933 18.3637 2.3975 11.6989 18.4068
2 24 6.1843 10.0253 22.1595 5.1542 10.3069 22.0987
2 24 4.2678 12.0514 18.0091 6.2055 12.1622 17.4275
2 24 -7.8255 18.0558 10.5805 -0.4467 18.8911 13.187
2 24 -4.4412 18.7606 13.6233 -1.9949 18.9685 14.4344
2 24 12.9455 13.7917 2.4673 13.124 11.1429 -1.5348
2 24 14.4789 13.2734 2.9949 14.8934 10.5929 -1.9969
2 24 13.124 11.1429 -1.5348 14.8934 10.5929 -1.9969
2 24 -10.4688 13.4926 18.4051 -11.8191 11.4106 18.2211
2 24 -5.0655 9.8487 19.6424 -9.7088 13.1151 20.0485
2 24 -5.0655 9.8487 19.6424 -7.0733 7.9491 20.3972
2 24 -9.7088 13.1151 20.0485 -10.794 11.5501 20.5819
2 24 -7.0733 7.9491 20.3972 -10.794 11.5501 20.5819
2 24 -7.0733 7.9491 20.3972 -10.794 11.5501 20.5819
2 24 -7.0733 7.9491 20.3972 -8.2291 7.7757 18.8056
2 24 -10.794 11.5501 20.5819 -11.8191 11.4106 18.2211
2 24 -8.2291 7.7757 18.8056 -11.8191 11.4106 18.2211
2 24 -5.0655 9.8487 19.6424 -5.1567 10.265 18.8519
2 24 -5.0655 9.8487 19.6424 -9.7088 13.1151 20.0485
2 24 -5.1567 10.265 18.8519 -5.2924 10.5314 18.116
2 24 -5.2924 10.5314 18.116 -9.9612 13.7108 18.2858
2 24 -9.7088 13.1151 20.0485 -9.9612 13.7108 18.2858
2 24 -13.9356 14.2311 16.4594 -14.0237 13.7293 17.5842
2 24 -14.0237 13.7293 17.5842 -15.3184 12.2077 17.9389
2 24 -15.3184 12.2077 17.9389 -16.0952 12.1735 15.2757
2 24 -14.4717 14.1864 14.7432 -16.0952 12.1735 15.2757
2 24 -14.0237 13.7293 17.5842 -15.3184 12.2077 17.9389
2 24 -12.7152 12.5417 17.9094 -14.0237 13.7293 17.5842
2 24 -15.3184 12.2077 17.9389 -13.7951 10.4057 18.2153
2 24 -11.8191 11.4106 18.2211 -8.2291 7.7757 18.8056
2 24 -13.7951 10.4057 18.2153 -9.1563 5.6964 18.8855
2 24 -8.2291 7.7757 18.8056 -9.1563 5.6964 18.8855
2 24 -16.0952 12.1735 15.2757 -14.3364 10.0406 16.3545
2 24 -16.0952 12.1735 15.2757 -15.3184 12.2077 17.9389
2 24 -15.3184 12.2077 17.9389 -13.7951 10.4057 18.2153
2 24 -14.3364 10.0406 16.3545 -9.8084 5.465 17.3838
2 24 -9.8084 5.465 17.3838 -9.1563 5.6964 18.8855
2 24 -13.7951 10.4057 18.2153 -9.1563 5.6964 18.8855
2 24 -11.8191 11.4106 18.2211 -10.794 11.5501 20.5819
2 24 -11.8191 11.4106 18.2211 -10.4688 13.4926 18.4051
2 24 -10.794 11.5501 20.5819 -9.7088 13.1151 20.0485
2 24 -10.4688 13.4926 18.4051 -9.7088 13.1151 20.0485
2 24 19.4964 -10.0773 15.4068 19.3097 -10.1716 14.2199
2 24 16.406 -9.1493 12.3982 12.5915 -5.9902 12.9434
2 24 17.2655 -8.5924 13.9734 12.6912 -5.0584 13.4217
2 24 17.5531 -8.154 16.8733 12.1924 -3.5512 17.577
2 24 14.0061 -11.3007 18.547 13.8754 -11.9917 16.9026
2 24 14.0061 -11.3007 18.547 16.9512 -13.2301 17.8818
2 24 16.9512 -13.2301 17.8818 16.207 -13.9365 15.8199
2 24 13.3785 -11.9809 13.9296 9.4244 -8.7355 14.572
2 24 12.4171 -11.1704 15.0944 9.1249 -8.4846 14.8632
2 24 10.5833 -14.3131 20.8177 12.217 -13.0468 20.7593
2 24 13.4505 -10.7304 18.6066 8.3415 -5.4874 19.1546
2 24 16.207 -13.9365 15.8199 15.7683 -13.9422 13.5414
2 24 16.9512 -13.2301 17.8818 18.6171 -11.7486 17.4026
2 24 13.3785 -11.9809 13.9296 9.4244 -8.7355 14.572
2 24 3.143 -7.0574 20.1833 9.8706 -13.6181 20.7569
2 24 14.0061 -11.3007 18.547 13.8754 -11.9917 16.9026
2 24 12.9801 -10.8598 20.1196 7.9248 -5.8639 19.8268
2 24 10.1907 -15.1224 16.32 11.8061 -13.6461 15.5858
2 24 11.8061 -13.6461 15.5858 13.3986 -11.971 15.1633
2 24 13.8754 -11.9917 16.9026 13.3986 -11.971 15.1633
2 24 16.207 -13.9365 15.8199 15.7683 -13.9422 13.5414
2 24 15.7683 -13.9422 13.5414 16.3728 -13.1619 13.0606
2 24 19.3097 -10.1716 14.2199 18.2464 -10.6735 12.1351
2 24 12.4171 -11.1704 15.0944 9.1249 -8.4846 14.8632
2 24 9.5572 -14.5116 16.3013 3.1639 -8.3469 16.1132
2 24 9.5572 -14.5116 16.3013 3.1639 -8.3469 16.1132
2 24 9.8706 -13.6181 20.7569 3.143 -7.0574 20.1833
2 24 13.4505 -10.7304 18.6066 8.3415 -5.4874 19.1546
2 24 12.9801 -10.8598 20.1196 7.9248 -5.8639 19.8268
2 24 -9.9612 13.7108 18.2858 -10.4688 13.4926 18.4051
2 24 -9.7088 13.1151 20.0485 -9.9612 13.7108 18.2858
2 24 -9.7088 13.1151 20.0485 -10.4688 13.4926 18.4051
2 24 -12.7152 12.5417 17.9094 -13.9356 14.2311 16.4594
2 24 -14.0237 13.7293 17.5842 -12.7152 12.5417 17.9094
2 24 -14.0237 13.7293 17.5842 -13.9356 14.2311 16.4594
2 24 12.5915 -5.9902 12.9434 16.406 -9.1493 12.3982
2 24 12.217 -13.0468 20.7593 13.5792 -11.4519 20.1543
2 24 12.1924 -3.5512 17.577 17.5531 -8.154 16.8733
2 24 19.4964 -10.0773 15.4068 19.6831 -9.9829 16.5937
2 24 10.4171 -14.6897 19.7375 10.251 -15.0663 18.6574
2 24 16.3728 -13.1619 13.0606 16.9773 -12.3815 12.5798
2 24 3.1639 -8.3469 16.1132 2.1045 -7.3254 16.082
2 24 4.3428 -7.6031 15.1498 2.1045 -7.3254 16.082
2 24 9.1249 -8.4846 14.8632 8.0822 -7.634 14.79
2 24 4.3428 -7.6031 15.1498 8.0822 -7.634 14.79
2 24 9.1249 -8.4846 14.8632 8.0822 -7.634 14.79
2 24 9.4244 -8.7355 14.572 8.0822 -7.634 14.79
2 24 9.4244 -8.7355 14.572 8.0822 -7.634 14.79
2 24 9.831 -6.4889 13.5937 8.0822 -7.634 14.79
2 24 9.831 -6.4889 13.5937 11.0329 -6.5066 13.4072
2 24 11.0329 -6.5066 13.4072 11.9374 -5.4485 13.0369
2 24 12.5915 -5.9902 12.9434 11.9374 -5.4485 13.0369
2 24 12.5915 -5.9902 12.9434 11.9374 -5.4485 13.0369
2 24 11.9374 -5.4485 13.0369 11.6266 -4.2358 13.2933
2 24 12.6912 -5.0584 13.4217 11.6266 -4.2358 13.2933
2 24 11.6266 -4.2358 13.2933 11.4204 -3.5725 14.8305
2 24 11.4204 -3.5725 14.8305 11.3513 -2.9798 15.3707
2 24 12.1924 -3.5512 17.577 11.0521 -2.5721 17.7267
2 24 11.0521 -2.5721 17.7267 11.0195 -2.8459 16.0999
2 24 12.1924 -3.5512 17.577 11.0521 -2.5721 17.7267
2 24 11.0521 -2.5721 17.7267 9.6054 -3.8618 18.6655
2 24 9.6054 -3.8618 18.6655 7.5906 -4.7167 19.2352
2 24 8.3415 -5.4874 19.1546 7.5906 -4.7167 19.2352
2 24 8.3415 -5.4874 19.1546 7.5906 -4.7167 19.2352
2 24 7.5906 -4.7167 19.2352 6.8811 -4.8325 19.7663
2 24 7.9248 -5.8639 19.8268 6.8811 -4.8325 19.7663
2 24 7.9248 -5.8639 19.8268 6.8811 -4.8325 19.7663
2 24 6.8811 -4.8325 19.7663 3.6323 -4.8172 20.2581
2 24 3.6323 -4.8172 20.2581 1.8097 -5.7572 20.0696
2 24 3.143 -7.0574 20.1833 1.8097 -5.7572 20.0696
2 24 1.5421 -6.127 18.8129 1.8097 -5.7572 20.0696
2 24 3.143 -7.0574 20.1833 1.8097 -5.7572 20.0696
2 24 1.5421 -6.127 18.8129 2.2255 -7.1758 17.3105
2 24 3.1639 -8.3469 16.1132 2.1045 -7.3254 16.082
2 24 2.2255 -7.1758 17.3105 2.1045 -7.3254 16.082
2 24 12.217 -13.0468 20.7593 10.5833 -14.3131 20.8177
2 24 9.8706 -13.6181 20.7569 10.5833 -14.3131 20.8177
2 24 12.217 -13.0468 20.7593 13.5792 -11.4519 20.1543
2 24 12.9801 -10.8598 20.1196 13.5792 -11.4519 20.1543
2 24 13.4505 -10.7304 18.6066 14.0061 -11.3007 18.547
2 24 14.0061 -11.3007 18.547 13.5792 -11.4519 20.1543
2 24 12.9801 -10.8598 20.1196 13.5792 -11.4519 20.1543
2 24 14.0061 -11.3007 18.547 16.9512 -13.2301 17.8818
2 24 16.9512 -13.2301 17.8818 18.6171 -11.7486 17.4026
2 24 17.5531 -8.154 16.8733 19.6831 -9.9829 16.5937
2 24 18.6171 -11.7486 17.4026 19.6831 -9.9829 16.5937
2 24 17.5531 -8.154 16.8733 19.6831 -9.9829 16.5937
2 24 19.6831 -9.9829 16.5937 19.4964 -10.0773 15.4068
2 24 19.4964 -10.0773 15.4068 19.3097 -10.1716 14.2199
2 24 16.406 -9.1493 12.3982 18.2464 -10.6735 12.1351
2 24 19.3097 -10.1716 14.2199 18.2464 -10.6735 12.1351
2 24 16.406 -9.1493 12.3982 18.2464 -10.6735 12.1351
2 24 16.9773 -12.3815 12.5798 18.2464 -10.6735 12.1351
2 24 16.9773 -12.3815 12.5798 16.3728 -13.1619 13.0606
2 24 13.3785 -11.9809 13.9296 15.7683 -13.9422 13.5414
2 24 16.3728 -13.1619 13.0606 15.7683 -13.9422 13.5414
2 24 12.4171 -11.1704 15.0944 13.3986 -11.971 15.1633
2 24 13.3785 -11.9809 13.9296 15.7683 -13.9422 13.5414
2 24 12.4171 -11.1704 15.0944 13.3986 -11.971 15.1633
2 24 11.8061 -13.6461 15.5858 13.3986 -11.971 15.1633
2 24 9.5572 -14.5116 16.3013 10.1907 -15.1224 16.32
2 24 11.8061 -13.6461 15.5858 10.1907 -15.1224 16.32
2 24 10.251 -15.0663 18.6574 10.1907 -15.1224 16.32
2 24 9.5572 -14.5116 16.3013 10.1907 -15.1224 16.32
2 24 10.251 -15.0663 18.6574 10.4171 -14.6897 19.7375
2 24 9.8706 -13.6181 20.7569 10.5833 -14.3131 20.8177
2 24 10.4171 -14.6897 19.7375 10.5833 -14.3131 20.8177
2 24 13.4505 -10.7304 18.6066 14.0061 -11.3007 18.547
2 24 18.6171 -11.7486 17.4026 19.6831 -9.9829 16.5937
2 24 16.207 -13.9365 15.8199 16.9512 -13.2301 17.8818
2 24 18.2464 -10.6735 12.1351 16.9773 -12.3815 12.5798
2 24 14.0061 -11.3007 18.547 13.5792 -11.4519 20.1543
2 24 10.1907 -15.1224 16.32 10.251 -15.0663 18.6574
2 24 13.8754 -11.9917 16.9026 13.3986 -11.971 15.1633
2 24 10.5833 -14.3131 20.8177 10.4171 -14.6897 19.7375
2 24 11.3513 -2.9798 15.3707 11.0195 -2.8459 16.0999
0 STEP
