0 Owl, Small
0 Name: bl_3753.dat
0 Author: 
0 BL_Item_No 3753
0 BFC CERTIFY CCW
3 16 0 -26.896 -13.4125 -1.2322 -26.593 -12.7546 0 -25.9918 -13.1768
3 16 0 -25.9918 -13.1768 -1.2322 -26.593 -12.7546 -0.8748 -25.5117 -12.6373
3 16 0 -30.4101 -12.7027 -1.6001 -29.393 -12.6809 0 -28.625 -13.42
3 16 0 -28.625 -13.42 -1.6001 -29.393 -12.6809 -1.4009 -28.1272 -12.8596
3 16 0 -34.6877 -9.7927 -3.1716 -35.14 -8.9033 -3.1336 -31.8211 -11.5121
3 16 -3.1336 -31.8211 -11.5121 -3.1716 -35.14 -8.9033 -5.0266 -33.1118 -9.9552
3 16 -6.1089 -35.1983 -5.8883 -7.0289 -32.9256 -7.9558 -3.1716 -35.14 -8.9033
3 16 -3.1716 -35.14 -8.9033 -7.0289 -32.9256 -7.9558 -5.0266 -33.1118 -9.9552
3 16 -6.1089 -35.1983 -5.8883 -9.3314 -31.9239 -5.0833 -7.0289 -32.9256 -7.9558
3 16 -7.0289 -32.9256 -7.9558 -9.3314 -31.9239 -5.0833 -8.5833 -31.4354 -6.4832
3 16 -8.5833 -31.4354 -6.4832 -9.3314 -31.9239 -5.0833 -8.7641 -28.4761 -6.6159
3 16 -8.7641 -28.4761 -6.6159 -9.3314 -31.9239 -5.0833 -10.078 -27.8101 -4.4166
3 16 -10.078 -27.8101 -4.4166 -9.0417 -25.1014 -5.6845 -8.7641 -28.4761 -6.6159
3 16 -8.7641 -28.4761 -6.6159 -9.0417 -25.1014 -5.6845 -7.5732 -26.3403 -7.8725
3 16 -5.3986 -25.6522 -9.3606 -7.5732 -26.3403 -7.8725 -6.6187 -23.9732 -8.0141
3 16 -6.6187 -23.9732 -8.0141 -7.5732 -26.3403 -7.8725 -9.0417 -25.1014 -5.6845
3 16 -3.3642 -31.1286 -10.9162 -2.4896 -30.1891 -11.6481 -3.1336 -31.8211 -11.5121
3 16 -3.1336 -31.8211 -11.5121 -2.4896 -30.1891 -11.6481 -2.152 -30.6485 -12.2804
3 16 -4.9843 -32.1466 -9.4148 -3.3642 -31.1286 -10.9162 -5.0266 -33.1118 -9.9552
3 16 -5.0266 -33.1118 -9.9552 -3.3642 -31.1286 -10.9162 -3.1336 -31.8211 -11.5121
3 16 -6.6271 -32.1048 -7.8582 -4.9843 -32.1466 -9.4148 -7.0289 -32.9256 -7.9558
3 16 -7.0289 -32.9256 -7.9558 -4.9843 -32.1466 -9.4148 -5.0266 -33.1118 -9.9552
3 16 -8.5833 -31.4354 -6.4832 -7.9539 -31.0155 -6.7704 -7.0289 -32.9256 -7.9558
3 16 -7.0289 -32.9256 -7.9558 -7.9539 -31.0155 -6.7704 -6.6271 -32.1048 -7.8582
3 16 -8.0472 -28.7094 -6.8893 -7.9539 -31.0155 -6.7704 -8.7641 -28.4761 -6.6159
3 16 -8.7641 -28.4761 -6.6159 -7.9539 -31.0155 -6.7704 -8.5833 -31.4354 -6.4832
3 16 -2.765 -26.5008 -10.9642 -5.1351 -26.3336 -9.3323 -2.5721 -25.7636 -11.0555
3 16 -2.5721 -25.7636 -11.0555 -5.1351 -26.3336 -9.3323 -5.3986 -25.6522 -9.3606
3 16 -5.1351 -26.3336 -9.3323 -6.9447 -26.9404 -7.9806 -5.3986 -25.6522 -9.3606
3 16 -5.3986 -25.6522 -9.3606 -6.9447 -26.9404 -7.9806 -7.5732 -26.3403 -7.8725
3 16 -6.9447 -26.9404 -7.9806 -8.0472 -28.7094 -6.8893 -7.5732 -26.3403 -7.8725
3 16 -7.5732 -26.3403 -7.8725 -8.0472 -28.7094 -6.8893 -8.7641 -28.4761 -6.6159
3 16 -1.6231 -27.9281 -12.1289 -2.765 -26.5008 -10.9642 -1.5029 -26.0815 -12.0936
3 16 -1.5029 -26.0815 -12.0936 -2.765 -26.5008 -10.9642 -2.5721 -25.7636 -11.0555
3 16 0 -28.625 -13.42 -1.4009 -28.1272 -12.8596 0 -26.896 -13.4125
3 16 0 -26.896 -13.4125 -1.4009 -28.1272 -12.8596 -1.2322 -26.593 -12.7546
3 16 -2.765 -26.5008 -10.9642 -3.8842 -29.1821 -10.3504 -5.1351 -26.3336 -9.3323
3 16 -5.1351 -26.3336 -9.3323 -3.8842 -29.1821 -10.3504 -5.7802 -29.3669 -8.7946
3 16 -8.0472 -28.7094 -6.8893 -6.9447 -26.9404 -7.9806 -5.7802 -29.3669 -8.7946
3 16 -5.7802 -29.3669 -8.7946 -6.9447 -26.9404 -7.9806 -5.1351 -26.3336 -9.3323
3 16 -8.0472 -28.7094 -6.8893 -5.7802 -29.3669 -8.7946 -7.9539 -31.0155 -6.7704
3 16 -7.9539 -31.0155 -6.7704 -5.7802 -29.3669 -8.7946 -6.6271 -32.1048 -7.8582
3 16 -3.8842 -29.1821 -10.3504 -4.9843 -32.1466 -9.4148 -5.7802 -29.3669 -8.7946
3 16 -5.7802 -29.3669 -8.7946 -4.9843 -32.1466 -9.4148 -6.6271 -32.1048 -7.8582
3 16 -1.6231 -27.9281 -12.1289 -1.4009 -28.1272 -12.8596 -1.8286 -28.8451 -12.0625
3 16 -1.8286 -28.8451 -12.0625 -1.4009 -28.1272 -12.8596 -1.6001 -29.393 -12.6809
3 16 -1.6231 -27.9281 -12.1289 -1.8286 -28.8451 -12.0625 -2.765 -26.5008 -10.9642
3 16 -2.765 -26.5008 -10.9642 -1.8286 -28.8451 -12.0625 -3.8842 -29.1821 -10.3504
3 16 -9.3314 -31.9239 -5.0833 -8.8469 -32.45 -1.6321 -10.078 -27.8101 -4.4166
3 16 -10.078 -27.8101 -4.4166 -8.8469 -32.45 -1.6321 -9.5945 -28.5726 -0.6072
3 16 -6.1089 -35.1983 -5.8883 -5.6796 -35.3267 -2.981 -9.3314 -31.9239 -5.0833
3 16 -9.3314 -31.9239 -5.0833 -5.6796 -35.3267 -2.981 -8.8469 -32.45 -1.6321
3 16 0 -34.6877 -9.7927 -3.1336 -31.8211 -11.5121 0 -32.3693 -12.1354
3 16 0 -32.3693 -12.1354 -3.1336 -31.8211 -11.5121 -2.152 -30.6485 -12.2804
3 16 0 -34.6877 -9.7927 0 -36.7293 -6.3306 -3.1716 -35.14 -8.9033
3 16 -3.1716 -35.14 -8.9033 0 -36.7293 -6.3306 -6.1089 -35.1983 -5.8883
3 16 -5.6796 -35.3267 -2.981 -6.1089 -35.1983 -5.8883 0 -36.8309 -4.3615
3 16 0 -36.8309 -4.3615 -6.1089 -35.1983 -5.8883 0 -36.7293 -6.3306
3 16 -2.5721 -25.7636 -11.0555 -5.3986 -25.6522 -9.3606 -3.0516 -23.6998 -10.1311
3 16 -3.0516 -23.6998 -10.1311 -5.3986 -25.6522 -9.3606 -6.6187 -23.9732 -8.0141
3 16 -8.8469 -32.45 -1.6321 -6.7742 -32.8305 3.1206 -9.5945 -28.5726 -0.6072
3 16 -9.5945 -28.5726 -0.6072 -6.7742 -32.8305 3.1206 -6.9776 -29.243 4.3961
3 16 -5.6796 -35.3267 -2.981 -4.554 -35.1837 1.0709 -8.8469 -32.45 -1.6321
3 16 -8.8469 -32.45 -1.6321 -4.554 -35.1837 1.0709 -6.7742 -32.8305 3.1206
3 16 -4.554 -35.1837 1.0709 -5.6796 -35.3267 -2.981 0 -36.6338 -1.4916
3 16 0 -36.6338 -1.4916 -5.6796 -35.3267 -2.981 0 -36.8309 -4.3615
3 16 -9.5945 -28.5726 -0.6072 -9.4286 -24.762 -1.0146 -10.078 -27.8101 -4.4166
3 16 -10.078 -27.8101 -4.4166 -9.4286 -24.762 -1.0146 -9.3986 -23.5475 -3.8857
3 16 0 -33.0287 4.5833 0 -29.8361 5.8071 -6.7742 -32.8305 3.1206
3 16 -6.7742 -32.8305 3.1206 0 -29.8361 5.8071 -6.9776 -29.243 4.3961
3 16 0 -35.1463 2.359 0 -33.0287 4.5833 -4.554 -35.1837 1.0709
3 16 -4.554 -35.1837 1.0709 0 -33.0287 4.5833 -6.7742 -32.8305 3.1206
3 16 0 -22.5814 -9.9878 -3.1336 -22.7396 -9.3815 0 -19.5029 -10.771
3 16 0 -19.5029 -10.771 -3.1336 -22.7396 -9.3815 -4.0931 -19.6341 -9.9678
3 16 -3.1336 -22.7396 -9.3815 -6.5583 -22.8414 -7.2924 -4.0931 -19.6341 -9.9678
3 16 -4.0931 -19.6341 -9.9678 -6.5583 -22.8414 -7.2924 -7.788 -19.7731 -7.9278
3 16 -4.5117 -16.0775 -9.9531 0 -15.9702 -10.9488 -4.0931 -19.6341 -9.9678
3 16 -4.0931 -19.6341 -9.9678 0 -15.9702 -10.9488 0 -19.5029 -10.771
3 16 -4.0931 -19.6341 -9.9678 -7.788 -19.7731 -7.9278 -4.5117 -16.0775 -9.9531
3 16 -4.5117 -16.0775 -9.9531 -7.788 -19.7731 -7.9278 -8.4993 -16.2958 -7.5603
3 16 -4.4393 -12.3315 -9.3168 0 -12.2328 -10.424 -4.5117 -16.0775 -9.9531
3 16 -4.5117 -16.0775 -9.9531 0 -12.2328 -10.424 0 -15.9702 -10.9488
3 16 -4.5117 -16.0775 -9.9531 -8.4993 -16.2958 -7.5603 -4.4393 -12.3315 -9.3168
3 16 -4.4393 -12.3315 -9.3168 -8.4993 -16.2958 -7.5603 -8.5996 -12.6173 -6.5769
3 16 -8.5996 -12.6173 -6.5769 -9.4335 -9.9444 -3.6095 -7.6895 -9.0939 -6.7163
3 16 -4.4393 -12.3315 -9.3168 -2.3048 -9.004 -9.2468 0 -12.2328 -10.424
3 16 0 -12.2328 -10.424 -2.3048 -9.004 -9.2468 0 -9.1975 -9.5937
3 16 -4.4393 -12.3315 -9.3168 -8.5996 -12.6173 -6.5769 -5.0225 -9.33 -8.5475
3 16 -5.0225 -9.33 -8.5475 -8.5996 -12.6173 -6.5769 -7.6895 -9.0939 -6.7163
3 16 -4.4393 -12.3315 -9.3168 -5.0225 -9.33 -8.5475 -2.3048 -9.004 -9.2468
3 16 -8.5428 -5.3246 -1.6108 -7.6922 -5.3171 -4.2125 -9.4335 -9.9444 -3.6095
3 16 -9.4335 -9.9444 -3.6095 -7.6922 -5.3171 -4.2125 -7.6895 -9.0939 -6.7163
3 16 -8.148 -23.6721 6.3667 -6.048 -25.44 5.6322 -6.7637 -21.1424 9.0325
3 16 -6.7637 -21.1424 9.0325 -6.048 -25.44 5.6322 0 -22.2341 9.6654
3 16 -11.9573 -20.509 -3.4938 -9.6483 -19.9729 -4.4908 -8.5661 -22.7545 -4.8089
3 16 -11.5943 -12.4988 -0.1695 -9.6664 -11.6191 -0.543 -11.7738 -13.4479 -1.0274
3 16 -11.7738 -13.4479 -1.0274 -9.6664 -11.6191 -0.543 -9.9086 -13.8656 -2.1723
3 16 -11.7738 -13.4479 -1.0274 -9.9086 -13.8656 -2.1723 -11.9622 -16.7988 -2.6935
3 16 -11.9622 -16.7988 -2.6935 -9.9086 -13.8656 -2.1723 -10.0256 -16.9121 -3.6421
3 16 -11.9622 -16.7988 -2.6935 -10.0256 -16.9121 -3.6421 -11.9573 -20.509 -3.4938
3 16 -11.9573 -20.509 -3.4938 -10.0256 -16.9121 -3.6421 -9.6483 -19.9729 -4.4908
3 16 -10.5237 -10.8018 1.4033 -9.5338 -9.6808 2.9793 -9.3648 -10.4169 0.8578
3 16 -9.3648 -10.4169 0.8578 -9.5338 -9.6808 2.9793 -8.7493 -9.2109 2.7625
3 16 -7.7158 -8.3268 4.8268 -8.7493 -9.2109 2.7625 -8.7901 -8.9816 4.8685
3 16 -8.7901 -8.9816 4.8685 -8.7493 -9.2109 2.7625 -9.5338 -9.6808 2.9793
3 16 -6.2734 -7.8356 6.6562 -7.7158 -8.3268 4.8268 -8.8118 -9.1462 5.8437
3 16 -8.8118 -9.1462 5.8437 -7.7158 -8.3268 4.8268 -8.7901 -8.9816 4.8685
3 16 -7.9654 -9.4898 8.5384 -6.2734 -7.8356 6.6562 -8.5395 -9.3721 7.5309
3 16 -4.5354 -7.7588 8.253 -6.2734 -7.8356 6.6562 -6.7661 -8.9859 9.0587
3 16 -6.7661 -8.9859 9.0587 -6.2734 -7.8356 6.6562 -7.9654 -9.4898 8.5384
3 16 -3.923 -7.9749 9.1276 -4.5354 -7.7588 8.253 -5.8318 -8.8975 9.9853
3 16 -5.8318 -8.8975 9.9853 -4.5354 -7.7588 8.253 -6.7661 -8.9859 9.0587
3 16 -3.4885 -8.0872 9.542 -5.2543 -9.1572 11.0403 -2.7934 -8.1164 9.7391
3 16 0 -9.3203 12.52 -2.7934 -8.1164 9.7391 -5.2543 -9.1572 11.0403
3 16 -11.5151 -14.5093 0.7781 -11.5673 -13.9858 0.492 -11.7561 -16.0926 -0.1078
3 16 -11.7561 -16.0926 -0.1078 -11.5673 -13.9858 0.492 -11.9622 -16.7988 -2.6935
3 16 -11.9622 -16.7988 -2.6935 -11.8085 -18.8559 -1.1061 -11.7561 -16.0926 -0.1078
3 16 -11.758 -22.4656 -2.727 -11.8085 -18.8559 -1.1061 -11.9573 -20.509 -3.4938
3 16 -11.9573 -20.509 -3.4938 -11.8085 -18.8559 -1.1061 -11.9622 -16.7988 -2.6935
3 16 -11.0325 -23.8134 -0.1414 -11.1411 -20.031 1.599 -11.758 -22.4656 -2.727
3 16 -11.758 -22.4656 -2.727 -11.1411 -20.031 1.599 -11.8085 -18.8559 -1.1061
3 16 -9.7706 -21.0581 4.5568 -11.1411 -20.031 1.599 -10.0541 -24.3997 2.4858
3 16 -10.0541 -24.3997 2.4858 -11.1411 -20.031 1.599 -11.0325 -23.8134 -0.1414
3 16 -6.7637 -21.1424 9.0325 -9.7706 -21.0581 4.5568 -8.148 -23.6721 6.3667
3 16 -8.148 -23.6721 6.3667 -9.7706 -21.0581 4.5568 -10.0541 -24.3997 2.4858
3 16 -6.7637 -21.1424 9.0325 -9.291 -17.9011 6.2862 -9.7706 -21.0581 4.5568
3 16 -7.7866 -14.537 8.973 -9.291 -17.9011 6.2862 -5.6649 -17.6157 11.2148
3 16 -5.6649 -17.6157 11.2148 -9.291 -17.9011 6.2862 -6.7637 -21.1424 9.0325
3 16 -4.3275 -10.6047 12.9327 -4.3758 -9.9931 12.7587 -5.1396 -10.3199 12.1121
3 16 -5.1396 -10.3199 12.1121 -4.3758 -9.9931 12.7587 -4.6378 -9.5879 12.3379
3 16 -5.1396 -10.3199 12.1121 -4.6378 -9.5879 12.3379 -5.5386 -9.4307 11.4146
3 16 -11.8085 -18.8559 -1.1061 -11.1411 -20.031 1.599 -11.7561 -16.0926 -0.1078
3 16 -11.7561 -16.0926 -0.1078 -11.1411 -20.031 1.599 -10.9234 -16.7017 3.0877
3 16 -9.291 -17.9011 6.2862 -10.9234 -16.7017 3.0877 -9.7706 -21.0581 4.5568
3 16 -9.7706 -21.0581 4.5568 -10.9234 -16.7017 3.0877 -11.1411 -20.031 1.599
3 16 -11.5151 -14.5093 0.7781 -11.7561 -16.0926 -0.1078 -11.3729 -14.7068 1.4193
3 16 -11.3729 -14.7068 1.4193 -11.7561 -16.0926 -0.1078 -10.9234 -16.7017 3.0877
3 16 -11.5119 -13.586 0.617 -11.7738 -13.4479 -1.0274 -11.5673 -13.9858 0.492
3 16 -11.7738 -13.4479 -1.0274 -11.9622 -16.7988 -2.6935 -11.5673 -13.9858 0.492
3 16 -11.2365 -12.0143 1.4385 -11.5943 -12.4988 -0.1695 -11.5119 -13.586 0.617
3 16 -11.5119 -13.586 0.617 -11.5943 -12.4988 -0.1695 -11.7738 -13.4479 -1.0274
3 16 -9.4411 -11.0846 6.2426 -9.9958 -10.8906 4.7931 -10.1651 -13.0489 5.126
3 16 -10.1651 -13.0489 5.126 -9.9958 -10.8906 4.7931 -10.5388 -12.4541 3.7316
3 16 -10.1651 -13.0489 5.126 -9.1765 -12.4662 6.9425 -9.4411 -11.0846 6.2426
3 16 -9.4411 -11.0846 6.2426 -9.1765 -12.4662 6.9425 -8.6871 -11.2916 7.6415
3 16 -10.9234 -16.7017 3.0877 -9.2573 -13.2291 6.8934 -10.1651 -13.0489 5.126
3 16 -10.1651 -13.0489 5.126 -9.2573 -13.2291 6.8934 -9.1765 -12.4662 6.9425
3 16 -5.5386 -9.4307 11.4146 -6.938 -11.1544 10.1068 -5.1396 -10.3199 12.1121
3 16 -5.1396 -10.3199 12.1121 -6.938 -11.1544 10.1068 -6.3583 -12.1226 10.9939
3 16 -7.7866 -14.537 8.973 -8.452 -13.4589 8.1632 -9.291 -17.9011 6.2862
3 16 -8.452 -13.4589 8.1632 -8.8231 -13.607 7.6299 -9.291 -17.9011 6.2862
3 16 -4.9437 -14.0002 12.4573 -4.3275 -10.6047 12.9327 -6.3583 -12.1226 10.9939
3 16 -6.3583 -12.1226 10.9939 -4.3275 -10.6047 12.9327 -5.1396 -10.3199 12.1121
3 16 -6.938 -11.1544 10.1068 -5.5386 -9.4307 11.4146 -6.7287 -10.9662 9.5795
3 16 -6.7287 -10.9662 9.5795 -5.5386 -9.4307 11.4146 -5.2543 -9.1572 11.0403
3 16 -8.135 -13.0843 8.6336 -7.8355 -12.86 8.1488 -8.452 -13.4589 8.1632
3 16 -8.452 -13.4589 8.1632 -7.8355 -12.86 8.1488 -8.0753 -13.1597 7.7504
3 16 -8.0753 -13.1597 7.7504 -8.2852 -13.2326 7.3664 -8.452 -13.4589 8.1632
3 16 -8.452 -13.4589 8.1632 -8.2852 -13.2326 7.3664 -8.8231 -13.607 7.6299
3 16 -8.2852 -13.2326 7.3664 -8.3921 -13.0095 7.0591 -8.8231 -13.607 7.6299
3 16 -8.8231 -13.607 7.6299 -8.3921 -13.0095 7.0591 -9.2573 -13.2291 6.8934
3 16 -8.3379 -12.6608 7.0888 -9.1765 -12.4662 6.9425 -8.3921 -13.0095 7.0591
3 16 -8.3921 -13.0095 7.0591 -9.1765 -12.4662 6.9425 -9.2573 -13.2291 6.8934
3 16 -11.2365 -12.0143 1.4385 -11.2687 -11.6543 1.3441 -11.5943 -12.4988 -0.1695
3 16 -11.2687 -11.6543 1.3441 -11.2809 -11.5848 1.1172 -11.5943 -12.4988 -0.1695
3 16 -10.5136 -13.7586 0.9263 -11.5119 -13.586 0.617 -10.5581 -14.1073 0.9077
3 16 -10.5581 -14.1073 0.9077 -11.5119 -13.586 0.617 -11.5673 -13.9858 0.492
3 16 -11.3729 -14.7068 1.4193 -10.5097 -14.3075 1.2553 -11.5151 -14.5093 0.7781
3 16 -11.5151 -14.5093 0.7781 -10.5097 -14.3075 1.2553 -10.5581 -14.1073 0.9077
3 16 -11.1714 -14.537 2.1695 -10.4005 -14.243 1.7884 -11.3729 -14.7068 1.4193
3 16 -11.3729 -14.7068 1.4193 -10.4005 -14.243 1.7884 -10.5097 -14.3075 1.2553
3 16 -9.9257 -12.2794 3.2642 -10.4005 -14.243 1.7884 -10.5388 -12.4541 3.7316
3 16 -10.5388 -12.4541 3.7316 -10.4005 -14.243 1.7884 -11.1714 -14.537 2.1695
3 16 -10.5388 -12.4541 3.7316 -9.9958 -10.8906 4.7931 -9.9257 -12.2794 3.2642
3 16 -9.9257 -12.2794 3.2642 -9.9958 -10.8906 4.7931 -9.4311 -10.5586 4.5074
3 16 -8.8118 -9.1462 5.8437 -9.4311 -10.5586 4.5074 -9.4379 -9.6219 5.7797
3 16 -9.4379 -9.6219 5.7797 -9.4311 -10.5586 4.5074 -9.9958 -10.8906 4.7931
3 16 -10.5237 -10.8018 1.4033 -9.6664 -11.6191 -0.543 -11.2809 -11.5848 1.1172
3 16 -11.2809 -11.5848 1.1172 -9.6664 -11.6191 -0.543 -11.5943 -12.4988 -0.1695
3 16 -9.5338 -9.6808 2.9793 -10.6836 -11.0758 1.7526 -10.1707 -11.5764 2.0545
3 16 -9.5338 -9.6808 2.9793 -10.5237 -10.8018 1.4033 -10.6836 -11.0758 1.7526
3 16 -10.5237 -10.8018 1.4033 -11.2809 -11.5848 1.1172 -10.6836 -11.0758 1.7526
3 16 -10.6836 -11.0758 1.7526 -11.2809 -11.5848 1.1172 -11.2687 -11.6543 1.3441
3 16 -11.2687 -11.6543 1.3441 -11.2365 -12.0143 1.4385 -10.6836 -11.0758 1.7526
3 16 -10.6836 -11.0758 1.7526 -11.2365 -12.0143 1.4385 -10.1707 -11.5764 2.0545
3 16 -6.2734 -7.8356 6.6562 -8.8118 -9.1462 5.8437 -8.5395 -9.3721 7.5309
3 16 -8.5395 -9.3721 7.5309 -8.8118 -9.1462 5.8437 -9.4379 -9.6219 5.7797
3 16 -10.1707 -11.5764 2.0545 -10.25 -13.8141 1.563 -9.9257 -12.2794 3.2642
3 16 -9.9257 -12.2794 3.2642 -10.25 -13.8141 1.563 -10.4005 -14.243 1.7884
3 16 -8.8118 -9.1462 5.8437 -8.7901 -8.9816 4.8685 -9.4311 -10.5586 4.5074
3 16 -9.4311 -10.5586 4.5074 -8.7901 -8.9816 4.8685 -9.5338 -9.6808 2.9793
3 16 -10.25 -13.8141 1.563 -10.5136 -13.7586 0.9263 -10.5097 -14.3075 1.2553
3 16 -10.5097 -14.3075 1.2553 -10.5136 -13.7586 0.9263 -10.5581 -14.1073 0.9077
3 16 -10.1707 -11.5764 2.0545 -11.2365 -12.0143 1.4385 -10.5136 -13.7586 0.9263
3 16 -10.5136 -13.7586 0.9263 -11.2365 -12.0143 1.4385 -11.5119 -13.586 0.617
3 16 -10.1707 -11.5764 2.0545 -10.5136 -13.7586 0.9263 -10.25 -13.8141 1.563
3 16 -8.5395 -9.3721 7.5309 -9.4379 -9.6219 5.7797 -9.4411 -11.0846 6.2426
3 16 -9.4411 -11.0846 6.2426 -9.4379 -9.6219 5.7797 -9.9958 -10.8906 4.7931
3 16 -7.8355 -12.86 8.1488 -8.0721 -12.7718 7.4571 -8.0753 -13.1597 7.7504
3 16 -8.0753 -13.1597 7.7504 -8.0721 -12.7718 7.4571 -8.2852 -13.2326 7.3664
3 16 -6.9863 -10.6646 8.9433 -6.7287 -10.9662 9.5795 -5.8318 -8.8975 9.9853
3 16 -5.8318 -8.8975 9.9853 -6.7287 -10.9662 9.5795 -5.2543 -9.1572 11.0403
3 16 -10.4005 -14.243 1.7884 -10.25 -13.8141 1.563 -10.5097 -14.3075 1.2553
3 16 -10.5581 -14.1073 0.9077 -11.5673 -13.9858 0.492 -11.5151 -14.5093 0.7781
3 16 -8.2852 -13.2326 7.3664 -8.0721 -12.7718 7.4571 -8.3921 -13.0095 7.0591
3 16 -8.3921 -13.0095 7.0591 -8.0721 -12.7718 7.4571 -8.3379 -12.6608 7.0888
3 16 -7.7092 -11.0519 8.057 -8.6871 -11.2916 7.6415 -8.3379 -12.6608 7.0888
3 16 -8.3379 -12.6608 7.0888 -8.6871 -11.2916 7.6415 -9.1765 -12.4662 6.9425
3 16 -6.9863 -10.6646 8.9433 -7.7092 -11.0519 8.057 -8.0721 -12.7718 7.4571
3 16 -8.0721 -12.7718 7.4571 -7.7092 -11.0519 8.057 -8.3379 -12.6608 7.0888
3 16 -7.8355 -12.86 8.1488 -8.135 -13.0843 8.6336 -6.7287 -10.9662 9.5795
3 16 -6.7287 -10.9662 9.5795 -8.135 -13.0843 8.6336 -6.938 -11.1544 10.1068
3 16 -6.7287 -10.9662 9.5795 -6.9863 -10.6646 8.9433 -7.8355 -12.86 8.1488
3 16 -7.8355 -12.86 8.1488 -6.9863 -10.6646 8.9433 -8.0721 -12.7718 7.4571
3 16 -7.9654 -9.4898 8.5384 -8.5395 -9.3721 7.5309 -8.6871 -11.2916 7.6415
3 16 -8.6871 -11.2916 7.6415 -8.5395 -9.3721 7.5309 -9.4411 -11.0846 6.2426
3 16 -7.1751 -9.9106 8.7104 -7.9654 -9.4898 8.5384 -7.7092 -11.0519 8.057
3 16 -7.7092 -11.0519 8.057 -7.9654 -9.4898 8.5384 -8.6871 -11.2916 7.6415
3 16 -6.9863 -10.6646 8.9433 -7.1751 -9.9106 8.7104 -7.7092 -11.0519 8.057
3 16 -7.1751 -9.9106 8.7104 -6.7661 -8.9859 9.0587 -7.9654 -9.4898 8.5384
3 16 -5.8318 -8.8975 9.9853 -6.7661 -8.9859 9.0587 -6.9863 -10.6646 8.9433
3 16 -6.9863 -10.6646 8.9433 -6.7661 -8.9859 9.0587 -7.1751 -9.9106 8.7104
3 16 -3.296 -6.4495 9.41 -3.6793 -6.4095 9.0806 -3.447 -7.0143 9.5658
3 16 -3.447 -7.0143 9.5658 -3.6793 -6.4095 9.0806 -3.9014 -6.9917 9.1582
3 16 -2.8085 -6.4523 9.5275 -3.296 -6.4495 9.41 -2.8231 -7.0301 9.7383
3 16 -2.8231 -7.0301 9.7383 -3.296 -6.4495 9.41 -3.447 -7.0143 9.5658
3 16 -3.5456 -6.0461 8.2437 -3.6793 -6.4095 9.0806 -3.0077 -6.1568 8.9747
3 16 -3.0077 -6.1568 8.9747 -3.6793 -6.4095 9.0806 -3.296 -6.4495 9.41
3 16 -3.296 -6.4495 9.41 -2.8085 -6.4523 9.5275 -3.0077 -6.1568 8.9747
3 16 -3.0077 -6.1568 8.9747 -2.8085 -6.4523 9.5275 -2.1221 -6.1198 8.8039
3 16 -2.8231 -7.0301 9.7383 0 -6.9945 9.7683 -2.8085 -6.4523 9.5275
3 16 -2.8085 -6.4523 9.5275 0 -6.9945 9.7683 0 -6.4354 9.564
3 16 0 -6.1341 9.0363 -2.1221 -6.1198 8.8039 0 -6.4354 9.564
3 16 0 -6.4354 9.564 -2.1221 -6.1198 8.8039 -2.8085 -6.4523 9.5275
3 16 -5.0225 -9.33 -8.5475 -4.5681 -8.6076 -8.3748 -2.3048 -9.004 -9.2468
3 16 -2.3048 -9.004 -9.2468 -4.5681 -8.6076 -8.3748 -2.4515 -8.2482 -8.8856
3 16 -7.6895 -9.0939 -6.7163 -5.6321 -8.1198 -7.687 -5.0225 -9.33 -8.5475
3 16 -5.0225 -9.33 -8.5475 -5.6321 -8.1198 -7.687 -4.5681 -8.6076 -8.3748
3 16 -5.7964 -6.1357 -7.266 -5.9215 -6.0818 -7.0151 -5.7744 -5.3004 -7.3112
3 16 -5.7744 -5.3004 -7.3112 -5.9215 -6.0818 -7.0151 -5.8886 -5.3014 -7.0287
3 16 -8.5428 -5.3246 -1.6108 -9.3648 -10.4169 0.8578 -8.5828 -5.3249 1.1779
3 16 -8.5828 -5.3249 1.1779 -9.3648 -10.4169 0.8578 -8.7493 -9.2109 2.7625
3 16 -7.7158 -8.3268 4.8268 -7.7818 -5.3179 3.8319 -8.7493 -9.2109 2.7625
3 16 -8.7493 -9.2109 2.7625 -7.7818 -5.3179 3.8319 -8.5828 -5.3249 1.1779
3 16 -4.6634 -6.1377 7.5887 -3.5456 -6.0461 8.2437 -4.7002 -5.291 7.3069
3 16 -4.7002 -5.291 7.3069 -3.5456 -6.0461 8.2437 -3.2691 -5.2799 8.0792
3 16 -3.5456 -6.0461 8.2437 -2.8498 -6.0914 8.5758 -3.2691 -5.2799 8.0792
3 16 -3.2691 -5.2799 8.0792 -2.8498 -6.0914 8.5758 -2.524 -5.272 8.3391
3 16 -2.8498 -6.0914 8.5758 -2.1221 -6.1198 8.8039 -2.524 -5.272 8.3391
3 16 -2.524 -5.272 8.3391 -2.1221 -6.1198 8.8039 -1.7652 -5.2654 8.497
3 16 0 -5.25 8.6674 -1.7652 -5.2654 8.497 0 -6.1341 9.0363
3 16 0 -6.1341 9.0363 -1.7652 -5.2654 8.497 -2.1221 -6.1198 8.8039
3 16 0 -6.8414 -9.5173 -1.0161 -6.841 -9.482 0 -5.2501 -9.587
3 16 0 -5.2501 -9.587 -1.0161 -6.841 -9.482 -1.0389 -5.2591 -9.5469
3 16 -1.0161 -6.841 -9.482 -1.4767 -6.814 -9.3792 -1.0389 -5.2591 -9.5469
3 16 -1.0389 -5.2591 -9.5469 -1.4767 -6.814 -9.3792 -1.5 -5.2631 -9.45
3 16 -1.4767 -6.814 -9.3792 -1.8841 -6.6392 -9.0508 -1.5 -5.2631 -9.45
3 16 -1.5 -5.2631 -9.45 -1.8841 -6.6392 -9.0508 -1.8971 -5.2666 -9.1183
3 16 -1.8841 -6.6392 -9.0508 -2.2255 -6.489 -8.7726 -1.8971 -5.2666 -9.1183
3 16 -1.8971 -5.2666 -9.1183 -2.2255 -6.489 -8.7726 -2.2415 -5.2696 -8.8074
3 16 -2.2255 -6.489 -8.7726 -2.5624 -6.441 -8.6611 -2.2415 -5.2696 -8.8074
3 16 -2.2415 -5.2696 -8.8074 -2.5624 -6.441 -8.6611 -2.5835 -5.2726 -8.6852
3 16 -2.5835 -5.2726 -8.6852 -2.5624 -6.441 -8.6611 -3.8579 -5.2837 -8.5681
3 16 -3.8579 -5.2837 -8.5681 -2.5624 -6.441 -8.6611 -3.8678 -6.4503 -8.5523
3 16 -3.8678 -6.4503 -8.5523 -4.3598 -6.4152 -8.3982 -3.8579 -5.2837 -8.5681
3 16 -3.8579 -5.2837 -8.5681 -4.3598 -6.4152 -8.3982 -4.3258 -5.2877 -8.4073
3 16 -4.3598 -6.4152 -8.3982 -4.66 -6.3232 -8.0389 -4.3258 -5.2877 -8.4073
3 16 -4.3258 -5.2877 -8.4073 -4.66 -6.3232 -8.0389 -4.6181 -5.2903 -8.0321
3 16 -4.66 -6.3232 -8.0389 -4.9365 -6.2055 -7.7017 -4.6181 -5.2903 -8.0321
3 16 -4.6181 -5.2903 -8.0321 -4.9365 -6.2055 -7.7017 -4.8911 -5.2927 -7.6831
3 16 -4.9365 -6.2055 -7.7017 -5.3715 -6.1597 -7.4953 -4.8911 -5.2927 -7.6831
3 16 -4.8911 -5.2927 -7.6831 -5.3715 -6.1597 -7.4953 -5.3401 -5.2966 -7.5088
3 16 -5.3401 -5.2966 -7.5088 -5.3715 -6.1597 -7.4953 -5.7744 -5.3004 -7.3112
3 16 -5.7744 -5.3004 -7.3112 -5.3715 -6.1597 -7.4953 -5.7964 -6.1357 -7.266
3 16 -5.8836 -6.8309 -6.9204 -5.9688 -5.3021 -6.0464 -5.9215 -6.0818 -7.0151
3 16 -5.9215 -6.0818 -7.0151 -5.9688 -5.3021 -6.0464 -5.8886 -5.3014 -7.0287
3 16 -10.9234 -16.7017 3.0877 -11.1714 -14.537 2.1695 -11.3729 -14.7068 1.4193
3 16 -10.9234 -16.7017 3.0877 -10.1651 -13.0489 5.126 -11.1714 -14.537 2.1695
3 16 -11.1714 -14.537 2.1695 -10.1651 -13.0489 5.126 -10.5388 -12.4541 3.7316
3 16 -2.2255 -6.489 -8.7726 -1.8841 -6.6392 -9.0508 -2.211 -7.5276 -8.6429
3 16 -2.211 -7.5276 -8.6429 -1.8841 -6.6392 -9.0508 -1.8627 -7.8831 -8.8659
3 16 -4.9365 -6.2055 -7.7017 -4.66 -6.3232 -8.0389 -4.872 -7.089 -7.5677
3 16 -4.872 -7.089 -7.5677 -4.66 -6.3232 -8.0389 -4.6088 -7.405 -7.8321
3 16 -7.6895 -9.0939 -6.7163 -7.6922 -5.3171 -4.2125 -5.8836 -6.8309 -6.9204
3 16 -5.8836 -6.8309 -6.9204 -7.6922 -5.3171 -4.2125 -5.9688 -5.3021 -6.0464
3 16 -2.3048 -9.004 -9.2468 -0.9667 -8.4095 -9.2137 0 -9.1975 -9.5937
3 16 0 -9.1975 -9.5937 -0.9667 -8.4095 -9.2137 0 -8.3368 -9.2577
3 16 -0.9667 -8.4095 -9.2137 -1.0161 -6.841 -9.482 0 -8.3368 -9.2577
3 16 0 -8.3368 -9.2577 -1.0161 -6.841 -9.482 0 -6.8414 -9.5173
3 16 -1.8841 -6.6392 -9.0508 -1.4767 -6.814 -9.3792 -1.8627 -7.8831 -8.8659
3 16 -1.8627 -7.8831 -8.8659 -1.4767 -6.814 -9.3792 -1.436 -8.3231 -9.1207
3 16 -2.3048 -9.004 -9.2468 -2.4515 -8.2482 -8.8856 -1.436 -8.3231 -9.1207
3 16 -1.436 -8.3231 -9.1207 -2.4515 -8.2482 -8.8856 -1.8627 -7.8831 -8.8659
3 16 -0.9667 -8.4095 -9.2137 -2.3048 -9.004 -9.2468 -1.436 -8.3231 -9.1207
3 16 -1.4767 -6.814 -9.3792 -1.0161 -6.841 -9.482 -1.436 -8.3231 -9.1207
3 16 -1.436 -8.3231 -9.1207 -1.0161 -6.841 -9.482 -0.9667 -8.4095 -9.2137
3 16 -2.5624 -6.441 -8.6611 -2.2255 -6.489 -8.7726 -2.5383 -7.4389 -8.5302
3 16 -2.5383 -7.4389 -8.5302 -2.2255 -6.489 -8.7726 -2.211 -7.5276 -8.6429
3 16 -1.8627 -7.8831 -8.8659 -2.4515 -8.2482 -8.8856 -2.211 -7.5276 -8.6429
3 16 -2.211 -7.5276 -8.6429 -2.4515 -8.2482 -8.8856 -2.5383 -7.4389 -8.5302
3 16 -4.5681 -8.6076 -8.3748 -3.8114 -7.7648 -8.2943 -2.4515 -8.2482 -8.8856
3 16 -2.4515 -8.2482 -8.8856 -3.8114 -7.7648 -8.2943 -2.5383 -7.4389 -8.5302
3 16 -3.8114 -7.7648 -8.2943 -3.8678 -6.4503 -8.5523 -2.5383 -7.4389 -8.5302
3 16 -2.5383 -7.4389 -8.5302 -3.8678 -6.4503 -8.5523 -2.5624 -6.441 -8.6611
3 16 -4.66 -6.3232 -8.0389 -4.3598 -6.4152 -8.3982 -4.6088 -7.405 -7.8321
3 16 -4.6088 -7.405 -7.8321 -4.3598 -6.4152 -8.3982 -4.2898 -7.7744 -8.1302
3 16 -5.6321 -8.1198 -7.687 -4.6088 -7.405 -7.8321 -4.2898 -7.7744 -8.1302
3 16 -3.8114 -7.7648 -8.2943 -4.5681 -8.6076 -8.3748 -4.2898 -7.7744 -8.1302
3 16 -4.2898 -7.7744 -8.1302 -4.5681 -8.6076 -8.3748 -5.6321 -8.1198 -7.687
3 16 -4.3598 -6.4152 -8.3982 -3.8678 -6.4503 -8.5523 -4.2898 -7.7744 -8.1302
3 16 -4.2898 -7.7744 -8.1302 -3.8678 -6.4503 -8.5523 -3.8114 -7.7648 -8.2943
3 16 -5.3715 -6.1597 -7.4953 -4.9365 -6.2055 -7.7017 -5.3041 -7.0203 -7.3305
3 16 -5.3041 -7.0203 -7.3305 -4.9365 -6.2055 -7.7017 -4.872 -7.089 -7.5677
3 16 -5.6321 -8.1198 -7.687 -5.7331 -7.004 -7.0991 -5.3041 -7.0203 -7.3305
3 16 -5.9215 -6.0818 -7.0151 -5.7964 -6.1357 -7.266 -5.8836 -6.8309 -6.9204
3 16 -5.8836 -6.8309 -6.9204 -5.7964 -6.1357 -7.266 -5.7331 -7.004 -7.0991
3 16 -5.8836 -6.8309 -6.9204 -5.7331 -7.004 -7.0991 -7.6895 -9.0939 -6.7163
3 16 -5.7331 -7.004 -7.0991 -5.6321 -8.1198 -7.687 -7.6895 -9.0939 -6.7163
3 16 -5.7964 -6.1357 -7.266 -5.3715 -6.1597 -7.4953 -5.7331 -7.004 -7.0991
3 16 -5.7331 -7.004 -7.0991 -5.3715 -6.1597 -7.4953 -5.3041 -7.0203 -7.3305
3 16 -9.9086 -13.8656 -2.1723 -8.5996 -12.6173 -6.5769 -10.0256 -16.9121 -3.6421
3 16 -10.0256 -16.9121 -3.6421 -8.5996 -12.6173 -6.5769 -8.4993 -16.2958 -7.5603
3 16 0 -23.5654 -11.005 -3.0516 -23.6998 -10.1311 0 -22.5814 -9.9878
3 16 0 -22.5814 -9.9878 -3.0516 -23.6998 -10.1311 -3.1336 -22.7396 -9.3815
3 16 -10.078 -27.8101 -4.4166 -9.3986 -23.5475 -3.8857 -9.0417 -25.1014 -5.6845
3 16 -9.0417 -25.1014 -5.6845 -9.3986 -23.5475 -3.8857 -8.5661 -22.7545 -4.8089
3 16 -11.0325 -23.8134 -0.1414 -11.758 -22.4656 -2.727 -9.4286 -24.762 -1.0146
3 16 -9.4286 -24.762 -1.0146 -11.758 -22.4656 -2.727 -9.3986 -23.5475 -3.8857
3 16 -3.0516 -23.6998 -10.1311 -6.6187 -23.9732 -8.0141 -3.1336 -22.7396 -9.3815
3 16 -3.1336 -22.7396 -9.3815 -6.6187 -23.9732 -8.0141 -6.5583 -22.8414 -7.2924
3 16 -9.6483 -19.9729 -4.4908 -7.788 -19.7731 -7.9278 -8.5661 -22.7545 -4.8089
3 16 -8.5661 -22.7545 -4.8089 -7.788 -19.7731 -7.9278 -6.5583 -22.8414 -7.2924
3 16 -6.6187 -23.9732 -8.0141 -9.0417 -25.1014 -5.6845 -6.5583 -22.8414 -7.2924
3 16 -6.5583 -22.8414 -7.2924 -9.0417 -25.1014 -5.6845 -8.5661 -22.7545 -4.8089
3 16 -8.629 -25.3852 2.0787 -10.0541 -24.3997 2.4858 -9.4286 -24.762 -1.0146
3 16 -9.4286 -24.762 -1.0146 -10.0541 -24.3997 2.4858 -11.0325 -23.8134 -0.1414
3 16 -10.0541 -24.3997 2.4858 -8.629 -25.3852 2.0787 -8.148 -23.6721 6.3667
3 16 -8.148 -23.6721 6.3667 -8.629 -25.3852 2.0787 -6.048 -25.44 5.6322
3 16 -6.048 -25.44 5.6322 -8.629 -25.3852 2.0787 -6.9776 -29.243 4.3961
3 16 -6.9776 -29.243 4.3961 -8.629 -25.3852 2.0787 -9.5945 -28.5726 -0.6072
3 16 -9.4286 -24.762 -1.0146 -9.5945 -28.5726 -0.6072 -8.629 -25.3852 2.0787
3 16 -6.9776 -29.243 4.3961 0 -29.8361 5.8071 -6.048 -25.44 5.6322
3 16 -6.048 -25.44 5.6322 0 -29.8361 5.8071 0 -26.1532 6.7557
3 16 -7.788 -19.7731 -7.9278 -9.6483 -19.9729 -4.4908 -8.4993 -16.2958 -7.5603
3 16 -8.4993 -16.2958 -7.5603 -9.6483 -19.9729 -4.4908 -10.0256 -16.9121 -3.6421
3 16 -9.6664 -11.6191 -0.543 -9.4335 -9.9444 -3.6095 -9.9086 -13.8656 -2.1723
3 16 -9.9086 -13.8656 -2.1723 -9.4335 -9.9444 -3.6095 -8.5996 -12.6173 -6.5769
3 16 -8.5428 -5.3246 -1.6108 -9.4335 -9.9444 -3.6095 -9.3648 -10.4169 0.8578
3 16 -9.3648 -10.4169 0.8578 -9.4335 -9.9444 -3.6095 -9.6664 -11.6191 -0.543
3 16 -7.7818 -5.3179 3.8319 -7.7158 -8.3268 4.8268 -6.3733 -5.3056 5.8897
3 16 -6.3733 -5.3056 5.8897 -7.7158 -8.3268 4.8268 -6.2734 -7.8356 6.6562
3 16 -9.3986 -23.5475 -3.8857 -11.758 -22.4656 -2.727 -8.5661 -22.7545 -4.8089
3 16 -8.5661 -22.7545 -4.8089 -11.758 -22.4656 -2.727 -11.9573 -20.509 -3.4938
3 16 -3.4885 -8.0872 9.542 -3.447 -7.0143 9.5658 -3.923 -7.9749 9.1276
3 16 -3.923 -7.9749 9.1276 -3.447 -7.0143 9.5658 -3.9014 -6.9917 9.1582
3 16 -2.7934 -8.1164 9.7391 -2.8231 -7.0301 9.7383 -3.4885 -8.0872 9.542
3 16 -3.4885 -8.0872 9.542 -2.8231 -7.0301 9.7383 -3.447 -7.0143 9.5658
3 16 -2.7934 -8.1164 9.7391 0 -8.0318 9.763 -2.8231 -7.0301 9.7383
3 16 -2.8231 -7.0301 9.7383 0 -8.0318 9.763 0 -6.9945 9.7683
3 16 -2.7934 -8.1164 9.7391 0 -9.3203 12.52 0 -8.0318 9.763
3 16 -6.3733 -5.3056 5.8897 -6.2734 -7.8356 6.6562 -5.1079 -6.7335 7.4354
3 16 -5.1079 -6.7335 7.4354 -6.2734 -7.8356 6.6562 -4.5354 -7.7588 8.253
3 16 -3.923 -7.9749 9.1276 -3.9014 -6.9917 9.1582 -4.5354 -7.7588 8.253
3 16 -4.5354 -7.7588 8.253 -3.9014 -6.9917 9.1582 -5.1079 -6.7335 7.4354
3 16 -4.6634 -6.1377 7.5887 -4.7002 -5.291 7.3069 -5.1079 -6.7335 7.4354
3 16 -5.1079 -6.7335 7.4354 -4.7002 -5.291 7.3069 -6.3733 -5.3056 5.8897
3 16 -3.6793 -6.4095 9.0806 -4.6634 -6.1377 7.5887 -3.9014 -6.9917 9.1582
3 16 -3.9014 -6.9917 9.1582 -4.6634 -6.1377 7.5887 -5.1079 -6.7335 7.4354
3 16 -4.6634 -6.1377 7.5887 -3.6793 -6.4095 9.0806 -3.5456 -6.0461 8.2437
3 16 -3.5456 -6.0461 8.2437 -3.0077 -6.1568 8.9747 -2.8498 -6.0914 8.5758
3 16 -2.8498 -6.0914 8.5758 -3.0077 -6.1568 8.9747 -2.1221 -6.1198 8.8039
3 16 0 -22.2341 9.6654 -6.048 -25.44 5.6322 0 -26.1532 6.7557
3 16 -1.5029 -26.0815 -12.0936 -2.5721 -25.7636 -11.0555 -1.0578 -25.25 -12.0318
3 16 -1.0578 -25.25 -12.0318 -2.5721 -25.7636 -11.0555 -3.0516 -23.6998 -10.1311
3 16 0 -25.0256 -12.6049 0 -25.9918 -13.1768 -0.8748 -25.5117 -12.6373
3 16 0 -24.717 -12.0328 0 -25.0256 -12.6049 -1.0578 -25.25 -12.0318
3 16 -1.0578 -25.25 -12.0318 0 -25.0256 -12.6049 -0.8748 -25.5117 -12.6373
3 16 -3.0516 -23.6998 -10.1311 0 -23.5654 -11.005 -1.0578 -25.25 -12.0318
3 16 -1.0578 -25.25 -12.0318 0 -23.5654 -11.005 0 -24.717 -12.0328
3 16 -2.4896 -30.1891 -11.6481 -3.3642 -31.1286 -10.9162 -3.8842 -29.1821 -10.3504
3 16 -3.8842 -29.1821 -10.3504 -3.3642 -31.1286 -10.9162 -4.9843 -32.1466 -9.4148
3 16 -6.7637 -21.1424 9.0325 0 -22.2341 9.6654 -5.6649 -17.6157 11.2148
3 16 -5.6649 -17.6157 11.2148 0 -22.2341 9.6654 0 -18.335 11.7339
3 16 -5.6649 -17.6157 11.2148 0 -18.335 11.7339 -4.9437 -14.0002 12.4573
3 16 -4.9437 -14.0002 12.4573 0 -18.335 11.7339 0 -14.4285 12.8874
3 16 -4.9437 -14.0002 12.4573 0 -14.4285 12.8874 -4.3275 -10.6047 12.9327
3 16 -4.3275 -10.6047 12.9327 0 -14.4285 12.8874 0 -10.4472 13.2853
3 16 -4.3758 -9.9931 12.7587 -4.3275 -10.6047 12.9327 0 -9.7666 13.0414
3 16 0 -9.7666 13.0414 -4.3275 -10.6047 12.9327 0 -10.4472 13.2853
3 16 -4.6378 -9.5879 12.3379 -4.3758 -9.9931 12.7587 0 -9.3203 12.52
3 16 0 -9.3203 12.52 -4.3758 -9.9931 12.7587 0 -9.7666 13.0414
3 16 -5.5386 -9.4307 11.4146 -4.6378 -9.5879 12.3379 -5.2543 -9.1572 11.0403
3 16 0 -9.3203 12.52 -5.2543 -9.1572 11.0403 -4.6378 -9.5879 12.3379
3 16 -8.125 0 0 -8.125 -5.3105 0 -7.8482 0 2.1029
3 16 -7.8482 0 2.1029 -8.125 -5.3105 0 -7.8482 -5.3105 2.1029
3 16 -7.0365 -5.3105 4.0625 -7.0365 0 4.0625 -7.8482 -5.3105 2.1029
3 16 -7.8482 -5.3105 2.1029 -7.0365 0 4.0625 -7.8482 0 2.1029
3 16 -5.7453 -5.3105 5.7452 -5.7452 0 5.7452 -7.0365 -5.3105 4.0625
3 16 -7.0365 -5.3105 4.0625 -5.7452 0 5.7452 -7.0365 0 4.0625
3 16 -5.7453 -5.3105 5.7452 -4.0625 -5.3105 7.0365 -5.7452 0 5.7452
3 16 -5.7452 0 5.7452 -4.0625 -5.3105 7.0365 -4.0625 0 7.0365
3 16 -2.1029 -5.3105 7.8482 -2.1029 0 7.8482 -4.0625 -5.3105 7.0365
3 16 -4.0625 -5.3105 7.0365 -2.1029 0 7.8482 -4.0625 0 7.0365
3 16 -2.1029 -5.3105 7.8482 0 -5.3105 8.125 -2.1029 0 7.8482
3 16 -2.1029 0 7.8482 0 -5.3105 8.125 0 0 8.125
3 16 0 -5.3105 -8.125 -2.1029 -5.3105 -7.8481 0 0 -8.125
3 16 0 0 -8.125 -2.1029 -5.3105 -7.8481 -2.1029 0 -7.8481
3 16 -4.0625 -5.3105 -7.0365 -4.0625 0 -7.0365 -2.1029 -5.3105 -7.8481
3 16 -2.1029 -5.3105 -7.8481 -4.0625 0 -7.0365 -2.1029 0 -7.8481
3 16 -5.7452 -5.3105 -5.7452 -5.7452 0 -5.7452 -4.0625 -5.3105 -7.0365
3 16 -4.0625 -5.3105 -7.0365 -5.7452 0 -5.7452 -4.0625 0 -7.0365
3 16 -7.0365 -5.3105 -4.0625 -7.0365 0 -4.0625 -5.7452 -5.3105 -5.7452
3 16 -5.7452 -5.3105 -5.7452 -7.0365 0 -4.0625 -5.7452 0 -5.7452
3 16 -7.8481 -5.3105 -2.1029 -7.8482 0 -2.1029 -7.0365 -5.3105 -4.0625
3 16 -7.0365 -5.3105 -4.0625 -7.8482 0 -2.1029 -7.0365 0 -4.0625
3 16 -8.125 -5.3105 0 -8.125 0 0 -7.8481 -5.3105 -2.1029
3 16 -7.8481 -5.3105 -2.1029 -8.125 0 0 -7.8482 0 -2.1029
3 16 -5.7452 -5.3105 -5.7452 -5.3401 -5.2966 -7.5088 -5.8886 -5.3014 -7.0287
3 16 -5.3401 -5.2966 -7.5088 -5.7744 -5.3004 -7.3112 -5.8886 -5.3014 -7.0287
3 16 -8.5428 -5.3246 -1.6108 -8.125 -5.3105 0 -7.8481 -5.3105 -2.1029
3 16 -6.3733 -5.3056 5.8897 -4.7002 -5.291 7.3069 -5.7453 -5.3105 5.7452
3 16 -5.7453 -5.3105 5.7452 -4.7002 -5.291 7.3069 -4.0625 -5.3105 7.0365
3 16 -5.7453 -5.3105 5.7452 -7.0365 -5.3105 4.0625 -6.3733 -5.3056 5.8897
3 16 -6.3733 -5.3056 5.8897 -7.0365 -5.3105 4.0625 -7.7818 -5.3179 3.8319
3 16 -8.5428 -5.3246 -1.6108 -8.5828 -5.3249 1.1779 -8.125 -5.3105 0
3 16 -8.125 -5.3105 0 -8.5828 -5.3249 1.1779 -7.8482 -5.3105 2.1029
3 16 -8.5828 -5.3249 1.1779 -7.7818 -5.3179 3.8319 -7.8482 -5.3105 2.1029
3 16 -7.8482 -5.3105 2.1029 -7.7818 -5.3179 3.8319 -7.0365 -5.3105 4.0625
3 16 -2.1029 -5.3105 7.8482 -4.0625 -5.3105 7.0365 -3.2691 -5.2799 8.0792
3 16 -3.2691 -5.2799 8.0792 -4.0625 -5.3105 7.0365 -4.7002 -5.291 7.3069
3 16 -1.0389 -5.2591 -9.5469 0 -5.3105 -8.125 0 -5.2501 -9.587
3 16 -1.8971 -5.2666 -9.1183 0 -5.3105 -8.125 -1.5 -5.2631 -9.45
3 16 -1.5 -5.2631 -9.45 0 -5.3105 -8.125 -1.0389 -5.2591 -9.5469
3 16 -2.2415 -5.2696 -8.8074 -2.1029 -5.3105 -7.8481 -1.8971 -5.2666 -9.1183
3 16 -1.8971 -5.2666 -9.1183 -2.1029 -5.3105 -7.8481 0 -5.3105 -8.125
3 16 -4.0625 -5.3105 -7.0365 -2.1029 -5.3105 -7.8481 -2.5835 -5.2726 -8.6852
3 16 -2.5835 -5.2726 -8.6852 -2.1029 -5.3105 -7.8481 -2.2415 -5.2696 -8.8074
3 16 -3.8579 -5.2837 -8.5681 -4.0625 -5.3105 -7.0365 -2.5835 -5.2726 -8.6852
3 16 -3.8579 -5.2837 -8.5681 -4.3258 -5.2877 -8.4073 -4.0625 -5.3105 -7.0365
3 16 -4.0625 -5.3105 -7.0365 -4.3258 -5.2877 -8.4073 -4.6181 -5.2903 -8.0321
3 16 -4.6181 -5.2903 -8.0321 -4.8911 -5.2927 -7.6831 -4.0625 -5.3105 -7.0365
3 16 -5.7452 -5.3105 -5.7452 -4.0625 -5.3105 -7.0365 -5.3401 -5.2966 -7.5088
3 16 -5.3401 -5.2966 -7.5088 -4.0625 -5.3105 -7.0365 -4.8911 -5.2927 -7.6831
3 16 -5.9688 -5.3021 -6.0464 -5.7452 -5.3105 -5.7452 -5.8886 -5.3014 -7.0287
3 16 -7.6922 -5.3171 -4.2125 -7.0365 -5.3105 -4.0625 -5.9688 -5.3021 -6.0464
3 16 -5.9688 -5.3021 -6.0464 -7.0365 -5.3105 -4.0625 -5.7452 -5.3105 -5.7452
3 16 -7.0365 -5.3105 -4.0625 -7.6922 -5.3171 -4.2125 -7.8481 -5.3105 -2.1029
3 16 -7.8481 -5.3105 -2.1029 -7.6922 -5.3171 -4.2125 -8.5428 -5.3246 -1.6108
3 16 -2.1029 -5.3105 7.8482 -1.7652 -5.2654 8.497 0 -5.3105 8.125
3 16 0 -5.3105 8.125 -1.7652 -5.2654 8.497 0 -5.25 8.6674
3 16 -2.1029 -5.3105 7.8482 -2.524 -5.272 8.3391 -1.7652 -5.2654 8.497
3 16 -2.1029 -5.3105 7.8482 -3.2691 -5.2799 8.0792 -2.524 -5.272 8.3391
3 16 -1.5029 -26.0815 -12.0936 -1.2322 -26.593 -12.7546 -1.6231 -27.9281 -12.1289
3 16 -1.6231 -27.9281 -12.1289 -1.2322 -26.593 -12.7546 -1.4009 -28.1272 -12.8596
3 16 -1.0578 -25.25 -12.0318 -0.8748 -25.5117 -12.6373 -1.5029 -26.0815 -12.0936
3 16 -1.5029 -26.0815 -12.0936 -0.8748 -25.5117 -12.6373 -1.2322 -26.593 -12.7546
3 16 -10.9234 -16.7017 3.0877 -9.291 -17.9011 6.2862 -9.2573 -13.2291 6.8934
3 16 -9.2573 -13.2291 6.8934 -9.291 -17.9011 6.2862 -8.8231 -13.607 7.6299
3 16 -7.7866 -14.537 8.973 -8.135 -13.0843 8.6336 -8.452 -13.4589 8.1632
3 16 -7.7866 -14.537 8.973 -6.3583 -12.1226 10.9939 -8.135 -13.0843 8.6336
3 16 -8.135 -13.0843 8.6336 -6.3583 -12.1226 10.9939 -6.938 -11.1544 10.1068
3 16 -5.6649 -17.6157 11.2148 -4.9437 -14.0002 12.4573 -7.7866 -14.537 8.973
3 16 -7.7866 -14.537 8.973 -4.9437 -14.0002 12.4573 -6.3583 -12.1226 10.9939
3 16 -10.1707 -11.5764 2.0545 -9.9257 -12.2794 3.2642 -9.5338 -9.6808 2.9793
3 16 -9.5338 -9.6808 2.9793 -9.9257 -12.2794 3.2642 -9.4311 -10.5586 4.5074
3 16 -10.5237 -10.8018 1.4033 -9.3648 -10.4169 0.8578 -9.6664 -11.6191 -0.543
3 16 -3.923 -7.9749 9.1276 -5.8318 -8.8975 9.9853 -3.4885 -8.0872 9.542
3 16 -3.4885 -8.0872 9.542 -5.8318 -8.8975 9.9853 -5.2543 -9.1572 11.0403
3 16 -4.6088 -7.405 -7.8321 -5.6321 -8.1198 -7.687 -4.872 -7.089 -7.5677
3 16 -4.872 -7.089 -7.5677 -5.6321 -8.1198 -7.687 -5.3041 -7.0203 -7.3305
3 16 0.8748 -25.5117 -12.6373 1.2322 -26.593 -12.7546 0 -25.9918 -13.1768
3 16 0 -25.9918 -13.1768 1.2322 -26.593 -12.7546 0 -26.896 -13.4125
3 16 0 -30.4101 -12.7027 0 -28.625 -13.42 1.6001 -29.393 -12.6809
3 16 1.6001 -29.393 -12.6809 0 -28.625 -13.42 1.4009 -28.1272 -12.8596
3 16 6.1089 -35.1983 -5.8883 3.1716 -35.14 -8.9033 7.0289 -32.9256 -7.9558
3 16 7.0289 -32.9256 -7.9558 3.1716 -35.14 -8.9033 5.0266 -33.1118 -9.9552
3 16 8.5833 -31.4354 -6.4832 9.3314 -31.9239 -5.0833 7.0289 -32.9256 -7.9558
3 16 7.0289 -32.9256 -7.9558 9.3314 -31.9239 -5.0833 6.1089 -35.1983 -5.8883
3 16 8.5833 -31.4354 -6.4832 8.7641 -28.4761 -6.6159 9.3314 -31.9239 -5.0833
3 16 9.3314 -31.9239 -5.0833 8.7641 -28.4761 -6.6159 10.078 -27.8101 -4.4166
3 16 10.078 -27.8101 -4.4166 8.7641 -28.4761 -6.6159 9.0417 -25.1014 -5.6845
3 16 9.0417 -25.1014 -5.6845 8.7641 -28.4761 -6.6159 7.5732 -26.3403 -7.8725
3 16 9.0417 -25.1014 -5.6845 7.5732 -26.3403 -7.8725 6.6187 -23.9732 -8.0141
3 16 6.6187 -23.9732 -8.0141 7.5732 -26.3403 -7.8725 5.3986 -25.6522 -9.3606
3 16 2.152 -30.6485 -12.2804 2.4896 -30.1891 -11.6481 3.1336 -31.8211 -11.5121
3 16 3.1336 -31.8211 -11.5121 2.4896 -30.1891 -11.6481 3.3642 -31.1286 -10.9162
3 16 3.1336 -31.8211 -11.5121 3.3642 -31.1286 -10.9162 5.0266 -33.1118 -9.9552
3 16 5.0266 -33.1118 -9.9552 3.3642 -31.1286 -10.9162 4.9843 -32.1466 -9.4148
3 16 5.0266 -33.1118 -9.9552 4.9843 -32.1466 -9.4148 7.0289 -32.9256 -7.9558
3 16 7.0289 -32.9256 -7.9558 4.9843 -32.1466 -9.4148 6.6271 -32.1048 -7.8582
3 16 8.5833 -31.4354 -6.4832 7.0289 -32.9256 -7.9558 7.9539 -31.0155 -6.7704
3 16 7.9539 -31.0155 -6.7704 7.0289 -32.9256 -7.9558 6.6271 -32.1048 -7.8582
3 16 8.5833 -31.4354 -6.4832 7.9539 -31.0155 -6.7704 8.7641 -28.4761 -6.6159
3 16 8.7641 -28.4761 -6.6159 7.9539 -31.0155 -6.7704 8.0472 -28.7094 -6.8893
3 16 2.765 -26.5008 -10.9642 2.5721 -25.7636 -11.0555 5.1351 -26.3336 -9.3323
3 16 5.1351 -26.3336 -9.3323 2.5721 -25.7636 -11.0555 5.3986 -25.6522 -9.3606
3 16 5.1351 -26.3336 -9.3323 5.3986 -25.6522 -9.3606 6.9447 -26.9404 -7.9806
3 16 6.9447 -26.9404 -7.9806 5.3986 -25.6522 -9.3606 7.5732 -26.3403 -7.8725
3 16 8.7641 -28.4761 -6.6159 8.0472 -28.7094 -6.8893 7.5732 -26.3403 -7.8725
3 16 7.5732 -26.3403 -7.8725 8.0472 -28.7094 -6.8893 6.9447 -26.9404 -7.9806
3 16 1.6231 -27.9281 -12.1289 1.5029 -26.0815 -12.0936 2.765 -26.5008 -10.9642
3 16 2.765 -26.5008 -10.9642 1.5029 -26.0815 -12.0936 2.5721 -25.7636 -11.0555
3 16 0 -28.625 -13.42 0 -26.896 -13.4125 1.4009 -28.1272 -12.8596
3 16 1.4009 -28.1272 -12.8596 0 -26.896 -13.4125 1.2322 -26.593 -12.7546
3 16 5.7802 -29.3669 -8.7946 3.8842 -29.1821 -10.3504 5.1351 -26.3336 -9.3323
3 16 5.1351 -26.3336 -9.3323 3.8842 -29.1821 -10.3504 2.765 -26.5008 -10.9642
3 16 5.1351 -26.3336 -9.3323 6.9447 -26.9404 -7.9806 5.7802 -29.3669 -8.7946
3 16 5.7802 -29.3669 -8.7946 6.9447 -26.9404 -7.9806 8.0472 -28.7094 -6.8893
3 16 6.6271 -32.1048 -7.8582 5.7802 -29.3669 -8.7946 7.9539 -31.0155 -6.7704
3 16 7.9539 -31.0155 -6.7704 5.7802 -29.3669 -8.7946 8.0472 -28.7094 -6.8893
3 16 4.9843 -32.1466 -9.4148 3.3642 -31.1286 -10.9162 3.8842 -29.1821 -10.3504
3 16 3.8842 -29.1821 -10.3504 3.3642 -31.1286 -10.9162 2.4896 -30.1891 -11.6481
3 16 1.6231 -27.9281 -12.1289 1.8286 -28.8451 -12.0625 1.4009 -28.1272 -12.8596
3 16 1.4009 -28.1272 -12.8596 1.8286 -28.8451 -12.0625 1.6001 -29.393 -12.6809
3 16 1.6231 -27.9281 -12.1289 2.765 -26.5008 -10.9642 1.8286 -28.8451 -12.0625
3 16 1.8286 -28.8451 -12.0625 2.765 -26.5008 -10.9642 3.8842 -29.1821 -10.3504
3 16 9.3314 -31.9239 -5.0833 10.078 -27.8101 -4.4166 8.8469 -32.45 -1.6321
3 16 8.8469 -32.45 -1.6321 10.078 -27.8101 -4.4166 9.5945 -28.5726 -0.6072
3 16 6.1089 -35.1983 -5.8883 9.3314 -31.9239 -5.0833 5.6796 -35.3267 -2.981
3 16 5.6796 -35.3267 -2.981 9.3314 -31.9239 -5.0833 8.8469 -32.45 -1.6321
3 16 0 -34.6877 -9.7927 0 -32.3693 -12.1354 3.1336 -31.8211 -11.5121
3 16 3.1336 -31.8211 -11.5121 0 -32.3693 -12.1354 2.152 -30.6485 -12.2804
3 16 0 -34.6877 -9.7927 3.1336 -31.8211 -11.5121 3.1716 -35.14 -8.9033
3 16 3.1716 -35.14 -8.9033 3.1336 -31.8211 -11.5121 5.0266 -33.1118 -9.9552
3 16 6.1089 -35.1983 -5.8883 0 -36.7293 -6.3306 3.1716 -35.14 -8.9033
3 16 3.1716 -35.14 -8.9033 0 -36.7293 -6.3306 0 -34.6877 -9.7927
3 16 0 -36.7293 -6.3306 6.1089 -35.1983 -5.8883 0 -36.8309 -4.3615
3 16 0 -36.8309 -4.3615 6.1089 -35.1983 -5.8883 5.6796 -35.3267 -2.981
3 16 6.6187 -23.9732 -8.0141 5.3986 -25.6522 -9.3606 3.0516 -23.6998 -10.1311
3 16 3.0516 -23.6998 -10.1311 5.3986 -25.6522 -9.3606 2.5721 -25.7636 -11.0555
3 16 6.9776 -29.243 4.3961 6.7742 -32.8305 3.1206 9.5945 -28.5726 -0.6072
3 16 9.5945 -28.5726 -0.6072 6.7742 -32.8305 3.1206 8.8469 -32.45 -1.6321
3 16 6.7742 -32.8305 3.1206 4.554 -35.1837 1.0709 8.8469 -32.45 -1.6321
3 16 8.8469 -32.45 -1.6321 4.554 -35.1837 1.0709 5.6796 -35.3267 -2.981
3 16 4.554 -35.1837 1.0709 0 -36.6338 -1.4916 5.6796 -35.3267 -2.981
3 16 5.6796 -35.3267 -2.981 0 -36.6338 -1.4916 0 -36.8309 -4.3615
3 16 9.5945 -28.5726 -0.6072 10.078 -27.8101 -4.4166 9.4286 -24.762 -1.0146
3 16 9.4286 -24.762 -1.0146 10.078 -27.8101 -4.4166 9.3986 -23.5475 -3.8857
3 16 6.9776 -29.243 4.3961 0 -29.8361 5.8071 6.7742 -32.8305 3.1206
3 16 6.7742 -32.8305 3.1206 0 -29.8361 5.8071 0 -33.0287 4.5833
3 16 6.7742 -32.8305 3.1206 0 -33.0287 4.5833 4.554 -35.1837 1.0709
3 16 4.554 -35.1837 1.0709 0 -33.0287 4.5833 0 -35.1463 2.359
3 16 4.554 -35.1837 1.0709 0 -35.1463 2.359 0 -36.6338 -1.4916
3 16 0 -36.6338 -1.4916 0 -35.1463 2.359 -4.554 -35.1837 1.0709
3 16 0 -22.5814 -9.9878 0 -19.5029 -10.771 3.1336 -22.7396 -9.3815
3 16 3.1336 -22.7396 -9.3815 0 -19.5029 -10.771 4.0931 -19.6341 -9.9678
3 16 7.788 -19.7731 -7.9278 6.5583 -22.8414 -7.2924 4.0931 -19.6341 -9.9678
3 16 4.0931 -19.6341 -9.9678 6.5583 -22.8414 -7.2924 3.1336 -22.7396 -9.3815
3 16 0 -19.5029 -10.771 0 -15.9702 -10.9488 4.0931 -19.6341 -9.9678
3 16 4.0931 -19.6341 -9.9678 0 -15.9702 -10.9488 4.5117 -16.0775 -9.9531
3 16 4.0931 -19.6341 -9.9678 4.5117 -16.0775 -9.9531 7.788 -19.7731 -7.9278
3 16 7.788 -19.7731 -7.9278 4.5117 -16.0775 -9.9531 8.4993 -16.2958 -7.5603
3 16 0 -15.9702 -10.9488 0 -12.2328 -10.424 4.5117 -16.0775 -9.9531
3 16 4.5117 -16.0775 -9.9531 0 -12.2328 -10.424 4.4393 -12.3315 -9.3168
3 16 4.5117 -16.0775 -9.9531 4.4393 -12.3315 -9.3168 8.4993 -16.2958 -7.5603
3 16 8.4993 -16.2958 -7.5603 4.4393 -12.3315 -9.3168 8.5996 -12.6173 -6.5769
3 16 8.5996 -12.6173 -6.5769 7.6895 -9.0939 -6.7163 9.4335 -9.9444 -3.6095
3 16 0 -9.1975 -9.5937 2.3048 -9.004 -9.2468 0 -12.2328 -10.424
3 16 0 -12.2328 -10.424 2.3048 -9.004 -9.2468 4.4393 -12.3315 -9.3168
3 16 4.4393 -12.3315 -9.3168 5.0225 -9.33 -8.5475 8.5996 -12.6173 -6.5769
3 16 8.5996 -12.6173 -6.5769 5.0225 -9.33 -8.5475 7.6895 -9.0939 -6.7163
3 16 4.4393 -12.3315 -9.3168 2.3048 -9.004 -9.2468 5.0225 -9.33 -8.5475
3 16 8.5428 -5.3246 -1.6108 9.4335 -9.9444 -3.6095 7.6922 -5.3171 -4.2125
3 16 7.6922 -5.3171 -4.2125 9.4335 -9.9444 -3.6095 7.6895 -9.0939 -6.7163
3 16 8.148 -23.6721 6.3667 6.7637 -21.1424 9.0325 6.048 -25.44 5.6322
3 16 6.048 -25.44 5.6322 6.7637 -21.1424 9.0325 0 -22.2341 9.6654
3 16 0 -10.4472 13.2853 0 -14.4285 12.8874 4.3275 -10.6047 12.9327
3 16 4.3275 -10.6047 12.9327 0 -14.4285 12.8874 4.9437 -14.0002 12.4573
3 16 0 -18.335 11.7339 0 -22.2341 9.6654 5.6649 -17.6157 11.2148
3 16 5.6649 -17.6157 11.2148 0 -22.2341 9.6654 6.7637 -21.1424 9.0325
3 16 11.9573 -20.509 -3.4938 8.5661 -22.7545 -4.8089 9.6483 -19.9729 -4.4908
3 16 11.5943 -12.4988 -0.1695 11.7738 -13.4479 -1.0274 9.6664 -11.6191 -0.543
3 16 9.6664 -11.6191 -0.543 11.7738 -13.4479 -1.0274 9.9086 -13.8656 -2.1723
3 16 11.7738 -13.4479 -1.0274 11.9622 -16.7988 -2.6935 9.9086 -13.8656 -2.1723
3 16 9.9086 -13.8656 -2.1723 11.9622 -16.7988 -2.6935 10.0256 -16.9121 -3.6421
3 16 11.9622 -16.7988 -2.6935 11.9573 -20.509 -3.4938 10.0256 -16.9121 -3.6421
3 16 10.0256 -16.9121 -3.6421 11.9573 -20.509 -3.4938 9.6483 -19.9729 -4.4908
3 16 8.7493 -9.2109 2.7625 9.5338 -9.6808 2.9793 9.3648 -10.4169 0.8578
3 16 9.3648 -10.4169 0.8578 9.5338 -9.6808 2.9793 10.5237 -10.8018 1.4033
3 16 9.5338 -9.6808 2.9793 8.7493 -9.2109 2.7625 8.7901 -8.9816 4.8685
3 16 8.7901 -8.9816 4.8685 8.7493 -9.2109 2.7625 7.7158 -8.3268 4.8268
3 16 8.7901 -8.9816 4.8685 7.7158 -8.3268 4.8268 8.8118 -9.1462 5.8437
3 16 8.8118 -9.1462 5.8437 7.7158 -8.3268 4.8268 6.2734 -7.8356 6.6562
3 16 7.9654 -9.4898 8.5384 8.5395 -9.3721 7.5309 6.2734 -7.8356 6.6562
3 16 7.9654 -9.4898 8.5384 6.2734 -7.8356 6.6562 6.7661 -8.9859 9.0587
3 16 6.7661 -8.9859 9.0587 6.2734 -7.8356 6.6562 4.5354 -7.7588 8.253
3 16 6.7661 -8.9859 9.0587 4.5354 -7.7588 8.253 5.8318 -8.8975 9.9853
3 16 5.8318 -8.8975 9.9853 4.5354 -7.7588 8.253 3.923 -7.9749 9.1276
3 16 3.4885 -8.0872 9.542 2.7934 -8.1164 9.7391 5.2543 -9.1572 11.0403
3 16 0 -9.3203 12.52 5.2543 -9.1572 11.0403 2.7934 -8.1164 9.7391
3 16 0 -9.7666 13.0414 4.3758 -9.9931 12.7587 0 -9.3203 12.52
3 16 0 -9.3203 12.52 4.3758 -9.9931 12.7587 4.6378 -9.5879 12.3379
3 16 0 -10.4472 13.2853 4.3275 -10.6047 12.9327 0 -9.7666 13.0414
3 16 0 -9.7666 13.0414 4.3275 -10.6047 12.9327 4.3758 -9.9931 12.7587
3 16 11.9622 -16.7988 -2.6935 11.5673 -13.9858 0.492 11.7561 -16.0926 -0.1078
3 16 11.7561 -16.0926 -0.1078 11.5673 -13.9858 0.492 11.5151 -14.5093 0.7781
3 16 11.9622 -16.7988 -2.6935 11.7561 -16.0926 -0.1078 11.8085 -18.8559 -1.1061
3 16 11.9622 -16.7988 -2.6935 11.8085 -18.8559 -1.1061 11.9573 -20.509 -3.4938
3 16 11.9573 -20.509 -3.4938 11.8085 -18.8559 -1.1061 11.758 -22.4656 -2.727
3 16 11.8085 -18.8559 -1.1061 11.1411 -20.031 1.599 11.758 -22.4656 -2.727
3 16 11.758 -22.4656 -2.727 11.1411 -20.031 1.599 11.0325 -23.8134 -0.1414
3 16 11.0325 -23.8134 -0.1414 11.1411 -20.031 1.599 10.0541 -24.3997 2.4858
3 16 10.0541 -24.3997 2.4858 11.1411 -20.031 1.599 9.7706 -21.0581 4.5568
3 16 10.0541 -24.3997 2.4858 9.7706 -21.0581 4.5568 8.148 -23.6721 6.3667
3 16 8.148 -23.6721 6.3667 9.7706 -21.0581 4.5568 6.7637 -21.1424 9.0325
3 16 6.7637 -21.1424 9.0325 9.7706 -21.0581 4.5568 9.291 -17.9011 6.2862
3 16 6.7637 -21.1424 9.0325 9.291 -17.9011 6.2862 5.6649 -17.6157 11.2148
3 16 5.6649 -17.6157 11.2148 9.291 -17.9011 6.2862 7.7866 -14.537 8.973
3 16 4.6378 -9.5879 12.3379 4.3758 -9.9931 12.7587 5.1396 -10.3199 12.1121
3 16 5.1396 -10.3199 12.1121 4.3758 -9.9931 12.7587 4.3275 -10.6047 12.9327
3 16 5.1396 -10.3199 12.1121 5.5386 -9.4307 11.4146 4.6378 -9.5879 12.3379
3 16 11.8085 -18.8559 -1.1061 11.7561 -16.0926 -0.1078 11.1411 -20.031 1.599
3 16 11.1411 -20.031 1.599 11.7561 -16.0926 -0.1078 10.9234 -16.7017 3.0877
3 16 11.1411 -20.031 1.599 10.9234 -16.7017 3.0877 9.7706 -21.0581 4.5568
3 16 9.7706 -21.0581 4.5568 10.9234 -16.7017 3.0877 9.291 -17.9011 6.2862
3 16 10.9234 -16.7017 3.0877 11.7561 -16.0926 -0.1078 11.3729 -14.7068 1.4193
3 16 11.3729 -14.7068 1.4193 11.7561 -16.0926 -0.1078 11.5151 -14.5093 0.7781
3 16 11.5119 -13.586 0.617 11.5673 -13.9858 0.492 11.7738 -13.4479 -1.0274
3 16 11.7738 -13.4479 -1.0274 11.5673 -13.9858 0.492 11.9622 -16.7988 -2.6935
3 16 11.7738 -13.4479 -1.0274 11.5943 -12.4988 -0.1695 11.5119 -13.586 0.617
3 16 11.5119 -13.586 0.617 11.5943 -12.4988 -0.1695 11.2365 -12.0143 1.4385
3 16 10.5388 -12.4541 3.7316 9.9958 -10.8906 4.7931 10.1651 -13.0489 5.126
3 16 10.1651 -13.0489 5.126 9.9958 -10.8906 4.7931 9.4411 -11.0846 6.2426
3 16 10.1651 -13.0489 5.126 9.4411 -11.0846 6.2426 9.1765 -12.4662 6.9425
3 16 9.1765 -12.4662 6.9425 9.4411 -11.0846 6.2426 8.6871 -11.2916 7.6415
3 16 10.9234 -16.7017 3.0877 10.1651 -13.0489 5.126 9.2573 -13.2291 6.8934
3 16 9.2573 -13.2291 6.8934 10.1651 -13.0489 5.126 9.1765 -12.4662 6.9425
3 16 5.5386 -9.4307 11.4146 5.1396 -10.3199 12.1121 6.938 -11.1544 10.1068
3 16 6.938 -11.1544 10.1068 5.1396 -10.3199 12.1121 6.3583 -12.1226 10.9939
3 16 7.7866 -14.537 8.973 9.291 -17.9011 6.2862 8.452 -13.4589 8.1632
3 16 8.452 -13.4589 8.1632 9.291 -17.9011 6.2862 8.8231 -13.607 7.6299
3 16 5.1396 -10.3199 12.1121 4.3275 -10.6047 12.9327 6.3583 -12.1226 10.9939
3 16 6.3583 -12.1226 10.9939 4.3275 -10.6047 12.9327 4.9437 -14.0002 12.4573
3 16 5.2543 -9.1572 11.0403 5.5386 -9.4307 11.4146 6.7287 -10.9662 9.5795
3 16 6.7287 -10.9662 9.5795 5.5386 -9.4307 11.4146 6.938 -11.1544 10.1068
3 16 8.135 -13.0843 8.6336 8.452 -13.4589 8.1632 7.8355 -12.86 8.1488
3 16 7.8355 -12.86 8.1488 8.452 -13.4589 8.1632 8.0753 -13.1597 7.7504
3 16 8.8231 -13.607 7.6299 8.2852 -13.2326 7.3664 8.452 -13.4589 8.1632
3 16 8.452 -13.4589 8.1632 8.2852 -13.2326 7.3664 8.0753 -13.1597 7.7504
3 16 9.2573 -13.2291 6.8934 8.3921 -13.0095 7.0591 8.8231 -13.607 7.6299
3 16 8.8231 -13.607 7.6299 8.3921 -13.0095 7.0591 8.2852 -13.2326 7.3664
3 16 9.2573 -13.2291 6.8934 9.1765 -12.4662 6.9425 8.3921 -13.0095 7.0591
3 16 8.3921 -13.0095 7.0591 9.1765 -12.4662 6.9425 8.3379 -12.6608 7.0888
3 16 11.2365 -12.0143 1.4385 11.5943 -12.4988 -0.1695 11.2687 -11.6543 1.3441
3 16 11.2687 -11.6543 1.3441 11.5943 -12.4988 -0.1695 11.2809 -11.5848 1.1172
3 16 11.5673 -13.9858 0.492 11.5119 -13.586 0.617 10.5581 -14.1073 0.9077
3 16 10.5581 -14.1073 0.9077 11.5119 -13.586 0.617 10.5136 -13.7586 0.9263
3 16 11.3729 -14.7068 1.4193 11.5151 -14.5093 0.7781 10.5097 -14.3075 1.2553
3 16 10.5097 -14.3075 1.2553 11.5151 -14.5093 0.7781 10.5581 -14.1073 0.9077
3 16 11.1714 -14.537 2.1695 11.3729 -14.7068 1.4193 10.4005 -14.243 1.7884
3 16 10.4005 -14.243 1.7884 11.3729 -14.7068 1.4193 10.5097 -14.3075 1.2553
3 16 11.1714 -14.537 2.1695 10.4005 -14.243 1.7884 10.5388 -12.4541 3.7316
3 16 10.5388 -12.4541 3.7316 10.4005 -14.243 1.7884 9.9257 -12.2794 3.2642
3 16 10.5388 -12.4541 3.7316 9.9257 -12.2794 3.2642 9.9958 -10.8906 4.7931
3 16 9.9958 -10.8906 4.7931 9.9257 -12.2794 3.2642 9.4311 -10.5586 4.5074
3 16 8.8118 -9.1462 5.8437 9.4379 -9.6219 5.7797 9.4311 -10.5586 4.5074
3 16 9.4311 -10.5586 4.5074 9.4379 -9.6219 5.7797 9.9958 -10.8906 4.7931
3 16 11.5943 -12.4988 -0.1695 9.6664 -11.6191 -0.543 11.2809 -11.5848 1.1172
3 16 11.2809 -11.5848 1.1172 9.6664 -11.6191 -0.543 10.5237 -10.8018 1.4033
3 16 9.5338 -9.6808 2.9793 10.1707 -11.5764 2.0545 10.6836 -11.0758 1.7526
3 16 9.5338 -9.6808 2.9793 10.6836 -11.0758 1.7526 10.5237 -10.8018 1.4033
3 16 11.2687 -11.6543 1.3441 11.2809 -11.5848 1.1172 10.6836 -11.0758 1.7526
3 16 10.6836 -11.0758 1.7526 11.2809 -11.5848 1.1172 10.5237 -10.8018 1.4033
3 16 11.2687 -11.6543 1.3441 10.6836 -11.0758 1.7526 11.2365 -12.0143 1.4385
3 16 11.2365 -12.0143 1.4385 10.6836 -11.0758 1.7526 10.1707 -11.5764 2.0545
3 16 9.4379 -9.6219 5.7797 8.8118 -9.1462 5.8437 8.5395 -9.3721 7.5309
3 16 8.5395 -9.3721 7.5309 8.8118 -9.1462 5.8437 6.2734 -7.8356 6.6562
3 16 10.4005 -14.243 1.7884 10.25 -13.8141 1.563 9.9257 -12.2794 3.2642
3 16 9.9257 -12.2794 3.2642 10.25 -13.8141 1.563 10.1707 -11.5764 2.0545
3 16 9.5338 -9.6808 2.9793 8.7901 -8.9816 4.8685 9.4311 -10.5586 4.5074
3 16 9.4311 -10.5586 4.5074 8.7901 -8.9816 4.8685 8.8118 -9.1462 5.8437
3 16 10.5581 -14.1073 0.9077 10.5136 -13.7586 0.9263 10.5097 -14.3075 1.2553
3 16 10.5097 -14.3075 1.2553 10.5136 -13.7586 0.9263 10.25 -13.8141 1.563
3 16 11.5119 -13.586 0.617 11.2365 -12.0143 1.4385 10.5136 -13.7586 0.9263
3 16 10.5136 -13.7586 0.9263 11.2365 -12.0143 1.4385 10.1707 -11.5764 2.0545
3 16 10.1707 -11.5764 2.0545 10.25 -13.8141 1.563 10.5136 -13.7586 0.9263
3 16 9.9958 -10.8906 4.7931 9.4379 -9.6219 5.7797 9.4411 -11.0846 6.2426
3 16 9.4411 -11.0846 6.2426 9.4379 -9.6219 5.7797 8.5395 -9.3721 7.5309
3 16 8.2852 -13.2326 7.3664 8.0721 -12.7718 7.4571 8.0753 -13.1597 7.7504
3 16 8.0753 -13.1597 7.7504 8.0721 -12.7718 7.4571 7.8355 -12.86 8.1488
3 16 5.2543 -9.1572 11.0403 6.7287 -10.9662 9.5795 5.8318 -8.8975 9.9853
3 16 5.8318 -8.8975 9.9853 6.7287 -10.9662 9.5795 6.9863 -10.6646 8.9433
3 16 10.4005 -14.243 1.7884 10.5097 -14.3075 1.2553 10.25 -13.8141 1.563
3 16 10.5581 -14.1073 0.9077 11.5151 -14.5093 0.7781 11.5673 -13.9858 0.492
3 16 8.2852 -13.2326 7.3664 8.3921 -13.0095 7.0591 8.0721 -12.7718 7.4571
3 16 8.0721 -12.7718 7.4571 8.3921 -13.0095 7.0591 8.3379 -12.6608 7.0888
3 16 9.1765 -12.4662 6.9425 8.6871 -11.2916 7.6415 8.3379 -12.6608 7.0888
3 16 8.3379 -12.6608 7.0888 8.6871 -11.2916 7.6415 7.7092 -11.0519 8.057
3 16 8.3379 -12.6608 7.0888 7.7092 -11.0519 8.057 8.0721 -12.7718 7.4571
3 16 8.0721 -12.7718 7.4571 7.7092 -11.0519 8.057 6.9863 -10.6646 8.9433
3 16 0 -14.4285 12.8874 0 -18.335 11.7339 4.9437 -14.0002 12.4573
3 16 4.9437 -14.0002 12.4573 0 -18.335 11.7339 5.6649 -17.6157 11.2148
3 16 6.938 -11.1544 10.1068 8.135 -13.0843 8.6336 6.7287 -10.9662 9.5795
3 16 6.7287 -10.9662 9.5795 8.135 -13.0843 8.6336 7.8355 -12.86 8.1488
3 16 6.7287 -10.9662 9.5795 7.8355 -12.86 8.1488 6.9863 -10.6646 8.9433
3 16 6.9863 -10.6646 8.9433 7.8355 -12.86 8.1488 8.0721 -12.7718 7.4571
3 16 7.9654 -9.4898 8.5384 8.6871 -11.2916 7.6415 8.5395 -9.3721 7.5309
3 16 8.5395 -9.3721 7.5309 8.6871 -11.2916 7.6415 9.4411 -11.0846 6.2426
3 16 8.6871 -11.2916 7.6415 7.9654 -9.4898 8.5384 7.7092 -11.0519 8.057
3 16 7.7092 -11.0519 8.057 7.9654 -9.4898 8.5384 6.7661 -8.9859 9.0587
3 16 7.7092 -11.0519 8.057 6.7661 -8.9859 9.0587 6.9863 -10.6646 8.9433
3 16 6.9863 -10.6646 8.9433 6.7661 -8.9859 9.0587 5.8318 -8.8975 9.9853
3 16 3.9014 -6.9917 9.1582 3.6793 -6.4095 9.0806 3.447 -7.0143 9.5658
3 16 3.447 -7.0143 9.5658 3.6793 -6.4095 9.0806 3.296 -6.4495 9.41
3 16 3.447 -7.0143 9.5658 3.296 -6.4495 9.41 2.8231 -7.0301 9.7383
3 16 2.8231 -7.0301 9.7383 3.296 -6.4495 9.41 2.8085 -6.4523 9.5275
3 16 3.5456 -6.0461 8.2437 3.0077 -6.1568 8.9747 3.6793 -6.4095 9.0806
3 16 3.6793 -6.4095 9.0806 3.0077 -6.1568 8.9747 3.296 -6.4495 9.41
3 16 2.1221 -6.1198 8.8039 2.8085 -6.4523 9.5275 3.0077 -6.1568 8.9747
3 16 3.0077 -6.1568 8.9747 2.8085 -6.4523 9.5275 3.296 -6.4495 9.41
3 16 2.8231 -7.0301 9.7383 2.8085 -6.4523 9.5275 0 -6.9945 9.7683
3 16 0 -6.9945 9.7683 2.8085 -6.4523 9.5275 0 -6.4354 9.564
3 16 0 -6.1341 9.0363 0 -6.4354 9.564 2.1221 -6.1198 8.8039
3 16 2.1221 -6.1198 8.8039 0 -6.4354 9.564 2.8085 -6.4523 9.5275
3 16 2.4515 -8.2482 -8.8856 4.5681 -8.6076 -8.3748 2.3048 -9.004 -9.2468
3 16 2.3048 -9.004 -9.2468 4.5681 -8.6076 -8.3748 5.0225 -9.33 -8.5475
3 16 4.5681 -8.6076 -8.3748 5.6321 -8.1198 -7.687 5.0225 -9.33 -8.5475
3 16 5.0225 -9.33 -8.5475 5.6321 -8.1198 -7.687 7.6895 -9.0939 -6.7163
3 16 5.8886 -5.3014 -7.0287 5.9215 -6.0818 -7.0151 5.7744 -5.3004 -7.3112
3 16 5.7744 -5.3004 -7.3112 5.9215 -6.0818 -7.0151 5.7964 -6.1357 -7.266
3 16 8.5428 -5.3246 -1.6108 8.5828 -5.3249 1.1779 9.3648 -10.4169 0.8578
3 16 9.3648 -10.4169 0.8578 8.5828 -5.3249 1.1779 8.7493 -9.2109 2.7625
3 16 8.5828 -5.3249 1.1779 7.7818 -5.3179 3.8319 8.7493 -9.2109 2.7625
3 16 8.7493 -9.2109 2.7625 7.7818 -5.3179 3.8319 7.7158 -8.3268 4.8268
3 16 3.2691 -5.2799 8.0792 3.5456 -6.0461 8.2437 4.7002 -5.291 7.3069
3 16 4.7002 -5.291 7.3069 3.5456 -6.0461 8.2437 4.6634 -6.1377 7.5887
3 16 2.524 -5.272 8.3391 2.8498 -6.0914 8.5758 3.2691 -5.2799 8.0792
3 16 3.2691 -5.2799 8.0792 2.8498 -6.0914 8.5758 3.5456 -6.0461 8.2437
3 16 1.7652 -5.2654 8.497 2.1221 -6.1198 8.8039 2.524 -5.272 8.3391
3 16 2.524 -5.272 8.3391 2.1221 -6.1198 8.8039 2.8498 -6.0914 8.5758
3 16 0 -5.25 8.6674 0 -6.1341 9.0363 1.7652 -5.2654 8.497
3 16 1.7652 -5.2654 8.497 0 -6.1341 9.0363 2.1221 -6.1198 8.8039
3 16 0 -6.8414 -9.5173 0 -5.2501 -9.587 1.0161 -6.841 -9.482
3 16 1.0161 -6.841 -9.482 0 -5.2501 -9.587 1.0389 -5.2591 -9.5469
3 16 1.5 -5.2631 -9.45 1.4767 -6.814 -9.3792 1.0389 -5.2591 -9.5469
3 16 1.0389 -5.2591 -9.5469 1.4767 -6.814 -9.3792 1.0161 -6.841 -9.482
3 16 1.8971 -5.2666 -9.1183 1.8841 -6.6392 -9.0508 1.5 -5.2631 -9.45
3 16 1.5 -5.2631 -9.45 1.8841 -6.6392 -9.0508 1.4767 -6.814 -9.3792
3 16 2.2415 -5.2696 -8.8074 2.2255 -6.489 -8.7726 1.8971 -5.2666 -9.1183
3 16 1.8971 -5.2666 -9.1183 2.2255 -6.489 -8.7726 1.8841 -6.6392 -9.0508
3 16 2.5835 -5.2726 -8.6852 2.5624 -6.441 -8.6611 2.2415 -5.2696 -8.8074
3 16 2.2415 -5.2696 -8.8074 2.5624 -6.441 -8.6611 2.2255 -6.489 -8.7726
3 16 2.5835 -5.2726 -8.6852 3.8579 -5.2837 -8.5681 2.5624 -6.441 -8.6611
3 16 2.5624 -6.441 -8.6611 3.8579 -5.2837 -8.5681 3.8678 -6.4503 -8.5523
3 16 4.3258 -5.2877 -8.4073 4.3598 -6.4152 -8.3982 3.8579 -5.2837 -8.5681
3 16 3.8579 -5.2837 -8.5681 4.3598 -6.4152 -8.3982 3.8678 -6.4503 -8.5523
3 16 4.6181 -5.2903 -8.0321 4.66 -6.3232 -8.0389 4.3258 -5.2877 -8.4073
3 16 4.3258 -5.2877 -8.4073 4.66 -6.3232 -8.0389 4.3598 -6.4152 -8.3982
3 16 4.8911 -5.2927 -7.6831 4.9365 -6.2055 -7.7017 4.6181 -5.2903 -8.0321
3 16 4.6181 -5.2903 -8.0321 4.9365 -6.2055 -7.7017 4.66 -6.3232 -8.0389
3 16 5.3401 -5.2966 -7.5088 5.3715 -6.1597 -7.4953 4.8911 -5.2927 -7.6831
3 16 4.8911 -5.2927 -7.6831 5.3715 -6.1597 -7.4953 4.9365 -6.2055 -7.7017
3 16 5.3401 -5.2966 -7.5088 5.7744 -5.3004 -7.3112 5.3715 -6.1597 -7.4953
3 16 5.3715 -6.1597 -7.4953 5.7744 -5.3004 -7.3112 5.7964 -6.1357 -7.266
3 16 5.8886 -5.3014 -7.0287 5.9688 -5.3021 -6.0464 5.9215 -6.0818 -7.0151
3 16 5.9215 -6.0818 -7.0151 5.9688 -5.3021 -6.0464 5.8836 -6.8309 -6.9204
3 16 10.9234 -16.7017 3.0877 11.3729 -14.7068 1.4193 11.1714 -14.537 2.1695
3 16 10.9234 -16.7017 3.0877 11.1714 -14.537 2.1695 10.1651 -13.0489 5.126
3 16 10.1651 -13.0489 5.126 11.1714 -14.537 2.1695 10.5388 -12.4541 3.7316
3 16 1.8627 -7.8831 -8.8659 1.8841 -6.6392 -9.0508 2.211 -7.5276 -8.6429
3 16 2.211 -7.5276 -8.6429 1.8841 -6.6392 -9.0508 2.2255 -6.489 -8.7726
3 16 4.6088 -7.405 -7.8321 4.66 -6.3232 -8.0389 4.872 -7.089 -7.5677
3 16 4.872 -7.089 -7.5677 4.66 -6.3232 -8.0389 4.9365 -6.2055 -7.7017
3 16 5.9688 -5.3021 -6.0464 7.6922 -5.3171 -4.2125 5.8836 -6.8309 -6.9204
3 16 5.8836 -6.8309 -6.9204 7.6922 -5.3171 -4.2125 7.6895 -9.0939 -6.7163
3 16 0 -8.3368 -9.2577 0.9667 -8.4095 -9.2137 0 -9.1975 -9.5937
3 16 0 -9.1975 -9.5937 0.9667 -8.4095 -9.2137 2.3048 -9.004 -9.2468
3 16 0.9667 -8.4095 -9.2137 0 -8.3368 -9.2577 1.0161 -6.841 -9.482
3 16 1.0161 -6.841 -9.482 0 -8.3368 -9.2577 0 -6.8414 -9.5173
3 16 1.436 -8.3231 -9.1207 1.4767 -6.814 -9.3792 1.8627 -7.8831 -8.8659
3 16 1.8627 -7.8831 -8.8659 1.4767 -6.814 -9.3792 1.8841 -6.6392 -9.0508
3 16 1.8627 -7.8831 -8.8659 2.4515 -8.2482 -8.8856 1.436 -8.3231 -9.1207
3 16 1.436 -8.3231 -9.1207 2.4515 -8.2482 -8.8856 2.3048 -9.004 -9.2468
3 16 0.9667 -8.4095 -9.2137 1.436 -8.3231 -9.1207 2.3048 -9.004 -9.2468
3 16 0.9667 -8.4095 -9.2137 1.0161 -6.841 -9.482 1.436 -8.3231 -9.1207
3 16 1.436 -8.3231 -9.1207 1.0161 -6.841 -9.482 1.4767 -6.814 -9.3792
3 16 2.211 -7.5276 -8.6429 2.2255 -6.489 -8.7726 2.5383 -7.4389 -8.5302
3 16 2.5383 -7.4389 -8.5302 2.2255 -6.489 -8.7726 2.5624 -6.441 -8.6611
3 16 2.5383 -7.4389 -8.5302 2.4515 -8.2482 -8.8856 2.211 -7.5276 -8.6429
3 16 2.211 -7.5276 -8.6429 2.4515 -8.2482 -8.8856 1.8627 -7.8831 -8.8659
3 16 4.5681 -8.6076 -8.3748 2.4515 -8.2482 -8.8856 3.8114 -7.7648 -8.2943
3 16 3.8114 -7.7648 -8.2943 2.4515 -8.2482 -8.8856 2.5383 -7.4389 -8.5302
3 16 3.8114 -7.7648 -8.2943 2.5383 -7.4389 -8.5302 3.8678 -6.4503 -8.5523
3 16 3.8678 -6.4503 -8.5523 2.5383 -7.4389 -8.5302 2.5624 -6.441 -8.6611
3 16 4.2898 -7.7744 -8.1302 4.3598 -6.4152 -8.3982 4.6088 -7.405 -7.8321
3 16 4.6088 -7.405 -7.8321 4.3598 -6.4152 -8.3982 4.66 -6.3232 -8.0389
3 16 5.6321 -8.1198 -7.687 4.2898 -7.7744 -8.1302 4.6088 -7.405 -7.8321
3 16 3.8114 -7.7648 -8.2943 4.2898 -7.7744 -8.1302 4.5681 -8.6076 -8.3748
3 16 4.5681 -8.6076 -8.3748 4.2898 -7.7744 -8.1302 5.6321 -8.1198 -7.687
3 16 3.8114 -7.7648 -8.2943 3.8678 -6.4503 -8.5523 4.2898 -7.7744 -8.1302
3 16 4.2898 -7.7744 -8.1302 3.8678 -6.4503 -8.5523 4.3598 -6.4152 -8.3982
3 16 4.872 -7.089 -7.5677 4.9365 -6.2055 -7.7017 5.3041 -7.0203 -7.3305
3 16 5.3041 -7.0203 -7.3305 4.9365 -6.2055 -7.7017 5.3715 -6.1597 -7.4953
3 16 5.6321 -8.1198 -7.687 5.3041 -7.0203 -7.3305 5.7331 -7.004 -7.0991
3 16 5.7331 -7.004 -7.0991 5.7964 -6.1357 -7.266 5.8836 -6.8309 -6.9204
3 16 5.8836 -6.8309 -6.9204 5.7964 -6.1357 -7.266 5.9215 -6.0818 -7.0151
3 16 5.8836 -6.8309 -6.9204 7.6895 -9.0939 -6.7163 5.7331 -7.004 -7.0991
3 16 5.7331 -7.004 -7.0991 7.6895 -9.0939 -6.7163 5.6321 -8.1198 -7.687
3 16 5.3041 -7.0203 -7.3305 5.3715 -6.1597 -7.4953 5.7331 -7.004 -7.0991
3 16 5.7331 -7.004 -7.0991 5.3715 -6.1597 -7.4953 5.7964 -6.1357 -7.266
3 16 9.9086 -13.8656 -2.1723 10.0256 -16.9121 -3.6421 8.5996 -12.6173 -6.5769
3 16 8.5996 -12.6173 -6.5769 10.0256 -16.9121 -3.6421 8.4993 -16.2958 -7.5603
3 16 0 -23.5654 -11.005 0 -22.5814 -9.9878 3.0516 -23.6998 -10.1311
3 16 3.0516 -23.6998 -10.1311 0 -22.5814 -9.9878 3.1336 -22.7396 -9.3815
3 16 8.5661 -22.7545 -4.8089 9.3986 -23.5475 -3.8857 9.0417 -25.1014 -5.6845
3 16 9.0417 -25.1014 -5.6845 9.3986 -23.5475 -3.8857 10.078 -27.8101 -4.4166
3 16 11.0325 -23.8134 -0.1414 9.4286 -24.762 -1.0146 11.758 -22.4656 -2.727
3 16 11.758 -22.4656 -2.727 9.4286 -24.762 -1.0146 9.3986 -23.5475 -3.8857
3 16 3.0516 -23.6998 -10.1311 3.1336 -22.7396 -9.3815 6.6187 -23.9732 -8.0141
3 16 6.6187 -23.9732 -8.0141 3.1336 -22.7396 -9.3815 6.5583 -22.8414 -7.2924
3 16 6.5583 -22.8414 -7.2924 7.788 -19.7731 -7.9278 8.5661 -22.7545 -4.8089
3 16 8.5661 -22.7545 -4.8089 7.788 -19.7731 -7.9278 9.6483 -19.9729 -4.4908
3 16 6.6187 -23.9732 -8.0141 6.5583 -22.8414 -7.2924 9.0417 -25.1014 -5.6845
3 16 9.0417 -25.1014 -5.6845 6.5583 -22.8414 -7.2924 8.5661 -22.7545 -4.8089
3 16 11.0325 -23.8134 -0.1414 10.0541 -24.3997 2.4858 9.4286 -24.762 -1.0146
3 16 9.4286 -24.762 -1.0146 10.0541 -24.3997 2.4858 8.629 -25.3852 2.0787
3 16 6.048 -25.44 5.6322 8.629 -25.3852 2.0787 8.148 -23.6721 6.3667
3 16 8.148 -23.6721 6.3667 8.629 -25.3852 2.0787 10.0541 -24.3997 2.4858
3 16 6.048 -25.44 5.6322 6.9776 -29.243 4.3961 8.629 -25.3852 2.0787
3 16 8.629 -25.3852 2.0787 6.9776 -29.243 4.3961 9.5945 -28.5726 -0.6072
3 16 9.4286 -24.762 -1.0146 8.629 -25.3852 2.0787 9.5945 -28.5726 -0.6072
3 16 0 -26.1532 6.7557 0 -29.8361 5.8071 6.048 -25.44 5.6322
3 16 6.048 -25.44 5.6322 0 -29.8361 5.8071 6.9776 -29.243 4.3961
3 16 0 -22.2341 9.6654 0 -26.1532 6.7557 6.048 -25.44 5.6322
3 16 7.788 -19.7731 -7.9278 8.4993 -16.2958 -7.5603 9.6483 -19.9729 -4.4908
3 16 9.6483 -19.9729 -4.4908 8.4993 -16.2958 -7.5603 10.0256 -16.9121 -3.6421
3 16 9.6664 -11.6191 -0.543 9.9086 -13.8656 -2.1723 9.4335 -9.9444 -3.6095
3 16 9.4335 -9.9444 -3.6095 9.9086 -13.8656 -2.1723 8.5996 -12.6173 -6.5769
3 16 9.6664 -11.6191 -0.543 9.4335 -9.9444 -3.6095 9.3648 -10.4169 0.8578
3 16 9.3648 -10.4169 0.8578 9.4335 -9.9444 -3.6095 8.5428 -5.3246 -1.6108
3 16 6.2734 -7.8356 6.6562 7.7158 -8.3268 4.8268 6.3733 -5.3056 5.8897
3 16 6.3733 -5.3056 5.8897 7.7158 -8.3268 4.8268 7.7818 -5.3179 3.8319
3 16 9.3986 -23.5475 -3.8857 8.5661 -22.7545 -4.8089 11.758 -22.4656 -2.727
3 16 11.758 -22.4656 -2.727 8.5661 -22.7545 -4.8089 11.9573 -20.509 -3.4938
3 16 3.4885 -8.0872 9.542 3.923 -7.9749 9.1276 3.447 -7.0143 9.5658
3 16 3.447 -7.0143 9.5658 3.923 -7.9749 9.1276 3.9014 -6.9917 9.1582
3 16 2.7934 -8.1164 9.7391 3.4885 -8.0872 9.542 2.8231 -7.0301 9.7383
3 16 2.8231 -7.0301 9.7383 3.4885 -8.0872 9.542 3.447 -7.0143 9.5658
3 16 2.7934 -8.1164 9.7391 2.8231 -7.0301 9.7383 0 -8.0318 9.763
3 16 0 -8.0318 9.763 2.8231 -7.0301 9.7383 0 -6.9945 9.7683
3 16 2.7934 -8.1164 9.7391 0 -8.0318 9.763 0 -9.3203 12.52
3 16 6.3733 -5.3056 5.8897 5.1079 -6.7335 7.4354 6.2734 -7.8356 6.6562
3 16 6.2734 -7.8356 6.6562 5.1079 -6.7335 7.4354 4.5354 -7.7588 8.253
3 16 5.1079 -6.7335 7.4354 3.9014 -6.9917 9.1582 4.5354 -7.7588 8.253
3 16 4.5354 -7.7588 8.253 3.9014 -6.9917 9.1582 3.923 -7.9749 9.1276
3 16 4.6634 -6.1377 7.5887 5.1079 -6.7335 7.4354 4.7002 -5.291 7.3069
3 16 4.7002 -5.291 7.3069 5.1079 -6.7335 7.4354 6.3733 -5.3056 5.8897
3 16 3.6793 -6.4095 9.0806 3.9014 -6.9917 9.1582 4.6634 -6.1377 7.5887
3 16 4.6634 -6.1377 7.5887 3.9014 -6.9917 9.1582 5.1079 -6.7335 7.4354
3 16 4.6634 -6.1377 7.5887 3.5456 -6.0461 8.2437 3.6793 -6.4095 9.0806
3 16 3.5456 -6.0461 8.2437 2.8498 -6.0914 8.5758 3.0077 -6.1568 8.9747
3 16 2.8498 -6.0914 8.5758 2.1221 -6.1198 8.8039 3.0077 -6.1568 8.9747
3 16 3.0516 -23.6998 -10.1311 2.5721 -25.7636 -11.0555 1.0578 -25.25 -12.0318
3 16 1.0578 -25.25 -12.0318 2.5721 -25.7636 -11.0555 1.5029 -26.0815 -12.0936
3 16 0 -25.0256 -12.6049 0.8748 -25.5117 -12.6373 0 -25.9918 -13.1768
3 16 0.8748 -25.5117 -12.6373 0 -25.0256 -12.6049 1.0578 -25.25 -12.0318
3 16 1.0578 -25.25 -12.0318 0 -25.0256 -12.6049 0 -24.717 -12.0328
3 16 3.0516 -23.6998 -10.1311 1.0578 -25.25 -12.0318 0 -23.5654 -11.005
3 16 0 -23.5654 -11.005 1.0578 -25.25 -12.0318 0 -24.717 -12.0328
3 16 5.5386 -9.4307 11.4146 5.2543 -9.1572 11.0403 4.6378 -9.5879 12.3379
3 16 0 -9.3203 12.52 4.6378 -9.5879 12.3379 5.2543 -9.1572 11.0403
3 16 8.125 0 0 7.8482 0 2.1029 8.125 -5.3105 0
3 16 8.125 -5.3105 0 7.8482 0 2.1029 7.8482 -5.3105 2.1029
3 16 7.0365 -5.3105 4.0625 7.8482 -5.3105 2.1029 7.0365 0 4.0625
3 16 7.0365 0 4.0625 7.8482 -5.3105 2.1029 7.8482 0 2.1029
3 16 5.7453 -5.3105 5.7452 7.0365 -5.3105 4.0625 5.7453 0 5.7452
3 16 5.7453 0 5.7452 7.0365 -5.3105 4.0625 7.0365 0 4.0625
3 16 5.7453 -5.3105 5.7452 5.7453 0 5.7452 4.0625 -5.3105 7.0365
3 16 4.0625 -5.3105 7.0365 5.7453 0 5.7452 4.0625 0 7.0365
3 16 2.1029 -5.3105 7.8482 4.0625 -5.3105 7.0365 2.1029 0 7.8482
3 16 2.1029 0 7.8482 4.0625 -5.3105 7.0365 4.0625 0 7.0365
3 16 2.1029 -5.3105 7.8482 2.1029 0 7.8482 0 -5.3105 8.125
3 16 0 -5.3105 8.125 2.1029 0 7.8482 0 0 8.125
3 16 0 -5.3105 -8.125 0 0 -8.125 2.1029 -5.3105 -7.8481
3 16 2.1029 -5.3105 -7.8481 0 0 -8.125 2.1029 0 -7.8481
3 16 4.0625 -5.3105 -7.0365 2.1029 -5.3105 -7.8481 4.0625 0 -7.0365
3 16 4.0625 0 -7.0365 2.1029 -5.3105 -7.8481 2.1029 0 -7.8481
3 16 5.7452 -5.3105 -5.7452 4.0625 -5.3105 -7.0365 5.7452 0 -5.7452
3 16 5.7452 0 -5.7452 4.0625 -5.3105 -7.0365 4.0625 0 -7.0365
3 16 7.0365 -5.3105 -4.0625 5.7452 -5.3105 -5.7452 7.0365 0 -4.0625
3 16 7.0365 0 -4.0625 5.7452 -5.3105 -5.7452 5.7452 0 -5.7452
3 16 7.8481 -5.3105 -2.1029 7.0365 -5.3105 -4.0625 7.8481 0 -2.1029
3 16 7.8481 0 -2.1029 7.0365 -5.3105 -4.0625 7.0365 0 -4.0625
3 16 8.125 -5.3105 0 7.8481 -5.3105 -2.1029 8.125 0 0
3 16 8.125 0 0 7.8481 -5.3105 -2.1029 7.8481 0 -2.1029
3 16 5.7452 -5.3105 -5.7452 5.8886 -5.3014 -7.0287 5.3401 -5.2966 -7.5088
3 16 5.8886 -5.3014 -7.0287 5.7744 -5.3004 -7.3112 5.3401 -5.2966 -7.5088
3 16 8.5428 -5.3246 -1.6108 7.8481 -5.3105 -2.1029 8.125 -5.3105 0
3 16 4.0625 -5.3105 7.0365 4.7002 -5.291 7.3069 5.7453 -5.3105 5.7452
3 16 5.7453 -5.3105 5.7452 4.7002 -5.291 7.3069 6.3733 -5.3056 5.8897
3 16 5.7453 -5.3105 5.7452 6.3733 -5.3056 5.8897 7.0365 -5.3105 4.0625
3 16 7.0365 -5.3105 4.0625 6.3733 -5.3056 5.8897 7.7818 -5.3179 3.8319
3 16 7.8482 -5.3105 2.1029 8.5828 -5.3249 1.1779 8.125 -5.3105 0
3 16 8.125 -5.3105 0 8.5828 -5.3249 1.1779 8.5428 -5.3246 -1.6108
3 16 7.0365 -5.3105 4.0625 7.7818 -5.3179 3.8319 7.8482 -5.3105 2.1029
3 16 7.8482 -5.3105 2.1029 7.7818 -5.3179 3.8319 8.5828 -5.3249 1.1779
3 16 2.1029 -5.3105 7.8482 3.2691 -5.2799 8.0792 4.0625 -5.3105 7.0365
3 16 4.0625 -5.3105 7.0365 3.2691 -5.2799 8.0792 4.7002 -5.291 7.3069
3 16 1.0389 -5.2591 -9.5469 0 -5.2501 -9.587 0 -5.3105 -8.125
3 16 1.8971 -5.2666 -9.1183 1.5 -5.2631 -9.45 0 -5.3105 -8.125
3 16 1.5 -5.2631 -9.45 1.0389 -5.2591 -9.5469 0 -5.3105 -8.125
3 16 2.2415 -5.2696 -8.8074 1.8971 -5.2666 -9.1183 2.1029 -5.3105 -7.8481
3 16 2.1029 -5.3105 -7.8481 1.8971 -5.2666 -9.1183 0 -5.3105 -8.125
3 16 2.2415 -5.2696 -8.8074 2.1029 -5.3105 -7.8481 2.5835 -5.2726 -8.6852
3 16 2.5835 -5.2726 -8.6852 2.1029 -5.3105 -7.8481 4.0625 -5.3105 -7.0365
3 16 3.8579 -5.2837 -8.5681 2.5835 -5.2726 -8.6852 4.0625 -5.3105 -7.0365
3 16 3.8579 -5.2837 -8.5681 4.0625 -5.3105 -7.0365 4.3258 -5.2877 -8.4073
3 16 4.0625 -5.3105 -7.0365 4.6181 -5.2903 -8.0321 4.3258 -5.2877 -8.4073
3 16 4.6181 -5.2903 -8.0321 4.0625 -5.3105 -7.0365 4.8911 -5.2927 -7.6831
3 16 4.8911 -5.2927 -7.6831 4.0625 -5.3105 -7.0365 5.3401 -5.2966 -7.5088
3 16 5.3401 -5.2966 -7.5088 4.0625 -5.3105 -7.0365 5.7452 -5.3105 -5.7452
3 16 5.9688 -5.3021 -6.0464 5.8886 -5.3014 -7.0287 5.7452 -5.3105 -5.7452
3 16 7.6922 -5.3171 -4.2125 5.9688 -5.3021 -6.0464 7.0365 -5.3105 -4.0625
3 16 7.0365 -5.3105 -4.0625 5.9688 -5.3021 -6.0464 5.7452 -5.3105 -5.7452
3 16 7.0365 -5.3105 -4.0625 7.8481 -5.3105 -2.1029 7.6922 -5.3171 -4.2125
3 16 7.6922 -5.3171 -4.2125 7.8481 -5.3105 -2.1029 8.5428 -5.3246 -1.6108
3 16 2.1029 -5.3105 7.8482 0 -5.3105 8.125 1.7652 -5.2654 8.497
3 16 1.7652 -5.2654 8.497 0 -5.3105 8.125 0 -5.25 8.6674
3 16 2.1029 -5.3105 7.8482 1.7652 -5.2654 8.497 2.524 -5.272 8.3391
3 16 2.1029 -5.3105 7.8482 2.524 -5.272 8.3391 3.2691 -5.2799 8.0792
3 16 1.4009 -28.1272 -12.8596 1.2322 -26.593 -12.7546 1.6231 -27.9281 -12.1289
3 16 1.6231 -27.9281 -12.1289 1.2322 -26.593 -12.7546 1.5029 -26.0815 -12.0936
3 16 1.0578 -25.25 -12.0318 1.5029 -26.0815 -12.0936 0.8748 -25.5117 -12.6373
3 16 0.8748 -25.5117 -12.6373 1.5029 -26.0815 -12.0936 1.2322 -26.593 -12.7546
3 16 6.6271 -32.1048 -7.8582 4.9843 -32.1466 -9.4148 5.7802 -29.3669 -8.7946
3 16 5.7802 -29.3669 -8.7946 4.9843 -32.1466 -9.4148 3.8842 -29.1821 -10.3504
3 16 8.8231 -13.607 7.6299 9.291 -17.9011 6.2862 9.2573 -13.2291 6.8934
3 16 9.2573 -13.2291 6.8934 9.291 -17.9011 6.2862 10.9234 -16.7017 3.0877
3 16 7.7866 -14.537 8.973 8.452 -13.4589 8.1632 8.135 -13.0843 8.6336
3 16 6.938 -11.1544 10.1068 6.3583 -12.1226 10.9939 8.135 -13.0843 8.6336
3 16 8.135 -13.0843 8.6336 6.3583 -12.1226 10.9939 7.7866 -14.537 8.973
3 16 5.6649 -17.6157 11.2148 7.7866 -14.537 8.973 4.9437 -14.0002 12.4573
3 16 4.9437 -14.0002 12.4573 7.7866 -14.537 8.973 6.3583 -12.1226 10.9939
3 16 9.4311 -10.5586 4.5074 9.9257 -12.2794 3.2642 9.5338 -9.6808 2.9793
3 16 9.5338 -9.6808 2.9793 9.9257 -12.2794 3.2642 10.1707 -11.5764 2.0545
3 16 10.5237 -10.8018 1.4033 9.6664 -11.6191 -0.543 9.3648 -10.4169 0.8578
3 16 5.2543 -9.1572 11.0403 5.8318 -8.8975 9.9853 3.4885 -8.0872 9.542
3 16 3.4885 -8.0872 9.542 5.8318 -8.8975 9.9853 3.923 -7.9749 9.1276
3 16 4.6088 -7.405 -7.8321 4.872 -7.089 -7.5677 5.6321 -8.1198 -7.687
3 16 4.872 -7.089 -7.5677 5.3041 -7.0203 -7.3305 5.6321 -8.1198 -7.687
3 16 6.2549 -6.6233 0 6.0408 -6.6233 -1.6186 6.0036 -26.738 0.8154
3 16 6.0036 -26.738 0.8154 6.0408 -6.6233 -1.6186 5.9309 -26.9148 -1.2301
3 16 6.0408 -6.6233 -1.6186 5.4169 -6.6233 -3.1274 5.9309 -26.9148 -1.2301
3 16 5.9309 -26.9148 -1.2301 5.4169 -6.6233 -3.1274 5.5521 -27.2856 -2.4133
3 16 3.1721 -30.4687 -4.8765 3.1274 -6.6233 -5.4169 1.597 -30.4658 -5.5973
3 16 1.597 -30.4658 -5.5973 3.1274 -6.6233 -5.4169 1.6186 -6.6233 -6.0408
3 16 1.597 -30.4658 -5.5973 1.6186 -6.6233 -6.0408 -0.13 -30.4717 -5.8131
3 16 -0.13 -30.4717 -5.8131 1.6186 -6.6233 -6.0408 0 -6.6233 -6.2549
3 16 -5.4169 -6.6233 -3.1274 -5.3392 -29.8826 -2.8048 -4.4222 -6.6232 -4.4222
3 16 -4.4222 -6.6232 -4.4222 -5.3392 -29.8826 -2.8048 -4.3395 -30.4721 -3.8685
3 16 -6.0408 -6.6233 -1.6186 -5.8689 -29.5132 -1.4015 -5.4169 -6.6233 -3.1274
3 16 -5.4169 -6.6233 -3.1274 -5.8689 -29.5132 -1.4015 -5.3392 -29.8826 -2.8048
3 16 -5.4169 -6.6233 3.1274 -5.2522 -15.5094 3.2124 -6.0408 -6.6232 1.6186
3 16 -6.0408 -6.6232 1.6186 -5.2522 -15.5094 3.2124 -5.7067 -17.0762 2.2736
3 16 -4.4222 -6.6232 4.4222 -4.5828 -15.197 4.1154 -5.4169 -6.6233 3.1274
3 16 -5.4169 -6.6233 3.1274 -4.5828 -15.197 4.1154 -5.2522 -15.5094 3.2124
3 16 -3.1274 -6.6233 5.4169 -3.2541 -15.1931 5.2297 -4.4222 -6.6232 4.4222
3 16 -4.4222 -6.6232 4.4222 -3.2541 -15.1931 5.2297 -4.5828 -15.197 4.1154
3 16 -3.1274 -6.6233 5.4169 -1.6186 -6.6232 6.0408 -3.2541 -15.1931 5.2297
3 16 -3.2541 -15.1931 5.2297 -1.6186 -6.6232 6.0408 -1.9711 -15.733 5.8306
3 16 -1.2551 -17.1667 6.0127 -1.9711 -15.733 5.8306 0 -6.6233 6.2549
3 16 0 -6.6233 6.2549 -1.9711 -15.733 5.8306 -1.6186 -6.6232 6.0408
3 16 3.1274 -6.6233 5.4169 4.4222 -6.6233 4.4222 2.7744 -20.7406 5.4048
3 16 2.7744 -20.7406 5.4048 4.4222 -6.6233 4.4222 3.6378 -22.2198 4.8395
3 16 4.5659 -24.8305 3.8895 3.6378 -22.2198 4.8395 5.4169 -6.6233 3.1274
3 16 5.4169 -6.6233 3.1274 3.6378 -22.2198 4.8395 4.4222 -6.6233 4.4222
3 16 5.3048 -27.304 2.6942 6.0408 -6.6233 1.6186 6.0036 -26.738 0.8154
3 16 6.0036 -26.738 0.8154 6.0408 -6.6233 1.6186 6.2549 -6.6233 0
3 16 -1.2551 -17.1667 6.0127 -1.8755 -17.153 5.5171 -1.9711 -15.733 5.8306
3 16 -1.9711 -15.733 5.8306 -1.8755 -17.153 5.5171 -2.2926 -16.2271 5.4246
3 16 -1.9711 -15.733 5.8306 -2.2926 -16.2271 5.4246 -3.2541 -15.1931 5.2297
3 16 -3.2541 -15.1931 5.2297 -2.2926 -16.2271 5.4246 -3.179 -15.7308 5.0572
3 16 -1.7552 -17.1623 4.6014 -2.2117 -16.4125 4.7483 -1.8755 -17.153 5.5171
3 16 -1.8755 -17.153 5.5171 -2.2117 -16.4125 4.7483 -2.2926 -16.2271 5.4246
3 16 -2.2117 -16.4125 4.7483 -2.96 -16.0361 4.6481 -2.2926 -16.2271 5.4246
3 16 -2.2926 -16.2271 5.4246 -2.96 -16.0361 4.6481 -3.179 -15.7308 5.0572
3 16 0.9127 -17.6727 0.947 0.5126 -17.477 0.5422 -2.2117 -16.4125 4.7483
3 16 -2.2117 -16.4125 4.7483 0.5126 -17.477 0.5422 -2.96 -16.0361 4.6481
3 16 1.039 -18.307 1.2864 0.9127 -17.6727 0.947 -1.7552 -17.1623 4.6014
3 16 -1.7552 -17.1623 4.6014 0.9127 -17.6727 0.947 -2.2117 -16.4125 4.7483
3 16 0.9127 -17.6727 0.947 1.1028 -17.8496 0.5971 0.5126 -17.477 0.5422
3 16 0.5126 -17.477 0.5422 1.1028 -17.8496 0.5971 0.8089 -17.7733 0.1887
3 16 1.1028 -17.8496 0.5971 0.9127 -17.6727 0.947 1.2454 -18.2497 0.6349
3 16 1.2454 -18.2497 0.6349 0.9127 -17.6727 0.947 1.039 -18.307 1.2864
3 16 1.2454 -18.2497 0.6349 0.9349 -18.286 0.0395 1.1028 -17.8496 0.5971
3 16 1.1028 -17.8496 0.5971 0.9349 -18.286 0.0395 0.8089 -17.7733 0.1887
3 16 1.6672 -24.8985 0.338 1.2454 -18.2497 0.6349 1.4298 -24.6793 0.9079
3 16 1.4298 -24.6793 0.9079 1.2454 -18.2497 0.6349 1.039 -18.307 1.2864
3 16 1.3953 -25.2831 -0.373 0.9349 -18.286 0.0395 1.6672 -24.8985 0.338
3 16 1.6672 -24.8985 0.338 0.9349 -18.286 0.0395 1.2454 -18.2497 0.6349
3 16 -1.8755 -17.153 5.5171 -1.2551 -17.1667 6.0127 -1.8123 -20.4165 5.3869
3 16 -1.8123 -20.4165 5.3869 -1.2551 -17.1667 6.0127 -1.149 -20.4359 5.9428
3 16 -1.4005 -21.1423 4.9391 -0.6978 -21.1362 5.4848 -1.0966 -22.5599 4.5425
3 16 -1.0966 -22.5599 4.5425 -0.6978 -21.1362 5.4848 -0.3266 -22.5343 5.1384
3 16 -1.0966 -22.5599 4.5425 -0.9192 -22.2504 3.6738 -1.4005 -21.1423 4.9391
3 16 -1.4005 -21.1423 4.9391 -0.9192 -22.2504 3.6738 -1.3523 -20.7284 4.1701
3 16 -1.3523 -20.7284 4.1701 -1.666 -20.184 4.536 -1.4005 -21.1423 4.9391
3 16 -1.4005 -21.1423 4.9391 -1.666 -20.184 4.536 -1.8123 -20.4165 5.3869
3 16 -0.6978 -21.1362 5.4848 -1.4005 -21.1423 4.9391 -1.149 -20.4359 5.9428
3 16 -1.149 -20.4359 5.9428 -1.4005 -21.1423 4.9391 -1.8123 -20.4165 5.3869
3 16 -1.8123 -20.4165 5.3869 -1.666 -20.184 4.536 -1.8755 -17.153 5.5171
3 16 -1.8755 -17.153 5.5171 -1.666 -20.184 4.536 -1.7552 -17.1623 4.6014
3 16 -0.1325 -25.3075 2.7777 -0.3201 -25.7972 3.6962 0.2454 -26.0044 2.5305
3 16 0.2454 -26.0044 2.5305 -0.3201 -25.7972 3.6962 0.1228 -26.52 3.4774
3 16 0.9448 -27.0017 3.2971 0.8981 -26.632 2.4401 0.1228 -26.52 3.4774
3 16 0.1228 -26.52 3.4774 0.8981 -26.632 2.4401 0.2454 -26.0044 2.5305
3 16 -0.3201 -25.7972 3.6962 0.759 -26.1711 4.1105 0.1228 -26.52 3.4774
3 16 0.1228 -26.52 3.4774 0.759 -26.1711 4.1105 0.9448 -27.0017 3.2971
3 16 0.759 -26.1711 4.1105 -0.3201 -25.7972 3.6962 0.1198 -24.3608 4.6862
3 16 0.1198 -24.3608 4.6862 -0.3201 -25.7972 3.6962 -0.69 -24.4118 4.0737
3 16 -0.3201 -25.7972 3.6962 -0.1325 -25.3075 2.7777 -0.69 -24.4118 4.0737
3 16 -0.69 -24.4118 4.0737 -0.1325 -25.3075 2.7777 -0.4719 -23.9884 3.1643
3 16 -0.3266 -22.5343 5.1384 0.1198 -24.3608 4.6862 -1.0966 -22.5599 4.5425
3 16 -1.0966 -22.5599 4.5425 0.1198 -24.3608 4.6862 -0.69 -24.4118 4.0737
3 16 -0.69 -24.4118 4.0737 -0.4719 -23.9884 3.1643 -1.0966 -22.5599 4.5425
3 16 -1.0966 -22.5599 4.5425 -0.4719 -23.9884 3.1643 -0.9192 -22.2504 3.6738
3 16 -1.3523 -20.7284 4.1701 1.039 -18.307 1.2864 -1.666 -20.184 4.536
3 16 1.039 -18.307 1.2864 -1.7552 -17.1623 4.6014 -1.666 -20.184 4.536
3 16 -0.1325 -25.3075 2.7777 0.2454 -26.0044 2.5305 1.4298 -24.6793 0.9079
3 16 1.4298 -24.6793 0.9079 0.2454 -26.0044 2.5305 1.6964 -25.9164 1.1383
3 16 0.2454 -26.0044 2.5305 0.8981 -26.632 2.4401 1.6964 -25.9164 1.1383
3 16 1.6964 -25.9164 1.1383 0.8981 -26.632 2.4401 2.5145 -27.0965 2.0153
3 16 1.039 -18.307 1.2864 -1.3523 -20.7284 4.1701 -0.9192 -22.2504 3.6738
3 16 -0.1325 -25.3075 2.7777 1.4298 -24.6793 0.9079 -0.4719 -23.9884 3.1643
3 16 -0.4719 -23.9884 3.1643 1.4298 -24.6793 0.9079 1.039 -18.307 1.2864
3 16 1.039 -18.307 1.2864 -0.9192 -22.2504 3.6738 -0.4719 -23.9884 3.1643
3 16 1.4298 -24.6793 0.9079 1.6964 -25.9164 1.1383 1.6672 -24.8985 0.338
3 16 1.6672 -24.8985 0.338 1.6964 -25.9164 1.1383 2.0795 -26.1546 0.3463
3 16 1.6672 -24.8985 0.338 2.0795 -26.1546 0.3463 1.3953 -25.2831 -0.373
3 16 1.3953 -25.2831 -0.373 2.0795 -26.1546 0.3463 2.0382 -26.2063 -0.0891
3 16 2.0795 -26.1546 0.3463 3.403 -27.1601 0.3444 2.0382 -26.2063 -0.0891
3 16 2.0382 -26.2063 -0.0891 3.403 -27.1601 0.3444 3.2367 -27.1701 -0.5054
3 16 3.2367 -27.1701 -0.5054 2.7601 -27.2762 -1.0412 2.0382 -26.2063 -0.0891
3 16 2.0382 -26.2063 -0.0891 2.7601 -27.2762 -1.0412 1.6383 -26.7006 -0.7816
3 16 2.7601 -27.2762 -1.0412 2.2751 -27.786 -1.2371 1.6383 -26.7006 -0.7816
3 16 1.6383 -26.7006 -0.7816 2.2751 -27.786 -1.2371 1.1273 -27.8563 -1.2364
3 16 2.8005 -27.5522 2.7828 3.1456 -27.058 3.452 5.0609 -27.8924 2.0892
3 16 5.0609 -27.8924 2.0892 3.1456 -27.058 3.452 5.3048 -27.304 2.6942
3 16 2.8005 -27.5522 2.7828 0.9448 -27.0017 3.2971 3.1456 -27.058 3.452
3 16 3.1456 -27.058 3.452 0.9448 -27.0017 3.2971 0.759 -26.1711 4.1105
3 16 2.8005 -27.5522 2.7828 2.5145 -27.0965 2.0153 0.9448 -27.0017 3.2971
3 16 0.9448 -27.0017 3.2971 2.5145 -27.0965 2.0153 0.8981 -26.632 2.4401
3 16 3.403 -27.1601 0.3444 2.0795 -26.1546 0.3463 2.5145 -27.0965 2.0153
3 16 2.5145 -27.0965 2.0153 2.0795 -26.1546 0.3463 1.6964 -25.9164 1.1383
3 16 2.5145 -27.0965 2.0153 4.4718 -27.7135 1.5289 3.403 -27.1601 0.3444
3 16 5.0609 -27.8924 2.0892 4.4718 -27.7135 1.5289 2.8005 -27.5522 2.7828
3 16 2.8005 -27.5522 2.7828 4.4718 -27.7135 1.5289 2.5145 -27.0965 2.0153
3 16 5.5707 -27.532 0.8522 4.4718 -27.7135 1.5289 5.0609 -27.8924 2.0892
3 16 6.0036 -26.738 0.8154 5.5707 -27.532 0.8522 5.3048 -27.304 2.6942
3 16 5.3048 -27.304 2.6942 5.5707 -27.532 0.8522 5.0609 -27.8924 2.0892
3 16 3.2367 -27.1701 -0.5054 3.403 -27.1601 0.3444 4.7969 -27.7261 -0.9254
3 16 4.7969 -27.7261 -0.9254 3.403 -27.1601 0.3444 4.4718 -27.7135 1.5289
3 16 5.486 -27.675 -1.0985 4.7969 -27.7261 -0.9254 5.5707 -27.532 0.8522
3 16 5.5707 -27.532 0.8522 4.7969 -27.7261 -0.9254 4.4718 -27.7135 1.5289
3 16 5.9309 -26.9148 -1.2301 5.486 -27.675 -1.0985 6.0036 -26.738 0.8154
3 16 6.0036 -26.738 0.8154 5.486 -27.675 -1.0985 5.5707 -27.532 0.8522
3 16 5.2221 -28.6056 -2.2913 4.5944 -28.6257 -1.8028 5.3982 -27.822 -1.8248
3 16 5.3982 -27.822 -1.8248 4.5944 -28.6257 -1.8028 4.6723 -27.9351 -1.4874
3 16 4.7322 -27.7855 -3.7677 5.2221 -28.6056 -2.2913 5.5521 -27.2856 -2.4133
3 16 5.5521 -27.2856 -2.4133 5.2221 -28.6056 -2.2913 5.3982 -27.822 -1.8248
3 16 4.6723 -27.9351 -1.4874 4.5944 -28.6257 -1.8028 2.7601 -27.2762 -1.0412
3 16 2.7601 -27.2762 -1.0412 4.5944 -28.6257 -1.8028 2.2751 -27.786 -1.2371
3 16 0.8069 -25.671 -0.9113 1.6383 -26.7006 -0.7816 0.2575 -26.5411 -1.4717
3 16 0.2575 -26.5411 -1.4717 1.6383 -26.7006 -0.7816 1.1273 -27.8563 -1.2364
3 16 0.8069 -25.671 -0.9113 1.3953 -25.2831 -0.373 1.6383 -26.7006 -0.7816
3 16 1.6383 -26.7006 -0.7816 1.3953 -25.2831 -0.373 2.0382 -26.2063 -0.0891
3 16 4.7969 -27.7261 -0.9254 4.6723 -27.9351 -1.4874 3.2367 -27.1701 -0.5054
3 16 3.2367 -27.1701 -0.5054 4.6723 -27.9351 -1.4874 2.7601 -27.2762 -1.0412
3 16 5.3982 -27.822 -1.8248 4.6723 -27.9351 -1.4874 5.486 -27.675 -1.0985
3 16 5.486 -27.675 -1.0985 4.6723 -27.9351 -1.4874 4.7969 -27.7261 -0.9254
3 16 5.5521 -27.2856 -2.4133 5.3982 -27.822 -1.8248 5.9309 -26.9148 -1.2301
3 16 5.9309 -26.9148 -1.2301 5.3982 -27.822 -1.8248 5.486 -27.675 -1.0985
3 16 0.2575 -26.5411 -1.4717 1.1273 -27.8563 -1.2364 0.3483 -29.8558 -1.7753
3 16 0.3483 -29.8558 -1.7753 1.1273 -27.8563 -1.2364 1.3126 -29.8006 -1.3313
3 16 1.1273 -27.8563 -1.2364 2.2751 -27.786 -1.2371 1.3126 -29.8006 -1.3313
3 16 1.3126 -29.8006 -1.3313 2.2751 -27.786 -1.2371 2.3808 -29.8028 -1.3348
3 16 1.3988 -30.4048 -1.613 2.3337 -30.4108 -1.6317 1.5475 -30.625 -2.1896
3 16 1.3988 -30.4048 -1.613 1.5475 -30.625 -2.1896 0.5448 -30.4151 -2.0028
3 16 0.5448 -30.4151 -2.0028 1.5475 -30.625 -2.1896 0.8619 -30.625 -2.4828
3 16 0.3483 -29.8558 -1.7753 1.3126 -29.8006 -1.3313 0.5448 -30.4151 -2.0028
3 16 0.5448 -30.4151 -2.0028 1.3126 -29.8006 -1.3313 1.3988 -30.4048 -1.613
3 16 1.3126 -29.8006 -1.3313 2.3808 -29.8028 -1.3348 1.3988 -30.4048 -1.613
3 16 1.3988 -30.4048 -1.613 2.3808 -29.8028 -1.3348 2.3337 -30.4108 -1.6317
3 16 4.5944 -28.6257 -1.8028 5.2221 -28.6056 -2.2913 4.5714 -29.7548 -1.838
3 16 4.5714 -29.7548 -1.838 5.2221 -28.6056 -2.2913 5.0864 -30.3122 -2.3739
3 16 5.0864 -30.3122 -2.3739 5.2221 -28.6056 -2.2913 4.638 -30.4247 -3.5872
3 16 4.638 -30.4247 -3.5872 5.2221 -28.6056 -2.2913 4.7322 -27.7855 -3.7677
3 16 5.0864 -30.3122 -2.3739 4.638 -30.4247 -3.5872 2.3337 -30.4108 -1.6317
3 16 2.3337 -30.4108 -1.6317 4.638 -30.4247 -3.5872 1.5475 -30.625 -2.1896
3 16 2.2751 -27.786 -1.2371 4.5944 -28.6257 -1.8028 2.3808 -29.8028 -1.3348
3 16 2.3808 -29.8028 -1.3348 4.5944 -28.6257 -1.8028 4.5714 -29.7548 -1.838
3 16 2.3808 -29.8028 -1.3348 4.5714 -29.7548 -1.838 2.3337 -30.4108 -1.6317
3 16 2.3337 -30.4108 -1.6317 4.5714 -29.7548 -1.838 5.0864 -30.3122 -2.3739
3 16 -3.179 -15.7308 5.0572 -2.96 -16.0361 4.6481 -4.3853 -15.7781 3.9965
3 16 -4.3853 -15.7781 3.9965 -2.96 -16.0361 4.6481 -4.0661 -16.0403 3.6995
3 16 -4.5828 -15.197 4.1154 -3.2541 -15.1931 5.2297 -4.3853 -15.7781 3.9965
3 16 -4.3853 -15.7781 3.9965 -3.2541 -15.1931 5.2297 -3.179 -15.7308 5.0572
3 16 -2.96 -16.0361 4.6481 0.5126 -17.477 0.5422 -4.0661 -16.0403 3.6995
3 16 -4.0661 -16.0403 3.6995 0.5126 -17.477 0.5422 -0.624 -17.4794 -0.423
3 16 -0.624 -17.4794 -0.423 0.5126 -17.477 0.5422 -0.3282 -17.7671 -0.7588
3 16 -0.3282 -17.7671 -0.7588 0.5126 -17.477 0.5422 0.8089 -17.7733 0.1887
3 16 0.8089 -17.7733 0.1887 0.9349 -18.286 0.0395 -0.3282 -17.7671 -0.7588
3 16 -0.3282 -17.7671 -0.7588 0.9349 -18.286 0.0395 -0.2176 -18.2764 -0.9262
3 16 0.8069 -25.671 -0.9113 0.9349 -18.286 0.0395 1.3953 -25.2831 -0.373
3 16 0.9349 -18.286 0.0395 0.8069 -25.671 -0.9113 -0.2176 -18.2764 -0.9262
3 16 -0.2176 -18.2764 -0.9262 0.8069 -25.671 -0.9113 0.2575 -26.5411 -1.4717
3 16 -4.3853 -15.7781 3.9965 -4.0661 -16.0403 3.6995 -4.788 -16.1997 3.28
3 16 -4.788 -16.1997 3.28 -4.0661 -16.0403 3.6995 -4.2905 -16.4002 3.0159
3 16 -4.5828 -15.197 4.1154 -4.3853 -15.7781 3.9965 -5.2522 -15.5094 3.2124
3 16 -5.2522 -15.5094 3.2124 -4.3853 -15.7781 3.9965 -4.788 -16.1997 3.28
3 16 -4.788 -16.1997 3.28 -4.2905 -16.4002 3.0159 -5.0061 -17.143 2.8252
3 16 -5.0061 -17.143 2.8252 -4.2905 -16.4002 3.0159 -4.216 -17.1687 2.5152
3 16 -5.2522 -15.5094 3.2124 -4.788 -16.1997 3.28 -5.7067 -17.0762 2.2736
3 16 -5.7067 -17.0762 2.2736 -4.788 -16.1997 3.28 -5.0061 -17.143 2.8252
3 16 -1.0852 -17.6739 -0.7397 -4.2905 -16.4002 3.0159 -0.624 -17.4794 -0.423
3 16 -0.624 -17.4794 -0.423 -4.2905 -16.4002 3.0159 -4.0661 -16.0403 3.6995
3 16 -1.4479 -18.34 -0.7997 -4.216 -17.1687 2.5152 -1.0852 -17.6739 -0.7397
3 16 -1.0852 -17.6739 -0.7397 -4.216 -17.1687 2.5152 -4.2905 -16.4002 3.0159
3 16 -0.3282 -17.7671 -0.7588 -0.2176 -18.2764 -0.9262 -0.7765 -17.8432 -0.9782
3 16 -0.7765 -17.8432 -0.9782 -0.2176 -18.2764 -0.9262 -0.8374 -18.2821 -1.1191
3 16 -1.0852 -17.6739 -0.7397 -0.624 -17.4794 -0.423 -0.7765 -17.8432 -0.9782
3 16 -0.7765 -17.8432 -0.9782 -0.624 -17.4794 -0.423 -0.3282 -17.7671 -0.7588
3 16 -1.4479 -18.34 -0.7997 -1.0852 -17.6739 -0.7397 -0.8374 -18.2821 -1.1191
3 16 -0.8374 -18.2821 -1.1191 -1.0852 -17.6739 -0.7397 -0.7765 -17.8432 -0.9782
3 16 -1.0318 -26.4156 -1.405 -1.4479 -18.34 -0.7997 -0.4854 -26.2927 -1.6961
3 16 -0.4854 -26.2927 -1.6961 -1.4479 -18.34 -0.7997 -0.8374 -18.2821 -1.1191
3 16 -0.8374 -18.2821 -1.1191 -0.2176 -18.2764 -0.9262 -0.4854 -26.2927 -1.6961
3 16 -0.4854 -26.2927 -1.6961 -0.2176 -18.2764 -0.9262 0.2575 -26.5411 -1.4717
3 16 -0.8679 -29.8094 -1.649 -1.0318 -26.4156 -1.405 -0.2814 -29.822 -1.9562
3 16 -0.2814 -29.822 -1.9562 -1.0318 -26.4156 -1.405 -0.4854 -26.2927 -1.6961
3 16 -0.4854 -26.2927 -1.6961 0.2575 -26.5411 -1.4717 -0.2814 -29.822 -1.9562
3 16 -0.2814 -29.822 -1.9562 0.2575 -26.5411 -1.4717 0.3483 -29.8558 -1.7753
3 16 -0.8679 -29.8094 -1.649 -0.2814 -29.822 -1.9562 -1.0911 -30.4114 -1.8499
3 16 -1.0911 -30.4114 -1.8499 -0.2814 -29.822 -1.9562 -0.3198 -30.4076 -2.2488
3 16 -0.2814 -29.822 -1.9562 0.3483 -29.8558 -1.7753 -0.3198 -30.4076 -2.2488
3 16 -0.3198 -30.4076 -2.2488 0.3483 -29.8558 -1.7753 0.5448 -30.4151 -2.0028
3 16 -1.0911 -30.4114 -1.8499 -0.3198 -30.4076 -2.2488 -1.5366 -30.625 -2.2186
3 16 -1.5366 -30.625 -2.2186 -0.3198 -30.4076 -2.2488 -0.3602 -30.625 -2.8425
3 16 0.5448 -30.4151 -2.0028 0.8619 -30.625 -2.4828 -0.3198 -30.4076 -2.2488
3 16 -0.3198 -30.4076 -2.2488 0.8619 -30.625 -2.4828 -0.3602 -30.625 -2.8425
3 16 -5.0561 -27.4906 2.6351 -5.0061 -17.143 2.8252 -4.1764 -27.4268 2.3287
3 16 -4.1764 -27.4268 2.3287 -5.0061 -17.143 2.8252 -4.216 -17.1687 2.5152
3 16 -5.7067 -17.0762 2.2736 -5.0061 -17.143 2.8252 -5.5763 -26.9869 2.247
3 16 -5.5763 -26.9869 2.247 -5.0061 -17.143 2.8252 -5.0561 -27.4906 2.6351
3 16 -5.5763 -26.9869 2.247 -5.4111 -27.6767 2.4342 -5.856 -28.134 1.5048
3 16 -5.856 -28.134 1.5048 -5.4111 -27.6767 2.4342 -5.5734 -28.5472 1.8114
3 16 -5.4111 -27.6767 2.4342 -5.0878 -27.7641 2.5793 -5.5734 -28.5472 1.8114
3 16 -5.5734 -28.5472 1.8114 -5.0878 -27.7641 2.5793 -4.9433 -28.7681 1.9481
3 16 -4.9433 -28.7681 1.9481 -5.0878 -27.7641 2.5793 -4.3388 -28.4832 2.1895
3 16 -4.3388 -28.4832 2.1895 -5.0878 -27.7641 2.5793 -4.6565 -27.7781 2.5758
3 16 -4.3388 -28.4832 2.1895 -4.6565 -27.7781 2.5758 -3.8845 -28.181 1.97
3 16 -3.8845 -28.181 1.97 -4.6565 -27.7781 2.5758 -4.1764 -27.4268 2.3287
3 16 -5.0878 -27.7641 2.5793 -5.4111 -27.6767 2.4342 -5.0561 -27.4906 2.6351
3 16 -5.0561 -27.4906 2.6351 -5.4111 -27.6767 2.4342 -5.5763 -26.9869 2.247
3 16 -0.8679 -29.8094 -1.649 -1.0911 -30.4114 -1.8499 -2.5476 -29.7706 0.3554
3 16 -2.5476 -29.7706 0.3554 -1.0911 -30.4114 -1.8499 -2.8412 -30.3732 0.2845
3 16 -1.0911 -30.4114 -1.8499 -1.5366 -30.625 -2.2186 -2.8412 -30.3732 0.2845
3 16 -2.8412 -30.3732 0.2845 -1.5366 -30.625 -2.2186 -3.3248 -30.6008 0.0092
3 16 -4.1764 -27.4268 2.3287 -4.6565 -27.7781 2.5758 -5.0561 -27.4906 2.6351
3 16 -5.0561 -27.4906 2.6351 -4.6565 -27.7781 2.5758 -5.0878 -27.7641 2.5793
3 16 -4.3388 -28.4832 2.1895 -3.8845 -28.181 1.97 -3.5341 -29.6028 1.244
3 16 -3.5341 -29.6028 1.244 -3.8845 -28.181 1.97 -3.2168 -29.1312 1.162
3 16 -4.9433 -28.7681 1.9481 -4.3388 -28.4832 2.1895 -4.3283 -29.7524 1.0457
3 16 -4.3283 -29.7524 1.0457 -4.3388 -28.4832 2.1895 -3.5341 -29.6028 1.244
3 16 -2.8412 -30.3732 0.2845 -3.5341 -29.6028 1.244 -2.5476 -29.7706 0.3554
3 16 -2.5476 -29.7706 0.3554 -3.5341 -29.6028 1.244 -3.2168 -29.1312 1.162
3 16 -4.3283 -29.7524 1.0457 -3.5341 -29.6028 1.244 -3.3248 -30.6008 0.0092
3 16 -3.3248 -30.6008 0.0092 -3.5341 -29.6028 1.244 -2.8412 -30.3732 0.2845
3 16 -5.6858 -29.847 0.4286 -6.0105 -28.9658 0.4872 -5.5734 -28.5472 1.8114
3 16 -5.5734 -28.5472 1.8114 -6.0105 -28.9658 0.4872 -5.856 -28.134 1.5048
3 16 -5.6858 -29.847 0.4286 -5.5734 -28.5472 1.8114 -4.3283 -29.7524 1.0457
3 16 -4.3283 -29.7524 1.0457 -5.5734 -28.5472 1.8114 -4.9433 -28.7681 1.9481
3 16 -4.4857 -30.6101 -0.372 -4.3283 -29.7524 1.0457 -3.3248 -30.6008 0.0092
3 16 -1.5366 -30.625 -2.2186 -4.4857 -30.6101 -0.372 -3.3248 -30.6008 0.0092
3 16 -4.3283 -29.7524 1.0457 -4.4857 -30.6101 -0.372 -5.6858 -29.847 0.4286
3 16 -5.6858 -29.847 0.4286 -4.4857 -30.6101 -0.372 -5.6335 -30.3225 -1.5216
3 16 -6.0105 -28.9658 0.4872 -5.6858 -29.847 0.4286 -5.8689 -29.5132 -1.4015
3 16 -5.8689 -29.5132 -1.4015 -5.6858 -29.847 0.4286 -5.6335 -30.3225 -1.5216
3 16 -4.4857 -30.6101 -0.372 -5.4102 -30.4996 -1.9576 -5.6335 -30.3225 -1.5216
3 16 -5.3392 -29.8826 -2.8048 -5.8689 -29.5132 -1.4015 -5.4102 -30.4996 -1.9576
3 16 -5.4102 -30.4996 -1.9576 -5.8689 -29.5132 -1.4015 -5.6335 -30.3225 -1.5216
3 16 -5.3392 -29.8826 -2.8048 -5.129 -30.49 -2.6904 -4.3395 -30.4721 -3.8685
3 16 -4.3395 -30.4721 -3.8685 -5.129 -30.49 -2.6904 -1.5366 -30.625 -2.2186
3 16 -3.2865 -30.4593 -4.8127 -4.3395 -30.4721 -3.8685 -1.5366 -30.625 -2.2186
3 16 -1.7687 -30.4763 -5.5334 -3.2865 -30.4593 -4.8127 -1.5366 -30.625 -2.2186
3 16 3.1721 -30.4687 -4.8765 1.597 -30.4658 -5.5973 0.8619 -30.625 -2.4828
3 16 0.8619 -30.625 -2.4828 1.597 -30.4658 -5.5973 -0.3602 -30.625 -2.8425
3 16 2.7744 -20.7406 5.4048 0.8517 -21.1076 5.4819 1.4584 -20.4693 5.8764
3 16 1.6186 -6.6233 6.0408 3.1274 -6.6233 5.4169 1.4584 -20.4693 5.8764
3 16 1.4584 -20.4693 5.8764 3.1274 -6.6233 5.4169 2.7744 -20.7406 5.4048
3 16 1.4584 -20.4693 5.8764 0.8517 -21.1076 5.4819 0.1151 -20.4185 6.0474
3 16 0 -6.6233 6.2549 1.6186 -6.6233 6.0408 0.1151 -20.4185 6.0474
3 16 0.1151 -20.4185 6.0474 1.6186 -6.6233 6.0408 1.4584 -20.4693 5.8764
3 16 -1.149 -20.4359 5.9428 0.1151 -20.4185 6.0474 -0.6978 -21.1362 5.4848
3 16 -0.6978 -21.1362 5.4848 0.1151 -20.4185 6.0474 0.8517 -21.1076 5.4819
3 16 -0.3266 -22.5343 5.1384 1.4213 -22.3943 5.0808 0.1198 -24.3608 4.6862
3 16 0.1198 -24.3608 4.6862 1.4213 -22.3943 5.0808 1.9024 -23.7485 4.6979
3 16 0.1198 -24.3608 4.6862 1.9024 -23.7485 4.6979 0.759 -26.1711 4.1105
3 16 0.759 -26.1711 4.1105 1.9024 -23.7485 4.6979 3.1456 -27.058 3.452
3 16 0 -6.6233 6.2549 0.1151 -20.4185 6.0474 -1.2551 -17.1667 6.0127
3 16 -1.2551 -17.1667 6.0127 0.1151 -20.4185 6.0474 -1.149 -20.4359 5.9428
3 16 5.4169 -6.6233 3.1274 6.0408 -6.6233 1.6186 4.5659 -24.8305 3.8895
3 16 4.5659 -24.8305 3.8895 6.0408 -6.6233 1.6186 5.3048 -27.304 2.6942
3 16 5.4169 -6.6233 -3.1274 4.4222 -6.6233 -4.4222 5.5521 -27.2856 -2.4133
3 16 5.5521 -27.2856 -2.4133 4.4222 -6.6233 -4.4222 4.7322 -27.7855 -3.7677
3 16 0 -6.6233 -6.2549 -1.6186 -6.6233 -6.0408 -0.13 -30.4717 -5.8131
3 16 -0.13 -30.4717 -5.8131 -1.6186 -6.6233 -6.0408 -1.7687 -30.4763 -5.5334
3 16 -0.13 -30.4717 -5.8131 -1.7687 -30.4763 -5.5334 -0.3602 -30.625 -2.8425
3 16 -0.3602 -30.625 -2.8425 -1.7687 -30.4763 -5.5334 -1.5366 -30.625 -2.2186
3 16 1.597 -30.4658 -5.5973 -0.13 -30.4717 -5.8131 -0.3602 -30.625 -2.8425
3 16 4.638 -30.4247 -3.5872 4.7322 -27.7855 -3.7677 3.1721 -30.4687 -4.8765
3 16 4.638 -30.4247 -3.5872 3.1721 -30.4687 -4.8765 1.5475 -30.625 -2.1896
3 16 1.5475 -30.625 -2.1896 3.1721 -30.4687 -4.8765 0.8619 -30.625 -2.4828
3 16 4.4222 -6.6233 -4.4222 3.1274 -6.6233 -5.4169 4.7322 -27.7855 -3.7677
3 16 4.7322 -27.7855 -3.7677 3.1274 -6.6233 -5.4169 3.1721 -30.4687 -4.8765
3 16 -1.6186 -6.6233 -6.0408 -3.1274 -6.6233 -5.4169 -1.7687 -30.4763 -5.5334
3 16 -1.7687 -30.4763 -5.5334 -3.1274 -6.6233 -5.4169 -3.2865 -30.4593 -4.8127
3 16 -3.1274 -6.6233 -5.4169 -4.4222 -6.6232 -4.4222 -3.2865 -30.4593 -4.8127
3 16 -3.2865 -30.4593 -4.8127 -4.4222 -6.6232 -4.4222 -4.3395 -30.4721 -3.8685
3 16 -5.3392 -29.8826 -2.8048 -5.4102 -30.4996 -1.9576 -5.129 -30.49 -2.6904
3 16 -4.4857 -30.6101 -0.372 -1.5366 -30.625 -2.2186 -5.4102 -30.4996 -1.9576
3 16 -5.129 -30.49 -2.6904 -5.4102 -30.4996 -1.9576 -1.5366 -30.625 -2.2186
3 16 -6.2549 -6.6233 0 -6.0105 -28.9658 0.4872 -6.0408 -6.6233 -1.6186
3 16 -6.0408 -6.6233 -1.6186 -6.0105 -28.9658 0.4872 -5.8689 -29.5132 -1.4015
3 16 -6.0105 -28.9658 0.4872 -6.2549 -6.6233 0 -5.856 -28.134 1.5048
3 16 -5.856 -28.134 1.5048 -6.2549 -6.6233 0 -6.0408 -6.6232 1.6186
3 16 -6.0408 -6.6232 1.6186 -5.7067 -17.0762 2.2736 -5.856 -28.134 1.5048
3 16 -5.856 -28.134 1.5048 -5.7067 -17.0762 2.2736 -5.5763 -26.9869 2.247
3 16 -4.216 -17.1687 2.5152 -1.4479 -18.34 -0.7997 -1.7953 -26.0735 -0.4908
3 16 -1.7953 -26.0735 -0.4908 -1.4479 -18.34 -0.7997 -1.0318 -26.4156 -1.405
3 16 -4.1764 -27.4268 2.3287 -4.216 -17.1687 2.5152 -3.2412 -27.5578 1.2122
3 16 -3.2168 -29.1312 1.162 -3.8845 -28.181 1.97 -3.2412 -27.5578 1.2122
3 16 -3.2412 -27.5578 1.2122 -3.8845 -28.181 1.97 -4.1764 -27.4268 2.3287
3 16 -2.5476 -29.7706 0.3554 -1.7953 -26.0735 -0.4908 -0.8679 -29.8094 -1.649
3 16 -0.8679 -29.8094 -1.649 -1.7953 -26.0735 -0.4908 -1.0318 -26.4156 -1.405
3 16 6.037 0 1.6176 6.25 0 0 6.0408 -6.6233 1.6186
3 16 6.0408 -6.6233 1.6186 6.25 0 0 6.2549 -6.6233 0
3 16 8.125 0 0 6.25 0 0 7.8482 0 2.1029
3 16 7.8482 0 2.1029 6.25 0 0 6.037 0 1.6176
3 16 7.8482 0 2.1029 6.037 0 1.6176 7.0365 0 4.0625
3 16 7.0365 0 4.0625 6.037 0 1.6176 5.4127 0 3.125
3 16 6.037 0 1.6176 6.0408 -6.6233 1.6186 5.4127 0 3.125
3 16 5.4127 0 3.125 6.0408 -6.6233 1.6186 5.4169 -6.6233 3.1274
3 16 7.0365 0 4.0625 5.4127 0 3.125 5.7453 0 5.7452
3 16 5.7453 0 5.7452 5.4127 0 3.125 4.4194 0 4.4194
3 16 5.4127 0 3.125 5.4169 -6.6233 3.1274 4.4194 0 4.4194
3 16 4.4194 0 4.4194 5.4169 -6.6233 3.1274 4.4222 -6.6233 4.4222
3 16 5.7453 0 5.7452 4.4194 0 4.4194 4.0625 0 7.0365
3 16 4.0625 0 7.0365 4.4194 0 4.4194 3.125 0 5.4127
3 16 4.4194 0 4.4194 4.4222 -6.6233 4.4222 3.125 0 5.4127
3 16 3.125 0 5.4127 4.4222 -6.6233 4.4222 3.1274 -6.6233 5.4169
3 16 4.0625 0 7.0365 3.125 0 5.4127 2.1029 0 7.8482
3 16 2.1029 0 7.8482 3.125 0 5.4127 1.6176 0 6.037
3 16 3.125 0 5.4127 3.1274 -6.6233 5.4169 1.6176 0 6.037
3 16 1.6176 0 6.037 3.1274 -6.6233 5.4169 1.6186 -6.6233 6.0408
3 16 2.1029 0 7.8482 1.6176 0 6.037 0 0 8.125
3 16 0 0 8.125 1.6176 0 6.037 0 0 6.25
3 16 1.6176 0 6.037 1.6186 -6.6233 6.0408 0 0 6.25
3 16 0 0 6.25 1.6186 -6.6233 6.0408 0 -6.6233 6.2549
3 16 0 0 8.125 0 0 6.25 -2.1029 0 7.8482
3 16 -2.1029 0 7.8482 0 0 6.25 -1.6176 0 6.037
3 16 0 0 6.25 0 -6.6233 6.2549 -1.6176 0 6.037
3 16 -1.6176 0 6.037 0 -6.6233 6.2549 -1.6186 -6.6232 6.0408
3 16 -2.1029 0 7.8482 -1.6176 0 6.037 -4.0625 0 7.0365
3 16 -4.0625 0 7.0365 -1.6176 0 6.037 -3.125 0 5.4127
3 16 -1.6176 0 6.037 -1.6186 -6.6232 6.0408 -3.125 0 5.4127
3 16 -3.125 0 5.4127 -1.6186 -6.6232 6.0408 -3.1274 -6.6233 5.4169
3 16 -3.125 0 5.4127 -4.4194 0 4.4194 -4.0625 0 7.0365
3 16 -4.0625 0 7.0365 -4.4194 0 4.4194 -5.7452 0 5.7452
3 16 -4.4194 0 4.4194 -3.125 0 5.4127 -4.4222 -6.6232 4.4222
3 16 -4.4222 -6.6232 4.4222 -3.125 0 5.4127 -3.1274 -6.6233 5.4169
3 16 -4.4194 0 4.4194 -4.4222 -6.6232 4.4222 -5.4127 0 3.125
3 16 -5.4127 0 3.125 -4.4222 -6.6232 4.4222 -5.4169 -6.6233 3.1274
3 16 -4.4194 0 4.4194 -5.4127 0 3.125 -5.7452 0 5.7452
3 16 -5.7452 0 5.7452 -5.4127 0 3.125 -7.0365 0 4.0625
3 16 -7.0365 0 4.0625 -5.4127 0 3.125 -7.8482 0 2.1029
3 16 -7.8482 0 2.1029 -5.4127 0 3.125 -6.037 0 1.6176
3 16 -5.4127 0 3.125 -5.4169 -6.6233 3.1274 -6.037 0 1.6176
3 16 -6.037 0 1.6176 -5.4169 -6.6233 3.1274 -6.0408 -6.6232 1.6186
3 16 -6.037 0 1.6176 -6.25 0 0 -7.8482 0 2.1029
3 16 -7.8482 0 2.1029 -6.25 0 0 -8.125 0 0
3 16 -6.25 0 0 -6.037 0 1.6176 -6.2549 -6.6233 0
3 16 -6.2549 -6.6233 0 -6.037 0 1.6176 -6.0408 -6.6232 1.6186
3 16 -6.25 0 0 -6.2549 -6.6233 0 -6.037 0 -1.6176
3 16 -6.037 0 -1.6176 -6.2549 -6.6233 0 -6.0408 -6.6233 -1.6186
3 16 -6.25 0 0 -6.037 0 -1.6176 -8.125 0 0
3 16 -8.125 0 0 -6.037 0 -1.6176 -7.8482 0 -2.1029
3 16 -7.8482 0 -2.1029 -6.037 0 -1.6176 -7.0365 0 -4.0625
3 16 -7.0365 0 -4.0625 -6.037 0 -1.6176 -5.4127 0 -3.125
3 16 -6.037 0 -1.6176 -6.0408 -6.6233 -1.6186 -5.4127 0 -3.125
3 16 -5.4127 0 -3.125 -6.0408 -6.6233 -1.6186 -5.4169 -6.6233 -3.1274
3 16 -7.0365 0 -4.0625 -5.4127 0 -3.125 -5.7452 0 -5.7452
3 16 -5.7452 0 -5.7452 -5.4127 0 -3.125 -4.4194 0 -4.4194
3 16 -5.4127 0 -3.125 -5.4169 -6.6233 -3.1274 -4.4194 0 -4.4194
3 16 -4.4194 0 -4.4194 -5.4169 -6.6233 -3.1274 -4.4222 -6.6232 -4.4222
3 16 -5.7452 0 -5.7452 -4.4194 0 -4.4194 -4.0625 0 -7.0365
3 16 -4.0625 0 -7.0365 -4.4194 0 -4.4194 -3.125 0 -5.4127
3 16 -4.4194 0 -4.4194 -4.4222 -6.6232 -4.4222 -3.125 0 -5.4127
3 16 -3.125 0 -5.4127 -4.4222 -6.6232 -4.4222 -3.1274 -6.6233 -5.4169
3 16 -4.0625 0 -7.0365 -3.125 0 -5.4127 -2.1029 0 -7.8481
3 16 -2.1029 0 -7.8481 -3.125 0 -5.4127 -1.6176 0 -6.037
3 16 -3.125 0 -5.4127 -3.1274 -6.6233 -5.4169 -1.6176 0 -6.037
3 16 -1.6176 0 -6.037 -3.1274 -6.6233 -5.4169 -1.6186 -6.6233 -6.0408
3 16 -2.1029 0 -7.8481 -1.6176 0 -6.037 0 0 -8.125
3 16 0 0 -8.125 -1.6176 0 -6.037 0 0 -6.25
3 16 -1.6176 0 -6.037 -1.6186 -6.6233 -6.0408 0 0 -6.25
3 16 0 0 -6.25 -1.6186 -6.6233 -6.0408 0 -6.6233 -6.2549
3 16 0 0 -8.125 0 0 -6.25 2.1029 0 -7.8481
3 16 2.1029 0 -7.8481 0 0 -6.25 1.6176 0 -6.037
3 16 0 0 -6.25 0 -6.6233 -6.2549 1.6176 0 -6.037
3 16 1.6176 0 -6.037 0 -6.6233 -6.2549 1.6186 -6.6233 -6.0408
3 16 2.1029 0 -7.8481 1.6176 0 -6.037 4.0625 0 -7.0365
3 16 4.0625 0 -7.0365 1.6176 0 -6.037 3.125 0 -5.4127
3 16 1.6176 0 -6.037 1.6186 -6.6233 -6.0408 3.125 0 -5.4127
3 16 3.125 0 -5.4127 1.6186 -6.6233 -6.0408 3.1274 -6.6233 -5.4169
3 16 4.0625 0 -7.0365 3.125 0 -5.4127 5.7452 0 -5.7452
3 16 5.7452 0 -5.7452 3.125 0 -5.4127 4.4194 0 -4.4194
3 16 3.125 0 -5.4127 3.1274 -6.6233 -5.4169 4.4194 0 -4.4194
3 16 4.4194 0 -4.4194 3.1274 -6.6233 -5.4169 4.4222 -6.6233 -4.4222
3 16 5.7452 0 -5.7452 4.4194 0 -4.4194 7.0365 0 -4.0625
3 16 7.0365 0 -4.0625 4.4194 0 -4.4194 5.4127 0 -3.125
3 16 4.4194 0 -4.4194 4.4222 -6.6233 -4.4222 5.4127 0 -3.125
3 16 5.4127 0 -3.125 4.4222 -6.6233 -4.4222 5.4169 -6.6233 -3.1274
3 16 7.0365 0 -4.0625 5.4127 0 -3.125 7.8481 0 -2.1029
3 16 7.8481 0 -2.1029 5.4127 0 -3.125 6.037 0 -1.6176
3 16 5.4127 0 -3.125 5.4169 -6.6233 -3.1274 6.037 0 -1.6176
3 16 6.037 0 -1.6176 5.4169 -6.6233 -3.1274 6.0408 -6.6233 -1.6186
3 16 7.8481 0 -2.1029 6.037 0 -1.6176 8.125 0 0
3 16 8.125 0 0 6.037 0 -1.6176 6.25 0 0
3 16 6.037 0 -1.6176 6.0408 -6.6233 -1.6186 6.25 0 0
3 16 6.25 0 0 6.0408 -6.6233 -1.6186 6.2549 -6.6233 0
3 16 -1.7953 -26.0735 -0.4908 -2.5476 -29.7706 0.3554 -3.2412 -27.5578 1.2122
3 16 -3.2412 -27.5578 1.2122 -2.5476 -29.7706 0.3554 -3.2168 -29.1312 1.162
3 16 -0.6978 -21.1362 5.4848 0.8517 -21.1076 5.4819 -0.3266 -22.5343 5.1384
3 16 -0.3266 -22.5343 5.1384 0.8517 -21.1076 5.4819 1.4213 -22.3943 5.0808
3 16 3.6378 -22.2198 4.8395 1.4213 -22.3943 5.0808 2.7744 -20.7406 5.4048
3 16 2.7744 -20.7406 5.4048 1.4213 -22.3943 5.0808 0.8517 -21.1076 5.4819
3 16 1.4213 -22.3943 5.0808 3.6378 -22.2198 4.8395 1.9024 -23.7485 4.6979
3 16 1.9024 -23.7485 4.6979 3.6378 -22.2198 4.8395 4.5659 -24.8305 3.8895
3 16 1.9024 -23.7485 4.6979 4.5659 -24.8305 3.8895 3.1456 -27.058 3.452
3 16 3.1456 -27.058 3.452 4.5659 -24.8305 3.8895 5.3048 -27.304 2.6942
3 16 -3.2412 -27.5578 1.2122 -4.216 -17.1687 2.5152 -1.7953 -26.0735 -0.4908
3 16 3.8842 -29.1821 -10.3504 2.4896 -30.1891 -11.6481 1.8286 -28.8451 -12.0625
3 16 1.8286 -28.8451 -12.0625 2.4896 -30.1891 -11.6481 1.6001 -29.393 -12.6809
3 16 1.6001 -29.393 -12.6809 2.4896 -30.1891 -11.6481 2.152 -30.6485 -12.2804
3 16 0 -32.3693 -12.1354 0 -30.4101 -12.7027 2.152 -30.6485 -12.2804
3 16 2.152 -30.6485 -12.2804 0 -30.4101 -12.7027 1.6001 -29.393 -12.6809
3 16 0 -32.3693 -12.1354 -2.152 -30.6485 -12.2804 0 -30.4101 -12.7027
3 16 0 -30.4101 -12.7027 -2.152 -30.6485 -12.2804 -1.6001 -29.393 -12.6809
3 16 -1.8286 -28.8451 -12.0625 -1.6001 -29.393 -12.6809 -2.4896 -30.1891 -11.6481
3 16 -2.4896 -30.1891 -11.6481 -1.6001 -29.393 -12.6809 -2.152 -30.6485 -12.2804
3 16 -3.8842 -29.1821 -10.3504 -1.8286 -28.8451 -12.0625 -2.4896 -30.1891 -11.6481
2 24 0 -26.896 -13.4125 0 -25.9918 -13.1768
2 24 -1.2322 -26.593 -12.7546 -0.8748 -25.5117 -12.6373
2 24 -1.6001 -29.393 -12.6809 -1.4009 -28.1272 -12.8596
2 24 -3.1336 -31.8211 -11.5121 -5.0266 -33.1118 -9.9552
2 24 -5.0266 -33.1118 -9.9552 -7.0289 -32.9256 -7.9558
2 24 -7.0289 -32.9256 -7.9558 -8.5833 -31.4354 -6.4832
2 24 -8.5833 -31.4354 -6.4832 -8.7641 -28.4761 -6.6159
2 24 -8.7641 -28.4761 -6.6159 -7.5732 -26.3403 -7.8725
2 24 -7.5732 -26.3403 -7.8725 -5.3986 -25.6522 -9.3606
2 24 -3.1336 -31.8211 -11.5121 -2.152 -30.6485 -12.2804
2 24 -3.1336 -31.8211 -11.5121 -5.0266 -33.1118 -9.9552
2 24 -5.0266 -33.1118 -9.9552 -7.0289 -32.9256 -7.9558
2 24 -7.0289 -32.9256 -7.9558 -8.5833 -31.4354 -6.4832
2 24 -8.5833 -31.4354 -6.4832 -8.7641 -28.4761 -6.6159
2 24 -2.5721 -25.7636 -11.0555 -5.3986 -25.6522 -9.3606
2 24 -5.3986 -25.6522 -9.3606 -7.5732 -26.3403 -7.8725
2 24 -8.7641 -28.4761 -6.6159 -7.5732 -26.3403 -7.8725
2 24 -2.5721 -25.7636 -11.0555 -1.5029 -26.0815 -12.0936
2 24 -1.2322 -26.593 -12.7546 -1.4009 -28.1272 -12.8596
2 24 -1.4009 -28.1272 -12.8596 -1.6001 -29.393 -12.6809
2 24 -3.1336 -31.8211 -11.5121 -2.152 -30.6485 -12.2804
2 24 -5.3986 -25.6522 -9.3606 -2.5721 -25.7636 -11.0555
2 24 -6.7742 -32.8305 3.1206 -6.9776 -29.243 4.3961
2 24 -6.7742 -32.8305 3.1206 -4.554 -35.1837 1.0709
2 24 -4.554 -35.1837 1.0709 0 -36.6338 -1.4916
2 24 -9.4286 -24.762 -1.0146 -9.3986 -23.5475 -3.8857
2 24 -6.7742 -32.8305 3.1206 -6.9776 -29.243 4.3961
2 24 -6.7742 -32.8305 3.1206 -4.554 -35.1837 1.0709
2 24 0 -22.5814 -9.9878 -3.1336 -22.7396 -9.3815
2 24 -3.1336 -22.7396 -9.3815 -6.5583 -22.8414 -7.2924
2 24 -8.5428 -5.3246 -1.6108 -7.6922 -5.3171 -4.2125
2 24 -8.148 -23.6721 6.3667 -6.7637 -21.1424 9.0325
2 24 -9.6483 -19.9729 -4.4908 -8.5661 -22.7545 -4.8089
2 24 -11.5943 -12.4988 -0.1695 -11.7738 -13.4479 -1.0274
2 24 -9.6664 -11.6191 -0.543 -9.9086 -13.8656 -2.1723
2 24 -11.7738 -13.4479 -1.0274 -11.9622 -16.7988 -2.6935
2 24 -9.9086 -13.8656 -2.1723 -10.0256 -16.9121 -3.6421
2 24 -11.9573 -20.509 -3.4938 -11.9622 -16.7988 -2.6935
2 24 -9.6483 -19.9729 -4.4908 -10.0256 -16.9121 -3.6421
2 24 -9.3648 -10.4169 0.8578 -8.7493 -9.2109 2.7625
2 24 -8.7493 -9.2109 2.7625 -7.7158 -8.3268 4.8268
2 24 -9.5338 -9.6808 2.9793 -8.7901 -8.9816 4.8685
2 24 -7.7158 -8.3268 4.8268 -6.2734 -7.8356 6.6562
2 24 -8.7901 -8.9816 4.8685 -8.8118 -9.1462 5.8437
2 24 -7.9654 -9.4898 8.5384 -8.5395 -9.3721 7.5309
2 24 -6.2734 -7.8356 6.6562 -4.5354 -7.7588 8.253
2 24 -7.9654 -9.4898 8.5384 -6.7661 -8.9859 9.0587
2 24 -4.5354 -7.7588 8.253 -3.923 -7.9749 9.1276
2 24 -6.7661 -8.9859 9.0587 -5.8318 -8.8975 9.9853
2 24 -3.4885 -8.0872 9.542 -2.7934 -8.1164 9.7391
2 24 -11.5151 -14.5093 0.7781 -11.5673 -13.9858 0.492
2 24 -11.758 -22.4656 -2.727 -11.9573 -20.509 -3.4938
2 24 -11.9622 -16.7988 -2.6935 -11.9573 -20.509 -3.4938
2 24 -11.758 -22.4656 -2.727 -11.0325 -23.8134 -0.1414
2 24 -11.0325 -23.8134 -0.1414 -10.0541 -24.3997 2.4858
2 24 -6.7637 -21.1424 9.0325 -8.148 -23.6721 6.3667
2 24 -10.0541 -24.3997 2.4858 -8.148 -23.6721 6.3667
2 24 -6.7637 -21.1424 9.0325 -5.6649 -17.6157 11.2148
2 24 -4.3275 -10.6047 12.9327 -4.3758 -9.9931 12.7587
2 24 -4.3758 -9.9931 12.7587 -4.6378 -9.5879 12.3379
2 24 -4.6378 -9.5879 12.3379 -5.5386 -9.4307 11.4146
2 24 -11.5151 -14.5093 0.7781 -11.3729 -14.7068 1.4193
2 24 -11.5673 -13.9858 0.492 -11.5119 -13.586 0.617
2 24 -11.9622 -16.7988 -2.6935 -11.7738 -13.4479 -1.0274
2 24 -11.5119 -13.586 0.617 -11.2365 -12.0143 1.4385
2 24 -11.7738 -13.4479 -1.0274 -11.5943 -12.4988 -0.1695
2 24 -9.9958 -10.8906 4.7931 -10.5388 -12.4541 3.7316
2 24 -9.1765 -12.4662 6.9425 -8.6871 -11.2916 7.6415
2 24 -9.1765 -12.4662 6.9425 -9.2573 -13.2291 6.8934
2 24 -5.5386 -9.4307 11.4146 -6.938 -11.1544 10.1068
2 24 -8.452 -13.4589 8.1632 -8.8231 -13.607 7.6299
2 24 -4.3275 -10.6047 12.9327 -4.9437 -14.0002 12.4573
2 24 -6.938 -11.1544 10.1068 -5.5386 -9.4307 11.4146
2 24 -5.5386 -9.4307 11.4146 -5.2543 -9.1572 11.0403
2 24 -8.135 -13.0843 8.6336 -8.452 -13.4589 8.1632
2 24 -8.452 -13.4589 8.1632 -8.8231 -13.607 7.6299
2 24 -8.2852 -13.2326 7.3664 -8.3921 -13.0095 7.0591
2 24 -8.3921 -13.0095 7.0591 -9.2573 -13.2291 6.8934
2 24 -8.8231 -13.607 7.6299 -9.2573 -13.2291 6.8934
2 24 -9.2573 -13.2291 6.8934 -9.1765 -12.4662 6.9425
2 24 -11.2365 -12.0143 1.4385 -11.2687 -11.6543 1.3441
2 24 -11.5943 -12.4988 -0.1695 -11.2809 -11.5848 1.1172
2 24 -11.2687 -11.6543 1.3441 -11.2809 -11.5848 1.1172
2 24 -10.5136 -13.7586 0.9263 -10.5581 -14.1073 0.9077
2 24 -11.5119 -13.586 0.617 -11.5673 -13.9858 0.492
2 24 -11.3729 -14.7068 1.4193 -11.5151 -14.5093 0.7781
2 24 -10.5581 -14.1073 0.9077 -10.5097 -14.3075 1.2553
2 24 -11.3729 -14.7068 1.4193 -11.1714 -14.537 2.1695
2 24 -11.1714 -14.537 2.1695 -10.5388 -12.4541 3.7316
2 24 -10.5388 -12.4541 3.7316 -9.9958 -10.8906 4.7931
2 24 -9.9257 -12.2794 3.2642 -9.4311 -10.5586 4.5074
2 24 -9.4311 -10.5586 4.5074 -8.8118 -9.1462 5.8437
2 24 -8.8118 -9.1462 5.8437 -9.4379 -9.6219 5.7797
2 24 -9.9958 -10.8906 4.7931 -9.4379 -9.6219 5.7797
2 24 -11.5943 -12.4988 -0.1695 -11.2809 -11.5848 1.1172
2 24 -9.5338 -9.6808 2.9793 -10.6836 -11.0758 1.7526
2 24 -9.5338 -9.6808 2.9793 -10.6836 -11.0758 1.7526
2 24 -11.2809 -11.5848 1.1172 -11.2687 -11.6543 1.3441
2 24 -10.6836 -11.0758 1.7526 -11.2687 -11.6543 1.3441
2 24 -11.2687 -11.6543 1.3441 -11.2365 -12.0143 1.4385
2 24 -10.6836 -11.0758 1.7526 -11.2687 -11.6543 1.3441
2 24 -8.8118 -9.1462 5.8437 -9.4379 -9.6219 5.7797
2 24 -8.5395 -9.3721 7.5309 -9.4379 -9.6219 5.7797
2 24 -8.8118 -9.1462 5.8437 -8.7901 -8.9816 4.8685
2 24 -9.5338 -9.6808 2.9793 -8.7901 -8.9816 4.8685
2 24 -10.5136 -13.7586 0.9263 -10.1707 -11.5764 2.0545
2 24 -11.5119 -13.586 0.617 -11.2365 -12.0143 1.4385
2 24 -8.5395 -9.3721 7.5309 -9.4379 -9.6219 5.7797
2 24 -9.9958 -10.8906 4.7931 -9.4379 -9.6219 5.7797
2 24 -5.2543 -9.1572 11.0403 -5.8318 -8.8975 9.9853
2 24 -11.5673 -13.9858 0.492 -11.5151 -14.5093 0.7781
2 24 -9.1765 -12.4662 6.9425 -8.6871 -11.2916 7.6415
2 24 -6.7287 -10.9662 9.5795 -7.8355 -12.86 8.1488
2 24 -6.938 -11.1544 10.1068 -8.135 -13.0843 8.6336
2 24 -8.5395 -9.3721 7.5309 -7.9654 -9.4898 8.5384
2 24 -8.6871 -11.2916 7.6415 -7.9654 -9.4898 8.5384
2 24 -8.6871 -11.2916 7.6415 -7.9654 -9.4898 8.5384
2 24 -7.9654 -9.4898 8.5384 -6.7661 -8.9859 9.0587
2 24 -5.8318 -8.8975 9.9853 -6.7661 -8.9859 9.0587
2 24 -2.8085 -6.4523 9.5275 0 -6.4354 9.564
2 24 -2.1221 -6.1198 8.8039 0 -6.1341 9.0363
2 24 -5.7744 -5.3004 -7.3112 -5.8886 -5.3014 -7.0287
2 24 -8.5428 -5.3246 -1.6108 -8.5828 -5.3249 1.1779
2 24 -9.3648 -10.4169 0.8578 -8.7493 -9.2109 2.7625
2 24 -8.7493 -9.2109 2.7625 -7.7158 -8.3268 4.8268
2 24 -8.5828 -5.3249 1.1779 -7.7818 -5.3179 3.8319
2 24 -4.6634 -6.1377 7.5887 -3.5456 -6.0461 8.2437
2 24 -4.7002 -5.291 7.3069 -3.2691 -5.2799 8.0792
2 24 -3.5456 -6.0461 8.2437 -2.8498 -6.0914 8.5758
2 24 -3.2691 -5.2799 8.0792 -2.524 -5.272 8.3391
2 24 -2.8498 -6.0914 8.5758 -2.1221 -6.1198 8.8039
2 24 -2.524 -5.272 8.3391 -1.7652 -5.2654 8.497
2 24 -1.7652 -5.2654 8.497 0 -5.25 8.6674
2 24 -2.1221 -6.1198 8.8039 0 -6.1341 9.0363
2 24 0 -5.2501 -9.587 -1.0389 -5.2591 -9.5469
2 24 -1.0389 -5.2591 -9.5469 -1.5 -5.2631 -9.45
2 24 -1.5 -5.2631 -9.45 -1.8971 -5.2666 -9.1183
2 24 -2.2255 -6.489 -8.7726 -2.2415 -5.2696 -8.8074
2 24 -1.8971 -5.2666 -9.1183 -2.2415 -5.2696 -8.8074
2 24 -2.2255 -6.489 -8.7726 -2.2415 -5.2696 -8.8074
2 24 -2.2415 -5.2696 -8.8074 -2.5835 -5.2726 -8.6852
2 24 -2.5835 -5.2726 -8.6852 -3.8579 -5.2837 -8.5681
2 24 -3.8579 -5.2837 -8.5681 -4.3258 -5.2877 -8.4073
2 24 -4.3258 -5.2877 -8.4073 -4.6181 -5.2903 -8.0321
2 24 -4.9365 -6.2055 -7.7017 -4.8911 -5.2927 -7.6831
2 24 -4.6181 -5.2903 -8.0321 -4.8911 -5.2927 -7.6831
2 24 -4.9365 -6.2055 -7.7017 -4.8911 -5.2927 -7.6831
2 24 -4.8911 -5.2927 -7.6831 -5.3401 -5.2966 -7.5088
2 24 -5.7744 -5.3004 -7.3112 -5.3401 -5.2966 -7.5088
2 24 -5.8836 -6.8309 -6.9204 -5.9688 -5.3021 -6.0464
2 24 -5.8886 -5.3014 -7.0287 -5.9688 -5.3021 -6.0464
2 24 -11.3729 -14.7068 1.4193 -11.1714 -14.537 2.1695
2 24 -10.5388 -12.4541 3.7316 -11.1714 -14.537 2.1695
2 24 -2.2255 -6.489 -8.7726 -2.211 -7.5276 -8.6429
2 24 -2.211 -7.5276 -8.6429 -1.8627 -7.8831 -8.8659
2 24 -4.9365 -6.2055 -7.7017 -4.872 -7.089 -7.5677
2 24 -4.872 -7.089 -7.5677 -4.6088 -7.405 -7.8321
2 24 -7.6922 -5.3171 -4.2125 -5.9688 -5.3021 -6.0464
2 24 -5.8836 -6.8309 -6.9204 -5.9688 -5.3021 -6.0464
2 24 -0.9667 -8.4095 -9.2137 0 -8.3368 -9.2577
2 24 -0.9667 -8.4095 -9.2137 0 -8.3368 -9.2577
2 24 -1.8627 -7.8831 -8.8659 -1.436 -8.3231 -9.1207
2 24 -1.436 -8.3231 -9.1207 -1.8627 -7.8831 -8.8659
2 24 -0.9667 -8.4095 -9.2137 -1.436 -8.3231 -9.1207
2 24 -0.9667 -8.4095 -9.2137 -1.436 -8.3231 -9.1207
2 24 -2.2255 -6.489 -8.7726 -2.211 -7.5276 -8.6429
2 24 -2.5383 -7.4389 -8.5302 -2.211 -7.5276 -8.6429
2 24 -1.8627 -7.8831 -8.8659 -2.211 -7.5276 -8.6429
2 24 -2.211 -7.5276 -8.6429 -2.5383 -7.4389 -8.5302
2 24 -2.5383 -7.4389 -8.5302 -3.8114 -7.7648 -8.2943
2 24 -2.5383 -7.4389 -8.5302 -3.8114 -7.7648 -8.2943
2 24 -4.6088 -7.405 -7.8321 -4.2898 -7.7744 -8.1302
2 24 -4.6088 -7.405 -7.8321 -4.2898 -7.7744 -8.1302
2 24 -3.8114 -7.7648 -8.2943 -4.2898 -7.7744 -8.1302
2 24 -3.8114 -7.7648 -8.2943 -4.2898 -7.7744 -8.1302
2 24 -4.9365 -6.2055 -7.7017 -4.872 -7.089 -7.5677
2 24 -5.3041 -7.0203 -7.3305 -4.872 -7.089 -7.5677
2 24 -5.7331 -7.004 -7.0991 -5.3041 -7.0203 -7.3305
2 24 -5.8836 -6.8309 -6.9204 -5.7331 -7.004 -7.0991
2 24 -5.8836 -6.8309 -6.9204 -5.7331 -7.004 -7.0991
2 24 -5.3041 -7.0203 -7.3305 -5.7331 -7.004 -7.0991
2 24 -9.9086 -13.8656 -2.1723 -10.0256 -16.9121 -3.6421
2 24 0 -22.5814 -9.9878 -3.1336 -22.7396 -9.3815
2 24 -9.3986 -23.5475 -3.8857 -8.5661 -22.7545 -4.8089
2 24 -11.0325 -23.8134 -0.1414 -11.758 -22.4656 -2.727
2 24 -9.4286 -24.762 -1.0146 -9.3986 -23.5475 -3.8857
2 24 -3.1336 -22.7396 -9.3815 -6.5583 -22.8414 -7.2924
2 24 -9.6483 -19.9729 -4.4908 -8.5661 -22.7545 -4.8089
2 24 -6.5583 -22.8414 -7.2924 -8.5661 -22.7545 -4.8089
2 24 -8.5661 -22.7545 -4.8089 -6.5583 -22.8414 -7.2924
2 24 -9.4286 -24.762 -1.0146 -8.629 -25.3852 2.0787
2 24 -11.0325 -23.8134 -0.1414 -10.0541 -24.3997 2.4858
2 24 -8.148 -23.6721 6.3667 -10.0541 -24.3997 2.4858
2 24 -6.048 -25.44 5.6322 -8.629 -25.3852 2.0787
2 24 -6.048 -25.44 5.6322 -8.629 -25.3852 2.0787
2 24 -6.9776 -29.243 4.3961 -6.048 -25.44 5.6322
2 24 -9.4286 -24.762 -1.0146 -8.629 -25.3852 2.0787
2 24 -6.9776 -29.243 4.3961 -6.048 -25.44 5.6322
2 24 -6.048 -25.44 5.6322 0 -26.1532 6.7557
2 24 -10.0256 -16.9121 -3.6421 -9.6483 -19.9729 -4.4908
2 24 -9.9086 -13.8656 -2.1723 -9.6664 -11.6191 -0.543
2 24 -9.3648 -10.4169 0.8578 -9.6664 -11.6191 -0.543
2 24 -7.7818 -5.3179 3.8319 -6.3733 -5.3056 5.8897
2 24 -7.7158 -8.3268 4.8268 -6.2734 -7.8356 6.6562
2 24 -8.5661 -22.7545 -4.8089 -9.3986 -23.5475 -3.8857
2 24 -11.9573 -20.509 -3.4938 -11.758 -22.4656 -2.727
2 24 -3.4885 -8.0872 9.542 -3.923 -7.9749 9.1276
2 24 -3.4885 -8.0872 9.542 -2.7934 -8.1164 9.7391
2 24 -2.7934 -8.1164 9.7391 0 -8.0318 9.763
2 24 -2.7934 -8.1164 9.7391 0 -8.0318 9.763
2 24 -6.2734 -7.8356 6.6562 -4.5354 -7.7588 8.253
2 24 -5.1079 -6.7335 7.4354 -4.5354 -7.7588 8.253
2 24 -3.923 -7.9749 9.1276 -4.5354 -7.7588 8.253
2 24 -4.5354 -7.7588 8.253 -5.1079 -6.7335 7.4354
2 24 -4.6634 -6.1377 7.5887 -5.1079 -6.7335 7.4354
2 24 -4.7002 -5.291 7.3069 -6.3733 -5.3056 5.8897
2 24 -5.1079 -6.7335 7.4354 -4.6634 -6.1377 7.5887
2 24 -3.5456 -6.0461 8.2437 -4.6634 -6.1377 7.5887
2 24 -3.5456 -6.0461 8.2437 -2.8498 -6.0914 8.5758
2 24 -2.1221 -6.1198 8.8039 -2.8498 -6.0914 8.5758
2 24 -6.048 -25.44 5.6322 0 -26.1532 6.7557
2 24 -2.5721 -25.7636 -11.0555 -1.5029 -26.0815 -12.0936
2 24 -0.8748 -25.5117 -12.6373 0 -25.0256 -12.6049
2 24 0 -24.717 -12.0328 0 -25.0256 -12.6049
2 24 0 -25.0256 -12.6049 -0.8748 -25.5117 -12.6373
2 24 -6.7637 -21.1424 9.0325 -5.6649 -17.6157 11.2148
2 24 -5.6649 -17.6157 11.2148 -4.9437 -14.0002 12.4573
2 24 -4.9437 -14.0002 12.4573 -4.3275 -10.6047 12.9327
2 24 -4.3275 -10.6047 12.9327 -4.3758 -9.9931 12.7587
2 24 -4.3758 -9.9931 12.7587 -4.6378 -9.5879 12.3379
2 24 -4.6378 -9.5879 12.3379 -5.5386 -9.4307 11.4146
2 24 -5.2543 -9.1572 11.0403 -5.5386 -9.4307 11.4146
2 24 -8.125 0 0 -7.8482 0 2.1029
2 24 -8.125 -5.3105 0 -7.8482 -5.3105 2.1029
2 24 -7.8482 -5.3105 2.1029 -7.0365 -5.3105 4.0625
2 24 -7.8482 0 2.1029 -7.0365 0 4.0625
2 24 -7.0365 -5.3105 4.0625 -5.7453 -5.3105 5.7452
2 24 -7.0365 0 4.0625 -5.7452 0 5.7452
2 24 -5.7453 -5.3105 5.7452 -4.0625 -5.3105 7.0365
2 24 -5.7452 0 5.7452 -4.0625 0 7.0365
2 24 -4.0625 -5.3105 7.0365 -2.1029 -5.3105 7.8482
2 24 -4.0625 0 7.0365 -2.1029 0 7.8482
2 24 -2.1029 -5.3105 7.8482 0 -5.3105 8.125
2 24 -2.1029 0 7.8482 0 0 8.125
2 24 0 -5.3105 -8.125 -2.1029 -5.3105 -7.8481
2 24 0 0 -8.125 -2.1029 0 -7.8481
2 24 -2.1029 -5.3105 -7.8481 -4.0625 -5.3105 -7.0365
2 24 -2.1029 0 -7.8481 -4.0625 0 -7.0365
2 24 -4.0625 -5.3105 -7.0365 -5.7452 -5.3105 -5.7452
2 24 -4.0625 0 -7.0365 -5.7452 0 -5.7452
2 24 -5.7452 -5.3105 -5.7452 -7.0365 -5.3105 -4.0625
2 24 -5.7452 0 -5.7452 -7.0365 0 -4.0625
2 24 -7.0365 -5.3105 -4.0625 -7.8481 -5.3105 -2.1029
2 24 -7.0365 0 -4.0625 -7.8482 0 -2.1029
2 24 -8.125 -5.3105 0 -7.8481 -5.3105 -2.1029
2 24 -8.125 0 0 -7.8482 0 -2.1029
2 24 -5.8886 -5.3014 -7.0287 -5.7744 -5.3004 -7.3112
2 24 -5.3401 -5.2966 -7.5088 -5.7744 -5.3004 -7.3112
2 24 -8.125 -5.3105 0 -7.8481 -5.3105 -2.1029
2 24 -6.3733 -5.3056 5.8897 -4.7002 -5.291 7.3069
2 24 -5.7453 -5.3105 5.7452 -4.0625 -5.3105 7.0365
2 24 -5.7453 -5.3105 5.7452 -7.0365 -5.3105 4.0625
2 24 -6.3733 -5.3056 5.8897 -7.7818 -5.3179 3.8319
2 24 -8.5428 -5.3246 -1.6108 -8.5828 -5.3249 1.1779
2 24 -8.125 -5.3105 0 -7.8482 -5.3105 2.1029
2 24 -7.7818 -5.3179 3.8319 -8.5828 -5.3249 1.1779
2 24 -7.0365 -5.3105 4.0625 -7.8482 -5.3105 2.1029
2 24 -4.0625 -5.3105 7.0365 -2.1029 -5.3105 7.8482
2 24 -4.7002 -5.291 7.3069 -3.2691 -5.2799 8.0792
2 24 -1.0389 -5.2591 -9.5469 0 -5.2501 -9.587
2 24 -1.8971 -5.2666 -9.1183 -1.5 -5.2631 -9.45
2 24 -1.0389 -5.2591 -9.5469 -1.5 -5.2631 -9.45
2 24 -1.8971 -5.2666 -9.1183 -2.2415 -5.2696 -8.8074
2 24 0 -5.3105 -8.125 -2.1029 -5.3105 -7.8481
2 24 -2.1029 -5.3105 -7.8481 -4.0625 -5.3105 -7.0365
2 24 -2.2415 -5.2696 -8.8074 -2.5835 -5.2726 -8.6852
2 24 -2.5835 -5.2726 -8.6852 -3.8579 -5.2837 -8.5681
2 24 -3.8579 -5.2837 -8.5681 -4.3258 -5.2877 -8.4073
2 24 -4.3258 -5.2877 -8.4073 -4.6181 -5.2903 -8.0321
2 24 -4.6181 -5.2903 -8.0321 -4.8911 -5.2927 -7.6831
2 24 -5.7452 -5.3105 -5.7452 -4.0625 -5.3105 -7.0365
2 24 -5.3401 -5.2966 -7.5088 -4.8911 -5.2927 -7.6831
2 24 -5.8886 -5.3014 -7.0287 -5.9688 -5.3021 -6.0464
2 24 -5.9688 -5.3021 -6.0464 -7.6922 -5.3171 -4.2125
2 24 -5.7452 -5.3105 -5.7452 -7.0365 -5.3105 -4.0625
2 24 -7.8481 -5.3105 -2.1029 -7.0365 -5.3105 -4.0625
2 24 -8.5428 -5.3246 -1.6108 -7.6922 -5.3171 -4.2125
2 24 -2.1029 -5.3105 7.8482 0 -5.3105 8.125
2 24 -1.7652 -5.2654 8.497 0 -5.25 8.6674
2 24 -1.7652 -5.2654 8.497 -2.524 -5.272 8.3391
2 24 -3.2691 -5.2799 8.0792 -2.524 -5.272 8.3391
2 24 -1.5029 -26.0815 -12.0936 -1.2322 -26.593 -12.7546
2 24 -1.4009 -28.1272 -12.8596 -1.2322 -26.593 -12.7546
2 24 -0.8748 -25.5117 -12.6373 -1.2322 -26.593 -12.7546
2 24 -1.5029 -26.0815 -12.0936 -1.2322 -26.593 -12.7546
2 24 -9.2573 -13.2291 6.8934 -8.8231 -13.607 7.6299
2 24 -8.452 -13.4589 8.1632 -8.135 -13.0843 8.6336
2 24 -6.938 -11.1544 10.1068 -8.135 -13.0843 8.6336
2 24 -5.6649 -17.6157 11.2148 -4.9437 -14.0002 12.4573
2 24 -9.6664 -11.6191 -0.543 -9.3648 -10.4169 0.8578
2 24 -3.923 -7.9749 9.1276 -3.4885 -8.0872 9.542
2 24 -5.8318 -8.8975 9.9853 -5.2543 -9.1572 11.0403
2 24 -4.6088 -7.405 -7.8321 -4.872 -7.089 -7.5677
2 24 -5.3041 -7.0203 -7.3305 -4.872 -7.089 -7.5677
2 24 0.8748 -25.5117 -12.6373 1.2322 -26.593 -12.7546
2 24 1.6001 -29.393 -12.6809 1.4009 -28.1272 -12.8596
2 24 7.0289 -32.9256 -7.9558 5.0266 -33.1118 -9.9552
2 24 7.0289 -32.9256 -7.9558 8.5833 -31.4354 -6.4832
2 24 8.5833 -31.4354 -6.4832 8.7641 -28.4761 -6.6159
2 24 8.7641 -28.4761 -6.6159 7.5732 -26.3403 -7.8725
2 24 7.5732 -26.3403 -7.8725 5.3986 -25.6522 -9.3606
2 24 2.152 -30.6485 -12.2804 3.1336 -31.8211 -11.5121
2 24 3.1336 -31.8211 -11.5121 5.0266 -33.1118 -9.9552
2 24 5.0266 -33.1118 -9.9552 7.0289 -32.9256 -7.9558
2 24 7.0289 -32.9256 -7.9558 8.5833 -31.4354 -6.4832
2 24 8.5833 -31.4354 -6.4832 8.7641 -28.4761 -6.6159
2 24 2.5721 -25.7636 -11.0555 5.3986 -25.6522 -9.3606
2 24 5.3986 -25.6522 -9.3606 7.5732 -26.3403 -7.8725
2 24 8.7641 -28.4761 -6.6159 7.5732 -26.3403 -7.8725
2 24 2.5721 -25.7636 -11.0555 1.5029 -26.0815 -12.0936
2 24 1.2322 -26.593 -12.7546 1.4009 -28.1272 -12.8596
2 24 1.4009 -28.1272 -12.8596 1.6001 -29.393 -12.6809
2 24 3.1336 -31.8211 -11.5121 2.152 -30.6485 -12.2804
2 24 5.0266 -33.1118 -9.9552 3.1336 -31.8211 -11.5121
2 24 5.3986 -25.6522 -9.3606 2.5721 -25.7636 -11.0555
2 24 6.9776 -29.243 4.3961 6.7742 -32.8305 3.1206
2 24 6.7742 -32.8305 3.1206 4.554 -35.1837 1.0709
2 24 0 -36.6338 -1.4916 4.554 -35.1837 1.0709
2 24 9.4286 -24.762 -1.0146 9.3986 -23.5475 -3.8857
2 24 6.9776 -29.243 4.3961 6.7742 -32.8305 3.1206
2 24 6.7742 -32.8305 3.1206 4.554 -35.1837 1.0709
2 24 4.554 -35.1837 1.0709 0 -36.6338 -1.4916
2 24 -4.554 -35.1837 1.0709 0 -36.6338 -1.4916
2 24 0 -22.5814 -9.9878 3.1336 -22.7396 -9.3815
2 24 3.1336 -22.7396 -9.3815 6.5583 -22.8414 -7.2924
2 24 8.5428 -5.3246 -1.6108 7.6922 -5.3171 -4.2125
2 24 8.148 -23.6721 6.3667 6.7637 -21.1424 9.0325
2 24 4.3275 -10.6047 12.9327 4.9437 -14.0002 12.4573
2 24 6.7637 -21.1424 9.0325 5.6649 -17.6157 11.2148
2 24 8.5661 -22.7545 -4.8089 9.6483 -19.9729 -4.4908
2 24 11.5943 -12.4988 -0.1695 11.7738 -13.4479 -1.0274
2 24 9.6664 -11.6191 -0.543 9.9086 -13.8656 -2.1723
2 24 11.7738 -13.4479 -1.0274 11.9622 -16.7988 -2.6935
2 24 9.9086 -13.8656 -2.1723 10.0256 -16.9121 -3.6421
2 24 11.9573 -20.509 -3.4938 11.9622 -16.7988 -2.6935
2 24 9.6483 -19.9729 -4.4908 10.0256 -16.9121 -3.6421
2 24 8.7493 -9.2109 2.7625 9.3648 -10.4169 0.8578
2 24 9.5338 -9.6808 2.9793 8.7901 -8.9816 4.8685
2 24 8.7493 -9.2109 2.7625 7.7158 -8.3268 4.8268
2 24 8.7901 -8.9816 4.8685 8.8118 -9.1462 5.8437
2 24 7.7158 -8.3268 4.8268 6.2734 -7.8356 6.6562
2 24 7.9654 -9.4898 8.5384 8.5395 -9.3721 7.5309
2 24 7.9654 -9.4898 8.5384 6.7661 -8.9859 9.0587
2 24 6.2734 -7.8356 6.6562 4.5354 -7.7588 8.253
2 24 6.7661 -8.9859 9.0587 5.8318 -8.8975 9.9853
2 24 4.5354 -7.7588 8.253 3.923 -7.9749 9.1276
2 24 3.4885 -8.0872 9.542 2.7934 -8.1164 9.7391
2 24 4.3758 -9.9931 12.7587 4.6378 -9.5879 12.3379
2 24 4.3275 -10.6047 12.9327 4.3758 -9.9931 12.7587
2 24 11.5673 -13.9858 0.492 11.5151 -14.5093 0.7781
2 24 11.9622 -16.7988 -2.6935 11.9573 -20.509 -3.4938
2 24 11.9573 -20.509 -3.4938 11.758 -22.4656 -2.727
2 24 11.758 -22.4656 -2.727 11.0325 -23.8134 -0.1414
2 24 11.0325 -23.8134 -0.1414 10.0541 -24.3997 2.4858
2 24 10.0541 -24.3997 2.4858 8.148 -23.6721 6.3667
2 24 8.148 -23.6721 6.3667 6.7637 -21.1424 9.0325
2 24 6.7637 -21.1424 9.0325 5.6649 -17.6157 11.2148
2 24 4.6378 -9.5879 12.3379 4.3758 -9.9931 12.7587
2 24 4.3758 -9.9931 12.7587 4.3275 -10.6047 12.9327
2 24 4.6378 -9.5879 12.3379 5.5386 -9.4307 11.4146
2 24 11.5151 -14.5093 0.7781 11.3729 -14.7068 1.4193
2 24 11.5673 -13.9858 0.492 11.5119 -13.586 0.617
2 24 11.9622 -16.7988 -2.6935 11.7738 -13.4479 -1.0274
2 24 11.7738 -13.4479 -1.0274 11.5943 -12.4988 -0.1695
2 24 11.5119 -13.586 0.617 11.2365 -12.0143 1.4385
2 24 10.5388 -12.4541 3.7316 9.9958 -10.8906 4.7931
2 24 9.1765 -12.4662 6.9425 8.6871 -11.2916 7.6415
2 24 9.1765 -12.4662 6.9425 9.2573 -13.2291 6.8934
2 24 5.5386 -9.4307 11.4146 6.938 -11.1544 10.1068
2 24 8.452 -13.4589 8.1632 8.8231 -13.607 7.6299
2 24 4.3275 -10.6047 12.9327 4.9437 -14.0002 12.4573
2 24 5.2543 -9.1572 11.0403 5.5386 -9.4307 11.4146
2 24 5.5386 -9.4307 11.4146 6.938 -11.1544 10.1068
2 24 8.135 -13.0843 8.6336 8.452 -13.4589 8.1632
2 24 8.452 -13.4589 8.1632 8.8231 -13.607 7.6299
2 24 9.2573 -13.2291 6.8934 8.3921 -13.0095 7.0591
2 24 8.8231 -13.607 7.6299 9.2573 -13.2291 6.8934
2 24 8.2852 -13.2326 7.3664 8.3921 -13.0095 7.0591
2 24 9.2573 -13.2291 6.8934 9.1765 -12.4662 6.9425
2 24 11.2365 -12.0143 1.4385 11.2687 -11.6543 1.3441
2 24 11.5943 -12.4988 -0.1695 11.2809 -11.5848 1.1172
2 24 11.2687 -11.6543 1.3441 11.2809 -11.5848 1.1172
2 24 11.5673 -13.9858 0.492 11.5119 -13.586 0.617
2 24 10.5581 -14.1073 0.9077 10.5136 -13.7586 0.9263
2 24 11.3729 -14.7068 1.4193 11.5151 -14.5093 0.7781
2 24 10.5581 -14.1073 0.9077 10.5097 -14.3075 1.2553
2 24 11.3729 -14.7068 1.4193 11.1714 -14.537 2.1695
2 24 11.1714 -14.537 2.1695 10.5388 -12.4541 3.7316
2 24 10.5388 -12.4541 3.7316 9.9958 -10.8906 4.7931
2 24 9.9257 -12.2794 3.2642 9.4311 -10.5586 4.5074
2 24 8.8118 -9.1462 5.8437 9.4379 -9.6219 5.7797
2 24 9.4311 -10.5586 4.5074 8.8118 -9.1462 5.8437
2 24 9.9958 -10.8906 4.7931 9.4379 -9.6219 5.7797
2 24 11.5943 -12.4988 -0.1695 11.2809 -11.5848 1.1172
2 24 9.5338 -9.6808 2.9793 10.6836 -11.0758 1.7526
2 24 9.5338 -9.6808 2.9793 10.6836 -11.0758 1.7526
2 24 11.2809 -11.5848 1.1172 11.2687 -11.6543 1.3441
2 24 10.6836 -11.0758 1.7526 11.2687 -11.6543 1.3441
2 24 10.6836 -11.0758 1.7526 11.2687 -11.6543 1.3441
2 24 11.2687 -11.6543 1.3441 11.2365 -12.0143 1.4385
2 24 8.8118 -9.1462 5.8437 9.4379 -9.6219 5.7797
2 24 8.5395 -9.3721 7.5309 9.4379 -9.6219 5.7797
2 24 9.5338 -9.6808 2.9793 8.7901 -8.9816 4.8685
2 24 8.8118 -9.1462 5.8437 8.7901 -8.9816 4.8685
2 24 11.5119 -13.586 0.617 11.2365 -12.0143 1.4385
2 24 10.5136 -13.7586 0.9263 10.1707 -11.5764 2.0545
2 24 9.9958 -10.8906 4.7931 9.4379 -9.6219 5.7797
2 24 9.4379 -9.6219 5.7797 8.5395 -9.3721 7.5309
2 24 5.2543 -9.1572 11.0403 5.8318 -8.8975 9.9853
2 24 11.5673 -13.9858 0.492 11.5151 -14.5093 0.7781
2 24 9.1765 -12.4662 6.9425 8.6871 -11.2916 7.6415
2 24 4.9437 -14.0002 12.4573 5.6649 -17.6157 11.2148
2 24 6.938 -11.1544 10.1068 8.135 -13.0843 8.6336
2 24 6.7287 -10.9662 9.5795 7.8355 -12.86 8.1488
2 24 8.6871 -11.2916 7.6415 7.9654 -9.4898 8.5384
2 24 8.5395 -9.3721 7.5309 7.9654 -9.4898 8.5384
2 24 8.6871 -11.2916 7.6415 7.9654 -9.4898 8.5384
2 24 7.9654 -9.4898 8.5384 6.7661 -8.9859 9.0587
2 24 5.8318 -8.8975 9.9853 6.7661 -8.9859 9.0587
2 24 0 -6.4354 9.564 2.8085 -6.4523 9.5275
2 24 0 -6.1341 9.0363 2.1221 -6.1198 8.8039
2 24 5.8886 -5.3014 -7.0287 5.7744 -5.3004 -7.3112
2 24 8.5428 -5.3246 -1.6108 8.5828 -5.3249 1.1779
2 24 9.3648 -10.4169 0.8578 8.7493 -9.2109 2.7625
2 24 8.5828 -5.3249 1.1779 7.7818 -5.3179 3.8319
2 24 8.7493 -9.2109 2.7625 7.7158 -8.3268 4.8268
2 24 3.2691 -5.2799 8.0792 4.7002 -5.291 7.3069
2 24 3.5456 -6.0461 8.2437 4.6634 -6.1377 7.5887
2 24 3.2691 -5.2799 8.0792 2.524 -5.272 8.3391
2 24 3.5456 -6.0461 8.2437 2.8498 -6.0914 8.5758
2 24 2.524 -5.272 8.3391 1.7652 -5.2654 8.497
2 24 2.8498 -6.0914 8.5758 2.1221 -6.1198 8.8039
2 24 0 -5.25 8.6674 1.7652 -5.2654 8.497
2 24 0 -6.1341 9.0363 2.1221 -6.1198 8.8039
2 24 0 -5.2501 -9.587 1.0389 -5.2591 -9.5469
2 24 1.0389 -5.2591 -9.5469 1.5 -5.2631 -9.45
2 24 1.5 -5.2631 -9.45 1.8971 -5.2666 -9.1183
2 24 2.2415 -5.2696 -8.8074 2.2255 -6.489 -8.7726
2 24 1.8971 -5.2666 -9.1183 2.2415 -5.2696 -8.8074
2 24 2.5835 -5.2726 -8.6852 2.2415 -5.2696 -8.8074
2 24 2.2415 -5.2696 -8.8074 2.2255 -6.489 -8.7726
2 24 2.5835 -5.2726 -8.6852 3.8579 -5.2837 -8.5681
2 24 3.8579 -5.2837 -8.5681 4.3258 -5.2877 -8.4073
2 24 4.3258 -5.2877 -8.4073 4.6181 -5.2903 -8.0321
2 24 4.8911 -5.2927 -7.6831 4.9365 -6.2055 -7.7017
2 24 4.6181 -5.2903 -8.0321 4.8911 -5.2927 -7.6831
2 24 5.3401 -5.2966 -7.5088 4.8911 -5.2927 -7.6831
2 24 4.8911 -5.2927 -7.6831 4.9365 -6.2055 -7.7017
2 24 5.7744 -5.3004 -7.3112 5.3401 -5.2966 -7.5088
2 24 5.8886 -5.3014 -7.0287 5.9688 -5.3021 -6.0464
2 24 5.9688 -5.3021 -6.0464 5.8836 -6.8309 -6.9204
2 24 11.3729 -14.7068 1.4193 11.1714 -14.537 2.1695
2 24 10.5388 -12.4541 3.7316 11.1714 -14.537 2.1695
2 24 1.8627 -7.8831 -8.8659 2.211 -7.5276 -8.6429
2 24 2.2255 -6.489 -8.7726 2.211 -7.5276 -8.6429
2 24 4.6088 -7.405 -7.8321 4.872 -7.089 -7.5677
2 24 4.9365 -6.2055 -7.7017 4.872 -7.089 -7.5677
2 24 7.6922 -5.3171 -4.2125 5.9688 -5.3021 -6.0464
2 24 5.9688 -5.3021 -6.0464 5.8836 -6.8309 -6.9204
2 24 0 -8.3368 -9.2577 0.9667 -8.4095 -9.2137
2 24 0 -8.3368 -9.2577 0.9667 -8.4095 -9.2137
2 24 1.8627 -7.8831 -8.8659 1.436 -8.3231 -9.1207
2 24 1.8627 -7.8831 -8.8659 1.436 -8.3231 -9.1207
2 24 0.9667 -8.4095 -9.2137 1.436 -8.3231 -9.1207
2 24 0.9667 -8.4095 -9.2137 1.436 -8.3231 -9.1207
2 24 2.2255 -6.489 -8.7726 2.211 -7.5276 -8.6429
2 24 2.211 -7.5276 -8.6429 2.5383 -7.4389 -8.5302
2 24 2.5383 -7.4389 -8.5302 2.211 -7.5276 -8.6429
2 24 1.8627 -7.8831 -8.8659 2.211 -7.5276 -8.6429
2 24 2.5383 -7.4389 -8.5302 3.8114 -7.7648 -8.2943
2 24 2.5383 -7.4389 -8.5302 3.8114 -7.7648 -8.2943
2 24 4.6088 -7.405 -7.8321 4.2898 -7.7744 -8.1302
2 24 4.2898 -7.7744 -8.1302 4.6088 -7.405 -7.8321
2 24 3.8114 -7.7648 -8.2943 4.2898 -7.7744 -8.1302
2 24 3.8114 -7.7648 -8.2943 4.2898 -7.7744 -8.1302
2 24 4.9365 -6.2055 -7.7017 4.872 -7.089 -7.5677
2 24 4.872 -7.089 -7.5677 5.3041 -7.0203 -7.3305
2 24 5.3041 -7.0203 -7.3305 5.7331 -7.004 -7.0991
2 24 5.8836 -6.8309 -6.9204 5.7331 -7.004 -7.0991
2 24 5.8836 -6.8309 -6.9204 5.7331 -7.004 -7.0991
2 24 5.3041 -7.0203 -7.3305 5.7331 -7.004 -7.0991
2 24 9.9086 -13.8656 -2.1723 10.0256 -16.9121 -3.6421
2 24 0 -22.5814 -9.9878 3.1336 -22.7396 -9.3815
2 24 9.3986 -23.5475 -3.8857 8.5661 -22.7545 -4.8089
2 24 11.0325 -23.8134 -0.1414 11.758 -22.4656 -2.727
2 24 9.4286 -24.762 -1.0146 9.3986 -23.5475 -3.8857
2 24 3.1336 -22.7396 -9.3815 6.5583 -22.8414 -7.2924
2 24 6.5583 -22.8414 -7.2924 8.5661 -22.7545 -4.8089
2 24 8.5661 -22.7545 -4.8089 9.6483 -19.9729 -4.4908
2 24 8.5661 -22.7545 -4.8089 6.5583 -22.8414 -7.2924
2 24 11.0325 -23.8134 -0.1414 10.0541 -24.3997 2.4858
2 24 9.4286 -24.762 -1.0146 8.629 -25.3852 2.0787
2 24 6.048 -25.44 5.6322 8.629 -25.3852 2.0787
2 24 8.148 -23.6721 6.3667 10.0541 -24.3997 2.4858
2 24 6.9776 -29.243 4.3961 6.048 -25.44 5.6322
2 24 6.048 -25.44 5.6322 8.629 -25.3852 2.0787
2 24 9.4286 -24.762 -1.0146 8.629 -25.3852 2.0787
2 24 0 -26.1532 6.7557 6.048 -25.44 5.6322
2 24 6.9776 -29.243 4.3961 6.048 -25.44 5.6322
2 24 0 -26.1532 6.7557 6.048 -25.44 5.6322
2 24 10.0256 -16.9121 -3.6421 9.6483 -19.9729 -4.4908
2 24 9.9086 -13.8656 -2.1723 9.6664 -11.6191 -0.543
2 24 9.3648 -10.4169 0.8578 9.6664 -11.6191 -0.543
2 24 7.7158 -8.3268 4.8268 6.2734 -7.8356 6.6562
2 24 7.7818 -5.3179 3.8319 6.3733 -5.3056 5.8897
2 24 8.5661 -22.7545 -4.8089 9.3986 -23.5475 -3.8857
2 24 11.9573 -20.509 -3.4938 11.758 -22.4656 -2.727
2 24 3.4885 -8.0872 9.542 3.923 -7.9749 9.1276
2 24 3.4885 -8.0872 9.542 2.7934 -8.1164 9.7391
2 24 0 -8.0318 9.763 2.7934 -8.1164 9.7391
2 24 0 -8.0318 9.763 2.7934 -8.1164 9.7391
2 24 5.1079 -6.7335 7.4354 4.5354 -7.7588 8.253
2 24 6.2734 -7.8356 6.6562 4.5354 -7.7588 8.253
2 24 5.1079 -6.7335 7.4354 4.5354 -7.7588 8.253
2 24 3.923 -7.9749 9.1276 4.5354 -7.7588 8.253
2 24 4.6634 -6.1377 7.5887 5.1079 -6.7335 7.4354
2 24 4.7002 -5.291 7.3069 6.3733 -5.3056 5.8897
2 24 5.1079 -6.7335 7.4354 4.6634 -6.1377 7.5887
2 24 3.5456 -6.0461 8.2437 4.6634 -6.1377 7.5887
2 24 3.5456 -6.0461 8.2437 2.8498 -6.0914 8.5758
2 24 2.1221 -6.1198 8.8039 2.8498 -6.0914 8.5758
2 24 2.5721 -25.7636 -11.0555 1.5029 -26.0815 -12.0936
2 24 0 -25.0256 -12.6049 0.8748 -25.5117 -12.6373
2 24 0 -25.0256 -12.6049 0.8748 -25.5117 -12.6373
2 24 5.2543 -9.1572 11.0403 5.5386 -9.4307 11.4146
2 24 4.6378 -9.5879 12.3379 5.5386 -9.4307 11.4146
2 24 8.125 0 0 7.8482 0 2.1029
2 24 8.125 -5.3105 0 7.8482 -5.3105 2.1029
2 24 7.8482 -5.3105 2.1029 7.0365 -5.3105 4.0625
2 24 7.8482 0 2.1029 7.0365 0 4.0625
2 24 7.0365 -5.3105 4.0625 5.7453 -5.3105 5.7452
2 24 7.0365 0 4.0625 5.7453 0 5.7452
2 24 5.7453 -5.3105 5.7452 4.0625 -5.3105 7.0365
2 24 5.7453 0 5.7452 4.0625 0 7.0365
2 24 4.0625 -5.3105 7.0365 2.1029 -5.3105 7.8482
2 24 4.0625 0 7.0365 2.1029 0 7.8482
2 24 0 -5.3105 8.125 2.1029 -5.3105 7.8482
2 24 0 0 8.125 2.1029 0 7.8482
2 24 0 -5.3105 -8.125 2.1029 -5.3105 -7.8481
2 24 0 0 -8.125 2.1029 0 -7.8481
2 24 2.1029 -5.3105 -7.8481 4.0625 -5.3105 -7.0365
2 24 2.1029 0 -7.8481 4.0625 0 -7.0365
2 24 4.0625 -5.3105 -7.0365 5.7452 -5.3105 -5.7452
2 24 4.0625 0 -7.0365 5.7452 0 -5.7452
2 24 5.7452 -5.3105 -5.7452 7.0365 -5.3105 -4.0625
2 24 5.7452 0 -5.7452 7.0365 0 -4.0625
2 24 7.0365 -5.3105 -4.0625 7.8481 -5.3105 -2.1029
2 24 7.0365 0 -4.0625 7.8481 0 -2.1029
2 24 8.125 -5.3105 0 7.8481 -5.3105 -2.1029
2 24 8.125 0 0 7.8481 0 -2.1029
2 24 5.3401 -5.2966 -7.5088 5.7744 -5.3004 -7.3112
2 24 5.8886 -5.3014 -7.0287 5.7744 -5.3004 -7.3112
2 24 7.8481 -5.3105 -2.1029 8.125 -5.3105 0
2 24 4.0625 -5.3105 7.0365 5.7453 -5.3105 5.7452
2 24 4.7002 -5.291 7.3069 6.3733 -5.3056 5.8897
2 24 5.7453 -5.3105 5.7452 7.0365 -5.3105 4.0625
2 24 6.3733 -5.3056 5.8897 7.7818 -5.3179 3.8319
2 24 8.125 -5.3105 0 7.8482 -5.3105 2.1029
2 24 8.5428 -5.3246 -1.6108 8.5828 -5.3249 1.1779
2 24 7.0365 -5.3105 4.0625 7.8482 -5.3105 2.1029
2 24 7.7818 -5.3179 3.8319 8.5828 -5.3249 1.1779
2 24 4.0625 -5.3105 7.0365 2.1029 -5.3105 7.8482
2 24 4.7002 -5.291 7.3069 3.2691 -5.2799 8.0792
2 24 0 -5.2501 -9.587 1.0389 -5.2591 -9.5469
2 24 1.8971 -5.2666 -9.1183 1.5 -5.2631 -9.45
2 24 1.0389 -5.2591 -9.5469 1.5 -5.2631 -9.45
2 24 1.8971 -5.2666 -9.1183 2.2415 -5.2696 -8.8074
2 24 0 -5.3105 -8.125 2.1029 -5.3105 -7.8481
2 24 2.2415 -5.2696 -8.8074 2.5835 -5.2726 -8.6852
2 24 2.1029 -5.3105 -7.8481 4.0625 -5.3105 -7.0365
2 24 2.5835 -5.2726 -8.6852 3.8579 -5.2837 -8.5681
2 24 3.8579 -5.2837 -8.5681 4.3258 -5.2877 -8.4073
2 24 4.3258 -5.2877 -8.4073 4.6181 -5.2903 -8.0321
2 24 4.6181 -5.2903 -8.0321 4.8911 -5.2927 -7.6831
2 24 5.3401 -5.2966 -7.5088 4.8911 -5.2927 -7.6831
2 24 5.7452 -5.3105 -5.7452 4.0625 -5.3105 -7.0365
2 24 5.8886 -5.3014 -7.0287 5.9688 -5.3021 -6.0464
2 24 5.9688 -5.3021 -6.0464 7.6922 -5.3171 -4.2125
2 24 5.7452 -5.3105 -5.7452 7.0365 -5.3105 -4.0625
2 24 7.8481 -5.3105 -2.1029 7.0365 -5.3105 -4.0625
2 24 8.5428 -5.3246 -1.6108 7.6922 -5.3171 -4.2125
2 24 0 -5.3105 8.125 2.1029 -5.3105 7.8482
2 24 0 -5.25 8.6674 1.7652 -5.2654 8.497
2 24 1.7652 -5.2654 8.497 2.524 -5.272 8.3391
2 24 3.2691 -5.2799 8.0792 2.524 -5.272 8.3391
2 24 1.4009 -28.1272 -12.8596 1.2322 -26.593 -12.7546
2 24 1.5029 -26.0815 -12.0936 1.2322 -26.593 -12.7546
2 24 1.5029 -26.0815 -12.0936 1.2322 -26.593 -12.7546
2 24 0.8748 -25.5117 -12.6373 1.2322 -26.593 -12.7546
2 24 9.2573 -13.2291 6.8934 8.8231 -13.607 7.6299
2 24 8.452 -13.4589 8.1632 8.135 -13.0843 8.6336
2 24 6.938 -11.1544 10.1068 8.135 -13.0843 8.6336
2 24 5.6649 -17.6157 11.2148 4.9437 -14.0002 12.4573
2 24 9.6664 -11.6191 -0.543 9.3648 -10.4169 0.8578
2 24 5.8318 -8.8975 9.9853 5.2543 -9.1572 11.0403
2 24 3.923 -7.9749 9.1276 3.4885 -8.0872 9.542
2 24 4.6088 -7.405 -7.8321 4.872 -7.089 -7.5677
2 24 5.3041 -7.0203 -7.3305 4.872 -7.089 -7.5677
2 24 3.1721 -30.4687 -4.8765 1.597 -30.4658 -5.5973
2 24 1.597 -30.4658 -5.5973 -0.13 -30.4717 -5.8131
2 24 2.7744 -20.7406 5.4048 3.6378 -22.2198 4.8395
2 24 3.6378 -22.2198 4.8395 4.5659 -24.8305 3.8895
2 24 -1.8755 -17.153 5.5171 -2.2926 -16.2271 5.4246
2 24 -2.2926 -16.2271 5.4246 -3.179 -15.7308 5.0572
2 24 -1.8755 -17.153 5.5171 -2.2926 -16.2271 5.4246
2 24 -2.2926 -16.2271 5.4246 -3.179 -15.7308 5.0572
2 24 -2.2117 -16.4125 4.7483 0.9127 -17.6727 0.947
2 24 1.1028 -17.8496 0.5971 1.2454 -18.2497 0.6349
2 24 1.2454 -18.2497 0.6349 1.6672 -24.8985 0.338
2 24 -1.8755 -17.153 5.5171 -1.8123 -20.4165 5.3869
2 24 -1.8123 -20.4165 5.3869 -1.149 -20.4359 5.9428
2 24 -1.4005 -21.1423 4.9391 -0.6978 -21.1362 5.4848
2 24 -1.4005 -21.1423 4.9391 -1.0966 -22.5599 4.5425
2 24 -1.0966 -22.5599 4.5425 -1.4005 -21.1423 4.9391
2 24 -1.4005 -21.1423 4.9391 -1.8123 -20.4165 5.3869
2 24 -0.6978 -21.1362 5.4848 -1.4005 -21.1423 4.9391
2 24 -1.4005 -21.1423 4.9391 -1.8123 -20.4165 5.3869
2 24 -1.149 -20.4359 5.9428 -1.8123 -20.4165 5.3869
2 24 -1.8755 -17.153 5.5171 -1.8123 -20.4165 5.3869
2 24 -0.3201 -25.7972 3.6962 0.1228 -26.52 3.4774
2 24 0.1228 -26.52 3.4774 0.9448 -27.0017 3.2971
2 24 -0.3201 -25.7972 3.6962 0.1228 -26.52 3.4774
2 24 0.1228 -26.52 3.4774 0.9448 -27.0017 3.2971
2 24 -0.3201 -25.7972 3.6962 -0.69 -24.4118 4.0737
2 24 -0.3201 -25.7972 3.6962 -0.69 -24.4118 4.0737
2 24 -1.0966 -22.5599 4.5425 -0.69 -24.4118 4.0737
2 24 -1.0966 -22.5599 4.5425 -0.69 -24.4118 4.0737
2 24 1.6672 -24.8985 0.338 2.0795 -26.1546 0.3463
2 24 2.8005 -27.5522 2.7828 5.0609 -27.8924 2.0892
2 24 5.0609 -27.8924 2.0892 5.3048 -27.304 2.6942
2 24 0.9448 -27.0017 3.2971 2.8005 -27.5522 2.7828
2 24 0.9448 -27.0017 3.2971 2.8005 -27.5522 2.7828
2 24 2.8005 -27.5522 2.7828 5.0609 -27.8924 2.0892
2 24 5.0609 -27.8924 2.0892 5.5707 -27.532 0.8522
2 24 5.5707 -27.532 0.8522 5.0609 -27.8924 2.0892
2 24 5.3048 -27.304 2.6942 5.0609 -27.8924 2.0892
2 24 5.5707 -27.532 0.8522 5.486 -27.675 -1.0985
2 24 5.5707 -27.532 0.8522 5.486 -27.675 -1.0985
2 24 5.2221 -28.6056 -2.2913 5.3982 -27.822 -1.8248
2 24 5.3982 -27.822 -1.8248 4.6723 -27.9351 -1.4874
2 24 5.2221 -28.6056 -2.2913 5.3982 -27.822 -1.8248
2 24 2.7601 -27.2762 -1.0412 4.6723 -27.9351 -1.4874
2 24 5.486 -27.675 -1.0985 5.3982 -27.822 -1.8248
2 24 5.486 -27.675 -1.0985 5.3982 -27.822 -1.8248
2 24 1.3988 -30.4048 -1.613 2.3337 -30.4108 -1.6317
2 24 1.3988 -30.4048 -1.613 0.5448 -30.4151 -2.0028
2 24 0.5448 -30.4151 -2.0028 1.3988 -30.4048 -1.613
2 24 1.3988 -30.4048 -1.613 2.3337 -30.4108 -1.6317
2 24 5.2221 -28.6056 -2.2913 5.0864 -30.3122 -2.3739
2 24 5.2221 -28.6056 -2.2913 5.0864 -30.3122 -2.3739
2 24 5.0864 -30.3122 -2.3739 4.638 -30.4247 -3.5872
2 24 5.0864 -30.3122 -2.3739 4.638 -30.4247 -3.5872
2 24 2.3337 -30.4108 -1.6317 5.0864 -30.3122 -2.3739
2 24 2.3337 -30.4108 -1.6317 5.0864 -30.3122 -2.3739
2 24 -3.179 -15.7308 5.0572 -4.3853 -15.7781 3.9965
2 24 -3.179 -15.7308 5.0572 -4.3853 -15.7781 3.9965
2 24 -4.3853 -15.7781 3.9965 -4.788 -16.1997 3.28
2 24 -4.3853 -15.7781 3.9965 -4.788 -16.1997 3.28
2 24 -4.788 -16.1997 3.28 -5.0061 -17.143 2.8252
2 24 -4.788 -16.1997 3.28 -5.0061 -17.143 2.8252
2 24 -4.2905 -16.4002 3.0159 -1.0852 -17.6739 -0.7397
2 24 -0.8374 -18.2821 -1.1191 -0.4854 -26.2927 -1.6961
2 24 -0.4854 -26.2927 -1.6961 -0.2814 -29.822 -1.9562
2 24 -1.0911 -30.4114 -1.8499 -0.3198 -30.4076 -2.2488
2 24 0.5448 -30.4151 -2.0028 -0.3198 -30.4076 -2.2488
2 24 -1.0911 -30.4114 -1.8499 -0.3198 -30.4076 -2.2488
2 24 0.5448 -30.4151 -2.0028 -0.3198 -30.4076 -2.2488
2 24 -5.0061 -17.143 2.8252 -5.0561 -27.4906 2.6351
2 24 -5.0061 -17.143 2.8252 -5.0561 -27.4906 2.6351
2 24 -5.4111 -27.6767 2.4342 -5.5734 -28.5472 1.8114
2 24 -5.4111 -27.6767 2.4342 -5.0878 -27.7641 2.5793
2 24 -5.4111 -27.6767 2.4342 -5.5734 -28.5472 1.8114
2 24 -5.0878 -27.7641 2.5793 -4.6565 -27.7781 2.5758
2 24 -4.3388 -28.4832 2.1895 -4.6565 -27.7781 2.5758
2 24 -4.3388 -28.4832 2.1895 -4.6565 -27.7781 2.5758
2 24 -5.4111 -27.6767 2.4342 -5.0878 -27.7641 2.5793
2 24 -5.0561 -27.4906 2.6351 -5.0878 -27.7641 2.5793
2 24 -1.0911 -30.4114 -1.8499 -2.8412 -30.3732 0.2845
2 24 -1.0911 -30.4114 -1.8499 -2.8412 -30.3732 0.2845
2 24 -2.8412 -30.3732 0.2845 -3.3248 -30.6008 0.0092
2 24 -4.6565 -27.7781 2.5758 -5.0878 -27.7641 2.5793
2 24 -5.0561 -27.4906 2.6351 -5.0878 -27.7641 2.5793
2 24 -4.3388 -28.4832 2.1895 -3.5341 -29.6028 1.244
2 24 -4.3388 -28.4832 2.1895 -3.5341 -29.6028 1.244
2 24 -2.8412 -30.3732 0.2845 -3.5341 -29.6028 1.244
2 24 -3.5341 -29.6028 1.244 -2.8412 -30.3732 0.2845
2 24 -3.3248 -30.6008 0.0092 -2.8412 -30.3732 0.2845
2 24 -5.5734 -28.5472 1.8114 -5.6858 -29.847 0.4286
2 24 -5.5734 -28.5472 1.8114 -5.6858 -29.847 0.4286
2 24 -3.3248 -30.6008 0.0092 -4.4857 -30.6101 -0.372
2 24 -3.3248 -30.6008 0.0092 -4.4857 -30.6101 -0.372
2 24 -5.6858 -29.847 0.4286 -5.6335 -30.3225 -1.5216
2 24 -5.6858 -29.847 0.4286 -5.6335 -30.3225 -1.5216
2 24 -5.6335 -30.3225 -1.5216 -5.4102 -30.4996 -1.9576
2 24 -4.4857 -30.6101 -0.372 -5.4102 -30.4996 -1.9576
2 24 -5.6335 -30.3225 -1.5216 -5.4102 -30.4996 -1.9576
2 24 -4.3395 -30.4721 -3.8685 -5.129 -30.49 -2.6904
2 24 -4.3395 -30.4721 -3.8685 -5.129 -30.49 -2.6904
2 24 -4.3395 -30.4721 -3.8685 -3.2865 -30.4593 -4.8127
2 24 -3.2865 -30.4593 -4.8127 -1.7687 -30.4763 -5.5334
2 24 3.1721 -30.4687 -4.8765 1.597 -30.4658 -5.5973
2 24 2.7744 -20.7406 5.4048 0.8517 -21.1076 5.4819
2 24 2.7744 -20.7406 5.4048 1.4584 -20.4693 5.8764
2 24 2.7744 -20.7406 5.4048 1.4584 -20.4693 5.8764
2 24 1.4584 -20.4693 5.8764 0.1151 -20.4185 6.0474
2 24 1.4584 -20.4693 5.8764 0.1151 -20.4185 6.0474
2 24 -1.149 -20.4359 5.9428 0.1151 -20.4185 6.0474
2 24 -0.6978 -21.1362 5.4848 0.8517 -21.1076 5.4819
2 24 -1.149 -20.4359 5.9428 0.1151 -20.4185 6.0474
2 24 4.5659 -24.8305 3.8895 5.3048 -27.304 2.6942
2 24 -0.13 -30.4717 -5.8131 -1.7687 -30.4763 -5.5334
2 24 -1.7687 -30.4763 -5.5334 -0.13 -30.4717 -5.8131
2 24 1.597 -30.4658 -5.5973 -0.13 -30.4717 -5.8131
2 24 3.1721 -30.4687 -4.8765 4.638 -30.4247 -3.5872
2 24 4.638 -30.4247 -3.5872 3.1721 -30.4687 -4.8765
2 24 -1.7687 -30.4763 -5.5334 -3.2865 -30.4593 -4.8127
2 24 -4.3395 -30.4721 -3.8685 -3.2865 -30.4593 -4.8127
2 24 -5.4102 -30.4996 -1.9576 -5.129 -30.49 -2.6904
2 24 -4.4857 -30.6101 -0.372 -5.4102 -30.4996 -1.9576
2 24 -5.129 -30.49 -2.6904 -5.4102 -30.4996 -1.9576
2 24 6.037 0 1.6176 6.25 0 0
2 24 8.125 0 0 7.8482 0 2.1029
2 24 6.25 0 0 6.037 0 1.6176
2 24 7.8482 0 2.1029 7.0365 0 4.0625
2 24 6.037 0 1.6176 5.4127 0 3.125
2 24 6.037 0 1.6176 5.4127 0 3.125
2 24 7.0365 0 4.0625 5.7453 0 5.7452
2 24 5.4127 0 3.125 4.4194 0 4.4194
2 24 5.4127 0 3.125 4.4194 0 4.4194
2 24 5.7453 0 5.7452 4.0625 0 7.0365
2 24 4.4194 0 4.4194 3.125 0 5.4127
2 24 4.4194 0 4.4194 3.125 0 5.4127
2 24 4.0625 0 7.0365 2.1029 0 7.8482
2 24 3.125 0 5.4127 1.6176 0 6.037
2 24 3.125 0 5.4127 1.6176 0 6.037
2 24 2.1029 0 7.8482 0 0 8.125
2 24 1.6176 0 6.037 0 0 6.25
2 24 1.6176 0 6.037 0 0 6.25
2 24 0 0 8.125 -2.1029 0 7.8482
2 24 0 0 6.25 -1.6176 0 6.037
2 24 0 0 6.25 -1.6176 0 6.037
2 24 -2.1029 0 7.8482 -4.0625 0 7.0365
2 24 -1.6176 0 6.037 -3.125 0 5.4127
2 24 -1.6176 0 6.037 -3.125 0 5.4127
2 24 -3.125 0 5.4127 -4.4194 0 4.4194
2 24 -4.0625 0 7.0365 -5.7452 0 5.7452
2 24 -3.125 0 5.4127 -4.4194 0 4.4194
2 24 -4.4194 0 4.4194 -5.4127 0 3.125
2 24 -4.4194 0 4.4194 -5.4127 0 3.125
2 24 -5.7452 0 5.7452 -7.0365 0 4.0625
2 24 -7.0365 0 4.0625 -7.8482 0 2.1029
2 24 -5.4127 0 3.125 -6.037 0 1.6176
2 24 -5.4127 0 3.125 -6.037 0 1.6176
2 24 -6.037 0 1.6176 -6.25 0 0
2 24 -7.8482 0 2.1029 -8.125 0 0
2 24 -6.037 0 1.6176 -6.25 0 0
2 24 -6.25 0 0 -6.037 0 -1.6176
2 24 -6.25 0 0 -6.037 0 -1.6176
2 24 -8.125 0 0 -7.8482 0 -2.1029
2 24 -7.8482 0 -2.1029 -7.0365 0 -4.0625
2 24 -6.037 0 -1.6176 -5.4127 0 -3.125
2 24 -6.037 0 -1.6176 -5.4127 0 -3.125
2 24 -7.0365 0 -4.0625 -5.7452 0 -5.7452
2 24 -5.4127 0 -3.125 -4.4194 0 -4.4194
2 24 -5.4127 0 -3.125 -4.4194 0 -4.4194
2 24 -5.7452 0 -5.7452 -4.0625 0 -7.0365
2 24 -4.4194 0 -4.4194 -3.125 0 -5.4127
2 24 -4.4194 0 -4.4194 -3.125 0 -5.4127
2 24 -4.0625 0 -7.0365 -2.1029 0 -7.8481
2 24 -3.125 0 -5.4127 -1.6176 0 -6.037
2 24 -3.125 0 -5.4127 -1.6176 0 -6.037
2 24 -2.1029 0 -7.8481 0 0 -8.125
2 24 -1.6176 0 -6.037 0 0 -6.25
2 24 -1.6176 0 -6.037 0 0 -6.25
2 24 0 0 -8.125 2.1029 0 -7.8481
2 24 0 0 -6.25 1.6176 0 -6.037
2 24 0 0 -6.25 1.6176 0 -6.037
2 24 2.1029 0 -7.8481 4.0625 0 -7.0365
2 24 1.6176 0 -6.037 3.125 0 -5.4127
2 24 1.6176 0 -6.037 3.125 0 -5.4127
2 24 4.0625 0 -7.0365 5.7452 0 -5.7452
2 24 3.125 0 -5.4127 4.4194 0 -4.4194
2 24 3.125 0 -5.4127 4.4194 0 -4.4194
2 24 5.7452 0 -5.7452 7.0365 0 -4.0625
2 24 4.4194 0 -4.4194 5.4127 0 -3.125
2 24 4.4194 0 -4.4194 5.4127 0 -3.125
2 24 7.0365 0 -4.0625 7.8481 0 -2.1029
2 24 5.4127 0 -3.125 6.037 0 -1.6176
2 24 5.4127 0 -3.125 6.037 0 -1.6176
2 24 8.125 0 0 7.8481 0 -2.1029
2 24 6.25 0 0 6.037 0 -1.6176
2 24 6.25 0 0 6.037 0 -1.6176
2 24 -0.6978 -21.1362 5.4848 0.8517 -21.1076 5.4819
2 24 3.6378 -22.2198 4.8395 2.7744 -20.7406 5.4048
2 24 0.8517 -21.1076 5.4819 2.7744 -20.7406 5.4048
2 24 3.6378 -22.2198 4.8395 4.5659 -24.8305 3.8895
2 24 5.3048 -27.304 2.6942 4.5659 -24.8305 3.8895
2 24 2.152 -30.6485 -12.2804 1.6001 -29.393 -12.6809
2 24 1.6001 -29.393 -12.6809 2.152 -30.6485 -12.2804
2 24 -1.6001 -29.393 -12.6809 -2.152 -30.6485 -12.2804
2 24 -2.152 -30.6485 -12.2804 -1.6001 -29.393 -12.6809
0 STEP
