0 Minifigure, Hair Entwined Snakes Long over Shoulders
0 Name: bl_5517.dat
0 Author: 
0 BL_Item_No 5517
0 BFC CERTIFY CCW
3 16 10.2982 -2.3925 -12.7734 10.5752 -1.9635 -12.6224 10.5487 -2.3072 -12.605
3 16 10.2749 -1.3166 -12.8946 10.5752 -1.9635 -12.6224 10.2982 -2.3925 -12.7734
3 16 8.8684 -2.0192 -13.7313 9.4652 -0.3195 -13.4775 9.86 -0.7585 -13.2139
3 16 9.6111 -2.329 -13.2449 10.2749 -1.3166 -12.8946 10.2982 -2.3925 -12.7734
3 16 8.8684 -2.0192 -13.7313 8.2324 -1.5184 -14.133 8.9768 -0.7854 -13.8044
3 16 8.9768 -0.7854 -13.8044 8.2324 -1.5184 -14.133 8.663 -0.9422 -13.9824
3 16 8.663 -0.9422 -13.9824 8.2324 -1.5184 -14.133 8.2627 -0.5468 -14.2119
3 16 8.2627 -0.5468 -14.2119 8.2324 -1.5184 -14.133 7.5611 -0.863 -14.4976
3 16 8.2627 -0.5468 -14.2119 7.5611 -0.863 -14.4976 8.3177 0.2511 -14.135
3 16 8.3177 0.2511 -14.135 7.5611 -0.863 -14.4976 6.9499 -0.0633 -14.7481
3 16 11.6638 -1.5774 -11.7757 11.1942 -0.3941 -12.2216 12.6106 -0.4329 -10.8435
3 16 12.6106 -0.4329 -10.8435 11.1942 -0.3941 -12.2216 11.7232 0.7029 -11.6534
3 16 4.9815 0.2803 -15.5048 4.2766 0.3113 -15.7596 4.4958 1.4845 -15.5328
3 16 4.4958 1.4845 -15.5328 4.2766 0.3113 -15.7596 4.0765 1.427 -15.7489
3 16 4.4958 1.4845 -15.5328 4.0765 1.427 -15.7489 4.1037 2.3124 -15.4986
3 16 8.7055 0.779 -13.8143 8.3177 0.2511 -14.135 6.5743 1.0559 -14.7695
3 16 6.5743 1.0559 -14.7695 8.3177 0.2511 -14.135 6.9499 -0.0633 -14.7481
3 16 9.4354 0.7797 -13.3459 8.7055 0.779 -13.8143 9.7146 1.4247 -12.9911
3 16 9.7146 1.4247 -12.9911 8.7055 0.779 -13.8143 6.5743 1.0559 -14.7695
3 16 10.3576 0.4771 -12.7941 9.4354 0.7797 -13.3459 9.7146 1.4247 -12.9911
3 16 3.3012 -0.4134 -16.0535 2.2287 0.1188 -16.2589 3.3322 0.8003 -16.6123
3 16 4.0765 1.427 -15.7489 4.2766 0.3113 -15.7596 3.3322 0.8003 -16.6123
3 16 3.0571 1.9758 -15.9458 4.0765 1.427 -15.7489 3.3322 0.8003 -16.6123
3 16 2.1587 1.2945 -16.2092 3.0571 1.9758 -15.9458 3.3322 0.8003 -16.6123
3 16 2.2287 0.1188 -16.2589 2.1587 1.2945 -16.2092 3.3322 0.8003 -16.6123
3 16 4.2766 0.3113 -15.7596 4.0223 -2.4616 -15.6208 3.3012 -0.4134 -16.0535
3 16 12.6106 -0.4329 -10.8435 11.5202 -3.0442 -11.7395 11.6638 -1.5774 -11.7757
3 16 8.8684 -2.0192 -13.7313 9.86 -0.7585 -13.2139 9.6111 -2.329 -13.2449
3 16 9.6111 -2.329 -13.2449 9.86 -0.7585 -13.2139 10.2749 -1.3166 -12.8946
3 16 11.1942 -0.3941 -12.2216 10.3576 0.4771 -12.7941 11.7232 0.7029 -11.6534
3 16 11.7232 0.7029 -11.6534 10.3576 0.4771 -12.7941 9.7146 1.4247 -12.9911
3 16 11.8127 2.1728 -10.0172 10.9855 2.8884 -10.3829 12.1168 3.6169 -10.4254
3 16 12.1168 3.6169 -10.4254 10.9855 2.8884 -10.3829 11.2729 3.93 -10.4476
3 16 13.1031 3.5706 -8.8132 12.9972 4.7862 -9.4182 14.0556 4.8262 -7.6592
3 16 14.0556 4.8262 -7.6592 12.9972 4.7862 -9.4182 14.032 6.1396 -8.4157
3 16 14.7549 4.8863 -7.3071 14.0556 4.8262 -7.6592 15.3565 5.6844 -7.4965
3 16 15.3565 5.6844 -7.4965 14.0556 4.8262 -7.6592 14.032 6.1396 -8.4157
3 16 15.434 4.1159 -7.2431 14.7549 4.8863 -7.3071 15.8649 4.4782 -7.0974
3 16 15.8649 4.4782 -7.0974 14.7549 4.8863 -7.3071 15.3565 5.6844 -7.4965
3 16 15.3896 2.9867 -7.2863 15.434 4.1159 -7.2431 15.9268 2.9495 -7.0648
3 16 15.9268 2.9495 -7.0648 15.434 4.1159 -7.2431 15.8649 4.4782 -7.0974
3 16 15.3896 2.9867 -7.2863 15.9268 2.9495 -7.0648 15.311 2.1334 -7.4437
3 16 15.311 2.1334 -7.4437 15.9268 2.9495 -7.0648 15.6209 1.3426 -7.359
3 16 12.1805 2.5065 -9.899 12.1168 3.6169 -10.4254 13.1031 3.5706 -8.8132
3 16 13.1031 3.5706 -8.8132 12.1168 3.6169 -10.4254 12.9972 4.7862 -9.4182
3 16 13.7196 2.6169 -9.3461 14.0435 2.3916 -9.09 13.1679 1.9705 -9.989
3 16 14.4098 2.9262 -8.675 14.5363 2.6171 -8.5879 14.16 2.9818 -8.8967
3 16 14.16 2.9818 -8.8967 14.5363 2.6171 -8.5879 14.0435 2.3916 -9.09
3 16 14.0435 2.3916 -9.09 13.7196 2.6169 -9.3461 14.16 2.9818 -8.8967
3 16 14.5571 2.0725 -8.6069 14.0435 2.3916 -9.09 14.5363 2.6171 -8.5879
3 16 11.7232 0.7029 -11.6534 9.7146 1.4247 -12.9911 11.0416 1.7416 -11.9946
3 16 15.196 1.0497 -7.8239 14.8501 -0.1304 -7.6347 14.7161 1.245 -8.4168
3 16 13.1679 1.9705 -9.989 14.0435 2.3916 -9.09 14.5571 2.0725 -8.6069
3 16 8.3931 2.4872 -13.0892 9.1969 2.649 -12.541 9.7146 1.4247 -12.9911
3 16 9.7146 1.4247 -12.9911 9.1969 2.649 -12.541 11.0416 1.7416 -11.9946
3 16 9.7146 1.4247 -12.9911 6.5743 1.0559 -14.7695 8.3931 2.4872 -13.0892
3 16 8.3931 2.4872 -13.0892 6.5743 1.0559 -14.7695 6.251 2.3063 -14.3287
3 16 13.1679 1.9705 -9.989 14.5571 2.0725 -8.6069 13.7249 0.7341 -9.4685
3 16 13.7249 0.7341 -9.4685 14.5571 2.0725 -8.6069 14.7161 1.245 -8.4168
3 16 13.7249 0.7341 -9.4685 14.7161 1.245 -8.4168 13.6887 -0.007 -9.4432
3 16 13.6887 -0.007 -9.4432 14.7161 1.245 -8.4168 14.8501 -0.1304 -7.6347
3 16 15.8649 4.4782 -7.0974 15.3565 5.6844 -7.4965 15.7351 6.1376 -7.2345
3 16 15.7351 6.1376 -7.2345 15.3565 5.6844 -7.4965 15.3113 6.1981 -7.6838
3 16 8.6641 -0.2685 -13.7852 8.663 -0.9422 -13.9824 8.2627 -0.5468 -14.2119
3 16 8.7332 0.062 -13.7113 9.0973 -0.4527 -13.7214 8.6641 -0.2685 -13.7852
3 16 8.6641 -0.2685 -13.7852 9.0973 -0.4527 -13.7214 8.9768 -0.7854 -13.8044
3 16 8.9287 0.4003 -13.5722 9.2601 -0.2193 -13.6114 8.7332 0.062 -13.7113
3 16 8.7332 0.062 -13.7113 9.2601 -0.2193 -13.6114 9.0973 -0.4527 -13.7214
3 16 9.4652 -0.3195 -13.4775 9.2601 -0.2193 -13.6114 9.3835 0.3931 -13.2518
3 16 9.3835 0.3931 -13.2518 9.2601 -0.2193 -13.6114 8.9287 0.4003 -13.5722
3 16 9.86 -0.7585 -13.2139 9.4652 -0.3195 -13.4775 9.9671 -0.0119 -12.7777
3 16 9.9671 -0.0119 -12.7777 9.4652 -0.3195 -13.4775 9.3835 0.3931 -13.2518
3 16 10.2749 -1.3166 -12.8946 9.86 -0.7585 -13.2139 10.5563 -0.719 -12.2444
3 16 10.5563 -0.719 -12.2444 9.86 -0.7585 -13.2139 9.9671 -0.0119 -12.7777
3 16 11.04 -1.6381 -11.8614 10.5752 -1.9635 -12.6224 10.5563 -0.719 -12.2444
3 16 10.5563 -0.719 -12.2444 10.5752 -1.9635 -12.6224 10.2749 -1.3166 -12.8946
3 16 10.9415 -2.7405 -11.888 10.5487 -2.3072 -12.605 11.04 -1.6381 -11.8614
3 16 11.04 -1.6381 -11.8614 10.5487 -2.3072 -12.605 10.5752 -1.9635 -12.6224
3 16 10.2982 -2.3925 -12.7734 10.5487 -2.3072 -12.605 10.2432 -3.1255 -12.2143
3 16 10.2432 -3.1255 -12.2143 10.5487 -2.3072 -12.605 10.9415 -2.7405 -11.888
3 16 8.8684 -2.0192 -13.7313 8.2596 -2.6392 -13.144 8.2324 -1.5184 -14.133
3 16 8.2324 -1.5184 -14.133 8.2596 -2.6392 -13.144 7.3411 -2.0494 -13.6886
3 16 6.6896 -1.2533 -14.1432 7.5611 -0.863 -14.4976 7.3411 -2.0494 -13.6886
3 16 7.3411 -2.0494 -13.6886 7.5611 -0.863 -14.4976 8.2324 -1.5184 -14.133
3 16 6.2045 -0.4058 -14.3907 6.9499 -0.0633 -14.7481 6.6896 -1.2533 -14.1432
3 16 6.6896 -1.2533 -14.1432 6.9499 -0.0633 -14.7481 7.5611 -0.863 -14.4976
3 16 5.689 0.812 -14.3055 6.5743 1.0559 -14.7695 6.2045 -0.4058 -14.3907
3 16 6.2045 -0.4058 -14.3907 6.5743 1.0559 -14.7695 6.9499 -0.0633 -14.7481
3 16 6.251 2.3063 -14.3287 6.5743 1.0559 -14.7695 5.39 1.709 -14.0695
3 16 5.39 1.709 -14.0695 6.5743 1.0559 -14.7695 5.689 0.812 -14.3055
3 16 4.3309 3.6135 -13.4644 4.9505 3.3556 -13.4612 5.0552 2.4141 -13.8826
3 16 5.0552 2.4141 -13.8826 4.9505 3.3556 -13.4612 5.6632 2.9672 -13.7498
3 16 4.3309 3.6135 -13.4644 5.0552 2.4141 -13.8826 4.0188 3.5531 -13.9897
3 16 4.0188 3.5531 -13.9897 5.0552 2.4141 -13.8826 3.9419 3.0729 -14.9605
3 16 5.689 0.812 -14.3055 4.4958 1.4845 -15.5328 5.39 1.709 -14.0695
3 16 5.39 1.709 -14.0695 4.4958 1.4845 -15.5328 4.1037 2.3124 -15.4986
3 16 5.689 0.812 -14.3055 4.9815 0.2803 -15.5048 4.4958 1.4845 -15.5328
3 16 5.5022 -0.9713 -15.3899 4.9815 0.2803 -15.5048 6.2045 -0.4058 -14.3907
3 16 6.2045 -0.4058 -14.3907 4.9815 0.2803 -15.5048 5.689 0.812 -14.3055
3 16 6.3358 -2.1699 -14.9681 5.5022 -0.9713 -15.3899 6.6896 -1.2533 -14.1432
3 16 6.6896 -1.2533 -14.1432 5.5022 -0.9713 -15.3899 6.2045 -0.4058 -14.3907
3 16 7.199 -3.0363 -14.3892 6.3358 -2.1699 -14.9681 7.3411 -2.0494 -13.6886
3 16 7.3411 -2.0494 -13.6886 6.3358 -2.1699 -14.9681 6.6896 -1.2533 -14.1432
3 16 8.3549 -3.6996 -13.6866 7.199 -3.0363 -14.3892 8.2596 -2.6392 -13.144
3 16 8.2596 -2.6392 -13.144 7.199 -3.0363 -14.3892 7.3411 -2.0494 -13.6886
3 16 11.5202 -3.0442 -11.7395 10.6051 -3.8997 -12.3888 10.9415 -2.7405 -11.888
3 16 10.9415 -2.7405 -11.888 10.6051 -3.8997 -12.3888 10.2432 -3.1255 -12.2143
3 16 11.04 -1.6381 -11.8614 11.6638 -1.5774 -11.7757 10.9415 -2.7405 -11.888
3 16 10.9415 -2.7405 -11.888 11.6638 -1.5774 -11.7757 11.5202 -3.0442 -11.7395
3 16 10.5563 -0.719 -12.2444 11.1942 -0.3941 -12.2216 11.04 -1.6381 -11.8614
3 16 11.04 -1.6381 -11.8614 11.1942 -0.3941 -12.2216 11.6638 -1.5774 -11.7757
3 16 9.9671 -0.0119 -12.7777 10.3576 0.4771 -12.7941 10.5563 -0.719 -12.2444
3 16 10.5563 -0.719 -12.2444 10.3576 0.4771 -12.7941 11.1942 -0.3941 -12.2216
3 16 9.4354 0.7797 -13.3459 10.3576 0.4771 -12.7941 9.3835 0.3931 -13.2518
3 16 9.3835 0.3931 -13.2518 10.3576 0.4771 -12.7941 9.9671 -0.0119 -12.7777
3 16 8.7055 0.779 -13.8143 9.4354 0.7797 -13.3459 8.9287 0.4003 -13.5722
3 16 8.9287 0.4003 -13.5722 9.4354 0.7797 -13.3459 9.3835 0.3931 -13.2518
3 16 8.3177 0.2511 -14.135 8.7055 0.779 -13.8143 8.7332 0.062 -13.7113
3 16 8.7332 0.062 -13.7113 8.7055 0.779 -13.8143 8.9287 0.4003 -13.5722
3 16 8.2627 -0.5468 -14.2119 8.3177 0.2511 -14.135 8.6641 -0.2685 -13.7852
3 16 8.6641 -0.2685 -13.7852 8.3177 0.2511 -14.135 8.7332 0.062 -13.7113
3 16 11.8127 2.1728 -10.0172 11.0416 1.7416 -11.9946 10.9855 2.8884 -10.3829
3 16 10.9855 2.8884 -10.3829 11.0416 1.7416 -11.9946 9.1969 2.649 -12.541
3 16 11.8127 2.1728 -10.0172 11.7232 0.7029 -11.6534 11.0416 1.7416 -11.9946
3 16 12.6106 -0.4329 -10.8435 11.7232 0.7029 -11.6534 12.3382 1.1929 -9.7241
3 16 12.3382 1.1929 -9.7241 11.7232 0.7029 -11.6534 11.8127 2.1728 -10.0172
3 16 13.184 -0.5196 -10.1145 12.6106 -0.4329 -10.8435 12.6711 0.7094 -9.5787
3 16 12.6711 0.7094 -9.5787 12.6106 -0.4329 -10.8435 12.3382 1.1929 -9.7241
3 16 12.6711 0.7094 -9.5787 13.6887 -0.007 -9.4432 13.184 -0.5196 -10.1145
3 16 12.6711 0.7094 -9.5787 13.7249 0.7341 -9.4685 13.6887 -0.007 -9.4432
3 16 12.3382 1.1929 -9.7241 13.1679 1.9705 -9.989 12.6711 0.7094 -9.5787
3 16 12.6711 0.7094 -9.5787 13.1679 1.9705 -9.989 13.7249 0.7341 -9.4685
3 16 11.8127 2.1728 -10.0172 13.1679 1.9705 -9.989 12.3382 1.1929 -9.7241
3 16 12.1805 2.5065 -9.899 13.1679 1.9705 -9.989 11.8127 2.1728 -10.0172
3 16 13.1679 1.9705 -9.989 12.1805 2.5065 -9.899 13.7196 2.6169 -9.3461
3 16 13.7196 2.6169 -9.3461 12.1805 2.5065 -9.899 13.1031 3.5706 -8.8132
3 16 14.0556 4.8262 -7.6592 14.16 2.9818 -8.8967 13.1031 3.5706 -8.8132
3 16 13.1031 3.5706 -8.8132 14.16 2.9818 -8.8967 13.7196 2.6169 -9.3461
3 16 14.7549 4.8863 -7.3071 14.4098 2.9262 -8.675 14.0556 4.8262 -7.6592
3 16 14.0556 4.8262 -7.6592 14.4098 2.9262 -8.675 14.16 2.9818 -8.8967
3 16 14.5363 2.6171 -8.5879 14.4098 2.9262 -8.675 15.434 4.1159 -7.2431
3 16 15.434 4.1159 -7.2431 14.4098 2.9262 -8.675 14.7549 4.8863 -7.3071
3 16 14.5571 2.0725 -8.6069 14.5363 2.6171 -8.5879 15.3896 2.9867 -7.2863
3 16 15.3896 2.9867 -7.2863 14.5363 2.6171 -8.5879 15.434 4.1159 -7.2431
3 16 14.7161 1.245 -8.4168 14.5571 2.0725 -8.6069 15.311 2.1334 -7.4437
3 16 15.311 2.1334 -7.4437 14.5571 2.0725 -8.6069 15.3896 2.9867 -7.2863
3 16 11.8127 2.1728 -10.0172 12.1168 3.6169 -10.4254 12.1805 2.5065 -9.899
3 16 10.0881 3.1192 -10.5125 10.3768 3.9773 -10.3994 10.9855 2.8884 -10.3829
3 16 10.9855 2.8884 -10.3829 10.3768 3.9773 -10.3994 11.2729 3.93 -10.4476
3 16 8.2818 3.3403 -11.7356 8.6013 3.6491 -10.9132 9.1969 2.649 -12.541
3 16 9.1969 2.649 -12.541 8.6013 3.6491 -10.9132 10.0881 3.1192 -10.5125
3 16 10.9855 2.8884 -10.3829 9.1969 2.649 -12.541 10.0881 3.1192 -10.5125
3 16 4.2766 0.3113 -15.7596 3.3012 -0.4134 -16.0535 3.3322 0.8003 -16.6123
3 16 5.39 1.709 -14.0695 4.1037 2.3124 -15.4986 5.0552 2.4141 -13.8826
3 16 5.0552 2.4141 -13.8826 4.1037 2.3124 -15.4986 3.9419 3.0729 -14.9605
3 16 5.6632 2.9672 -13.7498 6.251 2.3063 -14.3287 5.0552 2.4141 -13.8826
3 16 5.0552 2.4141 -13.8826 6.251 2.3063 -14.3287 5.39 1.709 -14.0695
3 16 8.2316 3.7313 -10.8291 9.1 4.0365 -10.1633 8.6013 3.6491 -10.9132
3 16 8.6013 3.6491 -10.9132 9.1 4.0365 -10.1633 9.2555 3.8997 -10.4305
3 16 9.6261 -4.0663 -13.0235 8.3549 -3.6996 -13.6866 9.2246 -2.9981 -12.6743
3 16 9.2246 -2.9981 -12.6743 8.3549 -3.6996 -13.6866 8.2596 -2.6392 -13.144
3 16 8.8684 -2.0192 -13.7313 9.6111 -2.329 -13.2449 8.2596 -2.6392 -13.144
3 16 8.2596 -2.6392 -13.144 9.6111 -2.329 -13.2449 9.2246 -2.9981 -12.6743
3 16 10.6051 -3.8997 -12.3888 9.6261 -4.0663 -13.0235 10.2432 -3.1255 -12.2143
3 16 10.2432 -3.1255 -12.2143 9.6261 -4.0663 -13.0235 9.2246 -2.9981 -12.6743
3 16 9.6111 -2.329 -13.2449 10.2982 -2.3925 -12.7734 9.2246 -2.9981 -12.6743
3 16 9.2246 -2.9981 -12.6743 10.2982 -2.3925 -12.7734 10.2432 -3.1255 -12.2143
3 16 6.3358 -2.1699 -14.9681 4.0223 -2.4616 -15.6208 5.5022 -0.9713 -15.3899
3 16 0.3847 4.7939 -15.1247 2.8061 3.6275 -15.1354 0.4049 4.1643 -15.8383
3 16 0.4049 4.1643 -15.8383 2.8061 3.6275 -15.1354 2.9212 2.9244 -15.757
3 16 0.3832 5.3054 -13.6329 2.6392 4.2933 -13.5842 0.3847 4.7939 -15.1247
3 16 0.3847 4.7939 -15.1247 2.6392 4.2933 -13.5842 2.8061 3.6275 -15.1354
3 16 11.2729 3.93 -10.4476 12.104 5.3135 -9.2667 12.1168 3.6169 -10.4254
3 16 12.1168 3.6169 -10.4254 12.104 5.3135 -9.2667 12.9972 4.7862 -9.4182
3 16 13.0227 6.9156 -8.4857 14.032 6.1396 -8.4157 12.104 5.3135 -9.2667
3 16 12.104 5.3135 -9.2667 14.032 6.1396 -8.4157 12.9972 4.7862 -9.4182
3 16 12.104 5.3135 -9.2667 10.6455 5.555 -8.7091 13.0227 6.9156 -8.4857
3 16 13.0227 6.9156 -8.4857 10.6455 5.555 -8.7091 11.4767 7.5662 -7.7586
3 16 0.4462 -4.5858 -15.8563 0.4131 -0.5177 -16.5793 2.2287 0.1188 -16.2589
3 16 0.4131 -0.5177 -16.5793 0.3919 1.4836 -16.3964 2.2287 0.1188 -16.2589
3 16 2.2287 0.1188 -16.2589 0.3919 1.4836 -16.3964 2.1587 1.2945 -16.2092
3 16 0.4049 4.1643 -15.8383 3.0571 1.9758 -15.9458 0.3919 1.4836 -16.3964
3 16 0.3919 1.4836 -16.3964 3.0571 1.9758 -15.9458 2.1587 1.2945 -16.2092
3 16 0.4049 4.1643 -15.8383 2.9212 2.9244 -15.757 3.0571 1.9758 -15.9458
3 16 4.0223 -2.4616 -15.6208 4.3976 -4.7027 -14.6972 0.4462 -4.5858 -15.8563
3 16 0.4462 -4.5858 -15.8563 4.3976 -4.7027 -14.6972 0.4325 -8.4876 -13.9882
3 16 8.021 -4.6662 -13.4124 6.7889 -4.1574 -14.0696 8.3549 -3.6996 -13.6866
3 16 8.3549 -3.6996 -13.6866 6.7889 -4.1574 -14.0696 7.199 -3.0363 -14.3892
3 16 9.6494 -6.6817 -11.9685 8.021 -4.6662 -13.4124 9.6261 -4.0663 -13.0235
3 16 9.6261 -4.0663 -13.0235 8.021 -4.6662 -13.4124 8.3549 -3.6996 -13.6866
3 16 9.6261 -4.0663 -13.0235 10.6051 -3.8997 -12.3888 9.6494 -6.6817 -11.9685
3 16 9.6494 -6.6817 -11.9685 10.6051 -3.8997 -12.3888 11.9512 -3.7428 -10.9081
3 16 11.9512 -3.7428 -10.9081 10.6051 -3.8997 -12.3888 11.5202 -3.0442 -11.7395
3 16 13.184 -0.5196 -10.1145 13.3597 -1.3198 -9.5198 12.6106 -0.4329 -10.8435
3 16 12.6106 -0.4329 -10.8435 13.3597 -1.3198 -9.5198 12.704 -2.4371 -10.2493
3 16 13.9878 -0.5716 -8.7038 13.3597 -1.3198 -9.5198 13.6887 -0.007 -9.4432
3 16 13.6887 -0.007 -9.4432 13.3597 -1.3198 -9.5198 13.184 -0.5196 -10.1145
3 16 12.6106 -0.4329 -10.8435 12.704 -2.4371 -10.2493 11.5202 -3.0442 -11.7395
3 16 11.5202 -3.0442 -11.7395 12.704 -2.4371 -10.2493 11.9512 -3.7428 -10.9081
3 16 14.8501 -0.1304 -7.6347 13.9878 -0.5716 -8.7038 13.6887 -0.007 -9.4432
3 16 16.1424 0.1293 -5.9365 14.8501 -0.1304 -7.6347 15.6209 1.3426 -7.359
3 16 15.6209 1.3426 -7.359 14.8501 -0.1304 -7.6347 15.196 1.0497 -7.8239
3 16 16.1424 0.1293 -5.9365 15.6209 1.3426 -7.359 16.7466 2.3233 -5.3231
3 16 16.7466 2.3233 -5.3231 15.6209 1.3426 -7.359 15.9268 2.9495 -7.0648
3 16 1.2546 -8.9847 -10.6077 0.3269 -9.4145 -10.1366 0.4325 -8.4876 -13.9882
3 16 6.2869 -6.7598 -9.8483 5.0133 -6.5552 -10.5084 6.7889 -4.1574 -14.0696
3 16 6.7889 -4.1574 -14.0696 5.0133 -6.5552 -10.5084 5.5217 -4.1055 -14.6175
3 16 7.6989 -7.6576 -8.8105 6.2869 -6.7598 -9.8483 8.021 -4.6662 -13.4124
3 16 8.021 -4.6662 -13.4124 6.2869 -6.7598 -9.8483 6.7889 -4.1574 -14.0696
3 16 9.5123 -8.5672 -6.445 7.6989 -7.6576 -8.8105 9.6494 -6.6817 -11.9685
3 16 9.6494 -6.6817 -11.9685 7.6989 -7.6576 -8.8105 8.021 -4.6662 -13.4124
3 16 13.3602 -2.9455 -5.2967 13.0531 -3.4376 -5.6186 13.9878 -0.5716 -8.7038
3 16 13.9878 -0.5716 -8.7038 13.0531 -3.4376 -5.6186 13.3597 -1.3198 -9.5198
3 16 14.693 -2.8198 -2.3578 13.3602 -2.9455 -5.2967 14.8501 -0.1304 -7.6347
3 16 14.8501 -0.1304 -7.6347 13.3602 -2.9455 -5.2967 13.9878 -0.5716 -8.7038
3 16 15.0948 -2.7497 -1.8166 14.693 -2.8198 -2.3578 16.1424 0.1293 -5.9365
3 16 16.1424 0.1293 -5.9365 14.693 -2.8198 -2.3578 14.8501 -0.1304 -7.6347
3 16 16.7466 2.3233 -5.3231 16.4144 -0.8694 -0.4017 16.1424 0.1293 -5.9365
3 16 16.1424 0.1293 -5.9365 16.4144 -0.8694 -0.4017 15.0948 -2.7497 -1.8166
3 16 17.0257 3.8367 -5.0555 17.1933 0.9365 -0.8863 16.7466 2.3233 -5.3231
3 16 16.7466 2.3233 -5.3231 17.1933 0.9365 -0.8863 16.4144 -0.8694 -0.4017
3 16 -5.8778 -1.2082 -14.173 -6.6296 -1.8811 -13.705 -6.58 -0.8869 -14.4828
3 16 -6.58 -0.8869 -14.4828 -6.6296 -1.8811 -13.705 -7.2353 -1.4054 -14.1373
3 16 -5.8778 -1.2082 -14.173 -5.4903 -2.0553 -14.9226 -6.6296 -1.8811 -13.705
3 16 -6.6296 -1.8811 -13.705 -5.4903 -2.0553 -14.9226 -6.4142 -2.8842 -14.3493
3 16 -9.6971 -0.6997 -12.2836 -10.0001 -1.6138 -12.0615 -10.3148 -0.3982 -12.2711
3 16 -10.3148 -0.3982 -12.2711 -10.0001 -1.6138 -12.0615 -10.7021 -1.6204 -11.9267
3 16 -10.0001 -1.6138 -12.0615 -9.6971 -0.6997 -12.2836 -9.5124 -1.6945 -12.8646
3 16 -9.5124 -1.6945 -12.8646 -9.6971 -0.6997 -12.2836 -9.3 -1.1258 -13.0304
3 16 -8.6997 -1.4171 -13.3828 -9.2093 -2.139 -13.0037 -9.5124 -1.6945 -12.8646
3 16 -9.5124 -1.6945 -12.8646 -9.2093 -2.139 -13.0037 -9.4839 -2.0554 -12.8474
3 16 -7.9092 -1.8472 -13.7425 -8.6703 -2.1284 -13.3034 -8.6997 -1.4171 -13.3828
3 16 -8.6997 -1.4171 -13.3828 -9.5124 -1.6945 -12.8646 -9.3 -1.1258 -13.0304
3 16 -8.2374 0.0617 -13.6648 -8.0648 -0.1747 -13.7676 -8.4525 -0.0385 -13.5453
3 16 -8.4525 -0.0385 -13.5453 -8.0648 -0.1747 -13.7676 -8.6997 -1.4171 -13.3828
3 16 -7.8085 0.5359 -13.6651 -8.2374 0.0617 -13.6648 -8.355 0.5667 -13.318
3 16 -8.355 0.5667 -13.318 -8.2374 0.0617 -13.6648 -8.4525 -0.0385 -13.5453
3 16 -8.355 0.5667 -13.318 -8.4065 1.0323 -13.4122 -7.8085 0.5359 -13.6651
3 16 -7.8085 0.5359 -13.6651 -8.4065 1.0323 -13.4122 -7.5177 0.8644 -13.9793
3 16 -7.8085 0.5359 -13.6651 -7.6559 0.2085 -13.7666 -8.2374 0.0617 -13.6648
3 16 -8.2374 0.0617 -13.6648 -7.6559 0.2085 -13.7666 -8.0648 -0.1747 -13.7676
3 16 -7.6559 0.2085 -13.7666 -7.5928 -0.1308 -13.8324 -8.0648 -0.1747 -13.7676
3 16 -8.0648 -0.1747 -13.7676 -7.5928 -0.1308 -13.8324 -7.8804 -0.466 -13.8603
3 16 -7.6559 0.2085 -13.7666 -7.2841 0.2692 -14.159 -7.5928 -0.1308 -13.8324
3 16 -7.5928 -0.1308 -13.8324 -7.2841 0.2692 -14.159 -7.2719 -0.3565 -14.1953
3 16 -7.5604 -0.6539 -14.0328 -7.8804 -0.466 -13.8603 -7.5928 -0.1308 -13.8324
3 16 -4.4224 1.7873 -14.4456 -4.6573 1.171 -14.4968 -5.3993 1.6851 -14.8232
3 16 -3.2967 2.3739 -15.5856 -4.6573 1.171 -14.4968 -4.4224 1.7873 -14.4456
3 16 -6.0845 -0.0536 -14.7658 -5.3875 -0.3487 -14.455 -6.58 -0.8869 -14.4828
3 16 -6.58 -0.8869 -14.4828 -5.3875 -0.3487 -14.455 -5.8778 -1.2082 -14.173
3 16 -7.8804 -0.466 -13.8603 -8.6997 -1.4171 -13.3828 -8.0648 -0.1747 -13.7676
3 16 -10.561 -2.9152 -11.9388 -9.934 -2.5234 -12.065 -9.642 -3.65 -12.5138
3 16 -9.642 -3.65 -12.5138 -9.934 -2.5234 -12.065 -9.1729 -2.8583 -12.407
3 16 -9.2093 -2.139 -13.0037 -9.1729 -2.8583 -12.407 -9.4839 -2.0554 -12.8474
3 16 -9.4839 -2.0554 -12.8474 -9.1729 -2.8583 -12.407 -9.934 -2.5234 -12.065
3 16 -8.6997 -1.4171 -13.3828 -7.8804 -0.466 -13.8603 -7.5604 -0.6539 -14.0328
3 16 -7.5406 -3.5592 -13.7306 -7.4653 -2.4651 -13.1851 -6.4142 -2.8842 -14.3493
3 16 -6.4142 -2.8842 -14.3493 -7.4653 -2.4651 -13.1851 -6.6296 -1.8811 -13.705
3 16 -7.2353 -1.4054 -14.1373 -6.6296 -1.8811 -13.705 -7.9092 -1.8472 -13.7425
3 16 -7.9092 -1.8472 -13.7425 -6.6296 -1.8811 -13.705 -7.4653 -2.4651 -13.1851
3 16 -8.6997 -1.4171 -13.3828 -7.5604 -0.6539 -14.0328 -7.9092 -1.8472 -13.7425
3 16 -7.9092 -1.8472 -13.7425 -7.5604 -0.6539 -14.0328 -7.2353 -1.4054 -14.1373
3 16 -6.58 -0.8869 -14.4828 -7.2353 -1.4054 -14.1373 -7.2719 -0.3565 -14.1953
3 16 -7.2719 -0.3565 -14.1953 -7.2353 -1.4054 -14.1373 -7.5604 -0.6539 -14.0328
3 16 -7.2719 -0.3565 -14.1953 -7.2841 0.2692 -14.159 -6.0845 -0.0536 -14.7658
3 16 -5.4903 -2.0553 -14.9226 -5.8778 -1.2082 -14.173 -4.7517 -1.0101 -15.3182
3 16 -4.7517 -1.0101 -15.3182 -5.8778 -1.2082 -14.173 -5.3875 -0.3487 -14.455
3 16 -8.6997 -1.4171 -13.3828 -8.6703 -2.1284 -13.3034 -9.2093 -2.139 -13.0037
3 16 -11.1316 -3.7268 -11.0963 -10.561 -2.9152 -11.9388 -10.4088 -4.7154 -11.6621
3 16 -10.4088 -4.7154 -11.6621 -10.561 -2.9152 -11.9388 -9.642 -3.65 -12.5138
3 16 -7.5406 -3.5592 -13.7306 -7.1228 -4.7114 -13.5322 -8.6317 -3.832 -13.1251
3 16 -8.6317 -3.832 -13.1251 -7.1228 -4.7114 -13.5322 -9.1139 -6.0747 -12.4088
3 16 -5.8909 -4.1846 -14.1029 -6.4142 -2.8842 -14.3493 -4.6257 -4.1236 -14.6389
3 16 -4.6257 -4.1236 -14.6389 -6.4142 -2.8842 -14.3493 -5.4903 -2.0553 -14.9226
3 16 -5.4903 -2.0553 -14.9226 -4.7517 -1.0101 -15.3182 -3.1817 -2.5012 -15.6332
3 16 -3.2967 2.3739 -15.5856 -3.2277 1.4497 -15.8808 -4.069 0.2637 -15.5899
3 16 -4.069 0.2637 -15.5899 -3.2277 1.4497 -15.8808 -3.4118 0.3056 -15.8557
3 16 -3.4784 3.2278 -14.2998 -4.1604 3.0298 -14.1208 -3.1244 3.7338 -13.4043
3 16 -3.1244 3.7338 -13.4043 -4.1604 3.0298 -14.1208 -4.4209 3.7374 -12.2046
3 16 -3.3199 2.8762 -14.9997 -3.4784 3.2278 -14.2998 -1.9069 3.6681 -15.1557
3 16 -1.9069 3.6681 -15.1557 -3.4784 3.2278 -14.2998 -1.7391 4.3141 -13.5633
3 16 -3.2967 2.3739 -15.5856 -2.0318 3.0243 -15.8903 -2.1853 2.0122 -16.1028
3 16 -4.8463 2.5262 -14.4366 -5.3993 1.6851 -14.8232 -6.5145 2.5585 -13.6063
3 16 -6.5145 2.5585 -13.6063 -5.3993 1.6851 -14.8232 -7.0152 1.8101 -13.974
3 16 -3.2967 2.3739 -15.5856 -3.3199 2.8762 -14.9997 -2.0318 3.0243 -15.8903
3 16 -2.0318 3.0243 -15.8903 -3.3199 2.8762 -14.9997 -1.9069 3.6681 -15.1557
3 16 -4.9703 0.48 -14.5227 -4.6573 1.171 -14.4968 -4.069 0.2637 -15.5899
3 16 -4.069 0.2637 -15.5899 -4.6573 1.171 -14.4968 -3.2967 2.3739 -15.5856
3 16 -4.9703 0.48 -14.5227 -5.7243 0.725 -14.8842 -4.6573 1.171 -14.4968
3 16 -4.6573 1.171 -14.4968 -5.7243 0.725 -14.8842 -5.3993 1.6851 -14.8232
3 16 -4.9703 0.48 -14.5227 -5.3875 -0.3487 -14.455 -5.7243 0.725 -14.8842
3 16 -5.7243 0.725 -14.8842 -5.3875 -0.3487 -14.455 -6.0845 -0.0536 -14.7658
3 16 -5.3875 -0.3487 -14.455 -4.9703 0.48 -14.5227 -4.7517 -1.0101 -15.3182
3 16 -4.7517 -1.0101 -15.3182 -4.9703 0.48 -14.5227 -4.069 0.2637 -15.5899
3 16 -7.8085 0.5359 -13.6651 -7.5177 0.8644 -13.9793 -7.6559 0.2085 -13.7666
3 16 -7.6559 0.2085 -13.7666 -7.5177 0.8644 -13.9793 -7.2841 0.2692 -14.159
3 16 -7.5177 0.8644 -13.9793 -8.4065 1.0323 -13.4122 -7.0152 1.8101 -13.974
3 16 -8.8548 -0.4713 -13.3205 -9.0608 0.0569 -12.7979 -8.4525 -0.0385 -13.5453
3 16 -8.4525 -0.0385 -13.5453 -9.0608 0.0569 -12.7979 -8.355 0.5667 -13.318
3 16 -8.4065 1.0323 -13.4122 -9.4473 0.4772 -12.7868 -8.9287 1.9159 -12.7617
3 16 -8.9287 1.9159 -12.7617 -9.4473 0.4772 -12.7868 -9.9188 0.8468 -12.38
3 16 -2.4037 -0.4193 -16.0886 -2.4329 0.8006 -16.6487 -1.3274 0.1142 -16.3205
3 16 -3.4118 0.3056 -15.8557 -2.4329 0.8006 -16.6487 -2.4037 -0.4193 -16.0886
3 16 -3.2277 1.4497 -15.8808 -2.4329 0.8006 -16.6487 -3.4118 0.3056 -15.8557
3 16 -2.1853 2.0122 -16.1028 -2.4329 0.8006 -16.6487 -3.2277 1.4497 -15.8808
3 16 -1.2579 1.3044 -16.3107 -2.4329 0.8006 -16.6487 -2.1853 2.0122 -16.1028
3 16 -1.3274 0.1142 -16.3205 -2.4329 0.8006 -16.6487 -1.2579 1.3044 -16.3107
3 16 -9.934 -2.5234 -12.065 -10.0001 -1.6138 -12.0615 -9.4839 -2.0554 -12.8474
3 16 -9.4839 -2.0554 -12.8474 -10.0001 -1.6138 -12.0615 -9.5124 -1.6945 -12.8646
3 16 -10.0001 -1.6138 -12.0615 -9.934 -2.5234 -12.065 -10.7021 -1.6204 -11.9267
3 16 -10.7021 -1.6204 -11.9267 -9.934 -2.5234 -12.065 -10.561 -2.9152 -11.9388
3 16 -11.8293 -2.5765 -10.3573 -11.2147 -1.0591 -11.4949 -10.7021 -1.6204 -11.9267
3 16 -9.3 -1.1258 -13.0304 -8.8548 -0.4713 -13.3205 -8.6997 -1.4171 -13.3828
3 16 -9.6971 -0.6997 -12.2836 -9.0608 0.0569 -12.7979 -9.3 -1.1258 -13.0304
3 16 -9.3 -1.1258 -13.0304 -9.0608 0.0569 -12.7979 -8.8548 -0.4713 -13.3205
3 16 -9.0608 0.0569 -12.7979 -9.6971 -0.6997 -12.2836 -9.4473 0.4772 -12.7868
3 16 -9.4473 0.4772 -12.7868 -9.6971 -0.6997 -12.2836 -10.3148 -0.3982 -12.2711
3 16 -10.2127 2.7757 -10.629 -9.3127 3.0309 -11.2411 -9.8883 2.1358 -12.026
3 16 -9.8883 2.1358 -12.026 -9.3127 3.0309 -11.2411 -9.1256 2.7352 -12.0441
3 16 -10.7669 2.4214 -10.2925 -11.3438 3.1814 -10.5077 -10.2127 2.7757 -10.629
3 16 -10.2127 2.7757 -10.629 -11.3438 3.1814 -10.5077 -10.2923 3.5366 -10.7547
3 16 -10.98 2.1674 -10.1392 -10.7669 2.4214 -10.2925 -10.5337 1.3241 -11.7853
3 16 -10.5337 1.3241 -11.7853 -10.7669 2.4214 -10.2925 -9.8883 2.1358 -12.026
3 16 -11.7669 -0.3244 -10.8291 -11.4566 1.1762 -9.8591 -11.1408 0.376 -11.4512
3 16 -11.1408 0.376 -11.4512 -11.4566 1.1762 -9.8591 -10.98 2.1674 -10.1392
3 16 -11.4566 1.1762 -9.8591 -11.7669 -0.3244 -10.8291 -11.779 0.691 -9.7075
3 16 -11.779 0.691 -9.7075 -11.7669 -0.3244 -10.8291 -12.2804 -0.4013 -10.1182
3 16 -11.4566 1.1762 -9.8591 -11.779 0.691 -9.7075 -12.4176 1.3594 -9.962
3 16 -12.4176 1.3594 -9.962 -11.779 0.691 -9.7075 -12.7171 0.6997 -9.6128
3 16 -10.98 2.1674 -10.1392 -11.4566 1.1762 -9.8591 -12.0896 1.9165 -10.1885
3 16 -12.0896 1.9165 -10.1885 -11.4566 1.1762 -9.8591 -12.4176 1.3594 -9.962
3 16 -12.7171 0.6997 -9.6128 -11.779 0.691 -9.7075 -12.7089 -0.0056 -9.5336
3 16 -10.2127 2.7757 -10.629 -10.2923 3.5366 -10.7547 -9.3127 3.0309 -11.2411
3 16 -9.3127 3.0309 -11.2411 -10.2923 3.5366 -10.7547 -9.3027 3.4828 -11.0634
3 16 -9.3127 3.0309 -11.2411 -9.3027 3.4828 -11.0634 -8.8114 3.1558 -11.6835
3 16 -9.3127 3.0309 -11.2411 -8.8114 3.1558 -11.6835 -9.1256 2.7352 -12.0441
3 16 -10.98 2.1674 -10.1392 -11.3514 2.5104 -10.073 -10.7669 2.4214 -10.2925
3 16 -10.7669 2.4214 -10.2925 -11.3514 2.5104 -10.073 -11.3438 3.1814 -10.5077
3 16 -10.98 2.1674 -10.1392 -12.0896 1.9165 -10.1885 -11.3514 2.5104 -10.073
3 16 -11.3514 2.5104 -10.073 -12.0896 1.9165 -10.1885 -12.0582 2.1704 -10.2019
3 16 -9.0608 0.0569 -12.7979 -9.4473 0.4772 -12.7868 -8.355 0.5667 -13.318
3 16 -8.355 0.5667 -13.318 -9.4473 0.4772 -12.7868 -8.4065 1.0323 -13.4122
3 16 -12.0195 3.8988 -9.8346 -11.3438 3.1814 -10.5077 -11.9913 3.2084 -9.2566
3 16 -11.9913 3.2084 -9.2566 -11.3438 3.1814 -10.5077 -11.3514 2.5104 -10.073
3 16 -11.9913 3.2084 -9.2566 -11.3514 2.5104 -10.073 -12.6007 2.7605 -9.6104
3 16 -12.6007 2.7605 -9.6104 -11.3514 2.5104 -10.073 -12.0582 2.1704 -10.2019
3 16 -13.8963 4.8881 -7.3813 -14.3385 5.5521 -7.5225 -13.3018 4.8412 -7.8345
3 16 -13.3018 4.8412 -7.8345 -14.3385 5.5521 -7.5225 -13.3091 6.0554 -8.4204
3 16 -13.3091 6.0554 -8.4204 -12.5639 4.9755 -9.1714 -13.3018 4.8412 -7.8345
3 16 -13.3018 4.8412 -7.8345 -12.5639 4.9755 -9.1714 -12.5994 3.9963 -8.6025
3 16 -12.5639 4.9755 -9.1714 -12.0195 3.8988 -9.8346 -12.5994 3.9963 -8.6025
3 16 -12.5994 3.9963 -8.6025 -12.0195 3.8988 -9.8346 -11.9913 3.2084 -9.2566
3 16 -12.5994 3.9963 -8.6025 -11.9913 3.2084 -9.2566 -13.088 3.0743 -9.0887
3 16 -13.088 3.0743 -9.0887 -11.9913 3.2084 -9.2566 -12.6007 2.7605 -9.6104
3 16 -14.4608 4.1067 -7.1287 -14.9983 4.4876 -7.01 -13.8963 4.8881 -7.3813
3 16 -13.8963 4.8881 -7.3813 -14.9983 4.4876 -7.01 -14.3385 5.5521 -7.5225
3 16 -14.9983 4.4876 -7.01 -14.4608 4.1067 -7.1287 -15.0812 2.9348 -6.9631
3 16 -15.0812 2.9348 -6.9631 -14.4608 4.1067 -7.1287 -14.471 2.9845 -7.2709
3 16 -14.7986 1.6103 -7.2436 -15.0812 2.9348 -6.9631 -14.4295 2.1374 -7.4673
3 16 -14.4295 2.1374 -7.4673 -15.0812 2.9348 -6.9631 -14.471 2.9845 -7.2709
3 16 -13.8963 4.8881 -7.3813 -13.3018 4.8412 -7.8345 -13.7122 3.1291 -8.4463
3 16 -13.7122 3.1291 -8.4463 -13.3018 4.8412 -7.8345 -13.4855 3.2195 -8.6677
3 16 -14.471 2.9845 -7.2709 -13.9413 2.2134 -8.2987 -14.4295 2.1374 -7.4673
3 16 -14.4295 2.1374 -7.4673 -13.9413 2.2134 -8.2987 -14.0501 1.6395 -8.1679
3 16 -13.8963 4.8881 -7.3813 -13.7122 3.1291 -8.4463 -14.4608 4.1067 -7.1287
3 16 -14.4608 4.1067 -7.1287 -13.7122 3.1291 -8.4463 -13.8749 2.8153 -8.3283
3 16 -12.6007 2.7605 -9.6104 -12.0582 2.1704 -10.2019 -12.9681 1.6995 -9.3989
3 16 -10.2923 3.5366 -10.7547 -11.3438 3.1814 -10.5077 -10.6139 4.7287 -9.6938
3 16 -13.088 3.0743 -9.0887 -12.6007 2.7605 -9.6104 -13.3342 1.9204 -8.9837
3 16 -13.3342 1.9204 -8.9837 -12.6007 2.7605 -9.6104 -12.9681 1.6995 -9.3989
3 16 -13.7122 3.1291 -8.4463 -13.3342 1.9204 -8.9837 -13.8749 2.8153 -8.3283
3 16 -13.8749 2.8153 -8.3283 -13.3342 1.9204 -8.9837 -13.9413 2.2134 -8.2987
3 16 -13.3018 4.8412 -7.8345 -12.5994 3.9963 -8.6025 -13.4855 3.2195 -8.6677
3 16 -13.4855 3.2195 -8.6677 -12.5994 3.9963 -8.6025 -13.088 3.0743 -9.0887
3 16 -13.9413 2.2134 -8.2987 -13.3342 1.9204 -8.9837 -14.0501 1.6395 -8.1679
3 16 -14.0501 1.6395 -8.1679 -13.3342 1.9204 -8.9837 -13.5026 1.2032 -8.7714
3 16 -14.0501 1.6395 -8.1679 -13.5026 1.2032 -8.7714 -14.3085 1.252 -7.8066
3 16 -14.3085 1.252 -7.8066 -13.5026 1.2032 -8.7714 -13.956 -0.1394 -7.6444
3 16 -12.4176 1.3594 -9.962 -12.7171 0.6997 -9.6128 -12.9681 1.6995 -9.3989
3 16 -12.9681 1.6995 -9.3989 -12.7171 0.6997 -9.6128 -13.1661 0.9543 -9.1368
3 16 -12.7171 0.6997 -9.6128 -12.7089 -0.0056 -9.5336 -13.1661 0.9543 -9.1368
3 16 -13.1661 0.9543 -9.1368 -12.7089 -0.0056 -9.5336 -13.2791 -0.3946 -8.4624
3 16 -12.2804 -0.4013 -10.1182 -12.5003 -1.3332 -9.5385 -12.7089 -0.0056 -9.5336
3 16 -12.7089 -0.0056 -9.5336 -12.5003 -1.3332 -9.5385 -12.9095 -0.7579 -8.9562
3 16 -10.6881 -0.0705 -11.9574 -10.3148 -0.3982 -12.2711 -11.2147 -1.0591 -11.4949
3 16 -11.2147 -1.0591 -11.4949 -10.3148 -0.3982 -12.2711 -10.7021 -1.6204 -11.9267
3 16 -14.4608 4.1067 -7.1287 -13.8749 2.8153 -8.3283 -14.471 2.9845 -7.2709
3 16 -14.471 2.9845 -7.2709 -13.8749 2.8153 -8.3283 -13.9413 2.2134 -8.2987
3 16 -14.3085 1.252 -7.8066 -13.956 -0.1394 -7.6444 -14.7986 1.6103 -7.2436
3 16 -14.7986 1.6103 -7.2436 -13.956 -0.1394 -7.6444 -15.3727 0.0063 -5.9737
3 16 -15.0812 2.9348 -6.9631 -14.7986 1.6103 -7.2436 -16.0417 2.2998 -5.2725
3 16 -16.0417 2.2998 -5.2725 -14.7986 1.6103 -7.2436 -15.3727 0.0063 -5.9737
3 16 -13.1661 0.9543 -9.1368 -13.5026 1.2032 -8.7714 -12.9681 1.6995 -9.3989
3 16 -12.9681 1.6995 -9.3989 -13.5026 1.2032 -8.7714 -13.3342 1.9204 -8.9837
3 16 -13.1661 0.9543 -9.1368 -13.2791 -0.3946 -8.4624 -13.5026 1.2032 -8.7714
3 16 -13.5026 1.2032 -8.7714 -13.2791 -0.3946 -8.4624 -13.956 -0.1394 -7.6444
3 16 -12.0195 3.8988 -9.8346 -12.5639 4.9755 -9.1714 -10.6139 4.7287 -9.6938
3 16 -10.6139 4.7287 -9.6938 -12.5639 4.9755 -9.1714 -11.1799 5.6671 -9.0997
3 16 -13.3091 6.0554 -8.4204 -11.5791 6.6289 -8.6245 -12.5639 4.9755 -9.1714
3 16 -12.5639 4.9755 -9.1714 -11.5791 6.6289 -8.6245 -11.1799 5.6671 -9.0997
3 16 -14.9983 4.4876 -7.01 -15.5688 5.1292 -6.5996 -14.3385 5.5521 -7.5225
3 16 -14.3385 5.5521 -7.5225 -15.5688 5.1292 -6.5996 -14.6703 6.1126 -7.5056
3 16 -3.1817 -2.5012 -15.6332 -3.4118 0.3056 -15.8557 -2.4037 -0.4193 -16.0886
3 16 -2.1853 2.0122 -16.1028 -3.2277 1.4497 -15.8808 -3.2967 2.3739 -15.5856
3 16 -1.2579 1.3044 -16.3107 -2.1853 2.0122 -16.1028 0.3919 1.4836 -16.3964
3 16 0.3919 1.4836 -16.3964 -2.1853 2.0122 -16.1028 0.4049 4.1643 -15.8383
3 16 -1.2579 1.3044 -16.3107 0.3919 1.4836 -16.3964 -1.3274 0.1142 -16.3205
3 16 -1.3274 0.1142 -16.3205 0.3919 1.4836 -16.3964 0.4131 -0.5177 -16.5793
3 16 -2.4037 -0.4193 -16.0886 -1.3274 0.1142 -16.3205 0.4462 -4.5858 -15.8563
3 16 -1.3274 0.1142 -16.3205 0.4131 -0.5177 -16.5793 0.4462 -4.5858 -15.8563
3 16 -4.1604 3.0298 -14.1208 -4.8463 2.5262 -14.4366 -5.9138 3.0819 -13.0474
3 16 -5.9138 3.0819 -13.0474 -4.8463 2.5262 -14.4366 -6.5145 2.5585 -13.6063
3 16 -5.3993 1.6851 -14.8232 -4.8463 2.5262 -14.4366 -4.4224 1.7873 -14.4456
3 16 -4.4224 1.7873 -14.4456 -4.8463 2.5262 -14.4366 -4.1762 2.2995 -14.3865
3 16 -4.4224 1.7873 -14.4456 -4.1762 2.2995 -14.3865 -3.2967 2.3739 -15.5856
3 16 -3.2967 2.3739 -15.5856 -4.1762 2.2995 -14.3865 -3.3199 2.8762 -14.9997
3 16 -4.8463 2.5262 -14.4366 -4.1604 3.0298 -14.1208 -4.1762 2.2995 -14.3865
3 16 -4.1762 2.2995 -14.3865 -4.1604 3.0298 -14.1208 -3.4784 3.2278 -14.2998
3 16 -3.3199 2.8762 -14.9997 -4.1762 2.2995 -14.3865 -3.4784 3.2278 -14.2998
3 16 -9.8883 2.1358 -12.026 -9.1256 2.7352 -12.0441 -8.9287 1.9159 -12.7617
3 16 -8.9287 1.9159 -12.7617 -9.1256 2.7352 -12.0441 -8.1652 2.6279 -12.6618
3 16 -6.5145 2.5585 -13.6063 -7.0152 1.8101 -13.974 -8.1652 2.6279 -12.6618
3 16 -8.1652 2.6279 -12.6618 -7.0152 1.8101 -13.974 -8.9287 1.9159 -12.7617
3 16 -9.1256 2.7352 -12.0441 -8.8114 3.1558 -11.6835 -8.1652 2.6279 -12.6618
3 16 -8.1652 2.6279 -12.6618 -8.8114 3.1558 -11.6835 -7.6768 3.121 -12.1671
3 16 -5.9138 3.0819 -13.0474 -6.5145 2.5585 -13.6063 -7.6768 3.121 -12.1671
3 16 -7.6768 3.121 -12.1671 -6.5145 2.5585 -13.6063 -8.1652 2.6279 -12.6618
3 16 -9.3027 3.4828 -11.0634 -8.2382 4.1926 -10.0312 -8.8114 3.1558 -11.6835
3 16 -8.8114 3.1558 -11.6835 -8.2382 4.1926 -10.0312 -6.4636 3.67 -11.273
3 16 -9.3027 3.4828 -11.0634 -10.2923 3.5366 -10.7547 -8.2382 4.1926 -10.0312
3 16 -8.6317 -3.832 -13.1251 -8.4014 -2.8071 -12.738 -7.5406 -3.5592 -13.7306
3 16 -7.5406 -3.5592 -13.7306 -8.4014 -2.8071 -12.738 -7.4653 -2.4651 -13.1851
3 16 -7.9092 -1.8472 -13.7425 -7.4653 -2.4651 -13.1851 -8.6703 -2.1284 -13.3034
3 16 -8.6703 -2.1284 -13.3034 -7.4653 -2.4651 -13.1851 -8.4014 -2.8071 -12.738
3 16 -9.642 -3.65 -12.5138 -9.1729 -2.8583 -12.407 -8.6317 -3.832 -13.1251
3 16 -8.6317 -3.832 -13.1251 -9.1729 -2.8583 -12.407 -8.4014 -2.8071 -12.738
3 16 -9.1729 -2.8583 -12.407 -9.2093 -2.139 -13.0037 -8.4014 -2.8071 -12.738
3 16 -8.4014 -2.8071 -12.738 -9.2093 -2.139 -13.0037 -8.6703 -2.1284 -13.3034
3 16 -9.1139 -6.0747 -12.4088 -10.4088 -4.7154 -11.6621 -8.6317 -3.832 -13.1251
3 16 -8.6317 -3.832 -13.1251 -10.4088 -4.7154 -11.6621 -9.642 -3.65 -12.5138
3 16 0.4325 -8.4876 -13.9882 -3.5143 -4.7456 -14.7455 0.4462 -4.5858 -15.8563
3 16 0.4462 -4.5858 -15.8563 -3.5143 -4.7456 -14.7455 -3.1817 -2.5012 -15.6332
3 16 0.4049 4.1643 -15.8383 -2.1853 2.0122 -16.1028 -2.0318 3.0243 -15.8903
3 16 0.3847 4.7939 -15.1247 0.4049 4.1643 -15.8383 -1.9069 3.6681 -15.1557
3 16 -1.9069 3.6681 -15.1557 0.4049 4.1643 -15.8383 -2.0318 3.0243 -15.8903
3 16 0.3832 5.3054 -13.6329 0.3847 4.7939 -15.1247 -1.7391 4.3141 -13.5633
3 16 -1.7391 4.3141 -13.5633 0.3847 4.7939 -15.1247 -1.9069 3.6681 -15.1557
3 16 -16.4521 3.925 -4.9735 -15.5688 5.1292 -6.5996 -15.0812 2.9348 -6.9631
3 16 -15.0812 2.9348 -6.9631 -15.5688 5.1292 -6.5996 -14.9983 4.4876 -7.01
3 16 -7.1228 -4.7114 -13.5322 -6.9593 -7.6946 -9.0165 -9.1139 -6.0747 -12.4088
3 16 -9.1139 -6.0747 -12.4088 -6.9593 -7.6946 -9.0165 -8.4177 -8.8416 -6.3286
3 16 -5.8909 -4.1846 -14.1029 -5.7335 -6.7816 -10.1324 -7.1228 -4.7114 -13.5322
3 16 -7.1228 -4.7114 -13.5322 -5.7335 -6.7816 -10.1324 -6.9593 -7.6946 -9.0165
3 16 -4.6257 -4.1236 -14.6389 -4.5275 -6.4534 -10.8206 -5.8909 -4.1846 -14.1029
3 16 -5.8909 -4.1846 -14.1029 -4.5275 -6.4534 -10.8206 -5.7335 -6.7816 -10.1324
3 16 -4.6257 -4.1236 -14.6389 -3.5143 -4.7456 -14.7455 -4.5275 -6.4534 -10.8206
3 16 -4.5275 -6.4534 -10.8206 -3.5143 -4.7456 -14.7455 -3.5571 -6.7459 -11.1786
3 16 -9.1139 -6.0747 -12.4088 -8.4177 -8.8416 -6.3286 -10.4088 -4.7154 -11.6621
3 16 -10.4088 -4.7154 -11.6621 -8.4177 -8.8416 -6.3286 -9.4506 -8.5731 -2.496
3 16 -11.1316 -3.7268 -11.0963 -10.4088 -4.7154 -11.6621 -10.4406 -7.4738 -3.6514
3 16 -10.4406 -7.4738 -3.6514 -10.4088 -4.7154 -11.6621 -9.4506 -8.5731 -2.496
3 16 -11.8293 -2.5765 -10.3573 -11.1316 -3.7268 -11.0963 -11.7496 -5.3234 -5.5465
3 16 -11.7496 -5.3234 -5.5465 -11.1316 -3.7268 -11.0963 -10.4406 -7.4738 -3.6514
3 16 -12.9095 -0.7579 -8.9562 -12.5003 -1.3332 -9.5385 -12.8376 -2.6866 -6.0073
3 16 -12.8376 -2.6866 -6.0073 -12.5003 -1.3332 -9.5385 -12.4049 -3.592 -6.245
3 16 -13.2791 -0.3946 -8.4624 -12.9095 -0.7579 -8.9562 -12.8376 -2.6866 -6.0073
3 16 -13.2791 -0.3946 -8.4624 -12.8376 -2.6866 -6.0073 -13.956 -0.1394 -7.6444
3 16 -13.956 -0.1394 -7.6444 -12.8376 -2.6866 -6.0073 -13.795 -2.2347 -4.9272
3 16 -13.956 -0.1394 -7.6444 -13.795 -2.2347 -4.9272 -15.3727 0.0063 -5.9737
3 16 -15.3727 0.0063 -5.9737 -13.795 -2.2347 -4.9272 -14.8154 -2.344 -3.0968
3 16 -15.3727 0.0063 -5.9737 -14.8154 -2.344 -3.0968 -15.1803 -1.8745 -1.9156
3 16 -16.0417 2.2998 -5.2725 -15.3727 0.0063 -5.9737 -15.9051 -0.0501 -1.956
3 16 -15.9051 -0.0501 -1.956 -15.3727 0.0063 -5.9737 -15.1803 -1.8745 -1.9156
3 16 0.4325 -8.4876 -13.9882 0.3269 -9.4145 -10.1366 -0.6667 -8.9168 -10.8709
3 16 -15.9051 -0.0501 -1.956 -16.3598 1.5857 -2.3574 -16.0417 2.2998 -5.2725
3 16 -16.0417 2.2998 -5.2725 -16.3598 1.5857 -2.3574 -16.4521 3.925 -4.9735
3 16 19.7029 -1.8227 1.8631 17.1933 0.9365 -0.8863 21.0272 1.1429 1.391
3 16 21.0272 1.1429 1.391 17.1933 0.9365 -0.8863 17.5289 2.3929 -1.6926
3 16 21.0272 1.1429 1.391 17.5289 2.3929 -1.6926 21.4571 4.4077 0.3046
3 16 21.4571 4.4077 0.3046 17.5289 2.3929 -1.6926 17.6859 3.8974 -2.7608
3 16 21.4571 4.4077 0.3046 17.6859 3.8974 -2.7608 20.8643 6.6156 -1.6071
3 16 20.8643 6.6156 -1.6071 17.6859 3.8974 -2.7608 17.3584 5.8072 -4.956
3 16 17.3584 5.8072 -4.956 19.9655 8.1995 -4.0471 20.8643 6.6156 -1.6071
3 16 16.6053 6.2076 -6.2192 19.2105 8.71 -6.3693 17.3584 5.8072 -4.956
3 16 17.3584 5.8072 -4.956 19.2105 8.71 -6.3693 19.9655 8.1995 -4.0471
3 16 15.7351 6.1376 -7.2345 18.83 8.507 -7.8242 16.6053 6.2076 -6.2192
3 16 16.6053 6.2076 -6.2192 18.83 8.507 -7.8242 19.2105 8.71 -6.3693
3 16 10.3768 3.9773 -10.3994 10.0881 3.1192 -10.5125 9.2555 3.8997 -10.4305
3 16 9.2555 3.8997 -10.4305 10.0881 3.1192 -10.5125 8.6013 3.6491 -10.9132
3 16 -4.1604 3.0298 -14.1208 -5.9138 3.0819 -13.0474 -4.4209 3.7374 -12.2046
3 16 -4.4209 3.7374 -12.2046 -5.9138 3.0819 -13.0474 -6.4636 3.67 -11.273
3 16 -6.4636 3.67 -11.273 -5.9138 3.0819 -13.0474 -7.6768 3.121 -12.1671
3 16 -7.6768 3.121 -12.1671 -8.8114 3.1558 -11.6835 -6.4636 3.67 -11.273
3 16 -10.6139 4.7287 -9.6938 -8.2382 4.1926 -10.0312 -10.2923 3.5366 -10.7547
3 16 2.6392 4.2933 -13.5842 4.3309 3.6135 -13.4644 4.0188 3.5531 -13.9897
3 16 6.104 3.4749 -12.4206 5.6632 2.9672 -13.7498 4.9505 3.3556 -13.4612
3 16 7.2784 3.5595 -11.6201 7.5065 3.2488 -12.2657 6.104 3.4749 -12.4206
3 16 6.104 3.4749 -12.4206 7.5065 3.2488 -12.2657 5.6632 2.9672 -13.7498
3 16 7.2784 3.5595 -11.6201 8.2316 3.7313 -10.8291 8.2818 3.3403 -11.7356
3 16 8.2818 3.3403 -11.7356 8.2316 3.7313 -10.8291 8.6013 3.6491 -10.9132
3 16 8.3931 2.4872 -13.0892 6.251 2.3063 -14.3287 7.5065 3.2488 -12.2657
3 16 7.5065 3.2488 -12.2657 6.251 2.3063 -14.3287 5.6632 2.9672 -13.7498
3 16 7.5065 3.2488 -12.2657 8.2818 3.3403 -11.7356 8.3931 2.4872 -13.0892
3 16 8.3931 2.4872 -13.0892 8.2818 3.3403 -11.7356 9.1969 2.649 -12.541
3 16 10.3768 3.9773 -10.3994 10.6455 5.555 -8.7091 11.2729 3.93 -10.4476
3 16 11.2729 3.93 -10.4476 10.6455 5.555 -8.7091 12.104 5.3135 -9.2667
3 16 9.2555 3.8997 -10.4305 9.1 4.0365 -10.1633 10.3768 3.9773 -10.3994
3 16 9.1 4.0365 -10.1633 10.6455 5.555 -8.7091 10.3768 3.9773 -10.3994
3 16 17.0257 3.8367 -5.0555 15.8649 4.4782 -7.0974 16.6053 6.2076 -6.2192
3 16 16.6053 6.2076 -6.2192 15.8649 4.4782 -7.0974 15.7351 6.1376 -7.2345
3 16 16.7466 2.3233 -5.3231 15.9268 2.9495 -7.0648 17.0257 3.8367 -5.0555
3 16 17.0257 3.8367 -5.0555 15.9268 2.9495 -7.0648 15.8649 4.4782 -7.0974
3 16 17.0257 3.8367 -5.0555 16.6053 6.2076 -6.2192 17.3584 5.8072 -4.956
3 16 11.8945 -5.7299 -6.1319 12.704 -2.4371 -10.2493 13.0531 -3.4376 -5.6186
3 16 13.0531 -3.4376 -5.6186 12.704 -2.4371 -10.2493 13.3597 -1.3198 -9.5198
3 16 12.704 -2.4371 -10.2493 11.8945 -5.7299 -6.1319 11.9512 -3.7428 -10.9081
3 16 11.9512 -3.7428 -10.9081 11.8945 -5.7299 -6.1319 9.6494 -6.6817 -11.9685
3 16 9.6494 -6.6817 -11.9685 11.8945 -5.7299 -6.1319 9.5123 -8.5672 -6.445
3 16 2.2287 0.1188 -16.2589 3.3012 -0.4134 -16.0535 0.4462 -4.5858 -15.8563
3 16 4.0223 -2.4616 -15.6208 0.4462 -4.5858 -15.8563 3.3012 -0.4134 -16.0535
3 16 -3.5143 -4.7456 -14.7455 0.4325 -8.4876 -13.9882 -3.5571 -6.7459 -11.1786
3 16 -3.5571 -6.7459 -11.1786 0.4325 -8.4876 -13.9882 -0.6667 -8.9168 -10.8709
3 16 -5.4903 -2.0553 -14.9226 -3.1817 -2.5012 -15.6332 -4.6257 -4.1236 -14.6389
3 16 -4.6257 -4.1236 -14.6389 -3.1817 -2.5012 -15.6332 -3.5143 -4.7456 -14.7455
3 16 6.3358 -2.1699 -14.9681 5.5217 -4.1055 -14.6175 4.0223 -2.4616 -15.6208
3 16 4.0223 -2.4616 -15.6208 5.5217 -4.1055 -14.6175 4.3976 -4.7027 -14.6972
3 16 5.5217 -4.1055 -14.6175 5.0133 -6.5552 -10.5084 4.3976 -4.7027 -14.6972
3 16 2.6392 4.2933 -13.5842 4.0188 3.5531 -13.9897 2.8061 3.6275 -15.1354
3 16 2.8061 3.6275 -15.1354 4.0188 3.5531 -13.9897 3.9419 3.0729 -14.9605
3 16 4.1037 2.3124 -15.4986 2.9212 2.9244 -15.757 3.9419 3.0729 -14.9605
3 16 3.9419 3.0729 -14.9605 2.9212 2.9244 -15.757 2.8061 3.6275 -15.1354
3 16 2.9212 2.9244 -15.757 4.1037 2.3124 -15.4986 3.0571 1.9758 -15.9458
3 16 3.0571 1.9758 -15.9458 4.1037 2.3124 -15.4986 4.0765 1.427 -15.7489
3 16 -1.7391 4.3141 -13.5633 -3.4784 3.2278 -14.2998 -3.1244 3.7338 -13.4043
3 16 17.1933 0.9365 -0.8863 17.0257 3.8367 -5.0555 17.5289 2.3929 -1.6926
3 16 17.6859 3.8974 -2.7608 17.5289 2.3929 -1.6926 17.0257 3.8367 -5.0555
3 16 13.0227 6.9156 -8.4857 14.3715 6.4481 -8.3808 14.032 6.1396 -8.4157
3 16 14.3715 6.4481 -8.3808 15.3113 6.1981 -7.6838 14.032 6.1396 -8.4157
3 16 14.032 6.1396 -8.4157 15.3113 6.1981 -7.6838 15.3565 5.6844 -7.4965
3 16 5.0133 -6.5552 -10.5084 6.2869 -6.7598 -9.8483 6.1818 -7.9113 -9.7078
3 16 6.1818 -7.9113 -9.7078 3.5165 -10.1271 -9.3262 5.0133 -6.5552 -10.5084
3 16 5.0133 -6.5552 -10.5084 3.5165 -10.1271 -9.3262 1.2546 -8.9847 -10.6077
3 16 -3.2838 -9.2281 -10.0334 -3.5571 -6.7459 -11.1786 -0.6667 -8.9168 -10.8709
3 16 -5.7335 -6.7816 -10.1324 -4.5275 -6.4534 -10.8206 -3.2838 -9.2281 -10.0334
3 16 -4.5275 -6.4534 -10.8206 -3.5571 -6.7459 -11.1786 -3.2838 -9.2281 -10.0334
3 16 -6.9593 -7.6946 -9.0165 -5.7335 -6.7816 -10.1324 -5.1319 -9.8661 -8.7457
3 16 -5.1319 -9.8661 -8.7457 -5.7335 -6.7816 -10.1324 -3.2838 -9.2281 -10.0334
3 16 -9.4506 -8.5731 -2.496 -8.4177 -8.8416 -6.3286 -8.6358 -9.5303 -5.0375
3 16 -9.4506 -8.5731 -2.496 -8.9464 -10.1806 -2.8694 -9.4973 -9.5665 -1.3236
3 16 -9.4973 -9.5665 -1.3236 -8.9464 -10.1806 -2.8694 -9.0235 -10.4732 -1.6318
3 16 -9.4506 -8.5731 -2.496 -11.3803 -8.2634 -2.3157 -10.4406 -7.4738 -3.6514
3 16 -10.4406 -7.4738 -3.6514 -11.3803 -8.2634 -2.3157 -11.9228 -7.0348 -3.7026
3 16 -10.4406 -7.4738 -3.6514 -11.9228 -7.0348 -3.7026 -11.7496 -5.3234 -5.5465
3 16 -11.7496 -5.3234 -5.5465 -11.9228 -7.0348 -3.7026 -12.4848 -5.5782 -5.1129
3 16 -12.4848 -5.5782 -5.1129 -12.9632 -4.2777 -5.7822 -11.7496 -5.3234 -5.5465
3 16 -11.7496 -5.3234 -5.5465 -12.9632 -4.2777 -5.7822 -12.4049 -3.592 -6.245
3 16 -12.8376 -2.6866 -6.0073 -12.4049 -3.592 -6.245 -13.4035 -3.6532 -5.7216
3 16 -13.4035 -3.6532 -5.7216 -12.4049 -3.592 -6.245 -12.9632 -4.2777 -5.7822
3 16 -12.8376 -2.6866 -6.0073 -13.4035 -3.6532 -5.7216 -13.795 -2.2347 -4.9272
3 16 -13.795 -2.2347 -4.9272 -13.4035 -3.6532 -5.7216 -14.425 -3.3871 -4.6058
3 16 -13.795 -2.2347 -4.9272 -14.425 -3.3871 -4.6058 -14.8154 -2.344 -3.0968
3 16 -14.8154 -2.344 -3.0968 -14.425 -3.3871 -4.6058 -15.0154 -3.5351 -3.5963
3 16 -15.0154 -3.5351 -3.5963 -15.5272 -2.8264 -1.4364 -14.8154 -2.344 -3.0968
3 16 -14.8154 -2.344 -3.0968 -15.5272 -2.8264 -1.4364 -15.1803 -1.8745 -1.9156
3 16 -16.4521 3.925 -4.9735 -19.972 5.5483 -3.1835 -17.8845 5.017 -6.1176
3 16 -17.8845 5.017 -6.1176 -19.972 5.5483 -3.1835 -20.3706 6.1248 -4.2166
3 16 -16.2622 6.7345 -8.4442 -15.5688 5.1292 -6.5996 -17.8845 5.017 -6.1176
3 16 -17.8845 5.017 -6.1176 -15.5688 5.1292 -6.5996 -16.4521 3.925 -4.9735
3 16 14.693 -2.8198 -2.3578 15.0948 -2.7497 -1.8166 14.3407 -3.7689 -2.1041
3 16 14.3407 -3.7689 -2.1041 15.0948 -2.7497 -1.8166 14.7255 -4.4028 -1.1681
3 16 14.7255 -4.4028 -1.1681 15.0948 -2.7497 -1.8166 16.8982 -2.4766 0.7219
3 16 16.8982 -2.4766 0.7219 15.0948 -2.7497 -1.8166 16.4144 -0.8694 -0.4017
3 16 13.0227 6.9156 -8.4857 11.4767 7.5662 -7.7586 11.6752 8.4461 -8.9187
3 16 11.4767 7.5662 -7.7586 11.3142 8.202 -7.9303 11.6752 8.4461 -8.9187
3 16 13.0928 -6.0813 -4.5806 13.2585 -4.1445 -5.1009 14.0586 -4.8249 -1.7502
3 16 14.0586 -4.8249 -1.7502 13.2585 -4.1445 -5.1009 14.3407 -3.7689 -2.1041
3 16 13.0928 -6.0813 -4.5806 14.0586 -4.8249 -1.7502 13.3557 -7.558 -3.03
3 16 13.3557 -7.558 -3.03 14.0586 -4.8249 -1.7502 14.126 -5.6541 -1.1177
3 16 14.1378 -8.3123 -0.8177 14.5932 -6.4295 0.1186 14.6556 -8.6168 1.1829
3 16 14.6556 -8.6168 1.1829 14.5932 -6.4295 0.1186 15.0886 -6.8258 1.5748
3 16 14.7255 -4.4028 -1.1681 14.0586 -4.8249 -1.7502 14.3407 -3.7689 -2.1041
3 16 14.7255 -4.4028 -1.1681 14.126 -5.6541 -1.1177 14.0586 -4.8249 -1.7502
3 16 15.6394 -6.1982 1.8691 15.0886 -6.8258 1.5748 15.0929 -5.8002 0.3481
3 16 15.0929 -5.8002 0.3481 15.0886 -6.8258 1.5748 14.5932 -6.4295 0.1186
3 16 13.3557 -7.558 -3.03 14.126 -5.6541 -1.1177 14.1378 -8.3123 -0.8177
3 16 14.1378 -8.3123 -0.8177 14.126 -5.6541 -1.1177 14.5932 -6.4295 0.1186
3 16 14.7255 -4.4028 -1.1681 15.0929 -5.8002 0.3481 14.126 -5.6541 -1.1177
3 16 14.126 -5.6541 -1.1177 15.0929 -5.8002 0.3481 14.5932 -6.4295 0.1186
3 16 15.3642 -6.6955 2.0344 15.275 -7.2048 2.449 15.0886 -6.8258 1.5748
3 16 15.0886 -6.8258 1.5748 15.275 -7.2048 2.449 14.6556 -8.6168 1.1829
3 16 15.0929 -5.8002 0.3481 14.7255 -4.4028 -1.1681 17.1877 -3.6022 1.5132
3 16 17.1877 -3.6022 1.5132 14.7255 -4.4028 -1.1681 16.8982 -2.4766 0.7219
3 16 15.6394 -6.1982 1.8691 15.0929 -5.8002 0.3481 17.0569 -4.4776 2.0979
3 16 17.0569 -4.4776 2.0979 15.0929 -5.8002 0.3481 17.1877 -3.6022 1.5132
3 16 10.9719 -10.1861 -3.4947 10.0494 -9.4515 -5.1277 13.3557 -7.558 -3.03
3 16 13.3557 -7.558 -3.03 10.0494 -9.4515 -5.1277 13.0928 -6.0813 -4.5806
3 16 10.9719 -10.1861 -3.4947 13.3557 -7.558 -3.03 11.96 -10.651 -1.6586
3 16 11.96 -10.651 -1.6586 13.3557 -7.558 -3.03 14.1378 -8.3123 -0.8177
3 16 11.96 -10.651 -1.6586 14.1378 -8.3123 -0.8177 13.1265 -10.9833 0.4443
3 16 13.1265 -10.9833 0.4443 14.1378 -8.3123 -0.8177 14.6556 -8.6168 1.1829
3 16 13.1265 -10.9833 0.4443 14.6556 -8.6168 1.1829 13.6251 -11.4118 2.6093
3 16 13.6251 -11.4118 2.6093 14.6556 -8.6168 1.1829 15.0116 -8.8985 2.9471
3 16 10.1541 -10.4104 -3.4112 10.0494 -9.4515 -5.1277 10.9719 -10.1861 -3.4947
3 16 9.9223 -12.4115 1.9971 8.5479 -13.6943 1.23 10.0882 -11.33 -0.6021
3 16 10.0882 -11.33 -0.6021 8.5479 -13.6943 1.23 8.6148 -13.0298 -1.0998
3 16 8.6166 -11.6563 -4.6238 10.1541 -10.4104 -3.4112 8.6148 -13.0298 -1.0998
3 16 8.6148 -13.0298 -1.0998 10.1541 -10.4104 -3.4112 10.0882 -11.33 -0.6021
3 16 8.6166 -11.6563 -4.6238 10.0494 -9.4515 -5.1277 10.1541 -10.4104 -3.4112
3 16 3.4841 -13.1686 -0.7258 3.3833 -12.094 -3.4708 6.5187 -14.0043 -1.2848
3 16 6.5187 -14.0043 -1.2848 3.3833 -12.094 -3.4708 6.5134 -12.7626 -4.5032
3 16 3.3833 -12.094 -3.4708 2.8808 -11.2416 -5.4962 6.5134 -12.7626 -4.5032
3 16 6.5134 -12.7626 -4.5032 2.8808 -11.2416 -5.4962 5.9335 -11.6857 -6.9302
3 16 2.2033 -10.9127 -6.3638 4.8629 -10.882 -8.2657 2.8808 -11.2416 -5.4962
3 16 2.8808 -11.2416 -5.4962 4.8629 -10.882 -8.2657 5.9335 -11.6857 -6.9302
3 16 1.2156 -10.5675 -7.1838 3.5165 -10.1271 -9.3262 2.2033 -10.9127 -6.3638
3 16 2.2033 -10.9127 -6.3638 3.5165 -10.1271 -9.3262 4.8629 -10.882 -8.2657
3 16 21.4689 8.004 0.1462 20.8643 6.6156 -1.6071 20.8722 10.0477 -2.6885
3 16 20.8722 10.0477 -2.6885 20.8643 6.6156 -1.6071 19.9655 8.1995 -4.0471
3 16 20.8722 10.0477 -2.6885 19.9655 8.1995 -4.0471 20.3367 11.3728 -5.6622
3 16 20.3367 11.3728 -5.6622 19.9655 8.1995 -4.0471 19.2105 8.71 -6.3693
3 16 21.8502 5.5762 2.3197 21.4571 4.4077 0.3046 21.4689 8.004 0.1462
3 16 21.4689 8.004 0.1462 21.4571 4.4077 0.3046 20.8643 6.6156 -1.6071
3 16 21.4571 4.4077 0.3046 21.8502 5.5762 2.3197 21.0272 1.1429 1.391
3 16 21.0272 1.1429 1.391 21.8502 5.5762 2.3197 21.7331 1.3707 4.066
3 16 19.7029 -1.8227 1.8631 21.0272 1.1429 1.391 20.4001 -1.8629 4.457
3 16 20.4001 -1.8629 4.457 21.0272 1.1429 1.391 21.7331 1.3707 4.066
3 16 17.6768 0.363 6.7978 17.4637 -2.284 6.7049 20.4001 -1.8629 4.457
3 16 20.4001 -1.8629 4.457 17.4637 -2.284 6.7049 18.7149 -3.9268 4.7363
3 16 18.06 3.5165 6.5231 17.6768 0.363 6.7978 21.7331 1.3707 4.066
3 16 21.7331 1.3707 4.066 17.6768 0.363 6.7978 20.4001 -1.8629 4.457
3 16 18.7494 7.4242 5.0183 18.06 3.5165 6.5231 21.8502 5.5762 2.3197
3 16 21.8502 5.5762 2.3197 18.06 3.5165 6.5231 21.7331 1.3707 4.066
3 16 21.4689 8.004 0.1462 19.3136 9.8812 2.63 21.8502 5.5762 2.3197
3 16 21.8502 5.5762 2.3197 19.3136 9.8812 2.63 18.7494 7.4242 5.0183
3 16 -8.6358 -9.5303 -5.0375 -8.4177 -8.8416 -6.3286 -6.7879 -11.487 -5.1289
3 16 -6.7879 -11.487 -5.1289 -8.4177 -8.8416 -6.3286 -6.1338 -10.5771 -7.2641
3 16 6.324 -14.7425 1.4748 6.3135 -14.9745 3.3168 3.6013 -14.3169 1.9246
3 16 3.6013 -14.3169 1.9246 6.3135 -14.9745 3.3168 3.8621 -15.2365 3.6544
3 16 3.5165 -10.1271 -9.3262 6.1818 -7.9113 -9.7078 4.8629 -10.882 -8.2657
3 16 4.8629 -10.882 -8.2657 6.1818 -7.9113 -9.7078 7.1552 -8.8631 -8.7706
3 16 4.8629 -10.882 -8.2657 7.1552 -8.8631 -8.7706 5.9335 -11.6857 -6.9302
3 16 5.9335 -11.6857 -6.9302 7.1552 -8.8631 -8.7706 8.2321 -10.2834 -6.942
3 16 8.2321 -10.2834 -6.942 8.6166 -11.6563 -4.6238 5.9335 -11.6857 -6.9302
3 16 5.9335 -11.6857 -6.9302 8.6166 -11.6563 -4.6238 6.5134 -12.7626 -4.5032
3 16 8.6166 -11.6563 -4.6238 8.6148 -13.0298 -1.0998 6.5134 -12.7626 -4.5032
3 16 6.5134 -12.7626 -4.5032 8.6148 -13.0298 -1.0998 6.5187 -14.0043 -1.2848
3 16 -9.0235 -10.4732 -1.6318 -9.1597 -11.1401 0.2476 -9.395 -10.5427 -0.2518
3 16 -7.0135 -12.685 -1.7411 -8.9464 -10.1806 -2.8694 -6.7879 -11.487 -5.1289
3 16 -6.7879 -11.487 -5.1289 -8.9464 -10.1806 -2.8694 -8.6358 -9.5303 -5.0375
3 16 -7.0135 -12.685 -1.7411 -9.0235 -10.4732 -1.6318 -8.9464 -10.1806 -2.8694
3 16 -9.4973 -9.5665 -1.3236 -9.0235 -10.4732 -1.6318 -9.395 -10.5427 -0.2518
3 16 -9.4973 -9.5665 -1.3236 -9.395 -10.5427 -0.2518 -11.0634 -9.3089 -1.134
3 16 -11.0634 -9.3089 -1.134 -9.395 -10.5427 -0.2518 -10.947 -10.865 0.3347
3 16 -10.947 -10.865 0.3347 -9.395 -10.5427 -0.2518 -9.7868 -11.6308 0.726
3 16 -9.7868 -11.6308 0.726 -9.395 -10.5427 -0.2518 -9.1597 -11.1401 0.2476
3 16 7.1552 -8.8631 -8.7706 6.1818 -7.9113 -9.7078 7.6989 -7.6576 -8.8105
3 16 7.6989 -7.6576 -8.8105 6.1818 -7.9113 -9.7078 6.2869 -6.7598 -9.8483
3 16 -6.7879 -11.487 -5.1289 -4.417 -11.8587 -3.9073 -7.0135 -12.685 -1.7411
3 16 -7.0135 -12.685 -1.7411 -4.417 -11.8587 -3.9073 -4.7484 -12.8542 -1.173
3 16 -5.9413 -14.5569 5.5088 -6.0976 -14.0591 3.5382 -4.4369 -14.6849 4.6811
3 16 -4.4369 -14.6849 4.6811 -6.0976 -14.0591 3.5382 -4.5216 -14.3456 3.6063
3 16 -1.6427 -10.3363 -7.403 -2.9128 -10.6738 -6.6113 -3.2838 -9.2281 -10.0334
3 16 -3.2838 -9.2281 -10.0334 -2.9128 -10.6738 -6.6113 -5.1319 -9.8661 -8.7457
3 16 -5.1319 -9.8661 -8.7457 -6.1338 -10.5771 -7.2641 -6.9593 -7.6946 -9.0165
3 16 -6.9593 -7.6946 -9.0165 -6.1338 -10.5771 -7.2641 -8.4177 -8.8416 -6.3286
3 16 14.2201 14.1837 -16.3003 15.8485 14.391 -16.2903 14.3854 12.2676 -14.5065
3 16 14.3854 12.2676 -14.5065 15.8485 14.391 -16.2903 16.8661 13.0726 -14.7395
3 16 17.6254 15.8538 -9.5911 18.7499 14.2845 -11.6951 16.33 16.7299 -12.478
3 16 16.33 16.7299 -12.478 18.7499 14.2845 -11.6951 17.8919 14.9235 -13.4378
3 16 14.9713 17.2246 -14.5287 16.33 16.7299 -12.478 16.6573 15.6176 -15.7044
3 16 16.6573 15.6176 -15.7044 16.33 16.7299 -12.478 17.8919 14.9235 -13.4378
3 16 15.8485 14.391 -16.2903 16.6573 15.6176 -15.7044 16.8661 13.0726 -14.7395
3 16 16.8661 13.0726 -14.7395 16.6573 15.6176 -15.7044 17.8919 14.9235 -13.4378
3 16 19.7029 -1.8227 1.8631 17.0569 -4.4776 2.0979 17.1877 -3.6022 1.5132
3 16 19.7029 -1.8227 1.8631 16.8982 -2.4766 0.7219 17.1933 0.9365 -0.8863
3 16 17.1933 0.9365 -0.8863 16.8982 -2.4766 0.7219 16.4144 -0.8694 -0.4017
3 16 12.136 9.8043 -11.0423 11.9413 11.0056 -11.923 14.6505 9.8349 -12.2633
3 16 14.6505 9.8349 -12.2633 11.9413 11.0056 -11.923 14.5839 11.1056 -13.3387
3 16 11.9413 11.0056 -11.923 11.9251 12.1533 -13.0048 14.5839 11.1056 -13.3387
3 16 14.5839 11.1056 -13.3387 11.9251 12.1533 -13.0048 14.3854 12.2676 -14.5065
3 16 14.2201 14.1837 -16.3003 14.3854 12.2676 -14.5065 12.667 14.2891 -15.8319
3 16 12.667 14.2891 -15.8319 14.3854 12.2676 -14.5065 11.9251 12.1533 -13.0048
3 16 11.8945 -5.7299 -6.1319 10.0494 -9.4515 -5.1277 9.5123 -8.5672 -6.445
3 16 14.6556 -8.6168 1.1829 15.275 -7.2048 2.449 15.0116 -8.8985 2.9471
3 16 15.0116 -8.8985 2.9471 15.275 -7.2048 2.449 15.378 -7.9563 3.3058
3 16 13.3602 -2.9455 -5.2967 13.2585 -4.1445 -5.1009 13.0531 -3.4376 -5.6186
3 16 13.0531 -3.4376 -5.6186 13.2585 -4.1445 -5.1009 11.8945 -5.7299 -6.1319
3 16 13.3602 -2.9455 -5.2967 14.693 -2.8198 -2.3578 13.2585 -4.1445 -5.1009
3 16 13.2585 -4.1445 -5.1009 14.693 -2.8198 -2.3578 14.3407 -3.7689 -2.1041
3 16 9.5123 -8.5672 -6.445 8.2321 -10.2834 -6.942 7.6989 -7.6576 -8.8105
3 16 7.6989 -7.6576 -8.8105 8.2321 -10.2834 -6.942 7.1552 -8.8631 -8.7706
3 16 -0.1378 -14.2896 -0.2878 1.683 -14.2939 -0.4489 -0.0086 -15.1417 1.9032
3 16 -0.0086 -15.1417 1.9032 1.683 -14.2939 -0.4489 1.9019 -15.1842 2.0456
3 16 -0.1378 -14.2896 -0.2878 -0.2349 -13.8159 -2.9956 1.683 -14.2939 -0.4489
3 16 1.683 -14.2939 -0.4489 -0.2349 -13.8159 -2.9956 1.5531 -13.6453 -3.1199
3 16 -0.2349 -13.8159 -2.9956 -0.2597 -13.2838 -4.9263 1.5531 -13.6453 -3.1199
3 16 1.5531 -13.6453 -3.1199 -0.2597 -13.2838 -4.9263 1.3004 -12.9466 -5.0363
3 16 -14.0285 7.0322 -7.9208 -14.473 7.1684 -7.9683 -13.7622 7.891 -8.1973
3 16 -13.7622 7.891 -8.1973 -14.473 7.1684 -7.9683 -14.3468 8.0196 -8.3006
3 16 -13.3091 6.0554 -8.4204 -13.3301 7.7684 -8.3738 -11.5791 6.6289 -8.6245
3 16 -11.5791 6.6289 -8.6245 -13.3301 7.7684 -8.3738 -12.1288 9.085 -8.0968
3 16 -13.3091 6.0554 -8.4204 -14.3385 5.5521 -7.5225 -14.0285 7.0322 -7.9208
3 16 -14.0285 7.0322 -7.9208 -14.3385 5.5521 -7.5225 -14.6703 6.1126 -7.5056
3 16 -13.3091 6.0554 -8.4204 -14.0285 7.0322 -7.9208 -13.3301 7.7684 -8.3738
3 16 -13.3301 7.7684 -8.3738 -14.0285 7.0322 -7.9208 -13.7622 7.891 -8.1973
3 16 -13.8443 12.3477 -9.3165 -13.3726 10.9539 -8.4663 -13.9246 11.6458 -8.8017
3 16 -13.9246 11.6458 -8.8017 -13.3726 10.9539 -8.4663 -13.7418 11.1498 -8.5887
3 16 -14.293 12.0487 -9.0348 -13.8443 12.3477 -9.3165 -13.9246 11.6458 -8.8017
3 16 -14.293 12.0487 -9.0348 -13.9246 11.6458 -8.8017 -14.4568 11.1594 -9.2568
3 16 -14.4568 11.1594 -9.2568 -13.9246 11.6458 -8.8017 -13.7418 11.1498 -8.5887
3 16 -13.8239 9.2532 -8.3159 -13.6912 10.6904 -8.4371 -13.4565 9.1778 -8.3786
3 16 -13.4565 9.1778 -8.3786 -13.6912 10.6904 -8.4371 -13.3726 10.9539 -8.4663
3 16 -13.8239 9.2532 -8.3159 -13.7622 7.891 -8.1973 -14.8856 8.7572 -8.6642
3 16 -13.8239 9.2532 -8.3159 -13.4565 9.1778 -8.3786 -13.7622 7.891 -8.1973
3 16 -13.7622 7.891 -8.1973 -13.4565 9.1778 -8.3786 -13.3301 7.7684 -8.3738
3 16 -13.7418 11.1498 -8.5887 -13.3726 10.9539 -8.4663 -13.6912 10.6904 -8.4371
3 16 -13.7418 11.1498 -8.5887 -13.6912 10.6904 -8.4371 -14.4568 11.1594 -9.2568
3 16 -12.3669 11.332 -7.9923 -12.1288 9.085 -8.0968 -13.3726 10.9539 -8.4663
3 16 -13.3726 10.9539 -8.4663 -12.1288 9.085 -8.0968 -13.4565 9.1778 -8.3786
3 16 -12.1288 9.085 -8.0968 -13.3301 7.7684 -8.3738 -13.4565 9.1778 -8.3786
3 16 -1.1349 -12.3973 -6.0137 -1.6427 -10.3363 -7.403 -0.2116 -12.3459 -6.2405
3 16 -0.2116 -12.3459 -6.2405 -1.6427 -10.3363 -7.403 -0.1819 -10.3161 -7.6656
3 16 -1.7413 -12.3945 -5.7132 -2.9128 -10.6738 -6.6113 -1.1349 -12.3973 -6.0137
3 16 -1.1349 -12.3973 -6.0137 -2.9128 -10.6738 -6.6113 -1.6427 -10.3363 -7.403
3 16 0.5097 -12.4884 -6.0206 -0.2116 -12.3459 -6.2405 1.2156 -10.5675 -7.1838
3 16 1.2156 -10.5675 -7.1838 -0.2116 -12.3459 -6.2405 -0.1819 -10.3161 -7.6656
3 16 2.2033 -10.9127 -6.3638 0.5097 -12.4884 -6.0206 1.2156 -10.5675 -7.1838
3 16 1.5531 -13.6453 -3.1199 1.3004 -12.9466 -5.0363 3.3833 -12.094 -3.4708
3 16 3.3833 -12.094 -3.4708 1.3004 -12.9466 -5.0363 2.8808 -11.2416 -5.4962
3 16 -2.0606 -14.1054 -0.4443 -4.7484 -12.8542 -1.173 -2.0254 -13.5349 -3.0726
3 16 -2.0254 -13.5349 -3.0726 -4.7484 -12.8542 -1.173 -4.417 -11.8587 -3.9073
3 16 -0.2597 -13.2838 -4.9263 0.5097 -12.4884 -6.0206 1.3004 -12.9466 -5.0363
3 16 -0.2597 -13.2838 -4.9263 -1.1349 -12.3973 -6.0137 -0.2116 -12.3459 -6.2405
3 16 1.683 -14.2939 -0.4489 1.5531 -13.6453 -3.1199 3.4841 -13.1686 -0.7258
3 16 3.4841 -13.1686 -0.7258 1.5531 -13.6453 -3.1199 3.3833 -12.094 -3.4708
3 16 8.6148 -13.0298 -1.0998 8.5479 -13.6943 1.23 6.5187 -14.0043 -1.2848
3 16 6.5187 -14.0043 -1.2848 8.5479 -13.6943 1.23 6.324 -14.7425 1.4748
3 16 1.9019 -15.1842 2.0456 1.683 -14.2939 -0.4489 3.6013 -14.3169 1.9246
3 16 3.6013 -14.3169 1.9246 1.683 -14.2939 -0.4489 3.4841 -13.1686 -0.7258
3 16 -2.0254 -13.5349 -3.0726 -0.2349 -13.8159 -2.9956 -2.0606 -14.1054 -0.4443
3 16 -2.0606 -14.1054 -0.4443 -0.2349 -13.8159 -2.9956 -0.1378 -14.2896 -0.2878
3 16 -1.8924 -12.884 -4.9332 -0.2597 -13.2838 -4.9263 -2.0254 -13.5349 -3.0726
3 16 -2.0254 -13.5349 -3.0726 -0.2597 -13.2838 -4.9263 -0.2349 -13.8159 -2.9956
3 16 -1.7413 -12.3945 -5.7132 -1.1349 -12.3973 -6.0137 -1.8924 -12.884 -4.9332
3 16 -1.8924 -12.884 -4.9332 -1.1349 -12.3973 -6.0137 -0.2597 -13.2838 -4.9263
3 16 -0.2597 -13.2838 -4.9263 -0.2116 -12.3459 -6.2405 0.5097 -12.4884 -6.0206
3 16 -3.6144 -11.08 -5.7247 -6.1338 -10.5771 -7.2641 -2.9128 -10.6738 -6.6113
3 16 -2.9128 -10.6738 -6.6113 -6.1338 -10.5771 -7.2641 -5.1319 -9.8661 -8.7457
3 16 -1.8924 -12.884 -4.9332 -3.6144 -11.08 -5.7247 -1.7413 -12.3945 -5.7132
3 16 -1.7413 -12.3945 -5.7132 -3.6144 -11.08 -5.7247 -2.9128 -10.6738 -6.6113
3 16 -4.417 -11.8587 -3.9073 -6.7879 -11.487 -5.1289 -3.6144 -11.08 -5.7247
3 16 -3.6144 -11.08 -5.7247 -6.7879 -11.487 -5.1289 -6.1338 -10.5771 -7.2641
3 16 -2.0254 -13.5349 -3.0726 -4.417 -11.8587 -3.9073 -1.8924 -12.884 -4.9332
3 16 -1.8924 -12.884 -4.9332 -4.417 -11.8587 -3.9073 -3.6144 -11.08 -5.7247
3 16 -4.6222 -13.7635 1.6705 -6.4343 -13.6077 1.5893 -4.7484 -12.8542 -1.173
3 16 -4.7484 -12.8542 -1.173 -6.4343 -13.6077 1.5893 -7.0135 -12.685 -1.7411
3 16 -2.0408 -15.3149 2.4077 -4.6222 -13.7635 1.6705 -2.0606 -14.1054 -0.4443
3 16 -2.0606 -14.1054 -0.4443 -4.6222 -13.7635 1.6705 -4.7484 -12.8542 -1.173
3 16 -0.1378 -14.2896 -0.2878 -0.0086 -15.1417 1.9032 -2.0606 -14.1054 -0.4443
3 16 -2.0606 -14.1054 -0.4443 -0.0086 -15.1417 1.9032 -2.0408 -15.3149 2.4077
3 16 3.6013 -14.3169 1.9246 3.4841 -13.1686 -0.7258 6.324 -14.7425 1.4748
3 16 6.324 -14.7425 1.4748 3.4841 -13.1686 -0.7258 6.5187 -14.0043 -1.2848
3 16 -10.947 -10.865 0.3347 -11.9252 -10.389 0.1011 -11.0634 -9.3089 -1.134
3 16 -11.0634 -9.3089 -1.134 -11.9252 -10.389 0.1011 -13.0342 -8.7735 -0.9265
3 16 -13.45 -7.53 -2.3005 -11.3803 -8.2634 -2.3157 -13.0342 -8.7735 -0.9265
3 16 -13.0342 -8.7735 -0.9265 -11.3803 -8.2634 -2.3157 -11.0634 -9.3089 -1.134
3 16 -11.3803 -8.2634 -2.3157 -13.45 -7.53 -2.3005 -11.9228 -7.0348 -3.7026
3 16 -11.9228 -7.0348 -3.7026 -13.45 -7.53 -2.3005 -13.7873 -5.794 -4.1554
3 16 -13.6515 -4.32 -5.3079 -12.4848 -5.5782 -5.1129 -13.7873 -5.794 -4.1554
3 16 -13.7873 -5.794 -4.1554 -12.4848 -5.5782 -5.1129 -11.9228 -7.0348 -3.7026
3 16 -12.4848 -5.5782 -5.1129 -13.6515 -4.32 -5.3079 -12.9632 -4.2777 -5.7822
3 16 -12.9632 -4.2777 -5.7822 -13.6515 -4.32 -5.3079 -13.4035 -3.6532 -5.7216
3 16 -15.6716 -5.6955 0.9902 -15.7985 -4.0833 -0.6627 -14.7687 -6.9825 -1.2468
3 16 -14.7687 -6.9825 -1.2468 -15.7985 -4.0833 -0.6627 -15.2065 -5.3619 -2.6398
3 16 -14.6158 -4.0134 -4.265 -14.425 -3.3871 -4.6058 -13.6515 -4.32 -5.3079
3 16 -13.6515 -4.32 -5.3079 -14.425 -3.3871 -4.6058 -13.4035 -3.6532 -5.7216
3 16 -15.1922 -4.193 -3.2546 -15.0154 -3.5351 -3.5963 -14.6158 -4.0134 -4.265
3 16 -14.6158 -4.0134 -4.265 -15.0154 -3.5351 -3.5963 -14.425 -3.3871 -4.6058
3 16 -15.0154 -3.5351 -3.5963 -15.1922 -4.193 -3.2546 -15.5272 -2.8264 -1.4364
3 16 -15.5272 -2.8264 -1.4364 -15.1922 -4.193 -3.2546 -15.7985 -4.0833 -0.6627
3 16 -15.7985 -4.0833 -0.6627 -15.1922 -4.193 -3.2546 -15.2065 -5.3619 -2.6398
3 16 -9.0235 -10.4732 -1.6318 -7.0135 -12.685 -1.7411 -9.1597 -11.1401 0.2476
3 16 -9.1597 -11.1401 0.2476 -7.0135 -12.685 -1.7411 -8.1894 -12.4732 1.3415
3 16 -14.6158 -4.0134 -4.265 -13.6515 -4.32 -5.3079 -13.7873 -5.794 -4.1554
3 16 -13.7873 -5.794 -4.1554 -13.45 -7.53 -2.3005 -15.2065 -5.3619 -2.6398
3 16 -15.2065 -5.3619 -2.6398 -13.45 -7.53 -2.3005 -14.7687 -6.9825 -1.2468
3 16 -15.2836 -6.9736 2.5591 -15.6716 -5.6955 0.9902 -14.1654 -8.35 0.1233
3 16 -14.1654 -8.35 0.1233 -15.6716 -5.6955 0.9902 -14.7687 -6.9825 -1.2468
3 16 -15.6716 -5.6955 0.9902 -15.2836 -6.9736 2.5591 -18.687 -5.0268 2.8765
3 16 -18.687 -5.0268 2.8765 -15.2836 -6.9736 2.5591 -17.5201 -6.4361 4.4755
3 16 17.5159 10.015 -11.4833 17.6094 10.9037 -12.1487 18.0698 10.7493 -10.9011
3 16 17.6094 10.9037 -12.1487 17.8548 11.6178 -12.5132 18.0698 10.7493 -10.9011
3 16 17.8548 11.6178 -12.5132 18.3439 11.7159 -11.8248 18.0698 10.7493 -10.9011
3 16 18.0698 10.7493 -10.9011 18.3439 11.7159 -11.8248 18.7491 11.2444 -10.712
3 16 18.7491 11.2444 -10.712 18.9283 10.3183 -9.9295 18.0698 10.7493 -10.9011
3 16 18.0698 10.7493 -10.9011 18.6718 9.4119 -9.8158 18.0935 9.5171 -10.4938
3 16 18.9283 10.3183 -9.9295 18.6718 9.4119 -9.8158 18.0698 10.7493 -10.9011
3 16 18.0935 9.5171 -10.4938 17.5159 10.015 -11.4833 18.0698 10.7493 -10.9011
3 16 -15.7393 8.1139 -8.1395 -15.0076 6.6886 -7.9855 -16.0959 7.0455 -8.549
3 16 -14.473 7.1684 -7.9683 -15.0076 6.6886 -7.9855 -15.7393 8.1139 -8.1395
3 16 -14.473 7.1684 -7.9683 -15.7393 8.1139 -8.1395 -14.3468 8.0196 -8.3006
3 16 -14.8856 8.7572 -8.6642 -14.3468 8.0196 -8.3006 -15.7393 8.1139 -8.1395
3 16 -15.9015 9.1913 -9.2295 -14.8856 8.7572 -8.6642 -15.7393 8.1139 -8.1395
3 16 -17.1045 8.621 -9.5458 -15.9015 9.1913 -9.2295 -15.7393 8.1139 -8.1395
3 16 -16.806 7.7196 -9.0644 -15.7393 8.1139 -8.1395 -16.0959 7.0455 -8.549
3 16 -17.1045 8.621 -9.5458 -15.7393 8.1139 -8.1395 -16.806 7.7196 -9.0644
3 16 11.4452 10.7039 -9.9799 11.4036 11.017 -10.4474 11.7048 10.4602 -10.2133
3 16 11.7048 10.4602 -10.2133 11.4036 11.017 -10.4474 11.5019 11.1263 -10.8502
3 16 11.7048 10.4602 -10.2133 11.5019 11.1263 -10.8502 11.8643 10.1682 -10.5002
3 16 11.8643 10.1682 -10.5002 11.5019 11.1263 -10.8502 11.6479 11.1663 -11.2846
3 16 11.7048 10.4602 -10.2133 11.8643 10.1682 -10.5002 11.6995 10.0464 -9.7728
3 16 11.6995 10.0464 -9.7728 11.8643 10.1682 -10.5002 11.8041 9.6532 -9.8316
3 16 11.4628 10.2575 -9.5117 11.4452 10.7039 -9.9799 11.6995 10.0464 -9.7728
3 16 11.6995 10.0464 -9.7728 11.4452 10.7039 -9.9799 11.7048 10.4602 -10.2133
3 16 11.8041 9.6532 -9.8316 11.5944 9.6355 -9.3886 11.6995 10.0464 -9.7728
3 16 11.6995 10.0464 -9.7728 11.5944 9.6355 -9.3886 11.4628 10.2575 -9.5117
3 16 11.1058 8.7504 -8.0358 12.0341 8.8516 -9.9819 11.6752 8.4461 -8.9187
3 16 11.5944 9.6355 -9.3886 11.1058 8.7504 -8.0358 11.4628 10.2575 -9.5117
3 16 11.4628 10.2575 -9.5117 11.1058 8.7504 -8.0358 10.5909 11.9289 -8.7849
3 16 11.4452 10.7039 -9.9799 11.4628 10.2575 -9.5117 10.5909 11.9289 -8.7849
3 16 11.8643 10.1682 -10.5002 12.136 9.8043 -11.0423 11.8041 9.6532 -9.8316
3 16 11.8041 9.6532 -9.8316 12.136 9.8043 -11.0423 12.0341 8.8516 -9.9819
3 16 11.8643 10.1682 -10.5002 11.6479 11.1663 -11.2846 12.136 9.8043 -11.0423
3 16 12.136 9.8043 -11.0423 11.6479 11.1663 -11.2846 11.9413 11.0056 -11.923
3 16 12.9173 28.4274 -17.6089 13.9116 26.7966 -17.6166 13.4076 27.0821 -18.3364
3 16 13.4076 27.0821 -18.3364 12.7744 27.8876 -18.7882 12.9173 28.4274 -17.6089
3 16 12.9173 28.4274 -17.6089 12.7744 27.8876 -18.7882 12.6022 29.4401 -18.7129
3 16 12.9173 28.4274 -17.6089 12.6022 29.4401 -18.7129 12.7843 30.2025 -18.1513
3 16 12.7843 30.2025 -18.1513 13.3034 29.945 -17.294 12.9173 28.4274 -17.6089
3 16 13.3034 29.945 -17.294 13.7163 28.9499 -16.7965 12.9173 28.4274 -17.6089
3 16 13.7163 28.9499 -16.7965 13.9862 27.8862 -16.7594 12.9173 28.4274 -17.6089
3 16 12.9173 28.4274 -17.6089 13.9862 27.8862 -16.7594 13.9116 26.7966 -17.6166
3 16 6.1217 27.5917 -17.9919 6.0546 29.0118 -18.6362 6.3754 28.1862 -18.9499
3 16 5.8199 29.2729 -18.3509 6.0546 29.0118 -18.6362 6.1217 27.5917 -17.9919
3 16 5.8199 29.2729 -18.3509 6.1217 27.5917 -17.9919 5.5742 29.0697 -17.9765
3 16 6.1217 27.5917 -17.9919 5.4352 28.4507 -17.5273 5.5742 29.0697 -17.9765
3 16 6.1217 27.5917 -17.9919 5.5118 27.0091 -17.3229 5.4352 28.4507 -17.5273
3 16 6.1217 27.5917 -17.9919 5.826 25.8651 -18.0052 5.6611 26.0962 -17.696
3 16 6.0352 26.0564 -18.3385 5.826 25.8651 -18.0052 6.1217 27.5917 -17.9919
3 16 6.3754 28.1862 -18.9499 6.4436 26.9024 -18.918 6.1217 27.5917 -17.9919
3 16 -6.4188 27.3321 -18.065 -6.839 27.4815 -18.59 -7.1425 29.0844 -18.0425
3 16 -6.0902 27.733 -17.7347 -6.4188 27.3321 -18.065 -7.1425 29.0844 -18.0425
3 16 -7.1425 29.0844 -18.0425 -6.0735 28.9159 -17.5206 -6.0902 27.733 -17.7347
3 16 -6.8462 30.8486 -18.1116 -6.4267 30.2208 -17.7086 -7.1425 29.0844 -18.0425
3 16 -7.2956 31.0151 -18.5409 -6.8462 30.8486 -18.1116 -7.1425 29.0844 -18.0425
3 16 -7.1425 29.0844 -18.0425 -7.5224 30.5348 -18.855 -7.2956 31.0151 -18.5409
3 16 -7.1425 29.0844 -18.0425 -7.6488 29.6067 -19.1237 -7.5224 30.5348 -18.855
3 16 -7.3031 28.058 -19.0478 -7.1425 29.0844 -18.0425 -6.839 27.4815 -18.59
3 16 -13.5299 29.8186 -18.3848 -13.3201 29.1915 -18.6542 -13.5475 28.6426 -17.5321
3 16 -13.6077 26.9088 -17.8558 -13.5475 28.6426 -17.5321 -13.2119 27.717 -18.623
3 16 -13.6077 26.9088 -17.8558 -13.8315 26.8178 -17.3828 -13.5475 28.6426 -17.5321
3 16 -13.8315 26.8178 -17.3828 -14.0362 27.1657 -16.9912 -13.5475 28.6426 -17.5321
3 16 -14.0362 27.1657 -16.9912 -14.309 28.0993 -16.5444 -13.5475 28.6426 -17.5321
3 16 -13.5475 28.6426 -17.5321 -14.2771 29.4795 -16.8117 -13.9989 30.3019 -17.5253
3 16 -13.9989 30.3019 -17.5253 -13.7879 30.4883 -17.9834 -13.5475 28.6426 -17.5321
3 16 -13.5475 28.6426 -17.5321 -13.7879 30.4883 -17.9834 -13.5299 29.8186 -18.3848
3 16 -20.2679 7.0969 -3.84 -20.9225 8.0073 -4.2292 -21.0398 7.749 -5.0023
3 16 -20.5641 7.7486 -3.3782 -20.9225 8.0073 -4.2292 -20.2679 7.0969 -3.84
3 16 -20.2679 7.0969 -3.84 -20.1107 7.1099 -2.7139 -20.5641 7.7486 -3.3782
3 16 -20.2679 7.0969 -3.84 -19.6773 5.8858 -2.1972 -20.1107 7.1099 -2.7139
3 16 -20.2679 7.0969 -3.84 -19.9701 5.8739 -3.1698 -19.6773 5.8858 -2.1972
3 16 -20.3461 6.3522 -4.1074 -19.9701 5.8739 -3.1698 -20.2679 7.0969 -3.84
3 16 -20.7194 6.9242 -4.7645 -20.3461 6.3522 -4.1074 -20.2679 7.0969 -3.84
3 16 -20.2679 7.0969 -3.84 -21.0398 7.749 -5.0023 -20.7194 6.9242 -4.7645
3 16 17.5159 10.015 -11.4833 18.0935 9.5171 -10.4938 17.1992 9.6097 -11.5646
3 16 17.1992 9.6097 -11.5646 18.0935 9.5171 -10.4938 17.9671 8.9648 -10.3656
3 16 17.6094 10.9037 -12.1487 17.5159 10.015 -11.4833 17.3261 10.8439 -12.5242
3 16 17.3261 10.8439 -12.5242 17.5159 10.015 -11.4833 17.1992 9.6097 -11.5646
3 16 17.8548 11.6178 -12.5132 17.6094 10.9037 -12.1487 17.3261 10.8439 -12.5242
3 16 20.014 12.5339 -7.1735 18.83 8.507 -7.8242 18.9283 10.3183 -9.9295
3 16 18.9283 10.3183 -9.9295 18.83 8.507 -7.8242 18.8205 8.8482 -9.1139
3 16 18.0935 9.5171 -10.4938 18.6718 9.4119 -9.8158 17.9671 8.9648 -10.3656
3 16 17.9671 8.9648 -10.3656 18.6718 9.4119 -9.8158 18.8205 8.8482 -9.1139
3 16 18.8205 8.8482 -9.1139 18.83 8.507 -7.8242 15.3113 6.1981 -7.6838
3 16 15.3113 6.1981 -7.6838 18.83 8.507 -7.8242 15.7351 6.1376 -7.2345
3 16 14.6992 8.5061 -10.9737 14.3715 6.4481 -8.3808 13.0227 6.9156 -8.4857
3 16 14.6992 8.5061 -10.9737 13.0227 6.9156 -8.4857 12.0341 8.8516 -9.9819
3 16 12.0341 8.8516 -9.9819 13.0227 6.9156 -8.4857 11.6752 8.4461 -8.9187
3 16 12.0341 8.8516 -9.9819 12.136 9.8043 -11.0423 14.6992 8.5061 -10.9737
3 16 14.6992 8.5061 -10.9737 12.136 9.8043 -11.0423 14.6505 9.8349 -12.2633
3 16 11.1058 8.7504 -8.0358 11.6752 8.4461 -8.9187 11.3142 8.202 -7.9303
3 16 10.9763 13.4663 -11.9116 11.9251 12.1533 -13.0048 11.6479 11.1663 -11.2846
3 16 11.6479 11.1663 -11.2846 11.9251 12.1533 -13.0048 11.9413 11.0056 -11.923
3 16 12.667 14.2891 -15.8319 11.9251 12.1533 -13.0048 10.9763 13.4663 -11.9116
3 16 19.7029 -1.8227 1.8631 20.4001 -1.8629 4.457 18.2641 -4.2273 3.4111
3 16 18.2641 -4.2273 3.4111 20.4001 -1.8629 4.457 18.7149 -3.9268 4.7363
3 16 19.479 13.427 -9.3675 20.014 12.5339 -7.1735 18.9283 10.3183 -9.9295
3 16 17.6254 15.8538 -9.5911 19.479 13.427 -9.3675 18.7499 14.2845 -11.6951
3 16 17.6254 15.8538 -9.5911 18.4883 14.5957 -6.0054 19.479 13.427 -9.3675
3 16 19.479 13.427 -9.3675 18.4883 14.5957 -6.0054 20.014 12.5339 -7.1735
3 16 12.667 14.2891 -15.8319 12.2982 15.4848 -15.6593 12.7145 15.7247 -15.9184
3 16 -14.8951 6.3898 -7.7623 -16.2622 6.7345 -8.4442 -15.0076 6.6886 -7.9855
3 16 -15.0076 6.6886 -7.9855 -16.2622 6.7345 -8.4442 -16.0959 7.0455 -8.549
3 16 -14.0285 7.0322 -7.9208 -14.8951 6.3898 -7.7623 -14.473 7.1684 -7.9683
3 16 -14.473 7.1684 -7.9683 -14.8951 6.3898 -7.7623 -15.0076 6.6886 -7.9855
3 16 -16.0959 7.0455 -8.549 -16.2622 6.7345 -8.4442 -16.806 7.7196 -9.0644
3 16 -16.806 7.7196 -9.0644 -16.2622 6.7345 -8.4442 -17.1513 7.5448 -9.1015
3 16 -16.806 7.7196 -9.0644 -17.1513 7.5448 -9.1015 -17.1045 8.621 -9.5458
3 16 -17.1045 8.621 -9.5458 -17.1513 7.5448 -9.1015 -17.7751 8.7404 -9.7809
3 16 -14.3468 8.0196 -8.3006 -14.8856 8.7572 -8.6642 -13.7622 7.891 -8.1973
3 16 -14.8856 8.7572 -8.6642 -15.9015 9.1913 -9.2295 -14.4568 11.1594 -9.2568
3 16 -14.4568 11.1594 -9.2568 -15.9015 9.1913 -9.2295 -15.3334 11.3674 -9.6824
3 16 -17.8845 5.017 -6.1176 -20.3706 6.1248 -4.2166 -18.8485 6.318 -7.3374
3 16 -18.8485 6.318 -7.3374 -20.3706 6.1248 -4.2166 -20.7732 6.7605 -5.0566
3 16 -17.1513 7.5448 -9.1015 -16.2622 6.7345 -8.4442 -18.8485 6.318 -7.3374
3 16 -18.8485 6.318 -7.3374 -16.2622 6.7345 -8.4442 -17.8845 5.017 -6.1176
3 16 -14.6703 6.1126 -7.5056 -15.5688 5.1292 -6.5996 -14.8951 6.3898 -7.7623
3 16 -14.8951 6.3898 -7.7623 -15.5688 5.1292 -6.5996 -16.2622 6.7345 -8.4442
3 16 -14.293 12.0487 -9.0348 -14.4568 11.1594 -9.2568 -15.102 12.3778 -9.4551
3 16 -15.102 12.3778 -9.4551 -14.4568 11.1594 -9.2568 -15.3334 11.3674 -9.6824
3 16 -15.102 12.3778 -9.4551 -13.3026 14.0162 -12.4275 -14.293 12.0487 -9.0348
3 16 -13.3026 14.0162 -12.4275 -13.8443 12.3477 -9.3165 -14.293 12.0487 -9.0348
3 16 -15.102 12.3778 -9.4551 -15.3334 11.3674 -9.6824 -16.5635 13.0682 -9.9091
3 16 -16.5635 13.0682 -9.9091 -15.3334 11.3674 -9.6824 -17.1504 12.0516 -10.3687
3 16 -16.5635 13.0682 -9.9091 -17.1504 12.0516 -10.3687 -17.9274 14.0415 -9.5744
3 16 -17.9274 14.0415 -9.5744 -17.1504 12.0516 -10.3687 -19.4152 12.9041 -10.9344
3 16 -19.4152 12.9041 -10.9344 -17.1504 12.0516 -10.3687 -20.2327 12.1028 -11.1362
3 16 -20.2327 12.1028 -11.1362 -17.1504 12.0516 -10.3687 -18.5723 9.8922 -10.3175
3 16 -18.5723 9.8922 -10.3175 -20.8404 9.4027 -9.141 -20.2327 12.1028 -11.1362
3 16 -20.2327 12.1028 -11.1362 -20.8404 9.4027 -9.141 -21.843 11.7645 -10.2576
3 16 -20.8404 9.4027 -9.141 -22.1741 9.5877 -6.9916 -22.8085 10.9236 -7.6201
3 16 -19.4152 12.9041 -10.9344 -19.6759 13.9377 -9.9753 -17.9274 14.0415 -9.5744
3 16 -17.9274 14.0415 -9.5744 -19.6759 13.9377 -9.9753 -18.6038 14.4595 -8.9247
3 16 10.9763 13.4663 -11.9116 11.8981 15.2245 -14.8909 12.667 14.2891 -15.8319
3 16 12.667 14.2891 -15.8319 11.8981 15.2245 -14.8909 12.2982 15.4848 -15.6593
3 16 10.5261 14.2579 -12.4963 9.7048 15.8404 -14.0141 11.8981 15.2245 -14.8909
3 16 11.8981 15.2245 -14.8909 9.7048 15.8404 -14.0141 10.9662 16.5321 -16.37
3 16 10.5261 14.2579 -12.4963 10.9763 13.4663 -11.9116 8.5852 15.0654 -9.7502
3 16 10.9763 13.4663 -11.9116 10.777 13.0554 -10.9548 8.5852 15.0654 -9.7502
3 16 12.2982 15.4848 -15.6593 11.8981 15.2245 -14.8909 10.9662 16.5321 -16.37
3 16 15.8485 14.391 -16.2903 13.6987 16.6272 -15.4282 16.6573 15.6176 -15.7044
3 16 16.6573 15.6176 -15.7044 13.6987 16.6272 -15.4282 14.9713 17.2246 -14.5287
3 16 14.2201 14.1837 -16.3003 13.6987 16.6272 -15.4282 15.8485 14.391 -16.2903
3 16 8.7355 25.5251 -11.1599 9.4243 23.464 -10.2847 12.5886 25.9866 -11.1544
3 16 12.5886 25.9866 -11.1544 9.4243 23.464 -10.2847 13.1284 24.0915 -10.653
3 16 -11.8613 13.6743 -11.9205 -9.5632 14.5613 -8.8483 -12.151 12.8133 -8.8089
3 16 -12.151 12.8133 -8.8089 -9.5632 14.5613 -8.8483 -10.5864 13.7411 -7.545
3 16 -13.3026 14.0162 -12.4275 -11.5271 15.6451 -14.8461 -11.8613 13.6743 -11.9205
3 16 -11.8613 13.6743 -11.9205 -11.5271 15.6451 -14.8461 -10.2164 15.1881 -13.973
3 16 -12.9696 23.4229 -16.5119 -13.2703 25.2246 -17.021 -11.6973 23.6774 -17.6723
3 16 -15.1312 18.9167 -14.7291 -13.8968 20.5036 -15.765 -14.178 17.6998 -15.0895
3 16 -14.178 17.6998 -15.0895 -13.8968 20.5036 -15.765 -12.8766 19.5789 -16.4267
3 16 -17.2425 17.0552 -12.0865 -15.1312 18.9167 -14.7291 -16.2403 15.7694 -12.5154
3 16 -16.2403 15.7694 -12.5154 -15.1312 18.9167 -14.7291 -14.178 17.6998 -15.0895
3 16 -17.3723 14.7351 -10.5214 -18.6066 15.3889 -8.3483 -18.1747 16.1485 -9.8939
3 16 -14.7435 14.717 -12.8425 -13.2146 16.1267 -15.0077 -13.3026 14.0162 -12.4275
3 16 -13.3026 14.0162 -12.4275 -13.2146 16.1267 -15.0077 -11.5271 15.6451 -14.8461
3 16 12.9045 17.7439 -16.6352 14.3768 18.8254 -15.4411 13.6987 16.6272 -15.4282
3 16 13.6987 16.6272 -15.4282 14.3768 18.8254 -15.4411 14.9713 17.2246 -14.5287
3 16 6.9951 17.9696 -11.1299 5.8796 20.451 -12.7249 8.3613 18.3011 -15.6696
3 16 8.3613 18.3011 -15.6696 5.8796 20.451 -12.7249 7.6843 20.0317 -16.3538
3 16 13.2332 2.2574 13.3224 13.6231 1.4283 13.1982 14.2767 3.3751 12.6454
3 16 19.1402 -5.543 5.4372 18.3794 -4.4867 8.6768 17.3801 -7.9401 6.0417
3 16 17.3801 -7.9401 6.0417 18.3794 -4.4867 8.6768 17.2065 -7.0954 10.1662
3 16 17.2065 -7.0954 10.1662 18.3794 -4.4867 8.6768 17.8609 -3.8072 9.7768
3 16 13.6715 -2.6771 16.1334 12.4921 -1.1702 16.7592 10.5261 -1.0905 17.1711
3 16 14.3715 6.4481 -8.3808 17.9671 8.9648 -10.3656 15.3113 6.1981 -7.6838
3 16 15.3113 6.1981 -7.6838 17.9671 8.9648 -10.3656 18.8205 8.8482 -9.1139
3 16 17.1992 9.6097 -11.5646 17.9671 8.9648 -10.3656 14.6992 8.5061 -10.9737
3 16 14.6992 8.5061 -10.9737 17.9671 8.9648 -10.3656 14.3715 6.4481 -8.3808
3 16 17.3261 10.8439 -12.5242 17.1992 9.6097 -11.5646 14.6505 9.8349 -12.2633
3 16 14.6505 9.8349 -12.2633 17.1992 9.6097 -11.5646 14.6992 8.5061 -10.9737
3 16 17.8548 11.6178 -12.5132 17.3261 10.8439 -12.5242 14.5839 11.1056 -13.3387
3 16 14.5839 11.1056 -13.3387 17.3261 10.8439 -12.5242 14.6505 9.8349 -12.2633
3 16 14.3854 12.2676 -14.5065 16.8661 13.0726 -14.7395 14.5839 11.1056 -13.3387
3 16 14.5839 11.1056 -13.3387 16.8661 13.0726 -14.7395 17.8548 11.6178 -12.5132
3 16 16.8661 13.0726 -14.7395 17.8919 14.9235 -13.4378 17.8548 11.6178 -12.5132
3 16 18.3439 11.7159 -11.8248 17.8548 11.6178 -12.5132 18.7499 14.2845 -11.6951
3 16 18.7499 14.2845 -11.6951 17.8548 11.6178 -12.5132 17.8919 14.9235 -13.4378
3 16 18.3439 11.7159 -11.8248 18.7499 14.2845 -11.6951 18.7491 11.2444 -10.712
3 16 18.7491 11.2444 -10.712 18.7499 14.2845 -11.6951 19.479 13.427 -9.3675
3 16 18.9283 10.3183 -9.9295 18.7491 11.2444 -10.712 19.479 13.427 -9.3675
3 16 9.7519 25.996 -20.1139 6.4436 26.9024 -18.918 9.3667 28.3198 -20.0143
3 16 9.3667 28.3198 -20.0143 6.4436 26.9024 -18.918 6.3754 28.1862 -18.9499
3 16 6.0546 29.0118 -18.6362 5.8199 29.2729 -18.3509 8.9017 31.719 -19.6728
3 16 5.8199 29.2729 -18.3509 6.1129 31.8736 -18.5963 8.9017 31.719 -19.6728
3 16 5.3077 31.759 -16.159 6.1129 31.8736 -18.5963 5.5742 29.0697 -17.9765
3 16 5.5742 29.0697 -17.9765 6.1129 31.8736 -18.5963 5.8199 29.2729 -18.3509
3 16 5.4352 28.4507 -17.5273 5.0596 28.8391 -14.8898 5.5742 29.0697 -17.9765
3 16 5.5742 29.0697 -17.9765 5.0596 28.8391 -14.8898 5.3077 31.759 -16.159
3 16 5.4352 28.4507 -17.5273 5.5118 27.0091 -17.3229 5.0596 28.8391 -14.8898
3 16 13.7163 28.9499 -16.7965 14.4554 29.5862 -14.8799 13.9862 27.8862 -16.7594
3 16 13.9862 27.8862 -16.7594 14.4554 29.5862 -14.8799 14.746 27.8587 -14.3394
3 16 13.7163 28.9499 -16.7965 13.3034 29.945 -17.294 14.4554 29.5862 -14.8799
3 16 14.4554 29.5862 -14.8799 13.3034 29.945 -17.294 13.4657 31.9528 -15.8195
3 16 11.8699 31.9517 -18.7489 12.7843 30.2025 -18.1513 12.6022 29.4401 -18.7129
3 16 12.6022 29.4401 -18.7129 12.7744 27.8876 -18.7882 9.3667 28.3198 -20.0143
3 16 9.3667 28.3198 -20.0143 12.7744 27.8876 -18.7882 9.7519 25.996 -20.1139
3 16 13.4076 27.0821 -18.3364 11.8219 24.6489 -19.2595 12.7744 27.8876 -18.7882
3 16 12.7744 27.8876 -18.7882 11.8219 24.6489 -19.2595 9.7519 25.996 -20.1139
3 16 10.9557 35.7411 -17.2942 11.8611 34.8447 -16.961 10.8136 35.5543 -18.3255
3 16 10.8136 35.5543 -18.3255 11.8611 34.8447 -16.961 11.3092 34.3353 -18.5549
3 16 8.6828 35.5046 -18.8447 10.8136 35.5543 -18.3255 8.7091 34.1532 -19.4182
3 16 8.7091 34.1532 -19.4182 10.8136 35.5543 -18.3255 11.3092 34.3353 -18.5549
3 16 6.5204 34.1585 -18.7243 5.8936 34.4227 -17.0679 6.935 35.3362 -18.4692
3 16 6.935 35.3362 -18.4692 5.8936 34.4227 -17.0679 6.5352 35.513 -17.1704
3 16 8.6828 35.5046 -18.8447 10.9557 35.7411 -17.2942 10.8136 35.5543 -18.3255
3 16 13.4657 31.9528 -15.8195 11.8699 31.9517 -18.7489 11.8611 34.8447 -16.961
3 16 11.8611 34.8447 -16.961 11.8699 31.9517 -18.7489 11.3092 34.3353 -18.5549
3 16 6.1129 31.8736 -18.5963 6.5204 34.1585 -18.7243 8.9017 31.719 -19.6728
3 16 8.9017 31.719 -19.6728 6.5204 34.1585 -18.7243 8.7091 34.1532 -19.4182
3 16 6.5204 34.1585 -18.7243 6.1129 31.8736 -18.5963 5.8936 34.4227 -17.0679
3 16 5.8936 34.4227 -17.0679 6.1129 31.8736 -18.5963 5.3077 31.759 -16.159
3 16 14.9492 25.6385 -13.9077 13.9862 27.8862 -16.7594 14.746 27.8587 -14.3394
3 16 15.8821 -0.6526 10.8578 16.6697 -1.4842 8.877 16.229 2.1543 10.8098
3 16 17.4637 -2.284 6.7049 17.6768 0.363 6.7978 16.6697 -1.4842 8.877
3 16 16.6697 -1.4842 8.877 17.6768 0.363 6.7978 16.229 2.1543 10.8098
3 16 17.6768 0.363 6.7978 18.06 3.5165 6.5231 16.229 2.1543 10.8098
3 16 16.229 2.1543 10.8098 18.06 3.5165 6.5231 16.6776 5.8078 10.4866
3 16 18.06 3.5165 6.5231 18.7494 7.4242 5.0183 16.6776 5.8078 10.4866
3 16 16.6776 5.8078 10.4866 18.7494 7.4242 5.0183 17.1495 10.0136 9.2909
3 16 17.1495 10.0136 9.2909 18.7494 7.4242 5.0183 17.9205 13.0675 6.7375
3 16 17.9205 13.0675 6.7375 18.7494 7.4242 5.0183 19.3136 9.8812 2.63
3 16 17.9205 13.0675 6.7375 19.3136 9.8812 2.63 18.1658 15.4893 2.7784
3 16 18.1658 15.4893 2.7784 19.3136 9.8812 2.63 19.4834 12.0961 -0.538
3 16 18.7756 13.9747 -3.9065 18.315 16.6934 -1.0021 19.4834 12.0961 -0.538
3 16 19.4834 12.0961 -0.538 18.315 16.6934 -1.0021 18.1658 15.4893 2.7784
3 16 18.315 16.6934 -1.0021 18.7756 13.9747 -3.9065 18.2262 17.3391 -3.3297
3 16 18.2262 17.3391 -3.3297 18.7756 13.9747 -3.9065 18.4883 14.5957 -6.0054
3 16 18.2262 17.3391 -3.3297 18.4883 14.5957 -6.0054 17.5543 18.5349 -7.6427
3 16 17.5543 18.5349 -7.6427 18.4883 14.5957 -6.0054 17.6254 15.8538 -9.5911
3 16 16.33 16.7299 -12.478 14.9713 17.2246 -14.5287 15.1549 19.4833 -14.1617
3 16 15.1549 19.4833 -14.1617 14.9713 17.2246 -14.5287 14.3768 18.8254 -15.4411
3 16 17.5543 18.5349 -7.6427 17.6254 15.8538 -9.5911 16.636 19.8021 -10.4353
3 16 16.636 19.8021 -10.4353 17.6254 15.8538 -9.5911 16.33 16.7299 -12.478
3 16 16.0246 19.2611 -2.3209 13.0201 18.7613 -2.127 15.9674 18.5148 0.2865
3 16 15.9674 18.5148 0.2865 13.0201 18.7613 -2.127 13.2067 18.0117 0.5632
3 16 10.8818 20.5349 -7.6229 12.1298 19.7896 -5.4302 14.7895 21.6137 -8.499
3 16 14.7895 21.6137 -8.499 12.1298 19.7896 -5.4302 15.534 20.5369 -6.2307
3 16 9.6288 21.3407 -9.0898 10.8818 20.5349 -7.6229 13.9623 22.6634 -9.7369
3 16 13.9623 22.6634 -9.7369 10.8818 20.5349 -7.6229 14.7895 21.6137 -8.499
3 16 13.9116 26.7966 -17.6166 13.9862 27.8862 -16.7594 14.0423 24.7199 -16.3209
3 16 14.0423 24.7199 -16.3209 13.9862 27.8862 -16.7594 14.9492 25.6385 -13.9077
3 16 13.9116 26.7966 -17.6166 11.8219 24.6489 -19.2595 13.4076 27.0821 -18.3364
3 16 13.5996 25.5401 -17.7369 13.9116 26.7966 -17.6166 14.0423 24.7199 -16.3209
3 16 16.33 16.7299 -12.478 15.1549 19.4833 -14.1617 16.636 19.8021 -10.4353
3 16 16.636 19.8021 -10.4353 15.1549 19.4833 -14.1617 15.8237 21.2963 -11.9964
3 16 12.2982 15.4848 -15.6593 10.9662 16.5321 -16.37 12.7145 15.7247 -15.9184
3 16 12.7145 15.7247 -15.9184 10.9662 16.5321 -16.37 11.7766 16.7196 -17.3178
3 16 13.6987 16.6272 -15.4282 12.7145 15.7247 -15.9184 12.9045 17.7439 -16.6352
3 16 12.9045 17.7439 -16.6352 12.7145 15.7247 -15.9184 11.7766 16.7196 -17.3178
3 16 11.9404 19.0816 -17.4788 12.9045 17.7439 -16.6352 11.1878 18.717 -17.6063
3 16 11.1878 18.717 -17.6063 12.9045 17.7439 -16.6352 11.7766 16.7196 -17.3178
3 16 11.1878 18.717 -17.6063 11.7766 16.7196 -17.3178 10.3349 18.5399 -17.2382
3 16 10.3349 18.5399 -17.2382 11.7766 16.7196 -17.3178 10.9662 16.5321 -16.37
3 16 9.909 19.1091 -17.544 11.0707 19.2711 -17.9613 10.3349 18.5399 -17.2382
3 16 10.3349 18.5399 -17.2382 11.0707 19.2711 -17.9613 11.1878 18.717 -17.6063
3 16 12.2916 19.808 -17.4936 11.9404 19.0816 -17.4788 11.0707 19.2711 -17.9613
3 16 11.0707 19.2711 -17.9613 11.9404 19.0816 -17.4788 11.1878 18.717 -17.6063
3 16 10.9039 20.1135 -18.9189 11.0707 19.2711 -17.9613 9.4332 20.082 -17.9363
3 16 9.4332 20.082 -17.9363 11.0707 19.2711 -17.9613 9.909 19.1091 -17.544
3 16 9.4332 20.082 -17.9363 9.3825 21.6904 -18.4394 10.9039 20.1135 -18.9189
3 16 10.9039 20.1135 -18.9189 9.3825 21.6904 -18.4394 10.5818 21.8517 -19.0381
3 16 12.0878 22.4934 -18.3321 12.3769 21.0215 -17.8689 10.5818 21.8517 -19.0381
3 16 10.5818 21.8517 -19.0381 12.3769 21.0215 -17.8689 10.9039 20.1135 -18.9189
3 16 12.3769 21.0215 -17.8689 12.2916 19.808 -17.4936 10.9039 20.1135 -18.9189
3 16 10.9039 20.1135 -18.9189 12.2916 19.808 -17.4936 11.0707 19.2711 -17.9613
3 16 8.6379 23.649 -19.0646 10.2583 23.4277 -19.7963 9.3825 21.6904 -18.4394
3 16 9.3825 21.6904 -18.4394 10.2583 23.4277 -19.7963 10.5818 21.8517 -19.0381
3 16 11.8219 24.6489 -19.2595 12.0878 22.4934 -18.3321 10.2583 23.4277 -19.7963
3 16 10.2583 23.4277 -19.7963 12.0878 22.4934 -18.3321 10.5818 21.8517 -19.0381
3 16 14.2171 21.9044 -15.6119 13.7036 20.4671 -16.4941 13.4463 21.879 -16.9894
3 16 9.909 19.1091 -17.544 10.3349 18.5399 -17.2382 8.3613 18.3011 -15.6696
3 16 10.3349 18.5399 -17.2382 10.9662 16.5321 -16.37 8.3613 18.3011 -15.6696
3 16 8.3613 18.3011 -15.6696 10.9662 16.5321 -16.37 9.7048 15.8404 -14.0141
3 16 7.0492 22.0992 -16.8691 9.3825 21.6904 -18.4394 7.6843 20.0317 -16.3538
3 16 7.6843 20.0317 -16.3538 9.3825 21.6904 -18.4394 9.4332 20.082 -17.9363
3 16 13.4463 21.879 -16.9894 13.7036 20.4671 -16.4941 12.3769 21.0215 -17.8689
3 16 12.3769 21.0215 -17.8689 13.7036 20.4671 -16.4941 12.2916 19.808 -17.4936
3 16 11.9404 19.0816 -17.4788 12.2916 19.808 -17.4936 13.7036 20.4671 -16.4941
3 16 11.9404 19.0816 -17.4788 13.7036 20.4671 -16.4941 12.9045 17.7439 -16.6352
3 16 12.9045 17.7439 -16.6352 13.7036 20.4671 -16.4941 14.3768 18.8254 -15.4411
3 16 12.667 14.2891 -15.8319 12.7145 15.7247 -15.9184 14.2201 14.1837 -16.3003
3 16 14.2201 14.1837 -16.3003 12.7145 15.7247 -15.9184 13.6987 16.6272 -15.4282
3 16 14.3768 18.8254 -15.4411 13.7036 20.4671 -16.4941 15.1549 19.4833 -14.1617
3 16 15.1549 19.4833 -14.1617 13.7036 20.4671 -16.4941 14.2171 21.9044 -15.6119
3 16 14.2171 21.9044 -15.6119 15.1636 23.2307 -13.1127 15.1549 19.4833 -14.1617
3 16 15.1549 19.4833 -14.1617 15.1636 23.2307 -13.1127 15.8237 21.2963 -11.9964
3 16 9.6288 21.3407 -9.0898 13.9623 22.6634 -9.7369 9.4243 23.464 -10.2847
3 16 9.4243 23.464 -10.2847 13.9623 22.6634 -9.7369 13.1284 24.0915 -10.653
3 16 13.3984 23.3374 -17.3062 13.5996 25.5401 -17.7369 14.0423 24.7199 -16.3209
3 16 12.3769 21.0215 -17.8689 12.0878 22.4934 -18.3321 13.4463 21.879 -16.9894
3 16 13.4463 21.879 -16.9894 12.0878 22.4934 -18.3321 13.3984 23.3374 -17.3062
3 16 13.4463 21.879 -16.9894 13.3984 23.3374 -17.3062 14.2171 21.9044 -15.6119
3 16 14.2171 21.9044 -15.6119 13.3984 23.3374 -17.3062 14.0423 24.7199 -16.3209
3 16 14.2171 21.9044 -15.6119 14.0423 24.7199 -16.3209 15.1636 23.2307 -13.1127
3 16 15.1636 23.2307 -13.1127 14.0423 24.7199 -16.3209 14.9492 25.6385 -13.9077
3 16 5.826 25.8651 -18.0052 6.0352 26.0564 -18.3385 7.0492 22.0992 -16.8691
3 16 8.6379 23.649 -19.0646 7.0492 22.0992 -16.8691 6.0352 26.0564 -18.3385
3 16 12.0878 22.4934 -18.3321 11.8219 24.6489 -19.2595 13.3984 23.3374 -17.3062
3 16 13.3984 23.3374 -17.3062 11.8219 24.6489 -19.2595 13.5996 25.5401 -17.7369
3 16 10.2583 23.4277 -19.7963 9.7519 25.996 -20.1139 11.8219 24.6489 -19.2595
3 16 8.7355 25.5251 -11.1599 12.5886 25.9866 -11.1544 8.3645 28.7751 -11.7798
3 16 8.3645 28.7751 -11.7798 12.5886 25.9866 -11.1544 12.0995 29.4174 -11.5667
3 16 -9.4728 31.1291 -19.4622 -7.5224 30.5348 -18.855 -9.3798 29.5323 -19.5741
3 16 -9.3798 29.5323 -19.5741 -7.5224 30.5348 -18.855 -7.6488 29.6067 -19.1237
3 16 13.5996 25.5401 -17.7369 11.8219 24.6489 -19.2595 13.9116 26.7966 -17.6166
3 16 8.9017 31.719 -19.6728 9.3667 28.3198 -20.0143 6.0546 29.0118 -18.6362
3 16 6.0546 29.0118 -18.6362 9.3667 28.3198 -20.0143 6.3754 28.1862 -18.9499
3 16 -6.4267 30.2208 -17.7086 -6.8462 30.8486 -18.1116 -5.8096 31.3387 -15.4075
3 16 -5.8096 31.3387 -15.4075 -6.8462 30.8486 -18.1116 -6.3777 32.999 -16.0873
3 16 -6.0902 27.733 -17.7347 -6.0735 28.9159 -17.5206 -5.4599 29.407 -14.799
3 16 -6.839 27.4815 -18.59 -7.4745 26.1763 -18.7831 -7.3031 28.058 -19.0478
3 16 -12.0722 24.9593 -18.2112 -13.6077 26.9088 -17.8558 -13.2119 27.717 -18.623
3 16 -14.3813 29.7397 -14.2947 -14.309 28.0993 -16.5444 -14.1299 26.7748 -13.2538
3 16 -14.1299 26.7748 -13.2538 -14.309 28.0993 -16.5444 -14.0362 27.1657 -16.9912
3 16 -13.9989 30.3019 -17.5253 -14.2771 29.4795 -16.8117 -14.3098 32.0109 -15.3322
3 16 -14.3098 32.0109 -15.3322 -14.2771 29.4795 -16.8117 -14.3813 29.7397 -14.2947
3 16 -12.151 12.8133 -8.8089 -12.3669 11.332 -7.9923 -13.1935 12.4004 -9.4342
3 16 -13.1935 12.4004 -9.4342 -12.3669 11.332 -7.9923 -13.3726 10.9539 -8.4663
3 16 -13.3726 10.9539 -8.4663 -13.8443 12.3477 -9.3165 -13.1935 12.4004 -9.4342
3 16 -13.3026 14.0162 -12.4275 -15.102 12.3778 -9.4551 -14.7435 14.717 -12.8425
3 16 -14.7435 14.717 -12.8425 -15.102 12.3778 -9.4551 -16.5635 13.0682 -9.9091
3 16 -13.2146 16.1267 -15.0077 -14.7435 14.717 -12.8425 -14.178 17.6998 -15.0895
3 16 -14.178 17.6998 -15.0895 -14.7435 14.717 -12.8425 -16.2403 15.7694 -12.5154
3 16 -14.7435 14.717 -12.8425 -16.5635 13.0682 -9.9091 -17.3723 14.7351 -10.5214
3 16 -17.3723 14.7351 -10.5214 -16.5635 13.0682 -9.9091 -17.9274 14.0415 -9.5744
3 16 -18.7721 14.8476 -7.6833 -18.6066 15.3889 -8.3483 -18.9515 14.5528 -7.7261
3 16 -18.9515 14.5528 -7.7261 -18.6066 15.3889 -8.3483 -18.6038 14.4595 -8.9247
3 16 -18.1747 16.1485 -9.8939 -17.2425 17.0552 -12.0865 -17.3723 14.7351 -10.5214
3 16 -17.3723 14.7351 -10.5214 -17.2425 17.0552 -12.0865 -16.2403 15.7694 -12.5154
3 16 -14.7435 14.717 -12.8425 -17.3723 14.7351 -10.5214 -16.2403 15.7694 -12.5154
3 16 -13.8443 12.3477 -9.3165 -13.3026 14.0162 -12.4275 -13.1935 12.4004 -9.4342
3 16 -13.1935 12.4004 -9.4342 -13.3026 14.0162 -12.4275 -11.8613 13.6743 -11.9205
3 16 -15.9015 9.1913 -9.2295 -17.1045 8.621 -9.5458 -15.3334 11.3674 -9.6824
3 16 -15.3334 11.3674 -9.6824 -17.1045 8.621 -9.5458 -17.1504 12.0516 -10.3687
3 16 -17.7751 8.7404 -9.7809 -17.1513 7.5448 -9.1015 -19.9919 8.0796 -8.4175
3 16 -19.9919 8.0796 -8.4175 -17.1513 7.5448 -9.1015 -18.8485 6.318 -7.3374
3 16 -19.9919 8.0796 -8.4175 -18.8485 6.318 -7.3374 -21.367 7.9125 -5.9995
3 16 -21.367 7.9125 -5.9995 -18.8485 6.318 -7.3374 -20.7732 6.7605 -5.0566
3 16 -14.1299 26.7748 -13.2538 -13.2703 25.2246 -17.021 -14.0611 25.0736 -12.803
3 16 -14.0611 25.0736 -12.803 -13.2703 25.2246 -17.021 -12.9696 23.4229 -16.5119
3 16 -17.2425 17.0552 -12.0865 -18.1747 16.1485 -9.8939 -16.7495 19.7643 -9.7813
3 16 -16.7495 19.7643 -9.7813 -18.1747 16.1485 -9.8939 -17.5773 18.677 -7.2263
3 16 8.5852 15.0654 -9.7502 6.9951 17.9696 -11.1299 9.7048 15.8404 -14.0141
3 16 6.9951 17.9696 -11.1299 8.3613 18.3011 -15.6696 9.7048 15.8404 -14.0141
3 16 9.4332 20.082 -17.9363 9.909 19.1091 -17.544 7.6843 20.0317 -16.3538
3 16 7.6843 20.0317 -16.3538 9.909 19.1091 -17.544 8.3613 18.3011 -15.6696
3 16 5.826 25.8651 -18.0052 7.0492 22.0992 -16.8691 5.0938 26.2692 -14.2674
3 16 5.0938 26.2692 -14.2674 7.0492 22.0992 -16.8691 5.3522 22.7895 -13.6718
3 16 5.8796 20.451 -12.7249 5.3522 22.7895 -13.6718 7.6843 20.0317 -16.3538
3 16 7.6843 20.0317 -16.3538 5.3522 22.7895 -13.6718 7.0492 22.0992 -16.8691
3 16 14.7757 0.2582 12.2385 15.8821 -0.6526 10.8578 16.229 2.1543 10.8098
3 16 16.229 2.1543 10.8098 16.6776 5.8078 10.4866 14.2767 3.3751 12.6454
3 16 14.2767 3.3751 12.6454 16.6776 5.8078 10.4866 14.7347 7.0788 12.0129
3 16 16.6776 5.8078 10.4866 17.1495 10.0136 9.2909 14.7347 7.0788 12.0129
3 16 14.7347 7.0788 12.0129 17.1495 10.0136 9.2909 14.7853 11.3376 10.5815
3 16 17.9205 13.0675 6.7375 14.9202 14.3625 8.3448 17.1495 10.0136 9.2909
3 16 17.1495 10.0136 9.2909 14.9202 14.3625 8.3448 14.7853 11.3376 10.5815
3 16 15.9674 18.5148 0.2865 18.315 16.6934 -1.0021 16.0246 19.2611 -2.3209
3 16 16.0246 19.2611 -2.3209 18.315 16.6934 -1.0021 18.2262 17.3391 -3.3297
3 16 16.0246 19.2611 -2.3209 18.2262 17.3391 -3.3297 15.534 20.5369 -6.2307
3 16 15.534 20.5369 -6.2307 18.2262 17.3391 -3.3297 17.5543 18.5349 -7.6427
3 16 16.636 19.8021 -10.4353 14.7895 21.6137 -8.499 17.5543 18.5349 -7.6427
3 16 17.5543 18.5349 -7.6427 14.7895 21.6137 -8.499 15.534 20.5369 -6.2307
3 16 16.636 19.8021 -10.4353 15.8237 21.2963 -11.9964 14.7895 21.6137 -8.499
3 16 14.7895 21.6137 -8.499 15.8237 21.2963 -11.9964 13.9623 22.6634 -9.7369
3 16 15.8237 21.2963 -11.9964 15.1636 23.2307 -13.1127 13.9623 22.6634 -9.7369
3 16 13.9623 22.6634 -9.7369 15.1636 23.2307 -13.1127 13.1284 24.0915 -10.653
3 16 15.1636 23.2307 -13.1127 14.9492 25.6385 -13.9077 13.1284 24.0915 -10.653
3 16 13.1284 24.0915 -10.653 14.9492 25.6385 -13.9077 12.5886 25.9866 -11.1544
3 16 14.9492 25.6385 -13.9077 14.746 27.8587 -14.3394 12.5886 25.9866 -11.1544
3 16 12.5886 25.9866 -11.1544 14.746 27.8587 -14.3394 12.0995 29.4174 -11.5667
3 16 14.746 27.8587 -14.3394 14.4554 29.5862 -14.8799 12.0995 29.4174 -11.5667
3 16 13.4657 31.9528 -15.8195 11.0934 32.7123 -13.087 14.4554 29.5862 -14.8799
3 16 14.4554 29.5862 -14.8799 11.0934 32.7123 -13.087 12.0995 29.4174 -11.5667
3 16 13.4657 31.9528 -15.8195 11.8611 34.8447 -16.961 11.0934 32.7123 -13.087
3 16 11.0934 32.7123 -13.087 11.8611 34.8447 -16.961 10.0753 35.0508 -14.8881
3 16 11.8611 34.8447 -16.961 10.9557 35.7411 -17.2942 10.0753 35.0508 -14.8881
3 16 10.0753 35.0508 -14.8881 10.9557 35.7411 -17.2942 9.5741 35.8808 -15.8497
3 16 7.9139 32.2102 -13.1124 8.3645 28.7751 -11.7798 11.0934 32.7123 -13.087
3 16 11.0934 32.7123 -13.087 8.3645 28.7751 -11.7798 12.0995 29.4174 -11.5667
3 16 7.696 34.7857 -15.1862 7.9139 32.2102 -13.1124 10.0753 35.0508 -14.8881
3 16 10.0753 35.0508 -14.8881 7.9139 32.2102 -13.1124 11.0934 32.7123 -13.087
3 16 7.6836 35.7152 -16.1696 7.696 34.7857 -15.1862 9.5741 35.8808 -15.8497
3 16 9.5741 35.8808 -15.8497 7.696 34.7857 -15.1862 10.0753 35.0508 -14.8881
3 16 14.2767 3.3751 12.6454 14.7347 7.0788 12.0129 12.906 3.8954 13.2267
3 16 12.906 3.8954 13.2267 14.7347 7.0788 12.0129 12.7892 7.6392 12.3985
3 16 12.92 14.7981 7.8956 11.5263 15.7809 9.3808 12.2635 11.978 10.5239
3 16 12.2635 11.978 10.5239 11.5263 15.7809 9.3808 11.0912 13.0552 11.8062
3 16 12.92 14.7981 7.8956 12.2635 11.978 10.5239 14.9202 14.3625 8.3448
3 16 14.9202 14.3625 8.3448 12.2635 11.978 10.5239 14.7853 11.3376 10.5815
3 16 12.92 14.7981 7.8956 14.9202 14.3625 8.3448 15.3079 17.0123 4.4896
3 16 20.8722 10.0477 -2.6885 19.4834 12.0961 -0.538 21.4689 8.004 0.1462
3 16 21.4689 8.004 0.1462 19.4834 12.0961 -0.538 19.3136 9.8812 2.63
3 16 20.3367 11.3728 -5.6622 18.7756 13.9747 -3.9065 20.8722 10.0477 -2.6885
3 16 20.8722 10.0477 -2.6885 18.7756 13.9747 -3.9065 19.4834 12.0961 -0.538
3 16 19.2105 8.71 -6.3693 18.83 8.507 -7.8242 20.014 12.5339 -7.1735
3 16 19.2105 8.71 -6.3693 20.014 12.5339 -7.1735 20.3367 11.3728 -5.6622
3 16 20.014 12.5339 -7.1735 18.4883 14.5957 -6.0054 20.3367 11.3728 -5.6622
3 16 20.3367 11.3728 -5.6622 18.4883 14.5957 -6.0054 18.7756 13.9747 -3.9065
3 16 14.9202 14.3625 8.3448 17.9205 13.0675 6.7375 15.3079 17.0123 4.4896
3 16 15.3079 17.0123 4.4896 17.9205 13.0675 6.7375 18.1658 15.4893 2.7784
3 16 15.3079 17.0123 4.4896 18.1658 15.4893 2.7784 15.9674 18.5148 0.2865
3 16 15.9674 18.5148 0.2865 18.1658 15.4893 2.7784 18.315 16.6934 -1.0021
3 16 -6.3777 32.999 -16.0873 -6.8462 30.8486 -18.1116 -8.0608 33.3435 -18.7532
3 16 -8.0608 33.3435 -18.7532 -6.8462 30.8486 -18.1116 -7.2956 31.0151 -18.5409
3 16 -9.6712 32.8907 -19.3455 -8.0608 33.3435 -18.7532 -7.5224 30.5348 -18.855
3 16 -7.5224 30.5348 -18.855 -8.0608 33.3435 -18.7532 -7.2956 31.0151 -18.5409
3 16 -13.3822 32.9438 -18.1916 -13.5299 29.8186 -18.3848 -13.7879 30.4883 -17.9834
3 16 -13.7879 30.4883 -17.9834 -13.9989 30.3019 -17.5253 -13.3822 32.9438 -18.1916
3 16 -13.3822 32.9438 -18.1916 -13.9989 30.3019 -17.5253 -13.7845 33.7951 -16.0573
3 16 -13.2146 16.1267 -15.0077 -14.178 17.6998 -15.0895 -12.8677 17.9324 -16.2779
3 16 -11.2229 16.5994 -16.1775 -11.5271 15.6451 -14.8461 -13.2146 16.1267 -15.0077
3 16 -17.7751 8.7404 -9.7809 -18.5723 9.8922 -10.3175 -17.1504 12.0516 -10.3687
3 16 -17.7751 8.7404 -9.7809 -19.9919 8.0796 -8.4175 -18.5723 9.8922 -10.3175
3 16 -18.5723 9.8922 -10.3175 -19.9919 8.0796 -8.4175 -20.8404 9.4027 -9.141
3 16 -20.8404 9.4027 -9.141 -19.9919 8.0796 -8.4175 -22.1741 9.5877 -6.9916
3 16 -22.1741 9.5877 -6.9916 -19.9919 8.0796 -8.4175 -21.367 7.9125 -5.9995
3 16 -20.8404 9.4027 -9.141 -22.8085 10.9236 -7.6201 -21.843 11.7645 -10.2576
3 16 -21.843 11.7645 -10.2576 -22.8085 10.9236 -7.6201 -22.7357 12.1546 -9.249
3 16 -11.6725 17.2872 -17.5654 -13.2146 16.1267 -15.0077 -12.8677 17.9324 -16.2779
3 16 -13.2146 16.1267 -15.0077 -11.6725 17.2872 -17.5654 -11.2229 16.5994 -16.1775
3 16 -11.1061 17.9747 -17.8563 -11.6725 17.2872 -17.5654 -12.2912 18.9553 -16.8355
3 16 -12.2912 18.9553 -16.8355 -11.6725 17.2872 -17.5654 -12.8677 17.9324 -16.2779
3 16 -11.1061 17.9747 -17.8563 -10.3646 17.301 -16.6386 -11.6725 17.2872 -17.5654
3 16 -11.6725 17.2872 -17.5654 -10.3646 17.301 -16.6386 -11.2229 16.5994 -16.1775
3 16 -10.6372 18.6944 -17.7783 -9.7238 18.0851 -17.0444 -11.1061 17.9747 -17.8563
3 16 -11.1061 17.9747 -17.8563 -9.7238 18.0851 -17.0444 -10.3646 17.301 -16.6386
3 16 -10.6372 18.6944 -17.7783 -11.1061 17.9747 -17.8563 -11.7578 19.6357 -17.2334
3 16 -11.7578 19.6357 -17.2334 -11.1061 17.9747 -17.8563 -12.2912 18.9553 -16.8355
3 16 -10.2349 19.3663 -17.8112 -10.6372 18.6944 -17.7783 -11.7578 19.6357 -17.2334
3 16 -10.6372 18.6944 -17.7783 -10.2349 19.3663 -17.8112 -9.7238 18.0851 -17.0444
3 16 -9.7238 18.0851 -17.0444 -10.2349 19.3663 -17.8112 -9.0884 19.1274 -17.4287
3 16 -10.2349 19.3663 -17.8112 -11.7578 19.6357 -17.2334 -10.0381 19.8948 -18.2029
3 16 -10.0381 19.8948 -18.2029 -11.7578 19.6357 -17.2334 -11.2142 21.5757 -17.733
3 16 -10.2349 19.3663 -17.8112 -10.0381 19.8948 -18.2029 -9.0884 19.1274 -17.4287
3 16 -9.0884 19.1274 -17.4287 -10.0381 19.8948 -18.2029 -8.83 20.2671 -17.8523
3 16 -10.0381 19.8948 -18.2029 -9.9514 20.9278 -19.2173 -8.83 20.2671 -17.8523
3 16 -8.83 20.2671 -17.8523 -9.9514 20.9278 -19.2173 -8.5424 21.2491 -18.0481
3 16 -9.9514 20.9278 -19.2173 -10.0381 19.8948 -18.2029 -11.2142 21.5757 -17.733
3 16 -9.9514 20.9278 -19.2173 -9.6883 22.9481 -18.8628 -8.5424 21.2491 -18.0481
3 16 -8.5424 21.2491 -18.0481 -9.6883 22.9481 -18.8628 -8.4966 23.3837 -18.6209
3 16 -9.6883 22.9481 -18.8628 -9.9514 20.9278 -19.2173 -11.2142 21.5757 -17.733
3 16 -8.4966 23.3837 -18.6209 -9.6883 22.9481 -18.8628 -8.6339 24.2985 -19.1694
3 16 -8.6339 24.2985 -19.1694 -9.6883 22.9481 -18.8628 -9.7528 23.8783 -19.7318
3 16 -8.6112 25.0946 -19.4433 -8.6339 24.2985 -19.1694 -9.8748 24.8906 -19.9802
3 16 -9.8748 24.8906 -19.9802 -8.6339 24.2985 -19.1694 -9.7528 23.8783 -19.7318
3 16 -10.0431 26.1665 -19.9266 -8.7647 26.2259 -19.6398 -9.8748 24.8906 -19.9802
3 16 -9.8748 24.8906 -19.9802 -8.7647 26.2259 -19.6398 -8.6112 25.0946 -19.4433
3 16 -12.2912 18.9553 -16.8355 -12.8677 17.9324 -16.2779 -12.8766 19.5789 -16.4267
3 16 -12.8766 19.5789 -16.4267 -12.8677 17.9324 -16.2779 -14.178 17.6998 -15.0895
3 16 -11.2142 21.5757 -17.733 -11.7578 19.6357 -17.2334 -12.0848 21.1163 -17.0648
3 16 -13.8968 20.5036 -15.765 -13.3254 21.6956 -16.1802 -12.8766 19.5789 -16.4267
3 16 -12.8766 19.5789 -16.4267 -13.3254 21.6956 -16.1802 -12.0848 21.1163 -17.0648
3 16 -13.3254 21.6956 -16.1802 -13.8968 20.5036 -15.765 -14.2442 23.3957 -12.3575
3 16 -14.2442 23.3957 -12.3575 -13.8968 20.5036 -15.765 -15.3709 21.3885 -11.4028
3 16 -12.0848 21.1163 -17.0648 -11.7578 19.6357 -17.2334 -12.8766 19.5789 -16.4267
3 16 -12.8766 19.5789 -16.4267 -11.7578 19.6357 -17.2334 -12.2912 18.9553 -16.8355
3 16 -9.6883 22.9481 -18.8628 -11.2142 21.5757 -17.733 -11.6973 23.6774 -17.6723
3 16 -11.6973 23.6774 -17.6723 -11.2142 21.5757 -17.733 -12.0848 21.1163 -17.0648
3 16 -13.3254 21.6956 -16.1802 -12.9696 23.4229 -16.5119 -12.0848 21.1163 -17.0648
3 16 -12.0848 21.1163 -17.0648 -12.9696 23.4229 -16.5119 -11.6973 23.6774 -17.6723
3 16 -13.3254 21.6956 -16.1802 -14.2442 23.3957 -12.3575 -12.9696 23.4229 -16.5119
3 16 -12.9696 23.4229 -16.5119 -14.2442 23.3957 -12.3575 -14.0611 25.0736 -12.803
3 16 -13.2703 25.2246 -17.021 -12.0722 24.9593 -18.2112 -11.6973 23.6774 -17.6723
3 16 -9.6883 22.9481 -18.8628 -11.6973 23.6774 -17.6723 -9.7528 23.8783 -19.7318
3 16 -9.7528 23.8783 -19.7318 -11.6973 23.6774 -17.6723 -12.0722 24.9593 -18.2112
3 16 -9.7528 23.8783 -19.7318 -12.0722 24.9593 -18.2112 -9.8748 24.8906 -19.9802
3 16 -9.8748 24.8906 -19.9802 -12.0722 24.9593 -18.2112 -10.0431 26.1665 -19.9266
3 16 -14.1299 26.7748 -13.2538 -14.0362 27.1657 -16.9912 -13.2703 25.2246 -17.021
3 16 -14.0362 27.1657 -16.9912 -13.8315 26.8178 -17.3828 -13.2703 25.2246 -17.021
3 16 -14.309 28.0993 -16.5444 -14.3813 29.7397 -14.2947 -14.2771 29.4795 -16.8117
3 16 -13.5475 28.6426 -17.5321 -14.309 28.0993 -16.5444 -14.2771 29.4795 -16.8117
3 16 -13.2119 27.717 -18.623 -13.5475 28.6426 -17.5321 -13.3201 29.1915 -18.6542
3 16 -7.3031 28.058 -19.0478 -9.0502 27.7605 -19.7588 -7.6488 29.6067 -19.1237
3 16 -7.6488 29.6067 -19.1237 -9.0502 27.7605 -19.7588 -9.3798 29.5323 -19.5741
3 16 -7.1425 29.0844 -18.0425 -7.3031 28.058 -19.0478 -7.6488 29.6067 -19.1237
3 16 -6.4267 30.2208 -17.7086 -6.0735 28.9159 -17.5206 -7.1425 29.0844 -18.0425
3 16 -6.0735 28.9159 -17.5206 -6.4267 30.2208 -17.7086 -5.4599 29.407 -14.799
3 16 -5.4599 29.407 -14.799 -6.4267 30.2208 -17.7086 -5.8096 31.3387 -15.4075
3 16 11.8699 31.9517 -18.7489 12.6022 29.4401 -18.7129 8.9017 31.719 -19.6728
3 16 8.9017 31.719 -19.6728 12.6022 29.4401 -18.7129 9.3667 28.3198 -20.0143
3 16 6.4436 26.9024 -18.918 9.7519 25.996 -20.1139 8.6379 23.649 -19.0646
3 16 8.6379 23.649 -19.0646 9.7519 25.996 -20.1139 10.2583 23.4277 -19.7963
3 16 6.1217 27.5917 -17.9919 6.4436 26.9024 -18.918 6.0352 26.0564 -18.3385
3 16 5.5118 27.0091 -17.3229 6.1217 27.5917 -17.9919 5.6611 26.0962 -17.696
3 16 5.6611 26.0962 -17.696 5.0938 26.2692 -14.2674 5.5118 27.0091 -17.3229
3 16 5.5118 27.0091 -17.3229 5.0938 26.2692 -14.2674 5.0596 28.8391 -14.8898
3 16 5.826 25.8651 -18.0052 5.0938 26.2692 -14.2674 5.6611 26.0962 -17.696
3 16 6.5204 34.1585 -18.7243 6.935 35.3362 -18.4692 8.7091 34.1532 -19.4182
3 16 8.7091 34.1532 -19.4182 6.935 35.3362 -18.4692 8.6828 35.5046 -18.8447
3 16 8.7091 34.1532 -19.4182 11.3092 34.3353 -18.5549 8.9017 31.719 -19.6728
3 16 8.9017 31.719 -19.6728 11.3092 34.3353 -18.5549 11.8699 31.9517 -18.7489
3 16 -6.0902 27.733 -17.7347 -6.3253 25.78 -17.4541 -6.4188 27.3321 -18.065
3 16 -6.0902 27.733 -17.7347 -5.4599 29.407 -14.799 -5.4521 27.2128 -14.4106
3 16 -6.3777 32.999 -16.0873 -8.0608 33.3435 -18.7532 -7.2179 34.355 -16.5801
3 16 -10.5295 29.5459 -19.8781 -9.3798 29.5323 -19.5741 -10.294 27.7288 -20.0032
3 16 -10.294 27.7288 -20.0032 -9.3798 29.5323 -19.5741 -9.0502 27.7605 -19.7588
3 16 -9.3798 29.5323 -19.5741 -10.5295 29.5459 -19.8781 -9.4728 31.1291 -19.4622
3 16 -9.4728 31.1291 -19.4622 -10.5295 29.5459 -19.8781 -10.631 31.0492 -19.7264
3 16 -10.7845 33.0669 -19.4358 -9.6712 32.8907 -19.3455 -10.631 31.0492 -19.7264
3 16 -10.631 31.0492 -19.7264 -9.6712 32.8907 -19.3455 -9.4728 31.1291 -19.4622
3 16 -8.7647 26.2259 -19.6398 -10.0431 26.1665 -19.9266 -9.0502 27.7605 -19.7588
3 16 -9.0502 27.7605 -19.7588 -10.0431 26.1665 -19.9266 -10.294 27.7288 -20.0032
3 16 -13.3201 29.1915 -18.6542 -10.5295 29.5459 -19.8781 -13.2119 27.717 -18.623
3 16 -13.2119 27.717 -18.623 -10.5295 29.5459 -19.8781 -10.294 27.7288 -20.0032
3 16 -10.631 31.0492 -19.7264 -10.5295 29.5459 -19.8781 -13.5299 29.8186 -18.3848
3 16 -13.5299 29.8186 -18.3848 -10.5295 29.5459 -19.8781 -13.3201 29.1915 -18.6542
3 16 -13.5299 29.8186 -18.3848 -13.3822 32.9438 -18.1916 -10.631 31.0492 -19.7264
3 16 -10.631 31.0492 -19.7264 -13.3822 32.9438 -18.1916 -10.7845 33.0669 -19.4358
3 16 -10.0431 26.1665 -19.9266 -12.0722 24.9593 -18.2112 -10.294 27.7288 -20.0032
3 16 -10.294 27.7288 -20.0032 -12.0722 24.9593 -18.2112 -13.2119 27.717 -18.623
3 16 -8.4966 23.3837 -18.6209 -6.5088 24.0644 -17.0564 -6.76 22.0165 -16.8623
3 16 -8.4966 23.3837 -18.6209 -6.76 22.0165 -16.8623 -8.5424 21.2491 -18.0481
3 16 -8.5424 21.2491 -18.0481 -6.76 22.0165 -16.8623 -6.9602 20.8865 -16.7441
3 16 -7.1191 17.3278 -11.046 -7.7328 18.5484 -16.2693 -6.4878 19.2504 -12.4261
3 16 -6.4878 19.2504 -12.4261 -7.7328 18.5484 -16.2693 -7.2599 19.7703 -16.577
3 16 -8.5424 21.2491 -18.0481 -6.9602 20.8865 -16.7441 -8.83 20.2671 -17.8523
3 16 -8.83 20.2671 -17.8523 -6.9602 20.8865 -16.7441 -7.2599 19.7703 -16.577
3 16 -7.1191 17.3278 -11.046 -8.3871 17.3461 -15.7687 -7.7328 18.5484 -16.2693
3 16 -8.83 20.2671 -17.8523 -7.2599 19.7703 -16.577 -9.0884 19.1274 -17.4287
3 16 -9.0884 19.1274 -17.4287 -7.2599 19.7703 -16.577 -7.7328 18.5484 -16.2693
3 16 -9.1936 16.2539 -15.0239 -7.1191 17.3278 -11.046 -10.2164 15.1881 -13.973
3 16 -10.2164 15.1881 -13.973 -7.1191 17.3278 -11.046 -8.1868 15.8711 -10.1005
3 16 -9.0884 19.1274 -17.4287 -7.7328 18.5484 -16.2693 -9.7238 18.0851 -17.0444
3 16 -9.7238 18.0851 -17.0444 -7.7328 18.5484 -16.2693 -8.3871 17.3461 -15.7687
3 16 -9.5632 14.5613 -8.8483 -11.8613 13.6743 -11.9205 -8.1868 15.8711 -10.1005
3 16 -8.1868 15.8711 -10.1005 -11.8613 13.6743 -11.9205 -10.2164 15.1881 -13.973
3 16 -11.5271 15.6451 -14.8461 -9.1936 16.2539 -15.0239 -10.2164 15.1881 -13.973
3 16 -9.1936 16.2539 -15.0239 -10.3646 17.301 -16.6386 -8.3871 17.3461 -15.7687
3 16 -8.3871 17.3461 -15.7687 -10.3646 17.301 -16.6386 -9.7238 18.0851 -17.0444
3 16 -5.4521 27.2128 -14.4106 -5.644 24.585 -13.967 -6.3253 25.78 -17.4541
3 16 -6.3253 25.78 -17.4541 -5.644 24.585 -13.967 -6.5088 24.0644 -17.0564
3 16 -6.5088 24.0644 -17.0564 -7.5996 25.2158 -18.512 -6.3253 25.78 -17.4541
3 16 -6.3253 25.78 -17.4541 -7.5996 25.2158 -18.512 -7.4745 26.1763 -18.7831
3 16 -9.0502 27.7605 -19.7588 -7.3031 28.058 -19.0478 -8.7647 26.2259 -19.6398
3 16 -8.7647 26.2259 -19.6398 -7.3031 28.058 -19.0478 -7.4745 26.1763 -18.7831
3 16 -6.5088 24.0644 -17.0564 -8.4966 23.3837 -18.6209 -7.5996 25.2158 -18.512
3 16 -7.5996 25.2158 -18.512 -8.4966 23.3837 -18.6209 -8.6339 24.2985 -19.1694
3 16 -8.6112 25.0946 -19.4433 -7.5996 25.2158 -18.512 -8.6339 24.2985 -19.1694
3 16 -7.5996 25.2158 -18.512 -8.6112 25.0946 -19.4433 -7.4745 26.1763 -18.7831
3 16 -7.4745 26.1763 -18.7831 -8.6112 25.0946 -19.4433 -8.7647 26.2259 -19.6398
3 16 -12.7104 35.8682 -16.9778 -12.6457 35.5779 -18.2238 -13.7845 33.7951 -16.0573
3 16 -13.7845 33.7951 -16.0573 -12.6457 35.5779 -18.2238 -13.3822 32.9438 -18.1916
3 16 -10.9539 35.6551 -18.7814 -10.7845 33.0669 -19.4358 -12.6457 35.5779 -18.2238
3 16 -12.6457 35.5779 -18.2238 -10.7845 33.0669 -19.4358 -13.3822 32.9438 -18.1916
3 16 -9.6712 32.8907 -19.3455 -10.7845 33.0669 -19.4358 -9.8449 35.7198 -18.7212
3 16 -9.8449 35.7198 -18.7212 -10.7845 33.0669 -19.4358 -10.9539 35.6551 -18.7814
3 16 -8.0608 33.3435 -18.7532 -9.6712 32.8907 -19.3455 -9.1802 35.7102 -18.5794
3 16 -9.1802 35.7102 -18.5794 -9.6712 32.8907 -19.3455 -9.8449 35.7198 -18.7212
3 16 -9.1802 35.7102 -18.5794 -8.7636 35.7531 -18.09 -8.0608 33.3435 -18.7532
3 16 -8.0608 33.3435 -18.7532 -8.7636 35.7531 -18.09 -7.2179 34.355 -16.5801
3 16 -7.2179 34.355 -16.5801 -8.7636 35.7531 -18.09 -8.4059 35.8738 -17.0546
3 16 -10.4946 36.0532 -17.3984 -8.7636 35.7531 -18.09 -9.1802 35.7102 -18.5794
3 16 -10.4946 36.0532 -17.3984 -9.8449 35.7198 -18.7212 -10.9539 35.6551 -18.7814
3 16 -12.6457 35.5779 -18.2238 -10.4946 36.0532 -17.3984 -10.9539 35.6551 -18.7814
3 16 -21.0398 7.749 -5.0023 -21.8758 10.2799 -5.4131 -21.367 7.9125 -5.9995
3 16 -21.367 7.9125 -5.9995 -21.8758 10.2799 -5.4131 -22.1741 9.5877 -6.9916
3 16 -20.7194 6.9242 -4.7645 -21.0398 7.749 -5.0023 -20.7732 6.7605 -5.0566
3 16 -20.7732 6.7605 -5.0566 -21.0398 7.749 -5.0023 -21.367 7.9125 -5.9995
3 16 -20.7732 6.7605 -5.0566 -20.3706 6.1248 -4.2166 -20.7194 6.9242 -4.7645
3 16 -20.7194 6.9242 -4.7645 -20.3706 6.1248 -4.2166 -20.3461 6.3522 -4.1074
3 16 -20.3461 6.3522 -4.1074 -20.3706 6.1248 -4.2166 -19.9701 5.8739 -3.1698
3 16 -19.9701 5.8739 -3.1698 -20.3706 6.1248 -4.2166 -19.972 5.5483 -3.1835
3 16 -19.3932 4.6941 -1.07 -19.6773 5.8858 -2.1972 -19.972 5.5483 -3.1835
3 16 -19.972 5.5483 -3.1835 -19.6773 5.8858 -2.1972 -19.9701 5.8739 -3.1698
3 16 -19.3932 4.6941 -1.07 -18.8118 8.5415 0.4837 -19.6773 5.8858 -2.1972
3 16 -18.8118 8.5415 0.4837 -20.1107 7.1099 -2.7139 -19.6773 5.8858 -2.1972
3 16 -20.5641 7.7486 -3.3782 -20.1107 7.1099 -2.7139 -19.9766 9.5674 -1.2645
3 16 -19.9766 9.5674 -1.2645 -20.1107 7.1099 -2.7139 -18.8118 8.5415 0.4837
3 16 -20.9225 8.0073 -4.2292 -20.5641 7.7486 -3.3782 -20.9706 10.6035 -2.6867
3 16 -20.9706 10.6035 -2.6867 -20.5641 7.7486 -3.3782 -19.9766 9.5674 -1.2645
3 16 -19.972 5.5483 -3.1835 -16.4521 3.925 -4.9735 -19.3932 4.6941 -1.07
3 16 -19.3932 4.6941 -1.07 -16.4521 3.925 -4.9735 -16.3598 1.5857 -2.3574
3 16 -22.8085 10.9236 -7.6201 -22.1741 9.5877 -6.9916 -22.5449 11.4993 -6.6992
3 16 -22.5449 11.4993 -6.6992 -22.1741 9.5877 -6.9916 -21.8758 10.2799 -5.4131
3 16 -22.8085 10.9236 -7.6201 -22.5449 11.4993 -6.6992 -22.7357 12.1546 -9.249
3 16 -19.6553 0.8106 0.5752 -15.1803 -1.8745 -1.9156 -19.6841 -1.0265 0.9281
3 16 -19.6841 -1.0265 0.9281 -15.1803 -1.8745 -1.9156 -15.5272 -2.8264 -1.4364
3 16 -19.6841 -1.0265 0.9281 -15.5272 -2.8264 -1.4364 -19.3562 -3.2401 1.887
3 16 -19.3562 -3.2401 1.887 -15.5272 -2.8264 -1.4364 -15.7985 -4.0833 -0.6627
3 16 -18.687 -5.0268 2.8765 -19.3562 -3.2401 1.887 -15.6716 -5.6955 0.9902
3 16 -15.6716 -5.6955 0.9902 -19.3562 -3.2401 1.887 -15.7985 -4.0833 -0.6627
3 16 -19.3932 4.6941 -1.07 -16.3598 1.5857 -2.3574 -19.4563 2.9634 0.2145
3 16 -19.4563 2.9634 0.2145 -16.3598 1.5857 -2.3574 -15.9051 -0.0501 -1.956
3 16 -15.2836 -6.9736 2.5591 -14.1654 -8.35 0.1233 -14.505 -8.9101 2.0715
3 16 -14.505 -8.9101 2.0715 -14.1654 -8.35 0.1233 -13.9994 -9.4269 0.992
3 16 -15.2836 -6.9736 2.5591 -14.505 -8.9101 2.0715 -15.1603 -7.7806 3.609
3 16 -15.1603 -7.7806 3.609 -14.505 -8.9101 2.0715 -14.7916 -8.8576 3.5244
3 16 -17.5201 -6.4361 4.4755 -15.2836 -6.9736 2.5591 -15.1603 -7.7806 3.609
3 16 -14.6808 -7.7927 5.1175 -15.1603 -7.7806 3.609 -14.4216 -8.7656 5.0142
3 16 -14.4216 -8.7656 5.0142 -15.1603 -7.7806 3.609 -14.7916 -8.8576 3.5244
3 16 -17.5201 -6.4361 4.4755 -15.1603 -7.7806 3.609 -15.4761 -7.2574 6.6342
3 16 -15.4761 -7.2574 6.6342 -15.1603 -7.7806 3.609 -14.6808 -7.7927 5.1175
3 16 -11.1162 -8.1799 7.4239 -10.7164 -10.0533 8.3153 -10.4941 -7.0992 10.1706
3 16 -10.4941 -7.0992 10.1706 -10.7164 -10.0533 8.3153 -10.0305 -9.0842 11.0116
3 16 -10.7164 -10.0533 8.3153 -11.1162 -8.1799 7.4239 -12.007 -9.1479 7.2513
3 16 -12.9118 -7.0657 9.2422 -11.1162 -8.1799 7.4239 -10.4941 -7.0992 10.1706
3 16 -13.6935 -7.9809 6.0743 -13.5414 -8.8792 6.1621 -12.2781 -8.1849 6.871
3 16 -12.2781 -8.1849 6.871 -13.5414 -8.8792 6.1621 -12.007 -9.1479 7.2513
3 16 -12.2781 -8.1849 6.871 -13.8646 -7.2617 8.1898 -13.6935 -7.9809 6.0743
3 16 -13.6935 -7.9809 6.0743 -13.8646 -7.2617 8.1898 -15.4761 -7.2574 6.6342
3 16 -14.6808 -7.7927 5.1175 -13.6935 -7.9809 6.0743 -15.4761 -7.2574 6.6342
3 16 -14.6808 -7.7927 5.1175 -14.4216 -8.7656 5.0142 -13.6935 -7.9809 6.0743
3 16 -13.6935 -7.9809 6.0743 -14.4216 -8.7656 5.0142 -13.5414 -8.8792 6.1621
3 16 -8.5847 -5.469 12.9738 -10.4941 -7.0992 10.1706 -8.3932 -7.9414 13.4701
3 16 -8.3932 -7.9414 13.4701 -10.4941 -7.0992 10.1706 -10.0305 -9.0842 11.0116
3 16 -12.9118 -7.0657 9.2422 -10.4941 -7.0992 10.1706 -11.3216 -6.0811 11.7172
3 16 -5.271 -8.022 16.114 -5.6853 -5.8202 15.5141 -6.0957 -7.8628 14.4126
3 16 -6.0957 -7.8628 14.4126 -5.6853 -5.8202 15.5141 -6.3157 -6.0617 14.2023
3 16 -6.0957 -7.8628 14.4126 -6.3157 -6.0617 14.2023 -7.2269 -7.9264 13.9794
3 16 -7.2269 -7.9264 13.9794 -6.3157 -6.0617 14.2023 -7.4377 -5.8484 13.7271
3 16 -5.6853 -5.8202 15.5141 -7.2275 -5.2197 15.4211 -6.3157 -6.0617 14.2023
3 16 -6.3157 -6.0617 14.2023 -7.2275 -5.2197 15.4211 -7.4377 -5.8484 13.7271
3 16 -10.4501 -4.7085 13.907 -11.3216 -6.0811 11.7172 -8.5847 -5.469 12.9738
3 16 -8.5847 -5.469 12.9738 -11.3216 -6.0811 11.7172 -10.4941 -7.0992 10.1706
3 16 -9.0385 -3.9249 15.1896 -8.0403 -3.6412 17.2377 -8.4798 -2.332 17.1648
3 16 -8.4798 -2.332 17.1648 -8.0403 -3.6412 17.2377 -7.1031 -2.9931 19.3668
3 16 -8.4798 -2.332 17.1648 -7.1031 -2.9931 19.3668 -8.7021 -1.8995 18.7227
3 16 -8.7021 -1.8995 18.7227 -7.1031 -2.9931 19.3668 -7.4925 -2.2418 20.8099
3 16 -6.6953 -3.1923 19.5918 -7.1031 -2.9931 19.3668 -8.0403 -3.6412 17.2377
3 16 -7.1031 -2.9931 19.3668 -6.6953 -3.1923 19.5918 -7.4925 -2.2418 20.8099
3 16 -10.1271 -1.2044 17.2529 -10.1574 -2.9152 15.9309 -8.4798 -2.332 17.1648
3 16 -8.4798 -2.332 17.1648 -10.1574 -2.9152 15.9309 -9.0385 -3.9249 15.1896
3 16 -10.1574 -2.9152 15.9309 -10.4501 -4.7085 13.907 -9.0385 -3.9249 15.1896
3 16 -10.4501 -4.7085 13.907 -8.5847 -5.469 12.9738 -9.0385 -3.9249 15.1896
3 16 -18.1618 7.431 1.8396 -19.3932 4.6941 -1.07 -18.0449 5.8918 3.0422
3 16 -18.0449 5.8918 3.0422 -19.3932 4.6941 -1.07 -19.4563 2.9634 0.2145
3 16 -18.0449 5.8918 3.0422 -19.4563 2.9634 0.2145 -18.2402 4.0367 3.9442
3 16 -18.2402 4.0367 3.9442 -19.4563 2.9634 0.2145 -19.6553 0.8106 0.5752
3 16 -18.2402 4.0367 3.9442 -19.6553 0.8106 0.5752 -18.5553 1.0327 4.6534
3 16 -18.5553 1.0327 4.6534 -19.6553 0.8106 0.5752 -19.6841 -1.0265 0.9281
3 16 -18.5553 1.0327 4.6534 -19.6841 -1.0265 0.9281 -19.3562 -3.2401 1.887
3 16 -18.5553 1.0327 4.6534 -19.3562 -3.2401 1.887 -18.6353 -2.2758 5.1174
3 16 -18.6353 -2.2758 5.1174 -19.3562 -3.2401 1.887 -18.687 -5.0268 2.8765
3 16 -18.6353 -2.2758 5.1174 -18.687 -5.0268 2.8765 -18.1106 -4.1505 6.1644
3 16 -18.1106 -4.1505 6.1644 -18.687 -5.0268 2.8765 -17.5201 -6.4361 4.4755
3 16 -18.1106 -4.1505 6.1644 -17.5201 -6.4361 4.4755 -17.1175 -4.9478 7.6171
3 16 -17.1175 -4.9478 7.6171 -17.5201 -6.4361 4.4755 -15.4761 -7.2574 6.6342
3 16 -17.1175 -4.9478 7.6171 -15.4761 -7.2574 6.6342 -15.6874 -4.6114 9.3958
3 16 -15.6874 -4.6114 9.3958 -15.4761 -7.2574 6.6342 -13.8646 -7.2617 8.1898
3 16 -15.6874 -4.6114 9.3958 -13.8646 -7.2617 8.1898 -12.9118 -7.0657 9.2422
3 16 -15.6874 -4.6114 9.3958 -12.9118 -7.0657 9.2422 -14.2485 -3.4741 11.5337
3 16 -14.2485 -3.4741 11.5337 -12.9118 -7.0657 9.2422 -11.3216 -6.0811 11.7172
3 16 -13.6325 -2.1818 13.2114 -14.2485 -3.4741 11.5337 -10.4501 -4.7085 13.907
3 16 -10.4501 -4.7085 13.907 -14.2485 -3.4741 11.5337 -11.3216 -6.0811 11.7172
3 16 -13.4284 -1.0306 14.2834 -13.6325 -2.1818 13.2114 -10.1574 -2.9152 15.9309
3 16 -10.1574 -2.9152 15.9309 -13.6325 -2.1818 13.2114 -10.4501 -4.7085 13.907
3 16 -13.3471 -0.2709 14.7741 -13.4284 -1.0306 14.2834 -11.6284 -0.8691 16.125
3 16 -11.6284 -0.8691 16.125 -13.4284 -1.0306 14.2834 -10.1574 -2.9152 15.9309
3 16 -15.6874 -4.6114 9.3958 -14.2485 -3.4741 11.5337 -15.2034 0.2442 9.1638
3 16 -15.2034 0.2442 9.1638 -14.2485 -3.4741 11.5337 -14.8564 0.446 10.1356
3 16 -15.8856 0.9036 7.6915 -17.1175 -4.9478 7.6171 -15.2034 0.2442 9.1638
3 16 -15.2034 0.2442 9.1638 -17.1175 -4.9478 7.6171 -15.6874 -4.6114 9.3958
3 16 -18.1106 -4.1505 6.1644 -17.1175 -4.9478 7.6171 -15.8856 0.9036 7.6915
3 16 -18.1106 -4.1505 6.1644 -15.8856 0.9036 7.6915 -18.6353 -2.2758 5.1174
3 16 -18.6353 -2.2758 5.1174 -15.8856 0.9036 7.6915 -18.5553 1.0327 4.6534
3 16 -16.7681 5.7324 5.3923 -18.2402 4.0367 3.9442 -16.5094 2.0368 6.751
3 16 -16.5094 2.0368 6.751 -18.2402 4.0367 3.9442 -18.5553 1.0327 4.6534
3 16 -18.2402 4.0367 3.9442 -16.7681 5.7324 5.3923 -18.0449 5.8918 3.0422
3 16 -18.0449 5.8918 3.0422 -16.7681 5.7324 5.3923 -16.9001 7.472 4.1093
3 16 -14.2485 -3.4741 11.5337 -13.6325 -2.1818 13.2114 -14.8564 0.446 10.1356
3 16 -14.8564 0.446 10.1356 -13.6325 -2.1818 13.2114 -14.6899 1.1426 10.5983
3 16 -13.6325 -2.1818 13.2114 -13.4284 -1.0306 14.2834 -14.6899 1.1426 10.5983
3 16 -14.6899 1.1426 10.5983 -13.4284 -1.0306 14.2834 -14.5092 2.1708 11.061
3 16 -13.4284 -1.0306 14.2834 -13.3471 -0.2709 14.7741 -14.5092 2.1708 11.061
3 16 -14.5092 2.1708 11.061 -13.3471 -0.2709 14.7741 -14.2371 3.5987 11.657
3 16 -10.1574 -2.9152 15.9309 -10.1271 -1.2044 17.2529 -11.6284 -0.8691 16.125
3 16 -11.6284 -0.8691 16.125 -10.1271 -1.2044 17.2529 -10.4467 -0.8771 17.1967
3 16 -18.5553 1.0327 4.6534 -15.8856 0.9036 7.6915 -16.5094 2.0368 6.751
3 16 -18.8118 8.5415 0.4837 -19.3932 4.6941 -1.07 -18.1618 7.431 1.8396
3 16 -20.9225 8.0073 -4.2292 -20.9706 10.6035 -2.6867 -21.8758 10.2799 -5.4131
3 16 -21.8758 10.2799 -5.4131 -20.9706 10.6035 -2.6867 -21.6118 11.5297 -4.4811
3 16 -22.5449 11.4993 -6.6992 -21.8758 10.2799 -5.4131 -22.1721 12.3008 -6.3339
3 16 -22.1721 12.3008 -6.3339 -21.8758 10.2799 -5.4131 -21.6118 11.5297 -4.4811
3 16 -22.7357 12.1546 -9.249 -22.5449 11.4993 -6.6992 -22.391 13.0984 -8.7713
3 16 -22.391 13.0984 -8.7713 -22.5449 11.4993 -6.6992 -22.1721 12.3008 -6.3339
3 16 -17.8632 9.568 1.2207 -18.8118 8.5415 0.4837 -18.1618 7.431 1.8396
3 16 -19.9766 9.5674 -1.2645 -18.8118 8.5415 0.4837 -17.8632 9.568 1.2207
3 16 -20.9706 10.6035 -2.6867 -18.4756 12.0574 -1.8096 -21.6118 11.5297 -4.4811
3 16 -21.6118 11.5297 -4.4811 -18.4756 12.0574 -1.8096 -18.7944 13.8083 -4.3781
3 16 -22.391 13.0984 -8.7713 -22.1721 12.3008 -6.3339 -21.7068 13.9164 -8.3357
3 16 11.2308 4.8298 16.1525 12.906 3.8954 13.2267 11.2563 7.6552 15.9321
3 16 11.2563 7.6552 15.9321 12.906 3.8954 13.2267 12.7892 7.6392 12.3985
3 16 17.0569 -4.4776 2.0979 19.7029 -1.8227 1.8631 18.2641 -4.2273 3.4111
3 16 17.0569 -4.4776 2.0979 18.2641 -4.2273 3.4111 17.7787 -6.6208 3.5759
3 16 17.7787 -6.6208 3.5759 18.2641 -4.2273 3.4111 18.7831 -5.8062 4.157
3 16 -20.9706 10.6035 -2.6867 -19.9766 9.5674 -1.2645 -18.4756 12.0574 -1.8096
3 16 -18.4756 12.0574 -1.8096 -19.9766 9.5674 -1.2645 -17.8632 9.568 1.2207
3 16 -17.8632 9.568 1.2207 -17.2668 9.6945 3.5802 -16.9206 15.9977 3.2418
3 16 -16.9206 15.9977 3.2418 -17.2668 9.6945 3.5802 -16.1469 15.005 5.6511
3 16 -17.8632 9.568 1.2207 -16.9001 7.472 4.1093 -17.2668 9.6945 3.5802
3 16 -16.7681 5.7324 5.3923 -16.5094 2.0368 6.751 -16.2197 3.6438 7.9161
3 16 -16.5094 2.0368 6.751 -15.8856 0.9036 7.6915 -16.2197 3.6438 7.9161
3 16 -17.2668 9.6945 3.5802 -16.6267 9.6359 6.0348 -16.1469 15.005 5.6511
3 16 -16.1469 15.005 5.6511 -16.6267 9.6359 6.0348 -15.5032 13.6325 7.7548
3 16 -15.8856 0.9036 7.6915 -15.2034 0.2442 9.1638 -16.2197 3.6438 7.9161
3 16 -14.8564 0.446 10.1356 -14.8226 2.2071 10.5112 -15.2034 0.2442 9.1638
3 16 -15.2034 0.2442 9.1638 -14.8226 2.2071 10.5112 -16.2197 3.6438 7.9161
3 16 -14.8564 0.446 10.1356 -14.6899 1.1426 10.5983 -14.8226 2.2071 10.5112
3 16 -14.8226 2.2071 10.5112 -14.6899 1.1426 10.5983 -14.5092 2.1708 11.061
3 16 -14.8226 2.2071 10.5112 -14.7792 4.0452 10.8294 -16.2197 3.6438 7.9161
3 16 -16.2197 3.6438 7.9161 -14.7792 4.0452 10.8294 -16.025 5.9261 8.4172
3 16 -17.463 16.856 0.4366 -18.4756 12.0574 -1.8096 -16.9206 15.9977 3.2418
3 16 -16.9206 15.9977 3.2418 -18.4756 12.0574 -1.8096 -17.8632 9.568 1.2207
3 16 -16.6267 9.6359 6.0348 -15.2067 12.0106 8.9705 -15.5032 13.6325 7.7548
3 16 -16.9206 15.9977 3.2418 -16.1469 15.005 5.6511 -14.8598 17.4903 3.5173
3 16 -14.8598 17.4903 3.5173 -16.1469 15.005 5.6511 -13.9588 16.2516 6.1004
3 16 -17.463 16.856 0.4366 -16.9206 15.9977 3.2418 -15.4657 18.487 0.8778
3 16 -15.4657 18.487 0.8778 -16.9206 15.9977 3.2418 -14.8598 17.4903 3.5173
3 16 -18.1747 16.1485 -9.8939 -18.6066 15.3889 -8.3483 -17.5773 18.677 -7.2263
3 16 -18.6066 15.3889 -8.3483 -18.7721 14.8476 -7.6833 -17.5773 18.677 -7.2263
3 16 -17.5773 18.677 -7.2263 -18.7721 14.8476 -7.6833 -17.8879 17.8866 -4.3851
3 16 -18.9515 14.5528 -7.7261 -18.9873 14.4673 -6.8628 -18.7721 14.8476 -7.6833
3 16 -17.8879 17.8866 -4.3851 -18.7721 14.8476 -7.6833 -18.9873 14.4673 -6.8628
3 16 -18.9515 14.5528 -7.7261 -18.6038 14.4595 -8.9247 -20.6376 14.338 -8.6447
3 16 -20.6376 14.338 -8.6447 -18.6038 14.4595 -8.9247 -19.6759 13.9377 -9.9753
3 16 -18.9873 14.4673 -6.8628 -18.9515 14.5528 -7.7261 -20.1865 14.14 -6.8488
3 16 -20.1865 14.14 -6.8488 -18.9515 14.5528 -7.7261 -20.6376 14.338 -8.6447
3 16 -17.5773 18.677 -7.2263 -17.8879 17.8866 -4.3851 -15.5304 20.3778 -5.7239
3 16 -15.5304 20.3778 -5.7239 -17.8879 17.8866 -4.3851 -15.8095 19.7284 -3.6028
3 16 -16.7495 19.7643 -9.7813 -15.3709 21.3885 -11.4028 -17.2425 17.0552 -12.0865
3 16 -17.2425 17.0552 -12.0865 -15.3709 21.3885 -11.4028 -15.1312 18.9167 -14.7291
3 16 -15.3709 21.3885 -11.4028 -13.8968 20.5036 -15.765 -15.1312 18.9167 -14.7291
3 16 -20.6376 14.338 -8.6447 -21.7068 13.9164 -8.3357 -20.1865 14.14 -6.8488
3 16 -20.1865 14.14 -6.8488 -21.7068 13.9164 -8.3357 -22.1721 12.3008 -6.3339
3 16 -18.7944 13.8083 -4.3781 -20.1865 14.14 -6.8488 -21.6118 11.5297 -4.4811
3 16 -21.6118 11.5297 -4.4811 -20.1865 14.14 -6.8488 -22.1721 12.3008 -6.3339
3 16 -18.9873 14.4673 -6.8628 -20.1865 14.14 -6.8488 -18.7944 13.8083 -4.3781
3 16 -19.4152 12.9041 -10.9344 -20.2327 12.1028 -11.1362 -21.1841 13.3115 -9.8495
3 16 -21.1841 13.3115 -9.8495 -20.2327 12.1028 -11.1362 -21.843 11.7645 -10.2576
3 16 -21.843 11.7645 -10.2576 -22.7357 12.1546 -9.249 -21.1841 13.3115 -9.8495
3 16 -21.1841 13.3115 -9.8495 -22.7357 12.1546 -9.249 -22.391 13.0984 -8.7713
3 16 -22.391 13.0984 -8.7713 -21.7068 13.9164 -8.3357 -21.1841 13.3115 -9.8495
3 16 -21.1841 13.3115 -9.8495 -21.7068 13.9164 -8.3357 -20.6376 14.338 -8.6447
3 16 -20.6376 14.338 -8.6447 -19.6759 13.9377 -9.9753 -21.1841 13.3115 -9.8495
3 16 -21.1841 13.3115 -9.8495 -19.6759 13.9377 -9.9753 -19.4152 12.9041 -10.9344
3 16 -16.7495 19.7643 -9.7813 -17.5773 18.677 -7.2263 -14.868 21.062 -7.5516
3 16 -14.868 21.062 -7.5516 -17.5773 18.677 -7.2263 -15.5304 20.3778 -5.7239
3 16 -15.3709 21.3885 -11.4028 -16.7495 19.7643 -9.7813 -13.8669 21.7289 -8.9178
3 16 -13.8669 21.7289 -8.9178 -16.7495 19.7643 -9.7813 -14.868 21.062 -7.5516
3 16 -14.2442 23.3957 -12.3575 -15.3709 21.3885 -11.4028 -12.7491 22.7127 -10.2569
3 16 -12.7491 22.7127 -10.2569 -15.3709 21.3885 -11.4028 -13.8669 21.7289 -8.9178
3 16 -14.2442 23.3957 -12.3575 -12.7491 22.7127 -10.2569 -12.231 23.6583 -10.8464
3 16 -14.2442 23.3957 -12.3575 -12.231 23.6583 -10.8464 -14.0611 25.0736 -12.803
3 16 -14.0611 25.0736 -12.803 -12.231 23.6583 -10.8464 -11.9727 25.2863 -11.2037
3 16 -14.0611 25.0736 -12.803 -11.9727 25.2863 -11.2037 -14.1299 26.7748 -13.2538
3 16 -14.1299 26.7748 -13.2538 -11.9727 25.2863 -11.2037 -12.0865 27.5724 -11.4944
3 16 -14.1299 26.7748 -13.2538 -12.0865 27.5724 -11.4944 -14.3813 29.7397 -14.2947
3 16 -14.3813 29.7397 -14.2947 -12.0865 27.5724 -11.4944 -12.1326 30.5299 -12.2231
3 16 -13.7845 33.7951 -16.0573 -14.3098 32.0109 -15.3322 -11.887 34.1539 -14.3696
3 16 -11.887 34.1539 -14.3696 -14.3098 32.0109 -15.3322 -12.0621 32.7147 -13.3013
3 16 -12.7104 35.8682 -16.9778 -13.7845 33.7951 -16.0573 -11.5314 35.935 -16.0859
3 16 -11.5314 35.935 -16.0859 -13.7845 33.7951 -16.0573 -11.887 34.1539 -14.3696
3 16 -10.4467 -0.8771 17.1967 -10.1271 -1.2044 17.2529 -10.3937 -0.632 18.6576
3 16 -10.4467 -0.8771 17.1967 -10.3937 -0.632 18.6576 -10.9313 1.2044 17.5696
3 16 -10.9313 1.2044 17.5696 -10.3937 -0.632 18.6576 -10.7858 1.2548 19.2511
3 16 -13.3471 -0.2709 14.7741 -13.3124 1.0322 15.1326 -14.2371 3.5987 11.657
3 16 -14.2371 3.5987 11.657 -13.3124 1.0322 15.1326 -13.3215 2.4579 15.1325
3 16 -13.3215 2.4579 15.1325 -13.1368 5.7177 14.6732 -14.2371 3.5987 11.657
3 16 -14.2371 3.5987 11.657 -13.1368 5.7177 14.6732 -13.6608 6.415 12.3267
3 16 -13.3124 1.0322 15.1326 -13.3471 -0.2709 14.7741 -11.8969 0.7954 16.448
3 16 -11.8969 0.7954 16.448 -13.3471 -0.2709 14.7741 -11.6284 -0.8691 16.125
3 16 -11.9316 12.16 10.6655 -13.3616 14.7515 8.3887 -15.2067 12.0106 8.9705
3 16 -15.2067 12.0106 8.9705 -13.3616 14.7515 8.3887 -15.5032 13.6325 7.7548
3 16 -12.8395 15.1624 8.2243 -13.3539 15.6134 7.3153 -13.3616 14.7515 8.3887
3 16 -13.3616 14.7515 8.3887 -13.3539 15.6134 7.3153 -15.5032 13.6325 7.7548
3 16 -13.3616 14.7515 8.3887 -10.9572 13.0748 11.4081 -12.8395 15.1624 8.2243
3 16 -11.6199 15.7597 9.2665 -12.8395 15.1624 8.2243 -10.9572 13.0748 11.4081
3 16 -4.5755 11.6961 19.4626 -2.2725 12.6306 18.8903 -3.6279 14.7733 15.5202
3 16 -4.5755 11.6961 19.4626 -1.6161 11.9161 19.2934 -2.2725 12.6306 18.8903
3 16 -1.1935 10.8042 19.6498 -1.6161 11.9161 19.2934 -3.2534 9.7789 20.0764
3 16 -3.2534 9.7789 20.0764 -1.6161 11.9161 19.2934 -4.5755 11.6961 19.4626
3 16 -1.1935 10.8042 19.6498 -0.1865 11.4065 19.4909 -1.6161 11.9161 19.2934
3 16 -1.6161 11.9161 19.2934 -0.1865 11.4065 19.4909 -0.9136 13.3419 18.5872
3 16 -0.1775 9.0536 19.9328 1.1904 10.8762 19.7132 0.5041 11.1913 19.5749
3 16 0.8034 7.8915 20.1122 -0.1775 9.0536 19.9328 -1.7667 7.2075 20.4923
3 16 -13.3215 2.4579 15.1325 -12.2165 3.3653 16.3022 -13.1368 5.7177 14.6732
3 16 -13.1368 5.7177 14.6732 -12.2165 3.3653 16.3022 -11.5591 5.6808 16.9742
3 16 -13.1368 5.7177 14.6732 -11.5591 5.6808 16.9742 -12.6618 8.3754 14.4052
3 16 -12.6618 8.3754 14.4052 -11.5591 5.6808 16.9742 -10.9903 9.2451 16.4517
3 16 -13.1368 5.7177 14.6732 -12.6618 8.3754 14.4052 -13.6608 6.415 12.3267
3 16 -13.6608 6.415 12.3267 -12.6618 8.3754 14.4052 -13.23 8.6654 12.0192
3 16 -12.2037 9.7328 14.496 -12.6618 8.3754 14.4052 -10.9903 9.2451 16.4517
3 16 -8.997 10.3157 17.8215 -8.1349 11.8968 18.129 -9.3255 12.0962 17.1147
3 16 -11.5641 10.8977 14.917 -12.2037 9.7328 14.496 -10.9903 9.2451 16.4517
3 16 -10.6504 11.8695 15.668 -11.5641 10.8977 14.917 -10.9903 9.2451 16.4517
3 16 -10.9572 13.0748 11.4081 -11.9316 12.16 10.6655 -11.5641 10.8977 14.917
3 16 -8.1349 11.8968 18.129 -6.7243 14.8239 14.1926 -9.3255 12.0962 17.1147
3 16 -9.3255 12.0962 17.1147 -6.7243 14.8239 14.1926 -8.2057 14.5511 13.3107
3 16 -3.6279 14.7733 15.5202 -5.4446 14.91 14.8093 -4.5755 11.6961 19.4626
3 16 -4.5755 11.6961 19.4626 -5.4446 14.91 14.8093 -6.8681 11.4656 18.9486
3 16 -8.997 10.3157 17.8215 -9.3255 12.0962 17.1147 -10.9903 9.2451 16.4517
3 16 -9.7673 14.002 12.2017 -10.6504 11.8695 15.668 -8.2057 14.5511 13.3107
3 16 -8.2057 14.5511 13.3107 -10.6504 11.8695 15.668 -9.3255 12.0962 17.1147
3 16 -0.9136 13.3419 18.5872 -2.2725 12.6306 18.8903 -1.6161 11.9161 19.2934
3 16 -9.7673 14.002 12.2017 -10.9572 13.0748 11.4081 -10.6504 11.8695 15.668
3 16 -10.6504 11.8695 15.668 -10.9572 13.0748 11.4081 -11.5641 10.8977 14.917
3 16 -6.8681 11.4656 18.9486 -5.7086 10.7149 19.5097 -4.5755 11.6961 19.4626
3 16 -3.2534 9.7789 20.0764 -4.5755 11.6961 19.4626 -5.0545 9.6028 19.9042
3 16 -5.0545 9.6028 19.9042 -4.5755 11.6961 19.4626 -5.7086 10.7149 19.5097
3 16 -5.0545 9.6028 19.9042 -6.2765 7.3532 19.9916 -4.8146 8.415 20.1909
3 16 -4.8146 8.415 20.1909 -6.2765 7.3532 19.9916 -5.2646 7.1838 20.4227
3 16 -4.8146 8.415 20.1909 -5.2646 7.1838 20.4227 -3.37 7.7355 20.5225
3 16 -3.37 7.7355 20.5225 -5.2646 7.1838 20.4227 -3.5042 6.3557 20.8419
3 16 -1.7667 7.2075 20.4923 -3.37 7.7355 20.5225 -3.5042 6.3557 20.8419
3 16 -11.3974 3.7728 18.954 -11.6086 3.5866 17.1294 -11.1613 2.2979 17.5843
3 16 -10.9313 1.2044 17.5696 -10.7858 1.2548 19.2511 -11.1613 2.2979 17.5843
3 16 -11.1613 2.2979 17.5843 -10.7858 1.2548 19.2511 -11.3974 3.7728 18.954
3 16 -10.9313 1.2044 17.5696 -11.1613 2.2979 17.5843 -11.8969 0.7954 16.448
3 16 -11.8969 0.7954 16.448 -11.1613 2.2979 17.5843 -12.2165 3.3653 16.3022
3 16 -12.2165 3.3653 16.3022 -11.1613 2.2979 17.5843 -11.6086 3.5866 17.1294
3 16 -12.2165 3.3653 16.3022 -11.6086 3.5866 17.1294 -11.5591 5.6808 16.9742
3 16 -11.5591 5.6808 16.9742 -11.6086 3.5866 17.1294 -10.905 5.0238 18.401
3 16 -13.3124 1.0322 15.1326 -11.8969 0.7954 16.448 -13.3215 2.4579 15.1325
3 16 -13.3215 2.4579 15.1325 -11.8969 0.7954 16.448 -12.2165 3.3653 16.3022
3 16 -11.3974 3.7728 18.954 -10.905 5.0238 18.401 -11.6086 3.5866 17.1294
3 16 -8.997 10.3157 17.8215 -8.4352 6.6552 19.4245 -6.2765 7.3532 19.9916
3 16 -8.4352 6.6552 19.4245 -8.5253 6.471 21.433 -6.2765 7.3532 19.9916
3 16 -6.2765 7.3532 19.9916 -8.5253 6.471 21.433 -6.0504 6.8809 22.112
3 16 -5.2646 7.1838 20.4227 -6.2765 7.3532 19.9916 -6.0504 6.8809 22.112
3 16 -8.997 10.3157 17.8215 -5.7086 10.7149 19.5097 -6.8681 11.4656 18.9486
3 16 -5.7086 10.7149 19.5097 -8.997 10.3157 17.8215 -5.0545 9.6028 19.9042
3 16 -8.997 10.3157 17.8215 -6.2765 7.3532 19.9916 -5.0545 9.6028 19.9042
3 16 -10.905 5.0238 18.401 -8.4352 6.6552 19.4245 -11.5591 5.6808 16.9742
3 16 -11.5591 5.6808 16.9742 -8.4352 6.6552 19.4245 -8.997 10.3157 17.8215
3 16 -8.4352 6.6552 19.4245 -10.905 5.0238 18.401 -8.5253 6.471 21.433
3 16 -10.9903 9.2451 16.4517 -11.5591 5.6808 16.9742 -8.997 10.3157 17.8215
3 16 -6.7243 14.8239 14.1926 -8.1349 11.8968 18.129 -5.4446 14.91 14.8093
3 16 -5.4446 14.91 14.8093 -8.1349 11.8968 18.129 -6.8681 11.4656 18.9486
3 16 16.9913 -7.9144 4.8368 18.7831 -5.8062 4.157 17.3801 -7.9401 6.0417
3 16 17.3801 -7.9401 6.0417 18.7831 -5.8062 4.157 19.1402 -5.543 5.4372
3 16 18.3794 -4.4867 8.6768 17.4637 -2.284 6.7049 17.8609 -3.8072 9.7768
3 16 17.8609 -3.8072 9.7768 17.4637 -2.284 6.7049 16.6697 -1.4842 8.877
3 16 18.7149 -3.9268 4.7363 17.4637 -2.284 6.7049 19.1402 -5.543 5.4372
3 16 19.1402 -5.543 5.4372 17.4637 -2.284 6.7049 18.3794 -4.4867 8.6768
3 16 18.2641 -4.2273 3.4111 18.7149 -3.9268 4.7363 18.7831 -5.8062 4.157
3 16 18.7831 -5.8062 4.157 18.7149 -3.9268 4.7363 19.1402 -5.543 5.4372
3 16 14.7757 0.2582 12.2385 14.7538 -0.602 13.4679 15.8821 -0.6526 10.8578
3 16 15.8821 -0.6526 10.8578 14.7538 -0.602 13.4679 16.3497 -2.2368 12.0517
3 16 14.7757 0.2582 12.2385 14.0756 0.923 12.8885 14.7538 -0.602 13.4679
3 16 14.7538 -0.602 13.4679 14.0756 0.923 12.8885 14.0046 0.244 13.8774
3 16 12.906 3.8954 13.2267 13.2332 2.2574 13.3224 14.2767 3.3751 12.6454
3 16 13.6231 1.4283 13.1982 13.4009 1.1768 14.0045 14.0756 0.923 12.8885
3 16 14.0756 0.923 12.8885 13.4009 1.1768 14.0045 14.0046 0.244 13.8774
3 16 13.2332 2.2574 13.3224 12.906 3.8954 13.2267 12.993 2.28 13.8256
3 16 13.2332 2.2574 13.3224 12.993 2.28 13.8256 13.6231 1.4283 13.1982
3 16 13.6231 1.4283 13.1982 12.993 2.28 13.8256 13.4009 1.1768 14.0045
3 16 16.3497 -2.2368 12.0517 14.7781 -3.8945 15.1572 16.045 -5.5863 13.0829
3 16 17.2065 -7.0954 10.1662 17.8609 -3.8072 9.7768 16.045 -5.5863 13.0829
3 16 16.045 -5.5863 13.0829 17.8609 -3.8072 9.7768 16.3497 -2.2368 12.0517
3 16 17.2065 -7.0954 10.1662 16.045 -5.5863 13.0829 15.5605 -7.9801 10.291
3 16 15.5605 -7.9801 10.291 16.045 -5.5863 13.0829 14.6286 -6.5924 13.1619
3 16 15.8821 -0.6526 10.8578 16.3497 -2.2368 12.0517 16.6697 -1.4842 8.877
3 16 16.6697 -1.4842 8.877 16.3497 -2.2368 12.0517 17.8609 -3.8072 9.7768
3 16 16.9791 -6.801 3.0842 17.7787 -6.6208 3.5759 16.3086 -7.6828 3.8117
3 16 16.3086 -7.6828 3.8117 17.7787 -6.6208 3.5759 16.9913 -7.9144 4.8368
3 16 15.3642 -6.6955 2.0344 16.9791 -6.801 3.0842 15.275 -7.2048 2.449
3 16 15.275 -7.2048 2.449 16.9791 -6.801 3.0842 16.3086 -7.6828 3.8117
3 16 17.0569 -4.4776 2.0979 16.9791 -6.801 3.0842 15.6394 -6.1982 1.8691
3 16 16.3086 -7.6828 3.8117 16.9913 -7.9144 4.8368 15.4647 -8.6416 4.3751
3 16 15.4647 -8.6416 4.3751 16.9913 -7.9144 4.8368 15.5745 -8.792 5.0053
3 16 15.4647 -8.6416 4.3751 15.1893 -9.1764 4.1363 15.378 -7.9563 3.3058
3 16 15.378 -7.9563 3.3058 15.1893 -9.1764 4.1363 15.0116 -8.8985 2.9471
3 16 15.378 -7.9563 3.3058 16.3086 -7.6828 3.8117 15.4647 -8.6416 4.3751
3 16 12.4921 -1.1702 16.7592 11.7326 0.467 16.8328 10.5261 -1.0905 17.1711
3 16 12.4921 -1.1702 16.7592 13.6715 -2.6771 16.1334 14.0046 0.244 13.8774
3 16 14.0046 0.244 13.8774 13.6715 -2.6771 16.1334 14.7538 -0.602 13.4679
3 16 11.7326 0.467 16.8328 11.3765 2.2144 16.5515 9.8291 1.0609 17.2867
3 16 9.8291 1.0609 17.2867 11.3765 2.2144 16.5515 9.2276 3.1688 17.426
3 16 11.7326 0.467 16.8328 12.4921 -1.1702 16.7592 13.4009 1.1768 14.0045
3 16 13.4009 1.1768 14.0045 12.4921 -1.1702 16.7592 14.0046 0.244 13.8774
3 16 11.7326 0.467 16.8328 13.4009 1.1768 14.0045 11.3765 2.2144 16.5515
3 16 11.3765 2.2144 16.5515 13.4009 1.1768 14.0045 12.993 2.28 13.8256
3 16 11.3765 2.2144 16.5515 12.993 2.28 13.8256 11.2308 4.8298 16.1525
3 16 11.2308 4.8298 16.1525 12.993 2.28 13.8256 12.906 3.8954 13.2267
3 16 17.3801 -7.9401 6.0417 17.2065 -7.0954 10.1662 15.8228 -8.8857 6.9632
3 16 15.6932 -9.0429 6.29 15.5745 -8.792 5.0053 17.3801 -7.9401 6.0417
3 16 17.3801 -7.9401 6.0417 15.5745 -8.792 5.0053 16.9913 -7.9144 4.8368
3 16 9.8291 1.0609 17.2867 9.2276 3.1688 17.426 7.7848 2.124 17.9141
3 16 10.4078 7.6564 16.999 10.0647 5.1842 17.1231 11.2563 7.6552 15.9321
3 16 11.2563 7.6552 15.9321 10.0647 5.1842 17.1231 11.2308 4.8298 16.1525
3 16 11.2563 7.6552 15.9321 12.7892 7.6392 12.3985 10.8771 9.7387 16.0207
3 16 10.8771 9.7387 16.0207 12.7892 7.6392 12.3985 12.2635 11.978 10.5239
3 16 10.4078 7.6564 16.999 11.2563 7.6552 15.9321 10.8771 9.7387 16.0207
3 16 7.4514 14.2413 16.7955 8.5937 11.3525 18.1355 9.0866 13.0421 16.4471
3 16 -3.6279 14.7733 15.5202 -2.2725 12.6306 18.8903 -1.5839 15.1924 15.7349
3 16 -1.5839 15.1924 15.7349 -2.2725 12.6306 18.8903 -0.9136 13.3419 18.5872
3 16 -0.9136 13.3419 18.5872 0.8489 14.2657 18.1205 -1.5839 15.1924 15.7349
3 16 -1.5839 15.1924 15.7349 0.8489 14.2657 18.1205 0.1748 15.8903 15.5566
3 16 0.8489 14.2657 18.1205 2.952 15.0212 17.5609 0.1748 15.8903 15.5566
3 16 0.1748 15.8903 15.5566 2.952 15.0212 17.5609 2.5022 16.4313 15.289
3 16 7.4514 14.2413 16.7955 9.0866 13.0421 16.4471 7.3618 15.7588 13.7199
3 16 7.3618 15.7588 13.7199 9.0866 13.0421 16.4471 9.4915 14.5193 12.8301
3 16 5.5347 14.8973 17.1346 7.4514 14.2413 16.7955 5.0998 16.3933 14.6232
3 16 5.0998 16.3933 14.6232 7.4514 14.2413 16.7955 7.3618 15.7588 13.7199
3 16 2.952 15.0212 17.5609 5.5347 14.8973 17.1346 2.5022 16.4313 15.289
3 16 2.5022 16.4313 15.289 5.5347 14.8973 17.1346 5.0998 16.3933 14.6232
3 16 5.5347 14.8973 17.1346 5.9802 12.1921 19.235 7.4514 14.2413 16.7955
3 16 7.4514 14.2413 16.7955 5.9802 12.1921 19.235 8.5937 11.3525 18.1355
3 16 5.9802 12.1921 19.235 5.5347 14.8973 17.1346 3.8289 12.0412 19.6915
3 16 3.8289 12.0412 19.6915 5.5347 14.8973 17.1346 2.952 15.0212 17.5609
3 16 0.8489 14.2657 18.1205 -0.9136 13.3419 18.5872 0.5041 11.1913 19.5749
3 16 0.5041 11.1913 19.5749 -0.9136 13.3419 18.5872 -0.1865 11.4065 19.4909
3 16 2.952 15.0212 17.5609 0.8489 14.2657 18.1205 1.1904 10.8762 19.7132
3 16 1.1904 10.8762 19.7132 0.8489 14.2657 18.1205 0.5041 11.1913 19.5749
3 16 1.1904 10.8762 19.7132 2.4956 10.9792 20.0068 2.952 15.0212 17.5609
3 16 3.8289 12.0412 19.6915 2.952 15.0212 17.5609 2.4956 10.9792 20.0068
3 16 1.6197 9.8326 20.0389 2.4956 10.9792 20.0068 1.1904 10.8762 19.7132
3 16 -0.1865 11.4065 19.4909 -1.1935 10.8042 19.6498 0.5041 11.1913 19.5749
3 16 0.5041 11.1913 19.5749 -1.1935 10.8042 19.6498 -0.1775 9.0536 19.9328
3 16 -1.1935 10.8042 19.6498 -3.2534 9.7789 20.0764 -0.1775 9.0536 19.9328
3 16 -0.1775 9.0536 19.9328 -3.2534 9.7789 20.0764 -1.7667 7.2075 20.4923
3 16 -3.2534 9.7789 20.0764 -5.0545 9.6028 19.9042 -4.8146 8.415 20.1909
3 16 -4.8146 8.415 20.1909 -3.37 7.7355 20.5225 -3.2534 9.7789 20.0764
3 16 -3.2534 9.7789 20.0764 -3.37 7.7355 20.5225 -1.7667 7.2075 20.4923
3 16 1.1904 10.8762 19.7132 -0.1775 9.0536 19.9328 1.6197 9.8326 20.0389
3 16 1.6197 9.8326 20.0389 -0.1775 9.0536 19.9328 0.8034 7.8915 20.1122
3 16 11.3765 2.2144 16.5515 11.2308 4.8298 16.1525 9.2276 3.1688 17.426
3 16 9.2276 3.1688 17.426 11.2308 4.8298 16.1525 10.0647 5.1842 17.1231
3 16 9.4594 -2.7865 17.0756 10.5261 -1.0905 17.1711 7.8085 -0.4033 17.5868
3 16 7.8085 -0.4033 17.5868 10.5261 -1.0905 17.1711 7.8644 0.8435 17.739
3 16 10.5261 -1.0905 17.1711 11.7326 0.467 16.8328 9.8291 1.0609 17.2867
3 16 16.045 -5.5863 13.0829 14.7781 -3.8945 15.1572 14.6286 -6.5924 13.1619
3 16 14.6286 -6.5924 13.1619 14.7781 -3.8945 15.1572 13.2614 -5.4458 15.0167
3 16 13.6715 -2.6771 16.1334 14.7781 -3.8945 15.1572 14.7538 -0.602 13.4679
3 16 14.7538 -0.602 13.4679 14.7781 -3.8945 15.1572 16.3497 -2.2368 12.0517
3 16 13.6715 -2.6771 16.1334 12.0873 -4.6116 16.0012 14.7781 -3.8945 15.1572
3 16 14.7781 -3.8945 15.1572 12.0873 -4.6116 16.0012 13.2614 -5.4458 15.0167
3 16 -8.2057 14.5511 13.3107 -8.5334 17.2269 11.4052 -9.7673 14.002 12.2017
3 16 -9.7673 14.002 12.2017 -8.5334 17.2269 11.4052 -10.1845 16.4791 10.3237
3 16 -5.4446 14.91 14.8093 -5.2499 18.3869 13.062 -6.7243 14.8239 14.1926
3 16 -6.7243 14.8239 14.1926 -5.2499 18.3869 13.062 -6.8551 17.8662 12.3085
3 16 -1.9317 19.0051 13.9306 -3.3211 18.8397 13.6701 -1.5839 15.1924 15.7349
3 16 -1.5839 15.1924 15.7349 -3.3211 18.8397 13.6701 -3.6279 14.7733 15.5202
3 16 -0.0034 19.1119 14.0642 -1.9317 19.0051 13.9306 0.1748 15.8903 15.5566
3 16 0.1748 15.8903 15.5566 -1.9317 19.0051 13.9306 -1.5839 15.1924 15.7349
3 16 5.0509 18.4608 13.1066 2.452 18.9921 13.9283 5.0998 16.3933 14.6232
3 16 5.0998 16.3933 14.6232 2.452 18.9921 13.9283 2.5022 16.4313 15.289
3 16 7.4739 17.6857 11.9954 5.0509 18.4608 13.1066 7.3618 15.7588 13.7199
3 16 7.3618 15.7588 13.7199 5.0509 18.4608 13.1066 5.0998 16.3933 14.6232
3 16 -11.6199 15.7597 9.2665 -10.9572 13.0748 11.4081 -10.1845 16.4791 10.3237
3 16 -10.1845 16.4791 10.3237 -10.9572 13.0748 11.4081 -9.7673 14.002 12.2017
3 16 -8.5334 17.2269 11.4052 -8.2057 14.5511 13.3107 -6.8551 17.8662 12.3085
3 16 -6.8551 17.8662 12.3085 -8.2057 14.5511 13.3107 -6.7243 14.8239 14.1926
3 16 -14.5092 2.1708 11.061 -14.2371 3.5987 11.657 -14.8226 2.2071 10.5112
3 16 -14.8226 2.2071 10.5112 -14.2371 3.5987 11.657 -14.7792 4.0452 10.8294
3 16 -3.6279 14.7733 15.5202 -3.3211 18.8397 13.6701 -5.4446 14.91 14.8093
3 16 -5.4446 14.91 14.8093 -3.3211 18.8397 13.6701 -5.2499 18.3869 13.062
3 16 2.452 18.9921 13.9283 -0.0034 19.1119 14.0642 2.5022 16.4313 15.289
3 16 2.5022 16.4313 15.289 -0.0034 19.1119 14.0642 0.1748 15.8903 15.5566
3 16 -16.025 5.9261 8.4172 -16.7681 5.7324 5.3923 -16.2197 3.6438 7.9161
3 16 -17.2668 9.6945 3.5802 -16.9001 7.472 4.1093 -16.6267 9.6359 6.0348
3 16 -16.025 5.9261 8.4172 -14.7792 4.0452 10.8294 -14.8208 6.3894 10.7544
3 16 -16.025 5.9261 8.4172 -16.0935 8.2622 7.8438 -16.7681 5.7324 5.3923
3 16 -16.9001 7.472 4.1093 -16.7681 5.7324 5.3923 -16.0935 8.2622 7.8438
3 16 -13.6608 6.415 12.3267 -14.8208 6.3894 10.7544 -14.2371 3.5987 11.657
3 16 -14.2371 3.5987 11.657 -14.8208 6.3894 10.7544 -14.7792 4.0452 10.8294
3 16 -12.6618 8.3754 14.4052 -12.2037 9.7328 14.496 -13.23 8.6654 12.0192
3 16 -13.23 8.6654 12.0192 -12.2037 9.7328 14.496 -12.6029 10.6467 11.3715
3 16 -14.8845 8.2547 10.3936 -14.9599 9.8946 9.9406 -16.0935 8.2622 7.8438
3 16 -14.8208 6.3894 10.7544 -14.8845 8.2547 10.3936 -16.025 5.9261 8.4172
3 16 -16.025 5.9261 8.4172 -14.8845 8.2547 10.3936 -16.0935 8.2622 7.8438
3 16 -16.6267 9.6359 6.0348 -16.9001 7.472 4.1093 -16.0935 8.2622 7.8438
3 16 9.8955 16.7509 10.6498 7.4739 17.6857 11.9954 9.4915 14.5193 12.8301
3 16 9.4915 14.5193 12.8301 7.4739 17.6857 11.9954 7.3618 15.7588 13.7199
3 16 11.5263 15.7809 9.3808 9.8955 16.7509 10.6498 11.0912 13.0552 11.8062
3 16 11.0912 13.0552 11.8062 9.8955 16.7509 10.6498 9.4915 14.5193 12.8301
3 16 -14.9599 9.8946 9.9406 -12.6029 10.6467 11.3715 -15.2067 12.0106 8.9705
3 16 -15.2067 12.0106 8.9705 -12.6029 10.6467 11.3715 -11.9316 12.16 10.6655
3 16 -16.6267 9.6359 6.0348 -16.0935 8.2622 7.8438 -15.2067 12.0106 8.9705
3 16 -15.2067 12.0106 8.9705 -16.0935 8.2622 7.8438 -14.9599 9.8946 9.9406
3 16 -12.6029 10.6467 11.3715 -14.9599 9.8946 9.9406 -13.23 8.6654 12.0192
3 16 -13.23 8.6654 12.0192 -14.9599 9.8946 9.9406 -14.8845 8.2547 10.3936
3 16 -17.8879 17.8866 -4.3851 -17.7936 17.4388 -2.3653 -15.8095 19.7284 -3.6028
3 16 -15.8095 19.7284 -3.6028 -17.7936 17.4388 -2.3653 -15.7087 19.2198 -1.6991
3 16 -18.9873 14.4673 -6.8628 -18.7944 13.8083 -4.3781 -17.8879 17.8866 -4.3851
3 16 -17.8879 17.8866 -4.3851 -18.7944 13.8083 -4.3781 -17.7936 17.4388 -2.3653
3 16 -17.7936 17.4388 -2.3653 -17.463 16.856 0.4366 -15.7087 19.2198 -1.6991
3 16 -15.7087 19.2198 -1.6991 -17.463 16.856 0.4366 -15.4657 18.487 0.8778
3 16 -18.7944 13.8083 -4.3781 -18.4756 12.0574 -1.8096 -17.7936 17.4388 -2.3653
3 16 -17.7936 17.4388 -2.3653 -18.4756 12.0574 -1.8096 -17.463 16.856 0.4366
3 16 -15.5032 13.6325 7.7548 -13.3539 15.6134 7.3153 -16.1469 15.005 5.6511
3 16 -16.1469 15.005 5.6511 -13.3539 15.6134 7.3153 -13.9588 16.2516 6.1004
3 16 -3.5042 6.3557 20.8419 -5.2646 7.1838 20.4227 -3.9902 6.3186 22.6796
3 16 -3.9902 6.3186 22.6796 -5.2646 7.1838 20.4227 -6.0504 6.8809 22.112
3 16 -0.3602 4.6435 20.6028 -1.7667 7.2075 20.4923 -1.4962 4.2882 20.9656
3 16 -1.4962 4.2882 20.9656 -1.7667 7.2075 20.4923 -3.5042 6.3557 20.8419
3 16 -1.4962 4.2882 20.9656 -3.5042 6.3557 20.8419 -2.142 4.5145 22.799
3 16 -2.142 4.5145 22.799 -3.5042 6.3557 20.8419 -3.9902 6.3186 22.6796
3 16 14.6286 -6.5924 13.1619 13.375 -7.1301 12.6559 15.5605 -7.9801 10.291
3 16 15.5605 -7.9801 10.291 13.375 -7.1301 12.6559 14.292 -8.2548 10.1061
3 16 13.375 -7.1301 12.6559 14.6286 -6.5924 13.1619 12.0643 -6.3749 13.8112
3 16 12.0643 -6.3749 13.8112 14.6286 -6.5924 13.1619 13.2614 -5.4458 15.0167
3 16 12.0643 -6.3749 13.8112 13.2614 -5.4458 15.0167 10.9868 -5.8628 14.3955
3 16 10.9868 -5.8628 14.3955 13.2614 -5.4458 15.0167 12.0873 -4.6116 16.0012
3 16 12.0873 -4.6116 16.0012 9.6364 -5.4511 14.7555 10.9868 -5.8628 14.3955
3 16 9.6364 -5.4511 14.7555 9.336 -5.7835 14.7631 10.9868 -5.8628 14.3955
3 16 10.9868 -5.8628 14.3955 9.336 -5.7835 14.7631 11.4513 -7.975 13.484
3 16 9.336 -5.7835 14.7631 9.6364 -5.4511 14.7555 8.4315 -4.1937 17.1004
3 16 8.4315 -4.1937 17.1004 9.6364 -5.4511 14.7555 9.4594 -2.7865 17.0756
3 16 12.0643 -6.3749 13.8112 10.9868 -5.8628 14.3955 11.4513 -7.975 13.484
3 16 12.0643 -6.3749 13.8112 11.4513 -7.975 13.484 13.375 -7.1301 12.6559
3 16 13.375 -7.1301 12.6559 11.4513 -7.975 13.484 12.5482 -8.4415 12.536
3 16 14.292 -8.2548 10.1061 13.375 -7.1301 12.6559 13.3004 -8.9998 10.9767
3 16 13.3004 -8.9998 10.9767 13.375 -7.1301 12.6559 12.5482 -8.4415 12.536
3 16 15.2714 -9.0049 7.705 14.8533 -9.7517 7.4875 15.8228 -8.8857 6.9632
3 16 15.8228 -8.8857 6.9632 14.8533 -9.7517 7.4875 15.201 -9.7267 6.2027
3 16 15.6932 -9.0429 6.29 15.8228 -8.8857 6.9632 15.201 -9.7267 6.2027
3 16 15.5745 -8.792 5.0053 15.6932 -9.0429 6.29 15.2284 -9.4285 4.9957
3 16 15.2284 -9.4285 4.9957 15.6932 -9.0429 6.29 15.201 -9.7267 6.2027
3 16 15.4647 -8.6416 4.3751 15.5745 -8.792 5.0053 15.1893 -9.1764 4.1363
3 16 15.1893 -9.1764 4.1363 15.5745 -8.792 5.0053 15.2284 -9.4285 4.9957
3 16 1.7346 3.0897 20.5013 1.141 4.2365 20.5314 0.3218 2.57 20.7134
3 16 0.3218 2.57 20.7134 1.141 4.2365 20.5314 -0.3602 4.6435 20.6028
3 16 2.8078 1.454 21.33 2.9361 2.6028 21.0392 1.4488 1.534 21.4976
3 16 1.4488 1.534 21.4976 2.9361 2.6028 21.0392 1.7346 3.0897 20.5013
3 16 1.7346 3.0897 20.5013 2.9361 2.6028 21.0392 2.1135 3.7544 20.9006
3 16 2.1135 3.7544 20.9006 2.9361 2.6028 21.0392 2.7759 3.6078 21.4241
3 16 1.141 4.2365 20.5314 0.7556 5.7265 20.4025 -0.3602 4.6435 20.6028
3 16 9.0911 -7.6348 14.4438 9.1366 -5.9648 14.8208 7.868 -7.2389 16.6653
3 16 7.868 -7.2389 16.6653 9.1366 -5.9648 14.8208 8.0777 -5.2065 16.7667
3 16 9.1366 -5.9648 14.8208 9.336 -5.7835 14.7631 8.0777 -5.2065 16.7667
3 16 8.0777 -5.2065 16.7667 9.336 -5.7835 14.7631 8.4315 -4.1937 17.1004
3 16 -1.4962 4.2882 20.9656 -1.0144 2.3297 20.9694 -0.3602 4.6435 20.6028
3 16 -0.3602 4.6435 20.6028 -1.0144 2.3297 20.9694 0.3218 2.57 20.7134
3 16 0.3218 2.57 20.7134 0.2535 1.5873 21.4823 1.4488 1.534 21.4976
3 16 0.7556 5.7265 20.4025 1.141 4.2365 20.5314 1.7386 5.3383 21.105
3 16 1.7386 5.3383 21.105 1.141 4.2365 20.5314 1.721 4.4993 20.9043
3 16 0.8034 7.8915 20.1122 0.7556 5.7265 20.4025 1.6386 7.9144 21.4002
3 16 1.6386 7.9144 21.4002 0.7556 5.7265 20.4025 2.1419 5.8872 21.601
3 16 0.8034 7.8915 20.1122 1.6386 7.9144 21.4002 1.6197 9.8326 20.0389
3 16 1.6197 9.8326 20.0389 1.6386 7.9144 21.4002 2.4663 9.2497 21.787
3 16 1.6197 9.8326 20.0389 2.4663 9.2497 21.787 2.4956 10.9792 20.0068
3 16 2.4956 10.9792 20.0068 2.4663 9.2497 21.787 3.4587 10.504 22.2468
3 16 3.8289 12.0412 19.6915 2.4956 10.9792 20.0068 4.6564 11.4962 21.8518
3 16 4.6564 11.4962 21.8518 2.4956 10.9792 20.0068 3.4587 10.504 22.2468
3 16 3.8289 12.0412 19.6915 4.6564 11.4962 21.8518 5.9802 12.1921 19.235
3 16 5.9802 12.1921 19.235 4.6564 11.4962 21.8518 6.5149 11.6017 21.3909
3 16 8.5937 11.3525 18.1355 5.9802 12.1921 19.235 8.583 10.8329 20.6389
3 16 8.583 10.8329 20.6389 5.9802 12.1921 19.235 6.5149 11.6017 21.3909
3 16 9.2276 3.1688 17.426 10.0647 5.1842 17.1231 9.1793 3.7671 17.9792
3 16 9.1793 3.7671 17.9792 10.0647 5.1842 17.1231 9.506 4.9574 18.2622
3 16 6.1673 1.9 19.7645 7.0241 3.7447 21.784 5.3813 1.9825 20.4227
3 16 5.3813 1.9825 20.4227 7.0241 3.7447 21.784 5.9176 3.8684 22.4339
3 16 -1.6542 -0.0061 21.1386 -0.4099 -0.0846 21.1711 -1.2212 1.6497 21.3748
3 16 -1.2212 1.6497 21.3748 -0.4099 -0.0846 21.1711 0.2535 1.5873 21.4823
3 16 -2.1411 -0.7928 21.4266 -1.6542 -0.0061 21.1386 -2.4921 -0.2217 21.8307
3 16 -2.4921 -0.2217 21.8307 -1.6542 -0.0061 21.1386 -2.1122 0.4783 21.8253
3 16 9.4594 -2.7865 17.0756 7.8085 -0.4033 17.5868 6.0122 -2.373 20.3206
3 16 6.0122 -2.373 20.3206 7.8085 -0.4033 17.5868 5.185 -0.3094 19.7138
3 16 5.185 -0.3094 19.7138 7.8085 -0.4033 17.5868 6.0265 1.0891 19.6036
3 16 6.0265 1.0891 19.6036 7.8085 -0.4033 17.5868 7.8644 0.8435 17.739
3 16 2.8078 1.454 21.33 1.4488 1.534 21.4976 2.8042 -0.1742 20.8832
3 16 2.8042 -0.1742 20.8832 1.4488 1.534 21.4976 1.0384 -0.1092 21.1751
3 16 -1.2212 1.6497 21.3748 0.2535 1.5873 21.4823 -1.0144 2.3297 20.9694
3 16 -1.0144 2.3297 20.9694 0.2535 1.5873 21.4823 0.3218 2.57 20.7134
3 16 -1.2212 1.6497 21.3748 -1.0144 2.3297 20.9694 -1.8064 3.2926 22.7273
3 16 1.4488 1.534 21.4976 0.2535 1.5873 21.4823 1.0384 -0.1092 21.1751
3 16 1.0384 -0.1092 21.1751 0.2535 1.5873 21.4823 -0.4099 -0.0846 21.1711
3 16 0.535 -1.9721 21.9727 2.8335 -2.0971 21.7136 1.0384 -0.1092 21.1751
3 16 1.0384 -0.1092 21.1751 2.8335 -2.0971 21.7136 2.8042 -0.1742 20.8832
3 16 -3.0306 -1.6592 21.5415 -2.8374 -0.5671 22.2725 -3.3251 -0.4207 23.0306
3 16 -1.6173 -1.9537 21.7582 -0.4099 -0.0846 21.1711 -2.1411 -0.7928 21.4266
3 16 -2.1411 -0.7928 21.4266 -0.4099 -0.0846 21.1711 -1.6542 -0.0061 21.1386
3 16 -3.0306 -1.6592 21.5415 -1.6173 -1.9537 21.7582 -2.1411 -0.7928 21.4266
3 16 -1.6173 -1.9537 21.7582 0.535 -1.9721 21.9727 -0.4099 -0.0846 21.1711
3 16 -0.4099 -0.0846 21.1711 0.535 -1.9721 21.9727 1.0384 -0.1092 21.1751
3 16 5.185 -0.3094 19.7138 6.0265 1.0891 19.6036 5.2212 1.2279 20.2974
3 16 5.9176 3.8684 22.4339 3.212 3.8534 21.9604 5.3813 1.9825 20.4227
3 16 5.3813 1.9825 20.4227 3.212 3.8534 21.9604 2.9361 2.6028 21.0392
3 16 2.8078 1.454 21.33 5.2212 1.2279 20.2974 2.9361 2.6028 21.0392
3 16 2.9361 2.6028 21.0392 5.2212 1.2279 20.2974 5.3813 1.9825 20.4227
3 16 5.185 -0.3094 19.7138 5.2212 1.2279 20.2974 2.8042 -0.1742 20.8832
3 16 2.8042 -0.1742 20.8832 5.2212 1.2279 20.2974 2.8078 1.454 21.33
3 16 6.0122 -2.373 20.3206 5.185 -0.3094 19.7138 2.8335 -2.0971 21.7136
3 16 2.8335 -2.0971 21.7136 5.185 -0.3094 19.7138 2.8042 -0.1742 20.8832
3 16 6.1673 1.9 19.7645 6.0265 1.0891 19.6036 7.7848 2.124 17.9141
3 16 7.7848 2.124 17.9141 6.0265 1.0891 19.6036 7.8644 0.8435 17.739
3 16 7.7848 2.124 17.9141 7.9538 2.9931 19.9199 6.1673 1.9 19.7645
3 16 6.1673 1.9 19.7645 7.9538 2.9931 19.9199 7.0241 3.7447 21.784
3 16 5.3813 1.9825 20.4227 5.2212 1.2279 20.2974 6.1673 1.9 19.7645
3 16 6.1673 1.9 19.7645 5.2212 1.2279 20.2974 6.0265 1.0891 19.6036
3 16 -5.7009 -3.7025 19.6213 -6.0459 -3.0727 21.214 -6.6953 -3.1923 19.5918
3 16 -6.6953 -3.1923 19.5918 -6.0459 -3.0727 21.214 -7.4925 -2.2418 20.8099
3 16 -4.9792 -4.3534 19.0899 -5.7009 -3.7025 19.6213 -5.6378 -4.6295 18.126
3 16 -5.6378 -4.6295 18.126 -5.7009 -3.7025 19.6213 -6.6953 -3.1923 19.5918
3 16 -5.7009 -3.7025 19.6213 -4.5241 -2.5199 21.0676 -6.0459 -3.0727 21.214
3 16 -6.0459 -3.0727 21.214 -4.5241 -2.5199 21.0676 -4.7157 -1.8095 22.1569
3 16 -4.5241 -2.5199 21.0676 -5.7009 -3.7025 19.6213 -3.8917 -3.6826 20.2258
3 16 -3.8917 -3.6826 20.2258 -5.7009 -3.7025 19.6213 -4.9792 -4.3534 19.0899
3 16 -4.5241 -2.5199 21.0676 -3.0306 -1.6592 21.5415 -4.7157 -1.8095 22.1569
3 16 -4.7157 -1.8095 22.1569 -3.0306 -1.6592 21.5415 -3.3251 -0.4207 23.0306
3 16 -3.0306 -1.6592 21.5415 -4.5241 -2.5199 21.0676 -2.9316 -2.8763 21.013
3 16 -2.9316 -2.8763 21.013 -4.5241 -2.5199 21.0676 -3.8917 -3.6826 20.2258
3 16 -5.6853 -5.8202 15.5141 -5.271 -8.022 16.114 -5.0481 -5.3907 17.2464
3 16 -5.0481 -5.3907 17.2464 -5.271 -8.022 16.114 -4.5587 -7.4074 17.721
3 16 -7.2275 -5.2197 15.4211 -5.6853 -5.8202 15.5141 -6.6279 -4.8226 16.9148
3 16 -6.6279 -4.8226 16.9148 -5.6853 -5.8202 15.5141 -5.0481 -5.3907 17.2464
3 16 -3.7587 -4.8109 19.3481 -5.0481 -5.3907 17.2464 -3.4286 -5.7075 19.4733
3 16 -3.4286 -5.7075 19.4733 -5.0481 -5.3907 17.2464 -4.5587 -7.4074 17.721
3 16 -6.6279 -4.8226 16.9148 -5.6378 -4.6295 18.126 -8.0403 -3.6412 17.2377
3 16 -8.0403 -3.6412 17.2377 -5.6378 -4.6295 18.126 -6.6953 -3.1923 19.5918
3 16 -9.0385 -3.9249 15.1896 -7.2275 -5.2197 15.4211 -8.0403 -3.6412 17.2377
3 16 -8.0403 -3.6412 17.2377 -7.2275 -5.2197 15.4211 -6.6279 -4.8226 16.9148
3 16 -5.6378 -4.6295 18.126 -6.6279 -4.8226 16.9148 -5.0481 -5.3907 17.2464
3 16 -5.6378 -4.6295 18.126 -5.0481 -5.3907 17.2464 -4.9792 -4.3534 19.0899
3 16 -4.9792 -4.3534 19.0899 -5.0481 -5.3907 17.2464 -3.7587 -4.8109 19.3481
3 16 -3.0306 -1.6592 21.5415 -2.9316 -2.8763 21.013 -1.6173 -1.9537 21.7582
3 16 -1.6173 -1.9537 21.7582 -2.9316 -2.8763 21.013 -2.1486 -3.1836 21.0286
3 16 -3.8917 -3.6826 20.2258 -2.2072 -4.4541 20.276 -2.9316 -2.8763 21.013
3 16 -2.9316 -2.8763 21.013 -2.2072 -4.4541 20.276 -2.1486 -3.1836 21.0286
3 16 -2.2072 -4.4541 20.276 -3.8917 -3.6826 20.2258 -3.7587 -4.8109 19.3481
3 16 -3.8917 -3.6826 20.2258 -4.9792 -4.3534 19.0899 -3.7587 -4.8109 19.3481
3 16 -1.8383 -5.4588 20.5562 -2.2072 -4.4541 20.276 -3.4286 -5.7075 19.4733
3 16 -3.4286 -5.7075 19.4733 -2.2072 -4.4541 20.276 -3.7587 -4.8109 19.3481
3 16 0.0816 -3.3795 21.2033 2.5603 -3.67 20.57 0.535 -1.9721 21.9727
3 16 0.535 -1.9721 21.9727 2.5603 -3.67 20.57 2.8335 -2.0971 21.7136
3 16 -2.1486 -3.1836 21.0286 0.0816 -3.3795 21.2033 -1.6173 -1.9537 21.7582
3 16 -1.6173 -1.9537 21.7582 0.0816 -3.3795 21.2033 0.535 -1.9721 21.9727
3 16 5.6422 -3.7664 19.4371 6.0122 -2.373 20.3206 2.5603 -3.67 20.57
3 16 2.5603 -3.67 20.57 6.0122 -2.373 20.3206 2.8335 -2.0971 21.7136
3 16 6.4708 -4.9432 18.1585 6.246 -6.902 18.0551 8.0777 -5.2065 16.7667
3 16 8.0777 -5.2065 16.7667 6.246 -6.902 18.0551 7.868 -7.2389 16.6653
3 16 8.0777 -5.2065 16.7667 8.4315 -4.1937 17.1004 6.4708 -4.9432 18.1585
3 16 6.4708 -4.9432 18.1585 8.4315 -4.1937 17.1004 5.6422 -3.7664 19.4371
3 16 6.4708 -4.9432 18.1585 5.3268 -5.0115 18.5102 6.246 -6.902 18.0551
3 16 6.246 -6.902 18.0551 5.3268 -5.0115 18.5102 5.1947 -6.852 18.2957
3 16 5.3268 -5.0115 18.5102 6.4708 -4.9432 18.1585 5.6422 -3.7664 19.4371
3 16 5.3268 -5.0115 18.5102 2.8726 -5.2671 18.5153 5.1947 -6.852 18.2957
3 16 5.1947 -6.852 18.2957 2.8726 -5.2671 18.5153 2.6959 -6.7475 18.2815
3 16 5.3268 -5.0115 18.5102 5.6422 -3.7664 19.4371 2.8726 -5.2671 18.5153
3 16 2.8726 -5.2671 18.5153 5.6422 -3.7664 19.4371 2.5603 -3.67 20.57
3 16 2.6959 -6.7475 18.2815 2.8726 -5.2671 18.5153 0.9242 -5.7303 20.0379
3 16 0.9242 -5.7303 20.0379 2.8726 -5.2671 18.5153 1.0309 -4.7692 19.8939
3 16 2.8726 -5.2671 18.5153 2.5603 -3.67 20.57 1.0309 -4.7692 19.8939
3 16 -0.755 -4.3044 20.6668 1.0309 -4.7692 19.8939 0.0816 -3.3795 21.2033
3 16 0.0816 -3.3795 21.2033 1.0309 -4.7692 19.8939 2.5603 -3.67 20.57
3 16 0.9242 -5.7303 20.0379 1.0309 -4.7692 19.8939 -0.6218 -5.2782 21.055
3 16 -0.6218 -5.2782 21.055 1.0309 -4.7692 19.8939 -0.755 -4.3044 20.6668
3 16 6.324 -14.7425 1.4748 8.4546 -14.3017 3.2913 6.3135 -14.9745 3.3168
3 16 6.3135 -14.9745 3.3168 8.4546 -14.3017 3.2913 7.2869 -14.7317 3.9651
3 16 8.5479 -13.6943 1.23 9.4327 -13.5404 3.0701 9.0292 -14.0228 3.25
3 16 10.0882 -11.33 -0.6021 11.96 -10.651 -1.6586 11.6125 -11.5138 0.267
3 16 10.0882 -11.33 -0.6021 11.6125 -11.5138 0.267 9.9223 -12.4115 1.9971
3 16 9.9223 -12.4115 1.9971 11.6125 -11.5138 0.267 11.7664 -12.2539 2.1528
3 16 12.8204 -11.946 2.366 13.1265 -10.9833 0.4443 13.6251 -11.4118 2.6093
3 16 10.9719 -10.1861 -3.4947 11.96 -10.651 -1.6586 10.1541 -10.4104 -3.4112
3 16 10.1541 -10.4104 -3.4112 11.96 -10.651 -1.6586 10.0882 -11.33 -0.6021
3 16 11.6125 -11.5138 0.267 11.96 -10.651 -1.6586 13.1265 -10.9833 0.4443
3 16 11.7664 -12.2539 2.1528 11.6125 -11.5138 0.267 12.8204 -11.946 2.366
3 16 12.8204 -11.946 2.366 11.6125 -11.5138 0.267 13.1265 -10.9833 0.4443
3 16 2.2277 -9.5324 17.5601 2.4941 -8.3001 17.895 0.5632 -9.7218 19.2006
3 16 0.5632 -9.7218 19.2006 2.4941 -8.3001 17.895 0.7574 -8.3046 19.7525
3 16 8.9323 -13.1983 10.9426 8.7113 -11.6847 11.3365 7.6927 -13.0734 10.7426
3 16 0.6422 -12.8982 15.4906 -0.7776 -13.062 15.853 0.1347 -13.9161 14.7289
3 16 0.1347 -13.9161 14.7289 -0.7776 -13.062 15.853 -0.5898 -14.1127 14.809
3 16 -3.1231 -12.7137 15.9719 -4.2953 -11.7541 15.562 -3.67 -13.1124 15.4628
3 16 -3.67 -13.1124 15.4628 -4.2953 -11.7541 15.562 -5.004 -12.1462 15.0082
3 16 -10.7164 -10.0533 8.3153 -11.5355 -11.4374 8.7503 -9.9978 -12.1163 9.1084
3 16 -9.9978 -12.1163 9.1084 -11.5355 -11.4374 8.7503 -11.0544 -12.8578 9.2179
3 16 -8.3095 -14.1749 8.6938 -9.3368 -13.1523 9.0981 -9.289 -15.0486 8.5128
3 16 -9.289 -15.0486 8.5128 -9.3368 -13.1523 9.0981 -10.3632 -13.9084 9.0116
3 16 -7.4974 -14.643 8.0802 -8.0414 -15.3914 7.8542 -7.0107 -14.8536 7.6403
3 16 -7.0107 -14.8536 7.6403 -8.0414 -15.3914 7.8542 -7.6474 -15.7252 7.4041
3 16 -7.4974 -14.643 8.0802 -8.3095 -14.1749 8.6938 -8.0414 -15.3914 7.8542
3 16 -8.0414 -15.3914 7.8542 -8.3095 -14.1749 8.6938 -9.289 -15.0486 8.5128
3 16 -0.516 -7.6022 21.4104 -0.4685 -7.0475 21.6572 -0.9864 -7.4898 21.4215
3 16 -0.9864 -7.4898 21.4215 -0.4685 -7.0475 21.6572 -1.0444 -6.9822 21.4901
3 16 -0.0384 -7.0289 21.2952 -0.0816 -6.5616 21.3673 -0.4685 -7.0475 21.6572
3 16 -0.4685 -7.0475 21.6572 -0.0816 -6.5616 21.3673 -0.4869 -6.439 21.5939
3 16 -1.0444 -6.9822 21.4901 -0.4685 -7.0475 21.6572 -0.9654 -6.4913 21.4978
3 16 -0.9654 -6.4913 21.4978 -0.4685 -7.0475 21.6572 -0.4869 -6.439 21.5939
3 16 -0.516 -7.6022 21.4104 -0.1447 -7.4864 21.2071 -0.4685 -7.0475 21.6572
3 16 -0.4685 -7.0475 21.6572 -0.1447 -7.4864 21.2071 -0.0384 -7.0289 21.2952
3 16 -0.0041 -7.7285 20.8183 -0.1447 -7.4864 21.2071 -0.5974 -8.0115 21.0048
3 16 -0.5974 -8.0115 21.0048 -0.1447 -7.4864 21.2071 -0.516 -7.6022 21.4104
3 16 -0.0384 -7.0289 21.2952 -0.1447 -7.4864 21.2071 0.2203 -7.0113 20.8802
3 16 0.2203 -7.0113 20.8802 -0.1447 -7.4864 21.2071 -0.0041 -7.7285 20.8183
3 16 0.1244 -6.2187 21.0408 -0.5474 -5.9143 21.3908 -0.0816 -6.5616 21.3673
3 16 -0.0816 -6.5616 21.3673 -0.5474 -5.9143 21.3908 -0.4869 -6.439 21.5939
3 16 -0.0384 -7.0289 21.2952 0.2203 -7.0113 20.8802 -0.0816 -6.5616 21.3673
3 16 -0.0816 -6.5616 21.3673 0.2203 -7.0113 20.8802 0.1244 -6.2187 21.0408
3 16 -1.2341 -6.1092 21.1647 -0.9654 -6.4913 21.4978 -0.5474 -5.9143 21.3908
3 16 -0.5474 -5.9143 21.3908 -0.9654 -6.4913 21.4978 -0.4869 -6.439 21.5939
3 16 -1.0444 -6.9822 21.4901 -0.9654 -6.4913 21.4978 -1.3744 -6.9154 21.0867
3 16 -1.3744 -6.9154 21.0867 -0.9654 -6.4913 21.4978 -1.2341 -6.1092 21.1647
3 16 -1.2459 -7.7003 21.0463 -0.9864 -7.4898 21.4215 -1.3744 -6.9154 21.0867
3 16 -1.3744 -6.9154 21.0867 -0.9864 -7.4898 21.4215 -1.0444 -6.9822 21.4901
3 16 -0.516 -7.6022 21.4104 -0.9864 -7.4898 21.4215 -0.5974 -8.0115 21.0048
3 16 -0.5974 -8.0115 21.0048 -0.9864 -7.4898 21.4215 -1.2459 -7.7003 21.0463
3 16 -0.5974 -8.0115 21.0048 -0.7271 -8.6521 20.4535 -0.0041 -7.7285 20.8183
3 16 -0.0041 -7.7285 20.8183 -0.7271 -8.6521 20.4535 0.7574 -8.3046 19.7525
3 16 0.7574 -8.3046 19.7525 0.9815 -7.0028 19.9145 -0.0041 -7.7285 20.8183
3 16 -0.0041 -7.7285 20.8183 0.9815 -7.0028 19.9145 0.2203 -7.0113 20.8802
3 16 0.9242 -5.7303 20.0379 -0.6218 -5.2782 21.055 0.1244 -6.2187 21.0408
3 16 0.1244 -6.2187 21.0408 -0.6218 -5.2782 21.055 -0.5474 -5.9143 21.3908
3 16 -0.5474 -5.9143 21.3908 -0.6218 -5.2782 21.055 -1.2341 -6.1092 21.1647
3 16 -1.2341 -6.1092 21.1647 -0.6218 -5.2782 21.055 -1.8383 -5.4588 20.5562
3 16 0.2203 -7.0113 20.8802 0.9815 -7.0028 19.9145 0.1244 -6.2187 21.0408
3 16 0.1244 -6.2187 21.0408 0.9815 -7.0028 19.9145 0.9242 -5.7303 20.0379
3 16 -1.3744 -6.9154 21.0867 -1.2341 -6.1092 21.1647 -1.9161 -6.8793 20.5665
3 16 -1.9161 -6.8793 20.5665 -1.2341 -6.1092 21.1647 -1.8383 -5.4588 20.5562
3 16 -1.3744 -6.9154 21.0867 -1.9161 -6.8793 20.5665 -1.2459 -7.7003 21.0463
3 16 -1.2459 -7.7003 21.0463 -1.9161 -6.8793 20.5665 -1.7186 -8.2118 20.3947
3 16 -0.5974 -8.0115 21.0048 -1.2459 -7.7003 21.0463 -0.7271 -8.6521 20.4535
3 16 -0.7271 -8.6521 20.4535 -1.2459 -7.7003 21.0463 -1.7186 -8.2118 20.3947
3 16 -3.2181 -7.04 19.6095 -1.9161 -6.8793 20.5665 -3.4286 -5.7075 19.4733
3 16 -3.4286 -5.7075 19.4733 -1.9161 -6.8793 20.5665 -1.8383 -5.4588 20.5562
3 16 -3.3156 -8.6046 19.3772 -1.7186 -8.2118 20.3947 -3.2181 -7.04 19.6095
3 16 -3.2181 -7.04 19.6095 -1.7186 -8.2118 20.3947 -1.9161 -6.8793 20.5665
3 16 -3.3156 -8.6046 19.3772 -1.9696 -9.4931 19.7397 -1.7186 -8.2118 20.3947
3 16 -1.7186 -8.2118 20.3947 -1.9696 -9.4931 19.7397 -0.7271 -8.6521 20.4535
3 16 -0.7271 -8.6521 20.4535 -1.9696 -9.4931 19.7397 -0.9586 -9.7975 19.9029
3 16 -0.9586 -9.7975 19.9029 0.5632 -9.7218 19.2006 -0.7271 -8.6521 20.4535
3 16 -0.7271 -8.6521 20.4535 0.5632 -9.7218 19.2006 0.7574 -8.3046 19.7525
3 16 -0.6218 -5.2782 21.055 -0.755 -4.3044 20.6668 -1.8383 -5.4588 20.5562
3 16 -1.8383 -5.4588 20.5562 -0.755 -4.3044 20.6668 -2.2072 -4.4541 20.276
3 16 -2.2072 -4.4541 20.276 -0.755 -4.3044 20.6668 -2.1486 -3.1836 21.0286
3 16 -2.1486 -3.1836 21.0286 -0.755 -4.3044 20.6668 0.0816 -3.3795 21.2033
3 16 2.6959 -6.7475 18.2815 0.9242 -5.7303 20.0379 0.9815 -7.0028 19.9145
3 16 2.6959 -6.7475 18.2815 0.9815 -7.0028 19.9145 2.4941 -8.3001 17.895
3 16 2.4941 -8.3001 17.895 0.9815 -7.0028 19.9145 0.7574 -8.3046 19.7525
3 16 1.7275 -10.936 16.9257 2.2277 -9.5324 17.5601 0.2372 -11.1562 18.3334
3 16 0.2372 -11.1562 18.3334 2.2277 -9.5324 17.5601 0.5632 -9.7218 19.2006
3 16 -3.4286 -5.7075 19.4733 -4.5587 -7.4074 17.721 -3.2181 -7.04 19.6095
3 16 -3.2181 -7.04 19.6095 -4.5587 -7.4074 17.721 -3.3156 -8.6046 19.3772
3 16 -4.5587 -7.4074 17.721 -3.6646 -10.2043 18.3857 -3.3156 -8.6046 19.3772
3 16 -3.8945 -11.0473 17.2214 -3.6646 -10.2043 18.3857 -5.271 -8.022 16.114
3 16 -5.271 -8.022 16.114 -3.6646 -10.2043 18.3857 -4.5587 -7.4074 17.721
3 16 -4.2953 -11.7541 15.562 -5.4459 -10.3145 15.1127 -5.004 -12.1462 15.0082
3 16 -5.004 -12.1462 15.0082 -5.4459 -10.3145 15.1127 -6.2604 -10.6854 14.5507
3 16 -4.2953 -11.7541 15.562 -3.8945 -11.0473 17.2214 -5.4459 -10.3145 15.1127
3 16 -5.4459 -10.3145 15.1127 -3.8945 -11.0473 17.2214 -5.271 -8.022 16.114
3 16 -6.0957 -7.8628 14.4126 -5.4459 -10.3145 15.1127 -5.271 -8.022 16.114
3 16 -5.4459 -10.3145 15.1127 -6.0957 -7.8628 14.4126 -6.2604 -10.6854 14.5507
3 16 -6.2604 -10.6854 14.5507 -6.0957 -7.8628 14.4126 -7.2269 -7.9264 13.9794
3 16 -2.28 -10.8626 18.8967 -1.9696 -9.4931 19.7397 -3.6646 -10.2043 18.3857
3 16 -3.6646 -10.2043 18.3857 -1.9696 -9.4931 19.7397 -3.3156 -8.6046 19.3772
3 16 -2.28 -10.8626 18.8967 -3.6646 -10.2043 18.3857 -2.5945 -11.955 17.6839
3 16 -2.5945 -11.955 17.6839 -3.6646 -10.2043 18.3857 -3.8945 -11.0473 17.2214
3 16 -0.9586 -9.7975 19.9029 -1.9696 -9.4931 19.7397 -1.2838 -11.1794 19.0317
3 16 -1.2838 -11.1794 19.0317 -1.9696 -9.4931 19.7397 -2.28 -10.8626 18.8967
3 16 0.2372 -11.1562 18.3334 0.5632 -9.7218 19.2006 -1.2838 -11.1794 19.0317
3 16 -1.2838 -11.1794 19.0317 0.5632 -9.7218 19.2006 -0.9586 -9.7975 19.9029
3 16 -1.2838 -11.1794 19.0317 -2.28 -10.8626 18.8967 -1.6687 -12.2821 17.7742
3 16 -1.6687 -12.2821 17.7742 -2.28 -10.8626 18.8967 -2.5945 -11.955 17.6839
3 16 -0.2113 -12.2512 17.2049 0.2372 -11.1562 18.3334 -1.6687 -12.2821 17.7742
3 16 -1.6687 -12.2821 17.7742 0.2372 -11.1562 18.3334 -1.2838 -11.1794 19.0317
3 16 1.1718 -12.0618 16.271 1.7275 -10.936 16.9257 -0.2113 -12.2512 17.2049
3 16 -0.2113 -12.2512 17.2049 1.7275 -10.936 16.9257 0.2372 -11.1562 18.3334
3 16 1.1718 -12.0618 16.271 -0.2113 -12.2512 17.2049 0.6422 -12.8982 15.4906
3 16 0.6422 -12.8982 15.4906 -0.2113 -12.2512 17.2049 -0.7776 -13.062 15.853
3 16 -2.2279 -13.0641 16.0177 -3.1231 -12.7137 15.9719 -3.67 -13.1124 15.4628
3 16 -0.7776 -13.062 15.853 -2.2279 -13.0641 16.0177 -2.1444 -14.5658 14.4573
3 16 -2.1444 -14.5658 14.4573 -2.2279 -13.0641 16.0177 -3.67 -13.1124 15.4628
3 16 -0.7776 -13.062 15.853 -2.1444 -14.5658 14.4573 -0.5898 -14.1127 14.809
3 16 -2.5945 -11.955 17.6839 -3.8945 -11.0473 17.2214 -3.1231 -12.7137 15.9719
3 16 -3.1231 -12.7137 15.9719 -3.8945 -11.0473 17.2214 -4.2953 -11.7541 15.562
3 16 -1.6687 -12.2821 17.7742 -2.5945 -11.955 17.6839 -2.2279 -13.0641 16.0177
3 16 -2.2279 -13.0641 16.0177 -2.5945 -11.955 17.6839 -3.1231 -12.7137 15.9719
3 16 -0.2113 -12.2512 17.2049 -1.6687 -12.2821 17.7742 -0.7776 -13.062 15.853
3 16 -0.7776 -13.062 15.853 -1.6687 -12.2821 17.7742 -2.2279 -13.0641 16.0177
3 16 9.0123 -9.324 13.7798 9.0911 -7.6348 14.4438 7.659 -9.2175 16.3769
3 16 7.659 -9.2175 16.3769 9.0911 -7.6348 14.4438 7.868 -7.2389 16.6653
3 16 11.4573 -11.0636 11.093 10.4754 -11.3547 11.2456 11.6589 -12.0108 10.959
3 16 11.6589 -12.0108 10.959 10.4754 -11.3547 11.2456 10.7272 -12.4961 11.1105
3 16 13.0518 -10.0357 9.9225 13.1412 -10.9094 9.52 13.9612 -9.4456 9.023
3 16 13.9612 -9.4456 9.023 13.1412 -10.9094 9.52 14.009 -10.2669 8.4037
3 16 14.292 -8.2548 10.1061 14.8382 -8.9571 8.2668 15.5605 -7.9801 10.291
3 16 15.5605 -7.9801 10.291 14.8382 -8.9571 8.2668 15.2714 -9.0049 7.705
3 16 14.8382 -8.9571 8.2668 14.292 -8.2548 10.1061 13.9612 -9.4456 9.023
3 16 13.9612 -9.4456 9.023 14.292 -8.2548 10.1061 13.3004 -8.9998 10.9767
3 16 15.2714 -9.0049 7.705 14.8382 -8.9571 8.2668 14.8533 -9.7517 7.4875
3 16 14.8533 -9.7517 7.4875 14.8382 -8.9571 8.2668 14.009 -10.2669 8.4037
3 16 13.0518 -10.0357 9.9225 12.2998 -10.6299 10.6364 13.1412 -10.9094 9.52
3 16 13.1412 -10.9094 9.52 12.2998 -10.6299 10.6364 12.4584 -11.5052 10.372
3 16 13.9612 -9.4456 9.023 13.3004 -8.9998 10.9767 13.0518 -10.0357 9.9225
3 16 13.3004 -8.9998 10.9767 12.3622 -9.8069 11.5459 13.0518 -10.0357 9.9225
3 16 13.0518 -10.0357 9.9225 12.3622 -9.8069 11.5459 12.2998 -10.6299 10.6364
3 16 11.5398 -10.1646 11.9406 10.6759 -10.3425 12.2161 11.4573 -11.0636 11.093
3 16 11.4573 -11.0636 11.093 10.6759 -10.3425 12.2161 10.4754 -11.3547 11.2456
3 16 11.0034 -9.3612 13.0001 11.4513 -7.975 13.484 9.0123 -9.324 13.7798
3 16 9.0123 -9.324 13.7798 11.4513 -7.975 13.484 9.0911 -7.6348 14.4438
3 16 10.6759 -10.3425 12.2161 11.0034 -9.3612 13.0001 8.9675 -10.2195 12.9649
3 16 8.9675 -10.2195 12.9649 11.0034 -9.3612 13.0001 9.0123 -9.324 13.7798
3 16 10.6759 -10.3425 12.2161 8.9118 -10.8687 12.1127 10.4754 -11.3547 11.2456
3 16 10.4754 -11.3547 11.2456 8.9118 -10.8687 12.1127 8.7113 -11.6847 11.3365
3 16 12.3622 -9.8069 11.5459 11.5398 -10.1646 11.9406 12.2998 -10.6299 10.6364
3 16 12.2998 -10.6299 10.6364 11.5398 -10.1646 11.9406 11.4573 -11.0636 11.093
3 16 12.2998 -10.6299 10.6364 11.4573 -11.0636 11.093 12.4584 -11.5052 10.372
3 16 12.4584 -11.5052 10.372 11.4573 -11.0636 11.093 11.6589 -12.0108 10.959
3 16 10.6759 -10.3425 12.2161 8.9675 -10.2195 12.9649 8.9118 -10.8687 12.1127
3 16 13.3004 -8.9998 10.9767 12.5482 -8.4415 12.536 12.3622 -9.8069 11.5459
3 16 12.3622 -9.8069 11.5459 12.5482 -8.4415 12.536 11.9976 -9.357 12.3671
3 16 11.9976 -9.357 12.3671 11.5398 -10.1646 11.9406 12.3622 -9.8069 11.5459
3 16 11.9976 -9.357 12.3671 12.5482 -8.4415 12.536 11.0034 -9.3612 13.0001
3 16 11.0034 -9.3612 13.0001 12.5482 -8.4415 12.536 11.4513 -7.975 13.484
3 16 11.9976 -9.357 12.3671 11.0034 -9.3612 13.0001 11.5398 -10.1646 11.9406
3 16 11.5398 -10.1646 11.9406 11.0034 -9.3612 13.0001 10.6759 -10.3425 12.2161
3 16 6.246 -6.902 18.0551 6.8711 -9.1322 17.3911 7.868 -7.2389 16.6653
3 16 7.868 -7.2389 16.6653 6.8711 -9.1322 17.3911 7.659 -9.2175 16.3769
3 16 6.246 -6.902 18.0551 6.0265 -8.6155 18.0765 6.8711 -9.1322 17.3911
3 16 4.9174 -8.6481 18.079 6.0265 -8.6155 18.0765 5.1947 -6.852 18.2957
3 16 5.1947 -6.852 18.2957 6.0265 -8.6155 18.0765 6.246 -6.902 18.0551
3 16 5.1947 -6.852 18.2957 2.6959 -6.7475 18.2815 4.9174 -8.6481 18.079
3 16 4.9174 -8.6481 18.079 2.6959 -6.7475 18.2815 2.4941 -8.3001 17.895
3 16 5.833 -11.079 18.2971 5.9459 -10.6061 18.629 5.4064 -10.8795 18.2339
3 16 5.4064 -10.8795 18.2339 5.9459 -10.6061 18.629 5.4517 -10.4084 18.3592
3 16 6.203 -11.019 18.0875 6.3244 -10.594 18.2491 5.833 -11.079 18.2971
3 16 5.833 -11.079 18.2971 6.3244 -10.594 18.2491 5.9459 -10.6061 18.629
3 16 5.9459 -10.6061 18.629 5.9855 -9.9807 18.5474 5.4517 -10.4084 18.3592
3 16 5.4517 -10.4084 18.3592 5.9855 -9.9807 18.5474 5.5526 -9.9468 18.4072
3 16 6.3244 -10.594 18.2491 6.3162 -10.0967 18.2774 5.9459 -10.6061 18.629
3 16 5.9459 -10.6061 18.629 6.3162 -10.0967 18.2774 5.9855 -9.9807 18.5474
3 16 6.2551 -11.2617 17.6208 6.203 -11.019 18.0875 5.6355 -11.4757 17.7942
3 16 5.6355 -11.4757 17.7942 6.203 -11.019 18.0875 5.833 -11.079 18.2971
3 16 5.0476 -11.058 17.9062 5.6355 -11.4757 17.7942 5.4064 -10.8795 18.2339
3 16 5.4064 -10.8795 18.2339 5.6355 -11.4757 17.7942 5.833 -11.079 18.2971
3 16 6.2551 -11.2617 17.6208 6.5668 -10.534 17.7424 6.203 -11.019 18.0875
3 16 6.203 -11.019 18.0875 6.5668 -10.534 17.7424 6.3244 -10.594 18.2491
3 16 6.3244 -10.594 18.2491 6.5668 -10.534 17.7424 6.3162 -10.0967 18.2774
3 16 6.3162 -10.0967 18.2774 6.5668 -10.534 17.7424 6.4896 -9.775 17.944
3 16 5.9855 -9.9807 18.5474 6.3162 -10.0967 18.2774 5.9793 -9.3683 18.3273
3 16 5.9793 -9.3683 18.3273 6.3162 -10.0967 18.2774 6.4896 -9.775 17.944
3 16 5.9855 -9.9807 18.5474 5.9793 -9.3683 18.3273 5.5526 -9.9468 18.4072
3 16 5.5526 -9.9468 18.4072 5.9793 -9.3683 18.3273 5.2506 -9.4488 18.1593
3 16 5.4517 -10.4084 18.3592 5.5526 -9.9468 18.4072 5.0118 -10.2196 18.0661
3 16 5.0118 -10.2196 18.0661 5.5526 -9.9468 18.4072 5.2506 -9.4488 18.1593
3 16 5.0476 -11.058 17.9062 5.4064 -10.8795 18.2339 5.0118 -10.2196 18.0661
3 16 5.0118 -10.2196 18.0661 5.4064 -10.8795 18.2339 5.4517 -10.4084 18.3592
3 16 5.9793 -9.3683 18.3273 6.4896 -9.775 17.944 6.0265 -8.6155 18.0765
3 16 6.0265 -8.6155 18.0765 6.4896 -9.775 17.944 6.8711 -9.1322 17.3911
3 16 4.9174 -8.6481 18.079 5.2506 -9.4488 18.1593 6.0265 -8.6155 18.0765
3 16 6.0265 -8.6155 18.0765 5.2506 -9.4488 18.1593 5.9793 -9.3683 18.3273
3 16 5.0118 -10.2196 18.0661 5.2506 -9.4488 18.1593 4.3915 -9.9785 17.8579
3 16 4.3915 -9.9785 17.8579 5.2506 -9.4488 18.1593 4.9174 -8.6481 18.079
3 16 4.3678 -11.4526 17.3909 5.0476 -11.058 17.9062 4.3915 -9.9785 17.8579
3 16 4.3915 -9.9785 17.8579 5.0476 -11.058 17.9062 5.0118 -10.2196 18.0661
3 16 6.8711 -9.1322 17.3911 6.4896 -9.775 17.944 6.8794 -10.4889 17.0226
3 16 6.8794 -10.4889 17.0226 6.4896 -9.775 17.944 6.5668 -10.534 17.7424
3 16 6.5668 -10.534 17.7424 6.2551 -11.2617 17.6208 6.8794 -10.4889 17.0226
3 16 6.8794 -10.4889 17.0226 6.2551 -11.2617 17.6208 6.326 -11.6627 16.7963
3 16 6.326 -11.6627 16.7963 6.2551 -11.2617 17.6208 5.4283 -11.9382 17.3547
3 16 5.4283 -11.9382 17.3547 6.2551 -11.2617 17.6208 5.6355 -11.4757 17.7942
3 16 5.6355 -11.4757 17.7942 5.0476 -11.058 17.9062 5.4283 -11.9382 17.3547
3 16 5.4283 -11.9382 17.3547 5.0476 -11.058 17.9062 4.3678 -11.4526 17.3909
3 16 5.3299 -13.8472 16.5196 5.3495 -13.5055 16.7733 4.9949 -14.0421 17.1001
3 16 4.9949 -14.0421 17.1001 5.3495 -13.5055 16.7733 5.0958 -13.4599 17.2015
3 16 4.3532 -13.7861 17.008 4.9949 -14.0421 17.1001 4.5689 -13.4296 17.1677
3 16 4.5689 -13.4296 17.1677 4.9949 -14.0421 17.1001 5.0958 -13.4599 17.2015
3 16 4.9949 -14.0421 17.1001 4.7521 -14.4538 16.6335 5.3299 -13.8472 16.5196
3 16 5.3299 -13.8472 16.5196 4.7521 -14.4538 16.6335 5.1697 -14.2589 16.2689
3 16 4.3532 -13.7861 17.008 4.2529 -14.1877 16.7438 4.9949 -14.0421 17.1001
3 16 4.9949 -14.0421 17.1001 4.2529 -14.1877 16.7438 4.7521 -14.4538 16.6335
3 16 5.0958 -13.4599 17.2015 5.3495 -13.5055 16.7733 5.1122 -13.0193 17.1028
3 16 5.1122 -13.0193 17.1028 5.3495 -13.5055 16.7733 5.494 -13.167 16.5547
3 16 4.3721 -13.0717 17.0233 4.5689 -13.4296 17.1677 5.1122 -13.0193 17.1028
3 16 5.1122 -13.0193 17.1028 4.5689 -13.4296 17.1677 5.0958 -13.4599 17.2015
3 16 4.5689 -13.4296 17.1677 4.3721 -13.0717 17.0233 4.3532 -13.7861 17.008
3 16 4.3532 -13.7861 17.008 4.3721 -13.0717 17.0233 3.852 -13.4951 16.7571
3 16 5.3495 -13.5055 16.7733 5.3299 -13.8472 16.5196 5.494 -13.167 16.5547
3 16 5.494 -13.167 16.5547 5.3299 -13.8472 16.5196 5.5896 -13.5793 15.9817
3 16 5.3299 -13.8472 16.5196 5.1697 -14.2589 16.2689 5.5896 -13.5793 15.9817
3 16 5.5896 -13.5793 15.9817 5.1697 -14.2589 16.2689 5.2704 -14.3423 15.425
3 16 4.7521 -14.4538 16.6335 4.4789 -14.7768 16.0845 5.1697 -14.2589 16.2689
3 16 5.1697 -14.2589 16.2689 4.4789 -14.7768 16.0845 5.2704 -14.3423 15.425
3 16 4.7521 -14.4538 16.6335 4.2529 -14.1877 16.7438 4.4789 -14.7768 16.0845
3 16 4.4789 -14.7768 16.0845 4.2529 -14.1877 16.7438 3.6813 -14.2634 16.3714
3 16 4.3532 -13.7861 17.008 3.852 -13.4951 16.7571 4.2529 -14.1877 16.7438
3 16 4.2529 -14.1877 16.7438 3.852 -13.4951 16.7571 3.6813 -14.2634 16.3714
3 16 5.1122 -13.0193 17.1028 5.494 -13.167 16.5547 5.2415 -12.4846 17.0716
3 16 5.2415 -12.4846 17.0716 5.494 -13.167 16.5547 5.851 -12.5415 16.3381
3 16 5.1122 -13.0193 17.1028 5.2415 -12.4846 17.0716 4.3721 -13.0717 17.0233
3 16 4.3721 -13.0717 17.0233 5.2415 -12.4846 17.0716 4.01 -12.3642 16.9573
3 16 6.2183 -12.8721 15.2018 5.851 -12.5415 16.3381 5.5896 -13.5793 15.9817
3 16 5.5896 -13.5793 15.9817 5.851 -12.5415 16.3381 5.494 -13.167 16.5547
3 16 4.3721 -13.0717 17.0233 4.01 -12.3642 16.9573 3.852 -13.4951 16.7571
3 16 3.852 -13.4951 16.7571 4.01 -12.3642 16.9573 1.1718 -12.0618 16.271
3 16 3.852 -13.4951 16.7571 1.1718 -12.0618 16.271 3.6813 -14.2634 16.3714
3 16 3.6813 -14.2634 16.3714 1.1718 -12.0618 16.271 0.6422 -12.8982 15.4906
3 16 6.2183 -12.8721 15.2018 5.5896 -13.5793 15.9817 5.9659 -13.6915 14.3158
3 16 5.9659 -13.6915 14.3158 5.5896 -13.5793 15.9817 5.2704 -14.3423 15.425
3 16 4.9174 -8.6481 18.079 2.4941 -8.3001 17.895 4.3915 -9.9785 17.8579
3 16 4.3915 -9.9785 17.8579 2.4941 -8.3001 17.895 2.2277 -9.5324 17.5601
3 16 4.3915 -9.9785 17.8579 2.2277 -9.5324 17.5601 4.3678 -11.4526 17.3909
3 16 4.3678 -11.4526 17.3909 2.2277 -9.5324 17.5601 1.7275 -10.936 16.9257
3 16 6.8711 -9.1322 17.3911 6.8794 -10.4889 17.0226 7.659 -9.2175 16.3769
3 16 7.659 -9.2175 16.3769 6.8794 -10.4889 17.0226 7.4238 -10.4886 16.0779
3 16 5.4283 -11.9382 17.3547 4.3678 -11.4526 17.3909 5.2415 -12.4846 17.0716
3 16 5.2415 -12.4846 17.0716 4.3678 -11.4526 17.3909 4.01 -12.3642 16.9573
3 16 1.1718 -12.0618 16.271 4.01 -12.3642 16.9573 1.7275 -10.936 16.9257
3 16 1.7275 -10.936 16.9257 4.01 -12.3642 16.9573 4.3678 -11.4526 17.3909
3 16 6.326 -11.6627 16.7963 5.4283 -11.9382 17.3547 5.851 -12.5415 16.3381
3 16 5.851 -12.5415 16.3381 5.4283 -11.9382 17.3547 5.2415 -12.4846 17.0716
3 16 6.2183 -12.8721 15.2018 6.9222 -11.67 15.6548 5.851 -12.5415 16.3381
3 16 5.851 -12.5415 16.3381 6.9222 -11.67 15.6548 6.326 -11.6627 16.7963
3 16 6.9222 -11.67 15.6548 7.4238 -10.4886 16.0779 6.326 -11.6627 16.7963
3 16 6.326 -11.6627 16.7963 7.4238 -10.4886 16.0779 6.8794 -10.4889 17.0226
3 16 7.659 -9.2175 16.3769 7.4238 -10.4886 16.0779 9.0123 -9.324 13.7798
3 16 9.0123 -9.324 13.7798 7.4238 -10.4886 16.0779 8.9675 -10.2195 12.9649
3 16 8.9675 -10.2195 12.9649 7.4238 -10.4886 16.0779 6.9222 -11.67 15.6548
3 16 8.9675 -10.2195 12.9649 6.9222 -11.67 15.6548 8.9118 -10.8687 12.1127
3 16 8.9118 -10.8687 12.1127 6.9222 -11.67 15.6548 6.2183 -12.8721 15.2018
3 16 8.7113 -11.6847 11.3365 8.9118 -10.8687 12.1127 5.9659 -13.6915 14.3158
3 16 5.9659 -13.6915 14.3158 8.9118 -10.8687 12.1127 6.2183 -12.8721 15.2018
3 16 -6.0338 -12.5432 14.2108 -4.9055 -13.1273 14.7496 -5.004 -12.1462 15.0082
3 16 -7.2213 -11.0267 13.8631 -8.3932 -7.9414 13.4701 -9.0587 -11.3619 11.5528
3 16 -9.0587 -11.3619 11.5528 -8.3932 -7.9414 13.4701 -10.0305 -9.0842 11.0116
3 16 -7.2213 -11.0267 13.8631 -9.0587 -11.3619 11.5528 -8.1515 -12.749 11.662
3 16 -6.0338 -12.5432 14.2108 -7.2213 -11.0267 13.8631 -6.779 -13.3865 12.8337
3 16 -6.779 -13.3865 12.8337 -7.2213 -11.0267 13.8631 -8.1515 -12.749 11.662
3 16 -4.9055 -13.1273 14.7496 -6.0338 -12.5432 14.2108 -5.6803 -14.1313 13.1378
3 16 -5.6803 -14.1313 13.1378 -6.0338 -12.5432 14.2108 -6.779 -13.3865 12.8337
3 16 -10.7164 -10.0533 8.3153 -12.007 -9.1479 7.2513 -11.5355 -11.4374 8.7503
3 16 -9.0587 -11.3619 11.5528 -10.0305 -9.0842 11.0116 -9.9978 -12.1163 9.1084
3 16 -9.9978 -12.1163 9.1084 -10.0305 -9.0842 11.0116 -10.7164 -10.0533 8.3153
3 16 -9.9978 -12.1163 9.1084 -11.0544 -12.8578 9.2179 -9.3368 -13.1523 9.0981
3 16 -9.3368 -13.1523 9.0981 -11.0544 -12.8578 9.2179 -10.3632 -13.9084 9.0116
3 16 -8.1515 -12.749 11.662 -9.0587 -11.3619 11.5528 -9.3368 -13.1523 9.0981
3 16 -9.3368 -13.1523 9.0981 -9.0587 -11.3619 11.5528 -9.9978 -12.1163 9.1084
3 16 0.1347 -13.9161 14.7289 -0.5898 -14.1127 14.809 0.0388 -14.4496 13.928
3 16 0.0388 -14.4496 13.928 -0.5898 -14.1127 14.809 -0.6506 -14.7288 13.8697
3 16 0.0388 -14.4496 13.928 1.8949 -15.3843 13.3188 0.1347 -13.9161 14.7289
3 16 0.1347 -13.9161 14.7289 1.8949 -15.3843 13.3188 2.7721 -15.0554 14.9999
3 16 -0.5898 -14.1127 14.809 -2.1444 -14.5658 14.4573 -0.6506 -14.7288 13.8697
3 16 -0.6506 -14.7288 13.8697 -2.1444 -14.5658 14.4573 -1.6071 -15.087 13.3237
3 16 0.0107 -15.1628 13.6596 -0.6506 -14.7288 13.8697 -1.3405 -15.852 13.0465
3 16 -1.3405 -15.852 13.0465 -0.6506 -14.7288 13.8697 -1.6071 -15.087 13.3237
3 16 -3.0265 -16.0693 11.8145 -1.3405 -15.852 13.0465 -3.2664 -15.3556 12.062
3 16 -3.2664 -15.3556 12.062 -1.3405 -15.852 13.0465 -1.6071 -15.087 13.3237
3 16 -4.5896 -15.3086 10.1954 -4.3186 -15.991 10.0907 -3.2664 -15.3556 12.062
3 16 -3.2664 -15.3556 12.062 -4.3186 -15.991 10.0907 -3.0265 -16.0693 11.8145
3 16 -6.0939 -14.8668 9.0929 -7.153 -14.3415 9.8984 -7.4974 -14.643 8.0802
3 16 -7.4974 -14.643 8.0802 -7.153 -14.3415 9.8984 -8.3095 -14.1749 8.6938
3 16 -4.9233 -15.4051 8.1325 -6.0939 -14.8668 9.0929 -7.0107 -14.8536 7.6403
3 16 -7.0107 -14.8536 7.6403 -6.0939 -14.8668 9.0929 -7.4974 -14.643 8.0802
3 16 -6.0939 -14.8668 9.0929 -4.9233 -15.4051 8.1325 -4.8989 -15.2855 9.137
3 16 -4.5078 -16.0943 7.9994 -4.4684 -15.9321 9.2653 -4.9233 -15.4051 8.1325
3 16 -4.9233 -15.4051 8.1325 -4.4684 -15.9321 9.2653 -4.8989 -15.2855 9.137
3 16 -4.4369 -14.6849 4.6811 -4.5216 -14.3456 3.6063 -3.0968 -15.964 4.4298
3 16 -3.0968 -15.964 4.4298 -4.5216 -14.3456 3.6063 -2.7011 -15.724 3.486
3 16 -4.4369 -14.6849 4.6811 -4.252 -15.3344 6.6266 -5.9413 -14.5569 5.5088
3 16 -5.9413 -14.5569 5.5088 -4.252 -15.3344 6.6266 -4.6887 -15.3546 7.1146
3 16 -5.9413 -14.5569 5.5088 -4.6887 -15.3546 7.1146 -6.982 -14.7176 7.0566
3 16 -6.982 -14.7176 7.0566 -7.5981 -15.2315 6.7012 -7.0244 -14.3045 5.429
3 16 -7.0244 -14.3045 5.429 -7.5981 -15.2315 6.7012 -7.6272 -14.6563 5.1359
3 16 -4.252 -15.3344 6.6266 -4.4369 -14.6849 4.6811 -3.337 -16.027 5.0995
3 16 -3.337 -16.027 5.0995 -4.4369 -14.6849 4.6811 -3.0968 -15.964 4.4298
3 16 -4.6887 -15.3546 7.1146 -4.9233 -15.4051 8.1325 -6.982 -14.7176 7.0566
3 16 -6.982 -14.7176 7.0566 -4.9233 -15.4051 8.1325 -7.0107 -14.8536 7.6403
3 16 -6.982 -14.7176 7.0566 -7.0107 -14.8536 7.6403 -7.5981 -15.2315 6.7012
3 16 -7.5981 -15.2315 6.7012 -7.0107 -14.8536 7.6403 -7.6474 -15.7252 7.4041
3 16 1.9019 -15.1842 2.0456 3.6013 -14.3169 1.9246 2.9977 -15.8134 3.6286
3 16 2.9977 -15.8134 3.6286 3.6013 -14.3169 1.9246 3.8621 -15.2365 3.6544
3 16 4.5908 -16.2442 6.499 3.9661 -16.4399 5.5724 4.2747 -15.8271 5.025
3 16 5.9077 -15.2765 5.0981 6.6137 -15.1532 5.3889 5.648 -15.4897 7.0077
3 16 5.648 -15.4897 7.0077 6.6137 -15.1532 5.3889 6.3163 -15.3612 7.1858
3 16 0.0388 -14.4496 13.928 0.0107 -15.1628 13.6596 1.8949 -15.3843 13.3188
3 16 1.8949 -15.3843 13.3188 0.0107 -15.1628 13.6596 1.8183 -16.1278 12.7814
3 16 4.0862 -16.6856 8.3213 4.436 -15.9634 8.2829 3.5855 -16.2614 11.2406
3 16 3.5855 -16.2614 11.2406 4.436 -15.9634 8.2829 3.9666 -15.5092 11.4004
3 16 1.8183 -16.1278 12.7814 3.5855 -16.2614 11.2406 2.7885 -15.5247 12.671
3 16 2.7885 -15.5247 12.671 3.5855 -16.2614 11.2406 3.9666 -15.5092 11.4004
3 16 1.8183 -16.1278 12.7814 2.7885 -15.5247 12.671 1.8949 -15.3843 13.3188
3 16 3.6813 -14.2634 16.3714 0.6422 -12.8982 15.4906 2.7721 -15.0554 14.9999
3 16 2.7721 -15.0554 14.9999 0.6422 -12.8982 15.4906 0.1347 -13.9161 14.7289
3 16 3.6418 -15.298 14.4934 4.4789 -14.7768 16.0845 2.7721 -15.0554 14.9999
3 16 2.7721 -15.0554 14.9999 4.4789 -14.7768 16.0845 3.6813 -14.2634 16.3714
3 16 4.8391 -14.9181 13.1719 5.2704 -14.3423 15.425 3.6418 -15.298 14.4934
3 16 3.6418 -15.298 14.4934 5.2704 -14.3423 15.425 4.4789 -14.7768 16.0845
3 16 4.8391 -14.9181 13.1719 5.9659 -13.6915 14.3158 5.2704 -14.3423 15.425
3 16 8.7113 -11.6847 11.3365 5.9659 -13.6915 14.3158 7.6927 -13.0734 10.7426
3 16 7.6927 -13.0734 10.7426 5.9659 -13.6915 14.3158 4.8391 -14.9181 13.1719
3 16 2.7885 -15.5247 12.671 3.6418 -15.298 14.4934 1.8949 -15.3843 13.3188
3 16 1.8949 -15.3843 13.3188 3.6418 -15.298 14.4934 2.7721 -15.0554 14.9999
3 16 3.6418 -15.298 14.4934 2.7885 -15.5247 12.671 4.8391 -14.9181 13.1719
3 16 4.8391 -14.9181 13.1719 2.7885 -15.5247 12.671 3.9666 -15.5092 11.4004
3 16 4.2747 -15.8271 5.025 5.9077 -15.2765 5.0981 4.5908 -16.2442 6.499
3 16 4.5908 -16.2442 6.499 5.9077 -15.2765 5.0981 5.648 -15.4897 7.0077
3 16 3.9666 -15.5092 11.4004 5.8116 -14.7107 9.08 4.8391 -14.9181 13.1719
3 16 4.8391 -14.9181 13.1719 5.8116 -14.7107 9.08 7.6927 -13.0734 10.7426
3 16 4.436 -15.9634 8.2829 5.8116 -14.7107 9.08 3.9666 -15.5092 11.4004
3 16 5.8116 -14.7107 9.08 6.5758 -14.406 8.9912 7.6927 -13.0734 10.7426
3 16 3.9538 -17.1813 5.6885 4.5908 -16.2442 6.499 4.0862 -16.6856 8.3213
3 16 4.0862 -16.6856 8.3213 4.5908 -16.2442 6.499 4.436 -15.9634 8.2829
3 16 4.5908 -16.2442 6.499 5.648 -15.4897 7.0077 4.436 -15.9634 8.2829
3 16 4.436 -15.9634 8.2829 5.648 -15.4897 7.0077 5.8116 -14.7107 9.08
3 16 6.3163 -15.3612 7.1858 6.3314 -15.0316 7.8908 5.648 -15.4897 7.0077
3 16 5.648 -15.4897 7.0077 6.3314 -15.0316 7.8908 5.8116 -14.7107 9.08
3 16 5.8116 -14.7107 9.08 6.3314 -15.0316 7.8908 6.5758 -14.406 8.9912
3 16 3.9538 -17.1813 5.6885 3.9661 -16.4399 5.5724 4.5908 -16.2442 6.499
3 16 2.5276 -16.3814 3.4195 3.1954 -17.2072 3.8353 3.0898 -17.396 3.129
3 16 1.5465 -16.1523 2.6571 2.5276 -16.3814 3.4195 1.9605 -17.3059 2.0574
3 16 1.9605 -17.3059 2.0574 2.5276 -16.3814 3.4195 3.0898 -17.396 3.129
3 16 0.0261 -16.1794 2.5007 1.5465 -16.1523 2.6571 -0.0136 -17.3545 1.7157
3 16 -0.0136 -17.3545 1.7157 1.5465 -16.1523 2.6571 1.9605 -17.3059 2.0574
3 16 0.0261 -16.1794 2.5007 -0.0136 -17.3545 1.7157 -1.6752 -16.2131 2.8353
3 16 -1.6752 -16.2131 2.8353 -0.0136 -17.3545 1.7157 -2.0924 -17.2303 2.3367
3 16 -3.3749 -16.8124 5.1277 -4.0035 -16.3112 6.6421 -3.2429 -16.3791 5.1594
3 16 -3.2429 -16.3791 5.1594 -4.0035 -16.3112 6.6421 -4.252 -15.3344 6.6266
3 16 -4.5078 -16.0943 7.9994 -4.6887 -15.3546 7.1146 -4.0035 -16.3112 6.6421
3 16 -4.0035 -16.3112 6.6421 -4.6887 -15.3546 7.1146 -4.252 -15.3344 6.6266
3 16 -4.5078 -16.0943 7.9994 -4.9233 -15.4051 8.1325 -4.6887 -15.3546 7.1146
3 16 0.0261 -16.1794 2.5007 -1.6752 -16.2131 2.8353 -0.0086 -15.1417 1.9032
3 16 -0.0086 -15.1417 1.9032 -1.6752 -16.2131 2.8353 -2.0408 -15.3149 2.4077
3 16 0.0261 -16.1794 2.5007 -0.0086 -15.1417 1.9032 1.5465 -16.1523 2.6571
3 16 1.5465 -16.1523 2.6571 -0.0086 -15.1417 1.9032 1.9019 -15.1842 2.0456
3 16 2.5276 -16.3814 3.4195 1.5465 -16.1523 2.6571 2.9977 -15.8134 3.6286
3 16 2.9977 -15.8134 3.6286 1.5465 -16.1523 2.6571 1.9019 -15.1842 2.0456
3 16 0.0107 -15.1628 13.6596 0.0388 -14.4496 13.928 -0.6506 -14.7288 13.8697
3 16 -9.1823 3.8359 27.0246 -9.1556 4.8918 27.3713 -9.5779 5.1406 26.3781
3 16 -9.5779 5.1406 26.3781 -9.1556 4.8918 27.3713 -9.1716 5.4578 27.0779
3 16 -9.5637 0.6316 21.5508 -10.2041 1.6092 21.8281 -10.3698 1.035 20.7907
3 16 -10.3698 1.035 20.7907 -10.3437 0.344 20.3087 -9.5637 0.6316 21.5508
3 16 -10.2021 -0.2978 20.058 -9.5637 0.6316 21.5508 -10.3437 0.344 20.3087
3 16 -9.789 -0.6407 20.3293 -9.5637 0.6316 21.5508 -10.2021 -0.2978 20.058
3 16 -9.789 -0.6407 20.3293 -9.4284 -0.8916 20.8775 -9.5637 0.6316 21.5508
3 16 -9.4284 -0.8916 20.8775 -9.1909 -0.2818 22.1758 -9.5637 0.6316 21.5508
3 16 -9.1909 -0.2818 22.1758 -9.3151 0.5211 22.9917 -9.5637 0.6316 21.5508
3 16 -9.5812 1.2773 23.2839 -9.5637 0.6316 21.5508 -9.3151 0.5211 22.9917
3 16 -9.919 1.5678 22.578 -9.5637 0.6316 21.5508 -9.5812 1.2773 23.2839
3 16 -9.919 1.5678 22.578 -10.2041 1.6092 21.8281 -9.5637 0.6316 21.5508
3 16 -9.4284 -0.8916 20.8775 -9.789 -0.6407 20.3293 -8.7021 -1.8995 18.7227
3 16 -10.2021 -0.2978 20.058 -10.3937 -0.632 18.6576 -9.789 -0.6407 20.3293
3 16 -9.789 -0.6407 20.3293 -10.3937 -0.632 18.6576 -8.7021 -1.8995 18.7227
3 16 -10.3437 0.344 20.3087 -10.7858 1.2548 19.2511 -10.2021 -0.2978 20.058
3 16 -10.2021 -0.2978 20.058 -10.7858 1.2548 19.2511 -10.3937 -0.632 18.6576
3 16 -9.1823 3.8359 27.0246 -8.9746 4.3548 27.6753 -9.1556 4.8918 27.3713
3 16 -9.1823 3.8359 27.0246 -8.0425 3.1009 27.474 -8.9746 4.3548 27.6753
3 16 -8.9746 4.3548 27.6753 -8.0425 3.1009 27.474 -7.9905 3.7373 28.2027
3 16 -9.1823 3.8359 27.0246 -10.4237 4.5462 23.6335 -9.5812 1.2773 23.2839
3 16 -9.5812 1.2773 23.2839 -10.4237 4.5462 23.6335 -9.919 1.5678 22.578
3 16 -11.3974 3.7728 18.954 -10.7858 1.2548 19.2511 -11.1039 4.0022 20.8608
3 16 -11.1039 4.0022 20.8608 -10.7858 1.2548 19.2511 -10.3698 1.035 20.7907
3 16 -11.1039 4.0022 20.8608 -10.3698 1.035 20.7907 -10.2041 1.6092 21.8281
3 16 -10.4237 4.5462 23.6335 -11.1039 4.0022 20.8608 -9.919 1.5678 22.578
3 16 -9.919 1.5678 22.578 -11.1039 4.0022 20.8608 -10.2041 1.6092 21.8281
3 16 -9.1823 3.8359 27.0246 -9.5812 1.2773 23.2839 -8.0425 3.1009 27.474
3 16 -9.1823 3.8359 27.0246 -9.5779 5.1406 26.3781 -10.4237 4.5462 23.6335
3 16 -6.3716 -0.4484 24.1163 -6.7063 2.8843 27.7911 -7.8007 0.0004 23.8788
3 16 -7.8007 0.0004 23.8788 -6.7063 2.8843 27.7911 -8.0425 3.1009 27.474
3 16 -5.5995 2.9706 27.6031 -6.7063 2.8843 27.7911 -4.9954 0.1935 24.3848
3 16 -4.9954 0.1935 24.3848 -6.7063 2.8843 27.7911 -6.3716 -0.4484 24.1163
3 16 -9.4284 -0.8916 20.8775 -8.7021 -1.8995 18.7227 -7.4925 -2.2418 20.8099
3 16 -9.4284 -0.8916 20.8775 -7.4925 -2.2418 20.8099 -9.1909 -0.2818 22.1758
3 16 -9.1909 -0.2818 22.1758 -7.4925 -2.2418 20.8099 -7.8007 0.0004 23.8788
3 16 -6.0459 -3.0727 21.214 -6.3716 -0.4484 24.1163 -7.4925 -2.2418 20.8099
3 16 -7.4925 -2.2418 20.8099 -6.3716 -0.4484 24.1163 -7.8007 0.0004 23.8788
3 16 -4.9954 0.1935 24.3848 -6.3716 -0.4484 24.1163 -4.7157 -1.8095 22.1569
3 16 -4.7157 -1.8095 22.1569 -6.3716 -0.4484 24.1163 -6.0459 -3.0727 21.214
3 16 -3.09 0.7736 22.9843 -3.3715 1.3168 24.4635 -3.4782 0.7744 24.1501
3 16 -3.09 0.7736 22.9843 -3.1542 1.656 24.3283 -3.3715 1.3168 24.4635
3 16 -3.1542 1.656 24.3283 -3.09 0.7736 22.9843 -2.4708 1.9108 23.4315
3 16 -2.0339 1.2796 22.3525 -2.4708 1.9108 23.4315 -3.09 0.7736 22.9843
3 16 -2.1122 0.4783 21.8253 -2.0339 1.2796 22.3525 -3.09 0.7736 22.9843
3 16 -2.4921 -0.2217 21.8307 -2.1122 0.4783 21.8253 -3.09 0.7736 22.9843
3 16 -2.4921 -0.2217 21.8307 -3.09 0.7736 22.9843 -2.8374 -0.5671 22.2725
3 16 -2.8374 -0.5671 22.2725 -3.09 0.7736 22.9843 -3.3251 -0.4207 23.0306
3 16 -3.3251 -0.4207 23.0306 -3.09 0.7736 22.9843 -3.4838 0.2226 23.6655
3 16 -3.09 0.7736 22.9843 -3.4782 0.7744 24.1501 -3.4838 0.2226 23.6655
3 16 -3.4782 0.7744 24.1501 -3.3715 1.3168 24.4635 -4.9954 0.1935 24.3848
3 16 -4.9954 0.1935 24.3848 -3.3715 1.3168 24.4635 -3.8196 2.3563 25.9036
3 16 -3.3715 1.3168 24.4635 -3.1542 1.656 24.3283 -3.8196 2.3563 25.9036
3 16 -3.8196 2.3563 25.9036 -3.1542 1.656 24.3283 -2.9499 4.0062 25.2222
3 16 -5.821 3.5556 28.2675 -5.5995 2.9706 27.6031 -4.9424 3.6757 28.1043
3 16 -4.9424 3.6757 28.1043 -5.5995 2.9706 27.6031 -4.6051 3.3505 27.5683
3 16 -4.6051 3.3505 27.5683 -4.1064 4.7443 27.2052 -4.9424 3.6757 28.1043
3 16 -4.9424 3.6757 28.1043 -4.1064 4.7443 27.2052 -4.4511 5.0027 27.6167
3 16 -4.6051 3.3505 27.5683 -5.5995 2.9706 27.6031 -3.8196 2.3563 25.9036
3 16 -3.8196 2.3563 25.9036 -5.5995 2.9706 27.6031 -4.9954 0.1935 24.3848
3 16 -4.6051 3.3505 27.5683 -3.8196 2.3563 25.9036 -4.1064 4.7443 27.2052
3 16 -4.1064 4.7443 27.2052 -3.8196 2.3563 25.9036 -2.9499 4.0062 25.2222
3 16 -4.7157 -1.8095 22.1569 -3.3251 -0.4207 23.0306 -4.9954 0.1935 24.3848
3 16 -4.9954 0.1935 24.3848 -3.3251 -0.4207 23.0306 -3.4838 0.2226 23.6655
3 16 -2.4708 1.9108 23.4315 -1.8064 3.2926 22.7273 -3.1542 1.656 24.3283
3 16 -3.1542 1.656 24.3283 -1.8064 3.2926 22.7273 -2.9499 4.0062 25.2222
3 16 -2.4708 1.9108 23.4315 -2.0339 1.2796 22.3525 -1.8064 3.2926 22.7273
3 16 -1.8064 3.2926 22.7273 -2.0339 1.2796 22.3525 -1.2212 1.6497 21.3748
3 16 -3.4838 0.2226 23.6655 -3.4782 0.7744 24.1501 -4.9954 0.1935 24.3848
3 16 -9.1909 -0.2818 22.1758 -7.8007 0.0004 23.8788 -9.3151 0.5211 22.9917
3 16 -6.7566 3.4833 28.3833 -6.7063 2.8843 27.7911 -5.821 3.5556 28.2675
3 16 -5.821 3.5556 28.2675 -6.7063 2.8843 27.7911 -5.5995 2.9706 27.6031
3 16 -8.0425 3.1009 27.474 -6.7063 2.8843 27.7911 -7.9905 3.7373 28.2027
3 16 -7.9905 3.7373 28.2027 -6.7063 2.8843 27.7911 -6.7566 3.4833 28.3833
3 16 -7.9414 6.3176 26.9065 -8.0812 6.4126 26.2974 -9.1716 5.4578 27.0779
3 16 -9.1716 5.4578 27.0779 -8.0812 6.4126 26.2974 -9.5779 5.1406 26.3781
3 16 -8.0812 6.4126 26.2974 -8.3776 6.4582 24.0571 -9.5779 5.1406 26.3781
3 16 -9.5779 5.1406 26.3781 -8.3776 6.4582 24.0571 -10.4237 4.5462 23.6335
3 16 -8.5253 6.471 21.433 -10.905 5.0238 18.401 -11.1039 4.0022 20.8608
3 16 -11.1039 4.0022 20.8608 -10.905 5.0238 18.401 -11.3974 3.7728 18.954
3 16 -8.3776 6.4582 24.0571 -8.5253 6.471 21.433 -10.4237 4.5462 23.6335
3 16 -10.4237 4.5462 23.6335 -8.5253 6.471 21.433 -11.1039 4.0022 20.8608
3 16 -6.7661 6.5363 26.4372 -6.8049 6.3351 27.0284 -5.3213 6.0178 26.8226
3 16 -5.3213 6.0178 26.8226 -6.8049 6.3351 27.0284 -5.5893 5.8895 27.3586
3 16 -6.4525 6.7604 24.3133 -6.7661 6.5363 26.4372 -4.6277 6.2243 24.9142
3 16 -4.6277 6.2243 24.9142 -6.7661 6.5363 26.4372 -5.3213 6.0178 26.8226
3 16 -8.5253 6.471 21.433 -8.3776 6.4582 24.0571 -6.0504 6.8809 22.112
3 16 -6.0504 6.8809 22.112 -8.3776 6.4582 24.0571 -6.4525 6.7604 24.3133
3 16 -8.0812 6.4126 26.2974 -7.9414 6.3176 26.9065 -6.7661 6.5363 26.4372
3 16 -6.7661 6.5363 26.4372 -7.9414 6.3176 26.9065 -6.8049 6.3351 27.0284
3 16 -8.3776 6.4582 24.0571 -8.0812 6.4126 26.2974 -6.4525 6.7604 24.3133
3 16 -6.4525 6.7604 24.3133 -8.0812 6.4126 26.2974 -6.7661 6.5363 26.4372
3 16 -6.0504 6.8809 22.112 -6.4525 6.7604 24.3133 -3.9902 6.3186 22.6796
3 16 -3.9902 6.3186 22.6796 -6.4525 6.7604 24.3133 -4.6277 6.2243 24.9142
3 16 -5.3213 6.0178 26.8226 -5.5893 5.8895 27.3586 -4.2848 5.1841 27.1507
3 16 -4.2848 5.1841 27.1507 -5.5893 5.8895 27.3586 -4.4511 5.0027 27.6167
3 16 -5.3213 6.0178 26.8226 -4.2848 5.1841 27.1507 -4.6277 6.2243 24.9142
3 16 -4.6277 6.2243 24.9142 -4.2848 5.1841 27.1507 -3.3456 4.97 25.1955
3 16 -2.142 4.5145 22.799 -3.9902 6.3186 22.6796 -3.3456 4.97 25.1955
3 16 -3.3456 4.97 25.1955 -3.9902 6.3186 22.6796 -4.6277 6.2243 24.9142
3 16 -4.2848 5.1841 27.1507 -4.4511 5.0027 27.6167 -4.1064 4.7443 27.2052
3 16 -2.9499 4.0062 25.2222 -3.3456 4.97 25.1955 -4.1064 4.7443 27.2052
3 16 -4.1064 4.7443 27.2052 -3.3456 4.97 25.1955 -4.2848 5.1841 27.1507
3 16 -1.8064 3.2926 22.7273 -2.142 4.5145 22.799 -2.9499 4.0062 25.2222
3 16 -2.9499 4.0062 25.2222 -2.142 4.5145 22.799 -3.3456 4.97 25.1955
3 16 -4.4511 5.0027 27.6167 -5.6272 4.7543 28.1359 -4.9424 3.6757 28.1043
3 16 -4.9424 3.6757 28.1043 -5.6272 4.7543 28.1359 -5.821 3.5556 28.2675
3 16 -7.9537 4.7464 28.0125 -7.9905 3.7373 28.2027 -6.8019 4.5788 28.1974
3 16 -6.8019 4.5788 28.1974 -7.9905 3.7373 28.2027 -6.7566 3.4833 28.3833
3 16 -6.7566 3.4833 28.3833 -5.821 3.5556 28.2675 -6.8019 4.5788 28.1974
3 16 -6.8019 4.5788 28.1974 -5.821 3.5556 28.2675 -5.6272 4.7543 28.1359
3 16 -8.9746 4.3548 27.6753 -7.9905 3.7373 28.2027 -7.9537 4.7464 28.0125
3 16 -7.9537 4.7464 28.0125 -9.1556 4.8918 27.3713 -8.9746 4.3548 27.6753
3 16 -7.9414 6.3176 26.9065 -9.1716 5.4578 27.0779 -7.9537 4.7464 28.0125
3 16 -7.9537 4.7464 28.0125 -9.1716 5.4578 27.0779 -9.1556 4.8918 27.3713
3 16 -5.6272 4.7543 28.1359 -5.5893 5.8895 27.3586 -6.8019 4.5788 28.1974
3 16 -6.8019 4.5788 28.1974 -5.5893 5.8895 27.3586 -6.8049 6.3351 27.0284
3 16 -6.8019 4.5788 28.1974 -6.8049 6.3351 27.0284 -7.9537 4.7464 28.0125
3 16 -7.9537 4.7464 28.0125 -6.8049 6.3351 27.0284 -7.9414 6.3176 26.9065
3 16 -5.6272 4.7543 28.1359 -4.4511 5.0027 27.6167 -5.5893 5.8895 27.3586
3 16 3.5865 4.9108 22.6903 3.417 5.7387 23.1077 2.7611 4.7645 21.4006
3 16 3.417 5.7387 23.1077 2.727 6.0012 22.3806 2.7611 4.7645 21.4006
3 16 3.478 4.302 22.3673 3.5865 4.9108 22.6903 2.7611 4.7645 21.4006
3 16 3.212 3.8534 21.9604 3.478 4.302 22.3673 2.7611 4.7645 21.4006
3 16 2.7759 3.6078 21.4241 3.212 3.8534 21.9604 2.7611 4.7645 21.4006
3 16 2.1135 3.7544 20.9006 2.7759 3.6078 21.4241 2.7611 4.7645 21.4006
3 16 2.1135 3.7544 20.9006 2.7611 4.7645 21.4006 1.721 4.4993 20.9043
3 16 1.721 4.4993 20.9043 2.7611 4.7645 21.4006 1.7386 5.3383 21.105
3 16 2.7611 4.7645 21.4006 2.1419 5.8872 21.601 1.7386 5.3383 21.105
3 16 2.727 6.0012 22.3806 2.1419 5.8872 21.601 2.7611 4.7645 21.4006
3 16 3.212 3.8534 21.9604 2.7759 3.6078 21.4241 2.9361 2.6028 21.0392
3 16 2.1419 5.8872 21.601 0.7556 5.7265 20.4025 1.7386 5.3383 21.105
3 16 3.478 4.302 22.3673 3.212 3.8534 21.9604 5.9176 3.8684 22.4339
3 16 4.6371 7.534 25.5314 6.6198 7.0061 25.6644 5.3456 8.6392 26.3352
3 16 5.3456 8.6392 26.3352 6.6198 7.0061 25.6644 6.8235 8.1389 26.2994
3 16 8.9684 4.8604 19.6979 9.0798 5.4032 21.2467 8.8349 4.7248 20.9334
3 16 9.3055 5.6699 20.5411 9.0798 5.4032 21.2467 8.9684 4.8604 19.6979
3 16 8.8349 4.7248 20.9334 8.6541 3.8871 20.3154 8.9684 4.8604 19.6979
3 16 8.6541 3.8871 20.3154 8.7311 3.5009 19.3684 8.9684 4.8604 19.6979
3 16 8.9684 4.8604 19.6979 8.7311 3.5009 19.3684 9.1793 3.7671 17.9792
3 16 9.1793 3.7671 17.9792 9.506 4.9574 18.2622 8.9684 4.8604 19.6979
3 16 8.9684 4.8604 19.6979 9.506 4.9574 18.2622 9.5972 5.5395 18.7883
3 16 9.5972 5.5395 18.7883 9.5187 5.7695 19.5335 8.9684 4.8604 19.6979
3 16 8.9684 4.8604 19.6979 9.5187 5.7695 19.5335 9.3055 5.6699 20.5411
3 16 10.0647 5.1842 17.1231 9.5972 5.5395 18.7883 9.506 4.9574 18.2622
3 16 7.7848 2.124 17.9141 8.7311 3.5009 19.3684 7.9538 2.9931 19.9199
3 16 8.7311 3.5009 19.3684 8.6541 3.8871 20.3154 7.9538 2.9931 19.9199
3 16 8.8349 4.7248 20.9334 8.0209 4.6301 22.0343 8.6541 3.8871 20.3154
3 16 8.6541 3.8871 20.3154 8.0209 4.6301 22.0343 7.9538 2.9931 19.9199
3 16 8.8349 4.7248 20.9334 9.0798 5.4032 21.2467 8.0209 4.6301 22.0343
3 16 9.0798 5.4032 21.2467 7.6916 5.6496 23.5341 8.0209 4.6301 22.0343
3 16 9.022 6.9992 23.8709 9.0398 7.8093 25.0107 7.8703 6.8874 25.0519
3 16 7.8703 6.8874 25.0519 9.0398 7.8093 25.0107 7.9819 7.9967 25.8828
3 16 9.0398 7.8093 25.0107 9.022 6.9992 23.8709 9.614 8.6181 24.3851
3 16 9.614 8.6181 24.3851 9.022 6.9992 23.8709 9.8202 8.5266 23.2592
3 16 7.0241 3.7447 21.784 7.9538 2.9931 19.9199 8.0209 4.6301 22.0343
3 16 3.478 4.302 22.3673 5.9176 3.8684 22.4339 3.5865 4.9108 22.6903
3 16 3.5865 4.9108 22.6903 5.9176 3.8684 22.4339 3.417 5.7387 23.1077
3 16 3.417 5.7387 23.1077 5.9176 3.8684 22.4339 6.2864 5.6834 24.3048
3 16 6.2864 5.6834 24.3048 5.9176 3.8684 22.4339 7.6916 5.6496 23.5341
3 16 7.6916 5.6496 23.5341 5.9176 3.8684 22.4339 7.0241 3.7447 21.784
3 16 8.0209 4.6301 22.0343 7.6916 5.6496 23.5341 7.0241 3.7447 21.784
3 16 9.0798 5.4032 21.2467 9.022 6.9992 23.8709 7.6916 5.6496 23.5341
3 16 7.6916 5.6496 23.5341 9.022 6.9992 23.8709 7.8703 6.8874 25.0519
3 16 9.022 6.9992 23.8709 9.0798 5.4032 21.2467 9.8202 8.5266 23.2592
3 16 9.8202 8.5266 23.2592 9.0798 5.4032 21.2467 10.083 8.0669 20.0159
3 16 7.6916 5.6496 23.5341 7.8703 6.8874 25.0519 6.2864 5.6834 24.3048
3 16 6.2864 5.6834 24.3048 7.8703 6.8874 25.0519 6.6198 7.0061 25.6644
3 16 3.417 5.7387 23.1077 6.2864 5.6834 24.3048 4.6371 7.534 25.5314
3 16 4.6371 7.534 25.5314 6.2864 5.6834 24.3048 6.6198 7.0061 25.6644
3 16 7.8703 6.8874 25.0519 7.9819 7.9967 25.8828 6.6198 7.0061 25.6644
3 16 6.6198 7.0061 25.6644 7.9819 7.9967 25.8828 6.8235 8.1389 26.2994
3 16 5.5428 10.9445 24.3203 4.5644 10.1464 24.6643 6.0134 10.477 25.3659
3 16 6.0134 10.477 25.3659 4.5644 10.1464 24.6643 5.395 9.937 25.7019
3 16 1.6386 7.9144 21.4002 2.1419 5.8872 21.601 2.3556 7.9107 22.6188
3 16 2.3556 7.9107 22.6188 2.1419 5.8872 21.601 2.727 6.0012 22.3806
3 16 1.6386 7.9144 21.4002 2.3556 7.9107 22.6188 2.4663 9.2497 21.787
3 16 2.9677 8.2203 23.6227 2.3556 7.9107 22.6188 3.417 5.7387 23.1077
3 16 3.417 5.7387 23.1077 2.3556 7.9107 22.6188 2.727 6.0012 22.3806
3 16 2.9677 8.2203 23.6227 3.0458 9.0758 23.1065 2.3556 7.9107 22.6188
3 16 2.3556 7.9107 22.6188 3.0458 9.0758 23.1065 2.4663 9.2497 21.787
3 16 3.417 5.7387 23.1077 4.6371 7.534 25.5314 2.9677 8.2203 23.6227
3 16 2.9677 8.2203 23.6227 4.6371 7.534 25.5314 3.8969 9.0189 24.8788
3 16 5.3456 8.6392 26.3352 5.001 9.3092 25.9961 4.6371 7.534 25.5314
3 16 4.6371 7.534 25.5314 5.001 9.3092 25.9961 3.8969 9.0189 24.8788
3 16 2.9677 8.2203 23.6227 3.8969 9.0189 24.8788 3.0458 9.0758 23.1065
3 16 3.8969 9.0189 24.8788 5.001 9.3092 25.9961 4.5644 10.1464 24.6643
3 16 4.5644 10.1464 24.6643 5.001 9.3092 25.9961 5.395 9.937 25.7019
3 16 10.0647 5.1842 17.1231 10.4078 7.6564 16.999 9.5972 5.5395 18.7883
3 16 9.5972 5.5395 18.7883 10.4078 7.6564 16.999 10.083 8.0669 20.0159
3 16 10.2269 11.4809 16.18 10.8771 9.7387 16.0207 11.0912 13.0552 11.8062
3 16 11.0912 13.0552 11.8062 10.8771 9.7387 16.0207 12.2635 11.978 10.5239
3 16 10.2269 11.4809 16.18 8.5937 11.3525 18.1355 10.8771 9.7387 16.0207
3 16 10.8771 9.7387 16.0207 8.5937 11.3525 18.1355 10.4078 7.6564 16.999
3 16 9.0866 13.0421 16.4471 10.2269 11.4809 16.18 9.4915 14.5193 12.8301
3 16 9.4915 14.5193 12.8301 10.2269 11.4809 16.18 11.0912 13.0552 11.8062
3 16 9.0866 13.0421 16.4471 8.5937 11.3525 18.1355 10.2269 11.4809 16.18
3 16 10.4078 7.6564 16.999 8.5937 11.3525 18.1355 10.083 8.0669 20.0159
3 16 10.083 8.0669 20.0159 8.5937 11.3525 18.1355 8.583 10.8329 20.6389
3 16 9.3055 5.6699 20.5411 10.083 8.0669 20.0159 9.0798 5.4032 21.2467
3 16 9.5187 5.7695 19.5335 10.083 8.0669 20.0159 9.3055 5.6699 20.5411
3 16 9.5972 5.5395 18.7883 10.083 8.0669 20.0159 9.5187 5.7695 19.5335
3 16 9.8202 8.5266 23.2592 8.6492 10.4537 23.4807 9.614 8.6181 24.3851
3 16 9.614 8.6181 24.3851 8.6492 10.4537 23.4807 8.5713 10.146 24.6455
3 16 10.083 8.0669 20.0159 8.583 10.8329 20.6389 9.8202 8.5266 23.2592
3 16 9.8202 8.5266 23.2592 8.583 10.8329 20.6389 8.6492 10.4537 23.4807
3 16 8.583 10.8329 20.6389 6.5149 11.6017 21.3909 8.6492 10.4537 23.4807
3 16 8.6492 10.4537 23.4807 6.5149 11.6017 21.3909 7.0356 11.0379 23.9767
3 16 7.1948 10.5938 24.983 8.5713 10.146 24.6455 7.0356 11.0379 23.9767
3 16 7.0356 11.0379 23.9767 8.5713 10.146 24.6455 8.6492 10.4537 23.4807
3 16 6.0134 10.477 25.3659 7.1948 10.5938 24.983 5.5428 10.9445 24.3203
3 16 5.5428 10.9445 24.3203 7.1948 10.5938 24.983 7.0356 11.0379 23.9767
3 16 4.6564 11.4962 21.8518 3.4587 10.504 22.2468 5.5428 10.9445 24.3203
3 16 5.5428 10.9445 24.3203 3.4587 10.504 22.2468 4.5644 10.1464 24.6643
3 16 7.0356 11.0379 23.9767 6.5149 11.6017 21.3909 5.5428 10.9445 24.3203
3 16 5.5428 10.9445 24.3203 6.5149 11.6017 21.3909 4.6564 11.4962 21.8518
3 16 3.4587 10.504 22.2468 3.0458 9.0758 23.1065 4.5644 10.1464 24.6643
3 16 4.5644 10.1464 24.6643 3.0458 9.0758 23.1065 3.8969 9.0189 24.8788
3 16 3.4587 10.504 22.2468 2.4663 9.2497 21.787 3.0458 9.0758 23.1065
3 16 5.395 9.937 25.7019 5.001 9.3092 25.9961 5.3456 8.6392 26.3352
3 16 7.9819 7.9967 25.8828 9.0398 7.8093 25.0107 8.2636 9.077 25.3917
3 16 8.2636 9.077 25.3917 9.0398 7.8093 25.0107 9.614 8.6181 24.3851
3 16 9.614 8.6181 24.3851 8.5713 10.146 24.6455 8.2636 9.077 25.3917
3 16 7.0222 9.4053 25.7932 8.2636 9.077 25.3917 7.1948 10.5938 24.983
3 16 7.1948 10.5938 24.983 8.2636 9.077 25.3917 8.5713 10.146 24.6455
3 16 6.8235 8.1389 26.2994 7.9819 7.9967 25.8828 7.0222 9.4053 25.7932
3 16 7.0222 9.4053 25.7932 7.9819 7.9967 25.8828 8.2636 9.077 25.3917
3 16 6.8235 8.1389 26.2994 7.0222 9.4053 25.7932 5.3456 8.6392 26.3352
3 16 5.3456 8.6392 26.3352 7.0222 9.4053 25.7932 5.395 9.937 25.7019
3 16 7.1948 10.5938 24.983 6.0134 10.477 25.3659 7.0222 9.4053 25.7932
3 16 7.0222 9.4053 25.7932 6.0134 10.477 25.3659 5.395 9.937 25.7019
3 16 -14.3098 32.0109 -15.3322 -14.3813 29.7397 -14.2947 -12.0621 32.7147 -13.3013
3 16 -12.0621 32.7147 -13.3013 -14.3813 29.7397 -14.2947 -12.1326 30.5299 -12.2231
3 16 -12.4957 35.8841 -16.5983 -12.7104 35.8682 -16.9778 -11.5314 35.935 -16.0859
3 16 -11.5314 35.935 -16.0859 -11.887 34.1539 -14.3696 -9.4749 35.9561 -15.9336
3 16 -9.4749 35.9561 -15.9336 -11.887 34.1539 -14.3696 -8.8326 34.2564 -14.1916
3 16 -11.887 34.1539 -14.3696 -12.0621 32.7147 -13.3013 -8.8326 34.2564 -14.1916
3 16 -8.8326 34.2564 -14.1916 -12.0621 32.7147 -13.3013 -8.4275 33.0166 -13.2535
3 16 -12.0621 32.7147 -13.3013 -12.1326 30.5299 -12.2231 -8.4275 33.0166 -13.2535
3 16 -8.4275 33.0166 -13.2535 -12.1326 30.5299 -12.2231 -8.0647 30.7887 -12.1137
3 16 -12.0865 27.5724 -11.4944 -7.9789 27.6697 -11.4169 -12.1326 30.5299 -12.2231
3 16 -12.1326 30.5299 -12.2231 -7.9789 27.6697 -11.4169 -8.0647 30.7887 -12.1137
3 16 -11.9727 25.2863 -11.2037 -12.231 23.6583 -10.8464 -7.6806 24.5941 -11.296
3 16 -7.6806 24.5941 -11.296 -12.231 23.6583 -10.8464 -7.4951 22.4967 -11.2158
3 16 -12.0865 27.5724 -11.4944 -11.9727 25.2863 -11.2037 -7.9789 27.6697 -11.4169
3 16 -7.9789 27.6697 -11.4169 -11.9727 25.2863 -11.2037 -7.6806 24.5941 -11.296
3 16 -8.4059 35.8738 -17.0546 -9.4749 35.9561 -15.9336 -7.2179 34.355 -16.5801
3 16 -7.2179 34.355 -16.5801 -9.4749 35.9561 -15.9336 -8.8326 34.2564 -14.1916
3 16 -7.2179 34.355 -16.5801 -8.8326 34.2564 -14.1916 -6.3777 32.999 -16.0873
3 16 -6.3777 32.999 -16.0873 -8.8326 34.2564 -14.1916 -8.4275 33.0166 -13.2535
3 16 -6.3777 32.999 -16.0873 -8.4275 33.0166 -13.2535 -5.8096 31.3387 -15.4075
3 16 -5.8096 31.3387 -15.4075 -8.4275 33.0166 -13.2535 -8.0647 30.7887 -12.1137
3 16 -5.4599 29.407 -14.799 -5.8096 31.3387 -15.4075 -8.0647 30.7887 -12.1137
3 16 -5.4521 27.2128 -14.4106 -5.4599 29.407 -14.799 -7.9789 27.6697 -11.4169
3 16 -7.9789 27.6697 -11.4169 -5.4599 29.407 -14.799 -8.0647 30.7887 -12.1137
3 16 -5.4521 27.2128 -14.4106 -7.9789 27.6697 -11.4169 -5.644 24.585 -13.967
3 16 -5.644 24.585 -13.967 -7.9789 27.6697 -11.4169 -7.6806 24.5941 -11.296
3 16 -5.644 24.585 -13.967 -7.6806 24.5941 -11.296 -5.9134 22.1534 -13.4872
3 16 -5.9134 22.1534 -13.4872 -7.6806 24.5941 -11.296 -7.4951 22.4967 -11.2158
3 16 -5.9134 22.1534 -13.4872 -7.4951 22.4967 -11.2158 -6.1345 20.7924 -13.1042
3 16 -6.1345 20.7924 -13.1042 -7.4951 22.4967 -11.2158 -7.8669 20.4124 -10.5424
3 16 -6.1345 20.7924 -13.1042 -7.8669 20.4124 -10.5424 -6.4878 19.2504 -12.4261
3 16 -6.4878 19.2504 -12.4261 -7.8669 20.4124 -10.5424 -7.3894 18.9331 -10.8752
3 16 -7.1191 17.3278 -11.046 -6.4878 19.2504 -12.4261 -7.3894 18.9331 -10.8752
3 16 -7.8669 20.4124 -10.5424 -7.4951 22.4967 -11.2158 -12.7491 22.7127 -10.2569
3 16 -12.7491 22.7127 -10.2569 -7.4951 22.4967 -11.2158 -12.231 23.6583 -10.8464
3 16 -6.5088 24.0644 -17.0564 -5.644 24.585 -13.967 -6.76 22.0165 -16.8623
3 16 -6.76 22.0165 -16.8623 -5.644 24.585 -13.967 -5.9134 22.1534 -13.4872
3 16 -6.76 22.0165 -16.8623 -5.9134 22.1534 -13.4872 -6.9602 20.8865 -16.7441
3 16 -6.9602 20.8865 -16.7441 -5.9134 22.1534 -13.4872 -6.1345 20.7924 -13.1042
3 16 -6.4878 19.2504 -12.4261 -7.2599 19.7703 -16.577 -6.1345 20.7924 -13.1042
3 16 -6.1345 20.7924 -13.1042 -7.2599 19.7703 -16.577 -6.9602 20.8865 -16.7441
3 16 -9.4749 35.9561 -15.9336 -8.4059 35.8738 -17.0546 -10.4946 36.0532 -17.3984
3 16 -11.5314 35.935 -16.0859 -9.4749 35.9561 -15.9336 -10.4946 36.0532 -17.3984
3 16 -12.4957 35.8841 -16.5983 -10.4946 36.0532 -17.3984 -12.7104 35.8682 -16.9778
3 16 -12.4957 35.8841 -16.5983 -11.5314 35.935 -16.0859 -10.4946 36.0532 -17.3984
3 16 -12.7104 35.8682 -16.9778 -10.4946 36.0532 -17.3984 -12.6457 35.5779 -18.2238
3 16 5.8796 20.451 -12.7249 6.9951 17.9696 -11.1299 7.1441 20.38 -11.042
3 16 5.3522 22.7895 -13.6718 5.8796 20.451 -12.7249 6.8733 23.5189 -11.9525
3 16 6.8733 23.5189 -11.9525 5.8796 20.451 -12.7249 7.1441 20.38 -11.042
3 16 5.0938 26.2692 -14.2674 5.3522 22.7895 -13.6718 6.6393 25.979 -12.4344
3 16 6.6393 25.979 -12.4344 5.3522 22.7895 -13.6718 6.8733 23.5189 -11.9525
3 16 5.0596 28.8391 -14.8898 5.0938 26.2692 -14.2674 6.3336 28.9829 -13.0775
3 16 6.3336 28.9829 -13.0775 5.0938 26.2692 -14.2674 6.6393 25.979 -12.4344
3 16 5.3077 31.759 -16.159 5.0596 28.8391 -14.8898 6.2275 32.1131 -14.3669
3 16 6.2275 32.1131 -14.3669 5.0596 28.8391 -14.8898 6.3336 28.9829 -13.0775
3 16 5.8936 34.4227 -17.0679 5.3077 31.759 -16.159 6.7211 34.6537 -15.7924
3 16 6.7211 34.6537 -15.7924 5.3077 31.759 -16.159 6.2275 32.1131 -14.3669
3 16 5.8936 34.4227 -17.0679 6.7211 34.6537 -15.7924 6.5352 35.513 -17.1704
3 16 6.5352 35.513 -17.1704 6.7211 34.6537 -15.7924 7.1104 35.635 -16.4288
3 16 7.696 34.7857 -15.1862 7.6836 35.7152 -16.1696 6.7211 34.6537 -15.7924
3 16 6.7211 34.6537 -15.7924 7.6836 35.7152 -16.1696 7.1104 35.635 -16.4288
3 16 7.9139 32.2102 -13.1124 7.696 34.7857 -15.1862 6.2275 32.1131 -14.3669
3 16 6.2275 32.1131 -14.3669 7.696 34.7857 -15.1862 6.7211 34.6537 -15.7924
3 16 8.3645 28.7751 -11.7798 7.9139 32.2102 -13.1124 6.3336 28.9829 -13.0775
3 16 6.3336 28.9829 -13.0775 7.9139 32.2102 -13.1124 6.2275 32.1131 -14.3669
3 16 8.7355 25.5251 -11.1599 8.3645 28.7751 -11.7798 6.6393 25.979 -12.4344
3 16 6.6393 25.979 -12.4344 8.3645 28.7751 -11.7798 6.3336 28.9829 -13.0775
3 16 6.6393 25.979 -12.4344 6.8733 23.5189 -11.9525 8.7355 25.5251 -11.1599
3 16 8.7355 25.5251 -11.1599 6.8733 23.5189 -11.9525 9.4243 23.464 -10.2847
3 16 6.935 35.3362 -18.4692 7.5095 35.687 -17.5345 8.6828 35.5046 -18.8447
3 16 7.5095 35.687 -17.5345 6.935 35.3362 -18.4692 6.5352 35.513 -17.1704
3 16 7.5095 35.687 -17.5345 6.5352 35.513 -17.1704 7.1104 35.635 -16.4288
3 16 7.5095 35.687 -17.5345 7.1104 35.635 -16.4288 7.6836 35.7152 -16.1696
3 16 7.6836 35.7152 -16.1696 9.5741 35.8808 -15.8497 7.5095 35.687 -17.5345
3 16 8.6828 35.5046 -18.8447 7.5095 35.687 -17.5345 9.5741 35.8808 -15.8497
3 16 9.5741 35.8808 -15.8497 10.9557 35.7411 -17.2942 8.6828 35.5046 -18.8447
3 16 15.534 20.5369 -6.2307 12.1298 19.7896 -5.4302 16.0246 19.2611 -2.3209
3 16 16.0246 19.2611 -2.3209 12.1298 19.7896 -5.4302 13.0201 18.7613 -2.127
3 16 7.2869 -14.7317 3.9651 8.4546 -14.3017 3.2913 9.0737 -15.7328 4.318
3 16 9.0292 -14.0228 3.25 9.9191 -14.957 3.8543 8.4546 -14.3017 3.2913
3 16 8.4546 -14.3017 3.2913 9.9191 -14.957 3.8543 9.0737 -15.7328 4.318
3 16 9.0292 -14.0228 3.25 9.9486 -13.6819 3.3532 9.9191 -14.957 3.8543
3 16 9.9191 -14.957 3.8543 9.9486 -13.6819 3.3532 10.7628 -14.4667 3.6738
3 16 9.7773 -12.9413 2.6613 9.9486 -13.6819 3.3532 9.4327 -13.5404 3.0701
3 16 11.7664 -12.2539 2.1528 9.7773 -12.9413 2.6613 9.9223 -12.4115 1.9971
3 16 8.9323 -13.1983 10.9426 7.6927 -13.0734 10.7426 10.0743 -16.4325 10.7884
3 16 7.3401 -16.9935 8.4943 7.7539 -16.4407 9.5911 6.3314 -15.0316 7.8908
3 16 6.3314 -15.0316 7.8908 7.7539 -16.4407 9.5911 6.5758 -14.406 8.9912
3 16 13.5751 -11.6984 3.3426 12.8204 -11.946 2.366 13.6251 -11.4118 2.6093
3 16 13.5751 -11.6984 3.3426 13.6251 -11.4118 2.6093 14.1974 -11.0212 3.8598
3 16 14.1974 -11.0212 3.8598 13.6251 -11.4118 2.6093 15.0116 -8.8985 2.9471
3 16 14.1974 -11.0212 3.8598 15.1893 -9.1764 4.1363 14.7181 -10.3588 4.8092
3 16 14.7181 -10.3588 4.8092 15.1893 -9.1764 4.1363 15.2284 -9.4285 4.9957
3 16 14.7181 -10.3588 4.8092 15.2284 -9.4285 4.9957 14.9906 -10.2078 6.2785
3 16 14.9906 -10.2078 6.2785 15.2284 -9.4285 4.9957 15.201 -9.7267 6.2027
3 16 14.829 -10.4493 6.784 14.9906 -10.2078 6.2785 15.201 -9.7267 6.2027
3 16 14.3023 -11.8671 6.9756 14.9906 -10.2078 6.2785 14.829 -10.4493 6.784
3 16 14.707 -10.2441 7.3528 14.829 -10.4493 6.784 14.8533 -9.7517 7.4875
3 16 14.8533 -9.7517 7.4875 14.829 -10.4493 6.784 15.201 -9.7267 6.2027
3 16 14.707 -10.2441 7.3528 14.8533 -9.7517 7.4875 14.009 -10.2669 8.4037
3 16 13.1412 -10.9094 9.52 12.4584 -11.5052 10.372 13.5689 -12.4889 9.473
3 16 13.5689 -12.4889 9.473 12.4584 -11.5052 10.372 13.0474 -13.8677 10.906
3 16 12.4584 -11.5052 10.372 11.6589 -12.0108 10.959 13.0474 -13.8677 10.906
3 16 13.0474 -13.8677 10.906 11.6589 -12.0108 10.959 12.6035 -14.5107 11.2491
3 16 11.6589 -12.0108 10.959 10.7272 -12.4961 11.1105 12.6035 -14.5107 11.2491
3 16 12.6035 -14.5107 11.2491 10.7272 -12.4961 11.1105 11.9037 -15.0884 11.2928
3 16 7.3528 -17.1908 7.3407 7.3401 -16.9935 8.4943 6.3163 -15.3612 7.1858
3 16 6.3163 -15.3612 7.1858 7.3401 -16.9935 8.4943 6.3314 -15.0316 7.8908
3 16 6.6137 -15.1532 5.3889 8.0731 -16.6199 5.3812 6.3163 -15.3612 7.1858
3 16 6.3163 -15.3612 7.1858 8.0731 -16.6199 5.3812 7.3528 -17.1908 7.3407
3 16 11.5895 -13.751 3.5934 10.7628 -14.4667 3.6738 9.9486 -13.6819 3.3532
3 16 9.9486 -13.6819 3.3532 9.7773 -12.9413 2.6613 11.5895 -13.751 3.5934
3 16 11.5895 -13.751 3.5934 9.7773 -12.9413 2.6613 11.7664 -12.2539 2.1528
3 16 11.5895 -13.751 3.5934 11.7664 -12.2539 2.1528 12.5417 -13.072 3.6249
3 16 12.5417 -13.072 3.6249 11.7664 -12.2539 2.1528 12.8204 -11.946 2.366
3 16 13.3036 -12.5945 3.9684 12.5417 -13.072 3.6249 13.5751 -11.6984 3.3426
3 16 13.5751 -11.6984 3.3426 12.5417 -13.072 3.6249 12.8204 -11.946 2.366
3 16 14.1974 -11.0212 3.8598 13.7699 -12.2579 4.5314 13.5751 -11.6984 3.3426
3 16 13.5751 -11.6984 3.3426 13.7699 -12.2579 4.5314 13.3036 -12.5945 3.9684
3 16 14.7181 -10.3588 4.8092 14.13 -12.0402 5.2103 14.1974 -11.0212 3.8598
3 16 14.1974 -11.0212 3.8598 14.13 -12.0402 5.2103 13.7699 -12.2579 4.5314
3 16 14.3023 -11.8671 6.9756 14.13 -12.0402 5.2103 14.9906 -10.2078 6.2785
3 16 14.9906 -10.2078 6.2785 14.13 -12.0402 5.2103 14.7181 -10.3588 4.8092
3 16 14.3023 -11.8671 6.9756 14.829 -10.4493 6.784 14.707 -10.2441 7.3528
3 16 13.1272 -14.9846 11.573 12.6035 -14.5107 11.2491 12.4588 -15.6612 11.4397
3 16 12.4588 -15.6612 11.4397 12.6035 -14.5107 11.2491 11.9037 -15.0884 11.2928
3 16 13.9893 -14.1201 11.3851 13.0474 -13.8677 10.906 13.1272 -14.9846 11.573
3 16 13.1272 -14.9846 11.573 13.0474 -13.8677 10.906 12.6035 -14.5107 11.2491
3 16 13.9893 -14.1201 11.3851 14.941 -12.9115 10.1512 13.0474 -13.8677 10.906
3 16 13.0474 -13.8677 10.906 14.941 -12.9115 10.1512 13.5689 -12.4889 9.473
3 16 14.941 -12.9115 10.1512 15.3658 -12.3005 8.8726 13.5689 -12.4889 9.473
3 16 13.5689 -12.4889 9.473 15.3658 -12.3005 8.8726 13.9828 -12.0034 8.522
3 16 13.9828 -12.0034 8.522 15.3658 -12.3005 8.8726 14.3023 -11.8671 6.9756
3 16 14.3023 -11.8671 6.9756 15.3658 -12.3005 8.8726 15.619 -12.0145 7.0163
3 16 14.3023 -11.8671 6.9756 15.619 -12.0145 7.0163 14.13 -12.0402 5.2103
3 16 14.13 -12.0402 5.2103 15.619 -12.0145 7.0163 15.3651 -12.2038 4.8142
3 16 14.9406 -12.5823 3.8647 13.7699 -12.2579 4.5314 15.3651 -12.2038 4.8142
3 16 15.3651 -12.2038 4.8142 13.7699 -12.2579 4.5314 14.13 -12.0402 5.2103
3 16 14.2969 -13.1184 3.0987 13.3036 -12.5945 3.9684 14.9406 -12.5823 3.8647
3 16 14.9406 -12.5823 3.8647 13.3036 -12.5945 3.9684 13.7699 -12.2579 4.5314
3 16 12.5417 -13.072 3.6249 13.3036 -12.5945 3.9684 13.2353 -13.6073 2.8205
3 16 13.2353 -13.6073 2.8205 13.3036 -12.5945 3.9684 14.2969 -13.1184 3.0987
3 16 13.2353 -13.6073 2.8205 12.0418 -14.4084 2.8485 12.5417 -13.072 3.6249
3 16 12.5417 -13.072 3.6249 12.0418 -14.4084 2.8485 11.5895 -13.751 3.5934
3 16 12.0418 -14.4084 2.8485 10.7628 -14.4667 3.6738 11.5895 -13.751 3.5934
3 16 16.1468 -18.3713 3.0507 15.3798 -18.8609 3.185 15.2317 -17.7712 2.7886
3 16 16.5438 -17.6187 2.7263 16.1468 -18.3713 3.0507 15.2317 -17.7712 2.7886
3 16 15.2317 -17.7712 2.7886 16.5472 -17.1004 2.4777 16.5438 -17.6187 2.7263
3 16 15.2317 -17.7712 2.7886 15.999 -16.8047 2.2667 16.5472 -17.1004 2.4777
3 16 15.999 -16.8047 2.2667 15.2317 -17.7712 2.7886 15.2372 -16.8064 2.1246
3 16 15.2372 -16.8064 2.1246 15.2317 -17.7712 2.7886 14.434 -17.2304 2.1228
3 16 15.2317 -17.7712 2.7886 13.9399 -18.1756 2.4075 14.434 -17.2304 2.1228
3 16 15.2317 -17.7712 2.7886 13.8692 -18.9457 2.7582 13.9399 -18.1756 2.4075
3 16 15.2317 -17.7712 2.7886 14.5914 -19.0727 3.0984 13.8692 -18.9457 2.7582
3 16 15.2317 -17.7712 2.7886 15.3798 -18.8609 3.185 14.5914 -19.0727 3.0984
3 16 18.0828 -17.4141 9.2391 18.2355 -16.8002 9.5157 16.9143 -17.3127 9.9372
3 16 18.2355 -16.8002 9.5157 17.8718 -16.4904 10.002 16.9143 -17.3127 9.9372
3 16 16.9143 -17.3127 9.9372 17.8718 -16.4904 10.002 17.2154 -16.4018 10.588
3 16 17.2154 -16.4018 10.588 16.5541 -16.7518 10.9496 16.9143 -17.3127 9.9372
3 16 16.1226 -17.2781 11.1427 16.9143 -17.3127 9.9372 16.5541 -16.7518 10.9496
3 16 15.8894 -18.0812 11.0239 16.9143 -17.3127 9.9372 16.1226 -17.2781 11.1427
3 16 16.9143 -17.3127 9.9372 15.8894 -18.0812 11.0239 16.1309 -18.5107 10.4541
3 16 16.1309 -18.5107 10.4541 16.7553 -18.5128 9.7044 16.9143 -17.3127 9.9372
3 16 16.7553 -18.5128 9.7044 17.5121 -18.0951 9.2645 16.9143 -17.3127 9.9372
3 16 16.9143 -17.3127 9.9372 17.5121 -18.0951 9.2645 18.0828 -17.4141 9.2391
3 16 16.1309 -18.5107 10.4541 15.6533 -20.5453 7.9753 16.7553 -18.5128 9.7044
3 16 16.7553 -18.5128 9.7044 15.6533 -20.5453 7.9753 17.2877 -19.389 7.7284
3 16 15.8894 -18.0812 11.0239 15.2403 -18.614 11.0588 16.1309 -18.5107 10.4541
3 16 16.1309 -18.5107 10.4541 15.2403 -18.614 11.0588 14.3452 -21.1736 8.268
3 16 15.8894 -18.0812 11.0239 16.1226 -17.2781 11.1427 15.2403 -18.614 11.0588
3 16 15.2403 -18.614 11.0588 16.1226 -17.2781 11.1427 14.8145 -16.8934 11.7084
3 16 16.1226 -17.2781 11.1427 16.5541 -16.7518 10.9496 14.7259 -15.5744 11.9387
3 16 14.7259 -15.5744 11.9387 16.5541 -16.7518 10.9496 15.3188 -15.0057 11.82
3 16 15.3188 -15.0057 11.82 16.5541 -16.7518 10.9496 16.6776 -14.6452 11.336
3 16 16.6776 -14.6452 11.336 16.5541 -16.7518 10.9496 17.2154 -16.4018 10.588
3 16 16.6776 -14.6452 11.336 17.2154 -16.4018 10.588 18.6266 -14.4849 10.1552
3 16 18.6266 -14.4849 10.1552 17.2154 -16.4018 10.588 17.8718 -16.4904 10.002
3 16 17.8718 -16.4904 10.002 18.2355 -16.8002 9.5157 19.1832 -16.2879 9.0581
3 16 18.0828 -17.4141 9.2391 17.5121 -18.0951 9.2645 19.2246 -17.5864 7.4224
3 16 19.2246 -17.5864 7.4224 17.5121 -18.0951 9.2645 17.2877 -19.389 7.7284
3 16 17.5121 -18.0951 9.2645 16.7553 -18.5128 9.7044 17.2877 -19.389 7.7284
3 16 15.3798 -18.8609 3.185 16.1468 -18.3713 3.0507 16.8743 -19.603 5.1794
3 16 14.5914 -19.0727 3.0984 15.3798 -18.8609 3.185 15.1326 -20.6508 5.4766
3 16 15.1326 -20.6508 5.4766 15.3798 -18.8609 3.185 16.8743 -19.603 5.1794
3 16 19.2542 -17.9467 5.7189 19.2246 -17.5864 7.4224 17.1508 -19.6985 6.3975
3 16 17.1508 -19.6985 6.3975 19.2246 -17.5864 7.4224 17.2877 -19.389 7.7284
3 16 15.2919 -20.9164 6.7872 17.1508 -19.6985 6.3975 15.6533 -20.5453 7.9753
3 16 15.6533 -20.5453 7.9753 17.1508 -19.6985 6.3975 17.2877 -19.389 7.7284
3 16 18.4886 -17.6255 3.9613 19.2542 -17.9467 5.7189 16.8743 -19.603 5.1794
3 16 16.8743 -19.603 5.1794 19.2542 -17.9467 5.7189 17.1508 -19.6985 6.3975
3 16 16.8743 -19.603 5.1794 17.1508 -19.6985 6.3975 15.1326 -20.6508 5.4766
3 16 15.1326 -20.6508 5.4766 17.1508 -19.6985 6.3975 15.2919 -20.9164 6.7872
3 16 12.9733 -21.5112 6.3177 13.0253 -21.8202 7.1482 11.0876 -20.6198 7.0772
3 16 11.0876 -20.6198 7.0772 13.0253 -21.8202 7.1482 11.2893 -20.7351 7.925
3 16 11.2893 -20.7351 7.925 13.0253 -21.8202 7.1482 11.9287 -20.4347 8.7393
3 16 11.9287 -20.4347 8.7393 13.0253 -21.8202 7.1482 13.5674 -21.2679 8.501
3 16 14.3629 -21.4278 6.8611 15.2919 -20.9164 6.7872 14.3452 -21.1736 8.268
3 16 14.3452 -21.1736 8.268 15.2919 -20.9164 6.7872 15.6533 -20.5453 7.9753
3 16 14.3629 -21.4278 6.8611 13.7107 -21.5306 6.3397 15.2919 -20.9164 6.7872
3 16 15.2919 -20.9164 6.7872 13.7107 -21.5306 6.3397 15.1326 -20.6508 5.4766
3 16 9.7076 -20.3875 8.6259 11.2893 -20.7351 7.925 10.8016 -19.5393 9.4754
3 16 10.8016 -19.5393 9.4754 11.2893 -20.7351 7.925 11.9287 -20.4347 8.7393
3 16 11.0876 -20.6198 7.0772 11.2893 -20.7351 7.925 9.687 -20.25 7.428
3 16 9.687 -20.25 7.428 11.2893 -20.7351 7.925 9.7076 -20.3875 8.6259
3 16 9.687 -20.25 7.428 9.7076 -20.3875 8.6259 8.9201 -19.6472 7.7111
3 16 8.9201 -19.6472 7.7111 9.7076 -20.3875 8.6259 8.9529 -19.6352 8.867
3 16 8.9529 -19.6352 8.867 9.7076 -20.3875 8.6259 9.7672 -18.9687 9.6643
3 16 9.7672 -18.9687 9.6643 9.7076 -20.3875 8.6259 10.8016 -19.5393 9.4754
3 16 8.9529 -19.6352 8.867 8.0823 -18.2651 8.7739 8.9201 -19.6472 7.7111
3 16 8.9201 -19.6472 7.7111 8.0823 -18.2651 8.7739 8.1065 -18.4397 7.4052
3 16 8.0823 -18.2651 8.7739 8.9529 -19.6352 8.867 8.6932 -17.8432 9.7109
3 16 8.6932 -17.8432 9.7109 8.9529 -19.6352 8.867 9.7672 -18.9687 9.6643
3 16 11.5279 -17.5827 10.736 11.9287 -20.4347 8.7393 13.6665 -18.1098 11.0207
3 16 13.6665 -18.1098 11.0207 11.9287 -20.4347 8.7393 13.5674 -21.2679 8.501
3 16 8.0823 -18.2651 8.7739 8.6932 -17.8432 9.7109 7.3401 -16.9935 8.4943
3 16 7.3401 -16.9935 8.4943 8.6932 -17.8432 9.7109 7.7539 -16.4407 9.5911
3 16 8.1065 -18.4397 7.4052 8.0823 -18.2651 8.7739 7.3528 -17.1908 7.3407
3 16 7.3528 -17.1908 7.3407 8.0823 -18.2651 8.7739 7.3401 -16.9935 8.4943
3 16 11.5279 -17.5827 10.736 10.0743 -16.4325 10.7884 9.7672 -18.9687 9.6643
3 16 9.7672 -18.9687 9.6643 10.0743 -16.4325 10.7884 8.6932 -17.8432 9.7109
3 16 9.7672 -18.9687 9.6643 10.8016 -19.5393 9.4754 11.5279 -17.5827 10.736
3 16 11.9287 -20.4347 8.7393 11.5279 -17.5827 10.736 10.8016 -19.5393 9.4754
3 16 14.3629 -21.4278 6.8611 13.0253 -21.8202 7.1482 13.7107 -21.5306 6.3397
3 16 13.7107 -21.5306 6.3397 13.0253 -21.8202 7.1482 12.9733 -21.5112 6.3177
3 16 13.0253 -21.8202 7.1482 14.3629 -21.4278 6.8611 13.5674 -21.2679 8.501
3 16 13.5674 -21.2679 8.501 14.3629 -21.4278 6.8611 14.3452 -21.1736 8.268
3 16 13.6665 -18.1098 11.0207 13.5674 -21.2679 8.501 15.2403 -18.614 11.0588
3 16 15.2403 -18.614 11.0588 13.5674 -21.2679 8.501 14.3452 -21.1736 8.268
3 16 14.3452 -21.1736 8.268 15.6533 -20.5453 7.9753 16.1309 -18.5107 10.4541
3 16 12.4588 -15.6612 11.4397 11.9037 -15.0884 11.2928 11.5279 -17.5827 10.736
3 16 11.5279 -17.5827 10.736 11.9037 -15.0884 11.2928 10.0743 -16.4325 10.7884
3 16 13.6665 -18.1098 11.0207 15.2403 -18.614 11.0588 14.8145 -16.8934 11.7084
3 16 14.5139 -16.1743 11.8736 13.6257 -16.1257 11.7501 14.8145 -16.8934 11.7084
3 16 14.8145 -16.8934 11.7084 13.6257 -16.1257 11.7501 13.6665 -18.1098 11.0207
3 16 13.1272 -14.9846 11.573 13.6257 -16.1257 11.7501 14.7259 -15.5744 11.9387
3 16 14.7259 -15.5744 11.9387 13.6257 -16.1257 11.7501 14.5139 -16.1743 11.8736
3 16 16.1226 -17.2781 11.1427 14.7259 -15.5744 11.9387 14.8145 -16.8934 11.7084
3 16 14.8145 -16.8934 11.7084 14.7259 -15.5744 11.9387 14.5139 -16.1743 11.8736
3 16 13.1272 -14.9846 11.573 12.4588 -15.6612 11.4397 13.6257 -16.1257 11.7501
3 16 13.1272 -14.9846 11.573 14.7259 -15.5744 11.9387 13.9893 -14.1201 11.3851
3 16 13.9893 -14.1201 11.3851 14.7259 -15.5744 11.9387 15.3188 -15.0057 11.82
3 16 16.6776 -14.6452 11.336 16.2917 -13.7725 11.1294 15.3188 -15.0057 11.82
3 16 15.3188 -15.0057 11.82 16.2917 -13.7725 11.1294 13.9893 -14.1201 11.3851
3 16 16.2917 -13.7725 11.1294 16.6776 -14.6452 11.336 18.2816 -13.4351 9.8886
3 16 18.2816 -13.4351 9.8886 16.6776 -14.6452 11.336 18.6266 -14.4849 10.1552
3 16 13.6665 -18.1098 11.0207 13.6257 -16.1257 11.7501 11.5279 -17.5827 10.736
3 16 11.5279 -17.5827 10.736 13.6257 -16.1257 11.7501 12.4588 -15.6612 11.4397
3 16 14.707 -10.2441 7.3528 14.009 -10.2669 8.4037 14.3023 -11.8671 6.9756
3 16 14.3023 -11.8671 6.9756 14.009 -10.2669 8.4037 13.9828 -12.0034 8.522
3 16 13.5689 -12.4889 9.473 13.9828 -12.0034 8.522 13.1412 -10.9094 9.52
3 16 13.1412 -10.9094 9.52 13.9828 -12.0034 8.522 14.009 -10.2669 8.4037
3 16 10.0743 -16.4325 10.7884 11.9037 -15.0884 11.2928 8.9323 -13.1983 10.9426
3 16 8.9323 -13.1983 10.9426 11.9037 -15.0884 11.2928 10.7272 -12.4961 11.1105
3 16 10.0743 -16.4325 10.7884 7.7539 -16.4407 9.5911 8.6932 -17.8432 9.7109
3 16 8.1065 -18.4397 7.4052 7.3528 -17.1908 7.3407 8.8974 -17.5462 5.2265
3 16 8.8974 -17.5462 5.2265 7.3528 -17.1908 7.3407 8.0731 -16.6199 5.3812
3 16 14.5914 -19.0727 3.0984 15.1326 -20.6508 5.4766 13.8692 -18.9457 2.7582
3 16 13.8692 -18.9457 2.7582 15.1326 -20.6508 5.4766 13.7107 -21.5306 6.3397
3 16 13.8692 -18.9457 2.7582 13.7107 -21.5306 6.3397 12.7515 -19.2795 3.3273
3 16 12.7515 -19.2795 3.3273 13.7107 -21.5306 6.3397 12.9733 -21.5112 6.3177
3 16 8.9201 -19.6472 7.7111 8.1065 -18.4397 7.4052 9.7229 -18.5299 5.2748
3 16 9.7229 -18.5299 5.2748 8.1065 -18.4397 7.4052 8.8974 -17.5462 5.2265
3 16 9.687 -20.25 7.428 9.7229 -18.5299 5.2748 11.0876 -20.6198 7.0772
3 16 11.0876 -20.6198 7.0772 9.7229 -18.5299 5.2748 10.8055 -18.837 4.6466
3 16 9.687 -20.25 7.428 8.9201 -19.6472 7.7111 9.7229 -18.5299 5.2748
3 16 12.7515 -19.2795 3.3273 12.9733 -21.5112 6.3177 10.8055 -18.837 4.6466
3 16 10.8055 -18.837 4.6466 12.9733 -21.5112 6.3177 11.0876 -20.6198 7.0772
3 16 10.9291 -16.4143 3.4247 11.0597 -15.3386 3.2295 12.3992 -16.0813 2.269
3 16 12.3992 -16.0813 2.269 11.0597 -15.3386 3.2295 12.2774 -14.9388 2.2942
3 16 9.0737 -15.7328 4.318 9.9191 -14.957 3.8543 9.7554 -16.197 4.1532
3 16 9.7554 -16.197 4.1532 9.9191 -14.957 3.8543 10.2498 -15.275 3.783
3 16 9.7554 -16.197 4.1532 10.2498 -15.275 3.783 10.9291 -16.4143 3.4247
3 16 10.9291 -16.4143 3.4247 10.2498 -15.275 3.783 11.0597 -15.3386 3.2295
3 16 10.2498 -15.275 3.783 9.9191 -14.957 3.8543 10.7628 -14.4667 3.6738
3 16 10.2498 -15.275 3.783 10.7628 -14.4667 3.6738 11.0597 -15.3386 3.2295
3 16 11.0597 -15.3386 3.2295 10.7628 -14.4667 3.6738 12.0418 -14.4084 2.8485
3 16 12.7515 -19.2795 3.3273 12.566 -17.654 2.5901 13.8692 -18.9457 2.7582
3 16 13.8692 -18.9457 2.7582 12.566 -17.654 2.5901 13.9399 -18.1756 2.4075
3 16 12.3992 -16.0813 2.269 12.2774 -14.9388 2.2942 13.8938 -15.6364 1.6865
3 16 13.8938 -15.6364 1.6865 12.2774 -14.9388 2.2942 13.666 -14.3884 1.885
3 16 13.8938 -15.6364 1.6865 13.666 -14.3884 1.885 15.7249 -15.2589 1.7343
3 16 15.7249 -15.2589 1.7343 13.666 -14.3884 1.885 15.577 -14.0193 1.9217
3 16 19.2246 -17.5864 7.4224 19.1832 -16.2879 9.0581 18.0828 -17.4141 9.2391
3 16 18.0828 -17.4141 9.2391 19.1832 -16.2879 9.0581 18.2355 -16.8002 9.5157
3 16 14.941 -12.9115 10.1512 13.9893 -14.1201 11.3851 16.2917 -13.7725 11.1294
3 16 18.2816 -13.4351 9.8886 17.9489 -12.658 9.1613 16.2917 -13.7725 11.1294
3 16 16.2917 -13.7725 11.1294 17.9489 -12.658 9.1613 14.941 -12.9115 10.1512
3 16 12.2774 -14.9388 2.2942 11.0597 -15.3386 3.2295 12.0418 -14.4084 2.8485
3 16 12.0418 -14.4084 2.8485 13.2353 -13.6073 2.8205 12.2774 -14.9388 2.2942
3 16 12.2774 -14.9388 2.2942 13.2353 -13.6073 2.8205 13.666 -14.3884 1.885
3 16 13.2353 -13.6073 2.8205 14.2969 -13.1184 3.0987 13.666 -14.3884 1.885
3 16 13.666 -14.3884 1.885 14.2969 -13.1184 3.0987 15.577 -14.0193 1.9217
3 16 17.0592 -12.8811 2.9837 15.577 -14.0193 1.9217 14.9406 -12.5823 3.8647
3 16 14.9406 -12.5823 3.8647 15.577 -14.0193 1.9217 14.2969 -13.1184 3.0987
3 16 17.0592 -12.8811 2.9837 14.9406 -12.5823 3.8647 17.4323 -12.1514 4.3418
3 16 17.4323 -12.1514 4.3418 14.9406 -12.5823 3.8647 15.3651 -12.2038 4.8142
3 16 17.4323 -12.1514 4.3418 15.3651 -12.2038 4.8142 17.7976 -11.9383 6.6056
3 16 17.7976 -11.9383 6.6056 15.3651 -12.2038 4.8142 15.619 -12.0145 7.0163
3 16 15.3658 -12.3005 8.8726 17.8903 -12.2116 8.3129 15.619 -12.0145 7.0163
3 16 15.619 -12.0145 7.0163 17.8903 -12.2116 8.3129 17.7976 -11.9383 6.6056
3 16 14.941 -12.9115 10.1512 17.9489 -12.658 9.1613 15.3658 -12.3005 8.8726
3 16 15.3658 -12.3005 8.8726 17.9489 -12.658 9.1613 17.8903 -12.2116 8.3129
3 16 15.7249 -15.2589 1.7343 15.577 -14.0193 1.9217 17.5489 -14.947 1.9788
3 16 17.5489 -14.947 1.9788 15.577 -14.0193 1.9217 17.4604 -13.8165 2.1128
3 16 17.0592 -12.8811 2.9837 17.4604 -13.8165 2.1128 15.577 -14.0193 1.9217
3 16 18.6266 -14.4849 10.1552 17.8718 -16.4904 10.002 19.1832 -16.2879 9.0581
3 16 21.465 -15.5445 6.3647 21.305 -15.1253 7.4177 19.2246 -17.5864 7.4224
3 16 19.2246 -17.5864 7.4224 21.305 -15.1253 7.4177 19.1832 -16.2879 9.0581
3 16 18.6266 -14.4849 10.1552 19.1832 -16.2879 9.0581 21.2652 -14.3629 7.9956
3 16 21.2652 -14.3629 7.9956 19.1832 -16.2879 9.0581 21.305 -15.1253 7.4177
3 16 21.4076 -15.8427 4.9881 21.465 -15.5445 6.3647 19.2542 -17.9467 5.7189
3 16 19.2542 -17.9467 5.7189 21.465 -15.5445 6.3647 19.2246 -17.5864 7.4224
3 16 18.4886 -17.6255 3.9613 20.6856 -15.7267 3.5751 19.2542 -17.9467 5.7189
3 16 19.2542 -17.9467 5.7189 20.6856 -15.7267 3.5751 21.4076 -15.8427 4.9881
3 16 17.5489 -14.947 1.9788 17.4604 -13.8165 2.1128 19.5477 -14.4485 2.2445
3 16 19.5477 -14.4485 2.2445 17.4604 -13.8165 2.1128 19.4243 -13.5832 2.392
3 16 17.0592 -12.8811 2.9837 19.5025 -12.8403 3.1111 17.4604 -13.8165 2.1128
3 16 17.4604 -13.8165 2.1128 19.5025 -12.8403 3.1111 19.4243 -13.5832 2.392
3 16 19.6372 -12.2944 4.2149 19.5025 -12.8403 3.1111 17.4323 -12.1514 4.3418
3 16 17.4323 -12.1514 4.3418 19.5025 -12.8403 3.1111 17.0592 -12.8811 2.9837
3 16 17.7976 -11.9383 6.6056 19.9358 -12.0938 6.0365 17.4323 -12.1514 4.3418
3 16 17.4323 -12.1514 4.3418 19.9358 -12.0938 6.0365 19.6372 -12.2944 4.2149
3 16 17.8903 -12.2116 8.3129 20.2107 -12.2643 7.2796 17.7976 -11.9383 6.6056
3 16 17.7976 -11.9383 6.6056 20.2107 -12.2643 7.2796 19.9358 -12.0938 6.0365
3 16 20.2107 -12.2643 7.2796 17.8903 -12.2116 8.3129 20.4063 -12.657 7.7219
3 16 20.4063 -12.657 7.7219 17.8903 -12.2116 8.3129 17.9489 -12.658 9.1613
3 16 18.2816 -13.4351 9.8886 20.7893 -13.3541 8.0749 17.9489 -12.658 9.1613
3 16 17.9489 -12.658 9.1613 20.7893 -13.3541 8.0749 20.4063 -12.657 7.7219
3 16 18.2816 -13.4351 9.8886 18.6266 -14.4849 10.1552 20.7893 -13.3541 8.0749
3 16 20.7893 -13.3541 8.0749 18.6266 -14.4849 10.1552 21.2652 -14.3629 7.9956
3 16 20.6856 -15.7267 3.5751 21.489 -14.7839 3.4151 21.4076 -15.8427 4.9881
3 16 21.4076 -15.8427 4.9881 21.489 -14.7839 3.4151 22.0968 -14.7857 4.6601
3 16 20.0329 -15.3843 2.7082 20.9659 -14.6642 2.7939 20.6856 -15.7267 3.5751
3 16 20.6856 -15.7267 3.5751 20.9659 -14.6642 2.7939 21.489 -14.7839 3.4151
3 16 22.0968 -14.7857 4.6601 22.1755 -14.602 5.986 21.4076 -15.8427 4.9881
3 16 21.4076 -15.8427 4.9881 22.1755 -14.602 5.986 21.465 -15.5445 6.3647
3 16 21.305 -15.1253 7.4177 21.465 -15.5445 6.3647 22.0267 -14.3952 6.8938
3 16 22.0267 -14.3952 6.8938 21.465 -15.5445 6.3647 22.1755 -14.602 5.986
3 16 21.305 -15.1253 7.4177 22.0267 -14.3952 6.8938 21.2652 -14.3629 7.9956
3 16 20.7893 -13.3541 8.0749 21.2652 -14.3629 7.9956 21.602 -13.357 7.0202
3 16 21.602 -13.357 7.0202 21.2652 -14.3629 7.9956 22.0267 -14.3952 6.8938
3 16 20.4063 -12.657 7.7219 20.7893 -13.3541 8.0749 21.2763 -12.724 6.9235
3 16 21.2763 -12.724 6.9235 20.7893 -13.3541 8.0749 21.602 -13.357 7.0202
3 16 20.2107 -12.2643 7.2796 20.4063 -12.657 7.7219 21.0356 -12.445 6.7831
3 16 21.0356 -12.445 6.7831 20.4063 -12.657 7.7219 21.2763 -12.724 6.9235
3 16 20.9283 -12.4308 5.8314 19.9358 -12.0938 6.0365 21.0356 -12.445 6.7831
3 16 21.0356 -12.445 6.7831 19.9358 -12.0938 6.0365 20.2107 -12.2643 7.2796
3 16 21.0356 -12.445 6.7831 21.2763 -12.724 6.9235 20.9283 -12.4308 5.8314
3 16 20.9283 -12.4308 5.8314 21.2763 -12.724 6.9235 21.7189 -13.4235 5.9104
3 16 20.9283 -12.4308 5.8314 20.7043 -12.6808 4.3009 19.9358 -12.0938 6.0365
3 16 19.9358 -12.0938 6.0365 20.7043 -12.6808 4.3009 19.6372 -12.2944 4.2149
3 16 20.7043 -12.6808 4.3009 20.5605 -13.0844 3.3955 19.6372 -12.2944 4.2149
3 16 19.6372 -12.2944 4.2149 20.5605 -13.0844 3.3955 19.5025 -12.8403 3.1111
3 16 20.5605 -13.0844 3.3955 19.4243 -13.5832 2.392 19.5025 -12.8403 3.1111
3 16 20.5605 -13.0844 3.3955 20.5674 -14.1304 2.5832 19.4243 -13.5832 2.392
3 16 19.4243 -13.5832 2.392 20.5674 -14.1304 2.5832 19.5477 -14.4485 2.2445
3 16 20.7043 -12.6808 4.3009 20.9283 -12.4308 5.8314 21.5629 -13.6242 4.5281
3 16 21.5629 -13.6242 4.5281 20.9283 -12.4308 5.8314 21.7189 -13.4235 5.9104
3 16 20.5605 -13.0844 3.3955 20.7043 -12.6808 4.3009 21.3254 -13.8244 3.7411
3 16 21.3254 -13.8244 3.7411 20.7043 -12.6808 4.3009 21.5629 -13.6242 4.5281
3 16 21.7189 -13.4235 5.9104 21.2763 -12.724 6.9235 21.602 -13.357 7.0202
3 16 21.602 -13.357 7.0202 22.0267 -14.3952 6.8938 21.7189 -13.4235 5.9104
3 16 21.7189 -13.4235 5.9104 22.0267 -14.3952 6.8938 22.1755 -14.602 5.986
3 16 22.0968 -14.7857 4.6601 21.5629 -13.6242 4.5281 22.1755 -14.602 5.986
3 16 22.1755 -14.602 5.986 21.5629 -13.6242 4.5281 21.7189 -13.4235 5.9104
3 16 21.489 -14.7839 3.4151 21.3254 -13.8244 3.7411 22.0968 -14.7857 4.6601
3 16 22.0968 -14.7857 4.6601 21.3254 -13.8244 3.7411 21.5629 -13.6242 4.5281
3 16 20.9659 -14.6642 2.7939 20.0329 -15.3843 2.7082 20.5674 -14.1304 2.5832
3 16 20.5674 -14.1304 2.5832 20.0329 -15.3843 2.7082 19.5477 -14.4485 2.2445
3 16 21.3254 -13.8244 3.7411 21.489 -14.7839 3.4151 20.9659 -14.6642 2.7939
3 16 20.5674 -14.1304 2.5832 21.3254 -13.8244 3.7411 20.9659 -14.6642 2.7939
3 16 21.3254 -13.8244 3.7411 20.5674 -14.1304 2.5832 20.5605 -13.0844 3.3955
3 16 16.5438 -17.6187 2.7263 18.4886 -17.6255 3.9613 16.1468 -18.3713 3.0507
3 16 16.1468 -18.3713 3.0507 18.4886 -17.6255 3.9613 16.8743 -19.603 5.1794
3 16 18.4886 -17.6255 3.9613 16.5438 -17.6187 2.7263 18.2312 -16.4202 2.635
3 16 18.2312 -16.4202 2.635 16.5438 -17.6187 2.7263 16.5472 -17.1004 2.4777
3 16 18.4886 -17.6255 3.9613 18.2312 -16.4202 2.635 20.6856 -15.7267 3.5751
3 16 20.6856 -15.7267 3.5751 18.2312 -16.4202 2.635 20.0329 -15.3843 2.7082
3 16 20.0329 -15.3843 2.7082 18.2312 -16.4202 2.635 19.5477 -14.4485 2.2445
3 16 19.5477 -14.4485 2.2445 18.2312 -16.4202 2.635 17.5489 -14.947 1.9788
3 16 18.2312 -16.4202 2.635 15.7249 -15.2589 1.7343 17.5489 -14.947 1.9788
3 16 15.999 -16.8047 2.2667 15.7249 -15.2589 1.7343 16.5472 -17.1004 2.4777
3 16 16.5472 -17.1004 2.4777 15.7249 -15.2589 1.7343 18.2312 -16.4202 2.635
3 16 15.999 -16.8047 2.2667 15.2372 -16.8064 2.1246 15.7249 -15.2589 1.7343
3 16 15.7249 -15.2589 1.7343 15.2372 -16.8064 2.1246 13.8938 -15.6364 1.6865
3 16 13.8938 -15.6364 1.6865 15.2372 -16.8064 2.1246 14.434 -17.2304 2.1228
3 16 12.566 -17.654 2.5901 14.434 -17.2304 2.1228 13.9399 -18.1756 2.4075
3 16 12.566 -17.654 2.5901 12.3992 -16.0813 2.269 14.434 -17.2304 2.1228
3 16 14.434 -17.2304 2.1228 12.3992 -16.0813 2.269 13.8938 -15.6364 1.6865
3 16 12.3992 -16.0813 2.269 12.566 -17.654 2.5901 10.9291 -16.4143 3.4247
3 16 10.9291 -16.4143 3.4247 12.566 -17.654 2.5901 10.9059 -18.0199 4.0279
3 16 4.2747 -15.8271 5.025 3.9661 -16.4399 5.5724 3.5973 -16.2116 4.7547
3 16 2.9977 -15.8134 3.6286 3.8621 -15.2365 3.6544 3.5973 -16.2116 4.7547
3 16 3.5973 -16.2116 4.7547 3.8621 -15.2365 3.6544 4.2747 -15.8271 5.025
3 16 4.2747 -15.8271 5.025 3.8621 -15.2365 3.6544 5.9077 -15.2765 5.0981
3 16 5.9077 -15.2765 5.0981 3.8621 -15.2365 3.6544 6.3135 -14.9745 3.3168
3 16 6.3135 -14.9745 3.3168 7.2869 -14.7317 3.9651 5.9077 -15.2765 5.0981
3 16 5.9077 -15.2765 5.0981 7.2869 -14.7317 3.9651 6.6137 -15.1532 5.3889
3 16 9.0737 -15.7328 4.318 8.0731 -16.6199 5.3812 7.2869 -14.7317 3.9651
3 16 7.2869 -14.7317 3.9651 8.0731 -16.6199 5.3812 6.6137 -15.1532 5.3889
3 16 8.0731 -16.6199 5.3812 9.0737 -15.7328 4.318 8.8974 -17.5462 5.2265
3 16 8.8974 -17.5462 5.2265 9.0737 -15.7328 4.318 9.7554 -16.197 4.1532
3 16 10.9291 -16.4143 3.4247 10.9059 -18.0199 4.0279 9.7554 -16.197 4.1532
3 16 9.7554 -16.197 4.1532 10.9059 -18.0199 4.0279 8.8974 -17.5462 5.2265
3 16 10.8055 -18.837 4.6466 9.7229 -18.5299 5.2748 10.9059 -18.0199 4.0279
3 16 10.9059 -18.0199 4.0279 9.7229 -18.5299 5.2748 8.8974 -17.5462 5.2265
3 16 10.8055 -18.837 4.6466 10.9059 -18.0199 4.0279 12.7515 -19.2795 3.3273
3 16 12.7515 -19.2795 3.3273 10.9059 -18.0199 4.0279 12.566 -17.654 2.5901
3 16 -10.947 -10.865 0.3347 -9.7868 -11.6308 0.726 -11.2948 -11.9983 0.3207
3 16 -11.2948 -11.9983 0.3207 -9.7868 -11.6308 0.726 -10.2755 -12.5981 0.7258
3 16 -11.9252 -10.389 0.1011 -10.947 -10.865 0.3347 -12.2218 -11.5306 0.1447
3 16 -12.2218 -11.5306 0.1447 -10.947 -10.865 0.3347 -11.2948 -11.9983 0.3207
3 16 -14.5344 -10.4194 1.1839 -13.9994 -9.4269 0.992 -13.4689 -10.8939 0.2767
3 16 -13.4689 -10.8939 0.2767 -13.9994 -9.4269 0.992 -13.0633 -9.8467 0.1023
3 16 -13.9994 -9.4269 0.992 -14.5344 -10.4194 1.1839 -14.505 -8.9101 2.0715
3 16 -14.505 -8.9101 2.0715 -14.5344 -10.4194 1.1839 -15.0315 -10.3472 2.3034
3 16 -14.505 -8.9101 2.0715 -15.0315 -10.3472 2.3034 -14.7916 -8.8576 3.5244
3 16 -14.7916 -8.8576 3.5244 -15.0315 -10.3472 2.3034 -15.2855 -10.45 3.7826
3 16 -14.7916 -8.8576 3.5244 -15.2855 -10.45 3.7826 -14.4216 -8.7656 5.0142
3 16 -14.4216 -8.7656 5.0142 -15.2855 -10.45 3.7826 -14.9358 -10.9366 5.4761
3 16 -8.0414 -15.3914 7.8542 -8.9345 -16.4217 7.9054 -7.6474 -15.7252 7.4041
3 16 -7.6474 -15.7252 7.4041 -8.9345 -16.4217 7.9054 -8.3619 -17.2922 7.1862
3 16 -10.2283 -17.4169 7.504 -9.4425 -17.8844 6.8188 -8.9345 -16.4217 7.9054
3 16 -8.9345 -16.4217 7.9054 -9.4425 -17.8844 6.8188 -8.3619 -17.2922 7.1862
3 16 -9.4425 -17.8844 6.8188 -9.12 -16.9135 5.7047 -8.3619 -17.2922 7.1862
3 16 -8.3619 -17.2922 7.1862 -9.12 -16.9135 5.7047 -8.2282 -15.8496 5.9871
3 16 -7.5981 -15.2315 6.7012 -7.6474 -15.7252 7.4041 -8.2282 -15.8496 5.9871
3 16 -8.2282 -15.8496 5.9871 -7.6474 -15.7252 7.4041 -8.3619 -17.2922 7.1862
3 16 -12.1103 -15.3888 8.8041 -11.3863 -16.2582 8.373 -10.3632 -13.9084 9.0116
3 16 -10.3632 -13.9084 9.0116 -11.3863 -16.2582 8.373 -9.289 -15.0486 8.5128
3 16 -8.0414 -15.3914 7.8542 -9.289 -15.0486 8.5128 -8.9345 -16.4217 7.9054
3 16 -10.2283 -17.4169 7.504 -8.9345 -16.4217 7.9054 -11.3863 -16.2582 8.373
3 16 -11.3863 -16.2582 8.373 -8.9345 -16.4217 7.9054 -9.289 -15.0486 8.5128
3 16 -7.5981 -15.2315 6.7012 -8.2282 -15.8496 5.9871 -7.6272 -14.6563 5.1359
3 16 -7.6272 -14.6563 5.1359 -8.2282 -15.8496 5.9871 -8.1281 -15.0793 4.8218
3 16 -12.1103 -15.3888 8.8041 -10.3632 -13.9084 9.0116 -13.0799 -14.1713 9.0545
3 16 -13.0799 -14.1713 9.0545 -10.3632 -13.9084 9.0116 -11.0544 -12.8578 9.2179
3 16 -13.0799 -14.1713 9.0545 -11.0544 -12.8578 9.2179 -13.3564 -13.5091 8.7682
3 16 -13.6444 -12.6796 8.1419 -13.3564 -13.5091 8.7682 -11.5355 -11.4374 8.7503
3 16 -11.5355 -11.4374 8.7503 -13.3564 -13.5091 8.7682 -11.0544 -12.8578 9.2179
3 16 -14.9358 -10.9366 5.4761 -13.5414 -8.8792 6.1621 -14.4216 -8.7656 5.0142
3 16 -12.007 -9.1479 7.2513 -14.1364 -11.7756 7.1782 -11.5355 -11.4374 8.7503
3 16 -11.5355 -11.4374 8.7503 -14.1364 -11.7756 7.1782 -13.6444 -12.6796 8.1419
3 16 -12.007 -9.1479 7.2513 -13.5414 -8.8792 6.1621 -14.1364 -11.7756 7.1782
3 16 -14.1364 -11.7756 7.1782 -13.5414 -8.8792 6.1621 -14.9358 -10.9366 5.4761
3 16 -14.9219 -14.6352 8.8589 -13.0799 -14.1713 9.0545 -14.6567 -13.7774 8.7073
3 16 -14.6567 -13.7774 8.7073 -13.0799 -14.1713 9.0545 -13.3564 -13.5091 8.7682
3 16 -19.7575 -12.268 3.1919 -19.1655 -11.4773 3.1698 -20.3813 -11.8262 1.6548
3 16 -20.3813 -11.8262 1.6548 -19.1655 -11.4773 3.1698 -19.936 -11.03 1.6386
3 16 -19.7575 -12.268 3.1919 -18.4688 -12.8566 5.602 -19.1655 -11.4773 3.1698
3 16 -19.1655 -11.4773 3.1698 -18.4688 -12.8566 5.602 -17.3502 -11.7468 5.5628
3 16 -18.4688 -12.8566 5.602 -16.9887 -13.5261 7.5134 -17.3502 -11.7468 5.5628
3 16 -17.3502 -11.7468 5.5628 -16.9887 -13.5261 7.5134 -16.0782 -12.5029 7.3341
3 16 -13.9994 -9.4269 0.992 -14.1654 -8.35 0.1233 -13.0633 -9.8467 0.1023
3 16 -13.0633 -9.8467 0.1023 -14.1654 -8.35 0.1233 -13.0342 -8.7735 -0.9265
3 16 -13.0633 -9.8467 0.1023 -13.0342 -8.7735 -0.9265 -11.9252 -10.389 0.1011
3 16 -13.0633 -9.8467 0.1023 -11.9252 -10.389 0.1011 -13.4689 -10.8939 0.2767
3 16 -13.4689 -10.8939 0.2767 -11.9252 -10.389 0.1011 -12.2218 -11.5306 0.1447
3 16 -13.45 -7.53 -2.3005 -13.0342 -8.7735 -0.9265 -14.7687 -6.9825 -1.2468
3 16 -14.7687 -6.9825 -1.2468 -13.0342 -8.7735 -0.9265 -14.1654 -8.35 0.1233
3 16 -17.1088 -10.5833 0.8204 -15.0315 -10.3472 2.3034 -14.5344 -10.4194 1.1839
3 16 -15.2855 -10.45 3.7826 -15.0315 -10.3472 2.3034 -18.2102 -10.7497 2.8459
3 16 -18.2102 -10.7497 2.8459 -15.0315 -10.3472 2.3034 -17.1088 -10.5833 0.8204
3 16 -14.9358 -10.9366 5.4761 -15.2855 -10.45 3.7826 -17.3502 -11.7468 5.5628
3 16 -17.3502 -11.7468 5.5628 -15.2855 -10.45 3.7826 -18.2102 -10.7497 2.8459
3 16 -14.1364 -11.7756 7.1782 -14.9358 -10.9366 5.4761 -16.0782 -12.5029 7.3341
3 16 -16.0782 -12.5029 7.3341 -14.9358 -10.9366 5.4761 -17.3502 -11.7468 5.5628
3 16 -7.0135 -12.685 -1.7411 -6.4343 -13.6077 1.5893 -8.1894 -12.4732 1.3415
3 16 -8.1894 -12.4732 1.3415 -6.4343 -13.6077 1.5893 -7.4703 -13.1862 2.399
3 16 -8.1894 -12.4732 1.3415 -7.4703 -13.1862 2.399 -8.7111 -12.8367 1.5089
3 16 -8.7111 -12.8367 1.5089 -7.4703 -13.1862 2.399 -8.076 -13.611 2.5685
3 16 -8.3819 -13.8532 2.481 -8.7111 -12.8367 1.5089 -8.076 -13.611 2.5685
3 16 -8.7111 -12.8367 1.5089 -8.3819 -13.8532 2.481 -9.2756 -13.5044 1.4782
3 16 -9.2756 -13.5044 1.4782 -8.3819 -13.8532 2.481 -8.9502 -14.5959 1.9775
3 16 -9.4069 -14.5151 1.1618 -9.2756 -13.5044 1.4782 -8.9502 -14.5959 1.9775
3 16 -9.1597 -11.1401 0.2476 -8.1894 -12.4732 1.3415 -9.7868 -11.6308 0.726
3 16 -9.7868 -11.6308 0.726 -8.1894 -12.4732 1.3415 -8.7111 -12.8367 1.5089
3 16 -9.7868 -11.6308 0.726 -8.7111 -12.8367 1.5089 -10.2755 -12.5981 0.7258
3 16 -10.2755 -12.5981 0.7258 -8.7111 -12.8367 1.5089 -9.2756 -13.5044 1.4782
3 16 -9.4069 -14.5151 1.1618 -10.1717 -13.9707 0.2312 -9.2756 -13.5044 1.4782
3 16 -9.2756 -13.5044 1.4782 -10.1717 -13.9707 0.2312 -10.2755 -12.5981 0.7258
3 16 -11.2948 -11.9983 0.3207 -10.2755 -12.5981 0.7258 -11.2222 -13.6988 -0.5473
3 16 -11.2222 -13.6988 -0.5473 -10.2755 -12.5981 0.7258 -10.1717 -13.9707 0.2312
3 16 -11.2948 -11.9983 0.3207 -11.2222 -13.6988 -0.5473 -12.2218 -11.5306 0.1447
3 16 -12.2218 -11.5306 0.1447 -11.2222 -13.6988 -0.5473 -12.7694 -13.4536 -1.3384
3 16 -12.2218 -11.5306 0.1447 -14.0595 -11.9779 -1.2672 -13.4689 -10.8939 0.2767
3 16 -13.4689 -10.8939 0.2767 -14.0595 -11.9779 -1.2672 -15.7291 -11.7811 -1.6305
3 16 -13.4689 -10.8939 0.2767 -15.7291 -11.7811 -1.6305 -16.2534 -10.8381 -0.627
3 16 -17.1088 -10.5833 0.8204 -14.5344 -10.4194 1.1839 -16.2534 -10.8381 -0.627
3 16 -16.2534 -10.8381 -0.627 -14.5344 -10.4194 1.1839 -13.4689 -10.8939 0.2767
3 16 -12.2218 -11.5306 0.1447 -12.7694 -13.4536 -1.3384 -14.0595 -11.9779 -1.2672
3 16 -14.0595 -11.9779 -1.2672 -12.7694 -13.4536 -1.3384 -14.768 -13.2831 -1.9712
3 16 -14.0595 -11.9779 -1.2672 -14.768 -13.2831 -1.9712 -15.7291 -11.7811 -1.6305
3 16 -14.4677 -16.4881 -0.4886 -14.58 -16.047 -0.8517 -13.0689 -16.19 0.1331
3 16 -13.0689 -16.19 0.1331 -14.58 -16.047 -0.8517 -14.0404 -15.6388 -0.8803
3 16 -13.0689 -16.19 0.1331 -14.0404 -15.6388 -0.8803 -12.9935 -15.3704 -0.6625
3 16 -13.0689 -16.19 0.1331 -12.9935 -15.3704 -0.6625 -12.1381 -15.5119 -0.222
3 16 -12.1381 -15.5119 -0.222 -11.6869 -15.9137 0.099 -13.0689 -16.19 0.1331
3 16 -13.0689 -16.19 0.1331 -11.6869 -15.9137 0.099 -11.4791 -16.7891 0.4211
3 16 -13.0689 -16.19 0.1331 -11.4791 -16.7891 0.4211 -11.9207 -17.3533 0.4836
3 16 -13.0689 -16.19 0.1331 -11.9207 -17.3533 0.4836 -13.1615 -17.4381 0.3659
3 16 -13.1615 -17.4381 0.3659 -14.0359 -17.0052 -0.0619 -13.0689 -16.19 0.1331
3 16 -14.4677 -16.4881 -0.4886 -13.0689 -16.19 0.1331 -14.0359 -17.0052 -0.0619
3 16 -12.9935 -15.3704 -0.6625 -14.0404 -15.6388 -0.8803 -12.971 -14.4125 -1.1926
3 16 -12.971 -14.4125 -1.1926 -14.0404 -15.6388 -0.8803 -14.7674 -14.3281 -1.7115
3 16 -16.042 -17.5549 1.1539 -14.0359 -17.0052 -0.0619 -14.6684 -18.5464 2.1317
3 16 -14.6684 -18.5464 2.1317 -14.0359 -17.0052 -0.0619 -13.1615 -17.4381 0.3659
3 16 -10.3264 -16.4291 0.8682 -10.4827 -17.191 1.069 -11.4791 -16.7891 0.4211
3 16 -11.4791 -16.7891 0.4211 -10.4827 -17.191 1.069 -11.9207 -17.3533 0.4836
3 16 -11.4791 -16.7891 0.4211 -11.6869 -15.9137 0.099 -10.3264 -16.4291 0.8682
3 16 -10.3264 -16.4291 0.8682 -11.6869 -15.9137 0.099 -10.1836 -15.1758 0.5252
3 16 -10.1836 -15.1758 0.5252 -11.6869 -15.9137 0.099 -11.4243 -14.6287 -0.4156
3 16 -11.4243 -14.6287 -0.4156 -11.6869 -15.9137 0.099 -12.1381 -15.5119 -0.222
3 16 -12.9935 -15.3704 -0.6625 -12.971 -14.4125 -1.1926 -12.1381 -15.5119 -0.222
3 16 -12.1381 -15.5119 -0.222 -12.971 -14.4125 -1.1926 -11.4243 -14.6287 -0.4156
3 16 -8.3816 -14.5868 3.0356 -8.1281 -15.0793 4.8218 -9.12 -16.9135 5.7047
3 16 -9.12 -16.9135 5.7047 -8.1281 -15.0793 4.8218 -8.2282 -15.8496 5.9871
3 16 -7.6272 -14.6563 5.1359 -8.1281 -15.0793 4.8218 -7.8503 -13.9917 3.3502
3 16 -7.8503 -13.9917 3.3502 -8.1281 -15.0793 4.8218 -8.3816 -14.5868 3.0356
3 16 -9.12 -16.9135 5.7047 -9.1653 -15.7611 2.4952 -8.3816 -14.5868 3.0356
3 16 -10.1836 -15.1758 0.5252 -9.4069 -14.5151 1.1618 -9.1653 -15.7611 2.4952
3 16 -9.1653 -15.7611 2.4952 -9.4069 -14.5151 1.1618 -8.9502 -14.5959 1.9775
3 16 -10.1836 -15.1758 0.5252 -10.1717 -13.9707 0.2312 -9.4069 -14.5151 1.1618
3 16 -7.8503 -13.9917 3.3502 -7.2199 -13.6802 3.5703 -7.6272 -14.6563 5.1359
3 16 -7.6272 -14.6563 5.1359 -7.2199 -13.6802 3.5703 -7.0244 -14.3045 5.429
3 16 -7.2199 -13.6802 3.5703 -6.0976 -14.0591 3.5382 -7.0244 -14.3045 5.429
3 16 -7.0244 -14.3045 5.429 -6.0976 -14.0591 3.5382 -5.9413 -14.5569 5.5088
3 16 -8.3819 -13.8532 2.481 -8.3816 -14.5868 3.0356 -8.9502 -14.5959 1.9775
3 16 -8.9502 -14.5959 1.9775 -8.3816 -14.5868 3.0356 -9.1653 -15.7611 2.4952
3 16 -8.3816 -14.5868 3.0356 -8.3819 -13.8532 2.481 -7.8503 -13.9917 3.3502
3 16 -7.8503 -13.9917 3.3502 -8.3819 -13.8532 2.481 -8.076 -13.611 2.5685
3 16 -8.076 -13.611 2.5685 -7.4703 -13.1862 2.399 -7.8503 -13.9917 3.3502
3 16 -7.8503 -13.9917 3.3502 -7.4703 -13.1862 2.399 -7.2199 -13.6802 3.5703
3 16 -6.4343 -13.6077 1.5893 -6.0976 -14.0591 3.5382 -7.4703 -13.1862 2.399
3 16 -7.4703 -13.1862 2.399 -6.0976 -14.0591 3.5382 -7.2199 -13.6802 3.5703
3 16 -6.4343 -13.6077 1.5893 -4.6222 -13.7635 1.6705 -6.0976 -14.0591 3.5382
3 16 -6.0976 -14.0591 3.5382 -4.6222 -13.7635 1.6705 -4.5216 -14.3456 3.6063
3 16 -4.6222 -13.7635 1.6705 -2.0408 -15.3149 2.4077 -4.5216 -14.3456 3.6063
3 16 -4.5216 -14.3456 3.6063 -2.0408 -15.3149 2.4077 -2.7011 -15.724 3.486
3 16 -2.4567 -16.3651 3.6209 -2.7011 -15.724 3.486 -1.6752 -16.2131 2.8353
3 16 -1.6752 -16.2131 2.8353 -2.7011 -15.724 3.486 -2.0408 -15.3149 2.4077
3 16 -2.4567 -16.3651 3.6209 -1.6752 -16.2131 2.8353 -2.6204 -17.1248 3.1006
3 16 -2.6204 -17.1248 3.1006 -1.6752 -16.2131 2.8353 -2.0924 -17.2303 2.3367
3 16 -11.2222 -13.6988 -0.5473 -10.1717 -13.9707 0.2312 -11.4243 -14.6287 -0.4156
3 16 -11.4243 -14.6287 -0.4156 -10.1717 -13.9707 0.2312 -10.1836 -15.1758 0.5252
3 16 -12.7694 -13.4536 -1.3384 -11.2222 -13.6988 -0.5473 -12.971 -14.4125 -1.1926
3 16 -12.971 -14.4125 -1.1926 -11.2222 -13.6988 -0.5473 -11.4243 -14.6287 -0.4156
3 16 -9.6106 -16.6094 2.3462 -10.3264 -16.4291 0.8682 -9.1653 -15.7611 2.4952
3 16 -9.1653 -15.7611 2.4952 -10.3264 -16.4291 0.8682 -10.1836 -15.1758 0.5252
3 16 -9.6106 -16.6094 2.3462 -10.6664 -17.7986 1.7053 -10.3264 -16.4291 0.8682
3 16 -10.3264 -16.4291 0.8682 -10.6664 -17.7986 1.7053 -10.4827 -17.191 1.069
3 16 -14.768 -13.2831 -1.9712 -12.7694 -13.4536 -1.3384 -14.7674 -14.3281 -1.7115
3 16 -14.7674 -14.3281 -1.7115 -12.7694 -13.4536 -1.3384 -12.971 -14.4125 -1.1926
3 16 -17.7834 -13.4438 -2.8147 -17.5237 -12.9227 -2.8729 -17.0487 -14.1452 -2.3337
3 16 -17.0487 -14.1452 -2.3337 -17.5237 -12.9227 -2.8729 -14.768 -13.2831 -1.9712
3 16 -14.7674 -14.3281 -1.7115 -15.5731 -15.4573 -1.3943 -17.0487 -14.1452 -2.3337
3 16 -17.0487 -14.1452 -2.3337 -14.768 -13.2831 -1.9712 -14.7674 -14.3281 -1.7115
3 16 -14.768 -13.2831 -1.9712 -17.5237 -12.9227 -2.8729 -15.7291 -11.7811 -1.6305
3 16 -15.7291 -11.7811 -1.6305 -17.5237 -12.9227 -2.8729 -17.474 -11.7283 -2.2469
3 16 -12.8728 -20.0988 4.457 -12.3844 -20.0416 4.7108 -13.1366 -20.3661 4.888
3 16 -13.1366 -20.3661 4.888 -12.3844 -20.0416 4.7108 -12.4669 -20.4685 5.3099
3 16 -12.3844 -20.0416 4.7108 -11.948 -19.8462 4.9853 -12.4669 -20.4685 5.3099
3 16 -12.4669 -20.4685 5.3099 -11.948 -19.8462 4.9853 -12.0326 -20.2462 5.5632
3 16 -12.3844 -20.0416 4.7108 -12.8728 -20.0988 4.457 -11.6039 -19.1264 4.1619
3 16 -11.6039 -19.1264 4.1619 -12.8728 -20.0988 4.457 -13.3741 -19.4114 3.2684
3 16 -11.6039 -19.1264 4.1619 -11.948 -19.8462 4.9853 -12.3844 -20.0416 4.7108
3 16 -11.0246 -18.602 4.8399 -11.1665 -19.1163 6.0832 -11.948 -19.8462 4.9853
3 16 -11.948 -19.8462 4.9853 -11.1665 -19.1163 6.0832 -12.0326 -20.2462 5.5632
3 16 -13.3741 -19.4114 3.2684 -12.8728 -20.0988 4.457 -14.3324 -19.7229 4.0951
3 16 -14.3324 -19.7229 4.0951 -12.8728 -20.0988 4.457 -13.1366 -20.3661 4.888
3 16 -10.2156 -17.9002 5.333 -10.4736 -18.4539 6.4331 -11.0246 -18.602 4.8399
3 16 -11.0246 -18.602 4.8399 -10.4736 -18.4539 6.4331 -11.1665 -19.1163 6.0832
3 16 -14.6684 -18.5464 2.1317 -13.3741 -19.4114 3.2684 -15.5095 -18.9038 3.1807
3 16 -15.5095 -18.9038 3.1807 -13.3741 -19.4114 3.2684 -14.3324 -19.7229 4.0951
3 16 -11.0246 -18.602 4.8399 -11.948 -19.8462 4.9853 -11.6039 -19.1264 4.1619
3 16 -10.4736 -18.4539 6.4331 -10.2156 -17.9002 5.333 -9.4425 -17.8844 6.8188
3 16 -9.4425 -17.8844 6.8188 -10.2156 -17.9002 5.333 -9.12 -16.9135 5.7047
3 16 -17.474 -11.7283 -2.2469 -17.5237 -12.9227 -2.8729 -18.0677 -11.7464 -2.4014
3 16 -18.0677 -11.7464 -2.4014 -17.5237 -12.9227 -2.8729 -18.1263 -13.0258 -2.9239
3 16 -18.1263 -13.0258 -2.9239 -17.7834 -13.4438 -2.8147 -19.2481 -13.3769 -2.4186
3 16 -19.2481 -13.3769 -2.4186 -17.7834 -13.4438 -2.8147 -19.3328 -13.9205 -1.8877
3 16 -18.0677 -11.7464 -2.4014 -18.1263 -13.0258 -2.9239 -19.2481 -13.3769 -2.4186
3 16 -9.1653 -15.7611 2.4952 -9.12 -16.9135 5.7047 -9.6106 -16.6094 2.3462
3 16 -9.6106 -16.6094 2.3462 -9.12 -16.9135 5.7047 -10.2156 -17.9002 5.333
3 16 -10.6664 -17.7986 1.7053 -9.6106 -16.6094 2.3462 -11.0246 -18.602 4.8399
3 16 -11.0246 -18.602 4.8399 -9.6106 -16.6094 2.3462 -10.2156 -17.9002 5.333
3 16 -10.6664 -17.7986 1.7053 -11.0246 -18.602 4.8399 -11.6039 -19.1264 4.1619
3 16 -10.6664 -17.7986 1.7053 -11.6039 -19.1264 4.1619 -12.3641 -17.9518 1.0891
3 16 -12.3641 -17.9518 1.0891 -11.6039 -19.1264 4.1619 -13.3741 -19.4114 3.2684
3 16 -15.5095 -18.9038 3.1807 -16.8905 -17.7064 1.8907 -14.6684 -18.5464 2.1317
3 16 -14.6684 -18.5464 2.1317 -16.8905 -17.7064 1.8907 -16.042 -17.5549 1.1539
3 16 -12.3641 -17.9518 1.0891 -11.9207 -17.3533 0.4836 -10.6664 -17.7986 1.7053
3 16 -10.6664 -17.7986 1.7053 -11.9207 -17.3533 0.4836 -10.4827 -17.191 1.069
3 16 -11.9207 -17.3533 0.4836 -12.3641 -17.9518 1.0891 -13.1615 -17.4381 0.3659
3 16 -13.1615 -17.4381 0.3659 -12.3641 -17.9518 1.0891 -14.6684 -18.5464 2.1317
3 16 -12.3641 -17.9518 1.0891 -13.3741 -19.4114 3.2684 -14.6684 -18.5464 2.1317
3 16 -17.0597 -16.464 0.1987 -16.042 -17.5549 1.1539 -17.8828 -16.6469 0.933
3 16 -17.8828 -16.6469 0.933 -16.042 -17.5549 1.1539 -16.8905 -17.7064 1.8907
3 16 -19.2251 -15.0989 -0.3436 -18.3797 -15.0192 -1.0272 -17.8828 -16.6469 0.933
3 16 -17.8828 -16.6469 0.933 -18.3797 -15.0192 -1.0272 -17.0597 -16.464 0.1987
3 16 -17.0597 -16.464 0.1987 -18.3797 -15.0192 -1.0272 -15.5731 -15.4573 -1.3943
3 16 -15.5731 -15.4573 -1.3943 -18.3797 -15.0192 -1.0272 -17.0487 -14.1452 -2.3337
3 16 -18.3797 -15.0192 -1.0272 -19.2251 -15.0989 -0.3436 -19.3328 -13.9205 -1.8877
3 16 -19.3328 -13.9205 -1.8877 -19.2251 -15.0989 -0.3436 -20.0711 -13.9505 -1.2326
3 16 -17.1088 -10.5833 0.8204 -16.2534 -10.8381 -0.627 -18.2672 -10.6103 -0.0905
3 16 -18.2672 -10.6103 -0.0905 -16.2534 -10.8381 -0.627 -17.531 -10.8839 -1.3335
3 16 -18.2672 -10.6103 -0.0905 -17.531 -10.8839 -1.3335 -18.8308 -10.6885 -0.5102
3 16 -18.8308 -10.6885 -0.5102 -17.531 -10.8839 -1.3335 -18.1573 -10.994 -1.6413
3 16 -16.2534 -10.8381 -0.627 -15.7291 -11.7811 -1.6305 -17.531 -10.8839 -1.3335
3 16 -17.531 -10.8839 -1.3335 -15.7291 -11.7811 -1.6305 -17.474 -11.7283 -2.2469
3 16 -17.531 -10.8839 -1.3335 -17.474 -11.7283 -2.2469 -18.1573 -10.994 -1.6413
3 16 -18.1573 -10.994 -1.6413 -17.474 -11.7283 -2.2469 -18.0677 -11.7464 -2.4014
3 16 -17.1106 -15.5924 5.9686 -18.2487 -15.0199 5.537 -18.3804 -15.375 5.09
3 16 -18.2487 -15.0199 5.537 -17.1106 -15.5924 5.9686 -18.0068 -14.7617 6.1051
3 16 -17.3968 -14.9198 6.7662 -17.1106 -15.5924 5.9686 -16.9326 -15.3175 7.0913
3 16 -16.7252 -16.1035 6.9927 -16.9326 -15.3175 7.0913 -17.1106 -15.5924 5.9686
3 16 -17.1106 -15.5924 5.9686 -16.9305 -16.4991 6.5175 -16.7252 -16.1035 6.9927
3 16 -17.1106 -15.5924 5.9686 -17.2386 -16.6917 5.9308 -16.9305 -16.4991 6.5175
3 16 -17.1106 -15.5924 5.9686 -18.3804 -15.375 5.09 -18.1231 -15.7792 5.1021
3 16 -17.6828 -16.2031 5.3424 -18.1231 -15.7792 5.1021 -17.2847 -17.2321 3.1827
3 16 -17.2847 -17.2321 3.1827 -18.1231 -15.7792 5.1021 -18.2276 -16.1852 2.2143
3 16 -14.8437 -19.1832 5.3911 -16.7989 -16.9327 6.7374 -16.1898 -18.256 4.2485
3 16 -16.1898 -18.256 4.2485 -16.7989 -16.9327 6.7374 -17.2386 -16.6917 5.9308
3 16 -16.9305 -16.4991 6.5175 -17.2386 -16.6917 5.9308 -16.7989 -16.9327 6.7374
3 16 -16.9305 -16.4991 6.5175 -16.7989 -16.9327 6.7374 -16.7252 -16.1035 6.9927
3 16 -16.7252 -16.1035 6.9927 -16.7989 -16.9327 6.7374 -15.9141 -16.4727 7.6785
3 16 -15.9141 -16.4727 7.6785 -16.0453 -15.4559 7.9612 -16.7252 -16.1035 6.9927
3 16 -16.7252 -16.1035 6.9927 -16.0453 -15.4559 7.9612 -16.9326 -15.3175 7.0913
3 16 -16.9887 -13.5261 7.5134 -17.3968 -14.9198 6.7662 -16.9326 -15.3175 7.0913
3 16 -18.3804 -15.375 5.09 -18.2487 -15.0199 5.537 -19.0798 -14.8094 4.2598
3 16 -19.0798 -14.8094 4.2598 -18.2487 -15.0199 5.537 -18.4688 -12.8566 5.602
3 16 -14.9373 -16.6883 8.0768 -15.9141 -16.4727 7.6785 -15.1271 -17.2069 7.8123
3 16 -15.1271 -17.2069 7.8123 -15.9141 -16.4727 7.6785 -15.8701 -17.3155 7.4066
3 16 -15.9141 -16.4727 7.6785 -16.7989 -16.9327 6.7374 -15.8701 -17.3155 7.4066
3 16 -12.1103 -15.3888 8.8041 -13.0799 -14.1713 9.0545 -14.964 -15.8275 8.4151
3 16 -14.964 -15.8275 8.4151 -13.0799 -14.1713 9.0545 -14.9219 -14.6352 8.8589
3 16 -10.2283 -17.4169 7.504 -10.4736 -18.4539 6.4331 -9.4425 -17.8844 6.8188
3 16 -10.2283 -17.4169 7.504 -12.0371 -18.5158 6.8598 -10.4736 -18.4539 6.4331
3 16 -10.4736 -18.4539 6.4331 -12.0371 -18.5158 6.8598 -11.1665 -19.1163 6.0832
3 16 -12.0326 -20.2462 5.5632 -11.1665 -19.1163 6.0832 -12.3981 -19.9377 5.9595
3 16 -12.3981 -19.9377 5.9595 -11.1665 -19.1163 6.0832 -12.0371 -18.5158 6.8598
3 16 -12.0326 -20.2462 5.5632 -12.3981 -19.9377 5.9595 -12.4669 -20.4685 5.3099
3 16 -12.4669 -20.4685 5.3099 -12.3981 -19.9377 5.9595 -12.8644 -20.1116 5.6742
3 16 -12.4669 -20.4685 5.3099 -12.8644 -20.1116 5.6742 -13.1366 -20.3661 4.888
3 16 -13.1366 -20.3661 4.888 -12.8644 -20.1116 5.6742 -13.4015 -20.0633 5.2771
3 16 -12.3981 -19.9377 5.9595 -12.0371 -18.5158 6.8598 -13.0463 -18.9766 6.6333
3 16 -13.8277 -19.204 6.2243 -12.8644 -20.1116 5.6742 -13.0463 -18.9766 6.6333
3 16 -13.0463 -18.9766 6.6333 -12.8644 -20.1116 5.6742 -12.3981 -19.9377 5.9595
3 16 -14.8437 -19.1832 5.3911 -14.3324 -19.7229 4.0951 -13.4015 -20.0633 5.2771
3 16 -13.4015 -20.0633 5.2771 -14.3324 -19.7229 4.0951 -13.1366 -20.3661 4.888
3 16 -12.8644 -20.1116 5.6742 -13.8277 -19.204 6.2243 -13.4015 -20.0633 5.2771
3 16 -13.4015 -20.0633 5.2771 -13.8277 -19.204 6.2243 -14.8437 -19.1832 5.3911
3 16 -14.3324 -19.7229 4.0951 -14.8437 -19.1832 5.3911 -15.5095 -18.9038 3.1807
3 16 -15.5095 -18.9038 3.1807 -14.8437 -19.1832 5.3911 -16.1898 -18.256 4.2485
3 16 -11.3863 -16.2582 8.373 -12.1103 -15.3888 8.8041 -14.9373 -16.6883 8.0768
3 16 -14.9373 -16.6883 8.0768 -12.1103 -15.3888 8.8041 -14.964 -15.8275 8.4151
3 16 -15.1271 -17.2069 7.8123 -13.0463 -18.9766 6.6333 -14.9373 -16.6883 8.0768
3 16 -14.9373 -16.6883 8.0768 -13.0463 -18.9766 6.6333 -12.0371 -18.5158 6.8598
3 16 -15.8701 -17.3155 7.4066 -13.8277 -19.204 6.2243 -15.1271 -17.2069 7.8123
3 16 -15.1271 -17.2069 7.8123 -13.8277 -19.204 6.2243 -13.0463 -18.9766 6.6333
3 16 -16.7989 -16.9327 6.7374 -14.8437 -19.1832 5.3911 -15.8701 -17.3155 7.4066
3 16 -15.8701 -17.3155 7.4066 -14.8437 -19.1832 5.3911 -13.8277 -19.204 6.2243
3 16 -10.2283 -17.4169 7.504 -11.3863 -16.2582 8.373 -12.0371 -18.5158 6.8598
3 16 -12.0371 -18.5158 6.8598 -11.3863 -16.2582 8.373 -14.9373 -16.6883 8.0768
3 16 -18.2487 -15.0199 5.537 -18.0068 -14.7617 6.1051 -18.4688 -12.8566 5.602
3 16 -17.6828 -16.2031 5.3424 -17.1106 -15.5924 5.9686 -18.1231 -15.7792 5.1021
3 16 -16.1898 -18.256 4.2485 -17.2847 -17.2321 3.1827 -15.5095 -18.9038 3.1807
3 16 -15.5095 -18.9038 3.1807 -17.2847 -17.2321 3.1827 -16.8905 -17.7064 1.8907
3 16 -18.1231 -15.7792 5.1021 -18.3804 -15.375 5.09 -18.2276 -16.1852 2.2143
3 16 -18.2276 -16.1852 2.2143 -18.3804 -15.375 5.09 -19.0798 -14.8094 4.2598
3 16 -18.2276 -16.1852 2.2143 -19.542 -14.6376 0.7426 -17.8828 -16.6469 0.933
3 16 -17.8828 -16.6469 0.933 -19.542 -14.6376 0.7426 -19.2251 -15.0989 -0.3436
3 16 -19.542 -14.6376 0.7426 -20.4268 -13.6726 -0.3772 -19.2251 -15.0989 -0.3436
3 16 -19.2251 -15.0989 -0.3436 -20.4268 -13.6726 -0.3772 -20.0711 -13.9505 -1.2326
3 16 -17.3968 -14.9198 6.7662 -16.9887 -13.5261 7.5134 -18.0068 -14.7617 6.1051
3 16 -18.0068 -14.7617 6.1051 -16.9887 -13.5261 7.5134 -18.4688 -12.8566 5.602
3 16 -18.0068 -14.7617 6.1051 -17.1106 -15.5924 5.9686 -17.3968 -14.9198 6.7662
3 16 -17.6828 -16.2031 5.3424 -17.2386 -16.6917 5.9308 -17.1106 -15.5924 5.9686
3 16 -17.2386 -16.6917 5.9308 -17.6828 -16.2031 5.3424 -16.1898 -18.256 4.2485
3 16 -16.1898 -18.256 4.2485 -17.6828 -16.2031 5.3424 -17.2847 -17.2321 3.1827
3 16 -17.2847 -17.2321 3.1827 -18.2276 -16.1852 2.2143 -16.8905 -17.7064 1.8907
3 16 -16.8905 -17.7064 1.8907 -18.2276 -16.1852 2.2143 -17.8828 -16.6469 0.933
3 16 -19.542 -14.6376 0.7426 -18.2276 -16.1852 2.2143 -20.0199 -13.6889 2.6205
3 16 -20.0199 -13.6889 2.6205 -18.2276 -16.1852 2.2143 -19.0798 -14.8094 4.2598
3 16 -20.0199 -13.6889 2.6205 -19.0798 -14.8094 4.2598 -19.7575 -12.268 3.1919
3 16 -19.7575 -12.268 3.1919 -19.0798 -14.8094 4.2598 -18.4688 -12.8566 5.602
3 16 -20.4268 -13.6726 -0.3772 -19.542 -14.6376 0.7426 -20.6343 -13.0163 1.0825
3 16 -20.6343 -13.0163 1.0825 -19.542 -14.6376 0.7426 -20.0199 -13.6889 2.6205
3 16 -20.6343 -13.0163 1.0825 -20.0199 -13.6889 2.6205 -20.3813 -11.8262 1.6548
3 16 -20.3813 -11.8262 1.6548 -20.0199 -13.6889 2.6205 -19.7575 -12.268 3.1919
3 16 -20.6343 -13.0163 1.0825 -20.7783 -12.8406 0.4745 -20.4268 -13.6726 -0.3772
3 16 -20.4268 -13.6726 -0.3772 -20.7783 -12.8406 0.4745 -20.7086 -13.1539 -0.4488
3 16 -20.7783 -12.8406 0.4745 -20.6343 -13.0163 1.0825 -20.5422 -11.7501 0.9801
3 16 -20.5422 -11.7501 0.9801 -20.6343 -13.0163 1.0825 -20.3813 -11.8262 1.6548
3 16 -20.7086 -13.1539 -0.4488 -20.7783 -12.8406 0.4745 -20.5234 -11.638 0.3414
3 16 -20.5234 -11.638 0.3414 -20.7783 -12.8406 0.4745 -20.5422 -11.7501 0.9801
3 16 -20.0711 -13.9505 -1.2326 -20.4268 -13.6726 -0.3772 -20.3312 -13.4575 -1.5333
3 16 -20.3312 -13.4575 -1.5333 -20.4268 -13.6726 -0.3772 -20.7086 -13.1539 -0.4488
3 16 -19.2481 -13.3769 -2.4186 -19.3328 -13.9205 -1.8877 -20.3312 -13.4575 -1.5333
3 16 -20.3312 -13.4575 -1.5333 -19.3328 -13.9205 -1.8877 -20.0711 -13.9505 -1.2326
3 16 -20.3312 -13.4575 -1.5333 -20.7086 -13.1539 -0.4488 -19.6359 -11.7536 -1.2453
3 16 -19.6359 -11.7536 -1.2453 -20.7086 -13.1539 -0.4488 -20.5234 -11.638 0.3414
3 16 -18.0677 -11.7464 -2.4014 -19.2481 -13.3769 -2.4186 -19.6359 -11.7536 -1.2453
3 16 -19.6359 -11.7536 -1.2453 -19.2481 -13.3769 -2.4186 -20.3312 -13.4575 -1.5333
3 16 -16.0453 -15.4559 7.9612 -15.9141 -16.4727 7.6785 -14.964 -15.8275 8.4151
3 16 -14.964 -15.8275 8.4151 -15.9141 -16.4727 7.6785 -14.9373 -16.6883 8.0768
3 16 -15.2345 -13.1069 8.1573 -16.0302 -14.1438 8.3252 -14.6567 -13.7774 8.7073
3 16 -14.6567 -13.7774 8.7073 -16.0302 -14.1438 8.3252 -14.9219 -14.6352 8.8589
3 16 -16.0782 -12.5029 7.3341 -16.9887 -13.5261 7.5134 -15.2345 -13.1069 8.1573
3 16 -15.2345 -13.1069 8.1573 -16.9887 -13.5261 7.5134 -16.0302 -14.1438 8.3252
3 16 -16.0453 -15.4559 7.9612 -16.0302 -14.1438 8.3252 -16.9326 -15.3175 7.0913
3 16 -16.9326 -15.3175 7.0913 -16.0302 -14.1438 8.3252 -16.9887 -13.5261 7.5134
3 16 -16.0302 -14.1438 8.3252 -16.0453 -15.4559 7.9612 -14.9219 -14.6352 8.8589
3 16 -14.9219 -14.6352 8.8589 -16.0453 -15.4559 7.9612 -14.964 -15.8275 8.4151
3 16 -18.2102 -10.7497 2.8459 -19.3853 -10.5248 1.2907 -19.1655 -11.4773 3.1698
3 16 -19.1655 -11.4773 3.1698 -19.3853 -10.5248 1.2907 -19.936 -11.03 1.6386
3 16 -18.2102 -10.7497 2.8459 -17.1088 -10.5833 0.8204 -19.3853 -10.5248 1.2907
3 16 -19.3853 -10.5248 1.2907 -17.1088 -10.5833 0.8204 -18.2672 -10.6103 -0.0905
3 16 -18.8308 -10.6885 -0.5102 -19.7845 -10.627 0.7667 -18.2672 -10.6103 -0.0905
3 16 -18.2672 -10.6103 -0.0905 -19.7845 -10.627 0.7667 -19.3853 -10.5248 1.2907
3 16 -19.7845 -10.627 0.7667 -20.1752 -10.9289 1.0054 -19.3853 -10.5248 1.2907
3 16 -19.3853 -10.5248 1.2907 -20.1752 -10.9289 1.0054 -19.936 -11.03 1.6386
3 16 -20.5422 -11.7501 0.9801 -20.3813 -11.8262 1.6548 -20.1752 -10.9289 1.0054
3 16 -20.1752 -10.9289 1.0054 -20.3813 -11.8262 1.6548 -19.936 -11.03 1.6386
3 16 -19.0262 -11.0497 -1.0963 -18.1573 -10.994 -1.6413 -19.6359 -11.7536 -1.2453
3 16 -19.6359 -11.7536 -1.2453 -18.1573 -10.994 -1.6413 -18.0677 -11.7464 -2.4014
3 16 -19.0262 -11.0497 -1.0963 -18.8308 -10.6885 -0.5102 -18.1573 -10.994 -1.6413
3 16 -20.1752 -10.9289 1.0054 -20.1309 -10.9333 0.5013 -20.5422 -11.7501 0.9801
3 16 -20.5422 -11.7501 0.9801 -20.1309 -10.9333 0.5013 -20.5234 -11.638 0.3414
3 16 -20.1752 -10.9289 1.0054 -19.7845 -10.627 0.7667 -20.1309 -10.9333 0.5013
3 16 -19.0262 -11.0497 -1.0963 -20.1309 -10.9333 0.5013 -18.8308 -10.6885 -0.5102
3 16 -18.8308 -10.6885 -0.5102 -20.1309 -10.9333 0.5013 -19.7845 -10.627 0.7667
3 16 -20.5234 -11.638 0.3414 -20.1309 -10.9333 0.5013 -19.6359 -11.7536 -1.2453
3 16 -19.6359 -11.7536 -1.2453 -20.1309 -10.9333 0.5013 -19.0262 -11.0497 -1.0963
3 16 -14.4677 -16.4881 -0.4886 -17.0597 -16.464 0.1987 -14.58 -16.047 -0.8517
3 16 -17.0597 -16.464 0.1987 -15.5731 -15.4573 -1.3943 -14.58 -16.047 -0.8517
3 16 -17.7834 -13.4438 -2.8147 -17.0487 -14.1452 -2.3337 -19.3328 -13.9205 -1.8877
3 16 -19.3328 -13.9205 -1.8877 -17.0487 -14.1452 -2.3337 -18.3797 -15.0192 -1.0272
3 16 -17.3502 -11.7468 5.5628 -18.2102 -10.7497 2.8459 -19.1655 -11.4773 3.1698
3 16 -14.6567 -13.7774 8.7073 -13.6444 -12.6796 8.1419 -15.2345 -13.1069 8.1573
3 16 -13.3564 -13.5091 8.7682 -13.6444 -12.6796 8.1419 -14.6567 -13.7774 8.7073
3 16 -16.0782 -12.5029 7.3341 -15.2345 -13.1069 8.1573 -14.1364 -11.7756 7.1782
3 16 -14.1364 -11.7756 7.1782 -15.2345 -13.1069 8.1573 -13.6444 -12.6796 8.1419
3 16 3.0898 -17.396 3.129 2.5044 -17.5095 1.8984 1.9605 -17.3059 2.0574
3 16 -2.5239 -17.4336 2.1184 -2.6204 -17.1248 3.1006 -2.0924 -17.2303 2.3367
3 16 -0.0136 -17.3545 1.7157 -2.5239 -17.4336 2.1184 -2.0924 -17.2303 2.3367
3 16 -0.0136 -17.3545 1.7157 1.9605 -17.3059 2.0574 2.5044 -17.5095 1.8984
3 16 3.9538 -17.1813 5.6885 3.5877 -17.1973 4.7653 3.9661 -16.4399 5.5724
3 16 3.9661 -16.4399 5.5724 3.5877 -17.1973 4.7653 3.5973 -16.2116 4.7547
3 16 -3.337 -16.027 5.0995 -3.0968 -15.964 4.4298 -3.2429 -16.3791 5.1594
3 16 -3.2429 -16.3791 5.1594 -3.0968 -15.964 4.4298 -2.8148 -16.4144 4.2295
3 16 -3.2429 -16.3791 5.1594 -2.8148 -16.4144 4.2295 -3.3749 -16.8124 5.1277
3 16 -3.3749 -16.8124 5.1277 -2.8148 -16.4144 4.2295 -3.0586 -16.9709 4.204
3 16 2.5276 -16.3814 3.4195 3.5877 -17.1973 4.7653 3.1954 -17.2072 3.8353
3 16 -2.8148 -16.4144 4.2295 -2.4567 -16.3651 3.6209 -3.0586 -16.9709 4.204
3 16 -3.0586 -16.9709 4.204 -2.4567 -16.3651 3.6209 -2.6204 -17.1248 3.1006
3 16 -3.0968 -15.964 4.4298 -2.7011 -15.724 3.486 -2.8148 -16.4144 4.2295
3 16 -2.8148 -16.4144 4.2295 -2.7011 -15.724 3.486 -2.4567 -16.3651 3.6209
3 16 2.9977 -15.8134 3.6286 3.5973 -16.2116 4.7547 2.5276 -16.3814 3.4195
3 16 2.5276 -16.3814 3.4195 3.5973 -16.2116 4.7547 3.5877 -17.1973 4.7653
3 16 1.8183 -16.1278 12.7814 0.0107 -15.1628 13.6596 1.2268 -18.9716 13.9755
3 16 1.2268 -18.9716 13.9755 0.0107 -15.1628 13.6596 0.0633 -19.8323 14.9122
3 16 -1.3405 -15.852 13.0465 -1.8714 -18.5594 13.5713 0.0107 -15.1628 13.6596
3 16 0.0107 -15.1628 13.6596 -1.8714 -18.5594 13.5713 0.0633 -19.8323 14.9122
3 16 0.0586 -26.0372 11.4633 2.1564 -25.017 10.0114 0.0406 -25.3462 11.9767
3 16 0.0406 -25.3462 11.9767 2.1564 -25.017 10.0114 1.6151 -23.18 11.4504
3 16 0.0586 -26.0372 11.4633 0.0659 -26.613 10.4283 2.1564 -25.017 10.0114
3 16 2.1564 -25.017 10.0114 0.0659 -26.613 10.4283 2.2318 -25.6702 8.4603
3 16 2.2318 -25.6702 8.4603 0.0659 -26.613 10.4283 0.0808 -26.8953 8.6828
3 16 0.0659 -26.613 10.4283 0.0586 -26.0372 11.4633 -1.4889 -25.695 9.6877
3 16 0.0659 -26.613 10.4283 -1.4889 -25.695 9.6877 0.0808 -26.8953 8.6828
3 16 0.0808 -26.8953 8.6828 -1.4889 -25.695 9.6877 -1.8013 -25.8008 8.2822
3 16 0.0593 -23.7647 12.4709 0.0406 -25.3462 11.9767 1.6151 -23.18 11.4504
3 16 -3.3579 -23.1996 10.3795 -1.5397 -23.7532 11.2925 -3.5585 -21.8492 11.2573
3 16 -3.5585 -21.8492 11.2573 -1.5397 -23.7532 11.2925 -1.1749 -22.506 12.2769
3 16 -1.1749 -22.506 12.2769 0.0541 -22.8009 13.4661 -1.5497 -20.7109 13.2684
3 16 -1.5497 -20.7109 13.2684 0.0541 -22.8009 13.4661 0.0171 -20.8365 14.1603
3 16 -3.5585 -21.8492 11.2573 -1.1749 -22.506 12.2769 -2.8325 -20.6081 12.5381
3 16 -2.8325 -20.6081 12.5381 -1.1749 -22.506 12.2769 -1.5497 -20.7109 13.2684
3 16 -1.5397 -23.7532 11.2925 0.0593 -23.7647 12.4709 -1.1749 -22.506 12.2769
3 16 -1.1749 -22.506 12.2769 0.0593 -23.7647 12.4709 0.0541 -22.8009 13.4661
3 16 3.5855 -16.2614 11.2406 1.8183 -16.1278 12.7814 3.8985 -17.8444 11.4736
3 16 3.8985 -17.8444 11.4736 1.8183 -16.1278 12.7814 1.2268 -18.9716 13.9755
3 16 0.0541 -22.8009 13.4661 0.0593 -23.7647 12.4709 1.1223 -21.8173 12.7307
3 16 1.1223 -21.8173 12.7307 0.0593 -23.7647 12.4709 1.6151 -23.18 11.4504
3 16 2.5608 -21.9669 11.6445 1.1223 -21.8173 12.7307 1.6151 -23.18 11.4504
3 16 3.7237 -20.5282 11.5364 1.488 -20.3229 13.2381 2.5608 -21.9669 11.6445
3 16 2.5608 -21.9669 11.6445 1.488 -20.3229 13.2381 1.1223 -21.8173 12.7307
3 16 1.488 -20.3229 13.2381 0.0171 -20.8365 14.1603 1.1223 -21.8173 12.7307
3 16 1.1223 -21.8173 12.7307 0.0171 -20.8365 14.1603 0.0541 -22.8009 13.4661
3 16 1.488 -20.3229 13.2381 1.2268 -18.9716 13.9755 0.0171 -20.8365 14.1603
3 16 0.0171 -20.8365 14.1603 1.2268 -18.9716 13.9755 0.0633 -19.8323 14.9122
3 16 -3.4888 -18.9549 12.1666 -4.5373 -20.0606 10.7206 -2.8325 -20.6081 12.5381
3 16 -2.8325 -20.6081 12.5381 -4.5373 -20.0606 10.7206 -3.5585 -21.8492 11.2573
3 16 1.488 -20.3229 13.2381 4.0613 -18.6865 11.3981 1.2268 -18.9716 13.9755
3 16 1.2268 -18.9716 13.9755 4.0613 -18.6865 11.3981 3.8985 -17.8444 11.4736
3 16 2.1564 -25.017 10.0114 3.7694 -23.5261 9.4842 1.6151 -23.18 11.4504
3 16 1.6151 -23.18 11.4504 3.7694 -23.5261 9.4842 2.5608 -21.9669 11.6445
3 16 4.0862 -16.6856 8.3213 3.5855 -16.2614 11.2406 4.8116 -18.2589 8.9939
3 16 4.8116 -18.2589 8.9939 3.5855 -16.2614 11.2406 3.8985 -17.8444 11.4736
3 16 3.9538 -17.1813 5.6885 4.0862 -16.6856 8.3213 5.2957 -18.7529 5.819
3 16 5.2957 -18.7529 5.819 4.0862 -16.6856 8.3213 4.8116 -18.2589 8.9939
3 16 -4.0265 -22.9705 4.5674 -3.5289 -23.9434 3.9084 -3.6882 -24.3071 5.2685
3 16 -4.0265 -22.9705 4.5674 -3.6187 -23.3402 3.2645 -3.5289 -23.9434 3.9084
3 16 -4.2568 -22.4772 3.3803 -3.9468 -22.7811 2.9647 -4.0265 -22.9705 4.5674
3 16 -4.6883 -22.1247 4.1597 -4.2568 -22.4772 3.3803 -4.0265 -22.9705 4.5674
3 16 -4.9976 -22.2272 5.5058 -4.6883 -22.1247 4.1597 -4.0265 -22.9705 4.5674
3 16 -4.9412 -22.8109 6.3773 -4.9976 -22.2272 5.5058 -4.0265 -22.9705 4.5674
3 16 -4.9412 -22.8109 6.3773 -4.0265 -22.9705 4.5674 -4.3974 -23.9149 6.3462
3 16 -3.6882 -24.3071 5.2685 -4.3974 -23.9149 6.3462 -4.0265 -22.9705 4.5674
3 16 4.3065 -22.6655 4.6315 3.7742 -23.4451 4.6365 3.9595 -22.9579 3.8202
3 16 4.3642 -23.2621 5.9116 3.8954 -23.542 5.2721 4.4021 -22.7459 5.2559
3 16 3.8954 -23.542 5.2721 3.7742 -23.4451 4.6365 4.4021 -22.7459 5.2559
3 16 4.4021 -22.7459 5.2559 3.7742 -23.4451 4.6365 4.3065 -22.6655 4.6315
3 16 3.8954 -23.542 5.2721 3.7427 -24.1975 5.302 3.7742 -23.4451 4.6365
3 16 3.7742 -23.4451 4.6365 3.7427 -24.1975 5.302 3.5821 -23.8975 4.1197
3 16 3.7427 -24.1975 5.302 3.8954 -23.542 5.2721 4.3366 -23.9321 6.2307
3 16 4.3366 -23.9321 6.2307 3.8954 -23.542 5.2721 4.3642 -23.2621 5.9116
3 16 4.3642 -23.2621 5.9116 4.6835 -23.4501 6.4738 4.3366 -23.9321 6.2307
3 16 3.7276 -23.2337 3.2312 3.9595 -22.9579 3.8202 3.5821 -23.8975 4.1197
3 16 3.5821 -23.8975 4.1197 3.9595 -22.9579 3.8202 3.7742 -23.4451 4.6365
3 16 3.7276 -23.2337 3.2312 3.9521 -22.7782 2.9847 3.9595 -22.9579 3.8202
3 16 4.3008 -22.4272 3.4076 3.9595 -22.9579 3.8202 3.9521 -22.7782 2.9847
3 16 4.3008 -22.4272 3.4076 4.6726 -22.2013 4.3306 3.9595 -22.9579 3.8202
3 16 3.9595 -22.9579 3.8202 4.6726 -22.2013 4.3306 4.3065 -22.6655 4.6315
3 16 4.9323 -22.312 5.5059 4.4021 -22.7459 5.2559 4.6726 -22.2013 4.3306
3 16 4.6726 -22.2013 4.3306 4.4021 -22.7459 5.2559 4.3065 -22.6655 4.6315
3 16 4.3642 -23.2621 5.9116 4.8953 -22.9396 6.3793 4.6835 -23.4501 6.4738
3 16 4.8953 -22.9396 6.3793 4.3642 -23.2621 5.9116 4.9323 -22.312 5.5059
3 16 4.9323 -22.312 5.5059 4.3642 -23.2621 5.9116 4.4021 -22.7459 5.2559
3 16 4.3366 -23.9321 6.2307 4.6835 -23.4501 6.4738 4.2025 -24.1457 8.0227
3 16 3.7427 -24.1975 5.302 4.3366 -23.9321 6.2307 3.2035 -24.9224 5.5442
3 16 3.2035 -24.9224 5.5442 4.3366 -23.9321 6.2307 4.2025 -24.1457 8.0227
3 16 3.5821 -23.8975 4.1197 3.7427 -24.1975 5.302 2.9337 -24.4977 3.7728
3 16 2.9337 -24.4977 3.7728 3.7427 -24.1975 5.302 3.2035 -24.9224 5.5442
3 16 3.5821 -23.8975 4.1197 2.9337 -24.4977 3.7728 3.7276 -23.2337 3.2312
3 16 3.7276 -23.2337 3.2312 2.9337 -24.4977 3.7728 3.2692 -23.1704 2.1176
3 16 3.7276 -23.2337 3.2312 3.2692 -23.1704 2.1176 3.9521 -22.7782 2.9847
3 16 3.9521 -22.7782 2.9847 3.2692 -23.1704 2.1176 3.7321 -22.5945 1.858
3 16 4.3008 -22.4272 3.4076 3.9521 -22.7782 2.9847 4.3614 -21.6379 2.3642
3 16 4.3614 -21.6379 2.3642 3.9521 -22.7782 2.9847 3.7321 -22.5945 1.858
3 16 4.6726 -22.2013 4.3306 4.3008 -22.4272 3.4076 4.9734 -21.1736 3.8024
3 16 4.9734 -21.1736 3.8024 4.3008 -22.4272 3.4076 4.3614 -21.6379 2.3642
3 16 4.9323 -22.312 5.5059 4.6726 -22.2013 4.3306 5.3638 -21.1703 5.4337
3 16 5.3638 -21.1703 5.4337 4.6726 -22.2013 4.3306 4.9734 -21.1736 3.8024
3 16 -4.2568 -22.4772 3.3803 -4.3398 -20.973 1.5751 -3.9468 -22.7811 2.9647
3 16 -3.9468 -22.7811 2.9647 -4.3398 -20.973 1.5751 -3.6347 -22.067 0.7563
3 16 -4.6883 -22.1247 4.1597 -5.0756 -20.6215 3.6727 -4.2568 -22.4772 3.3803
3 16 -4.2568 -22.4772 3.3803 -5.0756 -20.6215 3.6727 -4.3398 -20.973 1.5751
3 16 -4.9976 -22.2272 5.5058 -5.4636 -20.4532 5.2753 -4.6883 -22.1247 4.1597
3 16 -4.6883 -22.1247 4.1597 -5.4636 -20.4532 5.2753 -5.0756 -20.6215 3.6727
3 16 -4.9412 -22.8109 6.3773 -5.5847 -20.4557 6.4204 -4.9976 -22.2272 5.5058
3 16 -4.9976 -22.2272 5.5058 -5.5847 -20.4557 6.4204 -5.4636 -20.4532 5.2753
3 16 2.8448 -19.5699 -1.2899 4.1739 -18.9835 2.0165 3.3715 -20.4255 -1.4124
3 16 3.3715 -20.4255 -1.4124 4.1739 -18.9835 2.0165 4.7309 -19.8028 2.1621
3 16 -5.5884 -19.2454 6.0241 -5.5847 -20.4557 6.4204 -5.6747 -19.1905 7.52
3 16 -5.6747 -19.1905 7.52 -5.5847 -20.4557 6.4204 -5.5266 -20.5492 7.7806
3 16 4.7309 -19.8028 2.1621 4.9734 -21.1736 3.8024 4.3614 -21.6379 2.3642
3 16 -5.0756 -20.6215 3.6727 -5.1354 -19.6724 3.4042 -4.3398 -20.973 1.5751
3 16 -4.3398 -20.973 1.5751 -5.1354 -19.6724 3.4042 -4.4699 -19.9095 1.4228
3 16 -5.6747 -19.1905 7.52 -5.5266 -20.5492 7.7806 -5.2775 -19.4599 9.0331
3 16 -5.2775 -19.4599 9.0331 -5.5266 -20.5492 7.7806 -4.9368 -20.6753 9.3723
3 16 5.0696 -19.2338 9.3828 5.7978 -19.5606 7.4811 4.8116 -18.2589 8.9939
3 16 4.8116 -18.2589 8.9939 5.7978 -19.5606 7.4811 5.2957 -18.7529 5.819
3 16 5.7978 -19.5606 7.4811 5.0696 -19.2338 9.3828 5.6625 -21.247 7.7622
3 16 5.6625 -21.247 7.7622 5.0696 -19.2338 9.3828 4.8226 -20.8564 9.5881
3 16 3.7237 -20.5282 11.5364 2.5608 -21.9669 11.6445 4.8226 -20.8564 9.5881
3 16 4.8226 -20.8564 9.5881 2.5608 -21.9669 11.6445 3.7694 -23.5261 9.4842
3 16 5.0696 -19.2338 9.3828 4.3328 -18.9473 10.9166 4.8226 -20.8564 9.5881
3 16 4.8226 -20.8564 9.5881 4.3328 -18.9473 10.9166 3.7237 -20.5282 11.5364
3 16 4.2025 -24.1457 8.0227 3.7694 -23.5261 9.4842 2.2318 -25.6702 8.4603
3 16 2.2318 -25.6702 8.4603 3.7694 -23.5261 9.4842 2.1564 -25.017 10.0114
3 16 4.2025 -24.1457 8.0227 5.6625 -21.247 7.7622 3.7694 -23.5261 9.4842
3 16 3.7694 -23.5261 9.4842 5.6625 -21.247 7.7622 4.8226 -20.8564 9.5881
3 16 4.3328 -18.9473 10.9166 3.8985 -17.8444 11.4736 4.0613 -18.6865 11.3981
3 16 3.8985 -17.8444 11.4736 4.3328 -18.9473 10.9166 4.8116 -18.2589 8.9939
3 16 4.8116 -18.2589 8.9939 4.3328 -18.9473 10.9166 5.0696 -19.2338 9.3828
3 16 5.6625 -21.247 7.7622 4.2025 -24.1457 8.0227 4.8953 -22.9396 6.3793
3 16 4.8953 -22.9396 6.3793 4.2025 -24.1457 8.0227 4.6835 -23.4501 6.4738
3 16 4.9323 -22.312 5.5059 5.3638 -21.1703 5.4337 4.8953 -22.9396 6.3793
3 16 4.8953 -22.9396 6.3793 5.3638 -21.1703 5.4337 5.6625 -21.247 7.7622
3 16 0.0808 -26.8953 8.6828 -1.8013 -25.8008 8.2822 0.0435 -26.1473 5.7161
3 16 0.0435 -26.1473 5.7161 -1.8013 -25.8008 8.2822 -1.7672 -25.4443 5.4193
3 16 0.0808 -26.8953 8.6828 0.0435 -26.1473 5.7161 2.2318 -25.6702 8.4603
3 16 2.2318 -25.6702 8.4603 0.0435 -26.1473 5.7161 1.8562 -25.4471 5.5541
3 16 5.2957 -18.7529 5.819 5.7978 -19.5606 7.4811 5.5534 -19.7106 5.1254
3 16 5.5534 -19.7106 5.1254 5.7978 -19.5606 7.4811 5.3638 -21.1703 5.4337
3 16 5.3638 -21.1703 5.4337 5.7978 -19.5606 7.4811 5.6625 -21.247 7.7622
3 16 4.7309 -19.8028 2.1621 4.1739 -18.9835 2.0165 5.5534 -19.7106 5.1254
3 16 5.5534 -19.7106 5.1254 4.1739 -18.9835 2.0165 5.2957 -18.7529 5.819
3 16 4.7309 -19.8028 2.1621 5.5534 -19.7106 5.1254 4.9734 -21.1736 3.8024
3 16 4.9734 -21.1736 3.8024 5.5534 -19.7106 5.1254 5.3638 -21.1703 5.4337
3 16 2.8828 -21.3451 -1.6007 3.3715 -20.4255 -1.4124 3.7321 -22.5945 1.858
3 16 3.7321 -22.5945 1.858 3.3715 -20.4255 -1.4124 4.3614 -21.6379 2.3642
3 16 3.3715 -20.4255 -1.4124 4.7309 -19.8028 2.1621 4.3614 -21.6379 2.3642
3 16 5.2957 -18.7529 5.819 3.5877 -17.1973 4.7653 3.9538 -17.1813 5.6885
3 16 5.2957 -18.7529 5.819 4.1739 -18.9835 2.0165 3.1954 -17.2072 3.8353
3 16 3.1954 -17.2072 3.8353 4.1739 -18.9835 2.0165 3.0898 -17.396 3.129
3 16 4.1739 -18.9835 2.0165 2.5044 -17.5095 1.8984 3.0898 -17.396 3.129
3 16 1.2585 -18.3632 -1.1513 2.5044 -17.5095 1.8984 2.8448 -19.5699 -1.2899
3 16 2.8448 -19.5699 -1.2899 2.5044 -17.5095 1.8984 4.1739 -18.9835 2.0165
3 16 2.5044 -17.5095 1.8984 1.2585 -18.3632 -1.1513 -0.0136 -17.3545 1.7157
3 16 -0.0136 -17.3545 1.7157 1.2585 -18.3632 -1.1513 -0.0556 -18.2029 -1.0963
3 16 -0.0556 -18.2029 -1.0963 -1.3332 -18.2701 -0.9664 -0.0136 -17.3545 1.7157
3 16 -0.0136 -17.3545 1.7157 -1.3332 -18.2701 -0.9664 -2.5239 -17.4336 2.1184
3 16 3.7321 -22.5945 1.858 3.2692 -23.1704 2.1176 2.0364 -23.0619 0.5231
3 16 1.7163 -21.9994 -1.7181 2.8828 -21.3451 -1.6007 2.0364 -23.0619 0.5231
3 16 2.0364 -23.0619 0.5231 2.8828 -21.3451 -1.6007 3.7321 -22.5945 1.858
3 16 4.2025 -24.1457 8.0227 2.2318 -25.6702 8.4603 3.2035 -24.9224 5.5442
3 16 3.2035 -24.9224 5.5442 2.2318 -25.6702 8.4603 1.8562 -25.4471 5.5541
3 16 0.0435 -26.1473 5.7161 -1.7672 -25.4443 5.4193 0.0513 -25.341 3.7124
3 16 0.0513 -25.341 3.7124 -1.7672 -25.4443 5.4193 -1.7364 -24.8684 3.6006
3 16 0.0435 -26.1473 5.7161 0.0513 -25.341 3.7124 1.8562 -25.4471 5.5541
3 16 1.8562 -25.4471 5.5541 0.0513 -25.341 3.7124 1.7366 -24.9258 3.7417
3 16 0.0513 -25.341 3.7124 -1.7364 -24.8684 3.6006 0.0583 -24.1178 1.1012
3 16 0.0583 -24.1178 1.1012 -1.7364 -24.8684 3.6006 -1.8125 -23.5996 1.1554
3 16 0.0513 -25.341 3.7124 0.0583 -24.1178 1.1012 1.7366 -24.9258 3.7417
3 16 1.7366 -24.9258 3.7417 0.0583 -24.1178 1.1012 2.0364 -23.0619 0.5231
3 16 1.7366 -24.9258 3.7417 2.9337 -24.4977 3.7728 1.8562 -25.4471 5.5541
3 16 1.8562 -25.4471 5.5541 2.9337 -24.4977 3.7728 3.2035 -24.9224 5.5442
3 16 2.0364 -23.0619 0.5231 3.2692 -23.1704 2.1176 1.7366 -24.9258 3.7417
3 16 1.7366 -24.9258 3.7417 3.2692 -23.1704 2.1176 2.9337 -24.4977 3.7728
3 16 0.0583 -24.1178 1.1012 -1.8125 -23.5996 1.1554 0.0573 -22.4746 -1.7557
3 16 0.0573 -22.4746 -1.7557 -1.8125 -23.5996 1.1554 -1.615 -22.1757 -1.6146
3 16 0.0583 -24.1178 1.1012 0.0573 -22.4746 -1.7557 2.0364 -23.0619 0.5231
3 16 2.0364 -23.0619 0.5231 0.0573 -22.4746 -1.7557 1.7163 -21.9994 -1.7181
3 16 -1.5397 -23.7532 11.2925 0.0406 -25.3462 11.9767 0.0593 -23.7647 12.4709
3 16 -4.5373 -20.0606 10.7206 -4.9368 -20.6753 9.3723 -3.5585 -21.8492 11.2573
3 16 -3.5585 -21.8492 11.2573 -4.9368 -20.6753 9.3723 -3.3579 -23.1996 10.3795
3 16 -3.3579 -23.1996 10.3795 -4.7567 -22.9698 8.2841 -3.8981 -24.2747 8.3794
3 16 -4.9412 -22.8109 6.3773 -4.3974 -23.9149 6.3462 -4.7567 -22.9698 8.2841
3 16 -4.7567 -22.9698 8.2841 -4.3974 -23.9149 6.3462 -3.8981 -24.2747 8.3794
3 16 -5.5266 -20.5492 7.7806 -4.7567 -22.9698 8.2841 -4.9368 -20.6753 9.3723
3 16 -4.9368 -20.6753 9.3723 -4.7567 -22.9698 8.2841 -3.3579 -23.1996 10.3795
3 16 -4.7567 -22.9698 8.2841 -5.5266 -20.5492 7.7806 -4.9412 -22.8109 6.3773
3 16 -4.9412 -22.8109 6.3773 -5.5266 -20.5492 7.7806 -5.5847 -20.4557 6.4204
3 16 -5.1354 -19.6724 3.4042 -5.0756 -20.6215 3.6727 -5.4963 -19.479 4.8875
3 16 -5.4963 -19.479 4.8875 -5.0756 -20.6215 3.6727 -5.4636 -20.4532 5.2753
3 16 -5.5847 -20.4557 6.4204 -5.5884 -19.2454 6.0241 -5.4636 -20.4532 5.2753
3 16 -5.4636 -20.4532 5.2753 -5.5884 -19.2454 6.0241 -5.4963 -19.479 4.8875
3 16 -4.3398 -20.973 1.5751 -3.4027 -20.2799 -1.3226 -3.6347 -22.067 0.7563
3 16 -3.6347 -22.067 0.7563 -3.4027 -20.2799 -1.3226 -3.2052 -21.1364 -1.3983
3 16 -3.2052 -21.1364 -1.3983 -1.615 -22.1757 -1.6146 -3.6347 -22.067 0.7563
3 16 -3.6347 -22.067 0.7563 -1.615 -22.1757 -1.6146 -1.8125 -23.5996 1.1554
3 16 -3.9468 -22.7811 2.9647 -3.6347 -22.067 0.7563 -1.8125 -23.5996 1.1554
3 16 0.0586 -26.0372 11.4633 0.0406 -25.3462 11.9767 -1.4889 -25.695 9.6877
3 16 -1.4889 -25.695 9.6877 0.0406 -25.3462 11.9767 -1.5397 -23.7532 11.2925
3 16 -3.8981 -24.2747 8.3794 -1.4889 -25.695 9.6877 -3.3579 -23.1996 10.3795
3 16 -3.3579 -23.1996 10.3795 -1.4889 -25.695 9.6877 -1.5397 -23.7532 11.2925
3 16 -3.8981 -24.2747 8.3794 -1.8013 -25.8008 8.2822 -1.4889 -25.695 9.6877
3 16 -3.8981 -24.2747 8.3794 -4.3974 -23.9149 6.3462 -1.8013 -25.8008 8.2822
3 16 -1.8013 -25.8008 8.2822 -4.3974 -23.9149 6.3462 -1.7672 -25.4443 5.4193
3 16 -1.7672 -25.4443 5.4193 -4.3974 -23.9149 6.3462 -3.6882 -24.3071 5.2685
3 16 -1.7672 -25.4443 5.4193 -3.6882 -24.3071 5.2685 -1.7364 -24.8684 3.6006
3 16 -1.7364 -24.8684 3.6006 -3.6882 -24.3071 5.2685 -3.5289 -23.9434 3.9084
3 16 -1.8125 -23.5996 1.1554 -1.7364 -24.8684 3.6006 -3.6187 -23.3402 3.2645
3 16 -3.6187 -23.3402 3.2645 -1.7364 -24.8684 3.6006 -3.5289 -23.9434 3.9084
3 16 -4.0035 -16.3112 6.6421 -5.2746 -18.3197 7.1667 -4.5078 -16.0943 7.9994
3 16 -4.5078 -16.0943 7.9994 -5.2746 -18.3197 7.1667 -5.0986 -18.4014 8.7163
3 16 -2.9789 -19.6193 -1.1978 -3.4027 -20.2799 -1.3226 -4.4699 -19.9095 1.4228
3 16 -4.4699 -19.9095 1.4228 -3.4027 -20.2799 -1.3226 -4.3398 -20.973 1.5751
3 16 -5.2746 -18.3197 7.1667 -5.5884 -19.2454 6.0241 -5.6747 -19.1905 7.52
3 16 -5.2746 -18.3197 7.1667 -5.6747 -19.1905 7.52 -5.0986 -18.4014 8.7163
3 16 -5.0986 -18.4014 8.7163 -5.6747 -19.1905 7.52 -5.2775 -19.4599 9.0331
3 16 -0.0556 -18.2029 -1.0963 1.2585 -18.3632 -1.1513 0.9737 -18.9864 -1.6522
3 16 -1.3332 -18.2701 -0.9664 -0.0556 -18.2029 -1.0963 -1.3047 -18.6963 -1.5205
3 16 -1.3047 -18.6963 -1.5205 -0.0556 -18.2029 -1.0963 0.9737 -18.9864 -1.6522
3 16 3.3715 -20.4255 -1.4124 2.6587 -20.3349 -2.0311 2.8448 -19.5699 -1.2899
3 16 2.8448 -19.5699 -1.2899 2.6587 -20.3349 -2.0311 0.9737 -18.9864 -1.6522
3 16 3.3715 -20.4255 -1.4124 2.8828 -21.3451 -1.6007 2.6587 -20.3349 -2.0311
3 16 2.6587 -20.3349 -2.0311 2.8828 -21.3451 -1.6007 1.8491 -21.2492 -2.1677
3 16 2.8828 -21.3451 -1.6007 1.7163 -21.9994 -1.7181 1.8491 -21.2492 -2.1677
3 16 1.8491 -21.2492 -2.1677 1.7163 -21.9994 -1.7181 0.0341 -21.8749 -2.1192
3 16 0.0341 -21.8749 -2.1192 1.7163 -21.9994 -1.7181 0.0573 -22.4746 -1.7557
3 16 0.0341 -21.8749 -2.1192 0.0573 -22.4746 -1.7557 -1.3302 -21.6513 -2.0824
3 16 -1.3302 -21.6513 -2.0824 0.0573 -22.4746 -1.7557 -1.615 -22.1757 -1.6146
3 16 -1.615 -22.1757 -1.6146 -3.2052 -21.1364 -1.3983 -1.3302 -21.6513 -2.0824
3 16 -1.3302 -21.6513 -2.0824 -3.2052 -21.1364 -1.3983 -2.8963 -20.4574 -1.8122
3 16 -3.2052 -21.1364 -1.3983 -3.4027 -20.2799 -1.3226 -2.8963 -20.4574 -1.8122
3 16 -2.9789 -19.6193 -1.1978 -2.6396 -19.7318 -1.6705 -3.4027 -20.2799 -1.3226
3 16 -3.4027 -20.2799 -1.3226 -2.6396 -19.7318 -1.6705 -2.8963 -20.4574 -1.8122
3 16 2.8448 -19.5699 -1.2899 0.9737 -18.9864 -1.6522 1.2585 -18.3632 -1.1513
3 16 0.0341 -21.8749 -2.1192 -0.0537 -20.6049 -2.2352 1.8491 -21.2492 -2.1677
3 16 -0.0537 -20.6049 -2.2352 2.6587 -20.3349 -2.0311 1.8491 -21.2492 -2.1677
3 16 -0.0537 -20.6049 -2.2352 0.9737 -18.9864 -1.6522 2.6587 -20.3349 -2.0311
3 16 -3.4888 -18.9549 12.1666 -1.8714 -18.5594 13.5713 -3.0265 -16.0693 11.8145
3 16 -3.0265 -16.0693 11.8145 -1.8714 -18.5594 13.5713 -1.3405 -15.852 13.0465
3 16 -5.2775 -19.4599 9.0331 -4.9368 -20.6753 9.3723 -4.9078 -19.0935 9.7523
3 16 -4.9078 -19.0935 9.7523 -4.9368 -20.6753 9.3723 -4.5373 -20.0606 10.7206
3 16 0.0171 -20.8365 14.1603 0.0633 -19.8323 14.9122 -1.5497 -20.7109 13.2684
3 16 -1.5497 -20.7109 13.2684 0.0633 -19.8323 14.9122 -1.8714 -18.5594 13.5713
3 16 -4.5373 -20.0606 10.7206 -4.6088 -18.6629 10.7649 -4.9078 -19.0935 9.7523
3 16 -4.9078 -19.0935 9.7523 -4.6088 -18.6629 10.7649 -4.8142 -18.4649 9.8323
3 16 -3.4888 -18.9549 12.1666 -4.6088 -18.6629 10.7649 -4.5373 -20.0606 10.7206
3 16 -4.5896 -15.3086 10.1954 -5.4127 -14.9899 10.3646 -4.8989 -15.2855 9.137
3 16 -4.8989 -15.2855 9.137 -5.4127 -14.9899 10.3646 -6.0939 -14.8668 9.0929
3 16 -4.8989 -15.2855 9.137 -4.4684 -15.9321 9.2653 -4.5896 -15.3086 10.1954
3 16 -4.5896 -15.3086 10.1954 -4.4684 -15.9321 9.2653 -4.3186 -15.991 10.0907
3 16 -8.3095 -14.1749 8.6938 -7.153 -14.3415 9.8984 -9.3368 -13.1523 9.0981
3 16 -9.3368 -13.1523 9.0981 -7.153 -14.3415 9.8984 -8.1515 -12.749 11.662
3 16 -4.5896 -15.3086 10.1954 -3.2664 -15.3556 12.062 -5.4127 -14.9899 10.3646
3 16 -5.4127 -14.9899 10.3646 -3.2664 -15.3556 12.062 -4.2896 -14.9086 12.9585
3 16 -4.6088 -18.6629 10.7649 -4.3186 -15.991 10.0907 -4.8142 -18.4649 9.8323
3 16 -4.8142 -18.4649 9.8323 -4.3186 -15.991 10.0907 -4.4684 -15.9321 9.2653
3 16 -3.4888 -18.9549 12.1666 -3.0265 -16.0693 11.8145 -4.6088 -18.6629 10.7649
3 16 -4.6088 -18.6629 10.7649 -3.0265 -16.0693 11.8145 -4.3186 -15.991 10.0907
3 16 -4.8142 -18.4649 9.8323 -5.0986 -18.4014 8.7163 -4.9078 -19.0935 9.7523
3 16 -4.9078 -19.0935 9.7523 -5.0986 -18.4014 8.7163 -5.2775 -19.4599 9.0331
3 16 -4.8142 -18.4649 9.8323 -4.4684 -15.9321 9.2653 -5.0986 -18.4014 8.7163
3 16 -5.0986 -18.4014 8.7163 -4.4684 -15.9321 9.2653 -4.5078 -16.0943 7.9994
3 16 -1.3332 -18.2701 -0.9664 -1.3047 -18.6963 -1.5205 -2.9789 -19.6193 -1.1978
3 16 -2.9789 -19.6193 -1.1978 -1.3047 -18.6963 -1.5205 -2.6396 -19.7318 -1.6705
3 16 -4.4699 -19.9095 1.4228 -2.5239 -17.4336 2.1184 -2.9789 -19.6193 -1.1978
3 16 -2.9789 -19.6193 -1.1978 -2.5239 -17.4336 2.1184 -1.3332 -18.2701 -0.9664
3 16 -2.6204 -17.1248 3.1006 -2.5239 -17.4336 2.1184 -5.1354 -19.6724 3.4042
3 16 -5.1354 -19.6724 3.4042 -2.5239 -17.4336 2.1184 -4.4699 -19.9095 1.4228
3 16 -2.6204 -17.1248 3.1006 -5.1354 -19.6724 3.4042 -3.0586 -16.9709 4.204
3 16 -3.0586 -16.9709 4.204 -5.1354 -19.6724 3.4042 -5.4963 -19.479 4.8875
3 16 -5.5884 -19.2454 6.0241 -3.3749 -16.8124 5.1277 -5.4963 -19.479 4.8875
3 16 -5.4963 -19.479 4.8875 -3.3749 -16.8124 5.1277 -3.0586 -16.9709 4.204
3 16 -5.5884 -19.2454 6.0241 -5.2746 -18.3197 7.1667 -3.3749 -16.8124 5.1277
3 16 -3.3749 -16.8124 5.1277 -5.2746 -18.3197 7.1667 -4.0035 -16.3112 6.6421
3 16 -1.3047 -18.6963 -1.5205 0.9737 -18.9864 -1.6522 -0.0537 -20.6049 -2.2352
3 16 -0.0537 -20.6049 -2.2352 0.0341 -21.8749 -2.1192 -1.3302 -21.6513 -2.0824
3 16 -0.0537 -20.6049 -2.2352 -1.3302 -21.6513 -2.0824 -2.6396 -19.7318 -1.6705
3 16 -2.6396 -19.7318 -1.6705 -1.3302 -21.6513 -2.0824 -2.8963 -20.4574 -1.8122
3 16 -2.6396 -19.7318 -1.6705 -1.3047 -18.6963 -1.5205 -0.0537 -20.6049 -2.2352
3 16 -7.4377 -5.8484 13.7271 -7.2275 -5.2197 15.4211 -8.5847 -5.469 12.9738
3 16 -8.5847 -5.469 12.9738 -7.2275 -5.2197 15.4211 -9.0385 -3.9249 15.1896
3 16 -7.2269 -7.9264 13.9794 -7.4377 -5.8484 13.7271 -8.3932 -7.9414 13.4701
3 16 -8.3932 -7.9414 13.4701 -7.4377 -5.8484 13.7271 -8.5847 -5.469 12.9738
3 16 -6.2604 -10.6854 14.5507 -7.2269 -7.9264 13.9794 -7.2213 -11.0267 13.8631
3 16 -7.2213 -11.0267 13.8631 -7.2269 -7.9264 13.9794 -8.3932 -7.9414 13.4701
3 16 -5.004 -12.1462 15.0082 -6.2604 -10.6854 14.5507 -6.0338 -12.5432 14.2108
3 16 -6.0338 -12.5432 14.2108 -6.2604 -10.6854 14.5507 -7.2213 -11.0267 13.8631
3 16 -3.67 -13.1124 15.4628 -5.004 -12.1462 15.0082 -4.9055 -13.1273 14.7496
3 16 -4.2896 -14.9086 12.9585 -2.1444 -14.5658 14.4573 -4.9055 -13.1273 14.7496
3 16 -4.9055 -13.1273 14.7496 -2.1444 -14.5658 14.4573 -3.67 -13.1124 15.4628
3 16 -2.1444 -14.5658 14.4573 -4.2896 -14.9086 12.9585 -1.6071 -15.087 13.3237
3 16 -1.6071 -15.087 13.3237 -4.2896 -14.9086 12.9585 -3.2664 -15.3556 12.062
3 16 -5.4127 -14.9899 10.3646 -7.153 -14.3415 9.8984 -6.0939 -14.8668 9.0929
3 16 -7.153 -14.3415 9.8984 -6.779 -13.3865 12.8337 -8.1515 -12.749 11.662
3 16 -7.153 -14.3415 9.8984 -5.4127 -14.9899 10.3646 -6.779 -13.3865 12.8337
3 16 -6.779 -13.3865 12.8337 -5.4127 -14.9899 10.3646 -5.6803 -14.1313 13.1378
3 16 -4.2896 -14.9086 12.9585 -5.6803 -14.1313 13.1378 -5.4127 -14.9899 10.3646
3 16 -2.3571 4.2413 -12.766 -1.7391 4.3141 -13.5633 -3.1244 3.7338 -13.4043
3 16 -4.4209 3.7374 -12.2046 -2.3571 4.2413 -12.766 -3.1244 3.7338 -13.4043
3 16 -9.6209 5.4633 -8.7327 -8.2382 4.1926 -10.0312 -10.6139 4.7287 -9.6938
3 16 -9.6209 5.4633 -8.7327 -10.6139 4.7287 -9.6938 -11.1799 5.6671 -9.0997
3 16 -9.6209 5.4633 -8.7327 -11.1799 5.6671 -9.0997 -10.379 6.9676 -7.8279
3 16 -10.379 6.9676 -7.8279 -11.1799 5.6671 -9.0997 -11.5791 6.6289 -8.6245
3 16 2.549 4.5116 -12.7475 4.0132 4.0269 -12.3645 2.6392 4.2933 -13.5842
3 16 2.6392 4.2933 -13.5842 4.0132 4.0269 -12.3645 4.3309 3.6135 -13.4644
3 16 4.0132 4.0269 -12.3645 4.9505 3.3556 -13.4612 4.3309 3.6135 -13.4644
3 16 6.1714 3.8104 -11.4414 6.104 3.4749 -12.4206 4.0132 4.0269 -12.3645
3 16 4.0132 4.0269 -12.3645 6.104 3.4749 -12.4206 4.9505 3.3556 -13.4612
3 16 9.105 4.6093 -9.2571 10.6455 5.555 -8.7091 9.1 4.0365 -10.1633
3 16 9.105 4.6093 -9.2571 9.1 4.0365 -10.1633 7.8768 3.948 -10.342
3 16 7.8768 3.948 -10.342 9.1 4.0365 -10.1633 8.2316 3.7313 -10.8291
3 16 7.8768 3.948 -10.342 8.2316 3.7313 -10.8291 7.3338 3.8832 -10.7332
3 16 7.3338 3.8832 -10.7332 8.2316 3.7313 -10.8291 7.2784 3.5595 -11.6201
3 16 6.1714 3.8104 -11.4414 7.3338 3.8832 -10.7332 7.2784 3.5595 -11.6201
3 16 6.1714 3.8104 -11.4414 7.2784 3.5595 -11.6201 6.104 3.4749 -12.4206
3 16 10.7877 7.861 -7.2544 11.4767 7.5662 -7.7586 10.4066 6.3881 -7.791
3 16 10.4066 6.3881 -7.791 11.4767 7.5662 -7.7586 10.6455 5.555 -8.7091
3 16 9.105 4.6093 -9.2571 10.4066 6.3881 -7.791 10.6455 5.555 -8.7091
3 16 2.6392 4.2933 -13.5842 0.3832 5.3054 -13.6329 2.549 4.5116 -12.7475
3 16 2.549 4.5116 -12.7475 0.3832 5.3054 -13.6329 0.3627 5.4227 -12.9949
3 16 0.3832 5.3054 -13.6329 -1.7391 4.3141 -13.5633 0.3627 5.4227 -12.9949
3 16 0.3627 5.4227 -12.9949 -1.7391 4.3141 -13.5633 -2.3571 4.2413 -12.766
3 16 10.7654 8.3624 -7.2874 11.3142 8.202 -7.9303 10.7877 7.861 -7.2544
3 16 10.7877 7.861 -7.2544 11.3142 8.202 -7.9303 11.4767 7.5662 -7.7586
3 16 10.7654 8.3624 -7.2874 11.1058 8.7504 -8.0358 11.3142 8.202 -7.9303
3 16 -10.9335 9.549 -7.036 -10.379 6.9676 -7.8279 -12.1288 9.085 -8.0968
3 16 -12.1288 9.085 -8.0968 -10.379 6.9676 -7.8279 -11.5791 6.6289 -8.6245
3 16 -10.5864 13.7411 -7.545 -11.0927 12.1489 -6.7937 -12.151 12.8133 -8.8089
3 16 -12.151 12.8133 -8.8089 -11.0927 12.1489 -6.7937 -12.3669 11.332 -7.9923
3 16 -11.0927 12.1489 -6.7937 -10.9335 9.549 -7.036 -12.3669 11.332 -7.9923
3 16 -12.3669 11.332 -7.9923 -10.9335 9.549 -7.036 -12.1288 9.085 -8.0968
3 16 10.7654 8.3624 -7.2874 10.4078 11.5278 -7.7895 11.1058 8.7504 -8.0358
3 16 11.1058 8.7504 -8.0358 10.4078 11.5278 -7.7895 10.5909 11.9289 -8.7849
3 16 10.5909 11.9289 -8.7849 10.4078 11.5278 -7.7895 9.592 13.1159 -8.7772
3 16 9.4243 23.464 -10.2847 8.2747 22.0625 -10.2657 9.6288 21.3407 -9.0898
3 16 6.8733 23.5189 -11.9525 7.4692 21.8283 -10.852 9.4243 23.464 -10.2847
3 16 9.4243 23.464 -10.2847 7.4692 21.8283 -10.852 8.2747 22.0625 -10.2657
3 16 7.1441 20.38 -11.042 7.4692 21.8283 -10.852 6.8733 23.5189 -11.9525
3 16 12.6335 16.5624 4.0914 15.3079 17.0123 4.4896 13.2067 18.0117 0.5632
3 16 13.2067 18.0117 0.5632 15.3079 17.0123 4.4896 15.9674 18.5148 0.2865
3 16 12.6335 16.5624 4.0914 11.6338 15.175 6.5294 15.3079 17.0123 4.4896
3 16 10.0618 15.3848 8.6306 11.5263 15.7809 9.3808 11.132 14.7246 7.3312
3 16 11.132 14.7246 7.3312 11.5263 15.7809 9.3808 12.92 14.7981 7.8956
3 16 11.132 14.7246 7.3312 12.92 14.7981 7.8956 11.6338 15.175 6.5294
3 16 11.6338 15.175 6.5294 12.92 14.7981 7.8956 15.3079 17.0123 4.4896
3 16 -12.8395 15.1624 8.2243 -11.6199 15.7597 9.2665 -11.1023 14.6051 7.2997
3 16 -11.1023 14.6051 7.2997 -11.6199 15.7597 9.2665 -10.253 15.192 8.3877
3 16 -9.2276 15.9382 9.4804 -10.253 15.192 8.3877 -10.1845 16.4791 10.3237
3 16 -10.1845 16.4791 10.3237 -10.253 15.192 8.3877 -11.6199 15.7597 9.2665
3 16 -8.5334 17.2269 11.4052 -7.9017 16.8786 10.6753 -10.1845 16.4791 10.3237
3 16 -10.1845 16.4791 10.3237 -7.9017 16.8786 10.6753 -9.2276 15.9382 9.4804
3 16 -3.0203 18.4364 12.8902 -4.8462 18 12.3099 -3.3211 18.8397 13.6701
3 16 -3.3211 18.8397 13.6701 -4.8462 18 12.3099 -5.2499 18.3869 13.062
3 16 0.0112 18.7456 13.2774 -1.7676 18.6643 13.1619 -0.0034 19.1119 14.0642
3 16 -0.0034 19.1119 14.0642 -1.7676 18.6643 13.1619 -1.9317 19.0051 13.9306
3 16 -1.7676 18.6643 13.1619 -3.0203 18.4364 12.8902 -1.9317 19.0051 13.9306
3 16 -1.9317 19.0051 13.9306 -3.0203 18.4364 12.8902 -3.3211 18.8397 13.6701
3 16 2.452 18.9921 13.9283 2.2735 18.6423 13.1094 -0.0034 19.1119 14.0642
3 16 -0.0034 19.1119 14.0642 2.2735 18.6423 13.1094 0.0112 18.7456 13.2774
3 16 4.6991 18.2004 12.4717 2.2735 18.6423 13.1094 5.0509 18.4608 13.1066
3 16 5.0509 18.4608 13.1066 2.2735 18.6423 13.1094 2.452 18.9921 13.9283
3 16 4.6991 18.2004 12.4717 5.0509 18.4608 13.1066 6.8747 17.4279 11.4021
3 16 6.8747 17.4279 11.4021 5.0509 18.4608 13.1066 7.4739 17.6857 11.9954
3 16 6.8747 17.4279 11.4021 7.4739 17.6857 11.9954 8.8723 16.3351 9.9
3 16 8.8723 16.3351 9.9 7.4739 17.6857 11.9954 9.8955 16.7509 10.6498
3 16 8.8723 16.3351 9.9 9.8955 16.7509 10.6498 10.0618 15.3848 8.6306
3 16 10.0618 15.3848 8.6306 9.8955 16.7509 10.6498 11.5263 15.7809 9.3808
3 16 -6.3791 17.548 11.6288 -7.9017 16.8786 10.6753 -6.8551 17.8662 12.3085
3 16 -6.8551 17.8662 12.3085 -7.9017 16.8786 10.6753 -8.5334 17.2269 11.4052
3 16 -4.8462 18 12.3099 -6.3791 17.548 11.6288 -5.2499 18.3869 13.062
3 16 -5.2499 18.3869 13.062 -6.3791 17.548 11.6288 -6.8551 17.8662 12.3085
3 16 -13.3539 15.6134 7.3153 -12.8395 15.1624 8.2243 -11.6613 15.1157 6.4694
3 16 -11.6613 15.1157 6.4694 -12.8395 15.1624 8.2243 -11.1023 14.6051 7.2997
3 16 -11.6613 15.1157 6.4694 -12.2612 15.8116 5.1711 -13.3539 15.6134 7.3153
3 16 -13.3539 15.6134 7.3153 -12.2612 15.8116 5.1711 -13.9588 16.2516 6.1004
3 16 -12.2612 15.8116 5.1711 -12.953 16.6642 3.0165 -13.9588 16.2516 6.1004
3 16 -13.9588 16.2516 6.1004 -12.953 16.6642 3.0165 -14.8598 17.4903 3.5173
3 16 -12.953 16.6642 3.0165 -13.2404 17.1478 0.706 -14.8598 17.4903 3.5173
3 16 -14.8598 17.4903 3.5173 -13.2404 17.1478 0.706 -15.4657 18.487 0.8778
3 16 -15.4657 18.487 0.8778 -13.2404 17.1478 0.706 -15.7087 19.2198 -1.6991
3 16 -15.7087 19.2198 -1.6991 -13.2404 17.1478 0.706 -12.9673 17.6014 -2.3701
3 16 -15.7087 19.2198 -1.6991 -12.9673 17.6014 -2.3701 -15.8095 19.7284 -3.6028
3 16 -12.9673 17.6014 -2.3701 -11.9288 18.0933 -5.5591 -15.8095 19.7284 -3.6028
3 16 -15.8095 19.7284 -3.6028 -11.9288 18.0933 -5.5591 -15.5304 20.3778 -5.7239
3 16 -9.0095 19.7849 -9.5746 -13.8669 21.7289 -8.9178 -10.6568 18.7116 -7.764
3 16 -10.6568 18.7116 -7.764 -13.8669 21.7289 -8.9178 -14.868 21.062 -7.5516
3 16 -13.8669 21.7289 -8.9178 -9.0095 19.7849 -9.5746 -12.7491 22.7127 -10.2569
3 16 -12.7491 22.7127 -10.2569 -9.0095 19.7849 -9.5746 -7.8669 20.4124 -10.5424
3 16 -10.6568 18.7116 -7.764 -14.868 21.062 -7.5516 -11.9288 18.0933 -5.5591
3 16 -11.9288 18.0933 -5.5591 -14.868 21.062 -7.5516 -15.5304 20.3778 -5.7239
3 16 -8.3871 17.3461 -15.7687 -7.1191 17.3278 -11.046 -9.1936 16.2539 -15.0239
3 16 10.5261 14.2579 -12.4963 8.5852 15.0654 -9.7502 9.7048 15.8404 -14.0141
3 16 10.5909 11.9289 -8.7849 9.592 13.1159 -8.7772 10.777 13.0554 -10.9548
3 16 10.777 13.0554 -10.9548 9.592 13.1159 -8.7772 8.5852 15.0654 -9.7502
3 16 10.777 13.0554 -10.9548 11.4036 11.017 -10.4474 10.5909 11.9289 -8.7849
3 16 10.5909 11.9289 -8.7849 11.4036 11.017 -10.4474 11.4452 10.7039 -9.9799
3 16 10.9763 13.4663 -11.9116 11.6479 11.1663 -11.2846 10.777 13.0554 -10.9548
3 16 10.777 13.0554 -10.9548 11.6479 11.1663 -11.2846 11.5019 11.1263 -10.8502
3 16 11.5019 11.1263 -10.8502 11.4036 11.017 -10.4474 10.777 13.0554 -10.9548
3 16 0.3627 5.4227 -12.9949 0.6353 1.7254 -12.9543 2.549 4.5116 -12.7475
3 16 2.549 4.5116 -12.7475 0.6353 1.7254 -12.9543 2.1377 1.6327 -12.7959
3 16 -9.6209 5.4633 -8.7327 -10.5335 1.9476 -7.5016 -8.2382 4.1926 -10.0312
3 16 -8.2382 4.1926 -10.0312 -10.5335 1.9476 -7.5016 -8.5674 1.4762 -9.6888
3 16 -11.7091 8.2527 -5.6332 -10.5335 1.9476 -7.5016 -10.379 6.9676 -7.8279
3 16 -9.6209 5.4633 -8.7327 -10.379 6.9676 -7.8279 -10.5335 1.9476 -7.5016
3 16 4.0132 4.0269 -12.3645 2.549 4.5116 -12.7475 3.5731 2.4395 -12.4982
3 16 3.5731 2.4395 -12.4982 2.549 4.5116 -12.7475 2.1377 1.6327 -12.7959
3 16 10.7877 7.861 -7.2544 10.4066 6.3881 -7.791 11.5926 5.5597 -5.6887
3 16 10.4066 6.3881 -7.791 9.105 4.6093 -9.2571 11.5926 5.5597 -5.6887
3 16 11.5926 5.5597 -5.6887 11.8398 9.9628 -5.3941 10.7877 7.861 -7.2544
3 16 10.7654 8.3624 -7.2874 10.7877 7.861 -7.2544 11.8398 9.9628 -5.3941
3 16 -10.379 6.9676 -7.8279 -10.9335 9.549 -7.036 -11.7091 8.2527 -5.6332
3 16 -11.0927 12.1489 -6.7937 -10.5864 13.7411 -7.545 -11.9301 13.7597 -5.227
3 16 -11.9301 13.7597 -5.227 -10.5864 13.7411 -7.545 -11.9288 18.0933 -5.5591
3 16 -10.9335 9.549 -7.036 -11.0927 12.1489 -6.7937 -11.7091 8.2527 -5.6332
3 16 -11.7091 8.2527 -5.6332 -11.0927 12.1489 -6.7937 -11.9301 13.7597 -5.227
3 16 10.7654 8.3624 -7.2874 11.8398 9.9628 -5.3941 10.4078 11.5278 -7.7895
3 16 10.4078 11.5278 -7.7895 11.8398 9.9628 -5.3941 11.3451 14.7365 -6.283
3 16 10.4078 11.5278 -7.7895 11.3451 14.7365 -6.283 9.592 13.1159 -8.7772
3 16 9.592 13.1159 -8.7772 11.3451 14.7365 -6.283 10.2164 16.2262 -8.0939
3 16 -10.5864 13.7411 -7.545 -9.5632 14.5613 -8.8483 -10.6568 18.7116 -7.764
3 16 -10.6568 18.7116 -7.764 -9.5632 14.5613 -8.8483 -9.0095 19.7849 -9.5746
3 16 -10.5864 13.7411 -7.545 -10.6568 18.7116 -7.764 -11.9288 18.0933 -5.5591
3 16 7.1441 20.38 -11.042 6.9951 17.9696 -11.1299 9.068 17.6 -9.3688
3 16 10.8818 20.5349 -7.6229 10.2164 16.2262 -8.0939 12.1298 19.7896 -5.4302
3 16 12.1298 19.7896 -5.4302 10.2164 16.2262 -8.0939 11.3451 14.7365 -6.283
3 16 9.6288 21.3407 -9.0898 9.068 17.6 -9.3688 10.8818 20.5349 -7.6229
3 16 10.8818 20.5349 -7.6229 9.068 17.6 -9.3688 10.2164 16.2262 -8.0939
3 16 9.6288 21.3407 -9.0898 8.2747 22.0625 -10.2657 9.068 17.6 -9.3688
3 16 8.2747 22.0625 -10.2657 7.4692 21.8283 -10.852 9.068 17.6 -9.3688
3 16 13.2067 18.0117 0.5632 12.952 11.8415 -0.1559 12.6335 16.5624 4.0914
3 16 12.6335 16.5624 4.0914 12.952 11.8415 -0.1559 12.7209 11.3382 2.4333
3 16 12.6335 16.5624 4.0914 12.7209 11.3382 2.4333 11.6338 15.175 6.5294
3 16 11.6338 15.175 6.5294 12.7209 11.3382 2.4333 11.8873 10.7282 5.2851
3 16 10.9218 10.4105 7.2455 11.132 14.7246 7.3312 11.8873 10.7282 5.2851
3 16 11.8873 10.7282 5.2851 11.132 14.7246 7.3312 11.6338 15.175 6.5294
3 16 -11.1023 14.6051 7.2997 -10.253 15.192 8.3877 -11.3593 12.3234 6.5505
3 16 -11.3593 12.3234 6.5505 -10.253 15.192 8.3877 -9.6134 10.7182 8.8587
3 16 -9.2276 15.9382 9.4804 -7.9911 10.9953 10.3133 -10.253 15.192 8.3877
3 16 -10.253 15.192 8.3877 -7.9911 10.9953 10.3133 -9.6134 10.7182 8.8587
3 16 -9.2276 15.9382 9.4804 -7.9017 16.8786 10.6753 -7.9911 10.9953 10.3133
3 16 -3.0203 18.4364 12.8902 -2.6338 11.627 12.7905 -4.8462 18 12.3099
3 16 -4.8462 18 12.3099 -2.6338 11.627 12.7905 -4.7047 11.485 12.1986
3 16 -1.7676 18.6643 13.1619 0.0112 18.7456 13.2774 -0.5079 11.6577 13.0355
3 16 -0.5079 11.6577 13.0355 0.0112 18.7456 13.2774 1.0859 11.6036 12.9866
3 16 -3.0203 18.4364 12.8902 -1.7676 18.6643 13.1619 -2.6338 11.627 12.7905
3 16 -2.6338 11.627 12.7905 -1.7676 18.6643 13.1619 -0.5079 11.6577 13.0355
3 16 0.0112 18.7456 13.2774 2.2735 18.6423 13.1094 1.0859 11.6036 12.9866
3 16 1.0859 11.6036 12.9866 2.2735 18.6423 13.1094 2.8009 11.4709 12.7388
3 16 2.2735 18.6423 13.1094 4.6991 18.2004 12.4717 2.8009 11.4709 12.7388
3 16 2.8009 11.4709 12.7388 4.6991 18.2004 12.4717 4.5386 11.2422 12.2448
3 16 4.6991 18.2004 12.4717 6.8747 17.4279 11.4021 4.5386 11.2422 12.2448
3 16 4.5386 11.2422 12.2448 6.8747 17.4279 11.4021 6.2051 10.9315 11.4867
3 16 6.8747 17.4279 11.4021 8.8723 16.3351 9.9 6.2051 10.9315 11.4867
3 16 6.2051 10.9315 11.4867 8.8723 16.3351 9.9 7.729 10.6494 10.4913
3 16 8.8723 16.3351 9.9 10.0618 15.3848 8.6306 7.729 10.6494 10.4913
3 16 7.729 10.6494 10.4913 10.0618 15.3848 8.6306 9.5567 10.3965 8.8645
3 16 -6.3791 17.548 11.6288 -6.0736 11.3166 11.5762 -7.9017 16.8786 10.6753
3 16 -7.9017 16.8786 10.6753 -6.0736 11.3166 11.5762 -7.9911 10.9953 10.3133
3 16 -4.8462 18 12.3099 -4.7047 11.485 12.1986 -6.3791 17.548 11.6288
3 16 -6.3791 17.548 11.6288 -4.7047 11.485 12.1986 -6.0736 11.3166 11.5762
3 16 -11.9569 12.6392 5.2909 -11.6613 15.1157 6.4694 -11.3593 12.3234 6.5505
3 16 -11.3593 12.3234 6.5505 -11.6613 15.1157 6.4694 -11.1023 14.6051 7.2997
3 16 -11.6613 15.1157 6.4694 -11.9569 12.6392 5.2909 -12.2612 15.8116 5.1711
3 16 -12.2612 15.8116 5.1711 -11.9569 12.6392 5.2909 -12.6659 13.1416 2.9889
3 16 -12.953 16.6642 3.0165 -12.2612 15.8116 5.1711 -12.6659 13.1416 2.9889
3 16 -11.9288 18.0933 -5.5591 -12.9673 17.6014 -2.3701 -11.9301 13.7597 -5.227
3 16 -11.9301 13.7597 -5.227 -12.9673 17.6014 -2.3701 -12.7585 13.7424 -2.6428
3 16 -7.8669 20.4124 -10.5424 -9.0095 19.7849 -9.5746 -7.3894 18.9331 -10.8752
3 16 -7.3894 18.9331 -10.8752 -9.0095 19.7849 -9.5746 -8.1868 15.8711 -10.1005
3 16 12.1298 19.7896 -5.4302 11.3451 14.7365 -6.283 13.0201 18.7613 -2.127
3 16 13.0201 18.7613 -2.127 11.3451 14.7365 -6.283 12.6761 12.1985 -2.7309
3 16 6.9951 17.9696 -11.1299 8.5852 15.0654 -9.7502 9.068 17.6 -9.3688
3 16 9.592 13.1159 -8.7772 10.2164 16.2262 -8.0939 8.5852 15.0654 -9.7502
3 16 8.5852 15.0654 -9.7502 10.2164 16.2262 -8.0939 9.068 17.6 -9.3688
3 16 -7.1191 17.3278 -11.046 -7.3894 18.9331 -10.8752 -8.1868 15.8711 -10.1005
3 16 -8.1868 15.8711 -10.1005 -9.0095 19.7849 -9.5746 -9.5632 14.5613 -8.8483
3 16 -5.8783 -2.0177 11.3541 -5.9162 -5.8238 8.8901 -5.9011 -4.9858 11.1494
3 16 5.875 0 8.8814 5.97 -10.8855 9.2092 5.875 0 7.3953
3 16 5.875 0 7.3953 5.97 -10.8855 9.2092 5.9902 -13.2027 7.3978
3 16 5.9902 -13.2027 7.3978 7.5333 -12.5361 5.5335 5.875 0 7.3953
3 16 5.875 0 7.3953 7.5333 -12.5361 5.5335 7.3195 0 5.7331
3 16 5.1389 1.8528 -11.8564 4.9161 0.8547 -11.4753 6.3128 1.8312 -11.2889
3 16 2.5347 1.3769 12.7209 1.4597 1.1744 12.9022 1.5077 4.1078 12.8936
3 16 -2.2888 4.248 12.7773 -0.0478 4.1868 12.9979 -2.5338 1.377 12.7246
3 16 -2.5338 1.377 12.7246 -0.0478 4.1868 12.9979 -0.0164 1.0615 13.0039
3 16 1.5077 4.1078 12.8936 1.4597 1.1744 12.9022 -0.0478 4.1868 12.9979
3 16 -0.0478 4.1868 12.9979 1.4597 1.1744 12.9022 -0.0164 1.0615 13.0039
3 16 2.4603 -4.5218 12.6128 2.4321 -7.748 12.2216 1.1216 -4.4837 12.9478
3 16 1.1216 -4.4837 12.9478 2.4321 -7.748 12.2216 1.0874 -7.9496 12.507
3 16 -2.4604 -4.5317 12.6189 -0.0453 -4.4821 12.9971 -2.4321 -7.7937 12.194
3 16 -2.4321 -7.7937 12.194 -0.0453 -4.4821 12.9971 -0.0729 -7.9768 12.5447
3 16 -0.0729 -7.9768 12.5447 -0.0453 -4.4821 12.9971 1.0874 -7.9496 12.507
3 16 1.0874 -7.9496 12.507 -0.0453 -4.4821 12.9971 1.1216 -4.4837 12.9478
3 16 2.4321 -7.748 12.2216 2.4202 -9.1119 11.5701 1.0874 -7.9496 12.507
3 16 1.0874 -7.9496 12.507 2.4202 -9.1119 11.5701 1.0554 -9.2707 11.7855
3 16 -2.4178 -9.4297 11.3035 -2.4321 -7.7937 12.194 -0.0794 -9.3755 11.7592
3 16 -0.0794 -9.3755 11.7592 -2.4321 -7.7937 12.194 -0.0729 -7.9768 12.5447
3 16 1.0874 -7.9496 12.507 1.0554 -9.2707 11.7855 -0.0729 -7.9768 12.5447
3 16 -0.0729 -7.9768 12.5447 1.0554 -9.2707 11.7855 -0.0794 -9.3755 11.7592
3 16 0.1904 -9.4601 -1.5882 0.9906 -9.5062 4.7236 2.4173 -9.4951 5.772
3 16 2.4173 -9.4951 5.772 0.9906 -9.5062 4.7236 2.4171 -9.5074 6.9076
3 16 0.6147 -9.5094 4.4831 0.9906 -9.5062 4.7236 0.1904 -9.4601 -1.5882
3 16 -0.6535 -9.5273 4.457 -0.013 -9.5177 4.4118 0.1904 -9.4601 -1.5882
3 16 4.3346 -9.4521 4.3497 0.1904 -9.4601 -1.5882 2.4173 -9.4951 5.772
3 16 -2.4189 -9.3079 7.251 -2.0098 -9.5841 7.1535 -2.4167 -9.565 5.8197
3 16 -2.4167 -9.565 5.8197 -2.0098 -9.5841 7.1535 -0.9434 -9.5329 4.6077
3 16 -0.9434 -9.5329 4.6077 -0.6535 -9.5273 4.457 0.1904 -9.4601 -1.5882
3 16 -0.013 -9.5177 4.4118 0.6147 -9.5094 4.4831 0.1904 -9.4601 -1.5882
3 16 -2.0065 -9.9297 7.5126 -2.0098 -9.5841 7.1535 -2.4158 -9.6675 7.7849
3 16 -2.4158 -9.6675 7.7849 -2.0098 -9.5841 7.1535 -2.4189 -9.3079 7.251
3 16 -1.96 -11.2704 7.6425 -2.0065 -9.9297 7.5126 -2.4158 -9.6675 7.7849
3 16 1.0554 -9.2707 11.7855 2.4202 -9.1119 11.5701 1.0657 -9.7654 11.3905
3 16 1.0657 -9.7654 11.3905 2.4202 -9.1119 11.5701 2.415 -9.714 11.103
3 16 -1.96 -11.2704 7.6425 -2.4158 -9.6675 7.7849 -2.4033 -11.1033 8.0808
3 16 -1.7458 -12.2891 8.1332 -1.96 -11.2704 7.6425 -2.4013 -11.3366 8.7368
3 16 -2.4013 -11.3366 8.7368 -1.96 -11.2704 7.6425 -2.4033 -11.1033 8.0808
3 16 -2.4013 -11.3366 8.7368 -2.4158 -9.6675 7.7849 -2.4108 -10.2412 10.4411
3 16 -0.0794 -9.3755 11.7592 -0.0457 -9.9078 11.3126 -2.4178 -9.4297 11.3035
3 16 -2.4178 -9.4297 11.3035 -0.0457 -9.9078 11.3126 -2.4108 -10.2412 10.4411
3 16 1.0554 -9.2707 11.7855 1.0657 -9.7654 11.3905 -0.0794 -9.3755 11.7592
3 16 -0.0794 -9.3755 11.7592 1.0657 -9.7654 11.3905 -0.0457 -9.9078 11.3126
3 16 1.0657 -9.7654 11.3905 1.079 -10.846 10.7821 -0.0457 -9.9078 11.3126
3 16 -0.0457 -9.9078 11.3126 1.079 -10.846 10.7821 0.4831 -11.0648 10.689
3 16 2.415 -9.714 11.103 2.409 -10.4063 10.5149 1.079 -10.846 10.7821
3 16 1.079 -10.846 10.7821 2.409 -10.4063 10.5149 1.7249 -11.1583 10.4193
3 16 -2.4013 -11.3366 8.7368 -2.4108 -10.2412 10.4411 -0.1797 -11.7283 10.0266
3 16 -0.1797 -11.7283 10.0266 -1.7458 -12.2891 8.1332 -2.4013 -11.3366 8.7368
3 16 2.4603 -4.5218 12.6128 2.5347 1.3769 12.7209 2.5016 0.1897 11.722
3 16 -2.4321 -7.7937 12.194 -2.4178 -9.4297 11.3035 -2.4604 -4.5317 12.6189
3 16 -2.4604 -4.5317 12.6189 -2.4178 -9.4297 11.3035 -2.5015 0.1897 11.6009
3 16 -4.6463 -9.5792 4.0393 -4.651 0 4.0376 -2.4167 -9.565 5.8197
3 16 -2.4167 -9.565 5.8197 -4.651 0 4.0376 -2.4999 0 5.8305
3 16 -2.0065 -9.9297 7.5126 -1.96 -11.2704 7.6425 -2.0098 -9.5841 7.1535
3 16 -0.7755 -21.3253 4.7384 -0.9434 -9.5329 4.6077 -2.0098 -9.5841 7.1535
3 16 -0.6535 -9.5273 4.457 -0.9434 -9.5329 4.6077 -0.427 -21.3242 4.5917
3 16 -0.427 -21.3242 4.5917 -0.9434 -9.5329 4.6077 -0.7755 -21.3253 4.7384
3 16 -0.6535 -9.5273 4.457 -0.427 -21.3242 4.5917 -0.013 -9.5177 4.4118
3 16 -0.013 -9.5177 4.4118 -0.427 -21.3242 4.5917 0.0277 -21.4133 4.5714
3 16 0.9906 -9.5062 4.7236 0.6147 -9.5094 4.4831 0.8901 -21.2514 4.8603
3 16 0.8901 -21.2514 4.8603 0.6147 -9.5094 4.4831 0.6116 -21.2676 4.6666
3 16 0.6147 -9.5094 4.4831 -0.013 -9.5177 4.4118 0.6116 -21.2676 4.6666
3 16 0.6116 -21.2676 4.6666 -0.013 -9.5177 4.4118 0.0277 -21.4133 4.5714
3 16 -1.6502 -22.1358 8.0149 -1.8263 -21.9229 7.3667 -1.7458 -12.2891 8.1332
3 16 -1.7458 -12.2891 8.1332 -1.8263 -21.9229 7.3667 -1.96 -11.2704 7.6425
3 16 -1.6502 -22.1358 8.0149 -1.7458 -12.2891 8.1332 0.0755 -21.9482 10.0989
3 16 0.0755 -21.9482 10.0989 -1.7458 -12.2891 8.1332 -0.1797 -11.7283 10.0266
3 16 0.6649 -21.8322 10.5534 0.4831 -11.0648 10.689 1.1338 -21.8827 10.5718
3 16 1.1338 -21.8827 10.5718 0.4831 -11.0648 10.689 1.079 -10.846 10.7821
3 16 1.5927 -21.873 10.3476 1.1338 -21.8827 10.5718 1.7249 -11.1583 10.4193
3 16 1.7249 -11.1583 10.4193 1.1338 -21.8827 10.5718 1.079 -10.846 10.7821
3 16 2.1288 -22.0155 9.5704 1.5927 -21.873 10.3476 2.1803 -11.9635 9.8001
3 16 2.1803 -11.9635 9.8001 1.5927 -21.873 10.3476 1.7249 -11.1583 10.4193
3 16 2.2354 -22.2325 8.8624 2.1288 -22.0155 9.5704 2.3892 -12.6824 8.8644
3 16 2.3892 -12.6824 8.8644 2.1288 -22.0155 9.5704 2.1803 -11.9635 9.8001
3 16 2.2354 -22.2325 8.8624 2.3892 -12.6824 8.8644 2.2115 -22.0303 7.722
3 16 2.2115 -22.0303 7.722 2.3892 -12.6824 8.8644 2.4032 -11.0889 7.7904
3 16 -1.8263 -21.9229 7.3667 -1.6502 -22.1358 8.0149 -1.3811 -22.7646 7.1745
3 16 -1.3811 -22.7646 7.1745 -1.6502 -22.1358 8.0149 -1.1948 -22.9792 7.6427
3 16 -1.1948 -22.9792 7.6427 -1.6502 -22.1358 8.0149 0.5106 -22.8914 9.8278
3 16 0.5106 -22.8914 9.8278 -1.6502 -22.1358 8.0149 0.0755 -21.9482 10.0989
3 16 1.1338 -21.8827 10.5718 1.0282 -22.7893 10.0877 0.6649 -21.8322 10.5534
3 16 0.6649 -21.8322 10.5534 1.0282 -22.7893 10.0877 0.7797 -22.8217 10.0378
3 16 1.1338 -21.8827 10.5718 1.5927 -21.873 10.3476 1.0282 -22.7893 10.0877
3 16 1.0282 -22.7893 10.0877 1.5927 -21.873 10.3476 1.2327 -22.8824 9.9481
3 16 1.5927 -21.873 10.3476 2.1288 -22.0155 9.5704 1.2327 -22.8824 9.9481
3 16 1.2327 -22.8824 9.9481 2.1288 -22.0155 9.5704 1.4591 -23.0233 9.5642
3 16 2.1288 -22.0155 9.5704 2.2354 -22.2325 8.8624 1.4591 -23.0233 9.5642
3 16 1.4591 -23.0233 9.5642 2.2354 -22.2325 8.8624 1.5316 -23.2514 8.947
3 16 -0.0338 -22.1448 5.0369 1.559 -22.7372 7.0556 0.8901 -21.2514 4.8603
3 16 0.8901 -21.2514 4.8603 1.559 -22.7372 7.0556 2.0754 -21.8743 6.9559
3 16 0.8901 -21.2514 4.8603 0.6116 -21.2676 4.6666 -0.0338 -22.1448 5.0369
3 16 0.6116 -21.2676 4.6666 0.0277 -21.4133 4.5714 -0.0338 -22.1448 5.0369
3 16 0.0277 -21.4133 4.5714 -0.427 -21.3242 4.5917 -0.0338 -22.1448 5.0369
3 16 -0.427 -21.3242 4.5917 -0.7755 -21.3253 4.7384 -0.0338 -22.1448 5.0369
3 16 -0.0338 -22.1448 5.0369 -0.7755 -21.3253 4.7384 -1.3811 -22.7646 7.1745
3 16 -1.3811 -22.7646 7.1745 -0.7755 -21.3253 4.7384 -1.8263 -21.9229 7.3667
3 16 2.2115 -22.0303 7.722 1.6493 -22.9618 7.6961 2.2354 -22.2325 8.8624
3 16 2.2354 -22.2325 8.8624 1.6493 -22.9618 7.6961 1.5316 -23.2514 8.947
3 16 2.0754 -21.8743 6.9559 1.559 -22.7372 7.0556 2.2115 -22.0303 7.722
3 16 2.2115 -22.0303 7.722 1.559 -22.7372 7.0556 1.6493 -22.9618 7.6961
3 16 1.0282 -22.7893 10.0877 -1.1948 -22.9792 7.6427 0.7797 -22.8217 10.0378
3 16 0.7797 -22.8217 10.0378 -1.1948 -22.9792 7.6427 0.5106 -22.8914 9.8278
3 16 -0.0338 -22.1448 5.0369 -1.3811 -22.7646 7.1745 1.559 -22.7372 7.0556
3 16 1.5316 -23.2514 8.947 1.6493 -22.9618 7.6961 -1.1948 -22.9792 7.6427
3 16 1.6493 -22.9618 7.6961 1.559 -22.7372 7.0556 -1.1948 -22.9792 7.6427
3 16 -1.1948 -22.9792 7.6427 1.559 -22.7372 7.0556 -1.3811 -22.7646 7.1745
3 16 -12.1488 1.9255 -4.2985 -12.5054 7.9297 -3.3562 -12.8119 1.7622 -1.6747
3 16 -12.8119 1.7622 -1.6747 -12.5054 7.9297 -3.3562 -12.9501 7.7586 -0.8463
3 16 -12.8262 7.5532 1.6431 -12.3422 7.3276 3.9703 -12.8462 1.5339 0.9366
3 16 -12.8462 1.5339 0.9366 -12.3422 7.3276 3.9703 -12.4052 1.1775 3.4571
3 16 12.8416 1.1571 -0.6573 12.8918 4.8936 -0.6562 12.4948 1.4163 -3.0846
3 16 12.4948 1.4163 -3.0846 12.8918 4.8936 -0.6562 12.4971 5.1721 -3.1614
3 16 -7.6532 -4.9925 10.4776 -7.0257 -8.4726 10.3948 -7.9098 -8.2534 9.8441
3 16 -7.777 -9.8812 7.0358 -7.7121 -10.0921 8.0539 -6.8218 -10.997 7.7226
3 16 -8.1295 -8.724 6.473 -8.4648 -7.1472 6.0953 -8.7907 -8.2971 7.3552
3 16 -8.7907 -8.2971 7.3552 -8.4648 -7.1472 6.0953 -9.4666 -6.0846 6.8836
3 16 -8.7907 -8.2971 7.3552 -9.4666 -6.0846 6.8836 -8.9231 -8.1454 8.152
3 16 -8.9231 -8.1454 8.152 -9.4666 -6.0846 6.8836 -9.6514 -5.8345 7.7775
3 16 -8.7907 -8.2971 7.3552 -8.4293 -9.0945 7.5871 -8.1295 -8.724 6.473
3 16 -8.1295 -8.724 6.473 -8.4293 -9.0945 7.5871 -7.777 -9.8812 7.0358
3 16 -7.777 -9.8812 7.0358 -8.4293 -9.0945 7.5871 -7.7121 -10.0921 8.0539
3 16 -7.7121 -10.0921 8.0539 -8.4293 -9.0945 7.5871 -8.3988 -9.1467 8.2005
3 16 -7.6532 -4.9925 10.4776 -7.9098 -8.2534 9.8441 -9.3116 -5.0954 9.0046
3 16 -9.3116 -5.0954 9.0046 -7.9098 -8.2534 9.8441 -8.5782 -8.2138 9.1173
3 16 -8.7907 -8.2971 7.3552 -8.9231 -8.1454 8.152 -8.4293 -9.0945 7.5871
3 16 -8.4293 -9.0945 7.5871 -8.9231 -8.1454 8.152 -8.3988 -9.1467 8.2005
3 16 9.4046 -8.0994 3.617 10.3672 -8.0652 4.4127 9.551 -7.0756 3.3372
3 16 9.551 -7.0756 3.3372 10.3672 -8.0652 4.4127 10.5968 -7.036 4.1421
3 16 11.1323 -6.4836 6.6239 11.2653 -6.8418 5.4818 10.8109 -7.7517 6.7567
3 16 10.8109 -7.7517 6.7567 11.2653 -6.8418 5.4818 10.9722 -7.8741 5.72
3 16 11.1323 -6.4836 6.6239 10.8109 -7.7517 6.7567 10.3435 -6.2407 7.8676
3 16 10.3435 -6.2407 7.8676 10.8109 -7.7517 6.7567 10.1088 -7.6007 7.8868
3 16 9.1557 -7.5882 8.9787 8.0287 -7.5391 10.0162 9.2501 -6.2455 9.128
3 16 9.2501 -6.2455 9.128 8.0287 -7.5391 10.0162 7.9281 -6.2389 10.2974
3 16 7.5732 -9.0754 9.6324 7.1119 -7.5219 10.6958 8.0287 -7.5391 10.0162
3 16 8.8239 -10.8349 5.235 8.2644 -11.1758 6.3571 9.7663 -9.8926 6.053
3 16 9.7663 -9.8926 6.053 8.2644 -11.1758 6.3571 9.1239 -10.0826 7.121
3 16 10.1517 -9.1607 5.0546 9.3148 -9.6094 4.3036 9.7663 -9.8926 6.053
3 16 9.7663 -9.8926 6.053 9.3148 -9.6094 4.3036 8.8239 -10.8349 5.235
3 16 10.1517 -9.1607 5.0546 10.3672 -8.0652 4.4127 9.3148 -9.6094 4.3036
3 16 9.3148 -9.6094 4.3036 10.3672 -8.0652 4.4127 9.4046 -8.0994 3.617
3 16 7.5732 -9.0754 9.6324 8.0287 -7.5391 10.0162 8.816 -8.8594 8.6817
3 16 8.816 -8.8594 8.6817 8.0287 -7.5391 10.0162 9.1557 -7.5882 8.9787
3 16 10.8109 -7.7517 6.7567 10.3996 -8.7337 6.7321 10.1088 -7.6007 7.8868
3 16 10.1088 -7.6007 7.8868 10.3996 -8.7337 6.7321 9.7258 -8.7937 7.7002
3 16 10.9722 -7.8741 5.72 10.6732 -8.5626 5.9525 10.8109 -7.7517 6.7567
3 16 10.8109 -7.7517 6.7567 10.6732 -8.5626 5.9525 10.3996 -8.7337 6.7321
3 16 11.2653 -6.8418 5.4818 11.1323 -6.4836 6.6239 11.7851 -4.0851 3.9103
3 16 11.7851 -4.0851 3.9103 11.1323 -6.4836 6.6239 12.0007 -3.0663 4.9108
3 16 9.551 -7.0756 3.3372 10.7432 -5.5759 3.4609 9.8032 -6.0961 2.7747
3 16 9.8032 -6.0961 2.7747 10.7432 -5.5759 3.4609 10.9444 -4.5572 2.7647
3 16 9.8032 -6.0961 2.7747 10.9444 -4.5572 2.7647 10.1018 -5.5721 1.9187
3 16 10.1018 -5.5721 1.9187 10.9444 -4.5572 2.7647 11.148 -4.1352 1.8537
3 16 9.551 -7.0756 3.3372 10.5968 -7.036 4.1421 10.7432 -5.5759 3.4609
3 16 11.7851 -4.0851 3.9103 12.0007 -3.0663 4.9108 12.1244 -2.5496 2.8496
3 16 12.1244 -2.5496 2.8496 12.0007 -3.0663 4.9108 12.4734 -1.462 3.3299
3 16 12.3933 -1.5286 1.559 12.1244 -2.5496 2.8496 12.4734 -1.462 3.3299
3 16 10.1018 -5.5721 1.9187 11.148 -4.1352 1.8537 10.3186 -5.5376 -0.1024
3 16 10.3186 -5.5376 -0.1024 11.148 -4.1352 1.8537 11.3716 -4.0216 -0.2167
3 16 -9.4666 -6.0846 6.8836 -8.4648 -7.1472 6.0953 -8.9646 -5.7705 5.6484
3 16 -11.308 -2.2474 4.6222 -10.7129 -2.9039 6.0328 -9.542 -5.176 4.6092
3 16 -9.542 -5.176 4.6092 -10.7129 -2.9039 6.0328 -8.9646 -5.7705 5.6484
3 16 -10.7129 -2.9039 6.0328 -9.4666 -6.0846 6.8836 -8.9646 -5.7705 5.6484
3 16 -9.6514 -5.8345 7.7775 -9.4666 -6.0846 6.8836 -10.7282 -2.7478 6.7826
3 16 -10.7282 -2.7478 6.7826 -9.4666 -6.0846 6.8836 -10.7129 -2.9039 6.0328
3 16 4.9161 0.8547 -11.4753 5.0331 -0.0677 -11.7012 4.4361 0.0883 -10.6299
3 16 4.4361 0.0883 -10.6299 5.0331 -0.0677 -11.7012 4.6759 -2.0875 -11.0979
3 16 -11.8343 -1.9844 3.2607 -11.308 -2.2474 4.6222 -10.1323 -5.1198 3.2419
3 16 -10.1323 -5.1198 3.2419 -11.308 -2.2474 4.6222 -9.542 -5.176 4.6092
3 16 -10.1323 -5.1198 3.2419 -10.5479 -5.1383 0.7948 -11.8343 -1.9844 3.2607
3 16 -11.8343 -1.9844 3.2607 -10.5479 -5.1383 0.7948 -12.3023 -1.704 0.7999
3 16 -10.5479 -5.1383 0.7948 -10.5041 -5.1443 -1.4847 -12.3023 -1.704 0.7999
3 16 -12.3023 -1.704 0.7999 -10.5041 -5.1443 -1.4847 -12.2541 -1.6094 -1.7847
3 16 -7.0108 -5.1481 -7.9264 -8.262 -1.7056 -9.1864 -8.5364 -5.1407 -6.2893
3 16 -8.5364 -5.1407 -6.2893 -8.262 -1.7056 -9.1864 -10.0854 -1.6252 -7.166
3 16 -1.1494 -5.1791 -10.4842 0.559 -5.1707 -10.5648 -1.277 -1.8394 -12.259
3 16 -1.277 -1.8394 -12.259 0.559 -5.1707 -10.5648 0.7263 -1.7335 -12.3517
3 16 6.1581 -5.3022 -8.2367 6.9001 -2.8839 -9.6082 5.6725 0 -7.4624
3 16 5.6725 0 -7.4624 6.9001 -2.8839 -9.6082 6.7161 0.0883 -9.332
3 16 8.2291 -11.7919 4.4334 8.3263 0 4.2486 7.5333 -12.5361 5.5335
3 16 7.5333 -12.5361 5.5335 8.3263 0 4.2486 7.3195 0 5.7331
3 16 -9.3116 -5.0954 9.0046 -8.5782 -8.2138 9.1173 -9.6514 -5.8345 7.7775
3 16 -9.6514 -5.8345 7.7775 -8.5782 -8.2138 9.1173 -8.9231 -8.1454 8.152
3 16 -10.7769 -1.8671 7.1648 -9.3116 -5.0954 9.0046 -10.7282 -2.7478 6.7826
3 16 -10.7282 -2.7478 6.7826 -9.3116 -5.0954 9.0046 -9.6514 -5.8345 7.7775
3 16 -7.6841 -9.624 9.0543 -6.9057 -10.2626 9.1179 -7.7121 -10.0921 8.0539
3 16 -7.7121 -10.0921 8.0539 -6.9057 -10.2626 9.1179 -6.8218 -10.997 7.7226
3 16 -8.2289 -8.9852 8.972 -7.6841 -9.624 9.0543 -8.3988 -9.1467 8.2005
3 16 -8.3988 -9.1467 8.2005 -7.6841 -9.624 9.0543 -7.7121 -10.0921 8.0539
3 16 -7.9098 -8.2534 9.8441 -7.0257 -8.4726 10.3948 -7.6841 -9.624 9.0543
3 16 -7.6841 -9.624 9.0543 -7.0257 -8.4726 10.3948 -6.9057 -10.2626 9.1179
3 16 -8.5782 -8.2138 9.1173 -7.9098 -8.2534 9.8441 -8.2289 -8.9852 8.972
3 16 -8.2289 -8.9852 8.972 -7.9098 -8.2534 9.8441 -7.6841 -9.624 9.0543
3 16 -8.9231 -8.1454 8.152 -8.5782 -8.2138 9.1173 -8.3988 -9.1467 8.2005
3 16 -8.3988 -9.1467 8.2005 -8.5782 -8.2138 9.1173 -8.2289 -8.9852 8.972
3 16 -9.3116 -5.0954 9.0046 -10.7769 -1.8671 7.1648 -9.3441 -0.001 9.0028
3 16 -9.3441 -0.001 9.0028 -10.7769 -1.8671 7.1648 -10.8029 0.5312 7.1528
3 16 -11.308 -2.2474 4.6222 -11.8343 -1.9844 3.2607 -11.8218 0.8357 5.102
3 16 -11.8218 0.8357 5.102 -11.8343 -1.9844 3.2607 -12.4052 1.1775 3.4571
3 16 11.9761 -0.0538 4.8719 12.7849 0.8289 1.6875 12.4734 -1.462 3.3299
3 16 12.4734 -1.462 3.3299 12.7849 0.8289 1.6875 12.3933 -1.5286 1.559
3 16 12.3933 -1.5286 1.559 12.7849 0.8289 1.6875 12.4498 -1.438 -0.5813
3 16 12.4498 -1.438 -0.5813 12.7849 0.8289 1.6875 12.8416 1.1571 -0.6573
3 16 10.3186 -5.5376 -0.1024 11.3716 -4.0216 -0.2167 10.0032 -5.5774 -2.3508
3 16 10.0032 -5.5774 -2.3508 11.3716 -4.0216 -0.2167 11.0679 -4.0272 -2.6067
3 16 12.4498 -1.438 -0.5813 12.8416 1.1571 -0.6573 12.1157 -1.4097 -2.946
3 16 12.1157 -1.4097 -2.946 12.8416 1.1571 -0.6573 12.4948 1.4163 -3.0846
3 16 12.1157 -1.4097 -2.946 12.4948 1.4163 -3.0846 11.4098 -1.3908 -5.0504
3 16 11.4098 -1.3908 -5.0504 12.4948 1.4163 -3.0846 11.7221 1.5325 -5.355
3 16 7.3595 0.28 -10.487 7.2016 -1.2557 -10.177 8.6223 -0.9919 -9.2384
3 16 7.5732 -9.0754 9.6324 8.816 -8.8594 8.6817 7.4987 -10.0383 8.8757
3 16 7.4987 -10.0383 8.8757 8.816 -8.8594 8.6817 8.7245 -9.8062 7.9423
3 16 9.7663 -9.8926 6.053 9.1239 -10.0826 7.121 10.3996 -8.7337 6.7321
3 16 10.3996 -8.7337 6.7321 9.1239 -10.0826 7.121 9.7258 -8.7937 7.7002
3 16 10.1517 -9.1607 5.0546 9.7663 -9.8926 6.053 10.6732 -8.5626 5.9525
3 16 10.6732 -8.5626 5.9525 9.7663 -9.8926 6.053 10.3996 -8.7337 6.7321
3 16 10.9722 -7.8741 5.72 10.3672 -8.0652 4.4127 10.6732 -8.5626 5.9525
3 16 10.6732 -8.5626 5.9525 10.3672 -8.0652 4.4127 10.1517 -9.1607 5.0546
3 16 10.3672 -8.0652 4.4127 10.9722 -7.8741 5.72 10.5968 -7.036 4.1421
3 16 10.5968 -7.036 4.1421 10.9722 -7.8741 5.72 11.2653 -6.8418 5.4818
3 16 10.5968 -7.036 4.1421 11.2653 -6.8418 5.4818 10.7432 -5.5759 3.4609
3 16 10.7432 -5.5759 3.4609 11.2653 -6.8418 5.4818 11.7851 -4.0851 3.9103
3 16 10.7432 -5.5759 3.4609 11.7851 -4.0851 3.9103 10.9444 -4.5572 2.7647
3 16 10.9444 -4.5572 2.7647 11.7851 -4.0851 3.9103 12.1244 -2.5496 2.8496
3 16 10.9444 -4.5572 2.7647 12.1244 -2.5496 2.8496 11.148 -4.1352 1.8537
3 16 11.148 -4.1352 1.8537 12.1244 -2.5496 2.8496 12.3933 -1.5286 1.559
3 16 11.148 -4.1352 1.8537 12.3933 -1.5286 1.559 11.3716 -4.0216 -0.2167
3 16 11.3716 -4.0216 -0.2167 12.3933 -1.5286 1.559 12.4498 -1.438 -0.5813
3 16 11.3716 -4.0216 -0.2167 12.4498 -1.438 -0.5813 11.0679 -4.0272 -2.6067
3 16 11.0679 -4.0272 -2.6067 12.4498 -1.438 -0.5813 12.1157 -1.4097 -2.946
3 16 7.2016 -1.2557 -10.177 6.9001 -2.8839 -9.6082 8.6223 -0.9919 -9.2384
3 16 8.6223 -0.9919 -9.2384 6.9001 -2.8839 -9.6082 7.9708 -3.8302 -8.2598
3 16 2.0318 -1.6056 -12.2444 2.1377 1.6327 -12.7959 0.7263 -1.7335 -12.3517
3 16 0.7263 -1.7335 -12.3517 2.1377 1.6327 -12.7959 0.6353 1.7254 -12.9543
3 16 -5.2842 -5.1517 -9.1783 -6.1787 -1.7635 -10.7055 -7.0108 -5.1481 -7.9264
3 16 -7.0108 -5.1481 -7.9264 -6.1787 -1.7635 -10.7055 -8.262 -1.7056 -9.1864
3 16 -8.262 -1.7056 -9.1864 -8.5674 1.4762 -9.6888 -10.0854 -1.6252 -7.166
3 16 -10.0854 -1.6252 -7.166 -8.5674 1.4762 -9.6888 -10.5335 1.9476 -7.5016
3 16 -11.5195 -1.6224 -4.3832 -9.7984 -5.144 -3.9832 -10.0854 -1.6252 -7.166
3 16 -10.0854 -1.6252 -7.166 -9.7984 -5.144 -3.9832 -8.5364 -5.1407 -6.2893
3 16 -11.5195 -1.6224 -4.3832 -12.1488 1.9255 -4.2985 -12.2541 -1.6094 -1.7847
3 16 -12.2541 -1.6094 -1.7847 -12.1488 1.9255 -4.2985 -12.8119 1.7622 -1.6747
3 16 -12.2541 -1.6094 -1.7847 -10.5041 -5.1443 -1.4847 -11.5195 -1.6224 -4.3832
3 16 -11.5195 -1.6224 -4.3832 -10.5041 -5.1443 -1.4847 -9.7984 -5.144 -3.9832
3 16 -12.8462 1.5339 0.9366 -12.4052 1.1775 3.4571 -12.3023 -1.704 0.7999
3 16 -12.3023 -1.704 0.7999 -12.4052 1.1775 3.4571 -11.8343 -1.9844 3.2607
3 16 -10.0854 -1.6252 -7.166 -10.5335 1.9476 -7.5016 -11.5195 -1.6224 -4.3832
3 16 -11.5195 -1.6224 -4.3832 -10.5335 1.9476 -7.5016 -12.1488 1.9255 -4.2985
3 16 -10.7129 -2.9039 6.0328 -11.8218 0.8357 5.102 -10.7282 -2.7478 6.7826
3 16 -11.8218 0.8357 5.102 -10.7769 -1.8671 7.1648 -10.7282 -2.7478 6.7826
3 16 -11.308 -2.2474 4.6222 -11.8218 0.8357 5.102 -10.7129 -2.9039 6.0328
3 16 5.6557 0 2.3858 9.1816 0 1.7516 6.1372 0.0001 -0.1201
3 16 6.1372 0.0001 -0.1201 9.1816 0 1.7516 9.3455 0 -0.1701
3 16 -9.2794 0 -1.1217 -9.281 0 0.7723 -6.2047 0 0.0034
3 16 -4.682 0 -8.1179 -6.2011 0 -7.0081 -3.3019 -0.0003 -5.181
3 16 5.863 1.3772 11.5635 5.8733 0.1897 10.7111 4.3306 1.3792 12.246
3 16 4.3306 1.3792 12.246 5.8733 0.1897 10.7111 2.5016 0.1897 11.722
3 16 -8.3003 0 4.2981 -7.7186 0 5.2722 -5.73 0 2.2756
3 16 -5.73 0 2.2756 -7.7186 0 5.2722 -4.651 0 4.0376
3 16 -3.0247 0 -8.8536 -1.804 0 -5.8673 -1.0791 0 -9.3003
3 16 -3.0247 0 -8.8536 -4.682 0 -8.1179 -3.3019 -0.0003 -5.181
3 16 6.7161 0.0883 -9.332 6.9001 -2.8839 -9.6082 7.2016 -1.2557 -10.177
3 16 7.5592 0 -5.4602 6.6159 0 -6.6198 5.056 0 -3.4813
3 16 5.056 0 -3.4813 6.6159 0 -6.6198 4.1386 0 -4.5367
3 16 5.875 0 8.8814 5.875 0 7.3953 2.5002 0 8.2227
3 16 2.5002 0 8.2227 5.875 0 7.3953 2.5004 0 5.8315
3 16 2.5016 0.1897 11.722 5.8733 0.1897 10.7111 2.5 0 10.8824
3 16 2.5 0 10.8824 5.8733 0.1897 10.7111 5.875 0.0003 9.9827
3 16 -5.8652 0.1896 10.6617 -5.8525 1.3765 11.5565 -4.1854 0.1897 11.1398
3 16 -4.1854 0.1897 11.1398 -5.8525 1.3765 11.5565 -4.2588 1.3885 12.284
3 16 -5.8652 0.1896 10.6617 -5.9162 -5.8238 8.8901 -5.8783 -2.0177 11.3541
3 16 -5.8652 0.1896 10.6617 -4.1854 0.1897 11.1398 -5.8928 0.0001 7.3781
3 16 -5.8928 0.0001 7.3781 -4.1854 0.1897 11.1398 -2.4999 0 5.8305
3 16 -5.8928 0.0001 7.3781 -5.9162 -5.8238 8.8901 -5.8652 0.1896 10.6617
3 16 -7.0566 0 6.1295 -5.8928 0.0001 7.3781 -4.651 0 4.0376
3 16 -4.651 0 4.0376 -5.8928 0.0001 7.3781 -2.4999 0 5.8305
3 16 -8.8966 0 2.868 -5.73 0 2.2756 -9.281 0 0.7723
3 16 -9.281 0 0.7723 -5.73 0 2.2756 -6.2047 0 0.0034
3 16 -8.6997 0 -3.3648 -9.2794 0 -1.1217 -5.8148 0 -2.1602
3 16 -5.8148 0 -2.1602 -9.2794 0 -1.1217 -6.2047 0 0.0034
3 16 -8.6997 0 -3.3648 -5.8148 0 -2.1602 -7.5259 0 -5.5716
3 16 -7.5259 0 -5.5716 -5.8148 0 -2.1602 -4.8992 0 -3.759
3 16 -6.2011 0 -7.0081 -7.5259 0 -5.5716 -4.8992 0 -3.759
3 16 0.4457 0 -9.366 0.1597 0 -6.136 1.3586 0 -9.2763
3 16 1.3586 0 -9.2763 0.1597 0 -6.136 1.6839 0 -5.904
3 16 4.4361 0.0883 -10.6299 3.3798 0 -8.7468 6.7161 0.0883 -9.332
3 16 6.7161 0.0883 -9.332 3.3798 0 -8.7468 5.6725 0 -7.4624
3 16 7.1806 0.8547 -10.1746 6.7161 0.0883 -9.332 7.3595 0.28 -10.487
3 16 7.3595 0.28 -10.487 6.7161 0.0883 -9.332 7.2016 -1.2557 -10.177
3 16 4.9161 0.8547 -11.4753 4.4361 0.0883 -10.6299 7.1806 0.8547 -10.1746
3 16 7.1806 0.8547 -10.1746 4.4361 0.0883 -10.6299 6.7161 0.0883 -9.332
3 16 4.9161 0.8547 -11.4753 7.1806 0.8547 -10.1746 6.3128 1.8312 -11.2889
3 16 6.3128 1.8312 -11.2889 7.1806 0.8547 -10.1746 7.3983 1.8528 -10.5845
3 16 5.8733 0.1897 10.7111 5.863 1.3772 11.5635 5.8824 -0.8431 11.3517
3 16 8.3263 0 4.2486 8.7689 0 3.2358 5.6557 0 2.3858
3 16 8.3263 0 4.2486 5.6557 0 2.3858 7.3195 0 5.7331
3 16 7.3195 0 5.7331 5.6557 0 2.3858 4.5564 -0.0001 4.1159
3 16 -7.7186 0 5.2722 -7.0566 0 6.1295 -4.651 0 4.0376
3 16 -8.8966 0 2.868 -8.3003 0 4.2981 -5.73 0 2.2756
3 16 9.3455 0 -0.1701 9.07 0 -2.2587 6.1372 0.0001 -0.1201
3 16 6.1372 0.0001 -0.1201 9.07 0 -2.2587 5.802 0 -2.0075
3 16 -1.0791 0 -9.3003 -1.804 0 -5.8673 0.1597 0 -6.136
3 16 -3.0247 0 -8.8536 -3.3019 -0.0003 -5.181 -1.804 0 -5.8673
3 16 -6.2011 0 -7.0081 -4.8992 0 -3.759 -3.3019 -0.0003 -5.181
3 16 4.9161 0.8547 -11.4753 5.132 0.9683 -11.8597 5.0331 -0.0677 -11.7012
3 16 4.3306 1.3792 12.246 2.5016 0.1897 11.722 2.5347 1.3769 12.7209
3 16 -2.5015 0.1897 11.6009 -2.5338 1.377 12.7246 -2.4604 -4.5317 12.6189
3 16 2.5 0 10.8824 2.5002 0 8.2227 2.4603 -4.5218 12.6128
3 16 2.953 0 -5.3842 5.6725 0 -7.4624 3.3798 0 -8.7468
3 16 2.953 0 -5.3842 3.3798 0 -8.7468 1.6839 0 -5.904
3 16 1.6839 0 -5.904 3.3798 0 -8.7468 2.2395 0 -9.1051
3 16 5.6557 0 2.3858 5.6394 -9.4182 2.4239 4.5564 -0.0001 4.1159
3 16 4.5564 -0.0001 4.1159 5.6394 -9.4182 2.4239 4.3346 -9.4521 4.3497
3 16 2.953 0 -5.3842 2.9724 -9.3845 -5.3734 4.1386 0 -4.5367
3 16 4.1386 0 -4.5367 2.9724 -9.3845 -5.3734 4.3514 -9.3733 -4.3311
3 16 -5.8148 0 -2.1602 -5.8008 -9.5404 -2.1899 -4.8992 0 -3.759
3 16 -4.8992 0 -3.759 -5.8008 -9.5404 -2.1899 -4.7859 -9.5106 -3.9509
3 16 -5.7232 -9.5802 2.2939 -6.2056 -9.5665 0.004 -5.73 0 2.2756
3 16 -5.73 0 2.2756 -6.2056 -9.5665 0.004 -6.2047 0 0.0034
3 16 5.014 -9.3718 -3.5408 5.7229 -9.3733 -2.2217 5.056 0 -3.4813
3 16 5.056 0 -3.4813 5.7229 -9.3733 -2.2217 5.802 0 -2.0075
3 16 -6.2056 -9.5665 0.004 -5.8008 -9.5404 -2.1899 -6.2047 0 0.0034
3 16 -6.2047 0 0.0034 -5.8008 -9.5404 -2.1899 -5.8148 0 -2.1602
3 16 -4.6463 -9.5792 4.0393 -5.7232 -9.5802 2.2939 -4.651 0 4.0376
3 16 -4.651 0 4.0376 -5.7232 -9.5802 2.2939 -5.73 0 2.2756
3 16 6.1372 0.0001 -0.1201 6.1392 -9.388 0.0379 5.6557 0 2.3858
3 16 5.6557 0 2.3858 6.1392 -9.388 0.0379 5.6394 -9.4182 2.4239
3 16 5.7229 -9.3733 -2.2217 6.1392 -9.388 0.0379 5.802 0 -2.0075
3 16 5.802 0 -2.0075 6.1392 -9.388 0.0379 6.1372 0.0001 -0.1201
3 16 4.3346 -9.4521 4.3497 5.6394 -9.4182 2.4239 0.1904 -9.4601 -1.5882
3 16 0.1904 -9.4601 -1.5882 5.6394 -9.4182 2.4239 6.1392 -9.388 0.0379
3 16 0.1904 -9.4601 -1.5882 6.1392 -9.388 0.0379 5.7229 -9.3733 -2.2217
3 16 0.1904 -9.4601 -1.5882 5.7229 -9.3733 -2.2217 5.014 -9.3718 -3.5408
3 16 0.1904 -9.4601 -1.5882 5.014 -9.3718 -3.5408 4.3514 -9.3733 -4.3311
3 16 0.1904 -9.4601 -1.5882 1.4849 -9.3994 -5.9575 0.2083 -9.4176 -6.1349
3 16 0.2083 -9.4176 -6.1349 1.4849 -9.3994 -5.9575 0.1597 0 -6.136
3 16 0.1597 0 -6.136 1.4849 -9.3994 -5.9575 1.6839 0 -5.904
3 16 0.1904 -9.4601 -1.5882 0.2083 -9.4176 -6.1349 -1.8909 -9.4502 -5.8403
3 16 -1.8909 -9.4502 -5.8403 0.2083 -9.4176 -6.1349 -1.804 0 -5.8673
3 16 -1.804 0 -5.8673 0.2083 -9.4176 -6.1349 0.1597 0 -6.136
3 16 0.1904 -9.4601 -1.5882 -1.8909 -9.4502 -5.8403 -3.5982 -9.4799 -4.9741
3 16 -3.5982 -9.4799 -4.9741 -1.8909 -9.4502 -5.8403 -3.3019 -0.0003 -5.181
3 16 -3.3019 -0.0003 -5.181 -1.8909 -9.4502 -5.8403 -1.804 0 -5.8673
3 16 0.1904 -9.4601 -1.5882 -3.5982 -9.4799 -4.9741 -4.7859 -9.5106 -3.9509
3 16 -4.7859 -9.5106 -3.9509 -3.5982 -9.4799 -4.9741 -4.8992 0 -3.759
3 16 -4.8992 0 -3.759 -3.5982 -9.4799 -4.9741 -3.3019 -0.0003 -5.181
3 16 0.1904 -9.4601 -1.5882 -4.7859 -9.5106 -3.9509 -5.8008 -9.5404 -2.1899
3 16 0.1904 -9.4601 -1.5882 -5.8008 -9.5404 -2.1899 -6.2056 -9.5665 0.004
3 16 0.1904 -9.4601 -1.5882 -6.2056 -9.5665 0.004 -5.7232 -9.5802 2.2939
3 16 0.1904 -9.4601 -1.5882 -5.7232 -9.5802 2.2939 -4.6463 -9.5792 4.0393
3 16 0.1904 -9.4601 -1.5882 -4.6463 -9.5792 4.0393 -2.4167 -9.565 5.8197
3 16 1.4849 -9.3994 -5.9575 2.9724 -9.3845 -5.3734 1.6839 0 -5.904
3 16 1.6839 0 -5.904 2.9724 -9.3845 -5.3734 2.953 0 -5.3842
3 16 0.1904 -9.4601 -1.5882 2.9724 -9.3845 -5.3734 1.4849 -9.3994 -5.9575
3 16 0.1904 -9.4601 -1.5882 4.3514 -9.3733 -4.3311 2.9724 -9.3845 -5.3734
3 16 4.5564 -0.0001 4.1159 4.3346 -9.4521 4.3497 2.5004 0 5.8315
3 16 2.5004 0 5.8315 4.3346 -9.4521 4.3497 2.4173 -9.4951 5.772
3 16 -2.4167 -9.565 5.8197 -2.4999 0 5.8305 -2.4189 -9.3079 7.251
3 16 -2.4189 -9.3079 7.251 -2.4999 0 5.8305 -2.5015 0.1897 11.6009
3 16 -2.4999 0 5.8305 -4.1854 0.1897 11.1398 -2.5015 0.1897 11.6009
3 16 2.5004 0 5.8315 5.875 0 7.3953 4.5564 -0.0001 4.1159
3 16 4.5564 -0.0001 4.1159 5.875 0 7.3953 7.3195 0 5.7331
3 16 3.3354 -5.7107 -8.763 3.3798 0 -8.7468 3.8988 -4.946 -9.758
3 16 3.8988 -4.946 -9.758 3.3798 0 -8.7468 4.4361 0.0883 -10.6299
3 16 3.8988 -4.946 -9.758 2.736 -5.12 -10.2745 3.3354 -5.7107 -8.763
3 16 3.3354 -5.7107 -8.763 2.736 -5.12 -10.2745 2.2376 -5.7282 -9.1048
3 16 -5.9518 -11.0757 7.3808 -6.8218 -10.997 7.7226 -5.9476 -11.053 7.9862
3 16 -8.6315 -5.7793 -3.5283 -9.2571 -5.7697 -1.2933 -8.6997 0 -3.3648
3 16 -8.6997 0 -3.3648 -9.2571 -5.7697 -1.2933 -9.2794 0 -1.1217
3 16 -8.6315 -5.7793 -3.5283 -9.7984 -5.144 -3.9832 -9.2571 -5.7697 -1.2933
3 16 -9.2571 -5.7697 -1.2933 -9.7984 -5.144 -3.9832 -10.5041 -5.1443 -1.4847
3 16 -7.496 -5.7779 -5.6154 -8.6315 -5.7793 -3.5283 -7.5259 0 -5.5716
3 16 -7.5259 0 -5.5716 -8.6315 -5.7793 -3.5283 -8.6997 0 -3.3648
3 16 -7.496 -5.7779 -5.6154 -8.5364 -5.1407 -6.2893 -8.6315 -5.7793 -3.5283
3 16 -8.6315 -5.7793 -3.5283 -8.5364 -5.1407 -6.2893 -9.7984 -5.144 -3.9832
3 16 1.3318 -5.6707 -9.2808 0.4344 -5.6598 -9.3662 1.3586 0 -9.2763
3 16 1.3586 0 -9.2763 0.4344 -5.6598 -9.3662 0.4457 0 -9.366
3 16 -1.0856 -5.761 -9.2981 0.4344 -5.6598 -9.3662 -1.1494 -5.1791 -10.4842
3 16 -1.1494 -5.1791 -10.4842 0.4344 -5.6598 -9.3662 0.559 -5.1707 -10.5648
3 16 -6.8954 -10.1573 6.3462 -7.0566 0 6.1295 -7.2507 -8.8714 5.8509
3 16 -7.2507 -8.8714 5.8509 -7.0566 0 6.1295 -7.7186 0 5.2722
3 16 -5.9518 -11.0757 7.3808 -5.8928 0.0001 7.3781 -6.8954 -10.1573 6.3462
3 16 -6.8954 -10.1573 6.3462 -5.8928 0.0001 7.3781 -7.0566 0 6.1295
3 16 -5.9476 -11.053 7.9862 -5.9162 -5.8238 8.8901 -5.9518 -11.0757 7.3808
3 16 -5.9518 -11.0757 7.3808 -5.9162 -5.8238 8.8901 -5.8928 0.0001 7.3781
3 16 -5.9162 -5.8238 8.8901 -5.9476 -11.053 7.9862 -5.9502 -10.3878 9.0791
3 16 3.8988 -4.946 -9.758 4.6759 -2.0875 -11.0979 2.736 -5.12 -10.2745
3 16 2.736 -5.12 -10.2745 4.6759 -2.0875 -11.0979 3.3383 -1.4225 -12.0126
3 16 4.6759 -2.0875 -11.0979 3.8988 -4.946 -9.758 4.4361 0.0883 -10.6299
3 16 -8.3015 -5.829 4.3165 -8.3003 0 4.2981 -8.8552 -5.8217 2.9916
3 16 -8.8552 -5.8217 2.9916 -8.3003 0 4.2981 -8.8966 0 2.868
3 16 -8.3015 -5.829 4.3165 -8.8552 -5.8217 2.9916 -9.542 -5.176 4.6092
3 16 -9.542 -5.176 4.6092 -8.8552 -5.8217 2.9916 -10.1323 -5.1198 3.2419
3 16 -8.3003 0 4.2981 -8.3015 -5.829 4.3165 -7.7186 0 5.2722
3 16 -7.7186 0 5.2722 -8.3015 -5.829 4.3165 -7.9062 -6.3507 4.9605
3 16 -7.9062 -6.3507 4.9605 -8.3015 -5.829 4.3165 -8.9646 -5.7705 5.6484
3 16 -8.9646 -5.7705 5.6484 -8.3015 -5.829 4.3165 -9.542 -5.176 4.6092
3 16 -7.7186 0 5.2722 -7.9062 -6.3507 4.9605 -7.5543 -7.2717 5.4743
3 16 -7.5543 -7.2717 5.4743 -7.9062 -6.3507 4.9605 -8.4648 -7.1472 6.0953
3 16 -8.4648 -7.1472 6.0953 -7.9062 -6.3507 4.9605 -8.9646 -5.7705 5.6484
3 16 -7.7186 0 5.2722 -7.5543 -7.2717 5.4743 -7.2507 -8.8714 5.8509
3 16 -7.2507 -8.8714 5.8509 -7.5543 -7.2717 5.4743 -8.1295 -8.724 6.473
3 16 -8.1295 -8.724 6.473 -7.5543 -7.2717 5.4743 -8.4648 -7.1472 6.0953
3 16 -6.8954 -10.1573 6.3462 -7.2507 -8.8714 5.8509 -7.777 -9.8812 7.0358
3 16 -7.777 -9.8812 7.0358 -7.2507 -8.8714 5.8509 -8.1295 -8.724 6.473
3 16 -5.9518 -11.0757 7.3808 -6.8954 -10.1573 6.3462 -6.8218 -10.997 7.7226
3 16 -6.8218 -10.997 7.7226 -6.8954 -10.1573 6.3462 -7.777 -9.8812 7.0358
3 16 -6.8218 -10.997 7.7226 -6.9057 -10.2626 9.1179 -5.9476 -11.053 7.9862
3 16 -5.9476 -11.053 7.9862 -6.9057 -10.2626 9.1179 -5.9502 -10.3878 9.0791
3 16 -8.8552 -5.8217 2.9916 -9.2825 -5.7758 0.7335 -10.1323 -5.1198 3.2419
3 16 -10.1323 -5.1198 3.2419 -9.2825 -5.7758 0.7335 -10.5479 -5.1383 0.7948
3 16 -8.8552 -5.8217 2.9916 -8.8966 0 2.868 -9.2825 -5.7758 0.7335
3 16 -9.2825 -5.7758 0.7335 -8.8966 0 2.868 -9.281 0 0.7723
3 16 -9.2825 -5.7758 0.7335 -9.2571 -5.7697 -1.2933 -10.5479 -5.1383 0.7948
3 16 -10.5479 -5.1383 0.7948 -9.2571 -5.7697 -1.2933 -10.5041 -5.1443 -1.4847
3 16 -9.2571 -5.7697 -1.2933 -9.2825 -5.7758 0.7335 -9.2794 0 -1.1217
3 16 -9.2794 0 -1.1217 -9.2825 -5.7758 0.7335 -9.281 0 0.7723
3 16 -4.6503 -5.7485 -8.1365 -5.2842 -5.1517 -9.1783 -6.1813 -5.7481 -7.0252
3 16 -6.1813 -5.7481 -7.0252 -5.2842 -5.1517 -9.1783 -7.0108 -5.1481 -7.9264
3 16 -4.6503 -5.7485 -8.1365 -6.1813 -5.7481 -7.0252 -4.682 0 -8.1179
3 16 -4.682 0 -8.1179 -6.1813 -5.7481 -7.0252 -6.2011 0 -7.0081
3 16 -5.9299 -8.4639 10.4419 -7.0257 -8.4726 10.3948 -5.9011 -4.9858 11.1494
3 16 -5.9011 -4.9858 11.1494 -7.0257 -8.4726 10.3948 -7.6532 -4.9925 10.4776
3 16 -5.9011 -4.9858 11.1494 -5.9162 -5.8238 8.8901 -5.9299 -8.4639 10.4419
3 16 -7.0257 -8.4726 10.3948 -5.9299 -8.4639 10.4419 -6.9057 -10.2626 9.1179
3 16 -6.9057 -10.2626 9.1179 -5.9299 -8.4639 10.4419 -5.9502 -10.3878 9.0791
3 16 -5.9299 -8.4639 10.4419 -5.9162 -5.8238 8.8901 -5.9502 -10.3878 9.0791
3 16 -2.9985 -5.7856 -8.8623 -3.0247 0 -8.8536 -1.0856 -5.761 -9.2981
3 16 -1.0856 -5.761 -9.2981 -3.0247 0 -8.8536 -1.0791 0 -9.3003
3 16 -2.9985 -5.7856 -8.8623 -1.0856 -5.761 -9.2981 -3.3679 -5.1372 -10.0359
3 16 -3.3679 -5.1372 -10.0359 -1.0856 -5.761 -9.2981 -1.1494 -5.1791 -10.4842
3 16 -2.9985 -5.7856 -8.8623 -4.6503 -5.7485 -8.1365 -3.0247 0 -8.8536
3 16 -3.0247 0 -8.8536 -4.6503 -5.7485 -8.1365 -4.682 0 -8.1179
3 16 -2.9985 -5.7856 -8.8623 -3.3679 -5.1372 -10.0359 -4.6503 -5.7485 -8.1365
3 16 -4.6503 -5.7485 -8.1365 -3.3679 -5.1372 -10.0359 -5.2842 -5.1517 -9.1783
3 16 -7.496 -5.7779 -5.6154 -7.5259 0 -5.5716 -6.1813 -5.7481 -7.0252
3 16 -6.1813 -5.7481 -7.0252 -7.5259 0 -5.5716 -6.2011 0 -7.0081
3 16 -6.1813 -5.7481 -7.0252 -7.0108 -5.1481 -7.9264 -7.496 -5.7779 -5.6154
3 16 -7.496 -5.7779 -5.6154 -7.0108 -5.1481 -7.9264 -8.5364 -5.1407 -6.2893
3 16 5.7157 -5.557 -7.4403 6.1581 -5.3022 -8.2367 5.6725 0 -7.4624
3 16 9.1786 -5.8207 1.7666 9.3462 -5.8025 -0.1125 9.1816 0 1.7516
3 16 9.1816 0 1.7516 9.3462 -5.8025 -0.1125 9.3455 0 -0.1701
3 16 9.1786 -5.8207 1.7666 10.1018 -5.5721 1.9187 9.3462 -5.8025 -0.1125
3 16 9.3462 -5.8025 -0.1125 10.1018 -5.5721 1.9187 10.3186 -5.5376 -0.1024
3 16 5.9603 -9.7765 10.0483 5.9419 -7.6607 10.7029 7.5732 -9.0754 9.6324
3 16 7.5732 -9.0754 9.6324 5.9419 -7.6607 10.7029 7.1119 -7.5219 10.6958
3 16 6.9001 -2.8839 -9.6082 6.1581 -5.3022 -8.2367 7.9708 -3.8302 -8.2598
3 16 7.9708 -3.8302 -8.2598 6.1581 -5.3022 -8.2367 7.2826 -5.5421 -7.2948
3 16 9.0402 -6.2825 2.376 9.8032 -6.0961 2.7747 9.1786 -5.8207 1.7666
3 16 9.1786 -5.8207 1.7666 9.8032 -6.0961 2.7747 10.1018 -5.5721 1.9187
3 16 9.0402 -6.2825 2.376 9.1786 -5.8207 1.7666 8.7689 0 3.2358
3 16 8.7689 0 3.2358 9.1786 -5.8207 1.7666 9.1816 0 1.7516
3 16 9.3462 -5.8025 -0.1125 9.1034 -5.7933 -2.1204 9.3455 0 -0.1701
3 16 9.3455 0 -0.1701 9.1034 -5.7933 -2.1204 9.07 0 -2.2587
3 16 9.1034 -5.7933 -2.1204 9.3462 -5.8025 -0.1125 10.0032 -5.5774 -2.3508
3 16 10.0032 -5.5774 -2.3508 9.3462 -5.8025 -0.1125 10.3186 -5.5376 -0.1024
3 16 8.8645 -7.1134 2.9642 9.551 -7.0756 3.3372 9.0402 -6.2825 2.376
3 16 9.0402 -6.2825 2.376 9.551 -7.0756 3.3372 9.8032 -6.0961 2.7747
3 16 8.8645 -7.1134 2.9642 9.0402 -6.2825 2.376 8.3263 0 4.2486
3 16 8.3263 0 4.2486 9.0402 -6.2825 2.376 8.7689 0 3.2358
3 16 8.7763 -8.1614 3.1932 9.4046 -8.0994 3.617 8.8645 -7.1134 2.9642
3 16 8.8645 -7.1134 2.9642 9.4046 -8.0994 3.617 9.551 -7.0756 3.3372
3 16 8.6258 -10.1368 3.6013 8.7763 -8.1614 3.1932 8.3263 0 4.2486
3 16 8.7763 -8.1614 3.1932 8.8645 -7.1134 2.9642 8.3263 0 4.2486
3 16 8.6258 -10.1368 3.6013 9.3148 -9.6094 4.3036 8.7763 -8.1614 3.1932
3 16 8.7763 -8.1614 3.1932 9.3148 -9.6094 4.3036 9.4046 -8.0994 3.617
3 16 8.2644 -11.1758 6.3571 5.97 -10.8855 9.2092 7.4987 -10.0383 8.8757
3 16 8.2291 -11.7919 4.4334 8.8239 -10.8349 5.235 8.6258 -10.1368 3.6013
3 16 8.6258 -10.1368 3.6013 8.8239 -10.8349 5.235 9.3148 -9.6094 4.3036
3 16 7.5333 -12.5361 5.5335 8.2644 -11.1758 6.3571 8.2291 -11.7919 4.4334
3 16 8.2291 -11.7919 4.4334 8.2644 -11.1758 6.3571 8.8239 -10.8349 5.235
3 16 5.97 -10.8855 9.2092 5.9603 -9.7765 10.0483 7.4987 -10.0383 8.8757
3 16 7.4987 -10.0383 8.8757 5.9603 -9.7765 10.0483 7.5732 -9.0754 9.6324
3 16 5.8733 0.1897 10.7111 5.9419 -7.6607 10.7029 5.875 0.0003 9.9827
3 16 5.875 0.0003 9.9827 5.9419 -7.6607 10.7029 5.9603 -9.7765 10.0483
3 16 5.9419 -7.6607 10.7029 5.931 -6.4169 10.938 7.1119 -7.5219 10.6958
3 16 7.1119 -7.5219 10.6958 5.931 -6.4169 10.938 7.0333 -6.2913 10.928
3 16 9.1034 -5.7933 -2.1204 8.4195 -5.7408 -3.944 9.07 0 -2.2587
3 16 9.07 0 -2.2587 8.4195 -5.7408 -3.944 8.4051 0 -3.9861
3 16 7.6231 -5.7707 -5.3796 8.4195 -5.7408 -3.944 8.3604 -5.5765 -5.9428
3 16 8.3604 -5.5765 -5.9428 8.4195 -5.7408 -3.944 9.2682 -5.6112 -4.2044
3 16 7.2826 -5.5421 -7.2948 6.6946 -5.8021 -6.5377 8.3604 -5.5765 -5.9428
3 16 8.3604 -5.5765 -5.9428 6.6946 -5.8021 -6.5377 7.6231 -5.7707 -5.3796
3 16 7.6231 -5.7707 -5.3796 6.6946 -5.8021 -6.5377 7.5592 0 -5.4602
3 16 7.5592 0 -5.4602 6.6946 -5.8021 -6.5377 6.6159 0 -6.6198
3 16 0.4831 -11.0648 10.689 -0.1797 -11.7283 10.0266 -0.0457 -9.9078 11.3126
3 16 -0.0457 -9.9078 11.3126 -0.1797 -11.7283 10.0266 -2.4108 -10.2412 10.4411
3 16 0.4831 -11.0648 10.689 0.6649 -21.8322 10.5534 -0.1797 -11.7283 10.0266
3 16 -0.1797 -11.7283 10.0266 0.6649 -21.8322 10.5534 0.0755 -21.9482 10.0989
3 16 0.6649 -21.8322 10.5534 0.7797 -22.8217 10.0378 0.0755 -21.9482 10.0989
3 16 0.0755 -21.9482 10.0989 0.7797 -22.8217 10.0378 0.5106 -22.8914 9.8278
3 16 2.4032 -11.0889 7.7904 2.3892 -12.6824 8.8644 2.409 -10.4063 10.5149
3 16 2.4173 -9.4951 5.772 2.4171 -9.5074 6.9076 2.5004 0 5.8315
3 16 2.5004 0 5.8315 2.4171 -9.5074 6.9076 2.5002 0 8.2227
3 16 6.908 -0.5934 11.012 7.0333 -6.2913 10.928 5.8824 -0.8431 11.3517
3 16 5.8824 -0.8431 11.3517 7.0333 -6.2913 10.928 5.931 -6.4169 10.938
3 16 2.5016 0.1897 11.722 2.5 0 10.8824 2.4603 -4.5218 12.6128
3 16 -5.8525 1.3765 11.5565 -5.8652 0.1896 10.6617 -5.8674 -0.5876 11.4453
3 16 -5.8783 -2.0177 11.3541 -5.8674 -0.5876 11.4453 -5.8652 0.1896 10.6617
3 16 7.0578 3.9819 10.8791 5.863 1.3772 11.5635 5.8335 4.1549 11.6188
3 16 5.8824 -0.8431 11.3517 5.863 1.3772 11.5635 6.908 -0.5934 11.012
3 16 6.908 -0.5934 11.012 5.863 1.3772 11.5635 7.0578 3.9819 10.8791
3 16 7.3595 0.28 -10.487 8.6223 -0.9919 -9.2384 8.6435 1.3649 -9.6767
3 16 7.3983 1.8528 -10.5845 7.3595 0.28 -10.487 8.6435 1.3649 -9.6767
3 16 5.132 0.9683 -11.8597 4.9161 0.8547 -11.4753 5.1389 1.8528 -11.8564
3 16 7.3595 0.28 -10.487 7.3983 1.8528 -10.5845 7.1806 0.8547 -10.1746
3 16 3.5731 2.4395 -12.4982 5.132 0.9683 -11.8597 5.1389 1.8528 -11.8564
3 16 -1.277 -1.8394 -12.259 0.7263 -1.7335 -12.3517 -1.5679 1.3964 -12.8445
3 16 -1.5679 1.3964 -12.8445 0.7263 -1.7335 -12.3517 0.6353 1.7254 -12.9543
3 16 -1.0856 -5.761 -9.2981 -1.0791 0 -9.3003 0.4344 -5.6598 -9.3662
3 16 0.4344 -5.6598 -9.3662 -1.0791 0 -9.3003 0.4457 0 -9.366
3 16 0.4457 0 -9.366 -1.0791 0 -9.3003 0.1597 0 -6.136
3 16 1.6839 0 -5.904 2.2395 0 -9.1051 1.3586 0 -9.2763
3 16 2.2376 -5.7282 -9.1048 1.3318 -5.6707 -9.2808 2.2395 0 -9.1051
3 16 2.2395 0 -9.1051 1.3318 -5.6707 -9.2808 1.3586 0 -9.2763
3 16 8.6435 1.3649 -9.6767 8.6223 -0.9919 -9.2384 10.2416 1.3258 -7.9092
3 16 10.2416 1.3258 -7.9092 8.6223 -0.9919 -9.2384 10.1088 -1.3007 -7.393
3 16 -4.2588 1.3885 12.284 -5.8525 1.3765 11.5565 -4.4237 4.4483 12.2286
3 16 -4.4237 4.4483 12.2286 -5.8525 1.3765 11.5565 -5.7976 4.447 11.6337
3 16 1.7249 -11.1583 10.4193 2.409 -10.4063 10.5149 2.1803 -11.9635 9.8001
3 16 2.2115 -22.0303 7.722 2.4032 -11.0889 7.7904 2.0754 -21.8743 6.9559
3 16 2.0754 -21.8743 6.9559 2.4032 -11.0889 7.7904 2.4171 -9.5074 6.9076
3 16 2.4171 -9.5074 6.9076 2.409 -10.4063 10.5149 2.5002 0 8.2227
3 16 2.4171 -9.5074 6.9076 2.4032 -11.0889 7.7904 2.409 -10.4063 10.5149
3 16 2.5347 1.3769 12.7209 2.8745 4.1922 12.6637 4.3306 1.3792 12.246
3 16 4.3306 1.3792 12.246 2.8745 4.1922 12.6637 4.4244 4.2308 12.2322
3 16 8.0287 -7.5391 10.0162 7.1119 -7.5219 10.6958 7.9281 -6.2389 10.2974
3 16 7.9281 -6.2389 10.2974 7.1119 -7.5219 10.6958 7.0333 -6.2913 10.928
3 16 7.0333 -6.2913 10.928 6.908 -0.5934 11.012 7.9281 -6.2389 10.2974
3 16 7.9281 -6.2389 10.2974 6.908 -0.5934 11.012 8.6025 -0.6924 9.6597
3 16 -1.5679 1.3964 -12.8445 -2.3571 4.2413 -12.766 -4.2419 1.2571 -12.2145
3 16 -4.2419 1.2571 -12.2145 -2.3571 4.2413 -12.766 -4.4209 3.7374 -12.2046
3 16 -6.1787 -1.7635 -10.7055 -5.2842 -5.1517 -9.1783 -3.8819 -1.8327 -11.691
3 16 -3.8819 -1.8327 -11.691 -5.2842 -5.1517 -9.1783 -3.3679 -5.1372 -10.0359
3 16 -3.8819 -1.8327 -11.691 -4.2419 1.2571 -12.2145 -6.1787 -1.7635 -10.7055
3 16 -6.1787 -1.7635 -10.7055 -4.2419 1.2571 -12.2145 -6.4687 1.3 -11.2269
3 16 -4.2419 1.2571 -12.2145 -4.4209 3.7374 -12.2046 -6.4687 1.3 -11.2269
3 16 -6.4687 1.3 -11.2269 -4.4209 3.7374 -12.2046 -6.4636 3.67 -11.273
3 16 -8.5674 1.4762 -9.6888 -8.262 -1.7056 -9.1864 -6.4687 1.3 -11.2269
3 16 -6.4687 1.3 -11.2269 -8.262 -1.7056 -9.1864 -6.1787 -1.7635 -10.7055
3 16 -6.4687 1.3 -11.2269 -6.4636 3.67 -11.273 -8.5674 1.4762 -9.6888
3 16 -8.5674 1.4762 -9.6888 -6.4636 3.67 -11.273 -8.2382 4.1926 -10.0312
3 16 3.3383 -1.4225 -12.0126 4.6759 -2.0875 -11.0979 5.0331 -0.0677 -11.7012
3 16 3.5731 2.4395 -12.4982 3.3383 -1.4225 -12.0126 5.132 0.9683 -11.8597
3 16 5.132 0.9683 -11.8597 3.3383 -1.4225 -12.0126 5.0331 -0.0677 -11.7012
3 16 -1.277 -1.8394 -12.259 -1.5679 1.3964 -12.8445 -3.8819 -1.8327 -11.691
3 16 -3.8819 -1.8327 -11.691 -1.5679 1.3964 -12.8445 -4.2419 1.2571 -12.2145
3 16 -3.3679 -5.1372 -10.0359 -1.1494 -5.1791 -10.4842 -3.8819 -1.8327 -11.691
3 16 -3.8819 -1.8327 -11.691 -1.1494 -5.1791 -10.4842 -1.277 -1.8394 -12.259
3 16 7.5592 0 -5.4602 5.056 0 -3.4813 8.4051 0 -3.9861
3 16 8.4195 -5.7408 -3.944 7.6231 -5.7707 -5.3796 8.4051 0 -3.9861
3 16 8.4051 0 -3.9861 7.6231 -5.7707 -5.3796 7.5592 0 -5.4602
3 16 10.2416 1.3258 -7.9092 10.1088 -1.3007 -7.393 11.7221 1.5325 -5.355
3 16 11.7221 1.5325 -5.355 10.1088 -1.3007 -7.393 11.4098 -1.3908 -5.0504
3 16 7.8768 3.948 -10.342 8.6435 1.3649 -9.6767 9.105 4.6093 -9.2571
3 16 9.105 4.6093 -9.2571 8.6435 1.3649 -9.6767 10.2416 1.3258 -7.9092
3 16 6.6946 -5.8021 -6.5377 7.2826 -5.5421 -7.2948 5.7157 -5.557 -7.4403
3 16 5.7157 -5.557 -7.4403 7.2826 -5.5421 -7.2948 6.1581 -5.3022 -8.2367
3 16 6.6946 -5.8021 -6.5377 5.7157 -5.557 -7.4403 6.6159 0 -6.6198
3 16 6.6159 0 -6.6198 5.7157 -5.557 -7.4403 5.6725 0 -7.4624
3 16 6.6159 0 -6.6198 5.6725 0 -7.4624 4.1386 0 -4.5367
3 16 4.1386 0 -4.5367 5.6725 0 -7.4624 2.953 0 -5.3842
3 16 0.3269 -9.4145 -10.1366 1.2156 -10.5675 -7.1838 -0.1819 -10.3161 -7.6656
3 16 -0.6667 -8.9168 -10.8709 0.3269 -9.4145 -10.1366 -3.2838 -9.2281 -10.0334
3 16 -3.2838 -9.2281 -10.0334 0.3269 -9.4145 -10.1366 -1.6427 -10.3363 -7.403
3 16 0.3269 -9.4145 -10.1366 -0.1819 -10.3161 -7.6656 -1.6427 -10.3363 -7.403
3 16 2.4202 -9.1119 11.5701 2.4321 -7.748 12.2216 2.5002 0 8.2227
3 16 2.4202 -9.1119 11.5701 2.5002 0 8.2227 2.415 -9.714 11.103
3 16 2.409 -10.4063 10.5149 2.415 -9.714 11.103 2.5002 0 8.2227
3 16 5.875 0.0003 9.9827 5.9603 -9.7765 10.0483 5.875 0 8.8814
3 16 5.875 0 8.8814 5.9603 -9.7765 10.0483 5.97 -10.8855 9.2092
3 16 4.1386 0 -4.5367 4.3514 -9.3733 -4.3311 5.056 0 -3.4813
3 16 5.056 0 -3.4813 4.3514 -9.3733 -4.3311 5.014 -9.3718 -3.5408
3 16 2.2376 -5.7282 -9.1048 2.2395 0 -9.1051 3.3354 -5.7107 -8.763
3 16 3.3354 -5.7107 -8.763 2.2395 0 -9.1051 3.3798 0 -8.7468
3 16 9.07 0 -2.2587 8.4051 0 -3.9861 5.802 0 -2.0075
3 16 5.802 0 -2.0075 8.4051 0 -3.9861 5.056 0 -3.4813
3 16 9.105 4.6093 -9.2571 10.2416 1.3258 -7.9092 11.5926 5.5597 -5.6887
3 16 11.5926 5.5597 -5.6887 10.2416 1.3258 -7.9092 11.7221 1.5325 -5.355
3 16 7.3983 1.8528 -10.5845 7.3338 3.8832 -10.7332 6.3128 1.8312 -11.2889
3 16 6.3128 1.8312 -11.2889 7.3338 3.8832 -10.7332 6.1714 3.8104 -11.4414
3 16 -7.6532 -4.9925 10.4776 -9.3116 -5.0954 9.0046 -7.5804 -0.1648 10.5318
3 16 -7.5804 -0.1648 10.5318 -9.3116 -5.0954 9.0046 -9.3441 -0.001 9.0028
3 16 -2.5015 0.1897 11.6009 -2.4178 -9.4297 11.3035 -2.4108 -10.2412 10.4411
3 16 -4.1854 0.1897 11.1398 -4.2588 1.3885 12.284 -2.5015 0.1897 11.6009
3 16 -2.5015 0.1897 11.6009 -4.2588 1.3885 12.284 -2.5338 1.377 12.7246
3 16 5.863 1.3772 11.5635 4.3306 1.3792 12.246 5.8335 4.1549 11.6188
3 16 5.8335 4.1549 11.6188 4.3306 1.3792 12.246 4.4244 4.2308 12.2322
3 16 2.5 0 10.8824 5.875 0.0003 9.9827 2.5002 0 8.2227
3 16 2.5002 0 8.2227 5.875 0.0003 9.9827 5.875 0 8.8814
3 16 -11.3494 5.1661 6.1707 -9.3512 4.7537 8.9847 -10.8029 0.5312 7.1528
3 16 -10.8029 0.5312 7.1528 -9.3512 4.7537 8.9847 -9.3441 -0.001 9.0028
3 16 -9.3512 4.7537 8.9847 -7.5721 4.4356 10.5243 -9.3441 -0.001 9.0028
3 16 -9.3441 -0.001 9.0028 -7.5721 4.4356 10.5243 -7.5804 -0.1648 10.5318
3 16 6.908 -0.5934 11.012 7.0578 3.9819 10.8791 8.6025 -0.6924 9.6597
3 16 8.6025 -0.6924 9.6597 7.0578 3.9819 10.8791 8.9775 3.8037 9.3186
3 16 10.7216 3.939 7.3195 10.4806 -0.5962 7.6102 8.9775 3.8037 9.3186
3 16 8.9775 3.8037 9.3186 10.4806 -0.5962 7.6102 8.6025 -0.6924 9.6597
3 16 9.2501 -6.2455 9.128 7.9281 -6.2389 10.2974 8.6025 -0.6924 9.6597
3 16 12.8918 4.8936 -0.6562 12.8416 1.1571 -0.6573 12.8031 4.6563 1.7122
3 16 12.8031 4.6563 1.7122 12.8416 1.1571 -0.6573 12.7849 0.8289 1.6875
3 16 11.9761 -0.0538 4.8719 11.9938 4.2902 4.7941 12.7849 0.8289 1.6875
3 16 12.7849 0.8289 1.6875 11.9938 4.2902 4.7941 12.8031 4.6563 1.7122
3 16 12.4948 1.4163 -3.0846 12.4971 5.1721 -3.1614 11.7221 1.5325 -5.355
3 16 11.7221 1.5325 -5.355 12.4971 5.1721 -3.1614 11.5926 5.5597 -5.6887
3 16 10.4806 -0.5962 7.6102 10.7216 3.939 7.3195 11.9761 -0.0538 4.8719
3 16 11.9761 -0.0538 4.8719 10.7216 3.939 7.3195 11.9938 4.2902 4.7941
3 16 12.4734 -1.462 3.3299 12.0007 -3.0663 4.9108 11.9761 -0.0538 4.8719
3 16 9.2501 -6.2455 9.128 8.6025 -0.6924 9.6597 9.939 -6.244 8.373
3 16 9.939 -6.244 8.373 8.6025 -0.6924 9.6597 10.4806 -0.5962 7.6102
3 16 9.939 -6.244 8.373 9.7533 -7.6003 8.3226 9.2501 -6.2455 9.128
3 16 9.2501 -6.2455 9.128 9.7533 -7.6003 8.3226 9.1557 -7.5882 8.9787
3 16 8.816 -8.8594 8.6817 9.1557 -7.5882 8.9787 9.3364 -8.805 8.1601
3 16 9.3364 -8.805 8.1601 9.1557 -7.5882 8.9787 9.7533 -7.6003 8.3226
3 16 8.7245 -9.8062 7.9423 8.816 -8.8594 8.6817 9.3364 -8.805 8.1601
3 16 7.4987 -10.0383 8.8757 8.7245 -9.8062 7.9423 8.2644 -11.1758 6.3571
3 16 8.2644 -11.1758 6.3571 8.7245 -9.8062 7.9423 9.1239 -10.0826 7.121
3 16 11.9761 -0.0538 4.8719 12.0007 -3.0663 4.9108 10.3435 -6.2407 7.8676
3 16 10.3435 -6.2407 7.8676 12.0007 -3.0663 4.9108 11.1323 -6.4836 6.6239
3 16 11.9761 -0.0538 4.8719 10.3435 -6.2407 7.8676 10.4806 -0.5962 7.6102
3 16 10.4806 -0.5962 7.6102 10.3435 -6.2407 7.8676 9.939 -6.244 8.373
3 16 10.3435 -6.2407 7.8676 10.1088 -7.6007 7.8868 9.939 -6.244 8.373
3 16 9.939 -6.244 8.373 10.1088 -7.6007 7.8868 9.7533 -7.6003 8.3226
3 16 9.3364 -8.805 8.1601 9.7533 -7.6003 8.3226 9.7258 -8.7937 7.7002
3 16 9.7258 -8.7937 7.7002 9.7533 -7.6003 8.3226 10.1088 -7.6007 7.8868
3 16 9.3364 -8.805 8.1601 9.7258 -8.7937 7.7002 8.7245 -9.8062 7.9423
3 16 8.7245 -9.8062 7.9423 9.7258 -8.7937 7.7002 9.1239 -10.0826 7.121
3 16 -12.5054 7.9297 -3.3562 -12.1488 1.9255 -4.2985 -11.7091 8.2527 -5.6332
3 16 -11.7091 8.2527 -5.6332 -12.1488 1.9255 -4.2985 -10.5335 1.9476 -7.5016
3 16 -13.2404 17.1478 0.706 -12.953 16.6642 3.0165 -13.0639 13.6032 0.1661
3 16 -13.0639 13.6032 0.1661 -12.953 16.6642 3.0165 -12.6659 13.1416 2.9889
3 16 -13.2404 17.1478 0.706 -13.0639 13.6032 0.1661 -12.9673 17.6014 -2.3701
3 16 -12.9673 17.6014 -2.3701 -13.0639 13.6032 0.1661 -12.7585 13.7424 -2.6428
3 16 -5.8525 1.3765 11.5565 -5.8674 -0.5876 11.4453 -7.5804 -0.1648 10.5318
3 16 -5.8783 -2.0177 11.3541 -7.5804 -0.1648 10.5318 -5.8674 -0.5876 11.4453
3 16 -7.5804 -0.1648 10.5318 -5.8783 -2.0177 11.3541 -7.6532 -4.9925 10.4776
3 16 -7.6532 -4.9925 10.4776 -5.8783 -2.0177 11.3541 -5.9011 -4.9858 11.1494
3 16 -11.8218 0.8357 5.102 -10.8029 0.5312 7.1528 -10.7769 -1.8671 7.1648
3 16 -11.3494 5.1661 6.1707 -10.8029 0.5312 7.1528 -11.8218 0.8357 5.102
3 16 -12.3422 7.3276 3.9703 -11.3494 5.1661 6.1707 -12.4052 1.1775 3.4571
3 16 -12.4052 1.1775 3.4571 -11.3494 5.1661 6.1707 -11.8218 0.8357 5.102
3 16 -12.3023 -1.704 0.7999 -12.2541 -1.6094 -1.7847 -12.8462 1.5339 0.9366
3 16 -12.8462 1.5339 0.9366 -12.2541 -1.6094 -1.7847 -12.8119 1.7622 -1.6747
3 16 -12.8119 1.7622 -1.6747 -12.9501 7.7586 -0.8463 -12.8462 1.5339 0.9366
3 16 -12.8462 1.5339 0.9366 -12.9501 7.7586 -0.8463 -12.8262 7.5532 1.6431
3 16 11.5926 5.5597 -5.6887 12.4971 5.1721 -3.1614 11.8398 9.9628 -5.3941
3 16 11.8398 9.9628 -5.3941 12.4971 5.1721 -3.1614 12.6761 12.1985 -2.7309
3 16 12.8918 4.8936 -0.6562 12.952 11.8415 -0.1559 12.4971 5.1721 -3.1614
3 16 12.4971 5.1721 -3.1614 12.952 11.8415 -0.1559 12.6761 12.1985 -2.7309
3 16 12.8031 4.6563 1.7122 12.7209 11.3382 2.4333 12.8918 4.8936 -0.6562
3 16 12.8918 4.8936 -0.6562 12.7209 11.3382 2.4333 12.952 11.8415 -0.1559
3 16 12.7209 11.3382 2.4333 12.8031 4.6563 1.7122 11.8873 10.7282 5.2851
3 16 11.8873 10.7282 5.2851 12.8031 4.6563 1.7122 11.9938 4.2902 4.7941
3 16 11.8873 10.7282 5.2851 11.9938 4.2902 4.7941 10.9218 10.4105 7.2455
3 16 10.9218 10.4105 7.2455 11.9938 4.2902 4.7941 10.7216 3.939 7.3195
3 16 10.9218 10.4105 7.2455 10.7216 3.939 7.3195 9.5567 10.3965 8.8645
3 16 9.5567 10.3965 8.8645 10.7216 3.939 7.3195 8.9775 3.8037 9.3186
3 16 9.5567 10.3965 8.8645 8.9775 3.8037 9.3186 7.729 10.6494 10.4913
3 16 7.729 10.6494 10.4913 8.9775 3.8037 9.3186 7.0578 3.9819 10.8791
3 16 6.2051 10.9315 11.4867 7.729 10.6494 10.4913 5.8335 4.1549 11.6188
3 16 5.8335 4.1549 11.6188 7.729 10.6494 10.4913 7.0578 3.9819 10.8791
3 16 4.5386 11.2422 12.2448 6.2051 10.9315 11.4867 4.4244 4.2308 12.2322
3 16 4.4244 4.2308 12.2322 6.2051 10.9315 11.4867 5.8335 4.1549 11.6188
3 16 2.8009 11.4709 12.7388 4.5386 11.2422 12.2448 2.8745 4.1922 12.6637
3 16 2.8745 4.1922 12.6637 4.5386 11.2422 12.2448 4.4244 4.2308 12.2322
3 16 1.0859 11.6036 12.9866 2.8009 11.4709 12.7388 1.5077 4.1078 12.8936
3 16 1.5077 4.1078 12.8936 2.8009 11.4709 12.7388 2.8745 4.1922 12.6637
3 16 1.5077 4.1078 12.8936 -0.0478 4.1868 12.9979 1.0859 11.6036 12.9866
3 16 1.0859 11.6036 12.9866 -0.0478 4.1868 12.9979 -0.5079 11.6577 13.0355
3 16 -0.0478 4.1868 12.9979 -2.2888 4.248 12.7773 -0.5079 11.6577 13.0355
3 16 -0.5079 11.6577 13.0355 -2.2888 4.248 12.7773 -2.6338 11.627 12.7905
3 16 -2.2888 4.248 12.7773 -4.4237 4.4483 12.2286 -2.6338 11.627 12.7905
3 16 -2.6338 11.627 12.7905 -4.4237 4.4483 12.2286 -4.7047 11.485 12.1986
3 16 -4.7047 11.485 12.1986 -4.4237 4.4483 12.2286 -6.0736 11.3166 11.5762
3 16 -6.0736 11.3166 11.5762 -4.4237 4.4483 12.2286 -5.7976 4.447 11.6337
3 16 -6.0736 11.3166 11.5762 -5.7976 4.447 11.6337 -7.9911 10.9953 10.3133
3 16 -7.9911 10.9953 10.3133 -5.7976 4.447 11.6337 -7.5721 4.4356 10.5243
3 16 -9.6134 10.7182 8.8587 -7.9911 10.9953 10.3133 -9.3512 4.7537 8.9847
3 16 -9.3512 4.7537 8.9847 -7.9911 10.9953 10.3133 -7.5721 4.4356 10.5243
3 16 -11.3593 12.3234 6.5505 -9.6134 10.7182 8.8587 -11.3494 5.1661 6.1707
3 16 -11.3494 5.1661 6.1707 -9.6134 10.7182 8.8587 -9.3512 4.7537 8.9847
3 16 -11.3494 5.1661 6.1707 -12.3422 7.3276 3.9703 -11.3593 12.3234 6.5505
3 16 -12.7585 13.7424 -2.6428 -12.5054 7.9297 -3.3562 -11.9301 13.7597 -5.227
3 16 -11.9301 13.7597 -5.227 -12.5054 7.9297 -3.3562 -11.7091 8.2527 -5.6332
3 16 -12.5054 7.9297 -3.3562 -12.7585 13.7424 -2.6428 -12.9501 7.7586 -0.8463
3 16 -12.9501 7.7586 -0.8463 -12.7585 13.7424 -2.6428 -13.0639 13.6032 0.1661
3 16 -12.6659 13.1416 2.9889 -12.8262 7.5532 1.6431 -13.0639 13.6032 0.1661
3 16 -13.0639 13.6032 0.1661 -12.8262 7.5532 1.6431 -12.9501 7.7586 -0.8463
3 16 -11.9569 12.6392 5.2909 -12.3422 7.3276 3.9703 -12.6659 13.1416 2.9889
3 16 -12.6659 13.1416 2.9889 -12.3422 7.3276 3.9703 -12.8262 7.5532 1.6431
3 16 -11.3593 12.3234 6.5505 -12.3422 7.3276 3.9703 -11.9569 12.6392 5.2909
3 16 13.0201 18.7613 -2.127 12.6761 12.1985 -2.7309 13.2067 18.0117 0.5632
3 16 13.2067 18.0117 0.5632 12.6761 12.1985 -2.7309 12.952 11.8415 -0.1559
3 16 7.4692 21.8283 -10.852 7.1441 20.38 -11.042 9.068 17.6 -9.3688
3 16 11.8398 9.9628 -5.3941 12.6761 12.1985 -2.7309 11.3451 14.7365 -6.283
3 16 7.9708 -3.8302 -8.2598 7.2826 -5.5421 -7.2948 9.2364 -3.9624 -6.6548
3 16 9.2364 -3.9624 -6.6548 7.2826 -5.5421 -7.2948 8.3604 -5.5765 -5.9428
3 16 9.2364 -3.9624 -6.6548 10.1088 -1.3007 -7.393 7.9708 -3.8302 -8.2598
3 16 7.9708 -3.8302 -8.2598 10.1088 -1.3007 -7.393 8.6223 -0.9919 -9.2384
3 16 9.2364 -3.9624 -6.6548 8.3604 -5.5765 -5.9428 10.3515 -4.0423 -4.6103
3 16 10.3515 -4.0423 -4.6103 8.3604 -5.5765 -5.9428 9.2682 -5.6112 -4.2044
3 16 10.1088 -1.3007 -7.393 9.2364 -3.9624 -6.6548 11.4098 -1.3908 -5.0504
3 16 11.4098 -1.3908 -5.0504 9.2364 -3.9624 -6.6548 10.3515 -4.0423 -4.6103
3 16 8.4195 -5.7408 -3.944 9.1034 -5.7933 -2.1204 9.2682 -5.6112 -4.2044
3 16 9.2682 -5.6112 -4.2044 9.1034 -5.7933 -2.1204 10.0032 -5.5774 -2.3508
3 16 9.2682 -5.6112 -4.2044 10.0032 -5.5774 -2.3508 10.3515 -4.0423 -4.6103
3 16 10.3515 -4.0423 -4.6103 10.0032 -5.5774 -2.3508 11.0679 -4.0272 -2.6067
3 16 11.4098 -1.3908 -5.0504 10.3515 -4.0423 -4.6103 12.1157 -1.4097 -2.946
3 16 12.1157 -1.4097 -2.946 10.3515 -4.0423 -4.6103 11.0679 -4.0272 -2.6067
3 16 0.4344 -5.6598 -9.3662 1.3318 -5.6707 -9.2808 0.559 -5.1707 -10.5648
3 16 0.559 -5.1707 -10.5648 1.3318 -5.6707 -9.2808 1.642 -5.1442 -10.4822
3 16 0.559 -5.1707 -10.5648 1.642 -5.1442 -10.4822 0.7263 -1.7335 -12.3517
3 16 0.7263 -1.7335 -12.3517 1.642 -5.1442 -10.4822 2.0318 -1.6056 -12.2444
3 16 1.3318 -5.6707 -9.2808 2.2376 -5.7282 -9.1048 1.642 -5.1442 -10.4822
3 16 1.642 -5.1442 -10.4822 2.2376 -5.7282 -9.1048 2.736 -5.12 -10.2745
3 16 1.642 -5.1442 -10.4822 2.736 -5.12 -10.2745 2.0318 -1.6056 -12.2444
3 16 2.0318 -1.6056 -12.2444 2.736 -5.12 -10.2745 3.3383 -1.4225 -12.0126
3 16 2.0318 -1.6056 -12.2444 3.3383 -1.4225 -12.0126 2.1377 1.6327 -12.7959
3 16 2.1377 1.6327 -12.7959 3.3383 -1.4225 -12.0126 3.5731 2.4395 -12.4982
3 16 -9.4473 0.4772 -12.7868 -10.3148 -0.3982 -12.2711 -9.9188 0.8468 -12.38
3 16 -9.9188 0.8468 -12.38 -10.3148 -0.3982 -12.2711 -10.6881 -0.0705 -11.9574
3 16 6.7889 -4.1574 -14.0696 5.5217 -4.1055 -14.6175 7.199 -3.0363 -14.3892
3 16 7.199 -3.0363 -14.3892 5.5217 -4.1055 -14.6175 6.3358 -2.1699 -14.9681
3 16 -7.1228 -4.7114 -13.5322 -7.5406 -3.5592 -13.7306 -5.8909 -4.1846 -14.1029
3 16 -5.8909 -4.1846 -14.1029 -7.5406 -3.5592 -13.7306 -6.4142 -2.8842 -14.3493
3 16 -10.7669 2.4214 -10.2925 -10.2127 2.7757 -10.629 -9.8883 2.1358 -12.026
3 16 -10.98 2.1674 -10.1392 -10.5337 1.3241 -11.7853 -11.1408 0.376 -11.4512
3 16 0.9906 -9.5062 4.7236 0.8901 -21.2514 4.8603 2.4171 -9.5074 6.9076
3 16 2.4171 -9.5074 6.9076 0.8901 -21.2514 4.8603 2.0754 -21.8743 6.9559
3 16 15.196 1.0497 -7.8239 14.7161 1.245 -8.4168 15.311 2.1334 -7.4437
3 16 -14.3085 1.252 -7.8066 -14.7986 1.6103 -7.2436 -14.4295 2.1374 -7.4673
3 16 -15.1803 -1.8745 -1.9156 -19.6553 0.8106 0.5752 -15.9051 -0.0501 -1.956
3 16 -15.9051 -0.0501 -1.956 -19.6553 0.8106 0.5752 -19.4563 2.9634 0.2145
3 16 12.2635 11.978 10.5239 12.7892 7.6392 12.3985 14.7853 11.3376 10.5815
3 16 14.7853 11.3376 10.5815 12.7892 7.6392 12.3985 14.7347 7.0788 12.0129
3 16 15.6932 -9.0429 6.29 17.3801 -7.9401 6.0417 15.8228 -8.8857 6.9632
3 16 10.4754 -11.3547 11.2456 8.7113 -11.6847 11.3365 10.7272 -12.4961 11.1105
3 16 10.7272 -12.4961 11.1105 8.7113 -11.6847 11.3365 8.9323 -13.1983 10.9426
3 16 -2.0339 1.2796 22.3525 -2.1122 0.4783 21.8253 -1.2212 1.6497 21.3748
3 16 -1.2212 1.6497 21.3748 -2.1122 0.4783 21.8253 -1.6542 -0.0061 21.1386
3 16 -1.0144 2.3297 20.9694 -1.4962 4.2882 20.9656 -1.8064 3.2926 22.7273
3 16 -1.8064 3.2926 22.7273 -1.4962 4.2882 20.9656 -2.142 4.5145 22.799
3 16 1.7346 3.0897 20.5013 2.1135 3.7544 20.9006 1.141 4.2365 20.5314
3 16 1.141 4.2365 20.5314 2.1135 3.7544 20.9006 1.721 4.4993 20.9043
3 16 1.4488 1.534 21.4976 1.7346 3.0897 20.5013 0.3218 2.57 20.7134
3 16 -11.1162 -8.1799 7.4239 -12.9118 -7.0657 9.2422 -12.2781 -8.1849 6.871
3 16 -12.2781 -8.1849 6.871 -12.9118 -7.0657 9.2422 -13.8646 -7.2617 8.1898
3 16 -12.007 -9.1479 7.2513 -11.1162 -8.1799 7.4239 -12.2781 -8.1849 6.871
3 16 -11.3803 -8.2634 -2.3157 -9.4506 -8.5731 -2.496 -11.0634 -9.3089 -1.134
3 16 -11.0634 -9.3089 -1.134 -9.4506 -8.5731 -2.496 -9.4973 -9.5665 -1.3236
3 16 15.6394 -6.1982 1.8691 15.3642 -6.6955 2.0344 15.0886 -6.8258 1.5748
3 16 -2.4033 -11.1033 8.0808 -2.4158 -9.6675 7.7849 -2.4013 -11.3366 8.7368
3 16 2.5347 1.3769 12.7209 2.4603 -4.5218 12.6128 1.4597 1.1744 12.9022
3 16 1.4597 1.1744 12.9022 2.4603 -4.5218 12.6128 1.1216 -4.4837 12.9478
3 16 1.4597 1.1744 12.9022 1.1216 -4.4837 12.9478 -0.0164 1.0615 13.0039
3 16 -0.0164 1.0615 13.0039 1.1216 -4.4837 12.9478 -0.0453 -4.4821 12.9971
3 16 -2.5338 1.377 12.7246 -0.0164 1.0615 13.0039 -2.4604 -4.5317 12.6189
3 16 -2.4604 -4.5317 12.6189 -0.0164 1.0615 13.0039 -0.0453 -4.4821 12.9971
3 16 -2.5338 1.377 12.7246 -4.2588 1.3885 12.284 -2.2888 4.248 12.7773
3 16 -2.2888 4.248 12.7773 -4.2588 1.3885 12.284 -4.4237 4.4483 12.2286
3 16 2.5347 1.3769 12.7209 1.5077 4.1078 12.8936 2.8745 4.1922 12.6637
3 16 -5.7976 4.447 11.6337 -5.8525 1.3765 11.5565 -7.5721 4.4356 10.5243
3 16 -7.5721 4.4356 10.5243 -5.8525 1.3765 11.5565 -7.5804 -0.1648 10.5318
3 16 7.3338 3.8832 -10.7332 7.3983 1.8528 -10.5845 7.8768 3.948 -10.342
3 16 7.8768 3.948 -10.342 7.3983 1.8528 -10.5845 8.6435 1.3649 -9.6767
3 16 6.3128 1.8312 -11.2889 6.1714 3.8104 -11.4414 5.1389 1.8528 -11.8564
3 16 5.1389 1.8528 -11.8564 6.1714 3.8104 -11.4414 3.5731 2.4395 -12.4982
3 16 6.1714 3.8104 -11.4414 4.0132 4.0269 -12.3645 3.5731 2.4395 -12.4982
3 16 0.8034 7.8915 20.1122 -1.7667 7.2075 20.4923 0.7556 5.7265 20.4025
3 16 0.7556 5.7265 20.4025 -1.7667 7.2075 20.4923 -0.3602 4.6435 20.6028
3 16 7.7848 2.124 17.9141 7.8644 0.8435 17.739 9.8291 1.0609 17.2867
3 16 9.8291 1.0609 17.2867 7.8644 0.8435 17.739 10.5261 -1.0905 17.1711
3 16 9.6364 -5.4511 14.7555 12.0873 -4.6116 16.0012 9.4594 -2.7865 17.0756
3 16 5.6422 -3.7664 19.4371 8.4315 -4.1937 17.1004 6.0122 -2.373 20.3206
3 16 6.0122 -2.373 20.3206 8.4315 -4.1937 17.1004 9.4594 -2.7865 17.0756
3 16 -4.9055 -13.1273 14.7496 -5.6803 -14.1313 13.1378 -4.2896 -14.9086 12.9585
3 16 -11.6284 -0.8691 16.125 -10.4467 -0.8771 17.1967 -11.8969 0.7954 16.448
3 16 -11.8969 0.7954 16.448 -10.4467 -0.8771 17.1967 -10.9313 1.2044 17.5696
3 16 9.5123 -8.5672 -6.445 10.0494 -9.4515 -5.1277 8.2321 -10.2834 -6.942
3 16 8.2321 -10.2834 -6.942 10.0494 -9.4515 -5.1277 8.6166 -11.6563 -4.6238
3 16 9.0292 -14.0228 3.25 9.4327 -13.5404 3.0701 9.9486 -13.6819 3.3532
3 16 14.009 -10.2669 8.4037 14.8382 -8.9571 8.2668 13.9612 -9.4456 9.023
3 16 18.6718 9.4119 -9.8158 18.9283 10.3183 -9.9295 18.8205 8.8482 -9.1139
3 16 -14.8208 6.3894 10.7544 -13.6608 6.415 12.3267 -14.8845 8.2547 10.3936
3 16 -14.8845 8.2547 10.3936 -13.6608 6.415 12.3267 -13.23 8.6654 12.0192
3 16 -13.8315 26.8178 -17.3828 -13.6077 26.9088 -17.8558 -13.2703 25.2246 -17.021
3 16 -13.2703 25.2246 -17.021 -13.6077 26.9088 -17.8558 -12.0722 24.9593 -18.2112
3 16 -6.8681 11.4656 18.9486 -8.1349 11.8968 18.129 -8.997 10.3157 17.8215
3 16 -10.9903 9.2451 16.4517 -9.3255 12.0962 17.1147 -10.6504 11.8695 15.668
3 16 9.336 -5.7835 14.7631 9.1366 -5.9648 14.8208 11.4513 -7.975 13.484
3 16 9.1366 -5.9648 14.8208 9.0911 -7.6348 14.4438 11.4513 -7.975 13.484
3 16 -10.4946 36.0532 -17.3984 -9.1802 35.7102 -18.5794 -9.8449 35.7198 -18.7212
3 16 -10.4946 36.0532 -17.3984 -8.4059 35.8738 -17.0546 -8.7636 35.7531 -18.09
3 16 19.7029 -1.8227 1.8631 17.1877 -3.6022 1.5132 16.8982 -2.4766 0.7219
3 16 15.6394 -6.1982 1.8691 16.9791 -6.801 3.0842 15.3642 -6.6955 2.0344
3 16 11.1058 8.7504 -8.0358 11.5944 9.6355 -9.3886 12.0341 8.8516 -9.9819
3 16 12.0341 8.8516 -9.9819 11.5944 9.6355 -9.3886 11.8041 9.6532 -9.8316
3 16 -18.6038 14.4595 -8.9247 -18.6066 15.3889 -8.3483 -17.9274 14.0415 -9.5744
3 16 -17.9274 14.0415 -9.5744 -18.6066 15.3889 -8.3483 -17.3723 14.7351 -10.5214
3 16 -14.8856 8.7572 -8.6642 -14.4568 11.1594 -9.2568 -13.8239 9.2532 -8.3159
3 16 -13.8239 9.2532 -8.3159 -14.4568 11.1594 -9.2568 -13.6912 10.6904 -8.4371
3 16 -13.7122 3.1291 -8.4463 -13.4855 3.2195 -8.6677 -13.3342 1.9204 -8.9837
3 16 -13.3342 1.9204 -8.9837 -13.4855 3.2195 -8.6677 -13.088 3.0743 -9.0887
3 16 -12.0582 2.1704 -10.2019 -12.0896 1.9165 -10.1885 -12.9681 1.6995 -9.3989
3 16 -12.9681 1.6995 -9.3989 -12.0896 1.9165 -10.1885 -12.4176 1.3594 -9.962
3 16 -10.6139 4.7287 -9.6938 -11.3438 3.1814 -10.5077 -12.0195 3.8988 -9.8346
3 16 -12.5003 -1.3332 -9.5385 -11.8293 -2.5765 -10.3573 -12.4049 -3.592 -6.245
3 16 -12.4049 -3.592 -6.245 -11.8293 -2.5765 -10.3573 -11.7496 -5.3234 -5.5465
3 16 -12.2804 -0.4013 -10.1182 -11.7669 -0.3244 -10.8291 -12.5003 -1.3332 -9.5385
3 16 -12.5003 -1.3332 -9.5385 -11.7669 -0.3244 -10.8291 -11.8293 -2.5765 -10.3573
3 16 -11.7669 -0.3244 -10.8291 -11.1408 0.376 -11.4512 -11.2147 -1.0591 -11.4949
3 16 -11.2147 -1.0591 -11.4949 -11.1408 0.376 -11.4512 -10.6881 -0.0705 -11.9574
3 16 -9.9188 0.8468 -12.38 -10.6881 -0.0705 -11.9574 -10.5337 1.3241 -11.7853
3 16 -10.5337 1.3241 -11.7853 -10.6881 -0.0705 -11.9574 -11.1408 0.376 -11.4512
3 16 -10.5337 1.3241 -11.7853 -9.8883 2.1358 -12.026 -9.9188 0.8468 -12.38
3 16 -9.9188 0.8468 -12.38 -9.8883 2.1358 -12.026 -8.9287 1.9159 -12.7617
3 16 15.196 1.0497 -7.8239 15.311 2.1334 -7.4437 15.6209 1.3426 -7.359
3 16 -7.5604 -0.6539 -14.0328 -7.5928 -0.1308 -13.8324 -7.2719 -0.3565 -14.1953
3 16 -12.7089 -0.0056 -9.5336 -11.779 0.691 -9.7075 -12.2804 -0.4013 -10.1182
3 16 -14.3085 1.252 -7.8066 -14.4295 2.1374 -7.4673 -14.0501 1.6395 -8.1679
3 16 8.6641 -0.2685 -13.7852 8.9768 -0.7854 -13.8044 8.663 -0.9422 -13.9824
3 16 -7.2719 -0.3565 -14.1953 -6.0845 -0.0536 -14.7658 -6.58 -0.8869 -14.4828
3 16 -7.0152 1.8101 -13.974 -8.4065 1.0323 -13.4122 -8.9287 1.9159 -12.7617
3 16 -6.6424 0.812 -14.4556 -7.5177 0.8644 -13.9793 -7.0152 1.8101 -13.974
3 16 -5.7243 0.725 -14.8842 -6.6424 0.812 -14.4556 -5.3993 1.6851 -14.8232
3 16 -5.3993 1.6851 -14.8232 -6.6424 0.812 -14.4556 -7.0152 1.8101 -13.974
3 16 -6.0845 -0.0536 -14.7658 -7.2841 0.2692 -14.159 -6.6424 0.812 -14.4556
3 16 -6.6424 0.812 -14.4556 -7.2841 0.2692 -14.159 -7.5177 0.8644 -13.9793
3 16 -6.0845 -0.0536 -14.7658 -6.6424 0.812 -14.4556 -5.7243 0.725 -14.8842
3 16 -9.4506 -8.5731 -2.496 -8.6358 -9.5303 -5.0375 -8.9464 -10.1806 -2.8694
3 16 -18.0449 5.8918 3.0422 -16.9001 7.472 4.1093 -18.1618 7.431 1.8396
3 16 -18.1618 7.431 1.8396 -16.9001 7.472 4.1093 -17.8632 9.568 1.2207
3 16 11.8981 15.2245 -14.8909 10.9763 13.4663 -11.9116 10.5261 14.2579 -12.4963
3 16 12.7843 30.2025 -18.1513 11.8699 31.9517 -18.7489 13.3034 29.945 -17.294
3 16 13.3034 29.945 -17.294 11.8699 31.9517 -18.7489 13.4657 31.9528 -15.8195
3 16 -1.8125 -23.5996 1.1554 -3.6187 -23.3402 3.2645 -3.9468 -22.7811 2.9647
3 16 -3.9468 -22.7811 2.9647 -3.6187 -23.3402 3.2645 -4.0265 -22.9705 4.5674
3 16 1.488 -20.3229 13.2381 3.7237 -20.5282 11.5364 4.0613 -18.6865 11.3981
3 16 4.0613 -18.6865 11.3981 3.7237 -20.5282 11.5364 4.3328 -18.9473 10.9166
3 16 1.2546 -8.9847 -10.6077 3.5165 -10.1271 -9.3262 0.3269 -9.4145 -10.1366
3 16 0.3269 -9.4145 -10.1366 3.5165 -10.1271 -9.3262 1.2156 -10.5675 -7.1838
3 16 -3.4888 -18.9549 12.1666 -2.8325 -20.6081 12.5381 -1.8714 -18.5594 13.5713
3 16 -1.8714 -18.5594 13.5713 -2.8325 -20.6081 12.5381 -1.5497 -20.7109 13.2684
3 16 0.3627 5.4227 -12.9949 -2.3571 4.2413 -12.766 0.6353 1.7254 -12.9543
3 16 0.6353 1.7254 -12.9543 -2.3571 4.2413 -12.766 -1.5679 1.3964 -12.8445
3 16 1.2546 -8.9847 -10.6077 0.4325 -8.4876 -13.9882 5.0133 -6.5552 -10.5084
3 16 5.0133 -6.5552 -10.5084 0.4325 -8.4876 -13.9882 4.3976 -4.7027 -14.6972
3 16 10.0743 -16.4325 10.7884 7.6927 -13.0734 10.7426 7.7539 -16.4407 9.5911
3 16 7.7539 -16.4407 9.5911 7.6927 -13.0734 10.7426 6.5758 -14.406 8.9912
3 16 -18.1263 -13.0258 -2.9239 -17.5237 -12.9227 -2.8729 -17.7834 -13.4438 -2.8147
3 16 -14.7674 -14.3281 -1.7115 -14.0404 -15.6388 -0.8803 -15.5731 -15.4573 -1.3943
3 16 -15.5731 -15.4573 -1.3943 -14.0404 -15.6388 -0.8803 -14.58 -16.047 -0.8517
3 16 -17.0597 -16.464 0.1987 -14.4677 -16.4881 -0.4886 -16.042 -17.5549 1.1539
3 16 -16.042 -17.5549 1.1539 -14.4677 -16.4881 -0.4886 -14.0359 -17.0052 -0.0619
3 16 -10.7858 1.2548 19.2511 -10.3437 0.344 20.3087 -10.3698 1.035 20.7907
3 16 -10.3937 -0.632 18.6576 -10.1271 -1.2044 17.2529 -8.7021 -1.8995 18.7227
3 16 -8.7021 -1.8995 18.7227 -10.1271 -1.2044 17.2529 -8.4798 -2.332 17.1648
3 16 9.4594 -2.7865 17.0756 12.0873 -4.6116 16.0012 10.5261 -1.0905 17.1711
3 16 10.5261 -1.0905 17.1711 12.0873 -4.6116 16.0012 13.6715 -2.6771 16.1334
3 16 15.275 -7.2048 2.449 16.3086 -7.6828 3.8117 15.378 -7.9563 3.3058
3 16 13.2585 -4.1445 -5.1009 13.0928 -6.0813 -4.5806 11.8945 -5.7299 -6.1319
3 16 11.8945 -5.7299 -6.1319 13.0928 -6.0813 -4.5806 10.0494 -9.4515 -5.1277
3 16 7.5065 3.2488 -12.2657 7.2784 3.5595 -11.6201 8.2818 3.3403 -11.7356
3 16 -6.839 27.4815 -18.59 -6.4188 27.3321 -18.065 -7.4745 26.1763 -18.7831
3 16 -7.4745 26.1763 -18.7831 -6.4188 27.3321 -18.065 -6.3253 25.78 -17.4541
3 16 -21.8758 10.2799 -5.4131 -21.0398 7.749 -5.0023 -20.9225 8.0073 -4.2292
3 16 -5.9413 -14.5569 5.5088 -6.982 -14.7176 7.0566 -7.0244 -14.3045 5.429
3 16 5.6557 0 2.3858 8.7689 0 3.2358 9.1816 0 1.7516
3 16 8.6258 -10.1368 3.6013 8.3263 0 4.2486 8.2291 -11.7919 4.4334
3 16 2.1803 -11.9635 9.8001 2.409 -10.4063 10.5149 2.3892 -12.6824 8.8644
3 16 5.9419 -7.6607 10.7029 5.8733 0.1897 10.7111 5.931 -6.4169 10.938
3 16 5.931 -6.4169 10.938 5.8733 0.1897 10.7111 5.8824 -0.8431 11.3517
3 16 2.5002 0 8.2227 2.4321 -7.748 12.2216 2.4603 -4.5218 12.6128
3 16 10.0618 15.3848 8.6306 11.132 14.7246 7.3312 9.5567 10.3965 8.8645
3 16 9.5567 10.3965 8.8645 11.132 14.7246 7.3312 10.9218 10.4105 7.2455
3 16 -3.0306 -1.6592 21.5415 -2.1411 -0.7928 21.4266 -2.8374 -0.5671 22.2725
3 16 -2.8374 -0.5671 22.2725 -2.1411 -0.7928 21.4266 -2.4921 -0.2217 21.8307
3 16 -13.7873 -5.794 -4.1554 -15.2065 -5.3619 -2.6398 -14.6158 -4.0134 -4.265
3 16 -14.6158 -4.0134 -4.265 -15.2065 -5.3619 -2.6398 -15.1922 -4.193 -3.2546
3 16 -15.0812 2.9348 -6.9631 -16.0417 2.2998 -5.2725 -16.4521 3.925 -4.9735
3 16 -10.7021 -1.6204 -11.9267 -10.561 -2.9152 -11.9388 -11.8293 -2.5765 -10.3573
3 16 -11.8293 -2.5765 -10.3573 -10.561 -2.9152 -11.9388 -11.1316 -3.7268 -11.0963
3 16 -11.8293 -2.5765 -10.3573 -11.7669 -0.3244 -10.8291 -11.2147 -1.0591 -11.4949
3 16 -13.2791 -0.3946 -8.4624 -12.7089 -0.0056 -9.5336 -12.9095 -0.7579 -8.9562
3 16 -2.4037 -0.4193 -16.0886 0.4462 -4.5858 -15.8563 -3.1817 -2.5012 -15.6332
3 16 -4.069 0.2637 -15.5899 -3.4118 0.3056 -15.8557 -4.7517 -1.0101 -15.3182
3 16 -4.7517 -1.0101 -15.3182 -3.4118 0.3056 -15.8557 -3.1817 -2.5012 -15.6332
3 16 4.0223 -2.4616 -15.6208 4.2766 0.3113 -15.7596 5.5022 -0.9713 -15.3899
3 16 5.5022 -0.9713 -15.3899 4.2766 0.3113 -15.7596 4.9815 0.2803 -15.5048
3 16 17.6859 3.8974 -2.7608 17.0257 3.8367 -5.0555 17.3584 5.8072 -4.956
3 16 17.0569 -4.4776 2.0979 17.7787 -6.6208 3.5759 16.9791 -6.801 3.0842
3 16 17.7787 -6.6208 3.5759 18.7831 -5.8062 4.157 16.9913 -7.9144 4.8368
3 16 17.2065 -7.0954 10.1662 15.5605 -7.9801 10.291 15.8228 -8.8857 6.9632
3 16 15.8228 -8.8857 6.9632 15.5605 -7.9801 10.291 15.2714 -9.0049 7.705
3 16 14.7757 0.2582 12.2385 16.229 2.1543 10.8098 14.0756 0.923 12.8885
3 16 16.229 2.1543 10.8098 14.2767 3.3751 12.6454 14.0756 0.923 12.8885
3 16 14.0756 0.923 12.8885 14.2767 3.3751 12.6454 13.6231 1.4283 13.1982
3 16 9.1793 3.7671 17.9792 8.7311 3.5009 19.3684 9.2276 3.1688 17.426
3 16 9.2276 3.1688 17.426 8.7311 3.5009 19.3684 7.7848 2.124 17.9141
3 16 3.1954 -17.2072 3.8353 3.5877 -17.1973 4.7653 5.2957 -18.7529 5.819
3 16 14.1974 -11.0212 3.8598 15.0116 -8.8985 2.9471 15.1893 -9.1764 4.1363
3 16 6.324 -14.7425 1.4748 8.5479 -13.6943 1.23 8.4546 -14.3017 3.2913
3 16 8.4546 -14.3017 3.2913 8.5479 -13.6943 1.23 9.0292 -14.0228 3.25
3 16 9.9223 -12.4115 1.9971 9.7773 -12.9413 2.6613 8.5479 -13.6943 1.23
3 16 8.5479 -13.6943 1.23 9.7773 -12.9413 2.6613 9.4327 -13.5404 3.0701
3 16 0.5097 -12.4884 -6.0206 2.2033 -10.9127 -6.3638 1.3004 -12.9466 -5.0363
3 16 1.3004 -12.9466 -5.0363 2.2033 -10.9127 -6.3638 2.8808 -11.2416 -5.4962
3 16 -3.2429 -16.3791 5.1594 -4.252 -15.3344 6.6266 -3.337 -16.027 5.0995
3 16 -7.8007 0.0004 23.8788 -8.0425 3.1009 27.474 -9.3151 0.5211 22.9917
3 16 -8.0425 3.1009 27.474 -9.5812 1.2773 23.2839 -9.3151 0.5211 22.9917
3 16 -11.9316 12.16 10.6655 -12.6029 10.6467 11.3715 -11.5641 10.8977 14.917
3 16 -11.5641 10.8977 14.917 -12.6029 10.6467 11.3715 -12.2037 9.7328 14.496
3 16 -10.9572 13.0748 11.4081 -13.3616 14.7515 8.3887 -11.9316 12.16 10.6655
3 16 -13.7845 33.7951 -16.0573 -13.9989 30.3019 -17.5253 -14.3098 32.0109 -15.3322
3 16 -9.4728 31.1291 -19.4622 -9.6712 32.8907 -19.3455 -7.5224 30.5348 -18.855
3 16 -6.0902 27.733 -17.7347 -5.4521 27.2128 -14.4106 -6.3253 25.78 -17.4541
3 16 8.6379 23.649 -19.0646 6.0352 26.0564 -18.3385 6.4436 26.9024 -18.918
3 16 8.6379 23.649 -19.0646 9.3825 21.6904 -18.4394 7.0492 22.0992 -16.8691
3 16 -11.5271 15.6451 -14.8461 -11.2229 16.5994 -16.1775 -9.1936 16.2539 -15.0239
3 16 -9.1936 16.2539 -15.0239 -11.2229 16.5994 -16.1775 -10.3646 17.301 -16.6386
3 16 -17.1504 12.0516 -10.3687 -17.1045 8.621 -9.5458 -17.7751 8.7404 -9.7809
3 16 -12.151 12.8133 -8.8089 -13.1935 12.4004 -9.4342 -11.8613 13.6743 -11.9205
3 16 -14.8951 6.3898 -7.7623 -14.0285 7.0322 -7.9208 -14.6703 6.1126 -7.5056
3 16 -0.9434 -9.5329 4.6077 0.1904 -9.4601 -1.5882 -2.4167 -9.565 5.8197
3 16 -2.4189 -9.3079 7.251 -2.5015 0.1897 11.6009 -2.4158 -9.6675 7.7849
3 16 -2.5015 0.1897 11.6009 -2.4108 -10.2412 10.4411 -2.4158 -9.6675 7.7849
3 16 1.0657 -9.7654 11.3905 2.415 -9.714 11.103 1.079 -10.846 10.7821
3 16 -2.0098 -9.5841 7.1535 -1.96 -11.2704 7.6425 -0.7755 -21.3253 4.7384
3 16 -0.7755 -21.3253 4.7384 -1.96 -11.2704 7.6425 -1.8263 -21.9229 7.3667
3 16 7.5333 -12.5361 5.5335 5.9902 -13.2027 7.3978 8.2644 -11.1758 6.3571
3 16 8.2644 -11.1758 6.3571 5.9902 -13.2027 7.3978 5.97 -10.8855 9.2092
3 16 9.4652 -0.3195 -13.4775 8.8684 -2.0192 -13.7313 9.2601 -0.2193 -13.6114
3 16 9.2601 -0.2193 -13.6114 8.8684 -2.0192 -13.7313 9.0973 -0.4527 -13.7214
3 16 9.0973 -0.4527 -13.7214 8.8684 -2.0192 -13.7313 8.9768 -0.7854 -13.8044
3 16 -8.4525 -0.0385 -13.5453 -8.6997 -1.4171 -13.3828 -8.8548 -0.4713 -13.3205
3 16 1.4591 -23.0233 9.5642 -1.1948 -22.9792 7.6427 1.2327 -22.8824 9.9481
3 16 -1.1948 -22.9792 7.6427 1.0282 -22.7893 10.0877 1.2327 -22.8824 9.9481
3 16 -1.1948 -22.9792 7.6427 1.4591 -23.0233 9.5642 1.5316 -23.2514 8.947
2 24 10.5752 -1.9635 -12.6224 10.5487 -2.3072 -12.605
2 24 10.2982 -2.3925 -12.7734 10.5487 -2.3072 -12.605
2 24 10.5752 -1.9635 -12.6224 10.2749 -1.3166 -12.8946
2 24 9.4652 -0.3195 -13.4775 9.86 -0.7585 -13.2139
2 24 10.2982 -2.3925 -12.7734 9.6111 -2.329 -13.2449
2 24 8.8684 -2.0192 -13.7313 8.2324 -1.5184 -14.133
2 24 8.9768 -0.7854 -13.8044 8.663 -0.9422 -13.9824
2 24 8.663 -0.9422 -13.9824 8.2627 -0.5468 -14.2119
2 24 8.2324 -1.5184 -14.133 7.5611 -0.863 -14.4976
2 24 8.2627 -0.5468 -14.2119 8.3177 0.2511 -14.135
2 24 7.5611 -0.863 -14.4976 6.9499 -0.0633 -14.7481
2 24 11.6638 -1.5774 -11.7757 11.1942 -0.3941 -12.2216
2 24 12.6106 -0.4329 -10.8435 11.7232 0.7029 -11.6534
2 24 4.9815 0.2803 -15.5048 4.4958 1.4845 -15.5328
2 24 4.2766 0.3113 -15.7596 4.0765 1.427 -15.7489
2 24 4.4958 1.4845 -15.5328 4.1037 2.3124 -15.4986
2 24 8.3177 0.2511 -14.135 8.7055 0.779 -13.8143
2 24 6.9499 -0.0633 -14.7481 6.5743 1.0559 -14.7695
2 24 8.7055 0.779 -13.8143 9.4354 0.7797 -13.3459
2 24 9.4354 0.7797 -13.3459 10.3576 0.4771 -12.7941
2 24 3.3012 -0.4134 -16.0535 2.2287 0.1188 -16.2589
2 24 4.0765 1.427 -15.7489 4.2766 0.3113 -15.7596
2 24 4.0765 1.427 -15.7489 3.0571 1.9758 -15.9458
2 24 3.0571 1.9758 -15.9458 2.1587 1.2945 -16.2092
2 24 2.2287 0.1188 -16.2589 2.1587 1.2945 -16.2092
2 24 4.2766 0.3113 -15.7596 3.3012 -0.4134 -16.0535
2 24 11.6638 -1.5774 -11.7757 11.5202 -3.0442 -11.7395
2 24 8.8684 -2.0192 -13.7313 9.6111 -2.329 -13.2449
2 24 10.2749 -1.3166 -12.8946 9.86 -0.7585 -13.2139
2 24 11.1942 -0.3941 -12.2216 10.3576 0.4771 -12.7941
2 24 11.8127 2.1728 -10.0172 10.9855 2.8884 -10.3829
2 24 12.1168 3.6169 -10.4254 11.2729 3.93 -10.4476
2 24 13.1031 3.5706 -8.8132 14.0556 4.8262 -7.6592
2 24 12.9972 4.7862 -9.4182 14.032 6.1396 -8.4157
2 24 14.0556 4.8262 -7.6592 14.7549 4.8863 -7.3071
2 24 14.032 6.1396 -8.4157 15.3565 5.6844 -7.4965
2 24 14.7549 4.8863 -7.3071 15.434 4.1159 -7.2431
2 24 15.3565 5.6844 -7.4965 15.8649 4.4782 -7.0974
2 24 15.434 4.1159 -7.2431 15.3896 2.9867 -7.2863
2 24 15.8649 4.4782 -7.0974 15.9268 2.9495 -7.0648
2 24 15.3896 2.9867 -7.2863 15.311 2.1334 -7.4437
2 24 15.9268 2.9495 -7.0648 15.6209 1.3426 -7.359
2 24 13.1031 3.5706 -8.8132 12.1805 2.5065 -9.899
2 24 12.1168 3.6169 -10.4254 12.9972 4.7862 -9.4182
2 24 13.7196 2.6169 -9.3461 13.1679 1.9705 -9.989
2 24 14.4098 2.9262 -8.675 14.5363 2.6171 -8.5879
2 24 14.4098 2.9262 -8.675 14.16 2.9818 -8.8967
2 24 13.7196 2.6169 -9.3461 14.16 2.9818 -8.8967
2 24 14.5363 2.6171 -8.5879 14.5571 2.0725 -8.6069
2 24 11.7232 0.7029 -11.6534 11.0416 1.7416 -11.9946
2 24 15.196 1.0497 -7.8239 14.7161 1.245 -8.4168
2 24 11.0416 1.7416 -11.9946 9.1969 2.649 -12.541
2 24 6.5743 1.0559 -14.7695 6.251 2.3063 -14.3287
2 24 13.1679 1.9705 -9.989 13.7249 0.7341 -9.4685
2 24 14.5571 2.0725 -8.6069 14.7161 1.245 -8.4168
2 24 13.7249 0.7341 -9.4685 13.6887 -0.007 -9.4432
2 24 15.8649 4.4782 -7.0974 15.3565 5.6844 -7.4965
2 24 15.7351 6.1376 -7.2345 15.3113 6.1981 -7.6838
2 24 8.663 -0.9422 -13.9824 8.2627 -0.5468 -14.2119
2 24 8.6641 -0.2685 -13.7852 8.7332 0.062 -13.7113
2 24 9.0973 -0.4527 -13.7214 8.9768 -0.7854 -13.8044
2 24 8.7332 0.062 -13.7113 8.9287 0.4003 -13.5722
2 24 9.0973 -0.4527 -13.7214 9.2601 -0.2193 -13.6114
2 24 9.2601 -0.2193 -13.6114 9.4652 -0.3195 -13.4775
2 24 8.9287 0.4003 -13.5722 9.3835 0.3931 -13.2518
2 24 9.4652 -0.3195 -13.4775 9.86 -0.7585 -13.2139
2 24 9.3835 0.3931 -13.2518 9.9671 -0.0119 -12.7777
2 24 9.86 -0.7585 -13.2139 10.2749 -1.3166 -12.8946
2 24 9.9671 -0.0119 -12.7777 10.5563 -0.719 -12.2444
2 24 10.5563 -0.719 -12.2444 11.04 -1.6381 -11.8614
2 24 10.2749 -1.3166 -12.8946 10.5752 -1.9635 -12.6224
2 24 11.04 -1.6381 -11.8614 10.9415 -2.7405 -11.888
2 24 10.5752 -1.9635 -12.6224 10.5487 -2.3072 -12.605
2 24 10.5487 -2.3072 -12.605 10.2982 -2.3925 -12.7734
2 24 10.9415 -2.7405 -11.888 10.2432 -3.1255 -12.2143
2 24 8.8684 -2.0192 -13.7313 8.2324 -1.5184 -14.133
2 24 8.2596 -2.6392 -13.144 7.3411 -2.0494 -13.6886
2 24 7.3411 -2.0494 -13.6886 6.6896 -1.2533 -14.1432
2 24 8.2324 -1.5184 -14.133 7.5611 -0.863 -14.4976
2 24 6.6896 -1.2533 -14.1432 6.2045 -0.4058 -14.3907
2 24 7.5611 -0.863 -14.4976 6.9499 -0.0633 -14.7481
2 24 6.2045 -0.4058 -14.3907 5.689 0.812 -14.3055
2 24 6.9499 -0.0633 -14.7481 6.5743 1.0559 -14.7695
2 24 6.5743 1.0559 -14.7695 6.251 2.3063 -14.3287
2 24 5.689 0.812 -14.3055 5.39 1.709 -14.0695
2 24 4.3309 3.6135 -13.4644 4.9505 3.3556 -13.4612
2 24 4.3309 3.6135 -13.4644 5.0552 2.4141 -13.8826
2 24 4.9505 3.3556 -13.4612 5.6632 2.9672 -13.7498
2 24 4.3309 3.6135 -13.4644 5.0552 2.4141 -13.8826
2 24 4.3309 3.6135 -13.4644 4.0188 3.5531 -13.9897
2 24 4.0188 3.5531 -13.9897 3.9419 3.0729 -14.9605
2 24 5.689 0.812 -14.3055 5.39 1.709 -14.0695
2 24 4.4958 1.4845 -15.5328 4.1037 2.3124 -15.4986
2 24 4.4958 1.4845 -15.5328 4.9815 0.2803 -15.5048
2 24 4.9815 0.2803 -15.5048 5.5022 -0.9713 -15.3899
2 24 5.689 0.812 -14.3055 6.2045 -0.4058 -14.3907
2 24 5.5022 -0.9713 -15.3899 6.3358 -2.1699 -14.9681
2 24 6.2045 -0.4058 -14.3907 6.6896 -1.2533 -14.1432
2 24 6.3358 -2.1699 -14.9681 7.199 -3.0363 -14.3892
2 24 6.6896 -1.2533 -14.1432 7.3411 -2.0494 -13.6886
2 24 7.199 -3.0363 -14.3892 8.3549 -3.6996 -13.6866
2 24 7.3411 -2.0494 -13.6886 8.2596 -2.6392 -13.144
2 24 11.5202 -3.0442 -11.7395 10.6051 -3.8997 -12.3888
2 24 10.9415 -2.7405 -11.888 10.2432 -3.1255 -12.2143
2 24 10.9415 -2.7405 -11.888 11.04 -1.6381 -11.8614
2 24 11.5202 -3.0442 -11.7395 11.6638 -1.5774 -11.7757
2 24 11.04 -1.6381 -11.8614 10.5563 -0.719 -12.2444
2 24 11.6638 -1.5774 -11.7757 11.1942 -0.3941 -12.2216
2 24 10.5563 -0.719 -12.2444 9.9671 -0.0119 -12.7777
2 24 11.1942 -0.3941 -12.2216 10.3576 0.4771 -12.7941
2 24 10.3576 0.4771 -12.7941 9.4354 0.7797 -13.3459
2 24 9.9671 -0.0119 -12.7777 9.3835 0.3931 -13.2518
2 24 9.4354 0.7797 -13.3459 8.7055 0.779 -13.8143
2 24 9.3835 0.3931 -13.2518 8.9287 0.4003 -13.5722
2 24 8.7055 0.779 -13.8143 8.3177 0.2511 -14.135
2 24 8.9287 0.4003 -13.5722 8.7332 0.062 -13.7113
2 24 8.2627 -0.5468 -14.2119 8.3177 0.2511 -14.135
2 24 8.6641 -0.2685 -13.7852 8.7332 0.062 -13.7113
2 24 11.8127 2.1728 -10.0172 10.9855 2.8884 -10.3829
2 24 11.0416 1.7416 -11.9946 9.1969 2.649 -12.541
2 24 11.0416 1.7416 -11.9946 11.7232 0.7029 -11.6534
2 24 11.7232 0.7029 -11.6534 12.6106 -0.4329 -10.8435
2 24 11.8127 2.1728 -10.0172 12.3382 1.1929 -9.7241
2 24 12.6106 -0.4329 -10.8435 13.184 -0.5196 -10.1145
2 24 12.3382 1.1929 -9.7241 12.6711 0.7094 -9.5787
2 24 13.184 -0.5196 -10.1145 13.6887 -0.007 -9.4432
2 24 13.6887 -0.007 -9.4432 13.7249 0.7341 -9.4685
2 24 12.6711 0.7094 -9.5787 12.3382 1.1929 -9.7241
2 24 13.7249 0.7341 -9.4685 13.1679 1.9705 -9.989
2 24 12.3382 1.1929 -9.7241 11.8127 2.1728 -10.0172
2 24 11.8127 2.1728 -10.0172 12.1805 2.5065 -9.899
2 24 13.1679 1.9705 -9.989 13.7196 2.6169 -9.3461
2 24 12.1805 2.5065 -9.899 13.1031 3.5706 -8.8132
2 24 13.1031 3.5706 -8.8132 14.0556 4.8262 -7.6592
2 24 13.7196 2.6169 -9.3461 14.16 2.9818 -8.8967
2 24 14.0556 4.8262 -7.6592 14.7549 4.8863 -7.3071
2 24 14.16 2.9818 -8.8967 14.4098 2.9262 -8.675
2 24 14.4098 2.9262 -8.675 14.5363 2.6171 -8.5879
2 24 14.7549 4.8863 -7.3071 15.434 4.1159 -7.2431
2 24 14.5363 2.6171 -8.5879 14.5571 2.0725 -8.6069
2 24 15.434 4.1159 -7.2431 15.3896 2.9867 -7.2863
2 24 14.5571 2.0725 -8.6069 14.7161 1.245 -8.4168
2 24 15.311 2.1334 -7.4437 15.3896 2.9867 -7.2863
2 24 11.8127 2.1728 -10.0172 12.1805 2.5065 -9.899
2 24 10.9855 2.8884 -10.3829 10.0881 3.1192 -10.5125
2 24 11.2729 3.93 -10.4476 10.3768 3.9773 -10.3994
2 24 8.2818 3.3403 -11.7356 8.6013 3.6491 -10.9132
2 24 9.1969 2.649 -12.541 8.2818 3.3403 -11.7356
2 24 8.6013 3.6491 -10.9132 10.0881 3.1192 -10.5125
2 24 10.9855 2.8884 -10.3829 10.0881 3.1192 -10.5125
2 24 3.3012 -0.4134 -16.0535 4.2766 0.3113 -15.7596
2 24 5.0552 2.4141 -13.8826 5.39 1.709 -14.0695
2 24 3.9419 3.0729 -14.9605 4.1037 2.3124 -15.4986
2 24 6.251 2.3063 -14.3287 5.6632 2.9672 -13.7498
2 24 5.39 1.709 -14.0695 5.0552 2.4141 -13.8826
2 24 8.6013 3.6491 -10.9132 9.2555 3.8997 -10.4305
2 24 8.3549 -3.6996 -13.6866 9.6261 -4.0663 -13.0235
2 24 8.2596 -2.6392 -13.144 9.2246 -2.9981 -12.6743
2 24 8.8684 -2.0192 -13.7313 9.6111 -2.329 -13.2449
2 24 8.2596 -2.6392 -13.144 9.2246 -2.9981 -12.6743
2 24 10.6051 -3.8997 -12.3888 9.6261 -4.0663 -13.0235
2 24 10.2432 -3.1255 -12.2143 9.2246 -2.9981 -12.6743
2 24 10.2982 -2.3925 -12.7734 9.6111 -2.329 -13.2449
2 24 10.2432 -3.1255 -12.2143 9.2246 -2.9981 -12.6743
2 24 6.3358 -2.1699 -14.9681 5.5022 -0.9713 -15.3899
2 24 0.3847 4.7939 -15.1247 0.3832 5.3054 -13.6329
2 24 11.2729 3.93 -10.4476 12.1168 3.6169 -10.4254
2 24 12.1168 3.6169 -10.4254 12.9972 4.7862 -9.4182
2 24 12.9972 4.7862 -9.4182 14.032 6.1396 -8.4157
2 24 13.0227 6.9156 -8.4857 11.4767 7.5662 -7.7586
2 24 0.4462 -4.5858 -15.8563 0.4131 -0.5177 -16.5793
2 24 0.4131 -0.5177 -16.5793 0.3919 1.4836 -16.3964
2 24 2.2287 0.1188 -16.2589 2.1587 1.2945 -16.2092
2 24 0.4049 4.1643 -15.8383 0.3919 1.4836 -16.3964
2 24 2.1587 1.2945 -16.2092 3.0571 1.9758 -15.9458
2 24 4.3976 -4.7027 -14.6972 0.4325 -8.4876 -13.9882
2 24 0.4462 -4.5858 -15.8563 0.4325 -8.4876 -13.9882
2 24 8.021 -4.6662 -13.4124 6.7889 -4.1574 -14.0696
2 24 8.3549 -3.6996 -13.6866 7.199 -3.0363 -14.3892
2 24 8.021 -4.6662 -13.4124 9.6494 -6.6817 -11.9685
2 24 8.3549 -3.6996 -13.6866 9.6261 -4.0663 -13.0235
2 24 9.6261 -4.0663 -13.0235 10.6051 -3.8997 -12.3888
2 24 9.6494 -6.6817 -11.9685 11.9512 -3.7428 -10.9081
2 24 11.5202 -3.0442 -11.7395 10.6051 -3.8997 -12.3888
2 24 12.6106 -0.4329 -10.8435 13.184 -0.5196 -10.1145
2 24 13.3597 -1.3198 -9.5198 12.704 -2.4371 -10.2493
2 24 13.3597 -1.3198 -9.5198 13.9878 -0.5716 -8.7038
2 24 13.6887 -0.007 -9.4432 13.184 -0.5196 -10.1145
2 24 11.9512 -3.7428 -10.9081 12.704 -2.4371 -10.2493
2 24 14.8501 -0.1304 -7.6347 13.9878 -0.5716 -8.7038
2 24 14.8501 -0.1304 -7.6347 16.1424 0.1293 -5.9365
2 24 15.196 1.0497 -7.8239 15.6209 1.3426 -7.359
2 24 16.1424 0.1293 -5.9365 16.7466 2.3233 -5.3231
2 24 15.6209 1.3426 -7.359 15.9268 2.9495 -7.0648
2 24 0.3269 -9.4145 -10.1366 0.4325 -8.4876 -13.9882
2 24 1.2546 -8.9847 -10.6077 0.3269 -9.4145 -10.1366
2 24 6.2869 -6.7598 -9.8483 5.0133 -6.5552 -10.5084
2 24 6.7889 -4.1574 -14.0696 5.5217 -4.1055 -14.6175
2 24 6.2869 -6.7598 -9.8483 7.6989 -7.6576 -8.8105
2 24 6.7889 -4.1574 -14.0696 8.021 -4.6662 -13.4124
2 24 7.6989 -7.6576 -8.8105 9.5123 -8.5672 -6.445
2 24 9.5123 -8.5672 -6.445 9.6494 -6.6817 -11.9685
2 24 8.021 -4.6662 -13.4124 9.6494 -6.6817 -11.9685
2 24 13.3602 -2.9455 -5.2967 13.0531 -3.4376 -5.6186
2 24 13.9878 -0.5716 -8.7038 13.3597 -1.3198 -9.5198
2 24 13.3602 -2.9455 -5.2967 14.693 -2.8198 -2.3578
2 24 13.9878 -0.5716 -8.7038 14.8501 -0.1304 -7.6347
2 24 14.693 -2.8198 -2.3578 15.0948 -2.7497 -1.8166
2 24 15.0948 -2.7497 -1.8166 16.1424 0.1293 -5.9365
2 24 14.8501 -0.1304 -7.6347 16.1424 0.1293 -5.9365
2 24 16.7466 2.3233 -5.3231 16.1424 0.1293 -5.9365
2 24 16.4144 -0.8694 -0.4017 15.0948 -2.7497 -1.8166
2 24 16.1424 0.1293 -5.9365 15.0948 -2.7497 -1.8166
2 24 16.7466 2.3233 -5.3231 17.0257 3.8367 -5.0555
2 24 16.4144 -0.8694 -0.4017 17.1933 0.9365 -0.8863
2 24 -5.8778 -1.2082 -14.173 -6.6296 -1.8811 -13.705
2 24 -6.58 -0.8869 -14.4828 -7.2353 -1.4054 -14.1373
2 24 -5.8778 -1.2082 -14.173 -6.6296 -1.8811 -13.705
2 24 -5.4903 -2.0553 -14.9226 -6.4142 -2.8842 -14.3493
2 24 -9.6971 -0.6997 -12.2836 -10.0001 -1.6138 -12.0615
2 24 -10.3148 -0.3982 -12.2711 -10.7021 -1.6204 -11.9267
2 24 -10.0001 -1.6138 -12.0615 -9.6971 -0.6997 -12.2836
2 24 -9.5124 -1.6945 -12.8646 -9.3 -1.1258 -13.0304
2 24 -9.2093 -2.139 -13.0037 -9.4839 -2.0554 -12.8474
2 24 -9.5124 -1.6945 -12.8646 -9.4839 -2.0554 -12.8474
2 24 -7.9092 -1.8472 -13.7425 -8.6703 -2.1284 -13.3034
2 24 -9.5124 -1.6945 -12.8646 -9.3 -1.1258 -13.0304
2 24 -8.2374 0.0617 -13.6648 -8.0648 -0.1747 -13.7676
2 24 -8.2374 0.0617 -13.6648 -8.4525 -0.0385 -13.5453
2 24 -7.8085 0.5359 -13.6651 -8.355 0.5667 -13.318
2 24 -8.2374 0.0617 -13.6648 -8.4525 -0.0385 -13.5453
2 24 -8.355 0.5667 -13.318 -7.8085 0.5359 -13.6651
2 24 -8.4065 1.0323 -13.4122 -7.5177 0.8644 -13.9793
2 24 -7.8085 0.5359 -13.6651 -7.6559 0.2085 -13.7666
2 24 -8.0648 -0.1747 -13.7676 -8.2374 0.0617 -13.6648
2 24 -7.6559 0.2085 -13.7666 -7.5928 -0.1308 -13.8324
2 24 -7.5928 -0.1308 -13.8324 -7.6559 0.2085 -13.7666
2 24 -7.2841 0.2692 -14.159 -7.2719 -0.3565 -14.1953
2 24 -7.8804 -0.466 -13.8603 -7.5604 -0.6539 -14.0328
2 24 -4.4224 1.7873 -14.4456 -4.6573 1.171 -14.4968
2 24 -4.6573 1.171 -14.4968 -4.4224 1.7873 -14.4456
2 24 -6.58 -0.8869 -14.4828 -6.0845 -0.0536 -14.7658
2 24 -5.8778 -1.2082 -14.173 -5.3875 -0.3487 -14.455
2 24 -10.561 -2.9152 -11.9388 -9.642 -3.65 -12.5138
2 24 -9.934 -2.5234 -12.065 -9.1729 -2.8583 -12.407
2 24 -9.2093 -2.139 -13.0037 -9.4839 -2.0554 -12.8474
2 24 -9.1729 -2.8583 -12.407 -9.934 -2.5234 -12.065
2 24 -7.8804 -0.466 -13.8603 -7.5604 -0.6539 -14.0328
2 24 -6.4142 -2.8842 -14.3493 -7.5406 -3.5592 -13.7306
2 24 -6.6296 -1.8811 -13.705 -7.4653 -2.4651 -13.1851
2 24 -7.2353 -1.4054 -14.1373 -7.9092 -1.8472 -13.7425
2 24 -6.6296 -1.8811 -13.705 -7.4653 -2.4651 -13.1851
2 24 -7.9092 -1.8472 -13.7425 -7.2353 -1.4054 -14.1373
2 24 -7.2353 -1.4054 -14.1373 -6.58 -0.8869 -14.4828
2 24 -7.5604 -0.6539 -14.0328 -7.2719 -0.3565 -14.1953
2 24 -7.2719 -0.3565 -14.1953 -7.2841 0.2692 -14.159
2 24 -5.4903 -2.0553 -14.9226 -4.7517 -1.0101 -15.3182
2 24 -5.8778 -1.2082 -14.173 -5.3875 -0.3487 -14.455
2 24 -9.2093 -2.139 -13.0037 -8.6703 -2.1284 -13.3034
2 24 -11.1316 -3.7268 -11.0963 -10.4088 -4.7154 -11.6621
2 24 -10.561 -2.9152 -11.9388 -9.642 -3.65 -12.5138
2 24 -7.5406 -3.5592 -13.7306 -8.6317 -3.832 -13.1251
2 24 -7.1228 -4.7114 -13.5322 -9.1139 -6.0747 -12.4088
2 24 -5.8909 -4.1846 -14.1029 -4.6257 -4.1236 -14.6389
2 24 -6.4142 -2.8842 -14.3493 -5.4903 -2.0553 -14.9226
2 24 -5.4903 -2.0553 -14.9226 -4.7517 -1.0101 -15.3182
2 24 -3.2967 2.3739 -15.5856 -4.069 0.2637 -15.5899
2 24 -3.2277 1.4497 -15.8808 -3.4118 0.3056 -15.8557
2 24 -3.4784 3.2278 -14.2998 -4.1604 3.0298 -14.1208
2 24 -3.4784 3.2278 -14.2998 -3.3199 2.8762 -14.9997
2 24 -4.8463 2.5262 -14.4366 -5.3993 1.6851 -14.8232
2 24 -3.2967 2.3739 -15.5856 -3.3199 2.8762 -14.9997
2 24 -4.6573 1.171 -14.4968 -4.9703 0.48 -14.5227
2 24 -3.2967 2.3739 -15.5856 -4.069 0.2637 -15.5899
2 24 -4.6573 1.171 -14.4968 -4.9703 0.48 -14.5227
2 24 -5.3993 1.6851 -14.8232 -5.7243 0.725 -14.8842
2 24 -5.3875 -0.3487 -14.455 -4.9703 0.48 -14.5227
2 24 -6.0845 -0.0536 -14.7658 -5.7243 0.725 -14.8842
2 24 -5.3875 -0.3487 -14.455 -4.9703 0.48 -14.5227
2 24 -4.7517 -1.0101 -15.3182 -4.069 0.2637 -15.5899
2 24 -7.8085 0.5359 -13.6651 -7.6559 0.2085 -13.7666
2 24 -7.5177 0.8644 -13.9793 -7.2841 0.2692 -14.159
2 24 -7.5177 0.8644 -13.9793 -8.4065 1.0323 -13.4122
2 24 -8.4525 -0.0385 -13.5453 -8.8548 -0.4713 -13.3205
2 24 -8.355 0.5667 -13.318 -9.0608 0.0569 -12.7979
2 24 -8.4065 1.0323 -13.4122 -9.4473 0.4772 -12.7868
2 24 -2.4037 -0.4193 -16.0886 -1.3274 0.1142 -16.3205
2 24 -2.4037 -0.4193 -16.0886 -3.4118 0.3056 -15.8557
2 24 -3.2277 1.4497 -15.8808 -3.4118 0.3056 -15.8557
2 24 -3.2277 1.4497 -15.8808 -2.1853 2.0122 -16.1028
2 24 -2.1853 2.0122 -16.1028 -1.2579 1.3044 -16.3107
2 24 -1.3274 0.1142 -16.3205 -1.2579 1.3044 -16.3107
2 24 -10.0001 -1.6138 -12.0615 -9.934 -2.5234 -12.065
2 24 -9.5124 -1.6945 -12.8646 -9.4839 -2.0554 -12.8474
2 24 -10.0001 -1.6138 -12.0615 -9.934 -2.5234 -12.065
2 24 -10.7021 -1.6204 -11.9267 -10.561 -2.9152 -11.9388
2 24 -9.3 -1.1258 -13.0304 -8.8548 -0.4713 -13.3205
2 24 -9.6971 -0.6997 -12.2836 -9.0608 0.0569 -12.7979
2 24 -9.3 -1.1258 -13.0304 -8.8548 -0.4713 -13.3205
2 24 -9.6971 -0.6997 -12.2836 -9.0608 0.0569 -12.7979
2 24 -10.3148 -0.3982 -12.2711 -9.4473 0.4772 -12.7868
2 24 -10.2127 2.7757 -10.629 -9.3127 3.0309 -11.2411
2 24 -9.8883 2.1358 -12.026 -9.1256 2.7352 -12.0441
2 24 -10.7669 2.4214 -10.2925 -10.2127 2.7757 -10.629
2 24 -11.3438 3.1814 -10.5077 -10.2923 3.5366 -10.7547
2 24 -10.98 2.1674 -10.1392 -10.7669 2.4214 -10.2925
2 24 -9.8883 2.1358 -12.026 -10.5337 1.3241 -11.7853
2 24 -11.7669 -0.3244 -10.8291 -11.1408 0.376 -11.4512
2 24 -10.98 2.1674 -10.1392 -11.4566 1.1762 -9.8591
2 24 -11.4566 1.1762 -9.8591 -11.779 0.691 -9.7075
2 24 -11.7669 -0.3244 -10.8291 -12.2804 -0.4013 -10.1182
2 24 -11.779 0.691 -9.7075 -11.4566 1.1762 -9.8591
2 24 -12.4176 1.3594 -9.962 -12.7171 0.6997 -9.6128
2 24 -11.4566 1.1762 -9.8591 -10.98 2.1674 -10.1392
2 24 -12.4176 1.3594 -9.962 -12.0896 1.9165 -10.1885
2 24 -11.779 0.691 -9.7075 -12.7089 -0.0056 -9.5336
2 24 -12.7171 0.6997 -9.6128 -12.7089 -0.0056 -9.5336
2 24 -10.2127 2.7757 -10.629 -9.3127 3.0309 -11.2411
2 24 -10.2923 3.5366 -10.7547 -9.3027 3.4828 -11.0634
2 24 -9.3027 3.4828 -11.0634 -8.8114 3.1558 -11.6835
2 24 -9.3127 3.0309 -11.2411 -8.8114 3.1558 -11.6835
2 24 -9.1256 2.7352 -12.0441 -8.8114 3.1558 -11.6835
2 24 -9.3127 3.0309 -11.2411 -8.8114 3.1558 -11.6835
2 24 -10.98 2.1674 -10.1392 -11.3514 2.5104 -10.073
2 24 -10.7669 2.4214 -10.2925 -10.98 2.1674 -10.1392
2 24 -10.98 2.1674 -10.1392 -11.3514 2.5104 -10.073
2 24 -12.0896 1.9165 -10.1885 -12.0582 2.1704 -10.2019
2 24 -11.3514 2.5104 -10.073 -12.0582 2.1704 -10.2019
2 24 -8.355 0.5667 -13.318 -9.0608 0.0569 -12.7979
2 24 -8.4065 1.0323 -13.4122 -9.4473 0.4772 -12.7868
2 24 -11.3438 3.1814 -10.5077 -12.0195 3.8988 -9.8346
2 24 -11.3514 2.5104 -10.073 -11.9913 3.2084 -9.2566
2 24 -11.3514 2.5104 -10.073 -11.9913 3.2084 -9.2566
2 24 -12.0582 2.1704 -10.2019 -12.6007 2.7605 -9.6104
2 24 -13.8963 4.8881 -7.3813 -13.3018 4.8412 -7.8345
2 24 -14.3385 5.5521 -7.5225 -13.3091 6.0554 -8.4204
2 24 -13.3091 6.0554 -8.4204 -12.5639 4.9755 -9.1714
2 24 -13.3018 4.8412 -7.8345 -12.5994 3.9963 -8.6025
2 24 -12.0195 3.8988 -9.8346 -12.5639 4.9755 -9.1714
2 24 -11.9913 3.2084 -9.2566 -12.5994 3.9963 -8.6025
2 24 -11.9913 3.2084 -9.2566 -12.5994 3.9963 -8.6025
2 24 -12.6007 2.7605 -9.6104 -13.088 3.0743 -9.0887
2 24 -13.8963 4.8881 -7.3813 -14.4608 4.1067 -7.1287
2 24 -14.3385 5.5521 -7.5225 -14.9983 4.4876 -7.01
2 24 -14.9983 4.4876 -7.01 -15.0812 2.9348 -6.9631
2 24 -14.4608 4.1067 -7.1287 -14.471 2.9845 -7.2709
2 24 -15.0812 2.9348 -6.9631 -14.7986 1.6103 -7.2436
2 24 -14.471 2.9845 -7.2709 -14.4295 2.1374 -7.4673
2 24 -13.8963 4.8881 -7.3813 -13.3018 4.8412 -7.8345
2 24 -13.7122 3.1291 -8.4463 -13.4855 3.2195 -8.6677
2 24 -14.4295 2.1374 -7.4673 -14.471 2.9845 -7.2709
2 24 -13.9413 2.2134 -8.2987 -14.0501 1.6395 -8.1679
2 24 -13.8963 4.8881 -7.3813 -14.4608 4.1067 -7.1287
2 24 -13.7122 3.1291 -8.4463 -13.8749 2.8153 -8.3283
2 24 -12.6007 2.7605 -9.6104 -12.0582 2.1704 -10.2019
2 24 -10.2923 3.5366 -10.7547 -11.3438 3.1814 -10.5077
2 24 -12.6007 2.7605 -9.6104 -13.088 3.0743 -9.0887
2 24 -13.7122 3.1291 -8.4463 -13.8749 2.8153 -8.3283
2 24 -13.8749 2.8153 -8.3283 -13.9413 2.2134 -8.2987
2 24 -12.5994 3.9963 -8.6025 -13.3018 4.8412 -7.8345
2 24 -13.088 3.0743 -9.0887 -13.4855 3.2195 -8.6677
2 24 -13.9413 2.2134 -8.2987 -14.0501 1.6395 -8.1679
2 24 -14.0501 1.6395 -8.1679 -14.3085 1.252 -7.8066
2 24 -12.4176 1.3594 -9.962 -12.7171 0.6997 -9.6128
2 24 -12.7171 0.6997 -9.6128 -12.7089 -0.0056 -9.5336
2 24 -12.7089 -0.0056 -9.5336 -12.2804 -0.4013 -10.1182
2 24 -12.5003 -1.3332 -9.5385 -12.9095 -0.7579 -8.9562
2 24 -10.7021 -1.6204 -11.9267 -10.3148 -0.3982 -12.2711
2 24 -14.471 2.9845 -7.2709 -14.4608 4.1067 -7.1287
2 24 -13.9413 2.2134 -8.2987 -13.8749 2.8153 -8.3283
2 24 -14.3085 1.252 -7.8066 -14.7986 1.6103 -7.2436
2 24 -13.956 -0.1394 -7.6444 -15.3727 0.0063 -5.9737
2 24 -14.7986 1.6103 -7.2436 -15.0812 2.9348 -6.9631
2 24 -15.3727 0.0063 -5.9737 -16.0417 2.2998 -5.2725
2 24 -13.956 -0.1394 -7.6444 -13.2791 -0.3946 -8.4624
2 24 -12.0195 3.8988 -9.8346 -12.5639 4.9755 -9.1714
2 24 -12.5639 4.9755 -9.1714 -13.3091 6.0554 -8.4204
2 24 -14.9983 4.4876 -7.01 -14.3385 5.5521 -7.5225
2 24 -15.5688 5.1292 -6.5996 -14.6703 6.1126 -7.5056
2 24 -3.4118 0.3056 -15.8557 -2.4037 -0.4193 -16.0886
2 24 -3.2277 1.4497 -15.8808 -2.1853 2.0122 -16.1028
2 24 -2.1853 2.0122 -16.1028 -1.2579 1.3044 -16.3107
2 24 0.4049 4.1643 -15.8383 0.3919 1.4836 -16.3964
2 24 -1.2579 1.3044 -16.3107 -1.3274 0.1142 -16.3205
2 24 0.3919 1.4836 -16.3964 0.4131 -0.5177 -16.5793
2 24 -2.4037 -0.4193 -16.0886 -1.3274 0.1142 -16.3205
2 24 0.4131 -0.5177 -16.5793 0.4462 -4.5858 -15.8563
2 24 -4.1604 3.0298 -14.1208 -4.8463 2.5262 -14.4366
2 24 -5.3993 1.6851 -14.8232 -4.8463 2.5262 -14.4366
2 24 -4.4224 1.7873 -14.4456 -4.1762 2.2995 -14.3865
2 24 -4.4224 1.7873 -14.4456 -4.1762 2.2995 -14.3865
2 24 -3.2967 2.3739 -15.5856 -3.3199 2.8762 -14.9997
2 24 -4.8463 2.5262 -14.4366 -4.1604 3.0298 -14.1208
2 24 -4.1604 3.0298 -14.1208 -3.4784 3.2278 -14.2998
2 24 -4.1762 2.2995 -14.3865 -3.4784 3.2278 -14.2998
2 24 -4.1762 2.2995 -14.3865 -3.4784 3.2278 -14.2998
2 24 -3.3199 2.8762 -14.9997 -3.4784 3.2278 -14.2998
2 24 -9.8883 2.1358 -12.026 -9.1256 2.7352 -12.0441
2 24 -9.1256 2.7352 -12.0441 -8.8114 3.1558 -11.6835
2 24 -8.8114 3.1558 -11.6835 -9.3027 3.4828 -11.0634
2 24 -8.2382 4.1926 -10.0312 -6.4636 3.67 -11.273
2 24 -10.2923 3.5366 -10.7547 -9.3027 3.4828 -11.0634
2 24 -7.5406 -3.5592 -13.7306 -8.6317 -3.832 -13.1251
2 24 -7.4653 -2.4651 -13.1851 -8.4014 -2.8071 -12.738
2 24 -7.9092 -1.8472 -13.7425 -8.6703 -2.1284 -13.3034
2 24 -7.4653 -2.4651 -13.1851 -8.4014 -2.8071 -12.738
2 24 -9.642 -3.65 -12.5138 -8.6317 -3.832 -13.1251
2 24 -9.1729 -2.8583 -12.407 -8.4014 -2.8071 -12.738
2 24 -9.1729 -2.8583 -12.407 -8.4014 -2.8071 -12.738
2 24 -9.2093 -2.139 -13.0037 -8.6703 -2.1284 -13.3034
2 24 -10.4088 -4.7154 -11.6621 -9.1139 -6.0747 -12.4088
2 24 -9.642 -3.65 -12.5138 -8.6317 -3.832 -13.1251
2 24 0.4325 -8.4876 -13.9882 -3.5143 -4.7456 -14.7455
2 24 0.4462 -4.5858 -15.8563 0.4325 -8.4876 -13.9882
2 24 -15.5688 5.1292 -6.5996 -16.4521 3.925 -4.9735
2 24 -15.0812 2.9348 -6.9631 -14.9983 4.4876 -7.01
2 24 -7.1228 -4.7114 -13.5322 -9.1139 -6.0747 -12.4088
2 24 -6.9593 -7.6946 -9.0165 -8.4177 -8.8416 -6.3286
2 24 -9.1139 -6.0747 -12.4088 -8.4177 -8.8416 -6.3286
2 24 -7.1228 -4.7114 -13.5322 -5.8909 -4.1846 -14.1029
2 24 -6.9593 -7.6946 -9.0165 -5.7335 -6.7816 -10.1324
2 24 -5.8909 -4.1846 -14.1029 -4.6257 -4.1236 -14.6389
2 24 -5.7335 -6.7816 -10.1324 -4.5275 -6.4534 -10.8206
2 24 -4.6257 -4.1236 -14.6389 -3.5143 -4.7456 -14.7455
2 24 -4.5275 -6.4534 -10.8206 -3.5571 -6.7459 -11.1786
2 24 -9.1139 -6.0747 -12.4088 -8.4177 -8.8416 -6.3286
2 24 -9.1139 -6.0747 -12.4088 -10.4088 -4.7154 -11.6621
2 24 -8.4177 -8.8416 -6.3286 -9.4506 -8.5731 -2.496
2 24 -10.4088 -4.7154 -11.6621 -11.1316 -3.7268 -11.0963
2 24 -9.4506 -8.5731 -2.496 -10.4406 -7.4738 -3.6514
2 24 -11.1316 -3.7268 -11.0963 -11.8293 -2.5765 -10.3573
2 24 -10.4406 -7.4738 -3.6514 -11.7496 -5.3234 -5.5465
2 24 -12.9095 -0.7579 -8.9562 -12.5003 -1.3332 -9.5385
2 24 -12.8376 -2.6866 -6.0073 -12.4049 -3.592 -6.245
2 24 -12.9095 -0.7579 -8.9562 -13.2791 -0.3946 -8.4624
2 24 -13.2791 -0.3946 -8.4624 -13.956 -0.1394 -7.6444
2 24 -12.8376 -2.6866 -6.0073 -13.795 -2.2347 -4.9272
2 24 -13.956 -0.1394 -7.6444 -15.3727 0.0063 -5.9737
2 24 -13.795 -2.2347 -4.9272 -14.8154 -2.344 -3.0968
2 24 -15.3727 0.0063 -5.9737 -14.8154 -2.344 -3.0968
2 24 -14.8154 -2.344 -3.0968 -15.1803 -1.8745 -1.9156
2 24 -15.3727 0.0063 -5.9737 -14.8154 -2.344 -3.0968
2 24 -15.3727 0.0063 -5.9737 -16.0417 2.2998 -5.2725
2 24 -15.1803 -1.8745 -1.9156 -15.9051 -0.0501 -1.956
2 24 0.3269 -9.4145 -10.1366 -0.6667 -8.9168 -10.8709
2 24 0.4325 -8.4876 -13.9882 0.3269 -9.4145 -10.1366
2 24 -15.9051 -0.0501 -1.956 -16.3598 1.5857 -2.3574
2 24 -16.3598 1.5857 -2.3574 -16.4521 3.925 -4.9735
2 24 -16.0417 2.2998 -5.2725 -16.4521 3.925 -4.9735
2 24 19.7029 -1.8227 1.8631 21.0272 1.1429 1.391
2 24 17.1933 0.9365 -0.8863 17.5289 2.3929 -1.6926
2 24 21.0272 1.1429 1.391 21.4571 4.4077 0.3046
2 24 17.5289 2.3929 -1.6926 17.6859 3.8974 -2.7608
2 24 21.4571 4.4077 0.3046 20.8643 6.6156 -1.6071
2 24 17.6859 3.8974 -2.7608 17.3584 5.8072 -4.956
2 24 20.8643 6.6156 -1.6071 19.9655 8.1995 -4.0471
2 24 17.3584 5.8072 -4.956 16.6053 6.2076 -6.2192
2 24 19.9655 8.1995 -4.0471 19.2105 8.71 -6.3693
2 24 16.6053 6.2076 -6.2192 15.7351 6.1376 -7.2345
2 24 19.2105 8.71 -6.3693 18.83 8.507 -7.8242
2 24 10.3768 3.9773 -10.3994 9.2555 3.8997 -10.4305
2 24 10.0881 3.1192 -10.5125 8.6013 3.6491 -10.9132
2 24 9.2555 3.8997 -10.4305 8.6013 3.6491 -10.9132
2 24 -4.4209 3.7374 -12.2046 -6.4636 3.67 -11.273
2 24 4.3309 3.6135 -13.4644 4.0188 3.5531 -13.9897
2 24 5.6632 2.9672 -13.7498 4.9505 3.3556 -13.4612
2 24 8.2818 3.3403 -11.7356 8.6013 3.6491 -10.9132
2 24 6.251 2.3063 -14.3287 5.6632 2.9672 -13.7498
2 24 9.1969 2.649 -12.541 8.2818 3.3403 -11.7356
2 24 11.2729 3.93 -10.4476 10.3768 3.9773 -10.3994
2 24 9.2555 3.8997 -10.4305 10.3768 3.9773 -10.3994
2 24 15.7351 6.1376 -7.2345 16.6053 6.2076 -6.2192
2 24 16.7466 2.3233 -5.3231 17.0257 3.8367 -5.0555
2 24 15.8649 4.4782 -7.0974 15.9268 2.9495 -7.0648
2 24 16.6053 6.2076 -6.2192 17.3584 5.8072 -4.956
2 24 17.0257 3.8367 -5.0555 17.3584 5.8072 -4.956
2 24 13.0531 -3.4376 -5.6186 11.8945 -5.7299 -6.1319
2 24 13.3597 -1.3198 -9.5198 12.704 -2.4371 -10.2493
2 24 12.704 -2.4371 -10.2493 11.9512 -3.7428 -10.9081
2 24 11.9512 -3.7428 -10.9081 9.6494 -6.6817 -11.9685
2 24 11.8945 -5.7299 -6.1319 9.5123 -8.5672 -6.445
2 24 9.6494 -6.6817 -11.9685 9.5123 -8.5672 -6.445
2 24 3.3012 -0.4134 -16.0535 2.2287 0.1188 -16.2589
2 24 -3.5143 -4.7456 -14.7455 0.4325 -8.4876 -13.9882
2 24 -3.5571 -6.7459 -11.1786 -0.6667 -8.9168 -10.8709
2 24 -4.6257 -4.1236 -14.6389 -3.5143 -4.7456 -14.7455
2 24 4.3976 -4.7027 -14.6972 5.5217 -4.1055 -14.6175
2 24 5.5217 -4.1055 -14.6175 4.3976 -4.7027 -14.6972
2 24 4.0188 3.5531 -13.9897 3.9419 3.0729 -14.9605
2 24 4.1037 2.3124 -15.4986 3.9419 3.0729 -14.9605
2 24 4.0765 1.427 -15.7489 3.0571 1.9758 -15.9458
2 24 17.1933 0.9365 -0.8863 17.5289 2.3929 -1.6926
2 24 17.5289 2.3929 -1.6926 17.6859 3.8974 -2.7608
2 24 13.0227 6.9156 -8.4857 14.3715 6.4481 -8.3808
2 24 15.3113 6.1981 -7.6838 14.3715 6.4481 -8.3808
2 24 15.3565 5.6844 -7.4965 14.032 6.1396 -8.4157
2 24 5.0133 -6.5552 -10.5084 6.2869 -6.7598 -9.8483
2 24 5.0133 -6.5552 -10.5084 6.1818 -7.9113 -9.7078
2 24 6.1818 -7.9113 -9.7078 5.0133 -6.5552 -10.5084
2 24 3.5165 -10.1271 -9.3262 1.2546 -8.9847 -10.6077
2 24 5.0133 -6.5552 -10.5084 1.2546 -8.9847 -10.6077
2 24 -3.5571 -6.7459 -11.1786 -0.6667 -8.9168 -10.8709
2 24 -3.2838 -9.2281 -10.0334 -0.6667 -8.9168 -10.8709
2 24 -5.7335 -6.7816 -10.1324 -4.5275 -6.4534 -10.8206
2 24 -3.5571 -6.7459 -11.1786 -4.5275 -6.4534 -10.8206
2 24 -5.7335 -6.7816 -10.1324 -6.9593 -7.6946 -9.0165
2 24 -3.2838 -9.2281 -10.0334 -5.1319 -9.8661 -8.7457
2 24 -9.4506 -8.5731 -2.496 -8.4177 -8.8416 -6.3286
2 24 -9.4506 -8.5731 -2.496 -9.4973 -9.5665 -1.3236
2 24 -9.4506 -8.5731 -2.496 -10.4406 -7.4738 -3.6514
2 24 -10.4406 -7.4738 -3.6514 -11.7496 -5.3234 -5.5465
2 24 -11.7496 -5.3234 -5.5465 -12.4049 -3.592 -6.245
2 24 -12.4049 -3.592 -6.245 -12.8376 -2.6866 -6.0073
2 24 -12.8376 -2.6866 -6.0073 -13.4035 -3.6532 -5.7216
2 24 -12.8376 -2.6866 -6.0073 -13.4035 -3.6532 -5.7216
2 24 -12.8376 -2.6866 -6.0073 -13.795 -2.2347 -4.9272
2 24 -13.4035 -3.6532 -5.7216 -14.425 -3.3871 -4.6058
2 24 -13.795 -2.2347 -4.9272 -14.8154 -2.344 -3.0968
2 24 -14.425 -3.3871 -4.6058 -15.0154 -3.5351 -3.5963
2 24 -15.5272 -2.8264 -1.4364 -15.1803 -1.8745 -1.9156
2 24 -14.8154 -2.344 -3.0968 -15.1803 -1.8745 -1.9156
2 24 -16.4521 3.925 -4.9735 -17.8845 5.017 -6.1176
2 24 -19.972 5.5483 -3.1835 -20.3706 6.1248 -4.2166
2 24 -15.5688 5.1292 -6.5996 -16.4521 3.925 -4.9735
2 24 -17.8845 5.017 -6.1176 -16.4521 3.925 -4.9735
2 24 14.693 -2.8198 -2.3578 15.0948 -2.7497 -1.8166
2 24 14.693 -2.8198 -2.3578 14.3407 -3.7689 -2.1041
2 24 15.0948 -2.7497 -1.8166 16.4144 -0.8694 -0.4017
2 24 16.8982 -2.4766 0.7219 16.4144 -0.8694 -0.4017
2 24 13.0227 6.9156 -8.4857 11.4767 7.5662 -7.7586
2 24 11.6752 8.4461 -8.9187 11.3142 8.202 -7.9303
2 24 13.0928 -6.0813 -4.5806 13.2585 -4.1445 -5.1009
2 24 14.0586 -4.8249 -1.7502 14.3407 -3.7689 -2.1041
2 24 13.0928 -6.0813 -4.5806 13.3557 -7.558 -3.03
2 24 14.0586 -4.8249 -1.7502 14.126 -5.6541 -1.1177
2 24 14.1378 -8.3123 -0.8177 14.6556 -8.6168 1.1829
2 24 14.5932 -6.4295 0.1186 15.0886 -6.8258 1.5748
2 24 14.3407 -3.7689 -2.1041 14.0586 -4.8249 -1.7502
2 24 14.0586 -4.8249 -1.7502 14.126 -5.6541 -1.1177
2 24 15.0886 -6.8258 1.5748 14.5932 -6.4295 0.1186
2 24 13.3557 -7.558 -3.03 14.1378 -8.3123 -0.8177
2 24 14.126 -5.6541 -1.1177 14.5932 -6.4295 0.1186
2 24 14.126 -5.6541 -1.1177 14.5932 -6.4295 0.1186
2 24 15.3642 -6.6955 2.0344 15.275 -7.2048 2.449
2 24 15.0886 -6.8258 1.5748 15.3642 -6.6955 2.0344
2 24 16.8982 -2.4766 0.7219 17.1877 -3.6022 1.5132
2 24 15.6394 -6.1982 1.8691 17.0569 -4.4776 2.0979
2 24 17.1877 -3.6022 1.5132 17.0569 -4.4776 2.0979
2 24 10.9719 -10.1861 -3.4947 10.0494 -9.4515 -5.1277
2 24 13.3557 -7.558 -3.03 13.0928 -6.0813 -4.5806
2 24 10.9719 -10.1861 -3.4947 11.96 -10.651 -1.6586
2 24 13.3557 -7.558 -3.03 14.1378 -8.3123 -0.8177
2 24 11.96 -10.651 -1.6586 13.1265 -10.9833 0.4443
2 24 14.1378 -8.3123 -0.8177 14.6556 -8.6168 1.1829
2 24 13.1265 -10.9833 0.4443 13.6251 -11.4118 2.6093
2 24 14.6556 -8.6168 1.1829 15.0116 -8.8985 2.9471
2 24 10.0494 -9.4515 -5.1277 10.9719 -10.1861 -3.4947
2 24 10.1541 -10.4104 -3.4112 10.0494 -9.4515 -5.1277
2 24 9.9223 -12.4115 1.9971 10.0882 -11.33 -0.6021
2 24 8.5479 -13.6943 1.23 8.6148 -13.0298 -1.0998
2 24 8.6148 -13.0298 -1.0998 8.6166 -11.6563 -4.6238
2 24 10.0882 -11.33 -0.6021 10.1541 -10.4104 -3.4112
2 24 10.0494 -9.4515 -5.1277 10.1541 -10.4104 -3.4112
2 24 3.4841 -13.1686 -0.7258 3.3833 -12.094 -3.4708
2 24 6.5187 -14.0043 -1.2848 6.5134 -12.7626 -4.5032
2 24 3.3833 -12.094 -3.4708 2.8808 -11.2416 -5.4962
2 24 6.5134 -12.7626 -4.5032 5.9335 -11.6857 -6.9302
2 24 2.8808 -11.2416 -5.4962 2.2033 -10.9127 -6.3638
2 24 5.9335 -11.6857 -6.9302 4.8629 -10.882 -8.2657
2 24 2.2033 -10.9127 -6.3638 1.2156 -10.5675 -7.1838
2 24 4.8629 -10.882 -8.2657 3.5165 -10.1271 -9.3262
2 24 21.4689 8.004 0.1462 20.8722 10.0477 -2.6885
2 24 20.8643 6.6156 -1.6071 19.9655 8.1995 -4.0471
2 24 20.8722 10.0477 -2.6885 20.3367 11.3728 -5.6622
2 24 19.9655 8.1995 -4.0471 19.2105 8.71 -6.3693
2 24 21.4689 8.004 0.1462 21.8502 5.5762 2.3197
2 24 20.8643 6.6156 -1.6071 21.4571 4.4077 0.3046
2 24 21.4571 4.4077 0.3046 21.0272 1.1429 1.391
2 24 21.8502 5.5762 2.3197 21.7331 1.3707 4.066
2 24 21.0272 1.1429 1.391 19.7029 -1.8227 1.8631
2 24 21.7331 1.3707 4.066 20.4001 -1.8629 4.457
2 24 17.6768 0.363 6.7978 17.4637 -2.284 6.7049
2 24 17.4637 -2.284 6.7049 18.7149 -3.9268 4.7363
2 24 20.4001 -1.8629 4.457 18.7149 -3.9268 4.7363
2 24 17.6768 0.363 6.7978 18.06 3.5165 6.5231
2 24 20.4001 -1.8629 4.457 21.7331 1.3707 4.066
2 24 18.06 3.5165 6.5231 18.7494 7.4242 5.0183
2 24 21.7331 1.3707 4.066 21.8502 5.5762 2.3197
2 24 21.8502 5.5762 2.3197 21.4689 8.004 0.1462
2 24 18.7494 7.4242 5.0183 19.3136 9.8812 2.63
2 24 -6.7879 -11.487 -5.1289 -6.1338 -10.5771 -7.2641
2 24 6.324 -14.7425 1.4748 6.3135 -14.9745 3.3168
2 24 3.6013 -14.3169 1.9246 3.8621 -15.2365 3.6544
2 24 3.5165 -10.1271 -9.3262 4.8629 -10.882 -8.2657
2 24 6.1818 -7.9113 -9.7078 7.1552 -8.8631 -8.7706
2 24 4.8629 -10.882 -8.2657 5.9335 -11.6857 -6.9302
2 24 7.1552 -8.8631 -8.7706 8.2321 -10.2834 -6.942
2 24 8.2321 -10.2834 -6.942 8.6166 -11.6563 -4.6238
2 24 5.9335 -11.6857 -6.9302 6.5134 -12.7626 -4.5032
2 24 8.6166 -11.6563 -4.6238 8.6148 -13.0298 -1.0998
2 24 6.5134 -12.7626 -4.5032 6.5187 -14.0043 -1.2848
2 24 -9.1597 -11.1401 0.2476 -9.395 -10.5427 -0.2518
2 24 -6.7879 -11.487 -5.1289 -7.0135 -12.685 -1.7411
2 24 -9.4973 -9.5665 -1.3236 -9.395 -10.5427 -0.2518
2 24 -9.4973 -9.5665 -1.3236 -9.395 -10.5427 -0.2518
2 24 -9.395 -10.5427 -0.2518 -9.1597 -11.1401 0.2476
2 24 6.1818 -7.9113 -9.7078 7.1552 -8.8631 -8.7706
2 24 6.2869 -6.7598 -9.8483 7.6989 -7.6576 -8.8105
2 24 -6.7879 -11.487 -5.1289 -7.0135 -12.685 -1.7411
2 24 -4.417 -11.8587 -3.9073 -4.7484 -12.8542 -1.173
2 24 -4.4369 -14.6849 4.6811 -4.5216 -14.3456 3.6063
2 24 -1.6427 -10.3363 -7.403 -2.9128 -10.6738 -6.6113
2 24 -3.2838 -9.2281 -10.0334 -5.1319 -9.8661 -8.7457
2 24 -5.1319 -9.8661 -8.7457 -6.1338 -10.5771 -7.2641
2 24 -6.9593 -7.6946 -9.0165 -8.4177 -8.8416 -6.3286
2 24 14.2201 14.1837 -16.3003 15.8485 14.391 -16.2903
2 24 15.8485 14.391 -16.2903 16.8661 13.0726 -14.7395
2 24 17.6254 15.8538 -9.5911 16.33 16.7299 -12.478
2 24 18.7499 14.2845 -11.6951 17.8919 14.9235 -13.4378
2 24 16.33 16.7299 -12.478 14.9713 17.2246 -14.5287
2 24 14.9713 17.2246 -14.5287 16.6573 15.6176 -15.7044
2 24 17.8919 14.9235 -13.4378 16.6573 15.6176 -15.7044
2 24 15.8485 14.391 -16.2903 16.6573 15.6176 -15.7044
2 24 15.8485 14.391 -16.2903 16.8661 13.0726 -14.7395
2 24 16.6573 15.6176 -15.7044 17.8919 14.9235 -13.4378
2 24 17.0569 -4.4776 2.0979 17.1877 -3.6022 1.5132
2 24 19.7029 -1.8227 1.8631 17.0569 -4.4776 2.0979
2 24 16.8982 -2.4766 0.7219 16.4144 -0.8694 -0.4017
2 24 17.1933 0.9365 -0.8863 16.4144 -0.8694 -0.4017
2 24 12.136 9.8043 -11.0423 11.9413 11.0056 -11.923
2 24 11.9413 11.0056 -11.923 11.9251 12.1533 -13.0048
2 24 14.2201 14.1837 -16.3003 12.667 14.2891 -15.8319
2 24 11.9251 12.1533 -13.0048 12.667 14.2891 -15.8319
2 24 10.0494 -9.4515 -5.1277 9.5123 -8.5672 -6.445
2 24 11.8945 -5.7299 -6.1319 9.5123 -8.5672 -6.445
2 24 14.6556 -8.6168 1.1829 15.0116 -8.8985 2.9471
2 24 15.275 -7.2048 2.449 15.378 -7.9563 3.3058
2 24 13.3602 -2.9455 -5.2967 13.2585 -4.1445 -5.1009
2 24 13.3602 -2.9455 -5.2967 13.0531 -3.4376 -5.6186
2 24 11.8945 -5.7299 -6.1319 13.0531 -3.4376 -5.6186
2 24 13.3602 -2.9455 -5.2967 14.693 -2.8198 -2.3578
2 24 13.2585 -4.1445 -5.1009 13.3602 -2.9455 -5.2967
2 24 14.3407 -3.7689 -2.1041 14.693 -2.8198 -2.3578
2 24 7.6989 -7.6576 -8.8105 9.5123 -8.5672 -6.445
2 24 7.1552 -8.8631 -8.7706 8.2321 -10.2834 -6.942
2 24 1.683 -14.2939 -0.4489 1.9019 -15.1842 2.0456
2 24 -0.0086 -15.1417 1.9032 1.9019 -15.1842 2.0456
2 24 1.683 -14.2939 -0.4489 1.5531 -13.6453 -3.1199
2 24 1.5531 -13.6453 -3.1199 1.3004 -12.9466 -5.0363
2 24 -14.0285 7.0322 -7.9208 -13.7622 7.891 -8.1973
2 24 -14.473 7.1684 -7.9683 -14.3468 8.0196 -8.3006
2 24 -13.3091 6.0554 -8.4204 -14.3385 5.5521 -7.5225
2 24 -14.6703 6.1126 -7.5056 -14.0285 7.0322 -7.9208
2 24 -14.0285 7.0322 -7.9208 -13.7622 7.891 -8.1973
2 24 -13.9246 11.6458 -8.8017 -13.7418 11.1498 -8.5887
2 24 -13.8443 12.3477 -9.3165 -14.293 12.0487 -9.0348
2 24 -13.9246 11.6458 -8.8017 -14.293 12.0487 -9.0348
2 24 -14.293 12.0487 -9.0348 -13.9246 11.6458 -8.8017
2 24 -13.9246 11.6458 -8.8017 -13.7418 11.1498 -8.5887
2 24 -14.4568 11.1594 -9.2568 -13.7418 11.1498 -8.5887
2 24 -13.8239 9.2532 -8.3159 -13.6912 10.6904 -8.4371
2 24 -13.7622 7.891 -8.1973 -13.8239 9.2532 -8.3159
2 24 -13.7622 7.891 -8.1973 -13.8239 9.2532 -8.3159
2 24 -13.7418 11.1498 -8.5887 -13.6912 10.6904 -8.4371
2 24 -13.7418 11.1498 -8.5887 -13.6912 10.6904 -8.4371
2 24 -13.7418 11.1498 -8.5887 -14.4568 11.1594 -9.2568
2 24 -1.1349 -12.3973 -6.0137 -0.2116 -12.3459 -6.2405
2 24 -1.6427 -10.3363 -7.403 -0.1819 -10.3161 -7.6656
2 24 -1.1349 -12.3973 -6.0137 -1.7413 -12.3945 -5.7132
2 24 -1.6427 -10.3363 -7.403 -2.9128 -10.6738 -6.6113
2 24 -0.2116 -12.3459 -6.2405 0.5097 -12.4884 -6.0206
2 24 -0.1819 -10.3161 -7.6656 1.2156 -10.5675 -7.1838
2 24 1.2156 -10.5675 -7.1838 2.2033 -10.9127 -6.3638
2 24 1.5531 -13.6453 -3.1199 1.3004 -12.9466 -5.0363
2 24 3.3833 -12.094 -3.4708 2.8808 -11.2416 -5.4962
2 24 -2.0606 -14.1054 -0.4443 -2.0254 -13.5349 -3.0726
2 24 -4.7484 -12.8542 -1.173 -4.417 -11.8587 -3.9073
2 24 1.3004 -12.9466 -5.0363 0.5097 -12.4884 -6.0206
2 24 -1.1349 -12.3973 -6.0137 -0.2116 -12.3459 -6.2405
2 24 1.5531 -13.6453 -3.1199 1.683 -14.2939 -0.4489
2 24 3.3833 -12.094 -3.4708 3.4841 -13.1686 -0.7258
2 24 8.6148 -13.0298 -1.0998 8.5479 -13.6943 1.23
2 24 6.5187 -14.0043 -1.2848 6.324 -14.7425 1.4748
2 24 1.683 -14.2939 -0.4489 1.9019 -15.1842 2.0456
2 24 3.4841 -13.1686 -0.7258 3.6013 -14.3169 1.9246
2 24 -2.0254 -13.5349 -3.0726 -2.0606 -14.1054 -0.4443
2 24 -2.0254 -13.5349 -3.0726 -1.8924 -12.884 -4.9332
2 24 -1.1349 -12.3973 -6.0137 -1.7413 -12.3945 -5.7132
2 24 -1.8924 -12.884 -4.9332 -1.7413 -12.3945 -5.7132
2 24 0.5097 -12.4884 -6.0206 -0.2116 -12.3459 -6.2405
2 24 -2.9128 -10.6738 -6.6113 -3.6144 -11.08 -5.7247
2 24 -5.1319 -9.8661 -8.7457 -6.1338 -10.5771 -7.2641
2 24 -1.7413 -12.3945 -5.7132 -1.8924 -12.884 -4.9332
2 24 -2.9128 -10.6738 -6.6113 -3.6144 -11.08 -5.7247
2 24 -4.417 -11.8587 -3.9073 -3.6144 -11.08 -5.7247
2 24 -6.7879 -11.487 -5.1289 -6.1338 -10.5771 -7.2641
2 24 -2.0254 -13.5349 -3.0726 -1.8924 -12.884 -4.9332
2 24 -4.417 -11.8587 -3.9073 -3.6144 -11.08 -5.7247
2 24 -4.7484 -12.8542 -1.173 -4.6222 -13.7635 1.6705
2 24 -7.0135 -12.685 -1.7411 -6.4343 -13.6077 1.5893
2 24 -2.0606 -14.1054 -0.4443 -2.0408 -15.3149 2.4077
2 24 -4.7484 -12.8542 -1.173 -4.6222 -13.7635 1.6705
2 24 -0.0086 -15.1417 1.9032 -2.0408 -15.3149 2.4077
2 24 -2.0606 -14.1054 -0.4443 -2.0408 -15.3149 2.4077
2 24 3.4841 -13.1686 -0.7258 3.6013 -14.3169 1.9246
2 24 6.5187 -14.0043 -1.2848 6.324 -14.7425 1.4748
2 24 -11.9252 -10.389 0.1011 -13.0342 -8.7735 -0.9265
2 24 -13.0342 -8.7735 -0.9265 -13.45 -7.53 -2.3005
2 24 -13.45 -7.53 -2.3005 -13.7873 -5.794 -4.1554
2 24 -13.7873 -5.794 -4.1554 -13.6515 -4.32 -5.3079
2 24 -13.4035 -3.6532 -5.7216 -13.6515 -4.32 -5.3079
2 24 -15.6716 -5.6955 0.9902 -15.7985 -4.0833 -0.6627
2 24 -14.7687 -6.9825 -1.2468 -15.2065 -5.3619 -2.6398
2 24 -14.425 -3.3871 -4.6058 -13.4035 -3.6532 -5.7216
2 24 -13.6515 -4.32 -5.3079 -13.4035 -3.6532 -5.7216
2 24 -15.1922 -4.193 -3.2546 -15.0154 -3.5351 -3.5963
2 24 -14.425 -3.3871 -4.6058 -15.0154 -3.5351 -3.5963
2 24 -15.0154 -3.5351 -3.5963 -15.1922 -4.193 -3.2546
2 24 -15.5272 -2.8264 -1.4364 -15.7985 -4.0833 -0.6627
2 24 -15.2065 -5.3619 -2.6398 -15.1922 -4.193 -3.2546
2 24 -9.1597 -11.1401 0.2476 -8.1894 -12.4732 1.3415
2 24 -13.6515 -4.32 -5.3079 -13.7873 -5.794 -4.1554
2 24 -13.7873 -5.794 -4.1554 -13.45 -7.53 -2.3005
2 24 -15.2065 -5.3619 -2.6398 -14.7687 -6.9825 -1.2468
2 24 -15.6716 -5.6955 0.9902 -15.2836 -6.9736 2.5591
2 24 -14.7687 -6.9825 -1.2468 -14.1654 -8.35 0.1233
2 24 -15.6716 -5.6955 0.9902 -15.2836 -6.9736 2.5591
2 24 -18.687 -5.0268 2.8765 -17.5201 -6.4361 4.4755
2 24 17.5159 10.015 -11.4833 17.6094 10.9037 -12.1487
2 24 17.6094 10.9037 -12.1487 17.8548 11.6178 -12.5132
2 24 17.8548 11.6178 -12.5132 18.3439 11.7159 -11.8248
2 24 18.3439 11.7159 -11.8248 18.7491 11.2444 -10.712
2 24 18.7491 11.2444 -10.712 18.9283 10.3183 -9.9295
2 24 18.6718 9.4119 -9.8158 18.0935 9.5171 -10.4938
2 24 18.9283 10.3183 -9.9295 18.6718 9.4119 -9.8158
2 24 17.5159 10.015 -11.4833 18.0935 9.5171 -10.4938
2 24 -15.0076 6.6886 -7.9855 -16.0959 7.0455 -8.549
2 24 -14.473 7.1684 -7.9683 -15.0076 6.6886 -7.9855
2 24 -14.473 7.1684 -7.9683 -14.3468 8.0196 -8.3006
2 24 -14.3468 8.0196 -8.3006 -14.8856 8.7572 -8.6642
2 24 -14.8856 8.7572 -8.6642 -15.9015 9.1913 -9.2295
2 24 -15.9015 9.1913 -9.2295 -17.1045 8.621 -9.5458
2 24 -16.0959 7.0455 -8.549 -16.806 7.7196 -9.0644
2 24 -17.1045 8.621 -9.5458 -16.806 7.7196 -9.0644
2 24 11.4452 10.7039 -9.9799 11.4036 11.017 -10.4474
2 24 11.4036 11.017 -10.4474 11.5019 11.1263 -10.8502
2 24 11.5019 11.1263 -10.8502 11.6479 11.1663 -11.2846
2 24 11.8643 10.1682 -10.5002 11.6479 11.1663 -11.2846
2 24 11.4452 10.7039 -9.9799 11.4628 10.2575 -9.5117
2 24 11.4628 10.2575 -9.5117 11.5944 9.6355 -9.3886
2 24 12.0341 8.8516 -9.9819 11.6752 8.4461 -8.9187
2 24 11.5944 9.6355 -9.3886 11.4628 10.2575 -9.5117
2 24 11.4628 10.2575 -9.5117 11.4452 10.7039 -9.9799
2 24 12.0341 8.8516 -9.9819 12.136 9.8043 -11.0423
2 24 11.8643 10.1682 -10.5002 11.6479 11.1663 -11.2846
2 24 12.136 9.8043 -11.0423 11.9413 11.0056 -11.923
2 24 13.9116 26.7966 -17.6166 13.4076 27.0821 -18.3364
2 24 13.4076 27.0821 -18.3364 12.7744 27.8876 -18.7882
2 24 12.7744 27.8876 -18.7882 12.6022 29.4401 -18.7129
2 24 12.6022 29.4401 -18.7129 12.7843 30.2025 -18.1513
2 24 12.7843 30.2025 -18.1513 13.3034 29.945 -17.294
2 24 13.3034 29.945 -17.294 13.7163 28.9499 -16.7965
2 24 13.7163 28.9499 -16.7965 13.9862 27.8862 -16.7594
2 24 13.9116 26.7966 -17.6166 13.9862 27.8862 -16.7594
2 24 6.0546 29.0118 -18.6362 6.3754 28.1862 -18.9499
2 24 6.0546 29.0118 -18.6362 5.8199 29.2729 -18.3509
2 24 5.8199 29.2729 -18.3509 5.5742 29.0697 -17.9765
2 24 5.5742 29.0697 -17.9765 5.4352 28.4507 -17.5273
2 24 5.4352 28.4507 -17.5273 5.5118 27.0091 -17.3229
2 24 5.826 25.8651 -18.0052 5.6611 26.0962 -17.696
2 24 5.826 25.8651 -18.0052 6.0352 26.0564 -18.3385
2 24 6.3754 28.1862 -18.9499 6.4436 26.9024 -18.918
2 24 -6.4188 27.3321 -18.065 -6.839 27.4815 -18.59
2 24 -6.4188 27.3321 -18.065 -6.0902 27.733 -17.7347
2 24 -6.0902 27.733 -17.7347 -6.0735 28.9159 -17.5206
2 24 -6.8462 30.8486 -18.1116 -6.4267 30.2208 -17.7086
2 24 -6.8462 30.8486 -18.1116 -7.2956 31.0151 -18.5409
2 24 -7.2956 31.0151 -18.5409 -7.5224 30.5348 -18.855
2 24 -7.5224 30.5348 -18.855 -7.6488 29.6067 -19.1237
2 24 -6.839 27.4815 -18.59 -7.3031 28.058 -19.0478
2 24 -13.5299 29.8186 -18.3848 -13.3201 29.1915 -18.6542
2 24 -13.6077 26.9088 -17.8558 -13.2119 27.717 -18.623
2 24 -13.6077 26.9088 -17.8558 -13.8315 26.8178 -17.3828
2 24 -13.8315 26.8178 -17.3828 -14.0362 27.1657 -16.9912
2 24 -14.0362 27.1657 -16.9912 -14.309 28.0993 -16.5444
2 24 -14.2771 29.4795 -16.8117 -13.9989 30.3019 -17.5253
2 24 -13.9989 30.3019 -17.5253 -13.7879 30.4883 -17.9834
2 24 -13.5299 29.8186 -18.3848 -13.7879 30.4883 -17.9834
2 24 -20.9225 8.0073 -4.2292 -21.0398 7.749 -5.0023
2 24 -20.9225 8.0073 -4.2292 -20.5641 7.7486 -3.3782
2 24 -20.5641 7.7486 -3.3782 -20.1107 7.1099 -2.7139
2 24 -20.1107 7.1099 -2.7139 -19.6773 5.8858 -2.1972
2 24 -19.6773 5.8858 -2.1972 -19.9701 5.8739 -3.1698
2 24 -20.3461 6.3522 -4.1074 -20.7194 6.9242 -4.7645
2 24 -21.0398 7.749 -5.0023 -20.7194 6.9242 -4.7645
2 24 17.5159 10.015 -11.4833 18.0935 9.5171 -10.4938
2 24 17.1992 9.6097 -11.5646 17.9671 8.9648 -10.3656
2 24 17.5159 10.015 -11.4833 17.6094 10.9037 -12.1487
2 24 17.1992 9.6097 -11.5646 17.3261 10.8439 -12.5242
2 24 17.8548 11.6178 -12.5132 17.6094 10.9037 -12.1487
2 24 17.8548 11.6178 -12.5132 17.3261 10.8439 -12.5242
2 24 18.83 8.507 -7.8242 18.8205 8.8482 -9.1139
2 24 18.0935 9.5171 -10.4938 18.6718 9.4119 -9.8158
2 24 17.9671 8.9648 -10.3656 18.8205 8.8482 -9.1139
2 24 18.83 8.507 -7.8242 18.8205 8.8482 -9.1139
2 24 15.7351 6.1376 -7.2345 15.3113 6.1981 -7.6838
2 24 13.0227 6.9156 -8.4857 14.3715 6.4481 -8.3808
2 24 11.6752 8.4461 -8.9187 12.0341 8.8516 -9.9819
2 24 12.136 9.8043 -11.0423 12.0341 8.8516 -9.9819
2 24 11.6752 8.4461 -8.9187 11.3142 8.202 -7.9303
2 24 11.9413 11.0056 -11.923 11.9251 12.1533 -13.0048
2 24 11.9251 12.1533 -13.0048 12.667 14.2891 -15.8319
2 24 20.4001 -1.8629 4.457 18.7149 -3.9268 4.7363
2 24 18.2641 -4.2273 3.4111 18.7149 -3.9268 4.7363
2 24 20.014 12.5339 -7.1735 19.479 13.427 -9.3675
2 24 18.7499 14.2845 -11.6951 19.479 13.427 -9.3675
2 24 17.6254 15.8538 -9.5911 18.4883 14.5957 -6.0054
2 24 19.479 13.427 -9.3675 20.014 12.5339 -7.1735
2 24 12.2982 15.4848 -15.6593 12.7145 15.7247 -15.9184
2 24 12.667 14.2891 -15.8319 12.2982 15.4848 -15.6593
2 24 -14.8951 6.3898 -7.7623 -16.2622 6.7345 -8.4442
2 24 -15.0076 6.6886 -7.9855 -16.0959 7.0455 -8.549
2 24 -14.473 7.1684 -7.9683 -15.0076 6.6886 -7.9855
2 24 -16.0959 7.0455 -8.549 -16.806 7.7196 -9.0644
2 24 -16.2622 6.7345 -8.4442 -17.1513 7.5448 -9.1015
2 24 -16.806 7.7196 -9.0644 -17.1045 8.621 -9.5458
2 24 -17.1513 7.5448 -9.1015 -17.7751 8.7404 -9.7809
2 24 -14.3468 8.0196 -8.3006 -14.8856 8.7572 -8.6642
2 24 -14.8856 8.7572 -8.6642 -15.9015 9.1913 -9.2295
2 24 -14.4568 11.1594 -9.2568 -15.3334 11.3674 -9.6824
2 24 -17.8845 5.017 -6.1176 -18.8485 6.318 -7.3374
2 24 -20.3706 6.1248 -4.2166 -20.7732 6.7605 -5.0566
2 24 -16.2622 6.7345 -8.4442 -17.1513 7.5448 -9.1015
2 24 -17.8845 5.017 -6.1176 -18.8485 6.318 -7.3374
2 24 -15.5688 5.1292 -6.5996 -14.6703 6.1126 -7.5056
2 24 -14.6703 6.1126 -7.5056 -14.8951 6.3898 -7.7623
2 24 -16.2622 6.7345 -8.4442 -14.8951 6.3898 -7.7623
2 24 -14.293 12.0487 -9.0348 -15.102 12.3778 -9.4551
2 24 -14.4568 11.1594 -9.2568 -15.3334 11.3674 -9.6824
2 24 -15.102 12.3778 -9.4551 -14.293 12.0487 -9.0348
2 24 -14.293 12.0487 -9.0348 -13.8443 12.3477 -9.3165
2 24 -15.102 12.3778 -9.4551 -16.5635 13.0682 -9.9091
2 24 -15.3334 11.3674 -9.6824 -17.1504 12.0516 -10.3687
2 24 -16.5635 13.0682 -9.9091 -17.9274 14.0415 -9.5744
2 24 -17.1504 12.0516 -10.3687 -19.4152 12.9041 -10.9344
2 24 -19.4152 12.9041 -10.9344 -17.1504 12.0516 -10.3687
2 24 -19.4152 12.9041 -10.9344 -20.2327 12.1028 -11.1362
2 24 -20.2327 12.1028 -11.1362 -18.5723 9.8922 -10.3175
2 24 -18.5723 9.8922 -10.3175 -20.2327 12.1028 -11.1362
2 24 -20.8404 9.4027 -9.141 -21.843 11.7645 -10.2576
2 24 -20.2327 12.1028 -11.1362 -21.843 11.7645 -10.2576
2 24 -22.1741 9.5877 -6.9916 -22.8085 10.9236 -7.6201
2 24 -19.4152 12.9041 -10.9344 -19.6759 13.9377 -9.9753
2 24 -17.9274 14.0415 -9.5744 -18.6038 14.4595 -8.9247
2 24 10.9763 13.4663 -11.9116 11.8981 15.2245 -14.8909
2 24 11.8981 15.2245 -14.8909 12.2982 15.4848 -15.6593
2 24 12.667 14.2891 -15.8319 12.2982 15.4848 -15.6593
2 24 10.5261 14.2579 -12.4963 9.7048 15.8404 -14.0141
2 24 10.5261 14.2579 -12.4963 10.9763 13.4663 -11.9116
2 24 10.9763 13.4663 -11.9116 10.777 13.0554 -10.9548
2 24 11.8981 15.2245 -14.8909 12.2982 15.4848 -15.6593
2 24 15.8485 14.391 -16.2903 16.6573 15.6176 -15.7044
2 24 13.6987 16.6272 -15.4282 14.9713 17.2246 -14.5287
2 24 16.6573 15.6176 -15.7044 14.9713 17.2246 -14.5287
2 24 15.8485 14.391 -16.2903 14.2201 14.1837 -16.3003
2 24 12.5886 25.9866 -11.1544 13.1284 24.0915 -10.653
2 24 -9.5632 14.5613 -8.8483 -10.5864 13.7411 -7.545
2 24 -12.151 12.8133 -8.8089 -10.5864 13.7411 -7.545
2 24 -11.8613 13.6743 -11.9205 -10.2164 15.1881 -13.973
2 24 -12.9696 23.4229 -16.5119 -13.2703 25.2246 -17.021
2 24 -15.1312 18.9167 -14.7291 -13.8968 20.5036 -15.765
2 24 -15.1312 18.9167 -14.7291 -17.2425 17.0552 -12.0865
2 24 -18.6066 15.3889 -8.3483 -18.1747 16.1485 -9.8939
2 24 14.3768 18.8254 -15.4411 14.9713 17.2246 -14.5287
2 24 13.6987 16.6272 -15.4282 14.9713 17.2246 -14.5287
2 24 6.9951 17.9696 -11.1299 5.8796 20.451 -12.7249
2 24 8.3613 18.3011 -15.6696 7.6843 20.0317 -16.3538
2 24 13.6231 1.4283 13.1982 14.2767 3.3751 12.6454
2 24 13.2332 2.2574 13.3224 13.6231 1.4283 13.1982
2 24 19.1402 -5.543 5.4372 18.3794 -4.4867 8.6768
2 24 17.3801 -7.9401 6.0417 17.2065 -7.0954 10.1662
2 24 18.3794 -4.4867 8.6768 17.8609 -3.8072 9.7768
2 24 13.6715 -2.6771 16.1334 12.4921 -1.1702 16.7592
2 24 15.3113 6.1981 -7.6838 14.3715 6.4481 -8.3808
2 24 18.8205 8.8482 -9.1139 17.9671 8.9648 -10.3656
2 24 17.9671 8.9648 -10.3656 17.1992 9.6097 -11.5646
2 24 17.1992 9.6097 -11.5646 17.3261 10.8439 -12.5242
2 24 17.3261 10.8439 -12.5242 17.8548 11.6178 -12.5132
2 24 16.8661 13.0726 -14.7395 17.8548 11.6178 -12.5132
2 24 16.8661 13.0726 -14.7395 17.8548 11.6178 -12.5132
2 24 17.8548 11.6178 -12.5132 18.3439 11.7159 -11.8248
2 24 17.8919 14.9235 -13.4378 18.7499 14.2845 -11.6951
2 24 18.3439 11.7159 -11.8248 18.7491 11.2444 -10.712
2 24 19.479 13.427 -9.3675 18.7499 14.2845 -11.6951
2 24 18.9283 10.3183 -9.9295 18.7491 11.2444 -10.712
2 24 6.4436 26.9024 -18.918 6.3754 28.1862 -18.9499
2 24 6.0546 29.0118 -18.6362 5.8199 29.2729 -18.3509
2 24 5.8199 29.2729 -18.3509 6.1129 31.8736 -18.5963
2 24 6.1129 31.8736 -18.5963 5.8199 29.2729 -18.3509
2 24 5.5742 29.0697 -17.9765 5.8199 29.2729 -18.3509
2 24 5.5742 29.0697 -17.9765 5.4352 28.4507 -17.5273
2 24 5.3077 31.759 -16.159 5.0596 28.8391 -14.8898
2 24 5.4352 28.4507 -17.5273 5.5118 27.0091 -17.3229
2 24 13.7163 28.9499 -16.7965 13.9862 27.8862 -16.7594
2 24 14.4554 29.5862 -14.8799 14.746 27.8587 -14.3394
2 24 13.7163 28.9499 -16.7965 13.3034 29.945 -17.294
2 24 14.4554 29.5862 -14.8799 13.4657 31.9528 -15.8195
2 24 12.7843 30.2025 -18.1513 12.6022 29.4401 -18.7129
2 24 11.8699 31.9517 -18.7489 12.6022 29.4401 -18.7129
2 24 12.6022 29.4401 -18.7129 12.7744 27.8876 -18.7882
2 24 12.7744 27.8876 -18.7882 13.4076 27.0821 -18.3364
2 24 10.9557 35.7411 -17.2942 11.8611 34.8447 -16.961
2 24 10.9557 35.7411 -17.2942 10.8136 35.5543 -18.3255
2 24 10.8136 35.5543 -18.3255 11.3092 34.3353 -18.5549
2 24 8.6828 35.5046 -18.8447 10.8136 35.5543 -18.3255
2 24 10.8136 35.5543 -18.3255 11.3092 34.3353 -18.5549
2 24 6.5204 34.1585 -18.7243 6.935 35.3362 -18.4692
2 24 5.8936 34.4227 -17.0679 6.5352 35.513 -17.1704
2 24 6.935 35.3362 -18.4692 6.5352 35.513 -17.1704
2 24 10.9557 35.7411 -17.2942 10.8136 35.5543 -18.3255
2 24 8.6828 35.5046 -18.8447 10.8136 35.5543 -18.3255
2 24 13.4657 31.9528 -15.8195 11.8611 34.8447 -16.961
2 24 11.8699 31.9517 -18.7489 11.3092 34.3353 -18.5549
2 24 6.1129 31.8736 -18.5963 6.5204 34.1585 -18.7243
2 24 6.1129 31.8736 -18.5963 6.5204 34.1585 -18.7243
2 24 5.3077 31.759 -16.159 5.8936 34.4227 -17.0679
2 24 14.746 27.8587 -14.3394 14.9492 25.6385 -13.9077
2 24 15.8821 -0.6526 10.8578 16.6697 -1.4842 8.877
2 24 15.8821 -0.6526 10.8578 16.229 2.1543 10.8098
2 24 17.4637 -2.284 6.7049 17.6768 0.363 6.7978
2 24 16.6697 -1.4842 8.877 17.4637 -2.284 6.7049
2 24 17.6768 0.363 6.7978 18.06 3.5165 6.5231
2 24 16.229 2.1543 10.8098 16.6776 5.8078 10.4866
2 24 18.06 3.5165 6.5231 18.7494 7.4242 5.0183
2 24 16.6776 5.8078 10.4866 17.1495 10.0136 9.2909
2 24 17.1495 10.0136 9.2909 17.9205 13.0675 6.7375
2 24 18.7494 7.4242 5.0183 19.3136 9.8812 2.63
2 24 17.9205 13.0675 6.7375 18.1658 15.4893 2.7784
2 24 19.3136 9.8812 2.63 19.4834 12.0961 -0.538
2 24 19.4834 12.0961 -0.538 18.7756 13.9747 -3.9065
2 24 18.1658 15.4893 2.7784 18.315 16.6934 -1.0021
2 24 18.315 16.6934 -1.0021 18.2262 17.3391 -3.3297
2 24 18.7756 13.9747 -3.9065 18.4883 14.5957 -6.0054
2 24 18.2262 17.3391 -3.3297 17.5543 18.5349 -7.6427
2 24 18.4883 14.5957 -6.0054 17.6254 15.8538 -9.5911
2 24 16.33 16.7299 -12.478 14.9713 17.2246 -14.5287
2 24 14.9713 17.2246 -14.5287 14.3768 18.8254 -15.4411
2 24 17.5543 18.5349 -7.6427 16.636 19.8021 -10.4353
2 24 17.6254 15.8538 -9.5911 16.33 16.7299 -12.478
2 24 16.0246 19.2611 -2.3209 15.9674 18.5148 0.2865
2 24 13.0201 18.7613 -2.127 13.2067 18.0117 0.5632
2 24 10.8818 20.5349 -7.6229 12.1298 19.7896 -5.4302
2 24 14.7895 21.6137 -8.499 15.534 20.5369 -6.2307
2 24 10.8818 20.5349 -7.6229 9.6288 21.3407 -9.0898
2 24 14.7895 21.6137 -8.499 13.9623 22.6634 -9.7369
2 24 13.9862 27.8862 -16.7594 13.9116 26.7966 -17.6166
2 24 13.4076 27.0821 -18.3364 13.9116 26.7966 -17.6166
2 24 13.9116 26.7966 -17.6166 13.5996 25.5401 -17.7369
2 24 16.636 19.8021 -10.4353 15.8237 21.2963 -11.9964
2 24 12.2982 15.4848 -15.6593 12.7145 15.7247 -15.9184
2 24 12.7145 15.7247 -15.9184 11.7766 16.7196 -17.3178
2 24 13.6987 16.6272 -15.4282 12.7145 15.7247 -15.9184
2 24 11.7766 16.7196 -17.3178 11.1878 18.717 -17.6063
2 24 11.0707 19.2711 -17.9613 10.9039 20.1135 -18.9189
2 24 10.9039 20.1135 -18.9189 10.5818 21.8517 -19.0381
2 24 10.5818 21.8517 -19.0381 10.2583 23.4277 -19.7963
2 24 13.7036 20.4671 -16.4941 13.4463 21.879 -16.9894
2 24 9.7048 15.8404 -14.0141 8.3613 18.3011 -15.6696
2 24 7.0492 22.0992 -16.8691 7.6843 20.0317 -16.3538
2 24 13.4463 21.879 -16.9894 13.7036 20.4671 -16.4941
2 24 14.3768 18.8254 -15.4411 13.7036 20.4671 -16.4941
2 24 12.667 14.2891 -15.8319 14.2201 14.1837 -16.3003
2 24 12.7145 15.7247 -15.9184 13.6987 16.6272 -15.4282
2 24 14.3768 18.8254 -15.4411 13.7036 20.4671 -16.4941
2 24 15.8237 21.2963 -11.9964 15.1636 23.2307 -13.1127
2 24 13.1284 24.0915 -10.653 13.9623 22.6634 -9.7369
2 24 13.5996 25.5401 -17.7369 13.3984 23.3374 -17.3062
2 24 13.4463 21.879 -16.9894 13.3984 23.3374 -17.3062
2 24 13.4463 21.879 -16.9894 13.3984 23.3374 -17.3062
2 24 14.9492 25.6385 -13.9077 15.1636 23.2307 -13.1127
2 24 5.826 25.8651 -18.0052 6.0352 26.0564 -18.3385
2 24 7.0492 22.0992 -16.8691 5.826 25.8651 -18.0052
2 24 13.3984 23.3374 -17.3062 13.5996 25.5401 -17.7369
2 24 9.7519 25.996 -20.1139 10.2583 23.4277 -19.7963
2 24 12.5886 25.9866 -11.1544 12.0995 29.4174 -11.5667
2 24 -7.5224 30.5348 -18.855 -7.6488 29.6067 -19.1237
2 24 13.9116 26.7966 -17.6166 13.5996 25.5401 -17.7369
2 24 6.3754 28.1862 -18.9499 6.0546 29.0118 -18.6362
2 24 -6.4267 30.2208 -17.7086 -6.8462 30.8486 -18.1116
2 24 -5.8096 31.3387 -15.4075 -6.3777 32.999 -16.0873
2 24 -6.0902 27.733 -17.7347 -6.0735 28.9159 -17.5206
2 24 -6.839 27.4815 -18.59 -7.3031 28.058 -19.0478
2 24 -13.6077 26.9088 -17.8558 -13.2119 27.717 -18.623
2 24 -14.3813 29.7397 -14.2947 -14.1299 26.7748 -13.2538
2 24 -14.309 28.0993 -16.5444 -14.0362 27.1657 -16.9912
2 24 -13.9989 30.3019 -17.5253 -14.2771 29.4795 -16.8117
2 24 -14.3813 29.7397 -14.2947 -14.3098 32.0109 -15.3322
2 24 -12.151 12.8133 -8.8089 -13.1935 12.4004 -9.4342
2 24 -13.8443 12.3477 -9.3165 -13.1935 12.4004 -9.4342
2 24 -15.102 12.3778 -9.4551 -16.5635 13.0682 -9.9091
2 24 -16.5635 13.0682 -9.9091 -17.9274 14.0415 -9.5744
2 24 -18.6066 15.3889 -8.3483 -18.7721 14.8476 -7.6833
2 24 -18.7721 14.8476 -7.6833 -18.9515 14.5528 -7.7261
2 24 -18.9515 14.5528 -7.7261 -18.6038 14.4595 -8.9247
2 24 -17.2425 17.0552 -12.0865 -18.1747 16.1485 -9.8939
2 24 -13.8443 12.3477 -9.3165 -13.1935 12.4004 -9.4342
2 24 -11.8613 13.6743 -11.9205 -13.1935 12.4004 -9.4342
2 24 -17.1045 8.621 -9.5458 -15.9015 9.1913 -9.2295
2 24 -15.3334 11.3674 -9.6824 -17.1504 12.0516 -10.3687
2 24 -17.1513 7.5448 -9.1015 -17.7751 8.7404 -9.7809
2 24 -18.8485 6.318 -7.3374 -19.9919 8.0796 -8.4175
2 24 -18.8485 6.318 -7.3374 -19.9919 8.0796 -8.4175
2 24 -20.7732 6.7605 -5.0566 -21.367 7.9125 -5.9995
2 24 -14.1299 26.7748 -13.2538 -14.0611 25.0736 -12.803
2 24 -13.2703 25.2246 -17.021 -12.9696 23.4229 -16.5119
2 24 -17.2425 17.0552 -12.0865 -18.1747 16.1485 -9.8939
2 24 -16.7495 19.7643 -9.7813 -17.5773 18.677 -7.2263
2 24 8.5852 15.0654 -9.7502 6.9951 17.9696 -11.1299
2 24 8.3613 18.3011 -15.6696 9.7048 15.8404 -14.0141
2 24 8.3613 18.3011 -15.6696 7.6843 20.0317 -16.3538
2 24 5.826 25.8651 -18.0052 7.0492 22.0992 -16.8691
2 24 5.0938 26.2692 -14.2674 5.3522 22.7895 -13.6718
2 24 5.8796 20.451 -12.7249 5.3522 22.7895 -13.6718
2 24 7.6843 20.0317 -16.3538 7.0492 22.0992 -16.8691
2 24 15.8821 -0.6526 10.8578 16.229 2.1543 10.8098
2 24 14.7757 0.2582 12.2385 15.8821 -0.6526 10.8578
2 24 16.229 2.1543 10.8098 16.6776 5.8078 10.4866
2 24 14.2767 3.3751 12.6454 14.7347 7.0788 12.0129
2 24 16.6776 5.8078 10.4866 17.1495 10.0136 9.2909
2 24 14.7347 7.0788 12.0129 14.7853 11.3376 10.5815
2 24 17.1495 10.0136 9.2909 17.9205 13.0675 6.7375
2 24 14.7853 11.3376 10.5815 14.9202 14.3625 8.3448
2 24 15.9674 18.5148 0.2865 16.0246 19.2611 -2.3209
2 24 18.315 16.6934 -1.0021 18.2262 17.3391 -3.3297
2 24 16.0246 19.2611 -2.3209 15.534 20.5369 -6.2307
2 24 18.2262 17.3391 -3.3297 17.5543 18.5349 -7.6427
2 24 17.5543 18.5349 -7.6427 16.636 19.8021 -10.4353
2 24 15.534 20.5369 -6.2307 14.7895 21.6137 -8.499
2 24 16.636 19.8021 -10.4353 15.8237 21.2963 -11.9964
2 24 14.7895 21.6137 -8.499 13.9623 22.6634 -9.7369
2 24 15.8237 21.2963 -11.9964 15.1636 23.2307 -13.1127
2 24 13.9623 22.6634 -9.7369 13.1284 24.0915 -10.653
2 24 15.1636 23.2307 -13.1127 14.9492 25.6385 -13.9077
2 24 13.1284 24.0915 -10.653 12.5886 25.9866 -11.1544
2 24 14.9492 25.6385 -13.9077 14.746 27.8587 -14.3394
2 24 12.5886 25.9866 -11.1544 12.0995 29.4174 -11.5667
2 24 14.746 27.8587 -14.3394 14.4554 29.5862 -14.8799
2 24 14.4554 29.5862 -14.8799 13.4657 31.9528 -15.8195
2 24 12.0995 29.4174 -11.5667 11.0934 32.7123 -13.087
2 24 13.4657 31.9528 -15.8195 11.8611 34.8447 -16.961
2 24 11.0934 32.7123 -13.087 10.0753 35.0508 -14.8881
2 24 11.8611 34.8447 -16.961 10.9557 35.7411 -17.2942
2 24 10.9557 35.7411 -17.2942 9.5741 35.8808 -15.8497
2 24 10.0753 35.0508 -14.8881 9.5741 35.8808 -15.8497
2 24 12.0995 29.4174 -11.5667 11.0934 32.7123 -13.087
2 24 11.0934 32.7123 -13.087 10.0753 35.0508 -14.8881
2 24 7.6836 35.7152 -16.1696 9.5741 35.8808 -15.8497
2 24 10.0753 35.0508 -14.8881 9.5741 35.8808 -15.8497
2 24 14.2767 3.3751 12.6454 14.7347 7.0788 12.0129
2 24 12.906 3.8954 13.2267 12.7892 7.6392 12.3985
2 24 12.92 14.7981 7.8956 11.5263 15.7809 9.3808
2 24 12.92 14.7981 7.8956 12.2635 11.978 10.5239
2 24 12.2635 11.978 10.5239 11.0912 13.0552 11.8062
2 24 12.92 14.7981 7.8956 12.2635 11.978 10.5239
2 24 14.9202 14.3625 8.3448 14.7853 11.3376 10.5815
2 24 14.9202 14.3625 8.3448 15.3079 17.0123 4.4896
2 24 21.4689 8.004 0.1462 20.8722 10.0477 -2.6885
2 24 19.3136 9.8812 2.63 19.4834 12.0961 -0.538
2 24 20.8722 10.0477 -2.6885 20.3367 11.3728 -5.6622
2 24 19.4834 12.0961 -0.538 18.7756 13.9747 -3.9065
2 24 19.2105 8.71 -6.3693 18.83 8.507 -7.8242
2 24 20.3367 11.3728 -5.6622 20.014 12.5339 -7.1735
2 24 20.014 12.5339 -7.1735 20.3367 11.3728 -5.6622
2 24 18.4883 14.5957 -6.0054 18.7756 13.9747 -3.9065
2 24 14.9202 14.3625 8.3448 15.3079 17.0123 4.4896
2 24 17.9205 13.0675 6.7375 18.1658 15.4893 2.7784
2 24 15.9674 18.5148 0.2865 15.3079 17.0123 4.4896
2 24 18.315 16.6934 -1.0021 18.1658 15.4893 2.7784
2 24 -6.8462 30.8486 -18.1116 -7.2956 31.0151 -18.5409
2 24 -8.0608 33.3435 -18.7532 -7.2956 31.0151 -18.5409
2 24 -7.2956 31.0151 -18.5409 -8.0608 33.3435 -18.7532
2 24 -7.5224 30.5348 -18.855 -7.2956 31.0151 -18.5409
2 24 -13.5299 29.8186 -18.3848 -13.7879 30.4883 -17.9834
2 24 -13.3822 32.9438 -18.1916 -13.7879 30.4883 -17.9834
2 24 -13.9989 30.3019 -17.5253 -13.7879 30.4883 -17.9834
2 24 -13.7879 30.4883 -17.9834 -13.3822 32.9438 -18.1916
2 24 -17.7751 8.7404 -9.7809 -18.5723 9.8922 -10.3175
2 24 -18.5723 9.8922 -10.3175 -17.7751 8.7404 -9.7809
2 24 -20.8404 9.4027 -9.141 -19.9919 8.0796 -8.4175
2 24 -20.8404 9.4027 -9.141 -19.9919 8.0796 -8.4175
2 24 -22.1741 9.5877 -6.9916 -21.367 7.9125 -5.9995
2 24 -20.8404 9.4027 -9.141 -21.843 11.7645 -10.2576
2 24 -22.8085 10.9236 -7.6201 -22.7357 12.1546 -9.249
2 24 -21.843 11.7645 -10.2576 -22.7357 12.1546 -9.249
2 24 -13.2146 16.1267 -15.0077 -11.6725 17.2872 -17.5654
2 24 -11.6725 17.2872 -17.5654 -11.1061 17.9747 -17.8563
2 24 -11.1061 17.9747 -17.8563 -10.6372 18.6944 -17.7783
2 24 -10.6372 18.6944 -17.7783 -10.2349 19.3663 -17.8112
2 24 -10.0381 19.8948 -18.2029 -9.9514 20.9278 -19.2173
2 24 -9.9514 20.9278 -19.2173 -9.6883 22.9481 -18.8628
2 24 -9.6883 22.9481 -18.8628 -9.7528 23.8783 -19.7318
2 24 -9.7528 23.8783 -19.7318 -9.8748 24.8906 -19.9802
2 24 -9.8748 24.8906 -19.9802 -10.0431 26.1665 -19.9266
2 24 -13.8968 20.5036 -15.765 -13.3254 21.6956 -16.1802
2 24 -13.3254 21.6956 -16.1802 -13.8968 20.5036 -15.765
2 24 -14.2442 23.3957 -12.3575 -15.3709 21.3885 -11.4028
2 24 -12.9696 23.4229 -16.5119 -13.3254 21.6956 -16.1802
2 24 -12.9696 23.4229 -16.5119 -13.3254 21.6956 -16.1802
2 24 -14.0611 25.0736 -12.803 -14.2442 23.3957 -12.3575
2 24 -13.2703 25.2246 -17.021 -13.8315 26.8178 -17.3828
2 24 -14.0362 27.1657 -16.9912 -13.8315 26.8178 -17.3828
2 24 -14.309 28.0993 -16.5444 -14.2771 29.4795 -16.8117
2 24 -14.309 28.0993 -16.5444 -14.2771 29.4795 -16.8117
2 24 -13.3201 29.1915 -18.6542 -13.2119 27.717 -18.623
2 24 -7.6488 29.6067 -19.1237 -7.3031 28.058 -19.0478
2 24 -7.6488 29.6067 -19.1237 -7.3031 28.058 -19.0478
2 24 -6.0735 28.9159 -17.5206 -6.4267 30.2208 -17.7086
2 24 -6.4267 30.2208 -17.7086 -6.0735 28.9159 -17.5206
2 24 -5.8096 31.3387 -15.4075 -5.4599 29.407 -14.799
2 24 12.6022 29.4401 -18.7129 11.8699 31.9517 -18.7489
2 24 6.0352 26.0564 -18.3385 6.4436 26.9024 -18.918
2 24 5.5118 27.0091 -17.3229 5.6611 26.0962 -17.696
2 24 5.5118 27.0091 -17.3229 5.6611 26.0962 -17.696
2 24 5.0596 28.8391 -14.8898 5.0938 26.2692 -14.2674
2 24 5.826 25.8651 -18.0052 5.6611 26.0962 -17.696
2 24 6.5204 34.1585 -18.7243 6.935 35.3362 -18.4692
2 24 8.6828 35.5046 -18.8447 6.935 35.3362 -18.4692
2 24 11.3092 34.3353 -18.5549 11.8699 31.9517 -18.7489
2 24 -6.3253 25.78 -17.4541 -6.4188 27.3321 -18.065
2 24 -6.0902 27.733 -17.7347 -6.4188 27.3321 -18.065
2 24 -5.4599 29.407 -14.799 -5.4521 27.2128 -14.4106
2 24 -6.3777 32.999 -16.0873 -7.2179 34.355 -16.5801
2 24 -10.0431 26.1665 -19.9266 -10.294 27.7288 -20.0032
2 24 -13.2119 27.717 -18.623 -13.3201 29.1915 -18.6542
2 24 -13.5299 29.8186 -18.3848 -13.3201 29.1915 -18.6542
2 24 -6.5088 24.0644 -17.0564 -6.76 22.0165 -16.8623
2 24 -6.76 22.0165 -16.8623 -6.9602 20.8865 -16.7441
2 24 -7.1191 17.3278 -11.046 -6.4878 19.2504 -12.4261
2 24 -7.7328 18.5484 -16.2693 -7.2599 19.7703 -16.577
2 24 -6.9602 20.8865 -16.7441 -7.2599 19.7703 -16.577
2 24 -7.7328 18.5484 -16.2693 -8.3871 17.3461 -15.7687
2 24 -7.2599 19.7703 -16.577 -7.7328 18.5484 -16.2693
2 24 -9.1936 16.2539 -15.0239 -10.2164 15.1881 -13.973
2 24 -7.1191 17.3278 -11.046 -8.1868 15.8711 -10.1005
2 24 -7.7328 18.5484 -16.2693 -8.3871 17.3461 -15.7687
2 24 -9.5632 14.5613 -8.8483 -8.1868 15.8711 -10.1005
2 24 -11.8613 13.6743 -11.9205 -10.2164 15.1881 -13.973
2 24 -10.2164 15.1881 -13.973 -9.1936 16.2539 -15.0239
2 24 -8.3871 17.3461 -15.7687 -9.1936 16.2539 -15.0239
2 24 -5.4521 27.2128 -14.4106 -5.644 24.585 -13.967
2 24 -6.3253 25.78 -17.4541 -6.5088 24.0644 -17.0564
2 24 -6.5088 24.0644 -17.0564 -6.3253 25.78 -17.4541
2 24 -12.7104 35.8682 -16.9778 -12.6457 35.5779 -18.2238
2 24 -13.7845 33.7951 -16.0573 -12.7104 35.8682 -16.9778
2 24 -13.3822 32.9438 -18.1916 -12.6457 35.5779 -18.2238
2 24 -10.9539 35.6551 -18.7814 -12.6457 35.5779 -18.2238
2 24 -13.3822 32.9438 -18.1916 -12.6457 35.5779 -18.2238
2 24 -10.9539 35.6551 -18.7814 -9.8449 35.7198 -18.7212
2 24 -8.0608 33.3435 -18.7532 -9.1802 35.7102 -18.5794
2 24 -9.8449 35.7198 -18.7212 -9.1802 35.7102 -18.5794
2 24 -9.1802 35.7102 -18.5794 -8.7636 35.7531 -18.09
2 24 -8.0608 33.3435 -18.7532 -9.1802 35.7102 -18.5794
2 24 -8.7636 35.7531 -18.09 -8.4059 35.8738 -17.0546
2 24 -7.2179 34.355 -16.5801 -8.4059 35.8738 -17.0546
2 24 -8.7636 35.7531 -18.09 -9.1802 35.7102 -18.5794
2 24 -9.8449 35.7198 -18.7212 -10.9539 35.6551 -18.7814
2 24 -10.9539 35.6551 -18.7814 -12.6457 35.5779 -18.2238
2 24 -21.367 7.9125 -5.9995 -22.1741 9.5877 -6.9916
2 24 -21.0398 7.749 -5.0023 -20.7194 6.9242 -4.7645
2 24 -21.367 7.9125 -5.9995 -20.7732 6.7605 -5.0566
2 24 -20.7732 6.7605 -5.0566 -20.3706 6.1248 -4.2166
2 24 -20.3461 6.3522 -4.1074 -20.7194 6.9242 -4.7645
2 24 -20.3706 6.1248 -4.2166 -19.972 5.5483 -3.1835
2 24 -19.972 5.5483 -3.1835 -19.3932 4.6941 -1.07
2 24 -19.9701 5.8739 -3.1698 -19.6773 5.8858 -2.1972
2 24 -19.6773 5.8858 -2.1972 -20.1107 7.1099 -2.7139
2 24 -20.1107 7.1099 -2.7139 -20.5641 7.7486 -3.3782
2 24 -18.8118 8.5415 0.4837 -19.9766 9.5674 -1.2645
2 24 -20.5641 7.7486 -3.3782 -20.9225 8.0073 -4.2292
2 24 -19.9766 9.5674 -1.2645 -20.9706 10.6035 -2.6867
2 24 -19.972 5.5483 -3.1835 -19.3932 4.6941 -1.07
2 24 -16.4521 3.925 -4.9735 -16.3598 1.5857 -2.3574
2 24 -22.1741 9.5877 -6.9916 -22.8085 10.9236 -7.6201
2 24 -22.8085 10.9236 -7.6201 -22.7357 12.1546 -9.249
2 24 -19.6553 0.8106 0.5752 -19.6841 -1.0265 0.9281
2 24 -15.1803 -1.8745 -1.9156 -15.5272 -2.8264 -1.4364
2 24 -19.6841 -1.0265 0.9281 -19.3562 -3.2401 1.887
2 24 -15.5272 -2.8264 -1.4364 -15.7985 -4.0833 -0.6627
2 24 -18.687 -5.0268 2.8765 -19.3562 -3.2401 1.887
2 24 -15.6716 -5.6955 0.9902 -15.7985 -4.0833 -0.6627
2 24 -19.3932 4.6941 -1.07 -19.4563 2.9634 0.2145
2 24 -16.3598 1.5857 -2.3574 -15.9051 -0.0501 -1.956
2 24 -14.1654 -8.35 0.1233 -13.9994 -9.4269 0.992
2 24 -15.2836 -6.9736 2.5591 -15.1603 -7.7806 3.609
2 24 -15.2836 -6.9736 2.5591 -15.1603 -7.7806 3.609
2 24 -15.1603 -7.7806 3.609 -14.6808 -7.7927 5.1175
2 24 -17.5201 -6.4361 4.4755 -15.4761 -7.2574 6.6342
2 24 -15.1603 -7.7806 3.609 -14.6808 -7.7927 5.1175
2 24 -11.1162 -8.1799 7.4239 -10.7164 -10.0533 8.3153
2 24 -11.1162 -8.1799 7.4239 -10.4941 -7.0992 10.1706
2 24 -10.7164 -10.0533 8.3153 -11.1162 -8.1799 7.4239
2 24 -11.1162 -8.1799 7.4239 -10.4941 -7.0992 10.1706
2 24 -13.6935 -7.9809 6.0743 -12.2781 -8.1849 6.871
2 24 -12.2781 -8.1849 6.871 -13.6935 -7.9809 6.0743
2 24 -15.4761 -7.2574 6.6342 -13.8646 -7.2617 8.1898
2 24 -14.6808 -7.7927 5.1175 -13.6935 -7.9809 6.0743
2 24 -14.6808 -7.7927 5.1175 -13.6935 -7.9809 6.0743
2 24 -10.4941 -7.0992 10.1706 -8.5847 -5.469 12.9738
2 24 -8.5847 -5.469 12.9738 -8.3932 -7.9414 13.4701
2 24 -12.9118 -7.0657 9.2422 -11.3216 -6.0811 11.7172
2 24 -5.6853 -5.8202 15.5141 -6.3157 -6.0617 14.2023
2 24 -6.0957 -7.8628 14.4126 -6.3157 -6.0617 14.2023
2 24 -6.0957 -7.8628 14.4126 -6.3157 -6.0617 14.2023
2 24 -6.3157 -6.0617 14.2023 -7.4377 -5.8484 13.7271
2 24 -5.6853 -5.8202 15.5141 -6.3157 -6.0617 14.2023
2 24 -6.3157 -6.0617 14.2023 -7.4377 -5.8484 13.7271
2 24 -11.3216 -6.0811 11.7172 -10.4501 -4.7085 13.907
2 24 -10.4941 -7.0992 10.1706 -8.5847 -5.469 12.9738
2 24 -9.0385 -3.9249 15.1896 -8.0403 -3.6412 17.2377
2 24 -9.0385 -3.9249 15.1896 -8.4798 -2.332 17.1648
2 24 -8.4798 -2.332 17.1648 -7.1031 -2.9931 19.3668
2 24 -8.4798 -2.332 17.1648 -7.1031 -2.9931 19.3668
2 24 -7.1031 -2.9931 19.3668 -6.6953 -3.1923 19.5918
2 24 -7.1031 -2.9931 19.3668 -6.6953 -3.1923 19.5918
2 24 -10.1271 -1.2044 17.2529 -10.1574 -2.9152 15.9309
2 24 -10.1271 -1.2044 17.2529 -8.4798 -2.332 17.1648
2 24 -8.4798 -2.332 17.1648 -9.0385 -3.9249 15.1896
2 24 -10.4501 -4.7085 13.907 -10.1574 -2.9152 15.9309
2 24 -8.5847 -5.469 12.9738 -9.0385 -3.9249 15.1896
2 24 -18.1618 7.431 1.8396 -18.0449 5.8918 3.0422
2 24 -19.3932 4.6941 -1.07 -19.4563 2.9634 0.2145
2 24 -18.0449 5.8918 3.0422 -18.2402 4.0367 3.9442
2 24 -19.4563 2.9634 0.2145 -19.6553 0.8106 0.5752
2 24 -18.2402 4.0367 3.9442 -18.5553 1.0327 4.6534
2 24 -19.6553 0.8106 0.5752 -19.6841 -1.0265 0.9281
2 24 -19.6841 -1.0265 0.9281 -19.3562 -3.2401 1.887
2 24 -18.5553 1.0327 4.6534 -18.6353 -2.2758 5.1174
2 24 -19.3562 -3.2401 1.887 -18.687 -5.0268 2.8765
2 24 -18.6353 -2.2758 5.1174 -18.1106 -4.1505 6.1644
2 24 -18.687 -5.0268 2.8765 -17.5201 -6.4361 4.4755
2 24 -18.1106 -4.1505 6.1644 -17.1175 -4.9478 7.6171
2 24 -17.5201 -6.4361 4.4755 -15.4761 -7.2574 6.6342
2 24 -17.1175 -4.9478 7.6171 -15.6874 -4.6114 9.3958
2 24 -15.4761 -7.2574 6.6342 -13.8646 -7.2617 8.1898
2 24 -13.8646 -7.2617 8.1898 -12.9118 -7.0657 9.2422
2 24 -15.6874 -4.6114 9.3958 -14.2485 -3.4741 11.5337
2 24 -12.9118 -7.0657 9.2422 -11.3216 -6.0811 11.7172
2 24 -14.2485 -3.4741 11.5337 -13.6325 -2.1818 13.2114
2 24 -11.3216 -6.0811 11.7172 -10.4501 -4.7085 13.907
2 24 -13.6325 -2.1818 13.2114 -13.4284 -1.0306 14.2834
2 24 -10.4501 -4.7085 13.907 -10.1574 -2.9152 15.9309
2 24 -13.4284 -1.0306 14.2834 -13.3471 -0.2709 14.7741
2 24 -15.6874 -4.6114 9.3958 -14.2485 -3.4741 11.5337
2 24 -15.2034 0.2442 9.1638 -14.8564 0.446 10.1356
2 24 -15.2034 0.2442 9.1638 -15.8856 0.9036 7.6915
2 24 -15.6874 -4.6114 9.3958 -17.1175 -4.9478 7.6171
2 24 -17.1175 -4.9478 7.6171 -18.1106 -4.1505 6.1644
2 24 -18.1106 -4.1505 6.1644 -18.6353 -2.2758 5.1174
2 24 -18.6353 -2.2758 5.1174 -18.5553 1.0327 4.6534
2 24 -16.7681 5.7324 5.3923 -16.5094 2.0368 6.751
2 24 -18.5553 1.0327 4.6534 -18.2402 4.0367 3.9442
2 24 -18.2402 4.0367 3.9442 -18.0449 5.8918 3.0422
2 24 -16.7681 5.7324 5.3923 -16.9001 7.472 4.1093
2 24 -14.2485 -3.4741 11.5337 -13.6325 -2.1818 13.2114
2 24 -14.8564 0.446 10.1356 -14.6899 1.1426 10.5983
2 24 -13.6325 -2.1818 13.2114 -13.4284 -1.0306 14.2834
2 24 -14.6899 1.1426 10.5983 -14.5092 2.1708 11.061
2 24 -13.4284 -1.0306 14.2834 -13.3471 -0.2709 14.7741
2 24 -14.5092 2.1708 11.061 -14.2371 3.5987 11.657
2 24 -10.1574 -2.9152 15.9309 -10.1271 -1.2044 17.2529
2 24 -10.1271 -1.2044 17.2529 -10.4467 -0.8771 17.1967
2 24 -15.8856 0.9036 7.6915 -16.5094 2.0368 6.751
2 24 -18.8118 8.5415 0.4837 -18.1618 7.431 1.8396
2 24 -20.9706 10.6035 -2.6867 -21.6118 11.5297 -4.4811
2 24 -21.6118 11.5297 -4.4811 -22.1721 12.3008 -6.3339
2 24 -22.7357 12.1546 -9.249 -22.391 13.0984 -8.7713
2 24 -22.1721 12.3008 -6.3339 -22.391 13.0984 -8.7713
2 24 -18.8118 8.5415 0.4837 -18.1618 7.431 1.8396
2 24 -18.8118 8.5415 0.4837 -19.9766 9.5674 -1.2645
2 24 -20.9706 10.6035 -2.6867 -21.6118 11.5297 -4.4811
2 24 -18.4756 12.0574 -1.8096 -18.7944 13.8083 -4.3781
2 24 -22.391 13.0984 -8.7713 -22.1721 12.3008 -6.3339
2 24 -22.391 13.0984 -8.7713 -21.7068 13.9164 -8.3357
2 24 11.2308 4.8298 16.1525 11.2563 7.6552 15.9321
2 24 12.906 3.8954 13.2267 12.7892 7.6392 12.3985
2 24 19.7029 -1.8227 1.8631 17.0569 -4.4776 2.0979
2 24 18.2641 -4.2273 3.4111 17.0569 -4.4776 2.0979
2 24 17.0569 -4.4776 2.0979 18.2641 -4.2273 3.4111
2 24 18.2641 -4.2273 3.4111 18.7831 -5.8062 4.157
2 24 17.7787 -6.6208 3.5759 18.7831 -5.8062 4.157
2 24 -19.9766 9.5674 -1.2645 -20.9706 10.6035 -2.6867
2 24 -17.8632 9.568 1.2207 -18.4756 12.0574 -1.8096
2 24 -16.9206 15.9977 3.2418 -16.1469 15.005 5.6511
2 24 -17.8632 9.568 1.2207 -16.9001 7.472 4.1093
2 24 -16.5094 2.0368 6.751 -16.2197 3.6438 7.9161
2 24 -16.7681 5.7324 5.3923 -16.5094 2.0368 6.751
2 24 -16.5094 2.0368 6.751 -15.8856 0.9036 7.6915
2 24 -16.5094 2.0368 6.751 -16.2197 3.6438 7.9161
2 24 -16.1469 15.005 5.6511 -15.5032 13.6325 7.7548
2 24 -15.8856 0.9036 7.6915 -15.2034 0.2442 9.1638
2 24 -14.8564 0.446 10.1356 -14.8226 2.2071 10.5112
2 24 -14.8564 0.446 10.1356 -15.2034 0.2442 9.1638
2 24 -14.8564 0.446 10.1356 -14.6899 1.1426 10.5983
2 24 -14.8564 0.446 10.1356 -14.8226 2.2071 10.5112
2 24 -14.6899 1.1426 10.5983 -14.5092 2.1708 11.061
2 24 -14.8226 2.2071 10.5112 -14.7792 4.0452 10.8294
2 24 -16.2197 3.6438 7.9161 -16.025 5.9261 8.4172
2 24 -16.9206 15.9977 3.2418 -17.463 16.856 0.4366
2 24 -17.8632 9.568 1.2207 -18.4756 12.0574 -1.8096
2 24 -15.5032 13.6325 7.7548 -15.2067 12.0106 8.9705
2 24 -16.9206 15.9977 3.2418 -16.1469 15.005 5.6511
2 24 -14.8598 17.4903 3.5173 -13.9588 16.2516 6.1004
2 24 -16.9206 15.9977 3.2418 -17.463 16.856 0.4366
2 24 -14.8598 17.4903 3.5173 -15.4657 18.487 0.8778
2 24 -18.1747 16.1485 -9.8939 -18.6066 15.3889 -8.3483
2 24 -18.6066 15.3889 -8.3483 -18.7721 14.8476 -7.6833
2 24 -17.5773 18.677 -7.2263 -17.8879 17.8866 -4.3851
2 24 -18.9515 14.5528 -7.7261 -18.9873 14.4673 -6.8628
2 24 -18.7721 14.8476 -7.6833 -18.9515 14.5528 -7.7261
2 24 -18.6038 14.4595 -8.9247 -18.9515 14.5528 -7.7261
2 24 -19.6759 13.9377 -9.9753 -20.6376 14.338 -8.6447
2 24 -18.9515 14.5528 -7.7261 -18.9873 14.4673 -6.8628
2 24 -17.5773 18.677 -7.2263 -17.8879 17.8866 -4.3851
2 24 -15.5304 20.3778 -5.7239 -15.8095 19.7284 -3.6028
2 24 -16.7495 19.7643 -9.7813 -15.3709 21.3885 -11.4028
2 24 -17.2425 17.0552 -12.0865 -15.1312 18.9167 -14.7291
2 24 -13.8968 20.5036 -15.765 -15.1312 18.9167 -14.7291
2 24 -21.7068 13.9164 -8.3357 -20.6376 14.338 -8.6447
2 24 -21.6118 11.5297 -4.4811 -22.1721 12.3008 -6.3339
2 24 -18.7944 13.8083 -4.3781 -18.9873 14.4673 -6.8628
2 24 -19.4152 12.9041 -10.9344 -20.2327 12.1028 -11.1362
2 24 -20.2327 12.1028 -11.1362 -21.843 11.7645 -10.2576
2 24 -21.843 11.7645 -10.2576 -22.7357 12.1546 -9.249
2 24 -22.7357 12.1546 -9.249 -22.391 13.0984 -8.7713
2 24 -22.391 13.0984 -8.7713 -21.7068 13.9164 -8.3357
2 24 -21.7068 13.9164 -8.3357 -20.6376 14.338 -8.6447
2 24 -20.6376 14.338 -8.6447 -19.6759 13.9377 -9.9753
2 24 -19.4152 12.9041 -10.9344 -19.6759 13.9377 -9.9753
2 24 -17.5773 18.677 -7.2263 -16.7495 19.7643 -9.7813
2 24 -15.5304 20.3778 -5.7239 -14.868 21.062 -7.5516
2 24 -16.7495 19.7643 -9.7813 -15.3709 21.3885 -11.4028
2 24 -14.868 21.062 -7.5516 -13.8669 21.7289 -8.9178
2 24 -15.3709 21.3885 -11.4028 -14.2442 23.3957 -12.3575
2 24 -13.8669 21.7289 -8.9178 -12.7491 22.7127 -10.2569
2 24 -12.7491 22.7127 -10.2569 -12.231 23.6583 -10.8464
2 24 -14.2442 23.3957 -12.3575 -14.0611 25.0736 -12.803
2 24 -12.231 23.6583 -10.8464 -11.9727 25.2863 -11.2037
2 24 -14.0611 25.0736 -12.803 -14.1299 26.7748 -13.2538
2 24 -11.9727 25.2863 -11.2037 -12.0865 27.5724 -11.4944
2 24 -14.1299 26.7748 -13.2538 -14.3813 29.7397 -14.2947
2 24 -12.0865 27.5724 -11.4944 -12.1326 30.5299 -12.2231
2 24 -13.7845 33.7951 -16.0573 -14.3098 32.0109 -15.3322
2 24 -11.887 34.1539 -14.3696 -12.0621 32.7147 -13.3013
2 24 -13.7845 33.7951 -16.0573 -12.7104 35.8682 -16.9778
2 24 -12.7104 35.8682 -16.9778 -11.5314 35.935 -16.0859
2 24 -11.887 34.1539 -14.3696 -11.5314 35.935 -16.0859
2 24 -10.4467 -0.8771 17.1967 -10.1271 -1.2044 17.2529
2 24 -10.4467 -0.8771 17.1967 -10.9313 1.2044 17.5696
2 24 -13.3471 -0.2709 14.7741 -13.3124 1.0322 15.1326
2 24 -13.3124 1.0322 15.1326 -13.3215 2.4579 15.1325
2 24 -13.3215 2.4579 15.1325 -13.1368 5.7177 14.6732
2 24 -14.2371 3.5987 11.657 -13.6608 6.415 12.3267
2 24 -13.3471 -0.2709 14.7741 -13.3124 1.0322 15.1326
2 24 -11.9316 12.16 10.6655 -13.3616 14.7515 8.3887
2 24 -15.2067 12.0106 8.9705 -15.5032 13.6325 7.7548
2 24 -12.8395 15.1624 8.2243 -13.3539 15.6134 7.3153
2 24 -13.3616 14.7515 8.3887 -12.8395 15.1624 8.2243
2 24 -13.3616 14.7515 8.3887 -12.8395 15.1624 8.2243
2 24 -12.8395 15.1624 8.2243 -11.6199 15.7597 9.2665
2 24 -2.2725 12.6306 18.8903 -3.6279 14.7733 15.5202
2 24 -2.2725 12.6306 18.8903 -1.6161 11.9161 19.2934
2 24 -1.6161 11.9161 19.2934 -1.1935 10.8042 19.6498
2 24 -1.1935 10.8042 19.6498 -1.6161 11.9161 19.2934
2 24 -0.1775 9.0536 19.9328 0.8034 7.8915 20.1122
2 24 -13.3215 2.4579 15.1325 -13.1368 5.7177 14.6732
2 24 -13.1368 5.7177 14.6732 -12.6618 8.3754 14.4052
2 24 -13.1368 5.7177 14.6732 -12.6618 8.3754 14.4052
2 24 -13.6608 6.415 12.3267 -13.23 8.6654 12.0192
2 24 -12.6618 8.3754 14.4052 -12.2037 9.7328 14.496
2 24 -8.1349 11.8968 18.129 -9.3255 12.0962 17.1147
2 24 -12.2037 9.7328 14.496 -11.5641 10.8977 14.917
2 24 -11.5641 10.8977 14.917 -10.6504 11.8695 15.668
2 24 -10.9572 13.0748 11.4081 -11.9316 12.16 10.6655
2 24 -8.1349 11.8968 18.129 -9.3255 12.0962 17.1147
2 24 -6.7243 14.8239 14.1926 -8.2057 14.5511 13.3107
2 24 -3.6279 14.7733 15.5202 -5.4446 14.91 14.8093
2 24 -8.2057 14.5511 13.3107 -9.7673 14.002 12.2017
2 24 -9.3255 12.0962 17.1147 -10.6504 11.8695 15.668
2 24 -1.6161 11.9161 19.2934 -2.2725 12.6306 18.8903
2 24 -0.9136 13.3419 18.5872 -2.2725 12.6306 18.8903
2 24 -10.9572 13.0748 11.4081 -9.7673 14.002 12.2017
2 24 -11.5641 10.8977 14.917 -10.6504 11.8695 15.668
2 24 -6.8681 11.4656 18.9486 -5.7086 10.7149 19.5097
2 24 -5.7086 10.7149 19.5097 -5.0545 9.6028 19.9042
2 24 -5.0545 9.6028 19.9042 -4.8146 8.415 20.1909
2 24 -6.2765 7.3532 19.9916 -5.2646 7.1838 20.4227
2 24 -5.2646 7.1838 20.4227 -3.5042 6.3557 20.8419
2 24 -11.6086 3.5866 17.1294 -11.1613 2.2979 17.5843
2 24 -11.3974 3.7728 18.954 -11.6086 3.5866 17.1294
2 24 -10.9313 1.2044 17.5696 -11.1613 2.2979 17.5843
2 24 -10.9313 1.2044 17.5696 -11.1613 2.2979 17.5843
2 24 -11.1613 2.2979 17.5843 -11.6086 3.5866 17.1294
2 24 -11.6086 3.5866 17.1294 -10.905 5.0238 18.401
2 24 -13.3124 1.0322 15.1326 -13.3215 2.4579 15.1325
2 24 -10.905 5.0238 18.401 -11.6086 3.5866 17.1294
2 24 -11.3974 3.7728 18.954 -11.6086 3.5866 17.1294
2 24 -6.2765 7.3532 19.9916 -8.4352 6.6552 19.4245
2 24 -8.4352 6.6552 19.4245 -6.2765 7.3532 19.9916
2 24 -6.2765 7.3532 19.9916 -5.2646 7.1838 20.4227
2 24 -5.7086 10.7149 19.5097 -6.8681 11.4656 18.9486
2 24 -5.0545 9.6028 19.9042 -5.7086 10.7149 19.5097
2 24 -10.905 5.0238 18.401 -8.4352 6.6552 19.4245
2 24 -10.905 5.0238 18.401 -8.4352 6.6552 19.4245
2 24 -6.7243 14.8239 14.1926 -5.4446 14.91 14.8093
2 24 -8.1349 11.8968 18.129 -6.8681 11.4656 18.9486
2 24 17.3801 -7.9401 6.0417 16.9913 -7.9144 4.8368
2 24 19.1402 -5.543 5.4372 18.7831 -5.8062 4.157
2 24 18.3794 -4.4867 8.6768 17.8609 -3.8072 9.7768
2 24 17.4637 -2.284 6.7049 16.6697 -1.4842 8.877
2 24 17.4637 -2.284 6.7049 18.7149 -3.9268 4.7363
2 24 18.3794 -4.4867 8.6768 19.1402 -5.543 5.4372
2 24 18.7149 -3.9268 4.7363 18.2641 -4.2273 3.4111
2 24 18.2641 -4.2273 3.4111 18.7831 -5.8062 4.157
2 24 19.1402 -5.543 5.4372 18.7831 -5.8062 4.157
2 24 14.7757 0.2582 12.2385 15.8821 -0.6526 10.8578
2 24 14.7538 -0.602 13.4679 16.3497 -2.2368 12.0517
2 24 14.7757 0.2582 12.2385 14.0756 0.923 12.8885
2 24 14.7538 -0.602 13.4679 14.0046 0.244 13.8774
2 24 13.2332 2.2574 13.3224 12.906 3.8954 13.2267
2 24 14.0756 0.923 12.8885 13.6231 1.4283 13.1982
2 24 14.0046 0.244 13.8774 13.4009 1.1768 14.0045
2 24 12.906 3.8954 13.2267 12.993 2.28 13.8256
2 24 12.906 3.8954 13.2267 13.2332 2.2574 13.3224
2 24 13.6231 1.4283 13.1982 13.2332 2.2574 13.3224
2 24 13.4009 1.1768 14.0045 12.993 2.28 13.8256
2 24 14.7781 -3.8945 15.1572 16.045 -5.5863 13.0829
2 24 17.2065 -7.0954 10.1662 16.045 -5.5863 13.0829
2 24 17.8609 -3.8072 9.7768 16.3497 -2.2368 12.0517
2 24 17.2065 -7.0954 10.1662 16.045 -5.5863 13.0829
2 24 15.5605 -7.9801 10.291 14.6286 -6.5924 13.1619
2 24 16.6697 -1.4842 8.877 15.8821 -0.6526 10.8578
2 24 17.8609 -3.8072 9.7768 16.3497 -2.2368 12.0517
2 24 16.9791 -6.801 3.0842 17.7787 -6.6208 3.5759
2 24 15.3642 -6.6955 2.0344 15.275 -7.2048 2.449
2 24 16.9791 -6.801 3.0842 15.6394 -6.1982 1.8691
2 24 17.0569 -4.4776 2.0979 15.6394 -6.1982 1.8691
2 24 15.4647 -8.6416 4.3751 15.5745 -8.792 5.0053
2 24 15.378 -7.9563 3.3058 15.4647 -8.6416 4.3751
2 24 15.0116 -8.8985 2.9471 15.1893 -9.1764 4.1363
2 24 15.4647 -8.6416 4.3751 15.378 -7.9563 3.3058
2 24 12.4921 -1.1702 16.7592 11.7326 0.467 16.8328
2 24 12.4921 -1.1702 16.7592 13.6715 -2.6771 16.1334
2 24 14.0046 0.244 13.8774 14.7538 -0.602 13.4679
2 24 11.7326 0.467 16.8328 11.3765 2.2144 16.5515
2 24 12.4921 -1.1702 16.7592 11.7326 0.467 16.8328
2 24 14.0046 0.244 13.8774 13.4009 1.1768 14.0045
2 24 11.7326 0.467 16.8328 11.3765 2.2144 16.5515
2 24 13.4009 1.1768 14.0045 12.993 2.28 13.8256
2 24 11.2308 4.8298 16.1525 11.3765 2.2144 16.5515
2 24 12.906 3.8954 13.2267 12.993 2.28 13.8256
2 24 17.2065 -7.0954 10.1662 17.3801 -7.9401 6.0417
2 24 15.5745 -8.792 5.0053 15.6932 -9.0429 6.29
2 24 16.9913 -7.9144 4.8368 17.3801 -7.9401 6.0417
2 24 9.2276 3.1688 17.426 7.7848 2.124 17.9141
2 24 10.4078 7.6564 16.999 10.0647 5.1842 17.1231
2 24 11.2563 7.6552 15.9321 11.2308 4.8298 16.1525
2 24 11.2563 7.6552 15.9321 10.8771 9.7387 16.0207
2 24 12.7892 7.6392 12.3985 12.2635 11.978 10.5239
2 24 11.2563 7.6552 15.9321 10.8771 9.7387 16.0207
2 24 7.4514 14.2413 16.7955 9.0866 13.0421 16.4471
2 24 -3.6279 14.7733 15.5202 -2.2725 12.6306 18.8903
2 24 -3.6279 14.7733 15.5202 -1.5839 15.1924 15.7349
2 24 -2.2725 12.6306 18.8903 -0.9136 13.3419 18.5872
2 24 -0.9136 13.3419 18.5872 0.8489 14.2657 18.1205
2 24 -1.5839 15.1924 15.7349 0.1748 15.8903 15.5566
2 24 0.8489 14.2657 18.1205 2.952 15.0212 17.5609
2 24 0.1748 15.8903 15.5566 2.5022 16.4313 15.289
2 24 7.4514 14.2413 16.7955 9.0866 13.0421 16.4471
2 24 7.3618 15.7588 13.7199 9.4915 14.5193 12.8301
2 24 7.4514 14.2413 16.7955 5.5347 14.8973 17.1346
2 24 7.3618 15.7588 13.7199 5.0998 16.3933 14.6232
2 24 2.952 15.0212 17.5609 5.5347 14.8973 17.1346
2 24 2.5022 16.4313 15.289 5.0998 16.3933 14.6232
2 24 7.4514 14.2413 16.7955 5.5347 14.8973 17.1346
2 24 8.5937 11.3525 18.1355 5.9802 12.1921 19.235
2 24 5.9802 12.1921 19.235 3.8289 12.0412 19.6915
2 24 5.5347 14.8973 17.1346 2.952 15.0212 17.5609
2 24 -0.9136 13.3419 18.5872 0.8489 14.2657 18.1205
2 24 2.952 15.0212 17.5609 0.8489 14.2657 18.1205
2 24 3.8289 12.0412 19.6915 2.4956 10.9792 20.0068
2 24 2.4956 10.9792 20.0068 1.6197 9.8326 20.0389
2 24 -5.0545 9.6028 19.9042 -4.8146 8.415 20.1909
2 24 -0.1775 9.0536 19.9328 0.8034 7.8915 20.1122
2 24 1.6197 9.8326 20.0389 0.8034 7.8915 20.1122
2 24 11.3765 2.2144 16.5515 11.2308 4.8298 16.1525
2 24 9.2276 3.1688 17.426 10.0647 5.1842 17.1231
2 24 9.4594 -2.7865 17.0756 7.8085 -0.4033 17.5868
2 24 7.8085 -0.4033 17.5868 7.8644 0.8435 17.739
2 24 16.045 -5.5863 13.0829 14.7781 -3.8945 15.1572
2 24 14.6286 -6.5924 13.1619 13.2614 -5.4458 15.0167
2 24 14.7781 -3.8945 15.1572 13.6715 -2.6771 16.1334
2 24 16.3497 -2.2368 12.0517 14.7538 -0.602 13.4679
2 24 13.6715 -2.6771 16.1334 14.7781 -3.8945 15.1572
2 24 13.2614 -5.4458 15.0167 12.0873 -4.6116 16.0012
2 24 -8.2057 14.5511 13.3107 -9.7673 14.002 12.2017
2 24 -8.5334 17.2269 11.4052 -10.1845 16.4791 10.3237
2 24 -5.4446 14.91 14.8093 -6.7243 14.8239 14.1926
2 24 -5.2499 18.3869 13.062 -6.8551 17.8662 12.3085
2 24 -1.9317 19.0051 13.9306 -3.3211 18.8397 13.6701
2 24 -1.5839 15.1924 15.7349 -3.6279 14.7733 15.5202
2 24 -1.9317 19.0051 13.9306 -0.0034 19.1119 14.0642
2 24 -1.5839 15.1924 15.7349 0.1748 15.8903 15.5566
2 24 5.0509 18.4608 13.1066 2.452 18.9921 13.9283
2 24 5.0998 16.3933 14.6232 2.5022 16.4313 15.289
2 24 5.0509 18.4608 13.1066 7.4739 17.6857 11.9954
2 24 5.0998 16.3933 14.6232 7.3618 15.7588 13.7199
2 24 -11.6199 15.7597 9.2665 -10.1845 16.4791 10.3237
2 24 -10.9572 13.0748 11.4081 -9.7673 14.002 12.2017
2 24 -8.5334 17.2269 11.4052 -6.8551 17.8662 12.3085
2 24 -8.2057 14.5511 13.3107 -6.7243 14.8239 14.1926
2 24 -14.5092 2.1708 11.061 -14.2371 3.5987 11.657
2 24 -14.8226 2.2071 10.5112 -14.7792 4.0452 10.8294
2 24 -5.4446 14.91 14.8093 -3.6279 14.7733 15.5202
2 24 -5.2499 18.3869 13.062 -3.3211 18.8397 13.6701
2 24 -0.0034 19.1119 14.0642 2.452 18.9921 13.9283
2 24 0.1748 15.8903 15.5566 2.5022 16.4313 15.289
2 24 -16.2197 3.6438 7.9161 -16.025 5.9261 8.4172
2 24 -14.7792 4.0452 10.8294 -14.8208 6.3894 10.7544
2 24 -16.025 5.9261 8.4172 -16.0935 8.2622 7.8438
2 24 -16.9001 7.472 4.1093 -16.7681 5.7324 5.3923
2 24 -14.2371 3.5987 11.657 -13.6608 6.415 12.3267
2 24 -14.7792 4.0452 10.8294 -14.8208 6.3894 10.7544
2 24 -12.6618 8.3754 14.4052 -12.2037 9.7328 14.496
2 24 -13.23 8.6654 12.0192 -12.6029 10.6467 11.3715
2 24 -14.8845 8.2547 10.3936 -14.9599 9.8946 9.9406
2 24 -14.8208 6.3894 10.7544 -14.8845 8.2547 10.3936
2 24 -16.025 5.9261 8.4172 -16.0935 8.2622 7.8438
2 24 -16.6267 9.6359 6.0348 -16.0935 8.2622 7.8438
2 24 7.4739 17.6857 11.9954 9.8955 16.7509 10.6498
2 24 7.3618 15.7588 13.7199 9.4915 14.5193 12.8301
2 24 11.5263 15.7809 9.3808 9.8955 16.7509 10.6498
2 24 11.0912 13.0552 11.8062 9.4915 14.5193 12.8301
2 24 -15.2067 12.0106 8.9705 -14.9599 9.8946 9.9406
2 24 -11.9316 12.16 10.6655 -12.6029 10.6467 11.3715
2 24 -16.6267 9.6359 6.0348 -16.0935 8.2622 7.8438
2 24 -15.2067 12.0106 8.9705 -14.9599 9.8946 9.9406
2 24 -12.6029 10.6467 11.3715 -13.23 8.6654 12.0192
2 24 -14.9599 9.8946 9.9406 -14.8845 8.2547 10.3936
2 24 -17.8879 17.8866 -4.3851 -17.7936 17.4388 -2.3653
2 24 -15.8095 19.7284 -3.6028 -15.7087 19.2198 -1.6991
2 24 -18.9873 14.4673 -6.8628 -18.7944 13.8083 -4.3781
2 24 -17.8879 17.8866 -4.3851 -17.7936 17.4388 -2.3653
2 24 -17.463 16.856 0.4366 -17.7936 17.4388 -2.3653
2 24 -15.4657 18.487 0.8778 -15.7087 19.2198 -1.6991
2 24 -18.4756 12.0574 -1.8096 -18.7944 13.8083 -4.3781
2 24 -17.463 16.856 0.4366 -17.7936 17.4388 -2.3653
2 24 -16.1469 15.005 5.6511 -15.5032 13.6325 7.7548
2 24 -13.9588 16.2516 6.1004 -13.3539 15.6134 7.3153
2 24 -5.2646 7.1838 20.4227 -3.5042 6.3557 20.8419
2 24 -3.5042 6.3557 20.8419 -1.4962 4.2882 20.9656
2 24 -3.5042 6.3557 20.8419 -1.4962 4.2882 20.9656
2 24 14.6286 -6.5924 13.1619 15.5605 -7.9801 10.291
2 24 13.375 -7.1301 12.6559 14.292 -8.2548 10.1061
2 24 13.375 -7.1301 12.6559 12.0643 -6.3749 13.8112
2 24 14.6286 -6.5924 13.1619 13.2614 -5.4458 15.0167
2 24 12.0643 -6.3749 13.8112 10.9868 -5.8628 14.3955
2 24 13.2614 -5.4458 15.0167 12.0873 -4.6116 16.0012
2 24 10.9868 -5.8628 14.3955 9.6364 -5.4511 14.7555
2 24 9.6364 -5.4511 14.7555 9.336 -5.7835 14.7631
2 24 9.6364 -5.4511 14.7555 10.9868 -5.8628 14.3955
2 24 9.336 -5.7835 14.7631 9.6364 -5.4511 14.7555
2 24 9.6364 -5.4511 14.7555 9.4594 -2.7865 17.0756
2 24 10.9868 -5.8628 14.3955 12.0643 -6.3749 13.8112
2 24 12.0643 -6.3749 13.8112 13.375 -7.1301 12.6559
2 24 13.375 -7.1301 12.6559 14.292 -8.2548 10.1061
2 24 15.2714 -9.0049 7.705 14.8533 -9.7517 7.4875
2 24 15.2714 -9.0049 7.705 15.8228 -8.8857 6.9632
2 24 15.8228 -8.8857 6.9632 15.6932 -9.0429 6.29
2 24 15.201 -9.7267 6.2027 15.6932 -9.0429 6.29
2 24 15.5745 -8.792 5.0053 15.6932 -9.0429 6.29
2 24 15.6932 -9.0429 6.29 15.201 -9.7267 6.2027
2 24 15.2284 -9.4285 4.9957 15.201 -9.7267 6.2027
2 24 15.4647 -8.6416 4.3751 15.5745 -8.792 5.0053
2 24 15.1893 -9.1764 4.1363 15.2284 -9.4285 4.9957
2 24 1.7346 3.0897 20.5013 1.141 4.2365 20.5314
2 24 1.7346 3.0897 20.5013 0.3218 2.57 20.7134
2 24 2.8078 1.454 21.33 1.4488 1.534 21.4976
2 24 2.9361 2.6028 21.0392 1.7346 3.0897 20.5013
2 24 1.7346 3.0897 20.5013 2.9361 2.6028 21.0392
2 24 2.1135 3.7544 20.9006 2.7759 3.6078 21.4241
2 24 1.141 4.2365 20.5314 0.7556 5.7265 20.4025
2 24 9.0911 -7.6348 14.4438 9.1366 -5.9648 14.8208
2 24 9.1366 -5.9648 14.8208 8.0777 -5.2065 16.7667
2 24 9.336 -5.7835 14.7631 9.1366 -5.9648 14.8208
2 24 9.1366 -5.9648 14.8208 8.0777 -5.2065 16.7667
2 24 -1.4962 4.2882 20.9656 -1.0144 2.3297 20.9694
2 24 0.3218 2.57 20.7134 -1.0144 2.3297 20.9694
2 24 1.4488 1.534 21.4976 0.2535 1.5873 21.4823
2 24 0.7556 5.7265 20.4025 1.141 4.2365 20.5314
2 24 1.7386 5.3383 21.105 1.721 4.4993 20.9043
2 24 0.7556 5.7265 20.4025 0.8034 7.8915 20.1122
2 24 0.8034 7.8915 20.1122 1.6386 7.9144 21.4002
2 24 0.8034 7.8915 20.1122 1.6386 7.9144 21.4002
2 24 0.8034 7.8915 20.1122 1.6197 9.8326 20.0389
2 24 1.6197 9.8326 20.0389 2.4956 10.9792 20.0068
2 24 2.4956 10.9792 20.0068 3.8289 12.0412 19.6915
2 24 3.8289 12.0412 19.6915 5.9802 12.1921 19.235
2 24 5.9802 12.1921 19.235 8.5937 11.3525 18.1355
2 24 9.2276 3.1688 17.426 10.0647 5.1842 17.1231
2 24 9.1793 3.7671 17.9792 9.506 4.9574 18.2622
2 24 6.1673 1.9 19.7645 5.3813 1.9825 20.4227
2 24 -1.6542 -0.0061 21.1386 -0.4099 -0.0846 21.1711
2 24 -1.6542 -0.0061 21.1386 -1.2212 1.6497 21.3748
2 24 -1.2212 1.6497 21.3748 0.2535 1.5873 21.4823
2 24 -2.1411 -0.7928 21.4266 -1.6542 -0.0061 21.1386
2 24 -2.4921 -0.2217 21.8307 -2.1122 0.4783 21.8253
2 24 9.4594 -2.7865 17.0756 7.8085 -0.4033 17.5868
2 24 9.4594 -2.7865 17.0756 6.0122 -2.373 20.3206
2 24 7.8085 -0.4033 17.5868 5.185 -0.3094 19.7138
2 24 5.185 -0.3094 19.7138 7.8085 -0.4033 17.5868
2 24 7.8085 -0.4033 17.5868 7.8644 0.8435 17.739
2 24 2.8078 1.454 21.33 1.4488 1.534 21.4976
2 24 2.8042 -0.1742 20.8832 1.0384 -0.1092 21.1751
2 24 0.2535 1.5873 21.4823 -1.2212 1.6497 21.3748
2 24 -1.2212 1.6497 21.3748 -1.0144 2.3297 20.9694
2 24 0.3218 2.57 20.7134 -1.0144 2.3297 20.9694
2 24 -1.2212 1.6497 21.3748 -1.0144 2.3297 20.9694
2 24 0.2535 1.5873 21.4823 1.4488 1.534 21.4976
2 24 -0.4099 -0.0846 21.1711 1.0384 -0.1092 21.1751
2 24 0.535 -1.9721 21.9727 2.8335 -2.0971 21.7136
2 24 1.0384 -0.1092 21.1751 2.8042 -0.1742 20.8832
2 24 -2.8374 -0.5671 22.2725 -3.3251 -0.4207 23.0306
2 24 -0.4099 -0.0846 21.1711 -1.6542 -0.0061 21.1386
2 24 -2.1411 -0.7928 21.4266 -1.6542 -0.0061 21.1386
2 24 -1.6173 -1.9537 21.7582 -3.0306 -1.6592 21.5415
2 24 -2.1411 -0.7928 21.4266 -3.0306 -1.6592 21.5415
2 24 0.535 -1.9721 21.9727 -1.6173 -1.9537 21.7582
2 24 1.0384 -0.1092 21.1751 -0.4099 -0.0846 21.1711
2 24 6.0265 1.0891 19.6036 5.2212 1.2279 20.2974
2 24 2.9361 2.6028 21.0392 5.3813 1.9825 20.4227
2 24 2.8078 1.454 21.33 5.2212 1.2279 20.2974
2 24 2.9361 2.6028 21.0392 5.3813 1.9825 20.4227
2 24 5.185 -0.3094 19.7138 2.8042 -0.1742 20.8832
2 24 2.8078 1.454 21.33 5.2212 1.2279 20.2974
2 24 6.0122 -2.373 20.3206 2.8335 -2.0971 21.7136
2 24 5.185 -0.3094 19.7138 2.8042 -0.1742 20.8832
2 24 6.1673 1.9 19.7645 7.7848 2.124 17.9141
2 24 7.8644 0.8435 17.739 7.7848 2.124 17.9141
2 24 6.1673 1.9 19.7645 7.7848 2.124 17.9141
2 24 5.3813 1.9825 20.4227 6.1673 1.9 19.7645
2 24 6.0265 1.0891 19.6036 5.2212 1.2279 20.2974
2 24 -5.7009 -3.7025 19.6213 -6.0459 -3.0727 21.214
2 24 -6.6953 -3.1923 19.5918 -5.7009 -3.7025 19.6213
2 24 -6.6953 -3.1923 19.5918 -5.7009 -3.7025 19.6213
2 24 -5.7009 -3.7025 19.6213 -4.5241 -2.5199 21.0676
2 24 -5.7009 -3.7025 19.6213 -4.5241 -2.5199 21.0676
2 24 -3.0306 -1.6592 21.5415 -4.5241 -2.5199 21.0676
2 24 -4.5241 -2.5199 21.0676 -3.0306 -1.6592 21.5415
2 24 -5.6853 -5.8202 15.5141 -5.0481 -5.3907 17.2464
2 24 -5.6853 -5.8202 15.5141 -5.0481 -5.3907 17.2464
2 24 -5.0481 -5.3907 17.2464 -3.7587 -4.8109 19.3481
2 24 -3.7587 -4.8109 19.3481 -3.4286 -5.7075 19.4733
2 24 -8.0403 -3.6412 17.2377 -9.0385 -3.9249 15.1896
2 24 -5.0481 -5.3907 17.2464 -3.7587 -4.8109 19.3481
2 24 -3.0306 -1.6592 21.5415 -1.6173 -1.9537 21.7582
2 24 -3.7587 -4.8109 19.3481 -2.2072 -4.4541 20.276
2 24 -2.2072 -4.4541 20.276 -3.7587 -4.8109 19.3481
2 24 -3.4286 -5.7075 19.4733 -3.7587 -4.8109 19.3481
2 24 0.535 -1.9721 21.9727 2.8335 -2.0971 21.7136
2 24 -1.6173 -1.9537 21.7582 0.535 -1.9721 21.9727
2 24 2.8335 -2.0971 21.7136 6.0122 -2.373 20.3206
2 24 8.0777 -5.2065 16.7667 6.4708 -4.9432 18.1585
2 24 8.0777 -5.2065 16.7667 6.4708 -4.9432 18.1585
2 24 6.4708 -4.9432 18.1585 5.3268 -5.0115 18.5102
2 24 6.4708 -4.9432 18.1585 5.3268 -5.0115 18.5102
2 24 5.3268 -5.0115 18.5102 2.8726 -5.2671 18.5153
2 24 2.8726 -5.2671 18.5153 2.6959 -6.7475 18.2815
2 24 5.3268 -5.0115 18.5102 2.8726 -5.2671 18.5153
2 24 2.6959 -6.7475 18.2815 2.8726 -5.2671 18.5153
2 24 2.8726 -5.2671 18.5153 1.0309 -4.7692 19.8939
2 24 2.8726 -5.2671 18.5153 1.0309 -4.7692 19.8939
2 24 1.0309 -4.7692 19.8939 -0.755 -4.3044 20.6668
2 24 1.0309 -4.7692 19.8939 -0.755 -4.3044 20.6668
2 24 -0.6218 -5.2782 21.055 -0.755 -4.3044 20.6668
2 24 6.3135 -14.9745 3.3168 6.324 -14.7425 1.4748
2 24 8.4546 -14.3017 3.2913 7.2869 -14.7317 3.9651
2 24 9.4327 -13.5404 3.0701 9.0292 -14.0228 3.25
2 24 8.5479 -13.6943 1.23 9.0292 -14.0228 3.25
2 24 10.0882 -11.33 -0.6021 9.9223 -12.4115 1.9971
2 24 13.1265 -10.9833 0.4443 13.6251 -11.4118 2.6093
2 24 10.9719 -10.1861 -3.4947 11.96 -10.651 -1.6586
2 24 10.1541 -10.4104 -3.4112 10.0882 -11.33 -0.6021
2 24 11.96 -10.651 -1.6586 13.1265 -10.9833 0.4443
2 24 2.2277 -9.5324 17.5601 2.4941 -8.3001 17.895
2 24 8.7113 -11.6847 11.3365 7.6927 -13.0734 10.7426
2 24 0.6422 -12.8982 15.4906 -0.7776 -13.062 15.853
2 24 0.6422 -12.8982 15.4906 0.1347 -13.9161 14.7289
2 24 -3.1231 -12.7137 15.9719 -4.2953 -11.7541 15.562
2 24 -3.1231 -12.7137 15.9719 -3.67 -13.1124 15.4628
2 24 -10.7164 -10.0533 8.3153 -9.9978 -12.1163 9.1084
2 24 -8.3095 -14.1749 8.6938 -9.3368 -13.1523 9.0981
2 24 -7.4974 -14.643 8.0802 -7.0107 -14.8536 7.6403
2 24 -7.0107 -14.8536 7.6403 -7.6474 -15.7252 7.4041
2 24 -8.3095 -14.1749 8.6938 -7.4974 -14.643 8.0802
2 24 -0.4869 -6.439 21.5939 -0.5474 -5.9143 21.3908
2 24 -0.6218 -5.2782 21.055 -0.5474 -5.9143 21.3908
2 24 -3.4286 -5.7075 19.4733 -3.2181 -7.04 19.6095
2 24 -3.2181 -7.04 19.6095 -3.3156 -8.6046 19.3772
2 24 -2.2072 -4.4541 20.276 -0.755 -4.3044 20.6668
2 24 -2.2072 -4.4541 20.276 -0.755 -4.3044 20.6668
2 24 2.6959 -6.7475 18.2815 2.4941 -8.3001 17.895
2 24 2.2277 -9.5324 17.5601 1.7275 -10.936 16.9257
2 24 -3.4286 -5.7075 19.4733 -3.2181 -7.04 19.6095
2 24 -3.2181 -7.04 19.6095 -3.3156 -8.6046 19.3772
2 24 -3.3156 -8.6046 19.3772 -3.6646 -10.2043 18.3857
2 24 -3.6646 -10.2043 18.3857 -3.8945 -11.0473 17.2214
2 24 -4.2953 -11.7541 15.562 -5.4459 -10.3145 15.1127
2 24 -3.8945 -11.0473 17.2214 -4.2953 -11.7541 15.562
2 24 -4.2953 -11.7541 15.562 -5.4459 -10.3145 15.1127
2 24 -6.0957 -7.8628 14.4126 -5.4459 -10.3145 15.1127
2 24 -6.0957 -7.8628 14.4126 -5.4459 -10.3145 15.1127
2 24 -3.3156 -8.6046 19.3772 -3.6646 -10.2043 18.3857
2 24 -3.6646 -10.2043 18.3857 -3.8945 -11.0473 17.2214
2 24 1.7275 -10.936 16.9257 1.1718 -12.0618 16.271
2 24 1.1718 -12.0618 16.271 0.6422 -12.8982 15.4906
2 24 0.6422 -12.8982 15.4906 -0.7776 -13.062 15.853
2 24 -3.1231 -12.7137 15.9719 -3.67 -13.1124 15.4628
2 24 -2.2279 -13.0641 16.0177 -3.1231 -12.7137 15.9719
2 24 -0.7776 -13.062 15.853 -2.2279 -13.0641 16.0177
2 24 -4.2953 -11.7541 15.562 -3.8945 -11.0473 17.2214
2 24 -4.2953 -11.7541 15.562 -3.1231 -12.7137 15.9719
2 24 -3.1231 -12.7137 15.9719 -2.2279 -13.0641 16.0177
2 24 -0.7776 -13.062 15.853 -2.2279 -13.0641 16.0177
2 24 9.0911 -7.6348 14.4438 9.0123 -9.324 13.7798
2 24 11.4573 -11.0636 11.093 10.4754 -11.3547 11.2456
2 24 13.0518 -10.0357 9.9225 13.9612 -9.4456 9.023
2 24 14.292 -8.2548 10.1061 14.8382 -8.9571 8.2668
2 24 14.8382 -8.9571 8.2668 15.2714 -9.0049 7.705
2 24 15.5605 -7.9801 10.291 15.2714 -9.0049 7.705
2 24 14.292 -8.2548 10.1061 14.8382 -8.9571 8.2668
2 24 14.8382 -8.9571 8.2668 13.9612 -9.4456 9.023
2 24 15.2714 -9.0049 7.705 14.8382 -8.9571 8.2668
2 24 15.2714 -9.0049 7.705 14.8533 -9.7517 7.4875
2 24 13.0518 -10.0357 9.9225 12.2998 -10.6299 10.6364
2 24 13.9612 -9.4456 9.023 13.0518 -10.0357 9.9225
2 24 13.0518 -10.0357 9.9225 12.2998 -10.6299 10.6364
2 24 11.4573 -11.0636 11.093 10.4754 -11.3547 11.2456
2 24 9.0123 -9.324 13.7798 9.0911 -7.6348 14.4438
2 24 9.0123 -9.324 13.7798 8.9675 -10.2195 12.9649
2 24 8.9118 -10.8687 12.1127 8.7113 -11.6847 11.3365
2 24 10.4754 -11.3547 11.2456 8.7113 -11.6847 11.3365
2 24 12.2998 -10.6299 10.6364 11.4573 -11.0636 11.093
2 24 11.4573 -11.0636 11.093 12.2998 -10.6299 10.6364
2 24 8.9675 -10.2195 12.9649 8.9118 -10.8687 12.1127
2 24 2.6959 -6.7475 18.2815 2.4941 -8.3001 17.895
2 24 5.833 -11.079 18.2971 5.9459 -10.6061 18.629
2 24 5.9459 -10.6061 18.629 5.9855 -9.9807 18.5474
2 24 5.833 -11.079 18.2971 5.6355 -11.4757 17.7942
2 24 5.9855 -9.9807 18.5474 5.9793 -9.3683 18.3273
2 24 6.0265 -8.6155 18.0765 5.9793 -9.3683 18.3273
2 24 4.9949 -14.0421 17.1001 5.0958 -13.4599 17.2015
2 24 4.9949 -14.0421 17.1001 4.7521 -14.4538 16.6335
2 24 5.0958 -13.4599 17.2015 5.1122 -13.0193 17.1028
2 24 4.7521 -14.4538 16.6335 4.4789 -14.7768 16.0845
2 24 5.1122 -13.0193 17.1028 5.2415 -12.4846 17.0716
2 24 1.1718 -12.0618 16.271 0.6422 -12.8982 15.4906
2 24 2.4941 -8.3001 17.895 2.2277 -9.5324 17.5601
2 24 2.2277 -9.5324 17.5601 1.7275 -10.936 16.9257
2 24 5.4283 -11.9382 17.3547 5.2415 -12.4846 17.0716
2 24 1.1718 -12.0618 16.271 1.7275 -10.936 16.9257
2 24 9.0123 -9.324 13.7798 8.9675 -10.2195 12.9649
2 24 8.9675 -10.2195 12.9649 8.9118 -10.8687 12.1127
2 24 8.9118 -10.8687 12.1127 8.7113 -11.6847 11.3365
2 24 -6.0338 -12.5432 14.2108 -4.9055 -13.1273 14.7496
2 24 -8.3932 -7.9414 13.4701 -7.2213 -11.0267 13.8631
2 24 -7.2213 -11.0267 13.8631 -6.0338 -12.5432 14.2108
2 24 -6.0338 -12.5432 14.2108 -4.9055 -13.1273 14.7496
2 24 -10.7164 -10.0533 8.3153 -9.9978 -12.1163 9.1084
2 24 -9.9978 -12.1163 9.1084 -9.3368 -13.1523 9.0981
2 24 -9.9978 -12.1163 9.1084 -9.3368 -13.1523 9.0981
2 24 0.1347 -13.9161 14.7289 0.0388 -14.4496 13.928
2 24 0.0388 -14.4496 13.928 -0.6506 -14.7288 13.8697
2 24 0.0388 -14.4496 13.928 1.8949 -15.3843 13.3188
2 24 0.0388 -14.4496 13.928 0.1347 -13.9161 14.7289
2 24 -0.6506 -14.7288 13.8697 -1.6071 -15.087 13.3237
2 24 0.0107 -15.1628 13.6596 -1.3405 -15.852 13.0465
2 24 -0.6506 -14.7288 13.8697 -1.6071 -15.087 13.3237
2 24 -1.6071 -15.087 13.3237 -3.2664 -15.3556 12.062
2 24 -3.2664 -15.3556 12.062 -4.5896 -15.3086 10.1954
2 24 -7.4974 -14.643 8.0802 -8.3095 -14.1749 8.6938
2 24 -7.4974 -14.643 8.0802 -7.0107 -14.8536 7.6403
2 24 -4.9233 -15.4051 8.1325 -4.8989 -15.2855 9.137
2 24 -4.5078 -16.0943 7.9994 -4.4684 -15.9321 9.2653
2 24 -4.9233 -15.4051 8.1325 -4.8989 -15.2855 9.137
2 24 -4.4369 -14.6849 4.6811 -4.5216 -14.3456 3.6063
2 24 -3.0968 -15.964 4.4298 -2.7011 -15.724 3.486
2 24 -4.4369 -14.6849 4.6811 -4.252 -15.3344 6.6266
2 24 -4.252 -15.3344 6.6266 -4.6887 -15.3546 7.1146
2 24 -6.982 -14.7176 7.0566 -7.0244 -14.3045 5.429
2 24 -4.4369 -14.6849 4.6811 -4.252 -15.3344 6.6266
2 24 -4.252 -15.3344 6.6266 -3.337 -16.027 5.0995
2 24 -3.0968 -15.964 4.4298 -3.337 -16.027 5.0995
2 24 -4.9233 -15.4051 8.1325 -4.6887 -15.3546 7.1146
2 24 -7.0107 -14.8536 7.6403 -6.982 -14.7176 7.0566
2 24 -7.0107 -14.8536 7.6403 -6.982 -14.7176 7.0566
2 24 1.9019 -15.1842 2.0456 2.9977 -15.8134 3.6286
2 24 3.6013 -14.3169 1.9246 3.8621 -15.2365 3.6544
2 24 4.5908 -16.2442 6.499 3.9661 -16.4399 5.5724
2 24 6.6137 -15.1532 5.3889 6.3163 -15.3612 7.1858
2 24 0.0388 -14.4496 13.928 1.8949 -15.3843 13.3188
2 24 0.0107 -15.1628 13.6596 1.8183 -16.1278 12.7814
2 24 4.0862 -16.6856 8.3213 3.5855 -16.2614 11.2406
2 24 4.436 -15.9634 8.2829 3.9666 -15.5092 11.4004
2 24 1.8183 -16.1278 12.7814 3.5855 -16.2614 11.2406
2 24 3.9666 -15.5092 11.4004 2.7885 -15.5247 12.671
2 24 1.8949 -15.3843 13.3188 2.7885 -15.5247 12.671
2 24 0.6422 -12.8982 15.4906 0.1347 -13.9161 14.7289
2 24 8.7113 -11.6847 11.3365 7.6927 -13.0734 10.7426
2 24 1.8949 -15.3843 13.3188 2.7885 -15.5247 12.671
2 24 2.7885 -15.5247 12.671 3.9666 -15.5092 11.4004
2 24 3.9666 -15.5092 11.4004 4.436 -15.9634 8.2829
2 24 7.6927 -13.0734 10.7426 6.5758 -14.406 8.9912
2 24 3.9538 -17.1813 5.6885 4.5908 -16.2442 6.499
2 24 4.0862 -16.6856 8.3213 3.9538 -17.1813 5.6885
2 24 4.436 -15.9634 8.2829 4.5908 -16.2442 6.499
2 24 4.5908 -16.2442 6.499 4.436 -15.9634 8.2829
2 24 6.3163 -15.3612 7.1858 6.3314 -15.0316 7.8908
2 24 6.5758 -14.406 8.9912 6.3314 -15.0316 7.8908
2 24 4.5908 -16.2442 6.499 3.9661 -16.4399 5.5724
2 24 3.1954 -17.2072 3.8353 3.0898 -17.396 3.129
2 24 3.0898 -17.396 3.129 1.9605 -17.3059 2.0574
2 24 1.5465 -16.1523 2.6571 0.0261 -16.1794 2.5007
2 24 1.9605 -17.3059 2.0574 -0.0136 -17.3545 1.7157
2 24 0.0261 -16.1794 2.5007 -1.6752 -16.2131 2.8353
2 24 -0.0136 -17.3545 1.7157 -2.0924 -17.2303 2.3367
2 24 -4.5078 -16.0943 7.9994 -4.0035 -16.3112 6.6421
2 24 -4.252 -15.3344 6.6266 -4.6887 -15.3546 7.1146
2 24 -4.9233 -15.4051 8.1325 -4.6887 -15.3546 7.1146
2 24 -0.0086 -15.1417 1.9032 -2.0408 -15.3149 2.4077
2 24 -0.0086 -15.1417 1.9032 1.9019 -15.1842 2.0456
2 24 1.9019 -15.1842 2.0456 2.9977 -15.8134 3.6286
2 24 -0.6506 -14.7288 13.8697 0.0388 -14.4496 13.928
2 24 -9.1556 4.8918 27.3713 -9.1716 5.4578 27.0779
2 24 -9.5779 5.1406 26.3781 -9.1716 5.4578 27.0779
2 24 -10.2041 1.6092 21.8281 -10.3698 1.035 20.7907
2 24 -10.3698 1.035 20.7907 -10.3437 0.344 20.3087
2 24 -10.3437 0.344 20.3087 -10.2021 -0.2978 20.058
2 24 -10.2021 -0.2978 20.058 -9.789 -0.6407 20.3293
2 24 -9.789 -0.6407 20.3293 -9.4284 -0.8916 20.8775
2 24 -9.4284 -0.8916 20.8775 -9.1909 -0.2818 22.1758
2 24 -9.1909 -0.2818 22.1758 -9.3151 0.5211 22.9917
2 24 -9.3151 0.5211 22.9917 -9.5812 1.2773 23.2839
2 24 -9.5812 1.2773 23.2839 -9.919 1.5678 22.578
2 24 -10.2041 1.6092 21.8281 -9.919 1.5678 22.578
2 24 -9.4284 -0.8916 20.8775 -9.789 -0.6407 20.3293
2 24 -9.789 -0.6407 20.3293 -10.2021 -0.2978 20.058
2 24 -10.2021 -0.2978 20.058 -10.3437 0.344 20.3087
2 24 -9.1556 4.8918 27.3713 -8.9746 4.3548 27.6753
2 24 -8.9746 4.3548 27.6753 -7.9905 3.7373 28.2027
2 24 -9.5812 1.2773 23.2839 -9.919 1.5678 22.578
2 24 -11.3974 3.7728 18.954 -11.1039 4.0022 20.8608
2 24 -10.3698 1.035 20.7907 -10.2041 1.6092 21.8281
2 24 -10.4237 4.5462 23.6335 -11.1039 4.0022 20.8608
2 24 -9.919 1.5678 22.578 -10.2041 1.6092 21.8281
2 24 -9.5779 5.1406 26.3781 -10.4237 4.5462 23.6335
2 24 -9.4284 -0.8916 20.8775 -9.1909 -0.2818 22.1758
2 24 -3.3715 1.3168 24.4635 -3.4782 0.7744 24.1501
2 24 -3.3715 1.3168 24.4635 -3.1542 1.656 24.3283
2 24 -3.1542 1.656 24.3283 -2.4708 1.9108 23.4315
2 24 -2.4708 1.9108 23.4315 -2.0339 1.2796 22.3525
2 24 -2.0339 1.2796 22.3525 -2.1122 0.4783 21.8253
2 24 -2.1122 0.4783 21.8253 -2.4921 -0.2217 21.8307
2 24 -2.4921 -0.2217 21.8307 -2.8374 -0.5671 22.2725
2 24 -2.8374 -0.5671 22.2725 -3.3251 -0.4207 23.0306
2 24 -3.3251 -0.4207 23.0306 -3.4838 0.2226 23.6655
2 24 -3.4782 0.7744 24.1501 -3.4838 0.2226 23.6655
2 24 -3.4782 0.7744 24.1501 -3.3715 1.3168 24.4635
2 24 -3.3715 1.3168 24.4635 -3.8196 2.3563 25.9036
2 24 -3.3715 1.3168 24.4635 -3.1542 1.656 24.3283
2 24 -3.3715 1.3168 24.4635 -3.8196 2.3563 25.9036
2 24 -5.821 3.5556 28.2675 -4.9424 3.6757 28.1043
2 24 -4.9424 3.6757 28.1043 -4.6051 3.3505 27.5683
2 24 -4.6051 3.3505 27.5683 -4.9424 3.6757 28.1043
2 24 -4.9424 3.6757 28.1043 -4.4511 5.0027 27.6167
2 24 -3.8196 2.3563 25.9036 -4.6051 3.3505 27.5683
2 24 -3.8196 2.3563 25.9036 -4.6051 3.3505 27.5683
2 24 -3.3251 -0.4207 23.0306 -3.4838 0.2226 23.6655
2 24 -3.1542 1.656 24.3283 -2.4708 1.9108 23.4315
2 24 -2.4708 1.9108 23.4315 -2.0339 1.2796 22.3525
2 24 -3.4782 0.7744 24.1501 -3.4838 0.2226 23.6655
2 24 -9.1909 -0.2818 22.1758 -9.3151 0.5211 22.9917
2 24 -5.821 3.5556 28.2675 -6.7566 3.4833 28.3833
2 24 -7.9905 3.7373 28.2027 -6.7566 3.4833 28.3833
2 24 -7.9414 6.3176 26.9065 -9.1716 5.4578 27.0779
2 24 -9.1716 5.4578 27.0779 -9.5779 5.1406 26.3781
2 24 -9.5779 5.1406 26.3781 -10.4237 4.5462 23.6335
2 24 -11.3974 3.7728 18.954 -11.1039 4.0022 20.8608
2 24 -10.4237 4.5462 23.6335 -11.1039 4.0022 20.8608
2 24 -6.8049 6.3351 27.0284 -5.5893 5.8895 27.3586
2 24 -7.9414 6.3176 26.9065 -6.8049 6.3351 27.0284
2 24 -4.4511 5.0027 27.6167 -5.5893 5.8895 27.3586
2 24 -4.4511 5.0027 27.6167 -4.9424 3.6757 28.1043
2 24 -4.9424 3.6757 28.1043 -5.821 3.5556 28.2675
2 24 -7.9905 3.7373 28.2027 -6.7566 3.4833 28.3833
2 24 -5.821 3.5556 28.2675 -6.7566 3.4833 28.3833
2 24 -7.9905 3.7373 28.2027 -8.9746 4.3548 27.6753
2 24 -8.9746 4.3548 27.6753 -9.1556 4.8918 27.3713
2 24 -7.9414 6.3176 26.9065 -9.1716 5.4578 27.0779
2 24 -9.1556 4.8918 27.3713 -9.1716 5.4578 27.0779
2 24 -5.5893 5.8895 27.3586 -6.8049 6.3351 27.0284
2 24 -7.9414 6.3176 26.9065 -6.8049 6.3351 27.0284
2 24 -4.4511 5.0027 27.6167 -5.5893 5.8895 27.3586
2 24 3.5865 4.9108 22.6903 3.417 5.7387 23.1077
2 24 3.417 5.7387 23.1077 2.727 6.0012 22.3806
2 24 3.5865 4.9108 22.6903 3.478 4.302 22.3673
2 24 3.478 4.302 22.3673 3.212 3.8534 21.9604
2 24 3.212 3.8534 21.9604 2.7759 3.6078 21.4241
2 24 2.7759 3.6078 21.4241 2.1135 3.7544 20.9006
2 24 2.1135 3.7544 20.9006 1.721 4.4993 20.9043
2 24 1.7386 5.3383 21.105 1.721 4.4993 20.9043
2 24 1.7386 5.3383 21.105 2.1419 5.8872 21.601
2 24 2.727 6.0012 22.3806 2.1419 5.8872 21.601
2 24 2.7759 3.6078 21.4241 3.212 3.8534 21.9604
2 24 1.7386 5.3383 21.105 2.1419 5.8872 21.601
2 24 3.212 3.8534 21.9604 3.478 4.302 22.3673
2 24 5.3456 8.6392 26.3352 6.8235 8.1389 26.2994
2 24 9.0798 5.4032 21.2467 8.8349 4.7248 20.9334
2 24 9.0798 5.4032 21.2467 9.3055 5.6699 20.5411
2 24 8.8349 4.7248 20.9334 8.6541 3.8871 20.3154
2 24 8.6541 3.8871 20.3154 8.7311 3.5009 19.3684
2 24 9.1793 3.7671 17.9792 8.7311 3.5009 19.3684
2 24 9.1793 3.7671 17.9792 9.506 4.9574 18.2622
2 24 9.506 4.9574 18.2622 9.5972 5.5395 18.7883
2 24 9.5972 5.5395 18.7883 9.5187 5.7695 19.5335
2 24 9.3055 5.6699 20.5411 9.5187 5.7695 19.5335
2 24 9.506 4.9574 18.2622 9.5972 5.5395 18.7883
2 24 8.7311 3.5009 19.3684 8.6541 3.8871 20.3154
2 24 8.6541 3.8871 20.3154 8.8349 4.7248 20.9334
2 24 8.8349 4.7248 20.9334 9.0798 5.4032 21.2467
2 24 9.0398 7.8093 25.0107 7.9819 7.9967 25.8828
2 24 9.0398 7.8093 25.0107 9.614 8.6181 24.3851
2 24 9.614 8.6181 24.3851 9.8202 8.5266 23.2592
2 24 3.478 4.302 22.3673 3.5865 4.9108 22.6903
2 24 3.5865 4.9108 22.6903 3.417 5.7387 23.1077
2 24 9.8202 8.5266 23.2592 10.083 8.0669 20.0159
2 24 6.8235 8.1389 26.2994 7.9819 7.9967 25.8828
2 24 6.0134 10.477 25.3659 5.395 9.937 25.7019
2 24 1.6386 7.9144 21.4002 2.3556 7.9107 22.6188
2 24 2.1419 5.8872 21.601 2.727 6.0012 22.3806
2 24 1.6386 7.9144 21.4002 2.3556 7.9107 22.6188
2 24 2.3556 7.9107 22.6188 2.9677 8.2203 23.6227
2 24 3.417 5.7387 23.1077 2.727 6.0012 22.3806
2 24 2.3556 7.9107 22.6188 2.9677 8.2203 23.6227
2 24 2.9677 8.2203 23.6227 3.8969 9.0189 24.8788
2 24 5.3456 8.6392 26.3352 5.001 9.3092 25.9961
2 24 3.8969 9.0189 24.8788 5.001 9.3092 25.9961
2 24 2.9677 8.2203 23.6227 3.8969 9.0189 24.8788
2 24 3.8969 9.0189 24.8788 5.001 9.3092 25.9961
2 24 5.395 9.937 25.7019 5.001 9.3092 25.9961
2 24 10.0647 5.1842 17.1231 10.4078 7.6564 16.999
2 24 10.083 8.0669 20.0159 10.4078 7.6564 16.999
2 24 10.8771 9.7387 16.0207 10.2269 11.4809 16.18
2 24 12.2635 11.978 10.5239 11.0912 13.0552 11.8062
2 24 10.8771 9.7387 16.0207 10.2269 11.4809 16.18
2 24 10.4078 7.6564 16.999 8.5937 11.3525 18.1355
2 24 9.0866 13.0421 16.4471 10.2269 11.4809 16.18
2 24 9.4915 14.5193 12.8301 11.0912 13.0552 11.8062
2 24 9.0866 13.0421 16.4471 10.2269 11.4809 16.18
2 24 8.5937 11.3525 18.1355 10.4078 7.6564 16.999
2 24 10.4078 7.6564 16.999 10.083 8.0669 20.0159
2 24 9.0798 5.4032 21.2467 9.3055 5.6699 20.5411
2 24 9.3055 5.6699 20.5411 9.5187 5.7695 19.5335
2 24 9.5972 5.5395 18.7883 9.5187 5.7695 19.5335
2 24 9.8202 8.5266 23.2592 9.614 8.6181 24.3851
2 24 9.614 8.6181 24.3851 8.5713 10.146 24.6455
2 24 10.083 8.0669 20.0159 9.8202 8.5266 23.2592
2 24 8.5713 10.146 24.6455 7.1948 10.5938 24.983
2 24 6.0134 10.477 25.3659 7.1948 10.5938 24.983
2 24 5.001 9.3092 25.9961 5.3456 8.6392 26.3352
2 24 5.395 9.937 25.7019 5.001 9.3092 25.9961
2 24 7.9819 7.9967 25.8828 9.0398 7.8093 25.0107
2 24 9.0398 7.8093 25.0107 9.614 8.6181 24.3851
2 24 9.614 8.6181 24.3851 8.5713 10.146 24.6455
2 24 8.5713 10.146 24.6455 7.1948 10.5938 24.983
2 24 7.9819 7.9967 25.8828 6.8235 8.1389 26.2994
2 24 5.3456 8.6392 26.3352 6.8235 8.1389 26.2994
2 24 7.1948 10.5938 24.983 6.0134 10.477 25.3659
2 24 5.395 9.937 25.7019 6.0134 10.477 25.3659
2 24 -14.3813 29.7397 -14.2947 -14.3098 32.0109 -15.3322
2 24 -12.1326 30.5299 -12.2231 -12.0621 32.7147 -13.3013
2 24 -12.7104 35.8682 -16.9778 -12.4957 35.8841 -16.5983
2 24 -11.5314 35.935 -16.0859 -12.4957 35.8841 -16.5983
2 24 -11.5314 35.935 -16.0859 -11.887 34.1539 -14.3696
2 24 -11.5314 35.935 -16.0859 -9.4749 35.9561 -15.9336
2 24 -9.4749 35.9561 -15.9336 -8.8326 34.2564 -14.1916
2 24 -11.887 34.1539 -14.3696 -12.0621 32.7147 -13.3013
2 24 -8.8326 34.2564 -14.1916 -8.4275 33.0166 -13.2535
2 24 -12.0621 32.7147 -13.3013 -12.1326 30.5299 -12.2231
2 24 -8.4275 33.0166 -13.2535 -8.0647 30.7887 -12.1137
2 24 -12.1326 30.5299 -12.2231 -12.0865 27.5724 -11.4944
2 24 -8.0647 30.7887 -12.1137 -7.9789 27.6697 -11.4169
2 24 -11.9727 25.2863 -11.2037 -12.231 23.6583 -10.8464
2 24 -7.6806 24.5941 -11.296 -7.4951 22.4967 -11.2158
2 24 -12.0865 27.5724 -11.4944 -11.9727 25.2863 -11.2037
2 24 -7.9789 27.6697 -11.4169 -7.6806 24.5941 -11.296
2 24 -8.4059 35.8738 -17.0546 -9.4749 35.9561 -15.9336
2 24 -8.4059 35.8738 -17.0546 -7.2179 34.355 -16.5801
2 24 -9.4749 35.9561 -15.9336 -8.8326 34.2564 -14.1916
2 24 -7.2179 34.355 -16.5801 -6.3777 32.999 -16.0873
2 24 -8.8326 34.2564 -14.1916 -8.4275 33.0166 -13.2535
2 24 -6.3777 32.999 -16.0873 -5.8096 31.3387 -15.4075
2 24 -8.4275 33.0166 -13.2535 -8.0647 30.7887 -12.1137
2 24 -5.8096 31.3387 -15.4075 -5.4599 29.407 -14.799
2 24 -5.4599 29.407 -14.799 -5.4521 27.2128 -14.4106
2 24 -8.0647 30.7887 -12.1137 -7.9789 27.6697 -11.4169
2 24 -5.4521 27.2128 -14.4106 -5.644 24.585 -13.967
2 24 -7.9789 27.6697 -11.4169 -7.6806 24.5941 -11.296
2 24 -5.644 24.585 -13.967 -5.9134 22.1534 -13.4872
2 24 -7.6806 24.5941 -11.296 -7.4951 22.4967 -11.2158
2 24 -5.9134 22.1534 -13.4872 -6.1345 20.7924 -13.1042
2 24 -7.4951 22.4967 -11.2158 -7.8669 20.4124 -10.5424
2 24 -6.1345 20.7924 -13.1042 -6.4878 19.2504 -12.4261
2 24 -7.8669 20.4124 -10.5424 -7.3894 18.9331 -10.8752
2 24 -6.4878 19.2504 -12.4261 -7.1191 17.3278 -11.046
2 24 -7.3894 18.9331 -10.8752 -7.1191 17.3278 -11.046
2 24 -7.4951 22.4967 -11.2158 -7.8669 20.4124 -10.5424
2 24 -12.231 23.6583 -10.8464 -12.7491 22.7127 -10.2569
2 24 -6.5088 24.0644 -17.0564 -6.76 22.0165 -16.8623
2 24 -5.644 24.585 -13.967 -5.9134 22.1534 -13.4872
2 24 -6.76 22.0165 -16.8623 -6.9602 20.8865 -16.7441
2 24 -5.9134 22.1534 -13.4872 -6.1345 20.7924 -13.1042
2 24 -6.4878 19.2504 -12.4261 -6.1345 20.7924 -13.1042
2 24 -7.2599 19.7703 -16.577 -6.9602 20.8865 -16.7441
2 24 -9.4749 35.9561 -15.9336 -8.4059 35.8738 -17.0546
2 24 -9.4749 35.9561 -15.9336 -11.5314 35.935 -16.0859
2 24 -12.4957 35.8841 -16.5983 -12.7104 35.8682 -16.9778
2 24 -11.5314 35.935 -16.0859 -12.4957 35.8841 -16.5983
2 24 -12.6457 35.5779 -18.2238 -12.7104 35.8682 -16.9778
2 24 6.9951 17.9696 -11.1299 7.1441 20.38 -11.042
2 24 5.8796 20.451 -12.7249 6.9951 17.9696 -11.1299
2 24 5.8796 20.451 -12.7249 5.3522 22.7895 -13.6718
2 24 5.3522 22.7895 -13.6718 5.0938 26.2692 -14.2674
2 24 5.0938 26.2692 -14.2674 5.0596 28.8391 -14.8898
2 24 5.0596 28.8391 -14.8898 5.3077 31.759 -16.159
2 24 5.3077 31.759 -16.159 5.8936 34.4227 -17.0679
2 24 5.8936 34.4227 -17.0679 6.5352 35.513 -17.1704
2 24 6.5352 35.513 -17.1704 7.1104 35.635 -16.4288
2 24 7.6836 35.7152 -16.1696 7.1104 35.635 -16.4288
2 24 8.6828 35.5046 -18.8447 6.935 35.3362 -18.4692
2 24 6.935 35.3362 -18.4692 6.5352 35.513 -17.1704
2 24 6.5352 35.513 -17.1704 7.1104 35.635 -16.4288
2 24 7.1104 35.635 -16.4288 7.6836 35.7152 -16.1696
2 24 7.6836 35.7152 -16.1696 9.5741 35.8808 -15.8497
2 24 10.9557 35.7411 -17.2942 9.5741 35.8808 -15.8497
2 24 16.0246 19.2611 -2.3209 15.534 20.5369 -6.2307
2 24 13.0201 18.7613 -2.127 12.1298 19.7896 -5.4302
2 24 7.2869 -14.7317 3.9651 8.4546 -14.3017 3.2913
2 24 8.4546 -14.3017 3.2913 9.0292 -14.0228 3.25
2 24 9.7773 -12.9413 2.6613 9.4327 -13.5404 3.0701
2 24 9.9223 -12.4115 1.9971 9.7773 -12.9413 2.6613
2 24 6.3314 -15.0316 7.8908 6.5758 -14.406 8.9912
2 24 13.6251 -11.4118 2.6093 13.5751 -11.6984 3.3426
2 24 13.6251 -11.4118 2.6093 13.5751 -11.6984 3.3426
2 24 15.1893 -9.1764 4.1363 15.2284 -9.4285 4.9957
2 24 15.2284 -9.4285 4.9957 15.201 -9.7267 6.2027
2 24 14.9906 -10.2078 6.2785 15.201 -9.7267 6.2027
2 24 15.201 -9.7267 6.2027 14.9906 -10.2078 6.2785
2 24 14.829 -10.4493 6.784 14.707 -10.2441 7.3528
2 24 14.8533 -9.7517 7.4875 14.707 -10.2441 7.3528
2 24 14.8533 -9.7517 7.4875 14.707 -10.2441 7.3528
2 24 13.5689 -12.4889 9.473 13.0474 -13.8677 10.906
2 24 6.3314 -15.0316 7.8908 6.3163 -15.3612 7.1858
2 24 6.3163 -15.3612 7.1858 6.6137 -15.1532 5.3889
2 24 10.7628 -14.4667 3.6738 11.5895 -13.751 3.5934
2 24 11.5895 -13.751 3.5934 12.5417 -13.072 3.6249
2 24 12.5417 -13.072 3.6249 13.3036 -12.5945 3.9684
2 24 13.3036 -12.5945 3.9684 13.7699 -12.2579 4.5314
2 24 13.7699 -12.2579 4.5314 14.13 -12.0402 5.2103
2 24 14.3023 -11.8671 6.9756 14.13 -12.0402 5.2103
2 24 14.829 -10.4493 6.784 14.707 -10.2441 7.3528
2 24 13.0474 -13.8677 10.906 13.5689 -12.4889 9.473
2 24 13.5689 -12.4889 9.473 13.9828 -12.0034 8.522
2 24 13.9828 -12.0034 8.522 14.3023 -11.8671 6.9756
2 24 14.3023 -11.8671 6.9756 14.13 -12.0402 5.2103
2 24 14.13 -12.0402 5.2103 13.7699 -12.2579 4.5314
2 24 13.7699 -12.2579 4.5314 13.3036 -12.5945 3.9684
2 24 13.3036 -12.5945 3.9684 12.5417 -13.072 3.6249
2 24 12.5417 -13.072 3.6249 11.5895 -13.751 3.5934
2 24 10.7628 -14.4667 3.6738 11.5895 -13.751 3.5934
2 24 16.1468 -18.3713 3.0507 15.3798 -18.8609 3.185
2 24 16.1468 -18.3713 3.0507 16.5438 -17.6187 2.7263
2 24 16.5438 -17.6187 2.7263 16.5472 -17.1004 2.4777
2 24 16.5472 -17.1004 2.4777 15.999 -16.8047 2.2667
2 24 15.999 -16.8047 2.2667 15.2372 -16.8064 2.1246
2 24 15.2372 -16.8064 2.1246 14.434 -17.2304 2.1228
2 24 14.434 -17.2304 2.1228 13.9399 -18.1756 2.4075
2 24 13.9399 -18.1756 2.4075 13.8692 -18.9457 2.7582
2 24 13.8692 -18.9457 2.7582 14.5914 -19.0727 3.0984
2 24 15.3798 -18.8609 3.185 14.5914 -19.0727 3.0984
2 24 18.0828 -17.4141 9.2391 18.2355 -16.8002 9.5157
2 24 18.2355 -16.8002 9.5157 17.8718 -16.4904 10.002
2 24 17.8718 -16.4904 10.002 17.2154 -16.4018 10.588
2 24 17.2154 -16.4018 10.588 16.5541 -16.7518 10.9496
2 24 16.5541 -16.7518 10.9496 16.1226 -17.2781 11.1427
2 24 16.1226 -17.2781 11.1427 15.8894 -18.0812 11.0239
2 24 15.8894 -18.0812 11.0239 16.1309 -18.5107 10.4541
2 24 16.1309 -18.5107 10.4541 16.7553 -18.5128 9.7044
2 24 16.7553 -18.5128 9.7044 17.5121 -18.0951 9.2645
2 24 18.0828 -17.4141 9.2391 17.5121 -18.0951 9.2645
2 24 16.1309 -18.5107 10.4541 16.7553 -18.5128 9.7044
2 24 16.1309 -18.5107 10.4541 15.8894 -18.0812 11.0239
2 24 15.8894 -18.0812 11.0239 16.1226 -17.2781 11.1427
2 24 16.1226 -17.2781 11.1427 16.5541 -16.7518 10.9496
2 24 14.7259 -15.5744 11.9387 15.3188 -15.0057 11.82
2 24 15.3188 -15.0057 11.82 16.6776 -14.6452 11.336
2 24 16.5541 -16.7518 10.9496 17.2154 -16.4018 10.588
2 24 16.6776 -14.6452 11.336 18.6266 -14.4849 10.1552
2 24 17.2154 -16.4018 10.588 17.8718 -16.4904 10.002
2 24 18.2355 -16.8002 9.5157 17.8718 -16.4904 10.002
2 24 18.0828 -17.4141 9.2391 17.5121 -18.0951 9.2645
2 24 16.7553 -18.5128 9.7044 17.5121 -18.0951 9.2645
2 24 15.3798 -18.8609 3.185 16.1468 -18.3713 3.0507
2 24 15.3798 -18.8609 3.185 14.5914 -19.0727 3.0984
2 24 11.2893 -20.7351 7.925 9.7076 -20.3875 8.6259
2 24 9.7076 -20.3875 8.6259 8.9529 -19.6352 8.867
2 24 14.5139 -16.1743 11.8736 14.7259 -15.5744 11.9387
2 24 14.7259 -15.5744 11.9387 14.5139 -16.1743 11.8736
2 24 14.7259 -15.5744 11.9387 15.3188 -15.0057 11.82
2 24 15.3188 -15.0057 11.82 16.6776 -14.6452 11.336
2 24 16.6776 -14.6452 11.336 18.6266 -14.4849 10.1552
2 24 14.3023 -11.8671 6.9756 13.9828 -12.0034 8.522
2 24 13.5689 -12.4889 9.473 13.9828 -12.0034 8.522
2 24 14.5914 -19.0727 3.0984 13.8692 -18.9457 2.7582
2 24 13.8692 -18.9457 2.7582 13.9399 -18.1756 2.4075
2 24 18.2355 -16.8002 9.5157 18.0828 -17.4141 9.2391
2 24 18.6266 -14.4849 10.1552 21.2652 -14.3629 7.9956
2 24 18.6266 -14.4849 10.1552 21.2652 -14.3629 7.9956
2 24 21.489 -14.7839 3.4151 22.0968 -14.7857 4.6601
2 24 20.0329 -15.3843 2.7082 20.9659 -14.6642 2.7939
2 24 21.489 -14.7839 3.4151 20.9659 -14.6642 2.7939
2 24 22.0968 -14.7857 4.6601 22.1755 -14.602 5.986
2 24 22.1755 -14.602 5.986 22.0267 -14.3952 6.8938
2 24 21.2652 -14.3629 7.9956 22.0267 -14.3952 6.8938
2 24 21.2652 -14.3629 7.9956 22.0267 -14.3952 6.8938
2 24 21.602 -13.357 7.0202 22.0267 -14.3952 6.8938
2 24 21.602 -13.357 7.0202 21.2763 -12.724 6.9235
2 24 21.2763 -12.724 6.9235 21.0356 -12.445 6.7831
2 24 21.0356 -12.445 6.7831 20.9283 -12.4308 5.8314
2 24 21.0356 -12.445 6.7831 21.2763 -12.724 6.9235
2 24 21.0356 -12.445 6.7831 20.9283 -12.4308 5.8314
2 24 20.9283 -12.4308 5.8314 20.7043 -12.6808 4.3009
2 24 20.7043 -12.6808 4.3009 20.5605 -13.0844 3.3955
2 24 20.5605 -13.0844 3.3955 20.5674 -14.1304 2.5832
2 24 20.9283 -12.4308 5.8314 20.7043 -12.6808 4.3009
2 24 20.7043 -12.6808 4.3009 20.5605 -13.0844 3.3955
2 24 21.2763 -12.724 6.9235 21.602 -13.357 7.0202
2 24 21.602 -13.357 7.0202 22.0267 -14.3952 6.8938
2 24 22.0267 -14.3952 6.8938 22.1755 -14.602 5.986
2 24 22.1755 -14.602 5.986 22.0968 -14.7857 4.6601
2 24 22.0968 -14.7857 4.6601 21.489 -14.7839 3.4151
2 24 20.9659 -14.6642 2.7939 20.0329 -15.3843 2.7082
2 24 20.5674 -14.1304 2.5832 20.9659 -14.6642 2.7939
2 24 21.489 -14.7839 3.4151 20.9659 -14.6642 2.7939
2 24 20.9659 -14.6642 2.7939 20.5674 -14.1304 2.5832
2 24 20.5605 -13.0844 3.3955 20.5674 -14.1304 2.5832
2 24 16.1468 -18.3713 3.0507 16.5438 -17.6187 2.7263
2 24 16.5438 -17.6187 2.7263 16.5472 -17.1004 2.4777
2 24 18.2312 -16.4202 2.635 16.5472 -17.1004 2.4777
2 24 20.0329 -15.3843 2.7082 18.2312 -16.4202 2.635
2 24 20.0329 -15.3843 2.7082 18.2312 -16.4202 2.635
2 24 15.999 -16.8047 2.2667 16.5472 -17.1004 2.4777
2 24 18.2312 -16.4202 2.635 16.5472 -17.1004 2.4777
2 24 15.999 -16.8047 2.2667 15.2372 -16.8064 2.1246
2 24 15.2372 -16.8064 2.1246 14.434 -17.2304 2.1228
2 24 13.9399 -18.1756 2.4075 14.434 -17.2304 2.1228
2 24 3.9661 -16.4399 5.5724 3.5973 -16.2116 4.7547
2 24 2.9977 -15.8134 3.6286 3.5973 -16.2116 4.7547
2 24 3.8621 -15.2365 3.6544 4.2747 -15.8271 5.025
2 24 3.8621 -15.2365 3.6544 4.2747 -15.8271 5.025
2 24 7.2869 -14.7317 3.9651 6.6137 -15.1532 5.3889
2 24 7.2869 -14.7317 3.9651 6.6137 -15.1532 5.3889
2 24 -11.2948 -11.9983 0.3207 -10.2755 -12.5981 0.7258
2 24 -11.2948 -11.9983 0.3207 -12.2218 -11.5306 0.1447
2 24 -14.5344 -10.4194 1.1839 -13.4689 -10.8939 0.2767
2 24 -13.9994 -9.4269 0.992 -13.0633 -9.8467 0.1023
2 24 -14.5344 -10.4194 1.1839 -15.0315 -10.3472 2.3034
2 24 -15.0315 -10.3472 2.3034 -15.2855 -10.45 3.7826
2 24 -15.2855 -10.45 3.7826 -14.9358 -10.9366 5.4761
2 24 -7.6474 -15.7252 7.4041 -8.3619 -17.2922 7.1862
2 24 -8.3619 -17.2922 7.1862 -9.4425 -17.8844 6.8188
2 24 -13.3564 -13.5091 8.7682 -13.6444 -12.6796 8.1419
2 24 -13.6444 -12.6796 8.1419 -14.1364 -11.7756 7.1782
2 24 -14.9358 -10.9366 5.4761 -14.1364 -11.7756 7.1782
2 24 -19.7575 -12.268 3.1919 -20.3813 -11.8262 1.6548
2 24 -19.7575 -12.268 3.1919 -18.4688 -12.8566 5.602
2 24 -18.4688 -12.8566 5.602 -16.9887 -13.5261 7.5134
2 24 -13.9994 -9.4269 0.992 -14.1654 -8.35 0.1233
2 24 -13.9994 -9.4269 0.992 -13.0633 -9.8467 0.1023
2 24 -13.0342 -8.7735 -0.9265 -11.9252 -10.389 0.1011
2 24 -13.0633 -9.8467 0.1023 -11.9252 -10.389 0.1011
2 24 -11.9252 -10.389 0.1011 -13.0633 -9.8467 0.1023
2 24 -12.2218 -11.5306 0.1447 -13.4689 -10.8939 0.2767
2 24 -13.45 -7.53 -2.3005 -13.0342 -8.7735 -0.9265
2 24 -14.7687 -6.9825 -1.2468 -14.1654 -8.35 0.1233
2 24 -15.0315 -10.3472 2.3034 -14.5344 -10.4194 1.1839
2 24 -15.0315 -10.3472 2.3034 -15.2855 -10.45 3.7826
2 24 -15.2855 -10.45 3.7826 -14.9358 -10.9366 5.4761
2 24 -14.9358 -10.9366 5.4761 -14.1364 -11.7756 7.1782
2 24 -7.0135 -12.685 -1.7411 -6.4343 -13.6077 1.5893
2 24 -8.1894 -12.4732 1.3415 -7.4703 -13.1862 2.399
2 24 -8.1894 -12.4732 1.3415 -7.4703 -13.1862 2.399
2 24 -9.2756 -13.5044 1.4782 -8.9502 -14.5959 1.9775
2 24 -8.9502 -14.5959 1.9775 -9.2756 -13.5044 1.4782
2 24 -9.1597 -11.1401 0.2476 -8.1894 -12.4732 1.3415
2 24 -10.2755 -12.5981 0.7258 -9.2756 -13.5044 1.4782
2 24 -9.2756 -13.5044 1.4782 -10.2755 -12.5981 0.7258
2 24 -10.2755 -12.5981 0.7258 -11.2948 -11.9983 0.3207
2 24 -11.2948 -11.9983 0.3207 -12.2218 -11.5306 0.1447
2 24 -12.2218 -11.5306 0.1447 -13.4689 -10.8939 0.2767
2 24 -14.5344 -10.4194 1.1839 -13.4689 -10.8939 0.2767
2 24 -14.4677 -16.4881 -0.4886 -14.58 -16.047 -0.8517
2 24 -14.58 -16.047 -0.8517 -14.0404 -15.6388 -0.8803
2 24 -14.0404 -15.6388 -0.8803 -12.9935 -15.3704 -0.6625
2 24 -12.9935 -15.3704 -0.6625 -12.1381 -15.5119 -0.222
2 24 -12.1381 -15.5119 -0.222 -11.6869 -15.9137 0.099
2 24 -11.6869 -15.9137 0.099 -11.4791 -16.7891 0.4211
2 24 -11.4791 -16.7891 0.4211 -11.9207 -17.3533 0.4836
2 24 -11.9207 -17.3533 0.4836 -13.1615 -17.4381 0.3659
2 24 -13.1615 -17.4381 0.3659 -14.0359 -17.0052 -0.0619
2 24 -14.4677 -16.4881 -0.4886 -14.0359 -17.0052 -0.0619
2 24 -14.0404 -15.6388 -0.8803 -12.9935 -15.3704 -0.6625
2 24 -14.0359 -17.0052 -0.0619 -13.1615 -17.4381 0.3659
2 24 -10.3264 -16.4291 0.8682 -10.4827 -17.191 1.069
2 24 -11.4791 -16.7891 0.4211 -11.9207 -17.3533 0.4836
2 24 -11.4791 -16.7891 0.4211 -11.6869 -15.9137 0.099
2 24 -12.1381 -15.5119 -0.222 -11.6869 -15.9137 0.099
2 24 -12.1381 -15.5119 -0.222 -12.9935 -15.3704 -0.6625
2 24 -7.0244 -14.3045 5.429 -7.2199 -13.6802 3.5703
2 24 -7.2199 -13.6802 3.5703 -7.0244 -14.3045 5.429
2 24 -7.4703 -13.1862 2.399 -7.2199 -13.6802 3.5703
2 24 -6.0976 -14.0591 3.5382 -6.4343 -13.6077 1.5893
2 24 -7.4703 -13.1862 2.399 -7.2199 -13.6802 3.5703
2 24 -6.0976 -14.0591 3.5382 -6.4343 -13.6077 1.5893
2 24 -4.5216 -14.3456 3.6063 -4.6222 -13.7635 1.6705
2 24 -4.6222 -13.7635 1.6705 -4.5216 -14.3456 3.6063
2 24 -2.0408 -15.3149 2.4077 -2.7011 -15.724 3.486
2 24 -1.6752 -16.2131 2.8353 -2.4567 -16.3651 3.6209
2 24 -2.0408 -15.3149 2.4077 -2.7011 -15.724 3.486
2 24 -2.0924 -17.2303 2.3367 -2.6204 -17.1248 3.1006
2 24 -10.4827 -17.191 1.069 -10.6664 -17.7986 1.7053
2 24 -17.7834 -13.4438 -2.8147 -17.0487 -14.1452 -2.3337
2 24 -17.0487 -14.1452 -2.3337 -15.5731 -15.4573 -1.3943
2 24 -13.1366 -20.3661 4.888 -12.4669 -20.4685 5.3099
2 24 -12.4669 -20.4685 5.3099 -12.0326 -20.2462 5.5632
2 24 -12.0326 -20.2462 5.5632 -11.1665 -19.1163 6.0832
2 24 -13.1366 -20.3661 4.888 -14.3324 -19.7229 4.0951
2 24 -11.1665 -19.1163 6.0832 -10.4736 -18.4539 6.4331
2 24 -9.4425 -17.8844 6.8188 -10.4736 -18.4539 6.4331
2 24 -18.0677 -11.7464 -2.4014 -18.1263 -13.0258 -2.9239
2 24 -18.1263 -13.0258 -2.9239 -17.7834 -13.4438 -2.8147
2 24 -18.1263 -13.0258 -2.9239 -19.2481 -13.3769 -2.4186
2 24 -18.1263 -13.0258 -2.9239 -19.2481 -13.3769 -2.4186
2 24 -18.0677 -11.7464 -2.4014 -18.1263 -13.0258 -2.9239
2 24 -13.1615 -17.4381 0.3659 -11.9207 -17.3533 0.4836
2 24 -15.5731 -15.4573 -1.3943 -17.0487 -14.1452 -2.3337
2 24 -18.8308 -10.6885 -0.5102 -18.1573 -10.994 -1.6413
2 24 -18.0677 -11.7464 -2.4014 -18.1573 -10.994 -1.6413
2 24 -18.2487 -15.0199 5.537 -18.3804 -15.375 5.09
2 24 -18.2487 -15.0199 5.537 -18.0068 -14.7617 6.1051
2 24 -17.3968 -14.9198 6.7662 -16.9326 -15.3175 7.0913
2 24 -16.9326 -15.3175 7.0913 -16.7252 -16.1035 6.9927
2 24 -16.7252 -16.1035 6.9927 -16.9305 -16.4991 6.5175
2 24 -16.9305 -16.4991 6.5175 -17.2386 -16.6917 5.9308
2 24 -18.3804 -15.375 5.09 -18.1231 -15.7792 5.1021
2 24 -17.6828 -16.2031 5.3424 -18.1231 -15.7792 5.1021
2 24 -16.9305 -16.4991 6.5175 -17.2386 -16.6917 5.9308
2 24 -16.9305 -16.4991 6.5175 -16.7252 -16.1035 6.9927
2 24 -16.7252 -16.1035 6.9927 -16.9326 -15.3175 7.0913
2 24 -16.9326 -15.3175 7.0913 -17.3968 -14.9198 6.7662
2 24 -18.3804 -15.375 5.09 -18.2487 -15.0199 5.537
2 24 -18.3804 -15.375 5.09 -19.0798 -14.8094 4.2598
2 24 -18.2487 -15.0199 5.537 -18.0068 -14.7617 6.1051
2 24 -18.1231 -15.7792 5.1021 -17.6828 -16.2031 5.3424
2 24 -18.1231 -15.7792 5.1021 -18.3804 -15.375 5.09
2 24 -18.3804 -15.375 5.09 -19.0798 -14.8094 4.2598
2 24 -17.3968 -14.9198 6.7662 -18.0068 -14.7617 6.1051
2 24 -16.9887 -13.5261 7.5134 -18.4688 -12.8566 5.602
2 24 -18.0068 -14.7617 6.1051 -17.3968 -14.9198 6.7662
2 24 -17.2386 -16.6917 5.9308 -17.6828 -16.2031 5.3424
2 24 -17.6828 -16.2031 5.3424 -17.2386 -16.6917 5.9308
2 24 -19.0798 -14.8094 4.2598 -20.0199 -13.6889 2.6205
2 24 -19.0798 -14.8094 4.2598 -20.0199 -13.6889 2.6205
2 24 -18.4688 -12.8566 5.602 -19.7575 -12.268 3.1919
2 24 -20.0199 -13.6889 2.6205 -20.6343 -13.0163 1.0825
2 24 -20.0199 -13.6889 2.6205 -20.6343 -13.0163 1.0825
2 24 -19.7575 -12.268 3.1919 -20.3813 -11.8262 1.6548
2 24 -20.6343 -13.0163 1.0825 -20.7783 -12.8406 0.4745
2 24 -20.7783 -12.8406 0.4745 -20.7086 -13.1539 -0.4488
2 24 -20.6343 -13.0163 1.0825 -20.7783 -12.8406 0.4745
2 24 -20.7783 -12.8406 0.4745 -20.5422 -11.7501 0.9801
2 24 -20.3813 -11.8262 1.6548 -20.5422 -11.7501 0.9801
2 24 -20.7086 -13.1539 -0.4488 -20.7783 -12.8406 0.4745
2 24 -20.7783 -12.8406 0.4745 -20.5422 -11.7501 0.9801
2 24 -20.7086 -13.1539 -0.4488 -20.3312 -13.4575 -1.5333
2 24 -19.2481 -13.3769 -2.4186 -20.3312 -13.4575 -1.5333
2 24 -20.7086 -13.1539 -0.4488 -20.3312 -13.4575 -1.5333
2 24 -19.2481 -13.3769 -2.4186 -20.3312 -13.4575 -1.5333
2 24 -14.9219 -14.6352 8.8589 -16.0302 -14.1438 8.3252
2 24 -16.9887 -13.5261 7.5134 -16.0302 -14.1438 8.3252
2 24 -16.9887 -13.5261 7.5134 -16.0302 -14.1438 8.3252
2 24 -14.9219 -14.6352 8.8589 -16.0302 -14.1438 8.3252
2 24 -18.8308 -10.6885 -0.5102 -19.7845 -10.627 0.7667
2 24 -19.7845 -10.627 0.7667 -20.1752 -10.9289 1.0054
2 24 -20.3813 -11.8262 1.6548 -20.5422 -11.7501 0.9801
2 24 -20.1752 -10.9289 1.0054 -20.5422 -11.7501 0.9801
2 24 -18.0677 -11.7464 -2.4014 -18.1573 -10.994 -1.6413
2 24 -18.1573 -10.994 -1.6413 -18.8308 -10.6885 -0.5102
2 24 -20.5422 -11.7501 0.9801 -20.1752 -10.9289 1.0054
2 24 -20.1752 -10.9289 1.0054 -19.7845 -10.627 0.7667
2 24 -18.8308 -10.6885 -0.5102 -19.7845 -10.627 0.7667
2 24 -14.4677 -16.4881 -0.4886 -14.58 -16.047 -0.8517
2 24 -15.5731 -15.4573 -1.3943 -14.58 -16.047 -0.8517
2 24 -17.7834 -13.4438 -2.8147 -17.0487 -14.1452 -2.3337
2 24 -13.3564 -13.5091 8.7682 -13.6444 -12.6796 8.1419
2 24 -14.1364 -11.7756 7.1782 -13.6444 -12.6796 8.1419
2 24 3.0898 -17.396 3.129 1.9605 -17.3059 2.0574
2 24 -2.6204 -17.1248 3.1006 -2.0924 -17.2303 2.3367
2 24 -2.0924 -17.2303 2.3367 -0.0136 -17.3545 1.7157
2 24 1.9605 -17.3059 2.0574 -0.0136 -17.3545 1.7157
2 24 3.9661 -16.4399 5.5724 3.5973 -16.2116 4.7547
2 24 -3.337 -16.027 5.0995 -3.0968 -15.964 4.4298
2 24 -3.3749 -16.8124 5.1277 -3.0586 -16.9709 4.204
2 24 3.1954 -17.2072 3.8353 3.5877 -17.1973 4.7653
2 24 -2.4567 -16.3651 3.6209 -2.8148 -16.4144 4.2295
2 24 -2.6204 -17.1248 3.1006 -3.0586 -16.9709 4.204
2 24 -2.7011 -15.724 3.486 -3.0968 -15.964 4.4298
2 24 2.9977 -15.8134 3.6286 3.5973 -16.2116 4.7547
2 24 0.0107 -15.1628 13.6596 0.0633 -19.8323 14.9122
2 24 1.2268 -18.9716 13.9755 0.0633 -19.8323 14.9122
2 24 0.0586 -26.0372 11.4633 0.0406 -25.3462 11.9767
2 24 0.0586 -26.0372 11.4633 0.0659 -26.613 10.4283
2 24 0.0659 -26.613 10.4283 0.0808 -26.8953 8.6828
2 24 0.0406 -25.3462 11.9767 0.0593 -23.7647 12.4709
2 24 0.0541 -22.8009 13.4661 0.0171 -20.8365 14.1603
2 24 0.0593 -23.7647 12.4709 0.0541 -22.8009 13.4661
2 24 0.0633 -19.8323 14.9122 0.0171 -20.8365 14.1603
2 24 -3.5289 -23.9434 3.9084 -3.6882 -24.3071 5.2685
2 24 -3.5289 -23.9434 3.9084 -3.6187 -23.3402 3.2645
2 24 -4.2568 -22.4772 3.3803 -3.9468 -22.7811 2.9647
2 24 -4.2568 -22.4772 3.3803 -4.6883 -22.1247 4.1597
2 24 -4.6883 -22.1247 4.1597 -4.9976 -22.2272 5.5058
2 24 -4.9976 -22.2272 5.5058 -4.9412 -22.8109 6.3773
2 24 -4.9412 -22.8109 6.3773 -4.3974 -23.9149 6.3462
2 24 -3.6882 -24.3071 5.2685 -4.3974 -23.9149 6.3462
2 24 3.7427 -24.1975 5.302 3.5821 -23.8975 4.1197
2 24 3.7427 -24.1975 5.302 4.3366 -23.9321 6.2307
2 24 4.3366 -23.9321 6.2307 4.6835 -23.4501 6.4738
2 24 3.5821 -23.8975 4.1197 3.7276 -23.2337 3.2312
2 24 3.7276 -23.2337 3.2312 3.9521 -22.7782 2.9847
2 24 4.3008 -22.4272 3.4076 4.6726 -22.2013 4.3306
2 24 4.6726 -22.2013 4.3306 4.9323 -22.312 5.5059
2 24 4.6835 -23.4501 6.4738 4.8953 -22.9396 6.3793
2 24 4.9323 -22.312 5.5059 4.8953 -22.9396 6.3793
2 24 4.3366 -23.9321 6.2307 4.6835 -23.4501 6.4738
2 24 4.3366 -23.9321 6.2307 3.7427 -24.1975 5.302
2 24 3.7427 -24.1975 5.302 3.5821 -23.8975 4.1197
2 24 3.5821 -23.8975 4.1197 3.7276 -23.2337 3.2312
2 24 3.9521 -22.7782 2.9847 3.7276 -23.2337 3.2312
2 24 3.9521 -22.7782 2.9847 3.7321 -22.5945 1.858
2 24 3.9521 -22.7782 2.9847 3.7321 -22.5945 1.858
2 24 4.3008 -22.4272 3.4076 4.6726 -22.2013 4.3306
2 24 4.6726 -22.2013 4.3306 4.9323 -22.312 5.5059
2 24 -4.2568 -22.4772 3.3803 -3.9468 -22.7811 2.9647
2 24 -3.9468 -22.7811 2.9647 -3.6347 -22.067 0.7563
2 24 -4.2568 -22.4772 3.3803 -4.6883 -22.1247 4.1597
2 24 -4.6883 -22.1247 4.1597 -4.9976 -22.2272 5.5058
2 24 -4.9976 -22.2272 5.5058 -4.9412 -22.8109 6.3773
2 24 2.8448 -19.5699 -1.2899 3.3715 -20.4255 -1.4124
2 24 -5.1354 -19.6724 3.4042 -4.4699 -19.9095 1.4228
2 24 4.6835 -23.4501 6.4738 4.8953 -22.9396 6.3793
2 24 4.9323 -22.312 5.5059 4.8953 -22.9396 6.3793
2 24 0.0808 -26.8953 8.6828 0.0435 -26.1473 5.7161
2 24 3.3715 -20.4255 -1.4124 2.8828 -21.3451 -1.6007
2 24 3.7321 -22.5945 1.858 2.8828 -21.3451 -1.6007
2 24 3.0898 -17.396 3.129 3.1954 -17.2072 3.8353
2 24 2.8448 -19.5699 -1.2899 1.2585 -18.3632 -1.1513
2 24 1.2585 -18.3632 -1.1513 -0.0556 -18.2029 -1.0963
2 24 -0.0556 -18.2029 -1.0963 -1.3332 -18.2701 -0.9664
2 24 1.7163 -21.9994 -1.7181 2.8828 -21.3451 -1.6007
2 24 3.7321 -22.5945 1.858 2.8828 -21.3451 -1.6007
2 24 0.0573 -22.4746 -1.7557 -1.615 -22.1757 -1.6146
2 24 1.7163 -21.9994 -1.7181 0.0573 -22.4746 -1.7557
2 24 -4.9412 -22.8109 6.3773 -4.3974 -23.9149 6.3462
2 24 -5.1354 -19.6724 3.4042 -5.4963 -19.479 4.8875
2 24 -3.4027 -20.2799 -1.3226 -3.2052 -21.1364 -1.3983
2 24 -3.6347 -22.067 0.7563 -3.2052 -21.1364 -1.3983
2 24 -1.615 -22.1757 -1.6146 -3.2052 -21.1364 -1.3983
2 24 -3.2052 -21.1364 -1.3983 -3.6347 -22.067 0.7563
2 24 -3.6347 -22.067 0.7563 -3.9468 -22.7811 2.9647
2 24 -4.3974 -23.9149 6.3462 -3.6882 -24.3071 5.2685
2 24 -3.6882 -24.3071 5.2685 -3.5289 -23.9434 3.9084
2 24 -3.5289 -23.9434 3.9084 -3.6187 -23.3402 3.2645
2 24 -3.4027 -20.2799 -1.3226 -2.9789 -19.6193 -1.1978
2 24 -0.0556 -18.2029 -1.0963 1.2585 -18.3632 -1.1513
2 24 -0.0556 -18.2029 -1.0963 -1.3332 -18.2701 -0.9664
2 24 3.3715 -20.4255 -1.4124 2.8448 -19.5699 -1.2899
2 24 3.3715 -20.4255 -1.4124 2.8828 -21.3451 -1.6007
2 24 2.8828 -21.3451 -1.6007 1.7163 -21.9994 -1.7181
2 24 1.7163 -21.9994 -1.7181 0.0573 -22.4746 -1.7557
2 24 0.0573 -22.4746 -1.7557 -1.615 -22.1757 -1.6146
2 24 -1.615 -22.1757 -1.6146 -3.2052 -21.1364 -1.3983
2 24 -3.2052 -21.1364 -1.3983 -3.4027 -20.2799 -1.3226
2 24 -3.4027 -20.2799 -1.3226 -2.9789 -19.6193 -1.1978
2 24 1.2585 -18.3632 -1.1513 2.8448 -19.5699 -1.2899
2 24 -4.8989 -15.2855 9.137 -4.5896 -15.3086 10.1954
2 24 -4.5896 -15.3086 10.1954 -4.8989 -15.2855 9.137
2 24 -9.3368 -13.1523 9.0981 -8.3095 -14.1749 8.6938
2 24 -4.5896 -15.3086 10.1954 -3.2664 -15.3556 12.062
2 24 -1.3332 -18.2701 -0.9664 -2.9789 -19.6193 -1.1978
2 24 -1.3332 -18.2701 -0.9664 -2.9789 -19.6193 -1.1978
2 24 -2.6204 -17.1248 3.1006 -3.0586 -16.9709 4.204
2 24 -3.3749 -16.8124 5.1277 -3.0586 -16.9709 4.204
2 24 -7.4377 -5.8484 13.7271 -8.5847 -5.469 12.9738
2 24 -9.0385 -3.9249 15.1896 -8.5847 -5.469 12.9738
2 24 -7.4377 -5.8484 13.7271 -8.5847 -5.469 12.9738
2 24 -8.3932 -7.9414 13.4701 -8.5847 -5.469 12.9738
2 24 -8.3932 -7.9414 13.4701 -7.2213 -11.0267 13.8631
2 24 -6.0338 -12.5432 14.2108 -7.2213 -11.0267 13.8631
2 24 -3.67 -13.1124 15.4628 -4.9055 -13.1273 14.7496
2 24 -3.67 -13.1124 15.4628 -4.9055 -13.1273 14.7496
2 24 -1.6071 -15.087 13.3237 -3.2664 -15.3556 12.062
2 24 -4.4209 3.7374 -12.2046 -2.3571 4.2413 -12.766
2 24 -8.2382 4.1926 -10.0312 -9.6209 5.4633 -8.7327
2 24 -9.6209 5.4633 -8.7327 -10.379 6.9676 -7.8279
2 24 2.549 4.5116 -12.7475 4.0132 4.0269 -12.3645
2 24 4.3309 3.6135 -13.4644 4.9505 3.3556 -13.4612
2 24 4.0132 4.0269 -12.3645 6.1714 3.8104 -11.4414
2 24 9.105 4.6093 -9.2571 7.8768 3.948 -10.342
2 24 7.8768 3.948 -10.342 7.3338 3.8832 -10.7332
2 24 6.1714 3.8104 -11.4414 7.3338 3.8832 -10.7332
2 24 11.4767 7.5662 -7.7586 10.7877 7.861 -7.2544
2 24 10.7877 7.861 -7.2544 10.4066 6.3881 -7.791
2 24 9.105 4.6093 -9.2571 10.4066 6.3881 -7.791
2 24 0.3832 5.3054 -13.6329 0.3627 5.4227 -12.9949
2 24 2.549 4.5116 -12.7475 0.3627 5.4227 -12.9949
2 24 -2.3571 4.2413 -12.766 0.3627 5.4227 -12.9949
2 24 11.3142 8.202 -7.9303 10.7654 8.3624 -7.2874
2 24 10.7654 8.3624 -7.2874 10.7877 7.861 -7.2544
2 24 11.4767 7.5662 -7.7586 10.7877 7.861 -7.2544
2 24 11.3142 8.202 -7.9303 10.7654 8.3624 -7.2874
2 24 -10.379 6.9676 -7.8279 -10.9335 9.549 -7.036
2 24 -10.5864 13.7411 -7.545 -11.0927 12.1489 -6.7937
2 24 -12.151 12.8133 -8.8089 -10.5864 13.7411 -7.545
2 24 -10.9335 9.549 -7.036 -11.0927 12.1489 -6.7937
2 24 10.7654 8.3624 -7.2874 10.4078 11.5278 -7.7895
2 24 10.5909 11.9289 -8.7849 10.4078 11.5278 -7.7895
2 24 10.4078 11.5278 -7.7895 9.592 13.1159 -8.7772
2 24 10.5909 11.9289 -8.7849 10.4078 11.5278 -7.7895
2 24 9.6288 21.3407 -9.0898 8.2747 22.0625 -10.2657
2 24 8.2747 22.0625 -10.2657 7.4692 21.8283 -10.852
2 24 7.1441 20.38 -11.042 7.4692 21.8283 -10.852
2 24 13.2067 18.0117 0.5632 12.6335 16.5624 4.0914
2 24 15.9674 18.5148 0.2865 15.3079 17.0123 4.4896
2 24 12.6335 16.5624 4.0914 11.6338 15.175 6.5294
2 24 10.0618 15.3848 8.6306 11.132 14.7246 7.3312
2 24 11.5263 15.7809 9.3808 12.92 14.7981 7.8956
2 24 11.132 14.7246 7.3312 12.92 14.7981 7.8956
2 24 12.92 14.7981 7.8956 11.132 14.7246 7.3312
2 24 11.6338 15.175 6.5294 11.132 14.7246 7.3312
2 24 -12.8395 15.1624 8.2243 -11.6199 15.7597 9.2665
2 24 -12.8395 15.1624 8.2243 -11.1023 14.6051 7.2997
2 24 -11.1023 14.6051 7.2997 -10.253 15.192 8.3877
2 24 -10.253 15.192 8.3877 -9.2276 15.9382 9.4804
2 24 -11.6199 15.7597 9.2665 -10.1845 16.4791 10.3237
2 24 -10.1845 16.4791 10.3237 -8.5334 17.2269 11.4052
2 24 -9.2276 15.9382 9.4804 -7.9017 16.8786 10.6753
2 24 -3.0203 18.4364 12.8902 -4.8462 18 12.3099
2 24 -3.3211 18.8397 13.6701 -5.2499 18.3869 13.062
2 24 0.0112 18.7456 13.2774 -1.7676 18.6643 13.1619
2 24 -0.0034 19.1119 14.0642 -1.9317 19.0051 13.9306
2 24 -3.0203 18.4364 12.8902 -1.7676 18.6643 13.1619
2 24 -3.3211 18.8397 13.6701 -1.9317 19.0051 13.9306
2 24 -0.0034 19.1119 14.0642 2.452 18.9921 13.9283
2 24 0.0112 18.7456 13.2774 2.2735 18.6423 13.1094
2 24 2.2735 18.6423 13.1094 4.6991 18.2004 12.4717
2 24 2.452 18.9921 13.9283 5.0509 18.4608 13.1066
2 24 4.6991 18.2004 12.4717 6.8747 17.4279 11.4021
2 24 5.0509 18.4608 13.1066 7.4739 17.6857 11.9954
2 24 6.8747 17.4279 11.4021 8.8723 16.3351 9.9
2 24 7.4739 17.6857 11.9954 9.8955 16.7509 10.6498
2 24 10.0618 15.3848 8.6306 8.8723 16.3351 9.9
2 24 11.5263 15.7809 9.3808 9.8955 16.7509 10.6498
2 24 -7.9017 16.8786 10.6753 -6.3791 17.548 11.6288
2 24 -8.5334 17.2269 11.4052 -6.8551 17.8662 12.3085
2 24 -4.8462 18 12.3099 -6.3791 17.548 11.6288
2 24 -5.2499 18.3869 13.062 -6.8551 17.8662 12.3085
2 24 -13.3539 15.6134 7.3153 -12.8395 15.1624 8.2243
2 24 -12.8395 15.1624 8.2243 -11.1023 14.6051 7.2997
2 24 -11.6613 15.1157 6.4694 -11.1023 14.6051 7.2997
2 24 -11.6613 15.1157 6.4694 -12.2612 15.8116 5.1711
2 24 -13.3539 15.6134 7.3153 -13.9588 16.2516 6.1004
2 24 -12.2612 15.8116 5.1711 -12.953 16.6642 3.0165
2 24 -13.9588 16.2516 6.1004 -14.8598 17.4903 3.5173
2 24 -12.953 16.6642 3.0165 -13.2404 17.1478 0.706
2 24 -14.8598 17.4903 3.5173 -15.4657 18.487 0.8778
2 24 -15.4657 18.487 0.8778 -15.7087 19.2198 -1.6991
2 24 -13.2404 17.1478 0.706 -12.9673 17.6014 -2.3701
2 24 -15.7087 19.2198 -1.6991 -15.8095 19.7284 -3.6028
2 24 -12.9673 17.6014 -2.3701 -11.9288 18.0933 -5.5591
2 24 -15.8095 19.7284 -3.6028 -15.5304 20.3778 -5.7239
2 24 -9.0095 19.7849 -9.5746 -10.6568 18.7116 -7.764
2 24 -13.8669 21.7289 -8.9178 -14.868 21.062 -7.5516
2 24 -12.7491 22.7127 -10.2569 -13.8669 21.7289 -8.9178
2 24 -7.8669 20.4124 -10.5424 -9.0095 19.7849 -9.5746
2 24 -11.9288 18.0933 -5.5591 -10.6568 18.7116 -7.764
2 24 -15.5304 20.3778 -5.7239 -14.868 21.062 -7.5516
2 24 -8.3871 17.3461 -15.7687 -9.1936 16.2539 -15.0239
2 24 10.5261 14.2579 -12.4963 9.7048 15.8404 -14.0141
2 24 10.777 13.0554 -10.9548 10.5909 11.9289 -8.7849
2 24 8.5852 15.0654 -9.7502 9.592 13.1159 -8.7772
2 24 10.5909 11.9289 -8.7849 10.777 13.0554 -10.9548
2 24 11.4452 10.7039 -9.9799 11.4036 11.017 -10.4474
2 24 10.9763 13.4663 -11.9116 10.777 13.0554 -10.9548
2 24 11.6479 11.1663 -11.2846 11.5019 11.1263 -10.8502
2 24 11.4036 11.017 -10.4474 11.5019 11.1263 -10.8502
2 24 0.3627 5.4227 -12.9949 2.549 4.5116 -12.7475
2 24 -9.6209 5.4633 -8.7327 -8.2382 4.1926 -10.0312
2 24 -9.6209 5.4633 -8.7327 -10.379 6.9676 -7.8279
2 24 2.549 4.5116 -12.7475 4.0132 4.0269 -12.3645
2 24 10.7877 7.861 -7.2544 10.4066 6.3881 -7.791
2 24 10.4066 6.3881 -7.791 9.105 4.6093 -9.2571
2 24 10.7877 7.861 -7.2544 10.7654 8.3624 -7.2874
2 24 -10.379 6.9676 -7.8279 -10.9335 9.549 -7.036
2 24 -11.0927 12.1489 -6.7937 -10.5864 13.7411 -7.545
2 24 -10.9335 9.549 -7.036 -11.0927 12.1489 -6.7937
2 24 10.7654 8.3624 -7.2874 10.4078 11.5278 -7.7895
2 24 10.4078 11.5278 -7.7895 9.592 13.1159 -8.7772
2 24 -10.5864 13.7411 -7.545 -9.5632 14.5613 -8.8483
2 24 -10.6568 18.7116 -7.764 -9.0095 19.7849 -9.5746
2 24 -11.9288 18.0933 -5.5591 -10.6568 18.7116 -7.764
2 24 7.1441 20.38 -11.042 6.9951 17.9696 -11.1299
2 24 10.8818 20.5349 -7.6229 12.1298 19.7896 -5.4302
2 24 10.8818 20.5349 -7.6229 9.6288 21.3407 -9.0898
2 24 9.6288 21.3407 -9.0898 8.2747 22.0625 -10.2657
2 24 8.2747 22.0625 -10.2657 7.4692 21.8283 -10.852
2 24 13.2067 18.0117 0.5632 12.6335 16.5624 4.0914
2 24 12.6335 16.5624 4.0914 11.6338 15.175 6.5294
2 24 11.6338 15.175 6.5294 11.132 14.7246 7.3312
2 24 -11.1023 14.6051 7.2997 -10.253 15.192 8.3877
2 24 -10.253 15.192 8.3877 -9.2276 15.9382 9.4804
2 24 -9.2276 15.9382 9.4804 -7.9017 16.8786 10.6753
2 24 -3.0203 18.4364 12.8902 -4.8462 18 12.3099
2 24 -1.7676 18.6643 13.1619 0.0112 18.7456 13.2774
2 24 -3.0203 18.4364 12.8902 -1.7676 18.6643 13.1619
2 24 0.0112 18.7456 13.2774 2.2735 18.6423 13.1094
2 24 2.2735 18.6423 13.1094 4.6991 18.2004 12.4717
2 24 4.6991 18.2004 12.4717 6.8747 17.4279 11.4021
2 24 6.8747 17.4279 11.4021 8.8723 16.3351 9.9
2 24 8.8723 16.3351 9.9 10.0618 15.3848 8.6306
2 24 -7.9017 16.8786 10.6753 -6.3791 17.548 11.6288
2 24 -4.8462 18 12.3099 -6.3791 17.548 11.6288
2 24 -11.1023 14.6051 7.2997 -11.6613 15.1157 6.4694
2 24 -11.6613 15.1157 6.4694 -12.2612 15.8116 5.1711
2 24 -12.2612 15.8116 5.1711 -12.953 16.6642 3.0165
2 24 -11.9288 18.0933 -5.5591 -12.9673 17.6014 -2.3701
2 24 -9.0095 19.7849 -9.5746 -7.8669 20.4124 -10.5424
2 24 -7.8669 20.4124 -10.5424 -7.3894 18.9331 -10.8752
2 24 12.1298 19.7896 -5.4302 13.0201 18.7613 -2.127
2 24 6.9951 17.9696 -11.1299 8.5852 15.0654 -9.7502
2 24 9.592 13.1159 -8.7772 8.5852 15.0654 -9.7502
2 24 -7.3894 18.9331 -10.8752 -7.1191 17.3278 -11.046
2 24 -8.1868 15.8711 -10.1005 -7.1191 17.3278 -11.046
2 24 -9.5632 14.5613 -8.8483 -8.1868 15.8711 -10.1005
2 24 -5.8783 -2.0177 11.3541 -5.9011 -4.9858 11.1494
2 24 5.875 0 8.8814 5.875 0 7.3953
2 24 5.97 -10.8855 9.2092 5.9902 -13.2027 7.3978
2 24 5.875 0 7.3953 5.9902 -13.2027 7.3978
2 24 5.9902 -13.2027 7.3978 7.5333 -12.5361 5.5335
2 24 5.9902 -13.2027 7.3978 5.875 0 7.3953
2 24 5.875 0 7.3953 7.3195 0 5.7331
2 24 5.1389 1.8528 -11.8564 4.9161 0.8547 -11.4753
2 24 5.1389 1.8528 -11.8564 6.3128 1.8312 -11.2889
2 24 2.4603 -4.5218 12.6128 2.4321 -7.748 12.2216
2 24 -2.4604 -4.5317 12.6189 -2.4321 -7.7937 12.194
2 24 2.4321 -7.748 12.2216 2.4202 -9.1119 11.5701
2 24 -2.4321 -7.7937 12.194 -2.4178 -9.4297 11.3035
2 24 0.9906 -9.5062 4.7236 2.4171 -9.5074 6.9076
2 24 2.4173 -9.4951 5.772 2.4171 -9.5074 6.9076
2 24 0.9906 -9.5062 4.7236 0.6147 -9.5094 4.4831
2 24 -0.6535 -9.5273 4.457 -0.013 -9.5177 4.4118
2 24 2.4173 -9.4951 5.772 4.3346 -9.4521 4.3497
2 24 -2.4189 -9.3079 7.251 -2.4167 -9.565 5.8197
2 24 -2.0098 -9.5841 7.1535 -0.9434 -9.5329 4.6077
2 24 -0.6535 -9.5273 4.457 -0.9434 -9.5329 4.6077
2 24 0.6147 -9.5094 4.4831 -0.013 -9.5177 4.4118
2 24 -2.0098 -9.5841 7.1535 -2.0065 -9.9297 7.5126
2 24 -2.4189 -9.3079 7.251 -2.4158 -9.6675 7.7849
2 24 -2.0065 -9.9297 7.5126 -1.96 -11.2704 7.6425
2 24 2.4202 -9.1119 11.5701 2.415 -9.714 11.103
2 24 -2.4158 -9.6675 7.7849 -2.4033 -11.1033 8.0808
2 24 -1.96 -11.2704 7.6425 -2.4033 -11.1033 8.0808
2 24 -1.96 -11.2704 7.6425 -1.7458 -12.2891 8.1332
2 24 -1.7458 -12.2891 8.1332 -2.4013 -11.3366 8.7368
2 24 -2.4033 -11.1033 8.0808 -2.4013 -11.3366 8.7368
2 24 -2.4013 -11.3366 8.7368 -2.4108 -10.2412 10.4411
2 24 -2.4178 -9.4297 11.3035 -2.4108 -10.2412 10.4411
2 24 1.079 -10.846 10.7821 0.4831 -11.0648 10.689
2 24 2.415 -9.714 11.103 2.409 -10.4063 10.5149
2 24 1.079 -10.846 10.7821 1.7249 -11.1583 10.4193
2 24 -2.4013 -11.3366 8.7368 -2.4108 -10.2412 10.4411
2 24 -1.7458 -12.2891 8.1332 -0.1797 -11.7283 10.0266
2 24 2.5347 1.3769 12.7209 2.5016 0.1897 11.722
2 24 2.4603 -4.5218 12.6128 2.5347 1.3769 12.7209
2 24 -2.4321 -7.7937 12.194 -2.4178 -9.4297 11.3035
2 24 -2.4321 -7.7937 12.194 -2.4604 -4.5317 12.6189
2 24 -4.6463 -9.5792 4.0393 -2.4167 -9.565 5.8197
2 24 -4.651 0 4.0376 -2.4999 0 5.8305
2 24 -2.4167 -9.565 5.8197 -2.4999 0 5.8305
2 24 -2.0065 -9.9297 7.5126 -1.96 -11.2704 7.6425
2 24 -2.0065 -9.9297 7.5126 -2.0098 -9.5841 7.1535
2 24 -2.0098 -9.5841 7.1535 -0.9434 -9.5329 4.6077
2 24 -0.9434 -9.5329 4.6077 -0.6535 -9.5273 4.457
2 24 -0.6535 -9.5273 4.457 -0.013 -9.5177 4.4118
2 24 0.9906 -9.5062 4.7236 0.6147 -9.5094 4.4831
2 24 -0.013 -9.5177 4.4118 0.6147 -9.5094 4.4831
2 24 -1.96 -11.2704 7.6425 -1.7458 -12.2891 8.1332
2 24 -1.7458 -12.2891 8.1332 -0.1797 -11.7283 10.0266
2 24 0.4831 -11.0648 10.689 1.079 -10.846 10.7821
2 24 1.079 -10.846 10.7821 1.7249 -11.1583 10.4193
2 24 1.7249 -11.1583 10.4193 2.1803 -11.9635 9.8001
2 24 2.1803 -11.9635 9.8001 2.3892 -12.6824 8.8644
2 24 -1.3811 -22.7646 7.1745 -1.1948 -22.9792 7.6427
2 24 -1.1948 -22.9792 7.6427 0.5106 -22.8914 9.8278
2 24 1.0282 -22.7893 10.0877 0.7797 -22.8217 10.0378
2 24 1.0282 -22.7893 10.0877 1.2327 -22.8824 9.9481
2 24 1.2327 -22.8824 9.9481 1.4591 -23.0233 9.5642
2 24 1.4591 -23.0233 9.5642 1.5316 -23.2514 8.947
2 24 1.5316 -23.2514 8.947 1.6493 -22.9618 7.6961
2 24 1.559 -22.7372 7.0556 1.6493 -22.9618 7.6961
2 24 0.5106 -22.8914 9.8278 0.7797 -22.8217 10.0378
2 24 4.9161 0.8547 -11.4753 4.4361 0.0883 -10.6299
2 24 5.0331 -0.0677 -11.7012 4.6759 -2.0875 -11.0979
2 24 6.1581 -5.3022 -8.2367 6.9001 -2.8839 -9.6082
2 24 5.6725 0 -7.4624 6.7161 0.0883 -9.332
2 24 7.5333 -12.5361 5.5335 8.2291 -11.7919 4.4334
2 24 7.3195 0 5.7331 8.3263 0 4.2486
2 24 7.3595 0.28 -10.487 7.2016 -1.2557 -10.177
2 24 7.2016 -1.2557 -10.177 6.9001 -2.8839 -9.6082
2 24 5.6557 0 2.3858 6.1372 0.0001 -0.1201
2 24 9.1816 0 1.7516 9.3455 0 -0.1701
2 24 -9.2794 0 -1.1217 -9.281 0 0.7723
2 24 -4.682 0 -8.1179 -6.2011 0 -7.0081
2 24 5.863 1.3772 11.5635 5.8733 0.1897 10.7111
2 24 5.863 1.3772 11.5635 4.3306 1.3792 12.246
2 24 -8.3003 0 4.2981 -7.7186 0 5.2722
2 24 -5.73 0 2.2756 -4.651 0 4.0376
2 24 -3.0247 0 -8.8536 -1.0791 0 -9.3003
2 24 -4.682 0 -8.1179 -3.0247 0 -8.8536
2 24 6.9001 -2.8839 -9.6082 7.2016 -1.2557 -10.177
2 24 7.5592 0 -5.4602 6.6159 0 -6.6198
2 24 5.056 0 -3.4813 4.1386 0 -4.5367
2 24 5.875 0 8.8814 5.875 0 7.3953
2 24 2.5002 0 8.2227 2.5004 0 5.8315
2 24 2.5016 0.1897 11.722 2.5 0 10.8824
2 24 5.8733 0.1897 10.7111 5.875 0.0003 9.9827
2 24 -5.8652 0.1896 10.6617 -5.8525 1.3765 11.5565
2 24 -5.8652 0.1896 10.6617 -4.1854 0.1897 11.1398
2 24 -5.8525 1.3765 11.5565 -4.2588 1.3885 12.284
2 24 -5.8652 0.1896 10.6617 -5.8928 0.0001 7.3781
2 24 -5.8652 0.1896 10.6617 -5.8928 0.0001 7.3781
2 24 -5.8928 0.0001 7.3781 -7.0566 0 6.1295
2 24 -4.651 0 4.0376 -2.4999 0 5.8305
2 24 -9.281 0 0.7723 -8.8966 0 2.868
2 24 -6.2047 0 0.0034 -5.73 0 2.2756
2 24 -9.2794 0 -1.1217 -8.6997 0 -3.3648
2 24 -6.2047 0 0.0034 -5.8148 0 -2.1602
2 24 -8.6997 0 -3.3648 -7.5259 0 -5.5716
2 24 -5.8148 0 -2.1602 -4.8992 0 -3.759
2 24 -6.2011 0 -7.0081 -7.5259 0 -5.5716
2 24 0.4457 0 -9.366 1.3586 0 -9.2763
2 24 0.1597 0 -6.136 1.6839 0 -5.904
2 24 4.4361 0.0883 -10.6299 3.3798 0 -8.7468
2 24 6.7161 0.0883 -9.332 5.6725 0 -7.4624
2 24 6.7161 0.0883 -9.332 7.1806 0.8547 -10.1746
2 24 7.2016 -1.2557 -10.177 7.3595 0.28 -10.487
2 24 4.9161 0.8547 -11.4753 4.4361 0.0883 -10.6299
2 24 6.7161 0.0883 -9.332 7.1806 0.8547 -10.1746
2 24 7.1806 0.8547 -10.1746 7.3983 1.8528 -10.5845
2 24 6.3128 1.8312 -11.2889 7.3983 1.8528 -10.5845
2 24 5.863 1.3772 11.5635 5.8824 -0.8431 11.3517
2 24 5.8733 0.1897 10.7111 5.863 1.3772 11.5635
2 24 8.3263 0 4.2486 8.7689 0 3.2358
2 24 8.3263 0 4.2486 7.3195 0 5.7331
2 24 5.6557 0 2.3858 4.5564 -0.0001 4.1159
2 24 -7.7186 0 5.2722 -7.0566 0 6.1295
2 24 -8.3003 0 4.2981 -8.8966 0 2.868
2 24 9.3455 0 -0.1701 9.07 0 -2.2587
2 24 6.1372 0.0001 -0.1201 5.802 0 -2.0075
2 24 -1.804 0 -5.8673 0.1597 0 -6.136
2 24 -3.3019 -0.0003 -5.181 -1.804 0 -5.8673
2 24 -3.3019 -0.0003 -5.181 -4.8992 0 -3.759
2 24 5.0331 -0.0677 -11.7012 5.132 0.9683 -11.8597
2 24 2.5016 0.1897 11.722 2.5347 1.3769 12.7209
2 24 4.3306 1.3792 12.246 2.5347 1.3769 12.7209
2 24 -2.4604 -4.5317 12.6189 -2.5338 1.377 12.7246
2 24 -2.5015 0.1897 11.6009 -2.5338 1.377 12.7246
2 24 2.5 0 10.8824 2.5002 0 8.2227
2 24 1.6839 0 -5.904 2.953 0 -5.3842
2 24 3.3798 0 -8.7468 2.2395 0 -9.1051
2 24 5.6557 0 2.3858 4.5564 -0.0001 4.1159
2 24 5.6394 -9.4182 2.4239 4.3346 -9.4521 4.3497
2 24 2.953 0 -5.3842 4.1386 0 -4.5367
2 24 2.9724 -9.3845 -5.3734 4.3514 -9.3733 -4.3311
2 24 -5.8148 0 -2.1602 -4.8992 0 -3.759
2 24 -5.8008 -9.5404 -2.1899 -4.7859 -9.5106 -3.9509
2 24 -5.7232 -9.5802 2.2939 -6.2056 -9.5665 0.004
2 24 -5.73 0 2.2756 -6.2047 0 0.0034
2 24 5.014 -9.3718 -3.5408 5.7229 -9.3733 -2.2217
2 24 5.056 0 -3.4813 5.802 0 -2.0075
2 24 -5.8008 -9.5404 -2.1899 -6.2056 -9.5665 0.004
2 24 -5.8148 0 -2.1602 -6.2047 0 0.0034
2 24 -4.6463 -9.5792 4.0393 -5.7232 -9.5802 2.2939
2 24 -4.651 0 4.0376 -5.73 0 2.2756
2 24 5.6557 0 2.3858 6.1372 0.0001 -0.1201
2 24 5.6394 -9.4182 2.4239 6.1392 -9.388 0.0379
2 24 5.7229 -9.3733 -2.2217 6.1392 -9.388 0.0379
2 24 5.802 0 -2.0075 6.1372 0.0001 -0.1201
2 24 4.3346 -9.4521 4.3497 5.6394 -9.4182 2.4239
2 24 5.6394 -9.4182 2.4239 6.1392 -9.388 0.0379
2 24 6.1392 -9.388 0.0379 5.7229 -9.3733 -2.2217
2 24 5.7229 -9.3733 -2.2217 5.014 -9.3718 -3.5408
2 24 5.014 -9.3718 -3.5408 4.3514 -9.3733 -4.3311
2 24 1.4849 -9.3994 -5.9575 0.2083 -9.4176 -6.1349
2 24 0.2083 -9.4176 -6.1349 1.4849 -9.3994 -5.9575
2 24 0.1597 0 -6.136 1.6839 0 -5.904
2 24 0.2083 -9.4176 -6.1349 -1.8909 -9.4502 -5.8403
2 24 0.2083 -9.4176 -6.1349 -1.8909 -9.4502 -5.8403
2 24 0.1597 0 -6.136 -1.804 0 -5.8673
2 24 -1.8909 -9.4502 -5.8403 -3.5982 -9.4799 -4.9741
2 24 -1.8909 -9.4502 -5.8403 -3.5982 -9.4799 -4.9741
2 24 -1.804 0 -5.8673 -3.3019 -0.0003 -5.181
2 24 -3.5982 -9.4799 -4.9741 -4.7859 -9.5106 -3.9509
2 24 -4.7859 -9.5106 -3.9509 -3.5982 -9.4799 -4.9741
2 24 -4.8992 0 -3.759 -3.3019 -0.0003 -5.181
2 24 -4.7859 -9.5106 -3.9509 -5.8008 -9.5404 -2.1899
2 24 -5.8008 -9.5404 -2.1899 -6.2056 -9.5665 0.004
2 24 -6.2056 -9.5665 0.004 -5.7232 -9.5802 2.2939
2 24 -5.7232 -9.5802 2.2939 -4.6463 -9.5792 4.0393
2 24 -2.4167 -9.565 5.8197 -4.6463 -9.5792 4.0393
2 24 2.9724 -9.3845 -5.3734 1.4849 -9.3994 -5.9575
2 24 2.953 0 -5.3842 1.6839 0 -5.904
2 24 1.4849 -9.3994 -5.9575 2.9724 -9.3845 -5.3734
2 24 4.3514 -9.3733 -4.3311 2.9724 -9.3845 -5.3734
2 24 4.5564 -0.0001 4.1159 2.5004 0 5.8315
2 24 4.3346 -9.4521 4.3497 2.4173 -9.4951 5.772
2 24 2.5004 0 5.8315 2.4173 -9.4951 5.772
2 24 -2.4167 -9.565 5.8197 -2.4999 0 5.8305
2 24 -2.4167 -9.565 5.8197 -2.4189 -9.3079 7.251
2 24 -2.5015 0.1897 11.6009 -2.4999 0 5.8305
2 24 -4.1854 0.1897 11.1398 -2.5015 0.1897 11.6009
2 24 -2.4999 0 5.8305 -2.5015 0.1897 11.6009
2 24 2.5004 0 5.8315 4.5564 -0.0001 4.1159
2 24 5.875 0 7.3953 7.3195 0 5.7331
2 24 3.3354 -5.7107 -8.763 3.3798 0 -8.7468
2 24 3.3354 -5.7107 -8.763 3.8988 -4.946 -9.758
2 24 4.4361 0.0883 -10.6299 3.3798 0 -8.7468
2 24 3.8988 -4.946 -9.758 3.3354 -5.7107 -8.763
2 24 3.3354 -5.7107 -8.763 2.2376 -5.7282 -9.1048
2 24 -5.9518 -11.0757 7.3808 -5.9476 -11.053 7.9862
2 24 -8.6315 -5.7793 -3.5283 -9.2571 -5.7697 -1.2933
2 24 -8.6997 0 -3.3648 -9.2794 0 -1.1217
2 24 -8.6315 -5.7793 -3.5283 -9.2571 -5.7697 -1.2933
2 24 -8.6315 -5.7793 -3.5283 -7.496 -5.7779 -5.6154
2 24 -8.6997 0 -3.3648 -7.5259 0 -5.5716
2 24 -8.6315 -5.7793 -3.5283 -7.496 -5.7779 -5.6154
2 24 1.3318 -5.6707 -9.2808 0.4344 -5.6598 -9.3662
2 24 1.3586 0 -9.2763 0.4457 0 -9.366
2 24 -1.0856 -5.761 -9.2981 0.4344 -5.6598 -9.3662
2 24 -6.8954 -10.1573 6.3462 -7.2507 -8.8714 5.8509
2 24 -7.0566 0 6.1295 -7.7186 0 5.2722
2 24 -5.9518 -11.0757 7.3808 -5.8928 0.0001 7.3781
2 24 -6.8954 -10.1573 6.3462 -5.9518 -11.0757 7.3808
2 24 -7.0566 0 6.1295 -5.8928 0.0001 7.3781
2 24 -5.9476 -11.053 7.9862 -5.9518 -11.0757 7.3808
2 24 -5.8928 0.0001 7.3781 -5.9518 -11.0757 7.3808
2 24 -5.9476 -11.053 7.9862 -5.9502 -10.3878 9.0791
2 24 3.8988 -4.946 -9.758 4.6759 -2.0875 -11.0979
2 24 4.6759 -2.0875 -11.0979 3.8988 -4.946 -9.758
2 24 -8.3015 -5.829 4.3165 -8.8552 -5.8217 2.9916
2 24 -8.3003 0 4.2981 -8.8966 0 2.868
2 24 -8.3015 -5.829 4.3165 -8.8552 -5.8217 2.9916
2 24 -7.7186 0 5.2722 -8.3003 0 4.2981
2 24 -8.3015 -5.829 4.3165 -7.9062 -6.3507 4.9605
2 24 -8.3015 -5.829 4.3165 -7.9062 -6.3507 4.9605
2 24 -7.9062 -6.3507 4.9605 -7.5543 -7.2717 5.4743
2 24 -7.9062 -6.3507 4.9605 -7.5543 -7.2717 5.4743
2 24 -7.2507 -8.8714 5.8509 -7.5543 -7.2717 5.4743
2 24 -7.5543 -7.2717 5.4743 -7.2507 -8.8714 5.8509
2 24 -7.2507 -8.8714 5.8509 -6.8954 -10.1573 6.3462
2 24 -5.9518 -11.0757 7.3808 -6.8954 -10.1573 6.3462
2 24 -5.9476 -11.053 7.9862 -5.9502 -10.3878 9.0791
2 24 -8.8552 -5.8217 2.9916 -9.2825 -5.7758 0.7335
2 24 -8.8552 -5.8217 2.9916 -9.2825 -5.7758 0.7335
2 24 -8.8966 0 2.868 -9.281 0 0.7723
2 24 -9.2571 -5.7697 -1.2933 -9.2825 -5.7758 0.7335
2 24 -9.2571 -5.7697 -1.2933 -9.2825 -5.7758 0.7335
2 24 -9.2794 0 -1.1217 -9.281 0 0.7723
2 24 -4.6503 -5.7485 -8.1365 -6.1813 -5.7481 -7.0252
2 24 -4.6503 -5.7485 -8.1365 -6.1813 -5.7481 -7.0252
2 24 -4.682 0 -8.1179 -6.2011 0 -7.0081
2 24 -5.9299 -8.4639 10.4419 -5.9011 -4.9858 11.1494
2 24 -5.9011 -4.9858 11.1494 -5.9299 -8.4639 10.4419
2 24 -5.9502 -10.3878 9.0791 -5.9299 -8.4639 10.4419
2 24 -5.9502 -10.3878 9.0791 -5.9299 -8.4639 10.4419
2 24 -2.9985 -5.7856 -8.8623 -1.0856 -5.761 -9.2981
2 24 -3.0247 0 -8.8536 -1.0791 0 -9.3003
2 24 -1.0856 -5.761 -9.2981 -2.9985 -5.7856 -8.8623
2 24 -4.6503 -5.7485 -8.1365 -2.9985 -5.7856 -8.8623
2 24 -4.682 0 -8.1179 -3.0247 0 -8.8536
2 24 -4.6503 -5.7485 -8.1365 -2.9985 -5.7856 -8.8623
2 24 -7.496 -5.7779 -5.6154 -6.1813 -5.7481 -7.0252
2 24 -7.5259 0 -5.5716 -6.2011 0 -7.0081
2 24 -7.496 -5.7779 -5.6154 -6.1813 -5.7481 -7.0252
2 24 6.1581 -5.3022 -8.2367 5.7157 -5.557 -7.4403
2 24 5.6725 0 -7.4624 5.7157 -5.557 -7.4403
2 24 9.1786 -5.8207 1.7666 9.3462 -5.8025 -0.1125
2 24 9.1816 0 1.7516 9.3455 0 -0.1701
2 24 9.1786 -5.8207 1.7666 9.3462 -5.8025 -0.1125
2 24 5.9603 -9.7765 10.0483 5.9419 -7.6607 10.7029
2 24 6.9001 -2.8839 -9.6082 6.1581 -5.3022 -8.2367
2 24 9.1786 -5.8207 1.7666 9.0402 -6.2825 2.376
2 24 9.1786 -5.8207 1.7666 9.0402 -6.2825 2.376
2 24 9.1816 0 1.7516 8.7689 0 3.2358
2 24 9.3462 -5.8025 -0.1125 9.1034 -5.7933 -2.1204
2 24 9.3455 0 -0.1701 9.07 0 -2.2587
2 24 9.3462 -5.8025 -0.1125 9.1034 -5.7933 -2.1204
2 24 9.0402 -6.2825 2.376 8.8645 -7.1134 2.9642
2 24 9.0402 -6.2825 2.376 8.8645 -7.1134 2.9642
2 24 8.3263 0 4.2486 8.7689 0 3.2358
2 24 8.8645 -7.1134 2.9642 8.7763 -8.1614 3.1932
2 24 8.6258 -10.1368 3.6013 8.7763 -8.1614 3.1932
2 24 8.8645 -7.1134 2.9642 8.7763 -8.1614 3.1932
2 24 8.7763 -8.1614 3.1932 8.6258 -10.1368 3.6013
2 24 8.6258 -10.1368 3.6013 8.2291 -11.7919 4.4334
2 24 8.2291 -11.7919 4.4334 7.5333 -12.5361 5.5335
2 24 5.9603 -9.7765 10.0483 5.97 -10.8855 9.2092
2 24 5.8733 0.1897 10.7111 5.875 0.0003 9.9827
2 24 5.9419 -7.6607 10.7029 5.9603 -9.7765 10.0483
2 24 5.9419 -7.6607 10.7029 5.931 -6.4169 10.938
2 24 9.1034 -5.7933 -2.1204 8.4195 -5.7408 -3.944
2 24 9.07 0 -2.2587 8.4051 0 -3.9861
2 24 7.6231 -5.7707 -5.3796 8.4195 -5.7408 -3.944
2 24 8.3604 -5.5765 -5.9428 9.2682 -5.6112 -4.2044
2 24 7.6231 -5.7707 -5.3796 6.6946 -5.8021 -6.5377
2 24 7.6231 -5.7707 -5.3796 6.6946 -5.8021 -6.5377
2 24 7.5592 0 -5.4602 6.6159 0 -6.6198
2 24 0.4831 -11.0648 10.689 -0.1797 -11.7283 10.0266
2 24 -0.1797 -11.7283 10.0266 0.4831 -11.0648 10.689
2 24 2.3892 -12.6824 8.8644 2.409 -10.4063 10.5149
2 24 2.4173 -9.4951 5.772 2.4171 -9.5074 6.9076
2 24 2.4173 -9.4951 5.772 2.5004 0 5.8315
2 24 2.5002 0 8.2227 2.5004 0 5.8315
2 24 5.931 -6.4169 10.938 5.8824 -0.8431 11.3517
2 24 2.5016 0.1897 11.722 2.5 0 10.8824
2 24 -5.8652 0.1896 10.6617 -5.8525 1.3765 11.5565
2 24 -5.8525 1.3765 11.5565 -5.8674 -0.5876 11.4453
2 24 -5.8783 -2.0177 11.3541 -5.8674 -0.5876 11.4453
2 24 5.8824 -0.8431 11.3517 5.863 1.3772 11.5635
2 24 7.3595 0.28 -10.487 7.3983 1.8528 -10.5845
2 24 4.9161 0.8547 -11.4753 5.1389 1.8528 -11.8564
2 24 5.132 0.9683 -11.8597 5.1389 1.8528 -11.8564
2 24 7.1806 0.8547 -10.1746 7.3983 1.8528 -10.5845
2 24 7.3595 0.28 -10.487 7.3983 1.8528 -10.5845
2 24 5.132 0.9683 -11.8597 5.1389 1.8528 -11.8564
2 24 0.4344 -5.6598 -9.3662 -1.0856 -5.761 -9.2981
2 24 0.4457 0 -9.366 -1.0791 0 -9.3003
2 24 -1.0791 0 -9.3003 0.4457 0 -9.366
2 24 1.3586 0 -9.2763 2.2395 0 -9.1051
2 24 1.3318 -5.6707 -9.2808 2.2376 -5.7282 -9.1048
2 24 1.3586 0 -9.2763 2.2395 0 -9.1051
2 24 -4.2588 1.3885 12.284 -5.8525 1.3765 11.5565
2 24 1.7249 -11.1583 10.4193 2.1803 -11.9635 9.8001
2 24 2.5347 1.3769 12.7209 4.3306 1.3792 12.246
2 24 -2.3571 4.2413 -12.766 -4.4209 3.7374 -12.2046
2 24 -4.4209 3.7374 -12.2046 -6.4636 3.67 -11.273
2 24 -8.2382 4.1926 -10.0312 -6.4636 3.67 -11.273
2 24 4.6759 -2.0875 -11.0979 5.0331 -0.0677 -11.7012
2 24 5.132 0.9683 -11.8597 5.0331 -0.0677 -11.7012
2 24 7.5592 0 -5.4602 8.4051 0 -3.9861
2 24 8.4195 -5.7408 -3.944 7.6231 -5.7707 -5.3796
2 24 8.4051 0 -3.9861 7.5592 0 -5.4602
2 24 9.105 4.6093 -9.2571 7.8768 3.948 -10.342
2 24 6.6946 -5.8021 -6.5377 5.7157 -5.557 -7.4403
2 24 6.1581 -5.3022 -8.2367 5.7157 -5.557 -7.4403
2 24 6.6946 -5.8021 -6.5377 5.7157 -5.557 -7.4403
2 24 5.7157 -5.557 -7.4403 5.6725 0 -7.4624
2 24 6.6159 0 -6.6198 5.6725 0 -7.4624
2 24 6.6159 0 -6.6198 5.6725 0 -7.4624
2 24 4.1386 0 -4.5367 2.953 0 -5.3842
2 24 1.2156 -10.5675 -7.1838 -0.1819 -10.3161 -7.6656
2 24 0.3269 -9.4145 -10.1366 -0.6667 -8.9168 -10.8709
2 24 -3.2838 -9.2281 -10.0334 -0.6667 -8.9168 -10.8709
2 24 -1.6427 -10.3363 -7.403 -0.1819 -10.3161 -7.6656
2 24 2.4202 -9.1119 11.5701 2.4321 -7.748 12.2216
2 24 2.4202 -9.1119 11.5701 2.415 -9.714 11.103
2 24 2.409 -10.4063 10.5149 2.415 -9.714 11.103
2 24 5.875 0 8.8814 5.875 0.0003 9.9827
2 24 5.97 -10.8855 9.2092 5.9603 -9.7765 10.0483
2 24 4.1386 0 -4.5367 5.056 0 -3.4813
2 24 4.3514 -9.3733 -4.3311 5.014 -9.3718 -3.5408
2 24 2.2376 -5.7282 -9.1048 3.3354 -5.7107 -8.763
2 24 2.2395 0 -9.1051 3.3798 0 -8.7468
2 24 3.3354 -5.7107 -8.763 3.3798 0 -8.7468
2 24 9.07 0 -2.2587 8.4051 0 -3.9861
2 24 5.056 0 -3.4813 5.802 0 -2.0075
2 24 7.3983 1.8528 -10.5845 6.3128 1.8312 -11.2889
2 24 7.3338 3.8832 -10.7332 6.1714 3.8104 -11.4414
2 24 -2.4108 -10.2412 10.4411 -2.4178 -9.4297 11.3035
2 24 -4.2588 1.3885 12.284 -2.5338 1.377 12.7246
2 24 -2.5015 0.1897 11.6009 -2.5338 1.377 12.7246
2 24 5.863 1.3772 11.5635 4.3306 1.3792 12.246
2 24 2.5002 0 8.2227 2.5 0 10.8824
2 24 5.875 0 8.8814 5.875 0.0003 9.9827
2 24 -12.953 16.6642 3.0165 -13.2404 17.1478 0.706
2 24 -12.9673 17.6014 -2.3701 -13.2404 17.1478 0.706
2 24 -5.8525 1.3765 11.5565 -5.8674 -0.5876 11.4453
2 24 -5.8674 -0.5876 11.4453 -5.8783 -2.0177 11.3541
2 24 -5.9011 -4.9858 11.1494 -5.8783 -2.0177 11.3541
2 24 13.2067 18.0117 0.5632 13.0201 18.7613 -2.127
2 24 7.1441 20.38 -11.042 7.4692 21.8283 -10.852
2 24 9.1034 -5.7933 -2.1204 8.4195 -5.7408 -3.944
2 24 0.4344 -5.6598 -9.3662 1.3318 -5.6707 -9.2808
2 24 2.2376 -5.7282 -9.1048 1.3318 -5.6707 -9.2808
2 24 -9.4473 0.4772 -12.7868 -10.3148 -0.3982 -12.2711
2 24 6.7889 -4.1574 -14.0696 5.5217 -4.1055 -14.6175
2 24 6.3358 -2.1699 -14.9681 7.199 -3.0363 -14.3892
2 24 -7.1228 -4.7114 -13.5322 -5.8909 -4.1846 -14.1029
2 24 -7.5406 -3.5592 -13.7306 -6.4142 -2.8842 -14.3493
2 24 -10.2127 2.7757 -10.629 -10.7669 2.4214 -10.2925
2 24 -10.5337 1.3241 -11.7853 -11.1408 0.376 -11.4512
2 24 0.9906 -9.5062 4.7236 2.4171 -9.5074 6.9076
2 24 14.7161 1.245 -8.4168 15.196 1.0497 -7.8239
2 24 -14.7986 1.6103 -7.2436 -14.3085 1.252 -7.8066
2 24 -15.1803 -1.8745 -1.9156 -15.9051 -0.0501 -1.956
2 24 -19.6553 0.8106 0.5752 -19.4563 2.9634 0.2145
2 24 12.7892 7.6392 12.3985 12.2635 11.978 10.5239
2 24 14.7347 7.0788 12.0129 14.7853 11.3376 10.5815
2 24 15.8228 -8.8857 6.9632 15.6932 -9.0429 6.29
2 24 8.7113 -11.6847 11.3365 10.4754 -11.3547 11.2456
2 24 -2.1122 0.4783 21.8253 -2.0339 1.2796 22.3525
2 24 -1.6542 -0.0061 21.1386 -1.2212 1.6497 21.3748
2 24 -1.4962 4.2882 20.9656 -1.0144 2.3297 20.9694
2 24 1.7346 3.0897 20.5013 1.141 4.2365 20.5314
2 24 2.1135 3.7544 20.9006 1.721 4.4993 20.9043
2 24 1.7346 3.0897 20.5013 0.3218 2.57 20.7134
2 24 -11.1162 -8.1799 7.4239 -12.2781 -8.1849 6.871
2 24 -12.9118 -7.0657 9.2422 -13.8646 -7.2617 8.1898
2 24 -11.1162 -8.1799 7.4239 -12.2781 -8.1849 6.871
2 24 -9.4506 -8.5731 -2.496 -9.4973 -9.5665 -1.3236
2 24 15.0886 -6.8258 1.5748 15.3642 -6.6955 2.0344
2 24 15.6394 -6.1982 1.8691 15.3642 -6.6955 2.0344
2 24 -2.4158 -9.6675 7.7849 -2.4033 -11.1033 8.0808
2 24 -2.4013 -11.3366 8.7368 -2.4033 -11.1033 8.0808
2 24 2.5347 1.3769 12.7209 2.4603 -4.5218 12.6128
2 24 -2.5338 1.377 12.7246 -2.4604 -4.5317 12.6189
2 24 -2.5338 1.377 12.7246 -4.2588 1.3885 12.284
2 24 7.8768 3.948 -10.342 7.3338 3.8832 -10.7332
2 24 5.1389 1.8528 -11.8564 6.3128 1.8312 -11.2889
2 24 4.0132 4.0269 -12.3645 6.1714 3.8104 -11.4414
2 24 0.8034 7.8915 20.1122 0.7556 5.7265 20.4025
2 24 7.7848 2.124 17.9141 7.8644 0.8435 17.739
2 24 12.0873 -4.6116 16.0012 9.4594 -2.7865 17.0756
2 24 9.6364 -5.4511 14.7555 9.4594 -2.7865 17.0756
2 24 9.4594 -2.7865 17.0756 6.0122 -2.373 20.3206
2 24 -10.4467 -0.8771 17.1967 -10.9313 1.2044 17.5696
2 24 10.0494 -9.4515 -5.1277 9.5123 -8.5672 -6.445
2 24 8.6166 -11.6563 -4.6238 8.2321 -10.2834 -6.942
2 24 9.0292 -14.0228 3.25 9.4327 -13.5404 3.0701
2 24 13.9612 -9.4456 9.023 14.8382 -8.9571 8.2668
2 24 18.9283 10.3183 -9.9295 18.6718 9.4119 -9.8158
2 24 -14.8208 6.3894 10.7544 -14.8845 8.2547 10.3936
2 24 -13.6608 6.415 12.3267 -13.23 8.6654 12.0192
2 24 -13.6077 26.9088 -17.8558 -13.8315 26.8178 -17.3828
2 24 -13.2703 25.2246 -17.021 -13.8315 26.8178 -17.3828
2 24 -8.1349 11.8968 18.129 -6.8681 11.4656 18.9486
2 24 -9.3255 12.0962 17.1147 -10.6504 11.8695 15.668
2 24 9.336 -5.7835 14.7631 9.1366 -5.9648 14.8208
2 24 9.0911 -7.6348 14.4438 9.1366 -5.9648 14.8208
2 24 -9.1802 35.7102 -18.5794 -9.8449 35.7198 -18.7212
2 24 -8.7636 35.7531 -18.09 -8.4059 35.8738 -17.0546
2 24 17.1877 -3.6022 1.5132 16.8982 -2.4766 0.7219
2 24 16.9791 -6.801 3.0842 15.6394 -6.1982 1.8691
2 24 15.3642 -6.6955 2.0344 15.6394 -6.1982 1.8691
2 24 -17.9274 14.0415 -9.5744 -18.6038 14.4595 -8.9247
2 24 -13.8239 9.2532 -8.3159 -13.6912 10.6904 -8.4371
2 24 -13.7122 3.1291 -8.4463 -13.4855 3.2195 -8.6677
2 24 -13.088 3.0743 -9.0887 -13.4855 3.2195 -8.6677
2 24 -12.0582 2.1704 -10.2019 -12.0896 1.9165 -10.1885
2 24 -12.4176 1.3594 -9.962 -12.0896 1.9165 -10.1885
2 24 -11.3438 3.1814 -10.5077 -12.0195 3.8988 -9.8346
2 24 -11.8293 -2.5765 -10.3573 -12.5003 -1.3332 -9.5385
2 24 -11.7496 -5.3234 -5.5465 -12.4049 -3.592 -6.245
2 24 -12.2804 -0.4013 -10.1182 -11.7669 -0.3244 -10.8291
2 24 -11.8293 -2.5765 -10.3573 -12.5003 -1.3332 -9.5385
2 24 -11.7669 -0.3244 -10.8291 -11.1408 0.376 -11.4512
2 24 -11.1408 0.376 -11.4512 -10.5337 1.3241 -11.7853
2 24 -9.8883 2.1358 -12.026 -10.5337 1.3241 -11.7853
2 24 15.6209 1.3426 -7.359 15.196 1.0497 -7.8239
2 24 -7.2719 -0.3565 -14.1953 -7.5604 -0.6539 -14.0328
2 24 -12.2804 -0.4013 -10.1182 -12.7089 -0.0056 -9.5336
2 24 -14.0501 1.6395 -8.1679 -14.3085 1.252 -7.8066
2 24 8.663 -0.9422 -13.9824 8.9768 -0.7854 -13.8044
2 24 -6.58 -0.8869 -14.4828 -6.0845 -0.0536 -14.7658
2 24 -5.3993 1.6851 -14.8232 -5.7243 0.725 -14.8842
2 24 -7.2841 0.2692 -14.159 -7.5177 0.8644 -13.9793
2 24 -6.0845 -0.0536 -14.7658 -5.7243 0.725 -14.8842
2 24 -18.0449 5.8918 3.0422 -18.1618 7.431 1.8396
2 24 -16.9001 7.472 4.1093 -17.8632 9.568 1.2207
2 24 10.5261 14.2579 -12.4963 10.9763 13.4663 -11.9116
2 24 11.8981 15.2245 -14.8909 10.9763 13.4663 -11.9116
2 24 13.3034 29.945 -17.294 12.7843 30.2025 -18.1513
2 24 -3.9468 -22.7811 2.9647 -3.6187 -23.3402 3.2645
2 24 -3.6187 -23.3402 3.2645 -3.9468 -22.7811 2.9647
2 24 3.5165 -10.1271 -9.3262 1.2546 -8.9847 -10.6077
2 24 0.3269 -9.4145 -10.1366 1.2546 -8.9847 -10.6077
2 24 0.3627 5.4227 -12.9949 -2.3571 4.2413 -12.766
2 24 1.2546 -8.9847 -10.6077 5.0133 -6.5552 -10.5084
2 24 0.4325 -8.4876 -13.9882 4.3976 -4.7027 -14.6972
2 24 7.6927 -13.0734 10.7426 6.5758 -14.406 8.9912
2 24 -17.7834 -13.4438 -2.8147 -18.1263 -13.0258 -2.9239
2 24 -14.0404 -15.6388 -0.8803 -14.58 -16.047 -0.8517
2 24 -15.5731 -15.4573 -1.3943 -14.58 -16.047 -0.8517
2 24 -14.0359 -17.0052 -0.0619 -14.4677 -16.4881 -0.4886
2 24 -10.3437 0.344 20.3087 -10.3698 1.035 20.7907
2 24 -8.4798 -2.332 17.1648 -10.1271 -1.2044 17.2529
2 24 9.4594 -2.7865 17.0756 12.0873 -4.6116 16.0012
2 24 15.275 -7.2048 2.449 15.378 -7.9563 3.3058
2 24 13.0928 -6.0813 -4.5806 13.2585 -4.1445 -5.1009
2 24 -6.839 27.4815 -18.59 -6.4188 27.3321 -18.065
2 24 -6.3253 25.78 -17.4541 -6.4188 27.3321 -18.065
2 24 -21.0398 7.749 -5.0023 -20.9225 8.0073 -4.2292
2 24 -6.982 -14.7176 7.0566 -7.0244 -14.3045 5.429
2 24 9.1816 0 1.7516 8.7689 0 3.2358
2 24 8.2291 -11.7919 4.4334 8.6258 -10.1368 3.6013
2 24 2.409 -10.4063 10.5149 2.3892 -12.6824 8.8644
2 24 2.1803 -11.9635 9.8001 2.3892 -12.6824 8.8644
2 24 5.9419 -7.6607 10.7029 5.931 -6.4169 10.938
2 24 5.8824 -0.8431 11.3517 5.931 -6.4169 10.938
2 24 2.4603 -4.5218 12.6128 2.4321 -7.748 12.2216
2 24 11.132 14.7246 7.3312 10.0618 15.3848 8.6306
2 24 -2.1411 -0.7928 21.4266 -3.0306 -1.6592 21.5415
2 24 -2.4921 -0.2217 21.8307 -2.8374 -0.5671 22.2725
2 24 -15.1922 -4.193 -3.2546 -15.2065 -5.3619 -2.6398
2 24 -16.0417 2.2998 -5.2725 -16.4521 3.925 -4.9735
2 24 -10.561 -2.9152 -11.9388 -10.7021 -1.6204 -11.9267
2 24 -11.1316 -3.7268 -11.0963 -11.8293 -2.5765 -10.3573
2 24 -13.2791 -0.3946 -8.4624 -12.9095 -0.7579 -8.9562
2 24 -4.7517 -1.0101 -15.3182 -4.069 0.2637 -15.5899
2 24 4.9815 0.2803 -15.5048 5.5022 -0.9713 -15.3899
2 24 17.0257 3.8367 -5.0555 17.3584 5.8072 -4.956
2 24 17.6859 3.8974 -2.7608 17.3584 5.8072 -4.956
2 24 17.7787 -6.6208 3.5759 16.9791 -6.801 3.0842
2 24 18.7831 -5.8062 4.157 17.7787 -6.6208 3.5759
2 24 15.5605 -7.9801 10.291 15.2714 -9.0049 7.705
2 24 15.8228 -8.8857 6.9632 15.2714 -9.0049 7.705
2 24 14.7757 0.2582 12.2385 14.0756 0.923 12.8885
2 24 14.2767 3.3751 12.6454 13.6231 1.4283 13.1982
2 24 14.0756 0.923 12.8885 13.6231 1.4283 13.1982
2 24 9.1793 3.7671 17.9792 8.7311 3.5009 19.3684
2 24 9.2276 3.1688 17.426 7.7848 2.124 17.9141
2 24 3.5877 -17.1973 4.7653 3.1954 -17.2072 3.8353
2 24 15.0116 -8.8985 2.9471 15.1893 -9.1764 4.1363
2 24 8.5479 -13.6943 1.23 9.0292 -14.0228 3.25
2 24 8.4546 -14.3017 3.2913 9.0292 -14.0228 3.25
2 24 9.9223 -12.4115 1.9971 9.7773 -12.9413 2.6613
2 24 9.4327 -13.5404 3.0701 9.7773 -12.9413 2.6613
2 24 0.5097 -12.4884 -6.0206 1.3004 -12.9466 -5.0363
2 24 2.2033 -10.9127 -6.3638 2.8808 -11.2416 -5.4962
2 24 -4.252 -15.3344 6.6266 -3.337 -16.027 5.0995
2 24 -9.5812 1.2773 23.2839 -9.3151 0.5211 22.9917
2 24 -11.9316 12.16 10.6655 -12.6029 10.6467 11.3715
2 24 -11.5641 10.8977 14.917 -12.2037 9.7328 14.496
2 24 -13.3616 14.7515 8.3887 -11.9316 12.16 10.6655
2 24 -10.9572 13.0748 11.4081 -11.9316 12.16 10.6655
2 24 -14.3098 32.0109 -15.3322 -13.7845 33.7951 -16.0573
2 24 6.4436 26.9024 -18.918 6.0352 26.0564 -18.3385
2 24 -11.8613 13.6743 -11.9205 -13.1935 12.4004 -9.4342
2 24 -12.151 12.8133 -8.8089 -13.1935 12.4004 -9.4342
2 24 -14.0285 7.0322 -7.9208 -14.6703 6.1126 -7.5056
2 24 -14.8951 6.3898 -7.7623 -14.6703 6.1126 -7.5056
2 24 -2.4158 -9.6675 7.7849 -2.4189 -9.3079 7.251
2 24 7.5333 -12.5361 5.5335 5.9902 -13.2027 7.3978
2 24 5.97 -10.8855 9.2092 5.9902 -13.2027 7.3978
2 24 9.4652 -0.3195 -13.4775 9.2601 -0.2193 -13.6114
2 24 9.2601 -0.2193 -13.6114 9.0973 -0.4527 -13.7214
2 24 8.9768 -0.7854 -13.8044 9.0973 -0.4527 -13.7214
2 24 -8.4525 -0.0385 -13.5453 -8.8548 -0.4713 -13.3205
0 STEP
