0 Minifigure, Hair Tousled with Molded Red Bandana Headband Pattern
0 Name: bl_69558pb02.dat
0 Author: 
0 BL_Item_No 69558pb02
0 BFC CERTIFY CCW
3 16 2.1338 -12.553 -0.6391 4.0365 -12.4223 -1.5394 3.2384 -11.0058 1.0318
3 16 3.2384 -11.0058 1.0318 4.0365 -12.4223 -1.5394 5.0611 -10.478 0.5458
3 16 3.2384 -11.0058 1.0318 0.663 -10.9752 2.378 2.1338 -12.553 -0.6391
3 16 2.1338 -12.553 -0.6391 0.663 -10.9752 2.378 -0.4159 -12.0677 0.9922
3 16 2.2372 -11.8791 -5.0826 4.406 -11.3168 -5.5265 2.8959 -12.3312 -3.9039
3 16 2.8959 -12.3312 -3.9039 4.406 -11.3168 -5.5265 4.9089 -11.7722 -4.3506
3 16 0.5239 -12.2225 -2.1947 -0.2916 -11.7645 -3.0266 2.8959 -12.3312 -3.9039
3 16 2.8959 -12.3312 -3.9039 -0.2916 -11.7645 -3.0266 2.2372 -11.8791 -5.0826
3 16 -0.2916 -11.7645 -3.0266 -1.0521 -11.7139 -4.2308 2.2372 -11.8791 -5.0826
3 16 2.2372 -11.8791 -5.0826 -1.0521 -11.7139 -4.2308 1.5612 -11.9364 -6.294
3 16 4.406 -11.3168 -5.5265 2.2372 -11.8791 -5.0826 4.2402 -11.3443 -7.1622
3 16 4.2402 -11.3443 -7.1622 2.2372 -11.8791 -5.0826 1.5612 -11.9364 -6.294
3 16 7.7794 -7.5621 2.8162 6.1018 -8.2596 4.8336 7.1063 -8.9807 1.5569
3 16 7.1063 -8.9807 1.5569 6.1018 -8.2596 4.8336 5.2706 -9.9275 3.7726
3 16 4.6158 -8.5141 7.1212 3.6986 -10.1547 6.2668 6.1018 -8.2596 4.8336
3 16 6.1018 -8.2596 4.8336 3.6986 -10.1547 6.2668 5.2706 -9.9275 3.7726
3 16 3.7684 -8.3093 9.0196 2.4336 -9.9069 9.0097 4.6158 -8.5141 7.1212
3 16 4.6158 -8.5141 7.1212 2.4336 -9.9069 9.0097 3.6986 -10.1547 6.2668
3 16 2.035 -9.0521 11.5645 3.3982 -7.6162 11.5161 2.3467 -8.0058 13.3967
3 16 2.3467 -8.0058 13.3967 3.3982 -7.6162 11.5161 3.4915 -6.297 13.5734
3 16 -2.2291 -11.3659 2.785 -0.8861 -10.5164 3.6199 -3.5874 -10.2925 5.0792
3 16 -3.5874 -10.2925 5.0792 -0.8861 -10.5164 3.6199 -2.3199 -9.3707 5.827
3 16 -3.5874 -10.2925 5.0792 -2.3199 -9.3707 5.827 -4.1031 -10.263 7.5368
3 16 -4.1031 -10.263 7.5368 -2.3199 -9.3707 5.827 -2.8697 -9.0408 8.0545
3 16 -2.8697 -9.0408 8.0545 -4.5143 -8.4542 8.5243 -4.1031 -10.263 7.5368
3 16 -4.1031 -10.263 7.5368 -4.5143 -8.4542 8.5243 -5.2269 -10.0366 7.456
3 16 -2.8697 -9.0408 8.0545 -1.2684 -9.5428 9.4425 -1.8163 -8.2967 11.4194
3 16 -1.8163 -8.2967 11.4194 -1.2684 -9.5428 9.4425 -0.7367 -8.8458 11.3286
3 16 -1.8163 -8.2967 11.4194 -0.5364 -6.9173 12.616 -2.2634 -6.753 14.0531
3 16 -2.2634 -6.753 14.0531 -0.5364 -6.9173 12.616 -0.815 -6.1533 13.857
3 16 -1.8163 -8.2967 11.4194 -0.7367 -8.8458 11.3286 -0.5364 -6.9173 12.616
3 16 -0.5364 -6.9173 12.616 -0.7367 -8.8458 11.3286 0.5365 -8.1291 12.9402
3 16 0.5365 -8.1291 12.9402 1.8101 -7.7824 13.6639 -0.5364 -6.9173 12.616
3 16 -0.5364 -6.9173 12.616 1.8101 -7.7824 13.6639 2.4966 -6.5008 13.8914
3 16 3.4915 -6.297 13.5734 2.4966 -6.5008 13.8914 2.3467 -8.0058 13.3967
3 16 2.3467 -8.0058 13.3967 2.4966 -6.5008 13.8914 1.8101 -7.7824 13.6639
3 16 3.5744 -1.8261 16.8924 3.0304 -5.5561 14.9408 5.0633 -2.3457 15.4151
3 16 5.0633 -2.3457 15.4151 3.0304 -5.5561 14.9408 4.0711 -5.4093 14.3398
3 16 5.0633 -2.3457 15.4151 4.6271 0.8643 15.4528 3.5744 -1.8261 16.8924
3 16 3.3545 1.1508 16.7103 2.898 0.5094 17.2432 4.6271 0.8643 15.4528
3 16 4.6271 0.8643 15.4528 2.898 0.5094 17.2432 3.5744 -1.8261 16.8924
3 16 0.0277 -0.264 17.485 1.4749 -2.5651 17.1611 2.898 0.5094 17.2432
3 16 2.898 0.5094 17.2432 1.4749 -2.5651 17.1611 3.5744 -1.8261 16.8924
3 16 0.9913 -5.3731 15.1616 3.0304 -5.5561 14.9408 1.4749 -2.5651 17.1611
3 16 1.4749 -2.5651 17.1611 3.0304 -5.5561 14.9408 3.5744 -1.8261 16.8924
3 16 -0.9442 -5.1608 15.2298 0.9913 -5.3731 15.1616 -1.3141 -3.7492 16.3275
3 16 -1.3141 -3.7492 16.3275 0.9913 -5.3731 15.1616 1.4749 -2.5651 17.1611
3 16 -3.5719 -2.9779 16.6426 -2.5575 -5.4451 15.543 -1.3141 -3.7492 16.3275
3 16 -1.3141 -3.7492 16.3275 -2.5575 -5.4451 15.543 -0.9442 -5.1608 15.2298
3 16 -14.2531 -0.8205 6.7819 -14.9542 -0.6441 5.8007 -14.3476 -2.5001 6.3001
3 16 -14.3476 -2.5001 6.3001 -14.9542 -0.6441 5.8007 -15.1118 -2.1342 5.3554
3 16 -10.7 0.9283 11.6512 -12.1001 0.8708 10.5698 -10.4083 -1.5145 11.5878
3 16 -10.4083 -1.5145 11.5878 -12.1001 0.8708 10.5698 -11.9674 -1.8387 10.7686
3 16 -10.4083 -1.5145 11.5878 -11.9674 -1.8387 10.7686 -9.8257 -3.7743 10.681
3 16 -9.8257 -3.7743 10.681 -11.9674 -1.8387 10.7686 -11.8928 -3.6626 10.0047
3 16 -8.1696 -1.9608 15.2562 -7.3802 1.0899 14.7245 -9.4069 -1.6434 14.9517
3 16 -9.4069 -1.6434 14.9517 -7.3802 1.0899 14.7245 -10.2828 1.2072 12.6833
3 16 -7.3802 1.0899 14.7245 -6.9173 -1.2928 15.3401 -5.5381 0.8759 15.8577
3 16 -5.5381 0.8759 15.8577 -6.9173 -1.2928 15.3401 -5.4898 -0.6506 16.4405
3 16 -6.9173 -1.2928 15.3401 -5.8762 -3.1852 15.2638 -5.4898 -0.6506 16.4405
3 16 -5.4898 -0.6506 16.4405 -5.8762 -3.1852 15.2638 -3.5719 -2.9779 16.6426
3 16 -5.8762 -3.1852 15.2638 -5.5715 -5.0053 14.5659 -3.5719 -2.9779 16.6426
3 16 -3.5719 -2.9779 16.6426 -5.5715 -5.0053 14.5659 -2.5575 -5.4451 15.543
3 16 -7.7355 -6.4417 9.1562 -6.5838 -7.3415 10.971 -7.6567 -4.2457 11.169
3 16 -7.6567 -4.2457 11.169 -6.5838 -7.3415 10.971 -5.9227 -6.4996 13.2014
3 16 -7.0532 -8.4494 5.5857 -6.2389 -7.9638 7.9035 -7.7355 -6.4417 9.1562
3 16 -7.7355 -6.4417 9.1562 -6.2389 -7.9638 7.9035 -6.5838 -7.3415 10.971
3 16 -6.3392 -9.6277 5.0402 -6.0085 -9.8026 6.9764 -7.0532 -8.4494 5.5857
3 16 -7.0532 -8.4494 5.5857 -6.0085 -9.8026 6.9764 -6.2389 -7.9638 7.9035
3 16 -7.0532 -8.4494 5.5857 -7.1854 -8.8382 2.9201 -6.3392 -9.6277 5.0402
3 16 -6.3392 -9.6277 5.0402 -7.1854 -8.8382 2.9201 -6.3801 -9.6809 2.8733
3 16 -8.3148 -8.6611 2.2431 -7.1854 -8.8382 2.9201 -9.4118 -8.3584 5.4761
3 16 -9.4118 -8.3584 5.4761 -7.1854 -8.8382 2.9201 -7.0532 -8.4494 5.5857
3 16 -9.4118 -8.3584 5.4761 -7.0532 -8.4494 5.5857 -9.5537 -6.9211 8.344
3 16 -9.5537 -6.9211 8.344 -7.0532 -8.4494 5.5857 -7.7355 -6.4417 9.1562
3 16 -12.1719 -5.7427 7.9405 -11.7174 -7.3532 4.5066 -9.5537 -6.9211 8.344
3 16 -9.5537 -6.9211 8.344 -11.7174 -7.3532 4.5066 -9.4118 -8.3584 5.4761
3 16 -10.3725 -7.7925 1.2777 -8.3148 -8.6611 2.2431 -11.7174 -7.3532 4.5066
3 16 -11.7174 -7.3532 4.5066 -8.3148 -8.6611 2.2431 -9.4118 -8.3584 5.4761
3 16 -13.0065 -4.8603 7.2589 -12.557 -6.065 4.3121 -12.1719 -5.7427 7.9405
3 16 -12.1719 -5.7427 7.9405 -12.557 -6.065 4.3121 -11.7174 -7.3532 4.5066
3 16 -13.0065 -4.8603 7.2589 -12.1719 -5.7427 7.9405 -12.7642 -3.2103 8.5941
3 16 -12.7642 -3.2103 8.5941 -12.1719 -5.7427 7.9405 -11.8928 -3.6626 10.0047
3 16 -14.0827 -4.0481 5.3241 -13.0065 -4.8603 7.2589 -14.3476 -2.5001 6.3001
3 16 -14.3476 -2.5001 6.3001 -13.0065 -4.8603 7.2589 -12.7642 -3.2103 8.5941
3 16 -13.5623 -5.2766 3.4725 -12.557 -6.065 4.3121 -14.0827 -4.0481 5.3241
3 16 -14.0827 -4.0481 5.3241 -12.557 -6.065 4.3121 -13.0065 -4.8603 7.2589
3 16 -6.6923 -8.9567 -0.5056 -7.1854 -8.8382 2.9201 -8.3148 -8.6611 2.2431
3 16 -8.3148 -8.6611 2.2431 -10.3725 -7.7925 1.2777 -6.6923 -8.9567 -0.5056
3 16 -6.6923 -8.9567 -0.5056 -10.3725 -7.7925 1.2777 -7.5331 -7.9708 -3.1222
3 16 -5.9119 -10.0272 -0.1806 -6.3801 -9.6809 2.8733 -6.6923 -8.9567 -0.5056
3 16 -6.6923 -8.9567 -0.5056 -6.3801 -9.6809 2.8733 -7.1854 -8.8382 2.9201
3 16 -5.8162 -8.3523 -4.1517 -5.0483 -10.35 -3.1411 -6.6923 -8.9567 -0.5056
3 16 -6.6923 -8.9567 -0.5056 -5.0483 -10.35 -3.1411 -5.9119 -10.0272 -0.1806
3 16 -7.5331 -7.9708 -3.1222 -5.8162 -8.3523 -4.1517 -6.6923 -8.9567 -0.5056
3 16 -8.8849 -8.4205 -3.9915 -7.3174 -9.1048 -5.382 -7.5331 -7.9708 -3.1222
3 16 -7.5331 -7.9708 -3.1222 -7.3174 -9.1048 -5.382 -5.8162 -8.3523 -4.1517
3 16 -14.6819 -4.7643 2.9273 -13.5623 -5.2766 3.4725 -14.9163 -3.6009 4.5052
3 16 -14.9163 -3.6009 4.5052 -13.5623 -5.2766 3.4725 -14.0827 -4.0481 5.3241
3 16 -14.9163 -3.6009 4.5052 -14.0827 -4.0481 5.3241 -15.1118 -2.1342 5.3554
3 16 -15.1118 -2.1342 5.3554 -14.0827 -4.0481 5.3241 -14.3476 -2.5001 6.3001
3 16 -7.1711 7.573 15.3162 -7.8822 7.6243 14.6267 -7.3533 6.4838 15.0216
3 16 -7.3533 6.4838 15.0216 -7.8822 7.6243 14.6267 -7.8519 6.5166 14.6743
3 16 -7.02 9.4266 15.8328 -8.2537 9.6191 15.1662 -7.1711 7.573 15.3162
3 16 -7.1711 7.573 15.3162 -8.2537 9.6191 15.1662 -7.8822 7.6243 14.6267
3 16 -9.1005 6.5195 13.7042 -7.8519 6.5166 14.6743 -8.7967 7.7242 13.6326
3 16 -8.7967 7.7242 13.6326 -7.8519 6.5166 14.6743 -7.8822 7.6243 14.6267
3 16 -8.8955 9.958 14.1667 -8.7967 7.7242 13.6326 -8.2537 9.6191 15.1662
3 16 -8.2537 9.6191 15.1662 -8.7967 7.7242 13.6326 -7.8822 7.6243 14.6267
3 16 -8.2537 9.6191 15.1662 -7.02 9.4266 15.8328 -8.052 11.395 15.4716
3 16 -8.052 11.395 15.4716 -7.02 9.4266 15.8328 -6.399 12.0005 16.1353
3 16 -8.3756 12.1953 14.6084 -8.8955 9.958 14.1667 -8.052 11.395 15.4716
3 16 -8.052 11.395 15.4716 -8.8955 9.958 14.1667 -8.2537 9.6191 15.1662
3 16 -10.5072 10.2323 13.7493 -8.8955 9.958 14.1667 -10.0854 12.5514 14.175
3 16 -10.0854 12.5514 14.175 -8.8955 9.958 14.1667 -8.3756 12.1953 14.6084
3 16 -8.7967 7.7242 13.6326 -8.8955 9.958 14.1667 -9.8988 7.7177 13.2017
3 16 -9.8988 7.7177 13.2017 -8.8955 9.958 14.1667 -10.5072 10.2323 13.7493
3 16 -8.7967 7.7242 13.6326 -9.8988 7.7177 13.2017 -9.1005 6.5195 13.7042
3 16 -9.1005 6.5195 13.7042 -9.8988 7.7177 13.2017 -10.0136 6.4704 13.3482
3 16 -12.4304 6.3317 11.2903 -10.0136 6.4704 13.3482 -12.5336 7.8104 11.486
3 16 -12.5336 7.8104 11.486 -10.0136 6.4704 13.3482 -9.8988 7.7177 13.2017
3 16 -10.5072 10.2323 13.7493 -12.1488 9.5164 11.837 -9.8988 7.7177 13.2017
3 16 -9.8988 7.7177 13.2017 -12.1488 9.5164 11.837 -12.5336 7.8104 11.486
3 16 -12.759 6.4451 10.0159 -12.4304 6.3317 11.2903 -13.0007 7.6791 10.1266
3 16 -13.0007 7.6791 10.1266 -12.4304 6.3317 11.2903 -12.5336 7.8104 11.486
3 16 -12.1488 9.5164 11.837 -12.7994 9.4639 10.3647 -12.5336 7.8104 11.486
3 16 -12.5336 7.8104 11.486 -12.7994 9.4639 10.3647 -13.0007 7.6791 10.1266
3 16 -12.7994 9.4639 10.3647 -14.0113 9.4251 9.8097 -13.0007 7.6791 10.1266
3 16 -13.0007 7.6791 10.1266 -14.0113 9.4251 9.8097 -14.1072 7.9177 9.5566
3 16 -14.5561 9.9059 7.4138 -14.5887 7.6899 7.6179 -14.3521 9.8341 8.3767
3 16 -14.3521 9.8341 8.3767 -14.5887 7.6899 7.6179 -14.4305 7.7987 8.4055
3 16 -14.3521 9.8341 8.3767 -14.4305 7.7987 8.4055 -14.0113 9.4251 9.8097
3 16 -14.0113 9.4251 9.8097 -14.4305 7.7987 8.4055 -14.1072 7.9177 9.5566
3 16 -14.5561 9.9059 7.4138 -15.4947 9.9477 6.5621 -14.5887 7.6899 7.6179
3 16 -14.5887 7.6899 7.6179 -15.4947 9.9477 6.5621 -15.4646 7.459 6.5929
3 16 -15.3619 6.0648 6.4216 -14.5533 6.3052 7.4669 -15.4646 7.459 6.5929
3 16 -15.4646 7.459 6.5929 -14.5533 6.3052 7.4669 -14.5887 7.6899 7.6179
3 16 -14.6248 5.4461 3.5972 -15.3619 6.0648 6.4216 -16.0459 7.838 3.7146
3 16 -16.0459 7.838 3.7146 -15.3619 6.0648 6.4216 -15.4646 7.459 6.5929
3 16 -15.4646 7.459 6.5929 -15.4947 9.9477 6.5621 -16.0459 7.838 3.7146
3 16 -16.0459 7.838 3.7146 -15.4947 9.9477 6.5621 -16.0249 9.6509 3.7797
3 16 -16.8684 9.7457 1.7088 -16.7618 8.0222 1.8996 -16.0249 9.6509 3.7797
3 16 -16.0249 9.6509 3.7797 -16.7618 8.0222 1.8996 -16.0459 7.838 3.7146
3 16 -16.7618 8.0222 1.8996 -16.2494 5.7464 2.1857 -16.0459 7.838 3.7146
3 16 -16.0459 7.838 3.7146 -16.2494 5.7464 2.1857 -14.6248 5.4461 3.5972
3 16 -15.9778 7.6414 -0.6317 -15.7539 6.0486 -0.2717 -16.6964 8.05 1.6074
3 16 -16.6964 8.05 1.6074 -15.7539 6.0486 -0.2717 -16.2494 5.7464 2.1857
3 16 -16.6695 9.547 1.1347 -16.6964 8.05 1.6074 -16.8684 9.7457 1.7088
3 16 -16.8684 9.7457 1.7088 -16.6964 8.05 1.6074 -16.7618 8.0222 1.8996
3 16 -16.6964 8.05 1.6074 -16.2494 5.7464 2.1857 -16.7618 8.0222 1.8996
3 16 -15.8229 9.1647 -1.2528 -15.9778 7.6414 -0.6317 -16.6695 9.547 1.1347
3 16 -16.6695 9.547 1.1347 -15.9778 7.6414 -0.6317 -16.6964 8.05 1.6074
3 16 -11.3953 11.2162 -6.3047 -13.0782 11.2642 -6.0213 -12.7289 11.8198 -2.9625
3 16 -12.7289 11.8198 -2.9625 -13.0782 11.2642 -6.0213 -14.2948 11.4741 -3.0504
3 16 -15.9778 7.6414 -0.6317 -15.8229 9.1647 -1.2528 -15.705 7.4266 -2.5118
3 16 -15.705 7.4266 -2.5118 -15.8229 9.1647 -1.2528 -15.5682 8.824 -3.0401
3 16 -13.0782 11.2642 -6.0213 -14.824 10.4896 -4.1674 -14.2948 11.4741 -3.0504
3 16 -14.2948 11.4741 -3.0504 -14.824 10.4896 -4.1674 -15.0761 10.5255 -2.8523
3 16 -15.705 7.4266 -2.5118 -13.5348 7.2775 -6.5723 -15.4702 6.1133 -2.2397
3 16 -15.4702 6.1133 -2.2397 -13.5348 7.2775 -6.5723 -13.1645 6.2961 -6.5733
3 16 -15.705 7.4266 -2.5118 -15.5682 8.824 -3.0401 -13.5348 7.2775 -6.5723
3 16 -13.5348 7.2775 -6.5723 -15.5682 8.824 -3.0401 -13.4114 8.399 -6.6589
3 16 -14.824 10.4896 -4.1674 -13.0782 11.2642 -6.0213 -13.2604 9.8791 -6.8674
3 16 -13.1645 6.2961 -6.5733 -13.5348 7.2775 -6.5723 -11.3007 6.7147 -6.4929
3 16 -11.3007 6.7147 -6.4929 -13.5348 7.2775 -6.5723 -11.3103 8.1395 -6.485
3 16 -13.5348 7.2775 -6.5723 -13.4114 8.399 -6.6589 -11.3103 8.1395 -6.485
3 16 -11.3103 8.1395 -6.485 -13.4114 8.399 -6.6589 -13.2604 9.8791 -6.8674
3 16 -11.3953 11.2162 -6.3047 -11.1648 10.0913 -6.7147 -13.0782 11.2642 -6.0213
3 16 -13.0782 11.2642 -6.0213 -11.1648 10.0913 -6.7147 -13.2604 9.8791 -6.8674
3 16 -15.705 7.4266 -2.5118 -15.4702 6.1133 -2.2397 -15.9778 7.6414 -0.6317
3 16 -15.9778 7.6414 -0.6317 -15.4702 6.1133 -2.2397 -15.7539 6.0486 -0.2717
3 16 -15.7302 0.3685 -2.3704 -16.1432 -0.5952 -2.1984 -16.3212 1.3848 -0.443
3 16 -16.3212 1.3848 -0.443 -16.1432 -0.5952 -2.1984 -17.648 0.5149 0.0344
3 16 -10.821 -2.7435 -10.9521 -12.1783 -1.8196 -9.8197 -10.3927 -0.7408 -10.1463
3 16 -10.3927 -0.7408 -10.1463 -12.1783 -1.8196 -9.8197 -11.864 -0.3789 -9.2769
3 16 -7.4659 -1.8121 -14.4774 -8.5856 -2.9457 -11.9359 -8.0045 -1.4166 -12.6137
3 16 -8.0045 -1.4166 -12.6137 -8.5856 -2.9457 -11.9359 -8.5493 -1.8317 -11.3205
3 16 -7.5904 -5.7841 -10.9857 -6.9879 -5.3279 -14.6331 -5.2362 -7.9015 -12.4386
3 16 -5.2362 -7.9015 -12.4386 -6.9879 -5.3279 -14.6331 -4.7112 -7.4555 -15.3569
3 16 -1.3021 -8.5992 -15.3326 -1.6036 -9.4306 -13.0992 -4.7112 -7.4555 -15.3569
3 16 -4.7112 -7.4555 -15.3569 -1.6036 -9.4306 -13.0992 -5.2362 -7.9015 -12.4386
3 16 -5.6478 -3.6161 -15.0471 -3.5024 -5.776 -15.8112 -6.9879 -5.3279 -14.6331
3 16 -6.9879 -5.3279 -14.6331 -3.5024 -5.776 -15.8112 -4.7112 -7.4555 -15.3569
3 16 -0.8982 -6.7061 -15.9609 -1.3021 -8.5992 -15.3326 -3.5024 -5.776 -15.8112
3 16 -3.5024 -5.776 -15.8112 -1.3021 -8.5992 -15.3326 -4.7112 -7.4555 -15.3569
3 16 1.5415 -6.6272 -14.7583 1.5053 -8.2642 -14.5818 -0.8982 -6.7061 -15.9609
3 16 -0.8982 -6.7061 -15.9609 1.5053 -8.2642 -14.5818 -1.3021 -8.5992 -15.3326
3 16 -1.3021 -8.5992 -15.3326 1.5053 -8.2642 -14.5818 -1.6036 -9.4306 -13.0992
3 16 -1.6036 -9.4306 -13.0992 1.5053 -8.2642 -14.5818 1.536 -9.389 -12.4781
3 16 4.1544 -8.3 -10.9421 1.6935 -9.2504 -11.12 1.536 -9.389 -12.4781
3 16 4.1544 -8.3 -10.9421 1.536 -9.389 -12.4781 3.9482 -7.3907 -13.1641
3 16 3.9482 -7.3907 -13.1641 1.536 -9.389 -12.4781 1.5053 -8.2642 -14.5818
3 16 3.9482 -7.3907 -13.1641 5.551 -6.3943 -11.4429 4.1544 -8.3 -10.9421
3 16 4.1544 -8.3 -10.9421 5.551 -6.3943 -11.4429 5.9614 -6.7833 -9.9252
3 16 -0.1091 -4.0982 -18.0956 1.8551 -4.8053 -17.2483 -1.0735 -6.0308 -17.3214
3 16 -1.0735 -6.0308 -17.3214 1.8551 -4.8053 -17.2483 1.8031 -6.0483 -16.2359
3 16 1.5415 -6.6272 -14.7583 -0.8982 -6.7061 -15.9609 1.8031 -6.0483 -16.2359
3 16 1.8031 -6.0483 -16.2359 -0.8982 -6.7061 -15.9609 -1.0735 -6.0308 -17.3214
3 16 -1.0735 -6.0308 -17.3214 -0.8982 -6.7061 -15.9609 -2.8978 -5.2547 -17.2674
3 16 -2.8978 -5.2547 -17.2674 -0.8982 -6.7061 -15.9609 -3.5024 -5.776 -15.8112
3 16 -5.6478 -3.6161 -15.0471 -4.933 -3.4963 -16.9552 -3.5024 -5.776 -15.8112
3 16 -3.5024 -5.776 -15.8112 -4.933 -3.4963 -16.9552 -2.8978 -5.2547 -17.2674
3 16 -4.933 -3.4963 -16.9552 -4.5383 -2.4789 -17.3926 -2.8978 -5.2547 -17.2674
3 16 -2.8978 -5.2547 -17.2674 -4.5383 -2.4789 -17.3926 -1.6743 -3.5628 -18.1825
3 16 -0.1091 -4.0982 -18.0956 -1.0735 -6.0308 -17.3214 -1.6743 -3.5628 -18.1825
3 16 -1.6743 -3.5628 -18.1825 -1.0735 -6.0308 -17.3214 -2.8978 -5.2547 -17.2674
3 16 -6.7203 -1.6398 -16.1256 -4.5383 -2.4789 -17.3926 -4.933 -3.4963 -16.9552
3 16 -4.933 -3.4963 -16.9552 -5.6478 -3.6161 -15.0471 -6.7203 -1.6398 -16.1256
3 16 -6.7203 -1.6398 -16.1256 -5.6478 -3.6161 -15.0471 -7.4659 -1.8121 -14.4774
3 16 -8.0818 -0.0749 -15.6747 -8.0058 0.776 -15.6322 -6.7203 -1.6398 -16.1256
3 16 -6.7203 -1.6398 -16.1256 -8.0058 0.776 -15.6322 -5.4482 -0.67 -16.9772
3 16 -4.5383 -2.4789 -17.3926 -3.1815 -1.7116 -17.3455 -1.6743 -3.5628 -18.1825
3 16 -1.6743 -3.5628 -18.1825 -3.1815 -1.7116 -17.3455 -1.7569 -2.0948 -17.6104
3 16 -0.1091 -4.0982 -18.0956 -1.6743 -3.5628 -18.1825 0.3058 -2.8023 -17.633
3 16 0.3058 -2.8023 -17.633 -1.6743 -3.5628 -18.1825 -1.7569 -2.0948 -17.6104
3 16 0.3058 -2.8023 -17.633 2.035 -3.6816 -17.0467 -0.1091 -4.0982 -18.0956
3 16 -0.1091 -4.0982 -18.0956 2.035 -3.6816 -17.0467 1.8551 -4.8053 -17.2483
3 16 1.1344 -1.3172 -18.7817 0.3058 -2.8023 -17.633 -0.9152 -0.6827 -18.7494
3 16 -0.9152 -0.6827 -18.7494 0.3058 -2.8023 -17.633 -1.7569 -2.0948 -17.6104
3 16 -2.9377 -0.5706 -18.0851 -3.1815 -1.7116 -17.3455 -5.4482 -0.67 -16.9772
3 16 1.1344 -1.3172 -18.7817 3.0538 -2.1319 -18.1984 0.3058 -2.8023 -17.633
3 16 0.3058 -2.8023 -17.633 3.0538 -2.1319 -18.1984 2.035 -3.6816 -17.0467
3 16 1.8551 -4.8053 -17.2483 2.035 -3.6816 -17.0467 3.4687 -5.1775 -15.9459
3 16 3.4687 -5.1775 -15.9459 2.035 -3.6816 -17.0467 3.8735 -4.4226 -15.7084
3 16 4.2598 -5.6251 -14.6813 1.8031 -6.0483 -16.2359 3.4687 -5.1775 -15.9459
3 16 3.4687 -5.1775 -15.9459 1.8031 -6.0483 -16.2359 1.8551 -4.8053 -17.2483
3 16 3.7197 -6.2663 -13.8525 1.5415 -6.6272 -14.7583 4.2598 -5.6251 -14.6813
3 16 4.2598 -5.6251 -14.6813 1.5415 -6.6272 -14.7583 1.8031 -6.0483 -16.2359
3 16 3.4687 -5.1775 -15.9459 3.8735 -4.4226 -15.7084 4.2598 -5.6251 -14.6813
3 16 4.2598 -5.6251 -14.6813 3.8735 -4.4226 -15.7084 5.3619 -4.6054 -13.0482
3 16 3.8735 -4.4226 -15.7084 2.035 -3.6816 -17.0467 4.9564 -3.4273 -16.4459
3 16 4.9564 -3.4273 -16.4459 2.035 -3.6816 -17.0467 3.0538 -2.1319 -18.1984
3 16 4.9564 -3.4273 -16.4459 5.9609 -3.9669 -13.8403 3.8735 -4.4226 -15.7084
3 16 3.8735 -4.4226 -15.7084 5.9609 -3.9669 -13.8403 5.3619 -4.6054 -13.0482
3 16 5.7246 -4.6481 -11.9534 5.3619 -4.6054 -13.0482 6.3261 -3.8199 -13.1247
3 16 6.3261 -3.8199 -13.1247 5.3619 -4.6054 -13.0482 5.9609 -3.9669 -13.8403
3 16 5.7246 -4.6481 -11.9534 3.7197 -6.2663 -13.8525 5.3619 -4.6054 -13.0482
3 16 5.3619 -4.6054 -13.0482 3.7197 -6.2663 -13.8525 4.2598 -5.6251 -14.6813
3 16 6.3261 -3.8199 -13.1247 5.9609 -3.9669 -13.8403 6.6299 -2.7898 -14.0573
3 16 6.6299 -2.7898 -14.0573 5.9609 -3.9669 -13.8403 6.2439 -2.7677 -14.8355
3 16 5.9609 -3.9669 -13.8403 4.9564 -3.4273 -16.4459 6.2439 -2.7677 -14.8355
3 16 6.2439 -2.7677 -14.8355 4.9564 -3.4273 -16.4459 5.7562 -2.159 -16.0942
3 16 3.8127 -0.2113 -17.6395 5.7562 -2.159 -16.0942 3.0538 -2.1319 -18.1984
3 16 3.0538 -2.1319 -18.1984 5.7562 -2.159 -16.0942 4.9564 -3.4273 -16.4459
3 16 1.7194 0.7394 -18.0385 3.8127 -0.2113 -17.6395 1.1344 -1.3172 -18.7817
3 16 1.1344 -1.3172 -18.7817 3.8127 -0.2113 -17.6395 3.0538 -2.1319 -18.1984
3 16 1.7194 0.7394 -18.0385 1.1344 -1.3172 -18.7817 -0.0203 1.1301 -18.2373
3 16 -0.0203 1.1301 -18.2373 1.1344 -1.3172 -18.7817 -0.9152 -0.6827 -18.7494
3 16 -7.5051 2.1334 -13.4232 -4.7135 2.1094 -14.6212 -7.6186 1.3534 -15.6016
3 16 -7.6186 1.3534 -15.6016 -4.7135 2.1094 -14.6212 -5.138 1.2085 -16.5112
3 16 -4.7135 2.1094 -14.6212 -1.5873 2.3748 -16.0608 -5.138 1.2085 -16.5112
3 16 -5.138 1.2085 -16.5112 -1.5873 2.3748 -16.0608 -2.2028 1.2267 -17.7307
3 16 -0.0203 1.1301 -18.2373 0.2917 1.6573 -17.2756 1.7194 0.7394 -18.0385
3 16 1.7194 0.7394 -18.0385 0.2917 1.6573 -17.2756 1.7293 1.6199 -16.7468
3 16 1.7293 1.6199 -16.7468 3.4277 1.2554 -15.8223 1.7194 0.7394 -18.0385
3 16 1.7194 0.7394 -18.0385 3.4277 1.2554 -15.8223 3.8127 -0.2113 -17.6395
3 16 15.8471 -3.2412 -5.0399 18.8743 -3.3821 -3.8406 16.485 -4.4444 -3.8265
3 16 10.3231 -5.2249 -5.8843 12.2005 -4.8941 -5.8533 10.1744 -6.6086 -4.8256
3 16 10.1744 -6.6086 -4.8256 12.2005 -4.8941 -5.8533 13.1994 -6.6518 -4.486
3 16 9.5113 -4.9944 -8.1916 7.953 -5.0923 -8.0989 9.0084 -4.6674 -8.8828
3 16 9.0084 -4.6674 -8.8828 7.953 -5.0923 -8.0989 7.7346 -5.0703 -8.4898
3 16 11.3323 -4.5317 -8.8187 9.5113 -4.9944 -8.1916 10.7022 -4.086 -9.6497
3 16 10.7022 -4.086 -9.6497 9.5113 -4.9944 -8.1916 9.0084 -4.6674 -8.8828
3 16 13.0329 -3.3679 -9.6324 11.952 -2.9242 -10.55 14.0506 -2.0825 -9.9256
3 16 14.0506 -2.0825 -9.9256 11.952 -2.9242 -10.55 11.9316 -0.8312 -10.9825
3 16 11.3466 -3.2619 -11.762 11.6 -2.0898 -12.3646 11.952 -2.9242 -10.55
3 16 11.952 -2.9242 -10.55 11.6 -2.0898 -12.3646 11.9316 -0.8312 -10.9825
3 16 10.1754 -4.2884 -10.6795 10.7022 -4.086 -9.6497 8.8342 -4.7784 -9.3835
3 16 8.8342 -4.7784 -9.3835 10.7022 -4.086 -9.6497 9.0084 -4.6674 -8.8828
3 16 9.0084 -4.6674 -8.8828 7.7346 -5.0703 -8.4898 8.8342 -4.7784 -9.3835
3 16 7.7346 -5.0703 -8.4898 6.845 -5.0447 -10.1689 8.8342 -4.7784 -9.3835
3 16 8.8342 -4.7784 -9.3835 6.845 -5.0447 -10.1689 7.7486 -4.7305 -10.906
3 16 8.8342 -4.7784 -9.3835 7.7486 -4.7305 -10.906 10.1754 -4.2884 -10.6795
3 16 10.1754 -4.2884 -10.6795 7.7486 -4.7305 -10.906 8.7639 -4.0517 -12.2577
3 16 11.3466 -3.2619 -11.762 8.9762 -3.2793 -13.1823 11.6 -2.0898 -12.3646
3 16 11.6 -2.0898 -12.3646 8.9762 -3.2793 -13.1823 8.613 -2.3113 -13.8756
3 16 8.2743 -0.2864 -14.3062 10.7598 0.2105 -12.8451 8.613 -2.3113 -13.8756
3 16 8.613 -2.3113 -13.8756 10.7598 0.2105 -12.8451 11.6 -2.0898 -12.3646
3 16 8.2743 -0.2864 -14.3062 9.2045 1.547 -13.7198 10.7598 0.2105 -12.8451
3 16 10.7598 0.2105 -12.8451 9.2045 1.547 -13.7198 10.3026 1.7688 -12.7684
3 16 8.3019 2.506 -13.1324 9.2045 1.547 -13.7198 6.9645 1.6331 -13.8253
3 16 6.9645 1.6331 -13.8253 9.2045 1.547 -13.7198 8.2743 -0.2864 -14.3062
3 16 6.6299 -2.7898 -14.0573 8.7639 -4.0517 -12.2577 6.3261 -3.8199 -13.1247
3 16 6.3261 -3.8199 -13.1247 8.7639 -4.0517 -12.2577 7.7486 -4.7305 -10.906
3 16 6.3261 -3.8199 -13.1247 7.7486 -4.7305 -10.906 5.7246 -4.6481 -11.9534
3 16 5.7246 -4.6481 -11.9534 7.7486 -4.7305 -10.906 6.845 -5.0447 -10.1689
3 16 -10.6694 -7.2641 -5.0574 -9.2 -7.8869 -6.6065 -8.8849 -8.4205 -3.9915
3 16 -8.8849 -8.4205 -3.9915 -9.2 -7.8869 -6.6065 -7.3174 -9.1048 -5.382
3 16 -12.1783 -1.8196 -9.8197 -11.1495 -4.6915 -7.8524 -12.6929 -2.5138 -7.6096
3 16 -12.6929 -2.5138 -7.6096 -11.1495 -4.6915 -7.8524 -12.8387 -3.2986 -5.8317
3 16 -9.7571 -4.9227 -9.4999 -11.1495 -4.6915 -7.8524 -10.821 -2.7435 -10.9521
3 16 -10.821 -2.7435 -10.9521 -11.1495 -4.6915 -7.8524 -12.1783 -1.8196 -9.8197
3 16 -12.8387 -3.2986 -5.8317 -11.1495 -4.6915 -7.8524 -11.9485 -5.9212 -5.9975
3 16 -11.9485 -5.9212 -5.9975 -11.1495 -4.6915 -7.8524 -10.6481 -6.4088 -7.6088
3 16 -8.5856 -2.9457 -11.9359 -10.821 -2.7435 -10.9521 -8.5493 -1.8317 -11.3205
3 16 -8.5493 -1.8317 -11.3205 -10.821 -2.7435 -10.9521 -10.3927 -0.7408 -10.1463
3 16 -9.7571 -4.9227 -9.4999 -10.821 -2.7435 -10.9521 -8.3279 -4.4251 -10.9478
3 16 -8.3279 -4.4251 -10.9478 -10.821 -2.7435 -10.9521 -8.5856 -2.9457 -11.9359
3 16 -9.7571 -4.9227 -9.4999 -8.3279 -4.4251 -10.9478 -9.0711 -6.3517 -9.5974
3 16 -9.0711 -6.3517 -9.5974 -8.3279 -4.4251 -10.9478 -7.5904 -5.7841 -10.9857
3 16 -9.0711 -6.3517 -9.5974 -10.6481 -6.4088 -7.6088 -9.7571 -4.9227 -9.4999
3 16 -9.7571 -4.9227 -9.4999 -10.6481 -6.4088 -7.6088 -11.1495 -4.6915 -7.8524
3 16 -7.6463 -3.4375 -14.3276 -6.9879 -5.3279 -14.6331 -8.3279 -4.4251 -10.9478
3 16 -8.3279 -4.4251 -10.9478 -6.9879 -5.3279 -14.6331 -7.5904 -5.7841 -10.9857
3 16 -7.4659 -1.8121 -14.4774 -7.6463 -3.4375 -14.3276 -8.5856 -2.9457 -11.9359
3 16 -8.5856 -2.9457 -11.9359 -7.6463 -3.4375 -14.3276 -8.3279 -4.4251 -10.9478
3 16 -6.9879 -5.3279 -14.6331 -7.6463 -3.4375 -14.3276 -5.6478 -3.6161 -15.0471
3 16 -5.6478 -3.6161 -15.0471 -7.6463 -3.4375 -14.3276 -7.4659 -1.8121 -14.4774
3 16 -11.9485 -5.9212 -5.9975 -13.2678 -5.5843 -4.8687 -12.8387 -3.2986 -5.8317
3 16 -12.8387 -3.2986 -5.8317 -13.2678 -5.5843 -4.8687 -13.5339 -3.6576 -4.939
3 16 -15.8372 -7.1658 -2.2019 -14.1903 -6.7876 -2.9158 -15.6392 -7.6426 -0.9171
3 16 -15.6392 -7.6426 -0.9171 -14.1903 -6.7876 -2.9158 -13.2404 -7.294 -1.4519
3 16 -12.4439 -6.6231 -3.7114 -10.6694 -7.2641 -5.0574 -10.8161 -7.4357 -2.494
3 16 -10.8161 -7.4357 -2.494 -10.6694 -7.2641 -5.0574 -8.8849 -8.4205 -3.9915
3 16 -14.6819 -4.7643 2.9273 -15.2465 -4.5271 1.067 -14.1958 -5.7685 1.0583
3 16 -15.6623 -3.5011 0.0539 -15.7749 -2.778 1.1885 -16.381 -2.2208 0.9082
3 16 -16.381 -2.2208 0.9082 -15.7749 -2.778 1.1885 -15.7933 -1.9995 1.8542
3 16 -16.381 -2.2208 0.9082 -15.7933 -1.9995 1.8542 -17.0982 -0.9699 1.7476
3 16 -17.0982 -0.9699 1.7476 -15.7933 -1.9995 1.8542 -15.7051 -0.9357 2.4121
3 16 -17.0982 -0.9699 1.7476 -15.7051 -0.9357 2.4121 -15.8922 0.3112 2.6112
3 16 -15.8922 0.3112 2.6112 -15.7051 -0.9357 2.4121 -15.4881 0.0364 2.6605
3 16 -16.3349 1.0401 2.6877 -17.5589 -0.1146 2.0354 -15.8922 0.3112 2.6112
3 16 -15.8922 0.3112 2.6112 -17.5589 -0.1146 2.0354 -17.0982 -0.9699 1.7476
3 16 -17.5589 -0.1146 2.0354 -16.3349 1.0401 2.6877 -17.9316 0.984 1.3543
3 16 -17.9316 0.984 1.3543 -16.3349 1.0401 2.6877 -16.4756 2.0181 1.1947
3 16 -16.3212 1.3848 -0.443 -17.648 0.5149 0.0344 -16.4756 2.0181 1.1947
3 16 -16.4756 2.0181 1.1947 -17.648 0.5149 0.0344 -17.9316 0.984 1.3543
3 16 -16.5879 -1.7672 -0.57 -16.381 -2.2208 0.9082 -17.5982 -0.5351 0.6451
3 16 -17.5982 -0.5351 0.6451 -16.381 -2.2208 0.9082 -17.0982 -0.9699 1.7476
3 16 -16.1432 -0.5952 -2.1984 -16.5879 -1.7672 -0.57 -17.648 0.5149 0.0344
3 16 -17.648 0.5149 0.0344 -16.5879 -1.7672 -0.57 -17.5982 -0.5351 0.6451
3 16 -17.648 0.5149 0.0344 -17.5982 -0.5351 0.6451 -17.9316 0.984 1.3543
3 16 -17.9316 0.984 1.3543 -17.5982 -0.5351 0.6451 -17.5589 -0.1146 2.0354
3 16 -17.5982 -0.5351 0.6451 -17.0982 -0.9699 1.7476 -17.5589 -0.1146 2.0354
3 16 -16.381 -2.2208 0.9082 -16.5879 -1.7672 -0.57 -15.6623 -3.5011 0.0539
3 16 -15.6623 -3.5011 0.0539 -16.5879 -1.7672 -0.57 -15.299 -3.5381 -1.8507
3 16 -16.5879 -1.7672 -0.57 -16.1432 -0.5952 -2.1984 -15.299 -3.5381 -1.8507
3 16 -15.299 -3.5381 -1.8507 -16.1432 -0.5952 -2.1984 -14.2948 -3.1582 -3.3579
3 16 -15.6623 -3.5011 0.0539 -15.299 -3.5381 -1.8507 -17.3897 -5.3104 -0.3696
3 16 -17.3897 -5.3104 -0.3696 -15.299 -3.5381 -1.8507 -17.1441 -5.4008 -2.0775
3 16 -17.117 -5.8096 0.1276 -16.6438 -6.5467 0.0834 -15.2465 -4.5271 1.067
3 16 -15.2465 -4.5271 1.067 -16.6438 -6.5467 0.0834 -14.1958 -5.7685 1.0583
3 16 -16.0278 -7.214 -0.2965 -16.5652 -6.8046 -0.944 -15.6392 -7.6426 -0.9171
3 16 -15.6392 -7.6426 -0.9171 -16.5652 -6.8046 -0.944 -15.8372 -7.1658 -2.2019
3 16 -16.1143 -6.3963 -2.9341 -16.901 -6.289 -1.4796 -17.1441 -5.4008 -2.0775
3 16 -17.1441 -5.4008 -2.0775 -16.901 -6.289 -1.4796 -17.3897 -5.3104 -0.3696
3 16 -17.117 -5.8096 0.1276 -16.5652 -6.8046 -0.944 -16.6438 -6.5467 0.0834
3 16 -16.6438 -6.5467 0.0834 -16.5652 -6.8046 -0.944 -16.0278 -7.214 -0.2965
3 16 -7.5331 -7.9708 -3.1222 -9.0156 -7.415 -2.0404 -8.8849 -8.4205 -3.9915
3 16 -8.8849 -8.4205 -3.9915 -9.0156 -7.415 -2.0404 -10.8161 -7.4357 -2.494
3 16 9.5884 -7.0453 3.8362 7.7794 -7.5621 2.8162 10.0762 -6.3215 1.813
3 16 10.0762 -6.3215 1.813 7.7794 -7.5621 2.8162 9.3402 -7.1693 0.4521
3 16 7.7794 -7.5621 2.8162 9.5884 -7.0453 3.8362 6.1018 -8.2596 4.8336
3 16 6.1018 -8.2596 4.8336 9.5884 -7.0453 3.8362 9.2141 -7.6352 6.4052
3 16 8.2815 -6.9447 11.255 4.6158 -8.5141 7.1212 9.2141 -7.6352 6.4052
3 16 9.2141 -7.6352 6.4052 4.6158 -8.5141 7.1212 6.1018 -8.2596 4.8336
3 16 7.0334 -2.2915 15.1049 5.0633 -2.3457 15.4151 7.6211 -5.0157 14.0759
3 16 7.6211 -5.0157 14.0759 5.0633 -2.3457 15.4151 4.0711 -5.4093 14.3398
3 16 9.0767 -4.2035 13.1519 8.145 -2.0001 14.4422 7.6211 -5.0157 14.0759
3 16 7.6211 -5.0157 14.0759 8.145 -2.0001 14.4422 7.0334 -2.2915 15.1049
3 16 10.0762 -6.3215 1.813 11.09 -5.2853 2.3859 9.5884 -7.0453 3.8362
3 16 9.5884 -7.0453 3.8362 11.09 -5.2853 2.3859 10.6465 -5.8618 4.5867
3 16 12.5243 -4.8974 4.8766 10.6465 -5.8618 4.5867 12.0871 -4.6057 2.5307
3 16 12.0871 -4.6057 2.5307 10.6465 -5.8618 4.5867 11.09 -5.2853 2.3859
3 16 10.6465 -5.8618 4.5867 12.5243 -4.8974 4.8766 10.4555 -6.0994 6.9874
3 16 10.4555 -6.0994 6.9874 12.5243 -4.8974 4.8766 13.4005 -4.4774 7.17
3 16 8.145 -2.0001 14.4422 9.0767 -4.2035 13.1519 11.3241 -0.4666 13.5072
3 16 11.3241 -0.4666 13.5072 9.0767 -4.2035 13.1519 13.1027 -1.7665 11.9255
3 16 14.2021 -2.824 6.2848 13.4005 -4.4774 7.17 13.3315 -4.0961 4.4212
3 16 13.3315 -4.0961 4.4212 13.4005 -4.4774 7.17 12.5243 -4.8974 4.8766
3 16 12.5243 -4.8974 4.8766 12.0871 -4.6057 2.5307 13.3315 -4.0961 4.4212
3 16 13.3315 -4.0961 4.4212 12.0871 -4.6057 2.5307 15.0359 -2.5588 3.5259
3 16 15.0359 -2.5588 3.5259 12.0871 -4.6057 2.5307 15.121 -3.106 1.2844
3 16 14.8245 -1.6211 5.4887 14.2021 -2.824 6.2848 15.0359 -2.5588 3.5259
3 16 15.0359 -2.5588 3.5259 14.2021 -2.824 6.2848 13.3315 -4.0961 4.4212
3 16 14.8245 -1.6211 5.4887 14.9256 0.2386 5.3904 14.1544 -0.5493 7.7333
3 16 14.1544 -0.5493 7.7333 14.9256 0.2386 5.3904 13.7282 0.5181 8.5431
3 16 14.9256 0.2386 5.3904 14.8245 -1.6211 5.4887 15.247 0.0673 2.8624
3 16 15.247 0.0673 2.8624 14.8245 -1.6211 5.4887 15.0359 -2.5588 3.5259
3 16 13.7282 0.5181 8.5431 13.9389 -1.0457 8.3151 14.1544 -0.5493 7.7333
3 16 11.3241 -0.4666 13.5072 13.1027 -1.7665 11.9255 13.7282 0.5181 8.5431
3 16 13.7282 0.5181 8.5431 13.1027 -1.7665 11.9255 13.9389 -1.0457 8.3151
3 16 11.3241 -0.4666 13.5072 13.7282 0.5181 8.5431 10.8715 0.8002 13.2461
3 16 6.6897 0.6758 14.5465 8.145 -2.0001 14.4422 10.8715 0.8002 13.2461
3 16 10.8715 0.8002 13.2461 8.145 -2.0001 14.4422 11.3241 -0.4666 13.5072
3 16 8.145 -2.0001 14.4422 6.6897 0.6758 14.5465 7.0334 -2.2915 15.1049
3 16 7.0334 -2.2915 15.1049 6.6897 0.6758 14.5465 5.7699 0.7977 14.8871
3 16 7.0334 -2.2915 15.1049 5.7699 0.7977 14.8871 5.0633 -2.3457 15.4151
3 16 5.0633 -2.3457 15.4151 5.7699 0.7977 14.8871 4.6271 0.8643 15.4528
3 16 18.8576 -2.9661 -0.7364 19.169 -1.2403 -0.806 16.3199 -3.5135 0.0423
3 16 16.3199 -3.5135 0.0423 19.169 -1.2403 -0.806 15.5185 -1.6001 1.027
3 16 19.3241 -3.4871 -1.6394 18.8576 -2.9661 -0.7364 16.9151 -4.3467 -1.4807
3 16 16.9151 -4.3467 -1.4807 18.8576 -2.9661 -0.7364 16.3199 -3.5135 0.0423
3 16 13.4202 -5.9534 1.7457 14.2645 -7.1324 -0.4615 15.0327 -4.7665 1.092
3 16 15.0327 -4.7665 1.092 14.2645 -7.1324 -0.4615 15.6971 -5.8656 -0.9984
3 16 13.4202 -5.9534 1.7457 11.8057 -6.9771 1.385 14.2645 -7.1324 -0.4615
3 16 14.2645 -7.1324 -0.4615 11.8057 -6.9771 1.385 12.0803 -7.9853 -0.5147
3 16 12.2005 -4.8941 -5.8533 14.2541 -4.2589 -5.4757 13.1994 -6.6518 -4.486
3 16 13.1994 -6.6518 -4.486 14.2541 -4.2589 -5.4757 15.3309 -5.5929 -3.859
3 16 19.3241 -3.4871 -1.6394 16.9151 -4.3467 -1.4807 18.8743 -3.3821 -3.8406
3 16 18.8743 -3.3821 -3.8406 16.9151 -4.3467 -1.4807 16.485 -4.4444 -3.8265
3 16 15.6971 -5.8656 -0.9984 14.2645 -7.1324 -0.4615 15.3309 -5.5929 -3.859
3 16 15.3309 -5.5929 -3.859 14.2645 -7.1324 -0.4615 13.1994 -6.6518 -4.486
3 16 14.2645 -7.1324 -0.4615 12.0803 -7.9853 -0.5147 13.1994 -6.6518 -4.486
3 16 13.1994 -6.6518 -4.486 12.0803 -7.9853 -0.5147 10.1744 -6.6086 -4.8256
3 16 18.6851 -1.3135 -4.0191 19.8004 -1.6108 -1.6824 18.8743 -3.3821 -3.8406
3 16 18.8743 -3.3821 -3.8406 19.8004 -1.6108 -1.6824 19.3241 -3.4871 -1.6394
3 16 19.3241 -3.4871 -1.6394 19.8004 -1.6108 -1.6824 18.8576 -2.9661 -0.7364
3 16 18.8576 -2.9661 -0.7364 19.8004 -1.6108 -1.6824 19.169 -1.2403 -0.806
3 16 9.1277 -7.7684 -1.7284 12.0803 -7.9853 -0.5147 9.3402 -7.1693 0.4521
3 16 9.3402 -7.1693 0.4521 12.0803 -7.9853 -0.5147 11.8057 -6.9771 1.385
3 16 -10.5072 10.2323 13.7493 -10.0854 12.5514 14.175 -11.6275 11.346 13.4122
3 16 -11.6275 11.346 13.4122 -10.0854 12.5514 14.175 -10.6565 12.9481 13.3482
3 16 -12.0831 11.8311 10.904 -11.6275 11.346 13.4122 -10.8315 13.4227 11.9568
3 16 -10.8315 13.4227 11.9568 -11.6275 11.346 13.4122 -10.6565 12.9481 13.3482
3 16 -13.875 11.3998 10.074 -12.0831 11.8311 10.904 -12.2732 12.5655 9.6037
3 16 -12.2732 12.5655 9.6037 -12.0831 11.8311 10.904 -11.7469 12.286 10.6472
3 16 -11.7469 12.286 10.6472 -12.0831 11.8311 10.904 -10.8315 13.4227 11.9568
3 16 -12.8447 12.8684 8.1468 -14.0689 12.5113 8.3219 -12.2732 12.5655 9.6037
3 16 -12.2732 12.5655 9.6037 -14.0689 12.5113 8.3219 -13.875 11.3998 10.074
3 16 -13.4245 13.1321 5.6953 -14.1542 12.6403 6.2638 -12.8447 12.8684 8.1468
3 16 -12.8447 12.8684 8.1468 -14.1542 12.6403 6.2638 -14.0689 12.5113 8.3219
3 16 -13.9489 13.8559 4.234 -15.1078 12.2994 5.6982 -13.4245 13.1321 5.6953
3 16 -13.4245 13.1321 5.6953 -15.1078 12.2994 5.6982 -14.1542 12.6403 6.2638
3 16 -14.5283 14.4779 2.8331 -15.5844 11.8639 3.5836 -13.9489 13.8559 4.234
3 16 -13.9489 13.8559 4.234 -15.5844 11.8639 3.5836 -15.1078 12.2994 5.6982
3 16 -15.5844 11.8639 3.5836 -14.5283 14.4779 2.8331 -16.5606 11.9835 1.4298
3 16 -16.5606 11.9835 1.4298 -14.5283 14.4779 2.8331 -15.3095 14.6169 1.0291
3 16 -11.7867 15.6731 9.2183 -12.2732 12.5655 9.6037 -11.3357 15.8182 10.0881
3 16 -11.3357 15.8182 10.0881 -12.2732 12.5655 9.6037 -11.7469 12.286 10.6472
3 16 -12.8447 12.8684 8.1468 -12.2732 12.5655 9.6037 -12.0185 15.1889 8.7422
3 16 -12.0185 15.1889 8.7422 -12.2732 12.5655 9.6037 -11.7867 15.6731 9.2183
3 16 -10.983 15.3929 10.9339 -11.3357 15.8182 10.0881 -10.8315 13.4227 11.9568
3 16 -10.8315 13.4227 11.9568 -11.3357 15.8182 10.0881 -11.7469 12.286 10.6472
3 16 -12.8447 12.8684 8.1468 -12.0185 15.1889 8.7422 -11.4862 13.2513 7.3086
3 16 -11.4862 13.2513 7.3086 -12.0185 15.1889 8.7422 -10.8034 15.2355 7.5051
3 16 -12.1571 12.8872 5.2379 -13.4245 13.1321 5.6953 -11.4862 13.2513 7.3086
3 16 -11.4862 13.2513 7.3086 -13.4245 13.1321 5.6953 -12.8447 12.8684 8.1468
3 16 -10.983 15.3929 10.9339 -8.9267 16.0298 9.5403 -11.3357 15.8182 10.0881
3 16 -11.3357 15.8182 10.0881 -8.9267 16.0298 9.5403 -9.6242 16.2729 8.7007
3 16 -9.6242 16.2729 8.7007 -10.3376 15.978 8.0485 -11.3357 15.8182 10.0881
3 16 -11.3357 15.8182 10.0881 -10.3376 15.978 8.0485 -11.7867 15.6731 9.2183
3 16 -10.8034 15.2355 7.5051 -12.0185 15.1889 8.7422 -10.3376 15.978 8.0485
3 16 -10.3376 15.978 8.0485 -12.0185 15.1889 8.7422 -11.7867 15.6731 9.2183
3 16 -10.6565 12.9481 13.3482 -9.6463 13.5447 13.0566 -10.8315 13.4227 11.9568
3 16 -10.8315 13.4227 11.9568 -9.6463 13.5447 13.0566 -9.6247 14.1606 11.9209
3 16 -8.052 11.395 15.4716 -6.399 12.0005 16.1353 -7.2768 13.0525 14.0663
3 16 -7.2768 13.0525 14.0663 -6.399 12.0005 16.1353 -5.8226 14.2585 14.0369
3 16 -7.8447 12.7923 14.0328 -8.3756 12.1953 14.6084 -7.2768 13.0525 14.0663
3 16 -7.2768 13.0525 14.0663 -8.3756 12.1953 14.6084 -8.052 11.395 15.4716
3 16 -8.9053 13.1874 13.7882 -9.6463 13.5447 13.0566 -10.0854 12.5514 14.175
3 16 -10.0854 12.5514 14.175 -9.6463 13.5447 13.0566 -10.6565 12.9481 13.3482
3 16 -7.8447 12.7923 14.0328 -8.9053 13.1874 13.7882 -8.3756 12.1953 14.6084
3 16 -8.3756 12.1953 14.6084 -8.9053 13.1874 13.7882 -10.0854 12.5514 14.175
3 16 -9.6247 14.1606 11.9209 -9.6463 13.5447 13.0566 -8.7642 15.3319 11.2851
3 16 -8.7642 15.3319 11.2851 -9.6463 13.5447 13.0566 -7.3446 16.7877 11.9946
3 16 -8.7642 15.3319 11.2851 -10.983 15.3929 10.9339 -9.6247 14.1606 11.9209
3 16 -9.6247 14.1606 11.9209 -10.983 15.3929 10.9339 -10.8315 13.4227 11.9568
3 16 -7.8447 12.7923 14.0328 -7.2768 13.0525 14.0663 -5.9972 15.763 13.4282
3 16 -7.2768 13.0525 14.0663 -5.8226 14.2585 14.0369 -5.9972 15.763 13.4282
3 16 -6.0781 16.9179 12.3382 -8.9053 13.1874 13.7882 -5.9972 15.763 13.4282
3 16 -5.9972 15.763 13.4282 -8.9053 13.1874 13.7882 -7.8447 12.7923 14.0328
3 16 -6.0781 16.9179 12.3382 -7.3446 16.7877 11.9946 -8.9053 13.1874 13.7882
3 16 -8.9053 13.1874 13.7882 -7.3446 16.7877 11.9946 -9.6463 13.5447 13.0566
3 16 -6.0385 16.9616 11.4927 -6.4912 16.8552 11.239 -6.0781 16.9179 12.3382
3 16 -6.0781 16.9179 12.3382 -6.4912 16.8552 11.239 -7.3446 16.7877 11.9946
3 16 -8.7642 15.3319 11.2851 -7.3446 16.7877 11.9946 -7.7638 15.3748 10.5202
3 16 -7.7638 15.3748 10.5202 -7.3446 16.7877 11.9946 -6.4912 16.8552 11.239
3 16 -10.983 15.3929 10.9339 -8.7642 15.3319 11.2851 -8.9267 16.0298 9.5403
3 16 -8.9267 16.0298 9.5403 -8.7642 15.3319 11.2851 -7.7638 15.3748 10.5202
3 16 -12.1571 12.8872 5.2379 -12.6577 13.6101 3.8833 -13.4245 13.1321 5.6953
3 16 -13.4245 13.1321 5.6953 -12.6577 13.6101 3.8833 -13.9489 13.8559 4.234
3 16 -12.6577 13.6101 3.8833 -12.8956 14.3912 2.3708 -13.9489 13.8559 4.234
3 16 -13.9489 13.8559 4.234 -12.8956 14.3912 2.3708 -14.5283 14.4779 2.8331
3 16 -12.8956 14.3912 2.3708 -13.1404 14.6634 0.7361 -14.5283 14.4779 2.8331
3 16 -14.5283 14.4779 2.8331 -13.1404 14.6634 0.7361 -15.3095 14.6169 1.0291
3 16 -15.2043 12.6256 -0.0974 -14.7616 14.2546 0.1523 -13.0585 12.9919 -0.8756
3 16 -13.0585 12.9919 -0.8756 -14.7616 14.2546 0.1523 -13.1864 14.305 -0.3167
3 16 -4.0506 0.3894 16.3626 -5.5381 0.8759 15.8577 -5.4898 -0.6506 16.4405
3 16 13.4624 10.4527 -6.4084 13.3269 9.815 -6.7226 11.5464 10.4763 -5.9318
3 16 11.5464 10.4763 -5.9318 13.3269 9.815 -6.7226 11.4749 9.7747 -6.0681
3 16 13.3269 9.815 -6.7226 13.4624 10.4527 -6.4084 14.4332 10.0694 -5.0161
3 16 14.4332 10.0694 -5.0161 13.4624 10.4527 -6.4084 14.0359 10.9972 -5.1507
3 16 15.2059 10.3208 -2.3114 14.4332 10.0694 -5.0161 14.9713 11.1501 -2.5857
3 16 14.9713 11.1501 -2.5857 14.4332 10.0694 -5.0161 14.0359 10.9972 -5.1507
3 16 11.5464 10.4763 -5.9318 12.0788 11.3838 -4.8978 13.4624 10.4527 -6.4084
3 16 13.4624 10.4527 -6.4084 12.0788 11.3838 -4.8978 14.0359 10.9972 -5.1507
3 16 14.9713 11.1501 -2.5857 14.0359 10.9972 -5.1507 12.8828 11.665 -2.5141
3 16 12.8828 11.665 -2.5141 14.0359 10.9972 -5.1507 12.0788 11.3838 -4.8978
3 16 15.6062 12.0272 -1.5893 15.8925 10.8626 -1.2349 14.9713 11.1501 -2.5857
3 16 14.9713 11.1501 -2.5857 15.8925 10.8626 -1.2349 15.2059 10.3208 -2.3114
3 16 12.8828 11.665 -2.5141 12.8641 12.3248 -1.8334 14.9713 11.1501 -2.5857
3 16 14.9713 11.1501 -2.5857 12.8641 12.3248 -1.8334 15.6062 12.0272 -1.5893
3 16 15.3901 9.743 3.3307 15.1228 9.5771 5.5758 15.2965 7.2911 3.9282
3 16 15.2965 7.2911 3.9282 15.1228 9.5771 5.5758 14.9998 7.6089 5.9144
3 16 15.2965 7.2911 3.9282 15.6049 7.3653 3.2735 15.3901 9.743 3.3307
3 16 15.3901 9.743 3.3307 15.6049 7.3653 3.2735 15.8233 9.8091 2.6813
3 16 15.6049 7.3653 3.2735 15.9732 7.1407 -0.8835 15.8233 9.8091 2.6813
3 16 15.8233 9.8091 2.6813 15.9732 7.1407 -0.8835 16.0308 9.253 -0.8045
3 16 15.3072 9.0721 -2.1248 16.0308 9.253 -0.8045 15.3527 7.7469 -2.0005
3 16 15.3527 7.7469 -2.0005 16.0308 9.253 -0.8045 15.9732 7.1407 -0.8835
3 16 14.6526 8.9481 -4.8024 15.3072 9.0721 -2.1248 14.6806 7.6321 -4.6651
3 16 14.6806 7.6321 -4.6651 15.3072 9.0721 -2.1248 15.3527 7.7469 -2.0005
3 16 14.6806 7.6321 -4.6651 13.2968 7.743 -6.5569 14.6526 8.9481 -4.8024
3 16 14.6526 8.9481 -4.8024 13.2968 7.743 -6.5569 13.3839 8.7974 -6.6887
3 16 11.4876 8.1513 -6.0785 13.3839 8.7974 -6.6887 13.2968 7.743 -6.5569
3 16 14.3802 7.6119 6.8361 14.9998 7.6089 5.9144 14.4281 9.3172 6.5532
3 16 14.4281 9.3172 6.5532 14.9998 7.6089 5.9144 15.1228 9.5771 5.5758
3 16 14.4281 9.3172 6.5532 13.9225 9.1934 8.7631 14.3802 7.6119 6.8361
3 16 14.3802 7.6119 6.8361 13.9225 9.1934 8.7631 13.9566 7.6764 8.5046
3 16 11.624 10.6053 11.1133 12.5508 9.9208 10.3401 13.1114 12.075 10.3126
3 16 13.1114 12.075 10.3126 12.5508 9.9208 10.3401 13.6963 10.5387 9.2823
3 16 12.6998 7.479 10.9391 12.6285 6.1358 10.6515 13.0125 7.5896 9.6441
3 16 13.0125 7.5896 9.6441 12.6285 6.1358 10.6515 13.0995 6.3217 9.2941
3 16 12.5508 9.9208 10.3401 11.624 10.6053 11.1133 12.3804 9.246 11.4387
3 16 12.3804 9.246 11.4387 11.624 10.6053 11.1133 11.7364 9.7146 11.8312
3 16 13.1114 12.075 10.3126 10.9228 12.5514 10.895 11.624 10.6053 11.1133
3 16 11.624 10.6053 11.1133 10.9228 12.5514 10.895 9.9924 11.8512 11.55
3 16 9.6996 14.695 9.1344 10.7899 14.9494 9.4724 10.7235 14.7141 7.8391
3 16 10.7235 14.7141 7.8391 10.7899 14.9494 9.4724 11.6232 14.891 8.2904
3 16 9.9924 11.8512 11.55 10.8614 9.9829 12.1103 11.624 10.6053 11.1133
3 16 11.624 10.6053 11.1133 10.8614 9.9829 12.1103 11.7364 9.7146 11.8312
3 16 8.7357 14.6777 9.9938 9.0559 14.5179 10.7652 9.6996 14.695 9.1344
3 16 9.6996 14.695 9.1344 9.0559 14.5179 10.7652 10.7899 14.9494 9.4724
3 16 9.0303 12.3632 11.7833 10.9228 12.5514 10.895 9.0559 14.5179 10.7652
3 16 9.0559 14.5179 10.7652 10.9228 12.5514 10.895 10.7899 14.9494 9.4724
3 16 9.0303 12.3632 11.7833 9.9924 11.8512 11.55 10.9228 12.5514 10.895
3 16 8.4393 14.9229 12.3764 7.1361 14.8144 13.284 8.311 11.887 13.4078
3 16 8.311 11.887 13.4078 7.1361 14.8144 13.284 7.136 11.2544 14.1899
3 16 5.0186 14.9868 13.9548 4.9901 13.0042 14.5149 7.1361 14.8144 13.284
3 16 7.1361 14.8144 13.284 4.9901 13.0042 14.5149 7.136 11.2544 14.1899
3 16 10.3004 9.0405 14.1923 10.9635 8.7296 12.6117 10.2304 10.4086 13.9654
3 16 10.2304 10.4086 13.9654 10.9635 8.7296 12.6117 10.8614 9.9829 12.1103
3 16 10.9635 8.7296 12.6117 11.4007 8.662 12.4477 10.8614 9.9829 12.1103
3 16 10.8614 9.9829 12.1103 11.4007 8.662 12.4477 11.7364 9.7146 11.8312
3 16 10.1411 7.7885 14.1293 9.8822 6.3423 13.779 10.8335 7.3098 12.8988
3 16 10.8335 7.3098 12.8988 9.8822 6.3423 13.779 10.6067 6.4313 12.9298
3 16 11.4019 7.4022 12.7151 10.8335 7.3098 12.8988 11.178 6.0999 12.7845
3 16 11.178 6.0999 12.7845 10.8335 7.3098 12.8988 10.6067 6.4313 12.9298
3 16 10.1411 7.7885 14.1293 7.7566 7.7311 14.9634 9.8822 6.3423 13.779
3 16 9.8822 6.3423 13.779 7.7566 7.7311 14.9634 7.5574 6.4947 14.7778
3 16 6.8713 9.1464 15.9192 7.8011 9.2175 15.0256 6.2304 11.0823 15.5903
3 16 6.2304 11.0823 15.5903 7.8011 9.2175 15.0256 7.136 11.2544 14.1899
3 16 7.136 11.2544 14.1899 4.9901 13.0042 14.5149 6.2304 11.0823 15.5903
3 16 6.2304 11.0823 15.5903 4.9901 13.0042 14.5149 4.9719 12.2999 15.2332
3 16 7.7566 7.7311 14.9634 6.8828 7.4476 15.7671 7.5574 6.4947 14.7778
3 16 7.5574 6.4947 14.7778 6.8828 7.4476 15.7671 6.4545 6.2614 14.8117
3 16 6.8713 9.1464 15.9192 6.2304 11.0823 15.5903 5.5321 8.8749 16.2327
3 16 5.5321 8.8749 16.2327 6.2304 11.0823 15.5903 4.9719 12.2999 15.2332
3 16 12.6998 7.479 10.9391 11.4019 7.4022 12.7151 12.6285 6.1358 10.6515
3 16 12.6285 6.1358 10.6515 11.4019 7.4022 12.7151 11.178 6.0999 12.7845
3 16 -3.4598 -11.0477 1.5748 -2.2291 -11.3659 2.785 -4.2375 -10.4977 3.4765
3 16 -4.2375 -10.4977 3.4765 -2.2291 -11.3659 2.785 -3.5874 -10.2925 5.0792
3 16 -1.0521 -11.7139 -4.2308 -3.2513 -10.5565 -6.7875 1.5612 -11.9364 -6.294
3 16 1.5612 -11.9364 -6.294 -3.2513 -10.5565 -6.7875 -0.9594 -10.4887 -9.3254
3 16 7.8344 -8.4516 -4.2874 7.0853 -7.9315 -5.6214 8.6642 -6.8824 -3.9061
3 16 8.6642 -6.8824 -3.9061 7.0853 -7.9315 -5.6214 8.1664 -5.1406 -5.6894
3 16 -5.0483 -10.35 -3.1411 -3.0434 -11.2087 -1.7707 -5.9119 -10.0272 -0.1806
3 16 -5.9119 -10.0272 -0.1806 -3.0434 -11.2087 -1.7707 -4.4866 -10.6679 1.1161
3 16 -5.2269 -10.0366 7.456 -5.1998 -9.8909 5.5436 -4.1031 -10.263 7.5368
3 16 -4.1031 -10.263 7.5368 -5.1998 -9.8909 5.5436 -3.5874 -10.2925 5.0792
3 16 -5.4885 -10.0266 3.2442 -4.2375 -10.4977 3.4765 -5.1998 -9.8909 5.5436
3 16 -5.1998 -9.8909 5.5436 -4.2375 -10.4977 3.4765 -3.5874 -10.2925 5.0792
3 16 4.2402 -11.3443 -7.1622 1.5612 -11.9364 -6.294 2.1581 -10.1738 -10.5343
3 16 2.1581 -10.1738 -10.5343 1.5612 -11.9364 -6.294 -0.9594 -10.4887 -9.3254
3 16 -5.9227 -6.4996 13.2014 -4.4243 -7.852 11.295 -2.2634 -6.753 14.0531
3 16 -2.2634 -6.753 14.0531 -4.4243 -7.852 11.295 -1.8163 -8.2967 11.4194
3 16 4.9089 -11.7722 -4.3506 6.8067 -10.1957 -4.4618 5.5523 -11.8464 -1.9288
3 16 5.5523 -11.8464 -1.9288 6.8067 -10.1957 -4.4618 7.3847 -10.3458 -2.143
3 16 6.8067 -10.1957 -4.4618 4.9089 -11.7722 -4.3506 5.9186 -10.1002 -5.666
3 16 5.9186 -10.1002 -5.666 4.9089 -11.7722 -4.3506 4.406 -11.3168 -5.5265
3 16 5.7455 -10.2134 -7.4712 5.9186 -10.1002 -5.666 4.2402 -11.3443 -7.1622
3 16 4.2402 -11.3443 -7.1622 5.9186 -10.1002 -5.666 4.406 -11.3168 -5.5265
3 16 5.7455 -10.2134 -7.4712 4.2402 -11.3443 -7.1622 4.546 -9.1609 -10.3912
3 16 4.546 -9.1609 -10.3912 4.2402 -11.3443 -7.1622 2.1581 -10.1738 -10.5343
3 16 -0.4159 -12.0677 0.9922 -2.2291 -11.3659 2.785 -1.8634 -11.6169 -0.2241
3 16 -1.8634 -11.6169 -0.2241 -2.2291 -11.3659 2.785 -3.4598 -11.0477 1.5748
3 16 -0.8861 -10.5164 3.6199 -2.2291 -11.3659 2.785 0.663 -10.9752 2.378
3 16 0.663 -10.9752 2.378 -2.2291 -11.3659 2.785 -0.4159 -12.0677 0.9922
3 16 -2.7363 -11.3179 -1.0192 -4.4866 -10.6679 1.1161 -3.0434 -11.2087 -1.7707
3 16 -4.4866 -10.6679 1.1161 -2.7363 -11.3179 -1.0192 -3.4598 -11.0477 1.5748
3 16 -3.4598 -11.0477 1.5748 -2.7363 -11.3179 -1.0192 -1.8634 -11.6169 -0.2241
3 16 -4.5143 -8.4542 8.5243 -6.2389 -7.9638 7.9035 -5.2269 -10.0366 7.456
3 16 -5.2269 -10.0366 7.456 -6.2389 -7.9638 7.9035 -6.0085 -9.8026 6.9764
3 16 -5.2269 -10.0366 7.456 -6.0085 -9.8026 6.9764 -5.1998 -9.8909 5.5436
3 16 -5.1998 -9.8909 5.5436 -6.0085 -9.8026 6.9764 -6.3392 -9.6277 5.0402
3 16 -6.3801 -9.6809 2.8733 -5.4885 -10.0266 3.2442 -6.3392 -9.6277 5.0402
3 16 -6.3392 -9.6277 5.0402 -5.4885 -10.0266 3.2442 -5.1998 -9.8909 5.5436
3 16 -5.4885 -10.0266 3.2442 -6.3801 -9.6809 2.8733 -4.4866 -10.6679 1.1161
3 16 -4.4866 -10.6679 1.1161 -6.3801 -9.6809 2.8733 -5.9119 -10.0272 -0.1806
3 16 -5.4885 -10.0266 3.2442 -4.4866 -10.6679 1.1161 -4.2375 -10.4977 3.4765
3 16 -4.2375 -10.4977 3.4765 -4.4866 -10.6679 1.1161 -3.4598 -11.0477 1.5748
3 16 -4.4243 -7.852 11.295 -5.9227 -6.4996 13.2014 -6.5838 -7.3415 10.971
3 16 -4.4243 -7.852 11.295 -6.5838 -7.3415 10.971 -4.5143 -8.4542 8.5243
3 16 -4.5143 -8.4542 8.5243 -6.5838 -7.3415 10.971 -6.2389 -7.9638 7.9035
3 16 -4.5143 -8.4542 8.5243 -2.8697 -9.0408 8.0545 -4.4243 -7.852 11.295
3 16 -4.4243 -7.852 11.295 -2.8697 -9.0408 8.0545 -1.8163 -8.2967 11.4194
3 16 2.4336 -9.9069 9.0097 3.7684 -8.3093 9.0196 2.035 -9.0521 11.5645
3 16 2.035 -9.0521 11.5645 3.7684 -8.3093 9.0196 3.3982 -7.6162 11.5161
3 16 -0.8995 -10.3112 6.6724 2.4336 -9.9069 9.0097 -1.2684 -9.5428 9.4425
3 16 -1.2684 -9.5428 9.4425 2.4336 -9.9069 9.0097 2.035 -9.0521 11.5645
3 16 -2.3199 -9.3707 5.827 -0.8995 -10.3112 6.6724 -2.8697 -9.0408 8.0545
3 16 -2.8697 -9.0408 8.0545 -0.8995 -10.3112 6.6724 -1.2684 -9.5428 9.4425
3 16 0.0277 -0.264 17.485 -1.6429 -0.363 16.7619 1.4749 -2.5651 17.1611
3 16 1.4749 -2.5651 17.1611 -1.6429 -0.363 16.7619 -1.3141 -3.7492 16.3275
3 16 1.8101 -7.7824 13.6639 0.5365 -8.1291 12.9402 2.3467 -8.0058 13.3967
3 16 2.3467 -8.0058 13.3967 0.5365 -8.1291 12.9402 -0.7367 -8.8458 11.3286
3 16 2.3467 -8.0058 13.3967 -0.7367 -8.8458 11.3286 2.035 -9.0521 11.5645
3 16 2.035 -9.0521 11.5645 -0.7367 -8.8458 11.3286 -1.2684 -9.5428 9.4425
3 16 7.2304 16.4343 12.7041 6.1532 17.1194 11.5673 5.0037 16.4076 13.3958
3 16 5.0037 16.4076 13.3958 6.1532 17.1194 11.5673 5.1559 17.1311 12.0243
3 16 6.1532 17.1194 11.5673 7.2304 16.4343 12.7041 7.2632 17.0261 10.8927
3 16 7.2632 17.0261 10.8927 7.2304 16.4343 12.7041 7.9803 16.0337 12.3412
3 16 -2.9377 -0.5706 -18.0851 -2.2028 1.2267 -17.7307 -0.9152 -0.6827 -18.7494
3 16 -0.9152 -0.6827 -18.7494 -2.2028 1.2267 -17.7307 -0.0203 1.1301 -18.2373
3 16 -3.1815 -1.7116 -17.3455 -2.9377 -0.5706 -18.0851 -1.7569 -2.0948 -17.6104
3 16 -1.7569 -2.0948 -17.6104 -2.9377 -0.5706 -18.0851 -0.9152 -0.6827 -18.7494
3 16 -12.759 6.4451 10.0159 -13.0007 7.6791 10.1266 -13.9667 6.4454 9.4489
3 16 -13.9667 6.4454 9.4489 -13.0007 7.6791 10.1266 -14.1072 7.9177 9.5566
3 16 13.9566 7.6764 8.5046 13.9259 6.1786 8.3885 14.3802 7.6119 6.8361
3 16 14.3802 7.6119 6.8361 13.9259 6.1786 8.3885 14.3359 6.1606 6.9643
3 16 14.9998 7.6089 5.9144 14.3802 7.6119 6.8361 14.8647 6.1742 6.0448
3 16 14.8647 6.1742 6.0448 14.3802 7.6119 6.8361 14.3359 6.1606 6.9643
3 16 14.9998 7.6089 5.9144 14.8647 6.1742 6.0448 15.2965 7.2911 3.9282
3 16 15.2965 7.2911 3.9282 14.8647 6.1742 6.0448 14.9952 6.0141 3.9852
3 16 15.6049 7.3653 3.2735 15.2965 7.2911 3.9282 15.4421 6.1121 3.3156
3 16 15.4421 6.1121 3.3156 15.2965 7.2911 3.9282 14.9952 6.0141 3.9852
3 16 15.9732 7.1407 -0.8835 15.6049 7.3653 3.2735 15.9509 6.3412 -0.9313
3 16 15.9509 6.3412 -0.9313 15.6049 7.3653 3.2735 15.4421 6.1121 3.3156
3 16 15.3527 7.7469 -2.0005 15.9732 7.1407 -0.8835 15.3641 6.34 -2.0606
3 16 15.3641 6.34 -2.0606 15.9732 7.1407 -0.8835 15.9509 6.3412 -0.9313
3 16 14.6806 7.6321 -4.6651 15.3527 7.7469 -2.0005 14.6341 6.3082 -4.5156
3 16 14.6341 6.3082 -4.5156 15.3527 7.7469 -2.0005 15.3641 6.34 -2.0606
3 16 12.859 6.5391 -6.5958 13.2968 7.743 -6.5569 14.6341 6.3082 -4.5156
3 16 14.6341 6.3082 -4.5156 13.2968 7.743 -6.5569 14.6806 7.6321 -4.6651
3 16 12.8117 8.9067 10.0024 12.6213 8.2832 11.1446 13.0125 7.5896 9.6441
3 16 13.0125 7.5896 9.6441 12.6213 8.2832 11.1446 12.6998 7.479 10.9391
3 16 11.4007 8.662 12.4477 11.4019 7.4022 12.7151 12.6213 8.2832 11.1446
3 16 12.6213 8.2832 11.1446 11.4019 7.4022 12.7151 12.6998 7.479 10.9391
3 16 10.8335 7.3098 12.8988 11.4019 7.4022 12.7151 10.9635 8.7296 12.6117
3 16 10.9635 8.7296 12.6117 11.4019 7.4022 12.7151 11.4007 8.662 12.4477
3 16 10.3004 9.0405 14.1923 10.1411 7.7885 14.1293 10.9635 8.7296 12.6117
3 16 10.9635 8.7296 12.6117 10.1411 7.7885 14.1293 10.8335 7.3098 12.8988
3 16 7.7566 7.7311 14.9634 10.1411 7.7885 14.1293 7.8011 9.2175 15.0256
3 16 7.8011 9.2175 15.0256 10.1411 7.7885 14.1293 10.3004 9.0405 14.1923
3 16 6.8828 7.4476 15.7671 7.7566 7.7311 14.9634 6.8713 9.1464 15.9192
3 16 6.8713 9.1464 15.9192 7.7566 7.7311 14.9634 7.8011 9.2175 15.0256
3 16 12.8117 8.9067 10.0024 13.0125 7.5896 9.6441 13.9225 9.1934 8.7631
3 16 13.9225 9.1934 8.7631 13.0125 7.5896 9.6441 13.9566 7.6764 8.5046
3 16 13.0125 7.5896 9.6441 13.0995 6.3217 9.2941 13.9566 7.6764 8.5046
3 16 13.9566 7.6764 8.5046 13.0995 6.3217 9.2941 13.9259 6.1786 8.3885
3 16 5.5031 7.4755 15.9894 5.4861 6.6541 15.8466 6.8828 7.4476 15.7671
3 16 6.8828 7.4476 15.7671 5.4861 6.6541 15.8466 6.4545 6.2614 14.8117
3 16 10.7235 14.7141 7.8391 11.6232 14.891 8.2904 11.0042 13.3645 7.0333
3 16 11.0042 13.3645 7.0333 11.6232 14.891 8.2904 12.4626 13.615 7.2559
3 16 -9.2 -7.8869 -6.6065 -7.2139 -8.0325 -9.0541 -7.3174 -9.1048 -5.382
3 16 -7.3174 -9.1048 -5.382 -7.2139 -8.0325 -9.0541 -4.8536 -9.1618 -8.1459
3 16 -7.5904 -5.7841 -10.9857 -5.2362 -7.9015 -12.4386 -5.2517 -7.4452 -10.8702
3 16 -2.7363 -11.3179 -1.0192 -0.2916 -11.7645 -3.0266 -1.8634 -11.6169 -0.2241
3 16 -1.8634 -11.6169 -0.2241 -0.2916 -11.7645 -3.0266 0.5239 -12.2225 -2.1947
3 16 -1.0521 -11.7139 -4.2308 -0.2916 -11.7645 -3.0266 -3.0434 -11.2087 -1.7707
3 16 -3.0434 -11.2087 -1.7707 -0.2916 -11.7645 -3.0266 -2.7363 -11.3179 -1.0192
3 16 -3.2513 -10.5565 -6.7875 -1.0521 -11.7139 -4.2308 -5.0483 -10.35 -3.1411
3 16 -5.0483 -10.35 -3.1411 -1.0521 -11.7139 -4.2308 -3.0434 -11.2087 -1.7707
3 16 -3.8551 -8.9392 -7.4055 -3.2513 -10.5565 -6.7875 -5.8162 -8.3523 -4.1517
3 16 -5.8162 -8.3523 -4.1517 -3.2513 -10.5565 -6.7875 -5.0483 -10.35 -3.1411
3 16 -4.8536 -9.1618 -8.1459 -3.8551 -8.9392 -7.4055 -7.3174 -9.1048 -5.382
3 16 -7.3174 -9.1048 -5.382 -3.8551 -8.9392 -7.4055 -5.8162 -8.3523 -4.1517
3 16 2.4336 -9.9069 9.0097 -0.8995 -10.3112 6.6724 3.6986 -10.1547 6.2668
3 16 3.6986 -10.1547 6.2668 -0.8995 -10.3112 6.6724 0.52 -10.8602 4.1193
3 16 -2.3199 -9.3707 5.827 -0.8861 -10.5164 3.6199 -0.8995 -10.3112 6.6724
3 16 -0.8995 -10.3112 6.6724 -0.8861 -10.5164 3.6199 0.52 -10.8602 4.1193
3 16 1.679 -11.0279 2.7584 0.52 -10.8602 4.1193 0.663 -10.9752 2.378
3 16 0.663 -10.9752 2.378 0.52 -10.8602 4.1193 -0.8861 -10.5164 3.6199
3 16 0.52 -10.8602 4.1193 1.679 -11.0279 2.7584 3.6986 -10.1547 6.2668
3 16 3.6986 -10.1547 6.2668 1.679 -11.0279 2.7584 5.2706 -9.9275 3.7726
3 16 1.679 -11.0279 2.7584 0.663 -10.9752 2.378 3.2384 -11.0058 1.0318
3 16 -2.5575 -5.4451 15.543 -5.5715 -5.0053 14.5659 -2.2634 -6.753 14.0531
3 16 -2.2634 -6.753 14.0531 -5.5715 -5.0053 14.5659 -5.9227 -6.4996 13.2014
3 16 -2.5575 -5.4451 15.543 -2.2634 -6.753 14.0531 -0.9442 -5.1608 15.2298
3 16 -0.9442 -5.1608 15.2298 -2.2634 -6.753 14.0531 -0.815 -6.1533 13.857
3 16 -0.9442 -5.1608 15.2298 -0.815 -6.1533 13.857 0.9913 -5.3731 15.1616
3 16 0.9913 -5.3731 15.1616 -0.815 -6.1533 13.857 -0.5364 -6.9173 12.616
3 16 3.0304 -5.5561 14.9408 0.9913 -5.3731 15.1616 2.4966 -6.5008 13.8914
3 16 2.4966 -6.5008 13.8914 0.9913 -5.3731 15.1616 -0.5364 -6.9173 12.616
3 16 4.0711 -5.4093 14.3398 3.0304 -5.5561 14.9408 3.4915 -6.297 13.5734
3 16 3.4915 -6.297 13.5734 3.0304 -5.5561 14.9408 2.4966 -6.5008 13.8914
3 16 4.0711 -5.4093 14.3398 3.4915 -6.297 13.5734 7.6211 -5.0157 14.0759
3 16 7.6211 -5.0157 14.0759 3.4915 -6.297 13.5734 8.2815 -6.9447 11.255
3 16 9.8674 -5.4507 10.7188 9.0767 -4.2035 13.1519 8.2815 -6.9447 11.255
3 16 8.2815 -6.9447 11.255 9.0767 -4.2035 13.1519 7.6211 -5.0157 14.0759
3 16 9.0767 -4.2035 13.1519 9.8674 -5.4507 10.7188 13.1027 -1.7665 11.9255
3 16 13.1027 -1.7665 11.9255 9.8674 -5.4507 10.7188 13.5432 -3.0322 9.965
3 16 13.9389 -1.0457 8.3151 13.1027 -1.7665 11.9255 13.5432 -3.0322 9.965
3 16 15.121 -3.106 1.2844 15.5185 -1.6001 1.027 15.0359 -2.5588 3.5259
3 16 8.6642 -6.8824 -3.9061 9.1277 -7.7684 -1.7284 7.8344 -8.4516 -4.2874
3 16 7.8344 -8.4516 -4.2874 9.1277 -7.7684 -1.7284 8.2595 -9.0318 -1.9316
3 16 5.5523 -11.8464 -1.9288 7.3847 -10.3458 -2.143 6.3651 -9.8991 0.1594
3 16 6.3651 -9.8991 0.1594 7.3847 -10.3458 -2.143 8.0704 -8.6789 -0.2813
3 16 8.0704 -8.6789 -0.2813 7.1063 -8.9807 1.5569 6.3651 -9.8991 0.1594
3 16 8.6642 -6.8824 -3.9061 8.1664 -5.1406 -5.6894 10.1744 -6.6086 -4.8256
3 16 10.1744 -6.6086 -4.8256 8.1664 -5.1406 -5.6894 10.3231 -5.2249 -5.8843
3 16 12.0803 -7.9853 -0.5147 9.1277 -7.7684 -1.7284 10.1744 -6.6086 -4.8256
3 16 10.1744 -6.6086 -4.8256 9.1277 -7.7684 -1.7284 8.6642 -6.8824 -3.9061
3 16 11.09 -5.2853 2.3859 10.0762 -6.3215 1.813 11.8057 -6.9771 1.385
3 16 11.8057 -6.9771 1.385 10.0762 -6.3215 1.813 9.3402 -7.1693 0.4521
3 16 7.7794 -7.5621 2.8162 7.1063 -8.9807 1.5569 9.3402 -7.1693 0.4521
3 16 9.3402 -7.1693 0.4521 7.1063 -8.9807 1.5569 8.0704 -8.6789 -0.2813
3 16 10.4555 -6.0994 6.9874 9.2141 -7.6352 6.4052 10.6465 -5.8618 4.5867
3 16 10.6465 -5.8618 4.5867 9.2141 -7.6352 6.4052 9.5884 -7.0453 3.8362
3 16 13.5432 -3.0322 9.965 9.8674 -5.4507 10.7188 13.4005 -4.4774 7.17
3 16 13.4005 -4.4774 7.17 9.8674 -5.4507 10.7188 10.4555 -6.0994 6.9874
3 16 14.2021 -2.824 6.2848 13.9389 -1.0457 8.3151 13.4005 -4.4774 7.17
3 16 13.4005 -4.4774 7.17 13.9389 -1.0457 8.3151 13.5432 -3.0322 9.965
3 16 9.8674 -5.4507 10.7188 8.2815 -6.9447 11.255 10.4555 -6.0994 6.9874
3 16 10.4555 -6.0994 6.9874 8.2815 -6.9447 11.255 9.2141 -7.6352 6.4052
3 16 13.9389 -1.0457 8.3151 14.2021 -2.824 6.2848 14.1544 -0.5493 7.7333
3 16 14.1544 -0.5493 7.7333 14.2021 -2.824 6.2848 14.8245 -1.6211 5.4887
3 16 4.6158 -8.5141 7.1212 8.2815 -6.9447 11.255 3.7684 -8.3093 9.0196
3 16 3.4915 -6.297 13.5734 3.3982 -7.6162 11.5161 8.2815 -6.9447 11.255
3 16 8.2815 -6.9447 11.255 3.3982 -7.6162 11.5161 3.7684 -8.3093 9.0196
3 16 12.0871 -4.6057 2.5307 11.09 -5.2853 2.3859 13.4202 -5.9534 1.7457
3 16 13.4202 -5.9534 1.7457 11.09 -5.2853 2.3859 11.8057 -6.9771 1.385
3 16 14.2541 -4.2589 -5.4757 15.8471 -3.2412 -5.0399 15.3309 -5.5929 -3.859
3 16 15.3309 -5.5929 -3.859 15.8471 -3.2412 -5.0399 16.485 -4.4444 -3.8265
3 16 16.485 -4.4444 -3.8265 16.9151 -4.3467 -1.4807 15.3309 -5.5929 -3.859
3 16 15.3309 -5.5929 -3.859 16.9151 -4.3467 -1.4807 15.6971 -5.8656 -0.9984
3 16 15.0327 -4.7665 1.092 15.6971 -5.8656 -0.9984 16.3199 -3.5135 0.0423
3 16 16.3199 -3.5135 0.0423 15.6971 -5.8656 -0.9984 16.9151 -4.3467 -1.4807
3 16 15.121 -3.106 1.2844 12.0871 -4.6057 2.5307 15.0327 -4.7665 1.092
3 16 15.0327 -4.7665 1.092 12.0871 -4.6057 2.5307 13.4202 -5.9534 1.7457
3 16 15.5185 -1.6001 1.027 15.121 -3.106 1.2844 16.3199 -3.5135 0.0423
3 16 16.3199 -3.5135 0.0423 15.121 -3.106 1.2844 15.0327 -4.7665 1.092
3 16 -5.4482 -0.67 -16.9772 -8.0058 0.776 -15.6322 -5.138 1.2085 -16.5112
3 16 -5.138 1.2085 -16.5112 -8.0058 0.776 -15.6322 -7.6186 1.3534 -15.6016
3 16 -8.9016 -0.3884 -11.9157 -8.487 1.793 -12.8086 -8.0818 -0.0749 -15.6747
3 16 -8.0818 -0.0749 -15.6747 -8.487 1.793 -12.8086 -8.0058 0.776 -15.6322
3 16 -16.1432 -0.5952 -2.1984 -14.4252 -1.2094 -5.2976 -14.2948 -3.1582 -3.3579
3 16 -14.2948 -3.1582 -3.3579 -14.4252 -1.2094 -5.2976 -13.523 -3.0333 -4.6666
3 16 -13.523 -3.0333 -4.6666 -14.4252 -1.2094 -5.2976 -12.9374 -2.7112 -6.0033
3 16 -12.9374 -2.7112 -6.0033 -14.4252 -1.2094 -5.2976 -12.7022 -1.9739 -7.3479
3 16 -12.7022 -1.9739 -7.3479 -12.6929 -2.5138 -7.6096 -12.9374 -2.7112 -6.0033
3 16 -12.9374 -2.7112 -6.0033 -12.6929 -2.5138 -7.6096 -12.8387 -3.2986 -5.8317
3 16 -13.5339 -3.6576 -4.939 -13.523 -3.0333 -4.6666 -12.8387 -3.2986 -5.8317
3 16 -12.8387 -3.2986 -5.8317 -13.523 -3.0333 -4.6666 -12.9374 -2.7112 -6.0033
3 16 -14.1903 -6.7876 -2.9158 -12.4439 -6.6231 -3.7114 -13.2404 -7.294 -1.4519
3 16 -13.2404 -7.294 -1.4519 -12.4439 -6.6231 -3.7114 -10.8161 -7.4357 -2.494
3 16 -13.5339 -3.6576 -4.939 -13.2678 -5.5843 -4.8687 -14.699 -3.9851 -3.6808
3 16 -14.699 -3.9851 -3.6808 -13.2678 -5.5843 -4.8687 -14.7802 -5.8784 -3.8954
3 16 -17.1441 -5.4008 -2.0775 -14.699 -3.9851 -3.6808 -16.1143 -6.3963 -2.9341
3 16 -16.1143 -6.3963 -2.9341 -14.699 -3.9851 -3.6808 -14.7802 -5.8784 -3.8954
3 16 -16.6438 -6.5467 0.0834 -16.0278 -7.214 -0.2965 -14.1958 -5.7685 1.0583
3 16 -14.1958 -5.7685 1.0583 -16.0278 -7.214 -0.2965 -11.4989 -6.4946 -0.5856
3 16 -15.6392 -7.6426 -0.9171 -13.2404 -7.294 -1.4519 -16.0278 -7.214 -0.2965
3 16 -16.0278 -7.214 -0.2965 -13.2404 -7.294 -1.4519 -11.4989 -6.4946 -0.5856
3 16 -13.2404 -7.294 -1.4519 -10.8161 -7.4357 -2.494 -11.4989 -6.4946 -0.5856
3 16 -11.4989 -6.4946 -0.5856 -10.8161 -7.4357 -2.494 -9.0156 -7.415 -2.0404
3 16 -12.6828 -1.1144 9.3771 -12.7642 -3.2103 8.5941 -11.9674 -1.8387 10.7686
3 16 -11.9674 -1.8387 10.7686 -12.7642 -3.2103 8.5941 -11.8928 -3.6626 10.0047
3 16 -7.5331 -7.9708 -3.1222 -10.3725 -7.7925 1.2777 -9.0156 -7.415 -2.0404
3 16 -9.0156 -7.415 -2.0404 -10.3725 -7.7925 1.2777 -11.0803 -6.7694 0.8875
3 16 -12.5743 0.6352 9.4905 -12.6828 -1.1144 9.3771 -12.1001 0.8708 10.5698
3 16 -12.1001 0.8708 10.5698 -12.6828 -1.1144 9.3771 -11.9674 -1.8387 10.7686
3 16 -14.6819 -4.7643 2.9273 -14.1958 -5.7685 1.0583 -13.5623 -5.2766 3.4725
3 16 -13.5623 -5.2766 3.4725 -14.1958 -5.7685 1.0583 -11.4989 -6.4946 -0.5856
3 16 -3.5719 -2.9779 16.6426 -1.6429 -0.363 16.7619 -5.4898 -0.6506 16.4405
3 16 -5.4898 -0.6506 16.4405 -1.6429 -0.363 16.7619 -4.0506 0.3894 16.3626
3 16 -1.6429 -0.363 16.7619 -2.3016 0.4058 16.6761 -4.0506 0.3894 16.3626
3 16 -1.3141 -3.7492 16.3275 -1.6429 -0.363 16.7619 -3.5719 -2.9779 16.6426
3 16 -9.5576 -3.4195 13.2938 -7.9684 -3.6778 14.2252 -9.4069 -1.6434 14.9517
3 16 -9.4069 -1.6434 14.9517 -7.9684 -3.6778 14.2252 -8.1696 -1.9608 15.2562
3 16 -10.4083 -1.5145 11.5878 -9.8257 -3.7743 10.681 -9.5576 -3.4195 13.2938
3 16 -9.5576 -3.4195 13.2938 -9.4069 -1.6434 14.9517 -10.4083 -1.5145 11.5878
3 16 -10.4083 -1.5145 11.5878 -9.4069 -1.6434 14.9517 -10.2828 1.2072 12.6833
3 16 -7.9684 -3.6778 14.2252 -9.5576 -3.4195 13.2938 -9.0268 -4.0541 10.924
3 16 -9.0268 -4.0541 10.924 -9.5576 -3.4195 13.2938 -9.8257 -3.7743 10.681
3 16 -7.6567 -4.2457 11.169 -5.5715 -5.0053 14.5659 -6.1409 -3.8629 14.5226
3 16 -6.1409 -3.8629 14.5226 -5.5715 -5.0053 14.5659 -5.8762 -3.1852 15.2638
3 16 -7.6567 -4.2457 11.169 -5.9227 -6.4996 13.2014 -5.5715 -5.0053 14.5659
3 16 -6.1409 -3.8629 14.5226 -7.9684 -3.6778 14.2252 -7.6567 -4.2457 11.169
3 16 -7.6567 -4.2457 11.169 -7.9684 -3.6778 14.2252 -9.0268 -4.0541 10.924
3 16 -8.1696 -1.9608 15.2562 -7.9684 -3.6778 14.2252 -6.9173 -1.2928 15.3401
3 16 -6.9173 -1.2928 15.3401 -7.9684 -3.6778 14.2252 -6.1409 -3.8629 14.5226
3 16 -7.3802 1.0899 14.7245 -8.1696 -1.9608 15.2562 -6.9173 -1.2928 15.3401
3 16 -7.6567 -4.2457 11.169 -9.0268 -4.0541 10.924 -7.7355 -6.4417 9.1562
3 16 -7.7355 -6.4417 9.1562 -9.0268 -4.0541 10.924 -9.5537 -6.9211 8.344
3 16 -9.0268 -4.0541 10.924 -9.8257 -3.7743 10.681 -9.5537 -6.9211 8.344
3 16 -9.5537 -6.9211 8.344 -9.8257 -3.7743 10.681 -12.1719 -5.7427 7.9405
3 16 16.0647 0.0594 0.5472 15.247 0.0673 2.8624 15.5185 -1.6001 1.027
3 16 15.5185 -1.6001 1.027 15.247 0.0673 2.8624 15.0359 -2.5588 3.5259
3 16 19.169 -1.2403 -0.806 16.0647 0.0594 0.5472 15.5185 -1.6001 1.027
3 16 17.2998 -0.85 -4.5319 18.6851 -1.3135 -4.0191 16.9904 -1.4503 -4.9622
3 16 11.952 -2.9242 -10.55 13.0329 -3.3679 -9.6324 10.7022 -4.086 -9.6497
3 16 10.7022 -4.086 -9.6497 13.0329 -3.3679 -9.6324 11.3323 -4.5317 -8.8187
3 16 11.3466 -3.2619 -11.762 11.952 -2.9242 -10.55 10.1754 -4.2884 -10.6795
3 16 10.1754 -4.2884 -10.6795 11.952 -2.9242 -10.55 10.7022 -4.086 -9.6497
3 16 10.1754 -4.2884 -10.6795 8.7639 -4.0517 -12.2577 11.3466 -3.2619 -11.762
3 16 11.3466 -3.2619 -11.762 8.7639 -4.0517 -12.2577 8.9762 -3.2793 -13.1823
3 16 8.9762 -3.2793 -13.1823 8.7639 -4.0517 -12.2577 8.613 -2.3113 -13.8756
3 16 8.613 -2.3113 -13.8756 8.7639 -4.0517 -12.2577 6.6299 -2.7898 -14.0573
3 16 1.536 -9.389 -12.4781 1.6935 -9.2504 -11.12 -1.6036 -9.4306 -13.0992
3 16 -1.6036 -9.4306 -13.0992 1.6935 -9.2504 -11.12 -1.7527 -8.0371 -10.1384
3 16 -1.7527 -8.0371 -10.1384 -0.9594 -10.4887 -9.3254 -3.8551 -8.9392 -7.4055
3 16 -3.8551 -8.9392 -7.4055 -0.9594 -10.4887 -9.3254 -3.2513 -10.5565 -6.7875
3 16 -4.8536 -9.1618 -8.1459 -2.7349 -7.935 -10.6316 -3.8551 -8.9392 -7.4055
3 16 -3.8551 -8.9392 -7.4055 -2.7349 -7.935 -10.6316 -1.7527 -8.0371 -10.1384
3 16 -1.8634 -11.6169 -0.2241 0.5239 -12.2225 -2.1947 -0.4159 -12.0677 0.9922
3 16 -0.4159 -12.0677 0.9922 0.5239 -12.2225 -2.1947 2.1338 -12.553 -0.6391
3 16 -15.1118 -2.1342 5.3554 -15.7051 -0.9357 2.4121 -14.9163 -3.6009 4.5052
3 16 -14.9163 -3.6009 4.5052 -15.7051 -0.9357 2.4121 -15.7933 -1.9995 1.8542
3 16 -14.9163 -3.6009 4.5052 -15.7933 -1.9995 1.8542 -14.6819 -4.7643 2.9273
3 16 -14.6819 -4.7643 2.9273 -15.7933 -1.9995 1.8542 -15.7749 -2.778 1.1885
3 16 -15.6623 -3.5011 0.0539 -15.2465 -4.5271 1.067 -15.7749 -2.778 1.1885
3 16 -15.7749 -2.778 1.1885 -15.2465 -4.5271 1.067 -14.6819 -4.7643 2.9273
3 16 -17.117 -5.8096 0.1276 -15.2465 -4.5271 1.067 -17.3897 -5.3104 -0.3696
3 16 -17.3897 -5.3104 -0.3696 -15.2465 -4.5271 1.067 -15.6623 -3.5011 0.0539
3 16 -16.5652 -6.8046 -0.944 -17.117 -5.8096 0.1276 -16.901 -6.289 -1.4796
3 16 -16.901 -6.289 -1.4796 -17.117 -5.8096 0.1276 -17.3897 -5.3104 -0.3696
3 16 -16.5652 -6.8046 -0.944 -16.901 -6.289 -1.4796 -15.8372 -7.1658 -2.2019
3 16 -15.8372 -7.1658 -2.2019 -16.901 -6.289 -1.4796 -16.1143 -6.3963 -2.9341
3 16 -15.8372 -7.1658 -2.2019 -16.1143 -6.3963 -2.9341 -14.1903 -6.7876 -2.9158
3 16 -14.1903 -6.7876 -2.9158 -16.1143 -6.3963 -2.9341 -14.7802 -5.8784 -3.8954
3 16 -14.1903 -6.7876 -2.9158 -14.7802 -5.8784 -3.8954 -12.4439 -6.6231 -3.7114
3 16 -12.4439 -6.6231 -3.7114 -14.7802 -5.8784 -3.8954 -13.2678 -5.5843 -4.8687
3 16 -10.6694 -7.2641 -5.0574 -12.4439 -6.6231 -3.7114 -11.9485 -5.9212 -5.9975
3 16 -11.9485 -5.9212 -5.9975 -12.4439 -6.6231 -3.7114 -13.2678 -5.5843 -4.8687
3 16 -9.2 -7.8869 -6.6065 -10.6694 -7.2641 -5.0574 -10.6481 -6.4088 -7.6088
3 16 -10.6481 -6.4088 -7.6088 -10.6694 -7.2641 -5.0574 -11.9485 -5.9212 -5.9975
3 16 -7.2139 -8.0325 -9.0541 -9.2 -7.8869 -6.6065 -9.0711 -6.3517 -9.5974
3 16 -9.0711 -6.3517 -9.5974 -9.2 -7.8869 -6.6065 -10.6481 -6.4088 -7.6088
3 16 -5.2517 -7.4452 -10.8702 -7.2139 -8.0325 -9.0541 -7.5904 -5.7841 -10.9857
3 16 -7.5904 -5.7841 -10.9857 -7.2139 -8.0325 -9.0541 -9.0711 -6.3517 -9.5974
3 16 -7.2139 -8.0325 -9.0541 -5.2517 -7.4452 -10.8702 -4.8536 -9.1618 -8.1459
3 16 -4.8536 -9.1618 -8.1459 -5.2517 -7.4452 -10.8702 -2.7349 -7.935 -10.6316
3 16 4.0365 -12.4223 -1.5394 5.5523 -11.8464 -1.9288 5.0611 -10.478 0.5458
3 16 5.0611 -10.478 0.5458 5.5523 -11.8464 -1.9288 6.3651 -9.8991 0.1594
3 16 0.5239 -12.2225 -2.1947 2.8959 -12.3312 -3.9039 2.1338 -12.553 -0.6391
3 16 2.1338 -12.553 -0.6391 2.8959 -12.3312 -3.9039 4.0365 -12.4223 -1.5394
3 16 5.5523 -11.8464 -1.9288 4.0365 -12.4223 -1.5394 4.9089 -11.7722 -4.3506
3 16 4.9089 -11.7722 -4.3506 4.0365 -12.4223 -1.5394 2.8959 -12.3312 -3.9039
3 16 5.2706 -9.9275 3.7726 5.0611 -10.478 0.5458 7.1063 -8.9807 1.5569
3 16 7.1063 -8.9807 1.5569 5.0611 -10.478 0.5458 6.3651 -9.8991 0.1594
3 16 1.679 -11.0279 2.7584 3.2384 -11.0058 1.0318 5.2706 -9.9275 3.7726
3 16 5.2706 -9.9275 3.7726 3.2384 -11.0058 1.0318 5.0611 -10.478 0.5458
3 16 4.546 -9.1609 -10.3912 2.1581 -10.1738 -10.5343 4.1544 -8.3 -10.9421
3 16 4.1544 -8.3 -10.9421 2.1581 -10.1738 -10.5343 1.6935 -9.2504 -11.12
3 16 -1.7527 -8.0371 -10.1384 1.6935 -9.2504 -11.12 -0.9594 -10.4887 -9.3254
3 16 -0.9594 -10.4887 -9.3254 1.6935 -9.2504 -11.12 2.1581 -10.1738 -10.5343
3 16 4.546 -9.1609 -10.3912 6.6874 -7.496 -9.1451 5.7455 -10.2134 -7.4712
3 16 5.7455 -10.2134 -7.4712 6.6874 -7.496 -9.1451 7.1501 -8.0487 -7.3833
3 16 8.2595 -9.0318 -1.9316 7.3847 -10.3458 -2.143 7.8344 -8.4516 -4.2874
3 16 7.8344 -8.4516 -4.2874 7.3847 -10.3458 -2.143 6.8067 -10.1957 -4.4618
3 16 7.8344 -8.4516 -4.2874 6.8067 -10.1957 -4.4618 7.0853 -7.9315 -5.6214
3 16 7.0853 -7.9315 -5.6214 6.8067 -10.1957 -4.4618 5.9186 -10.1002 -5.666
3 16 7.0853 -7.9315 -5.6214 5.9186 -10.1002 -5.666 7.1501 -8.0487 -7.3833
3 16 7.1501 -8.0487 -7.3833 5.9186 -10.1002 -5.666 5.7455 -10.2134 -7.4712
3 16 5.551 -6.3943 -11.4429 6.845 -5.0447 -10.1689 5.9614 -6.7833 -9.9252
3 16 5.9614 -6.7833 -9.9252 6.845 -5.0447 -10.1689 7.7346 -5.0703 -8.4898
3 16 1.5053 -8.2642 -14.5818 1.5415 -6.6272 -14.7583 3.9482 -7.3907 -13.1641
3 16 3.9482 -7.3907 -13.1641 1.5415 -6.6272 -14.7583 3.7197 -6.2663 -13.8525
3 16 8.2743 -0.2864 -14.3062 8.613 -2.3113 -13.8756 6.383 -0.8396 -14.4238
3 16 6.383 -0.8396 -14.4238 8.613 -2.3113 -13.8756 6.6299 -2.7898 -14.0573
3 16 5.8017 0.5295 -14.0775 6.9645 1.6331 -13.8253 6.383 -0.8396 -14.4238
3 16 6.383 -0.8396 -14.4238 6.9645 1.6331 -13.8253 8.2743 -0.2864 -14.3062
3 16 5.7562 -2.159 -16.0942 6.383 -0.8396 -14.4238 6.2439 -2.7677 -14.8355
3 16 6.2439 -2.7677 -14.8355 6.383 -0.8396 -14.4238 6.6299 -2.7898 -14.0573
3 16 -6.7203 -1.6398 -16.1256 -7.4659 -1.8121 -14.4774 -8.0818 -0.0749 -15.6747
3 16 -8.0818 -0.0749 -15.6747 -7.4659 -1.8121 -14.4774 -8.0045 -1.4166 -12.6137
3 16 -14.2948 -3.1582 -3.3579 -13.523 -3.0333 -4.6666 -14.699 -3.9851 -3.6808
3 16 -14.699 -3.9851 -3.6808 -13.523 -3.0333 -4.6666 -13.5339 -3.6576 -4.939
3 16 -17.1441 -5.4008 -2.0775 -15.299 -3.5381 -1.8507 -14.699 -3.9851 -3.6808
3 16 -14.699 -3.9851 -3.6808 -15.299 -3.5381 -1.8507 -14.2948 -3.1582 -3.3579
3 16 -12.557 -6.065 4.3121 -11.0803 -6.7694 0.8875 -11.7174 -7.3532 4.5066
3 16 -11.7174 -7.3532 4.5066 -11.0803 -6.7694 0.8875 -10.3725 -7.7925 1.2777
3 16 -11.4989 -6.4946 -0.5856 -11.0803 -6.7694 0.8875 -13.5623 -5.2766 3.4725
3 16 -13.5623 -5.2766 3.4725 -11.0803 -6.7694 0.8875 -12.557 -6.065 4.3121
3 16 -11.4989 -6.4946 -0.5856 -9.0156 -7.415 -2.0404 -11.0803 -6.7694 0.8875
3 16 9.9924 11.8512 11.55 9.7214 11.4105 13.8246 10.8614 9.9829 12.1103
3 16 10.8614 9.9829 12.1103 9.7214 11.4105 13.8246 10.2304 10.4086 13.9654
3 16 9.9924 11.8512 11.55 9.0303 12.3632 11.7833 9.7214 11.4105 13.8246
3 16 9.7214 11.4105 13.8246 9.0303 12.3632 11.7833 9.1176 11.4256 14.0489
3 16 9.0303 12.3632 11.7833 8.311 11.887 13.4078 9.1176 11.4256 14.0489
3 16 9.1176 11.4256 14.0489 8.311 11.887 13.4078 8.6186 10.7964 14.476
3 16 7.8011 9.2175 15.0256 10.3004 9.0405 14.1923 8.6186 10.7964 14.476
3 16 8.6186 10.7964 14.476 10.3004 9.0405 14.1923 10.2304 10.4086 13.9654
3 16 8.311 11.887 13.4078 7.136 11.2544 14.1899 8.6186 10.7964 14.476
3 16 8.6186 10.7964 14.476 7.136 11.2544 14.1899 7.8011 9.2175 15.0256
3 16 13.3269 9.815 -6.7226 13.3839 8.7974 -6.6887 11.4749 9.7747 -6.0681
3 16 11.4749 9.7747 -6.0681 13.3839 8.7974 -6.6887 11.4876 8.1513 -6.0785
3 16 14.6526 8.9481 -4.8024 13.3839 8.7974 -6.6887 14.4332 10.0694 -5.0161
3 16 14.4332 10.0694 -5.0161 13.3839 8.7974 -6.6887 13.3269 9.815 -6.7226
3 16 14.4332 10.0694 -5.0161 15.2059 10.3208 -2.3114 14.6526 8.9481 -4.8024
3 16 14.6526 8.9481 -4.8024 15.2059 10.3208 -2.3114 15.3072 9.0721 -2.1248
3 16 15.8925 10.8626 -1.2349 16.0308 9.253 -0.8045 15.2059 10.3208 -2.3114
3 16 15.2059 10.3208 -2.3114 16.0308 9.253 -0.8045 15.3072 9.0721 -2.1248
3 16 15.3901 9.743 3.3307 15.8233 9.8091 2.6813 15.3314 11.4091 2.5626
3 16 15.3314 11.4091 2.5626 15.8233 9.8091 2.6813 15.8135 10.9966 2.1718
3 16 12.5508 9.9208 10.3401 12.8117 8.9067 10.0024 13.6963 10.5387 9.2823
3 16 13.6963 10.5387 9.2823 12.8117 8.9067 10.0024 13.9225 9.1934 8.7631
3 16 12.6213 8.2832 11.1446 12.8117 8.9067 10.0024 12.3804 9.246 11.4387
3 16 12.3804 9.246 11.4387 12.8117 8.9067 10.0024 12.5508 9.9208 10.3401
3 16 11.7364 9.7146 11.8312 11.4007 8.662 12.4477 12.3804 9.246 11.4387
3 16 12.3804 9.246 11.4387 11.4007 8.662 12.4477 12.6213 8.2832 11.1446
3 16 14.4281 9.3172 6.5532 15.1228 9.5771 5.5758 14.2874 11.6527 5.8826
3 16 14.2874 11.6527 5.8826 15.1228 9.5771 5.5758 15.0959 11.9593 4.8391
3 16 13.9225 9.1934 8.7631 14.4281 9.3172 6.5532 13.6963 10.5387 9.2823
3 16 13.6963 10.5387 9.2823 14.4281 9.3172 6.5532 14.2874 11.6527 5.8826
3 16 14.2874 11.6527 5.8826 15.0959 11.9593 4.8391 13.9082 13.1834 5.2029
3 16 13.9082 13.1834 5.2029 15.0959 11.9593 4.8391 14.9245 14.1051 3.5929
3 16 -2.2028 1.2267 -17.7307 -2.9377 -0.5706 -18.0851 -5.138 1.2085 -16.5112
3 16 -5.138 1.2085 -16.5112 -2.9377 -0.5706 -18.0851 -5.4482 -0.67 -16.9772
3 16 12.8641 12.3248 -1.8334 13.136 12.6256 -0.8321 15.6062 12.0272 -1.5893
3 16 15.6062 12.0272 -1.5893 13.136 12.6256 -0.8321 15.4511 12.2746 -0.5955
3 16 15.0863 13.8568 0.0018 15.0446 12.7968 -0.4187 13.2499 13.9411 -0.3174
3 16 13.2499 13.9411 -0.3174 15.0446 12.7968 -0.4187 13.1257 13.0648 -0.6313
3 16 15.6062 12.0272 -1.5893 15.4511 12.2746 -0.5955 15.8925 10.8626 -1.2349
3 16 15.8925 10.8626 -1.2349 15.4511 12.2746 -0.5955 15.7469 12.1802 0.9739
3 16 13.1257 13.0648 -0.6313 15.0446 12.7968 -0.4187 13.136 12.6256 -0.8321
3 16 13.136 12.6256 -0.8321 15.0446 12.7968 -0.4187 15.4511 12.2746 -0.5955
3 16 15.3505 12.5973 1.3271 15.7469 12.1802 0.9739 15.0446 12.7968 -0.4187
3 16 15.0446 12.7968 -0.4187 15.7469 12.1802 0.9739 15.4511 12.2746 -0.5955
3 16 13.2499 13.9411 -0.3174 13.2339 14.484 0.2213 15.0863 13.8568 0.0018
3 16 15.0863 13.8568 0.0018 13.2339 14.484 0.2213 15.1195 14.2625 0.519
3 16 15.0526 14.4884 0.9869 15.1195 14.2625 0.519 13.3047 14.7016 0.9426
3 16 13.3047 14.7016 0.9426 15.1195 14.2625 0.519 13.2339 14.484 0.2213
3 16 13.3047 14.7016 0.9426 13.1976 14.4883 3.5093 15.0526 14.4884 0.9869
3 16 15.0526 14.4884 0.9869 13.1976 14.4883 3.5093 14.9245 14.1051 3.5929
3 16 14.9245 14.1051 3.5929 13.1976 14.4883 3.5093 13.9082 13.1834 5.2029
3 16 13.9082 13.1834 5.2029 13.1976 14.4883 3.5093 12.779 13.6485 4.8387
3 16 15.0526 14.4884 0.9869 15.3505 12.5973 1.3271 15.1195 14.2625 0.519
3 16 15.3505 12.5973 1.3271 15.0863 13.8568 0.0018 15.1195 14.2625 0.519
3 16 15.0863 13.8568 0.0018 15.3505 12.5973 1.3271 15.0446 12.7968 -0.4187
3 16 13.1114 12.075 10.3126 13.4155 13.0544 8.6701 11.8189 13.4566 9.5594
3 16 11.8189 13.4566 9.5594 13.4155 13.0544 8.6701 12.4361 13.518 8.5527
3 16 11.8189 13.4566 9.5594 12.4361 13.518 8.5527 11.6232 14.891 8.2904
3 16 11.6232 14.891 8.2904 12.4361 13.518 8.5527 12.4626 13.615 7.2559
3 16 11.8189 13.4566 9.5594 10.9228 12.5514 10.895 13.1114 12.075 10.3126
3 16 13.6476 13.0563 7.2886 12.4626 13.615 7.2559 13.4155 13.0544 8.6701
3 16 13.4155 13.0544 8.6701 12.4626 13.615 7.2559 12.4361 13.518 8.5527
3 16 13.6476 13.0563 7.2886 13.9082 13.1834 5.2029 12.4626 13.615 7.2559
3 16 12.4626 13.615 7.2559 13.9082 13.1834 5.2029 12.779 13.6485 4.8387
3 16 12.779 13.6485 4.8387 12.1372 12.9211 4.7673 12.4626 13.615 7.2559
3 16 12.4626 13.615 7.2559 12.1372 12.9211 4.7673 11.0042 13.3645 7.0333
3 16 13.1976 14.4883 3.5093 12.6277 13.8372 3.166 12.779 13.6485 4.8387
3 16 12.779 13.6485 4.8387 12.6277 13.8372 3.166 12.1372 12.9211 4.7673
3 16 13.3047 14.7016 0.9426 12.6277 13.8372 3.166 13.1976 14.4883 3.5093
3 16 18.6851 -1.3135 -4.0191 18.8743 -3.3821 -3.8406 16.9904 -1.4503 -4.9622
3 16 16.9904 -1.4503 -4.9622 18.8743 -3.3821 -3.8406 15.8471 -3.2412 -5.0399
3 16 4.1544 -8.3 -10.9421 5.9614 -6.7833 -9.9252 4.546 -9.1609 -10.3912
3 16 4.546 -9.1609 -10.3912 5.9614 -6.7833 -9.9252 6.6874 -7.496 -9.1451
3 16 7.953 -5.0923 -8.0989 6.6874 -7.496 -9.1451 7.7346 -5.0703 -8.4898
3 16 7.7346 -5.0703 -8.4898 6.6874 -7.496 -9.1451 5.9614 -6.7833 -9.9252
3 16 6.6874 -7.496 -9.1451 7.953 -5.0923 -8.0989 7.1501 -8.0487 -7.3833
3 16 7.1501 -8.0487 -7.3833 7.953 -5.0923 -8.0989 8.1952 -5.2089 -7.0526
3 16 7.1501 -8.0487 -7.3833 8.1952 -5.2089 -7.0526 7.0853 -7.9315 -5.6214
3 16 7.0853 -7.9315 -5.6214 8.1952 -5.2089 -7.0526 8.1664 -5.1406 -5.6894
3 16 -5.2517 -7.4452 -10.8702 -5.2362 -7.9015 -12.4386 -2.7349 -7.935 -10.6316
3 16 -2.7349 -7.935 -10.6316 -5.2362 -7.9015 -12.4386 -1.6036 -9.4306 -13.0992
3 16 -14.9542 -0.6441 5.8007 -14.2531 -0.8205 6.7819 -14.6914 0.189 5.8825
3 16 -14.6914 0.189 5.8825 -14.2531 -0.8205 6.7819 -14.082 0.4774 7.1118
3 16 -14.6914 0.189 5.8825 -15.4881 0.0364 2.6605 -14.9542 -0.6441 5.8007
3 16 -15.1118 -2.1342 5.3554 -14.9542 -0.6441 5.8007 -15.7051 -0.9357 2.4121
3 16 -14.9542 -0.6441 5.8007 -15.4881 0.0364 2.6605 -15.7051 -0.9357 2.4121
3 16 -14.3476 -2.5001 6.3001 -12.7642 -3.2103 8.5941 -14.2531 -0.8205 6.7819
3 16 -14.2531 -0.8205 6.7819 -12.7642 -3.2103 8.5941 -12.6828 -1.1144 9.3771
3 16 -12.5743 0.6352 9.4905 -14.082 0.4774 7.1118 -12.6828 -1.1144 9.3771
3 16 -12.6828 -1.1144 9.3771 -14.082 0.4774 7.1118 -14.2531 -0.8205 6.7819
3 16 5.7562 -2.159 -16.0942 3.8127 -0.2113 -17.6395 4.7937 0.8154 -14.7826
3 16 4.7937 0.8154 -14.7826 3.8127 -0.2113 -17.6395 3.4277 1.2554 -15.8223
3 16 5.8017 0.5295 -14.0775 6.383 -0.8396 -14.4238 4.7937 0.8154 -14.7826
3 16 4.7937 0.8154 -14.7826 6.383 -0.8396 -14.4238 5.7562 -2.159 -16.0942
3 16 -14.1757 -0.1809 -5.4858 -14.4252 -1.2094 -5.2976 -15.7302 0.3685 -2.3704
3 16 -15.7302 0.3685 -2.3704 -14.4252 -1.2094 -5.2976 -16.1432 -0.5952 -2.1984
3 16 -12.483 -0.4217 -7.6909 -12.7022 -1.9739 -7.3479 -14.1757 -0.1809 -5.4858
3 16 -14.1757 -0.1809 -5.4858 -12.7022 -1.9739 -7.3479 -14.4252 -1.2094 -5.2976
3 16 -14.3139 6.3552 8.5051 -13.9667 6.4454 9.4489 -14.4305 7.7987 8.4055
3 16 -14.4305 7.7987 8.4055 -13.9667 6.4454 9.4489 -14.1072 7.9177 9.5566
3 16 -14.5533 6.3052 7.4669 -14.3139 6.3552 8.5051 -14.5887 7.6899 7.6179
3 16 -14.5887 7.6899 7.6179 -14.3139 6.3552 8.5051 -14.4305 7.7987 8.4055
3 16 -11.6275 11.346 13.4122 -12.1488 9.5164 11.837 -10.5072 10.2323 13.7493
3 16 -12.7994 9.4639 10.3647 -12.1488 9.5164 11.837 -12.0831 11.8311 10.904
3 16 -12.0831 11.8311 10.904 -12.1488 9.5164 11.837 -11.6275 11.346 13.4122
3 16 -14.0113 9.4251 9.8097 -12.7994 9.4639 10.3647 -13.875 11.3998 10.074
3 16 -13.875 11.3998 10.074 -12.7994 9.4639 10.3647 -12.0831 11.8311 10.904
3 16 -14.0689 12.5113 8.3219 -14.3521 9.8341 8.3767 -13.875 11.3998 10.074
3 16 -13.875 11.3998 10.074 -14.3521 9.8341 8.3767 -14.0113 9.4251 9.8097
3 16 -14.1542 12.6403 6.2638 -14.5561 9.9059 7.4138 -14.0689 12.5113 8.3219
3 16 -14.0689 12.5113 8.3219 -14.5561 9.9059 7.4138 -14.3521 9.8341 8.3767
3 16 -15.4947 9.9477 6.5621 -14.5561 9.9059 7.4138 -15.1078 12.2994 5.6982
3 16 -15.1078 12.2994 5.6982 -14.5561 9.9059 7.4138 -14.1542 12.6403 6.2638
3 16 -15.4947 9.9477 6.5621 -15.1078 12.2994 5.6982 -16.0249 9.6509 3.7797
3 16 -16.0249 9.6509 3.7797 -15.1078 12.2994 5.6982 -15.5844 11.8639 3.5836
3 16 -16.5606 11.9835 1.4298 -16.8684 9.7457 1.7088 -15.5844 11.8639 3.5836
3 16 -15.5844 11.8639 3.5836 -16.8684 9.7457 1.7088 -16.0249 9.6509 3.7797
3 16 -16.6695 9.547 1.1347 -16.8684 9.7457 1.7088 -16.3266 11.0707 0.4885
3 16 -16.3266 11.0707 0.4885 -16.8684 9.7457 1.7088 -16.5606 11.9835 1.4298
3 16 -15.0761 10.5255 -2.8523 -15.8229 9.1647 -1.2528 -16.3266 11.0707 0.4885
3 16 -16.3266 11.0707 0.4885 -15.8229 9.1647 -1.2528 -16.6695 9.547 1.1347
3 16 -15.8229 9.1647 -1.2528 -15.0761 10.5255 -2.8523 -15.5682 8.824 -3.0401
3 16 -15.5682 8.824 -3.0401 -15.0761 10.5255 -2.8523 -14.824 10.4896 -4.1674
3 16 -15.5682 8.824 -3.0401 -14.824 10.4896 -4.1674 -13.4114 8.399 -6.6589
3 16 -13.4114 8.399 -6.6589 -14.824 10.4896 -4.1674 -13.2604 9.8791 -6.8674
3 16 -11.3103 8.1395 -6.485 -13.2604 9.8791 -6.8674 -11.1648 10.0913 -6.7147
3 16 -13.1864 14.305 -0.3167 -14.7616 14.2546 0.1523 -13.1404 14.6634 0.7361
3 16 -13.1404 14.6634 0.7361 -14.7616 14.2546 0.1523 -15.3095 14.6169 1.0291
3 16 15.8135 10.9966 2.1718 15.7469 12.1802 0.9739 15.3314 11.4091 2.5626
3 16 15.3314 11.4091 2.5626 15.7469 12.1802 0.9739 15.3505 12.5973 1.3271
3 16 15.1228 9.5771 5.5758 15.3901 9.743 3.3307 15.0959 11.9593 4.8391
3 16 15.0959 11.9593 4.8391 15.3901 9.743 3.3307 15.3314 11.4091 2.5626
3 16 8.4393 14.9229 12.3764 7.9803 16.0337 12.3412 7.1361 14.8144 13.284
3 16 7.1361 14.8144 13.284 7.9803 16.0337 12.3412 7.2304 16.4343 12.7041
3 16 5.0186 14.9868 13.9548 7.1361 14.8144 13.284 5.0037 16.4076 13.3958
3 16 5.0037 16.4076 13.3958 7.1361 14.8144 13.284 7.2304 16.4343 12.7041
3 16 8.311 11.887 13.4078 9.0303 12.3632 11.7833 8.4393 14.9229 12.3764
3 16 8.4393 14.9229 12.3764 9.0303 12.3632 11.7833 9.0559 14.5179 10.7652
3 16 7.2632 17.0261 10.8927 7.9803 16.0337 12.3412 8.2079 16.0724 10.5095
3 16 8.2079 16.0724 10.5095 7.9803 16.0337 12.3412 8.4393 14.9229 12.3764
3 16 8.7357 14.6777 9.9938 8.2079 16.0724 10.5095 9.0559 14.5179 10.7652
3 16 9.0559 14.5179 10.7652 8.2079 16.0724 10.5095 8.4393 14.9229 12.3764
3 16 14.3543 2.1129 -7.241 15.6993 2.6187 -5.2192 16.3522 1.0979 -7.9641
3 16 16.3522 1.0979 -7.9641 15.6993 2.6187 -5.2192 17.2393 1.8843 -5.7937
3 16 17.2393 1.8843 -5.7937 15.6993 2.6187 -5.2192 17.7936 2.386 -3.3976
3 16 17.7936 2.386 -3.3976 15.6993 2.6187 -5.2192 16.7947 2.81 -3.1013
3 16 17.7936 2.386 -3.3976 16.7947 2.81 -3.1013 17.8818 2.709 -1.629
3 16 17.8818 2.709 -1.629 16.7947 2.81 -3.1013 17.0409 3.0113 -1.5696
3 16 17.8818 2.709 -1.629 17.0409 3.0113 -1.5696 17.563 2.4998 -0.2703
3 16 17.563 2.4998 -0.2703 17.0409 3.0113 -1.5696 16.8456 2.6319 0.2357
3 16 12.1939 -4.8169 -6.5648 10.183 -5.0336 -6.4076 11.3323 -4.5317 -8.8187
3 16 11.3323 -4.5317 -8.8187 10.183 -5.0336 -6.4076 9.5113 -4.9944 -8.1916
3 16 14.2922 -4.0637 -6.8415 12.1939 -4.8169 -6.5648 13.0329 -3.3679 -9.6324
3 16 13.0329 -3.3679 -9.6324 12.1939 -4.8169 -6.5648 11.3323 -4.5317 -8.8187
3 16 15.737 -2.9664 -6.7927 14.2922 -4.0637 -6.8415 14.0506 -2.0825 -9.9256
3 16 14.0506 -2.0825 -9.9256 14.2922 -4.0637 -6.8415 13.0329 -3.3679 -9.6324
3 16 16.4663 -1.9033 -6.5074 15.737 -2.9664 -6.7927 15.2057 -0.0922 -9.5005
3 16 15.2057 -0.0922 -9.5005 15.737 -2.9664 -6.7927 14.0506 -2.0825 -9.9256
3 16 16.9461 -0.8586 -5.9227 16.4663 -1.9033 -6.5074 16.3522 1.0979 -7.9641
3 16 16.3522 1.0979 -7.9641 16.4663 -1.9033 -6.5074 15.2057 -0.0922 -9.5005
3 16 16.3522 1.0979 -7.9641 17.2393 1.8843 -5.7937 16.9461 -0.8586 -5.9227
3 16 16.9461 -0.8586 -5.9227 17.2393 1.8843 -5.7937 17.2459 -0.4597 -5.0607
3 16 17.7936 2.386 -3.3976 17.9355 0.5281 -3.0427 17.2393 1.8843 -5.7937
3 16 17.2393 1.8843 -5.7937 17.9355 0.5281 -3.0427 17.2459 -0.4597 -5.0607
3 16 17.9355 0.5281 -3.0427 17.7936 2.386 -3.3976 17.9652 0.5588 -1.671
3 16 17.9652 0.5588 -1.671 17.7936 2.386 -3.3976 17.8818 2.709 -1.629
3 16 17.5498 0.5374 -0.5731 17.9652 0.5588 -1.671 17.563 2.4998 -0.2703
3 16 17.563 2.4998 -0.2703 17.9652 0.5588 -1.671 17.8818 2.709 -1.629
3 16 16.4398 0.4386 0.1465 17.5498 0.5374 -0.5731 16.8456 2.6319 0.2357
3 16 16.8456 2.6319 0.2357 17.5498 0.5374 -0.5731 17.563 2.4998 -0.2703
3 16 10.3231 -5.2249 -5.8843 8.1664 -5.1406 -5.6894 10.183 -5.0336 -6.4076
3 16 10.183 -5.0336 -6.4076 8.1664 -5.1406 -5.6894 8.1952 -5.2089 -7.0526
3 16 12.2005 -4.8941 -5.8533 10.3231 -5.2249 -5.8843 12.1939 -4.8169 -6.5648
3 16 12.1939 -4.8169 -6.5648 10.3231 -5.2249 -5.8843 10.183 -5.0336 -6.4076
3 16 14.2922 -4.0637 -6.8415 14.2541 -4.2589 -5.4757 12.1939 -4.8169 -6.5648
3 16 12.1939 -4.8169 -6.5648 14.2541 -4.2589 -5.4757 12.2005 -4.8941 -5.8533
3 16 15.8471 -3.2412 -5.0399 14.2541 -4.2589 -5.4757 15.737 -2.9664 -6.7927
3 16 15.737 -2.9664 -6.7927 14.2541 -4.2589 -5.4757 14.2922 -4.0637 -6.8415
3 16 15.737 -2.9664 -6.7927 16.4663 -1.9033 -6.5074 15.8471 -3.2412 -5.0399
3 16 15.8471 -3.2412 -5.0399 16.4663 -1.9033 -6.5074 16.9904 -1.4503 -4.9622
3 16 16.4663 -1.9033 -6.5074 16.9461 -0.8586 -5.9227 16.9904 -1.4503 -4.9622
3 16 16.9904 -1.4503 -4.9622 16.9461 -0.8586 -5.9227 17.2998 -0.85 -4.5319
3 16 16.9461 -0.8586 -5.9227 17.2459 -0.4597 -5.0607 17.2998 -0.85 -4.5319
3 16 18.023 -0.3109 -2.866 17.2998 -0.85 -4.5319 17.9355 0.5281 -3.0427
3 16 17.9355 0.5281 -3.0427 17.2998 -0.85 -4.5319 17.2459 -0.4597 -5.0607
3 16 18.005 -0.2111 -1.6055 18.023 -0.3109 -2.866 17.9652 0.5588 -1.671
3 16 17.9652 0.5588 -1.671 18.023 -0.3109 -2.866 17.9355 0.5281 -3.0427
3 16 18.005 -0.2111 -1.6055 17.9652 0.5588 -1.671 17.6454 -0.2219 -0.6504
3 16 17.6454 -0.2219 -0.6504 17.9652 0.5588 -1.671 17.5498 0.5374 -0.5731
3 16 17.5498 0.5374 -0.5731 16.4398 0.4386 0.1465 17.6454 -0.2219 -0.6504
3 16 17.6454 -0.2219 -0.6504 16.4398 0.4386 0.1465 16.0647 0.0594 0.5472
3 16 8.2595 -9.0318 -1.9316 8.0704 -8.6789 -0.2813 7.3847 -10.3458 -2.143
3 16 10.183 -5.0336 -6.4076 8.1952 -5.2089 -7.0526 9.5113 -4.9944 -8.1916
3 16 9.5113 -4.9944 -8.1916 8.1952 -5.2089 -7.0526 7.953 -5.0923 -8.0989
3 16 6.845 -5.0447 -10.1689 5.551 -6.3943 -11.4429 5.7246 -4.6481 -11.9534
3 16 5.7246 -4.6481 -11.9534 5.551 -6.3943 -11.4429 3.7197 -6.2663 -13.8525
3 16 5.551 -6.3943 -11.4429 3.9482 -7.3907 -13.1641 3.7197 -6.2663 -13.8525
3 16 17.2998 -0.85 -4.5319 18.023 -0.3109 -2.866 18.6851 -1.3135 -4.0191
3 16 18.6851 -1.3135 -4.0191 18.023 -0.3109 -2.866 19.8004 -1.6108 -1.6824
3 16 19.8004 -1.6108 -1.6824 18.023 -0.3109 -2.866 18.005 -0.2111 -1.6055
3 16 -1.5873 2.3748 -16.0608 -0.3452 1.7374 -17.1993 -2.2028 1.2267 -17.7307
3 16 0.2917 1.6573 -17.2756 -0.0203 1.1301 -18.2373 -0.3452 1.7374 -17.1993
3 16 -0.0203 1.1301 -18.2373 -2.2028 1.2267 -17.7307 -0.3452 1.7374 -17.1993
3 16 -7.6186 1.3534 -15.6016 -8.0058 0.776 -15.6322 -7.5051 2.1334 -13.4232
3 16 -7.5051 2.1334 -13.4232 -8.0058 0.776 -15.6322 -8.487 1.793 -12.8086
3 16 -12.1783 -1.8196 -9.8197 -12.6929 -2.5138 -7.6096 -11.864 -0.3789 -9.2769
3 16 -12.6929 -2.5138 -7.6096 -12.7022 -1.9739 -7.3479 -11.864 -0.3789 -9.2769
3 16 -12.7022 -1.9739 -7.3479 -12.483 -0.4217 -7.6909 -11.864 -0.3789 -9.2769
3 16 -12.1719 -5.7427 7.9405 -9.8257 -3.7743 10.681 -11.8928 -3.6626 10.0047
3 16 -6.9173 -1.2928 15.3401 -6.1409 -3.8629 14.5226 -5.8762 -3.1852 15.2638
3 16 9.2045 1.547 -13.7198 8.3019 2.506 -13.1324 10.3026 1.7688 -12.7684
3 16 10.3026 1.7688 -12.7684 8.3019 2.506 -13.1324 10.3044 2.4646 -11.5152
3 16 -10.3927 -0.7408 -10.1463 -8.9016 -0.3884 -11.9157 -8.5493 -1.8317 -11.3205
3 16 -8.5493 -1.8317 -11.3205 -8.9016 -0.3884 -11.9157 -8.0045 -1.4166 -12.6137
3 16 -10.4083 -1.5145 11.5878 -10.2828 1.2072 12.6833 -10.7 0.9283 11.6512
3 16 6.8713 9.1464 15.9192 5.5321 8.8749 16.2327 6.8828 7.4476 15.7671
3 16 6.8828 7.4476 15.7671 5.5321 8.8749 16.2327 5.5031 7.4755 15.9894
3 16 9.1176 11.4256 14.0489 8.6186 10.7964 14.476 9.7214 11.4105 13.8246
3 16 9.7214 11.4105 13.8246 8.6186 10.7964 14.476 10.2304 10.4086 13.9654
3 16 13.6963 10.5387 9.2823 14.2874 11.6527 5.8826 13.6476 13.0563 7.2886
3 16 13.6476 13.0563 7.2886 14.2874 11.6527 5.8826 13.9082 13.1834 5.2029
3 16 15.0526 14.4884 0.9869 14.9245 14.1051 3.5929 15.3505 12.5973 1.3271
3 16 15.0959 11.9593 4.8391 15.3314 11.4091 2.5626 14.9245 14.1051 3.5929
3 16 15.3314 11.4091 2.5626 15.3505 12.5973 1.3271 14.9245 14.1051 3.5929
3 16 15.8233 9.8091 2.6813 16.0308 9.253 -0.8045 15.8135 10.9966 2.1718
3 16 15.8135 10.9966 2.1718 16.0308 9.253 -0.8045 15.7469 12.1802 0.9739
3 16 16.0308 9.253 -0.8045 15.8925 10.8626 -1.2349 15.7469 12.1802 0.9739
3 16 11.6 -2.0898 -12.3646 10.7598 0.2105 -12.8451 11.9316 -0.8312 -10.9825
3 16 11.9316 -0.8312 -10.9825 10.7598 0.2105 -12.8451 11.6497 0.2604 -10.5274
3 16 11.9316 -0.8312 -10.9825 11.6497 0.2604 -10.5274 14.0506 -2.0825 -9.9256
3 16 14.0506 -2.0825 -9.9256 11.6497 0.2604 -10.5274 15.2057 -0.0922 -9.5005
3 16 10.3044 2.4646 -11.5152 10.7543 1.7011 -10.9875 10.3026 1.7688 -12.7684
3 16 10.3026 1.7688 -12.7684 10.7543 1.7011 -10.9875 10.7598 0.2105 -12.8451
3 16 10.7598 0.2105 -12.8451 10.7543 1.7011 -10.9875 11.6497 0.2604 -10.5274
3 16 11.6497 0.2604 -10.5274 10.7543 1.7011 -10.9875 11.2157 1.4368 -9.9982
3 16 15.2057 -0.0922 -9.5005 11.6497 0.2604 -10.5274 12.553 1.6716 -8.9888
3 16 12.553 1.6716 -8.9888 11.6497 0.2604 -10.5274 11.2157 1.4368 -9.9982
3 16 12.553 1.6716 -8.9888 14.3543 2.1129 -7.241 15.2057 -0.0922 -9.5005
3 16 15.2057 -0.0922 -9.5005 14.3543 2.1129 -7.241 16.3522 1.0979 -7.9641
3 16 11.6232 14.891 8.2904 10.7899 14.9494 9.4724 11.8189 13.4566 9.5594
3 16 11.8189 13.4566 9.5594 10.7899 14.9494 9.4724 10.9228 12.5514 10.895
3 16 -16.3266 11.0707 0.4885 -16.5606 11.9835 1.4298 -15.2043 12.6256 -0.0974
3 16 -16.5606 11.9835 1.4298 -15.3095 14.6169 1.0291 -15.2043 12.6256 -0.0974
3 16 -15.3095 14.6169 1.0291 -14.7616 14.2546 0.1523 -15.2043 12.6256 -0.0974
3 16 -15.2043 12.6256 -0.0974 -13.0585 12.9919 -0.8756 -14.2948 11.4741 -3.0504
3 16 -14.2948 11.4741 -3.0504 -13.0585 12.9919 -0.8756 -12.7289 11.8198 -2.9625
3 16 3.8013 -0.0505 5.2332 5.4588 0.0175 7.4884 5.2287 -0.0505 3.8058
3 16 5.2287 -0.0505 3.8058 5.4588 0.0175 7.4884 7.5098 0.0175 5.4374
3 16 2.0028 -0.0505 6.1496 2.8743 0.0175 8.8052 3.8013 -0.0505 5.2332
3 16 3.8013 -0.0505 5.2332 2.8743 0.0175 8.8052 5.4588 0.0175 7.4884
3 16 0.0095 0.0175 9.259 1.8686 0.0175 8.9645 0.0091 -0.0505 6.4653
3 16 0.0091 -0.0505 6.4653 1.8686 0.0175 8.9645 2.0028 -0.0505 6.1496
3 16 1.8686 0.0175 8.9645 2.8743 0.0175 8.8052 2.0028 -0.0505 6.1496
3 16 -2.8554 0.0175 8.8052 -1.9152 0.0175 8.9542 -1.9846 -0.0505 6.1496
3 16 -1.9846 -0.0505 6.1496 -1.9152 0.0175 8.9542 0.0091 -0.0505 6.4653
3 16 -1.9152 0.0175 8.9542 0.0095 0.0175 9.259 0.0091 -0.0505 6.4653
3 16 -7.4909 0.0175 5.4374 -5.4398 0.0175 7.4884 -5.2104 -0.0505 3.8058
3 16 -5.2104 -0.0505 3.8058 -5.4398 0.0175 7.4884 -3.7831 -0.0505 5.2332
3 16 -8.8077 0.0175 -2.8768 -9.2614 0.0175 -0.0119 -6.1268 -0.0505 -1.9801
3 16 -6.1268 -0.0505 -1.9801 -9.2614 0.0175 -0.0119 -6.4426 -0.0505 0.0136
3 16 0.0095 0.0175 -9.2828 0.0091 -0.0505 -6.4381 1.4212 0.0175 -9.0592
3 16 0.0091 -0.0505 -6.4381 2.0028 -0.0505 -6.1223 1.4212 0.0175 -9.0592
3 16 2.0028 -0.0505 -6.1223 2.8743 0.0175 -8.8291 1.4212 0.0175 -9.0592
3 16 3.8013 -0.0505 -5.2059 5.4588 0.0175 -7.5123 2.0028 -0.0505 -6.1223
3 16 2.0028 -0.0505 -6.1223 5.4588 0.0175 -7.5123 2.8743 0.0175 -8.8291
3 16 5.2287 -0.0505 -3.7786 7.5098 0.0175 -5.4612 3.8013 -0.0505 -5.2059
3 16 3.8013 -0.0505 -5.2059 7.5098 0.0175 -5.4612 5.4588 0.0175 -7.5123
3 16 -7.708 -2.673 -10.5295 -4.0478 -2.673 -12.3934 -7.4052 6.9449 -10.722
3 16 -7.4052 6.9449 -10.722 -4.0478 -2.673 -12.3934 -4.0576 7.5493 -12.3847
3 16 -10.5199 6.6259 -7.6788 -11.3007 6.7147 -6.4929 -10.5764 -2.673 -7.6114
3 16 -10.5764 -2.673 -7.6114 -11.3007 6.7147 -6.4929 -12.3603 -2.673 -4.1278
3 16 -11.3103 8.1395 -6.485 -13.0545 -2.673 -0.0119 -11.3007 6.7147 -6.4929
3 16 -13.0545 -2.673 -0.0119 -12.3603 -2.673 -4.1278 -11.3007 6.7147 -6.4929
3 16 10.5434 -2.673 7.7088 12.1372 12.9211 4.7673 12.4166 -2.673 4.104
3 16 12.4166 -2.673 4.104 12.1372 12.9211 4.7673 12.6277 13.8372 3.166
3 16 4.0485 23.5748 12.4058 5.5321 22.7052 11.8056 3.951 18.8236 12.353
3 16 5.5321 22.7052 11.8056 5.5636 21.3111 11.7964 3.951 18.8236 12.353
3 16 5.5636 21.3111 11.7964 5.6015 19.635 11.7853 3.951 18.8236 12.353
3 16 2.3217 23.7391 12.8325 2.8559 18.2851 12.7297 -1.0964 19.7053 12.995
3 16 -1.0964 19.7053 12.995 2.8559 18.2851 12.7297 -0.4687 16.99 13.0421
3 16 -2.3009 21.9991 12.8362 -5.1078 16.552 12.0145 -4.445 22.1497 12.2594
3 16 -8.9267 16.0298 9.5403 -7.7638 15.3748 10.5202 -7.6552 -2.673 10.5943
3 16 8.8266 0.0175 2.853 6.1451 -0.0505 2.0073 7.5098 0.0175 5.4374
3 16 7.5098 0.0175 5.4374 6.1451 -0.0505 2.0073 5.2287 -0.0505 3.8058
3 16 9.2804 0.0175 -0.0119 6.4608 -0.0505 0.0136 8.8266 0.0175 2.853
3 16 8.8266 0.0175 2.853 6.4608 -0.0505 0.0136 6.1451 -0.0505 2.0073
3 16 8.7357 14.6777 9.9938 9.6996 14.695 9.1344 7.6506 -2.673 10.5905
3 16 2.0566 -2.673 12.7561 2.0566 -0.1426 12.7341 4.0928 -2.673 12.4294
3 16 2.0566 -0.1426 12.7341 2.8559 18.2851 12.7297 4.0928 -2.673 12.4294
3 16 -5.1078 16.552 12.0145 -0.4687 16.99 13.0421 -2.0074 -0.1426 12.7465
3 16 -2.0074 -0.1426 12.7465 -0.4687 16.99 13.0421 0.0312 -0.1426 13.0591
3 16 5.6015 19.635 11.7853 5.1559 17.1311 12.0243 3.951 18.8236 12.353
3 16 3.951 18.8236 12.353 5.1559 17.1311 12.0243 2.8559 18.2851 12.7297
3 16 7.6506 -2.673 10.5905 7.2632 17.0261 10.8927 8.2079 16.0724 10.5095
3 16 -8.8077 0.0175 2.853 -7.4909 0.0175 5.4374 -6.1268 -0.0505 2.0073
3 16 -6.1268 -0.0505 2.0073 -7.4909 0.0175 5.4374 -5.2104 -0.0505 3.8058
3 16 -9.2614 0.0175 -0.0119 -8.8077 0.0175 2.853 -6.4426 -0.0505 0.0136
3 16 -6.4426 -0.0505 0.0136 -8.8077 0.0175 2.853 -6.1268 -0.0505 2.0073
3 16 -10.543 -2.673 7.7333 -12.1571 12.8872 5.2379 -11.4862 13.2513 7.3086
3 16 -5.4398 0.0175 7.4884 -2.8554 0.0175 8.8052 -3.7831 -0.0505 5.2332
3 16 -3.7831 -0.0505 5.2332 -2.8554 0.0175 8.8052 -1.9846 -0.0505 6.1496
3 16 -6.4912 16.8552 11.239 -4.003 -2.673 12.4404 -7.7638 15.3748 10.5202
3 16 -7.7638 15.3748 10.5202 -4.003 -2.673 12.4404 -7.6552 -2.673 10.5943
3 16 6.4608 -0.0505 0.0136 9.2804 0.0175 -0.0119 6.1451 -0.0505 -1.9801
3 16 6.1451 -0.0505 -1.9801 9.2804 0.0175 -0.0119 8.8266 0.0175 -2.8768
3 16 7.5098 0.0175 -5.4612 5.2287 -0.0505 -3.7786 8.8266 0.0175 -2.8768
3 16 8.8266 0.0175 -2.8768 5.2287 -0.0505 -3.7786 6.1451 -0.0505 -1.9801
3 16 11.4876 8.1513 -6.0785 12.0788 11.3838 -4.8978 11.4749 9.7747 -6.0681
3 16 11.4749 9.7747 -6.0681 12.0788 11.3838 -4.8978 11.5464 10.4763 -5.9318
3 16 -7.4909 0.0175 -5.4612 -8.8077 0.0175 -2.8768 -5.2104 -0.0505 -3.7786
3 16 -5.2104 -0.0505 -3.7786 -8.8077 0.0175 -2.8768 -6.1268 -0.0505 -1.9801
3 16 0.0095 0.0175 -9.2828 -1.2016 0.0175 -9.091 0.0091 -0.0505 -6.4381
3 16 0.0091 -0.0505 -6.4381 -1.2016 0.0175 -9.091 -1.9846 -0.0505 -6.1223
3 16 -2.8554 0.0175 -8.8291 -1.9846 -0.0505 -6.1223 -1.2016 0.0175 -9.091
3 16 -2.8554 0.0175 -8.8291 -5.4398 0.0175 -7.5123 -1.9846 -0.0505 -6.1223
3 16 -1.9846 -0.0505 -6.1223 -5.4398 0.0175 -7.5123 -3.7831 -0.0505 -5.2059
3 16 -7.4052 6.9449 -10.722 -9.0774 6.7546 -9.3398 -7.708 -2.673 -10.5295
3 16 -7.708 -2.673 -10.5295 -9.0774 6.7546 -9.3398 -10.5764 -2.673 -7.6114
3 16 -5.4398 0.0175 -7.5123 -7.4909 0.0175 -5.4612 -3.7831 -0.0505 -5.2059
3 16 -3.7831 -0.0505 -5.2059 -7.4909 0.0175 -5.4612 -5.2104 -0.0505 -3.7786
3 16 7.6506 -2.673 10.5905 10.5434 -2.673 7.7088 5.4588 -2.673 7.4884
3 16 5.4588 -2.673 7.4884 10.5434 -2.673 7.7088 7.5098 -2.673 5.4374
3 16 8.8266 -2.673 2.853 7.5098 -2.673 5.4374 12.4166 -2.673 4.104
3 16 12.4166 -2.673 4.104 7.5098 -2.673 5.4374 10.5434 -2.673 7.7088
3 16 12.4166 -2.673 4.104 13.0383 -2.673 -0.0119 8.8266 -2.673 2.853
3 16 8.8266 -2.673 2.853 13.0383 -2.673 -0.0119 9.2804 -2.673 -0.0119
3 16 9.2804 -2.673 -0.0119 13.0383 -2.673 -0.0119 8.8266 -2.673 -2.8768
3 16 8.8266 -2.673 -2.8768 13.0383 -2.673 -0.0119 12.3973 -2.673 -4.1278
3 16 10.5649 -2.673 -7.6586 7.5098 -2.673 -5.4612 12.3973 -2.673 -4.1278
3 16 12.3973 -2.673 -4.1278 7.5098 -2.673 -5.4612 8.8266 -2.673 -2.8768
3 16 5.4588 -2.673 -7.5123 7.5098 -2.673 -5.4612 7.6624 -2.673 -10.5529
3 16 7.6624 -2.673 -10.5529 7.5098 -2.673 -5.4612 10.5649 -2.673 -7.6586
3 16 2.8743 -2.673 -8.8291 5.4588 -2.673 -7.5123 4.0343 -2.673 -12.3929
3 16 4.0343 -2.673 -12.3929 5.4588 -2.673 -7.5123 7.6624 -2.673 -10.5529
3 16 -1.2016 0.0175 -9.091 0.0095 0.0175 -9.2828 -1.5673 -0.1426 -12.783
3 16 -1.5673 -0.1426 -12.783 0.0095 0.0175 -9.2828 0.0095 -0.1426 -13.0307
3 16 -7.708 -2.673 -10.5295 -5.4398 -2.673 -7.5123 -4.0478 -2.673 -12.3934
3 16 -4.0478 -2.673 -12.3934 -5.4398 -2.673 -7.5123 -2.8554 -2.673 -8.8291
3 16 -10.5764 -2.673 -7.6114 -7.4909 -2.673 -5.4612 -7.708 -2.673 -10.5295
3 16 -7.708 -2.673 -10.5295 -7.4909 -2.673 -5.4612 -5.4398 -2.673 -7.5123
3 16 -8.8077 -2.673 -2.8768 -7.4909 -2.673 -5.4612 -12.3603 -2.673 -4.1278
3 16 -12.3603 -2.673 -4.1278 -7.4909 -2.673 -5.4612 -10.5764 -2.673 -7.6114
3 16 -9.2614 -2.673 -0.0119 -8.8077 -2.673 -2.8768 -13.0545 -2.673 -0.0119
3 16 -13.0545 -2.673 -0.0119 -8.8077 -2.673 -2.8768 -12.3603 -2.673 -4.1278
3 16 -13.0545 -2.673 -0.0119 -12.393 -2.673 4.0342 -9.2614 -2.673 -0.0119
3 16 -9.2614 -2.673 -0.0119 -12.393 -2.673 4.0342 -8.8077 -2.673 2.853
3 16 -10.543 -2.673 7.7333 -7.4909 -2.673 5.4374 -12.393 -2.673 4.0342
3 16 -12.393 -2.673 4.0342 -7.4909 -2.673 5.4374 -8.8077 -2.673 2.853
3 16 -7.4909 -2.673 5.4374 -10.543 -2.673 7.7333 -5.4398 -2.673 7.4884
3 16 -5.4398 -2.673 7.4884 -10.543 -2.673 7.7333 -7.6552 -2.673 10.5943
3 16 -4.003 -2.673 12.4404 -2.8554 -2.673 8.8052 -7.6552 -2.673 10.5943
3 16 -7.6552 -2.673 10.5943 -2.8554 -2.673 8.8052 -5.4398 -2.673 7.4884
3 16 -1.9152 0.0175 8.9542 -2.0074 -0.1426 12.7465 0.0095 0.0175 9.259
3 16 0.0095 0.0175 9.259 -2.0074 -0.1426 12.7465 0.0312 -0.1426 13.0591
3 16 5.4588 -2.673 7.4884 2.8743 -2.673 8.8052 7.6506 -2.673 10.5905
3 16 7.6506 -2.673 10.5905 2.8743 -2.673 8.8052 4.0928 -2.673 12.4294
3 16 12.0788 11.3838 -4.8978 12.3973 -2.673 -4.1278 12.8828 11.665 -2.5141
3 16 12.8828 11.665 -2.5141 12.3973 -2.673 -4.1278 13.0383 -2.673 -0.0119
3 16 13.136 12.6256 -0.8321 12.8641 12.3248 -1.8334 12.4166 -2.673 4.104
3 16 -4.0576 7.5493 -12.3847 -4.0478 -2.673 -12.3934 -1.5673 -0.1426 -12.783
3 16 -1.5673 -0.1426 -12.783 -4.0478 -2.673 -12.3934 -1.5673 -2.673 -12.783
3 16 0.0095 -0.1426 -13.0307 -0.7351 8.2525 -12.7732 -2.4549 8.0258 -12.5996
3 16 -12.393 -2.673 4.0342 -13.0545 -2.673 -0.0119 -13.1404 14.6634 0.7361
3 16 -13.1404 14.6634 0.7361 -13.0545 -2.673 -0.0119 -13.1864 14.305 -0.3167
3 16 -13.0585 12.9919 -0.8756 -13.1864 14.305 -0.3167 -13.0545 -2.673 -0.0119
3 16 5.2287 -5.5006 3.8058 6.1451 -5.5006 2.0073 0.0091 -5.5006 0.0136
3 16 3.8013 -5.5006 5.2332 5.2287 -5.5006 3.8058 0.0091 -5.5006 0.0136
3 16 2.0028 -5.5006 6.1496 3.8013 -5.5006 5.2332 0.0091 -5.5006 0.0136
3 16 0.0091 -5.5006 6.4653 2.0028 -5.5006 6.1496 0.0091 -5.5006 0.0136
3 16 -1.9846 -5.5006 6.1496 0.0091 -5.5006 6.4653 0.0091 -5.5006 0.0136
3 16 -3.7831 -5.5006 5.2332 -1.9846 -5.5006 6.1496 0.0091 -5.5006 0.0136
3 16 -5.2104 -5.5006 3.8058 -3.7831 -5.5006 5.2332 0.0091 -5.5006 0.0136
3 16 -6.1268 -5.5006 2.0073 -5.2104 -5.5006 3.8058 0.0091 -5.5006 0.0136
3 16 -6.4426 -5.5006 0.0136 -6.1268 -5.5006 2.0073 0.0091 -5.5006 0.0136
3 16 -6.1268 -5.5006 -1.9801 -6.4426 -5.5006 0.0136 0.0091 -5.5006 0.0136
3 16 -5.2104 -5.5006 -3.7786 -6.1268 -5.5006 -1.9801 0.0091 -5.5006 0.0136
3 16 -3.7831 -5.5006 -5.2059 -5.2104 -5.5006 -3.7786 0.0091 -5.5006 0.0136
3 16 -1.9846 -5.5006 -6.1223 -3.7831 -5.5006 -5.2059 0.0091 -5.5006 0.0136
3 16 0.0091 -5.5006 -6.4381 -1.9846 -5.5006 -6.1223 0.0091 -5.5006 0.0136
3 16 2.0028 -5.5006 -6.1223 0.0091 -5.5006 -6.4381 0.0091 -5.5006 0.0136
3 16 3.8013 -5.5006 -5.2059 2.0028 -5.5006 -6.1223 0.0091 -5.5006 0.0136
3 16 5.2287 -5.5006 -3.7786 3.8013 -5.5006 -5.2059 0.0091 -5.5006 0.0136
3 16 6.1451 -5.5006 -1.9801 5.2287 -5.5006 -3.7786 0.0091 -5.5006 0.0136
3 16 6.4608 -5.5006 0.0136 6.1451 -5.5006 -1.9801 0.0091 -5.5006 0.0136
3 16 6.1451 -5.5006 2.0073 6.4608 -5.5006 0.0136 0.0091 -5.5006 0.0136
3 16 6.1451 -5.5006 2.0073 5.2287 -5.5006 3.8058 6.1451 -0.0505 2.0073
3 16 6.1451 -0.0505 2.0073 5.2287 -5.5006 3.8058 5.2287 -0.0505 3.8058
3 16 5.2287 -5.5006 3.8058 3.8013 -5.5006 5.2332 5.2287 -0.0505 3.8058
3 16 5.2287 -0.0505 3.8058 3.8013 -5.5006 5.2332 3.8013 -0.0505 5.2332
3 16 3.8013 -5.5006 5.2332 2.0028 -5.5006 6.1496 3.8013 -0.0505 5.2332
3 16 3.8013 -0.0505 5.2332 2.0028 -5.5006 6.1496 2.0028 -0.0505 6.1496
3 16 2.0028 -5.5006 6.1496 0.0091 -5.5006 6.4653 2.0028 -0.0505 6.1496
3 16 2.0028 -0.0505 6.1496 0.0091 -5.5006 6.4653 0.0091 -0.0505 6.4653
3 16 0.0091 -5.5006 6.4653 -1.9846 -5.5006 6.1496 0.0091 -0.0505 6.4653
3 16 0.0091 -0.0505 6.4653 -1.9846 -5.5006 6.1496 -1.9846 -0.0505 6.1496
3 16 -1.9846 -5.5006 6.1496 -3.7831 -5.5006 5.2332 -1.9846 -0.0505 6.1496
3 16 -1.9846 -0.0505 6.1496 -3.7831 -5.5006 5.2332 -3.7831 -0.0505 5.2332
3 16 -3.7831 -5.5006 5.2332 -5.2104 -5.5006 3.8058 -3.7831 -0.0505 5.2332
3 16 -3.7831 -0.0505 5.2332 -5.2104 -5.5006 3.8058 -5.2104 -0.0505 3.8058
3 16 -5.2104 -5.5006 3.8058 -6.1268 -5.5006 2.0073 -5.2104 -0.0505 3.8058
3 16 -5.2104 -0.0505 3.8058 -6.1268 -5.5006 2.0073 -6.1268 -0.0505 2.0073
3 16 -6.1268 -5.5006 2.0073 -6.4426 -5.5006 0.0136 -6.1268 -0.0505 2.0073
3 16 -6.1268 -0.0505 2.0073 -6.4426 -5.5006 0.0136 -6.4426 -0.0505 0.0136
3 16 -6.4426 -5.5006 0.0136 -6.1268 -5.5006 -1.9801 -6.4426 -0.0505 0.0136
3 16 -6.4426 -0.0505 0.0136 -6.1268 -5.5006 -1.9801 -6.1268 -0.0505 -1.9801
3 16 -6.1268 -5.5006 -1.9801 -5.2104 -5.5006 -3.7786 -6.1268 -0.0505 -1.9801
3 16 -6.1268 -0.0505 -1.9801 -5.2104 -5.5006 -3.7786 -5.2104 -0.0505 -3.7786
3 16 -5.2104 -5.5006 -3.7786 -3.7831 -5.5006 -5.2059 -5.2104 -0.0505 -3.7786
3 16 -5.2104 -0.0505 -3.7786 -3.7831 -5.5006 -5.2059 -3.7831 -0.0505 -5.2059
3 16 -3.7831 -5.5006 -5.2059 -1.9846 -5.5006 -6.1223 -3.7831 -0.0505 -5.2059
3 16 -3.7831 -0.0505 -5.2059 -1.9846 -5.5006 -6.1223 -1.9846 -0.0505 -6.1223
3 16 -1.9846 -5.5006 -6.1223 0.0091 -5.5006 -6.4381 -1.9846 -0.0505 -6.1223
3 16 -1.9846 -0.0505 -6.1223 0.0091 -5.5006 -6.4381 0.0091 -0.0505 -6.4381
3 16 0.0091 -5.5006 -6.4381 2.0028 -5.5006 -6.1223 0.0091 -0.0505 -6.4381
3 16 0.0091 -0.0505 -6.4381 2.0028 -5.5006 -6.1223 2.0028 -0.0505 -6.1223
3 16 2.0028 -5.5006 -6.1223 3.8013 -5.5006 -5.2059 2.0028 -0.0505 -6.1223
3 16 2.0028 -0.0505 -6.1223 3.8013 -5.5006 -5.2059 3.8013 -0.0505 -5.2059
3 16 3.8013 -5.5006 -5.2059 5.2287 -5.5006 -3.7786 3.8013 -0.0505 -5.2059
3 16 3.8013 -0.0505 -5.2059 5.2287 -5.5006 -3.7786 5.2287 -0.0505 -3.7786
3 16 5.2287 -5.5006 -3.7786 6.1451 -5.5006 -1.9801 5.2287 -0.0505 -3.7786
3 16 5.2287 -0.0505 -3.7786 6.1451 -5.5006 -1.9801 6.1451 -0.0505 -1.9801
3 16 6.1451 -5.5006 -1.9801 6.4608 -5.5006 0.0136 6.1451 -0.0505 -1.9801
3 16 6.1451 -0.0505 -1.9801 6.4608 -5.5006 0.0136 6.4608 -0.0505 0.0136
3 16 6.4608 -5.5006 0.0136 6.1451 -5.5006 2.0073 6.4608 -0.0505 0.0136
3 16 6.4608 -0.0505 0.0136 6.1451 -5.5006 2.0073 6.1451 -0.0505 2.0073
3 16 7.443 7.1402 -10.6435 7.6624 -2.673 -10.5529 9.3751 6.8941 -8.7821
3 16 9.3751 6.8941 -8.7821 7.6624 -2.673 -10.5529 10.5649 -2.673 -7.6586
3 16 4.6613 7.7507 -12.1159 4.0343 -2.673 -12.3929 7.443 7.1402 -10.6435
3 16 7.443 7.1402 -10.6435 4.0343 -2.673 -12.3929 7.6624 -2.673 -10.5529
3 16 1.4212 0.0175 -9.0592 1.5752 -0.1426 -12.7826 0.0095 0.0175 -9.2828
3 16 0.0095 0.0175 -9.2828 1.5752 -0.1426 -12.7826 0.0095 -0.1426 -13.0307
3 16 1.8686 0.0175 8.9645 0.0095 0.0175 9.259 2.0566 -0.1426 12.7341
3 16 2.0566 -0.1426 12.7341 0.0095 0.0175 9.259 0.0312 -0.1426 13.0591
3 16 7.5098 0.0175 5.4374 5.4588 0.0175 7.4884 7.5098 -2.673 5.4374
3 16 7.5098 -2.673 5.4374 5.4588 0.0175 7.4884 5.4588 -2.673 7.4884
3 16 8.8266 0.0175 2.853 7.5098 0.0175 5.4374 8.8266 -2.673 2.853
3 16 8.8266 -2.673 2.853 7.5098 0.0175 5.4374 7.5098 -2.673 5.4374
3 16 9.2804 0.0175 -0.0119 8.8266 0.0175 2.853 9.2804 -2.673 -0.0119
3 16 9.2804 -2.673 -0.0119 8.8266 0.0175 2.853 8.8266 -2.673 2.853
3 16 8.8266 0.0175 -2.8768 9.2804 0.0175 -0.0119 8.8266 -2.673 -2.8768
3 16 8.8266 -2.673 -2.8768 9.2804 0.0175 -0.0119 9.2804 -2.673 -0.0119
3 16 7.5098 0.0175 -5.4612 8.8266 0.0175 -2.8768 7.5098 -2.673 -5.4612
3 16 7.5098 -2.673 -5.4612 8.8266 0.0175 -2.8768 8.8266 -2.673 -2.8768
3 16 5.4588 0.0175 -7.5123 7.5098 0.0175 -5.4612 5.4588 -2.673 -7.5123
3 16 5.4588 -2.673 -7.5123 7.5098 0.0175 -5.4612 7.5098 -2.673 -5.4612
3 16 2.8743 0.0175 -8.8291 5.4588 0.0175 -7.5123 2.8743 -2.673 -8.8291
3 16 2.8743 -2.673 -8.8291 5.4588 0.0175 -7.5123 5.4588 -2.673 -7.5123
3 16 1.4212 0.0175 -9.0592 1.4212 -2.673 -9.0592 1.5752 -0.1426 -12.7826
3 16 1.5752 -0.1426 -12.7826 1.4212 -2.673 -9.0592 1.5752 -2.673 -12.7826
3 16 1.4212 0.0175 -9.0592 2.8743 0.0175 -8.8291 1.4212 -2.673 -9.0592
3 16 1.4212 -2.673 -9.0592 2.8743 0.0175 -8.8291 2.8743 -2.673 -8.8291
3 16 2.8743 0.0175 8.8052 1.8686 0.0175 8.9645 2.8743 -2.673 8.8052
3 16 2.8743 -2.673 8.8052 1.8686 0.0175 8.9645 1.8686 -2.673 8.9645
3 16 1.8686 0.0175 8.9645 2.0566 -0.1426 12.7341 1.8686 -2.673 8.9645
3 16 1.8686 -2.673 8.9645 2.0566 -0.1426 12.7341 2.0566 -2.673 12.7561
3 16 5.4588 0.0175 7.4884 2.8743 0.0175 8.8052 5.4588 -2.673 7.4884
3 16 5.4588 -2.673 7.4884 2.8743 0.0175 8.8052 2.8743 -2.673 8.8052
3 16 -5.4398 0.0175 -7.5123 -2.8554 0.0175 -8.8291 -5.4398 -2.673 -7.5123
3 16 -5.4398 -2.673 -7.5123 -2.8554 0.0175 -8.8291 -2.8554 -2.673 -8.8291
3 16 -7.4909 0.0175 -5.4612 -5.4398 0.0175 -7.5123 -7.4909 -2.673 -5.4612
3 16 -7.4909 -2.673 -5.4612 -5.4398 0.0175 -7.5123 -5.4398 -2.673 -7.5123
3 16 -8.8077 0.0175 -2.8768 -7.4909 0.0175 -5.4612 -8.8077 -2.673 -2.8768
3 16 -8.8077 -2.673 -2.8768 -7.4909 0.0175 -5.4612 -7.4909 -2.673 -5.4612
3 16 -9.2614 0.0175 -0.0119 -8.8077 0.0175 -2.8768 -9.2614 -2.673 -0.0119
3 16 -9.2614 -2.673 -0.0119 -8.8077 0.0175 -2.8768 -8.8077 -2.673 -2.8768
3 16 -8.8077 0.0175 2.853 -9.2614 0.0175 -0.0119 -8.8077 -2.673 2.853
3 16 -8.8077 -2.673 2.853 -9.2614 0.0175 -0.0119 -9.2614 -2.673 -0.0119
3 16 -7.4909 0.0175 5.4374 -8.8077 0.0175 2.853 -7.4909 -2.673 5.4374
3 16 -7.4909 -2.673 5.4374 -8.8077 0.0175 2.853 -8.8077 -2.673 2.853
3 16 -5.4398 0.0175 7.4884 -7.4909 0.0175 5.4374 -5.4398 -2.673 7.4884
3 16 -5.4398 -2.673 7.4884 -7.4909 0.0175 5.4374 -7.4909 -2.673 5.4374
3 16 -2.8554 0.0175 8.8052 -5.4398 0.0175 7.4884 -2.8554 -2.673 8.8052
3 16 -2.8554 -2.673 8.8052 -5.4398 0.0175 7.4884 -5.4398 -2.673 7.4884
3 16 -2.8554 0.0175 -8.8291 -1.2016 0.0175 -9.091 -2.8554 -2.673 -8.8291
3 16 -2.8554 -2.673 -8.8291 -1.2016 0.0175 -9.091 -1.2016 -2.673 -9.091
3 16 -1.2016 0.0175 -9.091 -1.5673 -0.1426 -12.783 -1.2016 -2.673 -9.091
3 16 -1.2016 -2.673 -9.091 -1.5673 -0.1426 -12.783 -1.5673 -2.673 -12.783
3 16 -1.9152 0.0175 8.9542 -1.9152 -2.673 8.9542 -2.0074 -0.1426 12.7465
3 16 -2.0074 -0.1426 12.7465 -1.9152 -2.673 8.9542 -2.0074 -2.673 12.7465
3 16 -1.9152 0.0175 8.9542 -2.8554 0.0175 8.8052 -1.9152 -2.673 8.9542
3 16 -1.9152 -2.673 8.9542 -2.8554 0.0175 8.8052 -2.8554 -2.673 8.8052
3 16 -2.7349 -7.935 -10.6316 -1.6036 -9.4306 -13.0992 -1.7527 -8.0371 -10.1384
3 16 13.1114 12.075 10.3126 13.6963 10.5387 9.2823 13.4155 13.0544 8.6701
3 16 13.4155 13.0544 8.6701 13.6963 10.5387 9.2823 13.6476 13.0563 7.2886
3 16 1.4212 -2.673 -9.0592 2.8743 -2.673 -8.8291 1.5752 -2.673 -12.7826
3 16 1.5752 -2.673 -12.7826 2.8743 -2.673 -8.8291 4.0343 -2.673 -12.3929
3 16 -1.2016 -2.673 -9.091 -1.5673 -2.673 -12.783 -2.8554 -2.673 -8.8291
3 16 -2.8554 -2.673 -8.8291 -1.5673 -2.673 -12.783 -4.0478 -2.673 -12.3934
3 16 -4.003 -2.673 12.4404 -2.0074 -2.673 12.7465 -2.8554 -2.673 8.8052
3 16 -2.8554 -2.673 8.8052 -2.0074 -2.673 12.7465 -1.9152 -2.673 8.9542
3 16 1.8686 -2.673 8.9645 2.0566 -2.673 12.7561 2.8743 -2.673 8.8052
3 16 2.8743 -2.673 8.8052 2.0566 -2.673 12.7561 4.0928 -2.673 12.4294
3 16 1.5752 -0.1426 -12.7826 0.9905 8.4801 -12.9473 0.0095 -0.1426 -13.0307
3 16 0.0095 -0.1426 -13.0307 0.9905 8.4801 -12.9473 -0.7351 8.2525 -12.7732
3 16 0.9905 8.4801 -12.9473 1.5752 -0.1426 -12.7826 4.6613 7.7507 -12.1159
3 16 1.5752 -2.673 -12.7826 4.0343 -2.673 -12.3929 1.5752 -0.1426 -12.7826
3 16 4.6613 7.7507 -12.1159 1.5752 -0.1426 -12.7826 4.0343 -2.673 -12.3929
3 16 -4.0576 7.5493 -12.3847 -1.5673 -0.1426 -12.783 -2.4549 8.0258 -12.5996
3 16 -2.4549 8.0258 -12.5996 -1.5673 -0.1426 -12.783 0.0095 -0.1426 -13.0307
3 16 -4.445 22.1497 12.2594 -5.1078 16.552 12.0145 -6.0931 21.091 11.5251
3 16 -6.0931 21.091 11.5251 -5.1078 16.552 12.0145 -6.0385 16.9616 11.4927
3 16 -2.3009 21.9991 12.8362 -1.0964 19.7053 12.995 -5.1078 16.552 12.0145
3 16 -5.1078 16.552 12.0145 -1.0964 19.7053 12.995 -0.4687 16.99 13.0421
3 16 10.7235 14.7141 7.8391 11.0042 13.3645 7.0333 7.6506 -2.673 10.5905
3 16 7.6506 -2.673 10.5905 11.0042 13.3645 7.0333 10.5434 -2.673 7.7088
3 16 6.1532 17.1194 11.5673 4.0928 -2.673 12.4294 5.1559 17.1311 12.0243
3 16 7.2632 17.0261 10.8927 7.6506 -2.673 10.5905 6.1532 17.1194 11.5673
3 16 6.1532 17.1194 11.5673 7.6506 -2.673 10.5905 4.0928 -2.673 12.4294
3 16 4.0485 23.5748 12.4058 3.951 18.8236 12.353 2.3217 23.7391 12.8325
3 16 2.3217 23.7391 12.8325 3.951 18.8236 12.353 2.8559 18.2851 12.7297
3 16 16.0647 0.0594 0.5472 19.169 -1.2403 -0.806 17.6454 -0.2219 -0.6504
3 16 19.8004 -1.6108 -1.6824 18.005 -0.2111 -1.6055 19.169 -1.2403 -0.806
3 16 18.005 -0.2111 -1.6055 17.6454 -0.2219 -0.6504 19.169 -1.2403 -0.806
3 16 9.3402 -7.1693 0.4521 8.0704 -8.6789 -0.2813 9.1277 -7.7684 -1.7284
3 16 9.1277 -7.7684 -1.7284 8.0704 -8.6789 -0.2813 8.2595 -9.0318 -1.9316
3 16 12.4166 -2.673 4.104 12.8641 12.3248 -1.8334 13.0383 -2.673 -0.0119
3 16 13.0383 -2.673 -0.0119 12.8641 12.3248 -1.8334 12.8828 11.665 -2.5141
3 16 13.2339 14.484 0.2213 13.2499 13.9411 -0.3174 12.4166 -2.673 4.104
3 16 13.1257 13.0648 -0.6313 12.4166 -2.673 4.104 13.2499 13.9411 -0.3174
3 16 13.136 12.6256 -0.8321 12.4166 -2.673 4.104 13.1257 13.0648 -0.6313
3 16 13.2339 14.484 0.2213 12.4166 -2.673 4.104 13.3047 14.7016 0.9426
3 16 11.4261 6.772 -6.1578 10.7519 6.7187 -7.4555 12.3973 -2.673 -4.1278
3 16 12.1372 12.9211 4.7673 10.5434 -2.673 7.7088 11.0042 13.3645 7.0333
3 16 12.4166 -2.673 4.104 12.6277 13.8372 3.166 13.3047 14.7016 0.9426
3 16 7.6506 -2.673 10.5905 9.6996 14.695 9.1344 10.7235 14.7141 7.8391
3 16 7.6506 -2.673 10.5905 8.2079 16.0724 10.5095 8.7357 14.6777 9.9938
3 16 2.8559 18.2851 12.7297 5.1559 17.1311 12.0243 4.0928 -2.673 12.4294
3 16 0.0312 -0.1426 13.0591 -0.4687 16.99 13.0421 2.0566 -0.1426 12.7341
3 16 2.0566 -0.1426 12.7341 -0.4687 16.99 13.0421 2.8559 18.2851 12.7297
3 16 -2.0074 -2.673 12.7465 -4.003 -2.673 12.4404 -2.0074 -0.1426 12.7465
3 16 -5.1078 16.552 12.0145 -2.0074 -0.1426 12.7465 -4.003 -2.673 12.4404
3 16 -6.4912 16.8552 11.239 -6.0385 16.9616 11.4927 -4.003 -2.673 12.4404
3 16 -6.0385 16.9616 11.4927 -5.1078 16.552 12.0145 -4.003 -2.673 12.4404
3 16 -10.3376 15.978 8.0485 -7.6552 -2.673 10.5943 -10.8034 15.2355 7.5051
3 16 -10.8034 15.2355 7.5051 -7.6552 -2.673 10.5943 -10.543 -2.673 7.7333
3 16 -8.9267 16.0298 9.5403 -7.6552 -2.673 10.5943 -9.6242 16.2729 8.7007
3 16 -9.6242 16.2729 8.7007 -7.6552 -2.673 10.5943 -10.3376 15.978 8.0485
3 16 -10.8034 15.2355 7.5051 -10.543 -2.673 7.7333 -11.4862 13.2513 7.3086
3 16 -12.8956 14.3912 2.3708 -12.6577 13.6101 3.8833 -12.393 -2.673 4.0342
3 16 -12.6577 13.6101 3.8833 -12.1571 12.8872 5.2379 -12.393 -2.673 4.0342
3 16 -12.393 -2.673 4.0342 -12.1571 12.8872 5.2379 -10.543 -2.673 7.7333
3 16 -12.8956 14.3912 2.3708 -12.393 -2.673 4.0342 -13.1404 14.6634 0.7361
3 16 -10.5764 -2.673 -7.6114 -9.0774 6.7546 -9.3398 -10.5199 6.6259 -7.6788
3 16 -12.7289 11.8198 -2.9625 -13.0545 -2.673 -0.0119 -11.3953 11.2162 -6.3047
3 16 -13.0545 -2.673 -0.0119 -12.7289 11.8198 -2.9625 -13.0585 12.9919 -0.8756
3 16 -11.1648 10.0913 -6.7147 -13.0545 -2.673 -0.0119 -11.3103 8.1395 -6.485
3 16 -11.3953 11.2162 -6.3047 -13.0545 -2.673 -0.0119 -11.1648 10.0913 -6.7147
3 16 -14.2948 11.4741 -3.0504 -15.0761 10.5255 -2.8523 -15.2043 12.6256 -0.0974
3 16 -15.2043 12.6256 -0.0974 -15.0761 10.5255 -2.8523 -16.3266 11.0707 0.4885
3 16 11.4876 8.1513 -6.0785 13.2968 7.743 -6.5569 11.4261 6.772 -6.1578
3 16 11.4261 6.772 -6.1578 13.2968 7.743 -6.5569 12.859 6.5391 -6.5958
3 16 12.3973 -2.673 -4.1278 12.0788 11.3838 -4.8978 11.4261 6.772 -6.1578
3 16 11.4261 6.772 -6.1578 12.0788 11.3838 -4.8978 11.4876 8.1513 -6.0785
3 16 12.3973 -2.673 -4.1278 10.7519 6.7187 -7.4555 10.5649 -2.673 -7.6586
3 16 10.5649 -2.673 -7.6586 10.7519 6.7187 -7.4555 9.3751 6.8941 -8.7821
3 16 -8.0818 -0.0749 -15.6747 -8.0045 -1.4166 -12.6137 -8.9016 -0.3884 -11.9157
3 16 -3.1815 -1.7116 -17.3455 -4.5383 -2.4789 -17.3926 -5.4482 -0.67 -16.9772
3 16 -5.4482 -0.67 -16.9772 -4.5383 -2.4789 -17.3926 -6.7203 -1.6398 -16.1256
3 4 3.0999 1.2594 18.1422 3.4213 2.4538 19.5739 0.6077 0.9584 19.4236
3 4 0.6077 0.9584 19.4236 3.4213 2.4538 19.5739 0.7157 2.174 20.1982
3 4 0.6077 0.9584 19.4236 0.7157 2.174 20.1982 -1.1073 1.1522 19.1603
3 4 -1.1073 1.1522 19.1603 0.7157 2.174 20.1982 -0.9127 2.4931 20.3178
3 4 -0.9127 2.4931 20.3178 -1.5138 2.7362 19.7188 -1.1073 1.1522 19.1603
3 4 -1.1073 1.1522 19.1603 -1.5138 2.7362 19.7188 -1.8188 1.2443 18.3178
3 4 -1.5762 4.9382 20.1042 -1.539 6.1895 20.2134 -2.1476 5.5794 19.4594
3 4 -2.1476 5.5794 19.4594 -1.539 6.1895 20.2134 -2.4172 7.1897 19.2003
3 4 -1.539 6.1895 20.2134 -0.3485 6.9279 20.1647 -2.4172 7.1897 19.2003
3 4 -2.4172 7.1897 19.2003 -0.3485 6.9279 20.1647 -1.1553 8.0447 18.4687
3 4 2.669 10.8827 18.9202 2.2858 8.4825 19.2741 3.5477 10.4011 18.305
3 4 3.5477 10.4011 18.305 2.2858 8.4825 19.2741 2.7986 7.6307 18.985
3 4 3.6052 17.8844 17.7991 4.0911 19.6971 18.1642 2.6848 18.3562 18.4521
3 4 2.6848 18.3562 18.4521 4.0911 19.6971 18.1642 3.6581 20.7498 18.2993
3 4 3.0391 21.1506 18.5913 1.9741 18.817 18.4895 3.6581 20.7498 18.2993
3 4 3.6581 20.7498 18.2993 1.9741 18.817 18.4895 2.6848 18.3562 18.4521
3 4 -0.1315 13.5203 18.6105 0.0928 9.3998 18.8922 1.0635 11.3345 18.8857
3 4 1.0635 11.3345 18.8857 0.0928 9.3998 18.8922 0.859 8.8003 18.9933
3 4 1.5119 16.2292 18.5843 0.2303 16.5273 18.4286 1.2942 14.1951 18.7643
3 4 1.2942 14.1951 18.7643 0.2303 16.5273 18.4286 -0.1315 13.5203 18.6105
3 4 3.0391 21.1506 18.5913 2.3813 21.3048 18.5147 1.9741 18.817 18.4895
3 4 1.9741 18.817 18.4895 2.3813 21.3048 18.5147 1.0638 18.9941 18.4401
3 4 -0.9617 19.3719 16.8214 1.0638 18.9941 18.4401 2.2614 22.7247 17.7473
3 4 1.0638 18.9941 18.4401 2.3813 21.3048 18.5147 2.2614 22.7247 17.7473
3 4 2.3813 21.3048 18.5147 3.1123 22.39 18.5646 2.2614 22.7247 17.7473
3 4 0.2303 16.5273 18.4286 -1.3761 16.1219 17.5837 -0.1315 13.5203 18.6105
3 4 -0.1315 13.5203 18.6105 -1.3761 16.1219 17.5837 -1.5335 13.2831 17.8982
3 4 -0.8506 8.9975 18.0335 0.0928 9.3998 18.8922 -1.5335 13.2831 17.8982
3 4 -1.5335 13.2831 17.8982 0.0928 9.3998 18.8922 -0.1315 13.5203 18.6105
3 4 -4.4451 8.4917 19.4327 -0.8506 8.9975 18.0335 -4.4528 10.1802 19.1694
3 4 -0.8506 8.9975 18.0335 -1.5335 13.2831 17.8982 -4.4528 10.1802 19.1694
3 4 -4.4528 10.1802 19.1694 -1.5335 13.2831 17.8982 -3.8 12.8901 18.8376
3 4 -3.8 12.8901 18.8376 -1.5335 13.2831 17.8982 -3.1618 16.1497 18.4283
3 4 -3.1618 16.1497 18.4283 -1.5335 13.2831 17.8982 -1.3761 16.1219 17.5837
3 4 -3.1618 16.1497 18.4283 -1.3761 16.1219 17.5837 -3.5974 18.572 18.4945
3 4 -3.5974 18.572 18.4945 -1.3761 16.1219 17.5837 -0.9617 19.3719 16.8214
3 4 -2.1476 5.5794 19.4594 -3.3853 7.491 18.7807 -2.65 4.9869 19.5722
3 4 -2.65 4.9869 19.5722 -3.3853 7.491 18.7807 -4.397 7.3965 19.6488
3 4 -3.3853 7.491 18.7807 -2.1476 5.5794 19.4594 -2.4172 7.1897 19.2003
3 4 -1.1553 8.0447 18.4687 -3.3853 7.491 18.7807 -2.4172 7.1897 19.2003
3 4 -4.4337 20.3308 19.0785 -3.5974 18.572 18.4945 -2.3711 20.5903 17.7279
3 4 -2.3711 20.5903 17.7279 -3.5974 18.572 18.4945 -0.9617 19.3719 16.8214
3 4 -3.5974 18.572 18.4945 -5.635 17.7797 17.5238 -3.1618 16.1497 18.4283
3 4 -3.1618 16.1497 18.4283 -5.635 17.7797 17.5238 -5.6123 15.8109 17.1375
3 4 -4.4337 20.3308 19.0785 -5.7581 19.8404 18.3847 -3.5974 18.572 18.4945
3 4 -3.5974 18.572 18.4945 -5.7581 19.8404 18.3847 -5.635 17.7797 17.5238
3 4 -3.1618 16.1497 18.4283 -5.6123 15.8109 17.1375 -3.8 12.8901 18.8376
3 4 -3.8 12.8901 18.8376 -5.6123 15.8109 17.1375 -6.0182 13.036 17.0365
3 4 -6.7621 10.11 17.0018 -4.4528 10.1802 19.1694 -6.0182 13.036 17.0365
3 4 -6.0182 13.036 17.0365 -4.4528 10.1802 19.1694 -3.8 12.8901 18.8376
3 4 -4.4528 10.1802 19.1694 -6.7621 10.11 17.0018 -4.4451 8.4917 19.4327
3 4 -4.4451 8.4917 19.4327 -6.7621 10.11 17.0018 -7.054 7.5402 17.476
3 4 -4.397 7.3965 19.6488 -6.6814 5.3973 17.8857 -3.8671 3.8744 18.8648
3 4 -3.8671 3.8744 18.8648 -6.6814 5.3973 17.8857 -5.0493 2.8243 18.0774
3 4 -6.9792 4.9541 16.3415 -5.4411 2.8711 16.5167 -6.6814 5.3973 17.8857
3 4 -6.6814 5.3973 17.8857 -5.4411 2.8711 16.5167 -5.0493 2.8243 18.0774
3 4 -9.2812 4.2946 15.243 -8.9017 2.8865 15.1665 -6.9792 4.9541 16.3415
3 4 -6.9792 4.9541 16.3415 -8.9017 2.8865 15.1665 -5.4411 2.8711 16.5167
3 4 -9.2812 4.2946 15.243 -11.6815 3.5191 13.6387 -8.9017 2.8865 15.1665
3 4 -8.9017 2.8865 15.1665 -8.6168 1.788 15.1262 -5.4411 2.8711 16.5167
3 4 -5.4411 2.8711 16.5167 -8.6168 1.788 15.1262 -5.5965 1.6414 16.6157
3 4 -8.6168 1.788 15.1262 -8.9017 2.8865 15.1665 -11.3229 1.4772 12.9576
3 4 -11.3229 1.4772 12.9576 -8.9017 2.8865 15.1665 -11.6815 3.5191 13.6387
3 4 -14.4107 2.4815 10.2433 -13.5729 1.3551 10.6647 -11.6815 3.5191 13.6387
3 4 -11.6815 3.5191 13.6387 -13.5729 1.3551 10.6647 -11.3229 1.4772 12.9576
3 4 -14.4107 2.4815 10.2433 -14.751 0.8731 8.1674 -13.5729 1.3551 10.6647
3 4 -14.4107 2.4815 10.2433 -16.0455 1.5676 5.8877 -14.751 0.8731 8.1674
3 4 -16.0455 1.5676 5.8877 -15.3731 0.5477 5.8505 -14.751 0.8731 8.1674
3 4 -14.6914 0.189 5.8825 -14.082 0.4774 7.1118 -15.3731 0.5477 5.8505
3 4 -15.3731 0.5477 5.8505 -14.082 0.4774 7.1118 -14.751 0.8731 8.1674
3 4 -14.2101 3.493 10.0557 -16.1266 2.5242 5.6816 -14.4107 2.4815 10.2433
3 4 -14.4107 2.4815 10.2433 -16.1266 2.5242 5.6816 -16.0455 1.5676 5.8877
3 4 -16.4756 2.0181 1.1947 -16.3349 1.0401 2.6877 -16.1266 2.5242 5.6816
3 4 -16.1266 2.5242 5.6816 -16.3349 1.0401 2.6877 -16.0455 1.5676 5.8877
3 4 -11.2745 4.8999 13.4654 -14.2101 3.493 10.0557 -11.6815 3.5191 13.6387
3 4 -11.6815 3.5191 13.6387 -14.2101 3.493 10.0557 -14.4107 2.4815 10.2433
3 4 -9.7082 6.1716 14.2711 -9.2812 4.2946 15.243 -7.2708 6.3479 15.6434
3 4 -7.2708 6.3479 15.6434 -9.2812 4.2946 15.243 -6.9792 4.9541 16.3415
3 4 -12.759 6.4451 10.0159 -12.7139 6.1187 11.5173 -12.4304 6.3317 11.2903
3 4 -7.02 9.4266 15.8328 -6.7621 10.11 17.0018 -6.399 12.0005 16.1353
3 4 -6.399 12.0005 16.1353 -6.7621 10.11 17.0018 -6.0182 13.036 17.0365
3 4 -7.3533 6.4838 15.0216 -7.8519 6.5166 14.6743 -7.2708 6.3479 15.6434
3 4 -7.2708 6.3479 15.6434 -7.8519 6.5166 14.6743 -9.7082 6.1716 14.2711
3 4 -7.8519 6.5166 14.6743 -9.1005 6.5195 13.7042 -9.7082 6.1716 14.2711
3 4 -9.7082 6.1716 14.2711 -9.1005 6.5195 13.7042 -10.0136 6.4704 13.3482
3 4 -9.7082 6.1716 14.2711 -11.2745 4.8999 13.4654 -9.2812 4.2946 15.243
3 4 -9.2812 4.2946 15.243 -11.2745 4.8999 13.4654 -11.6815 3.5191 13.6387
3 4 -12.4304 6.3317 11.2903 -12.7139 6.1187 11.5173 -10.0136 6.4704 13.3482
3 4 -10.0136 6.4704 13.3482 -12.7139 6.1187 11.5173 -9.7082 6.1716 14.2711
3 4 -14.2101 3.493 10.0557 -14.7722 5.1714 8.6024 -16.1266 2.5242 5.6816
3 4 -16.1266 2.5242 5.6816 -14.7722 5.1714 8.6024 -16.1397 4.484 5.1489
3 4 -16.1397 4.484 5.1489 -16.7415 4.1139 1.9234 -16.1266 2.5242 5.6816
3 4 -16.1266 2.5242 5.6816 -16.7415 4.1139 1.9234 -16.4756 2.0181 1.1947
3 4 -10.1111 6.719 -10.0467 -10.7689 5.8637 -10.8291 -11.6831 6.6705 -8.3564
3 4 -11.6831 6.6705 -8.3564 -10.7689 5.8637 -10.8291 -12.5554 5.7741 -9.1674
3 4 1.5722 3.3632 -16.6326 1.8705 4.4853 -15.9979 2.5765 2.8918 -16.3226
3 4 2.5765 2.8918 -16.3226 1.8705 4.4853 -15.9979 2.9211 4.2988 -15.1122
3 4 2.5765 2.8918 -16.3226 2.9211 4.2988 -15.1122 5.0865 2.6779 -15.1436
3 4 5.0865 2.6779 -15.1436 2.9211 4.2988 -15.1122 4.9874 3.9447 -14.3065
3 4 4.9874 3.9447 -14.3065 2.9211 4.2988 -15.1122 5.4907 5.1281 -14.2369
3 4 5.4907 5.1281 -14.2369 2.9211 4.2988 -15.1122 3.1035 5.9019 -15.3731
3 4 6.6521 3.7225 -13.5648 6.9716 4.6516 -13.5368 8.6147 3.4485 -12.5247
3 4 8.6147 3.4485 -12.5247 6.9716 4.6516 -13.5368 8.7608 4.181 -12.5112
3 4 2.5765 2.8918 -16.3226 1.7293 1.6199 -16.7468 1.5722 3.3632 -16.6326
3 4 1.5722 3.3632 -16.6326 1.7293 1.6199 -16.7468 0.2917 1.6573 -17.2756
3 4 0.2917 1.6573 -17.2756 -0.0554 2.8977 -17.1079 1.5722 3.3632 -16.6326
3 4 1.5722 3.3632 -16.6326 -0.0554 2.8977 -17.1079 1.2277 3.9601 -16.6428
3 4 5.0865 2.6779 -15.1436 3.4277 1.2554 -15.8223 2.5765 2.8918 -16.3226
3 4 2.5765 2.8918 -16.3226 3.4277 1.2554 -15.8223 1.7293 1.6199 -16.7468
3 4 10.969 3.3103 -10.9187 12.905 3.2103 -9.325 11.0325 2.7815 -10.9632
3 4 11.0325 2.7815 -10.9632 12.905 3.2103 -9.325 12.8863 2.624 -9.278
3 4 -14.6914 0.189 5.8825 -15.3731 0.5477 5.8505 -15.4881 0.0364 2.6605
3 4 -15.4881 0.0364 2.6605 -15.3731 0.5477 5.8505 -15.8922 0.3112 2.6112
3 4 -16.3212 1.3848 -0.443 -16.4756 2.0181 1.1947 -16.5959 3.9711 -0.7341
3 4 -16.5959 3.9711 -0.7341 -16.4756 2.0181 1.1947 -16.7415 4.1139 1.9234
3 4 13.7282 0.5181 8.5431 14.5396 0.8928 9.3428 10.8715 0.8002 13.2461
3 4 10.8715 0.8002 13.2461 14.5396 0.8928 9.3428 11.4863 1.101 13.7014
3 4 6.6897 0.6758 14.5465 10.8715 0.8002 13.2461 7.8762 1.1146 15.8138
3 4 7.8762 1.1146 15.8138 10.8715 0.8002 13.2461 11.4863 1.101 13.7014
3 4 3.3545 1.1508 16.7103 4.6271 0.8643 15.4528 7.8762 1.1146 15.8138
3 4 5.7699 0.7977 14.8871 7.8762 1.1146 15.8138 4.6271 0.8643 15.4528
3 4 11.2267 3.9959 13.4517 8.1394 3.9045 15.7013 11.4863 1.101 13.7014
3 4 11.4863 1.101 13.7014 8.1394 3.9045 15.7013 7.8762 1.1146 15.8138
3 4 11.2267 3.9959 13.4517 11.4863 1.101 13.7014 14.2303 4.0667 9.4597
3 4 14.2303 4.0667 9.4597 11.4863 1.101 13.7014 14.5396 0.8928 9.3428
3 4 15.7911 0.5554 5.5811 15.8912 4.232 5.7494 14.5396 0.8928 9.3428
3 4 14.5396 0.8928 9.3428 15.8912 4.232 5.7494 14.2303 4.0667 9.4597
3 4 3.3545 1.1508 16.7103 7.8762 1.1146 15.8138 4.2256 3.9295 17.3739
3 4 4.2256 3.9295 17.3739 7.8762 1.1146 15.8138 8.1394 3.9045 15.7013
3 4 3.3545 1.1508 16.7103 4.2256 3.9295 17.3739 3.0999 1.2594 18.1422
3 4 3.0999 1.2594 18.1422 4.2256 3.9295 17.3739 3.4213 2.4538 19.5739
3 4 -5.6123 15.8109 17.1375 -5.8226 14.2585 14.0369 -6.0182 13.036 17.0365
3 4 -6.0182 13.036 17.0365 -5.8226 14.2585 14.0369 -6.399 12.0005 16.1353
3 4 -5.635 17.7797 17.5238 -5.9972 15.763 13.4282 -5.6123 15.8109 17.1375
3 4 -5.6123 15.8109 17.1375 -5.9972 15.763 13.4282 -5.8226 14.2585 14.0369
3 4 -5.9972 15.763 13.4282 -5.635 17.7797 17.5238 -6.0781 16.9179 12.3382
3 4 -6.0781 16.9179 12.3382 -5.635 17.7797 17.5238 -5.7581 19.8404 18.3847
3 4 -6.0385 16.9616 11.4927 -6.0781 16.9179 12.3382 -6.0931 21.091 11.5251
3 4 -6.0931 21.091 11.5251 -6.0781 16.9179 12.3382 -5.7581 19.8404 18.3847
3 4 3.8046 4.421 18.8971 2.3199 7.2092 19.1544 3.4244 4.2349 20.024
3 4 -5.0845 2.1662 18.1949 -3.7145 3.3215 19.394 -5.0493 2.8243 18.0774
3 4 -5.0493 2.8243 18.0774 -3.7145 3.3215 19.394 -3.8671 3.8744 18.8648
3 4 -5.0493 2.8243 18.0774 -5.4411 2.8711 16.5167 -5.0845 2.1662 18.1949
3 4 -5.0845 2.1662 18.1949 -5.4411 2.8711 16.5167 -5.5965 1.6414 16.6157
3 4 2.7986 7.6307 18.985 4.6403 5.9027 18.82 5.0315 7.6895 18.5303
3 4 -3.5959 1.4569 18.5482 -5.0845 2.1662 18.1949 -4.0506 0.3894 16.3626
3 4 -4.0506 0.3894 16.3626 -5.0845 2.1662 18.1949 -5.5965 1.6414 16.6157
3 4 -5.5381 0.8759 15.8577 -4.0506 0.3894 16.3626 -5.5965 1.6414 16.6157
3 4 -10.2828 1.2072 12.6833 -11.3229 1.4772 12.9576 -10.7 0.9283 11.6512
3 4 -10.7 0.9283 11.6512 -11.3229 1.4772 12.9576 -12.1001 0.8708 10.5698
3 4 -12.1001 0.8708 10.5698 -11.3229 1.4772 12.9576 -13.5729 1.3551 10.6647
3 4 -3.0175 8.0919 -14.5082 -3.1733 7.2564 -15.2743 -4.9375 7.5387 -13.5399
3 4 -4.9375 7.5387 -13.5399 -3.1733 7.2564 -15.2743 -5.155 6.7785 -14.312
3 4 0.9905 8.4801 -12.9473 4.6613 7.7507 -12.1159 1.7471 8.2407 -15.3057
3 4 1.7471 8.2407 -15.3057 4.6613 7.7507 -12.1159 5.3333 7.3244 -13.8929
3 4 4.6613 7.7507 -12.1159 7.443 7.1402 -10.6435 5.3333 7.3244 -13.8929
3 4 5.3333 7.3244 -13.8929 7.443 7.1402 -10.6435 8.4937 6.6456 -12.2736
3 4 11.4261 6.772 -6.1578 12.859 6.5391 -6.5958 10.7519 6.7187 -7.4555
3 4 10.7519 6.7187 -7.4555 12.859 6.5391 -6.5958 12.6772 6.252 -9.0463
3 4 7.9812 6.1353 15.3367 8.1394 3.9045 15.7013 11.0041 6.0044 13.2739
3 4 11.0041 6.0044 13.2739 8.1394 3.9045 15.7013 11.2267 3.9959 13.4517
3 4 13.7956 5.966 9.6548 13.9259 6.1786 8.3885 13.0995 6.3217 9.2941
3 4 11.178 6.0999 12.7845 11.0041 6.0044 13.2739 12.6285 6.1358 10.6515
3 4 12.6285 6.1358 10.6515 11.0041 6.0044 13.2739 13.7956 5.966 9.6548
3 4 11.0041 6.0044 13.2739 11.2267 3.9959 13.4517 13.7956 5.966 9.6548
3 4 13.7956 5.966 9.6548 11.2267 3.9959 13.4517 14.2303 4.0667 9.4597
3 4 14.3359 6.1606 6.9643 15.4018 5.8804 5.9279 14.8647 6.1742 6.0448
3 4 14.8647 6.1742 6.0448 15.4018 5.8804 5.9279 14.9952 6.0141 3.9852
3 4 16.5927 4.3644 2.6635 15.8912 4.232 5.7494 16.1731 0.4196 2.7867
3 4 16.1731 0.4196 2.7867 15.8912 4.232 5.7494 15.7911 0.5554 5.5811
3 4 14.5396 0.8928 9.3428 13.7282 0.5181 8.5431 15.7911 0.5554 5.5811
3 4 15.7911 0.5554 5.5811 13.7282 0.5181 8.5431 14.9256 0.2386 5.3904
3 4 14.9256 0.2386 5.3904 15.247 0.0673 2.8624 15.7911 0.5554 5.5811
3 4 15.7911 0.5554 5.5811 15.247 0.0673 2.8624 16.1731 0.4196 2.7867
3 4 13.7956 5.966 9.6548 14.2303 4.0667 9.4597 15.4018 5.8804 5.9279
3 4 15.4018 5.8804 5.9279 14.2303 4.0667 9.4597 15.8912 4.232 5.7494
3 4 -7.3802 1.0899 14.7245 -5.5965 1.6414 16.6157 -8.6168 1.788 15.1262
3 4 -1.539 6.1895 20.2134 -1.5762 4.9382 20.1042 -0.9818 4.5594 20.8273
3 4 -0.9818 4.5594 20.8273 -1.5762 4.9382 20.1042 -1.5192 4.1928 20.2549
3 4 -0.3485 6.9279 20.1647 -1.539 6.1895 20.2134 0.513 5.0192 20.8907
3 4 0.513 5.0192 20.8907 -1.539 6.1895 20.2134 -0.9818 4.5594 20.8273
3 4 0.6037 7.6737 19.1341 -0.3485 6.9279 20.1647 1.881 7.068 19.4041
3 4 1.881 7.068 19.4041 -0.3485 6.9279 20.1647 0.513 5.0192 20.8907
3 4 -2.4824 4.3227 20.0128 -1.5762 4.9382 20.1042 -2.65 4.9869 19.5722
3 4 -2.65 4.9869 19.5722 -1.5762 4.9382 20.1042 -2.1476 5.5794 19.4594
3 4 5.6015 19.635 11.7853 5.2088 18.4052 14.4588 5.1559 17.1311 12.0243
3 4 5.1559 17.1311 12.0243 5.2088 18.4052 14.4588 5.0037 16.4076 13.3958
3 4 -0.9617 19.3719 16.8214 2.2614 22.7247 17.7473 -1.0964 19.7053 12.995
3 4 -1.0964 19.7053 12.995 2.2614 22.7247 17.7473 2.3217 23.7391 12.8325
3 4 -1.0964 19.7053 12.995 -2.3009 21.9991 12.8362 -0.9617 19.3719 16.8214
3 4 -0.9617 19.3719 16.8214 -2.3009 21.9991 12.8362 -2.3711 20.5903 17.7279
3 4 -4.4337 20.3308 19.0785 -2.3711 20.5903 17.7279 -4.445 22.1497 12.2594
3 4 -4.445 22.1497 12.2594 -2.3711 20.5903 17.7279 -2.3009 21.9991 12.8362
3 4 -6.0931 21.091 11.5251 -5.7581 19.8404 18.3847 -4.445 22.1497 12.2594
3 4 -4.445 22.1497 12.2594 -5.7581 19.8404 18.3847 -4.4337 20.3308 19.0785
3 4 5.5321 22.7052 11.8056 4.0485 23.5748 12.4058 5.2339 22.5835 16.0053
3 4 5.2339 22.5835 16.0053 4.0485 23.5748 12.4058 3.6388 23.3189 16.6742
3 4 3.9246 22.3489 18.6221 4.9531 22.0012 18.6591 3.6388 23.3189 16.6742
3 4 3.6388 23.3189 16.6742 4.9531 22.0012 18.6591 5.2339 22.5835 16.0053
3 4 4.0485 23.5748 12.4058 2.3217 23.7391 12.8325 3.6388 23.3189 16.6742
3 4 3.6388 23.3189 16.6742 2.3217 23.7391 12.8325 2.2614 22.7247 17.7473
3 4 3.1123 22.39 18.5646 3.9246 22.3489 18.6221 2.2614 22.7247 17.7473
3 4 2.2614 22.7247 17.7473 3.9246 22.3489 18.6221 3.6388 23.3189 16.6742
3 4 2.3813 21.3048 18.5147 3.0391 21.1506 18.5913 3.1123 22.39 18.5646
3 4 3.1123 22.39 18.5646 3.0391 21.1506 18.5913 3.9246 22.3489 18.6221
3 4 3.0391 21.1506 18.5913 3.6581 20.7498 18.2993 3.9246 22.3489 18.6221
3 4 3.9246 22.3489 18.6221 3.6581 20.7498 18.2993 4.9531 22.0012 18.6591
3 4 4.0911 19.6971 18.1642 5.2522 20.5891 18.0447 3.6581 20.7498 18.2993
3 4 3.6581 20.7498 18.2993 5.2522 20.5891 18.0447 4.9531 22.0012 18.6591
3 4 0.2303 16.5273 18.4286 1.5119 16.2292 18.5843 1.0638 18.9941 18.4401
3 4 1.0638 18.9941 18.4401 1.5119 16.2292 18.5843 1.9741 18.817 18.4895
3 4 -1.3761 16.1219 17.5837 0.2303 16.5273 18.4286 -0.9617 19.3719 16.8214
3 4 -0.9617 19.3719 16.8214 0.2303 16.5273 18.4286 1.0638 18.9941 18.4401
3 4 2.7986 7.6307 18.985 5.0315 7.6895 18.5303 3.5477 10.4011 18.305
3 4 3.5477 10.4011 18.305 5.0315 7.6895 18.5303 4.9461 9.7304 18.1293
3 4 -10.1111 6.719 -10.0467 -7.7772 6.9807 -11.7742 -10.7689 5.8637 -10.8291
3 4 -10.7689 5.8637 -10.8291 -7.7772 6.9807 -11.7742 -8.1079 6.1652 -12.6883
3 4 16.5927 4.3644 2.6635 16.2547 5.5729 3.2713 15.8912 4.232 5.7494
3 4 15.8912 4.232 5.7494 16.2547 5.5729 3.2713 15.4018 5.8804 5.9279
3 4 11.178 6.0999 12.7845 10.6067 6.4313 12.9298 11.0041 6.0044 13.2739
3 4 11.0041 6.0044 13.2739 10.6067 6.4313 12.9298 9.8822 6.3423 13.779
3 4 3.5243 13.9416 17.7137 3.5477 10.4011 18.305 4.6345 12.4268 17.5023
3 4 4.6345 12.4268 17.5023 3.5477 10.4011 18.305 4.9461 9.7304 18.1293
3 4 4.6345 12.4268 17.5023 4.9461 9.7304 18.1293 4.9719 12.2999 15.2332
3 4 4.9719 12.2999 15.2332 4.9461 9.7304 18.1293 5.5321 8.8749 16.2327
3 4 4.9719 12.2999 15.2332 4.9901 13.0042 14.5149 4.6345 12.4268 17.5023
3 4 4.6345 12.4268 17.5023 4.9901 13.0042 14.5149 4.5663 14.8882 17.1362
3 4 2.2858 8.4825 19.2741 2.669 10.8827 18.9202 0.859 8.8003 18.9933
3 4 0.859 8.8003 18.9933 2.669 10.8827 18.9202 1.0635 11.3345 18.8857
3 4 5.2339 22.5835 16.0053 5.3431 20.7563 15.5304 5.5321 22.7052 11.8056
3 4 5.5321 22.7052 11.8056 5.3431 20.7563 15.5304 5.5636 21.3111 11.7964
3 4 5.3431 20.7563 15.5304 5.2339 22.5835 16.0053 5.2522 20.5891 18.0447
3 4 5.2522 20.5891 18.0447 5.2339 22.5835 16.0053 4.9531 22.0012 18.6591
3 4 3.6052 17.8844 17.7991 4.6307 17.276 17.3485 4.0911 19.6971 18.1642
3 4 4.0911 19.6971 18.1642 4.6307 17.276 17.3485 5.2522 20.5891 18.0447
3 4 2.8137 14.1224 18.4669 2.6889 16.065 18.4337 1.2942 14.1951 18.7643
3 4 1.2942 14.1951 18.7643 2.6889 16.065 18.4337 1.5119 16.2292 18.5843
3 4 2.6889 16.065 18.4337 2.6848 18.3562 18.4521 1.5119 16.2292 18.5843
3 4 1.5119 16.2292 18.5843 2.6848 18.3562 18.4521 1.9741 18.817 18.4895
3 4 3.5243 13.9416 17.7137 3.5048 15.8377 17.6023 2.8137 14.1224 18.4669
3 4 2.8137 14.1224 18.4669 3.5048 15.8377 17.6023 2.6889 16.065 18.4337
3 4 4.6345 12.4268 17.5023 4.5663 14.8882 17.1362 3.5243 13.9416 17.7137
3 4 3.5243 13.9416 17.7137 4.5663 14.8882 17.1362 3.5048 15.8377 17.6023
3 4 4.5663 14.8882 17.1362 4.6307 17.276 17.3485 3.5048 15.8377 17.6023
3 4 3.5048 15.8377 17.6023 4.6307 17.276 17.3485 3.6052 17.8844 17.7991
3 4 2.6848 18.3562 18.4521 2.6889 16.065 18.4337 3.6052 17.8844 17.7991
3 4 3.6052 17.8844 17.7991 2.6889 16.065 18.4337 3.5048 15.8377 17.6023
3 4 16.8869 4.5104 -1.2639 16.4979 5.83 -0.7452 16.5927 4.3644 2.6635
3 4 16.5927 4.3644 2.6635 16.4979 5.83 -0.7452 16.2547 5.5729 3.2713
3 4 12.859 6.5391 -6.5958 14.6341 6.3082 -4.5156 14.0379 6.1944 -7.3275
3 4 14.0379 6.1944 -7.3275 14.6341 6.3082 -4.5156 15.4014 6.015 -5.1614
3 4 15.3641 6.34 -2.0606 16.2655 5.8275 -2.8268 14.6341 6.3082 -4.5156
3 4 14.6341 6.3082 -4.5156 16.2655 5.8275 -2.8268 15.4014 6.015 -5.1614
3 4 15.9509 6.3412 -0.9313 16.4979 5.83 -0.7452 15.3641 6.34 -2.0606
3 4 15.3641 6.34 -2.0606 16.4979 5.83 -0.7452 16.2655 5.8275 -2.8268
3 4 16.2547 5.5729 3.2713 16.4979 5.83 -0.7452 15.4421 6.1121 3.3156
3 4 15.4421 6.1121 3.3156 16.4979 5.83 -0.7452 15.9509 6.3412 -0.9313
3 4 15.4018 5.8804 5.9279 14.3359 6.1606 6.9643 13.7956 5.966 9.6548
3 4 13.7956 5.966 9.6548 14.3359 6.1606 6.9643 13.9259 6.1786 8.3885
3 4 15.4421 6.1121 3.3156 14.9952 6.0141 3.9852 16.2547 5.5729 3.2713
3 4 16.2547 5.5729 3.2713 14.9952 6.0141 3.9852 15.4018 5.8804 5.9279
3 4 -12.759 6.4451 10.0159 -13.9667 6.4454 9.4489 -12.7139 6.1187 11.5173
3 4 -12.7139 6.1187 11.5173 -13.9667 6.4454 9.4489 -14.7466 5.9217 8.3087
3 4 -14.2531 5.5884 -7.1385 -13.1645 6.2961 -6.5733 -12.5554 5.7741 -9.1674
3 4 -12.5554 5.7741 -9.1674 -13.1645 6.2961 -6.5733 -11.6831 6.6705 -8.3564
3 4 11.0041 6.0044 13.2739 9.8822 6.3423 13.779 7.9812 6.1353 15.3367
3 4 7.9812 6.1353 15.3367 9.8822 6.3423 13.779 7.5574 6.4947 14.7778
3 4 5.5124 6.1782 16.677 7.9812 6.1353 15.3367 6.4545 6.2614 14.8117
3 4 6.4545 6.2614 14.8117 7.9812 6.1353 15.3367 7.5574 6.4947 14.7778
3 4 5.5124 6.1782 16.677 6.4545 6.2614 14.8117 5.4861 6.6541 15.8466
3 4 4.2256 3.9295 17.3739 8.1394 3.9045 15.7013 5.5124 6.1782 16.677
3 4 5.5124 6.1782 16.677 8.1394 3.9045 15.7013 7.9812 6.1353 15.3367
3 4 -4.4451 8.4917 19.4327 -7.054 7.5402 17.476 -4.397 7.3965 19.6488
3 4 -4.397 7.3965 19.6488 -7.054 7.5402 17.476 -6.6814 5.3973 17.8857
3 4 -0.8506 8.9975 18.0335 -4.4451 8.4917 19.4327 -1.1553 8.0447 18.4687
3 4 -1.1553 8.0447 18.4687 -4.4451 8.4917 19.4327 -3.3853 7.491 18.7807
3 4 -3.3853 7.491 18.7807 -4.4451 8.4917 19.4327 -4.397 7.3965 19.6488
3 4 0.0928 9.3998 18.8922 -0.8506 8.9975 18.0335 -0.422 7.9692 18.9541
3 4 -0.422 7.9692 18.9541 -0.8506 8.9975 18.0335 -1.1553 8.0447 18.4687
3 4 0.6037 7.6737 19.1341 0.859 8.8003 18.9933 -0.422 7.9692 18.9541
3 4 -0.422 7.9692 18.9541 0.859 8.8003 18.9933 0.0928 9.3998 18.8922
3 4 1.881 7.068 19.4041 2.2858 8.4825 19.2741 0.6037 7.6737 19.1341
3 4 0.6037 7.6737 19.1341 2.2858 8.4825 19.2741 0.859 8.8003 18.9933
3 4 1.881 7.068 19.4041 2.3199 7.2092 19.1544 2.2858 8.4825 19.2741
3 4 2.7986 7.6307 18.985 2.2858 8.4825 19.2741 2.3199 7.2092 19.1544
3 4 2.7986 7.6307 18.985 2.3199 7.2092 19.1544 4.6403 5.9027 18.82
3 4 4.6403 5.9027 18.82 2.3199 7.2092 19.1544 3.8046 4.421 18.8971
3 4 -7.054 7.5402 17.476 -7.2708 6.3479 15.6434 -6.6814 5.3973 17.8857
3 4 -6.6814 5.3973 17.8857 -7.2708 6.3479 15.6434 -6.9792 4.9541 16.3415
3 4 -7.054 7.5402 17.476 -7.1711 7.573 15.3162 -7.2708 6.3479 15.6434
3 4 -7.2708 6.3479 15.6434 -7.1711 7.573 15.3162 -7.3533 6.4838 15.0216
3 4 -15.3619 6.0648 6.4216 -15.7021 5.7168 6.2948 -14.5533 6.3052 7.4669
3 4 -14.5533 6.3052 7.4669 -15.7021 5.7168 6.2948 -14.7466 5.9217 8.3087
3 4 -16.7523 5.4263 1.9154 -16.4418 5.5908 3.9371 -16.2494 5.7464 2.1857
3 4 -16.2494 5.7464 2.1857 -16.4418 5.5908 3.9371 -14.6248 5.4461 3.5972
3 4 -16.5737 5.4397 -0.7215 -16.7523 5.4263 1.9154 -15.7539 6.0486 -0.2717
3 4 -15.7539 6.0486 -0.2717 -16.7523 5.4263 1.9154 -16.2494 5.7464 2.1857
3 4 -14.6248 5.4461 3.5972 -16.4418 5.5908 3.9371 -15.3619 6.0648 6.4216
3 4 -15.3619 6.0648 6.4216 -16.4418 5.5908 3.9371 -15.7021 5.7168 6.2948
3 4 -5.5965 1.6414 16.6157 -7.3802 1.0899 14.7245 -5.5381 0.8759 15.8577
3 4 1.2277 3.9601 -16.6428 -0.0554 2.8977 -17.1079 1.057 4.7593 -16.5531
3 4 1.057 4.7593 -16.5531 -0.0554 2.8977 -17.1079 -0.5317 5.3891 -16.8929
3 4 1.057 4.7593 -16.5531 -0.5317 5.3891 -16.8929 1.288 5.4744 -16.3162
3 4 1.288 5.4744 -16.3162 -0.5317 5.3891 -16.8929 -0.3969 7.1273 -16.5997
3 4 -0.0024 8.131 -16.1591 1.9087 5.8117 -15.9715 -0.3969 7.1273 -16.5997
3 4 -0.3969 7.1273 -16.5997 1.9087 5.8117 -15.9715 1.288 5.4744 -16.3162
3 4 3.1035 5.9019 -15.3731 1.9087 5.8117 -15.9715 1.7471 8.2407 -15.3057
3 4 1.7471 8.2407 -15.3057 1.9087 5.8117 -15.9715 -0.0024 8.131 -16.1591
3 4 1.9087 5.8117 -15.9715 3.1035 5.9019 -15.3731 1.8705 4.4853 -15.9979
3 4 1.8705 4.4853 -15.9979 3.1035 5.9019 -15.3731 2.9211 4.2988 -15.1122
3 4 1.9087 5.8117 -15.9715 1.8705 4.4853 -15.9979 1.288 5.4744 -16.3162
3 4 1.288 5.4744 -16.3162 1.8705 4.4853 -15.9979 1.057 4.7593 -16.5531
3 4 1.5722 3.3632 -16.6326 1.2277 3.9601 -16.6428 1.8705 4.4853 -15.9979
3 4 1.8705 4.4853 -15.9979 1.2277 3.9601 -16.6428 1.057 4.7593 -16.5531
3 4 -12.7139 6.1187 11.5173 -14.7466 5.9217 8.3087 -14.7722 5.1714 8.6024
3 4 -11.2745 4.8999 13.4654 -12.7139 6.1187 11.5173 -14.2101 3.493 10.0557
3 4 -14.2101 3.493 10.0557 -12.7139 6.1187 11.5173 -14.7722 5.1714 8.6024
3 4 -12.7139 6.1187 11.5173 -11.2745 4.8999 13.4654 -9.7082 6.1716 14.2711
3 4 15.247 0.0673 2.8624 16.0647 0.0594 0.5472 16.1731 0.4196 2.7867
3 4 16.1731 0.4196 2.7867 16.0647 0.0594 0.5472 16.4398 0.4386 0.1465
3 4 0.2917 1.6573 -17.2756 -0.3452 1.7374 -17.1993 -0.0554 2.8977 -17.1079
3 4 -0.0554 2.8977 -17.1079 -0.3452 1.7374 -17.1993 -0.6592 2.6929 -17.0204
3 4 -8.1734 4.2782 -12.826 -8.487 1.793 -12.8086 -10.8896 3.9652 -10.8028
3 4 -10.8896 3.9652 -10.8028 -8.487 1.793 -12.8086 -11.1587 1.6067 -10.7974
3 4 -8.487 1.793 -12.8086 -4.9743 3.2595 -14.9305 -7.5051 2.1334 -13.4232
3 4 -4.9743 3.2595 -14.9305 -4.7135 2.1094 -14.6212 -7.5051 2.1334 -13.4232
3 4 -1.6216 3.6737 -16.6622 -1.5873 2.3748 -16.0608 -2.9779 3.8954 -15.9945
3 4 -1.5873 2.3748 -16.0608 -4.7135 2.1094 -14.6212 -2.9779 3.8954 -15.9945
3 4 -2.9779 3.8954 -15.9945 -4.7135 2.1094 -14.6212 -4.9743 3.2595 -14.9305
3 4 -1.6216 3.6737 -16.6622 -0.6592 2.6929 -17.0204 -1.5873 2.3748 -16.0608
3 4 -1.5873 2.3748 -16.0608 -0.6592 2.6929 -17.0204 -0.3452 1.7374 -17.1993
3 4 -5.1857 5.1195 -14.5059 -3.6343 5.6731 -15.4006 -4.9743 3.2595 -14.9305
3 4 -4.9743 3.2595 -14.9305 -3.6343 5.6731 -15.4006 -2.9779 3.8954 -15.9945
3 4 -14.7466 5.9217 8.3087 -15.7021 5.7168 6.2948 -14.7722 5.1714 8.6024
3 4 -14.7722 5.1714 8.6024 -15.7021 5.7168 6.2948 -16.1397 4.484 5.1489
3 4 -15.7021 5.7168 6.2948 -16.4418 5.5908 3.9371 -16.1397 4.484 5.1489
3 4 -16.1397 4.484 5.1489 -16.4418 5.5908 3.9371 -16.7415 4.1139 1.9234
3 4 -16.7415 4.1139 1.9234 -16.4418 5.5908 3.9371 -16.7523 5.4263 1.9154
3 4 -16.7523 5.4263 1.9154 -16.5737 5.4397 -0.7215 -16.7415 4.1139 1.9234
3 4 -16.7415 4.1139 1.9234 -16.5737 5.4397 -0.7215 -16.5959 3.9711 -0.7341
3 4 -16.5737 5.4397 -0.7215 -15.6869 5.5111 -3.8677 -16.5959 3.9711 -0.7341
3 4 -16.5959 3.9711 -0.7341 -15.6869 5.5111 -3.8677 -15.6926 3.8588 -3.9849
3 4 -14.2646 3.8238 -7.176 -14.2531 5.5884 -7.1385 -12.7324 3.8443 -9.0226
3 4 -12.7324 3.8443 -9.0226 -14.2531 5.5884 -7.1385 -12.5554 5.7741 -9.1674
3 4 -10.7689 5.8637 -10.8291 -10.8896 3.9652 -10.8028 -12.5554 5.7741 -9.1674
3 4 -12.5554 5.7741 -9.1674 -10.8896 3.9652 -10.8028 -12.7324 3.8443 -9.0226
3 4 -10.8896 3.9652 -10.8028 -10.7689 5.8637 -10.8291 -8.1734 4.2782 -12.826
3 4 -8.1734 4.2782 -12.826 -10.7689 5.8637 -10.8291 -8.1079 6.1652 -12.6883
3 4 -3.6343 5.6731 -15.4006 -2.757 6.0346 -15.9299 -2.9779 3.8954 -15.9945
3 4 -2.9779 3.8954 -15.9945 -2.757 6.0346 -15.9299 -1.6216 3.6737 -16.6622
3 4 -0.6592 2.6929 -17.0204 -1.6216 3.6737 -16.6622 -0.0554 2.8977 -17.1079
3 4 -0.0554 2.8977 -17.1079 -1.6216 3.6737 -16.6622 -0.5317 5.3891 -16.8929
3 4 -2.757 6.0346 -15.9299 -0.5317 5.3891 -16.8929 -1.6216 3.6737 -16.6622
3 4 -5.1857 5.1195 -14.5059 -5.155 6.7785 -14.312 -3.6343 5.6731 -15.4006
3 4 -3.6343 5.6731 -15.4006 -5.155 6.7785 -14.312 -3.1733 7.2564 -15.2743
3 4 -3.6343 5.6731 -15.4006 -3.1733 7.2564 -15.2743 -2.757 6.0346 -15.9299
3 4 -2.757 6.0346 -15.9299 -3.1733 7.2564 -15.2743 -2.4154 7.3039 -15.6981
3 4 -1.3215 7.1258 -16.3152 -2.757 6.0346 -15.9299 -2.4154 7.3039 -15.6981
3 4 -0.3969 7.1273 -16.5997 -0.5317 5.3891 -16.8929 -1.3215 7.1258 -16.3152
3 4 -1.3215 7.1258 -16.3152 -0.5317 5.3891 -16.8929 -2.757 6.0346 -15.9299
3 4 -10.5199 6.6259 -7.6788 -11.6831 6.6705 -8.3564 -11.3007 6.7147 -6.4929
3 4 -11.3007 6.7147 -6.4929 -11.6831 6.6705 -8.3564 -13.1645 6.2961 -6.5733
3 4 -9.0774 6.7546 -9.3398 -10.1111 6.719 -10.0467 -10.5199 6.6259 -7.6788
3 4 -10.5199 6.6259 -7.6788 -10.1111 6.719 -10.0467 -11.6831 6.6705 -8.3564
3 4 -10.1111 6.719 -10.0467 -9.0774 6.7546 -9.3398 -7.7772 6.9807 -11.7742
3 4 -7.7772 6.9807 -11.7742 -9.0774 6.7546 -9.3398 -7.4052 6.9449 -10.722
3 4 -4.9375 7.5387 -13.5399 -4.0576 7.5493 -12.3847 -3.0175 8.0919 -14.5082
3 4 -3.0175 8.0919 -14.5082 -4.0576 7.5493 -12.3847 -2.4549 8.0258 -12.5996
3 4 -0.2918 8.5557 -15.2822 -2.4154 7.3039 -15.6981 -3.0175 8.0919 -14.5082
3 4 -3.0175 8.0919 -14.5082 -2.4154 7.3039 -15.6981 -3.1733 7.2564 -15.2743
3 4 -16.3212 1.3848 -0.443 -16.5959 3.9711 -0.7341 -15.7302 0.3685 -2.3704
3 4 -15.7302 0.3685 -2.3704 -16.5959 3.9711 -0.7341 -15.6926 3.8588 -3.9849
3 4 -14.7972 0.2103 -6.0524 -14.1757 -0.1809 -5.4858 -15.7302 0.3685 -2.3704
3 4 -13.1147 1.504 -8.8916 -12.7324 3.8443 -9.0226 -11.1587 1.6067 -10.7974
3 4 -11.1587 1.6067 -10.7974 -12.7324 3.8443 -9.0226 -10.8896 3.9652 -10.8028
3 4 -13.9667 6.4454 9.4489 -14.3139 6.3552 8.5051 -14.7466 5.9217 8.3087
3 4 -14.3139 6.3552 8.5051 -14.5533 6.3052 7.4669 -14.7466 5.9217 8.3087
3 4 10.9953 3.7934 -10.8925 10.969 3.3103 -10.9187 8.7608 4.181 -12.5112
3 4 8.7608 4.181 -12.5112 10.969 3.3103 -10.9187 8.6147 3.4485 -12.5247
3 4 -13.1147 1.504 -8.8916 -14.1782 1.7039 -7.7489 -12.7324 3.8443 -9.0226
3 4 -12.7324 3.8443 -9.0226 -14.1782 1.7039 -7.7489 -14.2646 3.8238 -7.176
3 4 -14.1782 1.7039 -7.7489 -13.1147 1.504 -8.8916 -13.7446 -0.0098 -7.5933
3 4 -13.7446 -0.0098 -7.5933 -13.1147 1.504 -8.8916 -13.0354 -0.0402 -8.5394
3 4 -14.7972 0.2103 -6.0524 -14.1782 1.7039 -7.7489 -13.7446 -0.0098 -7.5933
3 4 -14.1782 1.7039 -7.7489 -14.7972 0.2103 -6.0524 -14.2646 3.8238 -7.176
3 4 -11.02 -0.3226 -10.4058 -11.1587 1.6067 -10.7974 -8.9016 -0.3884 -11.9157
3 4 -8.9016 -0.3884 -11.9157 -11.1587 1.6067 -10.7974 -8.487 1.793 -12.8086
3 4 1.7471 8.2407 -15.3057 5.3333 7.3244 -13.8929 3.1035 5.9019 -15.3731
3 4 3.1035 5.9019 -15.3731 5.3333 7.3244 -13.8929 5.4907 5.1281 -14.2369
3 4 12.9171 3.6667 -9.2761 12.905 3.2103 -9.325 10.9953 3.7934 -10.8925
3 4 10.9953 3.7934 -10.8925 12.905 3.2103 -9.325 10.969 3.3103 -10.9187
3 4 4.2256 3.9295 17.3739 3.8046 4.421 18.8971 3.4213 2.4538 19.5739
3 4 3.4213 2.4538 19.5739 3.8046 4.421 18.8971 3.4244 4.2349 20.024
3 4 4.2256 3.9295 17.3739 5.5124 6.1782 16.677 4.6403 5.9027 18.82
3 4 4.6403 5.9027 18.82 5.5124 6.1782 16.677 5.0315 7.6895 18.5303
3 4 3.8046 4.421 18.8971 4.2256 3.9295 17.3739 4.6403 5.9027 18.82
3 4 4.9901 13.0042 14.5149 5.0186 14.9868 13.9548 4.5663 14.8882 17.1362
3 4 4.5663 14.8882 17.1362 5.0186 14.9868 13.9548 4.6307 17.276 17.3485
3 4 8.7771 5.6319 -12.3272 10.9948 5.274 -10.7949 8.7608 4.181 -12.5112
3 4 8.7608 4.181 -12.5112 10.9948 5.274 -10.7949 10.9953 3.7934 -10.8925
3 4 10.9948 5.274 -10.7949 12.8899 5.1213 -9.2263 10.9953 3.7934 -10.8925
3 4 10.9953 3.7934 -10.8925 12.8899 5.1213 -9.2263 12.9171 3.6667 -9.2761
3 4 14.4566 2.7299 -7.4575 12.8863 2.624 -9.278 14.5225 3.0961 -7.4882
3 4 14.5225 3.0961 -7.4882 12.8863 2.624 -9.278 12.905 3.2103 -9.325
3 4 14.5744 3.5103 -7.4624 14.5225 3.0961 -7.4882 12.9171 3.6667 -9.2761
3 4 12.9171 3.6667 -9.2761 14.5225 3.0961 -7.4882 12.905 3.2103 -9.325
3 4 14.5744 3.5103 -7.4624 12.9171 3.6667 -9.2761 14.4299 4.9352 -7.4803
3 4 14.4299 4.9352 -7.4803 12.9171 3.6667 -9.2761 12.8899 5.1213 -9.2263
3 4 16.4979 5.83 -0.7452 16.8869 4.5104 -1.2639 16.2655 5.8275 -2.8268
3 4 16.2655 5.8275 -2.8268 16.8869 4.5104 -1.2639 16.5878 4.7238 -3.1948
3 4 15.716 4.8545 -5.3347 15.4014 6.015 -5.1614 16.5878 4.7238 -3.1948
3 4 16.5878 4.7238 -3.1948 15.4014 6.015 -5.1614 16.2655 5.8275 -2.8268
3 4 6.6521 3.7225 -13.5648 6.7601 2.7588 -14.0976 4.9874 3.9447 -14.3065
3 4 4.9874 3.9447 -14.3065 6.7601 2.7588 -14.0976 5.0865 2.6779 -15.1436
3 4 6.9716 4.6516 -13.5368 6.6521 3.7225 -13.5648 5.4907 5.1281 -14.2369
3 4 5.4907 5.1281 -14.2369 6.6521 3.7225 -13.5648 4.9874 3.9447 -14.3065
3 4 8.7771 5.6319 -12.3272 8.7608 4.181 -12.5112 7.3816 5.8719 -13.2167
3 4 7.3816 5.8719 -13.2167 8.7608 4.181 -12.5112 6.9716 4.6516 -13.5368
3 4 6.9716 4.6516 -13.5368 5.4907 5.1281 -14.2369 7.3816 5.8719 -13.2167
3 4 7.3816 5.8719 -13.2167 5.4907 5.1281 -14.2369 5.3333 7.3244 -13.8929
3 4 5.3333 7.3244 -13.8929 8.4937 6.6456 -12.2736 7.3816 5.8719 -13.2167
3 4 7.3816 5.8719 -13.2167 8.4937 6.6456 -12.2736 8.7771 5.6319 -12.3272
3 4 10.9948 5.274 -10.7949 8.7771 5.6319 -12.3272 10.9489 6.4236 -10.4621
3 4 10.9489 6.4236 -10.4621 8.7771 5.6319 -12.3272 8.4937 6.6456 -12.2736
3 4 12.8899 5.1213 -9.2263 10.9948 5.274 -10.7949 12.6772 6.252 -9.0463
3 4 12.6772 6.252 -9.0463 10.9948 5.274 -10.7949 10.9489 6.4236 -10.4621
3 4 12.6772 6.252 -9.0463 14.0379 6.1944 -7.3275 12.8899 5.1213 -9.2263
3 4 12.8899 5.1213 -9.2263 14.0379 6.1944 -7.3275 14.4299 4.9352 -7.4803
3 4 6.7601 2.7588 -14.0976 4.7937 0.8154 -14.7826 5.0865 2.6779 -15.1436
3 4 5.0865 2.6779 -15.1436 4.7937 0.8154 -14.7826 3.4277 1.2554 -15.8223
3 4 -15.8922 0.3112 2.6112 -15.3731 0.5477 5.8505 -16.3349 1.0401 2.6877
3 4 -16.3349 1.0401 2.6877 -15.3731 0.5477 5.8505 -16.0455 1.5676 5.8877
3 4 -14.082 0.4774 7.1118 -12.5743 0.6352 9.4905 -14.751 0.8731 8.1674
3 4 -14.751 0.8731 8.1674 -12.5743 0.6352 9.4905 -13.5729 1.3551 10.6647
3 4 -12.5743 0.6352 9.4905 -12.1001 0.8708 10.5698 -13.5729 1.3551 10.6647
3 4 15.716 4.8545 -5.3347 16.5878 4.7238 -3.1948 15.6993 2.6187 -5.2192
3 4 15.6993 2.6187 -5.2192 16.5878 4.7238 -3.1948 16.7947 2.81 -3.1013
3 4 16.7947 2.81 -3.1013 16.5878 4.7238 -3.1948 17.0409 3.0113 -1.5696
3 4 17.0409 3.0113 -1.5696 16.5878 4.7238 -3.1948 16.8869 4.5104 -1.2639
3 4 17.0409 3.0113 -1.5696 16.8869 4.5104 -1.2639 16.8456 2.6319 0.2357
3 4 16.8456 2.6319 0.2357 16.8869 4.5104 -1.2639 16.5927 4.3644 2.6635
3 4 8.6147 3.4485 -12.5247 8.4602 2.8397 -12.9351 6.6521 3.7225 -13.5648
3 4 6.6521 3.7225 -13.5648 8.4602 2.8397 -12.9351 6.7601 2.7588 -14.0976
3 4 10.969 3.3103 -10.9187 11.0325 2.7815 -10.9632 8.6147 3.4485 -12.5247
3 4 8.6147 3.4485 -12.5247 11.0325 2.7815 -10.9632 8.4602 2.8397 -12.9351
3 4 11.0325 2.7815 -10.9632 10.3044 2.4646 -11.5152 8.4602 2.8397 -12.9351
3 4 8.4602 2.8397 -12.9351 10.3044 2.4646 -11.5152 8.3019 2.506 -13.1324
3 4 6.9645 1.6331 -13.8253 6.7601 2.7588 -14.0976 8.3019 2.506 -13.1324
3 4 8.3019 2.506 -13.1324 6.7601 2.7588 -14.0976 8.4602 2.8397 -12.9351
3 4 6.9645 1.6331 -13.8253 5.8017 0.5295 -14.0775 6.7601 2.7588 -14.0976
3 4 6.7601 2.7588 -14.0976 5.8017 0.5295 -14.0775 4.7937 0.8154 -14.7826
3 4 -13.0354 -0.0402 -8.5394 -13.1147 1.504 -8.8916 -11.02 -0.3226 -10.4058
3 4 -11.02 -0.3226 -10.4058 -13.1147 1.504 -8.8916 -11.1587 1.6067 -10.7974
3 4 -13.0354 -0.0402 -8.5394 -12.483 -0.4217 -7.6909 -13.7446 -0.0098 -7.5933
3 4 -12.483 -0.4217 -7.6909 -14.1757 -0.1809 -5.4858 -13.7446 -0.0098 -7.5933
3 4 -14.1757 -0.1809 -5.4858 -14.7972 0.2103 -6.0524 -13.7446 -0.0098 -7.5933
3 4 -12.483 -0.4217 -7.6909 -13.0354 -0.0402 -8.5394 -11.864 -0.3789 -9.2769
3 4 -11.864 -0.3789 -9.2769 -13.0354 -0.0402 -8.5394 -11.02 -0.3226 -10.4058
3 4 -11.864 -0.3789 -9.2769 -11.02 -0.3226 -10.4058 -10.3927 -0.7408 -10.1463
3 4 -10.3927 -0.7408 -10.1463 -11.02 -0.3226 -10.4058 -8.9016 -0.3884 -11.9157
3 4 -7.3802 1.0899 14.7245 -8.6168 1.788 15.1262 -10.2828 1.2072 12.6833
3 4 -10.2828 1.2072 12.6833 -8.6168 1.788 15.1262 -11.3229 1.4772 12.9576
3 4 -6.7621 10.11 17.0018 -7.02 9.4266 15.8328 -7.054 7.5402 17.476
3 4 -7.054 7.5402 17.476 -7.02 9.4266 15.8328 -7.1711 7.573 15.3162
3 4 0.513 5.0192 20.8907 0.7157 2.174 20.1982 3.4244 4.2349 20.024
3 4 3.4244 4.2349 20.024 0.7157 2.174 20.1982 3.4213 2.4538 19.5739
3 4 -0.9818 4.5594 20.8273 -0.9127 2.4931 20.3178 0.513 5.0192 20.8907
3 4 0.513 5.0192 20.8907 -0.9127 2.4931 20.3178 0.7157 2.174 20.1982
3 4 -1.5138 2.7362 19.7188 -0.9127 2.4931 20.3178 -1.5192 4.1928 20.2549
3 4 -1.5192 4.1928 20.2549 -0.9127 2.4931 20.3178 -0.9818 4.5594 20.8273
3 4 -1.8188 1.2443 18.3178 -3.5959 1.4569 18.5482 -2.3016 0.4058 16.6761
3 4 -2.3016 0.4058 16.6761 -3.5959 1.4569 18.5482 -4.0506 0.3894 16.3626
3 4 -1.1073 1.1522 19.1603 -1.8188 1.2443 18.3178 -1.6429 -0.363 16.7619
3 4 -1.6429 -0.363 16.7619 -1.8188 1.2443 18.3178 -2.3016 0.4058 16.6761
3 4 0.6077 0.9584 19.4236 -1.1073 1.1522 19.1603 0.0277 -0.264 17.485
3 4 0.0277 -0.264 17.485 -1.1073 1.1522 19.1603 -1.6429 -0.363 16.7619
3 4 3.0999 1.2594 18.1422 0.6077 0.9584 19.4236 2.898 0.5094 17.2432
3 4 2.898 0.5094 17.2432 0.6077 0.9584 19.4236 0.0277 -0.264 17.485
3 4 3.3545 1.1508 16.7103 3.0999 1.2594 18.1422 2.898 0.5094 17.2432
3 4 -1.5138 2.7362 19.7188 -2.8133 2.4393 19.6846 -1.8188 1.2443 18.3178
3 4 -1.8188 1.2443 18.3178 -2.8133 2.4393 19.6846 -3.5959 1.4569 18.5482
3 4 -2.8133 2.4393 19.6846 -1.5138 2.7362 19.7188 -2.6879 3.0616 19.9578
3 4 -2.6879 3.0616 19.9578 -1.5138 2.7362 19.7188 -1.5192 4.1928 20.2549
3 4 -2.6879 3.0616 19.9578 -1.5192 4.1928 20.2549 -2.4824 4.3227 20.0128
3 4 -2.4824 4.3227 20.0128 -1.5192 4.1928 20.2549 -1.5762 4.9382 20.1042
3 4 -2.4824 4.3227 20.0128 -3.7145 3.3215 19.394 -2.6879 3.0616 19.9578
3 4 -2.6879 3.0616 19.9578 -3.7145 3.3215 19.394 -2.8133 2.4393 19.6846
3 4 -3.7145 3.3215 19.394 -2.4824 4.3227 20.0128 -3.8671 3.8744 18.8648
3 4 -3.8671 3.8744 18.8648 -2.4824 4.3227 20.0128 -2.65 4.9869 19.5722
3 4 -4.397 7.3965 19.6488 -3.8671 3.8744 18.8648 -2.65 4.9869 19.5722
3 4 -5.0845 2.1662 18.1949 -3.5959 1.4569 18.5482 -3.7145 3.3215 19.394
3 4 -3.7145 3.3215 19.394 -3.5959 1.4569 18.5482 -2.8133 2.4393 19.6846
3 4 5.0315 7.6895 18.5303 5.5124 6.1782 16.677 5.5031 7.4755 15.9894
3 4 5.5031 7.4755 15.9894 5.5124 6.1782 16.677 5.4861 6.6541 15.8466
3 4 5.5031 7.4755 15.9894 5.5321 8.8749 16.2327 5.0315 7.6895 18.5303
3 4 5.0315 7.6895 18.5303 5.5321 8.8749 16.2327 4.9461 9.7304 18.1293
3 4 14.5744 3.5103 -7.4624 15.6993 2.6187 -5.2192 14.5225 3.0961 -7.4882
3 4 14.5225 3.0961 -7.4882 15.6993 2.6187 -5.2192 14.4566 2.7299 -7.4575
3 4 14.4299 4.9352 -7.4803 15.716 4.8545 -5.3347 14.5744 3.5103 -7.4624
3 4 14.5744 3.5103 -7.4624 15.716 4.8545 -5.3347 15.6993 2.6187 -5.2192
3 4 14.4566 2.7299 -7.4575 14.3543 2.1129 -7.241 12.8863 2.624 -9.278
3 4 12.8863 2.624 -9.278 14.3543 2.1129 -7.241 12.553 1.6716 -8.9888
3 4 15.6993 2.6187 -5.2192 14.3543 2.1129 -7.241 14.4566 2.7299 -7.4575
3 4 11.0325 2.7815 -10.9632 12.8863 2.624 -9.278 11.2157 1.4368 -9.9982
3 4 11.2157 1.4368 -9.9982 12.8863 2.624 -9.278 12.553 1.6716 -8.9888
3 4 10.3044 2.4646 -11.5152 11.0325 2.7815 -10.9632 10.7543 1.7011 -10.9875
3 4 10.7543 1.7011 -10.9875 11.0325 2.7815 -10.9632 11.2157 1.4368 -9.9982
3 4 -15.6869 5.5111 -3.8677 -16.5737 5.4397 -0.7215 -15.4702 6.1133 -2.2397
3 4 -15.4702 6.1133 -2.2397 -16.5737 5.4397 -0.7215 -15.7539 6.0486 -0.2717
3 4 -15.4702 6.1133 -2.2397 -13.1645 6.2961 -6.5733 -15.6869 5.5111 -3.8677
3 4 -15.6869 5.5111 -3.8677 -13.1645 6.2961 -6.5733 -14.2531 5.5884 -7.1385
3 4 -14.2646 3.8238 -7.176 -15.6926 3.8588 -3.9849 -14.2531 5.5884 -7.1385
3 4 -14.2531 5.5884 -7.1385 -15.6926 3.8588 -3.9849 -15.6869 5.5111 -3.8677
3 4 -15.7302 0.3685 -2.3704 -15.6926 3.8588 -3.9849 -14.7972 0.2103 -6.0524
3 4 -14.7972 0.2103 -6.0524 -15.6926 3.8588 -3.9849 -14.2646 3.8238 -7.176
3 4 5.0037 16.4076 13.3958 5.2088 18.4052 14.4588 5.0186 14.9868 13.9548
3 4 5.0186 14.9868 13.9548 5.2088 18.4052 14.4588 4.6307 17.276 17.3485
3 4 5.2088 18.4052 14.4588 5.3431 20.7563 15.5304 4.6307 17.276 17.3485
3 4 4.6307 17.276 17.3485 5.3431 20.7563 15.5304 5.2522 20.5891 18.0447
3 4 8.4937 6.6456 -12.2736 7.443 7.1402 -10.6435 10.9489 6.4236 -10.4621
3 4 10.9489 6.4236 -10.4621 7.443 7.1402 -10.6435 9.3751 6.8941 -8.7821
3 4 9.3751 6.8941 -8.7821 10.7519 6.7187 -7.4555 10.9489 6.4236 -10.4621
3 4 10.9489 6.4236 -10.4621 10.7519 6.7187 -7.4555 12.6772 6.252 -9.0463
3 4 1.7471 8.2407 -15.3057 -0.2918 8.5557 -15.2822 0.9905 8.4801 -12.9473
3 4 0.9905 8.4801 -12.9473 -0.2918 8.5557 -15.2822 -0.7351 8.2525 -12.7732
3 4 -0.2918 8.5557 -15.2822 1.7471 8.2407 -15.3057 -0.0024 8.131 -16.1591
3 4 -0.2918 8.5557 -15.2822 -3.0175 8.0919 -14.5082 -0.7351 8.2525 -12.7732
3 4 -0.7351 8.2525 -12.7732 -3.0175 8.0919 -14.5082 -2.4549 8.0258 -12.5996
3 4 -0.0024 8.131 -16.1591 -1.3215 7.1258 -16.3152 -0.2918 8.5557 -15.2822
3 4 -0.2918 8.5557 -15.2822 -1.3215 7.1258 -16.3152 -2.4154 7.3039 -15.6981
3 4 -1.3215 7.1258 -16.3152 -0.0024 8.131 -16.1591 -0.3969 7.1273 -16.5997
3 4 12.6772 6.252 -9.0463 12.859 6.5391 -6.5958 14.0379 6.1944 -7.3275
3 4 5.2088 18.4052 14.4588 5.6015 19.635 11.7853 5.3431 20.7563 15.5304
3 4 5.3431 20.7563 15.5304 5.6015 19.635 11.7853 5.5636 21.3111 11.7964
3 4 16.5927 4.3644 2.6635 16.1731 0.4196 2.7867 16.8456 2.6319 0.2357
3 4 16.8456 2.6319 0.2357 16.1731 0.4196 2.7867 16.4398 0.4386 0.1465
3 4 12.6285 6.1358 10.6515 13.7956 5.966 9.6548 13.0995 6.3217 9.2941
3 4 -7.7772 6.9807 -11.7742 -7.4052 6.9449 -10.722 -4.9375 7.5387 -13.5399
3 4 -4.9375 7.5387 -13.5399 -7.4052 6.9449 -10.722 -4.0576 7.5493 -12.3847
3 4 -5.155 6.7785 -14.312 -8.1079 6.1652 -12.6883 -4.9375 7.5387 -13.5399
3 4 -4.9375 7.5387 -13.5399 -8.1079 6.1652 -12.6883 -7.7772 6.9807 -11.7742
3 4 -5.155 6.7785 -14.312 -5.1857 5.1195 -14.5059 -8.1079 6.1652 -12.6883
3 4 -8.1079 6.1652 -12.6883 -5.1857 5.1195 -14.5059 -8.1734 4.2782 -12.826
3 4 -5.1857 5.1195 -14.5059 -4.9743 3.2595 -14.9305 -8.1734 4.2782 -12.826
3 4 -8.1734 4.2782 -12.826 -4.9743 3.2595 -14.9305 -8.487 1.793 -12.8086
3 4 0.513 5.0192 20.8907 3.4244 4.2349 20.024 1.881 7.068 19.4041
3 4 1.881 7.068 19.4041 3.4244 4.2349 20.024 2.3199 7.2092 19.1544
3 4 0.6037 7.6737 19.1341 -0.422 7.9692 18.9541 -0.3485 6.9279 20.1647
3 4 -0.3485 6.9279 20.1647 -0.422 7.9692 18.9541 -1.1553 8.0447 18.4687
3 4 15.716 4.8545 -5.3347 14.4299 4.9352 -7.4803 15.4014 6.015 -5.1614
3 4 15.4014 6.015 -5.1614 14.4299 4.9352 -7.4803 14.0379 6.1944 -7.3275
3 4 3.5477 10.4011 18.305 3.5243 13.9416 17.7137 2.669 10.8827 18.9202
3 4 2.669 10.8827 18.9202 3.5243 13.9416 17.7137 2.8137 14.1224 18.4669
3 4 2.669 10.8827 18.9202 2.8137 14.1224 18.4669 1.0635 11.3345 18.8857
3 4 1.0635 11.3345 18.8857 2.8137 14.1224 18.4669 1.2942 14.1951 18.7643
3 4 -0.1315 13.5203 18.6105 1.0635 11.3345 18.8857 1.2942 14.1951 18.7643
3 4 5.7699 0.7977 14.8871 6.6897 0.6758 14.5465 7.8762 1.1146 15.8138
2 24 2.1338 -12.553 -0.6391 4.0365 -12.4223 -1.5394
2 24 3.2384 -11.0058 1.0318 5.0611 -10.478 0.5458
2 24 3.2384 -11.0058 1.0318 0.663 -10.9752 2.378
2 24 2.1338 -12.553 -0.6391 -0.4159 -12.0677 0.9922
2 24 2.2372 -11.8791 -5.0826 4.406 -11.3168 -5.5265
2 24 2.8959 -12.3312 -3.9039 4.9089 -11.7722 -4.3506
2 24 2.8959 -12.3312 -3.9039 0.5239 -12.2225 -2.1947
2 24 2.2372 -11.8791 -5.0826 -0.2916 -11.7645 -3.0266
2 24 -0.2916 -11.7645 -3.0266 2.2372 -11.8791 -5.0826
2 24 -1.0521 -11.7139 -4.2308 1.5612 -11.9364 -6.294
2 24 2.2372 -11.8791 -5.0826 4.406 -11.3168 -5.5265
2 24 1.5612 -11.9364 -6.294 4.2402 -11.3443 -7.1622
2 24 7.7794 -7.5621 2.8162 6.1018 -8.2596 4.8336
2 24 7.1063 -8.9807 1.5569 5.2706 -9.9275 3.7726
2 24 6.1018 -8.2596 4.8336 4.6158 -8.5141 7.1212
2 24 5.2706 -9.9275 3.7726 3.6986 -10.1547 6.2668
2 24 4.6158 -8.5141 7.1212 3.7684 -8.3093 9.0196
2 24 3.6986 -10.1547 6.2668 2.4336 -9.9069 9.0097
2 24 2.035 -9.0521 11.5645 2.3467 -8.0058 13.3967
2 24 3.3982 -7.6162 11.5161 3.4915 -6.297 13.5734
2 24 2.3467 -8.0058 13.3967 3.4915 -6.297 13.5734
2 24 -2.2291 -11.3659 2.785 -3.5874 -10.2925 5.0792
2 24 -0.8861 -10.5164 3.6199 -2.3199 -9.3707 5.827
2 24 -3.5874 -10.2925 5.0792 -4.1031 -10.263 7.5368
2 24 -2.3199 -9.3707 5.827 -2.8697 -9.0408 8.0545
2 24 -4.1031 -10.263 7.5368 -2.8697 -9.0408 8.0545
2 24 -2.8697 -9.0408 8.0545 -4.5143 -8.4542 8.5243
2 24 -2.8697 -9.0408 8.0545 -4.1031 -10.263 7.5368
2 24 -4.1031 -10.263 7.5368 -5.2269 -10.0366 7.456
2 24 -2.8697 -9.0408 8.0545 -1.8163 -8.2967 11.4194
2 24 -1.2684 -9.5428 9.4425 -0.7367 -8.8458 11.3286
2 24 -1.8163 -8.2967 11.4194 -0.5364 -6.9173 12.616
2 24 -1.8163 -8.2967 11.4194 -2.2634 -6.753 14.0531
2 24 -0.5364 -6.9173 12.616 -0.815 -6.1533 13.857
2 24 -1.8163 -8.2967 11.4194 -0.5364 -6.9173 12.616
2 24 -0.7367 -8.8458 11.3286 0.5365 -8.1291 12.9402
2 24 0.5365 -8.1291 12.9402 1.8101 -7.7824 13.6639
2 24 1.8101 -7.7824 13.6639 2.4966 -6.5008 13.8914
2 24 -0.5364 -6.9173 12.616 2.4966 -6.5008 13.8914
2 24 3.4915 -6.297 13.5734 2.4966 -6.5008 13.8914
2 24 3.4915 -6.297 13.5734 2.3467 -8.0058 13.3967
2 24 2.4966 -6.5008 13.8914 1.8101 -7.7824 13.6639
2 24 2.3467 -8.0058 13.3967 1.8101 -7.7824 13.6639
2 24 3.5744 -1.8261 16.8924 3.0304 -5.5561 14.9408
2 24 5.0633 -2.3457 15.4151 4.0711 -5.4093 14.3398
2 24 5.0633 -2.3457 15.4151 4.6271 0.8643 15.4528
2 24 3.3545 1.1508 16.7103 2.898 0.5094 17.2432
2 24 4.6271 0.8643 15.4528 3.3545 1.1508 16.7103
2 24 3.5744 -1.8261 16.8924 2.898 0.5094 17.2432
2 24 0.0277 -0.264 17.485 2.898 0.5094 17.2432
2 24 2.898 0.5094 17.2432 3.5744 -1.8261 16.8924
2 24 3.5744 -1.8261 16.8924 3.0304 -5.5561 14.9408
2 24 -0.9442 -5.1608 15.2298 -1.3141 -3.7492 16.3275
2 24 -3.5719 -2.9779 16.6426 -2.5575 -5.4451 15.543
2 24 -1.3141 -3.7492 16.3275 -0.9442 -5.1608 15.2298
2 24 -14.9542 -0.6441 5.8007 -15.1118 -2.1342 5.3554
2 24 -10.7 0.9283 11.6512 -12.1001 0.8708 10.5698
2 24 -10.7 0.9283 11.6512 -10.4083 -1.5145 11.5878
2 24 -12.1001 0.8708 10.5698 -11.9674 -1.8387 10.7686
2 24 -10.4083 -1.5145 11.5878 -9.8257 -3.7743 10.681
2 24 -11.9674 -1.8387 10.7686 -11.8928 -3.6626 10.0047
2 24 -8.1696 -1.9608 15.2562 -7.3802 1.0899 14.7245
2 24 -8.1696 -1.9608 15.2562 -9.4069 -1.6434 14.9517
2 24 -7.3802 1.0899 14.7245 -10.2828 1.2072 12.6833
2 24 -9.4069 -1.6434 14.9517 -10.2828 1.2072 12.6833
2 24 -7.3802 1.0899 14.7245 -6.9173 -1.2928 15.3401
2 24 -7.3802 1.0899 14.7245 -5.5381 0.8759 15.8577
2 24 -5.5381 0.8759 15.8577 -5.4898 -0.6506 16.4405
2 24 -6.9173 -1.2928 15.3401 -5.8762 -3.1852 15.2638
2 24 -5.4898 -0.6506 16.4405 -3.5719 -2.9779 16.6426
2 24 -5.8762 -3.1852 15.2638 -5.5715 -5.0053 14.5659
2 24 -3.5719 -2.9779 16.6426 -2.5575 -5.4451 15.543
2 24 -7.7355 -6.4417 9.1562 -6.5838 -7.3415 10.971
2 24 -7.7355 -6.4417 9.1562 -7.6567 -4.2457 11.169
2 24 -6.5838 -7.3415 10.971 -5.9227 -6.4996 13.2014
2 24 -7.0532 -8.4494 5.5857 -7.7355 -6.4417 9.1562
2 24 -7.7355 -6.4417 9.1562 -6.5838 -7.3415 10.971
2 24 -6.3392 -9.6277 5.0402 -6.0085 -9.8026 6.9764
2 24 -6.2389 -7.9638 7.9035 -6.0085 -9.8026 6.9764
2 24 -7.0532 -8.4494 5.5857 -7.1854 -8.8382 2.9201
2 24 -6.3392 -9.6277 5.0402 -6.3801 -9.6809 2.8733
2 24 -8.3148 -8.6611 2.2431 -9.4118 -8.3584 5.4761
2 24 -7.1854 -8.8382 2.9201 -7.0532 -8.4494 5.5857
2 24 -9.4118 -8.3584 5.4761 -9.5537 -6.9211 8.344
2 24 -7.0532 -8.4494 5.5857 -7.7355 -6.4417 9.1562
2 24 -12.1719 -5.7427 7.9405 -11.7174 -7.3532 4.5066
2 24 -9.5537 -6.9211 8.344 -9.4118 -8.3584 5.4761
2 24 -11.7174 -7.3532 4.5066 -10.3725 -7.7925 1.2777
2 24 -8.3148 -8.6611 2.2431 -9.4118 -8.3584 5.4761
2 24 -13.0065 -4.8603 7.2589 -12.557 -6.065 4.3121
2 24 -12.1719 -5.7427 7.9405 -11.7174 -7.3532 4.5066
2 24 -12.1719 -5.7427 7.9405 -11.8928 -3.6626 10.0047
2 24 -14.3476 -2.5001 6.3001 -14.0827 -4.0481 5.3241
2 24 -14.0827 -4.0481 5.3241 -13.5623 -5.2766 3.4725
2 24 -13.0065 -4.8603 7.2589 -12.557 -6.065 4.3121
2 24 -7.1854 -8.8382 2.9201 -6.6923 -8.9567 -0.5056
2 24 -8.3148 -8.6611 2.2431 -6.6923 -8.9567 -0.5056
2 24 -8.3148 -8.6611 2.2431 -6.6923 -8.9567 -0.5056
2 24 -10.3725 -7.7925 1.2777 -7.5331 -7.9708 -3.1222
2 24 -7.1854 -8.8382 2.9201 -6.6923 -8.9567 -0.5056
2 24 -6.6923 -8.9567 -0.5056 -5.8162 -8.3523 -4.1517
2 24 -5.9119 -10.0272 -0.1806 -5.0483 -10.35 -3.1411
2 24 -6.6923 -8.9567 -0.5056 -5.8162 -8.3523 -4.1517
2 24 -7.5331 -7.9708 -3.1222 -5.8162 -8.3523 -4.1517
2 24 -8.8849 -8.4205 -3.9915 -7.3174 -9.1048 -5.382
2 24 -7.5331 -7.9708 -3.1222 -5.8162 -8.3523 -4.1517
2 24 -14.6819 -4.7643 2.9273 -14.9163 -3.6009 4.5052
2 24 -13.5623 -5.2766 3.4725 -14.0827 -4.0481 5.3241
2 24 -15.1118 -2.1342 5.3554 -14.9163 -3.6009 4.5052
2 24 -14.3476 -2.5001 6.3001 -14.0827 -4.0481 5.3241
2 24 -7.1711 7.573 15.3162 -7.3533 6.4838 15.0216
2 24 -7.8822 7.6243 14.6267 -7.8519 6.5166 14.6743
2 24 -7.3533 6.4838 15.0216 -7.8519 6.5166 14.6743
2 24 -7.1711 7.573 15.3162 -7.02 9.4266 15.8328
2 24 -7.8822 7.6243 14.6267 -8.2537 9.6191 15.1662
2 24 -9.1005 6.5195 13.7042 -7.8519 6.5166 14.6743
2 24 -9.1005 6.5195 13.7042 -8.7967 7.7242 13.6326
2 24 -7.8822 7.6243 14.6267 -7.8519 6.5166 14.6743
2 24 -8.7967 7.7242 13.6326 -8.8955 9.958 14.1667
2 24 -7.8822 7.6243 14.6267 -8.2537 9.6191 15.1662
2 24 -8.2537 9.6191 15.1662 -8.052 11.395 15.4716
2 24 -7.02 9.4266 15.8328 -6.399 12.0005 16.1353
2 24 -8.052 11.395 15.4716 -6.399 12.0005 16.1353
2 24 -8.8955 9.958 14.1667 -8.3756 12.1953 14.6084
2 24 -8.3756 12.1953 14.6084 -8.052 11.395 15.4716
2 24 -8.2537 9.6191 15.1662 -8.052 11.395 15.4716
2 24 -10.5072 10.2323 13.7493 -10.0854 12.5514 14.175
2 24 -8.8955 9.958 14.1667 -8.3756 12.1953 14.6084
2 24 -10.0854 12.5514 14.175 -8.3756 12.1953 14.6084
2 24 -8.8955 9.958 14.1667 -8.7967 7.7242 13.6326
2 24 -10.5072 10.2323 13.7493 -9.8988 7.7177 13.2017
2 24 -8.7967 7.7242 13.6326 -9.1005 6.5195 13.7042
2 24 -9.8988 7.7177 13.2017 -10.0136 6.4704 13.3482
2 24 -9.1005 6.5195 13.7042 -10.0136 6.4704 13.3482
2 24 -12.4304 6.3317 11.2903 -10.0136 6.4704 13.3482
2 24 -12.4304 6.3317 11.2903 -12.5336 7.8104 11.486
2 24 -10.0136 6.4704 13.3482 -9.8988 7.7177 13.2017
2 24 -9.8988 7.7177 13.2017 -10.5072 10.2323 13.7493
2 24 -12.5336 7.8104 11.486 -12.1488 9.5164 11.837
2 24 -12.759 6.4451 10.0159 -12.4304 6.3317 11.2903
2 24 -12.759 6.4451 10.0159 -13.0007 7.6791 10.1266
2 24 -12.4304 6.3317 11.2903 -12.5336 7.8104 11.486
2 24 -12.5336 7.8104 11.486 -12.1488 9.5164 11.837
2 24 -13.0007 7.6791 10.1266 -12.7994 9.4639 10.3647
2 24 -12.7994 9.4639 10.3647 -13.0007 7.6791 10.1266
2 24 -14.0113 9.4251 9.8097 -14.1072 7.9177 9.5566
2 24 -14.5561 9.9059 7.4138 -14.5887 7.6899 7.6179
2 24 -14.0113 9.4251 9.8097 -14.1072 7.9177 9.5566
2 24 -14.5561 9.9059 7.4138 -14.5887 7.6899 7.6179
2 24 -15.4947 9.9477 6.5621 -15.4646 7.459 6.5929
2 24 -15.3619 6.0648 6.4216 -14.5533 6.3052 7.4669
2 24 -15.4646 7.459 6.5929 -15.3619 6.0648 6.4216
2 24 -14.5887 7.6899 7.6179 -14.5533 6.3052 7.4669
2 24 -14.6248 5.4461 3.5972 -15.3619 6.0648 6.4216
2 24 -14.6248 5.4461 3.5972 -16.0459 7.838 3.7146
2 24 -15.3619 6.0648 6.4216 -15.4646 7.459 6.5929
2 24 -15.4646 7.459 6.5929 -15.4947 9.9477 6.5621
2 24 -16.0459 7.838 3.7146 -16.0249 9.6509 3.7797
2 24 -16.8684 9.7457 1.7088 -16.7618 8.0222 1.8996
2 24 -16.0249 9.6509 3.7797 -16.0459 7.838 3.7146
2 24 -16.7618 8.0222 1.8996 -16.2494 5.7464 2.1857
2 24 -16.2494 5.7464 2.1857 -14.6248 5.4461 3.5972
2 24 -16.0459 7.838 3.7146 -14.6248 5.4461 3.5972
2 24 -15.7539 6.0486 -0.2717 -16.2494 5.7464 2.1857
2 24 -16.8684 9.7457 1.7088 -16.7618 8.0222 1.8996
2 24 -16.2494 5.7464 2.1857 -16.7618 8.0222 1.8996
2 24 -15.9778 7.6414 -0.6317 -15.8229 9.1647 -1.2528
2 24 -11.3953 11.2162 -6.3047 -13.0782 11.2642 -6.0213
2 24 -11.3953 11.2162 -6.3047 -12.7289 11.8198 -2.9625
2 24 -13.0782 11.2642 -6.0213 -14.2948 11.4741 -3.0504
2 24 -15.9778 7.6414 -0.6317 -15.8229 9.1647 -1.2528
2 24 -15.705 7.4266 -2.5118 -15.5682 8.824 -3.0401
2 24 -13.0782 11.2642 -6.0213 -14.824 10.4896 -4.1674
2 24 -13.0782 11.2642 -6.0213 -14.2948 11.4741 -3.0504
2 24 -14.2948 11.4741 -3.0504 -15.0761 10.5255 -2.8523
2 24 -15.705 7.4266 -2.5118 -15.4702 6.1133 -2.2397
2 24 -13.5348 7.2775 -6.5723 -13.1645 6.2961 -6.5733
2 24 -15.4702 6.1133 -2.2397 -13.1645 6.2961 -6.5733
2 24 -15.705 7.4266 -2.5118 -15.5682 8.824 -3.0401
2 24 -13.5348 7.2775 -6.5723 -13.4114 8.399 -6.6589
2 24 -13.0782 11.2642 -6.0213 -13.2604 9.8791 -6.8674
2 24 -14.824 10.4896 -4.1674 -13.0782 11.2642 -6.0213
2 24 -13.1645 6.2961 -6.5733 -13.5348 7.2775 -6.5723
2 24 -13.1645 6.2961 -6.5733 -11.3007 6.7147 -6.4929
2 24 -11.3007 6.7147 -6.4929 -11.3103 8.1395 -6.485
2 24 -13.5348 7.2775 -6.5723 -13.4114 8.399 -6.6589
2 24 -13.4114 8.399 -6.6589 -13.2604 9.8791 -6.8674
2 24 -11.3953 11.2162 -6.3047 -11.1648 10.0913 -6.7147
2 24 -11.3953 11.2162 -6.3047 -13.0782 11.2642 -6.0213
2 24 -11.1648 10.0913 -6.7147 -13.2604 9.8791 -6.8674
2 24 -13.0782 11.2642 -6.0213 -13.2604 9.8791 -6.8674
2 24 -15.705 7.4266 -2.5118 -15.4702 6.1133 -2.2397
2 24 -15.7539 6.0486 -0.2717 -15.4702 6.1133 -2.2397
2 24 -15.7302 0.3685 -2.3704 -16.3212 1.3848 -0.443
2 24 -16.1432 -0.5952 -2.1984 -17.648 0.5149 0.0344
2 24 -10.821 -2.7435 -10.9521 -12.1783 -1.8196 -9.8197
2 24 -12.1783 -1.8196 -9.8197 -11.864 -0.3789 -9.2769
2 24 -10.3927 -0.7408 -10.1463 -11.864 -0.3789 -9.2769
2 24 -7.4659 -1.8121 -14.4774 -8.0045 -1.4166 -12.6137
2 24 -8.5856 -2.9457 -11.9359 -8.5493 -1.8317 -11.3205
2 24 -8.0045 -1.4166 -12.6137 -8.5493 -1.8317 -11.3205
2 24 -6.9879 -5.3279 -14.6331 -4.7112 -7.4555 -15.3569
2 24 -4.7112 -7.4555 -15.3569 -1.3021 -8.5992 -15.3326
2 24 -5.2362 -7.9015 -12.4386 -1.6036 -9.4306 -13.0992
2 24 -5.6478 -3.6161 -15.0471 -3.5024 -5.776 -15.8112
2 24 -6.9879 -5.3279 -14.6331 -4.7112 -7.4555 -15.3569
2 24 -3.5024 -5.776 -15.8112 -0.8982 -6.7061 -15.9609
2 24 -4.7112 -7.4555 -15.3569 -1.3021 -8.5992 -15.3326
2 24 -0.8982 -6.7061 -15.9609 1.5415 -6.6272 -14.7583
2 24 -1.3021 -8.5992 -15.3326 1.5053 -8.2642 -14.5818
2 24 -1.3021 -8.5992 -15.3326 1.5053 -8.2642 -14.5818
2 24 -1.6036 -9.4306 -13.0992 1.536 -9.389 -12.4781
2 24 1.536 -9.389 -12.4781 1.6935 -9.2504 -11.12
2 24 4.1544 -8.3 -10.9421 1.6935 -9.2504 -11.12
2 24 1.5053 -8.2642 -14.5818 3.9482 -7.3907 -13.1641
2 24 3.9482 -7.3907 -13.1641 5.551 -6.3943 -11.4429
2 24 4.1544 -8.3 -10.9421 5.9614 -6.7833 -9.9252
2 24 -0.1091 -4.0982 -18.0956 1.8551 -4.8053 -17.2483
2 24 -1.0735 -6.0308 -17.3214 1.8031 -6.0483 -16.2359
2 24 1.5415 -6.6272 -14.7583 -0.8982 -6.7061 -15.9609
2 24 1.8031 -6.0483 -16.2359 -1.0735 -6.0308 -17.3214
2 24 -1.0735 -6.0308 -17.3214 -2.8978 -5.2547 -17.2674
2 24 -0.8982 -6.7061 -15.9609 -3.5024 -5.776 -15.8112
2 24 -3.5024 -5.776 -15.8112 -5.6478 -3.6161 -15.0471
2 24 -2.8978 -5.2547 -17.2674 -4.933 -3.4963 -16.9552
2 24 -4.933 -3.4963 -16.9552 -2.8978 -5.2547 -17.2674
2 24 -4.5383 -2.4789 -17.3926 -1.6743 -3.5628 -18.1825
2 24 -0.1091 -4.0982 -18.0956 -1.6743 -3.5628 -18.1825
2 24 -1.0735 -6.0308 -17.3214 -2.8978 -5.2547 -17.2674
2 24 -4.933 -3.4963 -16.9552 -6.7203 -1.6398 -16.1256
2 24 -4.933 -3.4963 -16.9552 -6.7203 -1.6398 -16.1256
2 24 -5.6478 -3.6161 -15.0471 -7.4659 -1.8121 -14.4774
2 24 -8.0818 -0.0749 -15.6747 -8.0058 0.776 -15.6322
2 24 -6.7203 -1.6398 -16.1256 -8.0818 -0.0749 -15.6747
2 24 -4.5383 -2.4789 -17.3926 -1.6743 -3.5628 -18.1825
2 24 -3.1815 -1.7116 -17.3455 -1.7569 -2.0948 -17.6104
2 24 -1.6743 -3.5628 -18.1825 -0.1091 -4.0982 -18.0956
2 24 -1.7569 -2.0948 -17.6104 0.3058 -2.8023 -17.633
2 24 0.3058 -2.8023 -17.633 2.035 -3.6816 -17.0467
2 24 -0.1091 -4.0982 -18.0956 1.8551 -4.8053 -17.2483
2 24 1.1344 -1.3172 -18.7817 -0.9152 -0.6827 -18.7494
2 24 0.3058 -2.8023 -17.633 -1.7569 -2.0948 -17.6104
2 24 -5.4482 -0.67 -16.9772 -2.9377 -0.5706 -18.0851
2 24 1.1344 -1.3172 -18.7817 3.0538 -2.1319 -18.1984
2 24 0.3058 -2.8023 -17.633 2.035 -3.6816 -17.0467
2 24 1.8551 -4.8053 -17.2483 3.4687 -5.1775 -15.9459
2 24 2.035 -3.6816 -17.0467 3.8735 -4.4226 -15.7084
2 24 1.8031 -6.0483 -16.2359 4.2598 -5.6251 -14.6813
2 24 4.2598 -5.6251 -14.6813 3.4687 -5.1775 -15.9459
2 24 1.8551 -4.8053 -17.2483 3.4687 -5.1775 -15.9459
2 24 1.5415 -6.6272 -14.7583 3.7197 -6.2663 -13.8525
2 24 1.8031 -6.0483 -16.2359 4.2598 -5.6251 -14.6813
2 24 3.4687 -5.1775 -15.9459 4.2598 -5.6251 -14.6813
2 24 3.8735 -4.4226 -15.7084 5.3619 -4.6054 -13.0482
2 24 4.2598 -5.6251 -14.6813 5.3619 -4.6054 -13.0482
2 24 2.035 -3.6816 -17.0467 3.8735 -4.4226 -15.7084
2 24 3.0538 -2.1319 -18.1984 4.9564 -3.4273 -16.4459
2 24 4.9564 -3.4273 -16.4459 5.9609 -3.9669 -13.8403
2 24 3.8735 -4.4226 -15.7084 5.3619 -4.6054 -13.0482
2 24 5.7246 -4.6481 -11.9534 6.3261 -3.8199 -13.1247
2 24 5.9609 -3.9669 -13.8403 6.3261 -3.8199 -13.1247
2 24 3.7197 -6.2663 -13.8525 5.7246 -4.6481 -11.9534
2 24 4.2598 -5.6251 -14.6813 5.3619 -4.6054 -13.0482
2 24 6.3261 -3.8199 -13.1247 5.9609 -3.9669 -13.8403
2 24 6.3261 -3.8199 -13.1247 6.6299 -2.7898 -14.0573
2 24 6.6299 -2.7898 -14.0573 6.2439 -2.7677 -14.8355
2 24 5.9609 -3.9669 -13.8403 4.9564 -3.4273 -16.4459
2 24 6.2439 -2.7677 -14.8355 5.7562 -2.159 -16.0942
2 24 5.7562 -2.159 -16.0942 3.8127 -0.2113 -17.6395
2 24 4.9564 -3.4273 -16.4459 3.0538 -2.1319 -18.1984
2 24 3.8127 -0.2113 -17.6395 1.7194 0.7394 -18.0385
2 24 3.0538 -2.1319 -18.1984 1.1344 -1.3172 -18.7817
2 24 1.7194 0.7394 -18.0385 -0.0203 1.1301 -18.2373
2 24 1.1344 -1.3172 -18.7817 -0.9152 -0.6827 -18.7494
2 24 -7.5051 2.1334 -13.4232 -4.7135 2.1094 -14.6212
2 24 -7.5051 2.1334 -13.4232 -7.6186 1.3534 -15.6016
2 24 -7.6186 1.3534 -15.6016 -5.138 1.2085 -16.5112
2 24 -4.7135 2.1094 -14.6212 -1.5873 2.3748 -16.0608
2 24 -5.138 1.2085 -16.5112 -2.2028 1.2267 -17.7307
2 24 -0.0203 1.1301 -18.2373 1.7194 0.7394 -18.0385
2 24 0.2917 1.6573 -17.2756 1.7293 1.6199 -16.7468
2 24 1.7293 1.6199 -16.7468 3.4277 1.2554 -15.8223
2 24 1.7194 0.7394 -18.0385 3.8127 -0.2113 -17.6395
2 24 18.8743 -3.3821 -3.8406 16.485 -4.4444 -3.8265
2 24 10.3231 -5.2249 -5.8843 12.2005 -4.8941 -5.8533
2 24 10.1744 -6.6086 -4.8256 13.1994 -6.6518 -4.486
2 24 9.5113 -4.9944 -8.1916 7.953 -5.0923 -8.0989
2 24 7.953 -5.0923 -8.0989 7.7346 -5.0703 -8.4898
2 24 9.5113 -4.9944 -8.1916 11.3323 -4.5317 -8.8187
2 24 9.0084 -4.6674 -8.8828 10.7022 -4.086 -9.6497
2 24 13.0329 -3.3679 -9.6324 14.0506 -2.0825 -9.9256
2 24 11.952 -2.9242 -10.55 11.9316 -0.8312 -10.9825
2 24 11.3466 -3.2619 -11.762 11.6 -2.0898 -12.3646
2 24 11.952 -2.9242 -10.55 11.9316 -0.8312 -10.9825
2 24 10.1754 -4.2884 -10.6795 8.8342 -4.7784 -9.3835
2 24 9.0084 -4.6674 -8.8828 10.7022 -4.086 -9.6497
2 24 7.7346 -5.0703 -8.4898 8.8342 -4.7784 -9.3835
2 24 7.7346 -5.0703 -8.4898 6.845 -5.0447 -10.1689
2 24 7.7346 -5.0703 -8.4898 8.8342 -4.7784 -9.3835
2 24 6.845 -5.0447 -10.1689 7.7486 -4.7305 -10.906
2 24 8.8342 -4.7784 -9.3835 10.1754 -4.2884 -10.6795
2 24 7.7486 -4.7305 -10.906 8.7639 -4.0517 -12.2577
2 24 11.3466 -3.2619 -11.762 11.6 -2.0898 -12.3646
2 24 8.9762 -3.2793 -13.1823 8.613 -2.3113 -13.8756
2 24 8.613 -2.3113 -13.8756 8.2743 -0.2864 -14.3062
2 24 11.6 -2.0898 -12.3646 10.7598 0.2105 -12.8451
2 24 8.2743 -0.2864 -14.3062 9.2045 1.547 -13.7198
2 24 9.2045 1.547 -13.7198 10.3026 1.7688 -12.7684
2 24 10.7598 0.2105 -12.8451 10.3026 1.7688 -12.7684
2 24 8.3019 2.506 -13.1324 9.2045 1.547 -13.7198
2 24 8.3019 2.506 -13.1324 6.9645 1.6331 -13.8253
2 24 9.2045 1.547 -13.7198 8.2743 -0.2864 -14.3062
2 24 6.6299 -2.7898 -14.0573 6.3261 -3.8199 -13.1247
2 24 8.7639 -4.0517 -12.2577 7.7486 -4.7305 -10.906
2 24 6.3261 -3.8199 -13.1247 5.7246 -4.6481 -11.9534
2 24 7.7486 -4.7305 -10.906 6.845 -5.0447 -10.1689
2 24 5.7246 -4.6481 -11.9534 6.845 -5.0447 -10.1689
2 24 -8.8849 -8.4205 -3.9915 -7.3174 -9.1048 -5.382
2 24 -12.1783 -1.8196 -9.8197 -12.6929 -2.5138 -7.6096
2 24 -11.1495 -4.6915 -7.8524 -12.8387 -3.2986 -5.8317
2 24 -12.6929 -2.5138 -7.6096 -12.8387 -3.2986 -5.8317
2 24 -11.1495 -4.6915 -7.8524 -9.7571 -4.9227 -9.4999
2 24 -12.1783 -1.8196 -9.8197 -10.821 -2.7435 -10.9521
2 24 -12.8387 -3.2986 -5.8317 -11.1495 -4.6915 -7.8524
2 24 -11.9485 -5.9212 -5.9975 -10.6481 -6.4088 -7.6088
2 24 -10.821 -2.7435 -10.9521 -8.5856 -2.9457 -11.9359
2 24 -8.5856 -2.9457 -11.9359 -8.5493 -1.8317 -11.3205
2 24 -10.3927 -0.7408 -10.1463 -8.5493 -1.8317 -11.3205
2 24 -9.7571 -4.9227 -9.4999 -8.3279 -4.4251 -10.9478
2 24 -10.821 -2.7435 -10.9521 -8.5856 -2.9457 -11.9359
2 24 -8.3279 -4.4251 -10.9478 -8.5856 -2.9457 -11.9359
2 24 -9.7571 -4.9227 -9.4999 -8.3279 -4.4251 -10.9478
2 24 -8.3279 -4.4251 -10.9478 -7.5904 -5.7841 -10.9857
2 24 -9.0711 -6.3517 -9.5974 -7.5904 -5.7841 -10.9857
2 24 -10.6481 -6.4088 -7.6088 -9.0711 -6.3517 -9.5974
2 24 -11.1495 -4.6915 -7.8524 -9.7571 -4.9227 -9.4999
2 24 -6.9879 -5.3279 -14.6331 -7.6463 -3.4375 -14.3276
2 24 -7.5904 -5.7841 -10.9857 -8.3279 -4.4251 -10.9478
2 24 -7.4659 -1.8121 -14.4774 -7.6463 -3.4375 -14.3276
2 24 -8.5856 -2.9457 -11.9359 -8.3279 -4.4251 -10.9478
2 24 -6.9879 -5.3279 -14.6331 -7.6463 -3.4375 -14.3276
2 24 -7.6463 -3.4375 -14.3276 -7.4659 -1.8121 -14.4774
2 24 -5.6478 -3.6161 -15.0471 -7.4659 -1.8121 -14.4774
2 24 -11.9485 -5.9212 -5.9975 -13.2678 -5.5843 -4.8687
2 24 -12.8387 -3.2986 -5.8317 -13.5339 -3.6576 -4.939
2 24 -15.8372 -7.1658 -2.2019 -15.6392 -7.6426 -0.9171
2 24 -15.6392 -7.6426 -0.9171 -13.2404 -7.294 -1.4519
2 24 -8.8849 -8.4205 -3.9915 -10.8161 -7.4357 -2.494
2 24 -15.2465 -4.5271 1.067 -14.1958 -5.7685 1.0583
2 24 -14.6819 -4.7643 2.9273 -14.1958 -5.7685 1.0583
2 24 -15.6623 -3.5011 0.0539 -15.7749 -2.778 1.1885
2 24 -15.6623 -3.5011 0.0539 -16.381 -2.2208 0.9082
2 24 -15.7749 -2.778 1.1885 -15.7933 -1.9995 1.8542
2 24 -16.381 -2.2208 0.9082 -17.0982 -0.9699 1.7476
2 24 -15.7933 -1.9995 1.8542 -15.7051 -0.9357 2.4121
2 24 -15.7051 -0.9357 2.4121 -15.4881 0.0364 2.6605
2 24 -15.8922 0.3112 2.6112 -15.4881 0.0364 2.6605
2 24 -16.3349 1.0401 2.6877 -17.5589 -0.1146 2.0354
2 24 -15.8922 0.3112 2.6112 -16.3349 1.0401 2.6877
2 24 -17.0982 -0.9699 1.7476 -17.5589 -0.1146 2.0354
2 24 -17.5589 -0.1146 2.0354 -16.3349 1.0401 2.6877
2 24 -17.5589 -0.1146 2.0354 -17.9316 0.984 1.3543
2 24 -16.3349 1.0401 2.6877 -16.4756 2.0181 1.1947
2 24 -17.9316 0.984 1.3543 -16.4756 2.0181 1.1947
2 24 -16.3212 1.3848 -0.443 -16.4756 2.0181 1.1947
2 24 -17.648 0.5149 0.0344 -17.9316 0.984 1.3543
2 24 -16.4756 2.0181 1.1947 -17.9316 0.984 1.3543
2 24 -16.381 -2.2208 0.9082 -17.0982 -0.9699 1.7476
2 24 -16.1432 -0.5952 -2.1984 -17.648 0.5149 0.0344
2 24 -17.648 0.5149 0.0344 -17.9316 0.984 1.3543
2 24 -17.9316 0.984 1.3543 -17.5589 -0.1146 2.0354
2 24 -17.0982 -0.9699 1.7476 -17.5589 -0.1146 2.0354
2 24 -16.381 -2.2208 0.9082 -15.6623 -3.5011 0.0539
2 24 -15.6623 -3.5011 0.0539 -15.299 -3.5381 -1.8507
2 24 -15.299 -3.5381 -1.8507 -14.2948 -3.1582 -3.3579
2 24 -15.6623 -3.5011 0.0539 -15.299 -3.5381 -1.8507
2 24 -15.6623 -3.5011 0.0539 -17.3897 -5.3104 -0.3696
2 24 -17.3897 -5.3104 -0.3696 -17.1441 -5.4008 -2.0775
2 24 -17.117 -5.8096 0.1276 -16.6438 -6.5467 0.0834
2 24 -16.6438 -6.5467 0.0834 -14.1958 -5.7685 1.0583
2 24 -15.2465 -4.5271 1.067 -14.1958 -5.7685 1.0583
2 24 -16.0278 -7.214 -0.2965 -15.6392 -7.6426 -0.9171
2 24 -15.6392 -7.6426 -0.9171 -15.8372 -7.1658 -2.2019
2 24 -16.1143 -6.3963 -2.9341 -17.1441 -5.4008 -2.0775
2 24 -17.1441 -5.4008 -2.0775 -17.3897 -5.3104 -0.3696
2 24 -17.117 -5.8096 0.1276 -16.6438 -6.5467 0.0834
2 24 -16.0278 -7.214 -0.2965 -16.6438 -6.5467 0.0834
2 24 -7.5331 -7.9708 -3.1222 -9.0156 -7.415 -2.0404
2 24 -8.8849 -8.4205 -3.9915 -10.8161 -7.4357 -2.494
2 24 9.5884 -7.0453 3.8362 10.0762 -6.3215 1.813
2 24 7.7794 -7.5621 2.8162 9.3402 -7.1693 0.4521
2 24 10.0762 -6.3215 1.813 9.3402 -7.1693 0.4521
2 24 7.7794 -7.5621 2.8162 6.1018 -8.2596 4.8336
2 24 9.5884 -7.0453 3.8362 9.2141 -7.6352 6.4052
2 24 9.2141 -7.6352 6.4052 8.2815 -6.9447 11.255
2 24 6.1018 -8.2596 4.8336 4.6158 -8.5141 7.1212
2 24 7.0334 -2.2915 15.1049 7.6211 -5.0157 14.0759
2 24 5.0633 -2.3457 15.4151 4.0711 -5.4093 14.3398
2 24 9.0767 -4.2035 13.1519 8.145 -2.0001 14.4422
2 24 7.6211 -5.0157 14.0759 7.0334 -2.2915 15.1049
2 24 10.0762 -6.3215 1.813 11.09 -5.2853 2.3859
2 24 10.0762 -6.3215 1.813 9.5884 -7.0453 3.8362
2 24 11.09 -5.2853 2.3859 10.6465 -5.8618 4.5867
2 24 12.5243 -4.8974 4.8766 12.0871 -4.6057 2.5307
2 24 10.6465 -5.8618 4.5867 11.09 -5.2853 2.3859
2 24 12.0871 -4.6057 2.5307 11.09 -5.2853 2.3859
2 24 10.6465 -5.8618 4.5867 10.4555 -6.0994 6.9874
2 24 12.5243 -4.8974 4.8766 13.4005 -4.4774 7.17
2 24 8.145 -2.0001 14.4422 9.0767 -4.2035 13.1519
2 24 11.3241 -0.4666 13.5072 13.1027 -1.7665 11.9255
2 24 14.2021 -2.824 6.2848 13.3315 -4.0961 4.4212
2 24 13.4005 -4.4774 7.17 12.5243 -4.8974 4.8766
2 24 13.3315 -4.0961 4.4212 12.0871 -4.6057 2.5307
2 24 12.5243 -4.8974 4.8766 12.0871 -4.6057 2.5307
2 24 13.3315 -4.0961 4.4212 12.0871 -4.6057 2.5307
2 24 12.0871 -4.6057 2.5307 15.121 -3.106 1.2844
2 24 15.0359 -2.5588 3.5259 15.121 -3.106 1.2844
2 24 15.0359 -2.5588 3.5259 14.8245 -1.6211 5.4887
2 24 13.3315 -4.0961 4.4212 14.2021 -2.824 6.2848
2 24 14.8245 -1.6211 5.4887 14.1544 -0.5493 7.7333
2 24 14.9256 0.2386 5.3904 13.7282 0.5181 8.5431
2 24 14.9256 0.2386 5.3904 15.247 0.0673 2.8624
2 24 14.8245 -1.6211 5.4887 15.0359 -2.5588 3.5259
2 24 13.7282 0.5181 8.5431 13.9389 -1.0457 8.3151
2 24 11.3241 -0.4666 13.5072 13.1027 -1.7665 11.9255
2 24 13.9389 -1.0457 8.3151 13.7282 0.5181 8.5431
2 24 13.7282 0.5181 8.5431 10.8715 0.8002 13.2461
2 24 11.3241 -0.4666 13.5072 10.8715 0.8002 13.2461
2 24 8.145 -2.0001 14.4422 6.6897 0.6758 14.5465
2 24 6.6897 0.6758 14.5465 10.8715 0.8002 13.2461
2 24 11.3241 -0.4666 13.5072 10.8715 0.8002 13.2461
2 24 8.145 -2.0001 14.4422 6.6897 0.6758 14.5465
2 24 6.6897 0.6758 14.5465 5.7699 0.7977 14.8871
2 24 7.0334 -2.2915 15.1049 5.7699 0.7977 14.8871
2 24 7.0334 -2.2915 15.1049 5.7699 0.7977 14.8871
2 24 5.7699 0.7977 14.8871 4.6271 0.8643 15.4528
2 24 5.0633 -2.3457 15.4151 4.6271 0.8643 15.4528
2 24 18.8576 -2.9661 -0.7364 19.169 -1.2403 -0.806
2 24 18.8576 -2.9661 -0.7364 16.3199 -3.5135 0.0423
2 24 19.3241 -3.4871 -1.6394 18.8576 -2.9661 -0.7364
2 24 19.3241 -3.4871 -1.6394 16.9151 -4.3467 -1.4807
2 24 18.8576 -2.9661 -0.7364 16.3199 -3.5135 0.0423
2 24 13.4202 -5.9534 1.7457 15.0327 -4.7665 1.092
2 24 14.2645 -7.1324 -0.4615 15.6971 -5.8656 -0.9984
2 24 13.4202 -5.9534 1.7457 11.8057 -6.9771 1.385
2 24 14.2645 -7.1324 -0.4615 12.0803 -7.9853 -0.5147
2 24 12.2005 -4.8941 -5.8533 14.2541 -4.2589 -5.4757
2 24 13.1994 -6.6518 -4.486 15.3309 -5.5929 -3.859
2 24 19.3241 -3.4871 -1.6394 16.9151 -4.3467 -1.4807
2 24 19.3241 -3.4871 -1.6394 18.8743 -3.3821 -3.8406
2 24 18.8743 -3.3821 -3.8406 16.485 -4.4444 -3.8265
2 24 15.6971 -5.8656 -0.9984 14.2645 -7.1324 -0.4615
2 24 15.3309 -5.5929 -3.859 13.1994 -6.6518 -4.486
2 24 14.2645 -7.1324 -0.4615 12.0803 -7.9853 -0.5147
2 24 13.1994 -6.6518 -4.486 10.1744 -6.6086 -4.8256
2 24 18.6851 -1.3135 -4.0191 19.8004 -1.6108 -1.6824
2 24 18.6851 -1.3135 -4.0191 18.8743 -3.3821 -3.8406
2 24 18.8743 -3.3821 -3.8406 19.3241 -3.4871 -1.6394
2 24 19.3241 -3.4871 -1.6394 18.8576 -2.9661 -0.7364
2 24 19.8004 -1.6108 -1.6824 19.169 -1.2403 -0.806
2 24 18.8576 -2.9661 -0.7364 19.169 -1.2403 -0.806
2 24 12.0803 -7.9853 -0.5147 9.1277 -7.7684 -1.7284
2 24 9.1277 -7.7684 -1.7284 9.3402 -7.1693 0.4521
2 24 11.8057 -6.9771 1.385 9.3402 -7.1693 0.4521
2 24 -10.5072 10.2323 13.7493 -10.0854 12.5514 14.175
2 24 -10.5072 10.2323 13.7493 -11.6275 11.346 13.4122
2 24 -10.0854 12.5514 14.175 -10.6565 12.9481 13.3482
2 24 -10.6565 12.9481 13.3482 -10.8315 13.4227 11.9568
2 24 -13.875 11.3998 10.074 -12.0831 11.8311 10.904
2 24 -12.0831 11.8311 10.904 -11.7469 12.286 10.6472
2 24 -12.2732 12.5655 9.6037 -11.7469 12.286 10.6472
2 24 -12.0831 11.8311 10.904 -11.7469 12.286 10.6472
2 24 -10.8315 13.4227 11.9568 -11.7469 12.286 10.6472
2 24 -12.2732 12.5655 9.6037 -12.8447 12.8684 8.1468
2 24 -13.875 11.3998 10.074 -14.0689 12.5113 8.3219
2 24 -13.4245 13.1321 5.6953 -14.1542 12.6403 6.2638
2 24 -12.8447 12.8684 8.1468 -13.4245 13.1321 5.6953
2 24 -14.0689 12.5113 8.3219 -14.1542 12.6403 6.2638
2 24 -13.9489 13.8559 4.234 -15.1078 12.2994 5.6982
2 24 -13.9489 13.8559 4.234 -13.4245 13.1321 5.6953
2 24 -14.1542 12.6403 6.2638 -15.1078 12.2994 5.6982
2 24 -14.1542 12.6403 6.2638 -13.4245 13.1321 5.6953
2 24 -14.5283 14.4779 2.8331 -15.5844 11.8639 3.5836
2 24 -14.5283 14.4779 2.8331 -13.9489 13.8559 4.234
2 24 -13.9489 13.8559 4.234 -15.1078 12.2994 5.6982
2 24 -14.5283 14.4779 2.8331 -15.5844 11.8639 3.5836
2 24 -14.5283 14.4779 2.8331 -15.3095 14.6169 1.0291
2 24 -16.5606 11.9835 1.4298 -15.3095 14.6169 1.0291
2 24 -11.7867 15.6731 9.2183 -11.3357 15.8182 10.0881
2 24 -12.2732 12.5655 9.6037 -11.7469 12.286 10.6472
2 24 -12.2732 12.5655 9.6037 -12.8447 12.8684 8.1468
2 24 -12.8447 12.8684 8.1468 -12.0185 15.1889 8.7422
2 24 -11.7867 15.6731 9.2183 -12.0185 15.1889 8.7422
2 24 -11.3357 15.8182 10.0881 -10.983 15.3929 10.9339
2 24 -10.983 15.3929 10.9339 -10.8315 13.4227 11.9568
2 24 -11.7469 12.286 10.6472 -10.8315 13.4227 11.9568
2 24 -12.8447 12.8684 8.1468 -12.0185 15.1889 8.7422
2 24 -12.8447 12.8684 8.1468 -11.4862 13.2513 7.3086
2 24 -11.4862 13.2513 7.3086 -10.8034 15.2355 7.5051
2 24 -12.1571 12.8872 5.2379 -11.4862 13.2513 7.3086
2 24 -12.8447 12.8684 8.1468 -13.4245 13.1321 5.6953
2 24 -12.8447 12.8684 8.1468 -11.4862 13.2513 7.3086
2 24 -10.983 15.3929 10.9339 -11.3357 15.8182 10.0881
2 24 -8.9267 16.0298 9.5403 -9.6242 16.2729 8.7007
2 24 -9.6242 16.2729 8.7007 -10.3376 15.978 8.0485
2 24 -10.3376 15.978 8.0485 -11.7867 15.6731 9.2183
2 24 -11.3357 15.8182 10.0881 -11.7867 15.6731 9.2183
2 24 -10.8034 15.2355 7.5051 -10.3376 15.978 8.0485
2 24 -12.0185 15.1889 8.7422 -11.7867 15.6731 9.2183
2 24 -10.3376 15.978 8.0485 -11.7867 15.6731 9.2183
2 24 -10.6565 12.9481 13.3482 -10.8315 13.4227 11.9568
2 24 -9.6463 13.5447 13.0566 -9.6247 14.1606 11.9209
2 24 -10.8315 13.4227 11.9568 -9.6247 14.1606 11.9209
2 24 -8.052 11.395 15.4716 -6.399 12.0005 16.1353
2 24 -6.399 12.0005 16.1353 -5.8226 14.2585 14.0369
2 24 -7.2768 13.0525 14.0663 -5.8226 14.2585 14.0369
2 24 -7.8447 12.7923 14.0328 -8.3756 12.1953 14.6084
2 24 -7.2768 13.0525 14.0663 -7.8447 12.7923 14.0328
2 24 -8.052 11.395 15.4716 -8.3756 12.1953 14.6084
2 24 -9.6463 13.5447 13.0566 -8.9053 13.1874 13.7882
2 24 -10.6565 12.9481 13.3482 -10.0854 12.5514 14.175
2 24 -8.9053 13.1874 13.7882 -7.8447 12.7923 14.0328
2 24 -7.8447 12.7923 14.0328 -8.3756 12.1953 14.6084
2 24 -10.0854 12.5514 14.175 -8.3756 12.1953 14.6084
2 24 -9.6247 14.1606 11.9209 -9.6463 13.5447 13.0566
2 24 -9.6247 14.1606 11.9209 -8.7642 15.3319 11.2851
2 24 -9.6463 13.5447 13.0566 -7.3446 16.7877 11.9946
2 24 -8.7642 15.3319 11.2851 -7.3446 16.7877 11.9946
2 24 -8.7642 15.3319 11.2851 -10.983 15.3929 10.9339
2 24 -8.7642 15.3319 11.2851 -9.6247 14.1606 11.9209
2 24 -10.983 15.3929 10.9339 -10.8315 13.4227 11.9568
2 24 -9.6247 14.1606 11.9209 -10.8315 13.4227 11.9568
2 24 -7.8447 12.7923 14.0328 -7.2768 13.0525 14.0663
2 24 -5.9972 15.763 13.4282 -5.8226 14.2585 14.0369
2 24 -7.2768 13.0525 14.0663 -5.8226 14.2585 14.0369
2 24 -5.9972 15.763 13.4282 -6.0781 16.9179 12.3382
2 24 -7.8447 12.7923 14.0328 -8.9053 13.1874 13.7882
2 24 -6.0781 16.9179 12.3382 -7.3446 16.7877 11.9946
2 24 -7.3446 16.7877 11.9946 -9.6463 13.5447 13.0566
2 24 -8.9053 13.1874 13.7882 -9.6463 13.5447 13.0566
2 24 -6.0385 16.9616 11.4927 -6.4912 16.8552 11.239
2 24 -6.0385 16.9616 11.4927 -6.0781 16.9179 12.3382
2 24 -6.4912 16.8552 11.239 -7.3446 16.7877 11.9946
2 24 -6.0781 16.9179 12.3382 -7.3446 16.7877 11.9946
2 24 -8.7642 15.3319 11.2851 -7.3446 16.7877 11.9946
2 24 -8.7642 15.3319 11.2851 -7.7638 15.3748 10.5202
2 24 -7.3446 16.7877 11.9946 -6.4912 16.8552 11.239
2 24 -7.7638 15.3748 10.5202 -6.4912 16.8552 11.239
2 24 -10.983 15.3929 10.9339 -8.7642 15.3319 11.2851
2 24 -8.7642 15.3319 11.2851 -7.7638 15.3748 10.5202
2 24 -8.9267 16.0298 9.5403 -7.7638 15.3748 10.5202
2 24 -12.1571 12.8872 5.2379 -12.6577 13.6101 3.8833
2 24 -13.4245 13.1321 5.6953 -13.9489 13.8559 4.234
2 24 -12.6577 13.6101 3.8833 -12.8956 14.3912 2.3708
2 24 -13.9489 13.8559 4.234 -14.5283 14.4779 2.8331
2 24 -12.8956 14.3912 2.3708 -13.1404 14.6634 0.7361
2 24 -14.5283 14.4779 2.8331 -15.3095 14.6169 1.0291
2 24 -15.2043 12.6256 -0.0974 -14.7616 14.2546 0.1523
2 24 -15.2043 12.6256 -0.0974 -13.0585 12.9919 -0.8756
2 24 -14.7616 14.2546 0.1523 -13.1864 14.305 -0.3167
2 24 -13.0585 12.9919 -0.8756 -13.1864 14.305 -0.3167
2 24 -5.5381 0.8759 15.8577 -5.4898 -0.6506 16.4405
2 24 -4.0506 0.3894 16.3626 -5.5381 0.8759 15.8577
2 24 13.4624 10.4527 -6.4084 13.3269 9.815 -6.7226
2 24 13.4624 10.4527 -6.4084 11.5464 10.4763 -5.9318
2 24 11.5464 10.4763 -5.9318 11.4749 9.7747 -6.0681
2 24 13.3269 9.815 -6.7226 13.4624 10.4527 -6.4084
2 24 13.4624 10.4527 -6.4084 14.0359 10.9972 -5.1507
2 24 15.2059 10.3208 -2.3114 14.9713 11.1501 -2.5857
2 24 14.0359 10.9972 -5.1507 14.9713 11.1501 -2.5857
2 24 11.5464 10.4763 -5.9318 12.0788 11.3838 -4.8978
2 24 11.5464 10.4763 -5.9318 13.4624 10.4527 -6.4084
2 24 13.4624 10.4527 -6.4084 14.0359 10.9972 -5.1507
2 24 14.0359 10.9972 -5.1507 14.9713 11.1501 -2.5857
2 24 14.9713 11.1501 -2.5857 12.8828 11.665 -2.5141
2 24 12.0788 11.3838 -4.8978 12.8828 11.665 -2.5141
2 24 15.6062 12.0272 -1.5893 15.8925 10.8626 -1.2349
2 24 15.6062 12.0272 -1.5893 14.9713 11.1501 -2.5857
2 24 14.9713 11.1501 -2.5857 15.2059 10.3208 -2.3114
2 24 12.8828 11.665 -2.5141 12.8641 12.3248 -1.8334
2 24 12.8828 11.665 -2.5141 14.9713 11.1501 -2.5857
2 24 14.9713 11.1501 -2.5857 15.6062 12.0272 -1.5893
2 24 15.3901 9.743 3.3307 15.2965 7.2911 3.9282
2 24 15.1228 9.5771 5.5758 14.9998 7.6089 5.9144
2 24 15.2965 7.2911 3.9282 15.3901 9.743 3.3307
2 24 15.6049 7.3653 3.2735 15.8233 9.8091 2.6813
2 24 15.6049 7.3653 3.2735 15.8233 9.8091 2.6813
2 24 15.9732 7.1407 -0.8835 16.0308 9.253 -0.8045
2 24 15.3072 9.0721 -2.1248 15.3527 7.7469 -2.0005
2 24 16.0308 9.253 -0.8045 15.9732 7.1407 -0.8835
2 24 15.3072 9.0721 -2.1248 15.3527 7.7469 -2.0005
2 24 13.2968 7.743 -6.5569 13.3839 8.7974 -6.6887
2 24 13.3839 8.7974 -6.6887 13.2968 7.743 -6.5569
2 24 14.3802 7.6119 6.8361 14.4281 9.3172 6.5532
2 24 14.9998 7.6089 5.9144 15.1228 9.5771 5.5758
2 24 14.4281 9.3172 6.5532 14.3802 7.6119 6.8361
2 24 13.9225 9.1934 8.7631 13.9566 7.6764 8.5046
2 24 11.624 10.6053 11.1133 12.5508 9.9208 10.3401
2 24 13.1114 12.075 10.3126 13.6963 10.5387 9.2823
2 24 12.6998 7.479 10.9391 12.6285 6.1358 10.6515
2 24 12.6285 6.1358 10.6515 13.0995 6.3217 9.2941
2 24 13.0125 7.5896 9.6441 13.0995 6.3217 9.2941
2 24 12.5508 9.9208 10.3401 11.624 10.6053 11.1133
2 24 12.3804 9.246 11.4387 11.7364 9.7146 11.8312
2 24 10.9228 12.5514 10.895 9.9924 11.8512 11.55
2 24 11.624 10.6053 11.1133 9.9924 11.8512 11.55
2 24 9.6996 14.695 9.1344 10.7235 14.7141 7.8391
2 24 10.7899 14.9494 9.4724 11.6232 14.891 8.2904
2 24 10.7235 14.7141 7.8391 11.6232 14.891 8.2904
2 24 9.9924 11.8512 11.55 10.8614 9.9829 12.1103
2 24 11.624 10.6053 11.1133 9.9924 11.8512 11.55
2 24 8.7357 14.6777 9.9938 9.0559 14.5179 10.7652
2 24 9.6996 14.695 9.1344 8.7357 14.6777 9.9938
2 24 10.7899 14.9494 9.4724 9.0559 14.5179 10.7652
2 24 9.0303 12.3632 11.7833 9.0559 14.5179 10.7652
2 24 9.0559 14.5179 10.7652 10.7899 14.9494 9.4724
2 24 9.9924 11.8512 11.55 10.9228 12.5514 10.895
2 24 9.9924 11.8512 11.55 9.0303 12.3632 11.7833
2 24 8.4393 14.9229 12.3764 8.311 11.887 13.4078
2 24 8.311 11.887 13.4078 7.136 11.2544 14.1899
2 24 5.0186 14.9868 13.9548 4.9901 13.0042 14.5149
2 24 7.136 11.2544 14.1899 4.9901 13.0042 14.5149
2 24 10.3004 9.0405 14.1923 10.2304 10.4086 13.9654
2 24 10.9635 8.7296 12.6117 10.8614 9.9829 12.1103
2 24 10.8614 9.9829 12.1103 10.9635 8.7296 12.6117
2 24 11.7364 9.7146 11.8312 11.4007 8.662 12.4477
2 24 10.1411 7.7885 14.1293 9.8822 6.3423 13.779
2 24 9.8822 6.3423 13.779 10.6067 6.4313 12.9298
2 24 10.8335 7.3098 12.8988 10.6067 6.4313 12.9298
2 24 11.4019 7.4022 12.7151 11.178 6.0999 12.7845
2 24 10.8335 7.3098 12.8988 10.6067 6.4313 12.9298
2 24 11.178 6.0999 12.7845 10.6067 6.4313 12.9298
2 24 10.1411 7.7885 14.1293 9.8822 6.3423 13.779
2 24 7.7566 7.7311 14.9634 7.5574 6.4947 14.7778
2 24 9.8822 6.3423 13.779 7.5574 6.4947 14.7778
2 24 6.8713 9.1464 15.9192 6.2304 11.0823 15.5903
2 24 7.8011 9.2175 15.0256 7.136 11.2544 14.1899
2 24 7.136 11.2544 14.1899 4.9901 13.0042 14.5149
2 24 4.9901 13.0042 14.5149 4.9719 12.2999 15.2332
2 24 6.2304 11.0823 15.5903 4.9719 12.2999 15.2332
2 24 7.7566 7.7311 14.9634 7.5574 6.4947 14.7778
2 24 6.8828 7.4476 15.7671 6.4545 6.2614 14.8117
2 24 7.5574 6.4947 14.7778 6.4545 6.2614 14.8117
2 24 6.8713 9.1464 15.9192 6.2304 11.0823 15.5903
2 24 6.2304 11.0823 15.5903 4.9719 12.2999 15.2332
2 24 5.5321 8.8749 16.2327 4.9719 12.2999 15.2332
2 24 12.6998 7.479 10.9391 12.6285 6.1358 10.6515
2 24 11.4019 7.4022 12.7151 11.178 6.0999 12.7845
2 24 12.6285 6.1358 10.6515 11.178 6.0999 12.7845
2 24 -2.2291 -11.3659 2.785 -3.5874 -10.2925 5.0792
2 24 -1.0521 -11.7139 -4.2308 1.5612 -11.9364 -6.294
2 24 -3.2513 -10.5565 -6.7875 -0.9594 -10.4887 -9.3254
2 24 7.8344 -8.4516 -4.2874 8.6642 -6.8824 -3.9061
2 24 7.0853 -7.9315 -5.6214 8.1664 -5.1406 -5.6894
2 24 8.6642 -6.8824 -3.9061 8.1664 -5.1406 -5.6894
2 24 -5.9119 -10.0272 -0.1806 -5.0483 -10.35 -3.1411
2 24 -3.0434 -11.2087 -1.7707 -4.4866 -10.6679 1.1161
2 24 -5.2269 -10.0366 7.456 -4.1031 -10.263 7.5368
2 24 -3.5874 -10.2925 5.0792 -4.1031 -10.263 7.5368
2 24 1.5612 -11.9364 -6.294 4.2402 -11.3443 -7.1622
2 24 -0.9594 -10.4887 -9.3254 2.1581 -10.1738 -10.5343
2 24 -2.2634 -6.753 14.0531 -1.8163 -8.2967 11.4194
2 24 4.9089 -11.7722 -4.3506 6.8067 -10.1957 -4.4618
2 24 5.5523 -11.8464 -1.9288 7.3847 -10.3458 -2.143
2 24 4.9089 -11.7722 -4.3506 6.8067 -10.1957 -4.4618
2 24 4.406 -11.3168 -5.5265 5.9186 -10.1002 -5.666
2 24 4.2402 -11.3443 -7.1622 5.7455 -10.2134 -7.4712
2 24 4.406 -11.3168 -5.5265 5.9186 -10.1002 -5.666
2 24 4.2402 -11.3443 -7.1622 5.7455 -10.2134 -7.4712
2 24 2.1581 -10.1738 -10.5343 4.546 -9.1609 -10.3912
2 24 -2.2291 -11.3659 2.785 -0.4159 -12.0677 0.9922
2 24 0.663 -10.9752 2.378 -0.8861 -10.5164 3.6199
2 24 -0.4159 -12.0677 0.9922 -2.2291 -11.3659 2.785
2 24 -3.0434 -11.2087 -1.7707 -4.4866 -10.6679 1.1161
2 24 -2.7363 -11.3179 -1.0192 -4.4866 -10.6679 1.1161
2 24 -4.4866 -10.6679 1.1161 -2.7363 -11.3179 -1.0192
2 24 -4.5143 -8.4542 8.5243 -6.2389 -7.9638 7.9035
2 24 -6.2389 -7.9638 7.9035 -6.0085 -9.8026 6.9764
2 24 -5.2269 -10.0366 7.456 -6.0085 -9.8026 6.9764
2 24 -5.2269 -10.0366 7.456 -6.0085 -9.8026 6.9764
2 24 -6.0085 -9.8026 6.9764 -6.3392 -9.6277 5.0402
2 24 -6.3801 -9.6809 2.8733 -6.3392 -9.6277 5.0402
2 24 -6.5838 -7.3415 10.971 -5.9227 -6.4996 13.2014
2 24 -6.2389 -7.9638 7.9035 -4.5143 -8.4542 8.5243
2 24 -4.5143 -8.4542 8.5243 -2.8697 -9.0408 8.0545
2 24 -1.8163 -8.2967 11.4194 -2.8697 -9.0408 8.0545
2 24 2.4336 -9.9069 9.0097 2.035 -9.0521 11.5645
2 24 3.7684 -8.3093 9.0196 3.3982 -7.6162 11.5161
2 24 -0.8995 -10.3112 6.6724 -1.2684 -9.5428 9.4425
2 24 2.4336 -9.9069 9.0097 2.035 -9.0521 11.5645
2 24 -2.8697 -9.0408 8.0545 -2.3199 -9.3707 5.827
2 24 -1.2684 -9.5428 9.4425 -0.8995 -10.3112 6.6724
2 24 0.0277 -0.264 17.485 -1.6429 -0.363 16.7619
2 24 -1.3141 -3.7492 16.3275 -1.6429 -0.363 16.7619
2 24 1.8101 -7.7824 13.6639 0.5365 -8.1291 12.9402
2 24 1.8101 -7.7824 13.6639 2.3467 -8.0058 13.3967
2 24 0.5365 -8.1291 12.9402 -0.7367 -8.8458 11.3286
2 24 2.035 -9.0521 11.5645 2.3467 -8.0058 13.3967
2 24 -1.2684 -9.5428 9.4425 -0.7367 -8.8458 11.3286
2 24 7.2304 16.4343 12.7041 5.0037 16.4076 13.3958
2 24 6.1532 17.1194 11.5673 5.1559 17.1311 12.0243
2 24 5.0037 16.4076 13.3958 5.1559 17.1311 12.0243
2 24 6.1532 17.1194 11.5673 7.2632 17.0261 10.8927
2 24 7.2304 16.4343 12.7041 7.9803 16.0337 12.3412
2 24 7.2632 17.0261 10.8927 7.9803 16.0337 12.3412
2 24 -0.9152 -0.6827 -18.7494 -2.9377 -0.5706 -18.0851
2 24 -0.0203 1.1301 -18.2373 -2.2028 1.2267 -17.7307
2 24 -3.1815 -1.7116 -17.3455 -1.7569 -2.0948 -17.6104
2 24 -0.9152 -0.6827 -18.7494 -2.9377 -0.5706 -18.0851
2 24 -13.0007 7.6791 10.1266 -12.759 6.4451 10.0159
2 24 -12.759 6.4451 10.0159 -13.9667 6.4454 9.4489
2 24 -14.1072 7.9177 9.5566 -13.9667 6.4454 9.4489
2 24 13.9566 7.6764 8.5046 13.9259 6.1786 8.3885
2 24 13.9259 6.1786 8.3885 14.3359 6.1606 6.9643
2 24 14.3802 7.6119 6.8361 14.3359 6.1606 6.9643
2 24 14.9998 7.6089 5.9144 14.8647 6.1742 6.0448
2 24 14.3802 7.6119 6.8361 14.3359 6.1606 6.9643
2 24 14.8647 6.1742 6.0448 14.3359 6.1606 6.9643
2 24 14.9998 7.6089 5.9144 14.8647 6.1742 6.0448
2 24 14.8647 6.1742 6.0448 14.9952 6.0141 3.9852
2 24 15.2965 7.2911 3.9282 14.9952 6.0141 3.9852
2 24 15.6049 7.3653 3.2735 15.4421 6.1121 3.3156
2 24 15.2965 7.2911 3.9282 14.9952 6.0141 3.9852
2 24 15.4421 6.1121 3.3156 14.9952 6.0141 3.9852
2 24 15.9732 7.1407 -0.8835 15.9509 6.3412 -0.9313
2 24 15.6049 7.3653 3.2735 15.4421 6.1121 3.3156
2 24 15.9509 6.3412 -0.9313 15.4421 6.1121 3.3156
2 24 15.3527 7.7469 -2.0005 15.3641 6.34 -2.0606
2 24 15.9732 7.1407 -0.8835 15.9509 6.3412 -0.9313
2 24 15.3641 6.34 -2.0606 15.9509 6.3412 -0.9313
2 24 15.3527 7.7469 -2.0005 15.3641 6.34 -2.0606
2 24 14.6341 6.3082 -4.5156 15.3641 6.34 -2.0606
2 24 13.2968 7.743 -6.5569 12.859 6.5391 -6.5958
2 24 14.6341 6.3082 -4.5156 12.859 6.5391 -6.5958
2 24 13.0125 7.5896 9.6441 12.8117 8.9067 10.0024
2 24 12.6998 7.479 10.9391 12.6213 8.2832 11.1446
2 24 11.4019 7.4022 12.7151 11.4007 8.662 12.4477
2 24 12.6998 7.479 10.9391 12.6213 8.2832 11.1446
2 24 10.9635 8.7296 12.6117 10.8335 7.3098 12.8988
2 24 11.4007 8.662 12.4477 11.4019 7.4022 12.7151
2 24 10.3004 9.0405 14.1923 10.1411 7.7885 14.1293
2 24 10.9635 8.7296 12.6117 10.8335 7.3098 12.8988
2 24 7.7566 7.7311 14.9634 7.8011 9.2175 15.0256
2 24 10.1411 7.7885 14.1293 10.3004 9.0405 14.1923
2 24 6.8713 9.1464 15.9192 6.8828 7.4476 15.7671
2 24 7.8011 9.2175 15.0256 7.7566 7.7311 14.9634
2 24 12.8117 8.9067 10.0024 13.0125 7.5896 9.6441
2 24 13.9225 9.1934 8.7631 13.9566 7.6764 8.5046
2 24 13.0125 7.5896 9.6441 13.0995 6.3217 9.2941
2 24 13.0995 6.3217 9.2941 13.9259 6.1786 8.3885
2 24 13.9566 7.6764 8.5046 13.9259 6.1786 8.3885
2 24 5.5031 7.4755 15.9894 5.4861 6.6541 15.8466
2 24 5.4861 6.6541 15.8466 6.4545 6.2614 14.8117
2 24 6.8828 7.4476 15.7671 6.4545 6.2614 14.8117
2 24 10.7235 14.7141 7.8391 11.6232 14.891 8.2904
2 24 10.7235 14.7141 7.8391 11.0042 13.3645 7.0333
2 24 11.6232 14.891 8.2904 12.4626 13.615 7.2559
2 24 11.0042 13.3645 7.0333 12.4626 13.615 7.2559
2 24 -7.3174 -9.1048 -5.382 -4.8536 -9.1618 -8.1459
2 24 -7.5904 -5.7841 -10.9857 -5.2517 -7.4452 -10.8702
2 24 -0.2916 -11.7645 -3.0266 -2.7363 -11.3179 -1.0192
2 24 0.5239 -12.2225 -2.1947 -1.8634 -11.6169 -0.2241
2 24 -1.0521 -11.7139 -4.2308 -3.0434 -11.2087 -1.7707
2 24 -0.2916 -11.7645 -3.0266 -2.7363 -11.3179 -1.0192
2 24 -3.2513 -10.5565 -6.7875 -5.0483 -10.35 -3.1411
2 24 -1.0521 -11.7139 -4.2308 -3.0434 -11.2087 -1.7707
2 24 -5.8162 -8.3523 -4.1517 -3.8551 -8.9392 -7.4055
2 24 -5.0483 -10.35 -3.1411 -3.2513 -10.5565 -6.7875
2 24 -7.3174 -9.1048 -5.382 -4.8536 -9.1618 -8.1459
2 24 -5.8162 -8.3523 -4.1517 -3.8551 -8.9392 -7.4055
2 24 2.4336 -9.9069 9.0097 3.6986 -10.1547 6.2668
2 24 -0.8995 -10.3112 6.6724 0.52 -10.8602 4.1193
2 24 -2.3199 -9.3707 5.827 -0.8861 -10.5164 3.6199
2 24 -0.8995 -10.3112 6.6724 0.52 -10.8602 4.1193
2 24 0.52 -10.8602 4.1193 1.679 -11.0279 2.7584
2 24 -0.8861 -10.5164 3.6199 0.663 -10.9752 2.378
2 24 0.52 -10.8602 4.1193 1.679 -11.0279 2.7584
2 24 3.6986 -10.1547 6.2668 5.2706 -9.9275 3.7726
2 24 0.663 -10.9752 2.378 3.2384 -11.0058 1.0318
2 24 1.679 -11.0279 2.7584 3.2384 -11.0058 1.0318
2 24 -2.5575 -5.4451 15.543 -2.2634 -6.753 14.0531
2 24 -5.5715 -5.0053 14.5659 -5.9227 -6.4996 13.2014
2 24 -2.2634 -6.753 14.0531 -2.5575 -5.4451 15.543
2 24 -0.815 -6.1533 13.857 -0.9442 -5.1608 15.2298
2 24 -0.9442 -5.1608 15.2298 -0.815 -6.1533 13.857
2 24 -0.815 -6.1533 13.857 -0.5364 -6.9173 12.616
2 24 3.0304 -5.5561 14.9408 2.4966 -6.5008 13.8914
2 24 -0.5364 -6.9173 12.616 2.4966 -6.5008 13.8914
2 24 4.0711 -5.4093 14.3398 3.4915 -6.297 13.5734
2 24 3.0304 -5.5561 14.9408 2.4966 -6.5008 13.8914
2 24 3.4915 -6.297 13.5734 2.4966 -6.5008 13.8914
2 24 4.0711 -5.4093 14.3398 3.4915 -6.297 13.5734
2 24 8.2815 -6.9447 11.255 7.6211 -5.0157 14.0759
2 24 9.0767 -4.2035 13.1519 9.8674 -5.4507 10.7188
2 24 7.6211 -5.0157 14.0759 8.2815 -6.9447 11.255
2 24 9.0767 -4.2035 13.1519 9.8674 -5.4507 10.7188
2 24 13.1027 -1.7665 11.9255 13.5432 -3.0322 9.965
2 24 13.1027 -1.7665 11.9255 13.5432 -3.0322 9.965
2 24 15.121 -3.106 1.2844 15.5185 -1.6001 1.027
2 24 15.0359 -2.5588 3.5259 15.121 -3.106 1.2844
2 24 8.6642 -6.8824 -3.9061 9.1277 -7.7684 -1.7284
2 24 8.6642 -6.8824 -3.9061 7.8344 -8.4516 -4.2874
2 24 9.1277 -7.7684 -1.7284 8.2595 -9.0318 -1.9316
2 24 5.5523 -11.8464 -1.9288 7.3847 -10.3458 -2.143
2 24 6.3651 -9.8991 0.1594 8.0704 -8.6789 -0.2813
2 24 8.0704 -8.6789 -0.2813 7.1063 -8.9807 1.5569
2 24 8.0704 -8.6789 -0.2813 6.3651 -9.8991 0.1594
2 24 8.6642 -6.8824 -3.9061 8.1664 -5.1406 -5.6894
2 24 10.1744 -6.6086 -4.8256 8.6642 -6.8824 -3.9061
2 24 10.3231 -5.2249 -5.8843 8.1664 -5.1406 -5.6894
2 24 12.0803 -7.9853 -0.5147 9.1277 -7.7684 -1.7284
2 24 9.1277 -7.7684 -1.7284 8.6642 -6.8824 -3.9061
2 24 10.1744 -6.6086 -4.8256 8.6642 -6.8824 -3.9061
2 24 11.09 -5.2853 2.3859 10.0762 -6.3215 1.813
2 24 10.0762 -6.3215 1.813 9.3402 -7.1693 0.4521
2 24 11.8057 -6.9771 1.385 9.3402 -7.1693 0.4521
2 24 7.7794 -7.5621 2.8162 9.3402 -7.1693 0.4521
2 24 7.1063 -8.9807 1.5569 8.0704 -8.6789 -0.2813
2 24 8.0704 -8.6789 -0.2813 9.3402 -7.1693 0.4521
2 24 10.6465 -5.8618 4.5867 10.4555 -6.0994 6.9874
2 24 9.5884 -7.0453 3.8362 9.2141 -7.6352 6.4052
2 24 13.4005 -4.4774 7.17 13.5432 -3.0322 9.965
2 24 10.4555 -6.0994 6.9874 9.8674 -5.4507 10.7188
2 24 14.2021 -2.824 6.2848 13.9389 -1.0457 8.3151
2 24 13.4005 -4.4774 7.17 13.5432 -3.0322 9.965
2 24 9.8674 -5.4507 10.7188 10.4555 -6.0994 6.9874
2 24 8.2815 -6.9447 11.255 9.2141 -7.6352 6.4052
2 24 14.2021 -2.824 6.2848 13.9389 -1.0457 8.3151
2 24 14.8245 -1.6211 5.4887 14.1544 -0.5493 7.7333
2 24 4.6158 -8.5141 7.1212 3.7684 -8.3093 9.0196
2 24 3.4915 -6.297 13.5734 3.3982 -7.6162 11.5161
2 24 3.7684 -8.3093 9.0196 3.3982 -7.6162 11.5161
2 24 11.09 -5.2853 2.3859 12.0871 -4.6057 2.5307
2 24 11.8057 -6.9771 1.385 13.4202 -5.9534 1.7457
2 24 15.8471 -3.2412 -5.0399 14.2541 -4.2589 -5.4757
2 24 16.485 -4.4444 -3.8265 15.3309 -5.5929 -3.859
2 24 16.485 -4.4444 -3.8265 15.3309 -5.5929 -3.859
2 24 16.9151 -4.3467 -1.4807 15.6971 -5.8656 -0.9984
2 24 16.3199 -3.5135 0.0423 15.0327 -4.7665 1.092
2 24 16.9151 -4.3467 -1.4807 15.6971 -5.8656 -0.9984
2 24 12.0871 -4.6057 2.5307 15.121 -3.106 1.2844
2 24 13.4202 -5.9534 1.7457 15.0327 -4.7665 1.092
2 24 15.5185 -1.6001 1.027 15.121 -3.106 1.2844
2 24 16.3199 -3.5135 0.0423 15.0327 -4.7665 1.092
2 24 -8.0058 0.776 -15.6322 -7.6186 1.3534 -15.6016
2 24 -5.138 1.2085 -16.5112 -7.6186 1.3534 -15.6016
2 24 -8.9016 -0.3884 -11.9157 -8.487 1.793 -12.8086
2 24 -8.9016 -0.3884 -11.9157 -8.0818 -0.0749 -15.6747
2 24 -8.487 1.793 -12.8086 -8.0058 0.776 -15.6322
2 24 -8.0818 -0.0749 -15.6747 -8.0058 0.776 -15.6322
2 24 -16.1432 -0.5952 -2.1984 -14.4252 -1.2094 -5.2976
2 24 -14.2948 -3.1582 -3.3579 -13.523 -3.0333 -4.6666
2 24 -13.523 -3.0333 -4.6666 -12.9374 -2.7112 -6.0033
2 24 -14.4252 -1.2094 -5.2976 -12.7022 -1.9739 -7.3479
2 24 -12.9374 -2.7112 -6.0033 -12.7022 -1.9739 -7.3479
2 24 -12.7022 -1.9739 -7.3479 -12.9374 -2.7112 -6.0033
2 24 -12.6929 -2.5138 -7.6096 -12.8387 -3.2986 -5.8317
2 24 -12.9374 -2.7112 -6.0033 -12.8387 -3.2986 -5.8317
2 24 -12.8387 -3.2986 -5.8317 -13.5339 -3.6576 -4.939
2 24 -13.523 -3.0333 -4.6666 -12.9374 -2.7112 -6.0033
2 24 -12.8387 -3.2986 -5.8317 -12.9374 -2.7112 -6.0033
2 24 -13.2404 -7.294 -1.4519 -10.8161 -7.4357 -2.494
2 24 -13.5339 -3.6576 -4.939 -14.699 -3.9851 -3.6808
2 24 -13.2678 -5.5843 -4.8687 -14.7802 -5.8784 -3.8954
2 24 -14.699 -3.9851 -3.6808 -17.1441 -5.4008 -2.0775
2 24 -17.1441 -5.4008 -2.0775 -16.1143 -6.3963 -2.9341
2 24 -14.7802 -5.8784 -3.8954 -16.1143 -6.3963 -2.9341
2 24 -16.6438 -6.5467 0.0834 -16.0278 -7.214 -0.2965
2 24 -16.6438 -6.5467 0.0834 -14.1958 -5.7685 1.0583
2 24 -14.1958 -5.7685 1.0583 -11.4989 -6.4946 -0.5856
2 24 -15.6392 -7.6426 -0.9171 -13.2404 -7.294 -1.4519
2 24 -16.0278 -7.214 -0.2965 -15.6392 -7.6426 -0.9171
2 24 -10.8161 -7.4357 -2.494 -13.2404 -7.294 -1.4519
2 24 -9.0156 -7.415 -2.0404 -11.4989 -6.4946 -0.5856
2 24 -12.7642 -3.2103 8.5941 -12.6828 -1.1144 9.3771
2 24 -11.8928 -3.6626 10.0047 -11.9674 -1.8387 10.7686
2 24 -7.5331 -7.9708 -3.1222 -10.3725 -7.7925 1.2777
2 24 -7.5331 -7.9708 -3.1222 -9.0156 -7.415 -2.0404
2 24 -9.0156 -7.415 -2.0404 -11.0803 -6.7694 0.8875
2 24 -12.6828 -1.1144 9.3771 -12.5743 0.6352 9.4905
2 24 -12.5743 0.6352 9.4905 -12.1001 0.8708 10.5698
2 24 -11.9674 -1.8387 10.7686 -12.1001 0.8708 10.5698
2 24 -14.6819 -4.7643 2.9273 -14.1958 -5.7685 1.0583
2 24 -14.1958 -5.7685 1.0583 -11.4989 -6.4946 -0.5856
2 24 -13.5623 -5.2766 3.4725 -11.4989 -6.4946 -0.5856
2 24 -3.5719 -2.9779 16.6426 -5.4898 -0.6506 16.4405
2 24 -4.0506 0.3894 16.3626 -2.3016 0.4058 16.6761
2 24 -1.6429 -0.363 16.7619 -2.3016 0.4058 16.6761
2 24 -1.3141 -3.7492 16.3275 -1.6429 -0.363 16.7619
2 24 -9.5576 -3.4195 13.2938 -7.9684 -3.6778 14.2252
2 24 -9.5576 -3.4195 13.2938 -9.4069 -1.6434 14.9517
2 24 -9.4069 -1.6434 14.9517 -8.1696 -1.9608 15.2562
2 24 -9.8257 -3.7743 10.681 -9.5576 -3.4195 13.2938
2 24 -10.4083 -1.5145 11.5878 -9.8257 -3.7743 10.681
2 24 -9.5576 -3.4195 13.2938 -9.4069 -1.6434 14.9517
2 24 -9.4069 -1.6434 14.9517 -10.2828 1.2072 12.6833
2 24 -7.9684 -3.6778 14.2252 -9.5576 -3.4195 13.2938
2 24 -9.5576 -3.4195 13.2938 -9.8257 -3.7743 10.681
2 24 -9.0268 -4.0541 10.924 -9.8257 -3.7743 10.681
2 24 -7.6567 -4.2457 11.169 -6.1409 -3.8629 14.5226
2 24 -5.5715 -5.0053 14.5659 -5.8762 -3.1852 15.2638
2 24 -5.9227 -6.4996 13.2014 -5.5715 -5.0053 14.5659
2 24 -7.9684 -3.6778 14.2252 -6.1409 -3.8629 14.5226
2 24 -6.1409 -3.8629 14.5226 -7.6567 -4.2457 11.169
2 24 -9.0268 -4.0541 10.924 -7.6567 -4.2457 11.169
2 24 -8.1696 -1.9608 15.2562 -6.9173 -1.2928 15.3401
2 24 -7.9684 -3.6778 14.2252 -6.1409 -3.8629 14.5226
2 24 -6.9173 -1.2928 15.3401 -6.1409 -3.8629 14.5226
2 24 -8.1696 -1.9608 15.2562 -6.9173 -1.2928 15.3401
2 24 -8.1696 -1.9608 15.2562 -7.3802 1.0899 14.7245
2 24 -7.3802 1.0899 14.7245 -6.9173 -1.2928 15.3401
2 24 -7.6567 -4.2457 11.169 -9.0268 -4.0541 10.924
2 24 -7.7355 -6.4417 9.1562 -7.6567 -4.2457 11.169
2 24 -9.5537 -6.9211 8.344 -9.0268 -4.0541 10.924
2 24 -9.8257 -3.7743 10.681 -9.0268 -4.0541 10.924
2 24 -9.5537 -6.9211 8.344 -9.0268 -4.0541 10.924
2 24 15.247 0.0673 2.8624 16.0647 0.0594 0.5472
2 24 15.5185 -1.6001 1.027 16.0647 0.0594 0.5472
2 24 15.5185 -1.6001 1.027 16.0647 0.0594 0.5472
2 24 19.169 -1.2403 -0.806 16.0647 0.0594 0.5472
2 24 17.2998 -0.85 -4.5319 18.6851 -1.3135 -4.0191
2 24 17.2998 -0.85 -4.5319 16.9904 -1.4503 -4.9622
2 24 10.7022 -4.086 -9.6497 11.952 -2.9242 -10.55
2 24 11.3323 -4.5317 -8.8187 13.0329 -3.3679 -9.6324
2 24 11.3466 -3.2619 -11.762 10.1754 -4.2884 -10.6795
2 24 11.952 -2.9242 -10.55 10.7022 -4.086 -9.6497
2 24 10.1754 -4.2884 -10.6795 11.3466 -3.2619 -11.762
2 24 8.7639 -4.0517 -12.2577 8.9762 -3.2793 -13.1823
2 24 8.7639 -4.0517 -12.2577 8.9762 -3.2793 -13.1823
2 24 8.9762 -3.2793 -13.1823 8.613 -2.3113 -13.8756
2 24 1.536 -9.389 -12.4781 1.6935 -9.2504 -11.12
2 24 1.536 -9.389 -12.4781 -1.6036 -9.4306 -13.0992
2 24 1.6935 -9.2504 -11.12 -1.7527 -8.0371 -10.1384
2 24 -3.8551 -8.9392 -7.4055 -1.7527 -8.0371 -10.1384
2 24 -3.2513 -10.5565 -6.7875 -0.9594 -10.4887 -9.3254
2 24 -4.8536 -9.1618 -8.1459 -2.7349 -7.935 -10.6316
2 24 -2.7349 -7.935 -10.6316 -1.7527 -8.0371 -10.1384
2 24 -3.8551 -8.9392 -7.4055 -1.7527 -8.0371 -10.1384
2 24 -1.8634 -11.6169 -0.2241 0.5239 -12.2225 -2.1947
2 24 -0.4159 -12.0677 0.9922 2.1338 -12.553 -0.6391
2 24 -15.1118 -2.1342 5.3554 -14.9163 -3.6009 4.5052
2 24 -15.7051 -0.9357 2.4121 -15.7933 -1.9995 1.8542
2 24 -14.6819 -4.7643 2.9273 -14.9163 -3.6009 4.5052
2 24 -15.7933 -1.9995 1.8542 -15.7749 -2.778 1.1885
2 24 -15.2465 -4.5271 1.067 -15.6623 -3.5011 0.0539
2 24 -15.7749 -2.778 1.1885 -15.6623 -3.5011 0.0539
2 24 -17.117 -5.8096 0.1276 -17.3897 -5.3104 -0.3696
2 24 -15.2465 -4.5271 1.067 -15.6623 -3.5011 0.0539
2 24 -17.3897 -5.3104 -0.3696 -15.6623 -3.5011 0.0539
2 24 -17.3897 -5.3104 -0.3696 -17.117 -5.8096 0.1276
2 24 -15.8372 -7.1658 -2.2019 -16.1143 -6.3963 -2.9341
2 24 -15.8372 -7.1658 -2.2019 -16.1143 -6.3963 -2.9341
2 24 -16.1143 -6.3963 -2.9341 -14.7802 -5.8784 -3.8954
2 24 -14.7802 -5.8784 -3.8954 -13.2678 -5.5843 -4.8687
2 24 -13.2678 -5.5843 -4.8687 -11.9485 -5.9212 -5.9975
2 24 -11.9485 -5.9212 -5.9975 -10.6481 -6.4088 -7.6088
2 24 -10.6481 -6.4088 -7.6088 -9.0711 -6.3517 -9.5974
2 24 -5.2517 -7.4452 -10.8702 -7.5904 -5.7841 -10.9857
2 24 -9.0711 -6.3517 -9.5974 -7.5904 -5.7841 -10.9857
2 24 -5.2517 -7.4452 -10.8702 -2.7349 -7.935 -10.6316
2 24 -4.8536 -9.1618 -8.1459 -2.7349 -7.935 -10.6316
2 24 4.0365 -12.4223 -1.5394 5.5523 -11.8464 -1.9288
2 24 5.0611 -10.478 0.5458 6.3651 -9.8991 0.1594
2 24 0.5239 -12.2225 -2.1947 2.8959 -12.3312 -3.9039
2 24 2.1338 -12.553 -0.6391 4.0365 -12.4223 -1.5394
2 24 5.5523 -11.8464 -1.9288 4.0365 -12.4223 -1.5394
2 24 4.9089 -11.7722 -4.3506 2.8959 -12.3312 -3.9039
2 24 5.2706 -9.9275 3.7726 7.1063 -8.9807 1.5569
2 24 6.3651 -9.8991 0.1594 5.0611 -10.478 0.5458
2 24 1.679 -11.0279 2.7584 3.2384 -11.0058 1.0318
2 24 5.0611 -10.478 0.5458 3.2384 -11.0058 1.0318
2 24 4.546 -9.1609 -10.3912 2.1581 -10.1738 -10.5343
2 24 2.1581 -10.1738 -10.5343 1.6935 -9.2504 -11.12
2 24 4.1544 -8.3 -10.9421 1.6935 -9.2504 -11.12
2 24 -1.7527 -8.0371 -10.1384 1.6935 -9.2504 -11.12
2 24 1.6935 -9.2504 -11.12 2.1581 -10.1738 -10.5343
2 24 -0.9594 -10.4887 -9.3254 2.1581 -10.1738 -10.5343
2 24 4.546 -9.1609 -10.3912 6.6874 -7.496 -9.1451
2 24 5.7455 -10.2134 -7.4712 7.1501 -8.0487 -7.3833
2 24 7.3847 -10.3458 -2.143 8.2595 -9.0318 -1.9316
2 24 6.8067 -10.1957 -4.4618 7.8344 -8.4516 -4.2874
2 24 7.8344 -8.4516 -4.2874 6.8067 -10.1957 -4.4618
2 24 7.0853 -7.9315 -5.6214 5.9186 -10.1002 -5.666
2 24 5.9186 -10.1002 -5.666 7.0853 -7.9315 -5.6214
2 24 5.7455 -10.2134 -7.4712 7.1501 -8.0487 -7.3833
2 24 5.551 -6.3943 -11.4429 6.845 -5.0447 -10.1689
2 24 6.845 -5.0447 -10.1689 7.7346 -5.0703 -8.4898
2 24 5.9614 -6.7833 -9.9252 7.7346 -5.0703 -8.4898
2 24 1.5053 -8.2642 -14.5818 3.9482 -7.3907 -13.1641
2 24 1.5415 -6.6272 -14.7583 3.7197 -6.2663 -13.8525
2 24 8.2743 -0.2864 -14.3062 8.613 -2.3113 -13.8756
2 24 6.6299 -2.7898 -14.0573 6.383 -0.8396 -14.4238
2 24 6.9645 1.6331 -13.8253 5.8017 0.5295 -14.0775
2 24 6.383 -0.8396 -14.4238 5.8017 0.5295 -14.0775
2 24 5.7562 -2.159 -16.0942 6.2439 -2.7677 -14.8355
2 24 6.383 -0.8396 -14.4238 6.6299 -2.7898 -14.0573
2 24 6.2439 -2.7677 -14.8355 6.6299 -2.7898 -14.0573
2 24 -6.7203 -1.6398 -16.1256 -8.0818 -0.0749 -15.6747
2 24 -7.4659 -1.8121 -14.4774 -8.0045 -1.4166 -12.6137
2 24 -13.523 -3.0333 -4.6666 -14.2948 -3.1582 -3.3579
2 24 -13.5339 -3.6576 -4.939 -14.699 -3.9851 -3.6808
2 24 -17.1441 -5.4008 -2.0775 -14.699 -3.9851 -3.6808
2 24 -15.299 -3.5381 -1.8507 -14.2948 -3.1582 -3.3579
2 24 -12.557 -6.065 4.3121 -11.0803 -6.7694 0.8875
2 24 -11.7174 -7.3532 4.5066 -10.3725 -7.7925 1.2777
2 24 -13.5623 -5.2766 3.4725 -11.4989 -6.4946 -0.5856
2 24 -12.557 -6.065 4.3121 -11.0803 -6.7694 0.8875
2 24 -11.0803 -6.7694 0.8875 -9.0156 -7.415 -2.0404
2 24 -11.4989 -6.4946 -0.5856 -9.0156 -7.415 -2.0404
2 24 9.9924 11.8512 11.55 9.7214 11.4105 13.8246
2 24 10.8614 9.9829 12.1103 9.9924 11.8512 11.55
2 24 10.2304 10.4086 13.9654 9.7214 11.4105 13.8246
2 24 9.9924 11.8512 11.55 9.0303 12.3632 11.7833
2 24 9.9924 11.8512 11.55 9.7214 11.4105 13.8246
2 24 9.7214 11.4105 13.8246 9.1176 11.4256 14.0489
2 24 9.0303 12.3632 11.7833 8.311 11.887 13.4078
2 24 9.1176 11.4256 14.0489 8.6186 10.7964 14.476
2 24 7.8011 9.2175 15.0256 8.6186 10.7964 14.476
2 24 10.3004 9.0405 14.1923 10.2304 10.4086 13.9654
2 24 8.311 11.887 13.4078 7.136 11.2544 14.1899
2 24 7.136 11.2544 14.1899 7.8011 9.2175 15.0256
2 24 8.6186 10.7964 14.476 7.8011 9.2175 15.0256
2 24 13.3269 9.815 -6.7226 13.3839 8.7974 -6.6887
2 24 11.4749 9.7747 -6.0681 11.4876 8.1513 -6.0785
2 24 13.3269 9.815 -6.7226 13.3839 8.7974 -6.6887
2 24 15.2059 10.3208 -2.3114 15.3072 9.0721 -2.1248
2 24 15.8925 10.8626 -1.2349 16.0308 9.253 -0.8045
2 24 15.2059 10.3208 -2.3114 15.3072 9.0721 -2.1248
2 24 15.3901 9.743 3.3307 15.3314 11.4091 2.5626
2 24 15.8233 9.8091 2.6813 15.8135 10.9966 2.1718
2 24 12.5508 9.9208 10.3401 12.8117 8.9067 10.0024
2 24 13.6963 10.5387 9.2823 13.9225 9.1934 8.7631
2 24 12.3804 9.246 11.4387 12.6213 8.2832 11.1446
2 24 12.5508 9.9208 10.3401 12.8117 8.9067 10.0024
2 24 11.4007 8.662 12.4477 11.7364 9.7146 11.8312
2 24 11.7364 9.7146 11.8312 12.3804 9.246 11.4387
2 24 12.6213 8.2832 11.1446 12.3804 9.246 11.4387
2 24 14.4281 9.3172 6.5532 14.2874 11.6527 5.8826
2 24 15.1228 9.5771 5.5758 15.0959 11.9593 4.8391
2 24 13.9225 9.1934 8.7631 13.6963 10.5387 9.2823
2 24 14.4281 9.3172 6.5532 14.2874 11.6527 5.8826
2 24 14.2874 11.6527 5.8826 13.9082 13.1834 5.2029
2 24 15.0959 11.9593 4.8391 14.9245 14.1051 3.5929
2 24 13.9082 13.1834 5.2029 14.9245 14.1051 3.5929
2 24 -2.2028 1.2267 -17.7307 -5.138 1.2085 -16.5112
2 24 -5.4482 -0.67 -16.9772 -2.9377 -0.5706 -18.0851
2 24 12.8641 12.3248 -1.8334 13.136 12.6256 -0.8321
2 24 13.136 12.6256 -0.8321 15.4511 12.2746 -0.5955
2 24 15.6062 12.0272 -1.5893 15.4511 12.2746 -0.5955
2 24 15.0863 13.8568 0.0018 15.0446 12.7968 -0.4187
2 24 13.2499 13.9411 -0.3174 13.1257 13.0648 -0.6313
2 24 15.6062 12.0272 -1.5893 15.4511 12.2746 -0.5955
2 24 15.6062 12.0272 -1.5893 15.8925 10.8626 -1.2349
2 24 15.4511 12.2746 -0.5955 15.7469 12.1802 0.9739
2 24 13.1257 13.0648 -0.6313 13.136 12.6256 -0.8321
2 24 15.0446 12.7968 -0.4187 15.4511 12.2746 -0.5955
2 24 13.136 12.6256 -0.8321 15.4511 12.2746 -0.5955
2 24 15.3505 12.5973 1.3271 15.0446 12.7968 -0.4187
2 24 15.7469 12.1802 0.9739 15.4511 12.2746 -0.5955
2 24 15.0446 12.7968 -0.4187 15.4511 12.2746 -0.5955
2 24 13.2499 13.9411 -0.3174 13.2339 14.484 0.2213
2 24 15.0863 13.8568 0.0018 15.1195 14.2625 0.519
2 24 15.1195 14.2625 0.519 15.0526 14.4884 0.9869
2 24 13.2339 14.484 0.2213 13.3047 14.7016 0.9426
2 24 13.3047 14.7016 0.9426 13.1976 14.4883 3.5093
2 24 15.0526 14.4884 0.9869 14.9245 14.1051 3.5929
2 24 14.9245 14.1051 3.5929 13.9082 13.1834 5.2029
2 24 13.1976 14.4883 3.5093 12.779 13.6485 4.8387
2 24 13.9082 13.1834 5.2029 12.779 13.6485 4.8387
2 24 15.0526 14.4884 0.9869 15.1195 14.2625 0.519
2 24 15.1195 14.2625 0.519 15.0863 13.8568 0.0018
2 24 15.3505 12.5973 1.3271 15.0446 12.7968 -0.4187
2 24 15.0863 13.8568 0.0018 15.0446 12.7968 -0.4187
2 24 13.1114 12.075 10.3126 13.4155 13.0544 8.6701
2 24 11.8189 13.4566 9.5594 12.4361 13.518 8.5527
2 24 11.8189 13.4566 9.5594 12.4361 13.518 8.5527
2 24 12.4361 13.518 8.5527 12.4626 13.615 7.2559
2 24 11.6232 14.891 8.2904 12.4626 13.615 7.2559
2 24 10.9228 12.5514 10.895 11.8189 13.4566 9.5594
2 24 13.4155 13.0544 8.6701 13.6476 13.0563 7.2886
2 24 12.4361 13.518 8.5527 12.4626 13.615 7.2559
2 24 13.6476 13.0563 7.2886 13.9082 13.1834 5.2029
2 24 13.9082 13.1834 5.2029 12.779 13.6485 4.8387
2 24 12.4626 13.615 7.2559 12.779 13.6485 4.8387
2 24 12.779 13.6485 4.8387 12.1372 12.9211 4.7673
2 24 12.779 13.6485 4.8387 12.4626 13.615 7.2559
2 24 12.1372 12.9211 4.7673 11.0042 13.3645 7.0333
2 24 12.4626 13.615 7.2559 11.0042 13.3645 7.0333
2 24 13.1976 14.4883 3.5093 12.779 13.6485 4.8387
2 24 12.6277 13.8372 3.166 12.1372 12.9211 4.7673
2 24 12.779 13.6485 4.8387 12.1372 12.9211 4.7673
2 24 12.6277 13.8372 3.166 13.3047 14.7016 0.9426
2 24 13.1976 14.4883 3.5093 13.3047 14.7016 0.9426
2 24 18.8743 -3.3821 -3.8406 18.6851 -1.3135 -4.0191
2 24 15.8471 -3.2412 -5.0399 16.9904 -1.4503 -4.9622
2 24 4.1544 -8.3 -10.9421 5.9614 -6.7833 -9.9252
2 24 4.546 -9.1609 -10.3912 6.6874 -7.496 -9.1451
2 24 6.6874 -7.496 -9.1451 7.953 -5.0923 -8.0989
2 24 7.953 -5.0923 -8.0989 7.7346 -5.0703 -8.4898
2 24 5.9614 -6.7833 -9.9252 7.7346 -5.0703 -8.4898
2 24 6.6874 -7.496 -9.1451 7.953 -5.0923 -8.0989
2 24 7.953 -5.0923 -8.0989 8.1952 -5.2089 -7.0526
2 24 7.1501 -8.0487 -7.3833 8.1952 -5.2089 -7.0526
2 24 7.1501 -8.0487 -7.3833 8.1952 -5.2089 -7.0526
2 24 8.1952 -5.2089 -7.0526 8.1664 -5.1406 -5.6894
2 24 7.0853 -7.9315 -5.6214 8.1664 -5.1406 -5.6894
2 24 -5.2517 -7.4452 -10.8702 -2.7349 -7.935 -10.6316
2 24 -5.2362 -7.9015 -12.4386 -1.6036 -9.4306 -13.0992
2 24 -14.9542 -0.6441 5.8007 -14.6914 0.189 5.8825
2 24 -14.2531 -0.8205 6.7819 -14.082 0.4774 7.1118
2 24 -14.6914 0.189 5.8825 -14.082 0.4774 7.1118
2 24 -14.6914 0.189 5.8825 -15.4881 0.0364 2.6605
2 24 -14.6914 0.189 5.8825 -14.9542 -0.6441 5.8007
2 24 -15.1118 -2.1342 5.3554 -14.9542 -0.6441 5.8007
2 24 -15.7051 -0.9357 2.4121 -15.4881 0.0364 2.6605
2 24 -12.7642 -3.2103 8.5941 -12.6828 -1.1144 9.3771
2 24 -12.5743 0.6352 9.4905 -14.082 0.4774 7.1118
2 24 -12.6828 -1.1144 9.3771 -12.5743 0.6352 9.4905
2 24 -14.2531 -0.8205 6.7819 -14.082 0.4774 7.1118
2 24 3.8127 -0.2113 -17.6395 5.7562 -2.159 -16.0942
2 24 3.4277 1.2554 -15.8223 4.7937 0.8154 -14.7826
2 24 6.383 -0.8396 -14.4238 5.8017 0.5295 -14.0775
2 24 4.7937 0.8154 -14.7826 5.8017 0.5295 -14.0775
2 24 -15.7302 0.3685 -2.3704 -14.1757 -0.1809 -5.4858
2 24 -16.1432 -0.5952 -2.1984 -14.4252 -1.2094 -5.2976
2 24 -12.483 -0.4217 -7.6909 -12.7022 -1.9739 -7.3479
2 24 -14.1757 -0.1809 -5.4858 -12.483 -0.4217 -7.6909
2 24 -14.4252 -1.2094 -5.2976 -12.7022 -1.9739 -7.3479
2 24 -14.3139 6.3552 8.5051 -13.9667 6.4454 9.4489
2 24 -14.1072 7.9177 9.5566 -13.9667 6.4454 9.4489
2 24 -14.3139 6.3552 8.5051 -14.5533 6.3052 7.4669
2 24 -14.5887 7.6899 7.6179 -14.5533 6.3052 7.4669
2 24 -12.1488 9.5164 11.837 -11.6275 11.346 13.4122
2 24 -10.5072 10.2323 13.7493 -11.6275 11.346 13.4122
2 24 -12.7994 9.4639 10.3647 -12.0831 11.8311 10.904
2 24 -12.1488 9.5164 11.837 -11.6275 11.346 13.4122
2 24 -14.0113 9.4251 9.8097 -13.875 11.3998 10.074
2 24 -12.7994 9.4639 10.3647 -12.0831 11.8311 10.904
2 24 -13.875 11.3998 10.074 -12.0831 11.8311 10.904
2 24 -14.0689 12.5113 8.3219 -13.875 11.3998 10.074
2 24 -14.0113 9.4251 9.8097 -13.875 11.3998 10.074
2 24 -14.5561 9.9059 7.4138 -14.1542 12.6403 6.2638
2 24 -14.0689 12.5113 8.3219 -14.1542 12.6403 6.2638
2 24 -15.4947 9.9477 6.5621 -15.1078 12.2994 5.6982
2 24 -14.5561 9.9059 7.4138 -14.1542 12.6403 6.2638
2 24 -15.1078 12.2994 5.6982 -14.1542 12.6403 6.2638
2 24 -15.4947 9.9477 6.5621 -15.1078 12.2994 5.6982
2 24 -16.0249 9.6509 3.7797 -15.5844 11.8639 3.5836
2 24 -16.8684 9.7457 1.7088 -16.5606 11.9835 1.4298
2 24 -16.0249 9.6509 3.7797 -15.5844 11.8639 3.5836
2 24 -16.6695 9.547 1.1347 -16.3266 11.0707 0.4885
2 24 -16.8684 9.7457 1.7088 -16.5606 11.9835 1.4298
2 24 -15.8229 9.1647 -1.2528 -15.0761 10.5255 -2.8523
2 24 -16.6695 9.547 1.1347 -16.3266 11.0707 0.4885
2 24 -15.8229 9.1647 -1.2528 -15.0761 10.5255 -2.8523
2 24 -15.5682 8.824 -3.0401 -14.824 10.4896 -4.1674
2 24 -15.5682 8.824 -3.0401 -14.824 10.4896 -4.1674
2 24 -13.4114 8.399 -6.6589 -13.2604 9.8791 -6.8674
2 24 -13.2604 9.8791 -6.8674 -11.1648 10.0913 -6.7147
2 24 -11.3103 8.1395 -6.485 -11.1648 10.0913 -6.7147
2 24 -13.1864 14.305 -0.3167 -14.7616 14.2546 0.1523
2 24 -13.1404 14.6634 0.7361 -13.1864 14.305 -0.3167
2 24 -15.3095 14.6169 1.0291 -14.7616 14.2546 0.1523
2 24 15.8135 10.9966 2.1718 15.7469 12.1802 0.9739
2 24 15.3314 11.4091 2.5626 15.3505 12.5973 1.3271
2 24 15.1228 9.5771 5.5758 15.0959 11.9593 4.8391
2 24 15.3901 9.743 3.3307 15.3314 11.4091 2.5626
2 24 8.4393 14.9229 12.3764 7.9803 16.0337 12.3412
2 24 7.9803 16.0337 12.3412 7.2304 16.4343 12.7041
2 24 5.0186 14.9868 13.9548 5.0037 16.4076 13.3958
2 24 7.2304 16.4343 12.7041 5.0037 16.4076 13.3958
2 24 8.311 11.887 13.4078 9.0303 12.3632 11.7833
2 24 8.311 11.887 13.4078 8.4393 14.9229 12.3764
2 24 9.0303 12.3632 11.7833 9.0559 14.5179 10.7652
2 24 7.2632 17.0261 10.8927 7.9803 16.0337 12.3412
2 24 7.2632 17.0261 10.8927 8.2079 16.0724 10.5095
2 24 8.4393 14.9229 12.3764 7.9803 16.0337 12.3412
2 24 8.2079 16.0724 10.5095 8.7357 14.6777 9.9938
2 24 9.0559 14.5179 10.7652 8.7357 14.6777 9.9938
2 24 14.3543 2.1129 -7.241 15.6993 2.6187 -5.2192
2 24 16.3522 1.0979 -7.9641 17.2393 1.8843 -5.7937
2 24 17.2393 1.8843 -5.7937 17.7936 2.386 -3.3976
2 24 15.6993 2.6187 -5.2192 16.7947 2.81 -3.1013
2 24 17.7936 2.386 -3.3976 17.8818 2.709 -1.629
2 24 16.7947 2.81 -3.1013 17.0409 3.0113 -1.5696
2 24 17.8818 2.709 -1.629 17.563 2.4998 -0.2703
2 24 17.0409 3.0113 -1.5696 16.8456 2.6319 0.2357
2 24 17.563 2.4998 -0.2703 16.8456 2.6319 0.2357
2 24 12.1939 -4.8169 -6.5648 10.183 -5.0336 -6.4076
2 24 11.3323 -4.5317 -8.8187 9.5113 -4.9944 -8.1916
2 24 12.1939 -4.8169 -6.5648 14.2922 -4.0637 -6.8415
2 24 11.3323 -4.5317 -8.8187 13.0329 -3.3679 -9.6324
2 24 14.2922 -4.0637 -6.8415 15.737 -2.9664 -6.7927
2 24 13.0329 -3.3679 -9.6324 14.0506 -2.0825 -9.9256
2 24 15.737 -2.9664 -6.7927 16.4663 -1.9033 -6.5074
2 24 14.0506 -2.0825 -9.9256 15.2057 -0.0922 -9.5005
2 24 16.4663 -1.9033 -6.5074 16.9461 -0.8586 -5.9227
2 24 15.2057 -0.0922 -9.5005 16.3522 1.0979 -7.9641
2 24 16.3522 1.0979 -7.9641 17.2393 1.8843 -5.7937
2 24 16.9461 -0.8586 -5.9227 17.2459 -0.4597 -5.0607
2 24 17.2393 1.8843 -5.7937 17.7936 2.386 -3.3976
2 24 17.2459 -0.4597 -5.0607 17.9355 0.5281 -3.0427
2 24 17.9355 0.5281 -3.0427 17.9652 0.5588 -1.671
2 24 17.7936 2.386 -3.3976 17.8818 2.709 -1.629
2 24 17.9652 0.5588 -1.671 17.5498 0.5374 -0.5731
2 24 17.5498 0.5374 -0.5731 17.563 2.4998 -0.2703
2 24 17.8818 2.709 -1.629 17.563 2.4998 -0.2703
2 24 16.4398 0.4386 0.1465 16.8456 2.6319 0.2357
2 24 17.5498 0.5374 -0.5731 17.563 2.4998 -0.2703
2 24 16.8456 2.6319 0.2357 17.563 2.4998 -0.2703
2 24 10.3231 -5.2249 -5.8843 8.1664 -5.1406 -5.6894
2 24 8.1664 -5.1406 -5.6894 8.1952 -5.2089 -7.0526
2 24 10.183 -5.0336 -6.4076 8.1952 -5.2089 -7.0526
2 24 10.3231 -5.2249 -5.8843 12.2005 -4.8941 -5.8533
2 24 12.1939 -4.8169 -6.5648 10.183 -5.0336 -6.4076
2 24 12.1939 -4.8169 -6.5648 14.2922 -4.0637 -6.8415
2 24 12.2005 -4.8941 -5.8533 14.2541 -4.2589 -5.4757
2 24 14.2541 -4.2589 -5.4757 15.8471 -3.2412 -5.0399
2 24 14.2922 -4.0637 -6.8415 15.737 -2.9664 -6.7927
2 24 15.737 -2.9664 -6.7927 16.4663 -1.9033 -6.5074
2 24 15.8471 -3.2412 -5.0399 16.9904 -1.4503 -4.9622
2 24 16.4663 -1.9033 -6.5074 16.9461 -0.8586 -5.9227
2 24 16.9904 -1.4503 -4.9622 17.2998 -0.85 -4.5319
2 24 16.9461 -0.8586 -5.9227 17.2459 -0.4597 -5.0607
2 24 17.2998 -0.85 -4.5319 18.023 -0.3109 -2.866
2 24 17.9355 0.5281 -3.0427 17.2459 -0.4597 -5.0607
2 24 18.023 -0.3109 -2.866 18.005 -0.2111 -1.6055
2 24 17.9355 0.5281 -3.0427 17.9652 0.5588 -1.671
2 24 18.005 -0.2111 -1.6055 17.6454 -0.2219 -0.6504
2 24 17.5498 0.5374 -0.5731 17.9652 0.5588 -1.671
2 24 17.5498 0.5374 -0.5731 17.6454 -0.2219 -0.6504
2 24 17.5498 0.5374 -0.5731 17.6454 -0.2219 -0.6504
2 24 16.4398 0.4386 0.1465 16.0647 0.0594 0.5472
2 24 17.6454 -0.2219 -0.6504 16.0647 0.0594 0.5472
2 24 7.3847 -10.3458 -2.143 8.2595 -9.0318 -1.9316
2 24 10.183 -5.0336 -6.4076 8.1952 -5.2089 -7.0526
2 24 8.1952 -5.2089 -7.0526 7.953 -5.0923 -8.0989
2 24 9.5113 -4.9944 -8.1916 7.953 -5.0923 -8.0989
2 24 6.845 -5.0447 -10.1689 5.551 -6.3943 -11.4429
2 24 6.845 -5.0447 -10.1689 5.7246 -4.6481 -11.9534
2 24 3.7197 -6.2663 -13.8525 5.7246 -4.6481 -11.9534
2 24 3.9482 -7.3907 -13.1641 5.551 -6.3943 -11.4429
2 24 17.2998 -0.85 -4.5319 18.023 -0.3109 -2.866
2 24 17.2998 -0.85 -4.5319 18.6851 -1.3135 -4.0191
2 24 18.6851 -1.3135 -4.0191 19.8004 -1.6108 -1.6824
2 24 18.023 -0.3109 -2.866 18.005 -0.2111 -1.6055
2 24 -1.5873 2.3748 -16.0608 -0.3452 1.7374 -17.1993
2 24 0.2917 1.6573 -17.2756 -0.3452 1.7374 -17.1993
2 24 -2.2028 1.2267 -17.7307 -0.0203 1.1301 -18.2373
2 24 -7.6186 1.3534 -15.6016 -8.0058 0.776 -15.6322
2 24 -7.6186 1.3534 -15.6016 -7.5051 2.1334 -13.4232
2 24 -8.0058 0.776 -15.6322 -8.487 1.793 -12.8086
2 24 -7.5051 2.1334 -13.4232 -8.487 1.793 -12.8086
2 24 -12.6929 -2.5138 -7.6096 -12.1783 -1.8196 -9.8197
2 24 -12.1783 -1.8196 -9.8197 -11.864 -0.3789 -9.2769
2 24 -11.864 -0.3789 -9.2769 -12.483 -0.4217 -7.6909
2 24 -12.7022 -1.9739 -7.3479 -12.483 -0.4217 -7.6909
2 24 -11.8928 -3.6626 10.0047 -12.1719 -5.7427 7.9405
2 24 -6.1409 -3.8629 14.5226 -6.9173 -1.2928 15.3401
2 24 -5.8762 -3.1852 15.2638 -6.9173 -1.2928 15.3401
2 24 9.2045 1.547 -13.7198 8.3019 2.506 -13.1324
2 24 9.2045 1.547 -13.7198 10.3026 1.7688 -12.7684
2 24 8.3019 2.506 -13.1324 10.3044 2.4646 -11.5152
2 24 10.3026 1.7688 -12.7684 10.3044 2.4646 -11.5152
2 24 -10.3927 -0.7408 -10.1463 -8.9016 -0.3884 -11.9157
2 24 -10.3927 -0.7408 -10.1463 -8.5493 -1.8317 -11.3205
2 24 -8.0045 -1.4166 -12.6137 -8.5493 -1.8317 -11.3205
2 24 -10.2828 1.2072 12.6833 -10.7 0.9283 11.6512
2 24 -10.4083 -1.5145 11.5878 -10.7 0.9283 11.6512
2 24 6.8713 9.1464 15.9192 6.8828 7.4476 15.7671
2 24 5.5321 8.8749 16.2327 5.5031 7.4755 15.9894
2 24 8.6186 10.7964 14.476 9.1176 11.4256 14.0489
2 24 9.1176 11.4256 14.0489 9.7214 11.4105 13.8246
2 24 10.2304 10.4086 13.9654 9.7214 11.4105 13.8246
2 24 14.2874 11.6527 5.8826 13.9082 13.1834 5.2029
2 24 13.6476 13.0563 7.2886 13.9082 13.1834 5.2029
2 24 15.0526 14.4884 0.9869 14.9245 14.1051 3.5929
2 24 15.0959 11.9593 4.8391 14.9245 14.1051 3.5929
2 24 15.3505 12.5973 1.3271 15.3314 11.4091 2.5626
2 24 15.8233 9.8091 2.6813 15.8135 10.9966 2.1718
2 24 15.7469 12.1802 0.9739 15.8135 10.9966 2.1718
2 24 16.0308 9.253 -0.8045 15.8925 10.8626 -1.2349
2 24 11.6 -2.0898 -12.3646 10.7598 0.2105 -12.8451
2 24 11.9316 -0.8312 -10.9825 11.6497 0.2604 -10.5274
2 24 11.9316 -0.8312 -10.9825 11.6497 0.2604 -10.5274
2 24 14.0506 -2.0825 -9.9256 15.2057 -0.0922 -9.5005
2 24 10.3044 2.4646 -11.5152 10.7543 1.7011 -10.9875
2 24 10.3044 2.4646 -11.5152 10.3026 1.7688 -12.7684
2 24 10.7598 0.2105 -12.8451 10.3026 1.7688 -12.7684
2 24 10.7543 1.7011 -10.9875 11.2157 1.4368 -9.9982
2 24 11.6497 0.2604 -10.5274 11.2157 1.4368 -9.9982
2 24 11.6497 0.2604 -10.5274 11.2157 1.4368 -9.9982
2 24 12.553 1.6716 -8.9888 11.2157 1.4368 -9.9982
2 24 14.3543 2.1129 -7.241 12.553 1.6716 -8.9888
2 24 16.3522 1.0979 -7.9641 15.2057 -0.0922 -9.5005
2 24 10.7899 14.9494 9.4724 11.6232 14.891 8.2904
2 24 10.9228 12.5514 10.895 11.8189 13.4566 9.5594
2 24 -16.3266 11.0707 0.4885 -15.2043 12.6256 -0.0974
2 24 -16.5606 11.9835 1.4298 -15.3095 14.6169 1.0291
2 24 -15.2043 12.6256 -0.0974 -14.7616 14.2546 0.1523
2 24 -15.3095 14.6169 1.0291 -14.7616 14.2546 0.1523
2 24 -15.2043 12.6256 -0.0974 -13.0585 12.9919 -0.8756
2 24 -14.2948 11.4741 -3.0504 -15.2043 12.6256 -0.0974
2 24 -12.7289 11.8198 -2.9625 -13.0585 12.9919 -0.8756
2 24 3.8013 -0.0505 5.2332 5.2287 -0.0505 3.8058
2 24 5.4588 0.0175 7.4884 7.5098 0.0175 5.4374
2 24 3.8013 -0.0505 5.2332 2.0028 -0.0505 6.1496
2 24 5.4588 0.0175 7.4884 2.8743 0.0175 8.8052
2 24 2.0028 -0.0505 6.1496 0.0091 -0.0505 6.4653
2 24 2.8743 0.0175 8.8052 1.8686 0.0175 8.9645
2 24 -2.8554 0.0175 8.8052 -1.9152 0.0175 8.9542
2 24 0.0091 -0.0505 6.4653 -1.9846 -0.0505 6.1496
2 24 -7.4909 0.0175 5.4374 -5.4398 0.0175 7.4884
2 24 -5.2104 -0.0505 3.8058 -3.7831 -0.0505 5.2332
2 24 -8.8077 0.0175 -2.8768 -9.2614 0.0175 -0.0119
2 24 -6.1268 -0.0505 -1.9801 -6.4426 -0.0505 0.0136
2 24 0.0091 -0.0505 -6.4381 2.0028 -0.0505 -6.1223
2 24 1.4212 0.0175 -9.0592 2.8743 0.0175 -8.8291
2 24 2.0028 -0.0505 -6.1223 3.8013 -0.0505 -5.2059
2 24 2.8743 0.0175 -8.8291 5.4588 0.0175 -7.5123
2 24 3.8013 -0.0505 -5.2059 5.2287 -0.0505 -3.7786
2 24 5.4588 0.0175 -7.5123 7.5098 0.0175 -5.4612
2 24 -7.708 -2.673 -10.5295 -4.0478 -2.673 -12.3934
2 24 -7.4052 6.9449 -10.722 -4.0576 7.5493 -12.3847
2 24 -10.5199 6.6259 -7.6788 -11.3007 6.7147 -6.4929
2 24 -10.5764 -2.673 -7.6114 -12.3603 -2.673 -4.1278
2 24 -11.3007 6.7147 -6.4929 -11.3103 8.1395 -6.485
2 24 -12.3603 -2.673 -4.1278 -13.0545 -2.673 -0.0119
2 24 10.5434 -2.673 7.7088 12.4166 -2.673 4.104
2 24 12.1372 12.9211 4.7673 12.6277 13.8372 3.166
2 24 4.0485 23.5748 12.4058 5.5321 22.7052 11.8056
2 24 5.5321 22.7052 11.8056 5.5636 21.3111 11.7964
2 24 5.5636 21.3111 11.7964 5.6015 19.635 11.7853
2 24 2.3217 23.7391 12.8325 -1.0964 19.7053 12.995
2 24 -2.3009 21.9991 12.8362 -4.445 22.1497 12.2594
2 24 -8.9267 16.0298 9.5403 -7.7638 15.3748 10.5202
2 24 7.5098 0.0175 5.4374 8.8266 0.0175 2.853
2 24 5.2287 -0.0505 3.8058 6.1451 -0.0505 2.0073
2 24 8.8266 0.0175 2.853 9.2804 0.0175 -0.0119
2 24 6.1451 -0.0505 2.0073 6.4608 -0.0505 0.0136
2 24 8.7357 14.6777 9.9938 9.6996 14.695 9.1344
2 24 2.0566 -2.673 12.7561 2.0566 -0.1426 12.7341
2 24 2.0566 -2.673 12.7561 4.0928 -2.673 12.4294
2 24 -2.0074 -0.1426 12.7465 0.0312 -0.1426 13.0591
2 24 5.6015 19.635 11.7853 5.1559 17.1311 12.0243
2 24 7.2632 17.0261 10.8927 8.2079 16.0724 10.5095
2 24 -7.4909 0.0175 5.4374 -8.8077 0.0175 2.853
2 24 -5.2104 -0.0505 3.8058 -6.1268 -0.0505 2.0073
2 24 -9.2614 0.0175 -0.0119 -8.8077 0.0175 2.853
2 24 -6.4426 -0.0505 0.0136 -6.1268 -0.0505 2.0073
2 24 -12.1571 12.8872 5.2379 -11.4862 13.2513 7.3086
2 24 -10.543 -2.673 7.7333 -11.4862 13.2513 7.3086
2 24 -2.8554 0.0175 8.8052 -5.4398 0.0175 7.4884
2 24 -1.9846 -0.0505 6.1496 -3.7831 -0.0505 5.2332
2 24 -7.7638 15.3748 10.5202 -6.4912 16.8552 11.239
2 24 -7.6552 -2.673 10.5943 -4.003 -2.673 12.4404
2 24 6.4608 -0.0505 0.0136 6.1451 -0.0505 -1.9801
2 24 9.2804 0.0175 -0.0119 8.8266 0.0175 -2.8768
2 24 7.5098 0.0175 -5.4612 8.8266 0.0175 -2.8768
2 24 5.2287 -0.0505 -3.7786 6.1451 -0.0505 -1.9801
2 24 11.4876 8.1513 -6.0785 11.4749 9.7747 -6.0681
2 24 12.0788 11.3838 -4.8978 11.5464 10.4763 -5.9318
2 24 11.4749 9.7747 -6.0681 11.5464 10.4763 -5.9318
2 24 -8.8077 0.0175 -2.8768 -7.4909 0.0175 -5.4612
2 24 -6.1268 -0.0505 -1.9801 -5.2104 -0.0505 -3.7786
2 24 0.0091 -0.0505 -6.4381 -1.9846 -0.0505 -6.1223
2 24 -1.2016 0.0175 -9.091 -2.8554 0.0175 -8.8291
2 24 -2.8554 0.0175 -8.8291 -5.4398 0.0175 -7.5123
2 24 -1.9846 -0.0505 -6.1223 -3.7831 -0.0505 -5.2059
2 24 -7.4052 6.9449 -10.722 -9.0774 6.7546 -9.3398
2 24 -7.708 -2.673 -10.5295 -10.5764 -2.673 -7.6114
2 24 -7.4909 0.0175 -5.4612 -5.4398 0.0175 -7.5123
2 24 -5.2104 -0.0505 -3.7786 -3.7831 -0.0505 -5.2059
2 24 7.6506 -2.673 10.5905 10.5434 -2.673 7.7088
2 24 5.4588 -2.673 7.4884 7.5098 -2.673 5.4374
2 24 7.5098 -2.673 5.4374 8.8266 -2.673 2.853
2 24 10.5434 -2.673 7.7088 12.4166 -2.673 4.104
2 24 12.4166 -2.673 4.104 13.0383 -2.673 -0.0119
2 24 8.8266 -2.673 2.853 9.2804 -2.673 -0.0119
2 24 9.2804 -2.673 -0.0119 8.8266 -2.673 -2.8768
2 24 13.0383 -2.673 -0.0119 12.3973 -2.673 -4.1278
2 24 12.3973 -2.673 -4.1278 10.5649 -2.673 -7.6586
2 24 8.8266 -2.673 -2.8768 7.5098 -2.673 -5.4612
2 24 7.5098 -2.673 -5.4612 5.4588 -2.673 -7.5123
2 24 10.5649 -2.673 -7.6586 7.6624 -2.673 -10.5529
2 24 5.4588 -2.673 -7.5123 2.8743 -2.673 -8.8291
2 24 7.6624 -2.673 -10.5529 4.0343 -2.673 -12.3929
2 24 -1.2016 0.0175 -9.091 -1.5673 -0.1426 -12.783
2 24 -1.5673 -0.1426 -12.783 0.0095 -0.1426 -13.0307
2 24 -7.708 -2.673 -10.5295 -4.0478 -2.673 -12.3934
2 24 -5.4398 -2.673 -7.5123 -2.8554 -2.673 -8.8291
2 24 -7.708 -2.673 -10.5295 -10.5764 -2.673 -7.6114
2 24 -5.4398 -2.673 -7.5123 -7.4909 -2.673 -5.4612
2 24 -7.4909 -2.673 -5.4612 -8.8077 -2.673 -2.8768
2 24 -10.5764 -2.673 -7.6114 -12.3603 -2.673 -4.1278
2 24 -8.8077 -2.673 -2.8768 -9.2614 -2.673 -0.0119
2 24 -12.3603 -2.673 -4.1278 -13.0545 -2.673 -0.0119
2 24 -13.0545 -2.673 -0.0119 -12.393 -2.673 4.0342
2 24 -9.2614 -2.673 -0.0119 -8.8077 -2.673 2.853
2 24 -12.393 -2.673 4.0342 -10.543 -2.673 7.7333
2 24 -8.8077 -2.673 2.853 -7.4909 -2.673 5.4374
2 24 -7.4909 -2.673 5.4374 -5.4398 -2.673 7.4884
2 24 -10.543 -2.673 7.7333 -7.6552 -2.673 10.5943
2 24 -7.6552 -2.673 10.5943 -4.003 -2.673 12.4404
2 24 -5.4398 -2.673 7.4884 -2.8554 -2.673 8.8052
2 24 -1.9152 0.0175 8.9542 -2.0074 -0.1426 12.7465
2 24 -2.0074 -0.1426 12.7465 0.0312 -0.1426 13.0591
2 24 5.4588 -2.673 7.4884 2.8743 -2.673 8.8052
2 24 7.6506 -2.673 10.5905 4.0928 -2.673 12.4294
2 24 12.0788 11.3838 -4.8978 12.8828 11.665 -2.5141
2 24 12.3973 -2.673 -4.1278 13.0383 -2.673 -0.0119
2 24 13.136 12.6256 -0.8321 12.8641 12.3248 -1.8334
2 24 -4.0478 -2.673 -12.3934 -1.5673 -2.673 -12.783
2 24 -1.5673 -0.1426 -12.783 -1.5673 -2.673 -12.783
2 24 -0.7351 8.2525 -12.7732 -2.4549 8.0258 -12.5996
2 24 -13.0545 -2.673 -0.0119 -12.393 -2.673 4.0342
2 24 -13.1404 14.6634 0.7361 -13.1864 14.305 -0.3167
2 24 -13.1864 14.305 -0.3167 -13.0585 12.9919 -0.8756
2 24 5.2287 -5.5006 3.8058 6.1451 -5.5006 2.0073
2 24 5.2287 -5.5006 3.8058 3.8013 -5.5006 5.2332
2 24 3.8013 -5.5006 5.2332 2.0028 -5.5006 6.1496
2 24 2.0028 -5.5006 6.1496 0.0091 -5.5006 6.4653
2 24 0.0091 -5.5006 6.4653 -1.9846 -5.5006 6.1496
2 24 -1.9846 -5.5006 6.1496 -3.7831 -5.5006 5.2332
2 24 -3.7831 -5.5006 5.2332 -5.2104 -5.5006 3.8058
2 24 -5.2104 -5.5006 3.8058 -6.1268 -5.5006 2.0073
2 24 -6.1268 -5.5006 2.0073 -6.4426 -5.5006 0.0136
2 24 -6.4426 -5.5006 0.0136 -6.1268 -5.5006 -1.9801
2 24 -6.1268 -5.5006 -1.9801 -5.2104 -5.5006 -3.7786
2 24 -5.2104 -5.5006 -3.7786 -3.7831 -5.5006 -5.2059
2 24 -3.7831 -5.5006 -5.2059 -1.9846 -5.5006 -6.1223
2 24 -1.9846 -5.5006 -6.1223 0.0091 -5.5006 -6.4381
2 24 0.0091 -5.5006 -6.4381 2.0028 -5.5006 -6.1223
2 24 2.0028 -5.5006 -6.1223 3.8013 -5.5006 -5.2059
2 24 3.8013 -5.5006 -5.2059 5.2287 -5.5006 -3.7786
2 24 5.2287 -5.5006 -3.7786 6.1451 -5.5006 -1.9801
2 24 6.1451 -5.5006 -1.9801 6.4608 -5.5006 0.0136
2 24 6.1451 -5.5006 2.0073 6.4608 -5.5006 0.0136
2 24 6.1451 -5.5006 2.0073 5.2287 -5.5006 3.8058
2 24 6.1451 -0.0505 2.0073 5.2287 -0.0505 3.8058
2 24 5.2287 -5.5006 3.8058 3.8013 -5.5006 5.2332
2 24 5.2287 -0.0505 3.8058 3.8013 -0.0505 5.2332
2 24 3.8013 -5.5006 5.2332 2.0028 -5.5006 6.1496
2 24 3.8013 -0.0505 5.2332 2.0028 -0.0505 6.1496
2 24 2.0028 -5.5006 6.1496 0.0091 -5.5006 6.4653
2 24 2.0028 -0.0505 6.1496 0.0091 -0.0505 6.4653
2 24 0.0091 -5.5006 6.4653 -1.9846 -5.5006 6.1496
2 24 0.0091 -0.0505 6.4653 -1.9846 -0.0505 6.1496
2 24 -1.9846 -5.5006 6.1496 -3.7831 -5.5006 5.2332
2 24 -1.9846 -0.0505 6.1496 -3.7831 -0.0505 5.2332
2 24 -3.7831 -5.5006 5.2332 -5.2104 -5.5006 3.8058
2 24 -3.7831 -0.0505 5.2332 -5.2104 -0.0505 3.8058
2 24 -5.2104 -5.5006 3.8058 -6.1268 -5.5006 2.0073
2 24 -5.2104 -0.0505 3.8058 -6.1268 -0.0505 2.0073
2 24 -6.1268 -5.5006 2.0073 -6.4426 -5.5006 0.0136
2 24 -6.1268 -0.0505 2.0073 -6.4426 -0.0505 0.0136
2 24 -6.4426 -5.5006 0.0136 -6.1268 -5.5006 -1.9801
2 24 -6.4426 -0.0505 0.0136 -6.1268 -0.0505 -1.9801
2 24 -6.1268 -5.5006 -1.9801 -5.2104 -5.5006 -3.7786
2 24 -6.1268 -0.0505 -1.9801 -5.2104 -0.0505 -3.7786
2 24 -5.2104 -5.5006 -3.7786 -3.7831 -5.5006 -5.2059
2 24 -5.2104 -0.0505 -3.7786 -3.7831 -0.0505 -5.2059
2 24 -3.7831 -5.5006 -5.2059 -1.9846 -5.5006 -6.1223
2 24 -3.7831 -0.0505 -5.2059 -1.9846 -0.0505 -6.1223
2 24 -1.9846 -5.5006 -6.1223 0.0091 -5.5006 -6.4381
2 24 -1.9846 -0.0505 -6.1223 0.0091 -0.0505 -6.4381
2 24 0.0091 -5.5006 -6.4381 2.0028 -5.5006 -6.1223
2 24 0.0091 -0.0505 -6.4381 2.0028 -0.0505 -6.1223
2 24 2.0028 -5.5006 -6.1223 3.8013 -5.5006 -5.2059
2 24 2.0028 -0.0505 -6.1223 3.8013 -0.0505 -5.2059
2 24 3.8013 -5.5006 -5.2059 5.2287 -5.5006 -3.7786
2 24 3.8013 -0.0505 -5.2059 5.2287 -0.0505 -3.7786
2 24 5.2287 -5.5006 -3.7786 6.1451 -5.5006 -1.9801
2 24 5.2287 -0.0505 -3.7786 6.1451 -0.0505 -1.9801
2 24 6.1451 -5.5006 -1.9801 6.4608 -5.5006 0.0136
2 24 6.1451 -0.0505 -1.9801 6.4608 -0.0505 0.0136
2 24 6.1451 -5.5006 2.0073 6.4608 -5.5006 0.0136
2 24 6.1451 -0.0505 2.0073 6.4608 -0.0505 0.0136
2 24 7.443 7.1402 -10.6435 9.3751 6.8941 -8.7821
2 24 7.6624 -2.673 -10.5529 10.5649 -2.673 -7.6586
2 24 7.443 7.1402 -10.6435 4.6613 7.7507 -12.1159
2 24 7.6624 -2.673 -10.5529 4.0343 -2.673 -12.3929
2 24 1.4212 0.0175 -9.0592 1.5752 -0.1426 -12.7826
2 24 0.0095 -0.1426 -13.0307 1.5752 -0.1426 -12.7826
2 24 1.8686 0.0175 8.9645 2.0566 -0.1426 12.7341
2 24 0.0312 -0.1426 13.0591 2.0566 -0.1426 12.7341
2 24 7.5098 0.0175 5.4374 5.4588 0.0175 7.4884
2 24 7.5098 -2.673 5.4374 5.4588 -2.673 7.4884
2 24 7.5098 0.0175 5.4374 8.8266 0.0175 2.853
2 24 7.5098 -2.673 5.4374 8.8266 -2.673 2.853
2 24 8.8266 0.0175 2.853 9.2804 0.0175 -0.0119
2 24 8.8266 -2.673 2.853 9.2804 -2.673 -0.0119
2 24 9.2804 0.0175 -0.0119 8.8266 0.0175 -2.8768
2 24 9.2804 -2.673 -0.0119 8.8266 -2.673 -2.8768
2 24 8.8266 0.0175 -2.8768 7.5098 0.0175 -5.4612
2 24 8.8266 -2.673 -2.8768 7.5098 -2.673 -5.4612
2 24 7.5098 0.0175 -5.4612 5.4588 0.0175 -7.5123
2 24 7.5098 -2.673 -5.4612 5.4588 -2.673 -7.5123
2 24 5.4588 0.0175 -7.5123 2.8743 0.0175 -8.8291
2 24 5.4588 -2.673 -7.5123 2.8743 -2.673 -8.8291
2 24 1.4212 0.0175 -9.0592 1.4212 -2.673 -9.0592
2 24 1.4212 0.0175 -9.0592 1.5752 -0.1426 -12.7826
2 24 1.4212 -2.673 -9.0592 1.5752 -2.673 -12.7826
2 24 1.5752 -0.1426 -12.7826 1.5752 -2.673 -12.7826
2 24 2.8743 0.0175 -8.8291 1.4212 0.0175 -9.0592
2 24 1.4212 0.0175 -9.0592 1.4212 -2.673 -9.0592
2 24 2.8743 -2.673 -8.8291 1.4212 -2.673 -9.0592
2 24 2.8743 0.0175 8.8052 1.8686 0.0175 8.9645
2 24 1.8686 0.0175 8.9645 1.8686 -2.673 8.9645
2 24 2.8743 -2.673 8.8052 1.8686 -2.673 8.9645
2 24 1.8686 0.0175 8.9645 2.0566 -0.1426 12.7341
2 24 1.8686 0.0175 8.9645 1.8686 -2.673 8.9645
2 24 2.0566 -0.1426 12.7341 2.0566 -2.673 12.7561
2 24 1.8686 -2.673 8.9645 2.0566 -2.673 12.7561
2 24 5.4588 0.0175 7.4884 2.8743 0.0175 8.8052
2 24 5.4588 -2.673 7.4884 2.8743 -2.673 8.8052
2 24 -5.4398 0.0175 -7.5123 -2.8554 0.0175 -8.8291
2 24 -5.4398 -2.673 -7.5123 -2.8554 -2.673 -8.8291
2 24 -5.4398 0.0175 -7.5123 -7.4909 0.0175 -5.4612
2 24 -5.4398 -2.673 -7.5123 -7.4909 -2.673 -5.4612
2 24 -7.4909 0.0175 -5.4612 -8.8077 0.0175 -2.8768
2 24 -7.4909 -2.673 -5.4612 -8.8077 -2.673 -2.8768
2 24 -8.8077 0.0175 -2.8768 -9.2614 0.0175 -0.0119
2 24 -8.8077 -2.673 -2.8768 -9.2614 -2.673 -0.0119
2 24 -9.2614 0.0175 -0.0119 -8.8077 0.0175 2.853
2 24 -9.2614 -2.673 -0.0119 -8.8077 -2.673 2.853
2 24 -8.8077 0.0175 2.853 -7.4909 0.0175 5.4374
2 24 -8.8077 -2.673 2.853 -7.4909 -2.673 5.4374
2 24 -7.4909 0.0175 5.4374 -5.4398 0.0175 7.4884
2 24 -7.4909 -2.673 5.4374 -5.4398 -2.673 7.4884
2 24 -5.4398 0.0175 7.4884 -2.8554 0.0175 8.8052
2 24 -5.4398 -2.673 7.4884 -2.8554 -2.673 8.8052
2 24 -2.8554 0.0175 -8.8291 -1.2016 0.0175 -9.091
2 24 -1.2016 0.0175 -9.091 -1.2016 -2.673 -9.091
2 24 -2.8554 -2.673 -8.8291 -1.2016 -2.673 -9.091
2 24 -1.2016 0.0175 -9.091 -1.5673 -0.1426 -12.783
2 24 -1.2016 0.0175 -9.091 -1.2016 -2.673 -9.091
2 24 -1.5673 -0.1426 -12.783 -1.5673 -2.673 -12.783
2 24 -1.2016 -2.673 -9.091 -1.5673 -2.673 -12.783
2 24 -1.9152 0.0175 8.9542 -1.9152 -2.673 8.9542
2 24 -1.9152 0.0175 8.9542 -2.0074 -0.1426 12.7465
2 24 -1.9152 -2.673 8.9542 -2.0074 -2.673 12.7465
2 24 -2.0074 -0.1426 12.7465 -2.0074 -2.673 12.7465
2 24 -2.8554 0.0175 8.8052 -1.9152 0.0175 8.9542
2 24 -1.9152 0.0175 8.9542 -1.9152 -2.673 8.9542
2 24 -2.8554 -2.673 8.8052 -1.9152 -2.673 8.9542
2 24 -1.7527 -8.0371 -10.1384 -2.7349 -7.935 -10.6316
2 24 13.6963 10.5387 9.2823 13.1114 12.075 10.3126
2 24 13.1114 12.075 10.3126 13.4155 13.0544 8.6701
2 24 13.6476 13.0563 7.2886 13.4155 13.0544 8.6701
2 24 2.8743 -2.673 -8.8291 1.4212 -2.673 -9.0592
2 24 1.4212 -2.673 -9.0592 1.5752 -2.673 -12.7826
2 24 4.0343 -2.673 -12.3929 1.5752 -2.673 -12.7826
2 24 -1.2016 -2.673 -9.091 -1.5673 -2.673 -12.783
2 24 -2.8554 -2.673 -8.8291 -1.2016 -2.673 -9.091
2 24 -4.0478 -2.673 -12.3934 -1.5673 -2.673 -12.783
2 24 -4.003 -2.673 12.4404 -2.0074 -2.673 12.7465
2 24 -2.0074 -2.673 12.7465 -1.9152 -2.673 8.9542
2 24 -2.8554 -2.673 8.8052 -1.9152 -2.673 8.9542
2 24 1.8686 -2.673 8.9645 2.0566 -2.673 12.7561
2 24 2.8743 -2.673 8.8052 1.8686 -2.673 8.9645
2 24 4.0928 -2.673 12.4294 2.0566 -2.673 12.7561
2 24 0.0095 -0.1426 -13.0307 1.5752 -0.1426 -12.7826
2 24 -0.7351 8.2525 -12.7732 0.9905 8.4801 -12.9473
2 24 4.6613 7.7507 -12.1159 0.9905 8.4801 -12.9473
2 24 4.0343 -2.673 -12.3929 1.5752 -2.673 -12.7826
2 24 1.5752 -0.1426 -12.7826 1.5752 -2.673 -12.7826
2 24 -4.0576 7.5493 -12.3847 -2.4549 8.0258 -12.5996
2 24 -1.5673 -0.1426 -12.783 0.0095 -0.1426 -13.0307
2 24 -4.445 22.1497 12.2594 -6.0931 21.091 11.5251
2 24 -6.0931 21.091 11.5251 -6.0385 16.9616 11.4927
2 24 -1.0964 19.7053 12.995 -2.3009 21.9991 12.8362
2 24 10.7235 14.7141 7.8391 11.0042 13.3645 7.0333
2 24 10.5434 -2.673 7.7088 7.6506 -2.673 10.5905
2 24 5.1559 17.1311 12.0243 6.1532 17.1194 11.5673
2 24 7.2632 17.0261 10.8927 6.1532 17.1194 11.5673
2 24 7.6506 -2.673 10.5905 4.0928 -2.673 12.4294
2 24 4.0485 23.5748 12.4058 2.3217 23.7391 12.8325
2 24 16.0647 0.0594 0.5472 19.169 -1.2403 -0.806
2 24 16.0647 0.0594 0.5472 17.6454 -0.2219 -0.6504
2 24 19.8004 -1.6108 -1.6824 19.169 -1.2403 -0.806
2 24 18.005 -0.2111 -1.6055 17.6454 -0.2219 -0.6504
2 24 8.0704 -8.6789 -0.2813 9.3402 -7.1693 0.4521
2 24 9.3402 -7.1693 0.4521 9.1277 -7.7684 -1.7284
2 24 8.2595 -9.0318 -1.9316 9.1277 -7.7684 -1.7284
2 24 12.4166 -2.673 4.104 13.0383 -2.673 -0.0119
2 24 12.8828 11.665 -2.5141 12.8641 12.3248 -1.8334
2 24 13.2339 14.484 0.2213 13.2499 13.9411 -0.3174
2 24 13.2499 13.9411 -0.3174 13.1257 13.0648 -0.6313
2 24 13.136 12.6256 -0.8321 13.1257 13.0648 -0.6313
2 24 13.2339 14.484 0.2213 13.3047 14.7016 0.9426
2 24 11.4261 6.772 -6.1578 10.7519 6.7187 -7.4555
2 24 12.1372 12.9211 4.7673 11.0042 13.3645 7.0333
2 24 12.6277 13.8372 3.166 13.3047 14.7016 0.9426
2 24 9.6996 14.695 9.1344 10.7235 14.7141 7.8391
2 24 8.7357 14.6777 9.9938 8.2079 16.0724 10.5095
2 24 2.0566 -0.1426 12.7341 0.0312 -0.1426 13.0591
2 24 -4.003 -2.673 12.4404 -2.0074 -2.673 12.7465
2 24 -2.0074 -0.1426 12.7465 -2.0074 -2.673 12.7465
2 24 -6.4912 16.8552 11.239 -6.0385 16.9616 11.4927
2 24 -10.3376 15.978 8.0485 -10.8034 15.2355 7.5051
2 24 -7.6552 -2.673 10.5943 -10.543 -2.673 7.7333
2 24 -8.9267 16.0298 9.5403 -9.6242 16.2729 8.7007
2 24 -10.3376 15.978 8.0485 -9.6242 16.2729 8.7007
2 24 -11.4862 13.2513 7.3086 -10.8034 15.2355 7.5051
2 24 -12.8956 14.3912 2.3708 -12.6577 13.6101 3.8833
2 24 -12.1571 12.8872 5.2379 -12.6577 13.6101 3.8833
2 24 -10.543 -2.673 7.7333 -12.393 -2.673 4.0342
2 24 -13.1404 14.6634 0.7361 -12.8956 14.3912 2.3708
2 24 -10.5199 6.6259 -7.6788 -9.0774 6.7546 -9.3398
2 24 -12.7289 11.8198 -2.9625 -11.3953 11.2162 -6.3047
2 24 -13.0585 12.9919 -0.8756 -12.7289 11.8198 -2.9625
2 24 -11.3103 8.1395 -6.485 -11.1648 10.0913 -6.7147
2 24 -11.3953 11.2162 -6.3047 -11.1648 10.0913 -6.7147
2 24 -15.0761 10.5255 -2.8523 -14.2948 11.4741 -3.0504
2 24 -14.2948 11.4741 -3.0504 -15.2043 12.6256 -0.0974
2 24 -16.3266 11.0707 0.4885 -15.2043 12.6256 -0.0974
2 24 11.4876 8.1513 -6.0785 11.4261 6.772 -6.1578
2 24 13.2968 7.743 -6.5569 12.859 6.5391 -6.5958
2 24 11.4261 6.772 -6.1578 12.859 6.5391 -6.5958
2 24 11.4876 8.1513 -6.0785 11.4261 6.772 -6.1578
2 24 12.3973 -2.673 -4.1278 10.5649 -2.673 -7.6586
2 24 9.3751 6.8941 -8.7821 10.7519 6.7187 -7.4555
2 24 -8.0818 -0.0749 -15.6747 -8.9016 -0.3884 -11.9157
2 24 3.0999 1.2594 18.1422 3.4213 2.4538 19.5739
2 24 -1.1073 1.1522 19.1603 -0.9127 2.4931 20.3178
2 24 -0.9127 2.4931 20.3178 -1.1073 1.1522 19.1603
2 24 -1.5138 2.7362 19.7188 -1.8188 1.2443 18.3178
2 24 -1.5762 4.9382 20.1042 -2.1476 5.5794 19.4594
2 24 -1.539 6.1895 20.2134 -2.4172 7.1897 19.2003
2 24 -1.539 6.1895 20.2134 -2.4172 7.1897 19.2003
2 24 2.669 10.8827 18.9202 2.2858 8.4825 19.2741
2 24 3.5477 10.4011 18.305 2.7986 7.6307 18.985
2 24 3.6052 17.8844 17.7991 4.0911 19.6971 18.1642
2 24 2.6848 18.3562 18.4521 3.6581 20.7498 18.2993
2 24 3.6581 20.7498 18.2993 2.6848 18.3562 18.4521
2 24 -0.1315 13.5203 18.6105 0.0928 9.3998 18.8922
2 24 -0.1315 13.5203 18.6105 0.2303 16.5273 18.4286
2 24 2.3813 21.3048 18.5147 1.0638 18.9941 18.4401
2 24 -0.9617 19.3719 16.8214 2.2614 22.7247 17.7473
2 24 1.0638 18.9941 18.4401 2.3813 21.3048 18.5147
2 24 2.2614 22.7247 17.7473 3.1123 22.39 18.5646
2 24 2.3813 21.3048 18.5147 3.1123 22.39 18.5646
2 24 0.2303 16.5273 18.4286 -0.1315 13.5203 18.6105
2 24 -1.3761 16.1219 17.5837 -1.5335 13.2831 17.8982
2 24 -1.5335 13.2831 17.8982 -0.8506 8.9975 18.0335
2 24 -0.1315 13.5203 18.6105 0.0928 9.3998 18.8922
2 24 -4.4451 8.4917 19.4327 -4.4528 10.1802 19.1694
2 24 -0.8506 8.9975 18.0335 -1.5335 13.2831 17.8982
2 24 -4.4528 10.1802 19.1694 -3.8 12.8901 18.8376
2 24 -3.8 12.8901 18.8376 -3.1618 16.1497 18.4283
2 24 -1.5335 13.2831 17.8982 -1.3761 16.1219 17.5837
2 24 -3.1618 16.1497 18.4283 -3.5974 18.572 18.4945
2 24 -1.3761 16.1219 17.5837 -0.9617 19.3719 16.8214
2 24 -2.1476 5.5794 19.4594 -3.3853 7.491 18.7807
2 24 -2.1476 5.5794 19.4594 -2.65 4.9869 19.5722
2 24 -2.65 4.9869 19.5722 -4.397 7.3965 19.6488
2 24 -2.1476 5.5794 19.4594 -3.3853 7.491 18.7807
2 24 -2.4172 7.1897 19.2003 -3.3853 7.491 18.7807
2 24 -2.4172 7.1897 19.2003 -3.3853 7.491 18.7807
2 24 -1.1553 8.0447 18.4687 -3.3853 7.491 18.7807
2 24 -3.5974 18.572 18.4945 -4.4337 20.3308 19.0785
2 24 -4.4337 20.3308 19.0785 -2.3711 20.5903 17.7279
2 24 -0.9617 19.3719 16.8214 -2.3711 20.5903 17.7279
2 24 -3.5974 18.572 18.4945 -3.1618 16.1497 18.4283
2 24 -5.635 17.7797 17.5238 -5.6123 15.8109 17.1375
2 24 -4.4337 20.3308 19.0785 -5.7581 19.8404 18.3847
2 24 -3.5974 18.572 18.4945 -4.4337 20.3308 19.0785
2 24 -5.635 17.7797 17.5238 -5.7581 19.8404 18.3847
2 24 -3.1618 16.1497 18.4283 -3.8 12.8901 18.8376
2 24 -5.6123 15.8109 17.1375 -6.0182 13.036 17.0365
2 24 -6.0182 13.036 17.0365 -6.7621 10.11 17.0018
2 24 -3.8 12.8901 18.8376 -4.4528 10.1802 19.1694
2 24 -4.4528 10.1802 19.1694 -4.4451 8.4917 19.4327
2 24 -6.7621 10.11 17.0018 -7.054 7.5402 17.476
2 24 -6.6814 5.3973 17.8857 -5.0493 2.8243 18.0774
2 24 -3.8671 3.8744 18.8648 -5.0493 2.8243 18.0774
2 24 -6.9792 4.9541 16.3415 -5.4411 2.8711 16.5167
2 24 -5.4411 2.8711 16.5167 -5.0493 2.8243 18.0774
2 24 -6.6814 5.3973 17.8857 -5.0493 2.8243 18.0774
2 24 -9.2812 4.2946 15.243 -6.9792 4.9541 16.3415
2 24 -6.9792 4.9541 16.3415 -5.4411 2.8711 16.5167
2 24 -9.2812 4.2946 15.243 -11.6815 3.5191 13.6387
2 24 -8.6168 1.788 15.1262 -5.5965 1.6414 16.6157
2 24 -5.4411 2.8711 16.5167 -5.5965 1.6414 16.6157
2 24 -8.6168 1.788 15.1262 -11.3229 1.4772 12.9576
2 24 -11.6815 3.5191 13.6387 -14.4107 2.4815 10.2433
2 24 -11.3229 1.4772 12.9576 -13.5729 1.3551 10.6647
2 24 -13.5729 1.3551 10.6647 -14.751 0.8731 8.1674
2 24 -14.4107 2.4815 10.2433 -16.0455 1.5676 5.8877
2 24 -14.751 0.8731 8.1674 -15.3731 0.5477 5.8505
2 24 -14.6914 0.189 5.8825 -14.082 0.4774 7.1118
2 24 -15.3731 0.5477 5.8505 -14.751 0.8731 8.1674
2 24 -14.4107 2.4815 10.2433 -16.0455 1.5676 5.8877
2 24 -16.4756 2.0181 1.1947 -16.3349 1.0401 2.6877
2 24 -16.0455 1.5676 5.8877 -16.3349 1.0401 2.6877
2 24 -14.4107 2.4815 10.2433 -11.6815 3.5191 13.6387
2 24 -9.7082 6.1716 14.2711 -7.2708 6.3479 15.6434
2 24 -9.2812 4.2946 15.243 -6.9792 4.9541 16.3415
2 24 -7.2708 6.3479 15.6434 -6.9792 4.9541 16.3415
2 24 -12.759 6.4451 10.0159 -12.4304 6.3317 11.2903
2 24 -7.02 9.4266 15.8328 -6.399 12.0005 16.1353
2 24 -6.7621 10.11 17.0018 -6.0182 13.036 17.0365
2 24 -7.3533 6.4838 15.0216 -7.8519 6.5166 14.6743
2 24 -7.3533 6.4838 15.0216 -7.2708 6.3479 15.6434
2 24 -7.2708 6.3479 15.6434 -9.7082 6.1716 14.2711
2 24 -7.8519 6.5166 14.6743 -9.1005 6.5195 13.7042
2 24 -9.1005 6.5195 13.7042 -10.0136 6.4704 13.3482
2 24 -11.6815 3.5191 13.6387 -9.2812 4.2946 15.243
2 24 -12.4304 6.3317 11.2903 -10.0136 6.4704 13.3482
2 24 -12.7139 6.1187 11.5173 -9.7082 6.1716 14.2711
2 24 -10.7689 5.8637 -10.8291 -12.5554 5.7741 -9.1674
2 24 1.5722 3.3632 -16.6326 2.5765 2.8918 -16.3226
2 24 2.5765 2.8918 -16.3226 5.0865 2.6779 -15.1436
2 24 5.4907 5.1281 -14.2369 3.1035 5.9019 -15.3731
2 24 2.5765 2.8918 -16.3226 1.5722 3.3632 -16.6326
2 24 1.7293 1.6199 -16.7468 0.2917 1.6573 -17.2756
2 24 0.2917 1.6573 -17.2756 -0.0554 2.8977 -17.1079
2 24 1.5722 3.3632 -16.6326 1.2277 3.9601 -16.6428
2 24 2.5765 2.8918 -16.3226 5.0865 2.6779 -15.1436
2 24 1.7293 1.6199 -16.7468 3.4277 1.2554 -15.8223
2 24 11.0325 2.7815 -10.9632 12.8863 2.624 -9.278
2 24 -14.6914 0.189 5.8825 -15.4881 0.0364 2.6605
2 24 -15.3731 0.5477 5.8505 -15.8922 0.3112 2.6112
2 24 -15.4881 0.0364 2.6605 -15.8922 0.3112 2.6112
2 24 -16.4756 2.0181 1.1947 -16.3212 1.3848 -0.443
2 24 13.7282 0.5181 8.5431 10.8715 0.8002 13.2461
2 24 14.5396 0.8928 9.3428 11.4863 1.101 13.7014
2 24 10.8715 0.8002 13.2461 6.6897 0.6758 14.5465
2 24 11.4863 1.101 13.7014 7.8762 1.1146 15.8138
2 24 3.3545 1.1508 16.7103 4.6271 0.8643 15.4528
2 24 7.8762 1.1146 15.8138 3.3545 1.1508 16.7103
2 24 4.6271 0.8643 15.4528 5.7699 0.7977 14.8871
2 24 11.4863 1.101 13.7014 7.8762 1.1146 15.8138
2 24 11.4863 1.101 13.7014 14.5396 0.8928 9.3428
2 24 14.5396 0.8928 9.3428 15.7911 0.5554 5.5811
2 24 7.8762 1.1146 15.8138 3.3545 1.1508 16.7103
2 24 3.3545 1.1508 16.7103 4.2256 3.9295 17.3739
2 24 3.3545 1.1508 16.7103 4.2256 3.9295 17.3739
2 24 3.0999 1.2594 18.1422 3.4213 2.4538 19.5739
2 24 -6.0182 13.036 17.0365 -5.6123 15.8109 17.1375
2 24 -6.399 12.0005 16.1353 -5.8226 14.2585 14.0369
2 24 -5.6123 15.8109 17.1375 -5.635 17.7797 17.5238
2 24 -5.8226 14.2585 14.0369 -5.9972 15.763 13.4282
2 24 -5.9972 15.763 13.4282 -6.0781 16.9179 12.3382
2 24 -5.635 17.7797 17.5238 -5.7581 19.8404 18.3847
2 24 -6.0781 16.9179 12.3382 -6.0385 16.9616 11.4927
2 24 -6.0385 16.9616 11.4927 -6.0931 21.091 11.5251
2 24 -5.7581 19.8404 18.3847 -6.0931 21.091 11.5251
2 24 2.3199 7.2092 19.1544 3.4244 4.2349 20.024
2 24 3.8046 4.421 18.8971 2.3199 7.2092 19.1544
2 24 -5.0845 2.1662 18.1949 -3.7145 3.3215 19.394
2 24 -5.0493 2.8243 18.0774 -3.8671 3.8744 18.8648
2 24 -5.0493 2.8243 18.0774 -5.4411 2.8711 16.5167
2 24 -5.4411 2.8711 16.5167 -5.5965 1.6414 16.6157
2 24 -5.0845 2.1662 18.1949 -5.5965 1.6414 16.6157
2 24 4.6403 5.9027 18.82 5.0315 7.6895 18.5303
2 24 -3.5959 1.4569 18.5482 -4.0506 0.3894 16.3626
2 24 -5.0845 2.1662 18.1949 -5.5965 1.6414 16.6157
2 24 -4.0506 0.3894 16.3626 -5.5381 0.8759 15.8577
2 24 -5.5965 1.6414 16.6157 -5.5381 0.8759 15.8577
2 24 -10.2828 1.2072 12.6833 -10.7 0.9283 11.6512
2 24 -10.7 0.9283 11.6512 -12.1001 0.8708 10.5698
2 24 -11.3229 1.4772 12.9576 -13.5729 1.3551 10.6647
2 24 -3.0175 8.0919 -14.5082 -4.9375 7.5387 -13.5399
2 24 -3.1733 7.2564 -15.2743 -5.155 6.7785 -14.312
2 24 0.9905 8.4801 -12.9473 4.6613 7.7507 -12.1159
2 24 1.7471 8.2407 -15.3057 5.3333 7.3244 -13.8929
2 24 4.6613 7.7507 -12.1159 7.443 7.1402 -10.6435
2 24 5.3333 7.3244 -13.8929 8.4937 6.6456 -12.2736
2 24 11.4261 6.772 -6.1578 12.859 6.5391 -6.5958
2 24 11.4261 6.772 -6.1578 10.7519 6.7187 -7.4555
2 24 7.9812 6.1353 15.3367 11.0041 6.0044 13.2739
2 24 13.9259 6.1786 8.3885 13.0995 6.3217 9.2941
2 24 11.178 6.0999 12.7845 12.6285 6.1358 10.6515
2 24 13.7956 5.966 9.6548 11.0041 6.0044 13.2739
2 24 11.0041 6.0044 13.2739 13.7956 5.966 9.6548
2 24 14.3359 6.1606 6.9643 14.8647 6.1742 6.0448
2 24 14.8647 6.1742 6.0448 14.9952 6.0141 3.9852
2 24 15.7911 0.5554 5.5811 16.1731 0.4196 2.7867
2 24 14.5396 0.8928 9.3428 15.7911 0.5554 5.5811
2 24 13.7282 0.5181 8.5431 14.9256 0.2386 5.3904
2 24 14.9256 0.2386 5.3904 15.247 0.0673 2.8624
2 24 15.7911 0.5554 5.5811 16.1731 0.4196 2.7867
2 24 13.7956 5.966 9.6548 15.4018 5.8804 5.9279
2 24 -5.5965 1.6414 16.6157 -8.6168 1.788 15.1262
2 24 -1.539 6.1895 20.2134 -0.9818 4.5594 20.8273
2 24 -1.5762 4.9382 20.1042 -1.5192 4.1928 20.2549
2 24 -1.539 6.1895 20.2134 -0.9818 4.5594 20.8273
2 24 0.6037 7.6737 19.1341 1.881 7.068 19.4041
2 24 -2.4824 4.3227 20.0128 -1.5762 4.9382 20.1042
2 24 -1.5762 4.9382 20.1042 -2.1476 5.5794 19.4594
2 24 -2.65 4.9869 19.5722 -2.1476 5.5794 19.4594
2 24 5.6015 19.635 11.7853 5.1559 17.1311 12.0243
2 24 5.1559 17.1311 12.0243 5.0037 16.4076 13.3958
2 24 -0.9617 19.3719 16.8214 2.2614 22.7247 17.7473
2 24 -0.9617 19.3719 16.8214 -1.0964 19.7053 12.995
2 24 2.2614 22.7247 17.7473 2.3217 23.7391 12.8325
2 24 -1.0964 19.7053 12.995 2.3217 23.7391 12.8325
2 24 -1.0964 19.7053 12.995 -2.3009 21.9991 12.8362
2 24 -1.0964 19.7053 12.995 -0.9617 19.3719 16.8214
2 24 -2.3009 21.9991 12.8362 -2.3711 20.5903 17.7279
2 24 -0.9617 19.3719 16.8214 -2.3711 20.5903 17.7279
2 24 -4.4337 20.3308 19.0785 -2.3711 20.5903 17.7279
2 24 -2.3711 20.5903 17.7279 -2.3009 21.9991 12.8362
2 24 -4.445 22.1497 12.2594 -2.3009 21.9991 12.8362
2 24 -6.0931 21.091 11.5251 -5.7581 19.8404 18.3847
2 24 -4.445 22.1497 12.2594 -6.0931 21.091 11.5251
2 24 -4.4337 20.3308 19.0785 -5.7581 19.8404 18.3847
2 24 5.5321 22.7052 11.8056 4.0485 23.5748 12.4058
2 24 5.5321 22.7052 11.8056 5.2339 22.5835 16.0053
2 24 3.9246 22.3489 18.6221 4.9531 22.0012 18.6591
2 24 5.2339 22.5835 16.0053 4.9531 22.0012 18.6591
2 24 4.0485 23.5748 12.4058 2.3217 23.7391 12.8325
2 24 2.3217 23.7391 12.8325 2.2614 22.7247 17.7473
2 24 3.9246 22.3489 18.6221 3.1123 22.39 18.5646
2 24 2.2614 22.7247 17.7473 3.1123 22.39 18.5646
2 24 2.3813 21.3048 18.5147 3.1123 22.39 18.5646
2 24 3.1123 22.39 18.5646 3.9246 22.3489 18.6221
2 24 3.9246 22.3489 18.6221 4.9531 22.0012 18.6591
2 24 4.9531 22.0012 18.6591 5.2522 20.5891 18.0447
2 24 0.2303 16.5273 18.4286 1.0638 18.9941 18.4401
2 24 -0.9617 19.3719 16.8214 -1.3761 16.1219 17.5837
2 24 1.0638 18.9941 18.4401 0.2303 16.5273 18.4286
2 24 2.7986 7.6307 18.985 3.5477 10.4011 18.305
2 24 5.0315 7.6895 18.5303 4.9461 9.7304 18.1293
2 24 -10.7689 5.8637 -10.8291 -8.1079 6.1652 -12.6883
2 24 15.4018 5.8804 5.9279 16.2547 5.5729 3.2713
2 24 11.178 6.0999 12.7845 10.6067 6.4313 12.9298
2 24 10.6067 6.4313 12.9298 9.8822 6.3423 13.779
2 24 3.5477 10.4011 18.305 3.5243 13.9416 17.7137
2 24 4.9461 9.7304 18.1293 4.6345 12.4268 17.5023
2 24 4.6345 12.4268 17.5023 4.9461 9.7304 18.1293
2 24 4.9719 12.2999 15.2332 5.5321 8.8749 16.2327
2 24 4.9719 12.2999 15.2332 4.9901 13.0042 14.5149
2 24 4.6345 12.4268 17.5023 4.5663 14.8882 17.1362
2 24 2.2858 8.4825 19.2741 2.669 10.8827 18.9202
2 24 5.2339 22.5835 16.0053 5.5321 22.7052 11.8056
2 24 5.5321 22.7052 11.8056 5.5636 21.3111 11.7964
2 24 5.2339 22.5835 16.0053 4.9531 22.0012 18.6591
2 24 5.2522 20.5891 18.0447 4.9531 22.0012 18.6591
2 24 4.0911 19.6971 18.1642 3.6052 17.8844 17.7991
2 24 5.2522 20.5891 18.0447 4.6307 17.276 17.3485
2 24 2.8137 14.1224 18.4669 2.6889 16.065 18.4337
2 24 2.6848 18.3562 18.4521 2.6889 16.065 18.4337
2 24 3.5243 13.9416 17.7137 3.5048 15.8377 17.6023
2 24 2.8137 14.1224 18.4669 2.6889 16.065 18.4337
2 24 4.6345 12.4268 17.5023 4.5663 14.8882 17.1362
2 24 3.5243 13.9416 17.7137 3.5048 15.8377 17.6023
2 24 4.6307 17.276 17.3485 4.5663 14.8882 17.1362
2 24 3.6052 17.8844 17.7991 3.5048 15.8377 17.6023
2 24 2.6848 18.3562 18.4521 2.6889 16.065 18.4337
2 24 3.6052 17.8844 17.7991 3.5048 15.8377 17.6023
2 24 16.2547 5.5729 3.2713 16.4979 5.83 -0.7452
2 24 12.859 6.5391 -6.5958 14.6341 6.3082 -4.5156
2 24 14.0379 6.1944 -7.3275 15.4014 6.015 -5.1614
2 24 14.6341 6.3082 -4.5156 15.3641 6.34 -2.0606
2 24 15.4014 6.015 -5.1614 16.2655 5.8275 -2.8268
2 24 15.3641 6.34 -2.0606 15.9509 6.3412 -0.9313
2 24 16.2655 5.8275 -2.8268 16.4979 5.83 -0.7452
2 24 16.4979 5.83 -0.7452 16.2547 5.5729 3.2713
2 24 15.9509 6.3412 -0.9313 15.4421 6.1121 3.3156
2 24 13.7956 5.966 9.6548 15.4018 5.8804 5.9279
2 24 13.9259 6.1786 8.3885 14.3359 6.1606 6.9643
2 24 14.9952 6.0141 3.9852 15.4421 6.1121 3.3156
2 24 15.4018 5.8804 5.9279 16.2547 5.5729 3.2713
2 24 -12.7139 6.1187 11.5173 -13.9667 6.4454 9.4489
2 24 -12.759 6.4451 10.0159 -13.9667 6.4454 9.4489
2 24 -12.7139 6.1187 11.5173 -14.7466 5.9217 8.3087
2 24 -12.5554 5.7741 -9.1674 -14.2531 5.5884 -7.1385
2 24 11.0041 6.0044 13.2739 7.9812 6.1353 15.3367
2 24 9.8822 6.3423 13.779 7.5574 6.4947 14.7778
2 24 7.9812 6.1353 15.3367 5.5124 6.1782 16.677
2 24 7.5574 6.4947 14.7778 6.4545 6.2614 14.8117
2 24 6.4545 6.2614 14.8117 5.4861 6.6541 15.8466
2 24 5.5124 6.1782 16.677 5.4861 6.6541 15.8466
2 24 4.2256 3.9295 17.3739 5.5124 6.1782 16.677
2 24 7.9812 6.1353 15.3367 5.5124 6.1782 16.677
2 24 -4.4451 8.4917 19.4327 -4.397 7.3965 19.6488
2 24 -7.054 7.5402 17.476 -6.6814 5.3973 17.8857
2 24 -0.8506 8.9975 18.0335 -1.1553 8.0447 18.4687
2 24 -3.3853 7.491 18.7807 -1.1553 8.0447 18.4687
2 24 -4.4451 8.4917 19.4327 -4.397 7.3965 19.6488
2 24 0.0928 9.3998 18.8922 -0.422 7.9692 18.9541
2 24 -0.8506 8.9975 18.0335 -1.1553 8.0447 18.4687
2 24 -0.422 7.9692 18.9541 -1.1553 8.0447 18.4687
2 24 0.6037 7.6737 19.1341 -0.422 7.9692 18.9541
2 24 0.0928 9.3998 18.8922 -0.422 7.9692 18.9541
2 24 2.2858 8.4825 19.2741 1.881 7.068 19.4041
2 24 0.6037 7.6737 19.1341 1.881 7.068 19.4041
2 24 1.881 7.068 19.4041 2.3199 7.2092 19.1544
2 24 2.2858 8.4825 19.2741 1.881 7.068 19.4041
2 24 2.7986 7.6307 18.985 2.3199 7.2092 19.1544
2 24 2.7986 7.6307 18.985 2.3199 7.2092 19.1544
2 24 2.3199 7.2092 19.1544 3.8046 4.421 18.8971
2 24 4.6403 5.9027 18.82 3.8046 4.421 18.8971
2 24 -6.6814 5.3973 17.8857 -7.054 7.5402 17.476
2 24 -6.9792 4.9541 16.3415 -7.2708 6.3479 15.6434
2 24 -7.1711 7.573 15.3162 -7.3533 6.4838 15.0216
2 24 -7.2708 6.3479 15.6434 -7.3533 6.4838 15.0216
2 24 -15.3619 6.0648 6.4216 -14.5533 6.3052 7.4669
2 24 -14.7466 5.9217 8.3087 -15.7021 5.7168 6.2948
2 24 -16.7523 5.4263 1.9154 -16.4418 5.5908 3.9371
2 24 -16.2494 5.7464 2.1857 -14.6248 5.4461 3.5972
2 24 -16.7523 5.4263 1.9154 -16.5737 5.4397 -0.7215
2 24 -16.2494 5.7464 2.1857 -15.7539 6.0486 -0.2717
2 24 -15.3619 6.0648 6.4216 -16.4418 5.5908 3.9371
2 24 -15.3619 6.0648 6.4216 -14.6248 5.4461 3.5972
2 24 -15.7021 5.7168 6.2948 -16.4418 5.5908 3.9371
2 24 -7.3802 1.0899 14.7245 -5.5381 0.8759 15.8577
2 24 -5.5965 1.6414 16.6157 -5.5381 0.8759 15.8577
2 24 1.2277 3.9601 -16.6428 1.057 4.7593 -16.5531
2 24 -0.0554 2.8977 -17.1079 -0.5317 5.3891 -16.8929
2 24 1.057 4.7593 -16.5531 1.288 5.4744 -16.3162
2 24 -0.5317 5.3891 -16.8929 -0.3969 7.1273 -16.5997
2 24 -0.3969 7.1273 -16.5997 -0.0024 8.131 -16.1591
2 24 1.288 5.4744 -16.3162 1.9087 5.8117 -15.9715
2 24 1.9087 5.8117 -15.9715 3.1035 5.9019 -15.3731
2 24 -0.0024 8.131 -16.1591 1.7471 8.2407 -15.3057
2 24 3.1035 5.9019 -15.3731 1.9087 5.8117 -15.9715
2 24 1.9087 5.8117 -15.9715 1.288 5.4744 -16.3162
2 24 1.288 5.4744 -16.3162 1.057 4.7593 -16.5531
2 24 1.5722 3.3632 -16.6326 1.2277 3.9601 -16.6428
2 24 1.057 4.7593 -16.5531 1.2277 3.9601 -16.6428
2 24 -12.7139 6.1187 11.5173 -14.7466 5.9217 8.3087
2 24 -9.7082 6.1716 14.2711 -12.7139 6.1187 11.5173
2 24 15.247 0.0673 2.8624 16.0647 0.0594 0.5472
2 24 16.0647 0.0594 0.5472 16.4398 0.4386 0.1465
2 24 16.1731 0.4196 2.7867 16.4398 0.4386 0.1465
2 24 0.2917 1.6573 -17.2756 -0.3452 1.7374 -17.1993
2 24 0.2917 1.6573 -17.2756 -0.0554 2.8977 -17.1079
2 24 -0.3452 1.7374 -17.1993 -0.6592 2.6929 -17.0204
2 24 -8.487 1.793 -12.8086 -4.9743 3.2595 -14.9305
2 24 -8.487 1.793 -12.8086 -7.5051 2.1334 -13.4232
2 24 -7.5051 2.1334 -13.4232 -4.7135 2.1094 -14.6212
2 24 -1.6216 3.6737 -16.6622 -2.9779 3.8954 -15.9945
2 24 -4.7135 2.1094 -14.6212 -1.5873 2.3748 -16.0608
2 24 -4.9743 3.2595 -14.9305 -2.9779 3.8954 -15.9945
2 24 -1.6216 3.6737 -16.6622 -0.6592 2.6929 -17.0204
2 24 -0.6592 2.6929 -17.0204 -0.3452 1.7374 -17.1993
2 24 -1.5873 2.3748 -16.0608 -0.3452 1.7374 -17.1993
2 24 -4.9743 3.2595 -14.9305 -2.9779 3.8954 -15.9945
2 24 -14.7466 5.9217 8.3087 -15.7021 5.7168 6.2948
2 24 -15.7021 5.7168 6.2948 -16.4418 5.5908 3.9371
2 24 -16.4418 5.5908 3.9371 -16.7523 5.4263 1.9154
2 24 -16.7523 5.4263 1.9154 -16.5737 5.4397 -0.7215
2 24 -16.5737 5.4397 -0.7215 -15.6869 5.5111 -3.8677
2 24 -14.2531 5.5884 -7.1385 -12.5554 5.7741 -9.1674
2 24 -12.5554 5.7741 -9.1674 -10.7689 5.8637 -10.8291
2 24 -10.7689 5.8637 -10.8291 -8.1079 6.1652 -12.6883
2 24 -2.9779 3.8954 -15.9945 -1.6216 3.6737 -16.6622
2 24 -0.6592 2.6929 -17.0204 -1.6216 3.6737 -16.6622
2 24 -0.0554 2.8977 -17.1079 -0.5317 5.3891 -16.8929
2 24 -3.1733 7.2564 -15.2743 -5.155 6.7785 -14.312
2 24 -0.5317 5.3891 -16.8929 -0.3969 7.1273 -16.5997
2 24 -10.5199 6.6259 -7.6788 -11.3007 6.7147 -6.4929
2 24 -13.1645 6.2961 -6.5733 -11.3007 6.7147 -6.4929
2 24 -10.5199 6.6259 -7.6788 -9.0774 6.7546 -9.3398
2 24 -9.0774 6.7546 -9.3398 -7.4052 6.9449 -10.722
2 24 -4.0576 7.5493 -12.3847 -2.4549 8.0258 -12.5996
2 24 -3.0175 8.0919 -14.5082 -0.2918 8.5557 -15.2822
2 24 -16.3212 1.3848 -0.443 -15.7302 0.3685 -2.3704
2 24 -14.1757 -0.1809 -5.4858 -15.7302 0.3685 -2.3704
2 24 -14.7972 0.2103 -6.0524 -15.7302 0.3685 -2.3704
2 24 -13.9667 6.4454 9.4489 -14.3139 6.3552 8.5051
2 24 -14.5533 6.3052 7.4669 -14.3139 6.3552 8.5051
2 24 -13.7446 -0.0098 -7.5933 -13.0354 -0.0402 -8.5394
2 24 -13.7446 -0.0098 -7.5933 -14.7972 0.2103 -6.0524
2 24 -11.02 -0.3226 -10.4058 -8.9016 -0.3884 -11.9157
2 24 -8.487 1.793 -12.8086 -8.9016 -0.3884 -11.9157
2 24 1.7471 8.2407 -15.3057 5.3333 7.3244 -13.8929
2 24 3.1035 5.9019 -15.3731 5.4907 5.1281 -14.2369
2 24 4.2256 3.9295 17.3739 3.8046 4.421 18.8971
2 24 3.4213 2.4538 19.5739 3.4244 4.2349 20.024
2 24 4.2256 3.9295 17.3739 5.5124 6.1782 16.677
2 24 4.6403 5.9027 18.82 5.0315 7.6895 18.5303
2 24 4.2256 3.9295 17.3739 3.8046 4.421 18.8971
2 24 4.6403 5.9027 18.82 3.8046 4.421 18.8971
2 24 4.9901 13.0042 14.5149 5.0186 14.9868 13.9548
2 24 4.5663 14.8882 17.1362 4.6307 17.276 17.3485
2 24 12.8863 2.624 -9.278 14.4566 2.7299 -7.4575
2 24 16.4979 5.83 -0.7452 16.2655 5.8275 -2.8268
2 24 16.2655 5.8275 -2.8268 15.4014 6.015 -5.1614
2 24 5.0865 2.6779 -15.1436 6.7601 2.7588 -14.0976
2 24 5.4907 5.1281 -14.2369 6.9716 4.6516 -13.5368
2 24 6.9716 4.6516 -13.5368 5.4907 5.1281 -14.2369
2 24 5.3333 7.3244 -13.8929 8.4937 6.6456 -12.2736
2 24 8.4937 6.6456 -12.2736 10.9489 6.4236 -10.4621
2 24 10.9489 6.4236 -10.4621 12.6772 6.252 -9.0463
2 24 12.6772 6.252 -9.0463 14.0379 6.1944 -7.3275
2 24 5.0865 2.6779 -15.1436 6.7601 2.7588 -14.0976
2 24 3.4277 1.2554 -15.8223 4.7937 0.8154 -14.7826
2 24 -15.3731 0.5477 5.8505 -15.8922 0.3112 2.6112
2 24 -15.8922 0.3112 2.6112 -16.3349 1.0401 2.6877
2 24 -16.0455 1.5676 5.8877 -16.3349 1.0401 2.6877
2 24 -14.082 0.4774 7.1118 -12.5743 0.6352 9.4905
2 24 -14.751 0.8731 8.1674 -13.5729 1.3551 10.6647
2 24 -12.1001 0.8708 10.5698 -12.5743 0.6352 9.4905
2 24 15.6993 2.6187 -5.2192 16.7947 2.81 -3.1013
2 24 16.7947 2.81 -3.1013 17.0409 3.0113 -1.5696
2 24 17.0409 3.0113 -1.5696 16.8456 2.6319 0.2357
2 24 6.7601 2.7588 -14.0976 8.4602 2.8397 -12.9351
2 24 11.0325 2.7815 -10.9632 8.4602 2.8397 -12.9351
2 24 11.0325 2.7815 -10.9632 8.4602 2.8397 -12.9351
2 24 10.3044 2.4646 -11.5152 8.3019 2.506 -13.1324
2 24 8.3019 2.506 -13.1324 6.9645 1.6331 -13.8253
2 24 6.7601 2.7588 -14.0976 8.4602 2.8397 -12.9351
2 24 6.9645 1.6331 -13.8253 5.8017 0.5295 -14.0775
2 24 4.7937 0.8154 -14.7826 5.8017 0.5295 -14.0775
2 24 -13.0354 -0.0402 -8.5394 -11.02 -0.3226 -10.4058
2 24 -13.0354 -0.0402 -8.5394 -13.7446 -0.0098 -7.5933
2 24 -14.1757 -0.1809 -5.4858 -12.483 -0.4217 -7.6909
2 24 -14.7972 0.2103 -6.0524 -13.7446 -0.0098 -7.5933
2 24 -12.483 -0.4217 -7.6909 -11.864 -0.3789 -9.2769
2 24 -13.0354 -0.0402 -8.5394 -11.02 -0.3226 -10.4058
2 24 -11.864 -0.3789 -9.2769 -10.3927 -0.7408 -10.1463
2 24 -11.02 -0.3226 -10.4058 -8.9016 -0.3884 -11.9157
2 24 -10.3927 -0.7408 -10.1463 -8.9016 -0.3884 -11.9157
2 24 -10.2828 1.2072 12.6833 -7.3802 1.0899 14.7245
2 24 -11.3229 1.4772 12.9576 -8.6168 1.788 15.1262
2 24 -6.7621 10.11 17.0018 -7.054 7.5402 17.476
2 24 -7.02 9.4266 15.8328 -7.1711 7.573 15.3162
2 24 3.4213 2.4538 19.5739 3.4244 4.2349 20.024
2 24 -0.9127 2.4931 20.3178 -0.9818 4.5594 20.8273
2 24 -1.5138 2.7362 19.7188 -1.5192 4.1928 20.2549
2 24 -0.9127 2.4931 20.3178 -0.9818 4.5594 20.8273
2 24 -1.8188 1.2443 18.3178 -2.3016 0.4058 16.6761
2 24 -3.5959 1.4569 18.5482 -4.0506 0.3894 16.3626
2 24 -2.3016 0.4058 16.6761 -4.0506 0.3894 16.3626
2 24 -1.1073 1.1522 19.1603 -1.6429 -0.363 16.7619
2 24 -1.8188 1.2443 18.3178 -2.3016 0.4058 16.6761
2 24 -1.6429 -0.363 16.7619 -2.3016 0.4058 16.6761
2 24 -1.1073 1.1522 19.1603 -1.6429 -0.363 16.7619
2 24 0.0277 -0.264 17.485 -1.6429 -0.363 16.7619
2 24 3.0999 1.2594 18.1422 2.898 0.5094 17.2432
2 24 0.0277 -0.264 17.485 2.898 0.5094 17.2432
2 24 3.0999 1.2594 18.1422 2.898 0.5094 17.2432
2 24 3.3545 1.1508 16.7103 2.898 0.5094 17.2432
2 24 -1.8188 1.2443 18.3178 -1.5138 2.7362 19.7188
2 24 -3.5959 1.4569 18.5482 -2.8133 2.4393 19.6846
2 24 -2.8133 2.4393 19.6846 -2.6879 3.0616 19.9578
2 24 -1.5138 2.7362 19.7188 -1.5192 4.1928 20.2549
2 24 -2.6879 3.0616 19.9578 -1.5192 4.1928 20.2549
2 24 -2.6879 3.0616 19.9578 -1.5192 4.1928 20.2549
2 24 -1.5192 4.1928 20.2549 -1.5762 4.9382 20.1042
2 24 -2.4824 4.3227 20.0128 -1.5762 4.9382 20.1042
2 24 -2.4824 4.3227 20.0128 -3.7145 3.3215 19.394
2 24 -2.6879 3.0616 19.9578 -2.8133 2.4393 19.6846
2 24 -3.7145 3.3215 19.394 -2.4824 4.3227 20.0128
2 24 -3.8671 3.8744 18.8648 -2.65 4.9869 19.5722
2 24 -3.8671 3.8744 18.8648 -2.65 4.9869 19.5722
2 24 -4.397 7.3965 19.6488 -2.65 4.9869 19.5722
2 24 -5.0845 2.1662 18.1949 -3.7145 3.3215 19.394
2 24 -3.5959 1.4569 18.5482 -2.8133 2.4393 19.6846
2 24 5.5124 6.1782 16.677 5.4861 6.6541 15.8466
2 24 5.5031 7.4755 15.9894 5.4861 6.6541 15.8466
2 24 5.5321 8.8749 16.2327 5.5031 7.4755 15.9894
2 24 4.9461 9.7304 18.1293 5.0315 7.6895 18.5303
2 24 14.4566 2.7299 -7.4575 12.8863 2.624 -9.278
2 24 14.3543 2.1129 -7.241 12.553 1.6716 -8.9888
2 24 15.6993 2.6187 -5.2192 14.3543 2.1129 -7.241
2 24 11.0325 2.7815 -10.9632 12.8863 2.624 -9.278
2 24 12.553 1.6716 -8.9888 11.2157 1.4368 -9.9982
2 24 10.3044 2.4646 -11.5152 10.7543 1.7011 -10.9875
2 24 11.2157 1.4368 -9.9982 10.7543 1.7011 -10.9875
2 24 -16.5737 5.4397 -0.7215 -15.6869 5.5111 -3.8677
2 24 -15.7539 6.0486 -0.2717 -15.4702 6.1133 -2.2397
2 24 -13.1645 6.2961 -6.5733 -15.4702 6.1133 -2.2397
2 24 -14.2531 5.5884 -7.1385 -15.6869 5.5111 -3.8677
2 24 -15.6869 5.5111 -3.8677 -14.2531 5.5884 -7.1385
2 24 -15.7302 0.3685 -2.3704 -14.7972 0.2103 -6.0524
2 24 5.0037 16.4076 13.3958 5.0186 14.9868 13.9548
2 24 5.2522 20.5891 18.0447 4.6307 17.276 17.3485
2 24 8.4937 6.6456 -12.2736 10.9489 6.4236 -10.4621
2 24 7.443 7.1402 -10.6435 9.3751 6.8941 -8.7821
2 24 10.7519 6.7187 -7.4555 9.3751 6.8941 -8.7821
2 24 12.6772 6.252 -9.0463 10.9489 6.4236 -10.4621
2 24 0.9905 8.4801 -12.9473 -0.7351 8.2525 -12.7732
2 24 1.7471 8.2407 -15.3057 -0.0024 8.131 -16.1591
2 24 -2.4549 8.0258 -12.5996 -0.7351 8.2525 -12.7732
2 24 -0.3969 7.1273 -16.5997 -0.0024 8.131 -16.1591
2 24 12.6772 6.252 -9.0463 14.0379 6.1944 -7.3275
2 24 5.6015 19.635 11.7853 5.5636 21.3111 11.7964
2 24 16.1731 0.4196 2.7867 16.4398 0.4386 0.1465
2 24 16.8456 2.6319 0.2357 16.4398 0.4386 0.1465
2 24 13.0995 6.3217 9.2941 12.6285 6.1358 10.6515
2 24 -7.4052 6.9449 -10.722 -4.0576 7.5493 -12.3847
2 24 -5.155 6.7785 -14.312 -8.1079 6.1652 -12.6883
2 24 -8.1079 6.1652 -12.6883 -5.155 6.7785 -14.312
2 24 -8.487 1.793 -12.8086 -4.9743 3.2595 -14.9305
2 24 3.4244 4.2349 20.024 2.3199 7.2092 19.1544
2 24 1.881 7.068 19.4041 2.3199 7.2092 19.1544
2 24 0.6037 7.6737 19.1341 -0.422 7.9692 18.9541
2 24 -1.1553 8.0447 18.4687 -0.422 7.9692 18.9541
2 24 15.4014 6.015 -5.1614 14.0379 6.1944 -7.3275
2 24 3.5477 10.4011 18.305 3.5243 13.9416 17.7137
2 24 2.669 10.8827 18.9202 2.8137 14.1224 18.4669
2 24 2.669 10.8827 18.9202 2.8137 14.1224 18.4669
2 24 6.6897 0.6758 14.5465 5.7699 0.7977 14.8871
0 STEP
