0 Minifigure, Hat with Small Pin, Chef Toque
0 Name: bl_6914.dat
0 Author: 
0 BL_Item_No 6914
0 BFC CERTIFY CCW
3 16 -4.6113 -7.8152 7.2498 -4.2244 -8.7529 7.5575 -3.8573 -7.6289 7.4234
3 16 -3.8573 -7.6289 7.4234 -4.2244 -8.7529 7.5575 -3.7642 -8.7454 7.6734
3 16 -3.8573 -7.6289 7.4234 -3.7642 -8.7454 7.6734 -3.3641 -7.7473 7.8145
3 16 -3.3641 -7.7473 7.8145 -3.7642 -8.7454 7.6734 -3.4649 -8.7714 7.9409
3 16 -3.8573 -7.6289 7.4234 -3.6887 -7.25 7.2394 -4.6113 -7.8152 7.2498
3 16 -4.6113 -7.8152 7.2498 -3.6887 -7.25 7.2394 -4.7758 -7.25 6.5733
3 16 -3.8573 -7.6289 7.4234 -3.3641 -7.7473 7.8145 -3.6887 -7.25 7.2394
3 16 -3.6887 -7.25 7.2394 -3.3641 -7.7473 7.8145 -2.5108 -7.25 7.7273
3 16 -3.0966 -11.2064 10.1831 -1.7388 -11.484 10.5404 -2.7158 -10.1957 9.9842
3 16 -2.7158 -10.1957 9.9842 -1.7388 -11.484 10.5404 -1.4992 -10.1323 10.2541
3 16 -2.7158 -10.1957 9.9842 -1.4992 -10.1323 10.2541 -2.684 -9.2083 9.4687
3 16 -2.684 -9.2083 9.4687 -1.4992 -10.1323 10.2541 -1.4111 -8.9988 9.6374
3 16 -2.9163 -8.3371 8.6125 -2.684 -9.2083 9.4687 -1.3403 -8.0917 8.8704
3 16 -1.3403 -8.0917 8.8704 -2.684 -9.2083 9.4687 -1.4111 -8.9988 9.6374
3 16 -3.7295 -12.0297 10.0838 -2.4097 -12.9069 10.2799 -3.0966 -11.2064 10.1831
3 16 -3.0966 -11.2064 10.1831 -2.4097 -12.9069 10.2799 -1.7388 -11.484 10.5404
3 16 -4.6134 -12.5914 9.7 -4.1369 -13.4093 9.7102 -3.7295 -12.0297 10.0838
3 16 -3.7295 -12.0297 10.0838 -4.1369 -13.4093 9.7102 -2.4097 -12.9069 10.2799
3 16 -7.1543 -11.871 8.3691 -7.4913 -11.0545 7.9459 -7.7962 -12.5205 7.4641
3 16 -7.7962 -12.5205 7.4641 -7.4913 -11.0545 7.9459 -8.1461 -11.0985 7.1552
3 16 -6.6648 -8.0748 6.1425 -5.5722 -8.2084 7.1785 -5.7452 -7.25 5.7452
3 16 -5.7452 -7.25 5.7452 -5.5722 -8.2084 7.1785 -4.7758 -7.25 6.5733
3 16 -5.5722 -8.2084 7.1785 -6.6648 -8.0748 6.1425 -6.7447 -8.9798 7.2383
3 16 -6.7447 -8.9798 7.2383 -6.6648 -8.0748 6.1425 -7.422 -8.9326 6.47
3 16 -7.4661 -10.1463 7.5465 -6.7447 -8.9798 7.2383 -7.9555 -9.9348 6.7885
3 16 -7.9555 -9.9348 6.7885 -6.7447 -8.9798 7.2383 -7.422 -8.9326 6.47
3 16 -7.4913 -11.0545 7.9459 -7.4661 -10.1463 7.5465 -8.1461 -11.0985 7.1552
3 16 -8.1461 -11.0985 7.1552 -7.4661 -10.1463 7.5465 -7.9555 -9.9348 6.7885
3 16 -8.4692 -7.8058 0.9762 -8.3484 -7.6334 0 -8.5239 -8.9211 0.7202
3 16 -8.5239 -8.9211 0.7202 -8.3484 -7.6334 0 -8.4108 -8.9696 0
3 16 -10.8853 -12.5541 0.8819 -9.5633 -11.6195 0.683 -10.9227 -12.6189 0
3 16 -10.9227 -12.6189 0 -9.5633 -11.6195 0.683 -9.4689 -11.6506 0
3 16 -9.9456 -9.9717 2.8274 -9.4562 -9.0795 2.5037 -9.2924 -9.9709 1.7887
3 16 -9.2924 -9.9709 1.7887 -9.4562 -9.0795 2.5037 -9.111 -9.4974 1.7124
3 16 -10.2768 -10.8965 2.8118 -9.9456 -9.9717 2.8274 -9.5209 -10.7179 1.7652
3 16 -9.5209 -10.7179 1.7652 -9.9456 -9.9717 2.8274 -9.2924 -9.9709 1.7887
3 16 -10.6544 -11.7956 2.4053 -10.2768 -10.8965 2.8118 -9.7786 -11.2031 1.7114
3 16 -9.7786 -11.2031 1.7114 -10.2768 -10.8965 2.8118 -9.5209 -10.7179 1.7652
3 16 -10.8147 -12.3401 1.6591 -10.6544 -11.7956 2.4053 -9.7908 -11.5644 1.2555
3 16 -9.7908 -11.5644 1.2555 -10.6544 -11.7956 2.4053 -9.7786 -11.2031 1.7114
3 16 -10.8147 -12.3401 1.6591 -10.3492 -13.2879 2.2845 -10.6544 -11.7956 2.4053
3 16 -10.6544 -11.7956 2.4053 -10.3492 -13.2879 2.2845 -10.0227 -12.5526 3.5388
3 16 -10.2768 -10.8965 2.8118 -10.6544 -11.7956 2.4053 -9.9774 -11.134 3.8781
3 16 -9.9774 -11.134 3.8781 -10.6544 -11.7956 2.4053 -10.0227 -12.5526 3.5388
3 16 -9.9456 -9.9717 2.8274 -10.2768 -10.8965 2.8118 -9.623 -9.9811 3.803
3 16 -9.623 -9.9811 3.803 -10.2768 -10.8965 2.8118 -9.9774 -11.134 3.8781
3 16 -9.4562 -9.0795 2.5037 -9.9456 -9.9717 2.8274 -9.1097 -8.9782 3.5037
3 16 -9.1097 -8.9782 3.5037 -9.9456 -9.9717 2.8274 -9.623 -9.9811 3.803
3 16 -9.5633 -11.6195 0.683 -10.8853 -12.5541 0.8819 -9.7908 -11.5644 1.2555
3 16 -9.7908 -11.5644 1.2555 -10.8853 -12.5541 0.8819 -10.8147 -12.3401 1.6591
3 16 -10.8853 -12.5541 0.8819 -10.4697 -13.6276 1.1334 -10.8147 -12.3401 1.6591
3 16 -10.8147 -12.3401 1.6591 -10.4697 -13.6276 1.1334 -10.3492 -13.2879 2.2845
3 16 -10.9227 -12.6189 0 -10.5111 -13.7396 0 -10.8853 -12.5541 0.8819
3 16 -10.8853 -12.5541 0.8819 -10.5111 -13.7396 0 -10.4697 -13.6276 1.1334
3 16 -8.4692 -7.8058 0.9762 -8.5239 -8.9211 0.7202 -8.8664 -8.339 1.7971
3 16 -8.8664 -8.339 1.7971 -8.5239 -8.9211 0.7202 -8.754 -9.0556 1.26
3 16 -8.3484 -7.6334 0 -8.4692 -7.8058 0.9762 -8.125 -7.25 0
3 16 -8.125 -7.25 0 -8.4692 -7.8058 0.9762 -8.025 -7.25 1.271
3 16 -8.4692 -7.8058 0.9762 -8.8664 -8.339 1.7971 -8.025 -7.25 1.271
3 16 -9.4562 -9.0795 2.5037 -8.8664 -8.339 1.7971 -9.111 -9.4974 1.7124
3 16 -9.111 -9.4974 1.7124 -8.8664 -8.339 1.7971 -8.754 -9.0556 1.26
3 16 -8.8664 -8.339 1.7971 -9.4562 -9.0795 2.5037 -8.4624 -8.1299 3.0637
3 16 -8.4624 -8.1299 3.0637 -9.4562 -9.0795 2.5037 -9.1097 -8.9782 3.5037
3 16 -7.1543 -11.871 8.3691 -5.624 -11.2813 8.2904 -7.4913 -11.0545 7.9459
3 16 -7.4913 -11.0545 7.9459 -5.624 -11.2813 8.2904 -5.6235 -10.7574 8.0427
3 16 -7.4913 -11.0545 7.9459 -5.6235 -10.7574 8.0427 -7.4661 -10.1463 7.5465
3 16 -7.4661 -10.1463 7.5465 -5.6235 -10.7574 8.0427 -5.5565 -10.1852 7.8103
3 16 -7.4661 -10.1463 7.5465 -5.5565 -10.1852 7.8103 -6.7447 -8.9798 7.2383
3 16 -6.7447 -8.9798 7.2383 -5.5565 -10.1852 7.8103 -5.3372 -9.4606 7.5882
3 16 -6.7447 -8.9798 7.2383 -5.3372 -9.4606 7.5882 -5.5722 -8.2084 7.1785
3 16 -5.5722 -8.2084 7.1785 -5.3372 -9.4606 7.5882 -4.954 -8.8672 7.5074
3 16 -5.5722 -8.2084 7.1785 -4.954 -8.8672 7.5074 -4.6113 -7.8152 7.2498
3 16 -4.6113 -7.8152 7.2498 -4.954 -8.8672 7.5074 -4.2244 -8.7529 7.5575
3 16 -2.684 -9.2083 9.4687 -2.9163 -8.3371 8.6125 -3.1186 -9.4254 8.7196
3 16 -3.1186 -9.4254 8.7196 -2.9163 -8.3371 8.6125 -3.1959 -8.921 8.3745
3 16 -2.7158 -10.1957 9.9842 -2.684 -9.2083 9.4687 -3.1521 -10.0962 9.0044
3 16 -3.1521 -10.0962 9.0044 -2.684 -9.2083 9.4687 -3.1186 -9.4254 8.7196
3 16 -3.0966 -11.2064 10.1831 -2.7158 -10.1957 9.9842 -3.3523 -10.8241 9.2545
3 16 -3.3523 -10.8241 9.2545 -2.7158 -10.1957 9.9842 -3.1521 -10.0962 9.0044
3 16 -3.7295 -12.0297 10.0838 -3.0966 -11.2064 10.1831 -3.6672 -11.2597 9.2151
3 16 -3.6672 -11.2597 9.2151 -3.0966 -11.2064 10.1831 -3.3523 -10.8241 9.2545
3 16 -4.6134 -12.5914 9.7 -3.7295 -12.0297 10.0838 -3.9049 -11.3691 8.915
3 16 -3.9049 -11.3691 8.915 -3.7295 -12.0297 10.0838 -3.6672 -11.2597 9.2151
3 16 -5.6887 -12.7502 9.1934 -4.6134 -12.5914 9.7 -4.3127 -11.4928 8.623
3 16 -4.3127 -11.4928 8.623 -4.6134 -12.5914 9.7 -3.9049 -11.3691 8.915
3 16 -5.6887 -12.7502 9.1934 -5.5851 -13.5566 9.0311 -4.6134 -12.5914 9.7
3 16 -4.6134 -12.5914 9.7 -5.5851 -13.5566 9.0311 -4.1369 -13.4093 9.7102
3 16 -3.3641 -7.7473 7.8145 -3.4649 -8.7714 7.9409 -2.9163 -8.3371 8.6125
3 16 -2.9163 -8.3371 8.6125 -3.4649 -8.7714 7.9409 -3.1959 -8.921 8.3745
3 16 -8.5383 -9.9762 5.8508 -7.9555 -9.9348 6.7885 -8.0322 -8.9496 5.5292
3 16 -8.0322 -8.9496 5.5292 -7.9555 -9.9348 6.7885 -7.422 -8.9326 6.47
3 16 -8.1461 -11.0985 7.1552 -7.9555 -9.9348 6.7885 -8.7423 -11.1712 6.0694
3 16 -8.7423 -11.1712 6.0694 -7.9555 -9.9348 6.7885 -8.5383 -9.9762 5.8508
3 16 -9.1012 -9.9979 4.842 -9.3378 -11.1918 4.9778 -8.5383 -9.9762 5.8508
3 16 -8.5383 -9.9762 5.8508 -9.3378 -11.1918 4.9778 -8.7423 -11.1712 6.0694
3 16 -8.5951 -8.9615 4.5267 -9.1012 -9.9979 4.842 -8.0322 -8.9496 5.5292
3 16 -8.0322 -8.9496 5.5292 -9.1012 -9.9979 4.842 -8.5383 -9.9762 5.8508
3 16 -7.9336 -8.0778 4.1208 -7.3276 -8.0503 5.1612 -7.2394 -7.25 3.6887
3 16 -7.2394 -7.25 3.6887 -7.3276 -8.0503 5.1612 -6.5733 -7.25 4.7758
3 16 -7.3276 -8.0503 5.1612 -7.9336 -8.0778 4.1208 -8.0322 -8.9496 5.5292
3 16 -8.0322 -8.9496 5.5292 -7.9336 -8.0778 4.1208 -8.5951 -8.9615 4.5267
3 16 -8.0322 -8.9496 5.5292 -7.422 -8.9326 6.47 -7.3276 -8.0503 5.1612
3 16 -7.3276 -8.0503 5.1612 -7.422 -8.9326 6.47 -6.6648 -8.0748 6.1425
3 16 -7.3276 -8.0503 5.1612 -6.6648 -8.0748 6.1425 -6.5733 -7.25 4.7758
3 16 -6.5733 -7.25 4.7758 -6.6648 -8.0748 6.1425 -5.7452 -7.25 5.7452
3 16 -8.5239 -8.9211 0.7202 -8.4108 -8.9696 0 -8.638 -10.0156 0.6878
3 16 -8.638 -10.0156 0.6878 -8.4108 -8.9696 0 -8.4909 -10.0207 0
3 16 -8.4909 -10.0207 0 -8.7234 -10.8719 0 -8.638 -10.0156 0.6878
3 16 -8.638 -10.0156 0.6878 -8.7234 -10.8719 0 -8.8785 -10.8458 0.6751
3 16 -8.7234 -10.8719 0 -9.4689 -11.6506 0 -8.8785 -10.8458 0.6751
3 16 -8.8785 -10.8458 0.6751 -9.4689 -11.6506 0 -9.5633 -11.6195 0.683
3 16 -9.1754 -10.7743 1.2516 -8.9171 -9.9723 1.2458 -8.8785 -10.8458 0.6751
3 16 -8.8785 -10.8458 0.6751 -8.9171 -9.9723 1.2458 -8.638 -10.0156 0.6878
3 16 -9.5209 -10.7179 1.7652 -9.2924 -9.9709 1.7887 -9.1754 -10.7743 1.2516
3 16 -9.1754 -10.7743 1.2516 -9.2924 -9.9709 1.7887 -8.9171 -9.9723 1.2458
3 16 -8.8785 -10.8458 0.6751 -9.5633 -11.6195 0.683 -9.1754 -10.7743 1.2516
3 16 -9.1754 -10.7743 1.2516 -9.5633 -11.6195 0.683 -9.7908 -11.5644 1.2555
3 16 -8.5239 -8.9211 0.7202 -8.638 -10.0156 0.6878 -8.754 -9.0556 1.26
3 16 -8.754 -9.0556 1.26 -8.638 -10.0156 0.6878 -8.9171 -9.9723 1.2458
3 16 -8.754 -9.0556 1.26 -8.9171 -9.9723 1.2458 -9.111 -9.4974 1.7124
3 16 -9.111 -9.4974 1.7124 -8.9171 -9.9723 1.2458 -9.2924 -9.9709 1.7887
3 16 -9.7908 -11.5644 1.2555 -9.7786 -11.2031 1.7114 -9.1754 -10.7743 1.2516
3 16 -9.1754 -10.7743 1.2516 -9.7786 -11.2031 1.7114 -9.5209 -10.7179 1.7652
3 16 9.085 -12.0004 0 9.0472 -11.791 1.0754 9.3826 -12.4109 0
3 16 9.3826 -12.4109 0 9.0472 -11.791 1.0754 9.3798 -12.1947 1.2715
3 16 9.0472 -11.791 1.0754 8.9411 -11.1701 2.0881 9.3798 -12.1947 1.2715
3 16 9.3798 -12.1947 1.2715 8.9411 -11.1701 2.0881 9.2105 -11.4265 2.4053
3 16 8.7762 -10.2552 2.6836 8.9636 -10.4184 3.0254 8.9411 -11.1701 2.0881
3 16 8.9411 -11.1701 2.0881 8.9636 -10.4184 3.0254 9.2105 -11.4265 2.4053
3 16 8.5933 -9.23 2.8942 8.7492 -9.2721 3.2939 8.7762 -10.2552 2.6836
3 16 8.7762 -10.2552 2.6836 8.7492 -9.2721 3.2939 8.9636 -10.4184 3.0254
3 16 8.9636 -10.4184 3.0254 9.6387 -10.5162 3.5971 9.2105 -11.4265 2.4053
3 16 9.2105 -11.4265 2.4053 9.6387 -10.5162 3.5971 10.1624 -11.7546 2.8235
3 16 10.3522 -12.7166 1.451 9.3798 -12.1947 1.2715 10.1624 -11.7546 2.8235
3 16 10.1624 -11.7546 2.8235 9.3798 -12.1947 1.2715 9.2105 -11.4265 2.4053
3 16 9.3798 -12.1947 1.2715 10.3522 -12.7166 1.451 9.3826 -12.4109 0
3 16 9.3826 -12.4109 0 10.3522 -12.7166 1.451 10.4011 -12.9674 0
3 16 8.7937 -10.7396 0 8.7792 -10.6519 0.6004 9.085 -12.0004 0
3 16 9.085 -12.0004 0 8.7792 -10.6519 0.6004 9.0472 -11.791 1.0754
3 16 8.9411 -11.1701 2.0881 9.0472 -11.791 1.0754 8.7164 -10.3008 1.1272
3 16 8.7164 -10.3008 1.1272 9.0472 -11.791 1.0754 8.7792 -10.6519 0.6004
3 16 8.6127 -9.7172 1.4986 8.7762 -10.2552 2.6836 8.7164 -10.3008 1.1272
3 16 8.7164 -10.3008 1.1272 8.7762 -10.2552 2.6836 8.9411 -11.1701 2.0881
3 16 8.2885 -7.9007 2.514 8.5331 -8.4499 3.3682 8.5933 -9.23 2.8942
3 16 8.5933 -9.23 2.8942 8.5331 -8.4499 3.3682 8.7492 -9.2721 3.2939
3 16 8.7762 -10.2552 2.6836 8.6127 -9.7172 1.4986 8.5933 -9.23 2.8942
3 16 8.5933 -9.23 2.8942 8.6127 -9.7172 1.4986 8.5068 -9.1144 1.6312
3 16 8.2885 -7.9007 2.514 8.3985 -8.5056 1.4398 8.2225 -7.5592 1.3125
3 16 8.2225 -7.5592 1.3125 8.3985 -8.5056 1.4398 8.341 -8.191 1.0509
3 16 8.2225 -7.5592 1.3125 8.341 -8.191 1.0509 8.2069 -7.4325 0
3 16 8.2069 -7.4325 0 8.341 -8.191 1.0509 8.2902 -7.9168 0
3 16 8.7164 -10.3008 1.1272 8.7792 -10.6519 0.6004 8.4997 -9.1233 0
3 16 8.4997 -9.1233 0 8.7792 -10.6519 0.6004 8.7937 -10.7396 0
3 16 8.7164 -10.3008 1.1272 8.4997 -9.1233 0 8.6127 -9.7172 1.4986
3 16 8.5068 -9.1144 1.6312 8.6127 -9.7172 1.4986 8.4997 -9.1233 0
3 16 8.5068 -9.1144 1.6312 8.4997 -9.1233 0 8.3985 -8.5056 1.4398
3 16 8.3985 -8.5056 1.4398 8.4997 -9.1233 0 8.341 -8.191 1.0509
3 16 8.2902 -7.9168 0 8.341 -8.191 1.0509 8.4997 -9.1233 0
3 16 8.5331 -8.4499 3.3682 8.9996 -9.2866 3.7097 8.7492 -9.2721 3.2939
3 16 8.2225 -7.5592 1.3125 8.2069 -7.4325 0 8.025 -7.25 1.271
3 16 8.025 -7.25 1.271 8.2069 -7.4325 0 8.125 -7.25 0
3 16 8.5331 -8.4499 3.3682 8.1652 -8.3171 4.1705 8.9996 -9.2866 3.7097
3 16 8.9996 -9.2866 3.7097 8.1652 -8.3171 4.1705 8.8992 -9.3346 4.5159
3 16 8.9996 -9.2866 3.7097 8.8992 -9.3346 4.5159 9.6387 -10.5162 3.5971
3 16 9.6387 -10.5162 3.5971 8.8992 -9.3346 4.5159 9.5916 -10.7045 4.4495
3 16 9.6387 -10.5162 3.5971 9.5916 -10.7045 4.4495 10.1624 -11.7546 2.8235
3 16 10.1624 -11.7546 2.8235 9.5916 -10.7045 4.4495 10.1477 -12.4979 3.456
3 16 10.1624 -11.7546 2.8235 10.1477 -12.4979 3.456 10.3522 -12.7166 1.451
3 16 10.3522 -12.7166 1.451 10.1477 -12.4979 3.456 10.3898 -13.4008 1.5522
3 16 10.3522 -12.7166 1.451 10.3898 -13.4008 1.5522 10.4011 -12.9674 0
3 16 10.4011 -12.9674 0 10.3898 -13.4008 1.5522 10.4343 -13.6562 0
3 16 3.0813 -11.2314 10.2068 2.6735 -10.1929 10.0216 1.7066 -11.489 10.5357
3 16 1.7066 -11.489 10.5357 2.6735 -10.1929 10.0216 1.4642 -10.1393 10.2583
3 16 2.6744 -9.0467 9.3509 1.3868 -8.9786 9.6232 2.6735 -10.1929 10.0216
3 16 2.6735 -10.1929 10.0216 1.3868 -8.9786 9.6232 1.4642 -10.1393 10.2583
3 16 -7.1543 -11.871 8.3691 -6.5662 -12.4229 8.7534 -5.624 -11.2813 8.2904
3 16 -5.624 -11.2813 8.2904 -6.5662 -12.4229 8.7534 -4.8365 -11.4788 8.4625
3 16 -6.5662 -12.4229 8.7534 -6.8324 -13.1902 8.3584 -5.6887 -12.7502 9.1934
3 16 -5.6887 -12.7502 9.1934 -6.8324 -13.1902 8.3584 -5.5851 -13.5566 9.0311
3 16 -6.5662 -12.4229 8.7534 -7.1543 -11.871 8.3691 -6.8324 -13.1902 8.3584
3 16 -6.8324 -13.1902 8.3584 -7.1543 -11.871 8.3691 -7.7962 -12.5205 7.4641
3 16 -3.4331 -9.4502 8.1592 -3.4649 -8.7714 7.9409 -3.7112 -9.4729 7.8904
3 16 -3.7112 -9.4729 7.8904 -3.4649 -8.7714 7.9409 -3.7642 -8.7454 7.6734
3 16 -4.2244 -8.7529 7.5575 -4.1034 -9.4574 7.7678 -3.7642 -8.7454 7.6734
3 16 -3.7642 -8.7454 7.6734 -4.1034 -9.4574 7.7678 -3.7112 -9.4729 7.8904
3 16 -4.3127 -11.4928 8.623 -3.9049 -11.3691 8.915 -3.9447 -10.851 8.3969
3 16 -3.9447 -10.851 8.3969 -3.9049 -11.3691 8.915 -3.6376 -10.8215 8.7041
3 16 -4.8365 -11.4788 8.4625 -4.3127 -11.4928 8.623 -4.3163 -10.8445 8.248
3 16 -4.3163 -10.8445 8.248 -4.3127 -11.4928 8.623 -3.9447 -10.851 8.3969
3 16 -4.1034 -9.4574 7.7678 -4.13 -10.1476 7.9992 -3.7112 -9.4729 7.8904
3 16 -3.7112 -9.4729 7.8904 -4.13 -10.1476 7.9992 -3.7602 -10.1687 8.1303
3 16 -3.7112 -9.4729 7.8904 -3.7602 -10.1687 8.1303 -3.4331 -9.4502 8.1592
3 16 -3.4331 -9.4502 8.1592 -3.7602 -10.1687 8.1303 -3.4656 -10.1356 8.4195
3 16 -3.7602 -10.1687 8.1303 -4.13 -10.1476 7.9992 -3.9447 -10.851 8.3969
3 16 -3.9447 -10.851 8.3969 -4.13 -10.1476 7.9992 -4.3163 -10.8445 8.248
3 16 -3.7602 -10.1687 8.1303 -3.9447 -10.851 8.3969 -3.4656 -10.1356 8.4195
3 16 -3.4656 -10.1356 8.4195 -3.9447 -10.851 8.3969 -3.6376 -10.8215 8.7041
3 16 -3.3523 -10.8241 9.2545 -3.1521 -10.0962 9.0044 -3.6376 -10.8215 8.7041
3 16 -3.6376 -10.8215 8.7041 -3.1521 -10.0962 9.0044 -3.4656 -10.1356 8.4195
3 16 -3.1521 -10.0962 9.0044 -3.1186 -9.4254 8.7196 -3.4656 -10.1356 8.4195
3 16 -3.4656 -10.1356 8.4195 -3.1186 -9.4254 8.7196 -3.4331 -9.4502 8.1592
3 16 -5.6235 -10.7574 8.0427 -4.3163 -10.8445 8.248 -5.5565 -10.1852 7.8103
3 16 -5.5565 -10.1852 7.8103 -4.3163 -10.8445 8.248 -4.13 -10.1476 7.9992
3 16 -5.5565 -10.1852 7.8103 -4.13 -10.1476 7.9992 -5.3372 -9.4606 7.5882
3 16 -5.3372 -9.4606 7.5882 -4.13 -10.1476 7.9992 -4.1034 -9.4574 7.7678
3 16 -4.3127 -11.4928 8.623 -4.8365 -11.4788 8.4625 -5.6887 -12.7502 9.1934
3 16 -5.6887 -12.7502 9.1934 -4.8365 -11.4788 8.4625 -6.5662 -12.4229 8.7534
3 16 -5.624 -11.2813 8.2904 -4.8365 -11.4788 8.4625 -5.6235 -10.7574 8.0427
3 16 -5.6235 -10.7574 8.0427 -4.8365 -11.4788 8.4625 -4.3163 -10.8445 8.248
3 16 -5.3372 -9.4606 7.5882 -4.1034 -9.4574 7.7678 -4.954 -8.8672 7.5074
3 16 -4.954 -8.8672 7.5074 -4.1034 -9.4574 7.7678 -4.2244 -8.7529 7.5575
3 16 -3.1186 -9.4254 8.7196 -3.1959 -8.921 8.3745 -3.4331 -9.4502 8.1592
3 16 -3.4331 -9.4502 8.1592 -3.1959 -8.921 8.3745 -3.4649 -8.7714 7.9409
3 16 -3.3523 -10.8241 9.2545 -3.6376 -10.8215 8.7041 -3.6672 -11.2597 9.2151
3 16 -3.6672 -11.2597 9.2151 -3.6376 -10.8215 8.7041 -3.9049 -11.3691 8.915
3 16 2.9185 -8.1693 8.4865 1.3985 -8.0417 8.8105 2.6744 -9.0467 9.3509
3 16 2.6744 -9.0467 9.3509 1.3985 -8.0417 8.8105 1.3868 -8.9786 9.6232
3 16 -2.9163 -8.3371 8.6125 -2.5108 -7.25 7.7273 -3.3641 -7.7473 7.8145
3 16 0.0063 -10.1511 10.3203 -1.4992 -10.1323 10.2541 0.0114 -11.5847 10.6151
3 16 0.0114 -11.5847 10.6151 -1.4992 -10.1323 10.2541 -1.7388 -11.484 10.5404
3 16 -0.0079 -8.9868 9.6933 -1.4111 -8.9988 9.6374 0.0063 -10.1511 10.3203
3 16 0.0063 -10.1511 10.3203 -1.4111 -8.9988 9.6374 -1.4992 -10.1323 10.2541
3 16 -1.4111 -8.9988 9.6374 -0.0079 -8.9868 9.6933 -1.3403 -8.0917 8.8704
3 16 -1.3403 -8.0917 8.8704 -0.0079 -8.9868 9.6933 -0.0075 -8.0535 8.9007
3 16 -1.3403 -8.0917 8.8704 -0.0075 -8.0535 8.9007 -1.271 -7.25 8.025
3 16 -1.271 -7.25 8.025 -0.0075 -8.0535 8.9007 0 -7.25 8.125
3 16 2.5108 -7.25 7.7273 3.3568 -7.7522 7.8229 3.6887 -7.25 7.2394
3 16 3.6887 -7.25 7.2394 3.3568 -7.7522 7.8229 3.8793 -7.6007 7.4041
3 16 -0.0079 -8.9868 9.6933 1.3868 -8.9786 9.6232 -0.0075 -8.0535 8.9007
3 16 -0.0075 -8.0535 8.9007 1.3868 -8.9786 9.6232 1.3985 -8.0417 8.8105
3 16 1.4642 -10.1393 10.2583 1.3868 -8.9786 9.6232 0.0063 -10.1511 10.3203
3 16 0.0063 -10.1511 10.3203 1.3868 -8.9786 9.6232 -0.0079 -8.9868 9.6933
3 16 1.7066 -11.489 10.5357 1.4642 -10.1393 10.2583 0.0114 -11.5847 10.6151
3 16 0.0114 -11.5847 10.6151 1.4642 -10.1393 10.2583 0.0063 -10.1511 10.3203
3 16 2.9185 -8.1693 8.4865 2.5108 -7.25 7.7273 1.3985 -8.0417 8.8105
3 16 1.3985 -8.0417 8.8105 2.5108 -7.25 7.7273 1.271 -7.25 8.025
3 16 0 -7.25 8.125 -0.0075 -8.0535 8.9007 1.271 -7.25 8.025
3 16 1.271 -7.25 8.025 -0.0075 -8.0535 8.9007 1.3985 -8.0417 8.8105
3 16 -2.4097 -12.9069 10.2799 0.0482 -13.192 10.3205 -1.7388 -11.484 10.5404
3 16 -1.7388 -11.484 10.5404 0.0482 -13.192 10.3205 0.0114 -11.5847 10.6151
3 16 2.4642 -13.0093 10.2693 1.7066 -11.489 10.5357 0.0482 -13.192 10.3205
3 16 0.0482 -13.192 10.3205 1.7066 -11.489 10.5357 0.0114 -11.5847 10.6151
3 16 3.7518 -12.1687 10.1157 3.0813 -11.2314 10.2068 2.4642 -13.0093 10.2693
3 16 2.4642 -13.0093 10.2693 3.0813 -11.2314 10.2068 1.7066 -11.489 10.5357
3 16 -1.6488 -15.9651 0 -0.0361 -15.979 0 -1.6454 -15.9571 1.5498
3 16 -1.6454 -15.9571 1.5498 -0.0361 -15.979 0 -0.0455 -15.9698 1.5703
3 16 -1.6454 -15.9571 1.5498 -3.1649 -15.9051 1.5251 -1.6488 -15.9651 0
3 16 -1.6488 -15.9651 0 -3.1649 -15.9051 1.5251 -3.1629 -15.9137 0
3 16 -7.0969 -15.4557 0 -5.8358 -15.7037 0 -7.0924 -15.3873 1.3502
3 16 -7.0924 -15.3873 1.3502 -5.8358 -15.7037 0 -5.8758 -15.6646 1.4276
3 16 8.2885 -7.9007 2.514 8.2225 -7.5592 1.3125 7.7273 -7.25 2.5108
3 16 7.7273 -7.25 2.5108 8.2225 -7.5592 1.3125 8.025 -7.25 1.271
3 16 8.5331 -8.4499 3.3682 7.2394 -7.25 3.6887 8.1652 -8.3171 4.1705
3 16 4.7758 -7.25 6.5733 3.6887 -7.25 7.2394 4.6373 -7.751 7.203
3 16 4.6373 -7.751 7.203 3.6887 -7.25 7.2394 3.8793 -7.6007 7.4041
3 16 8.1652 -8.3171 4.1705 7.2394 -7.25 3.6887 7.5318 -8.2493 5.1943
3 16 7.5318 -8.2493 5.1943 7.2394 -7.25 3.6887 6.5733 -7.25 4.7758
3 16 9.6387 -10.5162 3.5971 8.9636 -10.4184 3.0254 8.9996 -9.2866 3.7097
3 16 8.9996 -9.2866 3.7097 8.9636 -10.4184 3.0254 8.7492 -9.2721 3.2939
3 16 8.3985 -8.5056 1.4398 8.2885 -7.9007 2.514 8.5068 -9.1144 1.6312
3 16 8.5068 -9.1144 1.6312 8.2885 -7.9007 2.514 8.5933 -9.23 2.8942
3 16 1.5997 -15.9544 0 1.5795 -15.948 1.5884 -0.0361 -15.979 0
3 16 -0.0361 -15.979 0 1.5795 -15.948 1.5884 -0.0455 -15.9698 1.5703
3 16 3.2552 -15.9103 0 3.2423 -15.9007 1.5798 1.5997 -15.9544 0
3 16 1.5997 -15.9544 0 3.2423 -15.9007 1.5798 1.5795 -15.948 1.5884
3 16 3.6853 -9.234 7.8296 3.4079 -9.2373 8.1324 3.7004 -10.2544 8.2007
3 16 3.7004 -10.2544 8.2007 3.4079 -9.2373 8.1324 3.4258 -10.214 8.5142
3 16 7.5031 -10.3228 7.616 7.1219 -9.4701 7.354 6.0585 -10.2434 7.7829
3 16 6.0585 -10.2434 7.7829 7.1219 -9.4701 7.354 5.6582 -9.4241 7.5412
3 16 3.7004 -10.2544 8.2007 3.4258 -10.214 8.5142 3.9361 -11.026 8.505
3 16 3.9361 -11.026 8.505 3.4258 -10.214 8.5142 3.7073 -11.0321 8.7844
3 16 7.3778 -11.2299 8.0673 7.5031 -10.3228 7.616 6.2111 -10.9116 8.0637
3 16 6.2111 -10.9116 8.0637 7.5031 -10.3228 7.616 6.0585 -10.2434 7.7829
3 16 4.1389 -9.3015 7.7169 3.6853 -9.234 7.8296 4.1004 -10.2511 8.0436
3 16 4.1004 -10.2511 8.0436 3.6853 -9.234 7.8296 3.7004 -10.2544 8.2007
3 16 4.3193 -10.9984 8.3159 4.1004 -10.2511 8.0436 3.9361 -11.026 8.505
3 16 3.9361 -11.026 8.505 4.1004 -10.2511 8.0436 3.7004 -10.2544 8.2007
3 16 2.6735 -10.1929 10.0216 3.0899 -10.1727 9.1808 2.6744 -9.0467 9.3509
3 16 2.6744 -9.0467 9.3509 3.0899 -10.1727 9.1808 3.118 -9.1778 8.6224
3 16 3.0813 -11.2314 10.2068 3.4206 -11.0981 9.4722 2.6735 -10.1929 10.0216
3 16 2.6735 -10.1929 10.0216 3.4206 -11.0981 9.4722 3.0899 -10.1727 9.1808
3 16 4.7578 -12.0584 8.97 3.9361 -11.026 8.505 4.2992 -11.9359 9.2292
3 16 4.2992 -11.9359 9.2292 3.9361 -11.026 8.505 3.7073 -11.0321 8.7844
3 16 3.9361 -11.026 8.505 4.7578 -12.0584 8.97 4.3193 -10.9984 8.3159
3 16 4.3193 -10.9984 8.3159 4.7578 -12.0584 8.97 5.3758 -11.9415 8.6759
3 16 6.2309 -12.5522 8.9193 5.3758 -11.9415 8.6759 5.3116 -12.8047 9.3784
3 16 5.3116 -12.8047 9.3784 5.3758 -11.9415 8.6759 4.7578 -12.0584 8.97
3 16 5.3116 -12.8047 9.3784 4.7578 -12.0584 8.97 4.4732 -12.5958 9.7875
3 16 4.4732 -12.5958 9.7875 4.7578 -12.0584 8.97 4.2992 -11.9359 9.2292
3 16 3.4258 -10.214 8.5142 3.0899 -10.1727 9.1808 3.7073 -11.0321 8.7844
3 16 3.7073 -11.0321 8.7844 3.0899 -10.1727 9.1808 3.4206 -11.0981 9.4722
3 16 3.4079 -9.2373 8.1324 3.118 -9.1778 8.6224 3.4258 -10.214 8.5142
3 16 3.4258 -10.214 8.5142 3.118 -9.1778 8.6224 3.0899 -10.1727 9.1808
3 16 3.4206 -11.0981 9.4722 3.0813 -11.2314 10.2068 3.9151 -11.7139 9.5
3 16 3.9151 -11.7139 9.5 3.0813 -11.2314 10.2068 3.7518 -12.1687 10.1157
3 16 4.4732 -12.5958 9.7875 4.2992 -11.9359 9.2292 3.7518 -12.1687 10.1157
3 16 3.7518 -12.1687 10.1157 4.2992 -11.9359 9.2292 3.9151 -11.7139 9.5
3 16 6.0585 -10.2434 7.7829 5.6582 -9.4241 7.5412 4.1004 -10.2511 8.0436
3 16 4.1004 -10.2511 8.0436 5.6582 -9.4241 7.5412 4.1389 -9.3015 7.7169
3 16 4.1004 -10.2511 8.0436 4.3193 -10.9984 8.3159 6.0585 -10.2434 7.7829
3 16 6.0585 -10.2434 7.7829 4.3193 -10.9984 8.3159 6.2111 -10.9116 8.0637
3 16 7.1219 -9.4701 7.354 7.5031 -10.3228 7.616 7.7752 -9.3514 6.5024
3 16 7.7752 -9.3514 6.5024 7.5031 -10.3228 7.616 8.3095 -10.5829 6.7386
3 16 7.5031 -10.3228 7.616 7.3778 -11.2299 8.0673 8.3095 -10.5829 6.7386
3 16 8.3095 -10.5829 6.7386 7.3778 -11.2299 8.0673 8.2848 -12.1512 6.9432
3 16 7.3778 -11.2299 8.0673 6.2111 -10.9116 8.0637 6.9214 -12.0415 8.5199
3 16 6.9214 -12.0415 8.5199 6.2111 -10.9116 8.0637 5.9337 -11.4817 8.3704
3 16 5.3758 -11.9415 8.6759 6.2309 -12.5522 8.9193 5.9337 -11.4817 8.3704
3 16 5.9337 -11.4817 8.3704 6.2309 -12.5522 8.9193 6.9214 -12.0415 8.5199
3 16 6.2111 -10.9116 8.0637 4.3193 -10.9984 8.3159 5.9337 -11.4817 8.3704
3 16 5.3758 -11.9415 8.6759 5.9337 -11.4817 8.3704 4.3193 -10.9984 8.3159
3 16 3.4206 -11.0981 9.4722 3.9151 -11.7139 9.5 3.7073 -11.0321 8.7844
3 16 3.7073 -11.0321 8.7844 3.9151 -11.7139 9.5 4.2992 -11.9359 9.2292
3 16 3.8331 -8.3138 7.5474 3.4994 -8.442 7.8336 3.6853 -9.234 7.8296
3 16 3.6853 -9.234 7.8296 3.4994 -8.442 7.8336 3.4079 -9.2373 8.1324
3 16 4.3068 -8.4251 7.4626 3.8331 -8.3138 7.5474 4.1389 -9.3015 7.7169
3 16 4.1389 -9.3015 7.7169 3.8331 -8.3138 7.5474 3.6853 -9.234 7.8296
3 16 3.3568 -7.7522 7.8229 2.9185 -8.1693 8.4865 3.4994 -8.442 7.8336
3 16 3.4994 -8.442 7.8336 2.9185 -8.1693 8.4865 3.2589 -8.6199 8.1972
3 16 2.6744 -9.0467 9.3509 3.118 -9.1778 8.6224 2.9185 -8.1693 8.4865
3 16 2.9185 -8.1693 8.4865 3.118 -9.1778 8.6224 3.2589 -8.6199 8.1972
3 16 3.8331 -8.3138 7.5474 4.3068 -8.4251 7.4626 3.8793 -7.6007 7.4041
3 16 3.8793 -7.6007 7.4041 4.3068 -8.4251 7.4626 4.6373 -7.751 7.203
3 16 3.4994 -8.442 7.8336 3.8331 -8.3138 7.5474 3.3568 -7.7522 7.8229
3 16 3.3568 -7.7522 7.8229 3.8331 -8.3138 7.5474 3.8793 -7.6007 7.4041
3 16 3.118 -9.1778 8.6224 3.4079 -9.2373 8.1324 3.2589 -8.6199 8.1972
3 16 3.2589 -8.6199 8.1972 3.4079 -9.2373 8.1324 3.4994 -8.442 7.8336
3 16 4.4732 -12.5958 9.7875 3.7518 -12.1687 10.1157 4.192 -13.386 9.7095
3 16 4.192 -13.386 9.7095 3.7518 -12.1687 10.1157 2.4642 -13.0093 10.2693
3 16 4.4732 -12.5958 9.7875 4.192 -13.386 9.7095 5.3116 -12.8047 9.3784
3 16 5.3116 -12.8047 9.3784 4.192 -13.386 9.7095 5.2629 -13.4886 9.2179
3 16 6.2309 -12.5522 8.9193 5.3116 -12.8047 9.3784 6.3792 -13.2461 8.6754
3 16 6.3792 -13.2461 8.6754 5.3116 -12.8047 9.3784 5.2629 -13.4886 9.2179
3 16 6.2309 -12.5522 8.9193 6.3792 -13.2461 8.6754 6.9214 -12.0415 8.5199
3 16 6.9214 -12.0415 8.5199 6.3792 -13.2461 8.6754 7.3157 -12.7817 8.0306
3 16 8.2848 -12.1512 6.9432 7.3778 -11.2299 8.0673 7.3157 -12.7817 8.0306
3 16 7.3157 -12.7817 8.0306 7.3778 -11.2299 8.0673 6.9214 -12.0415 8.5199
3 16 4.7758 -7.25 6.5733 6.027 -8.4168 7.142 5.7452 -7.25 5.7452
3 16 5.7452 -7.25 5.7452 6.027 -8.4168 7.142 6.8884 -8.2543 6.1616
3 16 6.027 -8.4168 7.142 4.6373 -7.751 7.203 5.1365 -8.7525 7.4136
3 16 5.1365 -8.7525 7.4136 4.6373 -7.751 7.203 4.3068 -8.4251 7.4626
3 16 6.027 -8.4168 7.142 7.1219 -9.4701 7.354 6.8884 -8.2543 6.1616
3 16 6.8884 -8.2543 6.1616 7.1219 -9.4701 7.354 7.7752 -9.3514 6.5024
3 16 7.1219 -9.4701 7.354 6.027 -8.4168 7.142 5.6582 -9.4241 7.5412
3 16 5.6582 -9.4241 7.5412 6.027 -8.4168 7.142 5.1365 -8.7525 7.4136
3 16 4.3068 -8.4251 7.4626 4.1389 -9.3015 7.7169 5.1365 -8.7525 7.4136
3 16 5.1365 -8.7525 7.4136 4.1389 -9.3015 7.7169 5.6582 -9.4241 7.5412
3 16 10.1477 -12.4979 3.456 9.5916 -10.7045 4.4495 9.0612 -12.2861 5.3361
3 16 9.0612 -12.2861 5.3361 9.5916 -10.7045 4.4495 8.9924 -10.7 5.5916
3 16 9.5916 -10.7045 4.4495 8.8992 -9.3346 4.5159 8.9924 -10.7 5.5916
3 16 8.9924 -10.7 5.5916 8.8992 -9.3346 4.5159 8.3723 -9.3493 5.4929
3 16 7.5318 -8.2493 5.1943 8.3723 -9.3493 5.4929 8.1652 -8.3171 4.1705
3 16 8.1652 -8.3171 4.1705 8.3723 -9.3493 5.4929 8.8992 -9.3346 4.5159
3 16 9.4519 -14.6053 0 10.4343 -13.6562 0 9.356 -14.4365 1.5889
3 16 9.356 -14.4365 1.5889 10.4343 -13.6562 0 10.3898 -13.4008 1.5522
3 16 5.7452 -7.25 5.7452 6.8884 -8.2543 6.1616 6.5733 -7.25 4.7758
3 16 6.5733 -7.25 4.7758 6.8884 -8.2543 6.1616 7.5318 -8.2493 5.1943
3 16 6.8884 -8.2543 6.1616 7.7752 -9.3514 6.5024 7.5318 -8.2493 5.1943
3 16 7.5318 -8.2493 5.1943 7.7752 -9.3514 6.5024 8.3723 -9.3493 5.4929
3 16 8.9924 -10.7 5.5916 8.3723 -9.3493 5.4929 8.3095 -10.5829 6.7386
3 16 8.3095 -10.5829 6.7386 8.3723 -9.3493 5.4929 7.7752 -9.3514 6.5024
3 16 9.0612 -12.2861 5.3361 8.9924 -10.7 5.5916 8.2848 -12.1512 6.9432
3 16 8.2848 -12.1512 6.9432 8.9924 -10.7 5.5916 8.3095 -10.5829 6.7386
3 16 -0.0002 -14.4581 9.0888 1.9736 -14.4595 8.9954 0.0482 -13.192 10.3205
3 16 0.0482 -13.192 10.3205 1.9736 -14.4595 8.9954 2.4642 -13.0093 10.2693
3 16 -0.0002 -14.4581 9.0888 0.0482 -13.192 10.3205 -1.9824 -14.448 9.0197
3 16 -1.9824 -14.448 9.0197 0.0482 -13.192 10.3205 -2.4097 -12.9069 10.2799
3 16 -0.0597 -15.9189 3.1135 -1.6593 -15.907 3.0806 -0.0455 -15.9698 1.5703
3 16 -0.0455 -15.9698 1.5703 -1.6593 -15.907 3.0806 -1.6454 -15.9571 1.5498
3 16 1.536 -15.8961 3.1577 -0.0597 -15.9189 3.1135 1.5795 -15.948 1.5884
3 16 1.5795 -15.948 1.5884 -0.0597 -15.9189 3.1135 -0.0455 -15.9698 1.5703
3 16 1.9736 -14.4595 8.9954 -0.0002 -14.4581 9.0888 1.7547 -15.1477 7.5797
3 16 1.7547 -15.1477 7.5797 -0.0002 -14.4581 9.0888 -0.032 -15.1508 7.6739
3 16 -0.032 -15.1508 7.6739 -0.0002 -14.4581 9.0888 -1.7935 -15.1516 7.5637
3 16 -1.7935 -15.1516 7.5637 -0.0002 -14.4581 9.0888 -1.9824 -14.448 9.0197
3 16 1.7547 -15.1477 7.5797 -0.032 -15.1508 7.6739 1.6357 -15.52 6.1193
3 16 1.6357 -15.52 6.1193 -0.032 -15.1508 7.6739 -0.0551 -15.5461 6.1495
3 16 -1.7339 -15.5393 6.0942 -0.0551 -15.5461 6.1495 -1.7935 -15.1516 7.5637
3 16 -1.7935 -15.1516 7.5637 -0.0551 -15.5461 6.1495 -0.032 -15.1508 7.6739
3 16 3.2423 -15.9007 1.5798 3.2243 -15.842 3.1516 1.5795 -15.948 1.5884
3 16 1.5795 -15.948 1.5884 3.2243 -15.842 3.1516 1.536 -15.8961 3.1577
3 16 9.356 -14.4365 1.5889 10.3898 -13.4008 1.5522 8.9692 -13.9796 3.4443
3 16 8.9692 -13.9796 3.4443 10.3898 -13.4008 1.5522 10.1477 -12.4979 3.456
3 16 1.9736 -14.4595 8.9954 3.6867 -14.5311 8.679 2.4642 -13.0093 10.2693
3 16 2.4642 -13.0093 10.2693 3.6867 -14.5311 8.679 4.192 -13.386 9.7095
3 16 3.6867 -14.5311 8.679 1.9736 -14.4595 8.9954 3.4197 -15.1286 7.3711
3 16 3.4197 -15.1286 7.3711 1.9736 -14.4595 8.9954 1.7547 -15.1477 7.5797
3 16 3.2423 -15.9007 1.5798 3.2552 -15.9103 0 4.883 -15.7905 1.5776
3 16 4.883 -15.7905 1.5776 3.2552 -15.9103 0 4.9053 -15.8115 0
3 16 4.883 -15.7905 1.5776 4.8296 -15.7095 3.1107 3.2423 -15.9007 1.5798
3 16 3.2423 -15.9007 1.5798 4.8296 -15.7095 3.1107 3.2243 -15.842 3.1516
3 16 3.2885 -15.4697 6.0078 3.4197 -15.1286 7.3711 1.6357 -15.52 6.1193
3 16 1.6357 -15.52 6.1193 3.4197 -15.1286 7.3711 1.7547 -15.1477 7.5797
3 16 8.0039 -15.0646 1.6161 8.1461 -15.1536 0 9.356 -14.4365 1.5889
3 16 9.356 -14.4365 1.5889 8.1461 -15.1536 0 9.4519 -14.6053 0
3 16 8.0039 -15.0646 1.6161 9.356 -14.4365 1.5889 7.7412 -14.8162 3.227
3 16 7.7412 -14.8162 3.227 9.356 -14.4365 1.5889 8.9692 -13.9796 3.4443
3 16 4.192 -13.386 9.7095 3.6867 -14.5311 8.679 5.2629 -13.4886 9.2179
3 16 5.2629 -13.4886 9.2179 3.6867 -14.5311 8.679 5.0876 -14.4652 8.3126
3 16 5.2629 -13.4886 9.2179 5.0876 -14.4652 8.3126 6.3792 -13.2461 8.6754
3 16 6.3792 -13.2461 8.6754 5.0876 -14.4652 8.3126 6.2578 -14.1542 7.8119
3 16 7.1294 -13.7717 7.1795 7.3157 -12.7817 8.0306 6.2578 -14.1542 7.8119
3 16 6.2578 -14.1542 7.8119 7.3157 -12.7817 8.0306 6.3792 -13.2461 8.6754
3 16 10.1477 -12.4979 3.456 9.0612 -12.2861 5.3361 8.9692 -13.9796 3.4443
3 16 8.9692 -13.9796 3.4443 9.0612 -12.2861 5.3361 8.3505 -13.5994 4.9164
3 16 7.1294 -13.7717 7.1795 7.7442 -13.5254 6.2265 7.3157 -12.7817 8.0306
3 16 7.3157 -12.7817 8.0306 7.7442 -13.5254 6.2265 8.2848 -12.1512 6.9432
3 16 8.2848 -12.1512 6.9432 7.7442 -13.5254 6.2265 9.0612 -12.2861 5.3361
3 16 9.0612 -12.2861 5.3361 7.7442 -13.5254 6.2265 8.3505 -13.5994 4.9164
3 16 5.0876 -14.4652 8.3126 3.6867 -14.5311 8.679 4.864 -14.9824 7.1097
3 16 4.864 -14.9824 7.1097 3.6867 -14.5311 8.679 3.4197 -15.1286 7.3711
3 16 4.883 -15.7905 1.5776 4.9053 -15.8115 0 6.4722 -15.5136 1.5906
3 16 6.4722 -15.5136 1.5906 4.9053 -15.8115 0 6.5445 -15.5702 0
3 16 4.8296 -15.7095 3.1107 4.883 -15.7905 1.5776 6.3437 -15.3613 3.1275
3 16 6.3437 -15.3613 3.1275 4.883 -15.7905 1.5776 6.4722 -15.5136 1.5906
3 16 4.7953 -15.3138 5.8699 4.864 -14.9824 7.1097 3.2885 -15.4697 6.0078
3 16 3.2885 -15.4697 6.0078 4.864 -14.9824 7.1097 3.4197 -15.1286 7.3711
3 16 -1.6593 -15.907 3.0806 -0.0597 -15.9189 3.1135 -1.6929 -15.7767 4.5972
3 16 -1.6929 -15.7767 4.5972 -0.0597 -15.9189 3.1135 -0.0618 -15.7887 4.6341
3 16 1.5692 -15.7647 4.6516 -0.0618 -15.7887 4.6341 1.536 -15.8961 3.1577
3 16 1.536 -15.8961 3.1577 -0.0618 -15.7887 4.6341 -0.0597 -15.9189 3.1135
3 16 3.2243 -15.842 3.1516 3.2216 -15.709 4.6078 1.536 -15.8961 3.1577
3 16 1.536 -15.8961 3.1577 3.2216 -15.709 4.6078 1.5692 -15.7647 4.6516
3 16 4.8296 -15.7095 3.1107 4.7766 -15.559 4.5434 3.2243 -15.842 3.1516
3 16 3.2243 -15.842 3.1516 4.7766 -15.559 4.5434 3.2216 -15.709 4.6078
3 16 6.3437 -15.3613 3.1275 6.1955 -15.1795 4.5352 4.8296 -15.7095 3.1107
3 16 4.8296 -15.7095 3.1107 6.1955 -15.1795 4.5352 4.7766 -15.559 4.5434
3 16 7.7412 -14.8162 3.227 8.9692 -13.9796 3.4443 7.403 -14.5355 4.6366
3 16 7.403 -14.5355 4.6366 8.9692 -13.9796 3.4443 8.3505 -13.5994 4.9164
3 16 6.0803 -14.9254 5.7605 6.0439 -14.6383 6.8189 4.7953 -15.3138 5.8699
3 16 4.7953 -15.3138 5.8699 6.0439 -14.6383 6.8189 4.864 -14.9824 7.1097
3 16 6.0439 -14.6383 6.8189 6.2578 -14.1542 7.8119 4.864 -14.9824 7.1097
3 16 4.864 -14.9824 7.1097 6.2578 -14.1542 7.8119 5.0876 -14.4652 8.3126
3 16 6.0439 -14.6383 6.8189 6.7741 -14.2633 6.5862 6.2578 -14.1542 7.8119
3 16 6.2578 -14.1542 7.8119 6.7741 -14.2633 6.5862 7.1294 -13.7717 7.1795
3 16 7.7412 -14.8162 3.227 7.403 -14.5355 4.6366 6.3437 -15.3613 3.1275
3 16 6.3437 -15.3613 3.1275 7.403 -14.5355 4.6366 6.1955 -15.1795 4.5352
3 16 6.3437 -15.3613 3.1275 6.4722 -15.5136 1.5906 7.7412 -14.8162 3.227
3 16 7.7412 -14.8162 3.227 6.4722 -15.5136 1.5906 8.0039 -15.0646 1.6161
3 16 6.4722 -15.5136 1.5906 6.5445 -15.5702 0 8.0039 -15.0646 1.6161
3 16 8.0039 -15.0646 1.6161 6.5445 -15.5702 0 8.1461 -15.1536 0
3 16 7.0792 -14.3223 5.7765 6.7741 -14.2633 6.5862 6.0803 -14.9254 5.7605
3 16 6.0803 -14.9254 5.7605 6.7741 -14.2633 6.5862 6.0439 -14.6383 6.8189
3 16 -1.6929 -15.7767 4.5972 -0.0618 -15.7887 4.6341 -1.7339 -15.5393 6.0942
3 16 -1.7339 -15.5393 6.0942 -0.0618 -15.7887 4.6341 -0.0551 -15.5461 6.1495
3 16 1.6357 -15.52 6.1193 -0.0551 -15.5461 6.1495 1.5692 -15.7647 4.6516
3 16 1.5692 -15.7647 4.6516 -0.0551 -15.5461 6.1495 -0.0618 -15.7887 4.6341
3 16 1.5692 -15.7647 4.6516 3.2216 -15.709 4.6078 1.6357 -15.52 6.1193
3 16 1.6357 -15.52 6.1193 3.2216 -15.709 4.6078 3.2885 -15.4697 6.0078
3 16 4.7766 -15.559 4.5434 4.7953 -15.3138 5.8699 3.2216 -15.709 4.6078
3 16 3.2216 -15.709 4.6078 4.7953 -15.3138 5.8699 3.2885 -15.4697 6.0078
3 16 6.1955 -15.1795 4.5352 6.0803 -14.9254 5.7605 4.7766 -15.559 4.5434
3 16 4.7766 -15.559 4.5434 6.0803 -14.9254 5.7605 4.7953 -15.3138 5.8699
3 16 7.403 -14.5355 4.6366 7.0792 -14.3223 5.7765 6.1955 -15.1795 4.5352
3 16 6.1955 -15.1795 4.5352 7.0792 -14.3223 5.7765 6.0803 -14.9254 5.7605
3 16 7.1294 -13.7717 7.1795 6.7741 -14.2633 6.5862 7.7442 -13.5254 6.2265
3 16 7.7442 -13.5254 6.2265 6.7741 -14.2633 6.5862 7.0792 -14.3223 5.7765
3 16 7.7442 -13.5254 6.2265 7.0792 -14.3223 5.7765 8.3505 -13.5994 4.9164
3 16 8.3505 -13.5994 4.9164 7.0792 -14.3223 5.7765 7.403 -14.5355 4.6366
3 16 -2.4097 -12.9069 10.2799 -4.1369 -13.4093 9.7102 -1.9824 -14.448 9.0197
3 16 -1.9824 -14.448 9.0197 -4.1369 -13.4093 9.7102 -3.73 -14.5434 8.6437
3 16 -4.1369 -13.4093 9.7102 -5.5851 -13.5566 9.0311 -3.73 -14.5434 8.6437
3 16 -3.73 -14.5434 8.6437 -5.5851 -13.5566 9.0311 -5.2575 -14.5063 8.1055
3 16 -5.2575 -14.5063 8.1055 -5.5851 -13.5566 9.0311 -6.51 -14.1581 7.4353
3 16 -6.51 -14.1581 7.4353 -5.5851 -13.5566 9.0311 -6.8324 -13.1902 8.3584
3 16 -9.342 -14.1518 2.49 -9.0628 -13.7587 3.6937 -10.3492 -13.2879 2.2845
3 16 -10.3492 -13.2879 2.2845 -9.0628 -13.7587 3.6937 -10.0227 -12.5526 3.5388
3 16 -10.5111 -13.7396 0 -9.5246 -14.5571 0 -10.4697 -13.6276 1.1334
3 16 -10.4697 -13.6276 1.1334 -9.5246 -14.5571 0 -9.4796 -14.4447 1.2543
3 16 -9.342 -14.1518 2.49 -10.3492 -13.2879 2.2845 -9.4796 -14.4447 1.2543
3 16 -9.4796 -14.4447 1.2543 -10.3492 -13.2879 2.2845 -10.4697 -13.6276 1.1334
3 16 -4.5546 -15.8248 1.4684 -5.8758 -15.6646 1.4276 -4.5635 -15.839 0
3 16 -4.5635 -15.839 0 -5.8758 -15.6646 1.4276 -5.8358 -15.7037 0
3 16 -1.6593 -15.907 3.0806 -3.1844 -15.8517 3.0226 -1.6454 -15.9571 1.5498
3 16 -1.6454 -15.9571 1.5498 -3.1844 -15.8517 3.0226 -3.1649 -15.9051 1.5251
3 16 -1.6929 -15.7767 4.5972 -3.2535 -15.7176 4.509 -1.6593 -15.907 3.0806
3 16 -1.6593 -15.907 3.0806 -3.2535 -15.7176 4.509 -3.1844 -15.8517 3.0226
3 16 -3.2535 -15.7176 4.509 -1.6929 -15.7767 4.5972 -3.3246 -15.4828 5.9281
3 16 -3.3246 -15.4828 5.9281 -1.6929 -15.7767 4.5972 -1.7339 -15.5393 6.0942
3 16 -3.3246 -15.4828 5.9281 -1.7339 -15.5393 6.0942 -3.4506 -15.1559 7.2807
3 16 -3.4506 -15.1559 7.2807 -1.7339 -15.5393 6.0942 -1.7935 -15.1516 7.5637
3 16 -4.7488 -15.3756 5.6461 -3.3246 -15.4828 5.9281 -4.9239 -15.0363 6.8788
3 16 -4.9239 -15.0363 6.8788 -3.3246 -15.4828 5.9281 -3.4506 -15.1559 7.2807
3 16 -4.6367 -15.6152 4.2987 -3.2535 -15.7176 4.509 -4.7488 -15.3756 5.6461
3 16 -4.7488 -15.3756 5.6461 -3.2535 -15.7176 4.509 -3.3246 -15.4828 5.9281
3 16 -3.2535 -15.7176 4.509 -4.6367 -15.6152 4.2987 -3.1844 -15.8517 3.0226
3 16 -3.1844 -15.8517 3.0226 -4.6367 -15.6152 4.2987 -4.5792 -15.7571 2.903
3 16 -3.1844 -15.8517 3.0226 -4.5792 -15.7571 2.903 -3.1649 -15.9051 1.5251
3 16 -3.1649 -15.9051 1.5251 -4.5792 -15.7571 2.903 -4.5546 -15.8248 1.4684
3 16 -3.1649 -15.9051 1.5251 -4.5546 -15.8248 1.4684 -3.1629 -15.9137 0
3 16 -3.1629 -15.9137 0 -4.5546 -15.8248 1.4684 -4.5635 -15.839 0
3 16 -3.4506 -15.1559 7.2807 -1.7935 -15.1516 7.5637 -3.73 -14.5434 8.6437
3 16 -3.73 -14.5434 8.6437 -1.7935 -15.1516 7.5637 -1.9824 -14.448 9.0197
3 16 -4.9239 -15.0363 6.8788 -3.4506 -15.1559 7.2807 -5.2575 -14.5063 8.1055
3 16 -5.2575 -14.5063 8.1055 -3.4506 -15.1559 7.2807 -3.73 -14.5434 8.6437
3 16 -4.5792 -15.7571 2.903 -5.8776 -15.5604 2.7817 -4.5546 -15.8248 1.4684
3 16 -4.5546 -15.8248 1.4684 -5.8776 -15.5604 2.7817 -5.8758 -15.6646 1.4276
3 16 -5.8776 -15.5604 2.7817 -7.0565 -15.2181 2.6536 -5.8758 -15.6646 1.4276
3 16 -5.8758 -15.6646 1.4276 -7.0565 -15.2181 2.6536 -7.0924 -15.3873 1.3502
3 16 -4.6367 -15.6152 4.2987 -5.9004 -15.3779 4.0759 -4.5792 -15.7571 2.903
3 16 -4.5792 -15.7571 2.903 -5.9004 -15.3779 4.0759 -5.8776 -15.5604 2.7817
3 16 -7.0565 -15.2181 2.6536 -5.8776 -15.5604 2.7817 -7.0241 -14.9853 3.8775
3 16 -7.0241 -14.9853 3.8775 -5.8776 -15.5604 2.7817 -5.9004 -15.3779 4.0759
3 16 -4.7488 -15.3756 5.6461 -5.9931 -15.0942 5.3008 -4.6367 -15.6152 4.2987
3 16 -4.6367 -15.6152 4.2987 -5.9931 -15.0942 5.3008 -5.9004 -15.3779 4.0759
3 16 -4.9239 -15.0363 6.8788 -6.155 -14.6865 6.3924 -4.7488 -15.3756 5.6461
3 16 -4.7488 -15.3756 5.6461 -6.155 -14.6865 6.3924 -5.9931 -15.0942 5.3008
3 16 -5.2575 -14.5063 8.1055 -6.51 -14.1581 7.4353 -4.9239 -15.0363 6.8788
3 16 -4.9239 -15.0363 6.8788 -6.51 -14.1581 7.4353 -6.155 -14.6865 6.3924
3 16 -8.2104 -14.7602 2.5606 -7.0565 -15.2181 2.6536 -8.0462 -14.4635 3.7419
3 16 -8.0462 -14.4635 3.7419 -7.0565 -15.2181 2.6536 -7.0241 -14.9853 3.8775
3 16 -7.0565 -15.2181 2.6536 -8.2104 -14.7602 2.5606 -7.0924 -15.3873 1.3502
3 16 -7.0924 -15.3873 1.3502 -8.2104 -14.7602 2.5606 -8.3048 -14.9843 1.3016
3 16 -8.335 -15.0783 0 -7.0969 -15.4557 0 -8.3048 -14.9843 1.3016
3 16 -8.3048 -14.9843 1.3016 -7.0969 -15.4557 0 -7.0924 -15.3873 1.3502
3 16 -5.9931 -15.0942 5.3008 -7.0151 -14.6632 4.9702 -5.9004 -15.3779 4.0759
3 16 -5.9004 -15.3779 4.0759 -7.0151 -14.6632 4.9702 -7.0241 -14.9853 3.8775
3 16 -7.7273 -7.25 2.5108 -8.4624 -8.1299 3.0637 -7.2394 -7.25 3.6887
3 16 -7.2394 -7.25 3.6887 -8.4624 -8.1299 3.0637 -7.9336 -8.0778 4.1208
3 16 -8.5951 -8.9615 4.5267 -7.9336 -8.0778 4.1208 -9.1097 -8.9782 3.5037
3 16 -9.1097 -8.9782 3.5037 -7.9336 -8.0778 4.1208 -8.4624 -8.1299 3.0637
3 16 -9.1097 -8.9782 3.5037 -9.623 -9.9811 3.803 -8.5951 -8.9615 4.5267
3 16 -8.5951 -8.9615 4.5267 -9.623 -9.9811 3.803 -9.1012 -9.9979 4.842
3 16 -9.1012 -9.9979 4.842 -9.623 -9.9811 3.803 -9.3378 -11.1918 4.9778
3 16 -9.3378 -11.1918 4.9778 -9.623 -9.9811 3.803 -9.9774 -11.134 3.8781
3 16 -9.3378 -11.1918 4.9778 -9.9774 -11.134 3.8781 -9.1914 -12.4503 4.9029
3 16 -9.1914 -12.4503 4.9029 -9.9774 -11.134 3.8781 -10.0227 -12.5526 3.5388
3 16 -8.5678 -13.4825 4.8006 -9.1914 -12.4503 4.9029 -9.0628 -13.7587 3.6937
3 16 -9.0628 -13.7587 3.6937 -9.1914 -12.4503 4.9029 -10.0227 -12.5526 3.5388
3 16 -7.0151 -14.6632 4.9702 -7.8439 -14.1707 4.7637 -7.0241 -14.9853 3.8775
3 16 -7.0241 -14.9853 3.8775 -7.8439 -14.1707 4.7637 -8.0462 -14.4635 3.7419
3 16 -7.7962 -12.5205 7.4641 -8.1461 -11.0985 7.1552 -8.5353 -12.4305 6.0879
3 16 -8.5353 -12.4305 6.0879 -8.1461 -11.0985 7.1552 -8.7423 -11.1712 6.0694
3 16 -8.5353 -12.4305 6.0879 -8.7423 -11.1712 6.0694 -9.1914 -12.4503 4.9029
3 16 -9.1914 -12.4503 4.9029 -8.7423 -11.1712 6.0694 -9.3378 -11.1918 4.9778
3 16 -9.5246 -14.5571 0 -8.335 -15.0783 0 -9.4796 -14.4447 1.2543
3 16 -9.4796 -14.4447 1.2543 -8.335 -15.0783 0 -8.3048 -14.9843 1.3016
3 16 -8.2104 -14.7602 2.5606 -9.342 -14.1518 2.49 -8.3048 -14.9843 1.3016
3 16 -8.3048 -14.9843 1.3016 -9.342 -14.1518 2.49 -9.4796 -14.4447 1.2543
3 16 -8.0462 -14.4635 3.7419 -9.0628 -13.7587 3.6937 -8.2104 -14.7602 2.5606
3 16 -8.2104 -14.7602 2.5606 -9.0628 -13.7587 3.6937 -9.342 -14.1518 2.49
3 16 -7.8439 -14.1707 4.7637 -8.5678 -13.4825 4.8006 -8.0462 -14.4635 3.7419
3 16 -8.0462 -14.4635 3.7419 -8.5678 -13.4825 4.8006 -9.0628 -13.7587 3.6937
3 16 -7.0151 -14.6632 4.9702 -5.9931 -15.0942 5.3008 -7.0941 -14.2688 5.8849
3 16 -7.0941 -14.2688 5.8849 -5.9931 -15.0942 5.3008 -6.155 -14.6865 6.3924
3 16 -6.51 -14.1581 7.4353 -7.4334 -13.6641 6.6611 -6.155 -14.6865 6.3924
3 16 -6.155 -14.6865 6.3924 -7.4334 -13.6641 6.6611 -7.0941 -14.2688 5.8849
3 16 -7.0941 -14.2688 5.8849 -7.6913 -13.9608 5.476 -7.0151 -14.6632 4.9702
3 16 -7.0151 -14.6632 4.9702 -7.6913 -13.9608 5.476 -7.8439 -14.1707 4.7637
3 16 -8.0735 -13.4056 5.7628 -8.5678 -13.4825 4.8006 -7.6913 -13.9608 5.476
3 16 -7.6913 -13.9608 5.476 -8.5678 -13.4825 4.8006 -7.8439 -14.1707 4.7637
3 16 -8.0735 -13.4056 5.7628 -8.5353 -12.4305 6.0879 -8.5678 -13.4825 4.8006
3 16 -8.5678 -13.4825 4.8006 -8.5353 -12.4305 6.0879 -9.1914 -12.4503 4.9029
3 16 -8.0735 -13.4056 5.7628 -7.6913 -13.9608 5.476 -7.4334 -13.6641 6.6611
3 16 -7.4334 -13.6641 6.6611 -7.6913 -13.9608 5.476 -7.0941 -14.2688 5.8849
3 16 -8.0735 -13.4056 5.7628 -7.4334 -13.6641 6.6611 -8.5353 -12.4305 6.0879
3 16 -8.5353 -12.4305 6.0879 -7.4334 -13.6641 6.6611 -7.7962 -12.5205 7.4641
3 16 -7.7962 -12.5205 7.4641 -7.4334 -13.6641 6.6611 -6.8324 -13.1902 8.3584
3 16 -6.8324 -13.1902 8.3584 -7.4334 -13.6641 6.6611 -6.51 -14.1581 7.4353
3 16 -8.4692 -7.8058 -0.9761 -8.5239 -8.9211 -0.7202 -8.3484 -7.6334 0
3 16 -8.3484 -7.6334 0 -8.5239 -8.9211 -0.7202 -8.4108 -8.9696 0
3 16 -9.4689 -11.6506 0 -9.5633 -11.6195 -0.683 -10.9227 -12.6189 0
3 16 -10.9227 -12.6189 0 -9.5633 -11.6195 -0.683 -10.8853 -12.5541 -0.8819
3 16 -9.4562 -9.0795 -2.5037 -9.1097 -8.9782 -3.5037 -9.9456 -9.9717 -2.8274
3 16 -9.9456 -9.9717 -2.8274 -9.1097 -8.9782 -3.5037 -9.623 -9.9811 -3.803
3 16 -9.9456 -9.9717 -2.8274 -9.623 -9.9811 -3.803 -10.2768 -10.8965 -2.8118
3 16 -10.2768 -10.8965 -2.8118 -9.623 -9.9811 -3.803 -9.9774 -11.134 -3.8781
3 16 -10.2768 -10.8965 -2.8118 -9.9774 -11.134 -3.8781 -10.6544 -11.7956 -2.4052
3 16 -10.6544 -11.7956 -2.4052 -9.9774 -11.134 -3.8781 -10.0227 -12.5526 -3.5388
3 16 -7.4913 -11.0545 -7.9459 -8.1461 -11.0985 -7.1552 -7.4661 -10.1463 -7.5465
3 16 -7.4661 -10.1463 -7.5465 -8.1461 -11.0985 -7.1552 -7.9555 -9.9348 -6.7885
3 16 -7.4661 -10.1463 -7.5465 -7.9555 -9.9348 -6.7885 -6.7447 -8.9798 -7.2383
3 16 -6.7447 -8.9798 -7.2383 -7.9555 -9.9348 -6.7885 -7.422 -8.9326 -6.47
3 16 -7.422 -8.9326 -6.47 -7.9555 -9.9348 -6.7885 -8.0322 -8.9496 -5.5292
3 16 -8.0322 -8.9496 -5.5292 -7.9555 -9.9348 -6.7885 -8.5383 -9.9762 -5.8508
3 16 -8.1461 -11.0985 -7.1552 -8.7423 -11.1712 -6.0694 -7.9555 -9.9348 -6.7885
3 16 -7.9555 -9.9348 -6.7885 -8.7423 -11.1712 -6.0694 -8.5383 -9.9762 -5.8508
3 16 -8.7423 -11.1712 -6.0694 -9.3378 -11.1918 -4.9778 -8.5383 -9.9762 -5.8508
3 16 -8.5383 -9.9762 -5.8508 -9.3378 -11.1918 -4.9778 -9.1012 -9.9979 -4.842
3 16 -8.5951 -8.9615 -4.5267 -8.0322 -8.9496 -5.5292 -9.1012 -9.9979 -4.842
3 16 -9.1012 -9.9979 -4.842 -8.0322 -8.9496 -5.5292 -8.5383 -9.9762 -5.8508
3 16 -8.8664 -8.339 -1.797 -8.4624 -8.1299 -3.0637 -9.4562 -9.0795 -2.5037
3 16 -9.4562 -9.0795 -2.5037 -8.4624 -8.1299 -3.0637 -9.1097 -8.9782 -3.5037
3 16 -7.3276 -8.0503 -5.1612 -8.0322 -8.9496 -5.5292 -7.9336 -8.0778 -4.1208
3 16 -7.9336 -8.0778 -4.1208 -8.0322 -8.9496 -5.5292 -8.5951 -8.9615 -4.5267
3 16 -6.6648 -8.0748 -6.1425 -7.422 -8.9326 -6.47 -7.3276 -8.0503 -5.1612
3 16 -7.3276 -8.0503 -5.1612 -7.422 -8.9326 -6.47 -8.0322 -8.9496 -5.5292
3 16 -7.422 -8.9326 -6.47 -6.6648 -8.0748 -6.1425 -6.7447 -8.9798 -7.2383
3 16 -6.7447 -8.9798 -7.2383 -6.6648 -8.0748 -6.1425 -5.5722 -8.2084 -7.1785
3 16 -8.4909 -10.0207 0 -8.4108 -8.9696 0 -8.638 -10.0156 -0.6878
3 16 -8.638 -10.0156 -0.6878 -8.4108 -8.9696 0 -8.5239 -8.9211 -0.7202
3 16 -8.4909 -10.0207 0 -8.638 -10.0156 -0.6878 -8.7234 -10.8719 0
3 16 -8.7234 -10.8719 0 -8.638 -10.0156 -0.6878 -8.8785 -10.8458 -0.6751
3 16 -10.2768 -10.8965 -2.8118 -9.5209 -10.7179 -1.7652 -9.9456 -9.9717 -2.8274
3 16 -9.9456 -9.9717 -2.8274 -9.5209 -10.7179 -1.7652 -9.2924 -9.9709 -1.7887
3 16 -9.5633 -11.6195 -0.683 -9.4689 -11.6506 0 -8.8785 -10.8458 -0.6751
3 16 -8.8785 -10.8458 -0.6751 -9.4689 -11.6506 0 -8.7234 -10.8719 0
3 16 -9.1754 -10.7743 -1.2516 -8.8785 -10.8458 -0.6751 -8.9171 -9.9723 -1.2458
3 16 -8.9171 -9.9723 -1.2458 -8.8785 -10.8458 -0.6751 -8.638 -10.0156 -0.6878
3 16 -9.9456 -9.9717 -2.8274 -9.2924 -9.9709 -1.7887 -9.4562 -9.0795 -2.5037
3 16 -9.4562 -9.0795 -2.5037 -9.2924 -9.9709 -1.7887 -9.111 -9.4974 -1.7124
3 16 -9.4562 -9.0795 -2.5037 -9.111 -9.4974 -1.7124 -8.8664 -8.339 -1.797
3 16 -8.8664 -8.339 -1.797 -9.111 -9.4974 -1.7124 -8.754 -9.0556 -1.26
3 16 -8.754 -9.0556 -1.26 -8.5239 -8.9211 -0.7202 -8.8664 -8.339 -1.797
3 16 -8.8664 -8.339 -1.797 -8.5239 -8.9211 -0.7202 -8.4692 -7.8058 -0.9761
3 16 -10.6544 -11.7956 -2.4052 -9.7786 -11.2031 -1.7114 -10.2768 -10.8965 -2.8118
3 16 -10.2768 -10.8965 -2.8118 -9.7786 -11.2031 -1.7114 -9.5209 -10.7179 -1.7652
3 16 -10.8147 -12.3401 -1.6591 -9.7908 -11.5644 -1.2555 -10.6544 -11.7956 -2.4052
3 16 -10.6544 -11.7956 -2.4052 -9.7908 -11.5644 -1.2555 -9.7786 -11.2031 -1.7114
3 16 -9.5633 -11.6195 -0.683 -9.7908 -11.5644 -1.2555 -10.8853 -12.5541 -0.8819
3 16 -10.8853 -12.5541 -0.8819 -9.7908 -11.5644 -1.2555 -10.8147 -12.3401 -1.6591
3 16 -9.5209 -10.7179 -1.7652 -9.1754 -10.7743 -1.2516 -9.2924 -9.9709 -1.7887
3 16 -9.2924 -9.9709 -1.7887 -9.1754 -10.7743 -1.2516 -8.9171 -9.9723 -1.2458
3 16 -8.8785 -10.8458 -0.6751 -9.1754 -10.7743 -1.2516 -9.5633 -11.6195 -0.683
3 16 -9.5633 -11.6195 -0.683 -9.1754 -10.7743 -1.2516 -9.7908 -11.5644 -1.2555
3 16 -8.5239 -8.9211 -0.7202 -8.754 -9.0556 -1.26 -8.638 -10.0156 -0.6878
3 16 -8.638 -10.0156 -0.6878 -8.754 -9.0556 -1.26 -8.9171 -9.9723 -1.2458
3 16 -8.754 -9.0556 -1.26 -9.111 -9.4974 -1.7124 -8.9171 -9.9723 -1.2458
3 16 -8.9171 -9.9723 -1.2458 -9.111 -9.4974 -1.7124 -9.2924 -9.9709 -1.7887
3 16 -9.5209 -10.7179 -1.7652 -9.7786 -11.2031 -1.7114 -9.1754 -10.7743 -1.2516
3 16 -9.1754 -10.7743 -1.2516 -9.7786 -11.2031 -1.7114 -9.7908 -11.5644 -1.2555
3 16 9.085 -12.0004 0 9.3826 -12.4109 0 9.0472 -11.791 -1.0754
3 16 9.0472 -11.791 -1.0754 9.3826 -12.4109 0 9.3798 -12.1947 -1.2715
3 16 9.0472 -11.791 -1.0754 9.3798 -12.1947 -1.2715 8.9411 -11.1701 -2.0881
3 16 8.9411 -11.1701 -2.0881 9.3798 -12.1947 -1.2715 9.2105 -11.4265 -2.4053
3 16 9.2105 -11.4265 -2.4053 8.9636 -10.4184 -3.0254 8.9411 -11.1701 -2.0881
3 16 8.9411 -11.1701 -2.0881 8.9636 -10.4184 -3.0254 8.7762 -10.2552 -2.6836
3 16 8.9636 -10.4184 -3.0254 8.7492 -9.2721 -3.2939 8.7762 -10.2552 -2.6836
3 16 8.7762 -10.2552 -2.6836 8.7492 -9.2721 -3.2939 8.5933 -9.23 -2.8942
3 16 9.0472 -11.791 -1.0754 8.7792 -10.6519 -0.6004 9.085 -12.0004 0
3 16 9.085 -12.0004 0 8.7792 -10.6519 -0.6004 8.7937 -10.7396 0
3 16 8.7792 -10.6519 -0.6004 9.0472 -11.791 -1.0754 8.7164 -10.3008 -1.1272
3 16 8.7164 -10.3008 -1.1272 9.0472 -11.791 -1.0754 8.9411 -11.1701 -2.0881
3 16 8.6127 -9.7172 -1.4986 8.7164 -10.3008 -1.1272 8.7762 -10.2552 -2.6836
3 16 8.7762 -10.2552 -2.6836 8.7164 -10.3008 -1.1272 8.9411 -11.1701 -2.0881
3 16 8.7762 -10.2552 -2.6836 8.5933 -9.23 -2.8942 8.6127 -9.7172 -1.4986
3 16 8.6127 -9.7172 -1.4986 8.5933 -9.23 -2.8942 8.5068 -9.1144 -1.6312
3 16 8.7164 -10.3008 -1.1272 8.4997 -9.1233 0 8.7792 -10.6519 -0.6004
3 16 8.4997 -9.1233 0 8.7937 -10.7396 0 8.7792 -10.6519 -0.6004
3 16 8.7164 -10.3008 -1.1272 8.6127 -9.7172 -1.4986 8.4997 -9.1233 0
3 16 8.5068 -9.1144 -1.6312 8.4997 -9.1233 0 8.6127 -9.7172 -1.4986
3 16 8.5068 -9.1144 -1.6312 8.3985 -8.5056 -1.4398 8.4997 -9.1233 0
3 16 8.3985 -8.5056 -1.4398 8.341 -8.191 -1.0509 8.4997 -9.1233 0
3 16 8.2902 -7.9168 0 8.4997 -9.1233 0 8.341 -8.191 -1.0509
3 16 -8.3484 -7.6334 0 -8.125 -7.25 0 -8.4692 -7.8058 -0.9761
3 16 -8.4692 -7.8058 -0.9761 -8.125 -7.25 0 -8.025 -7.25 -1.271
3 16 -8.025 -7.25 -1.271 -7.7273 -7.25 -2.5108 -8.8664 -8.339 -1.797
3 16 -8.8664 -8.339 -1.797 -7.7273 -7.25 -2.5108 -8.4624 -8.1299 -3.0637
3 16 -5.7452 -7.25 -5.7452 -6.6648 -8.0748 -6.1425 -6.5733 -7.25 -4.7758
3 16 -6.5733 -7.25 -4.7758 -6.6648 -8.0748 -6.1425 -7.3276 -8.0503 -5.1612
3 16 -5.5722 -8.2084 -7.1785 -4.7758 -7.25 -6.5733 -4.6113 -7.8152 -7.2498
3 16 -4.7758 -7.25 -6.5733 -3.6887 -7.25 -7.2394 -4.6113 -7.8152 -7.2498
3 16 -4.6113 -7.8152 -7.2498 -3.6887 -7.25 -7.2394 -3.8573 -7.6289 -7.4234
3 16 -6.5662 -12.4229 -8.7534 -4.8365 -11.4788 -8.4625 -5.6887 -12.7502 -9.1934
3 16 -5.6887 -12.7502 -9.1934 -4.8365 -11.4788 -8.4625 -4.3127 -11.4928 -8.623
3 16 -3.4331 -9.4502 -8.1592 -3.7112 -9.4729 -7.8904 -3.4649 -8.7714 -7.9409
3 16 -3.4649 -8.7714 -7.9409 -3.7112 -9.4729 -7.8904 -3.7642 -8.7454 -7.6734
3 16 -3.7112 -9.4729 -7.8904 -4.1034 -9.4574 -7.7678 -3.7642 -8.7454 -7.6734
3 16 -3.7642 -8.7454 -7.6734 -4.1034 -9.4574 -7.7678 -4.2244 -8.7529 -7.5575
3 16 -4.3127 -11.4928 -8.623 -3.9447 -10.851 -8.3969 -3.9049 -11.3691 -8.915
3 16 -3.9049 -11.3691 -8.915 -3.9447 -10.851 -8.3969 -3.6376 -10.8215 -8.7041
3 16 -3.9447 -10.851 -8.3969 -4.3127 -11.4928 -8.623 -4.3163 -10.8445 -8.248
3 16 -4.3163 -10.8445 -8.248 -4.3127 -11.4928 -8.623 -4.8365 -11.4788 -8.4625
3 16 -4.1034 -9.4574 -7.7678 -3.7112 -9.4729 -7.8904 -4.13 -10.1476 -7.9992
3 16 -4.13 -10.1476 -7.9992 -3.7112 -9.4729 -7.8904 -3.7602 -10.1687 -8.1303
3 16 -3.7112 -9.4729 -7.8904 -3.4331 -9.4502 -8.1592 -3.7602 -10.1687 -8.1303
3 16 -3.7602 -10.1687 -8.1303 -3.4331 -9.4502 -8.1592 -3.4656 -10.1356 -8.4195
3 16 -3.7602 -10.1687 -8.1303 -3.9447 -10.851 -8.3969 -4.13 -10.1476 -7.9992
3 16 -4.13 -10.1476 -7.9992 -3.9447 -10.851 -8.3969 -4.3163 -10.8445 -8.248
3 16 -3.6376 -10.8215 -8.7041 -3.9447 -10.851 -8.3969 -3.4656 -10.1356 -8.4195
3 16 -3.4656 -10.1356 -8.4195 -3.9447 -10.851 -8.3969 -3.7602 -10.1687 -8.1303
3 16 -3.4656 -10.1356 -8.4195 -3.1521 -10.0962 -9.0044 -3.6376 -10.8215 -8.7041
3 16 -3.6376 -10.8215 -8.7041 -3.1521 -10.0962 -9.0044 -3.3523 -10.8241 -9.2545
3 16 -3.4331 -9.4502 -8.1592 -3.1186 -9.4254 -8.7196 -3.4656 -10.1356 -8.4195
3 16 -3.4656 -10.1356 -8.4195 -3.1186 -9.4254 -8.7196 -3.1521 -10.0962 -9.0044
3 16 -5.5565 -10.1852 -7.8103 -5.6235 -10.7574 -8.0427 -7.4661 -10.1463 -7.5465
3 16 -7.4661 -10.1463 -7.5465 -5.6235 -10.7574 -8.0427 -7.4913 -11.0545 -7.9459
3 16 -5.3372 -9.4606 -7.5882 -5.5565 -10.1852 -7.8103 -6.7447 -8.9798 -7.2383
3 16 -6.7447 -8.9798 -7.2383 -5.5565 -10.1852 -7.8103 -7.4661 -10.1463 -7.5465
3 16 -4.13 -10.1476 -7.9992 -4.3163 -10.8445 -8.248 -5.5565 -10.1852 -7.8103
3 16 -5.5565 -10.1852 -7.8103 -4.3163 -10.8445 -8.248 -5.6235 -10.7574 -8.0427
3 16 -4.1034 -9.4574 -7.7678 -4.13 -10.1476 -7.9992 -5.3372 -9.4606 -7.5882
3 16 -5.3372 -9.4606 -7.5882 -4.13 -10.1476 -7.9992 -5.5565 -10.1852 -7.8103
3 16 -3.0966 -11.2064 -10.1831 -3.3523 -10.8241 -9.2545 -2.7158 -10.1957 -9.9842
3 16 -2.7158 -10.1957 -9.9842 -3.3523 -10.8241 -9.2545 -3.1521 -10.0962 -9.0044
3 16 -2.7158 -10.1957 -9.9842 -3.1521 -10.0962 -9.0044 -2.684 -9.2083 -9.4687
3 16 -2.684 -9.2083 -9.4687 -3.1521 -10.0962 -9.0044 -3.1186 -9.4254 -8.7196
3 16 -5.0027 -8.932 -7.5546 -5.3372 -9.4606 -7.5882 -5.5722 -8.2084 -7.1785
3 16 -5.5722 -8.2084 -7.1785 -5.3372 -9.4606 -7.5882 -6.7447 -8.9798 -7.2383
3 16 -5.6235 -10.7574 -8.0427 -5.624 -11.2813 -8.2904 -7.4913 -11.0545 -7.9459
3 16 -7.4913 -11.0545 -7.9459 -5.624 -11.2813 -8.2904 -7.1543 -11.871 -8.3691
3 16 -5.6887 -12.7502 -9.1934 -4.3127 -11.4928 -8.623 -4.6134 -12.5914 -9.7
3 16 -4.6134 -12.5914 -9.7 -4.3127 -11.4928 -8.623 -3.9049 -11.3691 -8.915
3 16 -7.1543 -11.871 -8.3691 -5.624 -11.2813 -8.2904 -6.5662 -12.4229 -8.7534
3 16 -6.5662 -12.4229 -8.7534 -5.624 -11.2813 -8.2904 -4.8365 -11.4788 -8.4625
3 16 -5.624 -11.2813 -8.2904 -5.6235 -10.7574 -8.0427 -4.8365 -11.4788 -8.4625
3 16 -4.8365 -11.4788 -8.4625 -5.6235 -10.7574 -8.0427 -4.3163 -10.8445 -8.248
3 16 -3.4649 -8.7714 -7.9409 -3.7642 -8.7454 -7.6734 -3.3641 -7.7473 -7.8145
3 16 -3.3641 -7.7473 -7.8145 -3.7642 -8.7454 -7.6734 -3.8573 -7.6289 -7.4234
3 16 -3.7642 -8.7454 -7.6734 -4.2244 -8.7529 -7.5575 -3.8573 -7.6289 -7.4234
3 16 -3.8573 -7.6289 -7.4234 -4.2244 -8.7529 -7.5575 -4.6113 -7.8152 -7.2498
3 16 -4.2244 -8.7529 -7.5575 -5.0027 -8.932 -7.5546 -4.6113 -7.8152 -7.2498
3 16 -4.6113 -7.8152 -7.2498 -5.0027 -8.932 -7.5546 -5.5722 -8.2084 -7.1785
3 16 -4.2244 -8.7529 -7.5575 -4.1034 -9.4574 -7.7678 -5.0027 -8.932 -7.5546
3 16 -5.0027 -8.932 -7.5546 -4.1034 -9.4574 -7.7678 -5.3372 -9.4606 -7.5882
3 16 -3.1186 -9.4254 -8.7196 -3.4331 -9.4502 -8.1592 -3.1959 -8.921 -8.3745
3 16 -3.1959 -8.921 -8.3745 -3.4331 -9.4502 -8.1592 -3.4649 -8.7714 -7.9409
3 16 -3.1959 -8.921 -8.3745 -3.4649 -8.7714 -7.9409 -2.9163 -8.3371 -8.6125
3 16 -2.9163 -8.3371 -8.6125 -3.4649 -8.7714 -7.9409 -3.3641 -7.7473 -7.8145
3 16 -2.684 -9.2083 -9.4687 -3.1186 -9.4254 -8.7196 -2.9163 -8.3371 -8.6125
3 16 -2.9163 -8.3371 -8.6125 -3.1186 -9.4254 -8.7196 -3.1959 -8.921 -8.3745
3 16 -4.6134 -12.5914 -9.7 -3.9049 -11.3691 -8.915 -3.7295 -12.0297 -10.0838
3 16 -3.7295 -12.0297 -10.0838 -3.9049 -11.3691 -8.915 -3.6672 -11.2597 -9.2151
3 16 -3.7295 -12.0297 -10.0838 -3.6672 -11.2597 -9.2151 -3.0966 -11.2064 -10.1831
3 16 -3.0966 -11.2064 -10.1831 -3.6672 -11.2597 -9.2151 -3.3523 -10.8241 -9.2545
3 16 -3.9049 -11.3691 -8.915 -3.6376 -10.8215 -8.7041 -3.6672 -11.2597 -9.2151
3 16 -3.6672 -11.2597 -9.2151 -3.6376 -10.8215 -8.7041 -3.3523 -10.8241 -9.2545
3 16 -1.4111 -8.9988 -9.6374 -1.4992 -10.1323 -10.2541 -2.684 -9.2083 -9.4687
3 16 -2.684 -9.2083 -9.4687 -1.4992 -10.1323 -10.2541 -2.7158 -10.1957 -9.9842
3 16 -1.4992 -10.1323 -10.2541 -1.7388 -11.484 -10.5404 -2.7158 -10.1957 -9.9842
3 16 -2.7158 -10.1957 -9.9842 -1.7388 -11.484 -10.5404 -3.0966 -11.2064 -10.1831
3 16 -3.8573 -7.6289 -7.4234 -3.6887 -7.25 -7.2394 -3.3641 -7.7473 -7.8145
3 16 -3.3641 -7.7473 -7.8145 -3.6887 -7.25 -7.2394 -2.5108 -7.25 -7.7273
3 16 -2.9163 -8.3371 -8.6125 -1.3403 -8.0917 -8.8704 -2.684 -9.2083 -9.4687
3 16 -2.684 -9.2083 -9.4687 -1.3403 -8.0917 -8.8704 -1.4111 -8.9988 -9.6374
3 16 -1.7388 -11.484 -10.5404 -1.4992 -10.1323 -10.2541 0.0114 -11.5847 -10.6151
3 16 0.0114 -11.5847 -10.6151 -1.4992 -10.1323 -10.2541 0.0063 -10.1511 -10.3203
3 16 -1.4992 -10.1323 -10.2541 -1.4111 -8.9988 -9.6374 0.0063 -10.1511 -10.3203
3 16 0.0063 -10.1511 -10.3203 -1.4111 -8.9988 -9.6374 -0.0079 -8.9868 -9.6933
3 16 -0.0075 -8.0535 -8.9007 -0.0079 -8.9868 -9.6933 -1.3403 -8.0917 -8.8704
3 16 -1.3403 -8.0917 -8.8704 -0.0079 -8.9868 -9.6933 -1.4111 -8.9988 -9.6374
3 16 -2.9163 -8.3371 -8.6125 -2.5108 -7.25 -7.7273 -1.3403 -8.0917 -8.8704
3 16 -1.3403 -8.0917 -8.8704 -2.5108 -7.25 -7.7273 -1.271 -7.25 -8.025
3 16 -1.3403 -8.0917 -8.8704 -1.271 -7.25 -8.025 -0.0075 -8.0535 -8.9007
3 16 -0.0075 -8.0535 -8.9007 -1.271 -7.25 -8.025 0 -7.25 -8.125
3 16 3.8793 -7.6007 -7.4041 3.3568 -7.7522 -7.8229 3.6887 -7.25 -7.2394
3 16 3.6887 -7.25 -7.2394 3.3568 -7.7522 -7.8229 2.5108 -7.25 -7.7273
3 16 -0.0079 -8.9868 -9.6933 -0.0075 -8.0535 -8.9007 1.3868 -8.9786 -9.6232
3 16 1.3868 -8.9786 -9.6232 -0.0075 -8.0535 -8.9007 1.3985 -8.0417 -8.8105
3 16 1.4642 -10.1393 -10.2583 0.0063 -10.1511 -10.3203 1.3868 -8.9786 -9.6232
3 16 1.3868 -8.9786 -9.6232 0.0063 -10.1511 -10.3203 -0.0079 -8.9868 -9.6933
3 16 1.7066 -11.489 -10.5357 0.0114 -11.5847 -10.6151 1.4642 -10.1393 -10.2583
3 16 1.4642 -10.1393 -10.2583 0.0114 -11.5847 -10.6151 0.0063 -10.1511 -10.3203
3 16 1.4642 -10.1393 -10.2583 2.6735 -10.1929 -10.0216 1.7066 -11.489 -10.5357
3 16 1.7066 -11.489 -10.5357 2.6735 -10.1929 -10.0216 3.0813 -11.2314 -10.2068
3 16 1.4642 -10.1393 -10.2583 1.3868 -8.9786 -9.6232 2.6735 -10.1929 -10.0216
3 16 2.6735 -10.1929 -10.0216 1.3868 -8.9786 -9.6232 2.6744 -9.0467 -9.3509
3 16 1.3868 -8.9786 -9.6232 1.3985 -8.0417 -8.8105 2.6744 -9.0467 -9.3509
3 16 2.6744 -9.0467 -9.3509 1.3985 -8.0417 -8.8105 2.9185 -8.1693 -8.4865
3 16 2.9185 -8.1693 -8.4865 2.5108 -7.25 -7.7273 3.3568 -7.7522 -7.8229
3 16 0 -7.25 -8.125 1.271 -7.25 -8.025 -0.0075 -8.0535 -8.9007
3 16 -0.0075 -8.0535 -8.9007 1.271 -7.25 -8.025 1.3985 -8.0417 -8.8105
3 16 -2.4097 -12.9069 -10.2799 -1.7388 -11.484 -10.5404 0.0482 -13.192 -10.3205
3 16 0.0482 -13.192 -10.3205 -1.7388 -11.484 -10.5404 0.0114 -11.5847 -10.6151
3 16 -1.7388 -11.484 -10.5404 -2.4097 -12.9069 -10.2799 -3.0966 -11.2064 -10.1831
3 16 -3.0966 -11.2064 -10.1831 -2.4097 -12.9069 -10.2799 -3.7295 -12.0297 -10.0838
3 16 0.0114 -11.5847 -10.6151 1.7066 -11.489 -10.5357 0.0482 -13.192 -10.3205
3 16 0.0482 -13.192 -10.3205 1.7066 -11.489 -10.5357 2.4642 -13.0093 -10.2693
3 16 1.7066 -11.489 -10.5357 3.0813 -11.2314 -10.2068 2.4642 -13.0093 -10.2693
3 16 2.4642 -13.0093 -10.2693 3.0813 -11.2314 -10.2068 3.7518 -12.1687 -10.1157
3 16 -1.6488 -15.9651 0 -1.6454 -15.9571 -1.5498 -0.0361 -15.979 0
3 16 -0.0361 -15.979 0 -1.6454 -15.9571 -1.5498 -0.0455 -15.9698 -1.5703
3 16 -1.6454 -15.9571 -1.5498 -1.6488 -15.9651 0 -3.1649 -15.9051 -1.5251
3 16 -3.1649 -15.9051 -1.5251 -1.6488 -15.9651 0 -3.1629 -15.9137 0
3 16 -10.4697 -13.6276 -1.1334 -10.5111 -13.7396 0 -10.8853 -12.5541 -0.8819
3 16 -10.8853 -12.5541 -0.8819 -10.5111 -13.7396 0 -10.9227 -12.6189 0
3 16 -5.8758 -15.6646 -1.4276 -5.8358 -15.7037 0 -7.0924 -15.3873 -1.3502
3 16 -7.0924 -15.3873 -1.3502 -5.8358 -15.7037 0 -7.0969 -15.4557 0
3 16 8.2225 -7.5592 -1.3125 8.025 -7.25 -1.271 8.2069 -7.4325 0
3 16 8.2069 -7.4325 0 8.025 -7.25 -1.271 8.125 -7.25 0
3 16 8.025 -7.25 -1.271 8.2225 -7.5592 -1.3125 7.7273 -7.25 -2.5108
3 16 7.7273 -7.25 -2.5108 8.2225 -7.5592 -1.3125 8.2885 -7.9007 -2.514
3 16 10.4011 -12.9674 0 10.3522 -12.7166 -1.451 9.3826 -12.4109 0
3 16 9.3826 -12.4109 0 10.3522 -12.7166 -1.451 9.3798 -12.1947 -1.2715
3 16 10.3522 -12.7166 -1.451 10.1624 -11.7546 -2.8235 9.3798 -12.1947 -1.2715
3 16 9.3798 -12.1947 -1.2715 10.1624 -11.7546 -2.8235 9.2105 -11.4265 -2.4053
3 16 10.1624 -11.7546 -2.8235 9.6387 -10.5162 -3.5971 9.2105 -11.4265 -2.4053
3 16 9.2105 -11.4265 -2.4053 9.6387 -10.5162 -3.5971 8.9636 -10.4184 -3.0254
3 16 9.6387 -10.5162 -3.5971 8.9996 -9.2866 -3.7097 8.9636 -10.4184 -3.0254
3 16 8.9636 -10.4184 -3.0254 8.9996 -9.2866 -3.7097 8.7492 -9.2721 -3.2939
3 16 8.7492 -9.2721 -3.2939 8.9996 -9.2866 -3.7097 8.5331 -8.4499 -3.3682
3 16 8.2885 -7.9007 -2.514 8.5933 -9.23 -2.8942 8.5331 -8.4499 -3.3682
3 16 8.5331 -8.4499 -3.3682 8.5933 -9.23 -2.8942 8.7492 -9.2721 -3.2939
3 16 8.3985 -8.5056 -1.4398 8.5068 -9.1144 -1.6312 8.2885 -7.9007 -2.514
3 16 8.2885 -7.9007 -2.514 8.5068 -9.1144 -1.6312 8.5933 -9.23 -2.8942
3 16 8.341 -8.191 -1.0509 8.3985 -8.5056 -1.4398 8.2225 -7.5592 -1.3125
3 16 8.2225 -7.5592 -1.3125 8.3985 -8.5056 -1.4398 8.2885 -7.9007 -2.514
3 16 8.2902 -7.9168 0 8.341 -8.191 -1.0509 8.2069 -7.4325 0
3 16 8.2069 -7.4325 0 8.341 -8.191 -1.0509 8.2225 -7.5592 -1.3125
3 16 -0.0455 -15.9698 -1.5703 1.5795 -15.948 -1.5884 -0.0361 -15.979 0
3 16 -0.0361 -15.979 0 1.5795 -15.948 -1.5884 1.5997 -15.9544 0
3 16 1.5795 -15.948 -1.5884 3.2423 -15.9007 -1.5798 1.5997 -15.9544 0
3 16 1.5997 -15.9544 0 3.2423 -15.9007 -1.5798 3.2552 -15.9103 0
3 16 3.6853 -9.234 -7.8296 3.7004 -10.2544 -8.2007 3.4079 -9.2373 -8.1324
3 16 3.4079 -9.2373 -8.1324 3.7004 -10.2544 -8.2007 3.4258 -10.214 -8.5142
3 16 3.7004 -10.2544 -8.2007 3.9361 -11.026 -8.505 3.4258 -10.214 -8.5142
3 16 3.4258 -10.214 -8.5142 3.9361 -11.026 -8.505 3.7073 -11.0321 -8.7844
3 16 3.7004 -10.2544 -8.2007 3.6853 -9.234 -7.8296 4.1004 -10.2511 -8.0436
3 16 4.1004 -10.2511 -8.0436 3.6853 -9.234 -7.8296 4.1389 -9.3015 -7.7169
3 16 3.7004 -10.2544 -8.2007 4.1004 -10.2511 -8.0436 3.9361 -11.026 -8.505
3 16 3.9361 -11.026 -8.505 4.1004 -10.2511 -8.0436 4.3193 -10.9984 -8.3159
3 16 4.7578 -12.0584 -8.97 4.2992 -11.9359 -9.2292 3.9361 -11.026 -8.505
3 16 3.9361 -11.026 -8.505 4.2992 -11.9359 -9.2292 3.7073 -11.0321 -8.7844
3 16 3.9361 -11.026 -8.505 4.3193 -10.9984 -8.3159 4.7578 -12.0584 -8.97
3 16 4.7578 -12.0584 -8.97 4.3193 -10.9984 -8.3159 5.3758 -11.9415 -8.6759
3 16 3.4206 -11.0981 -9.4722 3.0899 -10.1727 -9.1808 3.7073 -11.0321 -8.7844
3 16 3.7073 -11.0321 -8.7844 3.0899 -10.1727 -9.1808 3.4258 -10.214 -8.5142
3 16 3.0899 -10.1727 -9.1808 3.118 -9.1778 -8.6224 3.4258 -10.214 -8.5142
3 16 3.4258 -10.214 -8.5142 3.118 -9.1778 -8.6224 3.4079 -9.2373 -8.1324
3 16 4.7578 -12.0584 -8.97 5.3758 -11.9415 -8.6759 5.3116 -12.8047 -9.3784
3 16 5.3116 -12.8047 -9.3784 5.3758 -11.9415 -8.6759 6.2309 -12.5522 -8.9193
3 16 4.2992 -11.9359 -9.2292 4.7578 -12.0584 -8.97 4.4732 -12.5958 -9.7875
3 16 4.4732 -12.5958 -9.7875 4.7578 -12.0584 -8.97 5.3116 -12.8047 -9.3784
3 16 6.0585 -10.2434 -7.7829 4.1004 -10.2511 -8.0436 5.6582 -9.4241 -7.5412
3 16 5.6582 -9.4241 -7.5412 4.1004 -10.2511 -8.0436 4.1389 -9.3015 -7.7169
3 16 4.1004 -10.2511 -8.0436 6.0585 -10.2434 -7.7829 4.3193 -10.9984 -8.3159
3 16 4.3193 -10.9984 -8.3159 6.0585 -10.2434 -7.7829 6.2111 -10.9116 -8.0637
3 16 9.5916 -10.7045 -4.4495 8.8992 -9.3346 -4.5159 9.6387 -10.5162 -3.5971
3 16 9.6387 -10.5162 -3.5971 8.8992 -9.3346 -4.5159 8.9996 -9.2866 -3.7097
3 16 10.1477 -12.4979 -3.456 9.5916 -10.7045 -4.4495 10.1624 -11.7546 -2.8235
3 16 10.1624 -11.7546 -2.8235 9.5916 -10.7045 -4.4495 9.6387 -10.5162 -3.5971
3 16 7.3778 -11.2299 -8.0673 6.2111 -10.9116 -8.0637 7.5031 -10.3228 -7.616
3 16 7.5031 -10.3228 -7.616 6.2111 -10.9116 -8.0637 6.0585 -10.2434 -7.7829
3 16 7.5031 -10.3228 -7.616 6.0585 -10.2434 -7.7829 7.1219 -9.4701 -7.354
3 16 7.1219 -9.4701 -7.354 6.0585 -10.2434 -7.7829 5.6582 -9.4241 -7.5412
3 16 6.2111 -10.9116 -8.0637 5.9337 -11.4817 -8.3704 4.3193 -10.9984 -8.3159
3 16 5.3758 -11.9415 -8.6759 4.3193 -10.9984 -8.3159 5.9337 -11.4817 -8.3704
3 16 5.3758 -11.9415 -8.6759 5.9337 -11.4817 -8.3704 6.2309 -12.5522 -8.9193
3 16 6.2309 -12.5522 -8.9193 5.9337 -11.4817 -8.3704 6.9214 -12.0415 -8.5199
3 16 5.9337 -11.4817 -8.3704 6.2111 -10.9116 -8.0637 6.9214 -12.0415 -8.5199
3 16 6.9214 -12.0415 -8.5199 6.2111 -10.9116 -8.0637 7.3778 -11.2299 -8.0673
3 16 3.118 -9.1778 -8.6224 3.0899 -10.1727 -9.1808 2.6744 -9.0467 -9.3509
3 16 2.6744 -9.0467 -9.3509 3.0899 -10.1727 -9.1808 2.6735 -10.1929 -10.0216
3 16 3.0899 -10.1727 -9.1808 3.4206 -11.0981 -9.4722 2.6735 -10.1929 -10.0216
3 16 2.6735 -10.1929 -10.0216 3.4206 -11.0981 -9.4722 3.0813 -11.2314 -10.2068
3 16 3.9151 -11.7139 -9.5 4.2992 -11.9359 -9.2292 3.7518 -12.1687 -10.1157
3 16 3.7518 -12.1687 -10.1157 4.2992 -11.9359 -9.2292 4.4732 -12.5958 -9.7875
3 16 3.4206 -11.0981 -9.4722 3.7073 -11.0321 -8.7844 3.9151 -11.7139 -9.5
3 16 3.9151 -11.7139 -9.5 3.7073 -11.0321 -8.7844 4.2992 -11.9359 -9.2292
3 16 3.4206 -11.0981 -9.4722 3.9151 -11.7139 -9.5 3.0813 -11.2314 -10.2068
3 16 3.0813 -11.2314 -10.2068 3.9151 -11.7139 -9.5 3.7518 -12.1687 -10.1157
3 16 3.4079 -9.2373 -8.1324 3.4994 -8.442 -7.8336 3.6853 -9.234 -7.8296
3 16 3.6853 -9.234 -7.8296 3.4994 -8.442 -7.8336 3.8331 -8.3138 -7.5474
3 16 3.6853 -9.234 -7.8296 3.8331 -8.3138 -7.5474 4.1389 -9.3015 -7.7169
3 16 4.1389 -9.3015 -7.7169 3.8331 -8.3138 -7.5474 4.3068 -8.4251 -7.4626
3 16 4.6373 -7.751 -7.203 4.3068 -8.4251 -7.4626 3.8793 -7.6007 -7.4041
3 16 3.8793 -7.6007 -7.4041 4.3068 -8.4251 -7.4626 3.8331 -8.3138 -7.5474
3 16 3.8793 -7.6007 -7.4041 3.8331 -8.3138 -7.5474 3.3568 -7.7522 -7.8229
3 16 3.3568 -7.7522 -7.8229 3.8331 -8.3138 -7.5474 3.4994 -8.442 -7.8336
3 16 3.3568 -7.7522 -7.8229 3.4994 -8.442 -7.8336 2.9185 -8.1693 -8.4865
3 16 2.9185 -8.1693 -8.4865 3.4994 -8.442 -7.8336 3.2634 -8.598 -8.1843
3 16 3.2634 -8.598 -8.1843 3.118 -9.1778 -8.6224 2.9185 -8.1693 -8.4865
3 16 2.9185 -8.1693 -8.4865 3.118 -9.1778 -8.6224 2.6744 -9.0467 -9.3509
3 16 3.4994 -8.442 -7.8336 3.4079 -9.2373 -8.1324 3.2634 -8.598 -8.1843
3 16 3.2634 -8.598 -8.1843 3.4079 -9.2373 -8.1324 3.118 -9.1778 -8.6224
3 16 3.8793 -7.6007 -7.4041 3.6887 -7.25 -7.2394 4.6373 -7.751 -7.203
3 16 4.6373 -7.751 -7.203 3.6887 -7.25 -7.2394 4.7758 -7.25 -6.5733
3 16 7.1219 -9.4701 -7.354 5.6582 -9.4241 -7.5412 6.027 -8.4168 -7.142
3 16 6.027 -8.4168 -7.142 5.6582 -9.4241 -7.5412 5.1365 -8.7525 -7.4136
3 16 6.027 -8.4168 -7.142 5.1365 -8.7525 -7.4136 4.6373 -7.751 -7.203
3 16 4.6373 -7.751 -7.203 5.1365 -8.7525 -7.4136 4.3068 -8.4251 -7.4626
3 16 5.6582 -9.4241 -7.5412 4.1389 -9.3015 -7.7169 5.1365 -8.7525 -7.4136
3 16 5.1365 -8.7525 -7.4136 4.1389 -9.3015 -7.7169 4.3068 -8.4251 -7.4626
3 16 7.1219 -9.4701 -7.354 7.7752 -9.3514 -6.5024 7.5031 -10.3228 -7.616
3 16 7.5031 -10.3228 -7.616 7.7752 -9.3514 -6.5024 8.3095 -10.5829 -6.7386
3 16 7.5031 -10.3228 -7.616 8.3095 -10.5829 -6.7386 7.3778 -11.2299 -8.0673
3 16 7.3778 -11.2299 -8.0673 8.3095 -10.5829 -6.7386 8.2848 -12.1512 -6.9432
3 16 8.8992 -9.3346 -4.5159 8.1652 -8.3171 -4.1705 8.9996 -9.2866 -3.7097
3 16 8.9996 -9.2866 -3.7097 8.1652 -8.3171 -4.1705 8.5331 -8.4499 -3.3682
3 16 6.027 -8.4168 -7.142 6.8884 -8.2543 -6.1616 7.1219 -9.4701 -7.354
3 16 7.1219 -9.4701 -7.354 6.8884 -8.2543 -6.1616 7.7752 -9.3514 -6.5024
3 16 8.2885 -7.9007 -2.514 8.5331 -8.4499 -3.3682 7.7273 -7.25 -2.5108
3 16 7.7273 -7.25 -2.5108 8.5331 -8.4499 -3.3682 7.2394 -7.25 -3.6887
3 16 10.1477 -12.4979 -3.456 9.0612 -12.2861 -5.3361 9.5916 -10.7045 -4.4495
3 16 9.5916 -10.7045 -4.4495 9.0612 -12.2861 -5.3361 8.9924 -10.7 -5.5916
3 16 9.5916 -10.7045 -4.4495 8.9924 -10.7 -5.5916 8.8992 -9.3346 -4.5159
3 16 8.8992 -9.3346 -4.5159 8.9924 -10.7 -5.5916 8.3723 -9.3493 -5.4929
3 16 7.5318 -8.2493 -5.1943 8.1652 -8.3171 -4.1705 8.3723 -9.3493 -5.4929
3 16 8.3723 -9.3493 -5.4929 8.1652 -8.3171 -4.1705 8.8992 -9.3346 -4.5159
3 16 8.1652 -8.3171 -4.1705 7.5318 -8.2493 -5.1943 7.2394 -7.25 -3.6887
3 16 7.2394 -7.25 -3.6887 7.5318 -8.2493 -5.1943 6.5733 -7.25 -4.7758
3 16 4.6373 -7.751 -7.203 4.7758 -7.25 -6.5733 6.027 -8.4168 -7.142
3 16 10.4343 -13.6562 0 10.3898 -13.4008 -1.5522 10.4011 -12.9674 0
3 16 10.4011 -12.9674 0 10.3898 -13.4008 -1.5522 10.3522 -12.7166 -1.451
3 16 -6.5662 -12.4229 -8.7534 -6.8324 -13.1902 -8.3584 -7.1543 -11.871 -8.3691
3 16 -7.1543 -11.871 -8.3691 -6.8324 -13.1902 -8.3584 -7.7962 -12.5205 -7.4641
3 16 -5.5851 -13.5566 -9.0311 -6.8324 -13.1902 -8.3584 -5.6887 -12.7502 -9.1934
3 16 -5.6887 -12.7502 -9.1934 -6.8324 -13.1902 -8.3584 -6.5662 -12.4229 -8.7534
3 16 -4.1369 -13.4093 -9.7102 -5.5851 -13.5566 -9.0311 -4.6134 -12.5914 -9.7
3 16 -4.6134 -12.5914 -9.7 -5.5851 -13.5566 -9.0311 -5.6887 -12.7502 -9.1934
3 16 -2.4097 -12.9069 -10.2799 -4.1369 -13.4093 -9.7102 -3.7295 -12.0297 -10.0838
3 16 -3.7295 -12.0297 -10.0838 -4.1369 -13.4093 -9.7102 -4.6134 -12.5914 -9.7
3 16 4.4732 -12.5958 -9.7875 4.192 -13.386 -9.7095 3.7518 -12.1687 -10.1157
3 16 3.7518 -12.1687 -10.1157 4.192 -13.386 -9.7095 2.4642 -13.0093 -10.2693
3 16 5.2629 -13.4886 -9.2179 4.192 -13.386 -9.7095 5.3116 -12.8047 -9.3784
3 16 5.3116 -12.8047 -9.3784 4.192 -13.386 -9.7095 4.4732 -12.5958 -9.7875
3 16 6.2309 -12.5522 -8.9193 6.3792 -13.2461 -8.6754 5.3116 -12.8047 -9.3784
3 16 5.3116 -12.8047 -9.3784 6.3792 -13.2461 -8.6754 5.2629 -13.4886 -9.2179
3 16 7.3157 -12.7817 -8.0306 6.3792 -13.2461 -8.6754 6.9214 -12.0415 -8.5199
3 16 6.9214 -12.0415 -8.5199 6.3792 -13.2461 -8.6754 6.2309 -12.5522 -8.9193
3 16 8.2848 -12.1512 -6.9432 7.3157 -12.7817 -8.0306 7.3778 -11.2299 -8.0673
3 16 7.3778 -11.2299 -8.0673 7.3157 -12.7817 -8.0306 6.9214 -12.0415 -8.5199
3 16 10.3898 -13.4008 -1.5522 10.4343 -13.6562 0 9.356 -14.4365 -1.5889
3 16 9.356 -14.4365 -1.5889 10.4343 -13.6562 0 9.4519 -14.6053 0
3 16 10.3898 -13.4008 -1.5522 10.1477 -12.4979 -3.456 10.3522 -12.7166 -1.451
3 16 10.3522 -12.7166 -1.451 10.1477 -12.4979 -3.456 10.1624 -11.7546 -2.8235
3 16 7.5318 -8.2493 -5.1943 6.8884 -8.2543 -6.1616 6.5733 -7.25 -4.7758
3 16 6.5733 -7.25 -4.7758 6.8884 -8.2543 -6.1616 5.7452 -7.25 -5.7452
3 16 6.8884 -8.2543 -6.1616 7.5318 -8.2493 -5.1943 7.7752 -9.3514 -6.5024
3 16 7.7752 -9.3514 -6.5024 7.5318 -8.2493 -5.1943 8.3723 -9.3493 -5.4929
3 16 8.9924 -10.7 -5.5916 8.3095 -10.5829 -6.7386 8.3723 -9.3493 -5.4929
3 16 8.3723 -9.3493 -5.4929 8.3095 -10.5829 -6.7386 7.7752 -9.3514 -6.5024
3 16 9.0612 -12.2861 -5.3361 8.2848 -12.1512 -6.9432 8.9924 -10.7 -5.5916
3 16 8.9924 -10.7 -5.5916 8.2848 -12.1512 -6.9432 8.3095 -10.5829 -6.7386
3 16 -10.3492 -13.2879 -2.2845 -10.4697 -13.6276 -1.1334 -10.8147 -12.3401 -1.6591
3 16 -10.8147 -12.3401 -1.6591 -10.4697 -13.6276 -1.1334 -10.8853 -12.5541 -0.8819
3 16 -10.0227 -12.5526 -3.5388 -10.3492 -13.2879 -2.2845 -10.6544 -11.7956 -2.4052
3 16 -10.6544 -11.7956 -2.4052 -10.3492 -13.2879 -2.2845 -10.8147 -12.3401 -1.6591
3 16 2.4642 -13.0093 -10.2693 1.9736 -14.4595 -8.9954 0.0482 -13.192 -10.3205
3 16 0.0482 -13.192 -10.3205 1.9736 -14.4595 -8.9954 -0.0002 -14.4581 -9.0888
3 16 -2.4097 -12.9069 -10.2799 0.0482 -13.192 -10.3205 -1.9824 -14.448 -9.0197
3 16 -1.9824 -14.448 -9.0197 0.0482 -13.192 -10.3205 -0.0002 -14.4581 -9.0888
3 16 -1.6454 -15.9571 -1.5498 -1.6593 -15.907 -3.0806 -0.0455 -15.9698 -1.5703
3 16 -0.0455 -15.9698 -1.5703 -1.6593 -15.907 -3.0806 -0.0597 -15.9189 -3.1135
3 16 1.536 -15.8961 -3.1577 1.5795 -15.948 -1.5884 -0.0597 -15.9189 -3.1135
3 16 -0.0597 -15.9189 -3.1135 1.5795 -15.948 -1.5884 -0.0455 -15.9698 -1.5703
3 16 1.9736 -14.4595 -8.9954 1.7547 -15.1477 -7.5797 -0.0002 -14.4581 -9.0888
3 16 -0.0002 -14.4581 -9.0888 1.7547 -15.1477 -7.5797 -0.032 -15.1508 -7.6739
3 16 -1.9824 -14.448 -9.0197 -0.0002 -14.4581 -9.0888 -1.7935 -15.1516 -7.5637
3 16 -1.7935 -15.1516 -7.5637 -0.0002 -14.4581 -9.0888 -0.032 -15.1508 -7.6739
3 16 1.7547 -15.1477 -7.5797 1.6357 -15.52 -6.1193 -0.032 -15.1508 -7.6739
3 16 -0.032 -15.1508 -7.6739 1.6357 -15.52 -6.1193 -0.0551 -15.5461 -6.1495
3 16 -1.7339 -15.5393 -6.0942 -1.7935 -15.1516 -7.5637 -0.0551 -15.5461 -6.1495
3 16 -0.0551 -15.5461 -6.1495 -1.7935 -15.1516 -7.5637 -0.032 -15.1508 -7.6739
3 16 3.2423 -15.9007 -1.5798 1.5795 -15.948 -1.5884 3.2243 -15.842 -3.1516
3 16 3.2243 -15.842 -3.1516 1.5795 -15.948 -1.5884 1.536 -15.8961 -3.1577
3 16 10.1477 -12.4979 -3.456 10.3898 -13.4008 -1.5522 8.9692 -13.9796 -3.4443
3 16 8.9692 -13.9796 -3.4443 10.3898 -13.4008 -1.5522 9.356 -14.4365 -1.5889
3 16 1.9736 -14.4595 -8.9954 2.4642 -13.0093 -10.2693 3.6867 -14.5311 -8.679
3 16 3.6867 -14.5311 -8.679 2.4642 -13.0093 -10.2693 4.192 -13.386 -9.7095
3 16 1.7547 -15.1477 -7.5797 1.9736 -14.4595 -8.9954 3.4197 -15.1286 -7.3711
3 16 3.4197 -15.1286 -7.3711 1.9736 -14.4595 -8.9954 3.6867 -14.5311 -8.679
3 16 3.2423 -15.9007 -1.5798 4.883 -15.7905 -1.5776 3.2552 -15.9103 0
3 16 3.2552 -15.9103 0 4.883 -15.7905 -1.5776 4.9053 -15.8115 0
3 16 4.883 -15.7905 -1.5776 3.2423 -15.9007 -1.5798 4.8296 -15.7095 -3.1107
3 16 4.8296 -15.7095 -3.1107 3.2423 -15.9007 -1.5798 3.2243 -15.842 -3.1516
3 16 1.7547 -15.1477 -7.5797 3.4197 -15.1286 -7.3711 1.6357 -15.52 -6.1193
3 16 1.6357 -15.52 -6.1193 3.4197 -15.1286 -7.3711 3.2885 -15.4697 -6.0078
3 16 8.0039 -15.0646 -1.6161 9.356 -14.4365 -1.5889 8.1461 -15.1536 0
3 16 8.1461 -15.1536 0 9.356 -14.4365 -1.5889 9.4519 -14.6053 0
3 16 8.9692 -13.9796 -3.4443 9.356 -14.4365 -1.5889 7.7412 -14.8162 -3.227
3 16 7.7412 -14.8162 -3.227 9.356 -14.4365 -1.5889 8.0039 -15.0646 -1.6161
3 16 5.0876 -14.4652 -8.3126 3.6867 -14.5311 -8.679 5.2629 -13.4886 -9.2179
3 16 5.2629 -13.4886 -9.2179 3.6867 -14.5311 -8.679 4.192 -13.386 -9.7095
3 16 6.2578 -14.1542 -7.8119 5.0876 -14.4652 -8.3126 6.3792 -13.2461 -8.6754
3 16 6.3792 -13.2461 -8.6754 5.0876 -14.4652 -8.3126 5.2629 -13.4886 -9.2179
3 16 6.3792 -13.2461 -8.6754 7.3157 -12.7817 -8.0306 6.2578 -14.1542 -7.8119
3 16 6.2578 -14.1542 -7.8119 7.3157 -12.7817 -8.0306 7.1294 -13.7717 -7.1795
3 16 8.3505 -13.5994 -4.9164 9.0612 -12.2861 -5.3361 8.9692 -13.9796 -3.4443
3 16 8.9692 -13.9796 -3.4443 9.0612 -12.2861 -5.3361 10.1477 -12.4979 -3.456
3 16 8.2848 -12.1512 -6.9432 7.7442 -13.5254 -6.2265 7.3157 -12.7817 -8.0306
3 16 7.3157 -12.7817 -8.0306 7.7442 -13.5254 -6.2265 7.1294 -13.7717 -7.1795
3 16 8.2848 -12.1512 -6.9432 9.0612 -12.2861 -5.3361 7.7442 -13.5254 -6.2265
3 16 7.7442 -13.5254 -6.2265 9.0612 -12.2861 -5.3361 8.3505 -13.5994 -4.9164
3 16 3.4197 -15.1286 -7.3711 3.6867 -14.5311 -8.679 4.864 -14.9824 -7.1097
3 16 4.864 -14.9824 -7.1097 3.6867 -14.5311 -8.679 5.0876 -14.4652 -8.3126
3 16 4.883 -15.7905 -1.5776 6.4722 -15.5136 -1.5906 4.9053 -15.8115 0
3 16 4.9053 -15.8115 0 6.4722 -15.5136 -1.5906 6.5445 -15.5702 0
3 16 6.4722 -15.5136 -1.5906 4.883 -15.7905 -1.5776 6.3437 -15.3613 -3.1275
3 16 6.3437 -15.3613 -3.1275 4.883 -15.7905 -1.5776 4.8296 -15.7095 -3.1107
3 16 3.4197 -15.1286 -7.3711 4.864 -14.9824 -7.1097 3.2885 -15.4697 -6.0078
3 16 3.2885 -15.4697 -6.0078 4.864 -14.9824 -7.1097 4.7953 -15.3138 -5.8699
3 16 -1.6593 -15.907 -3.0806 -1.6929 -15.7767 -4.5972 -0.0597 -15.9189 -3.1135
3 16 -0.0597 -15.9189 -3.1135 -1.6929 -15.7767 -4.5972 -0.0618 -15.7887 -4.6341
3 16 1.5692 -15.7647 -4.6516 1.536 -15.8961 -3.1577 -0.0618 -15.7887 -4.6341
3 16 -0.0618 -15.7887 -4.6341 1.536 -15.8961 -3.1577 -0.0597 -15.9189 -3.1135
3 16 3.2243 -15.842 -3.1516 1.536 -15.8961 -3.1577 3.2216 -15.709 -4.6078
3 16 3.2216 -15.709 -4.6078 1.536 -15.8961 -3.1577 1.5692 -15.7647 -4.6516
3 16 4.8296 -15.7095 -3.1107 3.2243 -15.842 -3.1516 4.7766 -15.559 -4.5434
3 16 4.7766 -15.559 -4.5434 3.2243 -15.842 -3.1516 3.2216 -15.709 -4.6078
3 16 6.3437 -15.3613 -3.1275 4.8296 -15.7095 -3.1107 6.1955 -15.1795 -4.5352
3 16 6.1955 -15.1795 -4.5352 4.8296 -15.7095 -3.1107 4.7766 -15.559 -4.5434
3 16 8.3505 -13.5994 -4.9164 8.9692 -13.9796 -3.4443 7.403 -14.5355 -4.6366
3 16 7.403 -14.5355 -4.6366 8.9692 -13.9796 -3.4443 7.7412 -14.8162 -3.227
3 16 4.864 -14.9824 -7.1097 6.0439 -14.6383 -6.8189 4.7953 -15.3138 -5.8699
3 16 4.7953 -15.3138 -5.8699 6.0439 -14.6383 -6.8189 6.0803 -14.9254 -5.7605
3 16 6.0439 -14.6383 -6.8189 4.864 -14.9824 -7.1097 6.2578 -14.1542 -7.8119
3 16 6.2578 -14.1542 -7.8119 4.864 -14.9824 -7.1097 5.0876 -14.4652 -8.3126
3 16 7.1294 -13.7717 -7.1795 6.7741 -14.2633 -6.5862 6.2578 -14.1542 -7.8119
3 16 6.2578 -14.1542 -7.8119 6.7741 -14.2633 -6.5862 6.0439 -14.6383 -6.8189
3 16 6.1955 -15.1795 -4.5352 7.403 -14.5355 -4.6366 6.3437 -15.3613 -3.1275
3 16 6.3437 -15.3613 -3.1275 7.403 -14.5355 -4.6366 7.7412 -14.8162 -3.227
3 16 6.3437 -15.3613 -3.1275 7.7412 -14.8162 -3.227 6.4722 -15.5136 -1.5906
3 16 6.4722 -15.5136 -1.5906 7.7412 -14.8162 -3.227 8.0039 -15.0646 -1.6161
3 16 6.4722 -15.5136 -1.5906 8.0039 -15.0646 -1.6161 6.5445 -15.5702 0
3 16 6.5445 -15.5702 0 8.0039 -15.0646 -1.6161 8.1461 -15.1536 0
3 16 6.0439 -14.6383 -6.8189 6.7741 -14.2633 -6.5862 6.0803 -14.9254 -5.7605
3 16 6.0803 -14.9254 -5.7605 6.7741 -14.2633 -6.5862 7.0792 -14.3223 -5.7765
3 16 -1.6929 -15.7767 -4.5972 -1.7339 -15.5393 -6.0942 -0.0618 -15.7887 -4.6341
3 16 -0.0618 -15.7887 -4.6341 -1.7339 -15.5393 -6.0942 -0.0551 -15.5461 -6.1495
3 16 1.6357 -15.52 -6.1193 1.5692 -15.7647 -4.6516 -0.0551 -15.5461 -6.1495
3 16 -0.0551 -15.5461 -6.1495 1.5692 -15.7647 -4.6516 -0.0618 -15.7887 -4.6341
3 16 1.5692 -15.7647 -4.6516 1.6357 -15.52 -6.1193 3.2216 -15.709 -4.6078
3 16 3.2216 -15.709 -4.6078 1.6357 -15.52 -6.1193 3.2885 -15.4697 -6.0078
3 16 3.2885 -15.4697 -6.0078 4.7953 -15.3138 -5.8699 3.2216 -15.709 -4.6078
3 16 3.2216 -15.709 -4.6078 4.7953 -15.3138 -5.8699 4.7766 -15.559 -4.5434
3 16 6.1955 -15.1795 -4.5352 4.7766 -15.559 -4.5434 6.0803 -14.9254 -5.7605
3 16 6.0803 -14.9254 -5.7605 4.7766 -15.559 -4.5434 4.7953 -15.3138 -5.8699
3 16 7.403 -14.5355 -4.6366 6.1955 -15.1795 -4.5352 7.0792 -14.3223 -5.7765
3 16 7.0792 -14.3223 -5.7765 6.1955 -15.1795 -4.5352 6.0803 -14.9254 -5.7605
3 16 7.1294 -13.7717 -7.1795 7.7442 -13.5254 -6.2265 6.7741 -14.2633 -6.5862
3 16 6.7741 -14.2633 -6.5862 7.7442 -13.5254 -6.2265 7.0792 -14.3223 -5.7765
3 16 7.7442 -13.5254 -6.2265 8.3505 -13.5994 -4.9164 7.0792 -14.3223 -5.7765
3 16 7.0792 -14.3223 -5.7765 8.3505 -13.5994 -4.9164 7.403 -14.5355 -4.6366
3 16 -2.4097 -12.9069 -10.2799 -1.9824 -14.448 -9.0197 -4.1369 -13.4093 -9.7102
3 16 -4.1369 -13.4093 -9.7102 -1.9824 -14.448 -9.0197 -3.73 -14.5434 -8.6437
3 16 -4.1369 -13.4093 -9.7102 -3.73 -14.5434 -8.6437 -5.5851 -13.5566 -9.0311
3 16 -5.5851 -13.5566 -9.0311 -3.73 -14.5434 -8.6437 -5.2575 -14.5063 -8.1055
3 16 -6.8324 -13.1902 -8.3584 -5.5851 -13.5566 -9.0311 -6.51 -14.1581 -7.4353
3 16 -6.51 -14.1581 -7.4353 -5.5851 -13.5566 -9.0311 -5.2575 -14.5063 -8.1055
3 16 -9.342 -14.1518 -2.49 -10.3492 -13.2879 -2.2845 -9.0628 -13.7587 -3.6937
3 16 -9.0628 -13.7587 -3.6937 -10.3492 -13.2879 -2.2845 -10.0227 -12.5526 -3.5388
3 16 -9.4796 -14.4447 -1.2543 -9.5246 -14.5571 0 -10.4697 -13.6276 -1.1334
3 16 -10.4697 -13.6276 -1.1334 -9.5246 -14.5571 0 -10.5111 -13.7396 0
3 16 -10.4697 -13.6276 -1.1334 -10.3492 -13.2879 -2.2845 -9.4796 -14.4447 -1.2543
3 16 -9.4796 -14.4447 -1.2543 -10.3492 -13.2879 -2.2845 -9.342 -14.1518 -2.49
3 16 -5.8358 -15.7037 0 -5.8758 -15.6646 -1.4276 -4.5635 -15.839 0
3 16 -4.5635 -15.839 0 -5.8758 -15.6646 -1.4276 -4.5546 -15.8248 -1.4684
3 16 -1.6593 -15.907 -3.0806 -1.6454 -15.9571 -1.5498 -3.1844 -15.8517 -3.0226
3 16 -3.1844 -15.8517 -3.0226 -1.6454 -15.9571 -1.5498 -3.1649 -15.9051 -1.5251
3 16 -1.6929 -15.7767 -4.5972 -1.6593 -15.907 -3.0806 -3.2535 -15.7176 -4.509
3 16 -3.2535 -15.7176 -4.509 -1.6593 -15.907 -3.0806 -3.1844 -15.8517 -3.0226
3 16 -1.7339 -15.5393 -6.0942 -1.6929 -15.7767 -4.5972 -3.3246 -15.4828 -5.9281
3 16 -3.3246 -15.4828 -5.9281 -1.6929 -15.7767 -4.5972 -3.2535 -15.7176 -4.509
3 16 -1.7935 -15.1516 -7.5637 -1.7339 -15.5393 -6.0942 -3.4506 -15.1559 -7.2807
3 16 -3.4506 -15.1559 -7.2807 -1.7339 -15.5393 -6.0942 -3.3246 -15.4828 -5.9281
3 16 -4.7488 -15.3756 -5.6461 -4.9239 -15.0363 -6.8788 -3.3246 -15.4828 -5.9281
3 16 -3.3246 -15.4828 -5.9281 -4.9239 -15.0363 -6.8788 -3.4506 -15.1559 -7.2807
3 16 -4.6367 -15.6152 -4.2987 -4.7488 -15.3756 -5.6461 -3.2535 -15.7176 -4.509
3 16 -3.2535 -15.7176 -4.509 -4.7488 -15.3756 -5.6461 -3.3246 -15.4828 -5.9281
3 16 -4.5792 -15.7571 -2.903 -4.6367 -15.6152 -4.2987 -3.1844 -15.8517 -3.0226
3 16 -3.1844 -15.8517 -3.0226 -4.6367 -15.6152 -4.2987 -3.2535 -15.7176 -4.509
3 16 -4.5546 -15.8248 -1.4684 -4.5792 -15.7571 -2.903 -3.1649 -15.9051 -1.5251
3 16 -3.1649 -15.9051 -1.5251 -4.5792 -15.7571 -2.903 -3.1844 -15.8517 -3.0226
3 16 -4.5635 -15.839 0 -4.5546 -15.8248 -1.4684 -3.1629 -15.9137 0
3 16 -3.1629 -15.9137 0 -4.5546 -15.8248 -1.4684 -3.1649 -15.9051 -1.5251
3 16 -1.9824 -14.448 -9.0197 -1.7935 -15.1516 -7.5637 -3.73 -14.5434 -8.6437
3 16 -3.73 -14.5434 -8.6437 -1.7935 -15.1516 -7.5637 -3.4506 -15.1559 -7.2807
3 16 -4.9239 -15.0363 -6.8788 -5.2575 -14.5063 -8.1055 -3.4506 -15.1559 -7.2807
3 16 -3.4506 -15.1559 -7.2807 -5.2575 -14.5063 -8.1055 -3.73 -14.5434 -8.6437
3 16 -5.8758 -15.6646 -1.4276 -5.8776 -15.5604 -2.7817 -4.5546 -15.8248 -1.4684
3 16 -4.5546 -15.8248 -1.4684 -5.8776 -15.5604 -2.7817 -4.5792 -15.7571 -2.903
3 16 -7.0924 -15.3873 -1.3502 -7.0565 -15.2181 -2.6536 -5.8758 -15.6646 -1.4276
3 16 -5.8758 -15.6646 -1.4276 -7.0565 -15.2181 -2.6536 -5.8776 -15.5604 -2.7817
3 16 -4.6367 -15.6152 -4.2987 -4.5792 -15.7571 -2.903 -5.9004 -15.3779 -4.0759
3 16 -5.9004 -15.3779 -4.0759 -4.5792 -15.7571 -2.903 -5.8776 -15.5604 -2.7817
3 16 -5.9004 -15.3779 -4.0759 -5.8776 -15.5604 -2.7817 -7.0241 -14.9853 -3.8775
3 16 -7.0241 -14.9853 -3.8775 -5.8776 -15.5604 -2.7817 -7.0565 -15.2181 -2.6536
3 16 -4.7488 -15.3756 -5.6461 -4.6367 -15.6152 -4.2987 -5.9931 -15.0942 -5.3008
3 16 -5.9931 -15.0942 -5.3008 -4.6367 -15.6152 -4.2987 -5.9004 -15.3779 -4.0759
3 16 -4.9239 -15.0363 -6.8788 -4.7488 -15.3756 -5.6461 -6.155 -14.6865 -6.3924
3 16 -6.155 -14.6865 -6.3924 -4.7488 -15.3756 -5.6461 -5.9931 -15.0942 -5.3008
3 16 -5.2575 -14.5063 -8.1055 -4.9239 -15.0363 -6.8788 -6.51 -14.1581 -7.4353
3 16 -6.51 -14.1581 -7.4353 -4.9239 -15.0363 -6.8788 -6.155 -14.6865 -6.3924
3 16 -8.2104 -14.7602 -2.5606 -8.0462 -14.4635 -3.7419 -7.0565 -15.2181 -2.6536
3 16 -7.0565 -15.2181 -2.6536 -8.0462 -14.4635 -3.7419 -7.0241 -14.9853 -3.8775
3 16 -8.3048 -14.9843 -1.3016 -8.2104 -14.7602 -2.5606 -7.0924 -15.3873 -1.3502
3 16 -7.0924 -15.3873 -1.3502 -8.2104 -14.7602 -2.5606 -7.0565 -15.2181 -2.6536
3 16 -7.0924 -15.3873 -1.3502 -7.0969 -15.4557 0 -8.3048 -14.9843 -1.3016
3 16 -8.3048 -14.9843 -1.3016 -7.0969 -15.4557 0 -8.335 -15.0783 0
3 16 -5.9931 -15.0942 -5.3008 -5.9004 -15.3779 -4.0759 -7.0151 -14.6632 -4.9702
3 16 -7.0151 -14.6632 -4.9702 -5.9004 -15.3779 -4.0759 -7.0241 -14.9853 -3.8775
3 16 -6.5733 -7.25 -4.7758 -7.3276 -8.0503 -5.1612 -7.2394 -7.25 -3.6887
3 16 -7.2394 -7.25 -3.6887 -7.3276 -8.0503 -5.1612 -7.9336 -8.0778 -4.1208
3 16 -7.7273 -7.25 -2.5108 -7.2394 -7.25 -3.6887 -8.4624 -8.1299 -3.0637
3 16 -8.4624 -8.1299 -3.0637 -7.2394 -7.25 -3.6887 -7.9336 -8.0778 -4.1208
3 16 -8.5951 -8.9615 -4.5267 -9.1097 -8.9782 -3.5037 -7.9336 -8.0778 -4.1208
3 16 -7.9336 -8.0778 -4.1208 -9.1097 -8.9782 -3.5037 -8.4624 -8.1299 -3.0637
3 16 -9.1097 -8.9782 -3.5037 -8.5951 -8.9615 -4.5267 -9.623 -9.9811 -3.803
3 16 -9.623 -9.9811 -3.803 -8.5951 -8.9615 -4.5267 -9.1012 -9.9979 -4.842
3 16 -9.9774 -11.134 -3.8781 -9.623 -9.9811 -3.803 -9.3378 -11.1918 -4.9778
3 16 -9.3378 -11.1918 -4.9778 -9.623 -9.9811 -3.803 -9.1012 -9.9979 -4.842
3 16 -10.0227 -12.5526 -3.5388 -9.9774 -11.134 -3.8781 -9.1914 -12.4503 -4.9029
3 16 -9.1914 -12.4503 -4.9029 -9.9774 -11.134 -3.8781 -9.3378 -11.1918 -4.9778
3 16 -10.0227 -12.5526 -3.5388 -9.1914 -12.4503 -4.9029 -9.0628 -13.7587 -3.6937
3 16 -9.0628 -13.7587 -3.6937 -9.1914 -12.4503 -4.9029 -8.5678 -13.4825 -4.8006
3 16 -7.0151 -14.6632 -4.9702 -7.0241 -14.9853 -3.8775 -7.8439 -14.1707 -4.7637
3 16 -7.8439 -14.1707 -4.7637 -7.0241 -14.9853 -3.8775 -8.0462 -14.4635 -3.7419
3 16 -8.1461 -11.0985 -7.1552 -7.4913 -11.0545 -7.9459 -7.7962 -12.5205 -7.4641
3 16 -7.7962 -12.5205 -7.4641 -7.4913 -11.0545 -7.9459 -7.1543 -11.871 -8.3691
3 16 -8.7423 -11.1712 -6.0694 -8.1461 -11.0985 -7.1552 -8.5353 -12.4305 -6.0879
3 16 -8.5353 -12.4305 -6.0879 -8.1461 -11.0985 -7.1552 -7.7962 -12.5205 -7.4641
3 16 -8.5353 -12.4305 -6.0879 -9.1914 -12.4503 -4.9029 -8.7423 -11.1712 -6.0694
3 16 -8.7423 -11.1712 -6.0694 -9.1914 -12.4503 -4.9029 -9.3378 -11.1918 -4.9778
3 16 -8.3048 -14.9843 -1.3016 -8.335 -15.0783 0 -9.4796 -14.4447 -1.2543
3 16 -9.4796 -14.4447 -1.2543 -8.335 -15.0783 0 -9.5246 -14.5571 0
3 16 -9.4796 -14.4447 -1.2543 -9.342 -14.1518 -2.49 -8.3048 -14.9843 -1.3016
3 16 -8.3048 -14.9843 -1.3016 -9.342 -14.1518 -2.49 -8.2104 -14.7602 -2.5606
3 16 -8.0462 -14.4635 -3.7419 -8.2104 -14.7602 -2.5606 -9.0628 -13.7587 -3.6937
3 16 -9.0628 -13.7587 -3.6937 -8.2104 -14.7602 -2.5606 -9.342 -14.1518 -2.49
3 16 -7.8439 -14.1707 -4.7637 -8.0462 -14.4635 -3.7419 -8.5678 -13.4825 -4.8006
3 16 -8.5678 -13.4825 -4.8006 -8.0462 -14.4635 -3.7419 -9.0628 -13.7587 -3.6937
3 16 -7.0151 -14.6632 -4.9702 -7.0941 -14.2688 -5.8849 -5.9931 -15.0942 -5.3008
3 16 -5.9931 -15.0942 -5.3008 -7.0941 -14.2688 -5.8849 -6.155 -14.6865 -6.3924
3 16 -6.51 -14.1581 -7.4353 -6.155 -14.6865 -6.3924 -7.4334 -13.6641 -6.6611
3 16 -7.4334 -13.6641 -6.6611 -6.155 -14.6865 -6.3924 -7.0941 -14.2688 -5.8849
3 16 -7.0941 -14.2688 -5.8849 -7.0151 -14.6632 -4.9702 -7.6913 -13.9608 -5.476
3 16 -7.6913 -13.9608 -5.476 -7.0151 -14.6632 -4.9702 -7.8439 -14.1707 -4.7637
3 16 -7.8439 -14.1707 -4.7637 -8.5678 -13.4825 -4.8006 -7.6913 -13.9608 -5.476
3 16 -7.6913 -13.9608 -5.476 -8.5678 -13.4825 -4.8006 -8.0735 -13.4056 -5.7628
3 16 -9.1914 -12.4503 -4.9029 -8.5353 -12.4305 -6.0879 -8.5678 -13.4825 -4.8006
3 16 -8.5678 -13.4825 -4.8006 -8.5353 -12.4305 -6.0879 -8.0735 -13.4056 -5.7628
3 16 -8.0735 -13.4056 -5.7628 -7.4334 -13.6641 -6.6611 -7.6913 -13.9608 -5.476
3 16 -7.6913 -13.9608 -5.476 -7.4334 -13.6641 -6.6611 -7.0941 -14.2688 -5.8849
3 16 -7.7962 -12.5205 -7.4641 -7.4334 -13.6641 -6.6611 -8.5353 -12.4305 -6.0879
3 16 -8.5353 -12.4305 -6.0879 -7.4334 -13.6641 -6.6611 -8.0735 -13.4056 -5.7628
3 16 -7.7962 -12.5205 -7.4641 -6.8324 -13.1902 -8.3584 -7.4334 -13.6641 -6.6611
3 16 -7.4334 -13.6641 -6.6611 -6.8324 -13.1902 -8.3584 -6.51 -14.1581 -7.4353
3 16 -8.025 -7.25 -1.271 -8.125 -7.25 0 -8.025 0 -1.271
3 16 -8.025 0 -1.271 -8.125 -7.25 0 -8.125 0 0
3 16 -7.7273 -7.25 -2.5108 -8.025 -7.25 -1.271 -7.7273 0 -2.5108
3 16 -7.7273 0 -2.5108 -8.025 -7.25 -1.271 -8.025 0 -1.271
3 16 -7.2394 -7.25 -3.6887 -7.7273 -7.25 -2.5108 -7.2394 0 -3.6887
3 16 -7.2394 0 -3.6887 -7.7273 -7.25 -2.5108 -7.7273 0 -2.5108
3 16 -6.5733 -7.25 -4.7758 -7.2394 -7.25 -3.6887 -6.5733 0 -4.7758
3 16 -6.5733 0 -4.7758 -7.2394 -7.25 -3.6887 -7.2394 0 -3.6887
3 16 -5.7452 -7.25 -5.7452 -6.5733 -7.25 -4.7758 -5.7452 0 -5.7452
3 16 -5.7452 0 -5.7452 -6.5733 -7.25 -4.7758 -6.5733 0 -4.7758
3 16 -4.7758 -7.25 -6.5733 -5.7452 -7.25 -5.7452 -4.7758 0 -6.5733
3 16 -4.7758 0 -6.5733 -5.7452 -7.25 -5.7452 -5.7452 0 -5.7452
3 16 -3.6887 -7.25 -7.2394 -4.7758 -7.25 -6.5733 -3.6887 0 -7.2394
3 16 -3.6887 0 -7.2394 -4.7758 -7.25 -6.5733 -4.7758 0 -6.5733
3 16 -2.5108 -7.25 -7.7273 -3.6887 -7.25 -7.2394 -2.5108 0 -7.7273
3 16 -2.5108 0 -7.7273 -3.6887 -7.25 -7.2394 -3.6887 0 -7.2394
3 16 -1.271 -7.25 -8.025 -2.5108 -7.25 -7.7273 -1.271 0 -8.025
3 16 -1.271 0 -8.025 -2.5108 -7.25 -7.7273 -2.5108 0 -7.7273
3 16 0 -7.25 -8.125 -1.271 -7.25 -8.025 0 0 -8.125
3 16 0 0 -8.125 -1.271 -7.25 -8.025 -1.271 0 -8.025
3 16 1.271 -7.25 -8.025 0 -7.25 -8.125 1.271 0 -8.025
3 16 1.271 0 -8.025 0 -7.25 -8.125 0 0 -8.125
3 16 2.5108 -7.25 -7.7273 1.271 -7.25 -8.025 2.5108 0 -7.7273
3 16 2.5108 0 -7.7273 1.271 -7.25 -8.025 1.271 0 -8.025
3 16 3.6887 -7.25 -7.2394 2.5108 -7.25 -7.7273 3.6887 0 -7.2394
3 16 3.6887 0 -7.2394 2.5108 -7.25 -7.7273 2.5108 0 -7.7273
3 16 4.7758 -7.25 -6.5733 3.6887 -7.25 -7.2394 4.7758 0 -6.5733
3 16 4.7758 0 -6.5733 3.6887 -7.25 -7.2394 3.6887 0 -7.2394
3 16 5.7452 -7.25 -5.7452 4.7758 -7.25 -6.5733 5.7452 0 -5.7452
3 16 5.7452 0 -5.7452 4.7758 -7.25 -6.5733 4.7758 0 -6.5733
3 16 6.5733 -7.25 -4.7758 5.7452 -7.25 -5.7452 6.5733 0 -4.7758
3 16 6.5733 0 -4.7758 5.7452 -7.25 -5.7452 5.7452 0 -5.7452
3 16 7.2394 -7.25 -3.6887 6.5733 -7.25 -4.7758 7.2394 0 -3.6887
3 16 7.2394 0 -3.6887 6.5733 -7.25 -4.7758 6.5733 0 -4.7758
3 16 7.7273 -7.25 -2.5108 7.2394 -7.25 -3.6887 7.7273 0 -2.5108
3 16 7.7273 0 -2.5108 7.2394 -7.25 -3.6887 7.2394 0 -3.6887
3 16 8.025 -7.25 -1.271 7.7273 -7.25 -2.5108 8.025 0 -1.271
3 16 8.025 0 -1.271 7.7273 -7.25 -2.5108 7.7273 0 -2.5108
3 16 8.125 -7.25 0 8.025 -7.25 -1.271 8.125 0 0
3 16 8.125 0 0 8.025 -7.25 -1.271 8.025 0 -1.271
3 16 4.75 -7.5 0 4.75 -7.5 -1.1275 4.75 -12.4948 0
3 16 4.75 -12.4948 0 4.75 -7.5 -1.1275 4.75 -12.4948 -1.1275
3 16 8.025 -7.25 1.271 8.025 0 1.271 7.7273 -7.25 2.5108
3 16 7.7273 -7.25 2.5108 8.025 0 1.271 7.7273 0 2.5108
3 16 7.7273 0 2.5108 8.025 0 1.271 6.155 0 1.0853
3 16 6.155 0 1.0853 8.025 0 1.271 6.25 0 0
3 16 7.7273 -7.25 2.5108 7.7273 0 2.5108 7.2394 -7.25 3.6887
3 16 7.2394 -7.25 3.6887 7.7273 0 2.5108 7.2394 0 3.6887
3 16 7.2394 0 3.6887 7.7273 0 2.5108 5.8731 0 2.1376
3 16 5.8731 0 2.1376 7.7273 0 2.5108 6.155 0 1.0853
3 16 7.2394 -7.25 3.6887 7.2394 0 3.6887 6.5733 -7.25 4.7758
3 16 6.5733 -7.25 4.7758 7.2394 0 3.6887 6.5733 0 4.7758
3 16 6.5733 0 4.7758 7.2394 0 3.6887 5.4127 0 3.125
3 16 5.4127 0 3.125 7.2394 0 3.6887 5.8731 0 2.1376
3 16 6.5733 -7.25 4.7758 6.5733 0 4.7758 5.7452 -7.25 5.7452
3 16 5.7452 -7.25 5.7452 6.5733 0 4.7758 5.7452 0 5.7452
3 16 5.7452 0 5.7452 6.5733 0 4.7758 4.7878 0 4.0174
3 16 4.7878 0 4.0174 6.5733 0 4.7758 5.4127 0 3.125
3 16 5.7452 -7.25 5.7452 5.7452 0 5.7452 4.7758 -7.25 6.5733
3 16 4.7758 -7.25 6.5733 5.7452 0 5.7452 4.7758 0 6.5733
3 16 4.7758 0 6.5733 5.7452 0 5.7452 4.0174 0 4.7878
3 16 4.0174 0 4.7878 5.7452 0 5.7452 4.7878 0 4.0174
3 16 4.7758 -7.25 6.5733 4.7758 0 6.5733 3.6887 -7.25 7.2394
3 16 3.6887 -7.25 7.2394 4.7758 0 6.5733 3.6887 0 7.2394
3 16 3.6887 0 7.2394 4.7758 0 6.5733 3.125 0 5.4127
3 16 3.125 0 5.4127 4.7758 0 6.5733 4.0174 0 4.7878
3 16 3.6887 -7.25 7.2394 3.6887 0 7.2394 2.5108 -7.25 7.7273
3 16 2.5108 -7.25 7.7273 3.6887 0 7.2394 2.5108 0 7.7273
3 16 2.5108 0 7.7273 3.6887 0 7.2394 2.1376 0 5.8731
3 16 2.1376 0 5.8731 3.6887 0 7.2394 3.125 0 5.4127
3 16 2.5108 -7.25 7.7273 2.5108 0 7.7273 1.271 -7.25 8.025
3 16 1.271 -7.25 8.025 2.5108 0 7.7273 1.271 0 8.025
3 16 1.271 0 8.025 2.5108 0 7.7273 1.0853 0 6.155
3 16 1.0853 0 6.155 2.5108 0 7.7273 2.1376 0 5.8731
3 16 1.271 -7.25 8.025 1.271 0 8.025 0 -7.25 8.125
3 16 0 -7.25 8.125 1.271 0 8.025 0 0 8.125
3 16 0 0 8.125 1.271 0 8.025 0 0 6.25
3 16 0 0 6.25 1.271 0 8.025 1.0853 0 6.155
3 16 0 -7.25 8.125 0 0 8.125 -1.271 -7.25 8.025
3 16 -1.271 -7.25 8.025 0 0 8.125 -1.271 0 8.025
3 16 0 0 8.125 0 0 6.25 -1.271 0 8.025
3 16 -1.271 0 8.025 0 0 6.25 -1.1504 0 6.155
3 16 -1.271 -7.25 8.025 -1.271 0 8.025 -2.5108 -7.25 7.7273
3 16 -2.5108 -7.25 7.7273 -1.271 0 8.025 -2.5108 0 7.7273
3 16 -1.271 0 8.025 -1.1504 0 6.155 -2.5108 0 7.7273
3 16 -2.5108 0 7.7273 -1.1504 0 6.155 -2.1376 0 5.8731
3 16 -2.5108 -7.25 7.7273 -2.5108 0 7.7273 -3.6887 -7.25 7.2394
3 16 -3.6887 -7.25 7.2394 -2.5108 0 7.7273 -3.6887 0 7.2394
3 16 -2.5108 0 7.7273 -2.1376 0 5.8731 -3.6887 0 7.2394
3 16 -3.6887 0 7.2394 -2.1376 0 5.8731 -3.125 0 5.4127
3 16 -3.6887 -7.25 7.2394 -3.6887 0 7.2394 -4.7758 -7.25 6.5733
3 16 -4.7758 -7.25 6.5733 -3.6887 0 7.2394 -4.7758 0 6.5733
3 16 -3.6887 0 7.2394 -3.125 0 5.4127 -4.7758 0 6.5733
3 16 -4.7758 0 6.5733 -3.125 0 5.4127 -4.0174 0 4.7878
3 16 -4.7758 -7.25 6.5733 -4.7758 0 6.5733 -5.7452 -7.25 5.7452
3 16 -5.7452 -7.25 5.7452 -4.7758 0 6.5733 -5.7452 0 5.7452
3 16 -4.7758 0 6.5733 -4.0174 0 4.7878 -5.7452 0 5.7452
3 16 -5.7452 0 5.7452 -4.0174 0 4.7878 -4.7878 0 4.0174
3 16 -5.7452 -7.25 5.7452 -5.7452 0 5.7452 -6.5733 -7.25 4.7758
3 16 -6.5733 -7.25 4.7758 -5.7452 0 5.7452 -6.5733 0 4.7758
3 16 -5.7452 0 5.7452 -4.7878 0 4.0174 -6.5733 0 4.7758
3 16 -6.5733 0 4.7758 -4.7878 0 4.0174 -5.4127 0 3.125
3 16 -6.5733 -7.25 4.7758 -6.5733 0 4.7758 -7.2394 -7.25 3.6887
3 16 -7.2394 -7.25 3.6887 -6.5733 0 4.7758 -7.2394 0 3.6887
3 16 -6.5733 0 4.7758 -5.4127 0 3.125 -7.2394 0 3.6887
3 16 -7.2394 0 3.6887 -5.4127 0 3.125 -5.8731 0 2.1376
3 16 -7.2394 -7.25 3.6887 -7.2394 0 3.6887 -7.7273 -7.25 2.5108
3 16 -7.7273 -7.25 2.5108 -7.2394 0 3.6887 -7.7273 0 2.5108
3 16 -7.2394 0 3.6887 -5.8731 0 2.1376 -7.7273 0 2.5108
3 16 -7.7273 0 2.5108 -5.8731 0 2.1376 -6.155 0 1.0853
3 16 -7.7273 -7.25 2.5108 -7.7273 0 2.5108 -8.025 -7.25 1.271
3 16 -8.025 -7.25 1.271 -7.7273 0 2.5108 -8.025 0 1.271
3 16 -6.25 0 0 -8.025 0 1.271 -6.155 0 1.0853
3 16 -6.155 0 1.0853 -8.025 0 1.271 -7.7273 0 2.5108
3 16 -8.025 -7.25 1.271 -8.025 0 1.271 -8.125 -7.25 0
3 16 -8.125 -7.25 0 -8.025 0 1.271 -8.125 0 0
3 16 -8.125 0 0 -8.025 0 1.271 -6.25 0 0
3 16 -8.025 0 -1.271 -8.125 0 0 -6.25 0 0
3 16 8.025 0 1.271 8.125 0 0 6.25 0 0
3 16 8.125 -7.25 0 8.125 0 0 8.025 -7.25 1.271
3 16 8.025 -7.25 1.271 8.125 0 0 8.025 0 1.271
3 16 8.125 0 0 8.025 0 -1.271 6.25 0 0
3 16 6.25 0 0 8.025 0 -1.271 6.155 0 -1.0853
3 16 6.155 0 -1.0853 8.025 0 -1.271 7.7273 0 -2.5108
3 16 7.2394 0 -3.6887 5.8731 0 -2.1376 7.7273 0 -2.5108
3 16 7.7273 0 -2.5108 5.8731 0 -2.1376 6.155 0 -1.0853
3 16 6.5733 0 -4.7758 5.4127 0 -3.125 7.2394 0 -3.6887
3 16 7.2394 0 -3.6887 5.4127 0 -3.125 5.8731 0 -2.1376
3 16 5.7452 0 -5.7452 4.7878 0 -4.0174 6.5733 0 -4.7758
3 16 6.5733 0 -4.7758 4.7878 0 -4.0174 5.4127 0 -3.125
3 16 4.7758 0 -6.5733 4.0174 0 -4.7878 5.7452 0 -5.7452
3 16 5.7452 0 -5.7452 4.0174 0 -4.7878 4.7878 0 -4.0174
3 16 3.6887 0 -7.2394 3.125 0 -5.4127 4.7758 0 -6.5733
3 16 4.7758 0 -6.5733 3.125 0 -5.4127 4.0174 0 -4.7878
3 16 2.5108 0 -7.7273 2.1376 0 -5.8731 3.6887 0 -7.2394
3 16 3.6887 0 -7.2394 2.1376 0 -5.8731 3.125 0 -5.4127
3 16 1.271 0 -8.025 1.0853 0 -6.155 2.5108 0 -7.7273
3 16 2.5108 0 -7.7273 1.0853 0 -6.155 2.1376 0 -5.8731
3 16 0 0 -8.125 0 0 -6.25 1.271 0 -8.025
3 16 1.271 0 -8.025 0 0 -6.25 1.0853 0 -6.155
3 16 0 0 -8.125 -1.271 0 -8.025 0 0 -6.25
3 16 0 0 -6.25 -1.271 0 -8.025 -1.0853 0 -6.155
3 16 -1.271 0 -8.025 -2.5108 0 -7.7273 -1.0853 0 -6.155
3 16 -1.0853 0 -6.155 -2.5108 0 -7.7273 -2.1376 0 -5.8731
3 16 -2.5108 0 -7.7273 -3.6887 0 -7.2394 -2.1376 0 -5.8731
3 16 -2.1376 0 -5.8731 -3.6887 0 -7.2394 -3.125 0 -5.4127
3 16 -3.6887 0 -7.2394 -4.7758 0 -6.5733 -3.125 0 -5.4127
3 16 -3.125 0 -5.4127 -4.7758 0 -6.5733 -4.0174 0 -4.7878
3 16 -4.7758 0 -6.5733 -5.7452 0 -5.7452 -4.0174 0 -4.7878
3 16 -4.0174 0 -4.7878 -5.7452 0 -5.7452 -4.7878 0 -4.0174
3 16 -5.7452 0 -5.7452 -6.5733 0 -4.7758 -4.7878 0 -4.0174
3 16 -4.7878 0 -4.0174 -6.5733 0 -4.7758 -5.4127 0 -3.125
3 16 -6.5733 0 -4.7758 -7.2394 0 -3.6887 -5.4127 0 -3.125
3 16 -5.4127 0 -3.125 -7.2394 0 -3.6887 -5.8731 0 -2.1376
3 16 -7.2394 0 -3.6887 -7.7273 0 -2.5108 -5.8731 0 -2.1376
3 16 -5.8731 0 -2.1376 -7.7273 0 -2.5108 -6.155 0 -1.0853
3 16 -7.7273 0 -2.5108 -8.025 0 -1.271 -6.155 0 -1.0853
3 16 -6.155 0 -1.0853 -8.025 0 -1.271 -6.25 0 0
3 16 1.6238 3.75 0.9375 0.9375 3.75 1.6238 1.6238 -1.0495 0.9375
3 16 1.6238 -1.0495 0.9375 0.9375 3.75 1.6238 0.9375 -1.0495 1.6238
3 16 0.9375 3.75 1.6238 1.6238 3.75 0.9375 0 3.75 0
3 16 0.9375 -1.0495 1.6238 0.9375 3.75 1.6238 0 -1.0495 1.875
3 16 0 -1.0495 1.875 0.9375 3.75 1.6238 0 3.75 1.875
3 16 0 3.75 1.875 0.9375 3.75 1.6238 0 3.75 0
3 16 0 3.75 1.875 -0.9375 3.75 1.6238 0 -1.0495 1.875
3 16 0 -1.0495 1.875 -0.9375 3.75 1.6238 -0.9375 -1.0495 1.6238
3 16 -0.9375 3.75 1.6238 0 3.75 1.875 0 3.75 0
3 16 -0.9375 3.75 1.6238 -1.6238 3.75 0.9375 -0.9375 -1.0495 1.6238
3 16 -0.9375 -1.0495 1.6238 -1.6238 3.75 0.9375 -1.6238 -1.0495 0.9375
3 16 -1.6238 3.75 0.9375 -0.9375 3.75 1.6238 0 3.75 0
3 16 -1.6238 3.75 0.9375 -1.875 3.75 0 -1.6238 -1.0495 0.9375
3 16 -1.6238 -1.0495 0.9375 -1.875 3.75 0 -1.875 -1.0495 0
3 16 -1.875 3.75 0 -1.6238 3.75 0.9375 0 3.75 0
3 16 -1.875 3.75 0 -1.6238 3.75 -0.9375 -1.875 -1.0495 0
3 16 -1.875 -1.0495 0 -1.6238 3.75 -0.9375 -1.6238 -1.0495 -0.9375
3 16 -1.6238 3.75 -0.9375 -1.875 3.75 0 0 3.75 0
3 16 -1.6238 3.75 -0.9375 -0.9375 3.75 -1.6238 -1.6238 -1.0495 -0.9375
3 16 -1.6238 -1.0495 -0.9375 -0.9375 3.75 -1.6238 -0.9375 -1.0495 -1.6238
3 16 -0.9375 3.75 -1.6238 -1.6238 3.75 -0.9375 0 3.75 0
3 16 -0.9375 3.75 -1.6238 0 3.75 -1.875 -0.9375 -1.0495 -1.6238
3 16 -0.9375 -1.0495 -1.6238 0 3.75 -1.875 0 -1.0495 -1.875
3 16 0 3.75 -1.875 -0.9375 3.75 -1.6238 0 3.75 0
3 16 0 3.75 -1.875 0.9375 3.75 -1.6238 0 -1.0495 -1.875
3 16 0 -1.0495 -1.875 0.9375 3.75 -1.6238 0.9375 -1.0495 -1.6238
3 16 0.9375 3.75 -1.6238 0 3.75 -1.875 0 3.75 0
3 16 0.9375 3.75 -1.6238 1.6238 3.75 -0.9375 0.9375 -1.0495 -1.6238
3 16 0.9375 -1.0495 -1.6238 1.6238 3.75 -0.9375 1.6238 -1.0495 -0.9375
3 16 1.6238 3.75 -0.9375 0.9375 3.75 -1.6238 0 3.75 0
3 16 1.6238 3.75 -0.9375 1.875 3.75 0 1.6238 -1.0495 -0.9375
3 16 1.6238 -1.0495 -0.9375 1.875 3.75 0 1.875 -1.0495 0
3 16 1.875 3.75 0 1.6238 3.75 -0.9375 0 3.75 0
3 16 1.6238 3.75 0.9375 1.875 3.75 0 0 3.75 0
3 16 1.875 3.75 0 1.6238 3.75 0.9375 1.875 -1.0495 0
3 16 1.875 -1.0495 0 1.6238 3.75 0.9375 1.6238 -1.0495 0.9375
3 16 1.4932 -11.1045 2.5862 2.5862 -11.1045 1.4932 0.9375 -1.0495 1.6238
3 16 0.9375 -1.0495 1.6238 2.5862 -11.1045 1.4932 1.6238 -1.0495 0.9375
3 16 0 -11.1045 2.9863 1.4932 -11.1045 2.5862 0 -1.0495 1.875
3 16 0 -1.0495 1.875 1.4932 -11.1045 2.5862 0.9375 -1.0495 1.6238
3 16 -1.4932 -11.1045 2.5862 0 -11.1045 2.9863 -0.9375 -1.0495 1.6238
3 16 -0.9375 -1.0495 1.6238 0 -11.1045 2.9863 0 -1.0495 1.875
3 16 -2.5862 -11.1045 1.4932 -1.4932 -11.1045 2.5862 -1.6238 -1.0495 0.9375
3 16 -1.6238 -1.0495 0.9375 -1.4932 -11.1045 2.5862 -0.9375 -1.0495 1.6238
3 16 -2.9863 -11.1045 0 -2.5862 -11.1045 1.4932 -1.875 -1.0495 0
3 16 -1.875 -1.0495 0 -2.5862 -11.1045 1.4932 -1.6238 -1.0495 0.9375
3 16 -2.5862 -11.1045 -1.4932 -2.9863 -11.1045 0 -1.6238 -1.0495 -0.9375
3 16 -1.6238 -1.0495 -0.9375 -2.9863 -11.1045 0 -1.875 -1.0495 0
3 16 -1.4932 -11.1045 -2.5862 -2.5862 -11.1045 -1.4932 -0.9375 -1.0495 -1.6238
3 16 -0.9375 -1.0495 -1.6238 -2.5862 -11.1045 -1.4932 -1.6238 -1.0495 -0.9375
3 16 0 -11.1045 -2.9863 -1.4932 -11.1045 -2.5862 0 -1.0495 -1.875
3 16 0 -1.0495 -1.875 -1.4932 -11.1045 -2.5862 -0.9375 -1.0495 -1.6238
3 16 1.4932 -11.1045 -2.5862 0 -11.1045 -2.9863 0.9375 -1.0495 -1.6238
3 16 0.9375 -1.0495 -1.6238 0 -11.1045 -2.9863 0 -1.0495 -1.875
3 16 2.5862 -11.1045 -1.4932 1.4932 -11.1045 -2.5862 1.6238 -1.0495 -0.9375
3 16 1.6238 -1.0495 -0.9375 1.4932 -11.1045 -2.5862 0.9375 -1.0495 -1.6238
3 16 2.9863 -11.1045 0 2.5862 -11.1045 -1.4932 1.875 -1.0495 0
3 16 1.875 -1.0495 0 2.5862 -11.1045 -1.4932 1.6238 -1.0495 -0.9375
3 16 2.5862 -11.1045 1.4932 2.9863 -11.1045 0 1.6238 -1.0495 0.9375
3 16 1.6238 -1.0495 0.9375 2.9863 -11.1045 0 1.875 -1.0495 0
3 16 4.4562 -12.396 2.193 4.75 -12.4948 1.1275 3.4709 -12.396 2.0039
3 16 3.9755 -12.396 2.963 4.4562 -12.396 2.193 3.4709 -12.396 2.0039
3 16 3.9755 -12.396 2.963 3.4709 -12.396 2.0039 3.4006 -12.396 3.6079
3 16 3.4006 -12.396 3.6079 3.4709 -12.396 2.0039 2.0039 -12.396 3.4709
3 16 2.7224 -12.396 4.1432 3.4006 -12.396 3.6079 2.0039 -12.396 3.4709
3 16 1.9616 -12.396 4.5527 2.7224 -12.396 4.1432 2.0039 -12.396 3.4709
3 16 1.9616 -12.396 4.5527 2.0039 -12.396 3.4709 1.1413 -12.396 4.8238
3 16 1.1413 -12.396 4.8238 2.0039 -12.396 3.4709 0 -12.396 4.0078
3 16 0.2864 -12.396 4.9483 1.1413 -12.396 4.8238 0 -12.396 4.0078
3 16 -0.5772 -12.396 4.9225 0.2864 -12.396 4.9483 0 -12.396 4.0078
3 16 -0.5772 -12.396 4.9225 0 -12.396 4.0078 -1.4232 -12.396 4.7471
3 16 -1.4232 -12.396 4.7471 0 -12.396 4.0078 -2.0039 -12.396 3.4709
3 16 -2.2258 -12.396 4.4274 -1.4232 -12.396 4.7471 -2.0039 -12.396 3.4709
3 16 -2.9608 -12.396 3.9733 -2.2258 -12.396 4.4274 -2.0039 -12.396 3.4709
3 16 -2.9608 -12.396 3.9733 -2.0039 -12.396 3.4709 -3.6058 -12.396 3.3984
3 16 -3.6058 -12.396 3.3984 -2.0039 -12.396 3.4709 -3.4709 -12.396 2.0039
3 16 -4.1618 -12.396 2.6923 -3.6058 -12.396 3.3984 -3.4709 -12.396 2.0039
3 16 -4.5734 -12.396 1.8944 -4.1618 -12.396 2.6923 -3.4709 -12.396 2.0039
3 16 -4.5734 -12.396 1.8944 -3.4709 -12.396 2.0039 -4.839 -12.396 1.0005
3 16 -4.839 -12.396 1.0005 -3.4709 -12.396 2.0039 -4.0078 -12.396 0
3 16 -4.9461 -12.396 0 -4.839 -12.396 1.0005 -4.0078 -12.396 0
3 16 -4.9058 -12.396 -0.7209 -4.9461 -12.396 0 -4.0078 -12.396 0
3 16 -4.9058 -12.396 -0.7209 -4.0078 -12.396 0 -4.7306 -12.396 -1.4949
3 16 -4.7306 -12.396 -1.4949 -4.0078 -12.396 0 -3.4709 -12.396 -2.0039
3 16 -3.4709 -12.396 -2.0039 -4.4152 -12.396 -2.262 -4.7306 -12.396 -1.4949
3 16 -3.9711 -12.396 -2.963 -4.4152 -12.396 -2.262 -3.4709 -12.396 -2.0039
3 16 -3.9711 -12.396 -2.963 -3.4709 -12.396 -2.0039 -3.3963 -12.396 -3.6079
3 16 -3.3963 -12.396 -3.6079 -3.4709 -12.396 -2.0039 -2.0039 -12.396 -3.4709
3 16 -2.7181 -12.396 -4.1432 -3.3963 -12.396 -3.6079 -2.0039 -12.396 -3.4709
3 16 -1.9573 -12.396 -4.5527 -2.7181 -12.396 -4.1432 -2.0039 -12.396 -3.4709
3 16 -1.9573 -12.396 -4.5527 -2.0039 -12.396 -3.4709 -1.137 -12.396 -4.8238
3 16 -1.137 -12.396 -4.8238 -2.0039 -12.396 -3.4709 0 -12.396 -4.0078
3 16 -0.2821 -12.396 -4.9483 -1.137 -12.396 -4.8238 0 -12.396 -4.0078
3 16 0.5815 -12.396 -4.9225 -0.2821 -12.396 -4.9483 0 -12.396 -4.0078
3 16 0.5815 -12.396 -4.9225 0 -12.396 -4.0078 1.4275 -12.396 -4.7471
3 16 1.4275 -12.396 -4.7471 0 -12.396 -4.0078 2.0039 -12.396 -3.4709
3 16 2.2302 -12.396 -4.4274 1.4275 -12.396 -4.7471 2.0039 -12.396 -3.4709
3 16 2.9651 -12.396 -3.9733 2.2302 -12.396 -4.4274 2.0039 -12.396 -3.4709
3 16 2.9651 -12.396 -3.9733 2.0039 -12.396 -3.4709 3.6101 -12.396 -3.3984
3 16 3.6101 -12.396 -3.3984 2.0039 -12.396 -3.4709 3.4709 -12.396 -2.0039
3 16 4.2677 -12.396 -2.5191 3.6101 -12.396 -3.3984 3.4709 -12.396 -2.0039
3 16 4.75 -12.4948 -1.1275 4.2677 -12.396 -2.5191 3.4709 -12.396 -2.0039
3 16 4.75 -12.4948 0 4.75 -12.4948 -1.1275 4.0078 -12.396 0
3 16 4.0078 -12.396 0 4.75 -12.4948 -1.1275 3.4709 -12.396 -2.0039
3 16 4.75 -7.5 1.1275 5.8731 -7.5 2.1376 6.155 -7.5 1.0853
3 16 4.75 -7.5 -1.1275 4.75 -7.5 0 6.155 -7.5 -1.0853
3 16 6.155 -7.5 -1.0853 4.75 -7.5 0 6.25 -7.5 0
3 16 5.1929 -7.5 -1.8866 5.1929 -11.9642 -1.8866 4.75 -7.5 -1.1275
3 16 4.75 -7.5 -1.1275 5.1929 -11.9642 -1.8866 4.75 -12.4948 -1.1275
3 16 5.1929 -7.5 1.8866 4.75 -7.5 1.1275 5.1929 -11.9642 1.8866
3 16 5.1929 -11.9642 1.8866 4.75 -7.5 1.1275 4.75 -12.4948 1.1275
3 16 5.6359 -10.7593 2.6458 5.4127 -10.7593 3.125 5.6359 -7.5 2.6458
3 16 5.6359 -7.5 2.6458 5.4127 -10.7593 3.125 5.4127 0 3.125
3 16 2.1376 0 5.8731 3.125 0 5.4127 2.1376 -10.7593 5.8731
3 16 2.1376 -10.7593 5.8731 3.125 0 5.4127 3.125 -10.7593 5.4127
3 16 1.0853 0 6.155 2.1376 0 5.8731 1.0853 -10.7593 6.155
3 16 1.0853 -10.7593 6.155 2.1376 0 5.8731 2.1376 -10.7593 5.8731
3 16 0 0 6.25 1.0853 0 6.155 0 -10.7593 6.25
3 16 0 -10.7593 6.25 1.0853 0 6.155 1.0853 -10.7593 6.155
3 16 -1.1504 0 6.155 0 0 6.25 -1.1504 -10.7593 6.155
3 16 -1.1504 -10.7593 6.155 0 0 6.25 0 -10.7593 6.25
3 16 -2.1376 0 5.8731 -1.1504 0 6.155 -2.1376 -10.7593 5.8731
3 16 -2.1376 -10.7593 5.8731 -1.1504 0 6.155 -1.1504 -10.7593 6.155
3 16 -3.125 0 5.4127 -2.1376 0 5.8731 -3.125 -10.7593 5.4127
3 16 -3.125 -10.7593 5.4127 -2.1376 0 5.8731 -2.1376 -10.7593 5.8731
3 16 -5.8731 0 2.1376 -5.4127 0 3.125 -5.8731 -10.7593 2.1376
3 16 -5.8731 -10.7593 2.1376 -5.4127 0 3.125 -5.4127 -10.7593 3.125
3 16 -6.155 0 1.0853 -5.8731 0 2.1376 -6.155 -10.7593 1.0853
3 16 -6.155 -10.7593 1.0853 -5.8731 0 2.1376 -5.8731 -10.7593 2.1376
3 16 -6.25 0 0 -6.155 0 1.0853 -6.25 -10.7593 0
3 16 -6.25 -10.7593 0 -6.155 0 1.0853 -6.155 -10.7593 1.0853
3 16 -6.155 0 -1.0853 -6.25 0 0 -6.155 -10.7593 -1.0853
3 16 -6.155 -10.7593 -1.0853 -6.25 0 0 -6.25 -10.7593 0
3 16 -5.8731 0 -2.1376 -6.155 0 -1.0853 -5.8731 -10.7593 -2.1376
3 16 -5.8731 -10.7593 -2.1376 -6.155 0 -1.0853 -6.155 -10.7593 -1.0853
3 16 -5.4127 0 -3.125 -5.8731 0 -2.1376 -5.4127 -10.7593 -3.125
3 16 -5.4127 -10.7593 -3.125 -5.8731 0 -2.1376 -5.8731 -10.7593 -2.1376
3 16 -2.1376 0 -5.8731 -3.125 0 -5.4127 -2.1376 -10.7593 -5.8731
3 16 -2.1376 -10.7593 -5.8731 -3.125 0 -5.4127 -3.125 -10.7593 -5.4127
3 16 -1.0853 0 -6.155 -2.1376 0 -5.8731 -1.0853 -10.7593 -6.155
3 16 -1.0853 -10.7593 -6.155 -2.1376 0 -5.8731 -2.1376 -10.7593 -5.8731
3 16 0 0 -6.25 -1.0853 0 -6.155 0 -10.7593 -6.25
3 16 0 -10.7593 -6.25 -1.0853 0 -6.155 -1.0853 -10.7593 -6.155
3 16 1.0853 0 -6.155 0 0 -6.25 1.0853 -10.7593 -6.155
3 16 1.0853 -10.7593 -6.155 0 0 -6.25 0 -10.7593 -6.25
3 16 2.1376 0 -5.8731 1.0853 0 -6.155 2.1376 -10.7593 -5.8731
3 16 2.1376 -10.7593 -5.8731 1.0853 0 -6.155 1.0853 -10.7593 -6.155
3 16 3.125 0 -5.4127 2.1376 0 -5.8731 3.125 -10.7593 -5.4127
3 16 3.125 -10.7593 -5.4127 2.1376 0 -5.8731 2.1376 -10.7593 -5.8731
3 16 6.155 0 -1.0853 5.8731 0 -2.1376 6.155 -7.5 -1.0853
3 16 6.155 -7.5 -1.0853 5.8731 0 -2.1376 5.8731 -7.5 -2.1376
3 16 6.25 0 0 6.155 0 -1.0853 6.25 -7.5 0
3 16 6.25 -7.5 0 6.155 0 -1.0853 6.155 -7.5 -1.0853
3 16 6.155 -7.5 1.0853 6.155 0 1.0853 6.25 -7.5 0
3 16 6.25 -7.5 0 6.155 0 1.0853 6.25 0 0
3 16 4.7878 0 4.0174 5.4127 0 3.125 4.7878 -10.7593 4.0174
3 16 4.7878 -10.7593 4.0174 5.4127 0 3.125 5.4127 -10.7593 3.125
3 16 4.0174 0 4.7878 4.7878 0 4.0174 4.0174 -10.7593 4.7878
3 16 4.0174 -10.7593 4.7878 4.7878 0 4.0174 4.7878 -10.7593 4.0174
3 16 3.125 0 5.4127 4.0174 0 4.7878 3.125 -10.7593 5.4127
3 16 3.125 -10.7593 5.4127 4.0174 0 4.7878 4.0174 -10.7593 4.7878
3 16 -4.0174 0 4.7878 -3.125 0 5.4127 -4.0174 -10.7593 4.7878
3 16 -4.0174 -10.7593 4.7878 -3.125 0 5.4127 -3.125 -10.7593 5.4127
3 16 -4.7878 0 4.0174 -4.0174 0 4.7878 -4.7878 -10.7593 4.0174
3 16 -4.7878 -10.7593 4.0174 -4.0174 0 4.7878 -4.0174 -10.7593 4.7878
3 16 -5.4127 0 3.125 -4.7878 0 4.0174 -5.4127 -10.7593 3.125
3 16 -5.4127 -10.7593 3.125 -4.7878 0 4.0174 -4.7878 -10.7593 4.0174
3 16 -4.7878 0 -4.0174 -5.4127 0 -3.125 -4.7878 -10.7593 -4.0174
3 16 -4.7878 -10.7593 -4.0174 -5.4127 0 -3.125 -5.4127 -10.7593 -3.125
3 16 -4.0174 0 -4.7878 -4.7878 0 -4.0174 -4.0174 -10.7593 -4.7878
3 16 -4.0174 -10.7593 -4.7878 -4.7878 0 -4.0174 -4.7878 -10.7593 -4.0174
3 16 -3.125 0 -5.4127 -4.0174 0 -4.7878 -3.125 -10.7593 -5.4127
3 16 -3.125 -10.7593 -5.4127 -4.0174 0 -4.7878 -4.0174 -10.7593 -4.7878
3 16 4.0174 0 -4.7878 3.125 0 -5.4127 4.0174 -10.7593 -4.7878
3 16 4.0174 -10.7593 -4.7878 3.125 0 -5.4127 3.125 -10.7593 -5.4127
3 16 4.7878 0 -4.0174 4.0174 0 -4.7878 4.7878 -10.7593 -4.0174
3 16 4.7878 -10.7593 -4.0174 4.0174 0 -4.7878 4.0174 -10.7593 -4.7878
3 16 5.4127 0 -3.125 4.7878 0 -4.0174 5.4127 -10.7593 -3.125
3 16 5.4127 -10.7593 -3.125 4.7878 0 -4.0174 4.7878 -10.7593 -4.0174
3 16 4.75 -12.4948 -1.1275 5.1929 -11.9642 -1.8866 4.2677 -12.396 -2.5191
3 16 4.2677 -12.396 -2.5191 5.1929 -11.9642 -1.8866 5.0047 -11.9642 -2.918
3 16 4.75 -12.4948 1.1275 4.4562 -12.396 2.193 5.1929 -11.9642 1.8866
3 16 5.1929 -11.9642 1.8866 4.4562 -12.396 2.193 5.1021 -11.9642 2.7494
3 16 4.4562 -12.396 2.193 3.9755 -12.396 2.963 5.1021 -11.9642 2.7494
3 16 5.1021 -11.9642 2.7494 3.9755 -12.396 2.963 4.5305 -11.9642 3.6088
3 16 3.9755 -12.396 2.963 3.4006 -12.396 3.6079 4.5305 -11.9642 3.6088
3 16 4.5305 -11.9642 3.6088 3.4006 -12.396 3.6079 3.8351 -11.9642 4.3405
3 16 3.4006 -12.396 3.6079 2.7224 -12.396 4.1432 3.8351 -11.9642 4.3405
3 16 3.8351 -11.9642 4.3405 2.7224 -12.396 4.1432 3.0231 -11.9642 4.9403
3 16 2.7224 -12.396 4.1432 1.9616 -12.396 4.5527 3.0231 -11.9642 4.9403
3 16 3.0231 -11.9642 4.9403 1.9616 -12.396 4.5527 2.1193 -11.9642 5.39
3 16 1.9616 -12.396 4.5527 1.1413 -12.396 4.8238 2.1193 -11.9642 5.39
3 16 2.1193 -11.9642 5.39 1.1413 -12.396 4.8238 1.1512 -11.9642 5.676
3 16 1.1413 -12.396 4.8238 0.2864 -12.396 4.9483 1.1512 -11.9642 5.676
3 16 1.1512 -11.9642 5.676 0.2864 -12.396 4.9483 0.1481 -11.9642 5.7895
3 16 0.2864 -12.396 4.9483 -0.5772 -12.396 4.9225 0.1481 -11.9642 5.7895
3 16 0.1481 -11.9642 5.7895 -0.5772 -12.396 4.9225 -0.8932 -11.9642 5.727
3 16 -0.5772 -12.396 4.9225 -1.4232 -12.396 4.7471 -0.8932 -11.9642 5.727
3 16 -0.8932 -11.9642 5.727 -1.4232 -12.396 4.7471 -1.8409 -11.9642 5.4906
3 16 -1.4232 -12.396 4.7471 -2.2258 -12.396 4.4274 -1.8409 -11.9642 5.4906
3 16 -1.8409 -11.9642 5.4906 -2.2258 -12.396 4.4274 -2.7664 -11.9642 5.0873
3 16 -2.2258 -12.396 4.4274 -2.9608 -12.396 3.9733 -2.7664 -11.9642 5.0873
3 16 -2.7664 -11.9642 5.0873 -2.9608 -12.396 3.9733 -3.6077 -11.9642 4.5294
3 16 -2.9608 -12.396 3.9733 -3.6058 -12.396 3.3984 -3.6077 -11.9642 4.5294
3 16 -3.6077 -11.9642 4.5294 -3.6058 -12.396 3.3984 -4.3394 -11.9642 3.834
3 16 -3.6058 -12.396 3.3984 -4.1618 -12.396 2.6923 -4.3394 -11.9642 3.834
3 16 -4.3394 -11.9642 3.834 -4.1618 -12.396 2.6923 -4.9531 -11.9642 3.0085
3 16 -4.1618 -12.396 2.6923 -4.5734 -12.396 1.8944 -4.9531 -11.9642 3.0085
3 16 -4.9531 -11.9642 3.0085 -4.5734 -12.396 1.8944 -5.4039 -11.9642 2.085
3 16 -4.5734 -12.396 1.8944 -4.839 -12.396 1.0005 -5.4039 -11.9642 2.085
3 16 -5.4039 -11.9642 2.085 -4.839 -12.396 1.0005 -5.6863 -11.9642 1.0783
3 16 -4.839 -12.396 1.0005 -4.9461 -12.396 0 -5.6863 -11.9642 1.0783
3 16 -5.6863 -11.9642 1.0783 -4.9461 -12.396 0 -5.7883 -11.9642 0
3 16 -4.9461 -12.396 0 -4.9058 -12.396 -0.7209 -5.7883 -11.9642 0
3 16 -5.7883 -11.9642 0 -4.9058 -12.396 -0.7209 -5.7202 -11.9642 -0.9338
3 16 -4.9058 -12.396 -0.7209 -4.7306 -12.396 -1.4949 -5.7202 -11.9642 -0.9338
3 16 -5.7202 -11.9642 -0.9338 -4.7306 -12.396 -1.4949 -5.4846 -11.9642 -1.8785
3 16 -4.7306 -12.396 -1.4949 -4.4152 -12.396 -2.262 -5.4846 -11.9642 -1.8785
3 16 -5.4846 -11.9642 -1.8785 -4.4152 -12.396 -2.262 -5.0838 -11.9642 -2.7861
3 16 -4.4152 -12.396 -2.262 -3.9711 -12.396 -2.963 -5.0838 -11.9642 -2.7861
3 16 -5.0838 -11.9642 -2.7861 -3.9711 -12.396 -2.963 -4.5283 -11.9642 -3.6088
3 16 -3.9711 -12.396 -2.963 -3.3963 -12.396 -3.6079 -4.5283 -11.9642 -3.6088
3 16 -4.5283 -11.9642 -3.6088 -3.3963 -12.396 -3.6079 -3.8328 -11.9642 -4.3405
3 16 -3.3963 -12.396 -3.6079 -2.7181 -12.396 -4.1432 -3.8328 -11.9642 -4.3405
3 16 -3.8328 -11.9642 -4.3405 -2.7181 -12.396 -4.1432 -3.0209 -11.9642 -4.9403
3 16 -2.7181 -12.396 -4.1432 -1.9573 -12.396 -4.5527 -3.0209 -11.9642 -4.9403
3 16 -3.0209 -11.9642 -4.9403 -1.9573 -12.396 -4.5527 -2.1171 -11.9642 -5.3901
3 16 -1.9573 -12.396 -4.5527 -1.137 -12.396 -4.8238 -2.1171 -11.9642 -5.3901
3 16 -2.1171 -11.9642 -5.3901 -1.137 -12.396 -4.8238 -1.1489 -11.9642 -5.676
3 16 -1.137 -12.396 -4.8238 -0.2821 -12.396 -4.9483 -1.1489 -11.9642 -5.676
3 16 -1.1489 -11.9642 -5.676 -0.2821 -12.396 -4.9483 -0.1458 -11.9642 -5.7895
3 16 -0.2821 -12.396 -4.9483 0.5815 -12.396 -4.9225 -0.1458 -11.9642 -5.7895
3 16 -0.1458 -11.9642 -5.7895 0.5815 -12.396 -4.9225 0.8617 -11.9642 -5.727
3 16 0.5815 -12.396 -4.9225 1.4275 -12.396 -4.7471 0.8617 -11.9642 -5.727
3 16 0.8617 -11.9642 -5.727 1.4275 -12.396 -4.7471 1.8431 -11.9642 -5.4906
3 16 1.4275 -12.396 -4.7471 2.2302 -12.396 -4.4274 1.8431 -11.9642 -5.4906
3 16 1.8431 -11.9642 -5.4906 2.2302 -12.396 -4.4274 2.7686 -11.9642 -5.0873
3 16 2.2302 -12.396 -4.4274 2.9651 -12.396 -3.9733 2.7686 -11.9642 -5.0873
3 16 2.7686 -11.9642 -5.0873 2.9651 -12.396 -3.9733 3.6099 -11.9642 -4.5294
3 16 2.9651 -12.396 -3.9733 3.6101 -12.396 -3.3984 3.6099 -11.9642 -4.5294
3 16 3.6099 -11.9642 -4.5294 3.6101 -12.396 -3.3984 4.3416 -11.9642 -3.834
3 16 3.6101 -12.396 -3.3984 4.2677 -12.396 -2.5191 4.3416 -11.9642 -3.834
3 16 4.3416 -11.9642 -3.834 4.2677 -12.396 -2.5191 5.0047 -11.9642 -2.918
3 16 4.75 -7.5 1.1275 4.75 -7.5 0 4.75 -12.4948 1.1275
3 16 4.75 -12.4948 1.1275 4.75 -7.5 0 4.75 -12.4948 0
3 16 3.4709 -12.396 2.0039 4.75 -12.4948 1.1275 4.0078 -12.396 0
3 16 4.0078 -12.396 0 4.75 -12.4948 1.1275 4.75 -12.4948 0
3 16 4.75 -7.5 1.1275 6.155 -7.5 1.0853 4.75 -7.5 0
3 16 4.75 -7.5 0 6.155 -7.5 1.0853 6.25 -7.5 0
3 16 4.75 -7.5 -1.1275 5.8731 -7.5 -2.1376 5.1929 -7.5 -1.8866
3 16 5.1929 -7.5 -1.8866 5.8731 -7.5 -2.1376 5.6359 -7.5 -2.6458
3 16 3.4709 -12.396 2.0039 4.0078 -12.396 0 2.5862 -11.1045 1.4932
3 16 2.5862 -11.1045 1.4932 4.0078 -12.396 0 2.9863 -11.1045 0
3 16 4.0078 -12.396 0 3.4709 -12.396 -2.0039 2.9863 -11.1045 0
3 16 2.9863 -11.1045 0 3.4709 -12.396 -2.0039 2.5862 -11.1045 -1.4932
3 16 3.4709 -12.396 -2.0039 2.0039 -12.396 -3.4709 2.5862 -11.1045 -1.4932
3 16 2.5862 -11.1045 -1.4932 2.0039 -12.396 -3.4709 1.4932 -11.1045 -2.5862
3 16 2.0039 -12.396 -3.4709 0 -12.396 -4.0078 1.4932 -11.1045 -2.5862
3 16 1.4932 -11.1045 -2.5862 0 -12.396 -4.0078 0 -11.1045 -2.9863
3 16 0 -12.396 -4.0078 -2.0039 -12.396 -3.4709 0 -11.1045 -2.9863
3 16 0 -11.1045 -2.9863 -2.0039 -12.396 -3.4709 -1.4932 -11.1045 -2.5862
3 16 -2.0039 -12.396 -3.4709 -3.4709 -12.396 -2.0039 -1.4932 -11.1045 -2.5862
3 16 -1.4932 -11.1045 -2.5862 -3.4709 -12.396 -2.0039 -2.5862 -11.1045 -1.4932
3 16 -3.4709 -12.396 -2.0039 -4.0078 -12.396 0 -2.5862 -11.1045 -1.4932
3 16 -2.5862 -11.1045 -1.4932 -4.0078 -12.396 0 -2.9863 -11.1045 0
3 16 -4.0078 -12.396 0 -3.4709 -12.396 2.0039 -2.9863 -11.1045 0
3 16 -2.9863 -11.1045 0 -3.4709 -12.396 2.0039 -2.5862 -11.1045 1.4932
3 16 -3.4709 -12.396 2.0039 -2.0039 -12.396 3.4709 -2.5862 -11.1045 1.4932
3 16 -2.5862 -11.1045 1.4932 -2.0039 -12.396 3.4709 -1.4932 -11.1045 2.5862
3 16 -2.0039 -12.396 3.4709 0 -12.396 4.0078 -1.4932 -11.1045 2.5862
3 16 -1.4932 -11.1045 2.5862 0 -12.396 4.0078 0 -11.1045 2.9863
3 16 0 -12.396 4.0078 2.0039 -12.396 3.4709 0 -11.1045 2.9863
3 16 0 -11.1045 2.9863 2.0039 -12.396 3.4709 1.4932 -11.1045 2.5862
3 16 2.0039 -12.396 3.4709 3.4709 -12.396 2.0039 1.4932 -11.1045 2.5862
3 16 1.4932 -11.1045 2.5862 3.4709 -12.396 2.0039 2.5862 -11.1045 1.4932
3 16 5.8731 -7.5 -2.1376 5.8731 0 -2.1376 5.6359 -7.5 -2.6458
3 16 5.6359 -7.5 -2.6458 5.8731 0 -2.1376 5.4127 0 -3.125
3 16 5.8731 0 2.1376 6.155 0 1.0853 5.8731 -7.5 2.1376
3 16 5.8731 -7.5 2.1376 6.155 0 1.0853 6.155 -7.5 1.0853
3 16 4.75 -7.5 -1.1275 6.155 -7.5 -1.0853 5.8731 -7.5 -2.1376
3 16 4.75 -7.5 1.1275 5.1929 -7.5 1.8866 5.8731 -7.5 2.1376
3 16 5.8731 -7.5 2.1376 5.1929 -7.5 1.8866 5.6359 -7.5 2.6458
3 16 5.1929 -11.9642 -1.8866 5.1929 -7.5 -1.8866 5.6359 -10.7593 -2.6458
3 16 5.6359 -10.7593 -2.6458 5.1929 -7.5 -1.8866 5.6359 -7.5 -2.6458
3 16 5.1929 -11.9642 -1.8866 5.6359 -10.7593 -2.6458 5.0047 -11.9642 -2.918
3 16 5.0047 -11.9642 -2.918 5.6359 -10.7593 -2.6458 5.4127 -10.7593 -3.125
3 16 4.3416 -11.9642 -3.834 5.0047 -11.9642 -2.918 4.7878 -10.7593 -4.0174
3 16 4.7878 -10.7593 -4.0174 5.0047 -11.9642 -2.918 5.4127 -10.7593 -3.125
3 16 3.6099 -11.9642 -4.5294 4.3416 -11.9642 -3.834 4.0174 -10.7593 -4.7878
3 16 4.0174 -10.7593 -4.7878 4.3416 -11.9642 -3.834 4.7878 -10.7593 -4.0174
3 16 2.7686 -11.9642 -5.0873 3.6099 -11.9642 -4.5294 3.125 -10.7593 -5.4127
3 16 3.125 -10.7593 -5.4127 3.6099 -11.9642 -4.5294 4.0174 -10.7593 -4.7878
3 16 1.8431 -11.9642 -5.4906 2.7686 -11.9642 -5.0873 2.1376 -10.7593 -5.8731
3 16 2.1376 -10.7593 -5.8731 2.7686 -11.9642 -5.0873 3.125 -10.7593 -5.4127
3 16 0.8617 -11.9642 -5.727 1.8431 -11.9642 -5.4906 1.0853 -10.7593 -6.155
3 16 1.0853 -10.7593 -6.155 1.8431 -11.9642 -5.4906 2.1376 -10.7593 -5.8731
3 16 -0.1458 -11.9642 -5.7895 0.8617 -11.9642 -5.727 0 -10.7593 -6.25
3 16 0 -10.7593 -6.25 0.8617 -11.9642 -5.727 1.0853 -10.7593 -6.155
3 16 -1.1489 -11.9642 -5.676 -0.1458 -11.9642 -5.7895 -1.0853 -10.7593 -6.155
3 16 -1.0853 -10.7593 -6.155 -0.1458 -11.9642 -5.7895 0 -10.7593 -6.25
3 16 -2.1171 -11.9642 -5.3901 -1.1489 -11.9642 -5.676 -2.1376 -10.7593 -5.8731
3 16 -2.1376 -10.7593 -5.8731 -1.1489 -11.9642 -5.676 -1.0853 -10.7593 -6.155
3 16 -3.0209 -11.9642 -4.9403 -2.1171 -11.9642 -5.3901 -3.125 -10.7593 -5.4127
3 16 -3.125 -10.7593 -5.4127 -2.1171 -11.9642 -5.3901 -2.1376 -10.7593 -5.8731
3 16 -3.8328 -11.9642 -4.3405 -3.0209 -11.9642 -4.9403 -4.0174 -10.7593 -4.7878
3 16 -4.0174 -10.7593 -4.7878 -3.0209 -11.9642 -4.9403 -3.125 -10.7593 -5.4127
3 16 -4.5283 -11.9642 -3.6088 -3.8328 -11.9642 -4.3405 -4.7878 -10.7593 -4.0174
3 16 -4.7878 -10.7593 -4.0174 -3.8328 -11.9642 -4.3405 -4.0174 -10.7593 -4.7878
3 16 -5.0838 -11.9642 -2.7861 -4.5283 -11.9642 -3.6088 -5.4127 -10.7593 -3.125
3 16 -5.4127 -10.7593 -3.125 -4.5283 -11.9642 -3.6088 -4.7878 -10.7593 -4.0174
3 16 -5.4846 -11.9642 -1.8785 -5.0838 -11.9642 -2.7861 -5.8731 -10.7593 -2.1376
3 16 -5.8731 -10.7593 -2.1376 -5.0838 -11.9642 -2.7861 -5.4127 -10.7593 -3.125
3 16 -5.7202 -11.9642 -0.9338 -5.4846 -11.9642 -1.8785 -6.155 -10.7593 -1.0853
3 16 -6.155 -10.7593 -1.0853 -5.4846 -11.9642 -1.8785 -5.8731 -10.7593 -2.1376
3 16 -5.7883 -11.9642 0 -5.7202 -11.9642 -0.9338 -6.25 -10.7593 0
3 16 -6.25 -10.7593 0 -5.7202 -11.9642 -0.9338 -6.155 -10.7593 -1.0853
3 16 -5.6863 -11.9642 1.0783 -5.7883 -11.9642 0 -6.155 -10.7593 1.0853
3 16 -6.155 -10.7593 1.0853 -5.7883 -11.9642 0 -6.25 -10.7593 0
3 16 -5.4039 -11.9642 2.085 -5.6863 -11.9642 1.0783 -5.8731 -10.7593 2.1376
3 16 -5.8731 -10.7593 2.1376 -5.6863 -11.9642 1.0783 -6.155 -10.7593 1.0853
3 16 -4.9531 -11.9642 3.0085 -5.4039 -11.9642 2.085 -5.4127 -10.7593 3.125
3 16 -5.4127 -10.7593 3.125 -5.4039 -11.9642 2.085 -5.8731 -10.7593 2.1376
3 16 -4.3394 -11.9642 3.834 -4.9531 -11.9642 3.0085 -4.7878 -10.7593 4.0174
3 16 -4.7878 -10.7593 4.0174 -4.9531 -11.9642 3.0085 -5.4127 -10.7593 3.125
3 16 -3.6077 -11.9642 4.5294 -4.3394 -11.9642 3.834 -4.0174 -10.7593 4.7878
3 16 -4.0174 -10.7593 4.7878 -4.3394 -11.9642 3.834 -4.7878 -10.7593 4.0174
3 16 -2.7664 -11.9642 5.0873 -3.6077 -11.9642 4.5294 -3.125 -10.7593 5.4127
3 16 -3.125 -10.7593 5.4127 -3.6077 -11.9642 4.5294 -4.0174 -10.7593 4.7878
3 16 -1.8409 -11.9642 5.4906 -2.7664 -11.9642 5.0873 -2.1376 -10.7593 5.8731
3 16 -2.1376 -10.7593 5.8731 -2.7664 -11.9642 5.0873 -3.125 -10.7593 5.4127
3 16 -0.8932 -11.9642 5.727 -1.8409 -11.9642 5.4906 -1.1504 -10.7593 6.155
3 16 -1.1504 -10.7593 6.155 -1.8409 -11.9642 5.4906 -2.1376 -10.7593 5.8731
3 16 0.1481 -11.9642 5.7895 -0.8932 -11.9642 5.727 0 -10.7593 6.25
3 16 0 -10.7593 6.25 -0.8932 -11.9642 5.727 -1.1504 -10.7593 6.155
3 16 1.1512 -11.9642 5.676 0.1481 -11.9642 5.7895 1.0853 -10.7593 6.155
3 16 1.0853 -10.7593 6.155 0.1481 -11.9642 5.7895 0 -10.7593 6.25
3 16 2.1193 -11.9642 5.39 1.1512 -11.9642 5.676 2.1376 -10.7593 5.8731
3 16 2.1376 -10.7593 5.8731 1.1512 -11.9642 5.676 1.0853 -10.7593 6.155
3 16 3.0231 -11.9642 4.9403 2.1193 -11.9642 5.39 3.125 -10.7593 5.4127
3 16 3.125 -10.7593 5.4127 2.1193 -11.9642 5.39 2.1376 -10.7593 5.8731
3 16 3.8351 -11.9642 4.3405 3.0231 -11.9642 4.9403 4.0174 -10.7593 4.7878
3 16 4.0174 -10.7593 4.7878 3.0231 -11.9642 4.9403 3.125 -10.7593 5.4127
3 16 4.5305 -11.9642 3.6088 3.8351 -11.9642 4.3405 4.7878 -10.7593 4.0174
3 16 4.7878 -10.7593 4.0174 3.8351 -11.9642 4.3405 4.0174 -10.7593 4.7878
3 16 5.1021 -11.9642 2.7494 4.5305 -11.9642 3.6088 5.4127 -10.7593 3.125
3 16 5.4127 -10.7593 3.125 4.5305 -11.9642 3.6088 4.7878 -10.7593 4.0174
3 16 5.1929 -11.9642 1.8866 5.1021 -11.9642 2.7494 5.6359 -10.7593 2.6458
3 16 5.6359 -10.7593 2.6458 5.1021 -11.9642 2.7494 5.4127 -10.7593 3.125
3 16 5.6359 -7.5 2.6458 5.1929 -7.5 1.8866 5.6359 -10.7593 2.6458
3 16 5.6359 -10.7593 2.6458 5.1929 -7.5 1.8866 5.1929 -11.9642 1.8866
3 16 8.2885 -7.9007 2.514 7.7273 -7.25 2.5108 8.5331 -8.4499 3.3682
3 16 8.5331 -8.4499 3.3682 7.7273 -7.25 2.5108 7.2394 -7.25 3.6887
3 16 7.2394 -7.25 -3.6887 8.5331 -8.4499 -3.3682 8.1652 -8.3171 -4.1705
3 16 2.5108 -7.25 7.7273 2.9185 -8.1693 8.4865 3.3568 -7.7522 7.8229
3 16 1.271 -7.25 -8.025 2.5108 -7.25 -7.7273 1.3985 -8.0417 -8.8105
3 16 1.3985 -8.0417 -8.8105 2.5108 -7.25 -7.7273 2.9185 -8.1693 -8.4865
3 16 4.7758 -7.25 6.5733 4.6373 -7.751 7.203 6.027 -8.4168 7.142
3 16 4.7758 -7.25 -6.5733 5.7452 -7.25 -5.7452 6.027 -8.4168 -7.142
3 16 6.027 -8.4168 -7.142 5.7452 -7.25 -5.7452 6.8884 -8.2543 -6.1616
3 16 -1.271 -7.25 8.025 -2.5108 -7.25 7.7273 -1.3403 -8.0917 8.8704
3 16 -1.3403 -8.0917 8.8704 -2.5108 -7.25 7.7273 -2.9163 -8.3371 8.6125
3 16 -2.5108 -7.25 -7.7273 -2.9163 -8.3371 -8.6125 -3.3641 -7.7473 -7.8145
3 16 -4.7758 -7.25 6.5733 -5.5722 -8.2084 7.1785 -4.6113 -7.8152 7.2498
3 16 -6.6648 -8.0748 -6.1425 -5.7452 -7.25 -5.7452 -5.5722 -8.2084 -7.1785
3 16 -5.5722 -8.2084 -7.1785 -5.7452 -7.25 -5.7452 -4.7758 -7.25 -6.5733
3 16 -8.025 -7.25 1.271 -8.8664 -8.339 1.7971 -7.7273 -7.25 2.5108
3 16 -7.7273 -7.25 2.5108 -8.8664 -8.339 1.7971 -8.4624 -8.1299 3.0637
3 16 -8.4692 -7.8058 -0.9761 -8.025 -7.25 -1.271 -8.8664 -8.339 -1.797
3 16 5.4127 0 -3.125 5.4127 -10.7593 -3.125 5.6359 -7.5 -2.6458
3 16 5.6359 -7.5 -2.6458 5.4127 -10.7593 -3.125 5.6359 -10.7593 -2.6458
3 16 5.4127 0 3.125 5.8731 0 2.1376 5.6359 -7.5 2.6458
3 16 5.6359 -7.5 2.6458 5.8731 0 2.1376 5.8731 -7.5 2.1376
2 24 -4.6113 -7.8152 7.2498 -3.8573 -7.6289 7.4234
2 24 -3.8573 -7.6289 7.4234 -3.3641 -7.7473 7.8145
2 24 -3.8573 -7.6289 7.4234 -4.6113 -7.8152 7.2498
2 24 -3.6887 -7.25 7.2394 -4.7758 -7.25 6.5733
2 24 -3.8573 -7.6289 7.4234 -3.3641 -7.7473 7.8145
2 24 -3.6887 -7.25 7.2394 -2.5108 -7.25 7.7273
2 24 -3.0966 -11.2064 10.1831 -2.7158 -10.1957 9.9842
2 24 -2.7158 -10.1957 9.9842 -2.684 -9.2083 9.4687
2 24 -2.684 -9.2083 9.4687 -2.9163 -8.3371 8.6125
2 24 -3.0966 -11.2064 10.1831 -3.7295 -12.0297 10.0838
2 24 -3.7295 -12.0297 10.0838 -4.6134 -12.5914 9.7
2 24 -7.1543 -11.871 8.3691 -7.4913 -11.0545 7.9459
2 24 -4.7758 -7.25 6.5733 -5.7452 -7.25 5.7452
2 24 -5.5722 -8.2084 7.1785 -6.7447 -8.9798 7.2383
2 24 -6.7447 -8.9798 7.2383 -7.4661 -10.1463 7.5465
2 24 -7.4913 -11.0545 7.9459 -7.4661 -10.1463 7.5465
2 24 -8.4692 -7.8058 0.9762 -8.3484 -7.6334 0
2 24 -10.8853 -12.5541 0.8819 -10.9227 -12.6189 0
2 24 -9.9456 -9.9717 2.8274 -9.4562 -9.0795 2.5037
2 24 -9.9456 -9.9717 2.8274 -10.2768 -10.8965 2.8118
2 24 -10.2768 -10.8965 2.8118 -10.6544 -11.7956 2.4053
2 24 -10.6544 -11.7956 2.4053 -10.8147 -12.3401 1.6591
2 24 -10.8147 -12.3401 1.6591 -10.6544 -11.7956 2.4053
2 24 -10.6544 -11.7956 2.4053 -10.2768 -10.8965 2.8118
2 24 -10.2768 -10.8965 2.8118 -9.9456 -9.9717 2.8274
2 24 -9.9456 -9.9717 2.8274 -9.4562 -9.0795 2.5037
2 24 -10.8853 -12.5541 0.8819 -10.8147 -12.3401 1.6591
2 24 -10.8147 -12.3401 1.6591 -10.8853 -12.5541 0.8819
2 24 -10.8853 -12.5541 0.8819 -10.9227 -12.6189 0
2 24 -8.4692 -7.8058 0.9762 -8.8664 -8.339 1.7971
2 24 -8.3484 -7.6334 0 -8.4692 -7.8058 0.9762
2 24 -8.125 -7.25 0 -8.025 -7.25 1.271
2 24 -8.4692 -7.8058 0.9762 -8.8664 -8.339 1.7971
2 24 -9.4562 -9.0795 2.5037 -8.8664 -8.339 1.7971
2 24 -9.4562 -9.0795 2.5037 -8.8664 -8.339 1.7971
2 24 -7.1543 -11.871 8.3691 -7.4913 -11.0545 7.9459
2 24 -7.4913 -11.0545 7.9459 -7.4661 -10.1463 7.5465
2 24 -7.4661 -10.1463 7.5465 -6.7447 -8.9798 7.2383
2 24 -6.7447 -8.9798 7.2383 -5.5722 -8.2084 7.1785
2 24 -4.6113 -7.8152 7.2498 -5.5722 -8.2084 7.1785
2 24 -2.684 -9.2083 9.4687 -2.9163 -8.3371 8.6125
2 24 -2.684 -9.2083 9.4687 -2.7158 -10.1957 9.9842
2 24 -2.7158 -10.1957 9.9842 -3.0966 -11.2064 10.1831
2 24 -3.0966 -11.2064 10.1831 -3.7295 -12.0297 10.0838
2 24 -3.7295 -12.0297 10.0838 -4.6134 -12.5914 9.7
2 24 -4.6134 -12.5914 9.7 -5.6887 -12.7502 9.1934
2 24 -4.6134 -12.5914 9.7 -5.6887 -12.7502 9.1934
2 24 -3.3641 -7.7473 7.8145 -2.9163 -8.3371 8.6125
2 24 -7.2394 -7.25 3.6887 -6.5733 -7.25 4.7758
2 24 -5.7452 -7.25 5.7452 -6.5733 -7.25 4.7758
2 24 9.6387 -10.5162 3.5971 10.1624 -11.7546 2.8235
2 24 10.1624 -11.7546 2.8235 10.3522 -12.7166 1.451
2 24 10.3522 -12.7166 1.451 10.4011 -12.9674 0
2 24 8.2885 -7.9007 2.514 8.5331 -8.4499 3.3682
2 24 8.2885 -7.9007 2.514 8.2225 -7.5592 1.3125
2 24 8.2225 -7.5592 1.3125 8.2069 -7.4325 0
2 24 8.5331 -8.4499 3.3682 8.9996 -9.2866 3.7097
2 24 8.2225 -7.5592 1.3125 8.2069 -7.4325 0
2 24 8.025 -7.25 1.271 8.125 -7.25 0
2 24 8.5331 -8.4499 3.3682 8.9996 -9.2866 3.7097
2 24 8.9996 -9.2866 3.7097 9.6387 -10.5162 3.5971
2 24 9.6387 -10.5162 3.5971 10.1624 -11.7546 2.8235
2 24 10.1624 -11.7546 2.8235 10.3522 -12.7166 1.451
2 24 10.3522 -12.7166 1.451 10.4011 -12.9674 0
2 24 10.3898 -13.4008 1.5522 10.4343 -13.6562 0
2 24 3.0813 -11.2314 10.2068 2.6735 -10.1929 10.0216
2 24 2.6735 -10.1929 10.0216 2.6744 -9.0467 9.3509
2 24 -7.1543 -11.871 8.3691 -6.5662 -12.4229 8.7534
2 24 -5.6887 -12.7502 9.1934 -6.5662 -12.4229 8.7534
2 24 -7.1543 -11.871 8.3691 -6.5662 -12.4229 8.7534
2 24 -5.6887 -12.7502 9.1934 -6.5662 -12.4229 8.7534
2 24 2.6744 -9.0467 9.3509 2.9185 -8.1693 8.4865
2 24 -3.3641 -7.7473 7.8145 -2.9163 -8.3371 8.6125
2 24 -1.271 -7.25 8.025 0 -7.25 8.125
2 24 2.5108 -7.25 7.7273 3.6887 -7.25 7.2394
2 24 3.3568 -7.7522 7.8229 3.8793 -7.6007 7.4041
2 24 2.5108 -7.25 7.7273 1.271 -7.25 8.025
2 24 0 -7.25 8.125 1.271 -7.25 8.025
2 24 3.0813 -11.2314 10.2068 3.7518 -12.1687 10.1157
2 24 8.2225 -7.5592 1.3125 8.2885 -7.9007 2.514
2 24 8.025 -7.25 1.271 7.7273 -7.25 2.5108
2 24 3.6887 -7.25 7.2394 4.7758 -7.25 6.5733
2 24 3.8793 -7.6007 7.4041 4.6373 -7.751 7.203
2 24 7.2394 -7.25 3.6887 6.5733 -7.25 4.7758
2 24 9.6387 -10.5162 3.5971 8.9996 -9.2866 3.7097
2 24 7.5031 -10.3228 7.616 7.1219 -9.4701 7.354
2 24 7.5031 -10.3228 7.616 7.3778 -11.2299 8.0673
2 24 2.6735 -10.1929 10.0216 2.6744 -9.0467 9.3509
2 24 2.6735 -10.1929 10.0216 3.0813 -11.2314 10.2068
2 24 6.2309 -12.5522 8.9193 5.3116 -12.8047 9.3784
2 24 5.3116 -12.8047 9.3784 4.4732 -12.5958 9.7875
2 24 3.0813 -11.2314 10.2068 3.7518 -12.1687 10.1157
2 24 4.4732 -12.5958 9.7875 3.7518 -12.1687 10.1157
2 24 7.1219 -9.4701 7.354 7.5031 -10.3228 7.616
2 24 7.5031 -10.3228 7.616 7.3778 -11.2299 8.0673
2 24 7.3778 -11.2299 8.0673 6.9214 -12.0415 8.5199
2 24 6.2309 -12.5522 8.9193 6.9214 -12.0415 8.5199
2 24 3.3568 -7.7522 7.8229 2.9185 -8.1693 8.4865
2 24 2.6744 -9.0467 9.3509 2.9185 -8.1693 8.4865
2 24 3.8793 -7.6007 7.4041 4.6373 -7.751 7.203
2 24 3.3568 -7.7522 7.8229 3.8793 -7.6007 7.4041
2 24 3.7518 -12.1687 10.1157 4.4732 -12.5958 9.7875
2 24 4.4732 -12.5958 9.7875 5.3116 -12.8047 9.3784
2 24 5.3116 -12.8047 9.3784 6.2309 -12.5522 8.9193
2 24 6.2309 -12.5522 8.9193 6.9214 -12.0415 8.5199
2 24 7.3778 -11.2299 8.0673 6.9214 -12.0415 8.5199
2 24 4.7758 -7.25 6.5733 5.7452 -7.25 5.7452
2 24 4.6373 -7.751 7.203 6.027 -8.4168 7.142
2 24 7.1219 -9.4701 7.354 6.027 -8.4168 7.142
2 24 7.1219 -9.4701 7.354 6.027 -8.4168 7.142
2 24 6.5733 -7.25 4.7758 5.7452 -7.25 5.7452
2 24 -7.2394 -7.25 3.6887 -7.7273 -7.25 2.5108
2 24 -8.3484 -7.6334 0 -8.4692 -7.8058 -0.9761
2 24 -10.9227 -12.6189 0 -10.8853 -12.5541 -0.8819
2 24 -9.4562 -9.0795 -2.5037 -9.9456 -9.9717 -2.8274
2 24 -9.9456 -9.9717 -2.8274 -10.2768 -10.8965 -2.8118
2 24 -10.2768 -10.8965 -2.8118 -10.6544 -11.7956 -2.4052
2 24 -7.4913 -11.0545 -7.9459 -7.4661 -10.1463 -7.5465
2 24 -7.4661 -10.1463 -7.5465 -6.7447 -8.9798 -7.2383
2 24 -9.4562 -9.0795 -2.5037 -8.8664 -8.339 -1.797
2 24 -6.7447 -8.9798 -7.2383 -5.5722 -8.2084 -7.1785
2 24 -10.2768 -10.8965 -2.8118 -9.9456 -9.9717 -2.8274
2 24 -9.9456 -9.9717 -2.8274 -9.4562 -9.0795 -2.5037
2 24 -9.4562 -9.0795 -2.5037 -8.8664 -8.339 -1.797
2 24 -8.4692 -7.8058 -0.9761 -8.8664 -8.339 -1.797
2 24 -10.2768 -10.8965 -2.8118 -10.6544 -11.7956 -2.4052
2 24 -10.6544 -11.7956 -2.4052 -10.8147 -12.3401 -1.6591
2 24 -10.8853 -12.5541 -0.8819 -10.8147 -12.3401 -1.6591
2 24 -8.3484 -7.6334 0 -8.4692 -7.8058 -0.9761
2 24 -8.125 -7.25 0 -8.025 -7.25 -1.271
2 24 -8.025 -7.25 -1.271 -7.7273 -7.25 -2.5108
2 24 -5.7452 -7.25 -5.7452 -6.5733 -7.25 -4.7758
2 24 -5.5722 -8.2084 -7.1785 -4.6113 -7.8152 -7.2498
2 24 -4.7758 -7.25 -6.5733 -3.6887 -7.25 -7.2394
2 24 -4.6113 -7.8152 -7.2498 -3.8573 -7.6289 -7.4234
2 24 -6.5662 -12.4229 -8.7534 -5.6887 -12.7502 -9.1934
2 24 -7.4661 -10.1463 -7.5465 -7.4913 -11.0545 -7.9459
2 24 -7.4661 -10.1463 -7.5465 -6.7447 -8.9798 -7.2383
2 24 -3.0966 -11.2064 -10.1831 -2.7158 -10.1957 -9.9842
2 24 -2.7158 -10.1957 -9.9842 -2.684 -9.2083 -9.4687
2 24 -6.7447 -8.9798 -7.2383 -5.5722 -8.2084 -7.1785
2 24 -7.4913 -11.0545 -7.9459 -7.1543 -11.871 -8.3691
2 24 -5.6887 -12.7502 -9.1934 -4.6134 -12.5914 -9.7
2 24 -6.5662 -12.4229 -8.7534 -7.1543 -11.871 -8.3691
2 24 -3.3641 -7.7473 -7.8145 -3.8573 -7.6289 -7.4234
2 24 -3.8573 -7.6289 -7.4234 -4.6113 -7.8152 -7.2498
2 24 -5.5722 -8.2084 -7.1785 -4.6113 -7.8152 -7.2498
2 24 -3.3641 -7.7473 -7.8145 -2.9163 -8.3371 -8.6125
2 24 -2.684 -9.2083 -9.4687 -2.9163 -8.3371 -8.6125
2 24 -4.6134 -12.5914 -9.7 -3.7295 -12.0297 -10.0838
2 24 -3.0966 -11.2064 -10.1831 -3.7295 -12.0297 -10.0838
2 24 -2.684 -9.2083 -9.4687 -2.7158 -10.1957 -9.9842
2 24 -2.7158 -10.1957 -9.9842 -3.0966 -11.2064 -10.1831
2 24 -3.8573 -7.6289 -7.4234 -3.3641 -7.7473 -7.8145
2 24 -3.6887 -7.25 -7.2394 -2.5108 -7.25 -7.7273
2 24 -2.684 -9.2083 -9.4687 -2.9163 -8.3371 -8.6125
2 24 -2.5108 -7.25 -7.7273 -1.271 -7.25 -8.025
2 24 -1.271 -7.25 -8.025 0 -7.25 -8.125
2 24 3.8793 -7.6007 -7.4041 3.3568 -7.7522 -7.8229
2 24 3.6887 -7.25 -7.2394 2.5108 -7.25 -7.7273
2 24 2.6735 -10.1929 -10.0216 3.0813 -11.2314 -10.2068
2 24 2.6735 -10.1929 -10.0216 2.6744 -9.0467 -9.3509
2 24 2.6744 -9.0467 -9.3509 2.9185 -8.1693 -8.4865
2 24 3.3568 -7.7522 -7.8229 2.9185 -8.1693 -8.4865
2 24 0 -7.25 -8.125 1.271 -7.25 -8.025
2 24 -3.0966 -11.2064 -10.1831 -3.7295 -12.0297 -10.0838
2 24 3.0813 -11.2314 -10.2068 3.7518 -12.1687 -10.1157
2 24 -10.9227 -12.6189 0 -10.8853 -12.5541 -0.8819
2 24 8.2069 -7.4325 0 8.2225 -7.5592 -1.3125
2 24 8.125 -7.25 0 8.025 -7.25 -1.271
2 24 8.025 -7.25 -1.271 7.7273 -7.25 -2.5108
2 24 8.2225 -7.5592 -1.3125 8.2885 -7.9007 -2.514
2 24 10.4011 -12.9674 0 10.3522 -12.7166 -1.451
2 24 10.3522 -12.7166 -1.451 10.1624 -11.7546 -2.8235
2 24 10.1624 -11.7546 -2.8235 9.6387 -10.5162 -3.5971
2 24 9.6387 -10.5162 -3.5971 8.9996 -9.2866 -3.7097
2 24 8.9996 -9.2866 -3.7097 8.5331 -8.4499 -3.3682
2 24 8.5331 -8.4499 -3.3682 8.2885 -7.9007 -2.514
2 24 8.2885 -7.9007 -2.514 8.2225 -7.5592 -1.3125
2 24 8.2069 -7.4325 0 8.2225 -7.5592 -1.3125
2 24 5.3116 -12.8047 -9.3784 6.2309 -12.5522 -8.9193
2 24 5.3116 -12.8047 -9.3784 4.4732 -12.5958 -9.7875
2 24 9.6387 -10.5162 -3.5971 8.9996 -9.2866 -3.7097
2 24 9.6387 -10.5162 -3.5971 10.1624 -11.7546 -2.8235
2 24 7.3778 -11.2299 -8.0673 7.5031 -10.3228 -7.616
2 24 7.5031 -10.3228 -7.616 7.1219 -9.4701 -7.354
2 24 6.2309 -12.5522 -8.9193 6.9214 -12.0415 -8.5199
2 24 7.3778 -11.2299 -8.0673 6.9214 -12.0415 -8.5199
2 24 2.6744 -9.0467 -9.3509 2.6735 -10.1929 -10.0216
2 24 2.6735 -10.1929 -10.0216 3.0813 -11.2314 -10.2068
2 24 4.4732 -12.5958 -9.7875 3.7518 -12.1687 -10.1157
2 24 3.0813 -11.2314 -10.2068 3.7518 -12.1687 -10.1157
2 24 4.6373 -7.751 -7.203 3.8793 -7.6007 -7.4041
2 24 3.8793 -7.6007 -7.4041 3.3568 -7.7522 -7.8229
2 24 3.3568 -7.7522 -7.8229 2.9185 -8.1693 -8.4865
2 24 2.6744 -9.0467 -9.3509 2.9185 -8.1693 -8.4865
2 24 3.8793 -7.6007 -7.4041 4.6373 -7.751 -7.203
2 24 3.6887 -7.25 -7.2394 4.7758 -7.25 -6.5733
2 24 7.1219 -9.4701 -7.354 6.027 -8.4168 -7.142
2 24 4.6373 -7.751 -7.203 6.027 -8.4168 -7.142
2 24 7.1219 -9.4701 -7.354 7.5031 -10.3228 -7.616
2 24 7.5031 -10.3228 -7.616 7.3778 -11.2299 -8.0673
2 24 8.9996 -9.2866 -3.7097 8.5331 -8.4499 -3.3682
2 24 7.1219 -9.4701 -7.354 6.027 -8.4168 -7.142
2 24 8.2885 -7.9007 -2.514 8.5331 -8.4499 -3.3682
2 24 7.7273 -7.25 -2.5108 7.2394 -7.25 -3.6887
2 24 7.2394 -7.25 -3.6887 6.5733 -7.25 -4.7758
2 24 4.6373 -7.751 -7.203 6.027 -8.4168 -7.142
2 24 10.4343 -13.6562 0 10.3898 -13.4008 -1.5522
2 24 10.4011 -12.9674 0 10.3522 -12.7166 -1.451
2 24 -6.5662 -12.4229 -8.7534 -7.1543 -11.871 -8.3691
2 24 -6.5662 -12.4229 -8.7534 -5.6887 -12.7502 -9.1934
2 24 -5.6887 -12.7502 -9.1934 -4.6134 -12.5914 -9.7
2 24 -3.7295 -12.0297 -10.0838 -4.6134 -12.5914 -9.7
2 24 3.7518 -12.1687 -10.1157 4.4732 -12.5958 -9.7875
2 24 4.4732 -12.5958 -9.7875 5.3116 -12.8047 -9.3784
2 24 5.3116 -12.8047 -9.3784 6.2309 -12.5522 -8.9193
2 24 6.2309 -12.5522 -8.9193 6.9214 -12.0415 -8.5199
2 24 7.3778 -11.2299 -8.0673 6.9214 -12.0415 -8.5199
2 24 10.1624 -11.7546 -2.8235 10.3522 -12.7166 -1.451
2 24 6.5733 -7.25 -4.7758 5.7452 -7.25 -5.7452
2 24 -10.8853 -12.5541 -0.8819 -10.8147 -12.3401 -1.6591
2 24 -10.6544 -11.7956 -2.4052 -10.8147 -12.3401 -1.6591
2 24 -6.5733 -7.25 -4.7758 -7.2394 -7.25 -3.6887
2 24 -7.7273 -7.25 -2.5108 -7.2394 -7.25 -3.6887
2 24 -7.4913 -11.0545 -7.9459 -7.1543 -11.871 -8.3691
2 24 -8.025 -7.25 -1.271 -8.125 -7.25 0
2 24 -8.025 0 -1.271 -8.125 0 0
2 24 -8.025 -7.25 -1.271 -7.7273 -7.25 -2.5108
2 24 -8.025 0 -1.271 -7.7273 0 -2.5108
2 24 -7.7273 -7.25 -2.5108 -7.2394 -7.25 -3.6887
2 24 -7.7273 0 -2.5108 -7.2394 0 -3.6887
2 24 -7.2394 -7.25 -3.6887 -6.5733 -7.25 -4.7758
2 24 -7.2394 0 -3.6887 -6.5733 0 -4.7758
2 24 -6.5733 -7.25 -4.7758 -5.7452 -7.25 -5.7452
2 24 -6.5733 0 -4.7758 -5.7452 0 -5.7452
2 24 -5.7452 -7.25 -5.7452 -4.7758 -7.25 -6.5733
2 24 -5.7452 0 -5.7452 -4.7758 0 -6.5733
2 24 -4.7758 -7.25 -6.5733 -3.6887 -7.25 -7.2394
2 24 -4.7758 0 -6.5733 -3.6887 0 -7.2394
2 24 -3.6887 -7.25 -7.2394 -2.5108 -7.25 -7.7273
2 24 -3.6887 0 -7.2394 -2.5108 0 -7.7273
2 24 -2.5108 -7.25 -7.7273 -1.271 -7.25 -8.025
2 24 -2.5108 0 -7.7273 -1.271 0 -8.025
2 24 -1.271 -7.25 -8.025 0 -7.25 -8.125
2 24 -1.271 0 -8.025 0 0 -8.125
2 24 0 -7.25 -8.125 1.271 -7.25 -8.025
2 24 0 0 -8.125 1.271 0 -8.025
2 24 1.271 -7.25 -8.025 2.5108 -7.25 -7.7273
2 24 1.271 0 -8.025 2.5108 0 -7.7273
2 24 2.5108 -7.25 -7.7273 3.6887 -7.25 -7.2394
2 24 2.5108 0 -7.7273 3.6887 0 -7.2394
2 24 3.6887 -7.25 -7.2394 4.7758 -7.25 -6.5733
2 24 3.6887 0 -7.2394 4.7758 0 -6.5733
2 24 4.7758 -7.25 -6.5733 5.7452 -7.25 -5.7452
2 24 4.7758 0 -6.5733 5.7452 0 -5.7452
2 24 5.7452 -7.25 -5.7452 6.5733 -7.25 -4.7758
2 24 5.7452 0 -5.7452 6.5733 0 -4.7758
2 24 6.5733 -7.25 -4.7758 7.2394 -7.25 -3.6887
2 24 6.5733 0 -4.7758 7.2394 0 -3.6887
2 24 7.2394 -7.25 -3.6887 7.7273 -7.25 -2.5108
2 24 7.2394 0 -3.6887 7.7273 0 -2.5108
2 24 7.7273 -7.25 -2.5108 8.025 -7.25 -1.271
2 24 7.7273 0 -2.5108 8.025 0 -1.271
2 24 8.025 -7.25 -1.271 8.125 -7.25 0
2 24 8.025 0 -1.271 8.125 0 0
2 24 4.75 -7.5 0 4.75 -7.5 -1.1275
2 24 4.75 -7.5 -1.1275 4.75 -12.4948 -1.1275
2 24 4.75 -12.4948 0 4.75 -12.4948 -1.1275
2 24 8.025 -7.25 1.271 7.7273 -7.25 2.5108
2 24 8.025 0 1.271 7.7273 0 2.5108
2 24 7.7273 0 2.5108 8.025 0 1.271
2 24 6.155 0 1.0853 6.25 0 0
2 24 7.7273 -7.25 2.5108 7.2394 -7.25 3.6887
2 24 7.7273 0 2.5108 7.2394 0 3.6887
2 24 7.7273 0 2.5108 7.2394 0 3.6887
2 24 6.155 0 1.0853 5.8731 0 2.1376
2 24 7.2394 -7.25 3.6887 6.5733 -7.25 4.7758
2 24 7.2394 0 3.6887 6.5733 0 4.7758
2 24 7.2394 0 3.6887 6.5733 0 4.7758
2 24 5.8731 0 2.1376 5.4127 0 3.125
2 24 6.5733 -7.25 4.7758 5.7452 -7.25 5.7452
2 24 6.5733 0 4.7758 5.7452 0 5.7452
2 24 6.5733 0 4.7758 5.7452 0 5.7452
2 24 5.4127 0 3.125 4.7878 0 4.0174
2 24 5.7452 -7.25 5.7452 4.7758 -7.25 6.5733
2 24 5.7452 0 5.7452 4.7758 0 6.5733
2 24 5.7452 0 5.7452 4.7758 0 6.5733
2 24 4.7878 0 4.0174 4.0174 0 4.7878
2 24 4.7758 -7.25 6.5733 3.6887 -7.25 7.2394
2 24 4.7758 0 6.5733 3.6887 0 7.2394
2 24 4.7758 0 6.5733 3.6887 0 7.2394
2 24 4.0174 0 4.7878 3.125 0 5.4127
2 24 3.6887 -7.25 7.2394 2.5108 -7.25 7.7273
2 24 3.6887 0 7.2394 2.5108 0 7.7273
2 24 3.6887 0 7.2394 2.5108 0 7.7273
2 24 3.125 0 5.4127 2.1376 0 5.8731
2 24 2.5108 -7.25 7.7273 1.271 -7.25 8.025
2 24 2.5108 0 7.7273 1.271 0 8.025
2 24 2.5108 0 7.7273 1.271 0 8.025
2 24 2.1376 0 5.8731 1.0853 0 6.155
2 24 1.271 -7.25 8.025 0 -7.25 8.125
2 24 1.271 0 8.025 0 0 8.125
2 24 1.271 0 8.025 0 0 8.125
2 24 1.0853 0 6.155 0 0 6.25
2 24 0 -7.25 8.125 -1.271 -7.25 8.025
2 24 0 0 8.125 -1.271 0 8.025
2 24 0 0 8.125 -1.271 0 8.025
2 24 0 0 6.25 -1.1504 0 6.155
2 24 -1.271 -7.25 8.025 -2.5108 -7.25 7.7273
2 24 -1.271 0 8.025 -2.5108 0 7.7273
2 24 -1.271 0 8.025 -2.5108 0 7.7273
2 24 -1.1504 0 6.155 -2.1376 0 5.8731
2 24 -2.5108 -7.25 7.7273 -3.6887 -7.25 7.2394
2 24 -2.5108 0 7.7273 -3.6887 0 7.2394
2 24 -2.5108 0 7.7273 -3.6887 0 7.2394
2 24 -2.1376 0 5.8731 -3.125 0 5.4127
2 24 -3.6887 -7.25 7.2394 -4.7758 -7.25 6.5733
2 24 -3.6887 0 7.2394 -4.7758 0 6.5733
2 24 -3.6887 0 7.2394 -4.7758 0 6.5733
2 24 -3.125 0 5.4127 -4.0174 0 4.7878
2 24 -4.7758 -7.25 6.5733 -5.7452 -7.25 5.7452
2 24 -4.7758 0 6.5733 -5.7452 0 5.7452
2 24 -4.7758 0 6.5733 -5.7452 0 5.7452
2 24 -4.0174 0 4.7878 -4.7878 0 4.0174
2 24 -5.7452 -7.25 5.7452 -6.5733 -7.25 4.7758
2 24 -5.7452 0 5.7452 -6.5733 0 4.7758
2 24 -5.7452 0 5.7452 -6.5733 0 4.7758
2 24 -4.7878 0 4.0174 -5.4127 0 3.125
2 24 -6.5733 -7.25 4.7758 -7.2394 -7.25 3.6887
2 24 -6.5733 0 4.7758 -7.2394 0 3.6887
2 24 -6.5733 0 4.7758 -7.2394 0 3.6887
2 24 -5.4127 0 3.125 -5.8731 0 2.1376
2 24 -7.2394 -7.25 3.6887 -7.7273 -7.25 2.5108
2 24 -7.2394 0 3.6887 -7.7273 0 2.5108
2 24 -7.2394 0 3.6887 -7.7273 0 2.5108
2 24 -5.8731 0 2.1376 -6.155 0 1.0853
2 24 -7.7273 -7.25 2.5108 -8.025 -7.25 1.271
2 24 -7.7273 0 2.5108 -8.025 0 1.271
2 24 -6.155 0 1.0853 -6.25 0 0
2 24 -7.7273 0 2.5108 -8.025 0 1.271
2 24 -8.125 -7.25 0 -8.025 -7.25 1.271
2 24 -8.125 0 0 -8.025 0 1.271
2 24 -8.025 0 1.271 -8.125 0 0
2 24 -8.125 0 0 -8.025 0 -1.271
2 24 8.025 0 1.271 8.125 0 0
2 24 8.125 -7.25 0 8.025 -7.25 1.271
2 24 8.125 0 0 8.025 0 1.271
2 24 8.125 0 0 8.025 0 -1.271
2 24 6.25 0 0 6.155 0 -1.0853
2 24 8.025 0 -1.271 7.7273 0 -2.5108
2 24 7.7273 0 -2.5108 7.2394 0 -3.6887
2 24 6.155 0 -1.0853 5.8731 0 -2.1376
2 24 7.2394 0 -3.6887 6.5733 0 -4.7758
2 24 5.8731 0 -2.1376 5.4127 0 -3.125
2 24 6.5733 0 -4.7758 5.7452 0 -5.7452
2 24 5.4127 0 -3.125 4.7878 0 -4.0174
2 24 5.7452 0 -5.7452 4.7758 0 -6.5733
2 24 4.7878 0 -4.0174 4.0174 0 -4.7878
2 24 4.7758 0 -6.5733 3.6887 0 -7.2394
2 24 4.0174 0 -4.7878 3.125 0 -5.4127
2 24 3.6887 0 -7.2394 2.5108 0 -7.7273
2 24 3.125 0 -5.4127 2.1376 0 -5.8731
2 24 2.5108 0 -7.7273 1.271 0 -8.025
2 24 2.1376 0 -5.8731 1.0853 0 -6.155
2 24 1.271 0 -8.025 0 0 -8.125
2 24 1.0853 0 -6.155 0 0 -6.25
2 24 0 0 -8.125 -1.271 0 -8.025
2 24 0 0 -6.25 -1.0853 0 -6.155
2 24 -1.271 0 -8.025 -2.5108 0 -7.7273
2 24 -1.0853 0 -6.155 -2.1376 0 -5.8731
2 24 -2.5108 0 -7.7273 -3.6887 0 -7.2394
2 24 -2.1376 0 -5.8731 -3.125 0 -5.4127
2 24 -3.6887 0 -7.2394 -4.7758 0 -6.5733
2 24 -3.125 0 -5.4127 -4.0174 0 -4.7878
2 24 -4.7758 0 -6.5733 -5.7452 0 -5.7452
2 24 -4.0174 0 -4.7878 -4.7878 0 -4.0174
2 24 -5.7452 0 -5.7452 -6.5733 0 -4.7758
2 24 -4.7878 0 -4.0174 -5.4127 0 -3.125
2 24 -6.5733 0 -4.7758 -7.2394 0 -3.6887
2 24 -5.4127 0 -3.125 -5.8731 0 -2.1376
2 24 -7.2394 0 -3.6887 -7.7273 0 -2.5108
2 24 -5.8731 0 -2.1376 -6.155 0 -1.0853
2 24 -8.025 0 -1.271 -7.7273 0 -2.5108
2 24 -6.25 0 0 -6.155 0 -1.0853
2 24 1.6238 3.75 0.9375 0.9375 3.75 1.6238
2 24 0.9375 3.75 1.6238 1.6238 3.75 0.9375
2 24 0.9375 3.75 1.6238 0 3.75 1.875
2 24 0.9375 3.75 1.6238 0 3.75 1.875
2 24 0 3.75 1.875 -0.9375 3.75 1.6238
2 24 0 3.75 1.875 -0.9375 3.75 1.6238
2 24 -0.9375 3.75 1.6238 -1.6238 3.75 0.9375
2 24 -0.9375 3.75 1.6238 -1.6238 3.75 0.9375
2 24 -1.6238 3.75 0.9375 -1.875 3.75 0
2 24 -1.6238 3.75 0.9375 -1.875 3.75 0
2 24 -1.875 3.75 0 -1.6238 3.75 -0.9375
2 24 -1.875 3.75 0 -1.6238 3.75 -0.9375
2 24 -1.6238 3.75 -0.9375 -0.9375 3.75 -1.6238
2 24 -1.6238 3.75 -0.9375 -0.9375 3.75 -1.6238
2 24 -0.9375 3.75 -1.6238 0 3.75 -1.875
2 24 -0.9375 3.75 -1.6238 0 3.75 -1.875
2 24 0 3.75 -1.875 0.9375 3.75 -1.6238
2 24 0 3.75 -1.875 0.9375 3.75 -1.6238
2 24 0.9375 3.75 -1.6238 1.6238 3.75 -0.9375
2 24 0.9375 3.75 -1.6238 1.6238 3.75 -0.9375
2 24 1.6238 3.75 -0.9375 1.875 3.75 0
2 24 1.6238 3.75 -0.9375 1.875 3.75 0
2 24 1.6238 3.75 0.9375 1.875 3.75 0
2 24 1.6238 3.75 0.9375 1.875 3.75 0
2 24 1.4932 -11.1045 2.5862 2.5862 -11.1045 1.4932
2 24 1.4932 -11.1045 2.5862 0 -11.1045 2.9863
2 24 0 -11.1045 2.9863 -1.4932 -11.1045 2.5862
2 24 -1.4932 -11.1045 2.5862 -2.5862 -11.1045 1.4932
2 24 -2.5862 -11.1045 1.4932 -2.9863 -11.1045 0
2 24 -2.9863 -11.1045 0 -2.5862 -11.1045 -1.4932
2 24 -2.5862 -11.1045 -1.4932 -1.4932 -11.1045 -2.5862
2 24 -1.4932 -11.1045 -2.5862 0 -11.1045 -2.9863
2 24 0 -11.1045 -2.9863 1.4932 -11.1045 -2.5862
2 24 1.4932 -11.1045 -2.5862 2.5862 -11.1045 -1.4932
2 24 2.5862 -11.1045 -1.4932 2.9863 -11.1045 0
2 24 2.5862 -11.1045 1.4932 2.9863 -11.1045 0
2 24 3.4709 -12.396 2.0039 2.0039 -12.396 3.4709
2 24 2.0039 -12.396 3.4709 0 -12.396 4.0078
2 24 0 -12.396 4.0078 -2.0039 -12.396 3.4709
2 24 -2.0039 -12.396 3.4709 -3.4709 -12.396 2.0039
2 24 -3.4709 -12.396 2.0039 -4.0078 -12.396 0
2 24 -4.0078 -12.396 0 -3.4709 -12.396 -2.0039
2 24 -3.4709 -12.396 -2.0039 -2.0039 -12.396 -3.4709
2 24 -2.0039 -12.396 -3.4709 0 -12.396 -4.0078
2 24 0 -12.396 -4.0078 2.0039 -12.396 -3.4709
2 24 2.0039 -12.396 -3.4709 3.4709 -12.396 -2.0039
2 24 4.75 -12.4948 -1.1275 4.75 -12.4948 0
2 24 3.4709 -12.396 -2.0039 4.0078 -12.396 0
2 24 5.8731 -7.5 2.1376 6.155 -7.5 1.0853
2 24 4.75 -7.5 -1.1275 4.75 -7.5 0
2 24 6.155 -7.5 -1.0853 6.25 -7.5 0
2 24 5.1929 -7.5 -1.8866 4.75 -7.5 -1.1275
2 24 5.1929 -11.9642 -1.8866 4.75 -12.4948 -1.1275
2 24 4.75 -7.5 -1.1275 4.75 -12.4948 -1.1275
2 24 5.1929 -7.5 1.8866 4.75 -7.5 1.1275
2 24 4.75 -7.5 1.1275 4.75 -12.4948 1.1275
2 24 5.1929 -11.9642 1.8866 4.75 -12.4948 1.1275
2 24 5.6359 -10.7593 2.6458 5.4127 -10.7593 3.125
2 24 5.6359 -10.7593 2.6458 5.6359 -7.5 2.6458
2 24 2.1376 0 5.8731 3.125 0 5.4127
2 24 2.1376 -10.7593 5.8731 3.125 -10.7593 5.4127
2 24 2.1376 0 5.8731 1.0853 0 6.155
2 24 2.1376 -10.7593 5.8731 1.0853 -10.7593 6.155
2 24 1.0853 0 6.155 0 0 6.25
2 24 1.0853 -10.7593 6.155 0 -10.7593 6.25
2 24 0 0 6.25 -1.1504 0 6.155
2 24 0 -10.7593 6.25 -1.1504 -10.7593 6.155
2 24 -1.1504 0 6.155 -2.1376 0 5.8731
2 24 -1.1504 -10.7593 6.155 -2.1376 -10.7593 5.8731
2 24 -2.1376 0 5.8731 -3.125 0 5.4127
2 24 -2.1376 -10.7593 5.8731 -3.125 -10.7593 5.4127
2 24 -5.8731 0 2.1376 -5.4127 0 3.125
2 24 -5.8731 -10.7593 2.1376 -5.4127 -10.7593 3.125
2 24 -5.8731 0 2.1376 -6.155 0 1.0853
2 24 -5.8731 -10.7593 2.1376 -6.155 -10.7593 1.0853
2 24 -6.155 0 1.0853 -6.25 0 0
2 24 -6.155 -10.7593 1.0853 -6.25 -10.7593 0
2 24 -6.25 0 0 -6.155 0 -1.0853
2 24 -6.25 -10.7593 0 -6.155 -10.7593 -1.0853
2 24 -6.155 0 -1.0853 -5.8731 0 -2.1376
2 24 -6.155 -10.7593 -1.0853 -5.8731 -10.7593 -2.1376
2 24 -5.8731 0 -2.1376 -5.4127 0 -3.125
2 24 -5.8731 -10.7593 -2.1376 -5.4127 -10.7593 -3.125
2 24 -2.1376 0 -5.8731 -3.125 0 -5.4127
2 24 -2.1376 -10.7593 -5.8731 -3.125 -10.7593 -5.4127
2 24 -2.1376 0 -5.8731 -1.0853 0 -6.155
2 24 -2.1376 -10.7593 -5.8731 -1.0853 -10.7593 -6.155
2 24 -1.0853 0 -6.155 0 0 -6.25
2 24 -1.0853 -10.7593 -6.155 0 -10.7593 -6.25
2 24 0 0 -6.25 1.0853 0 -6.155
2 24 0 -10.7593 -6.25 1.0853 -10.7593 -6.155
2 24 1.0853 0 -6.155 2.1376 0 -5.8731
2 24 1.0853 -10.7593 -6.155 2.1376 -10.7593 -5.8731
2 24 2.1376 0 -5.8731 3.125 0 -5.4127
2 24 2.1376 -10.7593 -5.8731 3.125 -10.7593 -5.4127
2 24 6.155 0 -1.0853 5.8731 0 -2.1376
2 24 6.155 -7.5 -1.0853 5.8731 -7.5 -2.1376
2 24 6.155 0 -1.0853 6.25 0 0
2 24 6.155 -7.5 -1.0853 6.25 -7.5 0
2 24 6.25 -7.5 0 6.155 -7.5 1.0853
2 24 6.25 0 0 6.155 0 1.0853
2 24 5.4127 0 3.125 4.7878 0 4.0174
2 24 5.4127 -10.7593 3.125 4.7878 -10.7593 4.0174
2 24 4.7878 0 4.0174 4.0174 0 4.7878
2 24 4.7878 -10.7593 4.0174 4.0174 -10.7593 4.7878
2 24 3.125 0 5.4127 4.0174 0 4.7878
2 24 3.125 -10.7593 5.4127 4.0174 -10.7593 4.7878
2 24 -3.125 0 5.4127 -4.0174 0 4.7878
2 24 -3.125 -10.7593 5.4127 -4.0174 -10.7593 4.7878
2 24 -4.0174 0 4.7878 -4.7878 0 4.0174
2 24 -4.0174 -10.7593 4.7878 -4.7878 -10.7593 4.0174
2 24 -5.4127 0 3.125 -4.7878 0 4.0174
2 24 -5.4127 -10.7593 3.125 -4.7878 -10.7593 4.0174
2 24 -5.4127 0 -3.125 -4.7878 0 -4.0174
2 24 -5.4127 -10.7593 -3.125 -4.7878 -10.7593 -4.0174
2 24 -4.7878 0 -4.0174 -4.0174 0 -4.7878
2 24 -4.7878 -10.7593 -4.0174 -4.0174 -10.7593 -4.7878
2 24 -3.125 0 -5.4127 -4.0174 0 -4.7878
2 24 -3.125 -10.7593 -5.4127 -4.0174 -10.7593 -4.7878
2 24 3.125 0 -5.4127 4.0174 0 -4.7878
2 24 3.125 -10.7593 -5.4127 4.0174 -10.7593 -4.7878
2 24 4.0174 0 -4.7878 4.7878 0 -4.0174
2 24 4.0174 -10.7593 -4.7878 4.7878 -10.7593 -4.0174
2 24 4.7878 0 -4.0174 5.4127 0 -3.125
2 24 4.7878 -10.7593 -4.0174 5.4127 -10.7593 -3.125
2 24 4.75 -12.4948 -1.1275 5.1929 -11.9642 -1.8866
2 24 4.75 -12.4948 1.1275 5.1929 -11.9642 1.8866
2 24 4.75 -7.5 0 4.75 -7.5 1.1275
2 24 4.75 -7.5 1.1275 4.75 -12.4948 1.1275
2 24 4.75 -12.4948 0 4.75 -12.4948 1.1275
2 24 3.4709 -12.396 2.0039 4.0078 -12.396 0
2 24 4.75 -12.4948 1.1275 4.75 -12.4948 0
2 24 4.75 -7.5 1.1275 4.75 -7.5 0
2 24 6.155 -7.5 1.0853 6.25 -7.5 0
2 24 4.75 -7.5 -1.1275 5.1929 -7.5 -1.8866
2 24 5.8731 -7.5 -2.1376 5.6359 -7.5 -2.6458
2 24 5.1929 -7.5 -1.8866 5.6359 -7.5 -2.6458
2 24 2.5862 -11.1045 1.4932 2.9863 -11.1045 0
2 24 2.9863 -11.1045 0 2.5862 -11.1045 -1.4932
2 24 2.5862 -11.1045 -1.4932 1.4932 -11.1045 -2.5862
2 24 1.4932 -11.1045 -2.5862 0 -11.1045 -2.9863
2 24 0 -11.1045 -2.9863 -1.4932 -11.1045 -2.5862
2 24 -1.4932 -11.1045 -2.5862 -2.5862 -11.1045 -1.4932
2 24 -2.5862 -11.1045 -1.4932 -2.9863 -11.1045 0
2 24 -2.9863 -11.1045 0 -2.5862 -11.1045 1.4932
2 24 -2.5862 -11.1045 1.4932 -1.4932 -11.1045 2.5862
2 24 -1.4932 -11.1045 2.5862 0 -11.1045 2.9863
2 24 0 -11.1045 2.9863 1.4932 -11.1045 2.5862
2 24 2.5862 -11.1045 1.4932 1.4932 -11.1045 2.5862
2 24 5.8731 -7.5 -2.1376 5.6359 -7.5 -2.6458
2 24 5.8731 0 -2.1376 5.4127 0 -3.125
2 24 6.155 0 1.0853 5.8731 0 2.1376
2 24 6.155 -7.5 1.0853 5.8731 -7.5 2.1376
2 24 6.155 -7.5 -1.0853 5.8731 -7.5 -2.1376
2 24 4.75 -7.5 1.1275 5.1929 -7.5 1.8866
2 24 5.1929 -7.5 1.8866 5.6359 -7.5 2.6458
2 24 5.8731 -7.5 2.1376 5.6359 -7.5 2.6458
2 24 5.1929 -11.9642 -1.8866 5.6359 -10.7593 -2.6458
2 24 5.1929 -7.5 -1.8866 5.6359 -7.5 -2.6458
2 24 5.6359 -10.7593 -2.6458 5.6359 -7.5 -2.6458
2 24 5.1929 -11.9642 -1.8866 5.6359 -10.7593 -2.6458
2 24 5.6359 -10.7593 -2.6458 5.4127 -10.7593 -3.125
2 24 5.4127 -10.7593 -3.125 4.7878 -10.7593 -4.0174
2 24 4.7878 -10.7593 -4.0174 4.0174 -10.7593 -4.7878
2 24 4.0174 -10.7593 -4.7878 3.125 -10.7593 -5.4127
2 24 3.125 -10.7593 -5.4127 2.1376 -10.7593 -5.8731
2 24 2.1376 -10.7593 -5.8731 1.0853 -10.7593 -6.155
2 24 1.0853 -10.7593 -6.155 0 -10.7593 -6.25
2 24 0 -10.7593 -6.25 -1.0853 -10.7593 -6.155
2 24 -1.0853 -10.7593 -6.155 -2.1376 -10.7593 -5.8731
2 24 -2.1376 -10.7593 -5.8731 -3.125 -10.7593 -5.4127
2 24 -3.125 -10.7593 -5.4127 -4.0174 -10.7593 -4.7878
2 24 -4.0174 -10.7593 -4.7878 -4.7878 -10.7593 -4.0174
2 24 -4.7878 -10.7593 -4.0174 -5.4127 -10.7593 -3.125
2 24 -5.4127 -10.7593 -3.125 -5.8731 -10.7593 -2.1376
2 24 -5.8731 -10.7593 -2.1376 -6.155 -10.7593 -1.0853
2 24 -6.155 -10.7593 -1.0853 -6.25 -10.7593 0
2 24 -6.25 -10.7593 0 -6.155 -10.7593 1.0853
2 24 -6.155 -10.7593 1.0853 -5.8731 -10.7593 2.1376
2 24 -5.8731 -10.7593 2.1376 -5.4127 -10.7593 3.125
2 24 -5.4127 -10.7593 3.125 -4.7878 -10.7593 4.0174
2 24 -4.7878 -10.7593 4.0174 -4.0174 -10.7593 4.7878
2 24 -4.0174 -10.7593 4.7878 -3.125 -10.7593 5.4127
2 24 -3.125 -10.7593 5.4127 -2.1376 -10.7593 5.8731
2 24 -2.1376 -10.7593 5.8731 -1.1504 -10.7593 6.155
2 24 -1.1504 -10.7593 6.155 0 -10.7593 6.25
2 24 0 -10.7593 6.25 1.0853 -10.7593 6.155
2 24 1.0853 -10.7593 6.155 2.1376 -10.7593 5.8731
2 24 2.1376 -10.7593 5.8731 3.125 -10.7593 5.4127
2 24 3.125 -10.7593 5.4127 4.0174 -10.7593 4.7878
2 24 4.0174 -10.7593 4.7878 4.7878 -10.7593 4.0174
2 24 4.7878 -10.7593 4.0174 5.4127 -10.7593 3.125
2 24 5.1929 -11.9642 1.8866 5.6359 -10.7593 2.6458
2 24 5.4127 -10.7593 3.125 5.6359 -10.7593 2.6458
2 24 5.1929 -7.5 1.8866 5.6359 -7.5 2.6458
2 24 5.6359 -7.5 2.6458 5.6359 -10.7593 2.6458
2 24 5.1929 -11.9642 1.8866 5.6359 -10.7593 2.6458
2 24 8.5331 -8.4499 3.3682 8.2885 -7.9007 2.514
2 24 7.7273 -7.25 2.5108 7.2394 -7.25 3.6887
2 24 2.9185 -8.1693 8.4865 3.3568 -7.7522 7.8229
2 24 2.5108 -7.25 -7.7273 1.271 -7.25 -8.025
2 24 4.6373 -7.751 7.203 6.027 -8.4168 7.142
2 24 4.7758 -7.25 -6.5733 5.7452 -7.25 -5.7452
2 24 -2.5108 -7.25 7.7273 -1.271 -7.25 8.025
2 24 -3.3641 -7.7473 -7.8145 -2.9163 -8.3371 -8.6125
2 24 -4.6113 -7.8152 7.2498 -5.5722 -8.2084 7.1785
2 24 -5.7452 -7.25 -5.7452 -4.7758 -7.25 -6.5733
2 24 -8.025 -7.25 1.271 -7.7273 -7.25 2.5108
2 24 -8.8664 -8.339 -1.797 -8.4692 -7.8058 -0.9761
2 24 5.4127 -10.7593 -3.125 5.6359 -10.7593 -2.6458
2 24 5.6359 -7.5 -2.6458 5.6359 -10.7593 -2.6458
2 24 5.4127 0 3.125 5.8731 0 2.1376
2 24 5.6359 -7.5 2.6458 5.8731 -7.5 2.1376
0 STEP
