0 Brick, Round 4 x 6 x 2/3 Oval with Curved Top
0 Name: bl_7871.dat
0 Author: 
0 BL_Item_No 7871
0 BFC CERTIFY CCW
3 16 39.2999 -12.8364 8.4384 39.4481 -9.1596 -1.2902 48.4969 -12.8461 8.4583
3 16 48.4969 -12.8461 8.4583 39.4481 -9.1596 -1.2902 48.7429 -9.2278 -1.1444
3 16 30.019 -15.0388 19.0183 30.0216 -12.8208 8.4391 39.311 -15.0366 18.9975
3 16 39.311 -15.0366 18.9975 30.0216 -12.8208 8.4391 39.2999 -12.8364 8.4384
3 16 48.5721 -15.037 19.004 39.311 -15.0366 18.9975 48.4969 -12.8461 8.4583
3 16 48.4969 -12.8461 8.4583 39.311 -15.0366 18.9975 39.2999 -12.8364 8.4384
3 16 39.3344 -15.98 30 30.0168 -15.98 30 39.311 -15.0366 18.9975
3 16 39.311 -15.0366 18.9975 30.0168 -15.98 30 30.019 -15.0388 19.0183
3 16 48.6422 -15.98 30 39.3344 -15.98 30 48.5721 -15.037 19.004
3 16 48.5721 -15.037 19.004 39.3344 -15.98 30 39.311 -15.0366 18.9975
3 16 75.455 -10.6699 19.2648 82.8167 -7.6842 19.676 75.7279 -11.5076 29.9895
3 16 75.7279 -11.5076 29.9895 82.8167 -7.6842 19.676 83.764 -8.0599 29.9852
3 16 78.6403 -5.25 8.2009 78.2568 -5.1977 9.9936 80.5903 -5.25 11.0368
3 16 80.5903 -5.25 11.0368 79.28 -4.8514 9.0688 78.6403 -5.25 8.2009
3 16 77.1601 -7.2545 25.9311 81.2587 -5.25 24.4933 74.1862 -8.1241 22.9572
3 16 74.1862 -8.1241 22.9572 81.2587 -5.25 24.4933 79.9826 -5.25 18.8957
3 16 71.8025 -5.25 1.3563 70.1318 -5.1977 1.8686 74.1943 -5.1977 2.9572
3 16 30.0216 -12.8208 8.4391 30.0378 -9.1256 -1.3624 39.2999 -12.8364 8.4384
3 16 39.2999 -12.8364 8.4384 30.0378 -9.1256 -1.3624 39.4481 -9.1596 -1.2902
3 16 65.8919 0 -2.3041 65.0884 0 -3.9085 65.8919 -5.25 -2.3041
3 16 65.8919 -5.25 -2.3041 65.0884 0 -3.9085 64.9695 -5.25 -3.9085
3 16 65.0884 0 -3.9085 67.5054 0 -5.6895 64.2773 0 -5.1804
3 16 67.5054 0 -5.6895 62.4549 0 -7.7096 64.2773 0 -5.1804
3 16 64.2773 0 -5.1804 62.4549 0 -7.7096 63.0803 0.0023 -6.0125
3 16 70.1956 -1.3988 0.2002 69.7349 -0.3986 -0.1072 70.1731 -5.25 0.2341
3 16 84.0115 -4.8 9.4435 82.4907 -1.3988 7.1136 82.8052 -0.3986 7.5671
3 16 80.6867 0 11.1933 80.102 -0.3986 10.2703 80.5903 -5.25 11.0368
3 16 82.2791 0 14.0831 83.8835 0 15.0055 85.0674 0 11.2561
3 16 80.1598 -5.25 5.2485 80.7962 -5.25 6.045 75.407 -8.279 8.4971
3 16 80.7962 -5.25 6.045 81.2624 -6.4905 10.6939 75.407 -8.279 8.4971
3 16 83.8835 -5.25 15.0055 79.9826 -5.25 18.8957 85.1554 -5.25 16.3499
3 16 85.1554 -5.25 16.3499 85.1554 0 16.3499 83.8835 -5.25 15.0055
3 16 83.8835 -5.25 15.0055 85.1554 0 16.3499 83.8835 0 15.0055
3 16 49.975 0 -6.0125 49.975 -5.25 -6.0125 56.4368 -0.006 -5.4155
3 16 56.4368 -0.006 -5.4155 49.975 -5.25 -6.0125 56.5433 -5.25 -5.4056
3 16 60.1108 -10.9637 19.8076 63.0872 -11.3172 25.9311 66.0612 -10.4694 22.9572
3 16 63.0872 -11.3172 25.9311 57.1684 -12.1076 25.9311 61.9987 -11.6261 29.9936
3 16 61.9987 -11.6261 29.9936 57.1684 -12.1076 25.9311 58.2569 -12.1076 29.9936
3 16 34.1944 -0.3227 17.0301 30.1319 -0.3227 18.1186 34.1944 -11.4362 17.0301
3 16 34.1944 -11.4362 17.0301 30.1319 -0.3227 18.1186 30.1319 -11.6261 18.1186
3 16 37.1683 -0.3227 14.0561 34.1944 -0.3227 17.0301 37.1683 -10.8277 14.0561
3 16 37.1683 -10.8277 14.0561 34.1944 -0.3227 17.0301 34.1944 -11.4362 17.0301
3 16 38.2569 -0.3227 9.9936 37.1683 -0.3227 14.0561 38.2569 -9.7825 9.9936
3 16 38.2569 -9.7825 9.9936 37.1683 -0.3227 14.0561 37.1683 -10.8277 14.0561
3 16 37.1683 -0.3227 25.9311 38.2569 -0.3227 29.9936 37.1683 -12.4602 25.9311
3 16 37.1683 -12.4602 25.9311 38.2569 -0.3227 29.9936 38.2569 -12.5777 29.9936
3 16 30.1319 -0.3227 21.8686 34.1944 -0.3227 22.9572 30.1319 -12.1076 21.8686
3 16 30.1319 -12.1076 21.8686 34.1944 -0.3227 22.9572 34.1944 -12.2251 22.9572
3 16 77.1682 -0.3227 5.9311 78.2568 -0.3227 9.9936 77.1682 -5.1977 5.9311
3 16 77.1682 -5.1977 5.9311 78.2568 -0.3227 9.9936 78.2568 -5.1977 9.9936
3 16 46.0694 -11.4362 17.0301 39.9941 -11.9168 19.9636 45.4337 -11.9147 19.9345
3 16 59.5715 -5.25 -0.5066 63.6251 -5.25 -5.1804 61.9721 -5.25 -6.0125
3 16 59.5715 -5.25 -0.5066 64.9695 -5.25 -3.9085 63.6251 -5.25 -5.1804
3 16 59.5715 -5.25 -0.5066 62.6087 -5.25 0.6183 64.9695 -5.25 -3.9085
3 16 64.9695 -5.25 -3.9085 62.6087 -5.25 0.6183 65.8919 -5.25 -2.3041
3 16 73.5844 -4.8 -2.013 70.9354 -4.8514 0.7158 73.955 -5.25 -0.7962
3 16 73.955 -5.25 -0.7962 70.9354 -4.8514 0.7158 71.8025 -5.25 1.3563
3 16 82.013 -4.8 6.4156 80.7962 -5.25 6.045 79.28 -4.8514 9.0688
3 16 79.28 -4.8514 9.0688 80.7962 -5.25 6.045 78.6403 -5.25 8.2009
3 16 74.1943 -5.1977 2.9572 74.7515 -5.25 -0.1598 71.8025 -5.25 1.3563
3 16 71.8025 -5.25 1.3563 74.7515 -5.25 -0.1598 73.955 -5.25 -0.7962
3 16 77.1682 -5.1977 5.9311 77.5885 -5.25 2.4115 74.1943 -5.1977 2.9572
3 16 74.1943 -5.1977 2.9572 77.5885 -5.25 2.4115 74.7515 -5.25 -0.1598
3 16 77.1682 -5.1977 5.9311 78.6403 -5.25 8.2009 80.1598 -5.25 5.2485
3 16 80.1598 -5.25 5.2485 78.6403 -5.25 8.2009 80.7962 -5.25 6.045
3 16 77.1682 -5.1977 5.9311 80.1598 -5.25 5.2485 77.5885 -5.25 2.4115
3 16 56.5433 -5.25 -5.4056 56.4361 -5.25 -1.3184 57.8997 -4.7962 -6.0125
3 16 57.8997 -4.7962 -6.0125 56.4361 -5.25 -1.3184 59.5715 -5.25 -0.5066
3 16 49.975 -5.25 -6.0125 50 -5.25 -1.9729 56.5433 -5.25 -5.4056
3 16 56.5433 -5.25 -5.4056 50 -5.25 -1.9729 56.4361 -5.25 -1.3184
3 16 36.9906 -5.25 -6.0125 42.9273 -5.25 -1.9729 49.975 -5.25 -6.0125
3 16 49.975 -5.25 -6.0125 42.9273 -5.25 -1.9729 50 -5.25 -1.9729
3 16 59.5715 -5.25 -0.5066 57.1684 -8.1241 5.9311 62.6087 -5.25 0.6183
3 16 39.9941 -11.9168 19.9636 43.0955 -12.4602 25.9311 45.4337 -11.9147 19.9345
3 16 45.4337 -11.9147 19.9345 43.0955 -12.4602 25.9311 46.0694 -12.2251 22.9572
3 16 50.1319 -0.3227 1.8686 54.1944 -0.3227 2.9572 50.1319 -6.9347 1.8686
3 16 50.1319 -6.9347 1.8686 54.1944 -0.3227 2.9572 54.1944 -7.2545 2.9572
3 16 50.1319 -0.3227 1.8686 50.1319 -6.9347 1.8686 46.0694 -0.3227 2.9572
3 16 46.0694 -0.3227 2.9572 50.1319 -6.9347 1.8686 46.0694 -7.3758 2.9572
3 16 46.0694 -0.3227 2.9572 46.0694 -7.3758 2.9572 43.0955 -0.3227 5.9311
3 16 43.0955 -0.3227 5.9311 46.0694 -7.3758 2.9572 43.0955 -8.4864 5.9311
3 16 43.0955 -0.3227 5.9311 43.0955 -8.4864 5.9311 42.0069 -0.3227 9.9936
3 16 42.0069 -0.3227 9.9936 43.0955 -8.4864 5.9311 42.0069 -9.7825 9.9936
3 16 42.0069 -0.3227 9.9936 42.0069 -9.7825 9.9936 43.0955 -0.3227 14.0561
3 16 43.0955 -0.3227 14.0561 42.0069 -9.7825 9.9936 43.0955 -10.8277 14.0561
3 16 43.0955 -0.3227 14.0561 43.0955 -10.8277 14.0561 46.0694 -0.3227 17.0301
3 16 46.0694 -0.3227 17.0301 43.0955 -10.8277 14.0561 46.0694 -11.4362 17.0301
3 16 46.0694 -0.3227 17.0301 46.0694 -11.4362 17.0301 50.1319 -0.3227 18.1186
3 16 50.1319 -0.3227 18.1186 46.0694 -11.4362 17.0301 50.1319 -11.6261 18.1186
3 16 54.1944 -0.3227 17.0301 50.1319 -0.3227 18.1186 54.1944 -11.3172 17.0301
3 16 54.1944 -11.3172 17.0301 50.1319 -0.3227 18.1186 50.1319 -11.6261 18.1186
3 16 57.1684 -0.3227 14.0561 54.1944 -0.3227 17.0301 57.1684 -10.4694 14.0561
3 16 57.1684 -10.4694 14.0561 54.1944 -0.3227 17.0301 54.1944 -11.3172 17.0301
3 16 58.2569 -0.3227 9.9936 57.1684 -0.3227 14.0561 58.2569 -9.3022 9.9936
3 16 58.2569 -9.3022 9.9936 57.1684 -0.3227 14.0561 57.1684 -10.4694 14.0561
3 16 57.1684 -0.3227 5.9311 58.2569 -0.3227 9.9936 57.1684 -8.1241 5.9311
3 16 57.1684 -8.1241 5.9311 58.2569 -0.3227 9.9936 58.2569 -9.3022 9.9936
3 16 57.1684 -8.1241 5.9311 54.1944 -7.2545 2.9572 57.1684 -0.3227 5.9311
3 16 57.1684 -0.3227 5.9311 54.1944 -7.2545 2.9572 54.1944 -0.3227 2.9572
3 16 74.1862 -0.3227 22.9572 74.1862 -8.1241 22.9572 70.1237 -0.3227 21.8686
3 16 70.1237 -0.3227 21.8686 74.1862 -8.1241 22.9572 70.1237 -9.3022 21.8686
3 16 70.1237 -0.3227 21.8686 70.1237 -9.3022 21.8686 66.0612 -0.3227 22.9572
3 16 66.0612 -0.3227 22.9572 70.1237 -9.3022 21.8686 66.0612 -10.4694 22.9572
3 16 66.0612 -0.3227 22.9572 66.0612 -10.4694 22.9572 63.0872 -0.3227 25.9311
3 16 63.0872 -0.3227 25.9311 66.0612 -10.4694 22.9572 63.0872 -11.3172 25.9311
3 16 63.0872 -0.3227 25.9311 63.0872 -11.3172 25.9311 61.9987 -0.3227 29.9936
3 16 61.9987 -0.3227 29.9936 63.0872 -11.3172 25.9311 61.9987 -11.6261 29.9936
3 16 78.2487 -0.3227 29.9936 78.2487 -6.9347 29.9936 77.1601 -0.3227 25.9311
3 16 77.1601 -0.3227 25.9311 78.2487 -6.9347 29.9936 77.1601 -7.2545 25.9311
3 16 74.1862 -8.1241 22.9572 74.1862 -0.3227 22.9572 77.1601 -7.2545 25.9311
3 16 77.1601 -7.2545 25.9311 74.1862 -0.3227 22.9572 77.1601 -0.3227 25.9311
3 16 66.0693 -0.3227 2.9572 70.1318 -0.3227 1.8686 66.8432 -5.1963 2.7403
3 16 66.8432 -5.1963 2.7403 70.1318 -0.3227 1.8686 70.1318 -5.1977 1.8686
3 16 66.0693 -0.3227 2.9572 66.0693 -5.4043 2.9572 63.0953 -0.3227 5.9311
3 16 63.0953 -0.3227 5.9311 66.0693 -5.4043 2.9572 63.0953 -7.2637 5.9311
3 16 63.0953 -0.3227 5.9311 63.0953 -7.2637 5.9311 62.0068 -0.3227 9.9936
3 16 62.0068 -0.3227 9.9936 63.0953 -7.2637 5.9311 62.0068 -8.7759 9.9936
3 16 62.0068 -0.3227 9.9936 62.0068 -8.7759 9.9936 63.0953 -0.3227 14.0561
3 16 63.0953 -0.3227 14.0561 62.0068 -8.7759 9.9936 63.0953 -9.6443 14.0561
3 16 66.0693 -0.3227 17.0301 63.0953 -0.3227 14.0561 66.0693 -9.6451 17.0301
3 16 66.0693 -9.6451 17.0301 63.0953 -0.3227 14.0561 63.0953 -9.6443 14.0561
3 16 70.1318 -0.3227 18.1186 66.0693 -0.3227 17.0301 70.1318 -8.7759 18.1186
3 16 70.1318 -8.7759 18.1186 66.0693 -0.3227 17.0301 66.0693 -9.6451 17.0301
3 16 74.1943 -0.3227 17.0301 70.1318 -0.3227 18.1186 74.1943 -7.2584 17.0301
3 16 74.1943 -7.2584 17.0301 70.1318 -0.3227 18.1186 70.1318 -8.7759 18.1186
3 16 77.1682 -0.3227 14.0561 77.1682 -5.3869 14.0561 77.3749 -5.1956 13.2509
3 16 70.1731 -5.25 0.2341 65.8919 -5.25 -2.3041 66.8432 -5.1963 2.7403
3 16 30 -11.9323 20.0575 34.6858 -11.9189 19.992 30.1319 -11.6261 18.1186
3 16 30.1319 -11.6261 18.1186 34.6858 -11.9189 19.992 34.1944 -11.4362 17.0301
3 16 57.1965 0 -9.1012 62.4549 0 -7.7096 57.1965 -4.8 -9.1012
3 16 57.1965 -4.8 -9.1012 62.4549 0 -7.7096 65.3483 -4.7477 -6.7421
3 16 65.3483 -4.7477 -6.7421 62.4549 0 -7.7096 67.5054 0 -5.6895
3 16 57.1684 -8.1241 5.9311 59.5715 -5.25 -0.5066 54.1944 -7.2545 2.9572
3 16 54.1944 -7.2545 2.9572 59.5715 -5.25 -0.5066 56.4361 -5.25 -1.3184
3 16 56.4361 -5.25 -1.3184 50 -5.25 -1.9729 54.1944 -7.2545 2.9572
3 16 54.1944 -7.2545 2.9572 50 -5.25 -1.9729 50.1319 -6.9347 1.8686
3 16 71.5319 0 -3.4119 70.6868 -4.8 -3.9423 67.5054 0 -5.6895
3 16 67.5054 0 -5.6895 70.6868 -4.8 -3.9423 65.3483 -4.7477 -6.7421
3 16 63.6251 -5.25 -5.1804 64.9695 -5.25 -3.9085 64.2773 0 -5.1804
3 16 64.2773 0 -5.1804 64.9695 -5.25 -3.9085 65.0884 0 -3.9085
3 16 72.4376 -0.3986 -2.8099 70.6868 -4.8 -3.9423 71.5319 0 -3.4119
3 16 70.1731 -5.25 0.2341 69.7349 -0.3986 -0.1072 68.8127 0 -0.6927
3 16 68.8127 0 -0.6927 69.7349 -0.3986 -0.1072 71.5319 0 -3.4119
3 16 71.5319 0 -3.4119 69.7349 -0.3986 -0.1072 72.4376 -0.3986 -2.8099
3 16 72.8907 -1.3988 -2.495 72.4376 -0.3986 -2.8099 70.1956 -1.3988 0.2002
3 16 70.1956 -1.3988 0.2002 72.4376 -0.3986 -2.8099 69.7349 -0.3986 -0.1072
3 16 70.1956 -1.3988 0.2002 70.1731 -5.25 0.2341 70.4847 -3.8512 0.3984
3 16 70.1956 -1.3988 0.2002 70.4847 -3.8512 0.3984 72.8907 -1.3988 -2.495
3 16 72.8907 -1.3988 -2.495 70.4847 -3.8512 0.3984 73.1755 -3.8512 -2.2923
3 16 70.4847 -3.8512 0.3984 70.9354 -4.8514 0.7158 73.1755 -3.8512 -2.2923
3 16 73.1755 -3.8512 -2.2923 70.9354 -4.8514 0.7158 73.5844 -4.8 -2.013
3 16 73.5844 -4.8 -2.013 70.6868 -4.8 -3.9423 73.1755 -3.8512 -2.2923
3 16 77.5885 -5.25 2.4115 73.0379 -7.001 2.5247 74.7515 -5.25 -0.1598
3 16 80.102 -0.3986 10.2703 79.795 -1.3988 9.8092 80.5903 -5.25 11.0368
3 16 82.4907 -1.3988 7.1136 79.795 -1.3988 9.8092 82.8052 -0.3986 7.5671
3 16 82.8052 -0.3986 7.5671 79.795 -1.3988 9.8092 80.102 -0.3986 10.2703
3 16 79.795 -1.3988 9.8092 82.4907 -1.3988 7.1136 79.597 -3.8512 9.5199
3 16 79.597 -3.8512 9.5199 82.4907 -1.3988 7.1136 82.2882 -3.8512 6.8286
3 16 80.5903 -5.25 11.0368 79.795 -1.3988 9.8092 79.597 -3.8512 9.5199
3 16 80.6867 0 11.1933 83.4065 0 8.4735 80.102 -0.3986 10.2703
3 16 80.102 -0.3986 10.2703 83.4065 0 8.4735 82.8052 -0.3986 7.5671
3 16 79.597 -3.8512 9.5199 82.2882 -3.8512 6.8286 79.28 -4.8514 9.0688
3 16 79.28 -4.8514 9.0688 82.2882 -3.8512 6.8286 82.013 -4.8 6.4156
3 16 80.5903 -5.25 11.0368 79.597 -3.8512 9.5199 79.28 -4.8514 9.0688
3 16 70.1237 -9.3022 21.8686 74.1862 -8.1241 22.9572 70.1318 -8.7759 18.1186
3 16 70.1318 -8.7759 18.1186 74.1862 -8.1241 22.9572 74.1943 -7.2584 17.0301
3 16 80.1598 -5.25 5.2485 75.407 -8.279 8.4971 77.5885 -5.25 2.4115
3 16 77.5885 -5.25 2.4115 75.407 -8.279 8.4971 73.0379 -7.001 2.5247
3 16 87.4507 0 16.6206 89.2175 0 22.9977 87.4507 -4.8 16.6206
3 16 87.4507 -4.8 16.6206 89.2175 0 22.9977 89.4056 -4.8 23.2145
3 16 85.1554 0 16.3499 87.4507 0 16.6206 83.8835 0 15.0055
3 16 83.8835 0 15.0055 87.4507 0 16.6206 85.0674 0 11.2561
3 16 82.2791 -5.25 14.0831 79.9826 -5.25 18.8957 83.8835 -5.25 15.0055
3 16 85.9875 -5.25 22.022 85.9875 -5.25 18.003 79.9826 -5.25 18.8957
3 16 85.1554 -5.25 16.3499 79.9826 -5.25 18.8957 85.9875 -5.25 18.003
3 16 79.9826 -5.25 18.8957 81.2587 -5.25 24.4933 85.9875 -5.25 22.022
3 16 85.9875 -5.25 22.022 81.2587 -5.25 24.4933 85.3684 -5.25 23.3511
3 16 70.1318 -8.7759 18.1186 66.0693 -9.6451 17.0301 70.1237 -9.3022 21.8686
3 16 70.1237 -9.3022 21.8686 66.0693 -9.6451 17.0301 60.1108 -10.9637 19.8076
3 16 77.1682 -5.3869 14.0561 79.9826 -5.25 18.8957 77.3749 -5.1956 13.2509
3 16 85.3684 -5.25 23.3511 81.2587 -5.25 24.4933 85.9875 -5.25 30
3 16 85.9875 -5.25 30 81.2587 -5.25 24.4933 81.9318 -5.25 30
3 16 64.2773 0 -5.1804 63.0803 0.0023 -6.0125 63.6251 -5.25 -5.1804
3 16 63.6251 -5.25 -5.1804 63.0803 0.0023 -6.0125 61.9721 -5.25 -6.0125
3 16 57.1965 -4.8 -9.1012 49.975 -4.8 -10.0064 57.1965 0 -9.1012
3 16 57.1965 0 -9.1012 49.975 -4.8 -10.0064 49.975 0 -10.0064
3 16 57.1965 0 -9.1012 57.1766 -0.0066 -6.0125 62.4549 0 -7.7096
3 16 62.4549 0 -7.7096 57.1766 -0.0066 -6.0125 63.0803 0.0023 -6.0125
3 16 57.1766 -0.0066 -6.0125 56.4368 -0.006 -5.4155 57.8997 -4.7962 -6.0125
3 16 57.8997 -4.7962 -6.0125 56.4368 -0.006 -5.4155 56.5433 -5.25 -5.4056
3 16 49.975 0 -10.0064 49.975 0 -6.0125 57.1965 0 -9.1012
3 16 57.1965 0 -9.1012 49.975 0 -6.0125 56.4368 -0.006 -5.4155
3 16 49.975 0 -10.0064 49.975 -4.8 -10.0064 39.6049 0 -10.0064
3 16 39.6049 0 -10.0064 49.975 -4.8 -10.0064 39.6049 -4.8 -10.0064
3 16 49.975 0 -6.0125 36.9906 0 -6.0125 49.975 -5.25 -6.0125
3 16 49.975 -5.25 -6.0125 36.9906 0 -6.0125 36.9906 -5.25 -6.0125
3 16 34.1944 -7.4637 2.9572 30.1319 -6.9738 1.8686 34.1944 -0.3227 2.9572
3 16 34.1944 -0.3227 2.9572 30.1319 -6.9738 1.8686 30.1319 -0.3227 1.8686
3 16 30 -4.8 -10.0064 30 0 -10.0064 39.6049 -4.8 -10.0064
3 16 39.6049 -4.8 -10.0064 30 0 -10.0064 39.6049 0 -10.0064
3 16 49.975 0 -10.0064 39.6049 0 -10.0064 49.975 0 -6.0125
3 16 49.975 0 -6.0125 39.6049 0 -10.0064 36.9906 0 -6.0125
3 16 30 0 -7.6744 31.8316 0 -7.1601 30 0 -10.0064
3 16 30 0 -10.0064 31.8316 0 -7.1601 39.6049 0 -10.0064
3 16 39.6049 0 -10.0064 31.8316 0 -7.1601 33.2043 0 -5.8708
3 16 37.1683 -8.4864 5.9311 38.2569 -9.7825 9.9936 43.0955 -8.4864 5.9311
3 16 43.0955 -8.4864 5.9311 38.2569 -9.7825 9.9936 42.0069 -9.7825 9.9936
3 16 42.0069 -9.7825 9.9936 38.2569 -9.7825 9.9936 43.0955 -10.8277 14.0561
3 16 43.0955 -10.8277 14.0561 38.2569 -9.7825 9.9936 37.1683 -10.8277 14.0561
3 16 50.1319 -11.6261 18.1186 46.0694 -11.4362 17.0301 50.0036 -11.9385 20.0693
3 16 50.0036 -11.9385 20.0693 46.0694 -11.4362 17.0301 45.4337 -11.9147 19.9345
3 16 60.1108 -10.9637 19.8076 54.1944 -11.3172 17.0301 50.0036 -11.9385 20.0693
3 16 50.0036 -11.9385 20.0693 54.1944 -11.3172 17.0301 50.1319 -11.6261 18.1186
3 16 66.0693 -9.6451 17.0301 63.0953 -9.6443 14.0561 60.1108 -10.9637 19.8076
3 16 60.1108 -10.9637 19.8076 63.0953 -9.6443 14.0561 57.1684 -10.4694 14.0561
3 16 57.1684 -8.1241 5.9311 63.0953 -7.2637 5.9311 62.6087 -5.25 0.6183
3 16 62.6087 -5.25 0.6183 63.0953 -7.2637 5.9311 66.0693 -5.4043 2.9572
3 16 42.9273 -5.25 -1.9729 46.0694 -7.3758 2.9572 50 -5.25 -1.9729
3 16 50 -5.25 -1.9729 46.0694 -7.3758 2.9572 50.1319 -6.9347 1.8686
3 16 46.0694 -7.3758 2.9572 34.1944 -7.4637 2.9572 43.0955 -8.4864 5.9311
3 16 43.0955 -8.4864 5.9311 34.1944 -7.4637 2.9572 37.1683 -8.4864 5.9311
3 16 30 -11.9323 20.0575 30.1319 -12.1076 21.8686 34.6858 -11.9189 19.992
3 16 34.6858 -11.9189 19.992 30.1319 -12.1076 21.8686 34.1944 -12.2251 22.9572
3 16 38.2569 -12.5777 29.9936 42.0069 -12.5777 29.9936 37.1683 -12.4602 25.9311
3 16 37.1683 -12.4602 25.9311 42.0069 -12.5777 29.9936 43.0955 -12.4602 25.9311
3 16 43.0955 -0.3227 25.9311 43.0955 -12.4602 25.9311 42.0069 -0.3227 29.9936
3 16 42.0069 -0.3227 29.9936 43.0955 -12.4602 25.9311 42.0069 -12.5777 29.9936
3 16 46.0694 -0.3227 22.9572 46.0694 -12.2251 22.9572 43.0955 -0.3227 25.9311
3 16 43.0955 -0.3227 25.9311 46.0694 -12.2251 22.9572 43.0955 -12.4602 25.9311
3 16 50.1319 -0.3227 21.8686 50.1319 -12.1076 21.8686 46.0694 -0.3227 22.9572
3 16 46.0694 -0.3227 22.9572 50.1319 -12.1076 21.8686 46.0694 -12.2251 22.9572
3 16 50.1319 -12.1076 21.8686 50.0036 -11.9385 20.0693 46.0694 -12.2251 22.9572
3 16 46.0694 -12.2251 22.9572 50.0036 -11.9385 20.0693 45.4337 -11.9147 19.9345
3 16 50.1319 -0.3227 21.8686 54.1944 -0.3227 22.9572 50.1319 -12.1076 21.8686
3 16 50.1319 -12.1076 21.8686 54.1944 -0.3227 22.9572 54.1944 -12.1076 22.9572
3 16 60.1108 -10.9637 19.8076 50.0036 -11.9385 20.0693 54.1944 -12.1076 22.9572
3 16 54.1944 -12.1076 22.9572 50.0036 -11.9385 20.0693 50.1319 -12.1076 21.8686
3 16 57.1684 -12.1076 25.9311 54.1944 -12.1076 22.9572 57.1684 -0.3227 25.9311
3 16 57.1684 -0.3227 25.9311 54.1944 -12.1076 22.9572 54.1944 -0.3227 22.9572
3 16 57.1684 -0.3227 25.9311 58.2569 -0.3227 29.9936 57.1684 -12.1076 25.9311
3 16 57.1684 -12.1076 25.9311 58.2569 -0.3227 29.9936 58.2569 -12.1076 29.9936
3 16 70.1237 -9.3022 21.8686 60.1108 -10.9637 19.8076 66.0612 -10.4694 22.9572
3 16 37.1683 -8.4864 5.9311 34.1944 -7.4637 2.9572 37.1683 -0.3227 5.9311
3 16 37.1683 -0.3227 5.9311 34.1944 -7.4637 2.9572 34.1944 -0.3227 2.9572
3 16 37.1683 -0.3227 5.9311 38.2569 -0.3227 9.9936 37.1683 -8.4864 5.9311
3 16 37.1683 -8.4864 5.9311 38.2569 -0.3227 9.9936 38.2569 -9.7825 9.9936
3 16 37.1683 -12.4602 25.9311 34.1944 -12.2251 22.9572 37.1683 -0.3227 25.9311
3 16 37.1683 -0.3227 25.9311 34.1944 -12.2251 22.9572 34.1944 -0.3227 22.9572
3 16 74.1943 -0.3227 2.9572 73.2568 -0.3227 4.5831 77.1682 -0.3227 5.9311
3 16 77.1682 -0.3227 5.9311 73.2568 -0.3227 4.5831 75.5444 -0.3227 6.8708
3 16 74.1943 -0.3227 2.9572 74.1943 -5.1977 2.9572 70.1318 -0.3227 1.8686
3 16 70.1318 -0.3227 1.8686 74.1943 -5.1977 2.9572 70.1318 -5.1977 1.8686
3 16 70.1318 -0.3227 1.8686 70.1318 -0.3227 3.7458 74.1943 -0.3227 2.9572
3 16 74.1943 -0.3227 2.9572 70.1318 -0.3227 3.7458 73.2568 -0.3227 4.5831
3 16 66.0693 -0.3227 2.9572 67.0068 -0.3227 4.5831 70.1318 -0.3227 1.8686
3 16 70.1318 -0.3227 1.8686 67.0068 -0.3227 4.5831 70.1318 -0.3227 3.7458
3 16 64.7191 -0.3227 6.8708 67.0068 -0.3227 4.5831 63.0953 -0.3227 5.9311
3 16 63.0953 -0.3227 5.9311 67.0068 -0.3227 4.5831 66.0693 -0.3227 2.9572
3 16 63.8818 -0.3227 9.9958 64.7191 -0.3227 6.8708 62.0068 -0.3227 9.9936
3 16 62.0068 -0.3227 9.9936 64.7191 -0.3227 6.8708 63.0953 -0.3227 5.9311
3 16 64.7191 -0.3227 13.1208 63.8818 -0.3227 9.9958 63.0953 -0.3227 14.0561
3 16 63.0953 -0.3227 14.0561 63.8818 -0.3227 9.9958 62.0068 -0.3227 9.9936
3 16 67.0068 -0.3227 15.4084 64.7191 -0.3227 13.1208 66.0693 -0.3227 17.0301
3 16 66.0693 -0.3227 17.0301 64.7191 -0.3227 13.1208 63.0953 -0.3227 14.0561
3 16 70.1318 -0.3227 18.1186 70.1318 -0.3227 16.2458 66.0693 -0.3227 17.0301
3 16 66.0693 -0.3227 17.0301 70.1318 -0.3227 16.2458 67.0068 -0.3227 15.4084
3 16 74.1943 -0.3227 17.0301 73.2568 -0.3227 15.4084 70.1318 -0.3227 18.1186
3 16 70.1318 -0.3227 18.1186 73.2568 -0.3227 15.4084 70.1318 -0.3227 16.2458
3 16 77.1682 -0.3227 14.0561 75.5444 -0.3227 13.1208 74.1943 -0.3227 17.0301
3 16 74.1943 -0.3227 17.0301 75.5444 -0.3227 13.1208 73.2568 -0.3227 15.4084
3 16 77.1682 -0.3227 5.9311 75.5444 -0.3227 6.8708 78.2568 -0.3227 9.9936
3 16 78.2568 -0.3227 9.9936 75.5444 -0.3227 6.8708 76.3438 -0.3231 9.9861
3 16 85.0674 -4.8 11.2561 85.0674 0 11.2561 87.4507 -4.8 16.6206
3 16 87.4507 -4.8 16.6206 85.0674 0 11.2561 87.4507 0 16.6206
3 16 75.407 -8.279 8.4971 81.2624 -6.4905 10.6939 75.455 -10.6699 19.2648
3 16 75.455 -10.6699 19.2648 81.2624 -6.4905 10.6939 82.8167 -7.6842 19.676
3 16 65.2056 -8.17 0.2156 73.0379 -7.001 2.5247 66.3825 -11.0399 8.6871
3 16 66.3825 -11.0399 8.6871 73.0379 -7.001 2.5247 75.407 -8.279 8.4971
3 16 75.407 -8.279 8.4971 75.455 -10.6699 19.2648 66.3825 -11.0399 8.6871
3 16 66.3825 -11.0399 8.6871 75.455 -10.6699 19.2648 66.798 -13.1738 19.1231
3 16 66.798 -13.1738 19.1231 75.455 -10.6699 19.2648 67.0378 -14.0157 30
3 16 67.0378 -14.0157 30 75.455 -10.6699 19.2648 75.7279 -11.5076 29.9895
3 16 73.0379 -7.001 2.5247 65.2056 -8.17 0.2156 71.2869 -6.1919 -0.6261
3 16 73.1755 -3.8512 -2.2923 70.6868 -4.8 -3.9423 72.8907 -1.3988 -2.495
3 16 72.8907 -1.3988 -2.495 70.6868 -4.8 -3.9423 72.4376 -0.3986 -2.8099
3 16 82.4907 -1.3988 7.1136 84.0115 -4.8 9.4435 82.2882 -3.8512 6.8286
3 16 83.4065 0 8.4735 84.0115 -4.8 9.4435 82.8052 -0.3986 7.5671
3 16 85.0674 -4.8 11.2561 84.0115 -4.8 9.4435 85.0674 0 11.2561
3 16 85.0674 0 11.2561 84.0115 -4.8 9.4435 83.4065 0 8.4735
3 16 59.5715 -5.25 -0.5066 61.9721 -5.25 -6.0125 57.8997 -4.7962 -6.0125
3 16 61.9721 -5.25 -6.0125 63.0803 0.0023 -6.0125 57.8997 -4.7962 -6.0125
3 16 57.8997 -4.7962 -6.0125 63.0803 0.0023 -6.0125 57.1766 -0.0066 -6.0125
3 16 66.8432 -5.1963 2.7403 65.8919 -5.25 -2.3041 62.6087 -5.25 0.6183
3 16 57.4985 -12.4639 8.5506 48.4969 -12.8461 8.4583 57.1737 -9.062 -0.6501
3 16 57.1737 -9.062 -0.6501 48.4969 -12.8461 8.4583 48.7429 -9.2278 -1.1444
3 16 57.7727 -14.6763 19.0213 48.5721 -15.037 19.004 57.4985 -12.4639 8.5506
3 16 57.4985 -12.4639 8.5506 48.5721 -15.037 19.004 48.4969 -12.8461 8.4583
3 16 48.5721 -15.037 19.004 57.7727 -14.6763 19.0213 48.6422 -15.98 30
3 16 48.6422 -15.98 30 57.7727 -14.6763 19.0213 57.9218 -15.5227 30
3 16 66.3825 -11.0399 8.6871 57.4985 -12.4639 8.5506 65.2056 -8.17 0.2156
3 16 65.2056 -8.17 0.2156 57.4985 -12.4639 8.5506 57.1737 -9.062 -0.6501
3 16 66.798 -13.1738 19.1231 57.7727 -14.6763 19.0213 66.3825 -11.0399 8.6871
3 16 66.3825 -11.0399 8.6871 57.7727 -14.6763 19.0213 57.4985 -12.4639 8.5506
3 16 57.7727 -14.6763 19.0213 66.798 -13.1738 19.1231 57.9218 -15.5227 30
3 16 57.9218 -15.5227 30 66.798 -13.1738 19.1231 67.0378 -14.0157 30
3 16 89.2175 0 22.9977 87.4507 0 16.6206 85.9875 0 22.022
3 16 85.9875 0 22.022 87.4507 0 16.6206 85.9875 0 18.003
3 16 82.2791 0 14.0831 80.6867 0 11.1933 82.2791 -5.25 14.0831
3 16 82.2791 -5.25 14.0831 80.6867 0 11.1933 80.5903 -5.25 11.0368
3 16 83.8835 -5.25 15.0055 83.8835 0 15.0055 82.2791 -5.25 14.0831
3 16 82.2791 -5.25 14.0831 83.8835 0 15.0055 82.2791 0 14.0831
3 16 85.1554 -5.25 16.3499 85.9875 -5.25 18.003 85.1554 0 16.3499
3 16 85.1554 0 16.3499 85.9875 -5.25 18.003 85.9875 0 18.003
3 16 85.3684 -5.25 23.3511 85.3684 0 23.3511 85.9875 -5.25 22.022
3 16 85.9875 -5.25 22.022 85.3684 0 23.3511 85.9875 0 22.022
3 16 85.9875 -5.25 22.022 85.9875 0 22.022 85.9875 -5.25 18.003
3 16 85.9875 -5.25 18.003 85.9875 0 22.022 85.9875 0 18.003
3 16 85.3684 -5.25 23.3511 85.9875 -5.25 30 85.3684 0 23.3511
3 16 85.3684 0 23.3511 85.9875 -5.25 30 85.9875 0 30
3 16 85.3684 0 23.3511 85.9875 0 30 89.2175 0 22.9977
3 16 89.2175 0 22.9977 85.9875 0 30 90.1318 0 30
3 16 85.1554 0 16.3499 85.9875 0 18.003 87.4507 0 16.6206
3 16 32.2179 -5.2509 -1.9708 34.1944 -7.4637 2.9572 42.9273 -5.25 -1.9729
3 16 42.9273 -5.25 -1.9729 34.1944 -7.4637 2.9572 46.0694 -7.3758 2.9572
3 16 62.0068 -8.7759 9.9936 58.2569 -9.3022 9.9936 63.0953 -9.6443 14.0561
3 16 63.0953 -9.6443 14.0561 58.2569 -9.3022 9.9936 57.1684 -10.4694 14.0561
3 16 63.0953 -7.2637 5.9311 57.1684 -8.1241 5.9311 62.0068 -8.7759 9.9936
3 16 62.0068 -8.7759 9.9936 57.1684 -8.1241 5.9311 58.2569 -9.3022 9.9936
3 16 75.5444 -5.1963 6.8708 73.2568 -5.198 4.5831 72.7083 -5.2031 7.4172
3 16 72.7083 -5.2031 7.4172 75.9929 -5.1996 11.5685 76.3438 -5.1963 9.9861
3 16 75.5444 -5.1963 6.8708 75.5444 -0.3227 6.8708 73.2568 -5.198 4.5831
3 16 73.2568 -5.198 4.5831 75.5444 -0.3227 6.8708 73.2568 -0.3227 4.5831
3 16 73.2568 -5.198 4.5831 73.2568 -0.3227 4.5831 70.1318 -5.1475 3.7458
3 16 70.1318 -5.1475 3.7458 73.2568 -0.3227 4.5831 70.1318 -0.3227 3.7458
3 16 64.7191 -7.2292 6.8708 67.0068 -5.8114 4.5831 64.7191 -0.3227 6.8708
3 16 64.7191 -0.3227 6.8708 67.0068 -5.8114 4.5831 67.0068 -0.3227 4.5831
3 16 63.8818 -8.3713 9.9958 64.7191 -7.2292 6.8708 63.8818 -0.3227 9.9958
3 16 63.8818 -0.3227 9.9958 64.7191 -7.2292 6.8708 64.7191 -0.3227 6.8708
3 16 64.7191 -9.0603 13.1208 63.8818 -8.3713 9.9958 64.7191 -0.3227 13.1208
3 16 64.7191 -0.3227 13.1208 63.8818 -8.3713 9.9958 63.8818 -0.3227 9.9958
3 16 64.7191 -9.0603 13.1208 64.7191 -0.3227 13.1208 67.0068 -9.0603 15.396
3 16 67.0068 -9.0603 15.396 64.7191 -0.3227 13.1208 67.0068 -0.3227 15.4084
3 16 67.0068 -9.0603 15.396 67.0068 -0.3227 15.4084 70.1318 -8.4137 16.2458
3 16 70.1318 -8.4137 16.2458 67.0068 -0.3227 15.4084 70.1318 -0.3227 16.2458
3 16 73.2568 -7.2763 15.4084 72.7083 -5.2031 7.4172 70.1318 -8.4137 16.2458
3 16 70.1318 -8.4137 16.2458 70.1318 -0.3227 16.2458 73.2568 -7.2763 15.4084
3 16 73.2568 -7.2763 15.4084 70.1318 -0.3227 16.2458 73.2568 -0.3227 15.4084
3 16 75.5444 -5.8526 13.1208 72.7083 -5.2031 7.4172 73.2568 -7.2763 15.4084
3 16 73.2568 -7.2763 15.4084 73.2568 -0.3227 15.4084 75.5444 -5.8526 13.1208
3 16 75.5444 -5.8526 13.1208 73.2568 -0.3227 15.4084 75.5444 -0.3227 13.1208
3 16 76.3438 -0.3231 9.9861 76.3438 -5.1963 9.9861 75.9929 -5.1996 11.5685
3 16 76.3438 -5.1963 9.9861 76.3438 -0.3231 9.9861 75.5444 -5.1963 6.8708
3 16 75.5444 -5.1963 6.8708 76.3438 -0.3231 9.9861 75.5444 -0.3227 6.8708
3 16 67.0068 -5.8114 4.5831 68.5141 -5.1977 3.9587 67.0068 -0.3227 4.5831
3 16 67.0068 -0.3227 4.5831 68.5141 -5.1977 3.9587 70.1318 -0.3227 3.7458
3 16 33.2569 -8.0489 4.581 33.2569 -0.3227 4.581 30.1319 -7.7382 3.7436
3 16 30.1319 -7.7382 3.7436 33.2569 -0.3227 4.581 30.1319 -0.3227 3.7436
3 16 46.0694 -0.3227 2.9572 47.0069 -0.3227 4.581 50.1319 -0.3227 1.8686
3 16 50.1319 -0.3227 1.8686 47.0069 -0.3227 4.581 50.1319 -0.3227 3.7436
3 16 55.5446 -12.2815 26.8686 50.1336 -12.3802 29.9936 56.3819 -12.2659 29.9936
3 16 75.5446 -7.9935 26.8686 70.1237 -9.5391 29.9936 76.3819 -7.7515 29.9936
3 16 55.5446 -8.6469 6.8686 55.5446 -0.3227 6.8686 53.2569 -8.0364 4.581
3 16 53.2569 -8.0364 4.581 55.5446 -0.3227 6.8686 53.2569 -0.3227 4.581
3 16 53.2569 -8.0364 4.581 53.2569 -0.3227 4.581 50.1319 -7.8574 3.7436
3 16 50.1319 -7.8574 3.7436 53.2569 -0.3227 4.581 50.1319 -0.3227 3.7436
3 16 47.0069 -8.1622 4.581 50.1319 -7.8574 3.7436 47.0069 -0.3227 4.581
3 16 47.0069 -0.3227 4.581 50.1319 -7.8574 3.7436 50.1319 -0.3227 3.7436
3 16 47.0069 -0.3227 4.581 44.7193 -0.3227 6.8686 47.0069 -8.1622 4.581
3 16 47.0069 -8.1622 4.581 44.7193 -0.3227 6.8686 44.7193 -8.8672 6.8686
3 16 43.8819 -9.7554 9.9936 44.7193 -8.8672 6.8686 43.8819 -0.3227 9.9936
3 16 43.8819 -0.3227 9.9936 44.7193 -8.8672 6.8686 44.7193 -0.3227 6.8686
3 16 44.7193 -10.5925 13.1186 43.8819 -9.7554 9.9936 44.7193 -0.3227 13.1186
3 16 44.7193 -0.3227 13.1186 43.8819 -9.7554 9.9936 43.8819 -0.3227 9.9936
3 16 44.7193 -0.3227 13.1186 47.0069 -0.3227 15.4063 44.7193 -10.5925 13.1186
3 16 44.7193 -10.5925 13.1186 47.0069 -0.3227 15.4063 47.0069 -11.1639 15.4063
3 16 50.1319 -11.3283 16.2436 47.0069 -11.1639 15.4063 50.1319 -0.3227 16.2436
3 16 50.1319 -0.3227 16.2436 47.0069 -11.1639 15.4063 47.0069 -0.3227 15.4063
3 16 50.1319 -11.3283 16.2436 50.1319 -0.3227 16.2436 53.2569 -11.0437 15.4063
3 16 53.2569 -11.0437 15.4063 50.1319 -0.3227 16.2436 53.2569 -0.3227 15.4063
3 16 53.2569 -11.0437 15.4063 53.2569 -0.3227 15.4063 55.5446 -10.3774 13.1186
3 16 55.5446 -10.3774 13.1186 53.2569 -0.3227 15.4063 55.5446 -0.3227 13.1186
3 16 55.5446 -10.3774 13.1186 55.5446 -0.3227 13.1186 56.3819 -9.5017 9.9936
3 16 56.3819 -9.5017 9.9936 55.5446 -0.3227 13.1186 56.3819 -0.3227 9.9936
3 16 56.3819 -9.5017 9.9936 56.3819 -0.3227 9.9936 55.5446 -8.6469 6.8686
3 16 55.5446 -8.6469 6.8686 56.3819 -0.3227 9.9936 55.5446 -0.3227 6.8686
3 16 35.5445 -12.6133 26.8686 35.5445 -0.3227 26.8686 33.2569 -12.5982 24.581
3 16 33.2569 -12.5982 24.581 35.5445 -0.3227 26.8686 33.2569 -0.3227 24.581
3 16 33.2569 -12.5982 24.581 33.2569 -0.3227 24.581 30.1319 -12.5776 23.7436
3 16 30.1319 -12.5776 23.7436 33.2569 -0.3227 24.581 30.1319 -0.3227 23.7436
3 16 35.5445 -12.6133 26.8686 36.3819 -12.6188 29.9936 35.5445 -0.3227 26.8686
3 16 35.5445 -0.3227 26.8686 36.3819 -12.6188 29.9936 36.3819 -0.3227 29.9936
3 16 55.5446 -0.3227 26.8686 53.2569 -0.3227 24.581 55.5446 -12.2815 26.8686
3 16 55.5446 -12.2815 26.8686 53.2569 -0.3227 24.581 53.2569 -12.3244 24.581
3 16 50.1319 -12.3802 23.7436 53.2569 -12.3244 24.581 50.1319 -0.3227 23.7436
3 16 50.1319 -0.3227 23.7436 53.2569 -12.3244 24.581 53.2569 -0.3227 24.581
3 16 47.0069 -12.4359 24.581 50.1319 -12.3802 23.7436 47.0069 -0.3227 24.581
3 16 47.0069 -0.3227 24.581 50.1319 -12.3802 23.7436 50.1319 -0.3227 23.7436
3 16 47.0069 -0.3227 24.581 44.7193 -0.3227 26.8686 47.0069 -12.4359 24.581
3 16 47.0069 -12.4359 24.581 44.7193 -0.3227 26.8686 44.7193 -12.4786 26.8686
3 16 43.8819 -12.4945 29.9936 44.7193 -12.4786 26.8686 43.8819 -0.3227 29.9936
3 16 43.8819 -0.3227 29.9936 44.7193 -12.4786 26.8686 44.7193 -0.3227 26.8686
3 16 55.5446 -12.2815 26.8686 56.3819 -12.2659 29.9936 55.5446 -0.3227 26.8686
3 16 55.5446 -0.3227 26.8686 56.3819 -12.2659 29.9936 56.3819 -0.3227 29.9936
3 16 30.1319 -9.5167 10.0395 30.1319 -11.2654 16.2436 33.2569 -11.1275 15.4063
3 16 33.2569 -11.1275 15.4063 35.5445 -10.5242 13.1186 30.1319 -9.5167 10.0395
3 16 30.1319 -9.5167 10.0395 35.5445 -10.5242 13.1186 36.3819 -9.6904 9.9936
3 16 35.5445 -8.8037 6.8686 30.1319 -9.5167 10.0395 36.3819 -9.6904 9.9936
3 16 36.3819 -9.6904 9.9936 36.3819 -0.3227 9.9936 35.5445 -8.8037 6.8686
3 16 35.5445 -8.8037 6.8686 36.3819 -0.3227 9.9936 35.5445 -0.3227 6.8686
3 16 34.1944 -0.3227 2.9572 33.2569 -0.3227 4.581 37.1683 -0.3227 5.9311
3 16 37.1683 -0.3227 5.9311 33.2569 -0.3227 4.581 35.5445 -0.3227 6.8686
3 16 35.5445 -8.8037 6.8686 35.5445 -0.3227 6.8686 33.2569 -8.0489 4.581
3 16 33.2569 -8.0489 4.581 35.5445 -0.3227 6.8686 33.2569 -0.3227 4.581
3 16 30.1319 -0.3227 1.8686 30.1319 -0.3227 3.7436 34.1944 -0.3227 2.9572
3 16 34.1944 -0.3227 2.9572 30.1319 -0.3227 3.7436 33.2569 -0.3227 4.581
3 16 34.1944 -0.3227 17.0301 33.2569 -0.3227 15.4063 30.1319 -0.3227 18.1186
3 16 30.1319 -0.3227 18.1186 33.2569 -0.3227 15.4063 30.1319 -0.3227 16.2436
3 16 30.1319 -11.2654 16.2436 30.1319 -0.3227 16.2436 33.2569 -11.1275 15.4063
3 16 33.2569 -11.1275 15.4063 30.1319 -0.3227 16.2436 33.2569 -0.3227 15.4063
3 16 37.1683 -0.3227 14.0561 35.5445 -0.3227 13.1186 34.1944 -0.3227 17.0301
3 16 34.1944 -0.3227 17.0301 35.5445 -0.3227 13.1186 33.2569 -0.3227 15.4063
3 16 33.2569 -11.1275 15.4063 33.2569 -0.3227 15.4063 35.5445 -10.5242 13.1186
3 16 35.5445 -10.5242 13.1186 33.2569 -0.3227 15.4063 35.5445 -0.3227 13.1186
3 16 38.2569 -0.3227 9.9936 36.3819 -0.3227 9.9936 37.1683 -0.3227 14.0561
3 16 37.1683 -0.3227 14.0561 36.3819 -0.3227 9.9936 35.5445 -0.3227 13.1186
3 16 35.5445 -10.5242 13.1186 35.5445 -0.3227 13.1186 36.3819 -9.6904 9.9936
3 16 36.3819 -9.6904 9.9936 35.5445 -0.3227 13.1186 36.3819 -0.3227 9.9936
3 16 37.1683 -0.3227 5.9311 35.5445 -0.3227 6.8686 38.2569 -0.3227 9.9936
3 16 38.2569 -0.3227 9.9936 35.5445 -0.3227 6.8686 36.3819 -0.3227 9.9936
3 16 55.5446 -8.6469 6.8686 53.2569 -8.0364 4.581 50.1307 -9.6203 10.0133
3 16 47.0069 -8.1622 4.581 50.1307 -9.6203 10.0133 50.1319 -7.8574 3.7436
3 16 44.7193 -10.5925 13.1186 50.1307 -9.6203 10.0133 43.8819 -9.7554 9.9936
3 16 50.1307 -9.6203 10.0133 47.0069 -11.1639 15.4063 50.1319 -11.3283 16.2436
3 16 50.1307 -9.6203 10.0133 50.1319 -11.3283 16.2436 53.2569 -11.0437 15.4063
3 16 53.2569 -11.0437 15.4063 55.5446 -10.3774 13.1186 50.1307 -9.6203 10.0133
3 16 50.1307 -9.6203 10.0133 55.5446 -10.3774 13.1186 56.3819 -9.5017 9.9936
3 16 50.1307 -9.6203 10.0133 56.3819 -9.5017 9.9936 55.5446 -8.6469 6.8686
3 16 54.1944 -0.3227 2.9572 53.2569 -0.3227 4.581 57.1684 -0.3227 5.9311
3 16 57.1684 -0.3227 5.9311 53.2569 -0.3227 4.581 55.5446 -0.3227 6.8686
3 16 50.1319 -0.3227 1.8686 50.1319 -0.3227 3.7436 54.1944 -0.3227 2.9572
3 16 54.1944 -0.3227 2.9572 50.1319 -0.3227 3.7436 53.2569 -0.3227 4.581
3 16 43.0955 -0.3227 5.9311 44.7193 -0.3227 6.8686 46.0694 -0.3227 2.9572
3 16 46.0694 -0.3227 2.9572 44.7193 -0.3227 6.8686 47.0069 -0.3227 4.581
3 16 42.0069 -0.3227 9.9936 43.8819 -0.3227 9.9936 43.0955 -0.3227 5.9311
3 16 43.0955 -0.3227 5.9311 43.8819 -0.3227 9.9936 44.7193 -0.3227 6.8686
3 16 43.0955 -0.3227 14.0561 44.7193 -0.3227 13.1186 42.0069 -0.3227 9.9936
3 16 42.0069 -0.3227 9.9936 44.7193 -0.3227 13.1186 43.8819 -0.3227 9.9936
3 16 46.0694 -0.3227 17.0301 47.0069 -0.3227 15.4063 43.0955 -0.3227 14.0561
3 16 43.0955 -0.3227 14.0561 47.0069 -0.3227 15.4063 44.7193 -0.3227 13.1186
3 16 50.1319 -0.3227 18.1186 50.1319 -0.3227 16.2436 46.0694 -0.3227 17.0301
3 16 46.0694 -0.3227 17.0301 50.1319 -0.3227 16.2436 47.0069 -0.3227 15.4063
3 16 54.1944 -0.3227 17.0301 53.2569 -0.3227 15.4063 50.1319 -0.3227 18.1186
3 16 50.1319 -0.3227 18.1186 53.2569 -0.3227 15.4063 50.1319 -0.3227 16.2436
3 16 57.1684 -0.3227 14.0561 55.5446 -0.3227 13.1186 54.1944 -0.3227 17.0301
3 16 54.1944 -0.3227 17.0301 55.5446 -0.3227 13.1186 53.2569 -0.3227 15.4063
3 16 58.2569 -0.3227 9.9936 56.3819 -0.3227 9.9936 57.1684 -0.3227 14.0561
3 16 57.1684 -0.3227 14.0561 56.3819 -0.3227 9.9936 55.5446 -0.3227 13.1186
3 16 57.1684 -0.3227 5.9311 55.5446 -0.3227 6.8686 58.2569 -0.3227 9.9936
3 16 58.2569 -0.3227 9.9936 55.5446 -0.3227 6.8686 56.3819 -0.3227 9.9936
3 16 35.5445 -12.6133 26.8686 33.2569 -12.5982 24.581 30.1319 -12.5776 29.9936
3 16 30.1319 -12.5776 29.9936 33.2569 -12.5982 24.581 30.1319 -12.5776 23.7436
3 16 30.1319 -12.5776 29.9936 36.3819 -12.6188 29.9936 35.5445 -12.6133 26.8686
3 16 34.1944 -0.3227 22.9572 33.2569 -0.3227 24.581 37.1683 -0.3227 25.9311
3 16 37.1683 -0.3227 25.9311 33.2569 -0.3227 24.581 35.5445 -0.3227 26.8686
3 16 30.1319 -0.3227 21.8686 30.1319 -0.3227 23.7436 34.1944 -0.3227 22.9572
3 16 34.1944 -0.3227 22.9572 30.1319 -0.3227 23.7436 33.2569 -0.3227 24.581
3 16 37.1683 -0.3227 25.9311 35.5445 -0.3227 26.8686 38.2569 -0.3227 29.9936
3 16 38.2569 -0.3227 29.9936 35.5445 -0.3227 26.8686 36.3819 -0.3227 29.9936
3 16 50.1336 -12.3802 29.9936 53.2569 -12.3244 24.581 50.1319 -12.3802 23.7436
3 16 50.1336 -12.3802 29.9936 50.1319 -12.3802 23.7436 47.0069 -12.4359 24.581
3 16 47.0069 -12.4359 24.581 44.7193 -12.4786 26.8686 50.1336 -12.3802 29.9936
3 16 50.1336 -12.3802 29.9936 44.7193 -12.4786 26.8686 43.8819 -12.4945 29.9936
3 16 54.1944 -0.3227 22.9572 53.2569 -0.3227 24.581 57.1684 -0.3227 25.9311
3 16 57.1684 -0.3227 25.9311 53.2569 -0.3227 24.581 55.5446 -0.3227 26.8686
3 16 50.1319 -0.3227 21.8686 50.1319 -0.3227 23.7436 54.1944 -0.3227 22.9572
3 16 54.1944 -0.3227 22.9572 50.1319 -0.3227 23.7436 53.2569 -0.3227 24.581
3 16 46.0694 -0.3227 22.9572 47.0069 -0.3227 24.581 50.1319 -0.3227 21.8686
3 16 50.1319 -0.3227 21.8686 47.0069 -0.3227 24.581 50.1319 -0.3227 23.7436
3 16 43.0955 -0.3227 25.9311 44.7193 -0.3227 26.8686 46.0694 -0.3227 22.9572
3 16 46.0694 -0.3227 22.9572 44.7193 -0.3227 26.8686 47.0069 -0.3227 24.581
3 16 42.0069 -0.3227 29.9936 43.8819 -0.3227 29.9936 43.0955 -0.3227 25.9311
3 16 43.0955 -0.3227 25.9311 43.8819 -0.3227 29.9936 44.7193 -0.3227 26.8686
3 16 57.1684 -0.3227 25.9311 55.5446 -0.3227 26.8686 58.2569 -0.3227 29.9936
3 16 58.2569 -0.3227 29.9936 55.5446 -0.3227 26.8686 56.3819 -0.3227 29.9936
3 16 75.5446 -0.3227 26.8686 73.2569 -0.3227 24.581 75.5446 -7.9935 26.8686
3 16 75.5446 -7.9935 26.8686 73.2569 -0.3227 24.581 73.2569 -8.6638 24.581
3 16 70.1237 -9.5391 29.9936 73.2569 -8.6638 24.581 70.1319 -9.5368 23.7436
3 16 70.1319 -9.5368 23.7436 73.2569 -8.6638 24.581 70.1319 -0.3227 23.7436
3 16 70.1319 -0.3227 23.7436 73.2569 -8.6638 24.581 73.2569 -0.3227 24.581
3 16 67.0069 -10.3887 24.581 70.1319 -9.5368 23.7436 67.0069 -0.3227 24.581
3 16 67.0069 -0.3227 24.581 70.1319 -9.5368 23.7436 70.1319 -0.3227 23.7436
3 16 70.1237 -9.5391 29.9936 70.1319 -9.5368 23.7436 67.0069 -10.3887 24.581
3 16 67.0069 -10.3887 24.581 64.7193 -11.0005 26.8686 70.1237 -9.5391 29.9936
3 16 67.0069 -0.3227 24.581 64.7193 -0.3227 26.8686 67.0069 -10.3887 24.581
3 16 67.0069 -10.3887 24.581 64.7193 -0.3227 26.8686 64.7193 -11.0005 26.8686
3 16 70.1237 -9.5391 29.9936 64.7193 -11.0005 26.8686 63.8819 -11.2221 29.9936
3 16 63.8819 -11.2221 29.9936 64.7193 -11.0005 26.8686 63.8819 -0.3227 29.9936
3 16 63.8819 -0.3227 29.9936 64.7193 -11.0005 26.8686 64.7193 -0.3227 26.8686
3 16 75.5446 -7.9935 26.8686 76.3819 -7.7515 29.9936 75.5446 -0.3227 26.8686
3 16 75.5446 -0.3227 26.8686 76.3819 -7.7515 29.9936 76.3819 -0.3227 29.9936
3 16 74.1862 -0.3227 22.9572 73.2569 -0.3227 24.581 77.1601 -0.3227 25.9311
3 16 77.1601 -0.3227 25.9311 73.2569 -0.3227 24.581 75.5446 -0.3227 26.8686
3 16 70.1237 -0.3227 21.8686 70.1319 -0.3227 23.7436 74.1862 -0.3227 22.9572
3 16 74.1862 -0.3227 22.9572 70.1319 -0.3227 23.7436 73.2569 -0.3227 24.581
3 16 66.0612 -0.3227 22.9572 67.0069 -0.3227 24.581 70.1237 -0.3227 21.8686
3 16 70.1237 -0.3227 21.8686 67.0069 -0.3227 24.581 70.1319 -0.3227 23.7436
3 16 63.0872 -0.3227 25.9311 64.7193 -0.3227 26.8686 66.0612 -0.3227 22.9572
3 16 66.0612 -0.3227 22.9572 64.7193 -0.3227 26.8686 67.0069 -0.3227 24.581
3 16 61.9987 -0.3227 29.9936 63.8819 -0.3227 29.9936 63.0872 -0.3227 25.9311
3 16 63.0872 -0.3227 25.9311 63.8819 -0.3227 29.9936 64.7193 -0.3227 26.8686
3 16 77.1601 -0.3227 25.9311 75.5446 -0.3227 26.8686 78.2487 -0.3227 29.9936
3 16 78.2487 -0.3227 29.9936 75.5446 -0.3227 26.8686 76.3819 -0.3227 29.9936
3 16 64.7191 -9.0603 13.1208 67.0068 -9.0603 15.396 72.7083 -5.2031 7.4172
3 16 64.7191 -7.2292 6.8708 63.8818 -8.3713 9.9958 72.7083 -5.2031 7.4172
3 16 67.0068 -5.8114 4.5831 64.7191 -7.2292 6.8708 72.7083 -5.2031 7.4172
3 16 72.7083 -5.2031 7.4172 68.5141 -5.1977 3.9587 67.0068 -5.8114 4.5831
3 16 31.8456 -5.25 -4.0274 32.2179 -5.2509 -1.9708 36.9906 -5.25 -6.0125
3 16 36.9906 -5.25 -6.0125 32.2179 -5.2509 -1.9708 42.9273 -5.25 -1.9729
3 16 70.4847 -3.8512 0.3984 70.1731 -5.25 0.2341 70.9354 -4.8514 0.7158
3 16 71.8025 -5.25 1.3563 70.1731 -5.25 0.2341 70.1318 -5.1977 1.8686
3 16 70.1318 -5.1977 1.8686 70.1731 -5.25 0.2341 66.8432 -5.1963 2.7403
3 16 70.1731 -5.25 0.2341 71.8025 -5.25 1.3563 70.9354 -4.8514 0.7158
3 16 65.8919 0 -2.3041 65.8919 -5.25 -2.3041 68.8127 0 -0.6927
3 16 68.8127 0 -0.6927 65.8919 -5.25 -2.3041 70.1731 -5.25 0.2341
3 16 80.7962 -5.25 6.045 82.013 -4.8 6.4156 81.2624 -6.4905 10.6939
3 16 81.2624 -6.4905 10.6939 82.013 -4.8 6.4156 84.0115 -4.8 9.4435
3 16 44.7193 -10.5925 13.1186 47.0069 -11.1639 15.4063 50.1307 -9.6203 10.0133
3 16 43.8819 -9.7554 9.9936 50.1307 -9.6203 10.0133 44.7193 -8.8672 6.8686
3 16 50.1319 -7.8574 3.7436 50.1307 -9.6203 10.0133 53.2569 -8.0364 4.581
3 16 47.0069 -8.1622 4.581 44.7193 -8.8672 6.8686 50.1307 -9.6203 10.0133
3 16 65.8919 0 -2.3041 68.8127 0 -0.6927 67.5054 0 -5.6895
3 16 67.5054 0 -5.6895 68.8127 0 -0.6927 71.5319 0 -3.4119
3 16 65.0884 0 -3.9085 65.8919 0 -2.3041 67.5054 0 -5.6895
3 16 56.4368 -0.006 -5.4155 57.1766 -0.0066 -6.0125 57.1965 0 -9.1012
3 16 82.2791 -5.25 14.0831 80.5903 -5.25 11.0368 77.3749 -5.1956 13.2509
3 16 77.3749 -5.1956 13.2509 80.5903 -5.25 11.0368 78.2568 -5.1977 9.9936
3 16 39.2999 -12.8364 51.5616 39.311 -15.0366 41.0026 48.4969 -12.8461 51.5417
3 16 48.4969 -12.8461 51.5417 39.311 -15.0366 41.0026 48.5721 -15.037 40.9961
3 16 71.8025 -5.25 58.6437 74.1943 -5.1977 57.0301 70.1318 -5.1977 58.1186
3 16 39.3344 -15.98 30 39.311 -15.0366 41.0026 30.0168 -15.98 30
3 16 30.0168 -15.98 30 39.311 -15.0366 41.0026 30.019 -15.0388 40.9817
3 16 48.6422 -15.98 30 48.5721 -15.037 40.9961 39.3344 -15.98 30
3 16 39.3344 -15.98 30 48.5721 -15.037 40.9961 39.311 -15.0366 41.0026
3 16 30.019 -15.0388 40.9817 39.311 -15.0366 41.0026 30.0216 -12.8208 51.5609
3 16 30.0216 -12.8208 51.5609 39.311 -15.0366 41.0026 39.2999 -12.8364 51.5616
3 16 48.7429 -9.2278 61.1444 39.4481 -9.1596 61.2902 48.4969 -12.8461 51.5417
3 16 48.4969 -12.8461 51.5417 39.4481 -9.1596 61.2902 39.2999 -12.8364 51.5616
3 16 30.0216 -12.8208 51.5609 39.2999 -12.8364 51.5616 30.0378 -9.1256 61.3625
3 16 30.0378 -9.1256 61.3625 39.2999 -12.8364 51.5616 39.4481 -9.1596 61.2902
3 16 73.5844 -4.8 62.013 73.1755 -3.8512 62.2923 70.6868 -4.8 63.9423
3 16 65.892 -5.25 62.3041 68.9535 -5.25 60.6058 66.8947 -5.1962 57.2266
3 16 66.8947 -5.1962 57.2266 68.9535 -5.25 60.6058 70.1318 -5.1977 58.1186
3 16 60.1108 -10.9637 40.1924 50.0036 -11.9385 40.1924 54.1944 -11.3172 42.9572
3 16 54.1944 -11.3172 42.9572 50.0036 -11.9385 40.1924 50.1319 -11.6261 41.8686
3 16 37.1683 -10.8277 45.9311 38.2569 -9.7825 49.9936 43.0955 -10.8277 45.9311
3 16 43.0955 -10.8277 45.9311 38.2569 -9.7825 49.9936 42.0069 -9.7825 49.9936
3 16 37.1683 -8.4864 54.0561 43.0955 -8.4864 54.0561 38.2569 -9.7825 49.9936
3 16 38.2569 -9.7825 49.9936 43.0955 -8.4864 54.0561 42.0069 -9.7825 49.9936
3 16 40.0468 -11.9169 40.1924 43.0955 -10.8277 45.9311 46.0694 -11.4362 42.9572
3 16 38.2569 -12.5777 29.9936 37.1683 -12.4602 34.0561 42.0069 -12.5777 29.9936
3 16 42.0069 -12.5777 29.9936 37.1683 -12.4602 34.0561 43.0955 -12.4602 34.0561
3 16 40.0468 -11.9169 40.1924 46.0694 -11.4362 42.9572 50.0036 -11.9385 40.1924
3 16 50.0036 -11.9385 40.1924 46.0694 -11.4362 42.9572 50.1319 -11.6261 41.8686
3 16 40.0468 -11.9169 40.1924 50.0036 -11.9385 40.1924 46.0694 -12.2251 37.0301
3 16 46.0694 -12.2251 37.0301 50.0036 -11.9385 40.1924 50.1319 -12.1076 38.1186
3 16 37.1683 -12.4602 34.0561 40.0468 -11.9169 40.1924 43.0955 -12.4602 34.0561
3 16 43.0955 -12.4602 34.0561 40.0468 -11.9169 40.1924 46.0694 -12.2251 37.0301
3 16 63.0872 -11.3172 34.0561 61.9987 -11.6261 29.9936 57.1684 -12.1076 34.0561
3 16 57.1684 -12.1076 34.0561 61.9987 -11.6261 29.9936 58.2569 -12.1076 29.9936
3 16 70.1237 -9.3022 38.1186 70.1318 -8.7759 41.8686 74.1862 -8.1241 37.0301
3 16 74.1862 -8.1241 37.0301 70.1318 -8.7759 41.8686 74.1943 -7.2584 42.9572
3 16 34.1944 -0.3227 57.0301 34.1944 -7.4698 57.0301 37.1683 -0.3227 54.0561
3 16 37.1683 -0.3227 54.0561 34.1944 -7.4698 57.0301 37.1683 -8.4864 54.0561
3 16 37.1683 -0.3227 54.0561 37.1683 -8.4864 54.0561 38.2569 -0.3227 49.9936
3 16 38.2569 -0.3227 49.9936 37.1683 -8.4864 54.0561 38.2569 -9.7825 49.9936
3 16 38.2569 -0.3227 49.9936 38.2569 -9.7825 49.9936 37.1683 -0.3227 45.9311
3 16 37.1683 -0.3227 45.9311 38.2569 -9.7825 49.9936 37.1683 -10.8277 45.9311
3 16 37.1683 -0.3227 45.9311 37.1683 -10.8277 45.9311 34.1944 -0.3227 42.9572
3 16 34.1944 -0.3227 42.9572 37.1683 -10.8277 45.9311 34.1944 -11.4362 42.9572
3 16 34.1944 -0.3227 42.9572 34.1944 -11.4362 42.9572 30.1319 -0.3227 41.8686
3 16 30.1319 -0.3227 41.8686 34.1944 -11.4362 42.9572 30.1319 -11.6261 41.8686
3 16 79.795 -1.3988 50.1908 80.102 -0.3986 49.7297 80.5903 -5.25 48.9633
3 16 73.955 -5.25 60.7962 73.5844 -4.8 62.013 71.3686 -6.2367 60.4708
3 16 71.3686 -6.2367 60.4708 73.5844 -4.8 62.013 70.6868 -4.8 63.9423
3 16 70.1318 -5.1977 58.1186 74.1943 -5.1977 57.0301 70.1318 -0.3227 58.1186
3 16 70.1318 -0.3227 58.1186 74.1943 -5.1977 57.0301 74.1943 -0.3227 57.0301
3 16 33.75 -5.25 61.9729 33.8478 -7.3059 57.1229 33.75 -5.25 59.2708
3 16 33.75 -5.25 59.2708 33.8478 -7.3059 57.1229 33.8478 -6.0559 57.1229
3 16 75.4017 -10.6995 40.6828 75.7279 -11.5076 29.9895 82.9985 -7.6131 40.2457
3 16 82.9985 -7.6131 40.2457 75.7279 -11.5076 29.9895 83.764 -8.0599 29.9852
3 16 75.3776 -8.3228 51.3988 75.4017 -10.6995 40.6828 81.1384 -6.5353 49.1644
3 16 81.1384 -6.5353 49.1644 75.4017 -10.6995 40.6828 82.9985 -7.6131 40.2457
3 16 75.3776 -8.3228 51.3988 73.1028 -7.0694 57.251 66.3825 -11.0399 51.3129
3 16 66.3825 -11.0399 51.3129 73.1028 -7.0694 57.251 65.2056 -8.17 59.7844
3 16 66.798 -13.1738 40.877 75.4017 -10.6995 40.6828 66.3825 -11.0399 51.3129
3 16 66.3825 -11.0399 51.3129 75.4017 -10.6995 40.6828 75.3776 -8.3228 51.3988
3 16 66.798 -13.1738 40.877 67.0378 -14.0157 30 75.4017 -10.6995 40.6828
3 16 75.4017 -10.6995 40.6828 67.0378 -14.0157 30 75.7279 -11.5076 29.9895
3 16 73.1028 -7.0694 57.251 71.3686 -6.2367 60.4708 65.2056 -8.17 59.7844
3 16 80.1598 -5.25 54.7515 77.5885 -5.25 57.5885 75.3776 -8.3228 51.3988
3 16 75.3776 -8.3228 51.3988 77.5885 -5.25 57.5885 73.1028 -7.0694 57.251
3 16 77.1682 -0.3227 54.0561 74.1943 -0.3227 57.0301 77.1682 -5.1977 54.0561
3 16 77.1682 -5.1977 54.0561 74.1943 -0.3227 57.0301 74.1943 -5.1977 57.0301
3 16 80.5903 -5.25 48.9633 78.6403 -5.25 51.7991 79.28 -4.8514 50.9312
3 16 58.2569 -9.3022 49.9936 57.1684 -8.1241 54.0561 62.0068 -8.7759 49.9936
3 16 62.0068 -8.7759 49.9936 57.1684 -8.1241 54.0561 63.0953 -7.2637 54.0561
3 16 63.0953 -9.6443 45.9311 66.0693 -9.6451 42.9572 60.1108 -10.9637 40.1924
3 16 60.1108 -10.9637 40.1924 66.0693 -9.6451 42.9572 66.0612 -10.4694 37.0301
3 16 50.1319 -12.1076 38.1186 50.0036 -11.9385 40.1924 54.1944 -12.1076 37.0301
3 16 54.1944 -12.1076 37.0301 50.0036 -11.9385 40.1924 60.1108 -10.9637 40.1924
3 16 66.0612 -10.4694 37.0301 66.0693 -9.6451 42.9572 70.1237 -9.3022 38.1186
3 16 70.1237 -9.3022 38.1186 66.0693 -9.6451 42.9572 70.1318 -8.7759 41.8686
3 16 33.8478 -6.0559 57.1229 30.1319 -5.7115 58.1186 33.75 -5.25 59.2708
3 16 33.75 -5.25 59.2708 30.1319 -5.7115 58.1186 30 -5.25 59.2708
3 16 57.4985 -12.4639 51.4494 57.1737 -9.062 60.6501 48.4969 -12.8461 51.5417
3 16 48.4969 -12.8461 51.5417 57.1737 -9.062 60.6501 48.7429 -9.2278 61.1444
3 16 57.7727 -14.6763 40.9787 57.4985 -12.4639 51.4494 48.5721 -15.037 40.9961
3 16 48.5721 -15.037 40.9961 57.4985 -12.4639 51.4494 48.4969 -12.8461 51.5417
3 16 57.9218 -15.5227 30 57.7727 -14.6763 40.9787 48.6422 -15.98 30
3 16 48.6422 -15.98 30 57.7727 -14.6763 40.9787 48.5721 -15.037 40.9961
3 16 66.3825 -11.0399 51.3129 65.2056 -8.17 59.7844 57.4985 -12.4639 51.4494
3 16 57.4985 -12.4639 51.4494 65.2056 -8.17 59.7844 57.1737 -9.062 60.6501
3 16 66.798 -13.1738 40.877 66.3825 -11.0399 51.3129 57.7727 -14.6763 40.9787
3 16 57.7727 -14.6763 40.9787 66.3825 -11.0399 51.3129 57.4985 -12.4639 51.4494
3 16 67.0378 -14.0157 30 66.798 -13.1738 40.877 57.9218 -15.5227 30
3 16 57.9218 -15.5227 30 66.798 -13.1738 40.877 57.7727 -14.6763 40.9787
3 16 82.2791 -5.25 45.9169 82.2791 0 45.9169 83.8835 -5.25 44.9945
3 16 83.8835 -5.25 44.9945 82.2791 0 45.9169 83.8835 0 44.9945
3 16 85.1554 -5.25 43.6501 85.1554 0 43.6501 85.9875 -5.25 41.997
3 16 85.9875 -5.25 41.997 85.1554 0 43.6501 85.9875 0 41.997
3 16 85.9875 -5.25 41.997 85.9875 0 41.997 85.9875 -5.25 37.978
3 16 85.9875 -5.25 37.978 85.9875 0 41.997 85.9875 0 37.978
3 16 82.2791 0 45.9169 80.6867 0 48.8067 85.0674 0 48.7439
3 16 85.0674 0 48.7439 80.6867 0 48.8067 83.4065 0 51.5265
3 16 46.0694 -7.3758 57.0301 43.0955 -8.4864 54.0561 34.1944 -7.4698 57.0301
3 16 34.1944 -7.4698 57.0301 43.0955 -8.4864 54.0561 37.1683 -8.4864 54.0561
3 16 85.3684 -5.25 36.6489 85.9875 -5.25 30 81.6042 -5.25 34.8416
3 16 81.6042 -5.25 34.8416 85.9875 -5.25 30 81.9318 -5.25 30
3 16 81.6042 -5.25 34.8416 85.9875 -5.25 37.978 85.3684 -5.25 36.6489
3 16 85.9875 -5.25 41.997 85.9875 -5.25 37.978 79.9826 -5.25 41.1044
3 16 79.9826 -5.25 41.1044 85.9875 -5.25 37.978 81.6042 -5.25 34.8416
3 16 79.9826 -5.25 41.1044 82.2791 -5.25 45.9169 83.8835 -5.25 44.9945
3 16 80.5903 -5.25 48.9633 82.2791 -5.25 45.9169 77.3862 -5.1958 46.7115
3 16 77.3862 -5.1958 46.7115 82.2791 -5.25 45.9169 79.9826 -5.25 41.1044
3 16 66.0693 -5.4043 57.0301 61.0901 -5.25 59.9442 66.8947 -5.1962 57.2266
3 16 57.1684 -8.1241 54.0561 54.1944 -7.2545 57.0301 61.0901 -5.25 59.9442
3 16 61.0901 -5.25 59.9442 54.1944 -7.2545 57.0301 56.4361 -5.25 61.3184
3 16 56.4361 -5.25 61.3184 54.1944 -7.2545 57.0301 50 -5.25 61.9729
3 16 50 -5.25 61.9729 54.1944 -7.2545 57.0301 50.1319 -6.9347 58.1186
3 16 42.9273 -5.25 61.9729 50 -5.25 61.9729 46.0694 -7.3758 57.0301
3 16 46.0694 -7.3758 57.0301 50 -5.25 61.9729 50.1319 -6.9347 58.1186
3 16 56.5433 -5.25 65.4056 57.8997 -4.7962 66.0125 56.4361 -5.25 61.3184
3 16 56.4361 -5.25 61.3184 57.8997 -4.7962 66.0125 61.0901 -5.25 59.9442
3 16 56.4361 -5.25 61.3184 50 -5.25 61.9729 56.5433 -5.25 65.4056
3 16 56.5433 -5.25 65.4056 50 -5.25 61.9729 49.975 -5.25 66.0125
3 16 50 -5.25 61.9729 42.9273 -5.25 61.9729 49.975 -5.25 66.0125
3 16 49.975 -5.25 66.0125 42.9273 -5.25 61.9729 39.6049 -5.25 66.0125
3 16 39.6049 -5.25 66.0125 42.9273 -5.25 61.9729 33.75 -5.25 61.9729
3 16 30 -5.25 61.9729 33.75 -5.25 61.9729 30 -5.25 59.2708
3 16 30 -5.25 59.2708 33.75 -5.25 61.9729 33.75 -5.25 59.2708
3 16 72.7083 -5.2031 52.57 76.1688 -5.1977 48.3738 75.5444 -5.8532 46.8665
3 16 73.2568 -5.198 55.4041 75.5444 -5.1963 53.1165 72.7083 -5.2031 52.57
3 16 57.1684 -10.4694 45.9311 58.2569 -9.3022 49.9936 63.0953 -9.6443 45.9311
3 16 63.0953 -9.6443 45.9311 58.2569 -9.3022 49.9936 62.0068 -8.7759 49.9936
3 16 57.1684 -12.1076 34.0561 60.1108 -10.9637 40.1924 63.0872 -11.3172 34.0561
3 16 63.0872 -11.3172 34.0561 60.1108 -10.9637 40.1924 66.0612 -10.4694 37.0301
3 16 72.7083 -5.2031 52.57 68.5141 -5.1977 56.0285 70.1318 -5.1475 56.2415
3 16 37.1683 -0.3227 54.0561 35.5445 -0.3227 53.1186 34.1944 -0.3227 57.0301
3 16 34.1944 -0.3227 57.0301 35.5445 -0.3227 53.1186 33.2569 -0.3227 55.4063
3 16 34.1944 -0.3227 57.0301 33.2569 -0.3227 55.4063 30.1319 -0.3227 58.1186
3 16 30.1319 -0.3227 58.1186 33.2569 -0.3227 55.4063 30.1319 -0.3227 56.2436
3 16 30.1319 -0.3227 41.8686 30.1319 -0.3227 43.7436 34.1944 -0.3227 42.9572
3 16 34.1944 -0.3227 42.9572 30.1319 -0.3227 43.7436 33.2569 -0.3227 44.581
3 16 34.1944 -0.3227 42.9572 33.2569 -0.3227 44.581 37.1683 -0.3227 45.9311
3 16 37.1683 -0.3227 45.9311 33.2569 -0.3227 44.581 35.5445 -0.3227 46.8686
3 16 37.1683 -0.3227 45.9311 35.5445 -0.3227 46.8686 38.2569 -0.3227 49.9936
3 16 38.2569 -0.3227 49.9936 35.5445 -0.3227 46.8686 36.3819 -0.3227 49.9936
3 16 38.2569 -0.3227 49.9936 36.3819 -0.3227 49.9936 37.1683 -0.3227 54.0561
3 16 37.1683 -0.3227 54.0561 36.3819 -0.3227 49.9936 35.5445 -0.3227 53.1186
3 16 57.1684 -0.3227 54.0561 55.5446 -0.3227 53.1186 54.1944 -0.3227 57.0301
3 16 54.1944 -0.3227 57.0301 55.5446 -0.3227 53.1186 53.2569 -0.3227 55.4063
3 16 54.1944 -0.3227 57.0301 53.2569 -0.3227 55.4063 50.1319 -0.3227 58.1186
3 16 50.1319 -0.3227 58.1186 53.2569 -0.3227 55.4063 50.1319 -0.3227 56.2436
3 16 50.1319 -0.3227 58.1186 50.1319 -0.3227 56.2436 46.0694 -0.3227 57.0301
3 16 46.0694 -0.3227 57.0301 50.1319 -0.3227 56.2436 47.0069 -0.3227 55.4063
3 16 46.0694 -0.3227 57.0301 47.0069 -0.3227 55.4063 43.0955 -0.3227 54.0561
3 16 43.0955 -0.3227 54.0561 47.0069 -0.3227 55.4063 44.7193 -0.3227 53.1186
3 16 43.0955 -0.3227 54.0561 44.7193 -0.3227 53.1186 42.0069 -0.3227 49.9936
3 16 42.0069 -0.3227 49.9936 44.7193 -0.3227 53.1186 43.8819 -0.3227 49.9936
3 16 42.0069 -0.3227 49.9936 43.8819 -0.3227 49.9936 43.0955 -0.3227 45.9311
3 16 43.0955 -0.3227 45.9311 43.8819 -0.3227 49.9936 44.7193 -0.3227 46.8686
3 16 43.0955 -0.3227 45.9311 44.7193 -0.3227 46.8686 46.0694 -0.3227 42.9572
3 16 46.0694 -0.3227 42.9572 44.7193 -0.3227 46.8686 47.0069 -0.3227 44.581
3 16 46.0694 -0.3227 42.9572 47.0069 -0.3227 44.581 50.1319 -0.3227 41.8686
3 16 50.1319 -0.3227 41.8686 47.0069 -0.3227 44.581 50.1319 -0.3227 43.7436
3 16 50.1319 -0.3227 41.8686 50.1319 -0.3227 43.7436 54.1944 -0.3227 42.9572
3 16 54.1944 -0.3227 42.9572 50.1319 -0.3227 43.7436 53.2569 -0.3227 44.581
3 16 54.1944 -0.3227 42.9572 53.2569 -0.3227 44.581 57.1684 -0.3227 45.9311
3 16 57.1684 -0.3227 45.9311 53.2569 -0.3227 44.581 55.5446 -0.3227 46.8686
3 16 57.1684 -0.3227 45.9311 55.5446 -0.3227 46.8686 58.2569 -0.3227 49.9936
3 16 58.2569 -0.3227 49.9936 55.5446 -0.3227 46.8686 56.3819 -0.3227 49.9936
3 16 58.2569 -0.3227 49.9936 56.3819 -0.3227 49.9936 57.1684 -0.3227 54.0561
3 16 57.1684 -0.3227 54.0561 56.3819 -0.3227 49.9936 55.5446 -0.3227 53.1186
3 16 37.1683 -0.3227 34.0561 35.5445 -0.3227 33.1186 34.1944 -0.3227 37.0301
3 16 34.1944 -0.3227 37.0301 35.5445 -0.3227 33.1186 33.2569 -0.3227 35.4063
3 16 34.1944 -0.3227 37.0301 33.2569 -0.3227 35.4063 30.1319 -0.3227 38.1186
3 16 30.1319 -0.3227 38.1186 33.2569 -0.3227 35.4063 30.1319 -0.3227 36.2436
3 16 38.2569 -0.3227 29.9936 36.3819 -0.3227 29.9936 37.1683 -0.3227 34.0561
3 16 37.1683 -0.3227 34.0561 36.3819 -0.3227 29.9936 35.5445 -0.3227 33.1186
3 16 57.1684 -0.3227 34.0561 55.5446 -0.3227 33.1186 54.1944 -0.3227 37.0301
3 16 54.1944 -0.3227 37.0301 55.5446 -0.3227 33.1186 53.2569 -0.3227 35.4063
3 16 54.1944 -0.3227 37.0301 53.2569 -0.3227 35.4063 50.1319 -0.3227 38.1186
3 16 50.1319 -0.3227 38.1186 53.2569 -0.3227 35.4063 50.1319 -0.3227 36.2436
3 16 50.1319 -0.3227 38.1186 50.1319 -0.3227 36.2436 46.0694 -0.3227 37.0301
3 16 46.0694 -0.3227 37.0301 50.1319 -0.3227 36.2436 47.0069 -0.3227 35.4063
3 16 46.0694 -0.3227 37.0301 47.0069 -0.3227 35.4063 43.0955 -0.3227 34.0561
3 16 43.0955 -0.3227 34.0561 47.0069 -0.3227 35.4063 44.7193 -0.3227 33.1186
3 16 43.0955 -0.3227 34.0561 44.7193 -0.3227 33.1186 42.0069 -0.3227 29.9936
3 16 42.0069 -0.3227 29.9936 44.7193 -0.3227 33.1186 43.8819 -0.3227 29.9936
3 16 58.2569 -0.3227 29.9936 56.3819 -0.3227 29.9936 57.1684 -0.3227 34.0561
3 16 57.1684 -0.3227 34.0561 56.3819 -0.3227 29.9936 55.5446 -0.3227 33.1186
3 16 75.5446 -0.3227 33.1186 73.2569 -0.3227 35.4063 77.1601 -0.3227 34.0561
3 16 77.1601 -0.3227 34.0561 73.2569 -0.3227 35.4063 74.1862 -0.3227 37.0301
3 16 73.2569 -0.3227 35.4063 70.1319 -0.3227 36.2436 74.1862 -0.3227 37.0301
3 16 74.1862 -0.3227 37.0301 70.1319 -0.3227 36.2436 70.1237 -0.3227 38.1186
3 16 70.1319 -0.3227 36.2436 67.0069 -0.3227 35.4063 70.1237 -0.3227 38.1186
3 16 70.1237 -0.3227 38.1186 67.0069 -0.3227 35.4063 66.0612 -0.3227 37.0301
3 16 67.0069 -0.3227 35.4063 64.7193 -0.3227 33.1186 66.0612 -0.3227 37.0301
3 16 66.0612 -0.3227 37.0301 64.7193 -0.3227 33.1186 63.0872 -0.3227 34.0561
3 16 64.7193 -0.3227 33.1186 63.8819 -0.3227 29.9936 63.0872 -0.3227 34.0561
3 16 63.0872 -0.3227 34.0561 63.8819 -0.3227 29.9936 61.9987 -0.3227 29.9936
3 16 76.3819 -0.3227 29.9936 75.5446 -0.3227 33.1186 78.2487 -0.3227 29.9936
3 16 78.2487 -0.3227 29.9936 75.5446 -0.3227 33.1186 77.1601 -0.3227 34.0561
3 16 33.2569 -7.9686 55.4063 30.1319 -9.5169 49.9478 30.1319 -7.7389 56.2436
3 16 30.1319 -9.5169 49.9478 33.2569 -11.0467 44.581 30.1319 -11.2654 43.7436
3 16 53.2569 -12.3244 35.4063 50.1336 -12.3802 29.9936 50.1319 -12.3802 36.2436
3 16 44.7193 -12.4786 33.1186 47.0069 -12.4359 35.4063 50.1336 -12.3802 29.9936
3 16 50.1336 -12.3802 29.9936 43.8819 -12.4945 29.9936 44.7193 -12.4786 33.1186
3 16 73.2569 -8.6638 35.4063 70.1237 -9.5391 29.9936 70.1319 -9.5368 36.2436
3 16 64.7193 -11.0005 33.1186 67.0069 -10.3887 35.4063 70.1237 -9.5391 29.9936
3 16 70.1237 -9.5391 29.9936 63.8819 -11.2221 29.9936 64.7193 -11.0005 33.1186
3 16 53.2569 -8.0364 55.4063 55.5446 -8.6469 53.1186 50.1307 -9.6203 49.9739
3 16 70.1318 -8.4137 43.7415 73.2568 -7.2763 44.5788 70.1318 -0.3227 43.7415
3 16 70.1318 -0.3227 43.7415 73.2568 -7.2763 44.5788 73.2568 -0.3227 44.5788
3 16 73.2568 -7.2763 44.5788 75.5444 -5.8532 46.8665 73.2568 -0.3227 44.5788
3 16 73.2568 -0.3227 44.5788 75.5444 -5.8532 46.8665 75.5444 -0.3227 46.8665
3 16 75.5444 -5.8532 46.8665 76.1688 -5.1977 48.3738 75.5444 -0.3227 46.8665
3 16 75.5444 -0.3227 46.8665 76.1688 -5.1977 48.3738 76.3818 -0.3227 49.9915
3 16 75.5444 -5.1963 53.1165 75.5444 -0.3227 53.1165 76.3818 -5.1964 49.9915
3 16 76.3818 -5.1964 49.9915 75.5444 -0.3227 53.1165 76.3818 -0.3227 49.9915
3 16 73.2568 -5.198 55.4041 73.2568 -0.3227 55.4041 75.5444 -5.1963 53.1165
3 16 75.5444 -5.1963 53.1165 73.2568 -0.3227 55.4041 75.5444 -0.3227 53.1165
3 16 70.1318 -0.3227 56.2415 73.2568 -0.3227 55.4041 70.1318 -5.1475 56.2415
3 16 70.1318 -5.1475 56.2415 73.2568 -0.3227 55.4041 73.2568 -5.198 55.4041
3 16 70.1318 -0.3227 56.2415 70.1318 -5.1475 56.2415 68.5141 -5.1977 56.0285
3 16 64.7191 -7.2292 53.1165 64.7191 -0.3227 53.1165 67.0068 -5.8114 55.4041
3 16 67.0068 -5.8114 55.4041 64.7191 -0.3227 53.1165 67.0068 -0.3227 55.4041
3 16 63.8818 -8.3713 49.9915 63.8818 -0.3227 49.9915 64.7191 -7.2292 53.1165
3 16 64.7191 -7.2292 53.1165 63.8818 -0.3227 49.9915 64.7191 -0.3227 53.1165
3 16 64.7191 -9.0603 46.8665 64.7191 -0.3227 46.8665 63.8818 -8.3713 49.9915
3 16 63.8818 -8.3713 49.9915 64.7191 -0.3227 46.8665 63.8818 -0.3227 49.9915
3 16 64.7191 -9.0603 46.8665 67.0068 -9.0603 44.5913 64.7191 -0.3227 46.8665
3 16 64.7191 -0.3227 46.8665 67.0068 -9.0603 44.5913 67.0068 -0.3227 44.5788
3 16 67.0068 -9.0603 44.5913 70.1318 -8.4137 43.7415 67.0068 -0.3227 44.5788
3 16 67.0068 -0.3227 44.5788 70.1318 -8.4137 43.7415 70.1318 -0.3227 43.7415
3 16 63.8819 -11.2221 29.9936 63.8819 -0.3227 29.9936 64.7193 -11.0005 33.1186
3 16 64.7193 -11.0005 33.1186 63.8819 -0.3227 29.9936 64.7193 -0.3227 33.1186
3 16 64.7193 -11.0005 33.1186 64.7193 -0.3227 33.1186 67.0069 -10.3887 35.4063
3 16 67.0069 -10.3887 35.4063 64.7193 -0.3227 33.1186 67.0069 -0.3227 35.4063
3 16 67.0069 -10.3887 35.4063 67.0069 -0.3227 35.4063 70.1319 -9.5368 36.2436
3 16 70.1319 -9.5368 36.2436 67.0069 -0.3227 35.4063 70.1319 -0.3227 36.2436
3 16 70.1319 -9.5368 36.2436 70.1319 -0.3227 36.2436 73.2569 -8.6638 35.4063
3 16 73.2569 -8.6638 35.4063 70.1319 -0.3227 36.2436 73.2569 -0.3227 35.4063
3 16 73.2569 -8.6638 35.4063 73.2569 -0.3227 35.4063 75.5446 -7.9935 33.1186
3 16 75.5446 -7.9935 33.1186 73.2569 -0.3227 35.4063 75.5446 -0.3227 33.1186
3 16 75.5446 -7.9935 33.1186 75.5446 -0.3227 33.1186 76.3819 -7.7515 29.9936
3 16 76.3819 -7.7515 29.9936 75.5446 -0.3227 33.1186 76.3819 -0.3227 29.9936
3 16 55.5446 -12.2815 33.1186 55.5446 -0.3227 33.1186 56.3819 -12.2659 29.9936
3 16 56.3819 -12.2659 29.9936 55.5446 -0.3227 33.1186 56.3819 -0.3227 29.9936
3 16 53.2569 -12.3244 35.4063 53.2569 -0.3227 35.4063 55.5446 -12.2815 33.1186
3 16 55.5446 -12.2815 33.1186 53.2569 -0.3227 35.4063 55.5446 -0.3227 33.1186
3 16 50.1319 -12.3802 36.2436 50.1319 -0.3227 36.2436 53.2569 -12.3244 35.4063
3 16 53.2569 -12.3244 35.4063 50.1319 -0.3227 36.2436 53.2569 -0.3227 35.4063
3 16 47.0069 -12.4359 35.4063 47.0069 -0.3227 35.4063 50.1319 -12.3802 36.2436
3 16 50.1319 -12.3802 36.2436 47.0069 -0.3227 35.4063 50.1319 -0.3227 36.2436
3 16 44.7193 -12.4786 33.1186 44.7193 -0.3227 33.1186 47.0069 -12.4359 35.4063
3 16 47.0069 -12.4359 35.4063 44.7193 -0.3227 33.1186 47.0069 -0.3227 35.4063
3 16 43.8819 -12.4945 29.9936 43.8819 -0.3227 29.9936 44.7193 -12.4786 33.1186
3 16 44.7193 -12.4786 33.1186 43.8819 -0.3227 29.9936 44.7193 -0.3227 33.1186
3 16 53.2569 -8.0364 55.4063 50.1319 -7.8574 56.2436 53.2569 -0.3227 55.4063
3 16 53.2569 -0.3227 55.4063 50.1319 -7.8574 56.2436 50.1319 -0.3227 56.2436
3 16 47.0069 -8.1622 55.4063 47.0069 -0.3227 55.4063 50.1319 -7.8574 56.2436
3 16 50.1319 -7.8574 56.2436 47.0069 -0.3227 55.4063 50.1319 -0.3227 56.2436
3 16 44.7193 -8.8672 53.1186 44.7193 -0.3227 53.1186 47.0069 -8.1622 55.4063
3 16 47.0069 -8.1622 55.4063 44.7193 -0.3227 53.1186 47.0069 -0.3227 55.4063
3 16 43.8819 -9.7554 49.9936 43.8819 -0.3227 49.9936 44.7193 -8.8672 53.1186
3 16 44.7193 -8.8672 53.1186 43.8819 -0.3227 49.9936 44.7193 -0.3227 53.1186
3 16 44.7193 -10.5925 46.8686 44.7193 -0.3227 46.8686 43.8819 -9.7554 49.9936
3 16 43.8819 -9.7554 49.9936 44.7193 -0.3227 46.8686 43.8819 -0.3227 49.9936
3 16 47.0069 -11.1639 44.581 47.0069 -0.3227 44.581 44.7193 -10.5925 46.8686
3 16 44.7193 -10.5925 46.8686 47.0069 -0.3227 44.581 44.7193 -0.3227 46.8686
3 16 50.1319 -11.3283 43.7436 50.1319 -0.3227 43.7436 47.0069 -11.1639 44.581
3 16 47.0069 -11.1639 44.581 50.1319 -0.3227 43.7436 47.0069 -0.3227 44.581
3 16 50.1319 -11.3283 43.7436 53.2569 -11.0437 44.581 50.1319 -0.3227 43.7436
3 16 50.1319 -0.3227 43.7436 53.2569 -11.0437 44.581 53.2569 -0.3227 44.581
3 16 55.5446 -0.3227 46.8686 53.2569 -0.3227 44.581 55.5446 -10.3774 46.8686
3 16 55.5446 -10.3774 46.8686 53.2569 -0.3227 44.581 53.2569 -11.0437 44.581
3 16 55.5446 -10.3774 46.8686 56.3819 -9.5017 49.9936 55.5446 -0.3227 46.8686
3 16 55.5446 -0.3227 46.8686 56.3819 -9.5017 49.9936 56.3819 -0.3227 49.9936
3 16 56.3819 -9.5017 49.9936 55.5446 -8.6469 53.1186 56.3819 -0.3227 49.9936
3 16 56.3819 -0.3227 49.9936 55.5446 -8.6469 53.1186 55.5446 -0.3227 53.1186
3 16 53.2569 -0.3227 55.4063 55.5446 -0.3227 53.1186 53.2569 -8.0364 55.4063
3 16 53.2569 -8.0364 55.4063 55.5446 -0.3227 53.1186 55.5446 -8.6469 53.1186
3 16 30.1319 -11.2654 43.7436 33.2569 -11.0467 44.581 30.1319 -0.3227 43.7436
3 16 30.1319 -0.3227 43.7436 33.2569 -11.0467 44.581 33.2569 -0.3227 44.581
3 16 33.2569 -11.0467 44.581 35.5445 -10.3795 46.8686 33.2569 -0.3227 44.581
3 16 33.2569 -0.3227 44.581 35.5445 -10.3795 46.8686 35.5445 -0.3227 46.8686
3 16 35.5445 -10.3795 46.8686 36.3819 -9.5248 49.9936 35.5445 -0.3227 46.8686
3 16 35.5445 -0.3227 46.8686 36.3819 -9.5248 49.9936 36.3819 -0.3227 49.9936
3 16 36.3819 -9.5248 49.9936 35.5445 -8.6594 53.1186 36.3819 -0.3227 49.9936
3 16 36.3819 -0.3227 49.9936 35.5445 -8.6594 53.1186 35.5445 -0.3227 53.1186
3 16 35.5445 -8.6594 53.1186 33.2569 -7.9686 55.4063 35.5445 -0.3227 53.1186
3 16 35.5445 -0.3227 53.1186 33.2569 -7.9686 55.4063 33.2569 -0.3227 55.4063
3 16 33.2569 -7.9686 55.4063 30.1319 -7.7389 56.2436 33.2569 -0.3227 55.4063
3 16 33.2569 -0.3227 55.4063 30.1319 -7.7389 56.2436 30.1319 -0.3227 56.2436
3 16 36.3819 -12.6188 29.9936 35.5445 -12.6133 33.1186 36.3819 -0.3227 29.9936
3 16 36.3819 -0.3227 29.9936 35.5445 -12.6133 33.1186 35.5445 -0.3227 33.1186
3 16 33.2569 -0.3227 35.4063 35.5445 -0.3227 33.1186 33.2569 -12.5982 35.4063
3 16 33.2569 -12.5982 35.4063 35.5445 -0.3227 33.1186 35.5445 -12.6133 33.1186
3 16 33.2569 -12.5982 35.4063 30.1319 -12.5776 36.2436 33.2569 -0.3227 35.4063
3 16 33.2569 -0.3227 35.4063 30.1319 -12.5776 36.2436 30.1319 -0.3227 36.2436
3 16 82.2791 0 45.9169 82.2791 -5.25 45.9169 80.6867 0 48.8067
3 16 80.6867 0 48.8067 82.2791 -5.25 45.9169 80.5903 -5.25 48.9633
3 16 58.2569 -0.3227 29.9936 57.1684 -0.3227 34.0561 58.2569 -12.1076 29.9936
3 16 58.2569 -12.1076 29.9936 57.1684 -0.3227 34.0561 57.1684 -12.1076 34.0561
3 16 54.1944 -12.1076 37.0301 57.1684 -12.1076 34.0561 54.1944 -0.3227 37.0301
3 16 54.1944 -0.3227 37.0301 57.1684 -12.1076 34.0561 57.1684 -0.3227 34.0561
3 16 54.1944 -0.3227 37.0301 50.1319 -0.3227 38.1186 54.1944 -12.1076 37.0301
3 16 54.1944 -12.1076 37.0301 50.1319 -0.3227 38.1186 50.1319 -12.1076 38.1186
3 16 50.1319 -0.3227 38.1186 46.0694 -0.3227 37.0301 50.1319 -12.1076 38.1186
3 16 50.1319 -12.1076 38.1186 46.0694 -0.3227 37.0301 46.0694 -12.2251 37.0301
3 16 46.0694 -0.3227 37.0301 43.0955 -0.3227 34.0561 46.0694 -12.2251 37.0301
3 16 46.0694 -12.2251 37.0301 43.0955 -0.3227 34.0561 43.0955 -12.4602 34.0561
3 16 43.0955 -0.3227 34.0561 42.0069 -0.3227 29.9936 43.0955 -12.4602 34.0561
3 16 43.0955 -12.4602 34.0561 42.0069 -0.3227 29.9936 42.0069 -12.5777 29.9936
3 16 30.1319 -0.3227 38.1186 30.1319 -12.1076 38.1186 34.1944 -0.3227 37.0301
3 16 34.1944 -0.3227 37.0301 30.1319 -12.1076 38.1186 34.1944 -12.2251 37.0301
3 16 37.1683 -12.4602 34.0561 37.1683 -0.3227 34.0561 34.1944 -12.2251 37.0301
3 16 34.1944 -12.2251 37.0301 37.1683 -0.3227 34.0561 34.1944 -0.3227 37.0301
3 16 37.1683 -0.3227 34.0561 37.1683 -12.4602 34.0561 38.2569 -0.3227 29.9936
3 16 38.2569 -0.3227 29.9936 37.1683 -12.4602 34.0561 38.2569 -12.5777 29.9936
3 16 46.0694 -0.3227 57.0301 43.0955 -0.3227 54.0561 46.0694 -7.3758 57.0301
3 16 46.0694 -7.3758 57.0301 43.0955 -0.3227 54.0561 43.0955 -8.4864 54.0561
3 16 50.1319 -0.3227 58.1186 46.0694 -0.3227 57.0301 50.1319 -6.9347 58.1186
3 16 50.1319 -6.9347 58.1186 46.0694 -0.3227 57.0301 46.0694 -7.3758 57.0301
3 16 50.1319 -0.3227 58.1186 50.1319 -6.9347 58.1186 54.1944 -0.3227 57.0301
3 16 54.1944 -0.3227 57.0301 50.1319 -6.9347 58.1186 54.1944 -7.2545 57.0301
3 16 57.1684 -8.1241 54.0561 57.1684 -0.3227 54.0561 54.1944 -7.2545 57.0301
3 16 54.1944 -7.2545 57.0301 57.1684 -0.3227 54.0561 54.1944 -0.3227 57.0301
3 16 57.1684 -0.3227 54.0561 57.1684 -8.1241 54.0561 58.2569 -0.3227 49.9936
3 16 58.2569 -0.3227 49.9936 57.1684 -8.1241 54.0561 58.2569 -9.3022 49.9936
3 16 58.2569 -0.3227 49.9936 58.2569 -9.3022 49.9936 57.1684 -0.3227 45.9311
3 16 57.1684 -0.3227 45.9311 58.2569 -9.3022 49.9936 57.1684 -10.4694 45.9311
3 16 57.1684 -0.3227 45.9311 57.1684 -10.4694 45.9311 54.1944 -0.3227 42.9572
3 16 54.1944 -0.3227 42.9572 57.1684 -10.4694 45.9311 54.1944 -11.3172 42.9572
3 16 54.1944 -0.3227 42.9572 54.1944 -11.3172 42.9572 50.1319 -0.3227 41.8686
3 16 50.1319 -0.3227 41.8686 54.1944 -11.3172 42.9572 50.1319 -11.6261 41.8686
3 16 46.0694 -0.3227 42.9572 50.1319 -0.3227 41.8686 46.0694 -11.4362 42.9572
3 16 46.0694 -11.4362 42.9572 50.1319 -0.3227 41.8686 50.1319 -11.6261 41.8686
3 16 43.0955 -0.3227 45.9311 46.0694 -0.3227 42.9572 43.0955 -10.8277 45.9311
3 16 43.0955 -10.8277 45.9311 46.0694 -0.3227 42.9572 46.0694 -11.4362 42.9572
3 16 42.0069 -0.3227 49.9936 43.0955 -0.3227 45.9311 42.0069 -9.7825 49.9936
3 16 42.0069 -9.7825 49.9936 43.0955 -0.3227 45.9311 43.0955 -10.8277 45.9311
3 16 43.0955 -0.3227 54.0561 42.0069 -0.3227 49.9936 43.0955 -8.4864 54.0561
3 16 43.0955 -8.4864 54.0561 42.0069 -0.3227 49.9936 42.0069 -9.7825 49.9936
3 16 72.7083 -5.2031 52.57 75.5444 -5.8532 46.8665 73.2568 -7.2763 44.5788
3 16 72.7083 -5.2031 52.57 70.1318 -8.4137 43.7415 67.0068 -9.0603 44.5913
3 16 64.7191 -9.0603 46.8665 72.7083 -5.2031 52.57 67.0068 -9.0603 44.5913
3 16 72.7083 -5.2031 52.57 64.7191 -9.0603 46.8665 63.8818 -8.3713 49.9915
3 16 67.0068 -5.8114 55.4041 72.7083 -5.2031 52.57 64.7191 -7.2292 53.1165
3 16 77.1601 -7.2545 34.0561 81.6042 -5.25 34.8416 78.2487 -6.9347 29.9936
3 16 78.2487 -6.9347 29.9936 81.6042 -5.25 34.8416 81.9318 -5.25 30
3 16 74.1862 -8.1241 37.0301 79.9826 -5.25 41.1044 77.1601 -7.2545 34.0561
3 16 77.1601 -7.2545 34.0561 79.9826 -5.25 41.1044 81.6042 -5.25 34.8416
3 16 74.1862 -8.1241 37.0301 74.1943 -7.2584 42.9572 79.9826 -5.25 41.1044
3 16 79.9826 -5.25 41.1044 74.1943 -7.2584 42.9572 77.1682 -5.4031 45.9311
3 16 30.1319 -0.3227 58.1186 30.1319 -5.7115 58.1186 34.1944 -0.3227 57.0301
3 16 34.1944 -0.3227 57.0301 30.1319 -5.7115 58.1186 33.8478 -6.0559 57.1229
3 16 39.6049 -5.25 66.0125 33.75 -5.25 61.9729 30 -5.25 66.0125
3 16 30 -5.25 66.0125 33.75 -5.25 61.9729 30 -5.25 61.9729
3 16 61.972 -5.25 66.0125 61.0901 -5.25 59.9442 57.8997 -4.7962 66.0125
3 16 63.6251 -5.25 65.1804 61.0901 -5.25 59.9442 61.972 -5.25 66.0125
3 16 64.9695 -5.25 63.9085 61.0901 -5.25 59.9442 63.6251 -5.25 65.1804
3 16 64.9695 -5.25 63.9085 65.0884 0 63.9085 65.892 -5.25 62.3041
3 16 65.892 -5.25 62.3041 65.0884 0 63.9085 65.892 0 62.3041
3 16 65.0884 0 63.9085 64.9695 -5.25 63.9085 64.2773 0 65.1804
3 16 64.2773 0 65.1804 64.9695 -5.25 63.9085 63.6251 -5.25 65.1804
3 16 61.972 -5.25 66.0125 63.0803 0.0023 66.0125 63.6251 -5.25 65.1804
3 16 63.6251 -5.25 65.1804 63.0803 0.0023 66.0125 64.2773 0 65.1804
3 16 61.972 -5.25 66.0125 57.8997 -4.7962 66.0125 63.0803 0.0023 66.0125
3 16 63.0803 0.0023 66.0125 57.8997 -4.7962 66.0125 57.1766 -0.0066 66.0125
3 16 57.1766 -0.0066 66.0125 57.8997 -4.7962 66.0125 56.4368 -0.006 65.4155
3 16 56.4368 -0.006 65.4155 57.8997 -4.7962 66.0125 56.5433 -5.25 65.4056
3 16 49.975 0 66.0125 56.4368 -0.006 65.4155 49.975 -5.25 66.0125
3 16 49.975 -5.25 66.0125 56.4368 -0.006 65.4155 56.5433 -5.25 65.4056
3 16 39.6049 0 66.0125 49.975 0 66.0125 39.6049 -5.25 66.0125
3 16 39.6049 -5.25 66.0125 49.975 0 66.0125 49.975 -5.25 66.0125
3 16 39.6049 0 66.0125 39.6049 -5.25 66.0125 30 0 66.0125
3 16 30 0 66.0125 39.6049 -5.25 66.0125 30 -5.25 66.0125
3 16 70.4847 -3.8512 59.6016 70.9354 -4.8514 59.2842 68.9535 -5.25 60.6058
3 16 68.9535 -5.25 60.6058 70.9354 -4.8514 59.2842 71.8025 -5.25 58.6437
3 16 79.597 -3.8512 50.4802 80.5903 -5.25 48.9633 79.28 -4.8514 50.9312
3 16 80.5903 -5.25 48.9633 79.597 -3.8512 50.4802 79.795 -1.3988 50.1908
3 16 81.1384 -6.5353 49.1644 85.0674 -4.8 48.7439 84.0115 -4.8 50.5565
3 16 78.6403 -5.25 51.7991 78.2568 -5.1977 49.9936 77.1682 -5.1977 54.0561
3 16 78.6403 -5.25 51.7991 80.5903 -5.25 48.9633 78.2568 -5.1977 49.9936
3 16 50.1307 -9.6203 49.9739 55.5446 -8.6469 53.1186 56.3819 -9.5017 49.9936
3 16 50.1307 -9.6203 49.9739 56.3819 -9.5017 49.9936 55.5446 -10.3774 46.8686
3 16 55.5446 -10.3774 46.8686 53.2569 -11.0437 44.581 50.1307 -9.6203 49.9739
3 16 50.1307 -9.6203 49.9739 53.2569 -11.0437 44.581 50.1319 -11.3283 43.7436
3 16 53.2569 -8.0364 55.4063 50.1307 -9.6203 49.9739 50.1319 -7.8574 56.2436
3 16 47.0069 -11.1639 44.581 44.7193 -10.5925 46.8686 50.1307 -9.6203 49.9739
3 16 43.8819 -9.7554 49.9936 50.1307 -9.6203 49.9739 44.7193 -10.5925 46.8686
3 16 44.7193 -8.8672 53.1186 50.1307 -9.6203 49.9739 43.8819 -9.7554 49.9936
3 16 44.7193 -8.8672 53.1186 47.0069 -8.1622 55.4063 50.1307 -9.6203 49.9739
3 16 50.1307 -9.6203 49.9739 50.1319 -11.3283 43.7436 47.0069 -11.1639 44.581
3 16 50.1319 -7.8574 56.2436 50.1307 -9.6203 49.9739 47.0069 -8.1622 55.4063
3 16 85.3684 0 36.6489 89.1822 0 36.4999 85.9875 0 30
3 16 85.9875 0 30 89.1822 0 36.4999 90.1318 0 30
3 16 85.3684 0 36.6489 85.9875 0 37.978 89.1822 0 36.4999
3 16 85.9875 0 41.997 87.4476 0 43.1698 85.9875 0 37.978
3 16 85.9875 0 37.978 87.4476 0 43.1698 89.1822 0 36.4999
3 16 87.4476 0 43.1698 85.9875 0 41.997 85.1554 0 43.6501
3 16 65.892 0 62.3041 67.5054 0 65.6895 68.8127 0 60.6927
3 16 68.8127 0 60.6927 67.5054 0 65.6895 71.5319 0 63.4119
3 16 68.8127 0 60.6927 71.5319 0 63.4119 69.7349 -0.3986 60.1072
3 16 69.7349 -0.3986 60.1072 71.5319 0 63.4119 72.4376 -0.3986 62.8099
3 16 69.7349 -0.3986 60.1072 72.4376 -0.3986 62.8099 70.1956 -1.3988 59.7998
3 16 70.1956 -1.3988 59.7998 72.4376 -0.3986 62.8099 72.8907 -1.3988 62.495
3 16 70.1956 -1.3988 59.7998 72.8907 -1.3988 62.495 70.4847 -3.8512 59.6016
3 16 70.4847 -3.8512 59.6016 72.8907 -1.3988 62.495 73.1755 -3.8512 62.2923
3 16 70.4847 -3.8512 59.6016 73.1755 -3.8512 62.2923 70.9354 -4.8514 59.2842
3 16 70.9354 -4.8514 59.2842 73.1755 -3.8512 62.2923 73.5844 -4.8 62.013
3 16 71.8025 -5.25 58.6437 70.9354 -4.8514 59.2842 73.955 -5.25 60.7962
3 16 73.955 -5.25 60.7962 70.9354 -4.8514 59.2842 73.5844 -4.8 62.013
3 16 73.955 -5.25 60.7962 74.7515 -5.25 60.1598 71.8025 -5.25 58.6437
3 16 71.8025 -5.25 58.6437 74.7515 -5.25 60.1598 74.1943 -5.1977 57.0301
3 16 77.5885 -5.25 57.5885 74.1943 -5.1977 57.0301 74.7515 -5.25 60.1598
3 16 80.1598 -5.25 54.7515 77.1682 -5.1977 54.0561 77.5885 -5.25 57.5885
3 16 77.5885 -5.25 57.5885 77.1682 -5.1977 54.0561 74.1943 -5.1977 57.0301
3 16 77.1682 -5.1977 54.0561 80.1598 -5.25 54.7515 78.6403 -5.25 51.7991
3 16 78.6403 -5.25 51.7991 80.1598 -5.25 54.7515 80.7962 -5.25 53.955
3 16 78.6403 -5.25 51.7991 80.7962 -5.25 53.955 79.28 -4.8514 50.9312
3 16 79.28 -4.8514 50.9312 80.7962 -5.25 53.955 82.013 -4.8 53.5844
3 16 82.013 -4.8 53.5844 82.2882 -3.8512 53.1714 79.28 -4.8514 50.9312
3 16 79.28 -4.8514 50.9312 82.2882 -3.8512 53.1714 79.597 -3.8512 50.4802
3 16 82.2882 -3.8512 53.1714 82.4907 -1.3988 52.8864 79.597 -3.8512 50.4802
3 16 79.597 -3.8512 50.4802 82.4907 -1.3988 52.8864 79.795 -1.3988 50.1908
3 16 82.4907 -1.3988 52.8864 82.8052 -0.3986 52.4329 79.795 -1.3988 50.1908
3 16 79.795 -1.3988 50.1908 82.8052 -0.3986 52.4329 80.102 -0.3986 49.7297
3 16 82.8052 -0.3986 52.4329 83.4065 0 51.5265 80.102 -0.3986 49.7297
3 16 80.102 -0.3986 49.7297 83.4065 0 51.5265 80.6867 0 48.8067
3 16 65.892 0 62.3041 65.0884 0 63.9085 67.5054 0 65.6895
3 16 64.2773 0 65.1804 67.5054 0 65.6895 65.0884 0 63.9085
3 16 49.975 0 69.9936 57.1965 0 69.1012 49.975 0 66.0125
3 16 49.975 0 66.0125 57.1965 0 69.1012 56.4368 -0.006 65.4155
3 16 49.975 0 69.9936 49.975 0 66.0125 39.6049 0 69.9936
3 16 39.6049 0 69.9936 49.975 0 66.0125 39.6049 0 66.0125
3 16 30 0 69.9936 39.6049 0 69.9936 30 0 66.0125
3 16 30 0 66.0125 39.6049 0 69.9936 39.6049 0 66.0125
3 16 57.1965 0 69.1012 57.1766 -0.0066 66.0125 56.4368 -0.006 65.4155
3 16 83.8835 0 44.9945 82.2791 0 45.9169 85.0674 0 48.7439
3 16 85.3684 -5.25 36.6489 85.3684 0 36.6489 85.9875 -5.25 30
3 16 85.9875 -5.25 30 85.3684 0 36.6489 85.9875 0 30
3 16 85.3684 -5.25 36.6489 85.9875 -5.25 37.978 85.3684 0 36.6489
3 16 85.3684 0 36.6489 85.9875 -5.25 37.978 85.9875 0 37.978
3 16 85.1554 -5.25 43.6501 83.8835 -5.25 44.9945 85.1554 0 43.6501
3 16 85.1554 0 43.6501 83.8835 -5.25 44.9945 83.8835 0 44.9945
3 16 80.5903 -5.25 48.9633 80.102 -0.3986 49.7297 80.6867 0 48.8067
3 16 79.9826 -5.25 41.1044 85.1554 -5.25 43.6501 85.9875 -5.25 41.997
3 16 79.9826 -5.25 41.1044 83.8835 -5.25 44.9945 85.1554 -5.25 43.6501
3 16 63.0872 -0.3227 34.0561 61.9987 -0.3227 29.9936 63.0872 -11.3172 34.0561
3 16 63.0872 -11.3172 34.0561 61.9987 -0.3227 29.9936 61.9987 -11.6261 29.9936
3 16 66.0612 -0.3227 37.0301 63.0872 -0.3227 34.0561 66.0612 -10.4694 37.0301
3 16 66.0612 -10.4694 37.0301 63.0872 -0.3227 34.0561 63.0872 -11.3172 34.0561
3 16 70.1237 -0.3227 38.1186 66.0612 -0.3227 37.0301 70.1237 -9.3022 38.1186
3 16 70.1237 -9.3022 38.1186 66.0612 -0.3227 37.0301 66.0612 -10.4694 37.0301
3 16 74.1862 -0.3227 37.0301 70.1237 -0.3227 38.1186 74.1862 -8.1241 37.0301
3 16 74.1862 -8.1241 37.0301 70.1237 -0.3227 38.1186 70.1237 -9.3022 38.1186
3 16 77.1601 -0.3227 34.0561 74.1862 -0.3227 37.0301 77.1601 -7.2545 34.0561
3 16 77.1601 -7.2545 34.0561 74.1862 -0.3227 37.0301 74.1862 -8.1241 37.0301
3 16 78.2487 -0.3227 29.9936 77.1601 -0.3227 34.0561 78.2487 -6.9347 29.9936
3 16 78.2487 -6.9347 29.9936 77.1601 -0.3227 34.0561 77.1601 -7.2545 34.0561
3 16 78.2568 -0.3227 49.9936 77.1682 -0.3227 54.0561 78.2568 -5.1977 49.9936
3 16 78.2568 -5.1977 49.9936 77.1682 -0.3227 54.0561 77.1682 -5.1977 54.0561
3 16 77.1682 -0.3227 45.9311 77.1682 -5.4031 45.9311 74.1943 -0.3227 42.9572
3 16 74.1943 -0.3227 42.9572 77.1682 -5.4031 45.9311 74.1943 -7.2584 42.9572
3 16 74.1943 -0.3227 42.9572 74.1943 -7.2584 42.9572 70.1318 -0.3227 41.8686
3 16 70.1318 -0.3227 41.8686 74.1943 -7.2584 42.9572 70.1318 -8.7759 41.8686
3 16 70.1318 -0.3227 41.8686 70.1318 -8.7759 41.8686 66.0693 -0.3227 42.9572
3 16 66.0693 -0.3227 42.9572 70.1318 -8.7759 41.8686 66.0693 -9.6451 42.9572
3 16 63.0953 -0.3227 45.9311 66.0693 -0.3227 42.9572 63.0953 -9.6443 45.9311
3 16 63.0953 -9.6443 45.9311 66.0693 -0.3227 42.9572 66.0693 -9.6451 42.9572
3 16 62.0068 -0.3227 49.9936 63.0953 -0.3227 45.9311 62.0068 -8.7759 49.9936
3 16 62.0068 -8.7759 49.9936 63.0953 -0.3227 45.9311 63.0953 -9.6443 45.9311
3 16 63.0953 -0.3227 54.0561 62.0068 -0.3227 49.9936 63.0953 -7.2637 54.0561
3 16 63.0953 -7.2637 54.0561 62.0068 -0.3227 49.9936 62.0068 -8.7759 49.9936
3 16 66.0693 -0.3227 57.0301 66.0693 -5.4043 57.0301 66.8947 -5.1962 57.2266
3 16 66.0693 -0.3227 57.0301 66.8947 -5.1962 57.2266 70.1318 -0.3227 58.1186
3 16 70.1318 -0.3227 58.1186 66.8947 -5.1962 57.2266 70.1318 -5.1977 58.1186
3 16 39.6049 -4.8 69.9936 30 -4.8 69.9936 39.4481 -9.1596 61.2902
3 16 39.4481 -9.1596 61.2902 30 -4.8 69.9936 30.0378 -9.1256 61.3625
3 16 49.975 -4.8 69.9936 39.6049 -4.8 69.9936 48.7429 -9.2278 61.1444
3 16 48.7429 -9.2278 61.1444 39.6049 -4.8 69.9936 39.4481 -9.1596 61.2902
3 16 57.1737 -9.062 60.6501 57.1965 -4.8 69.1012 48.7429 -9.2278 61.1444
3 16 48.7429 -9.2278 61.1444 57.1965 -4.8 69.1012 49.975 -4.8 69.9936
3 16 65.2056 -8.17 59.7844 65.3483 -4.7477 66.7294 57.1737 -9.062 60.6501
3 16 57.1737 -9.062 60.6501 65.3483 -4.7477 66.7294 57.1965 -4.8 69.1012
3 16 71.3686 -6.2367 60.4708 70.6868 -4.8 63.9423 65.2056 -8.17 59.7844
3 16 65.2056 -8.17 59.7844 70.6868 -4.8 63.9423 65.3483 -4.7477 66.7294
3 16 77.5885 -5.25 57.5885 74.7515 -5.25 60.1598 73.1028 -7.0694 57.251
3 16 81.1384 -6.5353 49.1644 84.0115 -4.8 50.5565 80.7962 -5.25 53.955
3 16 80.7962 -5.25 53.955 84.0115 -4.8 50.5565 82.013 -4.8 53.5844
3 16 82.2882 -3.8512 53.1714 84.0115 -4.8 50.5565 82.4907 -1.3988 52.8864
3 16 84.0115 -4.8 50.5565 82.8052 -0.3986 52.4329 82.4907 -1.3988 52.8864
3 16 82.8052 -0.3986 52.4329 84.0115 -4.8 50.5565 83.4065 0 51.5265
3 16 82.013 -4.8 6.4156 82.2882 -3.8512 6.8286 84.0115 -4.8 9.4435
3 16 73.1755 -3.8512 62.2923 72.8907 -1.3988 62.495 70.6868 -4.8 63.9423
3 16 72.8907 -1.3988 62.495 72.4376 -0.3986 62.8099 70.6868 -4.8 63.9423
3 16 72.4376 -0.3986 62.8099 71.5319 0 63.4119 70.6868 -4.8 63.9423
3 16 71.5319 0 63.4119 67.5054 0 65.6895 70.6868 -4.8 63.9423
3 16 70.6868 -4.8 63.9423 67.5054 0 65.6895 65.3483 -4.7477 66.7294
3 16 65.3483 -4.7477 66.7294 67.5054 0 65.6895 62.4549 0 67.7096
3 16 65.3483 -4.7477 66.7294 62.4549 0 67.7096 57.1965 -4.8 69.1012
3 16 57.1965 -4.8 69.1012 62.4549 0 67.7096 57.1965 0 69.1012
3 16 57.1965 -4.8 69.1012 57.1965 0 69.1012 49.975 -4.8 69.9936
3 16 49.975 -4.8 69.9936 57.1965 0 69.1012 49.975 0 69.9936
3 16 49.975 0 69.9936 39.6049 0 69.9936 49.975 -4.8 69.9936
3 16 49.975 -4.8 69.9936 39.6049 0 69.9936 39.6049 -4.8 69.9936
3 16 39.6049 -4.8 69.9936 39.6049 0 69.9936 30 -4.8 69.9936
3 16 30 -4.8 69.9936 39.6049 0 69.9936 30 0 69.9936
3 16 82.9985 -7.6131 40.2457 87.4476 -4.8 43.1698 81.1384 -6.5353 49.1644
3 16 81.1384 -6.5353 49.1644 87.4476 -4.8 43.1698 85.0674 -4.8 48.7439
3 16 82.9985 -7.6131 40.2457 83.764 -8.0599 29.9852 89.4038 -4.8 36.6695
3 16 89.4038 -4.8 36.6695 83.764 -8.0599 29.9852 90.1318 -4.8 30
3 16 89.4056 -4.8 23.2145 82.8167 -7.6842 19.676 87.4507 -4.8 16.6206
3 16 85.0674 -4.8 11.2561 87.4507 -4.8 16.6206 81.2624 -6.4905 10.6939
3 16 81.2624 -6.4905 10.6939 87.4507 -4.8 16.6206 82.8167 -7.6842 19.676
3 16 84.0115 -4.8 9.4435 85.0674 -4.8 11.2561 81.2624 -6.4905 10.6939
3 16 39.6049 -4.8 -10.0064 39.4481 -9.1596 -1.2902 30 -4.8 -10.0064
3 16 30 -4.8 -10.0064 39.4481 -9.1596 -1.2902 30.0378 -9.1256 -1.3624
3 16 39.4481 -9.1596 -1.2902 39.6049 -4.8 -10.0064 48.7429 -9.2278 -1.1444
3 16 48.7429 -9.2278 -1.1444 39.6049 -4.8 -10.0064 49.975 -4.8 -10.0064
3 16 49.975 -4.8 -10.0064 57.1965 -4.8 -9.1012 48.7429 -9.2278 -1.1444
3 16 48.7429 -9.2278 -1.1444 57.1965 -4.8 -9.1012 57.1737 -9.062 -0.6501
3 16 57.1965 -4.8 -9.1012 65.3483 -4.7477 -6.7421 57.1737 -9.062 -0.6501
3 16 57.1737 -9.062 -0.6501 65.3483 -4.7477 -6.7421 65.2056 -8.17 0.2156
3 16 65.3483 -4.7477 -6.7421 70.6868 -4.8 -3.9423 65.2056 -8.17 0.2156
3 16 65.2056 -8.17 0.2156 70.6868 -4.8 -3.9423 71.2869 -6.1919 -0.6261
3 16 70.6868 -4.8 -3.9423 73.5844 -4.8 -2.013 71.2869 -6.1919 -0.6261
3 16 71.2869 -6.1919 -0.6261 73.5844 -4.8 -2.013 73.955 -5.25 -0.7962
3 16 82.013 -4.8 53.5844 84.0115 -4.8 50.5565 82.2882 -3.8512 53.1714
3 16 83.4065 0 51.5265 84.0115 -4.8 50.5565 85.0674 0 48.7439
3 16 85.0674 0 48.7439 84.0115 -4.8 50.5565 85.0674 -4.8 48.7439
3 16 85.0674 -4.8 48.7439 87.4476 -4.8 43.1698 85.0674 0 48.7439
3 16 85.0674 0 48.7439 87.4476 -4.8 43.1698 87.4476 0 43.1698
3 16 89.1822 0 36.4999 87.4476 0 43.1698 89.4038 -4.8 36.6695
3 16 89.4038 -4.8 36.6695 87.4476 0 43.1698 87.4476 -4.8 43.1698
3 16 89.4038 -4.8 36.6695 90.1318 -4.8 30 89.1822 0 36.4999
3 16 89.1822 0 36.4999 90.1318 -4.8 30 90.1318 0 30
3 16 73.2568 -0.3227 44.5788 75.5444 -0.3227 46.8665 74.1943 -0.3227 42.9572
3 16 74.1943 -0.3227 42.9572 75.5444 -0.3227 46.8665 77.1682 -0.3227 45.9311
3 16 70.1318 -0.3227 41.8686 70.1318 -0.3227 43.7415 74.1943 -0.3227 42.9572
3 16 74.1943 -0.3227 42.9572 70.1318 -0.3227 43.7415 73.2568 -0.3227 44.5788
3 16 66.0693 -0.3227 42.9572 67.0068 -0.3227 44.5788 70.1318 -0.3227 41.8686
3 16 70.1318 -0.3227 41.8686 67.0068 -0.3227 44.5788 70.1318 -0.3227 43.7415
3 16 63.0953 -0.3227 45.9311 64.7191 -0.3227 46.8665 66.0693 -0.3227 42.9572
3 16 66.0693 -0.3227 42.9572 64.7191 -0.3227 46.8665 67.0068 -0.3227 44.5788
3 16 62.0068 -0.3227 49.9936 63.8818 -0.3227 49.9915 63.0953 -0.3227 45.9311
3 16 63.0953 -0.3227 45.9311 63.8818 -0.3227 49.9915 64.7191 -0.3227 46.8665
3 16 63.0953 -0.3227 54.0561 64.7191 -0.3227 53.1165 62.0068 -0.3227 49.9936
3 16 62.0068 -0.3227 49.9936 64.7191 -0.3227 53.1165 63.8818 -0.3227 49.9915
3 16 66.0693 -0.3227 57.0301 67.0068 -0.3227 55.4041 63.0953 -0.3227 54.0561
3 16 63.0953 -0.3227 54.0561 67.0068 -0.3227 55.4041 64.7191 -0.3227 53.1165
3 16 70.1318 -0.3227 58.1186 70.1318 -0.3227 56.2415 66.0693 -0.3227 57.0301
3 16 66.0693 -0.3227 57.0301 70.1318 -0.3227 56.2415 67.0068 -0.3227 55.4041
3 16 74.1943 -0.3227 57.0301 73.2568 -0.3227 55.4041 70.1318 -0.3227 58.1186
3 16 70.1318 -0.3227 58.1186 73.2568 -0.3227 55.4041 70.1318 -0.3227 56.2415
3 16 75.5444 -0.3227 53.1165 73.2568 -0.3227 55.4041 77.1682 -0.3227 54.0561
3 16 77.1682 -0.3227 54.0561 73.2568 -0.3227 55.4041 74.1943 -0.3227 57.0301
3 16 76.3818 -0.3227 49.9915 75.5444 -0.3227 53.1165 78.2568 -0.3227 49.9936
3 16 78.2568 -0.3227 49.9936 75.5444 -0.3227 53.1165 77.1682 -0.3227 54.0561
3 16 75.5444 -0.3227 46.8665 76.3818 -0.3227 49.9915 77.1682 -0.3227 45.9311
3 16 77.1682 -0.3227 45.9311 76.3818 -0.3227 49.9915 78.2568 -0.3227 49.9936
3 16 78.2568 -5.1977 49.9936 80.5903 -5.25 48.9633 77.3862 -5.1958 46.7115
3 16 77.1682 -0.3227 45.9311 78.2568 -0.3227 49.9936 77.3862 -5.1958 46.7115
3 16 77.3862 -5.1958 46.7115 78.2568 -0.3227 49.9936 78.2568 -5.1977 49.9936
3 16 77.1682 -0.3227 14.0561 77.3749 -5.1956 13.2509 78.2568 -0.3227 9.9936
3 16 78.2568 -0.3227 9.9936 77.3749 -5.1956 13.2509 78.2568 -5.1977 9.9936
3 16 76.3438 -0.3231 9.9861 75.5444 -0.3227 13.1208 78.2568 -0.3227 9.9936
3 16 78.2568 -0.3227 9.9936 75.5444 -0.3227 13.1208 77.1682 -0.3227 14.0561
3 16 33.7317 0 -4.445 33.7317 -2 -4.445 36.9906 0 -6.0125
3 16 36.9906 0 -6.0125 33.7317 -2 -4.445 36.9906 -5.25 -6.0125
3 16 39.6049 0 -10.0064 33.2043 0 -5.8708 36.9906 0 -6.0125
3 16 36.9906 0 -6.0125 33.2043 0 -5.8708 33.7317 0 -4.445
3 16 32.2179 -5.2509 -1.9708 31.8456 -5.25 -4.0274 30 -5.25 -1.975
3 16 30 -5.25 -1.975 31.8456 -5.25 -4.0274 30 -5.25 -3.875
3 16 31.8456 -5.25 -4.0274 31.2344 -1.2575 -3.9361 30 -5.25 -3.875
3 16 30 -5.25 -3.875 31.2344 -1.2575 -3.9361 30 -1.2575 -3.875
3 16 36.9906 -5.25 -6.0125 33.7317 -2 -4.445 31.8456 -5.25 -4.0274
3 16 31.8456 -5.25 -4.0274 33.7317 -2 -4.445 32.5047 -2 -4.1285
3 16 31.9912 -1.2575 -4.0346 32.5047 -2 -4.1285 31.7734 -1.2575 -4.7944
3 16 31.7734 -1.2575 -4.7944 32.5047 -2 -4.1285 32.235 -2 -5.0337
3 16 30.9112 -1.2376 -5.6533 31.2344 -1.2575 -3.9361 31.7734 -1.2575 -4.7944
3 16 31.7734 -1.2575 -4.7944 31.2344 -1.2575 -3.9361 31.9912 -1.2575 -4.0346
3 16 31.8316 0 -7.1601 30 0 -7.6744 31.7971 -2 -7.1718
3 16 31.7971 -2 -7.1718 30 0 -7.6744 30 -2 -7.65
3 16 30.9112 -1.2376 -5.6533 31.125 -2 -6.12 30 -1.2575 -5.8709
3 16 30 -1.2575 -5.8709 31.125 -2 -6.12 30 -2 -6.3891
3 16 31.2344 -1.2575 -3.9361 31.8456 -5.25 -4.0274 31.9912 -1.2575 -4.0346
3 16 31.8456 -5.25 -4.0274 32.5047 -2 -4.1285 31.9912 -1.2575 -4.0346
3 16 31.2344 -1.2575 -3.9361 30.9112 -1.2376 -5.6533 30 -1.2575 -3.875
3 16 30 -1.2575 -3.875 30.9112 -1.2376 -5.6533 30 -1.2575 -5.8709
3 16 31.7971 -2 -7.1718 31.125 -2 -6.12 33.2043 -2 -5.8708
3 16 33.2043 -2 -5.8708 31.125 -2 -6.12 32.235 -2 -5.0337
3 16 31.7971 -2 -7.1718 33.2043 -2 -5.8708 31.8316 0 -7.1601
3 16 31.8316 0 -7.1601 33.2043 -2 -5.8708 33.2043 0 -5.8708
3 16 33.7317 -2 -4.445 33.7317 0 -4.445 33.2043 -2 -5.8708
3 16 33.2043 -2 -5.8708 33.7317 0 -4.445 33.2043 0 -5.8708
3 16 32.5047 -2 -4.1285 33.7317 -2 -4.445 32.235 -2 -5.0337
3 16 32.235 -2 -5.0337 33.7317 -2 -4.445 33.2043 -2 -5.8708
3 16 31.125 -2 -6.12 30.9112 -1.2376 -5.6533 32.235 -2 -5.0337
3 16 32.235 -2 -5.0337 30.9112 -1.2376 -5.6533 31.7734 -1.2575 -4.7944
3 16 30 -2 -6.3891 31.125 -2 -6.12 30 -2 -7.65
3 16 30 -2 -7.65 31.125 -2 -6.12 31.7971 -2 -7.1718
3 16 73.2569 -8.6638 35.4063 75.5446 -7.9935 33.1186 70.1237 -9.5391 29.9936
3 16 70.1319 -9.5368 36.2436 70.1237 -9.5391 29.9936 67.0069 -10.3887 35.4063
3 16 75.5446 -7.9935 26.8686 73.2569 -8.6638 24.581 70.1237 -9.5391 29.9936
3 16 76.3819 -7.7515 29.9936 70.1237 -9.5391 29.9936 75.5446 -7.9935 33.1186
3 16 50.1319 -12.3802 36.2436 50.1336 -12.3802 29.9936 47.0069 -12.4359 35.4063
3 16 53.2569 -12.3244 35.4063 55.5446 -12.2815 33.1186 50.1336 -12.3802 29.9936
3 16 55.5446 -12.2815 26.8686 53.2569 -12.3244 24.581 50.1336 -12.3802 29.9936
3 16 56.3819 -12.2659 29.9936 50.1336 -12.3802 29.9936 55.5446 -12.2815 33.1186
3 16 33.2569 -11.0467 44.581 30.1319 -9.5169 49.9478 35.5445 -10.3795 46.8686
3 16 30.1319 -9.5169 49.9478 36.3819 -9.5248 49.9936 35.5445 -10.3795 46.8686
3 16 36.3819 -9.5248 49.9936 30.1319 -9.5169 49.9478 35.5445 -8.6594 53.1186
3 16 35.5445 -8.6594 53.1186 30.1319 -9.5169 49.9478 33.2569 -7.9686 55.4063
3 16 30.1319 -7.7382 3.7436 30.1319 -9.5167 10.0395 33.2569 -8.0489 4.581
3 16 35.5445 -8.8037 6.8686 33.2569 -8.0489 4.581 30.1319 -9.5167 10.0395
3 16 30.1319 -12.5776 29.9936 35.5445 -12.6133 33.1186 36.3819 -12.6188 29.9936
3 16 33.2569 -12.5982 35.4063 35.5445 -12.6133 33.1186 30.1319 -12.5776 29.9936
3 16 33.2569 -12.5982 35.4063 30.1319 -12.5776 29.9936 30.1319 -12.5776 36.2436
3 16 70.1318 -5.1977 58.1186 68.9535 -5.25 60.6058 71.8025 -5.25 58.6437
3 16 64.9695 -5.25 63.9085 65.892 -5.25 62.3041 61.0901 -5.25 59.9442
3 16 61.0901 -5.25 59.9442 65.892 -5.25 62.3041 66.8947 -5.1962 57.2266
3 16 57.1965 0 69.1012 62.4549 0 67.7096 57.1766 -0.0066 66.0125
3 16 57.1766 -0.0066 66.0125 62.4549 0 67.7096 63.0803 0.0023 66.0125
3 16 89.2175 0 22.9977 85.9875 0 22.022 85.3684 0 23.3511
3 16 82.2791 0 14.0831 85.0674 0 11.2561 80.6867 0 11.1933
3 16 80.6867 0 11.1933 85.0674 0 11.2561 83.4065 0 8.4735
3 16 85.1554 0 43.6501 83.8835 0 44.9945 87.4476 0 43.1698
3 16 87.4476 0 43.1698 83.8835 0 44.9945 85.0674 0 48.7439
3 16 68.9535 -5.25 60.6058 69.7349 -0.3986 60.1072 70.1956 -1.3988 59.7998
3 16 68.9535 -5.25 60.6058 68.8127 0 60.6927 69.7349 -0.3986 60.1072
3 16 70.4847 -3.8512 59.6016 68.9535 -5.25 60.6058 70.1956 -1.3988 59.7998
3 16 68.9535 -5.25 60.6058 65.892 -5.25 62.3041 68.8127 0 60.6927
3 16 68.8127 0 60.6927 65.892 -5.25 62.3041 65.892 0 62.3041
3 16 77.3749 -5.1956 13.2509 79.9826 -5.25 18.8957 82.2791 -5.25 14.0831
3 16 73.955 -5.25 -0.7962 74.7515 -5.25 -0.1598 71.2869 -6.1919 -0.6261
3 16 71.2869 -6.1919 -0.6261 74.7515 -5.25 -0.1598 73.0379 -7.001 2.5247
3 16 73.1028 -7.0694 57.251 74.7515 -5.25 60.1598 71.3686 -6.2367 60.4708
3 16 71.3686 -6.2367 60.4708 74.7515 -5.25 60.1598 73.955 -5.25 60.7962
3 16 72.7083 -5.2031 52.57 73.2568 -7.2763 44.5788 70.1318 -8.4137 43.7415
3 16 64.7191 -7.2292 53.1165 72.7083 -5.2031 52.57 63.8818 -8.3713 49.9915
3 16 75.5444 -5.1963 53.1165 76.3818 -5.1964 49.9915 72.7083 -5.2031 52.57
3 16 73.2568 -5.198 55.4041 72.7083 -5.2031 52.57 70.1318 -5.1475 56.2415
3 16 72.7083 -5.2031 7.4172 67.0068 -9.0603 15.396 70.1318 -8.4137 16.2458
3 16 63.8818 -8.3713 9.9958 64.7191 -9.0603 13.1208 72.7083 -5.2031 7.4172
3 16 73.2568 -5.198 4.5831 70.1318 -5.1475 3.7458 72.7083 -5.2031 7.4172
3 16 75.5444 -5.1963 6.8708 72.7083 -5.2031 7.4172 76.3438 -5.1963 9.9861
3 16 34.1944 -7.4637 2.9572 32.2179 -5.2509 -1.9708 30.1319 -6.9738 1.8686
3 16 30.1319 -6.9738 1.8686 32.2179 -5.2509 -1.9708 30 -5.25 -1.975
3 16 77.1601 -7.2545 25.9311 78.2487 -6.9347 29.9936 81.2587 -5.25 24.4933
3 16 81.2587 -5.25 24.4933 78.2487 -6.9347 29.9936 81.9318 -5.25 30
3 16 80.1598 -5.25 54.7515 75.3776 -8.3228 51.3988 80.7962 -5.25 53.955
3 16 81.1384 -6.5353 49.1644 80.7962 -5.25 53.955 75.3776 -8.3228 51.3988
3 16 20.7417 -12.8139 8.4681 11.5823 -12.8242 8.5532 20.5928 -9.1512 -1.3078
3 16 20.5928 -9.1512 -1.3078 11.5823 -12.8242 8.5532 11.1871 -9.1562 -1.289
3 16 20.7295 -15.0398 19.0253 20.7417 -12.8139 8.4681 30.019 -15.0388 19.0183
3 16 30.019 -15.0388 19.0183 20.7417 -12.8139 8.4681 30.0216 -12.8208 8.4391
3 16 20.7417 -12.8139 8.4681 20.7295 -15.0398 19.0253 11.5823 -12.8242 8.5532
3 16 11.5823 -12.8242 8.5532 20.7295 -15.0398 19.0253 11.4928 -15.0413 19.0317
3 16 20.6873 -15.98 30 20.7295 -15.0398 19.0253 30.0168 -15.98 30
3 16 30.0168 -15.98 30 20.7295 -15.0398 19.0253 30.019 -15.0388 19.0183
3 16 20.7295 -15.0398 19.0253 20.6873 -15.98 30 11.4928 -15.0413 19.0317
3 16 11.4928 -15.0413 19.0317 20.6873 -15.98 30 11.3921 -15.98 30
3 16 -15.2326 -10.7582 19.3003 -15.5924 -11.5583 30 -22.8166 -7.6842 19.676
3 16 -22.8166 -7.6842 19.676 -15.5924 -11.5583 30 -23.764 -8.0599 29.9852
3 16 -17.993 -5.1977 9.9936 -16.9045 -5.1977 5.9311 -18.6403 -5.25 8.2009
3 16 -20.5903 -5.25 11.0368 -18.6403 -5.25 8.2009 -19.28 -4.8514 9.0688
3 16 -13.9224 -8.1241 22.9572 -19.9826 -5.25 18.8957 -16.8964 -7.2545 25.9311
3 16 -16.8964 -7.2545 25.9311 -19.9826 -5.25 18.8957 -21.2587 -5.25 24.4933
3 16 -11.8025 -5.25 1.3563 -9.868 -5.1977 1.8686 -10.1731 -5.25 0.2341
3 16 30.0216 -12.8208 8.4391 20.7417 -12.8139 8.4681 30.0378 -9.1256 -1.3624
3 16 30.0378 -9.1256 -1.3624 20.7417 -12.8139 8.4681 20.5928 -9.1512 -1.3078
3 16 -4.9695 -5.25 -3.9085 -5.0884 0 -3.9085 -5.8919 -5.25 -2.3041
3 16 -5.8919 -5.25 -2.3041 -5.0884 0 -3.9085 -5.8919 0 -2.3041
3 16 -7.5054 0 -5.6895 -4.2772 0 -5.1804 -2.4549 0 -7.7096
3 16 -2.4549 0 -7.7096 -4.2772 0 -5.1804 -3.0802 0.0023 -6.0125
3 16 -4.2772 0 -5.1804 -7.5054 0 -5.6895 -5.0884 0 -3.9085
3 16 -10.1956 -1.3988 0.2002 -10.1731 -5.25 0.2341 -9.7349 -0.3986 -0.1072
3 16 -24.0115 -4.8 9.4435 -22.8052 -0.3986 7.5671 -22.4907 -1.3988 7.1136
3 16 -20.6867 0 11.1933 -20.5903 -5.25 11.0368 -20.102 -0.3986 10.2703
3 16 -22.2791 0 14.0831 -25.0674 0 11.2561 -23.8835 0 15.0055
3 16 -20.1598 -5.25 5.2485 -15.354 -8.3283 8.5923 -20.7962 -5.25 6.045
3 16 -20.7962 -5.25 6.045 -15.354 -8.3283 8.5923 -21.2624 -6.4905 10.6939
3 16 -23.8835 -5.25 15.0055 -25.1554 -5.25 16.3499 -19.9826 -5.25 18.8957
3 16 -25.1554 -5.25 16.3499 -23.8835 -5.25 15.0055 -25.1554 0 16.3499
3 16 -25.1554 0 16.3499 -23.8835 -5.25 15.0055 -23.8835 0 15.0055
3 16 3.4568 -5.25 -5.4056 10.025 -5.25 -6.0125 3.5633 -0.006 -5.4155
3 16 3.5633 -0.006 -5.4155 10.025 -5.25 -6.0125 10.025 0 -6.0125
3 16 3.0954 -12.1076 25.9311 -0.1107 -10.9637 19.8076 -2.8235 -11.3172 25.9311
3 16 -2.8235 -11.3172 25.9311 -0.1107 -10.9637 19.8076 -5.7974 -10.4694 22.9572
3 16 2.0068 -12.1076 29.9936 3.0954 -12.1076 25.9311 -1.7349 -11.6261 29.9936
3 16 -1.7349 -11.6261 29.9936 3.0954 -12.1076 25.9311 -2.8235 -11.3172 25.9311
3 16 26.0694 -0.3227 17.0301 26.0694 -11.4362 17.0301 30.1319 -0.3227 18.1186
3 16 30.1319 -0.3227 18.1186 26.0694 -11.4362 17.0301 30.1319 -11.6261 18.1186
3 16 23.0954 -0.3227 14.0561 23.0954 -10.8277 14.0561 26.0694 -0.3227 17.0301
3 16 26.0694 -0.3227 17.0301 23.0954 -10.8277 14.0561 26.0694 -11.4362 17.0301
3 16 22.0069 -0.3227 9.9936 22.0069 -9.7825 9.9936 23.0954 -0.3227 14.0561
3 16 23.0954 -0.3227 14.0561 22.0069 -9.7825 9.9936 23.0954 -10.8277 14.0561
3 16 23.0954 -0.3227 25.9311 23.0954 -12.4602 25.9311 22.0069 -0.3227 29.9936
3 16 22.0069 -0.3227 29.9936 23.0954 -12.4602 25.9311 22.0069 -12.5777 29.9936
3 16 30.1319 -0.3227 21.8686 30.1319 -12.1076 21.8686 26.0694 -0.3227 22.9572
3 16 26.0694 -0.3227 22.9572 30.1319 -12.1076 21.8686 26.0694 -12.2251 22.9572
3 16 -16.9045 -0.3227 5.9311 -16.9045 -5.1977 5.9311 -17.993 -0.3227 9.9936
3 16 -17.993 -0.3227 9.9936 -16.9045 -5.1977 5.9311 -17.993 -5.1977 9.9936
3 16 26.0694 -11.4362 17.0301 23.0954 -10.8277 14.0561 25.3143 -11.9189 19.992
3 16 25.3143 -11.9189 19.992 23.0954 -10.8277 14.0561 20.0198 -11.9168 19.9637
3 16 0.4285 -5.25 -0.5066 -1.972 -5.25 -6.0125 -3.6251 -5.25 -5.1804
3 16 0.4285 -5.25 -0.5066 -3.6251 -5.25 -5.1804 -4.9695 -5.25 -3.9085
3 16 0.4285 -5.25 -0.5066 -4.9695 -5.25 -3.9085 -2.6087 -5.25 0.6183
3 16 -2.6087 -5.25 0.6183 -4.9695 -5.25 -3.9085 -5.8919 -5.25 -2.3041
3 16 -11.8025 -5.25 1.3563 -10.9354 -4.8514 0.7158 -13.955 -5.25 -0.7962
3 16 -13.955 -5.25 -0.7962 -10.9354 -4.8514 0.7158 -13.5844 -4.8 -2.013
3 16 -22.013 -4.8 6.4156 -19.28 -4.8514 9.0688 -20.7962 -5.25 6.045
3 16 -20.7962 -5.25 6.045 -19.28 -4.8514 9.0688 -18.6403 -5.25 8.2009
3 16 -13.955 -5.25 -0.7962 -14.7515 -5.25 -0.1598 -11.8025 -5.25 1.3563
3 16 -11.8025 -5.25 1.3563 -14.7515 -5.25 -0.1598 -13.9305 -5.1977 2.9572
3 16 -13.9305 -5.1977 2.9572 -14.7515 -5.25 -0.1598 -17.5885 -5.25 2.4115
3 16 -16.9045 -5.1977 5.9311 -20.1598 -5.25 5.2485 -18.6403 -5.25 8.2009
3 16 -18.6403 -5.25 8.2009 -20.1598 -5.25 5.2485 -20.7962 -5.25 6.045
3 16 -13.9305 -5.1977 2.9572 -17.5885 -5.25 2.4115 -16.9045 -5.1977 5.9311
3 16 -16.9045 -5.1977 5.9311 -17.5885 -5.25 2.4115 -20.1598 -5.25 5.2485
3 16 3.4568 -5.25 -5.4056 2.0318 -5.2501 -6.0125 3.5639 -5.25 -1.3184
3 16 3.5639 -5.25 -1.3184 2.0318 -5.2501 -6.0125 0.4285 -5.25 -0.5066
3 16 10.025 -5.25 -6.0125 3.4568 -5.25 -5.4056 10 -5.25 -1.9729
3 16 10 -5.25 -1.9729 3.4568 -5.25 -5.4056 3.5639 -5.25 -1.3184
3 16 23.0094 -5.25 -6.0125 10.025 -5.25 -6.0125 17.0728 -5.25 -1.9729
3 16 17.0728 -5.25 -1.9729 10.025 -5.25 -6.0125 10 -5.25 -1.9729
3 16 0.4285 -5.25 -0.5066 -2.6087 -5.25 0.6183 3.0954 -8.1241 5.9311
3 16 26.0694 -12.2251 22.9572 25.3143 -11.9189 19.992 23.0954 -12.4602 25.9311
3 16 23.0954 -12.4602 25.9311 25.3143 -11.9189 19.992 20.0198 -11.9168 19.9637
3 16 10.1318 -0.3227 1.8686 10.1318 -6.9347 1.8686 6.0693 -0.3227 2.9572
3 16 6.0693 -0.3227 2.9572 10.1318 -6.9347 1.8686 6.0693 -7.2545 2.9572
3 16 14.1943 -7.3758 2.9572 10.1318 -6.9347 1.8686 14.1943 -0.3227 2.9572
3 16 14.1943 -0.3227 2.9572 10.1318 -6.9347 1.8686 10.1318 -0.3227 1.8686
3 16 17.1683 -8.4864 5.9311 14.1943 -7.3758 2.9572 17.1683 -0.3227 5.9311
3 16 17.1683 -0.3227 5.9311 14.1943 -7.3758 2.9572 14.1943 -0.3227 2.9572
3 16 18.2568 -9.7825 9.9936 17.1683 -8.4864 5.9311 18.2568 -0.3227 9.9936
3 16 18.2568 -0.3227 9.9936 17.1683 -8.4864 5.9311 17.1683 -0.3227 5.9311
3 16 17.1683 -10.8277 14.0561 18.2568 -9.7825 9.9936 17.1683 -0.3227 14.0561
3 16 17.1683 -0.3227 14.0561 18.2568 -9.7825 9.9936 18.2568 -0.3227 9.9936
3 16 14.1943 -11.4362 17.0301 17.1683 -10.8277 14.0561 14.1943 -0.3227 17.0301
3 16 14.1943 -0.3227 17.0301 17.1683 -10.8277 14.0561 17.1683 -0.3227 14.0561
3 16 10.1318 -11.6261 18.1186 14.1943 -11.4362 17.0301 10.1318 -0.3227 18.1186
3 16 10.1318 -0.3227 18.1186 14.1943 -11.4362 17.0301 14.1943 -0.3227 17.0301
3 16 6.0693 -0.3227 17.0301 6.0693 -11.3172 17.0301 10.1318 -0.3227 18.1186
3 16 10.1318 -0.3227 18.1186 6.0693 -11.3172 17.0301 10.1318 -11.6261 18.1186
3 16 3.0954 -0.3227 14.0561 3.0954 -10.4694 14.0561 6.0693 -0.3227 17.0301
3 16 6.0693 -0.3227 17.0301 3.0954 -10.4694 14.0561 6.0693 -11.3172 17.0301
3 16 2.0068 -0.3227 9.9936 2.0068 -9.3022 9.9936 3.0954 -0.3227 14.0561
3 16 3.0954 -0.3227 14.0561 2.0068 -9.3022 9.9936 3.0954 -10.4694 14.0561
3 16 3.0954 -0.3227 5.9311 3.0954 -8.1241 5.9311 2.0068 -0.3227 9.9936
3 16 2.0068 -0.3227 9.9936 3.0954 -8.1241 5.9311 2.0068 -9.3022 9.9936
3 16 3.0954 -8.1241 5.9311 3.0954 -0.3227 5.9311 6.0693 -7.2545 2.9572
3 16 6.0693 -7.2545 2.9572 3.0954 -0.3227 5.9311 6.0693 -0.3227 2.9572
3 16 -9.8599 -9.3022 21.8686 -13.9224 -8.1241 22.9572 -9.8599 -0.3227 21.8686
3 16 -9.8599 -0.3227 21.8686 -13.9224 -8.1241 22.9572 -13.9224 -0.3227 22.9572
3 16 -5.7974 -10.4694 22.9572 -9.8599 -9.3022 21.8686 -5.7974 -0.3227 22.9572
3 16 -5.7974 -0.3227 22.9572 -9.8599 -9.3022 21.8686 -9.8599 -0.3227 21.8686
3 16 -2.8235 -11.3172 25.9311 -5.7974 -10.4694 22.9572 -2.8235 -0.3227 25.9311
3 16 -2.8235 -0.3227 25.9311 -5.7974 -10.4694 22.9572 -5.7974 -0.3227 22.9572
3 16 -1.7349 -11.6261 29.9936 -2.8235 -11.3172 25.9311 -1.7349 -0.3227 29.9936
3 16 -1.7349 -0.3227 29.9936 -2.8235 -11.3172 25.9311 -2.8235 -0.3227 25.9311
3 16 -16.8964 -7.2545 25.9311 -17.9849 -6.9347 29.9936 -16.8964 -0.3227 25.9311
3 16 -16.8964 -0.3227 25.9311 -17.9849 -6.9347 29.9936 -17.9849 -0.3227 29.9936
3 16 -16.8964 -0.3227 25.9311 -13.9224 -0.3227 22.9572 -16.8964 -7.2545 25.9311
3 16 -16.8964 -7.2545 25.9311 -13.9224 -0.3227 22.9572 -13.9224 -8.1241 22.9572
3 16 -5.8055 -0.3227 2.9572 -6.5765 -5.1962 2.7426 -9.868 -0.3227 1.8686
3 16 -9.868 -0.3227 1.8686 -6.5765 -5.1962 2.7426 -9.868 -5.1977 1.8686
3 16 -5.8055 -0.3227 2.9572 -5.8055 -5.2278 2.9572 -6.5765 -5.1962 2.7426
3 16 -1.743 -8.7759 9.9936 -2.8316 -7.2637 5.9311 -1.743 -0.3227 9.9936
3 16 -1.743 -0.3227 9.9936 -2.8316 -7.2637 5.9311 -2.8316 -0.3227 5.9311
3 16 -2.8316 -9.6443 14.0561 -1.743 -8.7759 9.9936 -2.8316 -0.3227 14.0561
3 16 -2.8316 -0.3227 14.0561 -1.743 -8.7759 9.9936 -1.743 -0.3227 9.9936
3 16 -5.8055 -0.3227 17.0301 -5.8055 -9.6451 17.0301 -2.8316 -0.3227 14.0561
3 16 -2.8316 -0.3227 14.0561 -5.8055 -9.6451 17.0301 -2.8316 -9.6443 14.0561
3 16 -9.868 -0.3227 18.1186 -9.868 -8.7759 18.1186 -5.8055 -0.3227 17.0301
3 16 -5.8055 -0.3227 17.0301 -9.868 -8.7759 18.1186 -5.8055 -9.6451 17.0301
3 16 -13.9305 -0.3227 17.0301 -13.9305 -7.2584 17.0301 -9.868 -0.3227 18.1186
3 16 -9.868 -0.3227 18.1186 -13.9305 -7.2584 17.0301 -9.868 -8.7759 18.1186
3 16 -16.9045 -0.3227 14.0561 -16.9045 -5.1321 14.0561 -13.9305 -0.3227 17.0301
3 16 -13.9305 -0.3227 17.0301 -16.9045 -5.1321 14.0561 -13.9305 -7.2584 17.0301
3 16 -10.1731 -5.25 0.2341 -9.868 -5.1977 1.8686 -5.8919 -5.25 -2.3041
3 16 30.1319 -11.6261 18.1186 26.0694 -11.4362 17.0301 30 -11.9323 20.0575
3 16 30 -11.9323 20.0575 26.0694 -11.4362 17.0301 25.3143 -11.9189 19.992
3 16 -4.8901 -4.7477 -6.8119 -2.4549 0 -7.7096 2.8035 -4.8 -9.1012
3 16 2.8035 -4.8 -9.1012 -2.4549 0 -7.7096 2.8035 0 -9.1012
3 16 -4.8901 -4.7477 -6.8119 -7.5054 0 -5.6895 -2.4549 0 -7.7096
3 16 3.0954 -8.1241 5.9311 6.0693 -7.2545 2.9572 0.4285 -5.25 -0.5066
3 16 0.4285 -5.25 -0.5066 6.0693 -7.2545 2.9572 3.5639 -5.25 -1.3184
3 16 3.5639 -5.25 -1.3184 6.0693 -7.2545 2.9572 10 -5.25 -1.9729
3 16 10 -5.25 -1.9729 6.0693 -7.2545 2.9572 10.1318 -6.9347 1.8686
3 16 -11.5319 0 -3.4119 -7.5054 0 -5.6895 -10.6868 -4.8 -3.9423
3 16 -10.6868 -4.8 -3.9423 -7.5054 0 -5.6895 -4.8901 -4.7477 -6.8119
3 16 -5.0884 0 -3.9085 -4.9695 -5.25 -3.9085 -4.2772 0 -5.1804
3 16 -4.2772 0 -5.1804 -4.9695 -5.25 -3.9085 -3.6251 -5.25 -5.1804
3 16 -12.4376 -0.3986 -2.8099 -11.5319 0 -3.4119 -10.6868 -4.8 -3.9423
3 16 -10.1731 -5.25 0.2341 -8.8127 0 -0.6927 -9.7349 -0.3986 -0.1072
3 16 -8.8127 0 -0.6927 -11.5319 0 -3.4119 -9.7349 -0.3986 -0.1072
3 16 -9.7349 -0.3986 -0.1072 -11.5319 0 -3.4119 -12.4376 -0.3986 -2.8099
3 16 -9.7349 -0.3986 -0.1072 -12.4376 -0.3986 -2.8099 -10.1956 -1.3988 0.2002
3 16 -10.1956 -1.3988 0.2002 -12.4376 -0.3986 -2.8099 -12.8907 -1.3988 -2.495
3 16 -10.1956 -1.3988 0.2002 -10.4847 -3.8512 0.3984 -10.1731 -5.25 0.2341
3 16 -10.1956 -1.3988 0.2002 -12.8907 -1.3988 -2.495 -10.4847 -3.8512 0.3984
3 16 -10.4847 -3.8512 0.3984 -12.8907 -1.3988 -2.495 -13.1755 -3.8512 -2.2923
3 16 -10.4847 -3.8512 0.3984 -13.1755 -3.8512 -2.2923 -10.9354 -4.8514 0.7158
3 16 -10.9354 -4.8514 0.7158 -13.1755 -3.8512 -2.2923 -13.5844 -4.8 -2.013
3 16 -13.5844 -4.8 -2.013 -13.1755 -3.8512 -2.2923 -10.6868 -4.8 -3.9423
3 16 -17.5885 -5.25 2.4115 -14.7515 -5.25 -0.1598 -13.0379 -7.001 2.5247
3 16 -20.102 -0.3986 10.2703 -20.5903 -5.25 11.0368 -19.795 -1.3988 9.8092
3 16 -22.4907 -1.3988 7.1136 -22.8052 -0.3986 7.5671 -19.795 -1.3988 9.8092
3 16 -19.795 -1.3988 9.8092 -22.8052 -0.3986 7.5671 -20.102 -0.3986 10.2703
3 16 -22.2882 -3.8512 6.8286 -22.4907 -1.3988 7.1136 -19.597 -3.8512 9.5199
3 16 -19.597 -3.8512 9.5199 -22.4907 -1.3988 7.1136 -19.795 -1.3988 9.8092
3 16 -20.5903 -5.25 11.0368 -19.597 -3.8512 9.5199 -19.795 -1.3988 9.8092
3 16 -20.6867 0 11.1933 -20.102 -0.3986 10.2703 -23.4065 0 8.4735
3 16 -23.4065 0 8.4735 -20.102 -0.3986 10.2703 -22.8052 -0.3986 7.5671
3 16 -22.013 -4.8 6.4156 -22.2882 -3.8512 6.8286 -19.28 -4.8514 9.0688
3 16 -19.28 -4.8514 9.0688 -22.2882 -3.8512 6.8286 -19.597 -3.8512 9.5199
3 16 -20.5903 -5.25 11.0368 -19.28 -4.8514 9.0688 -19.597 -3.8512 9.5199
3 16 -13.9305 -7.2584 17.0301 -13.9224 -8.1241 22.9572 -9.868 -8.7759 18.1186
3 16 -9.868 -8.7759 18.1186 -13.9224 -8.1241 22.9572 -9.8599 -9.3022 21.8686
3 16 -20.1598 -5.25 5.2485 -17.5885 -5.25 2.4115 -15.354 -8.3283 8.5923
3 16 -15.354 -8.3283 8.5923 -17.5885 -5.25 2.4115 -13.0379 -7.001 2.5247
3 16 -27.4171 0 16.6206 -27.4171 -4.8 16.6206 -29.1839 0 22.9977
3 16 -29.1839 0 22.9977 -27.4171 -4.8 16.6206 -29.372 -4.8 23.2145
3 16 -25.1554 0 16.3499 -23.8835 0 15.0055 -27.4171 0 16.6206
3 16 -27.4171 0 16.6206 -23.8835 0 15.0055 -25.0674 0 11.2561
3 16 -22.2791 -5.25 14.0831 -23.8835 -5.25 15.0055 -19.9826 -5.25 18.8957
3 16 -25.9875 -5.25 22.022 -19.9826 -5.25 18.8957 -25.9875 -5.25 18.003
3 16 -25.1554 -5.25 16.3499 -25.9875 -5.25 18.003 -19.9826 -5.25 18.8957
3 16 -25.3684 -5.25 23.3511 -21.2587 -5.25 24.4933 -25.9875 -5.25 22.022
3 16 -25.9875 -5.25 22.022 -21.2587 -5.25 24.4933 -19.9826 -5.25 18.8957
3 16 -29.8682 -4.8 30 -29.8682 0 30 -29.372 -4.8 23.2145
3 16 -29.372 -4.8 23.2145 -29.8682 0 30 -29.1839 0 22.9977
3 16 -0.1107 -10.9637 19.8076 -5.8055 -9.6451 17.0301 -9.8599 -9.3022 21.8686
3 16 -9.8599 -9.3022 21.8686 -5.8055 -9.6451 17.0301 -9.868 -8.7759 18.1186
3 16 -13.9224 -8.1241 22.9572 -13.9305 -7.2584 17.0301 -19.9826 -5.25 18.8957
3 16 -19.9826 -5.25 18.8957 -13.9305 -7.2584 17.0301 -16.9045 -5.1321 14.0561
3 16 -25.3684 -5.25 23.3511 -25.9875 -5.25 30 -21.2587 -5.25 24.4933
3 16 -21.2587 -5.25 24.4933 -25.9875 -5.25 30 -21.9318 -5.25 30
3 16 -17.993 -5.1977 9.9936 -18.6403 -5.25 8.2009 -20.5903 -5.25 11.0368
3 16 -1.972 -5.25 -6.0125 -3.0802 0.0023 -6.0125 -3.6251 -5.25 -5.1804
3 16 -3.6251 -5.25 -5.1804 -3.0802 0.0023 -6.0125 -4.2772 0 -5.1804
3 16 2.8035 -4.8 -9.1012 2.8035 0 -9.1012 10.025 -4.8 -10.0064
3 16 10.025 -4.8 -10.0064 2.8035 0 -9.1012 10.025 0 -10.0064
3 16 2.8035 0 -9.1012 -2.4549 0 -7.7096 2.8235 -0.0066 -6.0125
3 16 2.8235 -0.0066 -6.0125 -2.4549 0 -7.7096 -3.0802 0.0023 -6.0125
3 16 2.0318 -5.2501 -6.0125 3.4568 -5.25 -5.4056 2.8235 -0.0066 -6.0125
3 16 2.8235 -0.0066 -6.0125 3.4568 -5.25 -5.4056 3.5633 -0.006 -5.4155
3 16 10.025 0 -10.0064 2.8035 0 -9.1012 10.025 0 -6.0125
3 16 10.025 0 -6.0125 2.8035 0 -9.1012 3.5633 -0.006 -5.4155
3 16 10.025 0 -10.0064 20.3952 0 -10.0064 10.025 -4.8 -10.0064
3 16 10.025 -4.8 -10.0064 20.3952 0 -10.0064 20.3952 -4.8 -10.0064
3 16 10.025 0 -6.0125 10.025 -5.25 -6.0125 23.0094 0 -6.0125
3 16 23.0094 0 -6.0125 10.025 -5.25 -6.0125 23.0094 -5.25 -6.0125
3 16 26.0694 -7.4637 2.9572 26.0694 -0.3227 2.9572 30.1319 -6.9738 1.8686
3 16 30.1319 -6.9738 1.8686 26.0694 -0.3227 2.9572 30.1319 -0.3227 1.8686
3 16 30 -4.8 -10.0064 20.3952 -4.8 -10.0064 30 0 -10.0064
3 16 30 0 -10.0064 20.3952 -4.8 -10.0064 20.3952 0 -10.0064
3 16 10.025 0 -10.0064 10.025 0 -6.0125 20.3952 0 -10.0064
3 16 20.3952 0 -10.0064 10.025 0 -6.0125 23.0094 0 -6.0125
3 16 30 0 -7.6744 30 0 -10.0064 28.1684 0 -7.1601
3 16 28.1684 0 -7.1601 30 0 -10.0064 20.3952 0 -10.0064
3 16 20.3952 0 -10.0064 26.7958 0 -5.8708 28.1684 0 -7.1601
3 16 23.0954 -8.4864 5.9311 17.1683 -8.4864 5.9311 22.0069 -9.7825 9.9936
3 16 22.0069 -9.7825 9.9936 17.1683 -8.4864 5.9311 18.2568 -9.7825 9.9936
3 16 18.2568 -9.7825 9.9936 17.1683 -10.8277 14.0561 22.0069 -9.7825 9.9936
3 16 22.0069 -9.7825 9.9936 17.1683 -10.8277 14.0561 23.0954 -10.8277 14.0561
3 16 9.9964 -11.9385 20.0693 14.5663 -11.9147 19.9345 10.1318 -11.6261 18.1186
3 16 10.1318 -11.6261 18.1186 14.5663 -11.9147 19.9345 14.1943 -11.4362 17.0301
3 16 -0.1107 -10.9637 19.8076 9.9964 -11.9385 20.0693 6.0693 -11.3172 17.0301
3 16 6.0693 -11.3172 17.0301 9.9964 -11.9385 20.0693 10.1318 -11.6261 18.1186
3 16 -0.1107 -10.9637 19.8076 -2.8316 -9.6443 14.0561 -5.8055 -9.6451 17.0301
3 16 -5.8055 -5.2278 2.9572 -2.6087 -5.25 0.6183 -6.5765 -5.1962 2.7426
3 16 10.1318 -6.9347 1.8686 14.1943 -7.3758 2.9572 10 -5.25 -1.9729
3 16 10 -5.25 -1.9729 14.1943 -7.3758 2.9572 17.0728 -5.25 -1.9729
3 16 14.1943 -7.3758 2.9572 17.1683 -8.4864 5.9311 26.0694 -7.4637 2.9572
3 16 26.0694 -7.4637 2.9572 17.1683 -8.4864 5.9311 23.0954 -8.4864 5.9311
3 16 25.3143 -11.9189 19.992 26.0694 -12.2251 22.9572 30 -11.9323 20.0575
3 16 30 -11.9323 20.0575 26.0694 -12.2251 22.9572 30.1319 -12.1076 21.8686
3 16 22.0069 -12.5777 29.9936 23.0954 -12.4602 25.9311 18.2568 -12.5777 29.9936
3 16 18.2568 -12.5777 29.9936 23.0954 -12.4602 25.9311 17.1683 -12.4602 25.9311
3 16 18.2568 -12.5777 29.9936 17.1683 -12.4602 25.9311 18.2568 -0.3227 29.9936
3 16 18.2568 -0.3227 29.9936 17.1683 -12.4602 25.9311 17.1683 -0.3227 25.9311
3 16 17.1683 -12.4602 25.9311 14.1943 -12.2251 22.9572 17.1683 -0.3227 25.9311
3 16 17.1683 -0.3227 25.9311 14.1943 -12.2251 22.9572 14.1943 -0.3227 22.9572
3 16 14.1943 -12.2251 22.9572 10.1318 -12.1076 21.8686 14.1943 -0.3227 22.9572
3 16 14.1943 -0.3227 22.9572 10.1318 -12.1076 21.8686 10.1318 -0.3227 21.8686
3 16 14.1943 -12.2251 22.9572 14.5663 -11.9147 19.9345 10.1318 -12.1076 21.8686
3 16 10.1318 -12.1076 21.8686 14.5663 -11.9147 19.9345 9.9964 -11.9385 20.0693
3 16 10.1318 -0.3227 21.8686 10.1318 -12.1076 21.8686 6.0693 -0.3227 22.9572
3 16 6.0693 -0.3227 22.9572 10.1318 -12.1076 21.8686 6.0693 -12.1076 22.9572
3 16 10.1318 -12.1076 21.8686 9.9964 -11.9385 20.0693 6.0693 -12.1076 22.9572
3 16 6.0693 -12.1076 22.9572 9.9964 -11.9385 20.0693 -0.1107 -10.9637 19.8076
3 16 3.0954 -12.1076 25.9311 3.0954 -0.3227 25.9311 6.0693 -12.1076 22.9572
3 16 6.0693 -12.1076 22.9572 3.0954 -0.3227 25.9311 6.0693 -0.3227 22.9572
3 16 3.0954 -0.3227 25.9311 3.0954 -12.1076 25.9311 2.0068 -0.3227 29.9936
3 16 2.0068 -0.3227 29.9936 3.0954 -12.1076 25.9311 2.0068 -12.1076 29.9936
3 16 -9.8599 -9.3022 21.8686 -5.7974 -10.4694 22.9572 -0.1107 -10.9637 19.8076
3 16 23.0954 -8.4864 5.9311 23.0954 -0.3227 5.9311 26.0694 -7.4637 2.9572
3 16 26.0694 -7.4637 2.9572 23.0954 -0.3227 5.9311 26.0694 -0.3227 2.9572
3 16 23.0954 -0.3227 5.9311 23.0954 -8.4864 5.9311 22.0069 -0.3227 9.9936
3 16 22.0069 -0.3227 9.9936 23.0954 -8.4864 5.9311 22.0069 -9.7825 9.9936
3 16 23.0954 -12.4602 25.9311 23.0954 -0.3227 25.9311 26.0694 -12.2251 22.9572
3 16 26.0694 -12.2251 22.9572 23.0954 -0.3227 25.9311 26.0694 -0.3227 22.9572
3 16 -13.9305 -0.3227 2.9572 -16.9045 -0.3227 5.9311 -12.993 -0.3227 4.5831
3 16 -12.993 -0.3227 4.5831 -16.9045 -0.3227 5.9311 -15.2807 -0.3227 6.8708
3 16 -13.9305 -0.3227 2.9572 -9.868 -0.3227 1.8686 -13.9305 -5.1977 2.9572
3 16 -13.9305 -5.1977 2.9572 -9.868 -0.3227 1.8686 -9.868 -5.1977 1.8686
3 16 -9.868 -0.3227 1.8686 -13.9305 -0.3227 2.9572 -9.868 -0.3227 3.7458
3 16 -9.868 -0.3227 3.7458 -13.9305 -0.3227 2.9572 -12.993 -0.3227 4.5831
3 16 -5.8055 -0.3227 2.9572 -9.868 -0.3227 1.8686 -6.743 -0.3227 4.5831
3 16 -6.743 -0.3227 4.5831 -9.868 -0.3227 1.8686 -9.868 -0.3227 3.7458
3 16 -5.8055 -0.3227 2.9572 -6.743 -0.3227 4.5831 -2.8316 -0.3227 5.9311
3 16 -2.8316 -0.3227 5.9311 -6.743 -0.3227 4.5831 -4.4554 -0.3227 6.8708
3 16 -2.8316 -0.3227 5.9311 -4.4554 -0.3227 6.8708 -1.743 -0.3227 9.9936
3 16 -1.743 -0.3227 9.9936 -4.4554 -0.3227 6.8708 -3.618 -0.3227 9.9958
3 16 -1.743 -0.3227 9.9936 -3.618 -0.3227 9.9958 -2.8316 -0.3227 14.0561
3 16 -2.8316 -0.3227 14.0561 -3.618 -0.3227 9.9958 -4.4554 -0.3227 13.1208
3 16 -2.8316 -0.3227 14.0561 -4.4554 -0.3227 13.1208 -5.8055 -0.3227 17.0301
3 16 -5.8055 -0.3227 17.0301 -4.4554 -0.3227 13.1208 -6.743 -0.3227 15.4084
3 16 -9.868 -0.3227 18.1186 -5.8055 -0.3227 17.0301 -9.868 -0.3227 16.2458
3 16 -9.868 -0.3227 16.2458 -5.8055 -0.3227 17.0301 -6.743 -0.3227 15.4084
3 16 -13.9305 -0.3227 17.0301 -9.868 -0.3227 18.1186 -12.993 -0.3227 15.4084
3 16 -12.993 -0.3227 15.4084 -9.868 -0.3227 18.1186 -9.868 -0.3227 16.2458
3 16 -16.9045 -0.3227 14.0561 -13.9305 -0.3227 17.0301 -15.2807 -0.3227 13.1208
3 16 -15.2807 -0.3227 13.1208 -13.9305 -0.3227 17.0301 -12.993 -0.3227 15.4084
3 16 -16.9045 -0.3227 5.9311 -17.993 -0.3227 9.9936 -15.2807 -0.3227 6.8708
3 16 -15.2807 -0.3227 6.8708 -17.993 -0.3227 9.9936 -16.118 -0.3227 9.9958
3 16 -25.0674 -4.8 11.2561 -27.4171 -4.8 16.6206 -25.0674 0 11.2561
3 16 -25.0674 0 11.2561 -27.4171 -4.8 16.6206 -27.4171 0 16.6206
3 16 -15.354 -8.3283 8.5923 -15.2326 -10.7582 19.3003 -21.2624 -6.4905 10.6939
3 16 -21.2624 -6.4905 10.6939 -15.2326 -10.7582 19.3003 -22.8166 -7.6842 19.676
3 16 -15.354 -8.3283 8.5923 -13.0379 -7.001 2.5247 -6.2939 -11.0822 8.7542
3 16 -6.2939 -11.0822 8.7542 -13.0379 -7.001 2.5247 -5.2894 -8.1269 0.1702
3 16 -6.6193 -13.2219 19.1649 -15.2326 -10.7582 19.3003 -6.2939 -11.0822 8.7542
3 16 -6.2939 -11.0822 8.7542 -15.2326 -10.7582 19.3003 -15.354 -8.3283 8.5923
3 16 -6.6193 -13.2219 19.1649 -6.8279 -14.067 30 -15.2326 -10.7582 19.3003
3 16 -15.2326 -10.7582 19.3003 -6.8279 -14.067 30 -15.5924 -11.5583 30
3 16 -13.0379 -7.001 2.5247 -11.2869 -6.1919 -0.6261 -5.2894 -8.1269 0.1702
3 16 -9.868 -5.1977 1.8686 -11.8025 -5.25 1.3563 -13.9305 -5.1977 2.9572
3 16 -13.1755 -3.8512 -2.2923 -12.8907 -1.3988 -2.495 -10.6868 -4.8 -3.9423
3 16 -12.8907 -1.3988 -2.495 -12.4376 -0.3986 -2.8099 -10.6868 -4.8 -3.9423
3 16 -22.4907 -1.3988 7.1136 -22.2882 -3.8512 6.8286 -24.0115 -4.8 9.4435
3 16 -23.4065 0 8.4735 -22.8052 -0.3986 7.5671 -24.0115 -4.8 9.4435
3 16 -23.4065 0 8.4735 -24.0115 -4.8 9.4435 -25.0674 0 11.2561
3 16 -25.0674 0 11.2561 -24.0115 -4.8 9.4435 -25.0674 -4.8 11.2561
3 16 0.4285 -5.25 -0.5066 2.0318 -5.2501 -6.0125 -1.972 -5.25 -6.0125
3 16 2.0318 -5.2501 -6.0125 2.8235 -0.0066 -6.0125 -1.972 -5.25 -6.0125
3 16 -1.972 -5.25 -6.0125 2.8235 -0.0066 -6.0125 -3.0802 0.0023 -6.0125
3 16 -9.868 -5.1977 1.8686 -6.5765 -5.1962 2.7426 -5.8919 -5.25 -2.3041
3 16 -5.8919 -5.25 -2.3041 -6.5765 -5.1962 2.7426 -2.6087 -5.25 0.6183
3 16 2.5944 -12.4981 8.6312 2.7507 -8.9366 -0.9084 11.5823 -12.8242 8.5532
3 16 11.5823 -12.8242 8.5532 2.7507 -8.9366 -0.9084 11.1871 -9.1562 -1.289
3 16 2.3682 -14.7034 19.0806 2.5944 -12.4981 8.6312 11.4928 -15.0413 19.0317
3 16 11.4928 -15.0413 19.0317 2.5944 -12.4981 8.6312 11.5823 -12.8242 8.5532
3 16 11.4928 -15.0413 19.0317 11.3921 -15.98 30 2.3682 -14.7034 19.0806
3 16 2.3682 -14.7034 19.0806 11.3921 -15.98 30 2.2402 -15.5394 30
3 16 -6.2939 -11.0822 8.7542 -5.2894 -8.1269 0.1702 2.5944 -12.4981 8.6312
3 16 2.5944 -12.4981 8.6312 -5.2894 -8.1269 0.1702 2.7507 -8.9366 -0.9084
3 16 -6.6193 -13.2219 19.1649 -6.2939 -11.0822 8.7542 2.3682 -14.7034 19.0806
3 16 2.3682 -14.7034 19.0806 -6.2939 -11.0822 8.7542 2.5944 -12.4981 8.6312
3 16 2.3682 -14.7034 19.0806 2.2402 -15.5394 30 -6.6193 -13.2219 19.1649
3 16 -6.6193 -13.2219 19.1649 2.2402 -15.5394 30 -6.8279 -14.067 30
3 16 -25.9875 0 18.003 -27.4171 0 16.6206 -25.9875 0 22.022
3 16 -25.9875 0 22.022 -27.4171 0 16.6206 -29.1839 0 22.9977
3 16 -22.2791 0 14.0831 -22.2791 -5.25 14.0831 -20.6867 0 11.1933
3 16 -20.6867 0 11.1933 -22.2791 -5.25 14.0831 -20.5903 -5.25 11.0368
3 16 -23.8835 -5.25 15.0055 -22.2791 -5.25 14.0831 -23.8835 0 15.0055
3 16 -23.8835 0 15.0055 -22.2791 -5.25 14.0831 -22.2791 0 14.0831
3 16 -25.1554 -5.25 16.3499 -25.1554 0 16.3499 -25.9875 -5.25 18.003
3 16 -25.9875 -5.25 18.003 -25.1554 0 16.3499 -25.9875 0 18.003
3 16 -25.3684 -5.25 23.3511 -25.9875 -5.25 22.022 -25.3684 0 23.3511
3 16 -25.3684 0 23.3511 -25.9875 -5.25 22.022 -25.9875 0 22.022
3 16 -25.9875 -5.25 22.022 -25.9875 -5.25 18.003 -25.9875 0 22.022
3 16 -25.9875 0 22.022 -25.9875 -5.25 18.003 -25.9875 0 18.003
3 16 -25.3684 -5.25 23.3511 -25.3684 0 23.3511 -25.9875 -5.25 30
3 16 -25.9875 -5.25 30 -25.3684 0 23.3511 -25.9875 0 30
3 16 -25.3684 0 23.3511 -29.1839 0 22.9977 -25.9875 0 30
3 16 -25.9875 0 30 -29.1839 0 22.9977 -29.8682 0 30
3 16 -25.1554 0 16.3499 -27.4171 0 16.6206 -25.9875 0 18.003
3 16 14.1943 -7.3758 2.9572 26.0694 -7.4637 2.9572 17.0728 -5.25 -1.9729
3 16 17.0728 -5.25 -1.9729 26.0694 -7.4637 2.9572 27.7822 -5.2509 -1.9708
3 16 -1.743 -8.7759 9.9936 -2.8316 -9.6443 14.0561 2.0068 -9.3022 9.9936
3 16 2.0068 -9.3022 9.9936 -2.8316 -9.6443 14.0561 3.0954 -10.4694 14.0561
3 16 -2.8316 -7.2637 5.9311 -1.743 -8.7759 9.9936 3.0954 -8.1241 5.9311
3 16 3.0954 -8.1241 5.9311 -1.743 -8.7759 9.9936 2.0068 -9.3022 9.9936
3 16 -15.2807 -5.1963 6.8708 -12.4446 -5.2031 7.4172 -12.993 -5.198 4.5831
3 16 -12.4446 -5.2031 7.4172 -15.9051 -5.1977 11.6134 -15.2807 -5.8532 13.1208
3 16 -15.2807 -5.1963 6.8708 -12.993 -5.198 4.5831 -15.2807 -0.3227 6.8708
3 16 -15.2807 -0.3227 6.8708 -12.993 -5.198 4.5831 -12.993 -0.3227 4.5831
3 16 -12.993 -5.198 4.5831 -9.868 -5.1475 3.7458 -12.993 -0.3227 4.5831
3 16 -12.993 -0.3227 4.5831 -9.868 -5.1475 3.7458 -9.868 -0.3227 3.7458
3 16 -4.4554 -7.2292 6.8708 -4.4554 -0.3227 6.8708 -6.743 -5.8114 4.5831
3 16 -6.743 -5.8114 4.5831 -4.4554 -0.3227 6.8708 -6.743 -0.3227 4.5831
3 16 -3.618 -8.3713 9.9958 -3.618 -0.3227 9.9958 -4.4554 -7.2292 6.8708
3 16 -4.4554 -7.2292 6.8708 -3.618 -0.3227 9.9958 -4.4554 -0.3227 6.8708
3 16 -4.4554 -9.0603 13.1208 -4.4554 -0.3227 13.1208 -3.618 -8.3713 9.9958
3 16 -3.618 -8.3713 9.9958 -4.4554 -0.3227 13.1208 -3.618 -0.3227 9.9958
3 16 -4.4554 -9.0603 13.1208 -6.743 -9.0603 15.396 -4.4554 -0.3227 13.1208
3 16 -4.4554 -0.3227 13.1208 -6.743 -9.0603 15.396 -6.743 -0.3227 15.4084
3 16 -9.868 -0.3227 16.2458 -6.743 -0.3227 15.4084 -9.868 -8.4137 16.2458
3 16 -9.868 -8.4137 16.2458 -6.743 -0.3227 15.4084 -6.743 -9.0603 15.396
3 16 -12.993 -7.2763 15.4084 -9.868 -8.4137 16.2458 -12.4446 -5.2031 7.4172
3 16 -12.993 -0.3227 15.4084 -9.868 -0.3227 16.2458 -12.993 -7.2763 15.4084
3 16 -12.993 -7.2763 15.4084 -9.868 -0.3227 16.2458 -9.868 -8.4137 16.2458
3 16 -15.2807 -5.8532 13.1208 -12.993 -7.2763 15.4084 -12.4446 -5.2031 7.4172
3 16 -15.2807 -0.3227 13.1208 -12.993 -0.3227 15.4084 -15.2807 -5.8532 13.1208
3 16 -15.2807 -5.8532 13.1208 -12.993 -0.3227 15.4084 -12.993 -7.2763 15.4084
3 16 -16.118 -0.3227 9.9958 -15.2807 -0.3227 13.1208 -15.9051 -5.1977 11.6134
3 16 -15.9051 -5.1977 11.6134 -15.2807 -0.3227 13.1208 -15.2807 -5.8532 13.1208
3 16 -16.118 -5.196 9.9958 -15.2807 -5.1963 6.8708 -16.118 -0.3227 9.9958
3 16 -16.118 -0.3227 9.9958 -15.2807 -5.1963 6.8708 -15.2807 -0.3227 6.8708
3 16 -8.2504 -5.1977 3.9587 -9.868 -0.3227 3.7458 -9.868 -5.1475 3.7458
3 16 30.1319 -0.3227 3.7436 27.0069 -0.3227 4.581 30.1319 -7.7382 3.7436
3 16 30.1319 -7.7382 3.7436 27.0069 -0.3227 4.581 27.0069 -8.0489 4.581
3 16 14.1943 -0.3227 2.9572 10.1318 -0.3227 1.8686 13.2568 -0.3227 4.581
3 16 13.2568 -0.3227 4.581 10.1318 -0.3227 1.8686 10.1318 -0.3227 3.7436
3 16 4.7192 -13.2056 26.8686 3.8818 -13.2213 29.9936 10.1434 -13.1071 29.9936
3 16 -15.2808 -7.9935 26.8686 -16.1182 -7.7515 29.9936 -9.8599 -9.5391 29.9936
3 16 4.7192 -8.6469 6.8686 7.0068 -8.0364 4.581 4.7192 -0.3227 6.8686
3 16 4.7192 -0.3227 6.8686 7.0068 -8.0364 4.581 7.0068 -0.3227 4.581
3 16 10.1318 -0.3227 3.7436 7.0068 -0.3227 4.581 10.1318 -7.8574 3.7436
3 16 10.1318 -7.8574 3.7436 7.0068 -0.3227 4.581 7.0068 -8.0364 4.581
3 16 13.2568 -8.1622 4.581 13.2568 -0.3227 4.581 10.1318 -7.8574 3.7436
3 16 10.1318 -7.8574 3.7436 13.2568 -0.3227 4.581 10.1318 -0.3227 3.7436
3 16 15.5445 -8.8672 6.8686 15.5445 -0.3227 6.8686 13.2568 -8.1622 4.581
3 16 13.2568 -8.1622 4.581 15.5445 -0.3227 6.8686 13.2568 -0.3227 4.581
3 16 16.3818 -9.7554 9.9936 16.3818 -0.3227 9.9936 15.5445 -8.8672 6.8686
3 16 15.5445 -8.8672 6.8686 16.3818 -0.3227 9.9936 15.5445 -0.3227 6.8686
3 16 15.5445 -10.5925 13.1186 15.5445 -0.3227 13.1186 16.3818 -9.7554 9.9936
3 16 16.3818 -9.7554 9.9936 15.5445 -0.3227 13.1186 16.3818 -0.3227 9.9936
3 16 13.2568 -11.1639 15.4063 13.2568 -0.3227 15.4063 15.5445 -10.5925 13.1186
3 16 15.5445 -10.5925 13.1186 13.2568 -0.3227 15.4063 15.5445 -0.3227 13.1186
3 16 10.1318 -11.3283 16.2436 10.1318 -0.3227 16.2436 13.2568 -11.1639 15.4063
3 16 13.2568 -11.1639 15.4063 10.1318 -0.3227 16.2436 13.2568 -0.3227 15.4063
3 16 7.0068 -0.3227 15.4063 10.1318 -0.3227 16.2436 7.0068 -11.0437 15.4063
3 16 7.0068 -11.0437 15.4063 10.1318 -0.3227 16.2436 10.1318 -11.3283 16.2436
3 16 7.0068 -11.0437 15.4063 4.7192 -10.3774 13.1186 7.0068 -0.3227 15.4063
3 16 7.0068 -0.3227 15.4063 4.7192 -10.3774 13.1186 4.7192 -0.3227 13.1186
3 16 3.8818 -0.3227 9.9936 4.7192 -0.3227 13.1186 3.8818 -9.5017 9.9936
3 16 3.8818 -9.5017 9.9936 4.7192 -0.3227 13.1186 4.7192 -10.3774 13.1186
3 16 4.7192 -0.3227 6.8686 3.8818 -0.3227 9.9936 4.7192 -8.6469 6.8686
3 16 4.7192 -8.6469 6.8686 3.8818 -0.3227 9.9936 3.8818 -9.5017 9.9936
3 16 24.7192 -12.6133 26.8686 27.0069 -12.5982 24.581 24.7192 -0.3227 26.8686
3 16 24.7192 -0.3227 26.8686 27.0069 -12.5982 24.581 27.0069 -0.3227 24.581
3 16 30.1319 -0.3227 23.7436 27.0069 -0.3227 24.581 30.1319 -12.5776 23.7436
3 16 30.1319 -12.5776 23.7436 27.0069 -0.3227 24.581 27.0069 -12.5982 24.581
3 16 24.7192 -12.6133 26.8686 24.7192 -0.3227 26.8686 23.8819 -12.6188 29.9936
3 16 23.8819 -12.6188 29.9936 24.7192 -0.3227 26.8686 23.8819 -0.3227 29.9936
3 16 4.7192 -13.2056 26.8686 7.0068 -13.1627 24.581 4.7192 -0.3227 26.8686
3 16 4.7192 -0.3227 26.8686 7.0068 -13.1627 24.581 7.0068 -0.3227 24.581
3 16 10.1318 -0.3227 23.7436 7.0068 -0.3227 24.581 10.1318 -13.107 23.7436
3 16 10.1318 -13.107 23.7436 7.0068 -0.3227 24.581 7.0068 -13.1627 24.581
3 16 13.2568 -0.3227 24.581 10.1318 -0.3227 23.7436 13.2568 -13.0513 24.581
3 16 13.2568 -13.0513 24.581 10.1318 -0.3227 23.7436 10.1318 -13.107 23.7436
3 16 13.2568 -13.0513 24.581 15.5445 -13.0087 26.8686 13.2568 -0.3227 24.581
3 16 13.2568 -0.3227 24.581 15.5445 -13.0087 26.8686 15.5445 -0.3227 26.8686
3 16 16.3818 -0.3227 29.9936 15.5445 -0.3227 26.8686 16.3818 -12.9928 29.9936
3 16 16.3818 -12.9928 29.9936 15.5445 -0.3227 26.8686 15.5445 -13.0087 26.8686
3 16 4.7192 -0.3227 26.8686 3.8818 -0.3227 29.9936 4.7192 -13.2056 26.8686
3 16 4.7192 -13.2056 26.8686 3.8818 -0.3227 29.9936 3.8818 -13.2213 29.9936
3 16 30.1319 -9.5167 10.0395 27.0069 -11.1275 15.4063 30.1319 -11.2654 16.2436
3 16 27.0069 -11.1275 15.4063 30.1319 -9.5167 10.0395 24.7192 -10.5242 13.1186
3 16 30.1319 -9.5167 10.0395 23.8819 -9.6904 9.9936 24.7192 -10.5242 13.1186
3 16 24.7192 -8.8037 6.8686 23.8819 -9.6904 9.9936 30.1319 -9.5167 10.0395
3 16 24.7192 -0.3227 6.8686 23.8819 -0.3227 9.9936 24.7192 -8.8037 6.8686
3 16 24.7192 -8.8037 6.8686 23.8819 -0.3227 9.9936 23.8819 -9.6904 9.9936
3 16 26.0694 -0.3227 2.9572 23.0954 -0.3227 5.9311 27.0069 -0.3227 4.581
3 16 27.0069 -0.3227 4.581 23.0954 -0.3227 5.9311 24.7192 -0.3227 6.8686
3 16 24.7192 -8.8037 6.8686 27.0069 -8.0489 4.581 24.7192 -0.3227 6.8686
3 16 24.7192 -0.3227 6.8686 27.0069 -8.0489 4.581 27.0069 -0.3227 4.581
3 16 30.1319 -0.3227 1.8686 26.0694 -0.3227 2.9572 30.1319 -0.3227 3.7436
3 16 30.1319 -0.3227 3.7436 26.0694 -0.3227 2.9572 27.0069 -0.3227 4.581
3 16 26.0694 -0.3227 17.0301 30.1319 -0.3227 18.1186 27.0069 -0.3227 15.4063
3 16 27.0069 -0.3227 15.4063 30.1319 -0.3227 18.1186 30.1319 -0.3227 16.2436
3 16 27.0069 -0.3227 15.4063 30.1319 -0.3227 16.2436 27.0069 -11.1275 15.4063
3 16 27.0069 -11.1275 15.4063 30.1319 -0.3227 16.2436 30.1319 -11.2654 16.2436
3 16 23.0954 -0.3227 14.0561 26.0694 -0.3227 17.0301 24.7192 -0.3227 13.1186
3 16 24.7192 -0.3227 13.1186 26.0694 -0.3227 17.0301 27.0069 -0.3227 15.4063
3 16 27.0069 -11.1275 15.4063 24.7192 -10.5242 13.1186 27.0069 -0.3227 15.4063
3 16 27.0069 -0.3227 15.4063 24.7192 -10.5242 13.1186 24.7192 -0.3227 13.1186
3 16 22.0069 -0.3227 9.9936 23.0954 -0.3227 14.0561 23.8819 -0.3227 9.9936
3 16 23.8819 -0.3227 9.9936 23.0954 -0.3227 14.0561 24.7192 -0.3227 13.1186
3 16 23.8819 -0.3227 9.9936 24.7192 -0.3227 13.1186 23.8819 -9.6904 9.9936
3 16 23.8819 -9.6904 9.9936 24.7192 -0.3227 13.1186 24.7192 -10.5242 13.1186
3 16 23.0954 -0.3227 5.9311 22.0069 -0.3227 9.9936 24.7192 -0.3227 6.8686
3 16 24.7192 -0.3227 6.8686 22.0069 -0.3227 9.9936 23.8819 -0.3227 9.9936
3 16 4.7192 -8.6469 6.8686 10.133 -9.6203 10.0133 7.0068 -8.0364 4.581
3 16 13.2568 -8.1622 4.581 10.1318 -7.8574 3.7436 10.133 -9.6203 10.0133
3 16 15.5445 -10.5925 13.1186 16.3818 -9.7554 9.9936 10.133 -9.6203 10.0133
3 16 10.133 -9.6203 10.0133 10.1318 -11.3283 16.2436 13.2568 -11.1639 15.4063
3 16 10.133 -9.6203 10.0133 7.0068 -11.0437 15.4063 10.1318 -11.3283 16.2436
3 16 7.0068 -11.0437 15.4063 10.133 -9.6203 10.0133 4.7192 -10.3774 13.1186
3 16 10.133 -9.6203 10.0133 3.8818 -9.5017 9.9936 4.7192 -10.3774 13.1186
3 16 10.133 -9.6203 10.0133 4.7192 -8.6469 6.8686 3.8818 -9.5017 9.9936
3 16 6.0693 -0.3227 2.9572 3.0954 -0.3227 5.9311 7.0068 -0.3227 4.581
3 16 7.0068 -0.3227 4.581 3.0954 -0.3227 5.9311 4.7192 -0.3227 6.8686
3 16 10.1318 -0.3227 1.8686 6.0693 -0.3227 2.9572 10.1318 -0.3227 3.7436
3 16 10.1318 -0.3227 3.7436 6.0693 -0.3227 2.9572 7.0068 -0.3227 4.581
3 16 17.1683 -0.3227 5.9311 14.1943 -0.3227 2.9572 15.5445 -0.3227 6.8686
3 16 15.5445 -0.3227 6.8686 14.1943 -0.3227 2.9572 13.2568 -0.3227 4.581
3 16 18.2568 -0.3227 9.9936 17.1683 -0.3227 5.9311 16.3818 -0.3227 9.9936
3 16 16.3818 -0.3227 9.9936 17.1683 -0.3227 5.9311 15.5445 -0.3227 6.8686
3 16 17.1683 -0.3227 14.0561 18.2568 -0.3227 9.9936 15.5445 -0.3227 13.1186
3 16 15.5445 -0.3227 13.1186 18.2568 -0.3227 9.9936 16.3818 -0.3227 9.9936
3 16 14.1943 -0.3227 17.0301 17.1683 -0.3227 14.0561 13.2568 -0.3227 15.4063
3 16 13.2568 -0.3227 15.4063 17.1683 -0.3227 14.0561 15.5445 -0.3227 13.1186
3 16 10.1318 -0.3227 18.1186 14.1943 -0.3227 17.0301 10.1318 -0.3227 16.2436
3 16 10.1318 -0.3227 16.2436 14.1943 -0.3227 17.0301 13.2568 -0.3227 15.4063
3 16 6.0693 -0.3227 17.0301 10.1318 -0.3227 18.1186 7.0068 -0.3227 15.4063
3 16 7.0068 -0.3227 15.4063 10.1318 -0.3227 18.1186 10.1318 -0.3227 16.2436
3 16 3.0954 -0.3227 14.0561 6.0693 -0.3227 17.0301 4.7192 -0.3227 13.1186
3 16 4.7192 -0.3227 13.1186 6.0693 -0.3227 17.0301 7.0068 -0.3227 15.4063
3 16 2.0068 -0.3227 9.9936 3.0954 -0.3227 14.0561 3.8818 -0.3227 9.9936
3 16 3.8818 -0.3227 9.9936 3.0954 -0.3227 14.0561 4.7192 -0.3227 13.1186
3 16 3.0954 -0.3227 5.9311 2.0068 -0.3227 9.9936 4.7192 -0.3227 6.8686
3 16 4.7192 -0.3227 6.8686 2.0068 -0.3227 9.9936 3.8818 -0.3227 9.9936
3 16 24.7192 -12.6133 26.8686 30.1319 -12.5776 29.9936 27.0069 -12.5982 24.581
3 16 30.1319 -12.5776 29.9936 30.1319 -12.5776 23.7436 27.0069 -12.5982 24.581
3 16 30.1319 -12.5776 29.9936 24.7192 -12.6133 26.8686 23.8819 -12.6188 29.9936
3 16 26.0694 -0.3227 22.9572 23.0954 -0.3227 25.9311 27.0069 -0.3227 24.581
3 16 27.0069 -0.3227 24.581 23.0954 -0.3227 25.9311 24.7192 -0.3227 26.8686
3 16 30.1319 -0.3227 21.8686 26.0694 -0.3227 22.9572 30.1319 -0.3227 23.7436
3 16 30.1319 -0.3227 23.7436 26.0694 -0.3227 22.9572 27.0069 -0.3227 24.581
3 16 23.0954 -0.3227 25.9311 22.0069 -0.3227 29.9936 24.7192 -0.3227 26.8686
3 16 24.7192 -0.3227 26.8686 22.0069 -0.3227 29.9936 23.8819 -0.3227 29.9936
3 16 10.1434 -13.1071 29.9936 10.1318 -13.107 23.7436 7.0068 -13.1627 24.581
3 16 10.1434 -13.1071 29.9936 13.2568 -13.0513 24.581 10.1318 -13.107 23.7436
3 16 13.2568 -13.0513 24.581 10.1434 -13.1071 29.9936 15.5445 -13.0087 26.8686
3 16 10.1434 -13.1071 29.9936 16.3818 -12.9928 29.9936 15.5445 -13.0087 26.8686
3 16 6.0693 -0.3227 22.9572 3.0954 -0.3227 25.9311 7.0068 -0.3227 24.581
3 16 7.0068 -0.3227 24.581 3.0954 -0.3227 25.9311 4.7192 -0.3227 26.8686
3 16 10.1318 -0.3227 21.8686 6.0693 -0.3227 22.9572 10.1318 -0.3227 23.7436
3 16 10.1318 -0.3227 23.7436 6.0693 -0.3227 22.9572 7.0068 -0.3227 24.581
3 16 14.1943 -0.3227 22.9572 10.1318 -0.3227 21.8686 13.2568 -0.3227 24.581
3 16 13.2568 -0.3227 24.581 10.1318 -0.3227 21.8686 10.1318 -0.3227 23.7436
3 16 17.1683 -0.3227 25.9311 14.1943 -0.3227 22.9572 15.5445 -0.3227 26.8686
3 16 15.5445 -0.3227 26.8686 14.1943 -0.3227 22.9572 13.2568 -0.3227 24.581
3 16 18.2568 -0.3227 29.9936 17.1683 -0.3227 25.9311 16.3818 -0.3227 29.9936
3 16 16.3818 -0.3227 29.9936 17.1683 -0.3227 25.9311 15.5445 -0.3227 26.8686
3 16 3.0954 -0.3227 25.9311 2.0068 -0.3227 29.9936 4.7192 -0.3227 26.8686
3 16 4.7192 -0.3227 26.8686 2.0068 -0.3227 29.9936 3.8818 -0.3227 29.9936
3 16 -12.9932 -8.6638 24.581 -12.9932 -0.3227 24.581 -15.2808 -7.9935 26.8686
3 16 -15.2808 -7.9935 26.8686 -12.9932 -0.3227 24.581 -15.2808 -0.3227 26.8686
3 16 -9.8599 -9.5391 29.9936 -9.8682 -9.5368 23.7436 -12.9932 -8.6638 24.581
3 16 -9.8682 -9.5368 23.7436 -9.8682 -0.3227 23.7436 -12.9932 -8.6638 24.581
3 16 -12.9932 -8.6638 24.581 -9.8682 -0.3227 23.7436 -12.9932 -0.3227 24.581
3 16 -6.7432 -10.3887 24.581 -6.7432 -0.3227 24.581 -9.8682 -9.5368 23.7436
3 16 -9.8682 -9.5368 23.7436 -6.7432 -0.3227 24.581 -9.8682 -0.3227 23.7436
3 16 -9.8599 -9.5391 29.9936 -6.7432 -10.3887 24.581 -9.8682 -9.5368 23.7436
3 16 -6.7432 -10.3887 24.581 -9.8599 -9.5391 29.9936 -4.4555 -11.0005 26.8686
3 16 -4.4555 -11.0005 26.8686 -4.4555 -0.3227 26.8686 -6.7432 -10.3887 24.581
3 16 -6.7432 -10.3887 24.581 -4.4555 -0.3227 26.8686 -6.7432 -0.3227 24.581
3 16 -9.8599 -9.5391 29.9936 -3.6182 -11.2221 29.9936 -4.4555 -11.0005 26.8686
3 16 -3.6182 -11.2221 29.9936 -3.6182 -0.3227 29.9936 -4.4555 -11.0005 26.8686
3 16 -4.4555 -11.0005 26.8686 -3.6182 -0.3227 29.9936 -4.4555 -0.3227 26.8686
3 16 -15.2808 -7.9935 26.8686 -15.2808 -0.3227 26.8686 -16.1182 -7.7515 29.9936
3 16 -16.1182 -7.7515 29.9936 -15.2808 -0.3227 26.8686 -16.1182 -0.3227 29.9936
3 16 -13.9224 -0.3227 22.9572 -16.8964 -0.3227 25.9311 -12.9932 -0.3227 24.581
3 16 -12.9932 -0.3227 24.581 -16.8964 -0.3227 25.9311 -15.2808 -0.3227 26.8686
3 16 -9.8599 -0.3227 21.8686 -13.9224 -0.3227 22.9572 -9.8682 -0.3227 23.7436
3 16 -9.8682 -0.3227 23.7436 -13.9224 -0.3227 22.9572 -12.9932 -0.3227 24.581
3 16 -5.7974 -0.3227 22.9572 -9.8599 -0.3227 21.8686 -6.7432 -0.3227 24.581
3 16 -6.7432 -0.3227 24.581 -9.8599 -0.3227 21.8686 -9.8682 -0.3227 23.7436
3 16 -2.8235 -0.3227 25.9311 -5.7974 -0.3227 22.9572 -4.4555 -0.3227 26.8686
3 16 -4.4555 -0.3227 26.8686 -5.7974 -0.3227 22.9572 -6.7432 -0.3227 24.581
3 16 -1.7349 -0.3227 29.9936 -2.8235 -0.3227 25.9311 -3.6182 -0.3227 29.9936
3 16 -3.6182 -0.3227 29.9936 -2.8235 -0.3227 25.9311 -4.4555 -0.3227 26.8686
3 16 -16.8964 -0.3227 25.9311 -17.9849 -0.3227 29.9936 -15.2808 -0.3227 26.8686
3 16 -15.2808 -0.3227 26.8686 -17.9849 -0.3227 29.9936 -16.1182 -0.3227 29.9936
3 16 -4.4554 -9.0603 13.1208 -12.4446 -5.2031 7.4172 -6.743 -9.0603 15.396
3 16 -4.4554 -7.2292 6.8708 -12.4446 -5.2031 7.4172 -3.618 -8.3713 9.9958
3 16 -6.743 -5.8114 4.5831 -12.4446 -5.2031 7.4172 -4.4554 -7.2292 6.8708
3 16 -9.868 -5.1475 3.7458 -12.4446 -5.2031 7.4172 -8.2504 -5.1977 3.9587
3 16 17.0728 -5.25 -1.9729 27.7822 -5.2509 -1.9708 23.0094 -5.25 -6.0125
3 16 23.0094 -5.25 -6.0125 27.7822 -5.2509 -1.9708 28.1544 -5.25 -4.0274
3 16 -10.4847 -3.8512 0.3984 -10.9354 -4.8514 0.7158 -10.1731 -5.25 0.2341
3 16 -10.1731 -5.25 0.2341 -10.9354 -4.8514 0.7158 -11.8025 -5.25 1.3563
3 16 -5.8919 0 -2.3041 -8.8127 0 -0.6927 -5.8919 -5.25 -2.3041
3 16 -5.8919 -5.25 -2.3041 -8.8127 0 -0.6927 -10.1731 -5.25 0.2341
3 16 -24.0115 -4.8 9.4435 -22.013 -4.8 6.4156 -21.2624 -6.4905 10.6939
3 16 -21.2624 -6.4905 10.6939 -22.013 -4.8 6.4156 -20.7962 -5.25 6.045
3 16 15.5445 -10.5925 13.1186 10.133 -9.6203 10.0133 13.2568 -11.1639 15.4063
3 16 16.3818 -9.7554 9.9936 15.5445 -8.8672 6.8686 10.133 -9.6203 10.0133
3 16 10.1318 -7.8574 3.7436 7.0068 -8.0364 4.581 10.133 -9.6203 10.0133
3 16 13.2568 -8.1622 4.581 10.133 -9.6203 10.0133 15.5445 -8.8672 6.8686
3 16 -5.8919 0 -2.3041 -7.5054 0 -5.6895 -8.8127 0 -0.6927
3 16 -8.8127 0 -0.6927 -7.5054 0 -5.6895 -11.5319 0 -3.4119
3 16 -5.0884 0 -3.9085 -7.5054 0 -5.6895 -5.8919 0 -2.3041
3 16 3.5633 -0.006 -5.4155 2.8035 0 -9.1012 2.8235 -0.0066 -6.0125
3 16 -17.993 -5.1977 9.9936 -20.5903 -5.25 11.0368 -17.1242 -5.1959 13.2902
3 16 -17.1242 -5.1959 13.2902 -20.5903 -5.25 11.0368 -22.2791 -5.25 14.0831
3 16 11.4928 -15.0413 40.9683 20.7295 -15.0398 40.9747 11.5823 -12.8242 51.4468
3 16 11.5823 -12.8242 51.4468 20.7295 -15.0398 40.9747 20.7417 -12.8139 51.5319
3 16 -11.8025 -5.25 58.6437 -9.868 -5.1977 58.1186 -13.9305 -5.1977 57.0301
3 16 20.6873 -15.98 30 30.0168 -15.98 30 20.7295 -15.0398 40.9747
3 16 20.7295 -15.0398 40.9747 30.0168 -15.98 30 30.019 -15.0388 40.9817
3 16 11.3921 -15.98 30 20.6873 -15.98 30 11.4928 -15.0413 40.9683
3 16 11.4928 -15.0413 40.9683 20.6873 -15.98 30 20.7295 -15.0398 40.9747
3 16 30.0216 -12.8208 51.5609 20.7417 -12.8139 51.5319 30.019 -15.0388 40.9817
3 16 30.019 -15.0388 40.9817 20.7417 -12.8139 51.5319 20.7295 -15.0398 40.9747
3 16 20.7417 -12.8139 51.5319 20.5928 -9.1512 61.3078 11.5823 -12.8242 51.4468
3 16 11.5823 -12.8242 51.4468 20.5928 -9.1512 61.3078 11.1871 -9.1562 61.289
3 16 30.0216 -12.8208 51.5609 30.0378 -9.1256 61.3625 20.7417 -12.8139 51.5319
3 16 20.7417 -12.8139 51.5319 30.0378 -9.1256 61.3625 20.5928 -9.1512 61.3078
3 16 -13.5844 -4.8 62.013 -10.6868 -4.8 63.9423 -13.1755 -3.8512 62.2923
3 16 -9.868 -5.1977 58.1186 -8.9535 -5.25 60.6058 -6.5807 -5.1966 57.2475
3 16 -6.5807 -5.1966 57.2475 -8.9535 -5.25 60.6058 -5.8919 -5.25 62.3041
3 16 -0.1107 -10.9637 40.1924 6.0693 -11.3172 42.9572 9.9964 -11.9385 40.1924
3 16 9.9964 -11.9385 40.1924 6.0693 -11.3172 42.9572 10.1318 -11.6261 41.8686
3 16 23.0954 -10.8277 45.9311 17.1683 -10.8277 45.9311 22.0069 -9.7825 49.9936
3 16 22.0069 -9.7825 49.9936 17.1683 -10.8277 45.9311 18.2568 -9.7825 49.9936
3 16 23.0954 -8.4864 54.0561 22.0069 -9.7825 49.9936 17.1683 -8.4864 54.0561
3 16 17.1683 -8.4864 54.0561 22.0069 -9.7825 49.9936 18.2568 -9.7825 49.9936
3 16 19.9403 -11.9168 40.1924 23.0954 -10.8277 45.9311 26.0694 -11.4362 42.9572
3 16 22.0069 -12.5777 29.9936 18.2568 -12.5777 29.9936 23.0954 -12.4602 34.0561
3 16 23.0954 -12.4602 34.0561 18.2568 -12.5777 29.9936 17.1683 -12.4602 34.0561
3 16 10.1318 -11.6261 41.8686 14.1943 -11.4362 42.9572 9.9964 -11.9385 40.1924
3 16 9.9964 -11.9385 40.1924 14.1943 -11.4362 42.9572 19.9403 -11.9168 40.1924
3 16 10.1318 -12.1076 38.1186 9.9964 -11.9385 40.1924 14.1943 -12.2251 37.0301
3 16 14.1943 -12.2251 37.0301 9.9964 -11.9385 40.1924 19.9403 -11.9168 40.1924
3 16 17.1683 -12.4602 34.0561 19.9403 -11.9168 40.1924 23.0954 -12.4602 34.0561
3 16 23.0954 -12.4602 34.0561 19.9403 -11.9168 40.1924 26.0694 -12.2251 37.0301
3 16 2.0068 -12.1076 29.9936 -1.7349 -11.6261 29.9936 3.0954 -12.1076 34.0561
3 16 3.0954 -12.1076 34.0561 -1.7349 -11.6261 29.9936 -2.8235 -11.3172 34.0561
3 16 -9.8599 -9.3022 38.1186 -13.9224 -8.1241 37.0301 -9.868 -8.7759 41.8686
3 16 -9.868 -8.7759 41.8686 -13.9224 -8.1241 37.0301 -13.9305 -7.2584 42.9572
3 16 26.0694 -0.3227 57.0301 26.0694 -7.424 57.0301 26.416 -6.0559 57.1229
3 16 26.416 -6.0559 57.1229 26.0694 -7.424 57.0301 26.416 -7.3059 57.1229
3 16 22.0069 -9.7825 49.9936 23.0954 -8.4864 54.0561 22.0069 -0.3227 49.9936
3 16 22.0069 -0.3227 49.9936 23.0954 -8.4864 54.0561 23.0954 -0.3227 54.0561
3 16 23.0954 -10.8277 45.9311 22.0069 -9.7825 49.9936 23.0954 -0.3227 45.9311
3 16 23.0954 -0.3227 45.9311 22.0069 -9.7825 49.9936 22.0069 -0.3227 49.9936
3 16 26.0694 -11.4362 42.9572 23.0954 -10.8277 45.9311 26.0694 -0.3227 42.9572
3 16 26.0694 -0.3227 42.9572 23.0954 -10.8277 45.9311 23.0954 -0.3227 45.9311
3 16 30.1319 -11.6261 41.8686 26.0694 -11.4362 42.9572 30.1319 -0.3227 41.8686
3 16 30.1319 -0.3227 41.8686 26.0694 -11.4362 42.9572 26.0694 -0.3227 42.9572
3 16 -19.795 -1.3988 50.1908 -20.5903 -5.25 48.9633 -20.102 -0.3986 49.7297
3 16 -10.6868 -4.8 63.9423 -13.5844 -4.8 62.013 -11.3686 -6.2367 60.4708
3 16 -11.3686 -6.2367 60.4708 -13.5844 -4.8 62.013 -13.955 -5.25 60.7962
3 16 -9.868 -5.1977 58.1186 -9.868 -0.3227 58.1186 -13.9305 -5.1977 57.0301
3 16 -13.9305 -5.1977 57.0301 -9.868 -0.3227 58.1186 -13.9305 -0.3227 57.0301
3 16 26.416 -6.0559 57.1229 26.416 -7.3059 57.1229 26.25 -5.25 59.2708
3 16 26.25 -5.25 59.2708 26.416 -7.3059 57.1229 26.25 -5.25 61.9729
3 16 -15.2326 -10.7582 40.6997 -22.9985 -7.6131 40.2457 -15.5924 -11.5583 30
3 16 -15.5924 -11.5583 30 -22.9985 -7.6131 40.2457 -23.764 -8.0599 29.9852
3 16 -15.354 -8.3283 51.4077 -21.1384 -6.5353 49.1644 -15.2326 -10.7582 40.6997
3 16 -15.2326 -10.7582 40.6997 -21.1384 -6.5353 49.1644 -22.9985 -7.6131 40.2457
3 16 -5.1557 -8.2004 59.7475 -13.1028 -7.0694 57.251 -6.2939 -11.0822 51.2458
3 16 -6.2939 -11.0822 51.2458 -13.1028 -7.0694 57.251 -15.354 -8.3283 51.4077
3 16 -15.354 -8.3283 51.4077 -15.2326 -10.7582 40.6997 -6.2939 -11.0822 51.2458
3 16 -6.2939 -11.0822 51.2458 -15.2326 -10.7582 40.6997 -6.6193 -13.2219 40.8351
3 16 -6.6193 -13.2219 40.8351 -15.2326 -10.7582 40.6997 -6.8279 -14.067 30
3 16 -6.8279 -14.067 30 -15.2326 -10.7582 40.6997 -15.5924 -11.5583 30
3 16 -13.1028 -7.0694 57.251 -5.1557 -8.2004 59.7475 -11.3686 -6.2367 60.4708
3 16 -20.1598 -5.25 54.7515 -15.354 -8.3283 51.4077 -17.5885 -5.25 57.5885
3 16 -17.5885 -5.25 57.5885 -15.354 -8.3283 51.4077 -13.1028 -7.0694 57.251
3 16 -20.5903 -5.25 48.9633 -19.28 -4.8514 50.9312 -18.6403 -5.25 51.7991
3 16 2.0068 -9.3022 49.9936 -1.743 -8.7759 49.9936 3.0954 -8.1241 54.0561
3 16 3.0954 -8.1241 54.0561 -1.743 -8.7759 49.9936 -2.8316 -7.2637 54.0561
3 16 -0.1107 -10.9637 40.1924 -5.8055 -9.6451 42.9572 -2.8316 -9.6443 45.9311
3 16 10.1318 -12.1076 38.1186 6.0693 -12.1076 37.0301 9.9964 -11.9385 40.1924
3 16 9.9964 -11.9385 40.1924 6.0693 -12.1076 37.0301 -0.1107 -10.9637 40.1924
3 16 -5.7974 -10.4694 37.0301 -9.8599 -9.3022 38.1186 -5.8055 -9.6451 42.9572
3 16 -5.8055 -9.6451 42.9572 -9.8599 -9.3022 38.1186 -9.868 -8.7759 41.8686
3 16 26.416 -6.0559 57.1229 26.25 -5.25 59.2708 30.1319 -5.7115 58.1186
3 16 30.1319 -5.7115 58.1186 26.25 -5.25 59.2708 30 -5.25 59.2708
3 16 2.5944 -12.4981 51.3688 11.5823 -12.8242 51.4468 2.8752 -9.0605 60.6724
3 16 2.8752 -9.0605 60.6724 11.5823 -12.8242 51.4468 11.1871 -9.1562 61.289
3 16 2.3682 -14.7034 40.9194 11.4928 -15.0413 40.9683 2.5944 -12.4981 51.3688
3 16 2.5944 -12.4981 51.3688 11.4928 -15.0413 40.9683 11.5823 -12.8242 51.4468
3 16 11.4928 -15.0413 40.9683 2.3682 -14.7034 40.9194 11.3921 -15.98 30
3 16 11.3921 -15.98 30 2.3682 -14.7034 40.9194 2.2402 -15.5394 30
3 16 -6.2939 -11.0822 51.2458 2.5944 -12.4981 51.3688 -5.1557 -8.2004 59.7475
3 16 -5.1557 -8.2004 59.7475 2.5944 -12.4981 51.3688 2.8752 -9.0605 60.6724
3 16 -6.6193 -13.2219 40.8351 2.3682 -14.7034 40.9194 -6.2939 -11.0822 51.2458
3 16 -6.2939 -11.0822 51.2458 2.3682 -14.7034 40.9194 2.5944 -12.4981 51.3688
3 16 2.3682 -14.7034 40.9194 -6.6193 -13.2219 40.8351 2.2402 -15.5394 30
3 16 2.2402 -15.5394 30 -6.6193 -13.2219 40.8351 -6.8279 -14.067 30
3 16 -22.2791 -5.25 45.9169 -23.8835 -5.25 44.9945 -22.2791 0 45.9169
3 16 -22.2791 0 45.9169 -23.8835 -5.25 44.9945 -23.8835 0 44.9945
3 16 -25.1554 -5.25 43.6501 -25.9875 -5.25 41.997 -25.1554 0 43.6501
3 16 -25.1554 0 43.6501 -25.9875 -5.25 41.997 -25.9875 0 41.997
3 16 -25.9875 -5.25 41.997 -25.9875 -5.25 37.978 -25.9875 0 41.997
3 16 -25.9875 0 41.997 -25.9875 -5.25 37.978 -25.9875 0 37.978
3 16 -22.2791 0 45.9169 -25.0674 0 48.7439 -20.6867 0 48.8067
3 16 -20.6867 0 48.8067 -25.0674 0 48.7439 -23.4065 0 51.5265
3 16 30.1319 -12.1076 38.1186 26.0694 -12.2251 37.0301 30 -11.9323 40.1924
3 16 30 -11.9323 40.1924 26.0694 -12.2251 37.0301 19.9403 -11.9168 40.1924
3 16 30.1319 -11.6261 41.8686 30 -11.9323 40.1924 26.0694 -11.4362 42.9572
3 16 26.0694 -11.4362 42.9572 30 -11.9323 40.1924 19.9403 -11.9168 40.1924
3 16 26.416 -7.3059 57.1229 26.0694 -7.424 57.0301 26.25 -5.25 61.9729
3 16 -21.9318 -5.25 30 -25.9875 -5.25 30 -21.6042 -5.25 34.8416
3 16 -21.6042 -5.25 34.8416 -25.9875 -5.25 30 -25.3684 -5.25 36.6489
3 16 -21.6042 -5.25 34.8416 -25.3684 -5.25 36.6489 -25.9875 -5.25 37.978
3 16 -21.6042 -5.25 34.8416 -25.9875 -5.25 37.978 -19.9826 -5.25 41.1044
3 16 -19.9826 -5.25 41.1044 -25.9875 -5.25 37.978 -25.9875 -5.25 41.997
3 16 -19.9826 -5.25 41.1044 -23.8835 -5.25 44.9945 -22.2791 -5.25 45.9169
3 16 -20.5903 -5.25 48.9633 -17.1174 -5.1958 46.7102 -22.2791 -5.25 45.9169
3 16 -22.2791 -5.25 45.9169 -17.1174 -5.1958 46.7102 -19.9826 -5.25 41.1044
3 16 3.0954 -8.1241 54.0561 -2.8316 -7.2637 54.0561 -1.0901 -5.25 59.9442
3 16 -1.0901 -5.25 59.9442 -2.8316 -7.2637 54.0561 -5.8055 -5.2707 57.0301
3 16 -1.0901 -5.25 59.9442 3.5639 -5.25 61.3184 3.0954 -8.1241 54.0561
3 16 3.0954 -8.1241 54.0561 3.5639 -5.25 61.3184 6.0693 -7.2545 57.0301
3 16 10.1318 -6.9347 58.1186 6.0693 -7.2545 57.0301 10 -5.25 61.9729
3 16 10 -5.25 61.9729 6.0693 -7.2545 57.0301 3.5639 -5.25 61.3184
3 16 17.0728 -5.25 61.9729 14.1943 -7.3758 57.0301 10 -5.25 61.9729
3 16 10 -5.25 61.9729 14.1943 -7.3758 57.0301 10.1318 -6.9347 58.1186
3 16 -1.0901 -5.25 59.9442 2.047 -5.25 66.0125 3.5639 -5.25 61.3184
3 16 3.5639 -5.25 61.3184 2.047 -5.25 66.0125 3.4568 -5.25 65.4056
3 16 10.025 -5.25 66.0125 10 -5.25 61.9729 3.4568 -5.25 65.4056
3 16 3.4568 -5.25 65.4056 10 -5.25 61.9729 3.5639 -5.25 61.3184
3 16 20.3952 -5.25 66.0125 17.0728 -5.25 61.9729 10.025 -5.25 66.0125
3 16 10.025 -5.25 66.0125 17.0728 -5.25 61.9729 10 -5.25 61.9729
3 16 20.3952 -5.25 66.0125 26.25 -5.25 61.9729 17.0728 -5.25 61.9729
3 16 30 -5.25 61.9729 30 -5.25 59.2708 26.25 -5.25 61.9729
3 16 26.25 -5.25 61.9729 30 -5.25 59.2708 26.25 -5.25 59.2708
3 16 -16.118 -5.196 49.9915 -12.5645 -5.1602 52.5609 -15.9051 -5.1977 48.3738
3 16 -12.993 -5.198 55.4041 -12.5645 -5.1602 52.5609 -15.2807 -5.1963 53.1165
3 16 3.0954 -10.4694 45.9311 -2.8316 -9.6443 45.9311 2.0068 -9.3022 49.9936
3 16 2.0068 -9.3022 49.9936 -2.8316 -9.6443 45.9311 -1.743 -8.7759 49.9936
3 16 -12.5645 -5.1602 52.5609 -8.2504 -5.1977 56.0285 -6.743 -5.8114 55.4041
3 16 23.0954 -0.3227 54.0561 26.0694 -0.3227 57.0301 24.7192 -0.3227 53.1186
3 16 24.7192 -0.3227 53.1186 26.0694 -0.3227 57.0301 27.0069 -0.3227 55.4063
3 16 26.0694 -0.3227 57.0301 30.1319 -0.3227 58.1186 27.0069 -0.3227 55.4063
3 16 27.0069 -0.3227 55.4063 30.1319 -0.3227 58.1186 30.1319 -0.3227 56.2436
3 16 30.1319 -0.3227 41.8686 26.0694 -0.3227 42.9572 30.1319 -0.3227 43.7436
3 16 30.1319 -0.3227 43.7436 26.0694 -0.3227 42.9572 27.0069 -0.3227 44.581
3 16 26.0694 -0.3227 42.9572 23.0954 -0.3227 45.9311 27.0069 -0.3227 44.581
3 16 27.0069 -0.3227 44.581 23.0954 -0.3227 45.9311 24.7192 -0.3227 46.8686
3 16 23.0954 -0.3227 45.9311 22.0069 -0.3227 49.9936 24.7192 -0.3227 46.8686
3 16 24.7192 -0.3227 46.8686 22.0069 -0.3227 49.9936 23.8819 -0.3227 49.9936
3 16 22.0069 -0.3227 49.9936 23.0954 -0.3227 54.0561 23.8819 -0.3227 49.9936
3 16 23.8819 -0.3227 49.9936 23.0954 -0.3227 54.0561 24.7192 -0.3227 53.1186
3 16 3.0954 -0.3227 54.0561 6.0693 -0.3227 57.0301 4.7192 -0.3227 53.1186
3 16 4.7192 -0.3227 53.1186 6.0693 -0.3227 57.0301 7.0068 -0.3227 55.4063
3 16 6.0693 -0.3227 57.0301 10.1318 -0.3227 58.1186 7.0068 -0.3227 55.4063
3 16 7.0068 -0.3227 55.4063 10.1318 -0.3227 58.1186 10.1318 -0.3227 56.2436
3 16 10.1318 -0.3227 58.1186 14.1943 -0.3227 57.0301 10.1318 -0.3227 56.2436
3 16 10.1318 -0.3227 56.2436 14.1943 -0.3227 57.0301 13.2568 -0.3227 55.4063
3 16 14.1943 -0.3227 57.0301 17.1683 -0.3227 54.0561 13.2568 -0.3227 55.4063
3 16 13.2568 -0.3227 55.4063 17.1683 -0.3227 54.0561 15.5445 -0.3227 53.1186
3 16 17.1683 -0.3227 54.0561 18.2568 -0.3227 49.9936 15.5445 -0.3227 53.1186
3 16 15.5445 -0.3227 53.1186 18.2568 -0.3227 49.9936 16.3818 -0.3227 49.9936
3 16 18.2568 -0.3227 49.9936 17.1683 -0.3227 45.9311 16.3818 -0.3227 49.9936
3 16 16.3818 -0.3227 49.9936 17.1683 -0.3227 45.9311 15.5445 -0.3227 46.8686
3 16 17.1683 -0.3227 45.9311 14.1943 -0.3227 42.9572 15.5445 -0.3227 46.8686
3 16 15.5445 -0.3227 46.8686 14.1943 -0.3227 42.9572 13.2568 -0.3227 44.581
3 16 14.1943 -0.3227 42.9572 10.1318 -0.3227 41.8686 13.2568 -0.3227 44.581
3 16 13.2568 -0.3227 44.581 10.1318 -0.3227 41.8686 10.1318 -0.3227 43.7436
3 16 10.1318 -0.3227 41.8686 6.0693 -0.3227 42.9572 10.1318 -0.3227 43.7436
3 16 10.1318 -0.3227 43.7436 6.0693 -0.3227 42.9572 7.0068 -0.3227 44.581
3 16 6.0693 -0.3227 42.9572 3.0954 -0.3227 45.9311 7.0068 -0.3227 44.581
3 16 7.0068 -0.3227 44.581 3.0954 -0.3227 45.9311 4.7192 -0.3227 46.8686
3 16 3.0954 -0.3227 45.9311 2.0068 -0.3227 49.9936 4.7192 -0.3227 46.8686
3 16 4.7192 -0.3227 46.8686 2.0068 -0.3227 49.9936 3.8818 -0.3227 49.9936
3 16 2.0068 -0.3227 49.9936 3.0954 -0.3227 54.0561 3.8818 -0.3227 49.9936
3 16 3.8818 -0.3227 49.9936 3.0954 -0.3227 54.0561 4.7192 -0.3227 53.1186
3 16 23.0954 -0.3227 34.0561 26.0694 -0.3227 37.0301 24.7192 -0.3227 33.1186
3 16 24.7192 -0.3227 33.1186 26.0694 -0.3227 37.0301 27.0069 -0.3227 35.4063
3 16 26.0694 -0.3227 37.0301 30.1319 -0.3227 38.1186 27.0069 -0.3227 35.4063
3 16 27.0069 -0.3227 35.4063 30.1319 -0.3227 38.1186 30.1319 -0.3227 36.2436
3 16 22.0069 -0.3227 29.9936 23.0954 -0.3227 34.0561 23.8819 -0.3227 29.9936
3 16 23.8819 -0.3227 29.9936 23.0954 -0.3227 34.0561 24.7192 -0.3227 33.1186
3 16 3.0954 -0.3227 34.0561 6.0693 -0.3227 37.0301 4.7192 -0.3227 33.1186
3 16 4.7192 -0.3227 33.1186 6.0693 -0.3227 37.0301 7.0068 -0.3227 35.4063
3 16 6.0693 -0.3227 37.0301 10.1318 -0.3227 38.1186 7.0068 -0.3227 35.4063
3 16 7.0068 -0.3227 35.4063 10.1318 -0.3227 38.1186 10.1318 -0.3227 36.2436
3 16 10.1318 -0.3227 38.1186 14.1943 -0.3227 37.0301 10.1318 -0.3227 36.2436
3 16 10.1318 -0.3227 36.2436 14.1943 -0.3227 37.0301 13.2568 -0.3227 35.4063
3 16 14.1943 -0.3227 37.0301 17.1683 -0.3227 34.0561 13.2568 -0.3227 35.4063
3 16 13.2568 -0.3227 35.4063 17.1683 -0.3227 34.0561 15.5445 -0.3227 33.1186
3 16 17.1683 -0.3227 34.0561 18.2568 -0.3227 29.9936 15.5445 -0.3227 33.1186
3 16 15.5445 -0.3227 33.1186 18.2568 -0.3227 29.9936 16.3818 -0.3227 29.9936
3 16 2.0068 -0.3227 29.9936 3.0954 -0.3227 34.0561 3.8818 -0.3227 29.9936
3 16 3.8818 -0.3227 29.9936 3.0954 -0.3227 34.0561 4.7192 -0.3227 33.1186
3 16 -13.9224 -0.3227 37.0301 -12.9932 -0.3227 35.4063 -16.8964 -0.3227 34.0561
3 16 -16.8964 -0.3227 34.0561 -12.9932 -0.3227 35.4063 -15.2808 -0.3227 33.1186
3 16 -9.8599 -0.3227 38.1186 -9.8682 -0.3227 36.2436 -13.9224 -0.3227 37.0301
3 16 -13.9224 -0.3227 37.0301 -9.8682 -0.3227 36.2436 -12.9932 -0.3227 35.4063
3 16 -5.7974 -0.3227 37.0301 -6.7432 -0.3227 35.4063 -9.8599 -0.3227 38.1186
3 16 -9.8599 -0.3227 38.1186 -6.7432 -0.3227 35.4063 -9.8682 -0.3227 36.2436
3 16 -2.8235 -0.3227 34.0561 -4.4555 -0.3227 33.1186 -5.7974 -0.3227 37.0301
3 16 -5.7974 -0.3227 37.0301 -4.4555 -0.3227 33.1186 -6.7432 -0.3227 35.4063
3 16 -1.7349 -0.3227 29.9936 -3.6182 -0.3227 29.9936 -2.8235 -0.3227 34.0561
3 16 -2.8235 -0.3227 34.0561 -3.6182 -0.3227 29.9936 -4.4555 -0.3227 33.1186
3 16 -16.8964 -0.3227 34.0561 -15.2808 -0.3227 33.1186 -17.9849 -0.3227 29.9936
3 16 -17.9849 -0.3227 29.9936 -15.2808 -0.3227 33.1186 -16.1182 -0.3227 29.9936
3 16 27.0069 -7.9686 55.4063 30.1319 -7.7389 56.2436 30.1319 -9.5169 49.9478
3 16 30.1319 -9.5169 49.9478 30.1319 -11.2654 43.7436 27.0069 -11.0467 44.581
3 16 7.0068 -13.1627 35.4063 10.1318 -13.107 36.2436 10.1434 -13.1071 29.9936
3 16 15.5445 -13.0087 33.1186 10.1434 -13.1071 29.9936 13.2568 -13.0513 35.4063
3 16 10.1434 -13.1071 29.9936 15.5445 -13.0087 33.1186 16.3818 -12.9928 29.9936
3 16 -12.9932 -8.6638 35.4063 -9.8682 -9.5368 36.2436 -9.8599 -9.5391 29.9936
3 16 -4.4555 -11.0005 33.1186 -9.8599 -9.5391 29.9936 -6.7432 -10.3887 35.4063
3 16 -9.8599 -9.5391 29.9936 -4.4555 -11.0005 33.1186 -3.6182 -11.2221 29.9936
3 16 7.0068 -8.0364 55.4063 10.0056 -9.6718 49.9835 4.7192 -8.6469 53.1186
3 16 -9.868 -8.4137 43.7415 -9.868 -0.3227 43.7415 -12.993 -7.2763 44.5788
3 16 -12.993 -7.2763 44.5788 -9.868 -0.3227 43.7415 -12.993 -0.3227 44.5788
3 16 -12.993 -7.2763 44.5788 -12.993 -0.3227 44.5788 -15.2807 -5.8532 46.8665
3 16 -15.2807 -5.8532 46.8665 -12.993 -0.3227 44.5788 -15.2807 -0.3227 46.8665
3 16 -15.9051 -5.1977 48.3738 -16.118 -0.3227 49.9915 -16.118 -5.196 49.9915
3 16 -15.2807 -5.1963 53.1165 -16.118 -5.196 49.9915 -15.2807 -0.3227 53.1165
3 16 -15.2807 -0.3227 53.1165 -16.118 -5.196 49.9915 -16.118 -0.3227 49.9915
3 16 -12.993 -5.198 55.4041 -15.2807 -5.1963 53.1165 -12.993 -0.3227 55.4041
3 16 -12.993 -0.3227 55.4041 -15.2807 -5.1963 53.1165 -15.2807 -0.3227 53.1165
3 16 -12.993 -5.198 55.4041 -12.993 -0.3227 55.4041 -9.868 -5.1475 56.2415
3 16 -9.868 -5.1475 56.2415 -12.993 -0.3227 55.4041 -9.868 -0.3227 56.2415
3 16 -9.868 -0.3227 56.2415 -6.743 -0.3227 55.4041 -8.2504 -5.1977 56.0285
3 16 -8.2504 -5.1977 56.0285 -6.743 -0.3227 55.4041 -6.743 -5.8114 55.4041
3 16 -6.743 -0.3227 55.4041 -4.4554 -0.3227 53.1165 -6.743 -5.8114 55.4041
3 16 -6.743 -5.8114 55.4041 -4.4554 -0.3227 53.1165 -4.4554 -7.2292 53.1165
3 16 -4.4554 -0.3227 53.1165 -3.618 -0.3227 49.9915 -4.4554 -7.2292 53.1165
3 16 -4.4554 -7.2292 53.1165 -3.618 -0.3227 49.9915 -3.618 -8.3713 49.9915
3 16 -3.618 -0.3227 49.9915 -4.4554 -0.3227 46.8665 -3.618 -8.3713 49.9915
3 16 -3.618 -8.3713 49.9915 -4.4554 -0.3227 46.8665 -4.4554 -9.0603 46.8665
3 16 -4.4554 -9.0603 46.8665 -4.4554 -0.3227 46.8665 -6.743 -9.0603 44.5913
3 16 -6.743 -9.0603 44.5913 -4.4554 -0.3227 46.8665 -6.743 -0.3227 44.5788
3 16 -6.743 -9.0603 44.5913 -6.743 -0.3227 44.5788 -9.868 -8.4137 43.7415
3 16 -9.868 -8.4137 43.7415 -6.743 -0.3227 44.5788 -9.868 -0.3227 43.7415
3 16 -4.4555 -0.3227 33.1186 -3.6182 -0.3227 29.9936 -4.4555 -11.0005 33.1186
3 16 -4.4555 -11.0005 33.1186 -3.6182 -0.3227 29.9936 -3.6182 -11.2221 29.9936
3 16 -4.4555 -11.0005 33.1186 -6.7432 -10.3887 35.4063 -4.4555 -0.3227 33.1186
3 16 -4.4555 -0.3227 33.1186 -6.7432 -10.3887 35.4063 -6.7432 -0.3227 35.4063
3 16 -9.8682 -0.3227 36.2436 -6.7432 -0.3227 35.4063 -9.8682 -9.5368 36.2436
3 16 -9.8682 -9.5368 36.2436 -6.7432 -0.3227 35.4063 -6.7432 -10.3887 35.4063
3 16 -12.9932 -0.3227 35.4063 -9.8682 -0.3227 36.2436 -12.9932 -8.6638 35.4063
3 16 -12.9932 -8.6638 35.4063 -9.8682 -0.3227 36.2436 -9.8682 -9.5368 36.2436
3 16 -12.9932 -8.6638 35.4063 -15.2808 -7.9935 33.1186 -12.9932 -0.3227 35.4063
3 16 -12.9932 -0.3227 35.4063 -15.2808 -7.9935 33.1186 -15.2808 -0.3227 33.1186
3 16 -16.1182 -0.3227 29.9936 -15.2808 -0.3227 33.1186 -16.1182 -7.7515 29.9936
3 16 -16.1182 -7.7515 29.9936 -15.2808 -0.3227 33.1186 -15.2808 -7.9935 33.1186
3 16 3.8818 -13.2213 29.9936 3.8818 -0.3227 29.9936 4.7192 -13.2056 33.1186
3 16 4.7192 -13.2056 33.1186 3.8818 -0.3227 29.9936 4.7192 -0.3227 33.1186
3 16 4.7192 -13.2056 33.1186 4.7192 -0.3227 33.1186 7.0068 -13.1627 35.4063
3 16 7.0068 -13.1627 35.4063 4.7192 -0.3227 33.1186 7.0068 -0.3227 35.4063
3 16 7.0068 -13.1627 35.4063 7.0068 -0.3227 35.4063 10.1318 -13.107 36.2436
3 16 10.1318 -13.107 36.2436 7.0068 -0.3227 35.4063 10.1318 -0.3227 36.2436
3 16 10.1318 -13.107 36.2436 10.1318 -0.3227 36.2436 13.2568 -13.0513 35.4063
3 16 13.2568 -13.0513 35.4063 10.1318 -0.3227 36.2436 13.2568 -0.3227 35.4063
3 16 13.2568 -13.0513 35.4063 13.2568 -0.3227 35.4063 15.5445 -13.0087 33.1186
3 16 15.5445 -13.0087 33.1186 13.2568 -0.3227 35.4063 15.5445 -0.3227 33.1186
3 16 15.5445 -13.0087 33.1186 15.5445 -0.3227 33.1186 16.3818 -12.9928 29.9936
3 16 16.3818 -12.9928 29.9936 15.5445 -0.3227 33.1186 16.3818 -0.3227 29.9936
3 16 7.0068 -8.0364 55.4063 7.0068 -0.3227 55.4063 10.1318 -7.8574 56.2436
3 16 10.1318 -7.8574 56.2436 7.0068 -0.3227 55.4063 10.1318 -0.3227 56.2436
3 16 10.1318 -0.3227 56.2436 13.2568 -0.3227 55.4063 10.1318 -7.8574 56.2436
3 16 10.1318 -7.8574 56.2436 13.2568 -0.3227 55.4063 13.2568 -8.1622 55.4063
3 16 15.5445 -8.8672 53.1186 13.2568 -8.1622 55.4063 15.5445 -0.3227 53.1186
3 16 15.5445 -0.3227 53.1186 13.2568 -8.1622 55.4063 13.2568 -0.3227 55.4063
3 16 15.5445 -0.3227 53.1186 16.3818 -0.3227 49.9936 15.5445 -8.8672 53.1186
3 16 15.5445 -8.8672 53.1186 16.3818 -0.3227 49.9936 16.3818 -9.7554 49.9936
3 16 16.3818 -0.3227 49.9936 15.5445 -0.3227 46.8686 16.3818 -9.7554 49.9936
3 16 16.3818 -9.7554 49.9936 15.5445 -0.3227 46.8686 15.5445 -10.5925 46.8686
3 16 13.2568 -11.1639 44.581 15.5445 -10.5925 46.8686 13.2568 -0.3227 44.581
3 16 13.2568 -0.3227 44.581 15.5445 -10.5925 46.8686 15.5445 -0.3227 46.8686
3 16 13.2568 -0.3227 44.581 10.1318 -0.3227 43.7436 13.2568 -11.1639 44.581
3 16 13.2568 -11.1639 44.581 10.1318 -0.3227 43.7436 10.1318 -11.3283 43.7436
3 16 10.1318 -11.3283 43.7436 10.1318 -0.3227 43.7436 7.0068 -11.0437 44.581
3 16 7.0068 -11.0437 44.581 10.1318 -0.3227 43.7436 7.0068 -0.3227 44.581
3 16 7.0068 -11.0437 44.581 7.0068 -0.3227 44.581 4.7192 -10.3774 46.8686
3 16 4.7192 -10.3774 46.8686 7.0068 -0.3227 44.581 4.7192 -0.3227 46.8686
3 16 4.7192 -10.3774 46.8686 4.7192 -0.3227 46.8686 3.8818 -9.5017 49.9936
3 16 3.8818 -9.5017 49.9936 4.7192 -0.3227 46.8686 3.8818 -0.3227 49.9936
3 16 3.8818 -9.5017 49.9936 3.8818 -0.3227 49.9936 4.7192 -8.6469 53.1186
3 16 4.7192 -8.6469 53.1186 3.8818 -0.3227 49.9936 4.7192 -0.3227 53.1186
3 16 4.7192 -8.6469 53.1186 4.7192 -0.3227 53.1186 7.0068 -8.0364 55.4063
3 16 7.0068 -8.0364 55.4063 4.7192 -0.3227 53.1186 7.0068 -0.3227 55.4063
3 16 30.1319 -11.2654 43.7436 30.1319 -0.3227 43.7436 27.0069 -11.0467 44.581
3 16 27.0069 -11.0467 44.581 30.1319 -0.3227 43.7436 27.0069 -0.3227 44.581
3 16 27.0069 -11.0467 44.581 27.0069 -0.3227 44.581 24.7192 -10.3795 46.8686
3 16 24.7192 -10.3795 46.8686 27.0069 -0.3227 44.581 24.7192 -0.3227 46.8686
3 16 24.7192 -10.3795 46.8686 24.7192 -0.3227 46.8686 23.8819 -9.5248 49.9936
3 16 23.8819 -9.5248 49.9936 24.7192 -0.3227 46.8686 23.8819 -0.3227 49.9936
3 16 23.8819 -9.5248 49.9936 23.8819 -0.3227 49.9936 24.7192 -8.6594 53.1186
3 16 24.7192 -8.6594 53.1186 23.8819 -0.3227 49.9936 24.7192 -0.3227 53.1186
3 16 24.7192 -8.6594 53.1186 24.7192 -0.3227 53.1186 27.0069 -7.9686 55.4063
3 16 27.0069 -7.9686 55.4063 24.7192 -0.3227 53.1186 27.0069 -0.3227 55.4063
3 16 27.0069 -7.9686 55.4063 27.0069 -0.3227 55.4063 30.1319 -7.7389 56.2436
3 16 30.1319 -7.7389 56.2436 27.0069 -0.3227 55.4063 30.1319 -0.3227 56.2436
3 16 23.8819 -12.6188 29.9936 23.8819 -0.3227 29.9936 24.7192 -12.6133 33.1186
3 16 24.7192 -12.6133 33.1186 23.8819 -0.3227 29.9936 24.7192 -0.3227 33.1186
3 16 24.7192 -12.6133 33.1186 24.7192 -0.3227 33.1186 27.0069 -12.5982 35.4063
3 16 27.0069 -12.5982 35.4063 24.7192 -0.3227 33.1186 27.0069 -0.3227 35.4063
3 16 27.0069 -12.5982 35.4063 27.0069 -0.3227 35.4063 30.1319 -12.5776 36.2436
3 16 30.1319 -12.5776 36.2436 27.0069 -0.3227 35.4063 30.1319 -0.3227 36.2436
3 16 -20.5903 -5.25 48.9633 -22.2791 -5.25 45.9169 -20.6867 0 48.8067
3 16 -20.6867 0 48.8067 -22.2791 -5.25 45.9169 -22.2791 0 45.9169
3 16 2.0068 -0.3227 29.9936 2.0068 -12.1076 29.9936 3.0954 -0.3227 34.0561
3 16 3.0954 -0.3227 34.0561 2.0068 -12.1076 29.9936 3.0954 -12.1076 34.0561
3 16 6.0693 -12.1076 37.0301 6.0693 -0.3227 37.0301 3.0954 -12.1076 34.0561
3 16 3.0954 -12.1076 34.0561 6.0693 -0.3227 37.0301 3.0954 -0.3227 34.0561
3 16 6.0693 -0.3227 37.0301 6.0693 -12.1076 37.0301 10.1318 -0.3227 38.1186
3 16 10.1318 -0.3227 38.1186 6.0693 -12.1076 37.0301 10.1318 -12.1076 38.1186
3 16 10.1318 -0.3227 38.1186 10.1318 -12.1076 38.1186 14.1943 -0.3227 37.0301
3 16 14.1943 -0.3227 37.0301 10.1318 -12.1076 38.1186 14.1943 -12.2251 37.0301
3 16 14.1943 -0.3227 37.0301 14.1943 -12.2251 37.0301 17.1683 -0.3227 34.0561
3 16 17.1683 -0.3227 34.0561 14.1943 -12.2251 37.0301 17.1683 -12.4602 34.0561
3 16 17.1683 -0.3227 34.0561 17.1683 -12.4602 34.0561 18.2568 -0.3227 29.9936
3 16 18.2568 -0.3227 29.9936 17.1683 -12.4602 34.0561 18.2568 -12.5777 29.9936
3 16 26.0694 -12.2251 37.0301 30.1319 -12.1076 38.1186 26.0694 -0.3227 37.0301
3 16 26.0694 -0.3227 37.0301 30.1319 -12.1076 38.1186 30.1319 -0.3227 38.1186
3 16 26.0694 -0.3227 37.0301 23.0954 -0.3227 34.0561 26.0694 -12.2251 37.0301
3 16 26.0694 -12.2251 37.0301 23.0954 -0.3227 34.0561 23.0954 -12.4602 34.0561
3 16 22.0069 -12.5777 29.9936 23.0954 -12.4602 34.0561 22.0069 -0.3227 29.9936
3 16 22.0069 -0.3227 29.9936 23.0954 -12.4602 34.0561 23.0954 -0.3227 34.0561
3 16 14.1943 -0.3227 57.0301 14.1943 -7.3758 57.0301 17.1683 -0.3227 54.0561
3 16 17.1683 -0.3227 54.0561 14.1943 -7.3758 57.0301 17.1683 -8.4864 54.0561
3 16 10.1318 -0.3227 58.1186 10.1318 -6.9347 58.1186 14.1943 -0.3227 57.0301
3 16 14.1943 -0.3227 57.0301 10.1318 -6.9347 58.1186 14.1943 -7.3758 57.0301
3 16 6.0693 -7.2545 57.0301 10.1318 -6.9347 58.1186 6.0693 -0.3227 57.0301
3 16 6.0693 -0.3227 57.0301 10.1318 -6.9347 58.1186 10.1318 -0.3227 58.1186
3 16 6.0693 -0.3227 57.0301 3.0954 -0.3227 54.0561 6.0693 -7.2545 57.0301
3 16 6.0693 -7.2545 57.0301 3.0954 -0.3227 54.0561 3.0954 -8.1241 54.0561
3 16 2.0068 -9.3022 49.9936 3.0954 -8.1241 54.0561 2.0068 -0.3227 49.9936
3 16 2.0068 -0.3227 49.9936 3.0954 -8.1241 54.0561 3.0954 -0.3227 54.0561
3 16 3.0954 -10.4694 45.9311 2.0068 -9.3022 49.9936 3.0954 -0.3227 45.9311
3 16 3.0954 -0.3227 45.9311 2.0068 -9.3022 49.9936 2.0068 -0.3227 49.9936
3 16 6.0693 -11.3172 42.9572 3.0954 -10.4694 45.9311 6.0693 -0.3227 42.9572
3 16 6.0693 -0.3227 42.9572 3.0954 -10.4694 45.9311 3.0954 -0.3227 45.9311
3 16 10.1318 -11.6261 41.8686 6.0693 -11.3172 42.9572 10.1318 -0.3227 41.8686
3 16 10.1318 -0.3227 41.8686 6.0693 -11.3172 42.9572 6.0693 -0.3227 42.9572
3 16 14.1943 -0.3227 42.9572 14.1943 -11.4362 42.9572 10.1318 -0.3227 41.8686
3 16 10.1318 -0.3227 41.8686 14.1943 -11.4362 42.9572 10.1318 -11.6261 41.8686
3 16 17.1683 -0.3227 45.9311 17.1683 -10.8277 45.9311 14.1943 -0.3227 42.9572
3 16 14.1943 -0.3227 42.9572 17.1683 -10.8277 45.9311 14.1943 -11.4362 42.9572
3 16 18.2568 -0.3227 49.9936 18.2568 -9.7825 49.9936 17.1683 -0.3227 45.9311
3 16 17.1683 -0.3227 45.9311 18.2568 -9.7825 49.9936 17.1683 -10.8277 45.9311
3 16 17.1683 -0.3227 54.0561 17.1683 -8.4864 54.0561 18.2568 -0.3227 49.9936
3 16 18.2568 -0.3227 49.9936 17.1683 -8.4864 54.0561 18.2568 -9.7825 49.9936
3 16 -12.5645 -5.1602 52.5609 -12.993 -7.2763 44.5788 -15.2807 -5.8532 46.8665
3 16 -12.5645 -5.1602 52.5609 -6.743 -9.0603 44.5913 -9.868 -8.4137 43.7415
3 16 -4.4554 -9.0603 46.8665 -6.743 -9.0603 44.5913 -12.5645 -5.1602 52.5609
3 16 -12.5645 -5.1602 52.5609 -3.618 -8.3713 49.9915 -4.4554 -9.0603 46.8665
3 16 -6.743 -5.8114 55.4041 -4.4554 -7.2292 53.1165 -12.5645 -5.1602 52.5609
3 16 -16.8964 -7.2545 34.0561 -17.9849 -6.9347 29.9936 -21.6042 -5.25 34.8416
3 16 -21.6042 -5.25 34.8416 -17.9849 -6.9347 29.9936 -21.9318 -5.25 30
3 16 -13.9224 -8.1241 37.0301 -16.8964 -7.2545 34.0561 -19.9826 -5.25 41.1044
3 16 -19.9826 -5.25 41.1044 -16.8964 -7.2545 34.0561 -21.6042 -5.25 34.8416
3 16 -16.9045 -5.3883 45.9311 -19.9826 -5.25 41.1044 -17.1174 -5.1958 46.7102
3 16 26.416 -6.0559 57.1229 30.1319 -5.7115 58.1186 26.0694 -0.3227 57.0301
3 16 26.0694 -0.3227 57.0301 30.1319 -5.7115 58.1186 30.1319 -0.3227 58.1186
3 16 20.3952 -5.25 66.0125 30 -5.25 66.0125 26.25 -5.25 61.9729
3 16 26.25 -5.25 61.9729 30 -5.25 66.0125 30 -5.25 61.9729
3 16 -1.972 -5.25 66.0125 2.047 -5.25 66.0125 -1.0901 -5.25 59.9442
3 16 -3.6251 -5.25 65.1804 -1.972 -5.25 66.0125 -1.0901 -5.25 59.9442
3 16 -4.9695 -5.25 63.9085 -3.6251 -5.25 65.1804 -1.0901 -5.25 59.9442
3 16 -4.9695 -5.25 63.9085 -5.8919 -5.25 62.3041 -5.0884 0 63.9085
3 16 -5.0884 0 63.9085 -5.8919 -5.25 62.3041 -5.8919 0 62.3041
3 16 -5.0884 0 63.9085 -4.2772 0 65.1804 -4.9695 -5.25 63.9085
3 16 -4.9695 -5.25 63.9085 -4.2772 0 65.1804 -3.6251 -5.25 65.1804
3 16 -1.972 -5.25 66.0125 -3.6251 -5.25 65.1804 -3.0802 0.0023 66.0125
3 16 -3.0802 0.0023 66.0125 -3.6251 -5.25 65.1804 -4.2772 0 65.1804
3 16 -3.0802 0.0023 66.0125 2.8235 -0.0066 66.0125 -1.972 -5.25 66.0125
3 16 -1.972 -5.25 66.0125 2.8235 -0.0066 66.0125 2.047 -5.25 66.0125
3 16 3.5633 -0.006 65.4155 3.4568 -5.25 65.4056 2.8235 -0.0066 66.0125
3 16 2.8235 -0.0066 66.0125 3.4568 -5.25 65.4056 2.047 -5.25 66.0125
3 16 10.025 0 66.0125 10.025 -5.25 66.0125 3.5633 -0.006 65.4155
3 16 3.5633 -0.006 65.4155 10.025 -5.25 66.0125 3.4568 -5.25 65.4056
3 16 20.3952 0 66.0125 20.3952 -5.25 66.0125 10.025 0 66.0125
3 16 10.025 0 66.0125 20.3952 -5.25 66.0125 10.025 -5.25 66.0125
3 16 20.3952 0 66.0125 30 0 66.0125 20.3952 -5.25 66.0125
3 16 20.3952 -5.25 66.0125 30 0 66.0125 30 -5.25 66.0125
3 16 -10.4847 -3.8512 59.6016 -8.9535 -5.25 60.6058 -10.9354 -4.8514 59.2842
3 16 -8.9535 -5.25 60.6058 -11.8025 -5.25 58.6437 -10.9354 -4.8514 59.2842
3 16 -19.597 -3.8512 50.4802 -19.28 -4.8514 50.9312 -20.5903 -5.25 48.9633
3 16 -20.5903 -5.25 48.9633 -19.795 -1.3988 50.1908 -19.597 -3.8512 50.4802
3 16 -21.1384 -6.5353 49.1644 -24.0115 -4.8 50.5565 -25.0674 -4.8 48.7439
3 16 -18.6403 -5.25 51.7991 -16.9045 -5.1977 54.0561 -17.993 -5.1977 49.9936
3 16 -18.6403 -5.25 51.7991 -17.993 -5.1977 49.9936 -20.5903 -5.25 48.9633
3 16 10.0056 -9.6718 49.9835 3.8818 -9.5017 49.9936 4.7192 -8.6469 53.1186
3 16 10.0056 -9.6718 49.9835 4.7192 -10.3774 46.8686 3.8818 -9.5017 49.9936
3 16 4.7192 -10.3774 46.8686 10.0056 -9.6718 49.9835 7.0068 -11.0437 44.581
3 16 10.0056 -9.6718 49.9835 10.1318 -11.3283 43.7436 7.0068 -11.0437 44.581
3 16 7.0068 -8.0364 55.4063 10.1318 -7.8574 56.2436 10.0056 -9.6718 49.9835
3 16 13.2568 -11.1639 44.581 10.0056 -9.6718 49.9835 15.5445 -10.5925 46.8686
3 16 16.3818 -9.7554 49.9936 15.5445 -10.5925 46.8686 10.0056 -9.6718 49.9835
3 16 15.5445 -8.8672 53.1186 16.3818 -9.7554 49.9936 10.0056 -9.6718 49.9835
3 16 15.5445 -8.8672 53.1186 10.0056 -9.6718 49.9835 13.2568 -8.1622 55.4063
3 16 10.0056 -9.6718 49.9835 13.2568 -11.1639 44.581 10.1318 -11.3283 43.7436
3 16 10.1318 -7.8574 56.2436 13.2568 -8.1622 55.4063 10.0056 -9.6718 49.9835
3 16 -29.8682 0 30 -29.1486 0 36.4999 -25.9875 0 30
3 16 -25.9875 0 30 -29.1486 0 36.4999 -25.3684 0 36.6489
3 16 -25.3684 0 36.6489 -29.1486 0 36.4999 -25.9875 0 37.978
3 16 -29.1486 0 36.4999 -27.414 0 43.1698 -25.9875 0 37.978
3 16 -25.9875 0 37.978 -27.414 0 43.1698 -25.9875 0 41.997
3 16 -27.414 0 43.1698 -25.1554 0 43.6501 -25.9875 0 41.997
3 16 -11.5319 0 63.4119 -7.5054 0 65.6895 -8.8127 0 60.6927
3 16 -8.8127 0 60.6927 -7.5054 0 65.6895 -5.8919 0 62.3041
3 16 -12.4376 -0.3986 62.8099 -11.5319 0 63.4119 -9.7349 -0.3986 60.1072
3 16 -9.7349 -0.3986 60.1072 -11.5319 0 63.4119 -8.8127 0 60.6927
3 16 -12.8907 -1.3988 62.495 -12.4376 -0.3986 62.8099 -10.1956 -1.3988 59.7998
3 16 -10.1956 -1.3988 59.7998 -12.4376 -0.3986 62.8099 -9.7349 -0.3986 60.1072
3 16 -10.1956 -1.3988 59.7998 -10.4847 -3.8512 59.6016 -12.8907 -1.3988 62.495
3 16 -12.8907 -1.3988 62.495 -10.4847 -3.8512 59.6016 -13.1755 -3.8512 62.2923
3 16 -10.4847 -3.8512 59.6016 -10.9354 -4.8514 59.2842 -13.1755 -3.8512 62.2923
3 16 -13.1755 -3.8512 62.2923 -10.9354 -4.8514 59.2842 -13.5844 -4.8 62.013
3 16 -13.5844 -4.8 62.013 -10.9354 -4.8514 59.2842 -13.955 -5.25 60.7962
3 16 -13.955 -5.25 60.7962 -10.9354 -4.8514 59.2842 -11.8025 -5.25 58.6437
3 16 -13.9305 -5.1977 57.0301 -14.7515 -5.25 60.1598 -11.8025 -5.25 58.6437
3 16 -11.8025 -5.25 58.6437 -14.7515 -5.25 60.1598 -13.955 -5.25 60.7962
3 16 -14.7515 -5.25 60.1598 -13.9305 -5.1977 57.0301 -17.5885 -5.25 57.5885
3 16 -17.5885 -5.25 57.5885 -13.9305 -5.1977 57.0301 -16.9045 -5.1977 54.0561
3 16 -20.1598 -5.25 54.7515 -17.5885 -5.25 57.5885 -16.9045 -5.1977 54.0561
3 16 -16.9045 -5.1977 54.0561 -18.6403 -5.25 51.7991 -20.1598 -5.25 54.7515
3 16 -20.1598 -5.25 54.7515 -18.6403 -5.25 51.7991 -20.7962 -5.25 53.955
3 16 -18.6403 -5.25 51.7991 -19.28 -4.8514 50.9312 -20.7962 -5.25 53.955
3 16 -20.7962 -5.25 53.955 -19.28 -4.8514 50.9312 -22.013 -4.8 53.5844
3 16 -22.013 -4.8 53.5844 -19.28 -4.8514 50.9312 -22.2882 -3.8512 53.1714
3 16 -22.2882 -3.8512 53.1714 -19.28 -4.8514 50.9312 -19.597 -3.8512 50.4802
3 16 -19.795 -1.3988 50.1908 -22.4907 -1.3988 52.8864 -19.597 -3.8512 50.4802
3 16 -19.597 -3.8512 50.4802 -22.4907 -1.3988 52.8864 -22.2882 -3.8512 53.1714
3 16 -22.4907 -1.3988 52.8864 -19.795 -1.3988 50.1908 -22.8052 -0.3986 52.4329
3 16 -22.8052 -0.3986 52.4329 -19.795 -1.3988 50.1908 -20.102 -0.3986 49.7297
3 16 -20.6867 0 48.8067 -23.4065 0 51.5265 -20.102 -0.3986 49.7297
3 16 -20.102 -0.3986 49.7297 -23.4065 0 51.5265 -22.8052 -0.3986 52.4329
3 16 -5.8919 0 62.3041 -7.5054 0 65.6895 -5.0884 0 63.9085
3 16 -5.0884 0 63.9085 -7.5054 0 65.6895 -4.2772 0 65.1804
3 16 -7.5054 0 65.6895 -2.4549 0 67.7096 -4.2772 0 65.1804
3 16 -4.2772 0 65.1804 -2.4549 0 67.7096 -3.0802 0.0023 66.0125
3 16 10.025 0 69.9936 10.025 0 66.0125 2.8035 0 69.1012
3 16 2.8035 0 69.1012 10.025 0 66.0125 3.5633 -0.006 65.4155
3 16 10.025 0 69.9936 20.3952 0 69.9936 10.025 0 66.0125
3 16 10.025 0 66.0125 20.3952 0 69.9936 20.3952 0 66.0125
3 16 30 0 69.9936 30 0 66.0125 20.3952 0 69.9936
3 16 20.3952 0 69.9936 30 0 66.0125 20.3952 0 66.0125
3 16 2.8035 0 69.1012 3.5633 -0.006 65.4155 2.8235 -0.0066 66.0125
3 16 -23.8835 0 44.9945 -25.0674 0 48.7439 -22.2791 0 45.9169
3 16 -25.3684 -5.25 36.6489 -25.9875 -5.25 30 -25.3684 0 36.6489
3 16 -25.3684 0 36.6489 -25.9875 -5.25 30 -25.9875 0 30
3 16 -25.3684 -5.25 36.6489 -25.3684 0 36.6489 -25.9875 -5.25 37.978
3 16 -25.9875 -5.25 37.978 -25.3684 0 36.6489 -25.9875 0 37.978
3 16 -25.1554 -5.25 43.6501 -25.1554 0 43.6501 -23.8835 -5.25 44.9945
3 16 -23.8835 -5.25 44.9945 -25.1554 0 43.6501 -23.8835 0 44.9945
3 16 -20.5903 -5.25 48.9633 -20.6867 0 48.8067 -20.102 -0.3986 49.7297
3 16 -19.9826 -5.25 41.1044 -25.9875 -5.25 41.997 -25.1554 -5.25 43.6501
3 16 -19.9826 -5.25 41.1044 -25.1554 -5.25 43.6501 -23.8835 -5.25 44.9945
3 16 -2.8235 -0.3227 34.0561 -2.8235 -11.3172 34.0561 -1.7349 -0.3227 29.9936
3 16 -1.7349 -0.3227 29.9936 -2.8235 -11.3172 34.0561 -1.7349 -11.6261 29.9936
3 16 -5.7974 -0.3227 37.0301 -5.7974 -10.4694 37.0301 -2.8235 -0.3227 34.0561
3 16 -2.8235 -0.3227 34.0561 -5.7974 -10.4694 37.0301 -2.8235 -11.3172 34.0561
3 16 -9.8599 -0.3227 38.1186 -9.8599 -9.3022 38.1186 -5.7974 -0.3227 37.0301
3 16 -5.7974 -0.3227 37.0301 -9.8599 -9.3022 38.1186 -5.7974 -10.4694 37.0301
3 16 -13.9224 -0.3227 37.0301 -13.9224 -8.1241 37.0301 -9.8599 -0.3227 38.1186
3 16 -9.8599 -0.3227 38.1186 -13.9224 -8.1241 37.0301 -9.8599 -9.3022 38.1186
3 16 -13.9224 -8.1241 37.0301 -13.9224 -0.3227 37.0301 -16.8964 -7.2545 34.0561
3 16 -16.8964 -7.2545 34.0561 -13.9224 -0.3227 37.0301 -16.8964 -0.3227 34.0561
3 16 -17.9849 -0.3227 29.9936 -17.9849 -6.9347 29.9936 -16.8964 -0.3227 34.0561
3 16 -16.8964 -0.3227 34.0561 -17.9849 -6.9347 29.9936 -16.8964 -7.2545 34.0561
3 16 -17.993 -0.3227 49.9936 -17.993 -5.1977 49.9936 -16.9045 -0.3227 54.0561
3 16 -16.9045 -0.3227 54.0561 -17.993 -5.1977 49.9936 -16.9045 -5.1977 54.0561
3 16 -16.9045 -0.3227 45.9311 -16.9045 -5.3883 45.9311 -17.1174 -5.1958 46.7102
3 16 -9.868 -8.7759 41.8686 -13.9305 -7.2584 42.9572 -9.868 -0.3227 41.8686
3 16 -9.868 -0.3227 41.8686 -13.9305 -7.2584 42.9572 -13.9305 -0.3227 42.9572
3 16 -5.8055 -9.6451 42.9572 -9.868 -8.7759 41.8686 -5.8055 -0.3227 42.9572
3 16 -5.8055 -0.3227 42.9572 -9.868 -8.7759 41.8686 -9.868 -0.3227 41.8686
3 16 -2.8316 -0.3227 45.9311 -2.8316 -9.6443 45.9311 -5.8055 -0.3227 42.9572
3 16 -5.8055 -0.3227 42.9572 -2.8316 -9.6443 45.9311 -5.8055 -9.6451 42.9572
3 16 -1.743 -0.3227 49.9936 -1.743 -8.7759 49.9936 -2.8316 -0.3227 45.9311
3 16 -2.8316 -0.3227 45.9311 -1.743 -8.7759 49.9936 -2.8316 -9.6443 45.9311
3 16 -2.8316 -0.3227 54.0561 -2.8316 -7.2637 54.0561 -1.743 -0.3227 49.9936
3 16 -1.743 -0.3227 49.9936 -2.8316 -7.2637 54.0561 -1.743 -8.7759 49.9936
3 16 -5.8055 -0.3227 57.0301 -5.8055 -5.2707 57.0301 -2.8316 -0.3227 54.0561
3 16 -2.8316 -0.3227 54.0561 -5.8055 -5.2707 57.0301 -2.8316 -7.2637 54.0561
3 16 -9.868 -5.1977 58.1186 -6.5807 -5.1966 57.2475 -9.868 -0.3227 58.1186
3 16 -9.868 -0.3227 58.1186 -6.5807 -5.1966 57.2475 -5.8055 -0.3227 57.0301
3 16 20.3952 -4.8 69.9936 20.5928 -9.1512 61.3078 30 -4.8 69.9936
3 16 30 -4.8 69.9936 20.5928 -9.1512 61.3078 30.0378 -9.1256 61.3625
3 16 20.5928 -9.1512 61.3078 20.3952 -4.8 69.9936 11.1871 -9.1562 61.289
3 16 11.1871 -9.1562 61.289 20.3952 -4.8 69.9936 10.025 -4.8 69.9936
3 16 2.8752 -9.0605 60.6724 11.1871 -9.1562 61.289 2.8035 -4.8 69.1012
3 16 2.8035 -4.8 69.1012 11.1871 -9.1562 61.289 10.025 -4.8 69.9936
3 16 -5.1557 -8.2004 59.7475 2.8752 -9.0605 60.6724 -5.0846 -4.7477 66.7294
3 16 -5.0846 -4.7477 66.7294 2.8752 -9.0605 60.6724 2.8035 -4.8 69.1012
3 16 -11.3686 -6.2367 60.4708 -5.1557 -8.2004 59.7475 -10.6868 -4.8 63.9423
3 16 -10.6868 -4.8 63.9423 -5.1557 -8.2004 59.7475 -5.0846 -4.7477 66.7294
3 16 -17.5885 -5.25 57.5885 -13.1028 -7.0694 57.251 -14.7515 -5.25 60.1598
3 16 -21.1384 -6.5353 49.1644 -20.7962 -5.25 53.955 -24.0115 -4.8 50.5565
3 16 -24.0115 -4.8 50.5565 -20.7962 -5.25 53.955 -22.013 -4.8 53.5844
3 16 -22.2882 -3.8512 53.1714 -22.4907 -1.3988 52.8864 -24.0115 -4.8 50.5565
3 16 -24.0115 -4.8 50.5565 -22.4907 -1.3988 52.8864 -22.8052 -0.3986 52.4329
3 16 -22.8052 -0.3986 52.4329 -23.4065 0 51.5265 -24.0115 -4.8 50.5565
3 16 -22.013 -4.8 6.4156 -24.0115 -4.8 9.4435 -22.2882 -3.8512 6.8286
3 16 -13.1755 -3.8512 62.2923 -10.6868 -4.8 63.9423 -12.8907 -1.3988 62.495
3 16 -12.8907 -1.3988 62.495 -10.6868 -4.8 63.9423 -12.4376 -0.3986 62.8099
3 16 -12.4376 -0.3986 62.8099 -10.6868 -4.8 63.9423 -11.5319 0 63.4119
3 16 -11.5319 0 63.4119 -10.6868 -4.8 63.9423 -7.5054 0 65.6895
3 16 -7.5054 0 65.6895 -10.6868 -4.8 63.9423 -5.0846 -4.7477 66.7294
3 16 -5.0846 -4.7477 66.7294 -2.4549 0 67.7096 -7.5054 0 65.6895
3 16 2.8035 0 69.1012 -2.4549 0 67.7096 2.8035 -4.8 69.1012
3 16 2.8035 -4.8 69.1012 -2.4549 0 67.7096 -5.0846 -4.7477 66.7294
3 16 2.8035 -4.8 69.1012 10.025 -4.8 69.9936 2.8035 0 69.1012
3 16 2.8035 0 69.1012 10.025 -4.8 69.9936 10.025 0 69.9936
3 16 10.025 0 69.9936 10.025 -4.8 69.9936 20.3952 0 69.9936
3 16 20.3952 0 69.9936 10.025 -4.8 69.9936 20.3952 -4.8 69.9936
3 16 20.3952 -4.8 69.9936 30 -4.8 69.9936 20.3952 0 69.9936
3 16 20.3952 0 69.9936 30 -4.8 69.9936 30 0 69.9936
3 16 -22.9985 -7.6131 40.2457 -21.1384 -6.5353 49.1644 -27.414 -4.8 43.1698
3 16 -27.414 -4.8 43.1698 -21.1384 -6.5353 49.1644 -25.0674 -4.8 48.7439
3 16 -22.9985 -7.6131 40.2457 -27.414 -4.8 43.1698 -29.3702 -4.8 36.6695
3 16 -29.8682 -4.8 30 -29.372 -4.8 23.2145 -23.764 -8.0599 29.9852
3 16 -23.764 -8.0599 29.9852 -29.372 -4.8 23.2145 -22.8166 -7.6842 19.676
3 16 -22.8166 -7.6842 19.676 -27.4171 -4.8 16.6206 -21.2624 -6.4905 10.6939
3 16 -21.2624 -6.4905 10.6939 -27.4171 -4.8 16.6206 -25.0674 -4.8 11.2561
3 16 -24.0115 -4.8 9.4435 -21.2624 -6.4905 10.6939 -25.0674 -4.8 11.2561
3 16 30.0378 -9.1256 -1.3624 20.5928 -9.1512 -1.3078 30 -4.8 -10.0064
3 16 30 -4.8 -10.0064 20.5928 -9.1512 -1.3078 20.3952 -4.8 -10.0064
3 16 20.5928 -9.1512 -1.3078 11.1871 -9.1562 -1.289 20.3952 -4.8 -10.0064
3 16 20.3952 -4.8 -10.0064 11.1871 -9.1562 -1.289 10.025 -4.8 -10.0064
3 16 2.7507 -8.9366 -0.9084 2.8035 -4.8 -9.1012 11.1871 -9.1562 -1.289
3 16 11.1871 -9.1562 -1.289 2.8035 -4.8 -9.1012 10.025 -4.8 -10.0064
3 16 -5.2894 -8.1269 0.1702 -4.8901 -4.7477 -6.8119 2.7507 -8.9366 -0.9084
3 16 2.7507 -8.9366 -0.9084 -4.8901 -4.7477 -6.8119 2.8035 -4.8 -9.1012
3 16 -11.2869 -6.1919 -0.6261 -10.6868 -4.8 -3.9423 -5.2894 -8.1269 0.1702
3 16 -5.2894 -8.1269 0.1702 -10.6868 -4.8 -3.9423 -4.8901 -4.7477 -6.8119
3 16 -10.6868 -4.8 -3.9423 -11.2869 -6.1919 -0.6261 -13.5844 -4.8 -2.013
3 16 -13.5844 -4.8 -2.013 -11.2869 -6.1919 -0.6261 -13.955 -5.25 -0.7962
3 16 -22.013 -4.8 53.5844 -22.2882 -3.8512 53.1714 -24.0115 -4.8 50.5565
3 16 -23.4065 0 51.5265 -25.0674 0 48.7439 -24.0115 -4.8 50.5565
3 16 -24.0115 -4.8 50.5565 -25.0674 0 48.7439 -25.0674 -4.8 48.7439
3 16 -25.0674 -4.8 48.7439 -25.0674 0 48.7439 -27.414 -4.8 43.1698
3 16 -27.414 -4.8 43.1698 -25.0674 0 48.7439 -27.414 0 43.1698
3 16 -27.414 -4.8 43.1698 -27.414 0 43.1698 -29.3702 -4.8 36.6695
3 16 -29.3702 -4.8 36.6695 -27.414 0 43.1698 -29.1486 0 36.4999
3 16 -16.9045 -0.3227 45.9311 -15.2807 -0.3227 46.8665 -13.9305 -0.3227 42.9572
3 16 -13.9305 -0.3227 42.9572 -15.2807 -0.3227 46.8665 -12.993 -0.3227 44.5788
3 16 -9.868 -0.3227 41.8686 -13.9305 -0.3227 42.9572 -9.868 -0.3227 43.7415
3 16 -9.868 -0.3227 43.7415 -13.9305 -0.3227 42.9572 -12.993 -0.3227 44.5788
3 16 -5.8055 -0.3227 42.9572 -9.868 -0.3227 41.8686 -6.743 -0.3227 44.5788
3 16 -6.743 -0.3227 44.5788 -9.868 -0.3227 41.8686 -9.868 -0.3227 43.7415
3 16 -2.8316 -0.3227 45.9311 -5.8055 -0.3227 42.9572 -4.4554 -0.3227 46.8665
3 16 -4.4554 -0.3227 46.8665 -5.8055 -0.3227 42.9572 -6.743 -0.3227 44.5788
3 16 -1.743 -0.3227 49.9936 -2.8316 -0.3227 45.9311 -3.618 -0.3227 49.9915
3 16 -3.618 -0.3227 49.9915 -2.8316 -0.3227 45.9311 -4.4554 -0.3227 46.8665
3 16 -2.8316 -0.3227 54.0561 -1.743 -0.3227 49.9936 -4.4554 -0.3227 53.1165
3 16 -4.4554 -0.3227 53.1165 -1.743 -0.3227 49.9936 -3.618 -0.3227 49.9915
3 16 -5.8055 -0.3227 57.0301 -2.8316 -0.3227 54.0561 -6.743 -0.3227 55.4041
3 16 -6.743 -0.3227 55.4041 -2.8316 -0.3227 54.0561 -4.4554 -0.3227 53.1165
3 16 -9.868 -0.3227 58.1186 -5.8055 -0.3227 57.0301 -9.868 -0.3227 56.2415
3 16 -9.868 -0.3227 56.2415 -5.8055 -0.3227 57.0301 -6.743 -0.3227 55.4041
3 16 -13.9305 -0.3227 57.0301 -9.868 -0.3227 58.1186 -12.993 -0.3227 55.4041
3 16 -12.993 -0.3227 55.4041 -9.868 -0.3227 58.1186 -9.868 -0.3227 56.2415
3 16 -13.9305 -0.3227 57.0301 -12.993 -0.3227 55.4041 -16.9045 -0.3227 54.0561
3 16 -16.9045 -0.3227 54.0561 -12.993 -0.3227 55.4041 -15.2807 -0.3227 53.1165
3 16 -16.9045 -0.3227 54.0561 -15.2807 -0.3227 53.1165 -17.993 -0.3227 49.9936
3 16 -17.993 -0.3227 49.9936 -15.2807 -0.3227 53.1165 -16.118 -0.3227 49.9915
3 16 -17.993 -0.3227 49.9936 -16.118 -0.3227 49.9915 -16.9045 -0.3227 45.9311
3 16 -16.9045 -0.3227 45.9311 -16.118 -0.3227 49.9915 -15.2807 -0.3227 46.8665
3 16 -17.993 -5.1977 49.9936 -17.1174 -5.1958 46.7102 -20.5903 -5.25 48.9633
3 16 -17.993 -5.1977 49.9936 -17.993 -0.3227 49.9936 -17.1174 -5.1958 46.7102
3 16 -17.1174 -5.1958 46.7102 -17.993 -0.3227 49.9936 -16.9045 -0.3227 45.9311
3 16 -17.993 -5.1977 9.9936 -17.1242 -5.1959 13.2902 -17.993 -0.3227 9.9936
3 16 -17.993 -0.3227 9.9936 -17.1242 -5.1959 13.2902 -16.9045 -0.3227 14.0561
3 16 -17.993 -0.3227 9.9936 -16.9045 -0.3227 14.0561 -16.118 -0.3227 9.9958
3 16 -16.118 -0.3227 9.9958 -16.9045 -0.3227 14.0561 -15.2807 -0.3227 13.1208
3 16 23.0094 -5.25 -6.0125 26.2683 -2 -4.445 23.0094 0 -6.0125
3 16 23.0094 0 -6.0125 26.2683 -2 -4.445 26.2683 0 -4.445
3 16 20.3952 0 -10.0064 23.0094 0 -6.0125 26.7958 0 -5.8708
3 16 26.7958 0 -5.8708 23.0094 0 -6.0125 26.2683 0 -4.445
3 16 30 -5.25 -3.875 28.1544 -5.25 -4.0274 30 -5.25 -1.975
3 16 30 -5.25 -1.975 28.1544 -5.25 -4.0274 27.7822 -5.2509 -1.9708
3 16 28.1544 -5.25 -4.0274 30 -5.25 -3.875 28.7656 -1.2575 -3.9361
3 16 28.7656 -1.2575 -3.9361 30 -5.25 -3.875 30 -1.2575 -3.875
3 16 27.4953 -2 -4.1285 26.2683 -2 -4.445 28.1544 -5.25 -4.0274
3 16 28.1544 -5.25 -4.0274 26.2683 -2 -4.445 23.0094 -5.25 -6.0125
3 16 28.0088 -1.2575 -4.0346 28.2266 -1.2575 -4.7944 27.4953 -2 -4.1285
3 16 27.4953 -2 -4.1285 28.2266 -1.2575 -4.7944 27.765 -2 -5.0337
3 16 28.0088 -1.2575 -4.0346 28.7656 -1.2575 -3.9361 28.2266 -1.2575 -4.7944
3 16 28.2266 -1.2575 -4.7944 28.7656 -1.2575 -3.9361 29.0888 -1.2376 -5.6533
3 16 30 -2 -7.65 30 0 -7.6744 28.2029 -2 -7.1718
3 16 28.2029 -2 -7.1718 30 0 -7.6744 28.1684 0 -7.1601
3 16 30 -2 -6.3891 28.875 -2 -6.12 30 -1.2575 -5.8709
3 16 30 -1.2575 -5.8709 28.875 -2 -6.12 29.0888 -1.2376 -5.6533
3 16 28.7656 -1.2575 -3.9361 28.0088 -1.2575 -4.0346 28.1544 -5.25 -4.0274
3 16 28.1544 -5.25 -4.0274 28.0088 -1.2575 -4.0346 27.4953 -2 -4.1285
3 16 30 -1.2575 -5.8709 29.0888 -1.2376 -5.6533 30 -1.2575 -3.875
3 16 30 -1.2575 -3.875 29.0888 -1.2376 -5.6533 28.7656 -1.2575 -3.9361
3 16 28.2029 -2 -7.1718 26.7958 -2 -5.8708 28.875 -2 -6.12
3 16 28.875 -2 -6.12 26.7958 -2 -5.8708 27.765 -2 -5.0337
3 16 26.7958 0 -5.8708 26.7958 -2 -5.8708 28.1684 0 -7.1601
3 16 28.1684 0 -7.1601 26.7958 -2 -5.8708 28.2029 -2 -7.1718
3 16 26.2683 -2 -4.445 26.7958 -2 -5.8708 26.2683 0 -4.445
3 16 26.2683 0 -4.445 26.7958 -2 -5.8708 26.7958 0 -5.8708
3 16 26.7958 -2 -5.8708 26.2683 -2 -4.445 27.765 -2 -5.0337
3 16 27.765 -2 -5.0337 26.2683 -2 -4.445 27.4953 -2 -4.1285
3 16 28.2266 -1.2575 -4.7944 29.0888 -1.2376 -5.6533 27.765 -2 -5.0337
3 16 27.765 -2 -5.0337 29.0888 -1.2376 -5.6533 28.875 -2 -6.12
3 16 30 -2 -6.3891 30 -2 -7.65 28.875 -2 -6.12
3 16 28.875 -2 -6.12 30 -2 -7.65 28.2029 -2 -7.1718
3 16 -12.9932 -8.6638 35.4063 -9.8599 -9.5391 29.9936 -15.2808 -7.9935 33.1186
3 16 -9.8682 -9.5368 36.2436 -6.7432 -10.3887 35.4063 -9.8599 -9.5391 29.9936
3 16 -15.2808 -7.9935 26.8686 -9.8599 -9.5391 29.9936 -12.9932 -8.6638 24.581
3 16 -16.1182 -7.7515 29.9936 -15.2808 -7.9935 33.1186 -9.8599 -9.5391 29.9936
3 16 10.1318 -13.107 36.2436 13.2568 -13.0513 35.4063 10.1434 -13.1071 29.9936
3 16 7.0068 -13.1627 35.4063 10.1434 -13.1071 29.9936 4.7192 -13.2056 33.1186
3 16 4.7192 -13.2056 26.8686 10.1434 -13.1071 29.9936 7.0068 -13.1627 24.581
3 16 3.8818 -13.2213 29.9936 4.7192 -13.2056 33.1186 10.1434 -13.1071 29.9936
3 16 27.0069 -11.0467 44.581 24.7192 -10.3795 46.8686 30.1319 -9.5169 49.9478
3 16 30.1319 -9.5169 49.9478 24.7192 -10.3795 46.8686 23.8819 -9.5248 49.9936
3 16 23.8819 -9.5248 49.9936 24.7192 -8.6594 53.1186 30.1319 -9.5169 49.9478
3 16 24.7192 -8.6594 53.1186 27.0069 -7.9686 55.4063 30.1319 -9.5169 49.9478
3 16 30.1319 -7.7382 3.7436 27.0069 -8.0489 4.581 30.1319 -9.5167 10.0395
3 16 24.7192 -8.8037 6.8686 30.1319 -9.5167 10.0395 27.0069 -8.0489 4.581
3 16 30.1319 -12.5776 29.9936 23.8819 -12.6188 29.9936 24.7192 -12.6133 33.1186
3 16 27.0069 -12.5982 35.4063 30.1319 -12.5776 29.9936 24.7192 -12.6133 33.1186
3 16 27.0069 -12.5982 35.4063 30.1319 -12.5776 36.2436 30.1319 -12.5776 29.9936
3 16 -9.868 -5.1977 58.1186 -11.8025 -5.25 58.6437 -8.9535 -5.25 60.6058
3 16 -6.5807 -5.1966 57.2475 -5.8919 -5.25 62.3041 -1.0901 -5.25 59.9442
3 16 -1.0901 -5.25 59.9442 -5.8919 -5.25 62.3041 -4.9695 -5.25 63.9085
3 16 2.8035 0 69.1012 2.8235 -0.0066 66.0125 -2.4549 0 67.7096
3 16 -2.4549 0 67.7096 2.8235 -0.0066 66.0125 -3.0802 0.0023 66.0125
3 16 -29.1839 0 22.9977 -25.3684 0 23.3511 -25.9875 0 22.022
3 16 -22.2791 0 14.0831 -20.6867 0 11.1933 -25.0674 0 11.2561
3 16 -25.0674 0 11.2561 -20.6867 0 11.1933 -23.4065 0 8.4735
3 16 -25.1554 0 43.6501 -27.414 0 43.1698 -23.8835 0 44.9945
3 16 -23.8835 0 44.9945 -27.414 0 43.1698 -25.0674 0 48.7439
3 16 -8.9535 -5.25 60.6058 -10.1956 -1.3988 59.7998 -9.7349 -0.3986 60.1072
3 16 -8.9535 -5.25 60.6058 -9.7349 -0.3986 60.1072 -8.8127 0 60.6927
3 16 -10.4847 -3.8512 59.6016 -10.1956 -1.3988 59.7998 -8.9535 -5.25 60.6058
3 16 -8.9535 -5.25 60.6058 -8.8127 0 60.6927 -5.8919 -5.25 62.3041
3 16 -5.8919 -5.25 62.3041 -8.8127 0 60.6927 -5.8919 0 62.3041
3 16 -17.1242 -5.1959 13.2902 -22.2791 -5.25 14.0831 -19.9826 -5.25 18.8957
3 16 -13.955 -5.25 -0.7962 -11.2869 -6.1919 -0.6261 -14.7515 -5.25 -0.1598
3 16 -14.7515 -5.25 -0.1598 -11.2869 -6.1919 -0.6261 -13.0379 -7.001 2.5247
3 16 -13.1028 -7.0694 57.251 -11.3686 -6.2367 60.4708 -14.7515 -5.25 60.1598
3 16 -14.7515 -5.25 60.1598 -11.3686 -6.2367 60.4708 -13.955 -5.25 60.7962
3 16 -12.5645 -5.1602 52.5609 -9.868 -8.4137 43.7415 -12.993 -7.2763 44.5788
3 16 -4.4554 -7.2292 53.1165 -3.618 -8.3713 49.9915 -12.5645 -5.1602 52.5609
3 16 -15.2807 -5.1963 53.1165 -12.5645 -5.1602 52.5609 -16.118 -5.196 49.9915
3 16 -12.993 -5.198 55.4041 -9.868 -5.1475 56.2415 -12.5645 -5.1602 52.5609
3 16 -12.4446 -5.2031 7.4172 -9.868 -8.4137 16.2458 -6.743 -9.0603 15.396
3 16 -3.618 -8.3713 9.9958 -12.4446 -5.2031 7.4172 -4.4554 -9.0603 13.1208
3 16 -12.993 -5.198 4.5831 -12.4446 -5.2031 7.4172 -9.868 -5.1475 3.7458
3 16 -15.2807 -5.1963 6.8708 -16.118 -5.196 9.9958 -12.4446 -5.2031 7.4172
3 16 26.0694 -7.4637 2.9572 30.1319 -6.9738 1.8686 27.7822 -5.2509 -1.9708
3 16 27.7822 -5.2509 -1.9708 30.1319 -6.9738 1.8686 30 -5.25 -1.975
3 16 -16.8964 -7.2545 25.9311 -21.2587 -5.25 24.4933 -17.9849 -6.9347 29.9936
3 16 -17.9849 -6.9347 29.9936 -21.2587 -5.25 24.4933 -21.9318 -5.25 30
3 16 -20.1598 -5.25 54.7515 -20.7962 -5.25 53.955 -15.354 -8.3283 51.4077
3 16 -21.1384 -6.5353 49.1644 -15.354 -8.3283 51.4077 -20.7962 -5.25 53.955
3 16 -15.9051 -5.1977 48.3738 -12.5645 -5.1602 52.5609 -15.2807 -5.8532 46.8665
3 16 -12.4446 -5.2031 7.4172 -16.118 -5.196 9.9958 -15.9051 -5.1977 11.6134
3 16 -12.5645 -5.1602 52.5609 -9.868 -5.1475 56.2415 -8.2504 -5.1977 56.0285
3 16 -8.2504 -5.1977 3.9587 -12.4446 -5.2031 7.4172 -6.743 -5.8114 4.5831
3 16 -9.868 -0.3227 56.2415 -8.2504 -5.1977 56.0285 -9.868 -5.1475 56.2415
3 16 -9.868 -0.3227 3.7458 -8.2504 -5.1977 3.9587 -6.743 -0.3227 4.5831
3 16 -6.743 -0.3227 4.5831 -8.2504 -5.1977 3.9587 -6.743 -5.8114 4.5831
3 16 -16.118 -0.3227 49.9915 -15.9051 -5.1977 48.3738 -15.2807 -0.3227 46.8665
3 16 -15.2807 -0.3227 46.8665 -15.9051 -5.1977 48.3738 -15.2807 -5.8532 46.8665
3 16 -16.118 -0.3227 9.9958 -15.9051 -5.1977 11.6134 -16.118 -5.196 9.9958
3 16 70.1318 -5.1475 3.7458 68.5141 -5.1977 3.9587 72.7083 -5.2031 7.4172
3 16 70.1318 -0.3227 3.7458 68.5141 -5.1977 3.9587 70.1318 -5.1475 3.7458
3 16 72.7083 -5.2031 52.57 67.0068 -5.8114 55.4041 68.5141 -5.1977 56.0285
3 16 70.1318 -0.3227 56.2415 68.5141 -5.1977 56.0285 67.0068 -0.3227 55.4041
3 16 67.0068 -0.3227 55.4041 68.5141 -5.1977 56.0285 67.0068 -5.8114 55.4041
3 16 72.7083 -5.2031 7.4172 75.5444 -5.8526 13.1208 75.9929 -5.1996 11.5685
3 16 76.3438 -0.3231 9.9861 75.9929 -5.1996 11.5685 75.5444 -0.3227 13.1208
3 16 75.5444 -0.3227 13.1208 75.9929 -5.1996 11.5685 75.5444 -5.8526 13.1208
3 16 76.3818 -5.1964 49.9915 76.1688 -5.1977 48.3738 72.7083 -5.2031 52.57
3 16 76.3818 -0.3227 49.9915 76.1688 -5.1977 48.3738 76.3818 -5.1964 49.9915
3 16 -13.9305 -5.1977 2.9572 -16.9045 -5.1977 5.9311 -13.9305 -0.3227 2.9572
3 16 -13.9305 -0.3227 2.9572 -16.9045 -5.1977 5.9311 -16.9045 -0.3227 5.9311
3 16 -16.9045 -5.1977 54.0561 -13.9305 -5.1977 57.0301 -16.9045 -0.3227 54.0561
3 16 -16.9045 -0.3227 54.0561 -13.9305 -5.1977 57.0301 -13.9305 -0.3227 57.0301
3 16 77.1682 -5.1977 5.9311 74.1943 -5.1977 2.9572 77.1682 -0.3227 5.9311
3 16 77.1682 -0.3227 5.9311 74.1943 -5.1977 2.9572 74.1943 -0.3227 2.9572
3 16 20.0198 -11.9168 19.9637 23.0954 -10.8277 14.0561 17.1683 -10.8277 14.0561
3 16 17.1683 -12.4602 25.9311 20.0198 -11.9168 19.9637 14.1943 -12.2251 22.9572
3 16 14.1943 -12.2251 22.9572 20.0198 -11.9168 19.9637 14.5663 -11.9147 19.9345
3 16 20.0198 -11.9168 19.9637 17.1683 -10.8277 14.0561 14.5663 -11.9147 19.9345
3 16 14.5663 -11.9147 19.9345 17.1683 -10.8277 14.0561 14.1943 -11.4362 17.0301
3 16 23.0954 -12.4602 25.9311 20.0198 -11.9168 19.9637 17.1683 -12.4602 25.9311
3 16 19.9403 -11.9168 40.1924 17.1683 -12.4602 34.0561 14.1943 -12.2251 37.0301
3 16 14.1943 -11.4362 42.9572 17.1683 -10.8277 45.9311 19.9403 -11.9168 40.1924
3 16 19.9403 -11.9168 40.1924 17.1683 -10.8277 45.9311 23.0954 -10.8277 45.9311
3 16 37.1683 -12.4602 34.0561 34.1944 -12.2251 37.0301 40.0468 -11.9169 40.1924
3 16 40.0468 -11.9169 40.1924 34.1944 -12.2251 37.0301 30 -11.9323 40.1924
3 16 30 -11.9323 40.1924 34.1944 -12.2251 37.0301 30.1319 -12.1076 38.1186
3 16 40.0468 -11.9169 40.1924 30 -11.9323 40.1924 34.1944 -11.4362 42.9572
3 16 34.1944 -11.4362 42.9572 30 -11.9323 40.1924 30.1319 -11.6261 41.8686
3 16 43.0955 -10.8277 45.9311 40.0468 -11.9169 40.1924 37.1683 -10.8277 45.9311
3 16 37.1683 -10.8277 45.9311 40.0468 -11.9169 40.1924 34.1944 -11.4362 42.9572
3 16 57.1684 -12.1076 34.0561 54.1944 -12.1076 37.0301 60.1108 -10.9637 40.1924
3 16 54.1944 -11.3172 42.9572 57.1684 -10.4694 45.9311 60.1108 -10.9637 40.1924
3 16 60.1108 -10.9637 40.1924 57.1684 -10.4694 45.9311 63.0953 -9.6443 45.9311
3 16 60.1108 -10.9637 19.8076 57.1684 -10.4694 14.0561 54.1944 -11.3172 17.0301
3 16 63.0872 -11.3172 25.9311 60.1108 -10.9637 19.8076 57.1684 -12.1076 25.9311
3 16 57.1684 -12.1076 25.9311 60.1108 -10.9637 19.8076 54.1944 -12.1076 22.9572
3 16 34.6858 -11.9189 19.992 39.9941 -11.9168 19.9636 34.1944 -11.4362 17.0301
3 16 34.1944 -11.4362 17.0301 39.9941 -11.9168 19.9636 37.1683 -10.8277 14.0561
3 16 43.0955 -12.4602 25.9311 39.9941 -11.9168 19.9636 37.1683 -12.4602 25.9311
3 16 37.1683 -12.4602 25.9311 39.9941 -11.9168 19.9636 34.1944 -12.2251 22.9572
3 16 37.1683 -10.8277 14.0561 39.9941 -11.9168 19.9636 43.0955 -10.8277 14.0561
3 16 43.0955 -10.8277 14.0561 39.9941 -11.9168 19.9636 46.0694 -11.4362 17.0301
3 16 34.1944 -12.2251 22.9572 39.9941 -11.9168 19.9636 34.6858 -11.9189 19.992
3 16 -2.8316 -9.6443 45.9311 3.0954 -10.4694 45.9311 -0.1107 -10.9637 40.1924
3 16 -0.1107 -10.9637 40.1924 3.0954 -10.4694 45.9311 6.0693 -11.3172 42.9572
3 16 -2.8235 -11.3172 34.0561 -0.1107 -10.9637 40.1924 3.0954 -12.1076 34.0561
3 16 3.0954 -12.1076 34.0561 -0.1107 -10.9637 40.1924 6.0693 -12.1076 37.0301
3 16 -5.8055 -9.6451 42.9572 -0.1107 -10.9637 40.1924 -5.7974 -10.4694 37.0301
3 16 -5.7974 -10.4694 37.0301 -0.1107 -10.9637 40.1924 -2.8235 -11.3172 34.0561
3 16 3.0954 -12.1076 25.9311 6.0693 -12.1076 22.9572 -0.1107 -10.9637 19.8076
3 16 6.0693 -11.3172 17.0301 3.0954 -10.4694 14.0561 -0.1107 -10.9637 19.8076
3 16 -0.1107 -10.9637 19.8076 3.0954 -10.4694 14.0561 -2.8316 -9.6443 14.0561
3 16 90.1318 -4.8 30 89.4056 -4.8 23.2145 90.1318 0 30
3 16 90.1318 0 30 89.4056 -4.8 23.2145 89.2175 0 22.9977
3 16 82.8167 -7.6842 19.676 89.4056 -4.8 23.2145 83.764 -8.0599 29.9852
3 16 83.764 -8.0599 29.9852 89.4056 -4.8 23.2145 90.1318 -4.8 30
3 16 82.9985 -7.6131 40.2457 89.4038 -4.8 36.6695 87.4476 -4.8 43.1698
3 16 -29.3702 -4.8 36.6695 -29.1486 0 36.4999 -29.8682 -4.8 30
3 16 -29.8682 -4.8 30 -29.1486 0 36.4999 -29.8682 0 30
3 16 -22.9985 -7.6131 40.2457 -29.3702 -4.8 36.6695 -23.764 -8.0599 29.9852
3 16 -23.764 -8.0599 29.9852 -29.3702 -4.8 36.6695 -29.8682 -4.8 30
3 16 -22.8166 -7.6842 19.676 -29.372 -4.8 23.2145 -27.4171 -4.8 16.6206
3 16 23.0954 -8.4864 54.0561 26.0694 -7.424 57.0301 23.0954 -0.3227 54.0561
3 16 23.0954 -0.3227 54.0561 26.0694 -7.424 57.0301 26.0694 -0.3227 57.0301
3 16 14.1943 -7.3758 57.0301 26.0694 -7.424 57.0301 17.1683 -8.4864 54.0561
3 16 17.1683 -8.4864 54.0561 26.0694 -7.424 57.0301 23.0954 -8.4864 54.0561
3 16 26.25 -5.25 61.9729 26.0694 -7.424 57.0301 17.0728 -5.25 61.9729
3 16 17.0728 -5.25 61.9729 26.0694 -7.424 57.0301 14.1943 -7.3758 57.0301
3 16 34.1944 -0.3227 57.0301 33.8478 -6.0559 57.1229 34.1944 -7.4698 57.0301
3 16 34.1944 -7.4698 57.0301 33.8478 -6.0559 57.1229 33.8478 -7.3059 57.1229
3 16 33.75 -5.25 61.9729 34.1944 -7.4698 57.0301 33.8478 -7.3059 57.1229
3 16 46.0694 -7.3758 57.0301 34.1944 -7.4698 57.0301 42.9273 -5.25 61.9729
3 16 42.9273 -5.25 61.9729 34.1944 -7.4698 57.0301 33.75 -5.25 61.9729
3 16 66.0693 -5.4043 2.9572 66.0693 -0.3227 2.9572 66.8432 -5.1963 2.7403
3 16 77.1682 -0.3227 14.0561 74.1943 -0.3227 17.0301 77.1682 -5.3869 14.0561
3 16 77.1682 -5.3869 14.0561 74.1943 -0.3227 17.0301 74.1943 -7.2584 17.0301
3 16 66.0693 -0.3227 57.0301 63.0953 -0.3227 54.0561 66.0693 -5.4043 57.0301
3 16 66.0693 -5.4043 57.0301 63.0953 -0.3227 54.0561 63.0953 -7.2637 54.0561
3 16 77.1682 -5.4031 45.9311 77.1682 -0.3227 45.9311 77.3862 -5.1958 46.7115
3 16 79.9826 -5.25 41.1044 77.1682 -5.4031 45.9311 77.3862 -5.1958 46.7115
3 16 -13.9305 -7.2584 42.9572 -16.9045 -5.3883 45.9311 -13.9305 -0.3227 42.9572
3 16 -13.9305 -0.3227 42.9572 -16.9045 -5.3883 45.9311 -16.9045 -0.3227 45.9311
3 16 -13.9224 -8.1241 37.0301 -19.9826 -5.25 41.1044 -13.9305 -7.2584 42.9572
3 16 -13.9305 -7.2584 42.9572 -19.9826 -5.25 41.1044 -16.9045 -5.3883 45.9311
3 16 -5.8055 -0.3227 57.0301 -6.5807 -5.1966 57.2475 -5.8055 -5.2707 57.0301
3 16 -2.8316 -7.2637 5.9311 -5.8055 -5.2278 2.9572 -2.8316 -0.3227 5.9311
3 16 -2.8316 -0.3227 5.9311 -5.8055 -5.2278 2.9572 -5.8055 -0.3227 2.9572
3 16 -16.9045 -0.3227 14.0561 -17.1242 -5.1959 13.2902 -16.9045 -5.1321 14.0561
3 16 -19.9826 -5.25 18.8957 -16.9045 -5.1321 14.0561 -17.1242 -5.1959 13.2902
3 16 67.5054 0 65.6895 64.2773 0 65.1804 62.4549 0 67.7096
3 16 62.4549 0 67.7096 64.2773 0 65.1804 63.0803 0.0023 66.0125
3 16 57.1684 -8.1241 54.0561 61.0901 -5.25 59.9442 63.0953 -7.2637 54.0561
3 16 63.0953 -7.2637 54.0561 61.0901 -5.25 59.9442 66.0693 -5.4043 57.0301
3 16 74.1862 -8.1241 22.9572 79.9826 -5.25 18.8957 74.1943 -7.2584 17.0301
3 16 74.1943 -7.2584 17.0301 79.9826 -5.25 18.8957 77.1682 -5.3869 14.0561
3 16 62.6087 -5.25 0.6183 66.0693 -5.4043 2.9572 66.8432 -5.1963 2.7403
3 16 3.0954 -8.1241 5.9311 -2.6087 -5.25 0.6183 -2.8316 -7.2637 5.9311
3 16 -2.8316 -7.2637 5.9311 -2.6087 -5.25 0.6183 -5.8055 -5.2278 2.9572
3 16 -1.0901 -5.25 59.9442 -5.8055 -5.2707 57.0301 -6.5807 -5.1966 57.2475
3 16 78.6403 -5.25 8.2009 77.1682 -5.1977 5.9311 78.2568 -5.1977 9.9936
2 24 78.6403 -5.25 8.2009 80.5903 -5.25 11.0368
2 24 79.28 -4.8514 9.0688 78.6403 -5.25 8.2009
2 24 80.5903 -5.25 11.0368 78.6403 -5.25 8.2009
2 24 77.1601 -7.2545 25.9311 74.1862 -8.1241 22.9572
2 24 81.2587 -5.25 24.4933 79.9826 -5.25 18.8957
2 24 70.1318 -5.1977 1.8686 74.1943 -5.1977 2.9572
2 24 65.8919 0 -2.3041 65.0884 0 -3.9085
2 24 65.8919 0 -2.3041 65.8919 -5.25 -2.3041
2 24 65.8919 -5.25 -2.3041 64.9695 -5.25 -3.9085
2 24 65.0884 0 -3.9085 64.2773 0 -5.1804
2 24 67.5054 0 -5.6895 62.4549 0 -7.7096
2 24 64.2773 0 -5.1804 63.0803 0.0023 -6.0125
2 24 70.1956 -1.3988 0.2002 69.7349 -0.3986 -0.1072
2 24 82.4907 -1.3988 7.1136 82.8052 -0.3986 7.5671
2 24 80.6867 0 11.1933 80.102 -0.3986 10.2703
2 24 82.2791 0 14.0831 83.8835 0 15.0055
2 24 80.1598 -5.25 5.2485 80.7962 -5.25 6.045
2 24 83.8835 -5.25 15.0055 85.1554 -5.25 16.3499
2 24 85.1554 -5.25 16.3499 83.8835 -5.25 15.0055
2 24 85.1554 0 16.3499 83.8835 0 15.0055
2 24 49.975 0 -6.0125 56.4368 -0.006 -5.4155
2 24 49.975 -5.25 -6.0125 56.5433 -5.25 -5.4056
2 24 56.4368 -0.006 -5.4155 56.5433 -5.25 -5.4056
2 24 63.0872 -11.3172 25.9311 66.0612 -10.4694 22.9572
2 24 63.0872 -11.3172 25.9311 61.9987 -11.6261 29.9936
2 24 57.1684 -12.1076 25.9311 58.2569 -12.1076 29.9936
2 24 34.1944 -0.3227 17.0301 30.1319 -0.3227 18.1186
2 24 34.1944 -11.4362 17.0301 30.1319 -11.6261 18.1186
2 24 34.1944 -0.3227 17.0301 37.1683 -0.3227 14.0561
2 24 34.1944 -11.4362 17.0301 37.1683 -10.8277 14.0561
2 24 37.1683 -0.3227 14.0561 38.2569 -0.3227 9.9936
2 24 37.1683 -10.8277 14.0561 38.2569 -9.7825 9.9936
2 24 37.1683 -0.3227 25.9311 38.2569 -0.3227 29.9936
2 24 37.1683 -12.4602 25.9311 38.2569 -12.5777 29.9936
2 24 30.1319 -0.3227 21.8686 34.1944 -0.3227 22.9572
2 24 30.1319 -12.1076 21.8686 34.1944 -12.2251 22.9572
2 24 77.1682 -0.3227 5.9311 78.2568 -0.3227 9.9936
2 24 77.1682 -5.1977 5.9311 78.2568 -5.1977 9.9936
2 24 63.6251 -5.25 -5.1804 61.9721 -5.25 -6.0125
2 24 63.6251 -5.25 -5.1804 64.9695 -5.25 -3.9085
2 24 59.5715 -5.25 -0.5066 62.6087 -5.25 0.6183
2 24 64.9695 -5.25 -3.9085 65.8919 -5.25 -2.3041
2 24 73.5844 -4.8 -2.013 73.955 -5.25 -0.7962
2 24 71.8025 -5.25 1.3563 70.9354 -4.8514 0.7158
2 24 82.013 -4.8 6.4156 80.7962 -5.25 6.045
2 24 78.6403 -5.25 8.2009 79.28 -4.8514 9.0688
2 24 73.955 -5.25 -0.7962 74.7515 -5.25 -0.1598
2 24 74.1943 -5.1977 2.9572 77.1682 -5.1977 5.9311
2 24 74.7515 -5.25 -0.1598 77.5885 -5.25 2.4115
2 24 80.7962 -5.25 6.045 80.1598 -5.25 5.2485
2 24 77.5885 -5.25 2.4115 80.1598 -5.25 5.2485
2 24 56.5433 -5.25 -5.4056 57.8997 -4.7962 -6.0125
2 24 59.5715 -5.25 -0.5066 56.4361 -5.25 -1.3184
2 24 56.5433 -5.25 -5.4056 49.975 -5.25 -6.0125
2 24 56.4361 -5.25 -1.3184 50 -5.25 -1.9729
2 24 49.975 -5.25 -6.0125 36.9906 -5.25 -6.0125
2 24 50 -5.25 -1.9729 42.9273 -5.25 -1.9729
2 24 59.5715 -5.25 -0.5066 62.6087 -5.25 0.6183
2 24 43.0955 -12.4602 25.9311 46.0694 -12.2251 22.9572
2 24 50.1319 -0.3227 1.8686 54.1944 -0.3227 2.9572
2 24 50.1319 -6.9347 1.8686 54.1944 -7.2545 2.9572
2 24 50.1319 -0.3227 1.8686 46.0694 -0.3227 2.9572
2 24 50.1319 -6.9347 1.8686 46.0694 -7.3758 2.9572
2 24 46.0694 -0.3227 2.9572 43.0955 -0.3227 5.9311
2 24 46.0694 -7.3758 2.9572 43.0955 -8.4864 5.9311
2 24 43.0955 -0.3227 5.9311 42.0069 -0.3227 9.9936
2 24 43.0955 -8.4864 5.9311 42.0069 -9.7825 9.9936
2 24 42.0069 -0.3227 9.9936 43.0955 -0.3227 14.0561
2 24 42.0069 -9.7825 9.9936 43.0955 -10.8277 14.0561
2 24 43.0955 -0.3227 14.0561 46.0694 -0.3227 17.0301
2 24 43.0955 -10.8277 14.0561 46.0694 -11.4362 17.0301
2 24 46.0694 -0.3227 17.0301 50.1319 -0.3227 18.1186
2 24 46.0694 -11.4362 17.0301 50.1319 -11.6261 18.1186
2 24 50.1319 -0.3227 18.1186 54.1944 -0.3227 17.0301
2 24 50.1319 -11.6261 18.1186 54.1944 -11.3172 17.0301
2 24 54.1944 -0.3227 17.0301 57.1684 -0.3227 14.0561
2 24 54.1944 -11.3172 17.0301 57.1684 -10.4694 14.0561
2 24 57.1684 -0.3227 14.0561 58.2569 -0.3227 9.9936
2 24 57.1684 -10.4694 14.0561 58.2569 -9.3022 9.9936
2 24 58.2569 -0.3227 9.9936 57.1684 -0.3227 5.9311
2 24 58.2569 -9.3022 9.9936 57.1684 -8.1241 5.9311
2 24 54.1944 -7.2545 2.9572 57.1684 -8.1241 5.9311
2 24 54.1944 -0.3227 2.9572 57.1684 -0.3227 5.9311
2 24 74.1862 -0.3227 22.9572 70.1237 -0.3227 21.8686
2 24 74.1862 -8.1241 22.9572 70.1237 -9.3022 21.8686
2 24 70.1237 -0.3227 21.8686 66.0612 -0.3227 22.9572
2 24 70.1237 -9.3022 21.8686 66.0612 -10.4694 22.9572
2 24 66.0612 -0.3227 22.9572 63.0872 -0.3227 25.9311
2 24 66.0612 -10.4694 22.9572 63.0872 -11.3172 25.9311
2 24 63.0872 -0.3227 25.9311 61.9987 -0.3227 29.9936
2 24 63.0872 -11.3172 25.9311 61.9987 -11.6261 29.9936
2 24 78.2487 -0.3227 29.9936 77.1601 -0.3227 25.9311
2 24 78.2487 -6.9347 29.9936 77.1601 -7.2545 25.9311
2 24 74.1862 -8.1241 22.9572 77.1601 -7.2545 25.9311
2 24 74.1862 -0.3227 22.9572 77.1601 -0.3227 25.9311
2 24 66.0693 -0.3227 2.9572 70.1318 -0.3227 1.8686
2 24 66.8432 -5.1963 2.7403 70.1318 -5.1977 1.8686
2 24 66.0693 -0.3227 2.9572 63.0953 -0.3227 5.9311
2 24 66.0693 -5.4043 2.9572 63.0953 -7.2637 5.9311
2 24 63.0953 -0.3227 5.9311 62.0068 -0.3227 9.9936
2 24 63.0953 -7.2637 5.9311 62.0068 -8.7759 9.9936
2 24 62.0068 -0.3227 9.9936 63.0953 -0.3227 14.0561
2 24 62.0068 -8.7759 9.9936 63.0953 -9.6443 14.0561
2 24 63.0953 -0.3227 14.0561 66.0693 -0.3227 17.0301
2 24 63.0953 -9.6443 14.0561 66.0693 -9.6451 17.0301
2 24 66.0693 -0.3227 17.0301 70.1318 -0.3227 18.1186
2 24 66.0693 -9.6451 17.0301 70.1318 -8.7759 18.1186
2 24 70.1318 -0.3227 18.1186 74.1943 -0.3227 17.0301
2 24 70.1318 -8.7759 18.1186 74.1943 -7.2584 17.0301
2 24 77.1682 -5.3869 14.0561 77.3749 -5.1956 13.2509
2 24 65.8919 -5.25 -2.3041 70.1731 -5.25 0.2341
2 24 30.1319 -11.6261 18.1186 34.1944 -11.4362 17.0301
2 24 57.1965 0 -9.1012 62.4549 0 -7.7096
2 24 57.1965 -4.8 -9.1012 65.3483 -4.7477 -6.7421
2 24 62.4549 0 -7.7096 67.5054 0 -5.6895
2 24 57.1684 -8.1241 5.9311 54.1944 -7.2545 2.9572
2 24 59.5715 -5.25 -0.5066 56.4361 -5.25 -1.3184
2 24 56.4361 -5.25 -1.3184 50 -5.25 -1.9729
2 24 54.1944 -7.2545 2.9572 50.1319 -6.9347 1.8686
2 24 67.5054 0 -5.6895 71.5319 0 -3.4119
2 24 65.3483 -4.7477 -6.7421 70.6868 -4.8 -3.9423
2 24 64.9695 -5.25 -3.9085 63.6251 -5.25 -5.1804
2 24 65.0884 0 -3.9085 64.2773 0 -5.1804
2 24 71.5319 0 -3.4119 72.4376 -0.3986 -2.8099
2 24 69.7349 -0.3986 -0.1072 68.8127 0 -0.6927
2 24 68.8127 0 -0.6927 69.7349 -0.3986 -0.1072
2 24 71.5319 0 -3.4119 72.4376 -0.3986 -2.8099
2 24 72.4376 -0.3986 -2.8099 72.8907 -1.3988 -2.495
2 24 69.7349 -0.3986 -0.1072 70.1956 -1.3988 0.2002
2 24 70.1956 -1.3988 0.2002 70.4847 -3.8512 0.3984
2 24 70.1956 -1.3988 0.2002 70.4847 -3.8512 0.3984
2 24 72.8907 -1.3988 -2.495 73.1755 -3.8512 -2.2923
2 24 70.9354 -4.8514 0.7158 70.4847 -3.8512 0.3984
2 24 73.5844 -4.8 -2.013 73.1755 -3.8512 -2.2923
2 24 70.6868 -4.8 -3.9423 73.5844 -4.8 -2.013
2 24 73.5844 -4.8 -2.013 73.1755 -3.8512 -2.2923
2 24 77.5885 -5.25 2.4115 74.7515 -5.25 -0.1598
2 24 80.102 -0.3986 10.2703 79.795 -1.3988 9.8092
2 24 82.4907 -1.3988 7.1136 82.8052 -0.3986 7.5671
2 24 79.795 -1.3988 9.8092 80.102 -0.3986 10.2703
2 24 79.795 -1.3988 9.8092 79.597 -3.8512 9.5199
2 24 82.4907 -1.3988 7.1136 82.2882 -3.8512 6.8286
2 24 79.795 -1.3988 9.8092 79.597 -3.8512 9.5199
2 24 80.102 -0.3986 10.2703 80.6867 0 11.1933
2 24 82.8052 -0.3986 7.5671 83.4065 0 8.4735
2 24 79.28 -4.8514 9.0688 79.597 -3.8512 9.5199
2 24 82.013 -4.8 6.4156 82.2882 -3.8512 6.8286
2 24 79.28 -4.8514 9.0688 79.597 -3.8512 9.5199
2 24 74.1862 -8.1241 22.9572 70.1237 -9.3022 21.8686
2 24 70.1318 -8.7759 18.1186 74.1943 -7.2584 17.0301
2 24 80.1598 -5.25 5.2485 77.5885 -5.25 2.4115
2 24 87.4507 0 16.6206 89.2175 0 22.9977
2 24 87.4507 -4.8 16.6206 89.4056 -4.8 23.2145
2 24 83.8835 0 15.0055 85.1554 0 16.3499
2 24 85.0674 0 11.2561 87.4507 0 16.6206
2 24 83.8835 -5.25 15.0055 82.2791 -5.25 14.0831
2 24 85.9875 -5.25 22.022 85.9875 -5.25 18.003
2 24 85.1554 -5.25 16.3499 85.9875 -5.25 18.003
2 24 79.9826 -5.25 18.8957 81.2587 -5.25 24.4933
2 24 85.9875 -5.25 22.022 85.3684 -5.25 23.3511
2 24 70.1318 -8.7759 18.1186 66.0693 -9.6451 17.0301
2 24 79.9826 -5.25 18.8957 77.3749 -5.1956 13.2509
2 24 77.1682 -5.3869 14.0561 77.3749 -5.1956 13.2509
2 24 85.3684 -5.25 23.3511 85.9875 -5.25 30
2 24 81.2587 -5.25 24.4933 81.9318 -5.25 30
2 24 64.2773 0 -5.1804 63.0803 0.0023 -6.0125
2 24 63.0803 0.0023 -6.0125 61.9721 -5.25 -6.0125
2 24 63.6251 -5.25 -5.1804 61.9721 -5.25 -6.0125
2 24 57.1965 -4.8 -9.1012 49.975 -4.8 -10.0064
2 24 57.1965 0 -9.1012 49.975 0 -10.0064
2 24 62.4549 0 -7.7096 57.1965 0 -9.1012
2 24 63.0803 0.0023 -6.0125 57.1766 -0.0066 -6.0125
2 24 57.1766 -0.0066 -6.0125 56.4368 -0.006 -5.4155
2 24 57.1766 -0.0066 -6.0125 57.8997 -4.7962 -6.0125
2 24 56.4368 -0.006 -5.4155 56.5433 -5.25 -5.4056
2 24 57.8997 -4.7962 -6.0125 56.5433 -5.25 -5.4056
2 24 57.1965 0 -9.1012 49.975 0 -10.0064
2 24 49.975 0 -6.0125 56.4368 -0.006 -5.4155
2 24 49.975 0 -10.0064 39.6049 0 -10.0064
2 24 49.975 -4.8 -10.0064 39.6049 -4.8 -10.0064
2 24 49.975 0 -6.0125 36.9906 0 -6.0125
2 24 49.975 -5.25 -6.0125 36.9906 -5.25 -6.0125
2 24 34.1944 -7.4637 2.9572 30.1319 -6.9738 1.8686
2 24 34.1944 -0.3227 2.9572 30.1319 -0.3227 1.8686
2 24 39.6049 -4.8 -10.0064 30 -4.8 -10.0064
2 24 39.6049 0 -10.0064 30 0 -10.0064
2 24 49.975 0 -10.0064 39.6049 0 -10.0064
2 24 49.975 0 -6.0125 36.9906 0 -6.0125
2 24 30 0 -7.6744 31.8316 0 -7.1601
2 24 39.6049 0 -10.0064 30 0 -10.0064
2 24 31.8316 0 -7.1601 33.2043 0 -5.8708
2 24 37.1683 -8.4864 5.9311 38.2569 -9.7825 9.9936
2 24 43.0955 -8.4864 5.9311 42.0069 -9.7825 9.9936
2 24 42.0069 -9.7825 9.9936 43.0955 -10.8277 14.0561
2 24 38.2569 -9.7825 9.9936 37.1683 -10.8277 14.0561
2 24 46.0694 -11.4362 17.0301 50.1319 -11.6261 18.1186
2 24 50.1319 -11.6261 18.1186 54.1944 -11.3172 17.0301
2 24 66.0693 -9.6451 17.0301 63.0953 -9.6443 14.0561
2 24 63.0953 -7.2637 5.9311 66.0693 -5.4043 2.9572
2 24 50 -5.25 -1.9729 42.9273 -5.25 -1.9729
2 24 50.1319 -6.9347 1.8686 46.0694 -7.3758 2.9572
2 24 43.0955 -8.4864 5.9311 46.0694 -7.3758 2.9572
2 24 37.1683 -8.4864 5.9311 34.1944 -7.4637 2.9572
2 24 30.1319 -12.1076 21.8686 34.1944 -12.2251 22.9572
2 24 38.2569 -12.5777 29.9936 37.1683 -12.4602 25.9311
2 24 43.0955 -12.4602 25.9311 42.0069 -12.5777 29.9936
2 24 43.0955 -0.3227 25.9311 42.0069 -0.3227 29.9936
2 24 43.0955 -12.4602 25.9311 42.0069 -12.5777 29.9936
2 24 43.0955 -0.3227 25.9311 46.0694 -0.3227 22.9572
2 24 43.0955 -12.4602 25.9311 46.0694 -12.2251 22.9572
2 24 46.0694 -0.3227 22.9572 50.1319 -0.3227 21.8686
2 24 46.0694 -12.2251 22.9572 50.1319 -12.1076 21.8686
2 24 46.0694 -12.2251 22.9572 50.1319 -12.1076 21.8686
2 24 50.1319 -0.3227 21.8686 54.1944 -0.3227 22.9572
2 24 50.1319 -12.1076 21.8686 54.1944 -12.1076 22.9572
2 24 50.1319 -12.1076 21.8686 54.1944 -12.1076 22.9572
2 24 54.1944 -12.1076 22.9572 57.1684 -12.1076 25.9311
2 24 54.1944 -0.3227 22.9572 57.1684 -0.3227 25.9311
2 24 57.1684 -0.3227 25.9311 58.2569 -0.3227 29.9936
2 24 57.1684 -12.1076 25.9311 58.2569 -12.1076 29.9936
2 24 66.0612 -10.4694 22.9572 70.1237 -9.3022 21.8686
2 24 34.1944 -7.4637 2.9572 37.1683 -8.4864 5.9311
2 24 34.1944 -0.3227 2.9572 37.1683 -0.3227 5.9311
2 24 38.2569 -0.3227 9.9936 37.1683 -0.3227 5.9311
2 24 38.2569 -9.7825 9.9936 37.1683 -8.4864 5.9311
2 24 37.1683 -12.4602 25.9311 34.1944 -12.2251 22.9572
2 24 37.1683 -0.3227 25.9311 34.1944 -0.3227 22.9572
2 24 74.1943 -0.3227 2.9572 77.1682 -0.3227 5.9311
2 24 73.2568 -0.3227 4.5831 75.5444 -0.3227 6.8708
2 24 70.1318 -0.3227 1.8686 74.1943 -0.3227 2.9572
2 24 70.1318 -5.1977 1.8686 74.1943 -5.1977 2.9572
2 24 74.1943 -0.3227 2.9572 70.1318 -0.3227 1.8686
2 24 73.2568 -0.3227 4.5831 70.1318 -0.3227 3.7458
2 24 70.1318 -0.3227 1.8686 66.0693 -0.3227 2.9572
2 24 70.1318 -0.3227 3.7458 67.0068 -0.3227 4.5831
2 24 67.0068 -0.3227 4.5831 64.7191 -0.3227 6.8708
2 24 66.0693 -0.3227 2.9572 63.0953 -0.3227 5.9311
2 24 64.7191 -0.3227 6.8708 63.8818 -0.3227 9.9958
2 24 63.0953 -0.3227 5.9311 62.0068 -0.3227 9.9936
2 24 63.8818 -0.3227 9.9958 64.7191 -0.3227 13.1208
2 24 62.0068 -0.3227 9.9936 63.0953 -0.3227 14.0561
2 24 64.7191 -0.3227 13.1208 67.0068 -0.3227 15.4084
2 24 63.0953 -0.3227 14.0561 66.0693 -0.3227 17.0301
2 24 66.0693 -0.3227 17.0301 70.1318 -0.3227 18.1186
2 24 67.0068 -0.3227 15.4084 70.1318 -0.3227 16.2458
2 24 70.1318 -0.3227 18.1186 74.1943 -0.3227 17.0301
2 24 70.1318 -0.3227 16.2458 73.2568 -0.3227 15.4084
2 24 74.1943 -0.3227 17.0301 77.1682 -0.3227 14.0561
2 24 73.2568 -0.3227 15.4084 75.5444 -0.3227 13.1208
2 24 77.1682 -0.3227 5.9311 78.2568 -0.3227 9.9936
2 24 75.5444 -0.3227 6.8708 76.3438 -0.3231 9.9861
2 24 87.4507 -4.8 16.6206 85.0674 -4.8 11.2561
2 24 87.4507 0 16.6206 85.0674 0 11.2561
2 24 73.1755 -3.8512 -2.2923 72.8907 -1.3988 -2.495
2 24 72.4376 -0.3986 -2.8099 72.8907 -1.3988 -2.495
2 24 82.4907 -1.3988 7.1136 82.2882 -3.8512 6.8286
2 24 82.8052 -0.3986 7.5671 83.4065 0 8.4735
2 24 84.0115 -4.8 9.4435 85.0674 -4.8 11.2561
2 24 85.0674 0 11.2561 83.4065 0 8.4735
2 24 61.9721 -5.25 -6.0125 57.8997 -4.7962 -6.0125
2 24 61.9721 -5.25 -6.0125 63.0803 0.0023 -6.0125
2 24 61.9721 -5.25 -6.0125 57.8997 -4.7962 -6.0125
2 24 63.0803 0.0023 -6.0125 57.1766 -0.0066 -6.0125
2 24 57.8997 -4.7962 -6.0125 57.1766 -0.0066 -6.0125
2 24 62.6087 -5.25 0.6183 66.8432 -5.1963 2.7403
2 24 87.4507 0 16.6206 89.2175 0 22.9977
2 24 85.9875 0 22.022 85.9875 0 18.003
2 24 80.6867 0 11.1933 82.2791 0 14.0831
2 24 82.2791 0 14.0831 82.2791 -5.25 14.0831
2 24 80.5903 -5.25 11.0368 82.2791 -5.25 14.0831
2 24 83.8835 -5.25 15.0055 82.2791 -5.25 14.0831
2 24 83.8835 0 15.0055 82.2791 0 14.0831
2 24 82.2791 -5.25 14.0831 82.2791 0 14.0831
2 24 85.1554 -5.25 16.3499 85.9875 -5.25 18.003
2 24 85.9875 -5.25 18.003 85.9875 0 18.003
2 24 85.1554 0 16.3499 85.9875 0 18.003
2 24 85.3684 -5.25 23.3511 85.3684 0 23.3511
2 24 85.3684 -5.25 23.3511 85.9875 -5.25 22.022
2 24 85.3684 0 23.3511 85.9875 0 22.022
2 24 85.9875 -5.25 22.022 85.9875 0 22.022
2 24 85.9875 -5.25 22.022 85.9875 0 22.022
2 24 85.9875 -5.25 22.022 85.9875 -5.25 18.003
2 24 85.9875 0 22.022 85.9875 0 18.003
2 24 85.9875 -5.25 18.003 85.9875 0 18.003
2 24 85.3684 -5.25 23.3511 85.9875 -5.25 30
2 24 85.3684 -5.25 23.3511 85.3684 0 23.3511
2 24 85.3684 0 23.3511 85.9875 0 30
2 24 85.3684 0 23.3511 85.9875 0 30
2 24 89.2175 0 22.9977 90.1318 0 30
2 24 85.1554 0 16.3499 85.9875 0 18.003
2 24 42.9273 -5.25 -1.9729 32.2179 -5.2509 -1.9708
2 24 63.0953 -9.6443 14.0561 62.0068 -8.7759 9.9936
2 24 57.1684 -10.4694 14.0561 58.2569 -9.3022 9.9936
2 24 63.0953 -7.2637 5.9311 62.0068 -8.7759 9.9936
2 24 57.1684 -8.1241 5.9311 58.2569 -9.3022 9.9936
2 24 75.5444 -5.1963 6.8708 73.2568 -5.198 4.5831
2 24 75.9929 -5.1996 11.5685 76.3438 -5.1963 9.9861
2 24 72.7083 -5.2031 7.4172 75.9929 -5.1996 11.5685
2 24 75.5444 -5.1963 6.8708 73.2568 -5.198 4.5831
2 24 75.5444 -0.3227 6.8708 73.2568 -0.3227 4.5831
2 24 73.2568 -5.198 4.5831 70.1318 -5.1475 3.7458
2 24 73.2568 -0.3227 4.5831 70.1318 -0.3227 3.7458
2 24 64.7191 -7.2292 6.8708 67.0068 -5.8114 4.5831
2 24 64.7191 -0.3227 6.8708 67.0068 -0.3227 4.5831
2 24 64.7191 -7.2292 6.8708 63.8818 -8.3713 9.9958
2 24 64.7191 -0.3227 6.8708 63.8818 -0.3227 9.9958
2 24 63.8818 -8.3713 9.9958 64.7191 -9.0603 13.1208
2 24 63.8818 -0.3227 9.9958 64.7191 -0.3227 13.1208
2 24 64.7191 -9.0603 13.1208 67.0068 -9.0603 15.396
2 24 64.7191 -0.3227 13.1208 67.0068 -0.3227 15.4084
2 24 67.0068 -9.0603 15.396 70.1318 -8.4137 16.2458
2 24 67.0068 -0.3227 15.4084 70.1318 -0.3227 16.2458
2 24 73.2568 -7.2763 15.4084 70.1318 -8.4137 16.2458
2 24 70.1318 -8.4137 16.2458 73.2568 -7.2763 15.4084
2 24 70.1318 -0.3227 16.2458 73.2568 -0.3227 15.4084
2 24 73.2568 -7.2763 15.4084 75.5444 -5.8526 13.1208
2 24 73.2568 -7.2763 15.4084 75.5444 -5.8526 13.1208
2 24 73.2568 -0.3227 15.4084 75.5444 -0.3227 13.1208
2 24 76.3438 -5.1963 9.9861 75.9929 -5.1996 11.5685
2 24 75.5444 -5.1963 6.8708 76.3438 -5.1963 9.9861
2 24 75.5444 -0.3227 6.8708 76.3438 -0.3231 9.9861
2 24 67.0068 -5.8114 4.5831 68.5141 -5.1977 3.9587
2 24 70.1318 -0.3227 3.7458 67.0068 -0.3227 4.5831
2 24 33.2569 -8.0489 4.581 30.1319 -7.7382 3.7436
2 24 33.2569 -0.3227 4.581 30.1319 -0.3227 3.7436
2 24 46.0694 -0.3227 2.9572 50.1319 -0.3227 1.8686
2 24 47.0069 -0.3227 4.581 50.1319 -0.3227 3.7436
2 24 55.5446 -12.2815 26.8686 56.3819 -12.2659 29.9936
2 24 75.5446 -7.9935 26.8686 76.3819 -7.7515 29.9936
2 24 55.5446 -8.6469 6.8686 53.2569 -8.0364 4.581
2 24 55.5446 -0.3227 6.8686 53.2569 -0.3227 4.581
2 24 53.2569 -8.0364 4.581 50.1319 -7.8574 3.7436
2 24 53.2569 -0.3227 4.581 50.1319 -0.3227 3.7436
2 24 50.1319 -7.8574 3.7436 47.0069 -8.1622 4.581
2 24 50.1319 -0.3227 3.7436 47.0069 -0.3227 4.581
2 24 47.0069 -0.3227 4.581 44.7193 -0.3227 6.8686
2 24 47.0069 -8.1622 4.581 44.7193 -8.8672 6.8686
2 24 44.7193 -8.8672 6.8686 43.8819 -9.7554 9.9936
2 24 44.7193 -0.3227 6.8686 43.8819 -0.3227 9.9936
2 24 43.8819 -9.7554 9.9936 44.7193 -10.5925 13.1186
2 24 43.8819 -0.3227 9.9936 44.7193 -0.3227 13.1186
2 24 44.7193 -0.3227 13.1186 47.0069 -0.3227 15.4063
2 24 44.7193 -10.5925 13.1186 47.0069 -11.1639 15.4063
2 24 47.0069 -11.1639 15.4063 50.1319 -11.3283 16.2436
2 24 47.0069 -0.3227 15.4063 50.1319 -0.3227 16.2436
2 24 50.1319 -11.3283 16.2436 53.2569 -11.0437 15.4063
2 24 50.1319 -0.3227 16.2436 53.2569 -0.3227 15.4063
2 24 53.2569 -11.0437 15.4063 55.5446 -10.3774 13.1186
2 24 53.2569 -0.3227 15.4063 55.5446 -0.3227 13.1186
2 24 55.5446 -10.3774 13.1186 56.3819 -9.5017 9.9936
2 24 55.5446 -0.3227 13.1186 56.3819 -0.3227 9.9936
2 24 55.5446 -8.6469 6.8686 56.3819 -9.5017 9.9936
2 24 55.5446 -0.3227 6.8686 56.3819 -0.3227 9.9936
2 24 35.5445 -12.6133 26.8686 33.2569 -12.5982 24.581
2 24 35.5445 -0.3227 26.8686 33.2569 -0.3227 24.581
2 24 33.2569 -12.5982 24.581 30.1319 -12.5776 23.7436
2 24 33.2569 -0.3227 24.581 30.1319 -0.3227 23.7436
2 24 35.5445 -12.6133 26.8686 36.3819 -12.6188 29.9936
2 24 35.5445 -0.3227 26.8686 36.3819 -0.3227 29.9936
2 24 55.5446 -0.3227 26.8686 53.2569 -0.3227 24.581
2 24 55.5446 -12.2815 26.8686 53.2569 -12.3244 24.581
2 24 53.2569 -12.3244 24.581 50.1319 -12.3802 23.7436
2 24 53.2569 -0.3227 24.581 50.1319 -0.3227 23.7436
2 24 50.1319 -12.3802 23.7436 47.0069 -12.4359 24.581
2 24 50.1319 -0.3227 23.7436 47.0069 -0.3227 24.581
2 24 47.0069 -0.3227 24.581 44.7193 -0.3227 26.8686
2 24 47.0069 -12.4359 24.581 44.7193 -12.4786 26.8686
2 24 44.7193 -12.4786 26.8686 43.8819 -12.4945 29.9936
2 24 44.7193 -0.3227 26.8686 43.8819 -0.3227 29.9936
2 24 55.5446 -12.2815 26.8686 56.3819 -12.2659 29.9936
2 24 55.5446 -0.3227 26.8686 56.3819 -0.3227 29.9936
2 24 30.1319 -11.2654 16.2436 33.2569 -11.1275 15.4063
2 24 33.2569 -11.1275 15.4063 35.5445 -10.5242 13.1186
2 24 35.5445 -10.5242 13.1186 36.3819 -9.6904 9.9936
2 24 36.3819 -9.6904 9.9936 35.5445 -8.8037 6.8686
2 24 36.3819 -9.6904 9.9936 35.5445 -8.8037 6.8686
2 24 36.3819 -0.3227 9.9936 35.5445 -0.3227 6.8686
2 24 34.1944 -0.3227 2.9572 37.1683 -0.3227 5.9311
2 24 33.2569 -0.3227 4.581 35.5445 -0.3227 6.8686
2 24 33.2569 -8.0489 4.581 35.5445 -8.8037 6.8686
2 24 33.2569 -0.3227 4.581 35.5445 -0.3227 6.8686
2 24 34.1944 -0.3227 2.9572 30.1319 -0.3227 1.8686
2 24 33.2569 -0.3227 4.581 30.1319 -0.3227 3.7436
2 24 34.1944 -0.3227 17.0301 30.1319 -0.3227 18.1186
2 24 33.2569 -0.3227 15.4063 30.1319 -0.3227 16.2436
2 24 30.1319 -11.2654 16.2436 33.2569 -11.1275 15.4063
2 24 30.1319 -0.3227 16.2436 33.2569 -0.3227 15.4063
2 24 34.1944 -0.3227 17.0301 37.1683 -0.3227 14.0561
2 24 33.2569 -0.3227 15.4063 35.5445 -0.3227 13.1186
2 24 33.2569 -11.1275 15.4063 35.5445 -10.5242 13.1186
2 24 33.2569 -0.3227 15.4063 35.5445 -0.3227 13.1186
2 24 37.1683 -0.3227 14.0561 38.2569 -0.3227 9.9936
2 24 35.5445 -0.3227 13.1186 36.3819 -0.3227 9.9936
2 24 36.3819 -9.6904 9.9936 35.5445 -10.5242 13.1186
2 24 36.3819 -0.3227 9.9936 35.5445 -0.3227 13.1186
2 24 37.1683 -0.3227 5.9311 38.2569 -0.3227 9.9936
2 24 35.5445 -0.3227 6.8686 36.3819 -0.3227 9.9936
2 24 55.5446 -8.6469 6.8686 53.2569 -8.0364 4.581
2 24 47.0069 -8.1622 4.581 50.1319 -7.8574 3.7436
2 24 44.7193 -10.5925 13.1186 43.8819 -9.7554 9.9936
2 24 47.0069 -11.1639 15.4063 50.1319 -11.3283 16.2436
2 24 50.1319 -11.3283 16.2436 53.2569 -11.0437 15.4063
2 24 53.2569 -11.0437 15.4063 55.5446 -10.3774 13.1186
2 24 55.5446 -10.3774 13.1186 56.3819 -9.5017 9.9936
2 24 55.5446 -8.6469 6.8686 56.3819 -9.5017 9.9936
2 24 54.1944 -0.3227 2.9572 57.1684 -0.3227 5.9311
2 24 53.2569 -0.3227 4.581 55.5446 -0.3227 6.8686
2 24 50.1319 -0.3227 1.8686 54.1944 -0.3227 2.9572
2 24 50.1319 -0.3227 3.7436 53.2569 -0.3227 4.581
2 24 46.0694 -0.3227 2.9572 43.0955 -0.3227 5.9311
2 24 47.0069 -0.3227 4.581 44.7193 -0.3227 6.8686
2 24 43.0955 -0.3227 5.9311 42.0069 -0.3227 9.9936
2 24 44.7193 -0.3227 6.8686 43.8819 -0.3227 9.9936
2 24 42.0069 -0.3227 9.9936 43.0955 -0.3227 14.0561
2 24 43.8819 -0.3227 9.9936 44.7193 -0.3227 13.1186
2 24 43.0955 -0.3227 14.0561 46.0694 -0.3227 17.0301
2 24 44.7193 -0.3227 13.1186 47.0069 -0.3227 15.4063
2 24 46.0694 -0.3227 17.0301 50.1319 -0.3227 18.1186
2 24 47.0069 -0.3227 15.4063 50.1319 -0.3227 16.2436
2 24 50.1319 -0.3227 18.1186 54.1944 -0.3227 17.0301
2 24 50.1319 -0.3227 16.2436 53.2569 -0.3227 15.4063
2 24 54.1944 -0.3227 17.0301 57.1684 -0.3227 14.0561
2 24 53.2569 -0.3227 15.4063 55.5446 -0.3227 13.1186
2 24 57.1684 -0.3227 14.0561 58.2569 -0.3227 9.9936
2 24 55.5446 -0.3227 13.1186 56.3819 -0.3227 9.9936
2 24 57.1684 -0.3227 5.9311 58.2569 -0.3227 9.9936
2 24 55.5446 -0.3227 6.8686 56.3819 -0.3227 9.9936
2 24 35.5445 -12.6133 26.8686 33.2569 -12.5982 24.581
2 24 33.2569 -12.5982 24.581 30.1319 -12.5776 23.7436
2 24 35.5445 -12.6133 26.8686 36.3819 -12.6188 29.9936
2 24 34.1944 -0.3227 22.9572 37.1683 -0.3227 25.9311
2 24 33.2569 -0.3227 24.581 35.5445 -0.3227 26.8686
2 24 34.1944 -0.3227 22.9572 30.1319 -0.3227 21.8686
2 24 33.2569 -0.3227 24.581 30.1319 -0.3227 23.7436
2 24 37.1683 -0.3227 25.9311 38.2569 -0.3227 29.9936
2 24 35.5445 -0.3227 26.8686 36.3819 -0.3227 29.9936
2 24 53.2569 -12.3244 24.581 50.1319 -12.3802 23.7436
2 24 50.1319 -12.3802 23.7436 47.0069 -12.4359 24.581
2 24 47.0069 -12.4359 24.581 44.7193 -12.4786 26.8686
2 24 44.7193 -12.4786 26.8686 43.8819 -12.4945 29.9936
2 24 54.1944 -0.3227 22.9572 57.1684 -0.3227 25.9311
2 24 53.2569 -0.3227 24.581 55.5446 -0.3227 26.8686
2 24 54.1944 -0.3227 22.9572 50.1319 -0.3227 21.8686
2 24 53.2569 -0.3227 24.581 50.1319 -0.3227 23.7436
2 24 50.1319 -0.3227 21.8686 46.0694 -0.3227 22.9572
2 24 50.1319 -0.3227 23.7436 47.0069 -0.3227 24.581
2 24 46.0694 -0.3227 22.9572 43.0955 -0.3227 25.9311
2 24 47.0069 -0.3227 24.581 44.7193 -0.3227 26.8686
2 24 43.0955 -0.3227 25.9311 42.0069 -0.3227 29.9936
2 24 44.7193 -0.3227 26.8686 43.8819 -0.3227 29.9936
2 24 57.1684 -0.3227 25.9311 58.2569 -0.3227 29.9936
2 24 55.5446 -0.3227 26.8686 56.3819 -0.3227 29.9936
2 24 75.5446 -0.3227 26.8686 73.2569 -0.3227 24.581
2 24 75.5446 -7.9935 26.8686 73.2569 -8.6638 24.581
2 24 73.2569 -8.6638 24.581 70.1319 -9.5368 23.7436
2 24 73.2569 -8.6638 24.581 70.1319 -9.5368 23.7436
2 24 73.2569 -0.3227 24.581 70.1319 -0.3227 23.7436
2 24 70.1319 -9.5368 23.7436 67.0069 -10.3887 24.581
2 24 70.1319 -0.3227 23.7436 67.0069 -0.3227 24.581
2 24 70.1319 -9.5368 23.7436 67.0069 -10.3887 24.581
2 24 67.0069 -10.3887 24.581 64.7193 -11.0005 26.8686
2 24 67.0069 -0.3227 24.581 64.7193 -0.3227 26.8686
2 24 67.0069 -10.3887 24.581 64.7193 -11.0005 26.8686
2 24 64.7193 -11.0005 26.8686 63.8819 -11.2221 29.9936
2 24 64.7193 -11.0005 26.8686 63.8819 -11.2221 29.9936
2 24 64.7193 -0.3227 26.8686 63.8819 -0.3227 29.9936
2 24 75.5446 -7.9935 26.8686 76.3819 -7.7515 29.9936
2 24 75.5446 -0.3227 26.8686 76.3819 -0.3227 29.9936
2 24 74.1862 -0.3227 22.9572 77.1601 -0.3227 25.9311
2 24 73.2569 -0.3227 24.581 75.5446 -0.3227 26.8686
2 24 74.1862 -0.3227 22.9572 70.1237 -0.3227 21.8686
2 24 73.2569 -0.3227 24.581 70.1319 -0.3227 23.7436
2 24 70.1237 -0.3227 21.8686 66.0612 -0.3227 22.9572
2 24 70.1319 -0.3227 23.7436 67.0069 -0.3227 24.581
2 24 66.0612 -0.3227 22.9572 63.0872 -0.3227 25.9311
2 24 67.0069 -0.3227 24.581 64.7193 -0.3227 26.8686
2 24 63.0872 -0.3227 25.9311 61.9987 -0.3227 29.9936
2 24 64.7193 -0.3227 26.8686 63.8819 -0.3227 29.9936
2 24 77.1601 -0.3227 25.9311 78.2487 -0.3227 29.9936
2 24 75.5446 -0.3227 26.8686 76.3819 -0.3227 29.9936
2 24 64.7191 -9.0603 13.1208 67.0068 -9.0603 15.396
2 24 64.7191 -7.2292 6.8708 63.8818 -8.3713 9.9958
2 24 64.7191 -7.2292 6.8708 67.0068 -5.8114 4.5831
2 24 67.0068 -5.8114 4.5831 68.5141 -5.1977 3.9587
2 24 72.7083 -5.2031 7.4172 68.5141 -5.1977 3.9587
2 24 36.9906 -5.25 -6.0125 31.8456 -5.25 -4.0274
2 24 42.9273 -5.25 -1.9729 32.2179 -5.2509 -1.9708
2 24 70.4847 -3.8512 0.3984 70.9354 -4.8514 0.7158
2 24 71.8025 -5.25 1.3563 70.1731 -5.25 0.2341
2 24 70.1318 -5.1977 1.8686 66.8432 -5.1963 2.7403
2 24 70.9354 -4.8514 0.7158 71.8025 -5.25 1.3563
2 24 70.1731 -5.25 0.2341 71.8025 -5.25 1.3563
2 24 65.8919 0 -2.3041 65.8919 -5.25 -2.3041
2 24 68.8127 0 -0.6927 65.8919 0 -2.3041
2 24 70.1731 -5.25 0.2341 65.8919 -5.25 -2.3041
2 24 80.7962 -5.25 6.045 82.013 -4.8 6.4156
2 24 82.013 -4.8 6.4156 84.0115 -4.8 9.4435
2 24 44.7193 -10.5925 13.1186 47.0069 -11.1639 15.4063
2 24 43.8819 -9.7554 9.9936 44.7193 -8.8672 6.8686
2 24 53.2569 -8.0364 4.581 50.1319 -7.8574 3.7436
2 24 47.0069 -8.1622 4.581 44.7193 -8.8672 6.8686
2 24 68.8127 0 -0.6927 65.8919 0 -2.3041
2 24 67.5054 0 -5.6895 71.5319 0 -3.4119
2 24 65.0884 0 -3.9085 65.8919 0 -2.3041
2 24 57.1766 -0.0066 -6.0125 56.4368 -0.006 -5.4155
2 24 80.5903 -5.25 11.0368 82.2791 -5.25 14.0831
2 24 78.2568 -5.1977 9.9936 77.3749 -5.1956 13.2509
2 24 74.1943 -5.1977 57.0301 70.1318 -5.1977 58.1186
2 24 73.5844 -4.8 62.013 73.1755 -3.8512 62.2923
2 24 73.5844 -4.8 62.013 70.6868 -4.8 63.9423
2 24 65.892 -5.25 62.3041 68.9535 -5.25 60.6058
2 24 70.1318 -5.1977 58.1186 66.8947 -5.1962 57.2266
2 24 54.1944 -11.3172 42.9572 50.1319 -11.6261 41.8686
2 24 37.1683 -10.8277 45.9311 38.2569 -9.7825 49.9936
2 24 43.0955 -10.8277 45.9311 42.0069 -9.7825 49.9936
2 24 38.2569 -9.7825 49.9936 37.1683 -8.4864 54.0561
2 24 42.0069 -9.7825 49.9936 43.0955 -8.4864 54.0561
2 24 43.0955 -10.8277 45.9311 46.0694 -11.4362 42.9572
2 24 38.2569 -12.5777 29.9936 37.1683 -12.4602 34.0561
2 24 42.0069 -12.5777 29.9936 43.0955 -12.4602 34.0561
2 24 50.1319 -11.6261 41.8686 46.0694 -11.4362 42.9572
2 24 46.0694 -12.2251 37.0301 50.1319 -12.1076 38.1186
2 24 43.0955 -12.4602 34.0561 46.0694 -12.2251 37.0301
2 24 61.9987 -11.6261 29.9936 63.0872 -11.3172 34.0561
2 24 58.2569 -12.1076 29.9936 57.1684 -12.1076 34.0561
2 24 70.1237 -9.3022 38.1186 74.1862 -8.1241 37.0301
2 24 70.1318 -8.7759 41.8686 74.1943 -7.2584 42.9572
2 24 34.1944 -0.3227 57.0301 37.1683 -0.3227 54.0561
2 24 34.1944 -7.4698 57.0301 37.1683 -8.4864 54.0561
2 24 37.1683 -0.3227 54.0561 38.2569 -0.3227 49.9936
2 24 37.1683 -8.4864 54.0561 38.2569 -9.7825 49.9936
2 24 38.2569 -0.3227 49.9936 37.1683 -0.3227 45.9311
2 24 38.2569 -9.7825 49.9936 37.1683 -10.8277 45.9311
2 24 37.1683 -0.3227 45.9311 34.1944 -0.3227 42.9572
2 24 37.1683 -10.8277 45.9311 34.1944 -11.4362 42.9572
2 24 34.1944 -0.3227 42.9572 30.1319 -0.3227 41.8686
2 24 34.1944 -11.4362 42.9572 30.1319 -11.6261 41.8686
2 24 79.795 -1.3988 50.1908 80.102 -0.3986 49.7297
2 24 73.955 -5.25 60.7962 73.5844 -4.8 62.013
2 24 73.5844 -4.8 62.013 70.6868 -4.8 63.9423
2 24 70.1318 -5.1977 58.1186 74.1943 -5.1977 57.0301
2 24 70.1318 -0.3227 58.1186 74.1943 -0.3227 57.0301
2 24 33.75 -5.25 61.9729 33.8478 -7.3059 57.1229
2 24 33.75 -5.25 61.9729 33.75 -5.25 59.2708
2 24 33.8478 -7.3059 57.1229 33.8478 -6.0559 57.1229
2 24 33.75 -5.25 59.2708 33.8478 -6.0559 57.1229
2 24 80.1598 -5.25 54.7515 77.5885 -5.25 57.5885
2 24 74.1943 -0.3227 57.0301 77.1682 -0.3227 54.0561
2 24 74.1943 -5.1977 57.0301 77.1682 -5.1977 54.0561
2 24 78.6403 -5.25 51.7991 79.28 -4.8514 50.9312
2 24 80.5903 -5.25 48.9633 78.6403 -5.25 51.7991
2 24 58.2569 -9.3022 49.9936 57.1684 -8.1241 54.0561
2 24 62.0068 -8.7759 49.9936 63.0953 -7.2637 54.0561
2 24 63.0953 -9.6443 45.9311 66.0693 -9.6451 42.9572
2 24 50.1319 -12.1076 38.1186 54.1944 -12.1076 37.0301
2 24 70.1237 -9.3022 38.1186 66.0612 -10.4694 37.0301
2 24 70.1318 -8.7759 41.8686 66.0693 -9.6451 42.9572
2 24 33.8478 -6.0559 57.1229 30.1319 -5.7115 58.1186
2 24 33.8478 -6.0559 57.1229 33.75 -5.25 59.2708
2 24 33.75 -5.25 59.2708 30 -5.25 59.2708
2 24 82.2791 -5.25 45.9169 82.2791 0 45.9169
2 24 82.2791 -5.25 45.9169 83.8835 -5.25 44.9945
2 24 82.2791 0 45.9169 83.8835 0 44.9945
2 24 85.1554 -5.25 43.6501 85.9875 -5.25 41.997
2 24 85.1554 0 43.6501 85.9875 0 41.997
2 24 85.9875 -5.25 41.997 85.9875 0 41.997
2 24 85.9875 -5.25 41.997 85.9875 0 41.997
2 24 85.9875 -5.25 41.997 85.9875 -5.25 37.978
2 24 85.9875 0 41.997 85.9875 0 37.978
2 24 85.9875 -5.25 37.978 85.9875 0 37.978
2 24 82.2791 0 45.9169 80.6867 0 48.8067
2 24 85.0674 0 48.7439 83.4065 0 51.5265
2 24 43.0955 -8.4864 54.0561 46.0694 -7.3758 57.0301
2 24 37.1683 -8.4864 54.0561 34.1944 -7.4698 57.0301
2 24 85.9875 -5.25 30 85.3684 -5.25 36.6489
2 24 81.9318 -5.25 30 81.6042 -5.25 34.8416
2 24 85.3684 -5.25 36.6489 85.9875 -5.25 37.978
2 24 85.9875 -5.25 37.978 85.9875 -5.25 41.997
2 24 81.6042 -5.25 34.8416 79.9826 -5.25 41.1044
2 24 82.2791 -5.25 45.9169 83.8835 -5.25 44.9945
2 24 82.2791 -5.25 45.9169 80.5903 -5.25 48.9633
2 24 79.9826 -5.25 41.1044 77.3862 -5.1958 46.7115
2 24 61.0901 -5.25 59.9442 66.8947 -5.1962 57.2266
2 24 66.0693 -5.4043 57.0301 66.8947 -5.1962 57.2266
2 24 57.1684 -8.1241 54.0561 54.1944 -7.2545 57.0301
2 24 61.0901 -5.25 59.9442 56.4361 -5.25 61.3184
2 24 56.4361 -5.25 61.3184 50 -5.25 61.9729
2 24 54.1944 -7.2545 57.0301 50.1319 -6.9347 58.1186
2 24 50 -5.25 61.9729 42.9273 -5.25 61.9729
2 24 46.0694 -7.3758 57.0301 50.1319 -6.9347 58.1186
2 24 56.5433 -5.25 65.4056 57.8997 -4.7962 66.0125
2 24 56.4361 -5.25 61.3184 61.0901 -5.25 59.9442
2 24 56.4361 -5.25 61.3184 50 -5.25 61.9729
2 24 56.5433 -5.25 65.4056 49.975 -5.25 66.0125
2 24 50 -5.25 61.9729 42.9273 -5.25 61.9729
2 24 49.975 -5.25 66.0125 39.6049 -5.25 66.0125
2 24 42.9273 -5.25 61.9729 33.75 -5.25 61.9729
2 24 33.75 -5.25 61.9729 33.75 -5.25 59.2708
2 24 30 -5.25 59.2708 33.75 -5.25 59.2708
2 24 76.1688 -5.1977 48.3738 75.5444 -5.8532 46.8665
2 24 72.7083 -5.2031 52.57 76.1688 -5.1977 48.3738
2 24 73.2568 -5.198 55.4041 75.5444 -5.1963 53.1165
2 24 58.2569 -9.3022 49.9936 57.1684 -10.4694 45.9311
2 24 62.0068 -8.7759 49.9936 63.0953 -9.6443 45.9311
2 24 63.0872 -11.3172 34.0561 66.0612 -10.4694 37.0301
2 24 68.5141 -5.1977 56.0285 70.1318 -5.1475 56.2415
2 24 72.7083 -5.2031 52.57 68.5141 -5.1977 56.0285
2 24 37.1683 -0.3227 54.0561 34.1944 -0.3227 57.0301
2 24 35.5445 -0.3227 53.1186 33.2569 -0.3227 55.4063
2 24 34.1944 -0.3227 57.0301 30.1319 -0.3227 58.1186
2 24 33.2569 -0.3227 55.4063 30.1319 -0.3227 56.2436
2 24 30.1319 -0.3227 41.8686 34.1944 -0.3227 42.9572
2 24 30.1319 -0.3227 43.7436 33.2569 -0.3227 44.581
2 24 34.1944 -0.3227 42.9572 37.1683 -0.3227 45.9311
2 24 33.2569 -0.3227 44.581 35.5445 -0.3227 46.8686
2 24 37.1683 -0.3227 45.9311 38.2569 -0.3227 49.9936
2 24 35.5445 -0.3227 46.8686 36.3819 -0.3227 49.9936
2 24 37.1683 -0.3227 54.0561 38.2569 -0.3227 49.9936
2 24 35.5445 -0.3227 53.1186 36.3819 -0.3227 49.9936
2 24 57.1684 -0.3227 54.0561 54.1944 -0.3227 57.0301
2 24 55.5446 -0.3227 53.1186 53.2569 -0.3227 55.4063
2 24 54.1944 -0.3227 57.0301 50.1319 -0.3227 58.1186
2 24 53.2569 -0.3227 55.4063 50.1319 -0.3227 56.2436
2 24 50.1319 -0.3227 58.1186 46.0694 -0.3227 57.0301
2 24 50.1319 -0.3227 56.2436 47.0069 -0.3227 55.4063
2 24 46.0694 -0.3227 57.0301 43.0955 -0.3227 54.0561
2 24 47.0069 -0.3227 55.4063 44.7193 -0.3227 53.1186
2 24 43.0955 -0.3227 54.0561 42.0069 -0.3227 49.9936
2 24 44.7193 -0.3227 53.1186 43.8819 -0.3227 49.9936
2 24 42.0069 -0.3227 49.9936 43.0955 -0.3227 45.9311
2 24 43.8819 -0.3227 49.9936 44.7193 -0.3227 46.8686
2 24 43.0955 -0.3227 45.9311 46.0694 -0.3227 42.9572
2 24 44.7193 -0.3227 46.8686 47.0069 -0.3227 44.581
2 24 46.0694 -0.3227 42.9572 50.1319 -0.3227 41.8686
2 24 47.0069 -0.3227 44.581 50.1319 -0.3227 43.7436
2 24 50.1319 -0.3227 41.8686 54.1944 -0.3227 42.9572
2 24 50.1319 -0.3227 43.7436 53.2569 -0.3227 44.581
2 24 54.1944 -0.3227 42.9572 57.1684 -0.3227 45.9311
2 24 53.2569 -0.3227 44.581 55.5446 -0.3227 46.8686
2 24 57.1684 -0.3227 45.9311 58.2569 -0.3227 49.9936
2 24 55.5446 -0.3227 46.8686 56.3819 -0.3227 49.9936
2 24 57.1684 -0.3227 54.0561 58.2569 -0.3227 49.9936
2 24 55.5446 -0.3227 53.1186 56.3819 -0.3227 49.9936
2 24 37.1683 -0.3227 34.0561 34.1944 -0.3227 37.0301
2 24 35.5445 -0.3227 33.1186 33.2569 -0.3227 35.4063
2 24 34.1944 -0.3227 37.0301 30.1319 -0.3227 38.1186
2 24 33.2569 -0.3227 35.4063 30.1319 -0.3227 36.2436
2 24 38.2569 -0.3227 29.9936 37.1683 -0.3227 34.0561
2 24 36.3819 -0.3227 29.9936 35.5445 -0.3227 33.1186
2 24 57.1684 -0.3227 34.0561 54.1944 -0.3227 37.0301
2 24 55.5446 -0.3227 33.1186 53.2569 -0.3227 35.4063
2 24 54.1944 -0.3227 37.0301 50.1319 -0.3227 38.1186
2 24 53.2569 -0.3227 35.4063 50.1319 -0.3227 36.2436
2 24 50.1319 -0.3227 38.1186 46.0694 -0.3227 37.0301
2 24 50.1319 -0.3227 36.2436 47.0069 -0.3227 35.4063
2 24 46.0694 -0.3227 37.0301 43.0955 -0.3227 34.0561
2 24 47.0069 -0.3227 35.4063 44.7193 -0.3227 33.1186
2 24 42.0069 -0.3227 29.9936 43.0955 -0.3227 34.0561
2 24 43.8819 -0.3227 29.9936 44.7193 -0.3227 33.1186
2 24 58.2569 -0.3227 29.9936 57.1684 -0.3227 34.0561
2 24 56.3819 -0.3227 29.9936 55.5446 -0.3227 33.1186
2 24 75.5446 -0.3227 33.1186 73.2569 -0.3227 35.4063
2 24 77.1601 -0.3227 34.0561 74.1862 -0.3227 37.0301
2 24 73.2569 -0.3227 35.4063 70.1319 -0.3227 36.2436
2 24 74.1862 -0.3227 37.0301 70.1237 -0.3227 38.1186
2 24 70.1319 -0.3227 36.2436 67.0069 -0.3227 35.4063
2 24 70.1237 -0.3227 38.1186 66.0612 -0.3227 37.0301
2 24 67.0069 -0.3227 35.4063 64.7193 -0.3227 33.1186
2 24 66.0612 -0.3227 37.0301 63.0872 -0.3227 34.0561
2 24 63.8819 -0.3227 29.9936 64.7193 -0.3227 33.1186
2 24 61.9987 -0.3227 29.9936 63.0872 -0.3227 34.0561
2 24 76.3819 -0.3227 29.9936 75.5446 -0.3227 33.1186
2 24 78.2487 -0.3227 29.9936 77.1601 -0.3227 34.0561
2 24 33.2569 -7.9686 55.4063 30.1319 -7.7389 56.2436
2 24 33.2569 -11.0467 44.581 30.1319 -11.2654 43.7436
2 24 53.2569 -12.3244 35.4063 50.1319 -12.3802 36.2436
2 24 44.7193 -12.4786 33.1186 47.0069 -12.4359 35.4063
2 24 43.8819 -12.4945 29.9936 44.7193 -12.4786 33.1186
2 24 73.2569 -8.6638 35.4063 70.1319 -9.5368 36.2436
2 24 64.7193 -11.0005 33.1186 67.0069 -10.3887 35.4063
2 24 63.8819 -11.2221 29.9936 64.7193 -11.0005 33.1186
2 24 53.2569 -8.0364 55.4063 55.5446 -8.6469 53.1186
2 24 70.1318 -8.4137 43.7415 73.2568 -7.2763 44.5788
2 24 70.1318 -0.3227 43.7415 73.2568 -0.3227 44.5788
2 24 73.2568 -7.2763 44.5788 75.5444 -5.8532 46.8665
2 24 73.2568 -0.3227 44.5788 75.5444 -0.3227 46.8665
2 24 75.5444 -5.8532 46.8665 76.1688 -5.1977 48.3738
2 24 75.5444 -0.3227 46.8665 76.3818 -0.3227 49.9915
2 24 75.5444 -5.1963 53.1165 76.3818 -5.1964 49.9915
2 24 76.3818 -0.3227 49.9915 75.5444 -0.3227 53.1165
2 24 75.5444 -5.1963 53.1165 73.2568 -5.198 55.4041
2 24 75.5444 -0.3227 53.1165 73.2568 -0.3227 55.4041
2 24 73.2568 -0.3227 55.4041 70.1318 -0.3227 56.2415
2 24 73.2568 -5.198 55.4041 70.1318 -5.1475 56.2415
2 24 70.1318 -5.1475 56.2415 68.5141 -5.1977 56.0285
2 24 64.7191 -7.2292 53.1165 67.0068 -5.8114 55.4041
2 24 64.7191 -0.3227 53.1165 67.0068 -0.3227 55.4041
2 24 64.7191 -7.2292 53.1165 63.8818 -8.3713 49.9915
2 24 64.7191 -0.3227 53.1165 63.8818 -0.3227 49.9915
2 24 63.8818 -8.3713 49.9915 64.7191 -9.0603 46.8665
2 24 63.8818 -0.3227 49.9915 64.7191 -0.3227 46.8665
2 24 64.7191 -9.0603 46.8665 67.0068 -9.0603 44.5913
2 24 64.7191 -0.3227 46.8665 67.0068 -0.3227 44.5788
2 24 70.1318 -8.4137 43.7415 67.0068 -9.0603 44.5913
2 24 70.1318 -0.3227 43.7415 67.0068 -0.3227 44.5788
2 24 63.8819 -11.2221 29.9936 64.7193 -11.0005 33.1186
2 24 63.8819 -0.3227 29.9936 64.7193 -0.3227 33.1186
2 24 64.7193 -11.0005 33.1186 67.0069 -10.3887 35.4063
2 24 64.7193 -0.3227 33.1186 67.0069 -0.3227 35.4063
2 24 67.0069 -10.3887 35.4063 70.1319 -9.5368 36.2436
2 24 67.0069 -0.3227 35.4063 70.1319 -0.3227 36.2436
2 24 70.1319 -9.5368 36.2436 73.2569 -8.6638 35.4063
2 24 70.1319 -0.3227 36.2436 73.2569 -0.3227 35.4063
2 24 73.2569 -8.6638 35.4063 75.5446 -7.9935 33.1186
2 24 73.2569 -0.3227 35.4063 75.5446 -0.3227 33.1186
2 24 76.3819 -7.7515 29.9936 75.5446 -7.9935 33.1186
2 24 76.3819 -0.3227 29.9936 75.5446 -0.3227 33.1186
2 24 56.3819 -12.2659 29.9936 55.5446 -12.2815 33.1186
2 24 56.3819 -0.3227 29.9936 55.5446 -0.3227 33.1186
2 24 55.5446 -12.2815 33.1186 53.2569 -12.3244 35.4063
2 24 55.5446 -0.3227 33.1186 53.2569 -0.3227 35.4063
2 24 53.2569 -12.3244 35.4063 50.1319 -12.3802 36.2436
2 24 53.2569 -0.3227 35.4063 50.1319 -0.3227 36.2436
2 24 50.1319 -12.3802 36.2436 47.0069 -12.4359 35.4063
2 24 50.1319 -0.3227 36.2436 47.0069 -0.3227 35.4063
2 24 47.0069 -12.4359 35.4063 44.7193 -12.4786 33.1186
2 24 47.0069 -0.3227 35.4063 44.7193 -0.3227 33.1186
2 24 43.8819 -12.4945 29.9936 44.7193 -12.4786 33.1186
2 24 43.8819 -0.3227 29.9936 44.7193 -0.3227 33.1186
2 24 53.2569 -8.0364 55.4063 50.1319 -7.8574 56.2436
2 24 53.2569 -0.3227 55.4063 50.1319 -0.3227 56.2436
2 24 50.1319 -7.8574 56.2436 47.0069 -8.1622 55.4063
2 24 50.1319 -0.3227 56.2436 47.0069 -0.3227 55.4063
2 24 47.0069 -8.1622 55.4063 44.7193 -8.8672 53.1186
2 24 47.0069 -0.3227 55.4063 44.7193 -0.3227 53.1186
2 24 44.7193 -8.8672 53.1186 43.8819 -9.7554 49.9936
2 24 44.7193 -0.3227 53.1186 43.8819 -0.3227 49.9936
2 24 43.8819 -9.7554 49.9936 44.7193 -10.5925 46.8686
2 24 43.8819 -0.3227 49.9936 44.7193 -0.3227 46.8686
2 24 44.7193 -10.5925 46.8686 47.0069 -11.1639 44.581
2 24 44.7193 -0.3227 46.8686 47.0069 -0.3227 44.581
2 24 47.0069 -11.1639 44.581 50.1319 -11.3283 43.7436
2 24 47.0069 -0.3227 44.581 50.1319 -0.3227 43.7436
2 24 50.1319 -11.3283 43.7436 53.2569 -11.0437 44.581
2 24 50.1319 -0.3227 43.7436 53.2569 -0.3227 44.581
2 24 53.2569 -0.3227 44.581 55.5446 -0.3227 46.8686
2 24 53.2569 -11.0437 44.581 55.5446 -10.3774 46.8686
2 24 55.5446 -10.3774 46.8686 56.3819 -9.5017 49.9936
2 24 55.5446 -0.3227 46.8686 56.3819 -0.3227 49.9936
2 24 56.3819 -9.5017 49.9936 55.5446 -8.6469 53.1186
2 24 56.3819 -0.3227 49.9936 55.5446 -0.3227 53.1186
2 24 53.2569 -0.3227 55.4063 55.5446 -0.3227 53.1186
2 24 53.2569 -8.0364 55.4063 55.5446 -8.6469 53.1186
2 24 30.1319 -11.2654 43.7436 33.2569 -11.0467 44.581
2 24 30.1319 -0.3227 43.7436 33.2569 -0.3227 44.581
2 24 33.2569 -11.0467 44.581 35.5445 -10.3795 46.8686
2 24 33.2569 -0.3227 44.581 35.5445 -0.3227 46.8686
2 24 35.5445 -10.3795 46.8686 36.3819 -9.5248 49.9936
2 24 35.5445 -0.3227 46.8686 36.3819 -0.3227 49.9936
2 24 36.3819 -9.5248 49.9936 35.5445 -8.6594 53.1186
2 24 36.3819 -0.3227 49.9936 35.5445 -0.3227 53.1186
2 24 35.5445 -8.6594 53.1186 33.2569 -7.9686 55.4063
2 24 35.5445 -0.3227 53.1186 33.2569 -0.3227 55.4063
2 24 33.2569 -7.9686 55.4063 30.1319 -7.7389 56.2436
2 24 33.2569 -0.3227 55.4063 30.1319 -0.3227 56.2436
2 24 36.3819 -12.6188 29.9936 35.5445 -12.6133 33.1186
2 24 36.3819 -0.3227 29.9936 35.5445 -0.3227 33.1186
2 24 35.5445 -0.3227 33.1186 33.2569 -0.3227 35.4063
2 24 35.5445 -12.6133 33.1186 33.2569 -12.5982 35.4063
2 24 33.2569 -12.5982 35.4063 30.1319 -12.5776 36.2436
2 24 33.2569 -0.3227 35.4063 30.1319 -0.3227 36.2436
2 24 82.2791 0 45.9169 82.2791 -5.25 45.9169
2 24 82.2791 0 45.9169 80.6867 0 48.8067
2 24 80.5903 -5.25 48.9633 82.2791 -5.25 45.9169
2 24 58.2569 -0.3227 29.9936 57.1684 -0.3227 34.0561
2 24 58.2569 -12.1076 29.9936 57.1684 -12.1076 34.0561
2 24 57.1684 -12.1076 34.0561 54.1944 -12.1076 37.0301
2 24 57.1684 -0.3227 34.0561 54.1944 -0.3227 37.0301
2 24 54.1944 -0.3227 37.0301 50.1319 -0.3227 38.1186
2 24 54.1944 -12.1076 37.0301 50.1319 -12.1076 38.1186
2 24 50.1319 -0.3227 38.1186 46.0694 -0.3227 37.0301
2 24 50.1319 -12.1076 38.1186 46.0694 -12.2251 37.0301
2 24 46.0694 -0.3227 37.0301 43.0955 -0.3227 34.0561
2 24 46.0694 -12.2251 37.0301 43.0955 -12.4602 34.0561
2 24 42.0069 -0.3227 29.9936 43.0955 -0.3227 34.0561
2 24 42.0069 -12.5777 29.9936 43.0955 -12.4602 34.0561
2 24 30.1319 -0.3227 38.1186 34.1944 -0.3227 37.0301
2 24 30.1319 -12.1076 38.1186 34.1944 -12.2251 37.0301
2 24 34.1944 -12.2251 37.0301 37.1683 -12.4602 34.0561
2 24 34.1944 -0.3227 37.0301 37.1683 -0.3227 34.0561
2 24 38.2569 -0.3227 29.9936 37.1683 -0.3227 34.0561
2 24 38.2569 -12.5777 29.9936 37.1683 -12.4602 34.0561
2 24 46.0694 -0.3227 57.0301 43.0955 -0.3227 54.0561
2 24 46.0694 -7.3758 57.0301 43.0955 -8.4864 54.0561
2 24 46.0694 -0.3227 57.0301 50.1319 -0.3227 58.1186
2 24 46.0694 -7.3758 57.0301 50.1319 -6.9347 58.1186
2 24 50.1319 -0.3227 58.1186 54.1944 -0.3227 57.0301
2 24 50.1319 -6.9347 58.1186 54.1944 -7.2545 57.0301
2 24 54.1944 -7.2545 57.0301 57.1684 -8.1241 54.0561
2 24 54.1944 -0.3227 57.0301 57.1684 -0.3227 54.0561
2 24 57.1684 -0.3227 54.0561 58.2569 -0.3227 49.9936
2 24 57.1684 -8.1241 54.0561 58.2569 -9.3022 49.9936
2 24 58.2569 -0.3227 49.9936 57.1684 -0.3227 45.9311
2 24 58.2569 -9.3022 49.9936 57.1684 -10.4694 45.9311
2 24 57.1684 -0.3227 45.9311 54.1944 -0.3227 42.9572
2 24 57.1684 -10.4694 45.9311 54.1944 -11.3172 42.9572
2 24 54.1944 -0.3227 42.9572 50.1319 -0.3227 41.8686
2 24 54.1944 -11.3172 42.9572 50.1319 -11.6261 41.8686
2 24 50.1319 -0.3227 41.8686 46.0694 -0.3227 42.9572
2 24 50.1319 -11.6261 41.8686 46.0694 -11.4362 42.9572
2 24 46.0694 -0.3227 42.9572 43.0955 -0.3227 45.9311
2 24 46.0694 -11.4362 42.9572 43.0955 -10.8277 45.9311
2 24 43.0955 -0.3227 45.9311 42.0069 -0.3227 49.9936
2 24 43.0955 -10.8277 45.9311 42.0069 -9.7825 49.9936
2 24 43.0955 -0.3227 54.0561 42.0069 -0.3227 49.9936
2 24 43.0955 -8.4864 54.0561 42.0069 -9.7825 49.9936
2 24 75.5444 -5.8532 46.8665 73.2568 -7.2763 44.5788
2 24 70.1318 -8.4137 43.7415 67.0068 -9.0603 44.5913
2 24 67.0068 -9.0603 44.5913 64.7191 -9.0603 46.8665
2 24 64.7191 -9.0603 46.8665 63.8818 -8.3713 49.9915
2 24 67.0068 -5.8114 55.4041 64.7191 -7.2292 53.1165
2 24 77.1601 -7.2545 34.0561 78.2487 -6.9347 29.9936
2 24 81.6042 -5.25 34.8416 81.9318 -5.25 30
2 24 74.1862 -8.1241 37.0301 77.1601 -7.2545 34.0561
2 24 81.6042 -5.25 34.8416 79.9826 -5.25 41.1044
2 24 74.1943 -7.2584 42.9572 77.1682 -5.4031 45.9311
2 24 34.1944 -0.3227 57.0301 30.1319 -0.3227 58.1186
2 24 30.1319 -5.7115 58.1186 33.8478 -6.0559 57.1229
2 24 39.6049 -5.25 66.0125 30 -5.25 66.0125
2 24 57.8997 -4.7962 66.0125 61.972 -5.25 66.0125
2 24 61.972 -5.25 66.0125 63.6251 -5.25 65.1804
2 24 63.6251 -5.25 65.1804 64.9695 -5.25 63.9085
2 24 64.9695 -5.25 63.9085 65.892 -5.25 62.3041
2 24 65.0884 0 63.9085 65.892 0 62.3041
2 24 65.892 -5.25 62.3041 65.892 0 62.3041
2 24 65.0884 0 63.9085 64.2773 0 65.1804
2 24 64.9695 -5.25 63.9085 63.6251 -5.25 65.1804
2 24 61.972 -5.25 66.0125 63.0803 0.0023 66.0125
2 24 63.6251 -5.25 65.1804 61.972 -5.25 66.0125
2 24 64.2773 0 65.1804 63.0803 0.0023 66.0125
2 24 61.972 -5.25 66.0125 57.8997 -4.7962 66.0125
2 24 61.972 -5.25 66.0125 63.0803 0.0023 66.0125
2 24 57.8997 -4.7962 66.0125 57.1766 -0.0066 66.0125
2 24 63.0803 0.0023 66.0125 57.1766 -0.0066 66.0125
2 24 57.1766 -0.0066 66.0125 57.8997 -4.7962 66.0125
2 24 57.1766 -0.0066 66.0125 56.4368 -0.006 65.4155
2 24 57.8997 -4.7962 66.0125 56.5433 -5.25 65.4056
2 24 56.4368 -0.006 65.4155 56.5433 -5.25 65.4056
2 24 49.975 0 66.0125 56.4368 -0.006 65.4155
2 24 56.4368 -0.006 65.4155 56.5433 -5.25 65.4056
2 24 49.975 -5.25 66.0125 56.5433 -5.25 65.4056
2 24 49.975 0 66.0125 39.6049 0 66.0125
2 24 49.975 -5.25 66.0125 39.6049 -5.25 66.0125
2 24 39.6049 0 66.0125 30 0 66.0125
2 24 39.6049 -5.25 66.0125 30 -5.25 66.0125
2 24 70.4847 -3.8512 59.6016 70.9354 -4.8514 59.2842
2 24 70.9354 -4.8514 59.2842 71.8025 -5.25 58.6437
2 24 68.9535 -5.25 60.6058 71.8025 -5.25 58.6437
2 24 79.28 -4.8514 50.9312 79.597 -3.8512 50.4802
2 24 79.795 -1.3988 50.1908 79.597 -3.8512 50.4802
2 24 85.0674 -4.8 48.7439 84.0115 -4.8 50.5565
2 24 78.2568 -5.1977 49.9936 77.1682 -5.1977 54.0561
2 24 80.5903 -5.25 48.9633 78.6403 -5.25 51.7991
2 24 55.5446 -8.6469 53.1186 56.3819 -9.5017 49.9936
2 24 56.3819 -9.5017 49.9936 55.5446 -10.3774 46.8686
2 24 55.5446 -10.3774 46.8686 53.2569 -11.0437 44.581
2 24 53.2569 -11.0437 44.581 50.1319 -11.3283 43.7436
2 24 53.2569 -8.0364 55.4063 50.1319 -7.8574 56.2436
2 24 47.0069 -11.1639 44.581 44.7193 -10.5925 46.8686
2 24 44.7193 -10.5925 46.8686 43.8819 -9.7554 49.9936
2 24 43.8819 -9.7554 49.9936 44.7193 -8.8672 53.1186
2 24 44.7193 -8.8672 53.1186 47.0069 -8.1622 55.4063
2 24 50.1319 -11.3283 43.7436 47.0069 -11.1639 44.581
2 24 50.1319 -7.8574 56.2436 47.0069 -8.1622 55.4063
2 24 85.9875 0 30 85.3684 0 36.6489
2 24 90.1318 0 30 89.1822 0 36.4999
2 24 85.3684 0 36.6489 85.9875 0 37.978
2 24 85.9875 0 37.978 85.9875 0 41.997
2 24 89.1822 0 36.4999 87.4476 0 43.1698
2 24 85.9875 0 41.997 85.1554 0 43.6501
2 24 65.892 0 62.3041 68.8127 0 60.6927
2 24 67.5054 0 65.6895 71.5319 0 63.4119
2 24 68.8127 0 60.6927 69.7349 -0.3986 60.1072
2 24 71.5319 0 63.4119 72.4376 -0.3986 62.8099
2 24 69.7349 -0.3986 60.1072 70.1956 -1.3988 59.7998
2 24 72.4376 -0.3986 62.8099 72.8907 -1.3988 62.495
2 24 70.1956 -1.3988 59.7998 70.4847 -3.8512 59.6016
2 24 72.8907 -1.3988 62.495 73.1755 -3.8512 62.2923
2 24 70.4847 -3.8512 59.6016 70.9354 -4.8514 59.2842
2 24 73.1755 -3.8512 62.2923 73.5844 -4.8 62.013
2 24 71.8025 -5.25 58.6437 70.9354 -4.8514 59.2842
2 24 73.5844 -4.8 62.013 73.955 -5.25 60.7962
2 24 73.955 -5.25 60.7962 74.7515 -5.25 60.1598
2 24 74.7515 -5.25 60.1598 77.5885 -5.25 57.5885
2 24 77.5885 -5.25 57.5885 80.1598 -5.25 54.7515
2 24 74.1943 -5.1977 57.0301 77.1682 -5.1977 54.0561
2 24 80.1598 -5.25 54.7515 80.7962 -5.25 53.955
2 24 78.6403 -5.25 51.7991 79.28 -4.8514 50.9312
2 24 80.7962 -5.25 53.955 82.013 -4.8 53.5844
2 24 82.013 -4.8 53.5844 82.2882 -3.8512 53.1714
2 24 79.28 -4.8514 50.9312 79.597 -3.8512 50.4802
2 24 82.2882 -3.8512 53.1714 82.4907 -1.3988 52.8864
2 24 79.597 -3.8512 50.4802 79.795 -1.3988 50.1908
2 24 82.4907 -1.3988 52.8864 82.8052 -0.3986 52.4329
2 24 79.795 -1.3988 50.1908 80.102 -0.3986 49.7297
2 24 83.4065 0 51.5265 82.8052 -0.3986 52.4329
2 24 80.6867 0 48.8067 80.102 -0.3986 49.7297
2 24 65.892 0 62.3041 65.0884 0 63.9085
2 24 65.0884 0 63.9085 64.2773 0 65.1804
2 24 49.975 0 69.9936 57.1965 0 69.1012
2 24 49.975 0 66.0125 56.4368 -0.006 65.4155
2 24 49.975 0 69.9936 39.6049 0 69.9936
2 24 49.975 0 66.0125 39.6049 0 66.0125
2 24 39.6049 0 69.9936 30 0 69.9936
2 24 39.6049 0 66.0125 30 0 66.0125
2 24 56.4368 -0.006 65.4155 57.1766 -0.0066 66.0125
2 24 82.2791 0 45.9169 83.8835 0 44.9945
2 24 85.3684 -5.25 36.6489 85.3684 0 36.6489
2 24 85.9875 -5.25 30 85.3684 -5.25 36.6489
2 24 85.9875 0 30 85.3684 0 36.6489
2 24 85.3684 -5.25 36.6489 85.9875 -5.25 37.978
2 24 85.3684 -5.25 36.6489 85.3684 0 36.6489
2 24 85.9875 -5.25 37.978 85.9875 0 37.978
2 24 85.3684 0 36.6489 85.9875 0 37.978
2 24 83.8835 -5.25 44.9945 85.1554 -5.25 43.6501
2 24 83.8835 0 44.9945 85.1554 0 43.6501
2 24 80.102 -0.3986 49.7297 80.6867 0 48.8067
2 24 85.9875 -5.25 41.997 85.1554 -5.25 43.6501
2 24 83.8835 -5.25 44.9945 85.1554 -5.25 43.6501
2 24 61.9987 -0.3227 29.9936 63.0872 -0.3227 34.0561
2 24 61.9987 -11.6261 29.9936 63.0872 -11.3172 34.0561
2 24 63.0872 -0.3227 34.0561 66.0612 -0.3227 37.0301
2 24 63.0872 -11.3172 34.0561 66.0612 -10.4694 37.0301
2 24 66.0612 -0.3227 37.0301 70.1237 -0.3227 38.1186
2 24 66.0612 -10.4694 37.0301 70.1237 -9.3022 38.1186
2 24 70.1237 -0.3227 38.1186 74.1862 -0.3227 37.0301
2 24 70.1237 -9.3022 38.1186 74.1862 -8.1241 37.0301
2 24 74.1862 -0.3227 37.0301 77.1601 -0.3227 34.0561
2 24 74.1862 -8.1241 37.0301 77.1601 -7.2545 34.0561
2 24 78.2487 -0.3227 29.9936 77.1601 -0.3227 34.0561
2 24 78.2487 -6.9347 29.9936 77.1601 -7.2545 34.0561
2 24 77.1682 -0.3227 54.0561 78.2568 -0.3227 49.9936
2 24 77.1682 -5.1977 54.0561 78.2568 -5.1977 49.9936
2 24 77.1682 -0.3227 45.9311 74.1943 -0.3227 42.9572
2 24 77.1682 -5.4031 45.9311 74.1943 -7.2584 42.9572
2 24 74.1943 -0.3227 42.9572 70.1318 -0.3227 41.8686
2 24 74.1943 -7.2584 42.9572 70.1318 -8.7759 41.8686
2 24 70.1318 -0.3227 41.8686 66.0693 -0.3227 42.9572
2 24 70.1318 -8.7759 41.8686 66.0693 -9.6451 42.9572
2 24 66.0693 -0.3227 42.9572 63.0953 -0.3227 45.9311
2 24 66.0693 -9.6451 42.9572 63.0953 -9.6443 45.9311
2 24 63.0953 -0.3227 45.9311 62.0068 -0.3227 49.9936
2 24 63.0953 -9.6443 45.9311 62.0068 -8.7759 49.9936
2 24 62.0068 -0.3227 49.9936 63.0953 -0.3227 54.0561
2 24 62.0068 -8.7759 49.9936 63.0953 -7.2637 54.0561
2 24 66.0693 -5.4043 57.0301 66.8947 -5.1962 57.2266
2 24 70.1318 -0.3227 58.1186 66.0693 -0.3227 57.0301
2 24 70.1318 -5.1977 58.1186 66.8947 -5.1962 57.2266
2 24 39.6049 -4.8 69.9936 30 -4.8 69.9936
2 24 39.6049 -4.8 69.9936 49.975 -4.8 69.9936
2 24 49.975 -4.8 69.9936 57.1965 -4.8 69.1012
2 24 57.1965 -4.8 69.1012 65.3483 -4.7477 66.7294
2 24 70.6868 -4.8 63.9423 65.3483 -4.7477 66.7294
2 24 77.5885 -5.25 57.5885 74.7515 -5.25 60.1598
2 24 84.0115 -4.8 50.5565 82.013 -4.8 53.5844
2 24 80.7962 -5.25 53.955 82.013 -4.8 53.5844
2 24 82.2882 -3.8512 53.1714 82.4907 -1.3988 52.8864
2 24 82.4907 -1.3988 52.8864 82.8052 -0.3986 52.4329
2 24 82.8052 -0.3986 52.4329 83.4065 0 51.5265
2 24 82.2882 -3.8512 6.8286 82.013 -4.8 6.4156
2 24 84.0115 -4.8 9.4435 82.013 -4.8 6.4156
2 24 73.1755 -3.8512 62.2923 72.8907 -1.3988 62.495
2 24 72.8907 -1.3988 62.495 72.4376 -0.3986 62.8099
2 24 72.4376 -0.3986 62.8099 71.5319 0 63.4119
2 24 71.5319 0 63.4119 67.5054 0 65.6895
2 24 70.6868 -4.8 63.9423 65.3483 -4.7477 66.7294
2 24 67.5054 0 65.6895 62.4549 0 67.7096
2 24 65.3483 -4.7477 66.7294 57.1965 -4.8 69.1012
2 24 62.4549 0 67.7096 57.1965 0 69.1012
2 24 57.1965 -4.8 69.1012 49.975 -4.8 69.9936
2 24 57.1965 0 69.1012 49.975 0 69.9936
2 24 49.975 0 69.9936 39.6049 0 69.9936
2 24 49.975 -4.8 69.9936 39.6049 -4.8 69.9936
2 24 39.6049 -4.8 69.9936 30 -4.8 69.9936
2 24 39.6049 0 69.9936 30 0 69.9936
2 24 85.0674 -4.8 48.7439 87.4476 -4.8 43.1698
2 24 89.4038 -4.8 36.6695 90.1318 -4.8 30
2 24 89.4056 -4.8 23.2145 87.4507 -4.8 16.6206
2 24 87.4507 -4.8 16.6206 85.0674 -4.8 11.2561
2 24 84.0115 -4.8 9.4435 85.0674 -4.8 11.2561
2 24 39.6049 -4.8 -10.0064 30 -4.8 -10.0064
2 24 39.6049 -4.8 -10.0064 49.975 -4.8 -10.0064
2 24 49.975 -4.8 -10.0064 57.1965 -4.8 -9.1012
2 24 57.1965 -4.8 -9.1012 65.3483 -4.7477 -6.7421
2 24 65.3483 -4.7477 -6.7421 70.6868 -4.8 -3.9423
2 24 70.6868 -4.8 -3.9423 73.5844 -4.8 -2.013
2 24 73.5844 -4.8 -2.013 73.955 -5.25 -0.7962
2 24 84.0115 -4.8 50.5565 82.013 -4.8 53.5844
2 24 82.2882 -3.8512 53.1714 82.013 -4.8 53.5844
2 24 83.4065 0 51.5265 85.0674 0 48.7439
2 24 84.0115 -4.8 50.5565 85.0674 -4.8 48.7439
2 24 85.0674 -4.8 48.7439 87.4476 -4.8 43.1698
2 24 85.0674 0 48.7439 87.4476 0 43.1698
2 24 87.4476 0 43.1698 89.1822 0 36.4999
2 24 87.4476 -4.8 43.1698 89.4038 -4.8 36.6695
2 24 89.4038 -4.8 36.6695 90.1318 -4.8 30
2 24 89.1822 0 36.4999 90.1318 0 30
2 24 73.2568 -0.3227 44.5788 75.5444 -0.3227 46.8665
2 24 74.1943 -0.3227 42.9572 77.1682 -0.3227 45.9311
2 24 74.1943 -0.3227 42.9572 70.1318 -0.3227 41.8686
2 24 73.2568 -0.3227 44.5788 70.1318 -0.3227 43.7415
2 24 70.1318 -0.3227 41.8686 66.0693 -0.3227 42.9572
2 24 70.1318 -0.3227 43.7415 67.0068 -0.3227 44.5788
2 24 66.0693 -0.3227 42.9572 63.0953 -0.3227 45.9311
2 24 67.0068 -0.3227 44.5788 64.7191 -0.3227 46.8665
2 24 63.0953 -0.3227 45.9311 62.0068 -0.3227 49.9936
2 24 64.7191 -0.3227 46.8665 63.8818 -0.3227 49.9915
2 24 62.0068 -0.3227 49.9936 63.0953 -0.3227 54.0561
2 24 63.8818 -0.3227 49.9915 64.7191 -0.3227 53.1165
2 24 63.0953 -0.3227 54.0561 66.0693 -0.3227 57.0301
2 24 64.7191 -0.3227 53.1165 67.0068 -0.3227 55.4041
2 24 66.0693 -0.3227 57.0301 70.1318 -0.3227 58.1186
2 24 67.0068 -0.3227 55.4041 70.1318 -0.3227 56.2415
2 24 70.1318 -0.3227 58.1186 74.1943 -0.3227 57.0301
2 24 70.1318 -0.3227 56.2415 73.2568 -0.3227 55.4041
2 24 73.2568 -0.3227 55.4041 75.5444 -0.3227 53.1165
2 24 74.1943 -0.3227 57.0301 77.1682 -0.3227 54.0561
2 24 75.5444 -0.3227 53.1165 76.3818 -0.3227 49.9915
2 24 77.1682 -0.3227 54.0561 78.2568 -0.3227 49.9936
2 24 75.5444 -0.3227 46.8665 76.3818 -0.3227 49.9915
2 24 77.1682 -0.3227 45.9311 78.2568 -0.3227 49.9936
2 24 77.3862 -5.1958 46.7115 78.2568 -5.1977 49.9936
2 24 78.2568 -0.3227 49.9936 77.1682 -0.3227 45.9311
2 24 78.2568 -5.1977 49.9936 77.3862 -5.1958 46.7115
2 24 78.2568 -0.3227 9.9936 77.1682 -0.3227 14.0561
2 24 78.2568 -5.1977 9.9936 77.3749 -5.1956 13.2509
2 24 75.5444 -0.3227 13.1208 76.3438 -0.3231 9.9861
2 24 77.1682 -0.3227 14.0561 78.2568 -0.3227 9.9936
2 24 33.7317 0 -4.445 33.7317 -2 -4.445
2 24 36.9906 0 -6.0125 33.7317 0 -4.445
2 24 33.2043 0 -5.8708 33.7317 0 -4.445
2 24 36.9906 0 -6.0125 33.7317 0 -4.445
2 24 32.2179 -5.2509 -1.9708 30 -5.25 -1.975
2 24 31.8456 -5.25 -4.0274 30 -5.25 -3.875
2 24 31.8456 -5.25 -4.0274 30 -5.25 -3.875
2 24 31.2344 -1.2575 -3.9361 30 -1.2575 -3.875
2 24 36.9906 -5.25 -6.0125 31.8456 -5.25 -4.0274
2 24 33.7317 -2 -4.445 32.5047 -2 -4.1285
2 24 31.9912 -1.2575 -4.0346 32.5047 -2 -4.1285
2 24 31.9912 -1.2575 -4.0346 31.7734 -1.2575 -4.7944
2 24 32.5047 -2 -4.1285 32.235 -2 -5.0337
2 24 30.9112 -1.2376 -5.6533 31.7734 -1.2575 -4.7944
2 24 31.2344 -1.2575 -3.9361 31.9912 -1.2575 -4.0346
2 24 31.7734 -1.2575 -4.7944 31.9912 -1.2575 -4.0346
2 24 31.8316 0 -7.1601 30 0 -7.6744
2 24 31.7971 -2 -7.1718 30 -2 -7.65
2 24 30.9112 -1.2376 -5.6533 30 -1.2575 -5.8709
2 24 31.125 -2 -6.12 30 -2 -6.3891
2 24 31.2344 -1.2575 -3.9361 31.9912 -1.2575 -4.0346
2 24 32.5047 -2 -4.1285 31.9912 -1.2575 -4.0346
2 24 31.2344 -1.2575 -3.9361 30 -1.2575 -3.875
2 24 30.9112 -1.2376 -5.6533 30 -1.2575 -5.8709
2 24 31.7971 -2 -7.1718 33.2043 -2 -5.8708
2 24 31.125 -2 -6.12 32.235 -2 -5.0337
2 24 31.7971 -2 -7.1718 33.2043 -2 -5.8708
2 24 31.8316 0 -7.1601 33.2043 0 -5.8708
2 24 33.7317 -2 -4.445 33.7317 0 -4.445
2 24 33.2043 -2 -5.8708 33.7317 -2 -4.445
2 24 33.2043 0 -5.8708 33.7317 0 -4.445
2 24 32.5047 -2 -4.1285 33.7317 -2 -4.445
2 24 32.235 -2 -5.0337 32.5047 -2 -4.1285
2 24 33.2043 -2 -5.8708 33.7317 -2 -4.445
2 24 32.235 -2 -5.0337 31.125 -2 -6.12
2 24 31.7734 -1.2575 -4.7944 30.9112 -1.2376 -5.6533
2 24 31.125 -2 -6.12 30 -2 -6.3891
2 24 31.7971 -2 -7.1718 30 -2 -7.65
2 24 73.2569 -8.6638 35.4063 75.5446 -7.9935 33.1186
2 24 70.1319 -9.5368 36.2436 67.0069 -10.3887 35.4063
2 24 75.5446 -7.9935 26.8686 73.2569 -8.6638 24.581
2 24 76.3819 -7.7515 29.9936 75.5446 -7.9935 33.1186
2 24 50.1319 -12.3802 36.2436 47.0069 -12.4359 35.4063
2 24 53.2569 -12.3244 35.4063 55.5446 -12.2815 33.1186
2 24 55.5446 -12.2815 26.8686 53.2569 -12.3244 24.581
2 24 56.3819 -12.2659 29.9936 55.5446 -12.2815 33.1186
2 24 33.2569 -11.0467 44.581 35.5445 -10.3795 46.8686
2 24 35.5445 -10.3795 46.8686 36.3819 -9.5248 49.9936
2 24 36.3819 -9.5248 49.9936 35.5445 -8.6594 53.1186
2 24 33.2569 -7.9686 55.4063 35.5445 -8.6594 53.1186
2 24 30.1319 -7.7382 3.7436 33.2569 -8.0489 4.581
2 24 35.5445 -8.8037 6.8686 33.2569 -8.0489 4.581
2 24 36.3819 -12.6188 29.9936 35.5445 -12.6133 33.1186
2 24 35.5445 -12.6133 33.1186 33.2569 -12.5982 35.4063
2 24 33.2569 -12.5982 35.4063 30.1319 -12.5776 36.2436
2 24 71.8025 -5.25 58.6437 68.9535 -5.25 60.6058
2 24 65.892 -5.25 62.3041 64.9695 -5.25 63.9085
2 24 66.8947 -5.1962 57.2266 61.0901 -5.25 59.9442
2 24 57.1965 0 69.1012 62.4549 0 67.7096
2 24 57.1766 -0.0066 66.0125 63.0803 0.0023 66.0125
2 24 85.9875 0 22.022 85.3684 0 23.3511
2 24 82.2791 0 14.0831 80.6867 0 11.1933
2 24 85.0674 0 11.2561 83.4065 0 8.4735
2 24 85.1554 0 43.6501 83.8835 0 44.9945
2 24 85.0674 0 48.7439 87.4476 0 43.1698
2 24 69.7349 -0.3986 60.1072 70.1956 -1.3988 59.7998
2 24 69.7349 -0.3986 60.1072 68.8127 0 60.6927
2 24 70.4847 -3.8512 59.6016 70.1956 -1.3988 59.7998
2 24 68.9535 -5.25 60.6058 65.892 -5.25 62.3041
2 24 65.892 -5.25 62.3041 65.892 0 62.3041
2 24 68.8127 0 60.6927 65.892 0 62.3041
2 24 79.9826 -5.25 18.8957 77.3749 -5.1956 13.2509
2 24 74.7515 -5.25 -0.1598 73.955 -5.25 -0.7962
2 24 73.955 -5.25 60.7962 74.7515 -5.25 60.1598
2 24 73.2568 -7.2763 44.5788 70.1318 -8.4137 43.7415
2 24 63.8818 -8.3713 49.9915 64.7191 -7.2292 53.1165
2 24 75.5444 -5.1963 53.1165 76.3818 -5.1964 49.9915
2 24 73.2568 -5.198 55.4041 70.1318 -5.1475 56.2415
2 24 70.1318 -8.4137 16.2458 67.0068 -9.0603 15.396
2 24 64.7191 -9.0603 13.1208 63.8818 -8.3713 9.9958
2 24 73.2568 -5.198 4.5831 70.1318 -5.1475 3.7458
2 24 75.5444 -5.1963 6.8708 76.3438 -5.1963 9.9861
2 24 34.1944 -7.4637 2.9572 30.1319 -6.9738 1.8686
2 24 32.2179 -5.2509 -1.9708 30 -5.25 -1.975
2 24 77.1601 -7.2545 25.9311 78.2487 -6.9347 29.9936
2 24 81.2587 -5.25 24.4933 81.9318 -5.25 30
2 24 80.1598 -5.25 54.7515 80.7962 -5.25 53.955
2 24 -17.993 -5.1977 9.9936 -16.9045 -5.1977 5.9311
2 24 -18.6403 -5.25 8.2009 -19.28 -4.8514 9.0688
2 24 -20.5903 -5.25 11.0368 -18.6403 -5.25 8.2009
2 24 -13.9224 -8.1241 22.9572 -16.8964 -7.2545 25.9311
2 24 -19.9826 -5.25 18.8957 -21.2587 -5.25 24.4933
2 24 -11.8025 -5.25 1.3563 -10.1731 -5.25 0.2341
2 24 -4.9695 -5.25 -3.9085 -5.8919 -5.25 -2.3041
2 24 -5.0884 0 -3.9085 -5.8919 0 -2.3041
2 24 -5.8919 -5.25 -2.3041 -5.8919 0 -2.3041
2 24 -7.5054 0 -5.6895 -2.4549 0 -7.7096
2 24 -4.2772 0 -5.1804 -3.0802 0.0023 -6.0125
2 24 -4.2772 0 -5.1804 -5.0884 0 -3.9085
2 24 -10.1956 -1.3988 0.2002 -9.7349 -0.3986 -0.1072
2 24 -22.8052 -0.3986 7.5671 -22.4907 -1.3988 7.1136
2 24 -20.6867 0 11.1933 -20.102 -0.3986 10.2703
2 24 -22.2791 0 14.0831 -23.8835 0 15.0055
2 24 -20.1598 -5.25 5.2485 -20.7962 -5.25 6.045
2 24 -23.8835 -5.25 15.0055 -25.1554 -5.25 16.3499
2 24 -25.1554 -5.25 16.3499 -23.8835 -5.25 15.0055
2 24 -25.1554 0 16.3499 -23.8835 0 15.0055
2 24 3.4568 -5.25 -5.4056 10.025 -5.25 -6.0125
2 24 3.4568 -5.25 -5.4056 3.5633 -0.006 -5.4155
2 24 3.5633 -0.006 -5.4155 10.025 0 -6.0125
2 24 -2.8235 -11.3172 25.9311 -5.7974 -10.4694 22.9572
2 24 3.0954 -12.1076 25.9311 2.0068 -12.1076 29.9936
2 24 -2.8235 -11.3172 25.9311 -1.7349 -11.6261 29.9936
2 24 30.1319 -0.3227 18.1186 26.0694 -0.3227 17.0301
2 24 30.1319 -11.6261 18.1186 26.0694 -11.4362 17.0301
2 24 26.0694 -0.3227 17.0301 23.0954 -0.3227 14.0561
2 24 26.0694 -11.4362 17.0301 23.0954 -10.8277 14.0561
2 24 23.0954 -0.3227 14.0561 22.0069 -0.3227 9.9936
2 24 23.0954 -10.8277 14.0561 22.0069 -9.7825 9.9936
2 24 23.0954 -0.3227 25.9311 22.0069 -0.3227 29.9936
2 24 23.0954 -12.4602 25.9311 22.0069 -12.5777 29.9936
2 24 30.1319 -0.3227 21.8686 26.0694 -0.3227 22.9572
2 24 30.1319 -12.1076 21.8686 26.0694 -12.2251 22.9572
2 24 -16.9045 -0.3227 5.9311 -17.993 -0.3227 9.9936
2 24 -16.9045 -5.1977 5.9311 -17.993 -5.1977 9.9936
2 24 26.0694 -11.4362 17.0301 23.0954 -10.8277 14.0561
2 24 -1.972 -5.25 -6.0125 -3.6251 -5.25 -5.1804
2 24 -3.6251 -5.25 -5.1804 -4.9695 -5.25 -3.9085
2 24 0.4285 -5.25 -0.5066 -2.6087 -5.25 0.6183
2 24 -4.9695 -5.25 -3.9085 -5.8919 -5.25 -2.3041
2 24 -11.8025 -5.25 1.3563 -10.9354 -4.8514 0.7158
2 24 -13.955 -5.25 -0.7962 -13.5844 -4.8 -2.013
2 24 -22.013 -4.8 6.4156 -20.7962 -5.25 6.045
2 24 -18.6403 -5.25 8.2009 -19.28 -4.8514 9.0688
2 24 -13.955 -5.25 -0.7962 -14.7515 -5.25 -0.1598
2 24 -14.7515 -5.25 -0.1598 -17.5885 -5.25 2.4115
2 24 -20.7962 -5.25 6.045 -20.1598 -5.25 5.2485
2 24 -16.9045 -5.1977 5.9311 -13.9305 -5.1977 2.9572
2 24 -17.5885 -5.25 2.4115 -20.1598 -5.25 5.2485
2 24 3.4568 -5.25 -5.4056 2.0318 -5.2501 -6.0125
2 24 0.4285 -5.25 -0.5066 3.5639 -5.25 -1.3184
2 24 3.4568 -5.25 -5.4056 10.025 -5.25 -6.0125
2 24 3.5639 -5.25 -1.3184 10 -5.25 -1.9729
2 24 10.025 -5.25 -6.0125 23.0094 -5.25 -6.0125
2 24 10 -5.25 -1.9729 17.0728 -5.25 -1.9729
2 24 0.4285 -5.25 -0.5066 -2.6087 -5.25 0.6183
2 24 26.0694 -12.2251 22.9572 23.0954 -12.4602 25.9311
2 24 10.1318 -0.3227 1.8686 6.0693 -0.3227 2.9572
2 24 10.1318 -6.9347 1.8686 6.0693 -7.2545 2.9572
2 24 10.1318 -6.9347 1.8686 14.1943 -7.3758 2.9572
2 24 10.1318 -0.3227 1.8686 14.1943 -0.3227 2.9572
2 24 14.1943 -7.3758 2.9572 17.1683 -8.4864 5.9311
2 24 14.1943 -0.3227 2.9572 17.1683 -0.3227 5.9311
2 24 17.1683 -8.4864 5.9311 18.2568 -9.7825 9.9936
2 24 17.1683 -0.3227 5.9311 18.2568 -0.3227 9.9936
2 24 18.2568 -9.7825 9.9936 17.1683 -10.8277 14.0561
2 24 18.2568 -0.3227 9.9936 17.1683 -0.3227 14.0561
2 24 17.1683 -10.8277 14.0561 14.1943 -11.4362 17.0301
2 24 17.1683 -0.3227 14.0561 14.1943 -0.3227 17.0301
2 24 14.1943 -11.4362 17.0301 10.1318 -11.6261 18.1186
2 24 14.1943 -0.3227 17.0301 10.1318 -0.3227 18.1186
2 24 10.1318 -0.3227 18.1186 6.0693 -0.3227 17.0301
2 24 10.1318 -11.6261 18.1186 6.0693 -11.3172 17.0301
2 24 6.0693 -0.3227 17.0301 3.0954 -0.3227 14.0561
2 24 6.0693 -11.3172 17.0301 3.0954 -10.4694 14.0561
2 24 3.0954 -0.3227 14.0561 2.0068 -0.3227 9.9936
2 24 3.0954 -10.4694 14.0561 2.0068 -9.3022 9.9936
2 24 2.0068 -0.3227 9.9936 3.0954 -0.3227 5.9311
2 24 2.0068 -9.3022 9.9936 3.0954 -8.1241 5.9311
2 24 6.0693 -7.2545 2.9572 3.0954 -8.1241 5.9311
2 24 6.0693 -0.3227 2.9572 3.0954 -0.3227 5.9311
2 24 -9.8599 -9.3022 21.8686 -13.9224 -8.1241 22.9572
2 24 -9.8599 -0.3227 21.8686 -13.9224 -0.3227 22.9572
2 24 -9.8599 -9.3022 21.8686 -5.7974 -10.4694 22.9572
2 24 -9.8599 -0.3227 21.8686 -5.7974 -0.3227 22.9572
2 24 -5.7974 -10.4694 22.9572 -2.8235 -11.3172 25.9311
2 24 -5.7974 -0.3227 22.9572 -2.8235 -0.3227 25.9311
2 24 -2.8235 -11.3172 25.9311 -1.7349 -11.6261 29.9936
2 24 -2.8235 -0.3227 25.9311 -1.7349 -0.3227 29.9936
2 24 -16.8964 -7.2545 25.9311 -17.9849 -6.9347 29.9936
2 24 -16.8964 -0.3227 25.9311 -17.9849 -0.3227 29.9936
2 24 -13.9224 -0.3227 22.9572 -16.8964 -0.3227 25.9311
2 24 -13.9224 -8.1241 22.9572 -16.8964 -7.2545 25.9311
2 24 -5.8055 -0.3227 2.9572 -9.868 -0.3227 1.8686
2 24 -6.5765 -5.1962 2.7426 -9.868 -5.1977 1.8686
2 24 -6.5765 -5.1962 2.7426 -5.8055 -5.2278 2.9572
2 24 -1.743 -8.7759 9.9936 -2.8316 -7.2637 5.9311
2 24 -1.743 -0.3227 9.9936 -2.8316 -0.3227 5.9311
2 24 -1.743 -8.7759 9.9936 -2.8316 -9.6443 14.0561
2 24 -1.743 -0.3227 9.9936 -2.8316 -0.3227 14.0561
2 24 -2.8316 -0.3227 14.0561 -5.8055 -0.3227 17.0301
2 24 -2.8316 -9.6443 14.0561 -5.8055 -9.6451 17.0301
2 24 -5.8055 -0.3227 17.0301 -9.868 -0.3227 18.1186
2 24 -5.8055 -9.6451 17.0301 -9.868 -8.7759 18.1186
2 24 -9.868 -0.3227 18.1186 -13.9305 -0.3227 17.0301
2 24 -9.868 -8.7759 18.1186 -13.9305 -7.2584 17.0301
2 24 -13.9305 -0.3227 17.0301 -16.9045 -0.3227 14.0561
2 24 -13.9305 -7.2584 17.0301 -16.9045 -5.1321 14.0561
2 24 -10.1731 -5.25 0.2341 -5.8919 -5.25 -2.3041
2 24 30.1319 -11.6261 18.1186 26.0694 -11.4362 17.0301
2 24 -4.8901 -4.7477 -6.8119 2.8035 -4.8 -9.1012
2 24 -2.4549 0 -7.7096 2.8035 0 -9.1012
2 24 -2.4549 0 -7.7096 -7.5054 0 -5.6895
2 24 3.0954 -8.1241 5.9311 6.0693 -7.2545 2.9572
2 24 0.4285 -5.25 -0.5066 3.5639 -5.25 -1.3184
2 24 3.5639 -5.25 -1.3184 10 -5.25 -1.9729
2 24 6.0693 -7.2545 2.9572 10.1318 -6.9347 1.8686
2 24 -7.5054 0 -5.6895 -11.5319 0 -3.4119
2 24 -4.8901 -4.7477 -6.8119 -10.6868 -4.8 -3.9423
2 24 -5.0884 0 -3.9085 -4.2772 0 -5.1804
2 24 -4.9695 -5.25 -3.9085 -3.6251 -5.25 -5.1804
2 24 -11.5319 0 -3.4119 -12.4376 -0.3986 -2.8099
2 24 -9.7349 -0.3986 -0.1072 -8.8127 0 -0.6927
2 24 -8.8127 0 -0.6927 -9.7349 -0.3986 -0.1072
2 24 -11.5319 0 -3.4119 -12.4376 -0.3986 -2.8099
2 24 -9.7349 -0.3986 -0.1072 -10.1956 -1.3988 0.2002
2 24 -12.4376 -0.3986 -2.8099 -12.8907 -1.3988 -2.495
2 24 -10.1956 -1.3988 0.2002 -10.4847 -3.8512 0.3984
2 24 -10.1956 -1.3988 0.2002 -10.4847 -3.8512 0.3984
2 24 -12.8907 -1.3988 -2.495 -13.1755 -3.8512 -2.2923
2 24 -10.9354 -4.8514 0.7158 -10.4847 -3.8512 0.3984
2 24 -13.5844 -4.8 -2.013 -13.1755 -3.8512 -2.2923
2 24 -13.5844 -4.8 -2.013 -13.1755 -3.8512 -2.2923
2 24 -10.6868 -4.8 -3.9423 -13.5844 -4.8 -2.013
2 24 -17.5885 -5.25 2.4115 -14.7515 -5.25 -0.1598
2 24 -20.102 -0.3986 10.2703 -19.795 -1.3988 9.8092
2 24 -22.4907 -1.3988 7.1136 -22.8052 -0.3986 7.5671
2 24 -19.795 -1.3988 9.8092 -20.102 -0.3986 10.2703
2 24 -22.4907 -1.3988 7.1136 -22.2882 -3.8512 6.8286
2 24 -19.795 -1.3988 9.8092 -19.597 -3.8512 9.5199
2 24 -19.795 -1.3988 9.8092 -19.597 -3.8512 9.5199
2 24 -20.102 -0.3986 10.2703 -20.6867 0 11.1933
2 24 -22.8052 -0.3986 7.5671 -23.4065 0 8.4735
2 24 -22.013 -4.8 6.4156 -22.2882 -3.8512 6.8286
2 24 -19.28 -4.8514 9.0688 -19.597 -3.8512 9.5199
2 24 -19.28 -4.8514 9.0688 -19.597 -3.8512 9.5199
2 24 -13.9305 -7.2584 17.0301 -9.868 -8.7759 18.1186
2 24 -13.9224 -8.1241 22.9572 -9.8599 -9.3022 21.8686
2 24 -20.1598 -5.25 5.2485 -17.5885 -5.25 2.4115
2 24 -27.4171 0 16.6206 -29.1839 0 22.9977
2 24 -27.4171 -4.8 16.6206 -29.372 -4.8 23.2145
2 24 -23.8835 0 15.0055 -25.1554 0 16.3499
2 24 -25.0674 0 11.2561 -27.4171 0 16.6206
2 24 -23.8835 -5.25 15.0055 -22.2791 -5.25 14.0831
2 24 -25.9875 -5.25 22.022 -25.9875 -5.25 18.003
2 24 -25.1554 -5.25 16.3499 -25.9875 -5.25 18.003
2 24 -25.9875 -5.25 22.022 -25.3684 -5.25 23.3511
2 24 -19.9826 -5.25 18.8957 -21.2587 -5.25 24.4933
2 24 -29.372 -4.8 23.2145 -29.8682 -4.8 30
2 24 -29.1839 0 22.9977 -29.8682 0 30
2 24 -9.868 -8.7759 18.1186 -5.8055 -9.6451 17.0301
2 24 -13.9305 -7.2584 17.0301 -16.9045 -5.1321 14.0561
2 24 -25.3684 -5.25 23.3511 -25.9875 -5.25 30
2 24 -21.2587 -5.25 24.4933 -21.9318 -5.25 30
2 24 -18.6403 -5.25 8.2009 -20.5903 -5.25 11.0368
2 24 -1.972 -5.25 -6.0125 -3.0802 0.0023 -6.0125
2 24 -3.6251 -5.25 -5.1804 -1.972 -5.25 -6.0125
2 24 -4.2772 0 -5.1804 -3.0802 0.0023 -6.0125
2 24 2.8035 -4.8 -9.1012 10.025 -4.8 -10.0064
2 24 2.8035 0 -9.1012 10.025 0 -10.0064
2 24 -2.4549 0 -7.7096 2.8035 0 -9.1012
2 24 -3.0802 0.0023 -6.0125 2.8235 -0.0066 -6.0125
2 24 2.0318 -5.2501 -6.0125 3.4568 -5.25 -5.4056
2 24 2.0318 -5.2501 -6.0125 2.8235 -0.0066 -6.0125
2 24 3.4568 -5.25 -5.4056 3.5633 -0.006 -5.4155
2 24 2.8235 -0.0066 -6.0125 3.5633 -0.006 -5.4155
2 24 2.8035 0 -9.1012 10.025 0 -10.0064
2 24 10.025 0 -6.0125 3.5633 -0.006 -5.4155
2 24 10.025 0 -10.0064 20.3952 0 -10.0064
2 24 10.025 -4.8 -10.0064 20.3952 -4.8 -10.0064
2 24 10.025 0 -6.0125 23.0094 0 -6.0125
2 24 10.025 -5.25 -6.0125 23.0094 -5.25 -6.0125
2 24 30.1319 -6.9738 1.8686 26.0694 -7.4637 2.9572
2 24 30.1319 -0.3227 1.8686 26.0694 -0.3227 2.9572
2 24 30 -4.8 -10.0064 20.3952 -4.8 -10.0064
2 24 30 0 -10.0064 20.3952 0 -10.0064
2 24 10.025 0 -10.0064 20.3952 0 -10.0064
2 24 10.025 0 -6.0125 23.0094 0 -6.0125
2 24 30 0 -7.6744 28.1684 0 -7.1601
2 24 30 0 -10.0064 20.3952 0 -10.0064
2 24 28.1684 0 -7.1601 26.7958 0 -5.8708
2 24 23.0954 -8.4864 5.9311 22.0069 -9.7825 9.9936
2 24 17.1683 -8.4864 5.9311 18.2568 -9.7825 9.9936
2 24 18.2568 -9.7825 9.9936 17.1683 -10.8277 14.0561
2 24 23.0954 -10.8277 14.0561 22.0069 -9.7825 9.9936
2 24 10.1318 -11.6261 18.1186 14.1943 -11.4362 17.0301
2 24 10.1318 -11.6261 18.1186 6.0693 -11.3172 17.0301
2 24 -5.8055 -9.6451 17.0301 -2.8316 -9.6443 14.0561
2 24 -2.6087 -5.25 0.6183 -6.5765 -5.1962 2.7426
2 24 -5.8055 -5.2278 2.9572 -6.5765 -5.1962 2.7426
2 24 10.1318 -6.9347 1.8686 14.1943 -7.3758 2.9572
2 24 10 -5.25 -1.9729 17.0728 -5.25 -1.9729
2 24 17.1683 -8.4864 5.9311 14.1943 -7.3758 2.9572
2 24 23.0954 -8.4864 5.9311 26.0694 -7.4637 2.9572
2 24 30.1319 -12.1076 21.8686 26.0694 -12.2251 22.9572
2 24 23.0954 -12.4602 25.9311 22.0069 -12.5777 29.9936
2 24 18.2568 -12.5777 29.9936 17.1683 -12.4602 25.9311
2 24 18.2568 -12.5777 29.9936 17.1683 -12.4602 25.9311
2 24 18.2568 -0.3227 29.9936 17.1683 -0.3227 25.9311
2 24 17.1683 -12.4602 25.9311 14.1943 -12.2251 22.9572
2 24 17.1683 -0.3227 25.9311 14.1943 -0.3227 22.9572
2 24 14.1943 -12.2251 22.9572 10.1318 -12.1076 21.8686
2 24 14.1943 -0.3227 22.9572 10.1318 -0.3227 21.8686
2 24 14.1943 -12.2251 22.9572 10.1318 -12.1076 21.8686
2 24 10.1318 -0.3227 21.8686 6.0693 -0.3227 22.9572
2 24 10.1318 -12.1076 21.8686 6.0693 -12.1076 22.9572
2 24 10.1318 -12.1076 21.8686 6.0693 -12.1076 22.9572
2 24 6.0693 -12.1076 22.9572 3.0954 -12.1076 25.9311
2 24 6.0693 -0.3227 22.9572 3.0954 -0.3227 25.9311
2 24 3.0954 -0.3227 25.9311 2.0068 -0.3227 29.9936
2 24 3.0954 -12.1076 25.9311 2.0068 -12.1076 29.9936
2 24 -5.7974 -10.4694 22.9572 -9.8599 -9.3022 21.8686
2 24 26.0694 -7.4637 2.9572 23.0954 -8.4864 5.9311
2 24 26.0694 -0.3227 2.9572 23.0954 -0.3227 5.9311
2 24 22.0069 -0.3227 9.9936 23.0954 -0.3227 5.9311
2 24 22.0069 -9.7825 9.9936 23.0954 -8.4864 5.9311
2 24 23.0954 -12.4602 25.9311 26.0694 -12.2251 22.9572
2 24 23.0954 -0.3227 25.9311 26.0694 -0.3227 22.9572
2 24 -13.9305 -0.3227 2.9572 -16.9045 -0.3227 5.9311
2 24 -12.993 -0.3227 4.5831 -15.2807 -0.3227 6.8708
2 24 -9.868 -0.3227 1.8686 -13.9305 -0.3227 2.9572
2 24 -9.868 -5.1977 1.8686 -13.9305 -5.1977 2.9572
2 24 -13.9305 -0.3227 2.9572 -9.868 -0.3227 1.8686
2 24 -12.993 -0.3227 4.5831 -9.868 -0.3227 3.7458
2 24 -9.868 -0.3227 1.8686 -5.8055 -0.3227 2.9572
2 24 -9.868 -0.3227 3.7458 -6.743 -0.3227 4.5831
2 24 -5.8055 -0.3227 2.9572 -2.8316 -0.3227 5.9311
2 24 -6.743 -0.3227 4.5831 -4.4554 -0.3227 6.8708
2 24 -2.8316 -0.3227 5.9311 -1.743 -0.3227 9.9936
2 24 -4.4554 -0.3227 6.8708 -3.618 -0.3227 9.9958
2 24 -1.743 -0.3227 9.9936 -2.8316 -0.3227 14.0561
2 24 -3.618 -0.3227 9.9958 -4.4554 -0.3227 13.1208
2 24 -2.8316 -0.3227 14.0561 -5.8055 -0.3227 17.0301
2 24 -4.4554 -0.3227 13.1208 -6.743 -0.3227 15.4084
2 24 -5.8055 -0.3227 17.0301 -9.868 -0.3227 18.1186
2 24 -6.743 -0.3227 15.4084 -9.868 -0.3227 16.2458
2 24 -9.868 -0.3227 18.1186 -13.9305 -0.3227 17.0301
2 24 -9.868 -0.3227 16.2458 -12.993 -0.3227 15.4084
2 24 -13.9305 -0.3227 17.0301 -16.9045 -0.3227 14.0561
2 24 -12.993 -0.3227 15.4084 -15.2807 -0.3227 13.1208
2 24 -16.9045 -0.3227 5.9311 -17.993 -0.3227 9.9936
2 24 -15.2807 -0.3227 6.8708 -16.118 -0.3227 9.9958
2 24 -27.4171 -4.8 16.6206 -25.0674 -4.8 11.2561
2 24 -27.4171 0 16.6206 -25.0674 0 11.2561
2 24 -9.868 -5.1977 1.8686 -13.9305 -5.1977 2.9572
2 24 -13.1755 -3.8512 -2.2923 -12.8907 -1.3988 -2.495
2 24 -12.4376 -0.3986 -2.8099 -12.8907 -1.3988 -2.495
2 24 -22.4907 -1.3988 7.1136 -22.2882 -3.8512 6.8286
2 24 -22.8052 -0.3986 7.5671 -23.4065 0 8.4735
2 24 -25.0674 0 11.2561 -23.4065 0 8.4735
2 24 -24.0115 -4.8 9.4435 -25.0674 -4.8 11.2561
2 24 -1.972 -5.25 -6.0125 2.0318 -5.2501 -6.0125
2 24 2.0318 -5.2501 -6.0125 2.8235 -0.0066 -6.0125
2 24 2.0318 -5.2501 -6.0125 -1.972 -5.25 -6.0125
2 24 2.8235 -0.0066 -6.0125 -3.0802 0.0023 -6.0125
2 24 -1.972 -5.25 -6.0125 -3.0802 0.0023 -6.0125
2 24 -9.868 -5.1977 1.8686 -6.5765 -5.1962 2.7426
2 24 -2.6087 -5.25 0.6183 -6.5765 -5.1962 2.7426
2 24 -25.9875 0 18.003 -25.9875 0 22.022
2 24 -27.4171 0 16.6206 -29.1839 0 22.9977
2 24 -22.2791 0 14.0831 -22.2791 -5.25 14.0831
2 24 -20.6867 0 11.1933 -22.2791 0 14.0831
2 24 -20.5903 -5.25 11.0368 -22.2791 -5.25 14.0831
2 24 -23.8835 -5.25 15.0055 -22.2791 -5.25 14.0831
2 24 -22.2791 -5.25 14.0831 -22.2791 0 14.0831
2 24 -23.8835 0 15.0055 -22.2791 0 14.0831
2 24 -25.1554 -5.25 16.3499 -25.9875 -5.25 18.003
2 24 -25.1554 0 16.3499 -25.9875 0 18.003
2 24 -25.9875 -5.25 18.003 -25.9875 0 18.003
2 24 -25.3684 -5.25 23.3511 -25.9875 -5.25 22.022
2 24 -25.3684 -5.25 23.3511 -25.3684 0 23.3511
2 24 -25.9875 -5.25 22.022 -25.9875 0 22.022
2 24 -25.3684 0 23.3511 -25.9875 0 22.022
2 24 -25.9875 -5.25 22.022 -25.9875 -5.25 18.003
2 24 -25.9875 -5.25 22.022 -25.9875 0 22.022
2 24 -25.9875 -5.25 18.003 -25.9875 0 18.003
2 24 -25.9875 0 22.022 -25.9875 0 18.003
2 24 -25.3684 -5.25 23.3511 -25.3684 0 23.3511
2 24 -25.3684 -5.25 23.3511 -25.9875 -5.25 30
2 24 -25.3684 0 23.3511 -25.9875 0 30
2 24 -25.3684 0 23.3511 -25.9875 0 30
2 24 -29.1839 0 22.9977 -29.8682 0 30
2 24 -25.1554 0 16.3499 -25.9875 0 18.003
2 24 17.0728 -5.25 -1.9729 27.7822 -5.2509 -1.9708
2 24 -2.8316 -9.6443 14.0561 -1.743 -8.7759 9.9936
2 24 2.0068 -9.3022 9.9936 3.0954 -10.4694 14.0561
2 24 -1.743 -8.7759 9.9936 -2.8316 -7.2637 5.9311
2 24 3.0954 -8.1241 5.9311 2.0068 -9.3022 9.9936
2 24 -15.2807 -5.1963 6.8708 -12.993 -5.198 4.5831
2 24 -15.9051 -5.1977 11.6134 -15.2807 -5.8532 13.1208
2 24 -12.4446 -5.2031 7.4172 -15.9051 -5.1977 11.6134
2 24 -15.2807 -5.1963 6.8708 -12.993 -5.198 4.5831
2 24 -15.2807 -0.3227 6.8708 -12.993 -0.3227 4.5831
2 24 -12.993 -5.198 4.5831 -9.868 -5.1475 3.7458
2 24 -12.993 -0.3227 4.5831 -9.868 -0.3227 3.7458
2 24 -4.4554 -7.2292 6.8708 -6.743 -5.8114 4.5831
2 24 -4.4554 -0.3227 6.8708 -6.743 -0.3227 4.5831
2 24 -4.4554 -7.2292 6.8708 -3.618 -8.3713 9.9958
2 24 -4.4554 -0.3227 6.8708 -3.618 -0.3227 9.9958
2 24 -3.618 -8.3713 9.9958 -4.4554 -9.0603 13.1208
2 24 -3.618 -0.3227 9.9958 -4.4554 -0.3227 13.1208
2 24 -4.4554 -9.0603 13.1208 -6.743 -9.0603 15.396
2 24 -4.4554 -0.3227 13.1208 -6.743 -0.3227 15.4084
2 24 -6.743 -0.3227 15.4084 -9.868 -0.3227 16.2458
2 24 -6.743 -9.0603 15.396 -9.868 -8.4137 16.2458
2 24 -12.993 -7.2763 15.4084 -9.868 -8.4137 16.2458
2 24 -9.868 -0.3227 16.2458 -12.993 -0.3227 15.4084
2 24 -9.868 -8.4137 16.2458 -12.993 -7.2763 15.4084
2 24 -15.2807 -5.8532 13.1208 -12.993 -7.2763 15.4084
2 24 -12.993 -0.3227 15.4084 -15.2807 -0.3227 13.1208
2 24 -12.993 -7.2763 15.4084 -15.2807 -5.8532 13.1208
2 24 -15.2807 -0.3227 13.1208 -16.118 -0.3227 9.9958
2 24 -15.2807 -5.8532 13.1208 -15.9051 -5.1977 11.6134
2 24 -15.2807 -5.1963 6.8708 -16.118 -5.196 9.9958
2 24 -15.2807 -0.3227 6.8708 -16.118 -0.3227 9.9958
2 24 -9.868 -5.1475 3.7458 -8.2504 -5.1977 3.9587
2 24 30.1319 -0.3227 3.7436 27.0069 -0.3227 4.581
2 24 30.1319 -7.7382 3.7436 27.0069 -8.0489 4.581
2 24 14.1943 -0.3227 2.9572 10.1318 -0.3227 1.8686
2 24 13.2568 -0.3227 4.581 10.1318 -0.3227 3.7436
2 24 4.7192 -13.2056 26.8686 3.8818 -13.2213 29.9936
2 24 -15.2808 -7.9935 26.8686 -16.1182 -7.7515 29.9936
2 24 4.7192 -8.6469 6.8686 7.0068 -8.0364 4.581
2 24 4.7192 -0.3227 6.8686 7.0068 -0.3227 4.581
2 24 7.0068 -0.3227 4.581 10.1318 -0.3227 3.7436
2 24 7.0068 -8.0364 4.581 10.1318 -7.8574 3.7436
2 24 10.1318 -7.8574 3.7436 13.2568 -8.1622 4.581
2 24 10.1318 -0.3227 3.7436 13.2568 -0.3227 4.581
2 24 13.2568 -8.1622 4.581 15.5445 -8.8672 6.8686
2 24 13.2568 -0.3227 4.581 15.5445 -0.3227 6.8686
2 24 15.5445 -8.8672 6.8686 16.3818 -9.7554 9.9936
2 24 15.5445 -0.3227 6.8686 16.3818 -0.3227 9.9936
2 24 16.3818 -9.7554 9.9936 15.5445 -10.5925 13.1186
2 24 16.3818 -0.3227 9.9936 15.5445 -0.3227 13.1186
2 24 15.5445 -10.5925 13.1186 13.2568 -11.1639 15.4063
2 24 15.5445 -0.3227 13.1186 13.2568 -0.3227 15.4063
2 24 13.2568 -11.1639 15.4063 10.1318 -11.3283 16.2436
2 24 13.2568 -0.3227 15.4063 10.1318 -0.3227 16.2436
2 24 10.1318 -0.3227 16.2436 7.0068 -0.3227 15.4063
2 24 10.1318 -11.3283 16.2436 7.0068 -11.0437 15.4063
2 24 7.0068 -11.0437 15.4063 4.7192 -10.3774 13.1186
2 24 7.0068 -0.3227 15.4063 4.7192 -0.3227 13.1186
2 24 4.7192 -0.3227 13.1186 3.8818 -0.3227 9.9936
2 24 4.7192 -10.3774 13.1186 3.8818 -9.5017 9.9936
2 24 4.7192 -0.3227 6.8686 3.8818 -0.3227 9.9936
2 24 4.7192 -8.6469 6.8686 3.8818 -9.5017 9.9936
2 24 24.7192 -12.6133 26.8686 27.0069 -12.5982 24.581
2 24 24.7192 -0.3227 26.8686 27.0069 -0.3227 24.581
2 24 30.1319 -0.3227 23.7436 27.0069 -0.3227 24.581
2 24 30.1319 -12.5776 23.7436 27.0069 -12.5982 24.581
2 24 24.7192 -12.6133 26.8686 23.8819 -12.6188 29.9936
2 24 24.7192 -0.3227 26.8686 23.8819 -0.3227 29.9936
2 24 4.7192 -13.2056 26.8686 7.0068 -13.1627 24.581
2 24 4.7192 -0.3227 26.8686 7.0068 -0.3227 24.581
2 24 7.0068 -0.3227 24.581 10.1318 -0.3227 23.7436
2 24 7.0068 -13.1627 24.581 10.1318 -13.107 23.7436
2 24 10.1318 -0.3227 23.7436 13.2568 -0.3227 24.581
2 24 10.1318 -13.107 23.7436 13.2568 -13.0513 24.581
2 24 13.2568 -13.0513 24.581 15.5445 -13.0087 26.8686
2 24 13.2568 -0.3227 24.581 15.5445 -0.3227 26.8686
2 24 15.5445 -0.3227 26.8686 16.3818 -0.3227 29.9936
2 24 15.5445 -13.0087 26.8686 16.3818 -12.9928 29.9936
2 24 4.7192 -0.3227 26.8686 3.8818 -0.3227 29.9936
2 24 4.7192 -13.2056 26.8686 3.8818 -13.2213 29.9936
2 24 30.1319 -11.2654 16.2436 27.0069 -11.1275 15.4063
2 24 27.0069 -11.1275 15.4063 24.7192 -10.5242 13.1186
2 24 24.7192 -10.5242 13.1186 23.8819 -9.6904 9.9936
2 24 23.8819 -9.6904 9.9936 24.7192 -8.8037 6.8686
2 24 24.7192 -0.3227 6.8686 23.8819 -0.3227 9.9936
2 24 24.7192 -8.8037 6.8686 23.8819 -9.6904 9.9936
2 24 26.0694 -0.3227 2.9572 23.0954 -0.3227 5.9311
2 24 27.0069 -0.3227 4.581 24.7192 -0.3227 6.8686
2 24 27.0069 -8.0489 4.581 24.7192 -8.8037 6.8686
2 24 27.0069 -0.3227 4.581 24.7192 -0.3227 6.8686
2 24 30.1319 -0.3227 1.8686 26.0694 -0.3227 2.9572
2 24 30.1319 -0.3227 3.7436 27.0069 -0.3227 4.581
2 24 30.1319 -0.3227 18.1186 26.0694 -0.3227 17.0301
2 24 30.1319 -0.3227 16.2436 27.0069 -0.3227 15.4063
2 24 30.1319 -0.3227 16.2436 27.0069 -0.3227 15.4063
2 24 30.1319 -11.2654 16.2436 27.0069 -11.1275 15.4063
2 24 26.0694 -0.3227 17.0301 23.0954 -0.3227 14.0561
2 24 27.0069 -0.3227 15.4063 24.7192 -0.3227 13.1186
2 24 27.0069 -11.1275 15.4063 24.7192 -10.5242 13.1186
2 24 27.0069 -0.3227 15.4063 24.7192 -0.3227 13.1186
2 24 23.0954 -0.3227 14.0561 22.0069 -0.3227 9.9936
2 24 24.7192 -0.3227 13.1186 23.8819 -0.3227 9.9936
2 24 23.8819 -0.3227 9.9936 24.7192 -0.3227 13.1186
2 24 23.8819 -9.6904 9.9936 24.7192 -10.5242 13.1186
2 24 23.0954 -0.3227 5.9311 22.0069 -0.3227 9.9936
2 24 24.7192 -0.3227 6.8686 23.8819 -0.3227 9.9936
2 24 4.7192 -8.6469 6.8686 7.0068 -8.0364 4.581
2 24 13.2568 -8.1622 4.581 10.1318 -7.8574 3.7436
2 24 15.5445 -10.5925 13.1186 16.3818 -9.7554 9.9936
2 24 10.1318 -11.3283 16.2436 13.2568 -11.1639 15.4063
2 24 10.1318 -11.3283 16.2436 7.0068 -11.0437 15.4063
2 24 7.0068 -11.0437 15.4063 4.7192 -10.3774 13.1186
2 24 4.7192 -10.3774 13.1186 3.8818 -9.5017 9.9936
2 24 4.7192 -8.6469 6.8686 3.8818 -9.5017 9.9936
2 24 6.0693 -0.3227 2.9572 3.0954 -0.3227 5.9311
2 24 7.0068 -0.3227 4.581 4.7192 -0.3227 6.8686
2 24 10.1318 -0.3227 1.8686 6.0693 -0.3227 2.9572
2 24 10.1318 -0.3227 3.7436 7.0068 -0.3227 4.581
2 24 14.1943 -0.3227 2.9572 17.1683 -0.3227 5.9311
2 24 13.2568 -0.3227 4.581 15.5445 -0.3227 6.8686
2 24 17.1683 -0.3227 5.9311 18.2568 -0.3227 9.9936
2 24 15.5445 -0.3227 6.8686 16.3818 -0.3227 9.9936
2 24 18.2568 -0.3227 9.9936 17.1683 -0.3227 14.0561
2 24 16.3818 -0.3227 9.9936 15.5445 -0.3227 13.1186
2 24 17.1683 -0.3227 14.0561 14.1943 -0.3227 17.0301
2 24 15.5445 -0.3227 13.1186 13.2568 -0.3227 15.4063
2 24 14.1943 -0.3227 17.0301 10.1318 -0.3227 18.1186
2 24 13.2568 -0.3227 15.4063 10.1318 -0.3227 16.2436
2 24 10.1318 -0.3227 18.1186 6.0693 -0.3227 17.0301
2 24 10.1318 -0.3227 16.2436 7.0068 -0.3227 15.4063
2 24 6.0693 -0.3227 17.0301 3.0954 -0.3227 14.0561
2 24 7.0068 -0.3227 15.4063 4.7192 -0.3227 13.1186
2 24 3.0954 -0.3227 14.0561 2.0068 -0.3227 9.9936
2 24 4.7192 -0.3227 13.1186 3.8818 -0.3227 9.9936
2 24 3.0954 -0.3227 5.9311 2.0068 -0.3227 9.9936
2 24 4.7192 -0.3227 6.8686 3.8818 -0.3227 9.9936
2 24 24.7192 -12.6133 26.8686 27.0069 -12.5982 24.581
2 24 30.1319 -12.5776 23.7436 27.0069 -12.5982 24.581
2 24 24.7192 -12.6133 26.8686 23.8819 -12.6188 29.9936
2 24 26.0694 -0.3227 22.9572 23.0954 -0.3227 25.9311
2 24 27.0069 -0.3227 24.581 24.7192 -0.3227 26.8686
2 24 30.1319 -0.3227 21.8686 26.0694 -0.3227 22.9572
2 24 30.1319 -0.3227 23.7436 27.0069 -0.3227 24.581
2 24 23.0954 -0.3227 25.9311 22.0069 -0.3227 29.9936
2 24 24.7192 -0.3227 26.8686 23.8819 -0.3227 29.9936
2 24 10.1318 -13.107 23.7436 7.0068 -13.1627 24.581
2 24 10.1318 -13.107 23.7436 13.2568 -13.0513 24.581
2 24 13.2568 -13.0513 24.581 15.5445 -13.0087 26.8686
2 24 15.5445 -13.0087 26.8686 16.3818 -12.9928 29.9936
2 24 6.0693 -0.3227 22.9572 3.0954 -0.3227 25.9311
2 24 7.0068 -0.3227 24.581 4.7192 -0.3227 26.8686
2 24 6.0693 -0.3227 22.9572 10.1318 -0.3227 21.8686
2 24 7.0068 -0.3227 24.581 10.1318 -0.3227 23.7436
2 24 10.1318 -0.3227 21.8686 14.1943 -0.3227 22.9572
2 24 10.1318 -0.3227 23.7436 13.2568 -0.3227 24.581
2 24 14.1943 -0.3227 22.9572 17.1683 -0.3227 25.9311
2 24 13.2568 -0.3227 24.581 15.5445 -0.3227 26.8686
2 24 17.1683 -0.3227 25.9311 18.2568 -0.3227 29.9936
2 24 15.5445 -0.3227 26.8686 16.3818 -0.3227 29.9936
2 24 3.0954 -0.3227 25.9311 2.0068 -0.3227 29.9936
2 24 4.7192 -0.3227 26.8686 3.8818 -0.3227 29.9936
2 24 -12.9932 -8.6638 24.581 -15.2808 -7.9935 26.8686
2 24 -12.9932 -0.3227 24.581 -15.2808 -0.3227 26.8686
2 24 -9.8682 -9.5368 23.7436 -12.9932 -8.6638 24.581
2 24 -12.9932 -8.6638 24.581 -9.8682 -9.5368 23.7436
2 24 -12.9932 -0.3227 24.581 -9.8682 -0.3227 23.7436
2 24 -9.8682 -9.5368 23.7436 -6.7432 -10.3887 24.581
2 24 -9.8682 -0.3227 23.7436 -6.7432 -0.3227 24.581
2 24 -9.8682 -9.5368 23.7436 -6.7432 -10.3887 24.581
2 24 -6.7432 -10.3887 24.581 -4.4555 -11.0005 26.8686
2 24 -6.7432 -10.3887 24.581 -4.4555 -11.0005 26.8686
2 24 -6.7432 -0.3227 24.581 -4.4555 -0.3227 26.8686
2 24 -4.4555 -11.0005 26.8686 -3.6182 -11.2221 29.9936
2 24 -4.4555 -11.0005 26.8686 -3.6182 -11.2221 29.9936
2 24 -4.4555 -0.3227 26.8686 -3.6182 -0.3227 29.9936
2 24 -15.2808 -7.9935 26.8686 -16.1182 -7.7515 29.9936
2 24 -15.2808 -0.3227 26.8686 -16.1182 -0.3227 29.9936
2 24 -13.9224 -0.3227 22.9572 -16.8964 -0.3227 25.9311
2 24 -12.9932 -0.3227 24.581 -15.2808 -0.3227 26.8686
2 24 -13.9224 -0.3227 22.9572 -9.8599 -0.3227 21.8686
2 24 -12.9932 -0.3227 24.581 -9.8682 -0.3227 23.7436
2 24 -9.8599 -0.3227 21.8686 -5.7974 -0.3227 22.9572
2 24 -9.8682 -0.3227 23.7436 -6.7432 -0.3227 24.581
2 24 -5.7974 -0.3227 22.9572 -2.8235 -0.3227 25.9311
2 24 -6.7432 -0.3227 24.581 -4.4555 -0.3227 26.8686
2 24 -2.8235 -0.3227 25.9311 -1.7349 -0.3227 29.9936
2 24 -4.4555 -0.3227 26.8686 -3.6182 -0.3227 29.9936
2 24 -16.8964 -0.3227 25.9311 -17.9849 -0.3227 29.9936
2 24 -15.2808 -0.3227 26.8686 -16.1182 -0.3227 29.9936
2 24 -4.4554 -9.0603 13.1208 -6.743 -9.0603 15.396
2 24 -4.4554 -7.2292 6.8708 -3.618 -8.3713 9.9958
2 24 -4.4554 -7.2292 6.8708 -6.743 -5.8114 4.5831
2 24 -12.4446 -5.2031 7.4172 -8.2504 -5.1977 3.9587
2 24 -9.868 -5.1475 3.7458 -8.2504 -5.1977 3.9587
2 24 17.0728 -5.25 -1.9729 27.7822 -5.2509 -1.9708
2 24 23.0094 -5.25 -6.0125 28.1544 -5.25 -4.0274
2 24 -10.4847 -3.8512 0.3984 -10.9354 -4.8514 0.7158
2 24 -10.9354 -4.8514 0.7158 -11.8025 -5.25 1.3563
2 24 -10.1731 -5.25 0.2341 -11.8025 -5.25 1.3563
2 24 -8.8127 0 -0.6927 -5.8919 0 -2.3041
2 24 -5.8919 0 -2.3041 -5.8919 -5.25 -2.3041
2 24 -10.1731 -5.25 0.2341 -5.8919 -5.25 -2.3041
2 24 -24.0115 -4.8 9.4435 -22.013 -4.8 6.4156
2 24 -20.7962 -5.25 6.045 -22.013 -4.8 6.4156
2 24 15.5445 -10.5925 13.1186 13.2568 -11.1639 15.4063
2 24 16.3818 -9.7554 9.9936 15.5445 -8.8672 6.8686
2 24 7.0068 -8.0364 4.581 10.1318 -7.8574 3.7436
2 24 13.2568 -8.1622 4.581 15.5445 -8.8672 6.8686
2 24 -8.8127 0 -0.6927 -5.8919 0 -2.3041
2 24 -7.5054 0 -5.6895 -11.5319 0 -3.4119
2 24 -5.0884 0 -3.9085 -5.8919 0 -2.3041
2 24 2.8235 -0.0066 -6.0125 3.5633 -0.006 -5.4155
2 24 -17.993 -5.1977 9.9936 -17.1242 -5.1959 13.2902
2 24 -22.2791 -5.25 14.0831 -20.5903 -5.25 11.0368
2 24 -9.868 -5.1977 58.1186 -13.9305 -5.1977 57.0301
2 24 -13.5844 -4.8 62.013 -10.6868 -4.8 63.9423
2 24 -13.5844 -4.8 62.013 -13.1755 -3.8512 62.2923
2 24 -9.868 -5.1977 58.1186 -6.5807 -5.1966 57.2475
2 24 -8.9535 -5.25 60.6058 -5.8919 -5.25 62.3041
2 24 6.0693 -11.3172 42.9572 10.1318 -11.6261 41.8686
2 24 23.0954 -10.8277 45.9311 22.0069 -9.7825 49.9936
2 24 17.1683 -10.8277 45.9311 18.2568 -9.7825 49.9936
2 24 22.0069 -9.7825 49.9936 23.0954 -8.4864 54.0561
2 24 18.2568 -9.7825 49.9936 17.1683 -8.4864 54.0561
2 24 23.0954 -10.8277 45.9311 26.0694 -11.4362 42.9572
2 24 22.0069 -12.5777 29.9936 23.0954 -12.4602 34.0561
2 24 18.2568 -12.5777 29.9936 17.1683 -12.4602 34.0561
2 24 10.1318 -11.6261 41.8686 14.1943 -11.4362 42.9572
2 24 10.1318 -12.1076 38.1186 14.1943 -12.2251 37.0301
2 24 23.0954 -12.4602 34.0561 26.0694 -12.2251 37.0301
2 24 2.0068 -12.1076 29.9936 3.0954 -12.1076 34.0561
2 24 -1.7349 -11.6261 29.9936 -2.8235 -11.3172 34.0561
2 24 -9.8599 -9.3022 38.1186 -13.9224 -8.1241 37.0301
2 24 -9.868 -8.7759 41.8686 -13.9305 -7.2584 42.9572
2 24 26.0694 -7.424 57.0301 26.416 -7.3059 57.1229
2 24 26.416 -6.0559 57.1229 26.416 -7.3059 57.1229
2 24 22.0069 -9.7825 49.9936 23.0954 -8.4864 54.0561
2 24 22.0069 -0.3227 49.9936 23.0954 -0.3227 54.0561
2 24 22.0069 -9.7825 49.9936 23.0954 -10.8277 45.9311
2 24 22.0069 -0.3227 49.9936 23.0954 -0.3227 45.9311
2 24 23.0954 -10.8277 45.9311 26.0694 -11.4362 42.9572
2 24 23.0954 -0.3227 45.9311 26.0694 -0.3227 42.9572
2 24 30.1319 -11.6261 41.8686 26.0694 -11.4362 42.9572
2 24 30.1319 -0.3227 41.8686 26.0694 -0.3227 42.9572
2 24 -19.795 -1.3988 50.1908 -20.102 -0.3986 49.7297
2 24 -10.6868 -4.8 63.9423 -13.5844 -4.8 62.013
2 24 -13.5844 -4.8 62.013 -13.955 -5.25 60.7962
2 24 -9.868 -5.1977 58.1186 -13.9305 -5.1977 57.0301
2 24 -9.868 -0.3227 58.1186 -13.9305 -0.3227 57.0301
2 24 26.416 -6.0559 57.1229 26.416 -7.3059 57.1229
2 24 26.416 -6.0559 57.1229 26.25 -5.25 59.2708
2 24 26.416 -7.3059 57.1229 26.25 -5.25 61.9729
2 24 26.25 -5.25 59.2708 26.25 -5.25 61.9729
2 24 -20.1598 -5.25 54.7515 -17.5885 -5.25 57.5885
2 24 -19.28 -4.8514 50.9312 -18.6403 -5.25 51.7991
2 24 -20.5903 -5.25 48.9633 -18.6403 -5.25 51.7991
2 24 2.0068 -9.3022 49.9936 3.0954 -8.1241 54.0561
2 24 -1.743 -8.7759 49.9936 -2.8316 -7.2637 54.0561
2 24 -5.8055 -9.6451 42.9572 -2.8316 -9.6443 45.9311
2 24 10.1318 -12.1076 38.1186 6.0693 -12.1076 37.0301
2 24 -9.8599 -9.3022 38.1186 -5.7974 -10.4694 37.0301
2 24 -9.868 -8.7759 41.8686 -5.8055 -9.6451 42.9572
2 24 26.416 -6.0559 57.1229 26.25 -5.25 59.2708
2 24 30.1319 -5.7115 58.1186 26.416 -6.0559 57.1229
2 24 30 -5.25 59.2708 26.25 -5.25 59.2708
2 24 -22.2791 -5.25 45.9169 -23.8835 -5.25 44.9945
2 24 -22.2791 -5.25 45.9169 -22.2791 0 45.9169
2 24 -22.2791 0 45.9169 -23.8835 0 44.9945
2 24 -25.1554 -5.25 43.6501 -25.9875 -5.25 41.997
2 24 -25.9875 -5.25 41.997 -25.9875 0 41.997
2 24 -25.1554 0 43.6501 -25.9875 0 41.997
2 24 -25.9875 -5.25 41.997 -25.9875 -5.25 37.978
2 24 -25.9875 -5.25 41.997 -25.9875 0 41.997
2 24 -25.9875 -5.25 37.978 -25.9875 0 37.978
2 24 -25.9875 0 41.997 -25.9875 0 37.978
2 24 -22.2791 0 45.9169 -20.6867 0 48.8067
2 24 -25.0674 0 48.7439 -23.4065 0 51.5265
2 24 26.0694 -12.2251 37.0301 30.1319 -12.1076 38.1186
2 24 26.0694 -11.4362 42.9572 30.1319 -11.6261 41.8686
2 24 26.416 -7.3059 57.1229 26.0694 -7.424 57.0301
2 24 26.416 -7.3059 57.1229 26.25 -5.25 61.9729
2 24 -21.9318 -5.25 30 -21.6042 -5.25 34.8416
2 24 -25.9875 -5.25 30 -25.3684 -5.25 36.6489
2 24 -25.3684 -5.25 36.6489 -25.9875 -5.25 37.978
2 24 -21.6042 -5.25 34.8416 -19.9826 -5.25 41.1044
2 24 -25.9875 -5.25 37.978 -25.9875 -5.25 41.997
2 24 -23.8835 -5.25 44.9945 -22.2791 -5.25 45.9169
2 24 -22.2791 -5.25 45.9169 -20.5903 -5.25 48.9633
2 24 -19.9826 -5.25 41.1044 -17.1174 -5.1958 46.7102
2 24 -2.8316 -7.2637 54.0561 -5.8055 -5.2707 57.0301
2 24 -1.0901 -5.25 59.9442 3.5639 -5.25 61.3184
2 24 3.0954 -8.1241 54.0561 6.0693 -7.2545 57.0301
2 24 6.0693 -7.2545 57.0301 10.1318 -6.9347 58.1186
2 24 3.5639 -5.25 61.3184 10 -5.25 61.9729
2 24 10 -5.25 61.9729 17.0728 -5.25 61.9729
2 24 10.1318 -6.9347 58.1186 14.1943 -7.3758 57.0301
2 24 -1.0901 -5.25 59.9442 3.5639 -5.25 61.3184
2 24 2.047 -5.25 66.0125 3.4568 -5.25 65.4056
2 24 3.4568 -5.25 65.4056 10.025 -5.25 66.0125
2 24 3.5639 -5.25 61.3184 10 -5.25 61.9729
2 24 10.025 -5.25 66.0125 20.3952 -5.25 66.0125
2 24 10 -5.25 61.9729 17.0728 -5.25 61.9729
2 24 17.0728 -5.25 61.9729 26.25 -5.25 61.9729
2 24 30 -5.25 59.2708 26.25 -5.25 59.2708
2 24 26.25 -5.25 61.9729 26.25 -5.25 59.2708
2 24 -12.5645 -5.1602 52.5609 -15.9051 -5.1977 48.3738
2 24 -16.118 -5.196 49.9915 -15.9051 -5.1977 48.3738
2 24 -12.993 -5.198 55.4041 -15.2807 -5.1963 53.1165
2 24 2.0068 -9.3022 49.9936 3.0954 -10.4694 45.9311
2 24 -1.743 -8.7759 49.9936 -2.8316 -9.6443 45.9311
2 24 -8.2504 -5.1977 56.0285 -6.743 -5.8114 55.4041
2 24 -12.5645 -5.1602 52.5609 -8.2504 -5.1977 56.0285
2 24 23.0954 -0.3227 54.0561 26.0694 -0.3227 57.0301
2 24 24.7192 -0.3227 53.1186 27.0069 -0.3227 55.4063
2 24 30.1319 -0.3227 58.1186 26.0694 -0.3227 57.0301
2 24 30.1319 -0.3227 56.2436 27.0069 -0.3227 55.4063
2 24 30.1319 -0.3227 41.8686 26.0694 -0.3227 42.9572
2 24 30.1319 -0.3227 43.7436 27.0069 -0.3227 44.581
2 24 26.0694 -0.3227 42.9572 23.0954 -0.3227 45.9311
2 24 27.0069 -0.3227 44.581 24.7192 -0.3227 46.8686
2 24 23.0954 -0.3227 45.9311 22.0069 -0.3227 49.9936
2 24 24.7192 -0.3227 46.8686 23.8819 -0.3227 49.9936
2 24 23.0954 -0.3227 54.0561 22.0069 -0.3227 49.9936
2 24 24.7192 -0.3227 53.1186 23.8819 -0.3227 49.9936
2 24 3.0954 -0.3227 54.0561 6.0693 -0.3227 57.0301
2 24 4.7192 -0.3227 53.1186 7.0068 -0.3227 55.4063
2 24 6.0693 -0.3227 57.0301 10.1318 -0.3227 58.1186
2 24 7.0068 -0.3227 55.4063 10.1318 -0.3227 56.2436
2 24 10.1318 -0.3227 58.1186 14.1943 -0.3227 57.0301
2 24 10.1318 -0.3227 56.2436 13.2568 -0.3227 55.4063
2 24 14.1943 -0.3227 57.0301 17.1683 -0.3227 54.0561
2 24 13.2568 -0.3227 55.4063 15.5445 -0.3227 53.1186
2 24 17.1683 -0.3227 54.0561 18.2568 -0.3227 49.9936
2 24 15.5445 -0.3227 53.1186 16.3818 -0.3227 49.9936
2 24 18.2568 -0.3227 49.9936 17.1683 -0.3227 45.9311
2 24 16.3818 -0.3227 49.9936 15.5445 -0.3227 46.8686
2 24 17.1683 -0.3227 45.9311 14.1943 -0.3227 42.9572
2 24 15.5445 -0.3227 46.8686 13.2568 -0.3227 44.581
2 24 14.1943 -0.3227 42.9572 10.1318 -0.3227 41.8686
2 24 13.2568 -0.3227 44.581 10.1318 -0.3227 43.7436
2 24 10.1318 -0.3227 41.8686 6.0693 -0.3227 42.9572
2 24 10.1318 -0.3227 43.7436 7.0068 -0.3227 44.581
2 24 6.0693 -0.3227 42.9572 3.0954 -0.3227 45.9311
2 24 7.0068 -0.3227 44.581 4.7192 -0.3227 46.8686
2 24 3.0954 -0.3227 45.9311 2.0068 -0.3227 49.9936
2 24 4.7192 -0.3227 46.8686 3.8818 -0.3227 49.9936
2 24 3.0954 -0.3227 54.0561 2.0068 -0.3227 49.9936
2 24 4.7192 -0.3227 53.1186 3.8818 -0.3227 49.9936
2 24 23.0954 -0.3227 34.0561 26.0694 -0.3227 37.0301
2 24 24.7192 -0.3227 33.1186 27.0069 -0.3227 35.4063
2 24 30.1319 -0.3227 38.1186 26.0694 -0.3227 37.0301
2 24 30.1319 -0.3227 36.2436 27.0069 -0.3227 35.4063
2 24 22.0069 -0.3227 29.9936 23.0954 -0.3227 34.0561
2 24 23.8819 -0.3227 29.9936 24.7192 -0.3227 33.1186
2 24 3.0954 -0.3227 34.0561 6.0693 -0.3227 37.0301
2 24 4.7192 -0.3227 33.1186 7.0068 -0.3227 35.4063
2 24 6.0693 -0.3227 37.0301 10.1318 -0.3227 38.1186
2 24 7.0068 -0.3227 35.4063 10.1318 -0.3227 36.2436
2 24 10.1318 -0.3227 38.1186 14.1943 -0.3227 37.0301
2 24 10.1318 -0.3227 36.2436 13.2568 -0.3227 35.4063
2 24 14.1943 -0.3227 37.0301 17.1683 -0.3227 34.0561
2 24 13.2568 -0.3227 35.4063 15.5445 -0.3227 33.1186
2 24 18.2568 -0.3227 29.9936 17.1683 -0.3227 34.0561
2 24 16.3818 -0.3227 29.9936 15.5445 -0.3227 33.1186
2 24 2.0068 -0.3227 29.9936 3.0954 -0.3227 34.0561
2 24 3.8818 -0.3227 29.9936 4.7192 -0.3227 33.1186
2 24 -13.9224 -0.3227 37.0301 -16.8964 -0.3227 34.0561
2 24 -12.9932 -0.3227 35.4063 -15.2808 -0.3227 33.1186
2 24 -13.9224 -0.3227 37.0301 -9.8599 -0.3227 38.1186
2 24 -12.9932 -0.3227 35.4063 -9.8682 -0.3227 36.2436
2 24 -9.8599 -0.3227 38.1186 -5.7974 -0.3227 37.0301
2 24 -9.8682 -0.3227 36.2436 -6.7432 -0.3227 35.4063
2 24 -5.7974 -0.3227 37.0301 -2.8235 -0.3227 34.0561
2 24 -6.7432 -0.3227 35.4063 -4.4555 -0.3227 33.1186
2 24 -1.7349 -0.3227 29.9936 -2.8235 -0.3227 34.0561
2 24 -3.6182 -0.3227 29.9936 -4.4555 -0.3227 33.1186
2 24 -17.9849 -0.3227 29.9936 -16.8964 -0.3227 34.0561
2 24 -16.1182 -0.3227 29.9936 -15.2808 -0.3227 33.1186
2 24 30.1319 -7.7389 56.2436 27.0069 -7.9686 55.4063
2 24 30.1319 -11.2654 43.7436 27.0069 -11.0467 44.581
2 24 7.0068 -13.1627 35.4063 10.1318 -13.107 36.2436
2 24 15.5445 -13.0087 33.1186 13.2568 -13.0513 35.4063
2 24 16.3818 -12.9928 29.9936 15.5445 -13.0087 33.1186
2 24 -12.9932 -8.6638 35.4063 -9.8682 -9.5368 36.2436
2 24 -4.4555 -11.0005 33.1186 -6.7432 -10.3887 35.4063
2 24 -3.6182 -11.2221 29.9936 -4.4555 -11.0005 33.1186
2 24 7.0068 -8.0364 55.4063 4.7192 -8.6469 53.1186
2 24 -9.868 -8.4137 43.7415 -12.993 -7.2763 44.5788
2 24 -9.868 -0.3227 43.7415 -12.993 -0.3227 44.5788
2 24 -12.993 -7.2763 44.5788 -15.2807 -5.8532 46.8665
2 24 -12.993 -0.3227 44.5788 -15.2807 -0.3227 46.8665
2 24 -15.9051 -5.1977 48.3738 -16.118 -5.196 49.9915
2 24 -16.118 -5.196 49.9915 -15.2807 -5.1963 53.1165
2 24 -16.118 -0.3227 49.9915 -15.2807 -0.3227 53.1165
2 24 -15.2807 -5.1963 53.1165 -12.993 -5.198 55.4041
2 24 -15.2807 -0.3227 53.1165 -12.993 -0.3227 55.4041
2 24 -12.993 -5.198 55.4041 -9.868 -5.1475 56.2415
2 24 -12.993 -0.3227 55.4041 -9.868 -0.3227 56.2415
2 24 -9.868 -0.3227 56.2415 -6.743 -0.3227 55.4041
2 24 -8.2504 -5.1977 56.0285 -6.743 -5.8114 55.4041
2 24 -6.743 -0.3227 55.4041 -4.4554 -0.3227 53.1165
2 24 -6.743 -5.8114 55.4041 -4.4554 -7.2292 53.1165
2 24 -4.4554 -0.3227 53.1165 -3.618 -0.3227 49.9915
2 24 -4.4554 -7.2292 53.1165 -3.618 -8.3713 49.9915
2 24 -3.618 -0.3227 49.9915 -4.4554 -0.3227 46.8665
2 24 -3.618 -8.3713 49.9915 -4.4554 -9.0603 46.8665
2 24 -4.4554 -9.0603 46.8665 -6.743 -9.0603 44.5913
2 24 -4.4554 -0.3227 46.8665 -6.743 -0.3227 44.5788
2 24 -9.868 -8.4137 43.7415 -6.743 -9.0603 44.5913
2 24 -9.868 -0.3227 43.7415 -6.743 -0.3227 44.5788
2 24 -3.6182 -0.3227 29.9936 -4.4555 -0.3227 33.1186
2 24 -3.6182 -11.2221 29.9936 -4.4555 -11.0005 33.1186
2 24 -4.4555 -11.0005 33.1186 -6.7432 -10.3887 35.4063
2 24 -4.4555 -0.3227 33.1186 -6.7432 -0.3227 35.4063
2 24 -6.7432 -0.3227 35.4063 -9.8682 -0.3227 36.2436
2 24 -6.7432 -10.3887 35.4063 -9.8682 -9.5368 36.2436
2 24 -9.8682 -0.3227 36.2436 -12.9932 -0.3227 35.4063
2 24 -9.8682 -9.5368 36.2436 -12.9932 -8.6638 35.4063
2 24 -12.9932 -8.6638 35.4063 -15.2808 -7.9935 33.1186
2 24 -12.9932 -0.3227 35.4063 -15.2808 -0.3227 33.1186
2 24 -16.1182 -0.3227 29.9936 -15.2808 -0.3227 33.1186
2 24 -16.1182 -7.7515 29.9936 -15.2808 -7.9935 33.1186
2 24 3.8818 -13.2213 29.9936 4.7192 -13.2056 33.1186
2 24 3.8818 -0.3227 29.9936 4.7192 -0.3227 33.1186
2 24 4.7192 -13.2056 33.1186 7.0068 -13.1627 35.4063
2 24 4.7192 -0.3227 33.1186 7.0068 -0.3227 35.4063
2 24 7.0068 -13.1627 35.4063 10.1318 -13.107 36.2436
2 24 7.0068 -0.3227 35.4063 10.1318 -0.3227 36.2436
2 24 10.1318 -13.107 36.2436 13.2568 -13.0513 35.4063
2 24 10.1318 -0.3227 36.2436 13.2568 -0.3227 35.4063
2 24 13.2568 -13.0513 35.4063 15.5445 -13.0087 33.1186
2 24 13.2568 -0.3227 35.4063 15.5445 -0.3227 33.1186
2 24 16.3818 -12.9928 29.9936 15.5445 -13.0087 33.1186
2 24 16.3818 -0.3227 29.9936 15.5445 -0.3227 33.1186
2 24 7.0068 -8.0364 55.4063 10.1318 -7.8574 56.2436
2 24 7.0068 -0.3227 55.4063 10.1318 -0.3227 56.2436
2 24 10.1318 -0.3227 56.2436 13.2568 -0.3227 55.4063
2 24 10.1318 -7.8574 56.2436 13.2568 -8.1622 55.4063
2 24 13.2568 -8.1622 55.4063 15.5445 -8.8672 53.1186
2 24 13.2568 -0.3227 55.4063 15.5445 -0.3227 53.1186
2 24 15.5445 -0.3227 53.1186 16.3818 -0.3227 49.9936
2 24 15.5445 -8.8672 53.1186 16.3818 -9.7554 49.9936
2 24 16.3818 -0.3227 49.9936 15.5445 -0.3227 46.8686
2 24 16.3818 -9.7554 49.9936 15.5445 -10.5925 46.8686
2 24 15.5445 -10.5925 46.8686 13.2568 -11.1639 44.581
2 24 15.5445 -0.3227 46.8686 13.2568 -0.3227 44.581
2 24 13.2568 -0.3227 44.581 10.1318 -0.3227 43.7436
2 24 13.2568 -11.1639 44.581 10.1318 -11.3283 43.7436
2 24 10.1318 -11.3283 43.7436 7.0068 -11.0437 44.581
2 24 10.1318 -0.3227 43.7436 7.0068 -0.3227 44.581
2 24 7.0068 -11.0437 44.581 4.7192 -10.3774 46.8686
2 24 7.0068 -0.3227 44.581 4.7192 -0.3227 46.8686
2 24 4.7192 -10.3774 46.8686 3.8818 -9.5017 49.9936
2 24 4.7192 -0.3227 46.8686 3.8818 -0.3227 49.9936
2 24 3.8818 -9.5017 49.9936 4.7192 -8.6469 53.1186
2 24 3.8818 -0.3227 49.9936 4.7192 -0.3227 53.1186
2 24 7.0068 -8.0364 55.4063 4.7192 -8.6469 53.1186
2 24 7.0068 -0.3227 55.4063 4.7192 -0.3227 53.1186
2 24 30.1319 -11.2654 43.7436 27.0069 -11.0467 44.581
2 24 30.1319 -0.3227 43.7436 27.0069 -0.3227 44.581
2 24 27.0069 -11.0467 44.581 24.7192 -10.3795 46.8686
2 24 27.0069 -0.3227 44.581 24.7192 -0.3227 46.8686
2 24 24.7192 -10.3795 46.8686 23.8819 -9.5248 49.9936
2 24 24.7192 -0.3227 46.8686 23.8819 -0.3227 49.9936
2 24 23.8819 -9.5248 49.9936 24.7192 -8.6594 53.1186
2 24 23.8819 -0.3227 49.9936 24.7192 -0.3227 53.1186
2 24 24.7192 -8.6594 53.1186 27.0069 -7.9686 55.4063
2 24 24.7192 -0.3227 53.1186 27.0069 -0.3227 55.4063
2 24 30.1319 -7.7389 56.2436 27.0069 -7.9686 55.4063
2 24 30.1319 -0.3227 56.2436 27.0069 -0.3227 55.4063
2 24 23.8819 -12.6188 29.9936 24.7192 -12.6133 33.1186
2 24 23.8819 -0.3227 29.9936 24.7192 -0.3227 33.1186
2 24 24.7192 -12.6133 33.1186 27.0069 -12.5982 35.4063
2 24 24.7192 -0.3227 33.1186 27.0069 -0.3227 35.4063
2 24 30.1319 -12.5776 36.2436 27.0069 -12.5982 35.4063
2 24 30.1319 -0.3227 36.2436 27.0069 -0.3227 35.4063
2 24 -20.5903 -5.25 48.9633 -22.2791 -5.25 45.9169
2 24 -22.2791 -5.25 45.9169 -22.2791 0 45.9169
2 24 -20.6867 0 48.8067 -22.2791 0 45.9169
2 24 2.0068 -0.3227 29.9936 3.0954 -0.3227 34.0561
2 24 2.0068 -12.1076 29.9936 3.0954 -12.1076 34.0561
2 24 3.0954 -12.1076 34.0561 6.0693 -12.1076 37.0301
2 24 3.0954 -0.3227 34.0561 6.0693 -0.3227 37.0301
2 24 6.0693 -0.3227 37.0301 10.1318 -0.3227 38.1186
2 24 6.0693 -12.1076 37.0301 10.1318 -12.1076 38.1186
2 24 10.1318 -0.3227 38.1186 14.1943 -0.3227 37.0301
2 24 10.1318 -12.1076 38.1186 14.1943 -12.2251 37.0301
2 24 14.1943 -0.3227 37.0301 17.1683 -0.3227 34.0561
2 24 14.1943 -12.2251 37.0301 17.1683 -12.4602 34.0561
2 24 18.2568 -0.3227 29.9936 17.1683 -0.3227 34.0561
2 24 18.2568 -12.5777 29.9936 17.1683 -12.4602 34.0561
2 24 30.1319 -12.1076 38.1186 26.0694 -12.2251 37.0301
2 24 30.1319 -0.3227 38.1186 26.0694 -0.3227 37.0301
2 24 26.0694 -0.3227 37.0301 23.0954 -0.3227 34.0561
2 24 26.0694 -12.2251 37.0301 23.0954 -12.4602 34.0561
2 24 22.0069 -12.5777 29.9936 23.0954 -12.4602 34.0561
2 24 22.0069 -0.3227 29.9936 23.0954 -0.3227 34.0561
2 24 14.1943 -0.3227 57.0301 17.1683 -0.3227 54.0561
2 24 14.1943 -7.3758 57.0301 17.1683 -8.4864 54.0561
2 24 14.1943 -0.3227 57.0301 10.1318 -0.3227 58.1186
2 24 14.1943 -7.3758 57.0301 10.1318 -6.9347 58.1186
2 24 10.1318 -6.9347 58.1186 6.0693 -7.2545 57.0301
2 24 10.1318 -0.3227 58.1186 6.0693 -0.3227 57.0301
2 24 6.0693 -0.3227 57.0301 3.0954 -0.3227 54.0561
2 24 6.0693 -7.2545 57.0301 3.0954 -8.1241 54.0561
2 24 3.0954 -8.1241 54.0561 2.0068 -9.3022 49.9936
2 24 3.0954 -0.3227 54.0561 2.0068 -0.3227 49.9936
2 24 2.0068 -9.3022 49.9936 3.0954 -10.4694 45.9311
2 24 2.0068 -0.3227 49.9936 3.0954 -0.3227 45.9311
2 24 3.0954 -10.4694 45.9311 6.0693 -11.3172 42.9572
2 24 3.0954 -0.3227 45.9311 6.0693 -0.3227 42.9572
2 24 6.0693 -11.3172 42.9572 10.1318 -11.6261 41.8686
2 24 6.0693 -0.3227 42.9572 10.1318 -0.3227 41.8686
2 24 10.1318 -0.3227 41.8686 14.1943 -0.3227 42.9572
2 24 10.1318 -11.6261 41.8686 14.1943 -11.4362 42.9572
2 24 14.1943 -0.3227 42.9572 17.1683 -0.3227 45.9311
2 24 14.1943 -11.4362 42.9572 17.1683 -10.8277 45.9311
2 24 17.1683 -0.3227 45.9311 18.2568 -0.3227 49.9936
2 24 17.1683 -10.8277 45.9311 18.2568 -9.7825 49.9936
2 24 17.1683 -0.3227 54.0561 18.2568 -0.3227 49.9936
2 24 17.1683 -8.4864 54.0561 18.2568 -9.7825 49.9936
2 24 -12.993 -7.2763 44.5788 -15.2807 -5.8532 46.8665
2 24 -6.743 -9.0603 44.5913 -9.868 -8.4137 43.7415
2 24 -6.743 -9.0603 44.5913 -4.4554 -9.0603 46.8665
2 24 -4.4554 -9.0603 46.8665 -3.618 -8.3713 49.9915
2 24 -6.743 -5.8114 55.4041 -4.4554 -7.2292 53.1165
2 24 -16.8964 -7.2545 34.0561 -17.9849 -6.9347 29.9936
2 24 -21.6042 -5.25 34.8416 -21.9318 -5.25 30
2 24 -13.9224 -8.1241 37.0301 -16.8964 -7.2545 34.0561
2 24 -21.6042 -5.25 34.8416 -19.9826 -5.25 41.1044
2 24 -19.9826 -5.25 41.1044 -17.1174 -5.1958 46.7102
2 24 -16.9045 -5.3883 45.9311 -17.1174 -5.1958 46.7102
2 24 30.1319 -5.7115 58.1186 26.416 -6.0559 57.1229
2 24 30.1319 -0.3227 58.1186 26.0694 -0.3227 57.0301
2 24 30 -5.25 66.0125 20.3952 -5.25 66.0125
2 24 2.047 -5.25 66.0125 -1.972 -5.25 66.0125
2 24 -1.972 -5.25 66.0125 -3.6251 -5.25 65.1804
2 24 -3.6251 -5.25 65.1804 -4.9695 -5.25 63.9085
2 24 -4.9695 -5.25 63.9085 -5.8919 -5.25 62.3041
2 24 -5.8919 -5.25 62.3041 -5.8919 0 62.3041
2 24 -5.0884 0 63.9085 -5.8919 0 62.3041
2 24 -5.0884 0 63.9085 -4.2772 0 65.1804
2 24 -4.9695 -5.25 63.9085 -3.6251 -5.25 65.1804
2 24 -3.6251 -5.25 65.1804 -1.972 -5.25 66.0125
2 24 -1.972 -5.25 66.0125 -3.0802 0.0023 66.0125
2 24 -4.2772 0 65.1804 -3.0802 0.0023 66.0125
2 24 -3.0802 0.0023 66.0125 2.8235 -0.0066 66.0125
2 24 -3.0802 0.0023 66.0125 -1.972 -5.25 66.0125
2 24 2.8235 -0.0066 66.0125 2.047 -5.25 66.0125
2 24 -1.972 -5.25 66.0125 2.047 -5.25 66.0125
2 24 3.5633 -0.006 65.4155 3.4568 -5.25 65.4056
2 24 3.5633 -0.006 65.4155 2.8235 -0.0066 66.0125
2 24 3.4568 -5.25 65.4056 2.047 -5.25 66.0125
2 24 2.8235 -0.0066 66.0125 2.047 -5.25 66.0125
2 24 10.025 0 66.0125 3.5633 -0.006 65.4155
2 24 10.025 -5.25 66.0125 3.4568 -5.25 65.4056
2 24 3.5633 -0.006 65.4155 3.4568 -5.25 65.4056
2 24 10.025 0 66.0125 20.3952 0 66.0125
2 24 10.025 -5.25 66.0125 20.3952 -5.25 66.0125
2 24 30 0 66.0125 20.3952 0 66.0125
2 24 30 -5.25 66.0125 20.3952 -5.25 66.0125
2 24 -10.4847 -3.8512 59.6016 -10.9354 -4.8514 59.2842
2 24 -10.9354 -4.8514 59.2842 -11.8025 -5.25 58.6437
2 24 -8.9535 -5.25 60.6058 -11.8025 -5.25 58.6437
2 24 -19.28 -4.8514 50.9312 -19.597 -3.8512 50.4802
2 24 -19.795 -1.3988 50.1908 -19.597 -3.8512 50.4802
2 24 -24.0115 -4.8 50.5565 -25.0674 -4.8 48.7439
2 24 -16.9045 -5.1977 54.0561 -17.993 -5.1977 49.9936
2 24 -20.5903 -5.25 48.9633 -18.6403 -5.25 51.7991
2 24 4.7192 -8.6469 53.1186 3.8818 -9.5017 49.9936
2 24 3.8818 -9.5017 49.9936 4.7192 -10.3774 46.8686
2 24 4.7192 -10.3774 46.8686 7.0068 -11.0437 44.581
2 24 7.0068 -11.0437 44.581 10.1318 -11.3283 43.7436
2 24 7.0068 -8.0364 55.4063 10.1318 -7.8574 56.2436
2 24 13.2568 -11.1639 44.581 15.5445 -10.5925 46.8686
2 24 15.5445 -10.5925 46.8686 16.3818 -9.7554 49.9936
2 24 16.3818 -9.7554 49.9936 15.5445 -8.8672 53.1186
2 24 15.5445 -8.8672 53.1186 13.2568 -8.1622 55.4063
2 24 10.1318 -11.3283 43.7436 13.2568 -11.1639 44.581
2 24 10.1318 -7.8574 56.2436 13.2568 -8.1622 55.4063
2 24 -29.8682 0 30 -29.1486 0 36.4999
2 24 -25.9875 0 30 -25.3684 0 36.6489
2 24 -25.3684 0 36.6489 -25.9875 0 37.978
2 24 -29.1486 0 36.4999 -27.414 0 43.1698
2 24 -25.9875 0 37.978 -25.9875 0 41.997
2 24 -25.9875 0 41.997 -25.1554 0 43.6501
2 24 -11.5319 0 63.4119 -7.5054 0 65.6895
2 24 -8.8127 0 60.6927 -5.8919 0 62.3041
2 24 -11.5319 0 63.4119 -12.4376 -0.3986 62.8099
2 24 -8.8127 0 60.6927 -9.7349 -0.3986 60.1072
2 24 -12.4376 -0.3986 62.8099 -12.8907 -1.3988 62.495
2 24 -9.7349 -0.3986 60.1072 -10.1956 -1.3988 59.7998
2 24 -10.1956 -1.3988 59.7998 -10.4847 -3.8512 59.6016
2 24 -12.8907 -1.3988 62.495 -13.1755 -3.8512 62.2923
2 24 -10.4847 -3.8512 59.6016 -10.9354 -4.8514 59.2842
2 24 -13.1755 -3.8512 62.2923 -13.5844 -4.8 62.013
2 24 -13.5844 -4.8 62.013 -13.955 -5.25 60.7962
2 24 -11.8025 -5.25 58.6437 -10.9354 -4.8514 59.2842
2 24 -13.955 -5.25 60.7962 -14.7515 -5.25 60.1598
2 24 -14.7515 -5.25 60.1598 -17.5885 -5.25 57.5885
2 24 -13.9305 -5.1977 57.0301 -16.9045 -5.1977 54.0561
2 24 -17.5885 -5.25 57.5885 -20.1598 -5.25 54.7515
2 24 -20.1598 -5.25 54.7515 -20.7962 -5.25 53.955
2 24 -18.6403 -5.25 51.7991 -19.28 -4.8514 50.9312
2 24 -20.7962 -5.25 53.955 -22.013 -4.8 53.5844
2 24 -22.013 -4.8 53.5844 -22.2882 -3.8512 53.1714
2 24 -19.28 -4.8514 50.9312 -19.597 -3.8512 50.4802
2 24 -19.597 -3.8512 50.4802 -19.795 -1.3988 50.1908
2 24 -22.2882 -3.8512 53.1714 -22.4907 -1.3988 52.8864
2 24 -22.4907 -1.3988 52.8864 -22.8052 -0.3986 52.4329
2 24 -19.795 -1.3988 50.1908 -20.102 -0.3986 49.7297
2 24 -20.6867 0 48.8067 -20.102 -0.3986 49.7297
2 24 -23.4065 0 51.5265 -22.8052 -0.3986 52.4329
2 24 -5.8919 0 62.3041 -5.0884 0 63.9085
2 24 -5.0884 0 63.9085 -4.2772 0 65.1804
2 24 -7.5054 0 65.6895 -2.4549 0 67.7096
2 24 -4.2772 0 65.1804 -3.0802 0.0023 66.0125
2 24 10.025 0 69.9936 2.8035 0 69.1012
2 24 10.025 0 66.0125 3.5633 -0.006 65.4155
2 24 10.025 0 69.9936 20.3952 0 69.9936
2 24 10.025 0 66.0125 20.3952 0 66.0125
2 24 30 0 69.9936 20.3952 0 69.9936
2 24 30 0 66.0125 20.3952 0 66.0125
2 24 3.5633 -0.006 65.4155 2.8235 -0.0066 66.0125
2 24 -22.2791 0 45.9169 -23.8835 0 44.9945
2 24 -25.9875 -5.25 30 -25.3684 -5.25 36.6489
2 24 -25.3684 -5.25 36.6489 -25.3684 0 36.6489
2 24 -25.9875 0 30 -25.3684 0 36.6489
2 24 -25.3684 -5.25 36.6489 -25.3684 0 36.6489
2 24 -25.3684 -5.25 36.6489 -25.9875 -5.25 37.978
2 24 -25.3684 0 36.6489 -25.9875 0 37.978
2 24 -25.9875 -5.25 37.978 -25.9875 0 37.978
2 24 -23.8835 -5.25 44.9945 -25.1554 -5.25 43.6501
2 24 -23.8835 0 44.9945 -25.1554 0 43.6501
2 24 -20.102 -0.3986 49.7297 -20.6867 0 48.8067
2 24 -25.9875 -5.25 41.997 -25.1554 -5.25 43.6501
2 24 -23.8835 -5.25 44.9945 -25.1554 -5.25 43.6501
2 24 -1.7349 -0.3227 29.9936 -2.8235 -0.3227 34.0561
2 24 -1.7349 -11.6261 29.9936 -2.8235 -11.3172 34.0561
2 24 -2.8235 -0.3227 34.0561 -5.7974 -0.3227 37.0301
2 24 -2.8235 -11.3172 34.0561 -5.7974 -10.4694 37.0301
2 24 -5.7974 -0.3227 37.0301 -9.8599 -0.3227 38.1186
2 24 -5.7974 -10.4694 37.0301 -9.8599 -9.3022 38.1186
2 24 -9.8599 -0.3227 38.1186 -13.9224 -0.3227 37.0301
2 24 -9.8599 -9.3022 38.1186 -13.9224 -8.1241 37.0301
2 24 -13.9224 -8.1241 37.0301 -16.8964 -7.2545 34.0561
2 24 -13.9224 -0.3227 37.0301 -16.8964 -0.3227 34.0561
2 24 -17.9849 -0.3227 29.9936 -16.8964 -0.3227 34.0561
2 24 -17.9849 -6.9347 29.9936 -16.8964 -7.2545 34.0561
2 24 -17.993 -0.3227 49.9936 -16.9045 -0.3227 54.0561
2 24 -17.993 -5.1977 49.9936 -16.9045 -5.1977 54.0561
2 24 -16.9045 -5.3883 45.9311 -17.1174 -5.1958 46.7102
2 24 -9.868 -8.7759 41.8686 -13.9305 -7.2584 42.9572
2 24 -9.868 -0.3227 41.8686 -13.9305 -0.3227 42.9572
2 24 -9.868 -8.7759 41.8686 -5.8055 -9.6451 42.9572
2 24 -9.868 -0.3227 41.8686 -5.8055 -0.3227 42.9572
2 24 -5.8055 -0.3227 42.9572 -2.8316 -0.3227 45.9311
2 24 -5.8055 -9.6451 42.9572 -2.8316 -9.6443 45.9311
2 24 -2.8316 -0.3227 45.9311 -1.743 -0.3227 49.9936
2 24 -2.8316 -9.6443 45.9311 -1.743 -8.7759 49.9936
2 24 -1.743 -0.3227 49.9936 -2.8316 -0.3227 54.0561
2 24 -1.743 -8.7759 49.9936 -2.8316 -7.2637 54.0561
2 24 -2.8316 -0.3227 54.0561 -5.8055 -0.3227 57.0301
2 24 -2.8316 -7.2637 54.0561 -5.8055 -5.2707 57.0301
2 24 -9.868 -5.1977 58.1186 -6.5807 -5.1966 57.2475
2 24 -9.868 -0.3227 58.1186 -5.8055 -0.3227 57.0301
2 24 30 -4.8 69.9936 20.3952 -4.8 69.9936
2 24 20.3952 -4.8 69.9936 10.025 -4.8 69.9936
2 24 10.025 -4.8 69.9936 2.8035 -4.8 69.1012
2 24 2.8035 -4.8 69.1012 -5.0846 -4.7477 66.7294
2 24 -10.6868 -4.8 63.9423 -5.0846 -4.7477 66.7294
2 24 -17.5885 -5.25 57.5885 -14.7515 -5.25 60.1598
2 24 -20.7962 -5.25 53.955 -22.013 -4.8 53.5844
2 24 -24.0115 -4.8 50.5565 -22.013 -4.8 53.5844
2 24 -22.2882 -3.8512 53.1714 -22.4907 -1.3988 52.8864
2 24 -22.4907 -1.3988 52.8864 -22.8052 -0.3986 52.4329
2 24 -22.8052 -0.3986 52.4329 -23.4065 0 51.5265
2 24 -24.0115 -4.8 9.4435 -22.013 -4.8 6.4156
2 24 -22.2882 -3.8512 6.8286 -22.013 -4.8 6.4156
2 24 -13.1755 -3.8512 62.2923 -12.8907 -1.3988 62.495
2 24 -12.8907 -1.3988 62.495 -12.4376 -0.3986 62.8099
2 24 -12.4376 -0.3986 62.8099 -11.5319 0 63.4119
2 24 -11.5319 0 63.4119 -7.5054 0 65.6895
2 24 -10.6868 -4.8 63.9423 -5.0846 -4.7477 66.7294
2 24 -7.5054 0 65.6895 -2.4549 0 67.7096
2 24 -2.4549 0 67.7096 2.8035 0 69.1012
2 24 -5.0846 -4.7477 66.7294 2.8035 -4.8 69.1012
2 24 2.8035 -4.8 69.1012 10.025 -4.8 69.9936
2 24 2.8035 0 69.1012 10.025 0 69.9936
2 24 10.025 0 69.9936 20.3952 0 69.9936
2 24 10.025 -4.8 69.9936 20.3952 -4.8 69.9936
2 24 30 -4.8 69.9936 20.3952 -4.8 69.9936
2 24 30 0 69.9936 20.3952 0 69.9936
2 24 -25.0674 -4.8 48.7439 -27.414 -4.8 43.1698
2 24 -27.414 -4.8 43.1698 -29.3702 -4.8 36.6695
2 24 -29.8682 -4.8 30 -29.372 -4.8 23.2145
2 24 -27.4171 -4.8 16.6206 -25.0674 -4.8 11.2561
2 24 -24.0115 -4.8 9.4435 -25.0674 -4.8 11.2561
2 24 30 -4.8 -10.0064 20.3952 -4.8 -10.0064
2 24 20.3952 -4.8 -10.0064 10.025 -4.8 -10.0064
2 24 10.025 -4.8 -10.0064 2.8035 -4.8 -9.1012
2 24 2.8035 -4.8 -9.1012 -4.8901 -4.7477 -6.8119
2 24 -4.8901 -4.7477 -6.8119 -10.6868 -4.8 -3.9423
2 24 -10.6868 -4.8 -3.9423 -13.5844 -4.8 -2.013
2 24 -13.5844 -4.8 -2.013 -13.955 -5.25 -0.7962
2 24 -22.2882 -3.8512 53.1714 -22.013 -4.8 53.5844
2 24 -24.0115 -4.8 50.5565 -22.013 -4.8 53.5844
2 24 -23.4065 0 51.5265 -25.0674 0 48.7439
2 24 -24.0115 -4.8 50.5565 -25.0674 -4.8 48.7439
2 24 -25.0674 -4.8 48.7439 -27.414 -4.8 43.1698
2 24 -25.0674 0 48.7439 -27.414 0 43.1698
2 24 -27.414 -4.8 43.1698 -29.3702 -4.8 36.6695
2 24 -27.414 0 43.1698 -29.1486 0 36.4999
2 24 -16.9045 -0.3227 45.9311 -13.9305 -0.3227 42.9572
2 24 -15.2807 -0.3227 46.8665 -12.993 -0.3227 44.5788
2 24 -13.9305 -0.3227 42.9572 -9.868 -0.3227 41.8686
2 24 -12.993 -0.3227 44.5788 -9.868 -0.3227 43.7415
2 24 -9.868 -0.3227 41.8686 -5.8055 -0.3227 42.9572
2 24 -9.868 -0.3227 43.7415 -6.743 -0.3227 44.5788
2 24 -5.8055 -0.3227 42.9572 -2.8316 -0.3227 45.9311
2 24 -6.743 -0.3227 44.5788 -4.4554 -0.3227 46.8665
2 24 -2.8316 -0.3227 45.9311 -1.743 -0.3227 49.9936
2 24 -4.4554 -0.3227 46.8665 -3.618 -0.3227 49.9915
2 24 -1.743 -0.3227 49.9936 -2.8316 -0.3227 54.0561
2 24 -3.618 -0.3227 49.9915 -4.4554 -0.3227 53.1165
2 24 -2.8316 -0.3227 54.0561 -5.8055 -0.3227 57.0301
2 24 -4.4554 -0.3227 53.1165 -6.743 -0.3227 55.4041
2 24 -5.8055 -0.3227 57.0301 -9.868 -0.3227 58.1186
2 24 -6.743 -0.3227 55.4041 -9.868 -0.3227 56.2415
2 24 -9.868 -0.3227 58.1186 -13.9305 -0.3227 57.0301
2 24 -9.868 -0.3227 56.2415 -12.993 -0.3227 55.4041
2 24 -13.9305 -0.3227 57.0301 -16.9045 -0.3227 54.0561
2 24 -12.993 -0.3227 55.4041 -15.2807 -0.3227 53.1165
2 24 -16.9045 -0.3227 54.0561 -17.993 -0.3227 49.9936
2 24 -15.2807 -0.3227 53.1165 -16.118 -0.3227 49.9915
2 24 -16.9045 -0.3227 45.9311 -17.993 -0.3227 49.9936
2 24 -15.2807 -0.3227 46.8665 -16.118 -0.3227 49.9915
2 24 -17.1174 -5.1958 46.7102 -17.993 -5.1977 49.9936
2 24 -17.993 -5.1977 49.9936 -17.1174 -5.1958 46.7102
2 24 -17.993 -0.3227 49.9936 -16.9045 -0.3227 45.9311
2 24 -17.993 -5.1977 9.9936 -17.1242 -5.1959 13.2902
2 24 -17.993 -0.3227 9.9936 -16.9045 -0.3227 14.0561
2 24 -16.9045 -0.3227 14.0561 -17.993 -0.3227 9.9936
2 24 -15.2807 -0.3227 13.1208 -16.118 -0.3227 9.9958
2 24 26.2683 -2 -4.445 26.2683 0 -4.445
2 24 23.0094 0 -6.0125 26.2683 0 -4.445
2 24 23.0094 0 -6.0125 26.2683 0 -4.445
2 24 26.7958 0 -5.8708 26.2683 0 -4.445
2 24 30 -5.25 -3.875 28.1544 -5.25 -4.0274
2 24 30 -5.25 -1.975 27.7822 -5.2509 -1.9708
2 24 30 -5.25 -3.875 28.1544 -5.25 -4.0274
2 24 30 -1.2575 -3.875 28.7656 -1.2575 -3.9361
2 24 26.2683 -2 -4.445 27.4953 -2 -4.1285
2 24 23.0094 -5.25 -6.0125 28.1544 -5.25 -4.0274
2 24 28.0088 -1.2575 -4.0346 28.2266 -1.2575 -4.7944
2 24 28.0088 -1.2575 -4.0346 27.4953 -2 -4.1285
2 24 27.4953 -2 -4.1285 27.765 -2 -5.0337
2 24 28.0088 -1.2575 -4.0346 28.7656 -1.2575 -3.9361
2 24 28.0088 -1.2575 -4.0346 28.2266 -1.2575 -4.7944
2 24 28.2266 -1.2575 -4.7944 29.0888 -1.2376 -5.6533
2 24 30 -2 -7.65 28.2029 -2 -7.1718
2 24 30 0 -7.6744 28.1684 0 -7.1601
2 24 30 -2 -6.3891 28.875 -2 -6.12
2 24 30 -1.2575 -5.8709 29.0888 -1.2376 -5.6533
2 24 28.7656 -1.2575 -3.9361 28.0088 -1.2575 -4.0346
2 24 27.4953 -2 -4.1285 28.0088 -1.2575 -4.0346
2 24 30 -1.2575 -5.8709 29.0888 -1.2376 -5.6533
2 24 30 -1.2575 -3.875 28.7656 -1.2575 -3.9361
2 24 28.2029 -2 -7.1718 26.7958 -2 -5.8708
2 24 28.875 -2 -6.12 27.765 -2 -5.0337
2 24 28.1684 0 -7.1601 26.7958 0 -5.8708
2 24 28.2029 -2 -7.1718 26.7958 -2 -5.8708
2 24 26.7958 -2 -5.8708 26.2683 -2 -4.445
2 24 26.2683 -2 -4.445 26.2683 0 -4.445
2 24 26.7958 0 -5.8708 26.2683 0 -4.445
2 24 26.7958 -2 -5.8708 26.2683 -2 -4.445
2 24 26.2683 -2 -4.445 27.4953 -2 -4.1285
2 24 27.765 -2 -5.0337 27.4953 -2 -4.1285
2 24 28.2266 -1.2575 -4.7944 29.0888 -1.2376 -5.6533
2 24 27.765 -2 -5.0337 28.875 -2 -6.12
2 24 30 -2 -6.3891 28.875 -2 -6.12
2 24 30 -2 -7.65 28.2029 -2 -7.1718
2 24 -12.9932 -8.6638 35.4063 -15.2808 -7.9935 33.1186
2 24 -9.8682 -9.5368 36.2436 -6.7432 -10.3887 35.4063
2 24 -15.2808 -7.9935 26.8686 -12.9932 -8.6638 24.581
2 24 -16.1182 -7.7515 29.9936 -15.2808 -7.9935 33.1186
2 24 10.1318 -13.107 36.2436 13.2568 -13.0513 35.4063
2 24 7.0068 -13.1627 35.4063 4.7192 -13.2056 33.1186
2 24 4.7192 -13.2056 26.8686 7.0068 -13.1627 24.581
2 24 3.8818 -13.2213 29.9936 4.7192 -13.2056 33.1186
2 24 27.0069 -11.0467 44.581 24.7192 -10.3795 46.8686
2 24 24.7192 -10.3795 46.8686 23.8819 -9.5248 49.9936
2 24 23.8819 -9.5248 49.9936 24.7192 -8.6594 53.1186
2 24 27.0069 -7.9686 55.4063 24.7192 -8.6594 53.1186
2 24 30.1319 -7.7382 3.7436 27.0069 -8.0489 4.581
2 24 24.7192 -8.8037 6.8686 27.0069 -8.0489 4.581
2 24 23.8819 -12.6188 29.9936 24.7192 -12.6133 33.1186
2 24 24.7192 -12.6133 33.1186 27.0069 -12.5982 35.4063
2 24 30.1319 -12.5776 36.2436 27.0069 -12.5982 35.4063
2 24 -11.8025 -5.25 58.6437 -8.9535 -5.25 60.6058
2 24 -6.5807 -5.1966 57.2475 -1.0901 -5.25 59.9442
2 24 -5.8919 -5.25 62.3041 -4.9695 -5.25 63.9085
2 24 -2.4549 0 67.7096 2.8035 0 69.1012
2 24 -3.0802 0.0023 66.0125 2.8235 -0.0066 66.0125
2 24 -25.9875 0 22.022 -25.3684 0 23.3511
2 24 -22.2791 0 14.0831 -20.6867 0 11.1933
2 24 -25.0674 0 11.2561 -23.4065 0 8.4735
2 24 -25.1554 0 43.6501 -23.8835 0 44.9945
2 24 -25.0674 0 48.7439 -27.414 0 43.1698
2 24 -10.1956 -1.3988 59.7998 -9.7349 -0.3986 60.1072
2 24 -9.7349 -0.3986 60.1072 -8.8127 0 60.6927
2 24 -10.4847 -3.8512 59.6016 -10.1956 -1.3988 59.7998
2 24 -8.9535 -5.25 60.6058 -5.8919 -5.25 62.3041
2 24 -8.8127 0 60.6927 -5.8919 0 62.3041
2 24 -5.8919 -5.25 62.3041 -5.8919 0 62.3041
2 24 -19.9826 -5.25 18.8957 -17.1242 -5.1959 13.2902
2 24 -14.7515 -5.25 -0.1598 -13.955 -5.25 -0.7962
2 24 -13.955 -5.25 60.7962 -14.7515 -5.25 60.1598
2 24 -12.993 -7.2763 44.5788 -9.868 -8.4137 43.7415
2 24 -3.618 -8.3713 49.9915 -4.4554 -7.2292 53.1165
2 24 -16.118 -5.196 49.9915 -15.2807 -5.1963 53.1165
2 24 -12.993 -5.198 55.4041 -9.868 -5.1475 56.2415
2 24 -9.868 -8.4137 16.2458 -6.743 -9.0603 15.396
2 24 -4.4554 -9.0603 13.1208 -3.618 -8.3713 9.9958
2 24 -12.993 -5.198 4.5831 -9.868 -5.1475 3.7458
2 24 -15.2807 -5.1963 6.8708 -16.118 -5.196 9.9958
2 24 30.1319 -6.9738 1.8686 26.0694 -7.4637 2.9572
2 24 30 -5.25 -1.975 27.7822 -5.2509 -1.9708
2 24 -16.8964 -7.2545 25.9311 -17.9849 -6.9347 29.9936
2 24 -21.2587 -5.25 24.4933 -21.9318 -5.25 30
2 24 -20.1598 -5.25 54.7515 -20.7962 -5.25 53.955
2 24 -12.5645 -5.1602 52.5609 -15.9051 -5.1977 48.3738
2 24 -15.2807 -5.8532 46.8665 -15.9051 -5.1977 48.3738
2 24 -16.118 -5.196 9.9958 -15.9051 -5.1977 11.6134
2 24 -12.4446 -5.2031 7.4172 -15.9051 -5.1977 11.6134
2 24 -9.868 -5.1475 56.2415 -8.2504 -5.1977 56.0285
2 24 -12.5645 -5.1602 52.5609 -8.2504 -5.1977 56.0285
2 24 -12.4446 -5.2031 7.4172 -8.2504 -5.1977 3.9587
2 24 -6.743 -5.8114 4.5831 -8.2504 -5.1977 3.9587
2 24 -9.868 -5.1475 56.2415 -8.2504 -5.1977 56.0285
2 24 -9.868 -0.3227 3.7458 -6.743 -0.3227 4.5831
2 24 -6.743 -5.8114 4.5831 -8.2504 -5.1977 3.9587
2 24 -15.2807 -0.3227 46.8665 -16.118 -0.3227 49.9915
2 24 -15.2807 -5.8532 46.8665 -15.9051 -5.1977 48.3738
2 24 -15.9051 -5.1977 11.6134 -16.118 -5.196 9.9958
2 24 72.7083 -5.2031 7.4172 68.5141 -5.1977 3.9587
2 24 70.1318 -5.1475 3.7458 68.5141 -5.1977 3.9587
2 24 70.1318 -5.1475 3.7458 68.5141 -5.1977 3.9587
2 24 67.0068 -5.8114 55.4041 68.5141 -5.1977 56.0285
2 24 72.7083 -5.2031 52.57 68.5141 -5.1977 56.0285
2 24 70.1318 -0.3227 56.2415 67.0068 -0.3227 55.4041
2 24 68.5141 -5.1977 56.0285 67.0068 -5.8114 55.4041
2 24 75.5444 -5.8526 13.1208 75.9929 -5.1996 11.5685
2 24 72.7083 -5.2031 7.4172 75.9929 -5.1996 11.5685
2 24 75.5444 -0.3227 13.1208 76.3438 -0.3231 9.9861
2 24 75.5444 -5.8526 13.1208 75.9929 -5.1996 11.5685
2 24 72.7083 -5.2031 52.57 76.1688 -5.1977 48.3738
2 24 76.3818 -5.1964 49.9915 76.1688 -5.1977 48.3738
2 24 76.1688 -5.1977 48.3738 76.3818 -5.1964 49.9915
2 24 -16.9045 -5.1977 5.9311 -13.9305 -5.1977 2.9572
2 24 -16.9045 -0.3227 5.9311 -13.9305 -0.3227 2.9572
2 24 -13.9305 -5.1977 57.0301 -16.9045 -5.1977 54.0561
2 24 -13.9305 -0.3227 57.0301 -16.9045 -0.3227 54.0561
2 24 77.1682 -5.1977 5.9311 74.1943 -5.1977 2.9572
2 24 77.1682 -0.3227 5.9311 74.1943 -0.3227 2.9572
2 24 17.1683 -12.4602 25.9311 14.1943 -12.2251 22.9572
2 24 17.1683 -10.8277 14.0561 14.1943 -11.4362 17.0301
2 24 17.1683 -12.4602 34.0561 14.1943 -12.2251 37.0301
2 24 17.1683 -10.8277 45.9311 14.1943 -11.4362 42.9572
2 24 37.1683 -12.4602 34.0561 34.1944 -12.2251 37.0301
2 24 30.1319 -12.1076 38.1186 34.1944 -12.2251 37.0301
2 24 30.1319 -11.6261 41.8686 34.1944 -11.4362 42.9572
2 24 37.1683 -10.8277 45.9311 34.1944 -11.4362 42.9572
2 24 57.1684 -12.1076 34.0561 54.1944 -12.1076 37.0301
2 24 54.1944 -11.3172 42.9572 57.1684 -10.4694 45.9311
2 24 54.1944 -11.3172 17.0301 57.1684 -10.4694 14.0561
2 24 57.1684 -12.1076 25.9311 54.1944 -12.1076 22.9572
2 24 34.1944 -11.4362 17.0301 37.1683 -10.8277 14.0561
2 24 34.1944 -12.2251 22.9572 37.1683 -12.4602 25.9311
2 24 46.0694 -11.4362 17.0301 43.0955 -10.8277 14.0561
2 24 6.0693 -11.3172 42.9572 3.0954 -10.4694 45.9311
2 24 3.0954 -12.1076 34.0561 6.0693 -12.1076 37.0301
2 24 -2.8235 -11.3172 34.0561 -5.7974 -10.4694 37.0301
2 24 3.0954 -12.1076 25.9311 6.0693 -12.1076 22.9572
2 24 6.0693 -11.3172 17.0301 3.0954 -10.4694 14.0561
2 24 89.4056 -4.8 23.2145 90.1318 -4.8 30
2 24 89.2175 0 22.9977 90.1318 0 30
2 24 90.1318 -4.8 30 89.4056 -4.8 23.2145
2 24 87.4476 -4.8 43.1698 89.4038 -4.8 36.6695
2 24 -29.8682 -4.8 30 -29.3702 -4.8 36.6695
2 24 -29.8682 0 30 -29.1486 0 36.4999
2 24 -29.3702 -4.8 36.6695 -29.8682 -4.8 30
2 24 -29.372 -4.8 23.2145 -27.4171 -4.8 16.6206
2 24 26.0694 -7.424 57.0301 23.0954 -8.4864 54.0561
2 24 26.0694 -0.3227 57.0301 23.0954 -0.3227 54.0561
2 24 17.1683 -8.4864 54.0561 14.1943 -7.3758 57.0301
2 24 23.0954 -8.4864 54.0561 26.0694 -7.424 57.0301
2 24 26.25 -5.25 61.9729 17.0728 -5.25 61.9729
2 24 33.8478 -6.0559 57.1229 33.8478 -7.3059 57.1229
2 24 34.1944 -7.4698 57.0301 33.8478 -7.3059 57.1229
2 24 34.1944 -7.4698 57.0301 33.8478 -7.3059 57.1229
2 24 33.75 -5.25 61.9729 33.8478 -7.3059 57.1229
2 24 42.9273 -5.25 61.9729 33.75 -5.25 61.9729
2 24 66.8432 -5.1963 2.7403 66.0693 -5.4043 2.9572
2 24 74.1943 -0.3227 17.0301 77.1682 -0.3227 14.0561
2 24 74.1943 -7.2584 17.0301 77.1682 -5.3869 14.0561
2 24 63.0953 -0.3227 54.0561 66.0693 -0.3227 57.0301
2 24 63.0953 -7.2637 54.0561 66.0693 -5.4043 57.0301
2 24 77.1682 -5.4031 45.9311 77.3862 -5.1958 46.7115
2 24 77.1682 -5.4031 45.9311 77.3862 -5.1958 46.7115
2 24 79.9826 -5.25 41.1044 77.3862 -5.1958 46.7115
2 24 -16.9045 -5.3883 45.9311 -13.9305 -7.2584 42.9572
2 24 -16.9045 -0.3227 45.9311 -13.9305 -0.3227 42.9572
2 24 -13.9305 -7.2584 42.9572 -16.9045 -5.3883 45.9311
2 24 -5.8055 -5.2707 57.0301 -6.5807 -5.1966 57.2475
2 24 -5.8055 -5.2278 2.9572 -2.8316 -7.2637 5.9311
2 24 -5.8055 -0.3227 2.9572 -2.8316 -0.3227 5.9311
2 24 -16.9045 -5.1321 14.0561 -17.1242 -5.1959 13.2902
2 24 -16.9045 -5.1321 14.0561 -17.1242 -5.1959 13.2902
2 24 -19.9826 -5.25 18.8957 -17.1242 -5.1959 13.2902
2 24 67.5054 0 65.6895 62.4549 0 67.7096
2 24 64.2773 0 65.1804 63.0803 0.0023 66.0125
2 24 63.0953 -7.2637 54.0561 66.0693 -5.4043 57.0301
2 24 74.1943 -7.2584 17.0301 77.1682 -5.3869 14.0561
2 24 66.0693 -5.4043 2.9572 66.8432 -5.1963 2.7403
2 24 62.6087 -5.25 0.6183 66.8432 -5.1963 2.7403
2 24 -5.8055 -5.2278 2.9572 -2.8316 -7.2637 5.9311
2 24 -6.5807 -5.1966 57.2475 -5.8055 -5.2707 57.0301
2 24 -6.5807 -5.1966 57.2475 -1.0901 -5.25 59.9442
2 24 78.2568 -5.1977 9.9936 77.1682 -5.1977 5.9311
0 STEP
