0 Aircraft Fuselage Aft Section Curved Bottom 6 x 10 with 2 Pin Holes
0 Name: bl_7245.dat
0 Author: 
0 BL_Item_No 7245
0 BFC CERTIFY CCW
3 16 6.25 -24 0 6.25 -28.45 0 5.7742 -24 -2.3918
3 16 5.7742 -24 -2.3918 6.25 -28.45 0 5.7742 -28.45 -2.3918
3 16 0 -22.939 -6.25 -2.3918 -22.6827 -5.7742 -7.5 -23.5337 -8.0151
3 16 -7.5 -23.5337 -8.0151 -2.3918 -22.6827 -5.7742 -7.5 -22.8951 -6.1196
3 16 5.7742 -24 -2.3918 5.7742 -28.45 -2.3918 5.4039 -24 -3.1378
3 16 5.4039 -24 -3.1378 5.7742 -28.45 -2.3918 4.4194 -28.45 -4.4194
3 16 -7.5 -19.6606 -2.3924 -7.5 -21.8639 -4.4057 -5.7742 -19.6429 -2.3918
3 16 -5.7742 -19.6429 -2.3918 -7.5 -21.8639 -4.4057 -4.4247 -21.868 -4.4126
3 16 -7.5 -16.9746 -1.0908 -7.5 -19.6606 -2.3924 -6.1064 -16.9746 -1.0908
3 16 -6.1064 -16.9746 -1.0908 -7.5 -19.6606 -2.3924 -5.7742 -19.6429 -2.3918
3 16 -6.1064 -16.9746 -1.0908 -6.1537 -13.5 -0.7311 -7.5 -16.9746 -1.0908
3 16 -7.5 -16.9746 -1.0908 -6.1537 -13.5 -0.7311 -7.5 -13.5 -0.7311
3 16 -2.3918 -22.6827 -5.7742 -4.4247 -21.868 -4.4126 -7.5 -22.8951 -6.1196
3 16 -7.5 -22.8951 -6.1196 -4.4247 -21.868 -4.4126 -7.5 -21.8639 -4.4057
3 16 2.3918 -22.6884 -5.7742 5.4 -22.8951 -6.1196 4.4247 -21.868 -4.4126
3 16 4.4247 -21.868 -4.4126 5.4 -22.8951 -6.1196 5.4 -21.8639 -4.4057
3 16 5.4 -20.6663 -16.8657 5.4013 -24 -16.8629 5.4 -21.8639 -15.6015
3 16 5.4 -21.8639 -15.6015 5.4013 -24 -16.8629 5.4012 -24 -16.206
3 16 2.4702 -5.25 6.9476 2.4935 0 6.8907 4.2548 -5.25 4.2548
3 16 4.2548 -5.25 4.2548 2.4935 0 6.8907 4.2548 0 4.2548
3 16 18.125 0 10 17.5065 0 6.8907 16.3966 0 10
3 16 16.3966 0 10 17.5065 0 6.8907 15.5396 0 6.8017
3 16 17.5065 0 6.8907 15.7452 0 4.2548 15.5396 0 6.8017
3 16 13.1093 0 2.4935 13.1983 0 4.4604 15.7452 0 4.2548
3 16 15.7452 0 4.2548 13.1983 0 4.4604 15.5396 0 6.8017
3 16 10 0 1.875 10 0 3.6034 13.1093 0 2.4935
3 16 13.1093 0 2.4935 10 0 3.6034 13.1983 0 4.4604
3 16 10 0 1.875 6.8907 0 2.4935 10 0 3.6034
3 16 10 0 3.6034 6.8907 0 2.4935 6.8017 0 4.4604
3 16 6.8907 0 2.4935 4.2548 0 4.2548 6.8017 0 4.4604
3 16 6.8017 0 4.4604 4.2548 0 4.2548 4.4604 0 6.8017
3 16 4.2548 0 4.2548 2.4935 0 6.8907 4.4604 0 6.8017
3 16 1.875 0 10 3.6034 0 10 2.4935 0 6.8907
3 16 2.4935 0 6.8907 3.6034 0 10 4.4604 0 6.8017
3 16 1.875 0 10 2.4935 0 13.1093 3.6034 0 10
3 16 3.6034 0 10 2.4935 0 13.1093 4.4604 0 13.1983
3 16 2.4935 0 13.1093 4.2548 0 15.7452 4.4604 0 13.1983
3 16 6.8907 0 17.5065 6.8017 0 15.5396 4.2548 0 15.7452
3 16 4.2548 0 15.7452 6.8017 0 15.5396 4.4604 0 13.1983
3 16 10 0 18.125 10 0 16.3966 6.8907 0 17.5065
3 16 6.8907 0 17.5065 10 0 16.3966 6.8017 0 15.5396
3 16 10 0 18.125 13.1093 0 17.5065 10 0 16.3966
3 16 10 0 16.3966 13.1093 0 17.5065 13.1983 0 15.5396
3 16 13.1093 0 17.5065 15.7452 0 15.7453 13.1983 0 15.5396
3 16 13.1983 0 15.5396 15.7452 0 15.7453 15.5396 0 13.1983
3 16 15.7452 0 15.7453 17.5065 0 13.1093 15.5396 0 13.1983
3 16 18.125 0 10 16.3966 0 10 17.5065 0 13.1093
3 16 17.5065 0 13.1093 16.3966 0 10 15.5396 0 13.1983
3 16 64.4137 -74.7917 -28.1249 40.7488 -75.0401 -29.8228 56.768 -56.7822 -28.522
3 16 56.768 -56.7822 -28.522 40.7488 -75.0401 -29.8228 38.6696 -56.978 -29.852
3 16 56.768 -56.7822 -28.522 72.9492 -56.639 -26.0431 64.4137 -74.7917 -28.1249
3 16 64.4137 -74.7917 -28.1249 72.9492 -56.639 -26.0431 84.0391 -74.6905 -25.2877
3 16 72.9492 -56.639 -26.0431 92.0595 -56.4787 -21.0818 84.0391 -74.6905 -25.2877
3 16 84.0391 -74.6905 -25.2877 92.0595 -56.4787 -21.0818 107.6757 -74.6423 -19.7239
3 16 92.0595 -56.4787 -21.0818 108.4246 -56.1162 -14.0377 107.6757 -74.6423 -19.7239
3 16 107.6757 -74.6423 -19.7239 108.4246 -56.1162 -14.0377 126.9154 -74.5095 -12.4988
3 16 108.4246 -56.1162 -14.0377 121.6965 -55.8579 -4.927 126.9154 -74.5095 -12.4988
3 16 126.9154 -74.5095 -12.4988 121.6965 -55.8579 -4.927 142.3893 -74.4205 -3.7611
3 16 121.6965 -55.8579 -4.927 130.5826 -55.9588 4.5427 142.3893 -74.4205 -3.7611
3 16 142.3893 -74.4205 -3.7611 130.5826 -55.9588 4.5427 152.9506 -74.4476 5.0246
3 16 130.5826 -55.9588 4.5427 136.1296 -56.25 13.8961 152.9506 -74.4476 5.0246
3 16 152.9506 -74.4476 5.0246 136.1296 -56.25 13.8961 159.8723 -74.5412 13.9079
3 16 136.1296 -56.25 13.8961 138.6036 -56.504 21.5364 159.8723 -74.5412 13.9079
3 16 159.8723 -74.5412 13.9079 138.6036 -56.504 21.5364 163.1349 -74.6278 21.3892
3 16 138.6036 -56.504 21.5364 140.0244 -56.7301 30 163.1349 -74.6278 21.3892
3 16 163.1349 -74.6278 21.3892 140.0244 -56.7301 30 165.0097 -74.7258 30
3 16 56.768 -56.7822 -28.522 38.6696 -56.978 -29.852 49.3468 -38.7507 -28.8209
3 16 49.3468 -38.7507 -28.8209 38.6696 -56.978 -29.852 36.6886 -38.8559 -29.8605
3 16 49.3468 -38.7507 -28.8209 61.8039 -38.6095 -26.5145 56.768 -56.7822 -28.522
3 16 56.768 -56.7822 -28.522 61.8039 -38.6095 -26.5145 72.9492 -56.639 -26.0431
3 16 61.8039 -38.6095 -26.5145 76.3062 -38.3966 -21.9933 72.9492 -56.639 -26.0431
3 16 72.9492 -56.639 -26.0431 76.3062 -38.3966 -21.9933 92.0595 -56.4787 -21.0818
3 16 76.3062 -38.3966 -21.9933 89.669 -37.9306 -14.9698 92.0595 -56.4787 -21.0818
3 16 92.0595 -56.4787 -21.0818 89.669 -37.9306 -14.9698 108.4246 -56.1162 -14.0377
3 16 89.669 -37.9306 -14.9698 100.6797 -37.6083 -5.5346 108.4246 -56.1162 -14.0377
3 16 108.4246 -56.1162 -14.0377 100.6797 -37.6083 -5.5346 121.6965 -55.8579 -4.927
3 16 100.6797 -37.6083 -5.5346 107.9742 -37.74 4.3691 121.6965 -55.8579 -4.927
3 16 121.6965 -55.8579 -4.927 107.9742 -37.74 4.3691 130.5826 -55.9588 4.5427
3 16 107.9742 -37.74 4.3691 112.271 -38.1031 13.9929 130.5826 -55.9588 4.5427
3 16 130.5826 -55.9588 4.5427 112.271 -38.1031 13.9929 136.1296 -56.25 13.8961
3 16 112.271 -38.1031 13.9929 114.0377 -38.4371 21.7412 136.1296 -56.25 13.8961
3 16 136.1296 -56.25 13.8961 114.0377 -38.4371 21.7412 138.6036 -56.504 21.5364
3 16 114.0377 -38.4371 21.7412 115.0391 -38.7344 30 138.6036 -56.504 21.5364
3 16 138.6036 -56.504 21.5364 115.0391 -38.7344 30 140.0244 -56.7301 30
3 16 49.3468 -38.7507 -28.8209 36.6886 -38.8559 -29.8605 41.3692 -20.695 -28.8593
3 16 41.3692 -20.695 -28.8593 36.6886 -38.8559 -29.8605 34.8156 -20.7478 -29.8067
3 16 86.8141 -31.0754 -2.5621 101.7409 -44.3492 -4.4744 93.0846 -29.7497 15.0159
3 16 93.0846 -29.7497 15.0159 101.7409 -44.3492 -4.4744 107.3442 -40.0888 14.2426
3 16 93.0846 -29.7497 15.0159 107.3442 -40.0888 14.2426 94.0674 -28.9952 30
3 16 94.0674 -28.9952 30 107.3442 -40.0888 14.2426 109.0796 -39.6266 30
3 16 101.7409 -44.3492 -4.4744 86.8141 -31.0754 -2.5621 87.6434 -51.711 -17.6845
3 16 87.6434 -51.711 -17.6845 86.8141 -31.0754 -2.5621 74.683 -33.6973 -16.0428
3 16 130 -55.4229 20.1832 121.9 -51.0048 14.0451 130 -58.3611 10
3 16 130 -58.3611 10 121.9 -51.0048 14.0451 118.1058 -59.3822 -4.5189
3 16 149.9632 -87.4838 -2.4629 150.898 -80.7076 3.1317 134.9115 -83.6399 -8.281
3 16 134.9115 -83.6399 -8.281 150.898 -80.7076 3.1317 136.3822 -71.9421 -0.5758
3 16 161.0477 -86.0903 6.0995 150.898 -80.7076 3.1317 161.1091 -90.0306 2.6137
3 16 161.1091 -90.0306 2.6137 150.898 -80.7076 3.1317 149.9632 -87.4838 -2.4629
3 16 171.4485 -91.7328 9.0034 174.9679 -89.8939 15.9488 170 -89.788 10
3 16 170 -89.788 10 174.9679 -89.8939 15.9488 170 -86.4128 15.5387
3 16 177.0114 -88.6213 23.867 170 -83.6944 23.4463 174.9679 -89.8939 15.9488
3 16 174.9679 -89.8939 15.9488 170 -83.6944 23.4463 170 -86.4128 15.5387
3 16 170 -83.6944 23.4463 177.0114 -88.6213 23.867 170 -82.9688 30
3 16 170 -82.9688 30 177.0114 -88.6213 23.867 177.5103 -88.2886 30
3 16 134.9115 -83.6399 -8.281 136.3822 -71.9421 -0.5758 111.0818 -73.1336 -14.9946
3 16 111.0818 -73.1336 -14.9946 136.3822 -71.9421 -0.5758 118.1058 -59.3822 -4.5189
3 16 107.3442 -40.0888 14.2426 101.7409 -44.3492 -4.4744 121.9 -51.0048 14.0451
3 16 121.9 -51.0048 14.0451 101.7409 -44.3492 -4.4744 118.1058 -59.3822 -4.5189
3 16 107.3442 -40.0888 14.2426 121.9 -51.0048 14.0451 109.0796 -39.6266 30
3 16 109.0796 -39.6266 30 121.9 -51.0048 14.0451 123.3092 -49.7037 30
3 16 118.1058 -59.3822 -4.5189 101.7409 -44.3492 -4.4744 111.0818 -73.1336 -14.9946
3 16 111.0818 -73.1336 -14.9946 101.7409 -44.3492 -4.4744 87.6434 -51.711 -17.6845
3 16 111.0818 -73.1336 -14.9946 87.6434 -51.711 -17.6845 91.4916 -74.8024 -20.5455
3 16 43.3106 -36.8809 -25.9489 46.4907 -56.6662 -26.1622 58.9321 -35.9325 -23.2288
3 16 58.9321 -35.9325 -23.2288 46.4907 -56.6662 -26.1622 64.2098 -55.4348 -24.1633
3 16 64.2098 -55.4348 -24.1633 46.4907 -56.6662 -26.1622 63.5279 -75.9379 -24.8541
3 16 63.5279 -75.9379 -24.8541 46.4907 -56.6662 -26.1622 45.1381 -76.4843 -26.3821
3 16 87.6434 -51.711 -17.6845 64.2098 -55.4348 -24.1633 91.4916 -74.8024 -20.5455
3 16 91.4916 -74.8024 -20.5455 64.2098 -55.4348 -24.1633 63.5279 -75.9379 -24.8541
3 16 87.6434 -51.711 -17.6845 74.683 -33.6973 -16.0428 64.2098 -55.4348 -24.1633
3 16 64.2098 -55.4348 -24.1633 74.683 -33.6973 -16.0428 58.9321 -35.9325 -23.2288
3 16 161.0477 -86.0903 6.0995 161.1091 -90.0306 2.6137 171.4485 -91.7328 9.0034
3 16 160.7032 -82.5635 10 161.0477 -86.0903 6.0995 170 -89.788 10
3 16 170 -89.788 10 161.0477 -86.0903 6.0995 171.4485 -91.7328 9.0034
3 16 49.9902 -8 30 50.4541 -8 27.2282 53.8396 -10.0694 30
3 16 53.8396 -10.0694 30 50.4541 -8 27.2282 54.2008 -9.9895 27.7475
3 16 57.5215 -8.9729 23.2283 55.7566 -9.5175 24.891 55.4058 -8 21.3338
3 16 55.4058 -8 21.3338 55.7566 -9.5175 24.891 52.924 -8 23.4645
3 16 58.9494 -9.4877 26.3755 59.3685 -9.636 30 57.078 -9.8039 27.1461
3 16 57.078 -9.8039 27.1461 59.3685 -9.636 30 57.1395 -9.9293 30
3 16 57.5215 -8.9729 23.2283 58.9494 -9.4877 26.3755 55.7566 -9.5175 24.891
3 16 55.7566 -9.5175 24.891 58.9494 -9.4877 26.3755 57.078 -9.8039 27.1461
3 16 50.4541 -8 27.2282 52.924 -8 23.4645 54.2008 -9.9895 27.7475
3 16 54.2008 -9.9895 27.7475 52.924 -8 23.4645 55.7566 -9.5175 24.891
3 16 64.681 -12.7317 22.8598 65.9664 -13.0986 30 58.9494 -9.4877 26.3755
3 16 58.9494 -9.4877 26.3755 65.9664 -13.0986 30 59.3685 -9.636 30
3 16 59.3825 -11.6401 11.6084 64.681 -12.7317 22.8598 57.5215 -8.9729 23.2283
3 16 57.5215 -8.9729 23.2283 64.681 -12.7317 22.8598 58.9494 -9.4877 26.3755
3 16 59.3825 -11.6401 11.6084 57.5215 -8.9729 23.2283 53.3976 -8 14.3923
3 16 53.3976 -8 14.3923 57.5215 -8.9729 23.2283 55.4058 -8 21.3338
3 16 61.0053 -18.6499 -6.9846 70.073 -18.6932 4.8252 53.2279 -11.6243 1.4343
3 16 53.2279 -11.6243 1.4343 70.073 -18.6932 4.8252 59.3825 -11.6401 11.6084
3 16 53.2279 -11.6243 1.4343 45.2458 -11.9524 -6.7949 61.0053 -18.6499 -6.9846
3 16 61.0053 -18.6499 -6.9846 45.2458 -11.9524 -6.7949 50.3987 -18.8229 -15.1887
3 16 48.7591 -8 5.7795 41.3915 -8 -2.2921 53.2279 -11.6243 1.4343
3 16 53.2279 -11.6243 1.4343 41.3915 -8 -2.2921 45.2458 -11.9524 -6.7949
3 16 53.3976 -8 14.3923 48.7591 -8 5.7795 59.3825 -11.6401 11.6084
3 16 59.3825 -11.6401 11.6084 48.7591 -8 5.7795 53.2279 -11.6243 1.4343
3 16 45.2458 -11.9524 -6.7949 41.3915 -8 -2.2921 37.5327 -12.0395 -11.2498
3 16 37.5327 -12.0395 -11.2498 41.3915 -8 -2.2921 35.2559 -8 -6.2209
3 16 45.2458 -11.9524 -6.7949 37.5327 -12.0395 -11.2498 50.3987 -18.8229 -15.1887
3 16 50.3987 -18.8229 -15.1887 37.5327 -12.0395 -11.2498 39.97 -18.8492 -19.5025
3 16 64.681 -12.7317 22.8598 76.2544 -19.1915 18.7401 65.9664 -13.0986 30
3 16 65.9664 -13.0986 30 76.2544 -19.1915 18.7401 77.9997 -19.4029 30
3 16 59.3825 -11.6401 11.6084 70.073 -18.6932 4.8252 64.681 -12.7317 22.8598
3 16 64.681 -12.7317 22.8598 70.073 -18.6932 4.8252 76.2544 -19.1915 18.7401
3 16 36.8497 -4.4578 -8.1396 29.485 -2.0501 -8.1084 36.4884 -4.1697 -7.479
3 16 36.4884 -4.1697 -7.479 29.485 -2.0501 -8.1084 29.3602 -2.0326 -7.479
3 16 33.1983 0 24.4604 33.1983 -8 24.4604 35.5396 0 26.8017
3 16 35.5396 0 26.8017 33.1983 -8 24.4604 35.5396 -8 26.8017
3 16 30 0 23.6034 30 -8 23.6034 33.1983 0 24.4604
3 16 33.1983 0 24.4604 30 -8 23.6034 33.1983 -8 24.4604
3 16 26.8017 0 24.4604 26.8017 -8 24.4604 30 0 23.6034
3 16 30 0 23.6034 26.8017 -8 24.4604 30 -8 23.6034
3 16 24.4604 0 26.8017 24.4604 -8 26.8017 26.8017 0 24.4604
3 16 26.8017 0 24.4604 24.4604 -8 26.8017 26.8017 -8 24.4604
3 16 23.6034 -8 30 24.4604 -8 26.8017 23.6034 0 30
3 16 23.6034 0 30 24.4604 -8 26.8017 24.4604 0 26.8017
3 16 35.5396 0 26.8017 35.5396 -8 26.8017 36.3966 0 30
3 16 36.3966 0 30 35.5396 -8 26.8017 36.3966 -8 30
3 16 35.5396 0 26.8017 36.3966 0 30 37.5065 0 26.8907
3 16 37.5065 0 26.8907 36.3966 0 30 38.125 0 30
3 16 33.1983 0 24.4604 35.5396 0 26.8017 35.7452 0 24.2548
3 16 35.7452 0 24.2548 35.5396 0 26.8017 37.5065 0 26.8907
3 16 33.1093 0 22.4935 33.1983 0 24.4604 35.7452 0 24.2548
3 16 30 0 21.875 30 0 23.6034 33.1093 0 22.4935
3 16 33.1093 0 22.4935 30 0 23.6034 33.1983 0 24.4604
3 16 26.8017 0 24.4604 30 0 23.6034 26.8907 0 22.4935
3 16 26.8907 0 22.4935 30 0 23.6034 30 0 21.875
3 16 24.2548 0 24.2548 26.8017 0 24.4604 26.8907 0 22.4935
3 16 22.4935 0 26.8907 24.4604 0 26.8017 24.2548 0 24.2548
3 16 24.2548 0 24.2548 24.4604 0 26.8017 26.8017 0 24.4604
3 16 21.875 0 30 23.6034 0 30 22.4935 0 26.8907
3 16 22.4935 0 26.8907 23.6034 0 30 24.4604 0 26.8017
3 16 4.2548 0 4.2548 6.8907 0 2.4935 4.2548 -5.25 4.2548
3 16 4.2548 -5.25 4.2548 6.8907 0 2.4935 6.9784 -5.25 2.4639
3 16 48.7591 -8 5.7795 30.082 -8 10.0034 41.3915 -8 -2.2921
3 16 35.2559 -8 -6.2209 30.082 -8 10.0034 31.4103 -8 -8.1342
3 16 41.3915 -8 -2.2921 30.082 -8 10.0034 35.2559 -8 -6.2209
3 16 40.3533 -8 16.1766 53.3976 -8 14.3923 52.924 -8 23.4645
3 16 52.924 -8 23.4645 53.3976 -8 14.3923 55.4058 -8 21.3338
3 16 35.5396 -8 26.8017 40.3533 -8 16.1766 50.4541 -8 27.2282
3 16 50.4541 -8 27.2282 40.3533 -8 16.1766 52.924 -8 23.4645
3 16 30.082 -8 10.0034 48.7591 -8 5.7795 40.3533 -8 16.1766
3 16 40.3533 -8 16.1766 48.7591 -8 5.7795 53.3976 -8 14.3923
3 16 10 -8 -7.7662 10 -8 -6.8169 10 -7.0136 -7.9959
3 16 10 -7.0136 -7.9959 10 -8 -6.8169 10 -7.7883 -6.125
3 16 10 -8 10 10 -9.0199 -4.5199 10 -8 -5.8676
3 16 9.7853 -24 -30 19.4687 -24 -27.5 12.1906 -24 -27.5
3 16 141 -62.4369 29 141 -96 29 141 -62.5864 26.1646
3 16 141 -62.5864 26.1646 141 -96 29 141 -96 26.1646
3 16 149 -96 21 149 -69.0538 21 146.1646 -96 21
3 16 146.1646 -96 21 149 -69.0538 21 146.1646 -67.0022 21
3 16 140 -96 30 139 -96 30 140 -96 26.25
3 16 140 -96 26.25 139 -96 30 139 -96 26.1646
3 16 146.1646 -96 21 146.25 -96 20 149 -96 21
3 16 149 -96 21 146.25 -96 20 153.75 -96 20
3 16 140 -96 26.25 140 -100.45 26.25 141 -96 26.1646
3 16 141 -96 26.1646 140 -100.45 26.25 142.3918 -100.45 25.7743
3 16 145.7743 -100.45 17.6082 146.1646 -96 19 146.25 -100.45 20
3 16 146.25 -100.45 20 146.1646 -96 19 146.25 -96 20
3 16 137.6082 -100.45 25.7743 140 -100.45 26.25 139 -96 26.1646
3 16 139 -96 26.1646 140 -100.45 26.25 140 -96 26.25
3 16 146.25 -96 20 146.1646 -96 21 146.25 -100.45 20
3 16 146.25 -100.45 20 146.1646 -96 21 145.7743 -100.45 22.3918
3 16 145.7743 -100.45 17.6082 145.7743 -67.5982 17.6082 146.1646 -96 19
3 16 146.1646 -96 19 145.7743 -67.5982 17.6082 146.1646 -67.8444 19
3 16 145.7743 -100.45 17.6082 143.5295 -100.45 17.9622 144.4194 -100.45 15.5806
3 16 142.3918 -100.45 14.2258 144.4194 -100.45 15.5806 142.0378 -100.45 16.4705
3 16 142.0378 -100.45 16.4705 144.4194 -100.45 15.5806 143.5295 -100.45 17.9622
3 16 142.0378 -100.45 16.4705 140 -100.45 15.9245 142.3918 -100.45 14.2258
3 16 142.3918 -100.45 14.2258 140 -100.45 15.9245 140 -100.45 13.75
3 16 137.9623 -100.45 16.4705 137.6082 -100.45 14.2258 140 -100.45 15.9245
3 16 140 -100.45 15.9245 137.6082 -100.45 14.2258 140 -100.45 13.75
3 16 137.6082 -100.45 14.2258 137.9623 -100.45 16.4705 135.5806 -100.45 15.5806
3 16 134.2258 -100.45 17.6082 135.5806 -100.45 15.5806 136.4705 -100.45 17.9622
3 16 136.4705 -100.45 17.9622 135.5806 -100.45 15.5806 137.9623 -100.45 16.4705
3 16 133.75 -100.45 20 134.2258 -100.45 17.6082 135.9245 -100.45 20
3 16 135.9245 -100.45 20 134.2258 -100.45 17.6082 136.4705 -100.45 17.9622
3 16 136.4705 -100.45 22.0378 134.2258 -100.45 22.3918 135.9245 -100.45 20
3 16 135.9245 -100.45 20 134.2258 -100.45 22.3918 133.75 -100.45 20
3 16 134.2258 -100.45 22.3918 136.4705 -100.45 22.0378 135.5806 -100.45 24.4194
3 16 137.6082 -100.45 25.7743 135.5806 -100.45 24.4194 137.9623 -100.45 23.5295
3 16 137.9623 -100.45 23.5295 135.5806 -100.45 24.4194 136.4705 -100.45 22.0378
3 16 137.9623 -100.45 23.5295 140 -100.45 24.0755 137.6082 -100.45 25.7743
3 16 137.6082 -100.45 25.7743 140 -100.45 24.0755 140 -100.45 26.25
3 16 142.0378 -100.45 23.5295 142.3918 -100.45 25.7743 140 -100.45 24.0755
3 16 140 -100.45 24.0755 142.3918 -100.45 25.7743 140 -100.45 26.25
3 16 143.5295 -100.45 22.0378 144.4194 -100.45 24.4194 142.0378 -100.45 23.5295
3 16 142.0378 -100.45 23.5295 144.4194 -100.45 24.4194 142.3918 -100.45 25.7743
3 16 144.4194 -100.45 24.4194 143.5295 -100.45 22.0378 145.7743 -100.45 22.3918
3 16 146.25 -100.45 20 145.7743 -100.45 22.3918 144.0755 -100.45 20
3 16 144.0755 -100.45 20 145.7743 -100.45 22.3918 143.5295 -100.45 22.0378
3 16 143.5295 -100.45 17.9622 145.7743 -100.45 17.6082 144.0755 -100.45 20
3 16 144.0755 -100.45 20 145.7743 -100.45 17.6082 146.25 -100.45 20
3 16 159 -75.1905 29 159 -75.3718 26.1646 159 -96 29
3 16 159 -96 29 159 -75.3718 26.1646 159 -96 26.1646
3 16 156.75 -73.5963 29 159 -75.1905 29 156.75 -96 29
3 16 156.75 -96 29 159 -75.1905 29 159 -96 29
3 16 151 -70.5029 21 151 -96 21 153.8354 -72.5526 21
3 16 153.8354 -72.5526 21 151 -96 21 153.8354 -96 21
3 16 159 -96 26.1646 160 -96 26.25 159 -96 29
3 16 159 -96 29 160 -96 26.25 160 -96 30
3 16 154.2257 -100.45 17.6082 153.75 -100.45 20 153.8354 -96 19
3 16 153.8354 -96 19 153.75 -100.45 20 153.75 -96 20
3 16 157.6082 -100.45 25.7743 160 -100.45 26.25 159 -96 26.1646
3 16 159 -96 26.1646 160 -100.45 26.25 160 -96 26.25
3 16 154.2257 -100.45 22.3918 154.2257 -72.5805 22.3918 153.8354 -96 21
3 16 153.8354 -96 21 154.2257 -72.5805 22.3918 153.8354 -72.5526 21
3 16 154.2257 -72.5805 22.3918 154.2257 -100.45 22.3918 155.5806 -73.1436 24.4194
3 16 155.5806 -73.1436 24.4194 154.2257 -100.45 22.3918 155.5806 -100.45 24.4194
3 16 157.6082 -100.45 25.7743 159 -96 26.1646 157.6082 -74.4278 25.7743
3 16 157.6082 -74.4278 25.7743 159 -96 26.1646 159 -75.3718 26.1646
3 16 162.3918 -77.8425 25.7743 162.3918 -100.45 25.7743 164.4194 -79.4464 24.4194
3 16 164.4194 -79.4464 24.4194 162.3918 -100.45 25.7743 164.4194 -100.45 24.4194
3 16 164.4194 -79.4464 24.4194 164.4194 -100.45 24.4194 165.7742 -80.8451 22.3918
3 16 165.7742 -80.8451 22.3918 164.4194 -100.45 24.4194 165.7742 -100.45 22.3918
3 16 165.7742 -80.8451 22.3918 165.7742 -100.45 22.3918 166.25 -81.8269 20
3 16 166.25 -81.8269 20 165.7742 -100.45 22.3918 166.25 -100.45 20
3 16 166.25 -81.8269 20 166.25 -100.45 20 165.7742 -82.3189 17.6082
3 16 165.7742 -82.3189 17.6082 166.25 -100.45 20 165.7742 -100.45 17.6082
3 16 164.4194 -82.1864 15.5806 165.7742 -82.3189 17.6082 164.4194 -100.45 15.5806
3 16 164.4194 -100.45 15.5806 165.7742 -82.3189 17.6082 165.7742 -100.45 17.6082
3 16 162.3918 -100.45 14.2258 160 -100.45 13.75 162.3918 -81.3125 14.2258
3 16 162.3918 -81.3125 14.2258 160 -100.45 13.75 160 -79.7606 13.75
3 16 160 -100.45 13.75 157.6082 -100.45 14.2258 160 -79.7606 13.75
3 16 160 -79.7606 13.75 157.6082 -100.45 14.2258 157.6082 -77.7209 14.2258
3 16 157.6082 -100.45 14.2258 155.5806 -100.45 15.5806 157.6082 -77.7209 14.2258
3 16 157.6082 -77.7209 14.2258 155.5806 -100.45 15.5806 155.5806 -75.5879 15.5806
3 16 155.5806 -100.45 15.5806 154.2257 -100.45 17.6082 155.5806 -75.5879 15.5806
3 16 155.5806 -75.5879 15.5806 154.2257 -100.45 17.6082 154.2257 -73.8047 17.6082
3 16 154.2257 -100.45 17.6082 153.8354 -96 19 154.2257 -73.8047 17.6082
3 16 154.2257 -73.8047 17.6082 153.8354 -96 19 153.8354 -73.3813 19
3 16 146.1646 -96 19 153.8354 -96 19 146.25 -96 20
3 16 146.25 -96 20 153.8354 -96 19 153.75 -96 20
3 16 149 -96 21 151 -96 21 149 -96 23.25
3 16 149 -96 23.25 151 -96 21 151 -96 23.25
3 16 153.8354 -96 21 151 -96 21 153.75 -96 20
3 16 153.75 -96 20 151 -96 21 149 -96 21
3 16 146.1646 -67.8444 19 145.7743 -67.5982 17.6082 153.8354 -73.3813 19
3 16 153.8354 -73.3813 19 145.7743 -67.5982 17.6082 154.2257 -73.8047 17.6082
3 16 145.7743 -67.5982 17.6082 144.4194 -67.2381 15.5806 154.2257 -73.8047 17.6082
3 16 154.2257 -73.8047 17.6082 144.4194 -67.2381 15.5806 155.5806 -75.5879 15.5806
3 16 144.4194 -67.2381 15.5806 142.3918 -66.2023 14.2258 155.5806 -75.5879 15.5806
3 16 155.5806 -75.5879 15.5806 142.3918 -66.2023 14.2258 157.6082 -77.7209 14.2258
3 16 151 -70.0623 23.25 150.3542 -69.181 26.7867 149 -68.6274 23.25
3 16 153.8354 -72.5526 21 154.2257 -72.5805 22.3918 151 -70.5029 21
3 16 151 -70.5029 21 154.2257 -72.5805 22.3918 151 -70.0623 23.25
3 16 149 -96 21 149 -96 23.25 149 -69.0538 21
3 16 149 -69.0538 21 149 -96 23.25 149 -68.6274 23.25
3 16 143.25 -96 29 141 -96 29 143.25 -64.0208 29
3 16 143.25 -64.0208 29 141 -96 29 141 -62.4369 29
3 16 141 -62.5864 26.1646 142.3918 -63.5883 25.7743 141 -62.4369 29
3 16 141 -62.4369 29 142.3918 -63.5883 25.7743 143.25 -64.0208 29
3 16 149 -68.6274 23.25 149 -96 23.25 151 -70.0623 23.25
3 16 151 -70.0623 23.25 149 -96 23.25 151 -96 23.25
3 16 144.4194 -100.45 24.4194 144.4194 -65.2004 24.4194 142.3918 -100.45 25.7743
3 16 142.3918 -100.45 25.7743 144.4194 -65.2004 24.4194 142.3918 -63.5883 25.7743
3 16 150.3542 -69.181 26.7867 143.25 -64.0208 29 144.4194 -65.2004 24.4194
3 16 144.4194 -65.2004 24.4194 143.25 -64.0208 29 142.3918 -63.5883 25.7743
3 16 145.7743 -100.45 22.3918 145.7743 -66.4035 22.3918 144.4194 -100.45 24.4194
3 16 144.4194 -100.45 24.4194 145.7743 -66.4035 22.3918 144.4194 -65.2004 24.4194
3 16 150.3542 -69.181 26.7867 144.4194 -65.2004 24.4194 149 -68.6274 23.25
3 16 149 -68.6274 23.25 144.4194 -65.2004 24.4194 145.7743 -66.4035 22.3918
3 16 145.7743 -100.45 22.3918 146.1646 -96 21 145.7743 -66.4035 22.3918
3 16 145.7743 -66.4035 22.3918 146.1646 -96 21 146.1646 -67.0022 21
3 16 149 -69.0538 21 149 -68.6274 23.25 146.1646 -67.0022 21
3 16 146.1646 -67.0022 21 149 -68.6274 23.25 145.7743 -66.4035 22.3918
3 16 151 -96 21 151 -70.5029 21 151 -96 23.25
3 16 151 -96 23.25 151 -70.5029 21 151 -70.0623 23.25
3 16 150.3542 -69.181 26.7867 155.5806 -73.1436 24.4194 156.75 -73.5963 29
3 16 156.75 -73.5963 29 155.5806 -73.1436 24.4194 157.6082 -74.4278 25.7743
3 16 150.3542 -69.181 26.7867 151 -70.0623 23.25 155.5806 -73.1436 24.4194
3 16 155.5806 -73.1436 24.4194 151 -70.0623 23.25 154.2257 -72.5805 22.3918
3 16 156.75 -73.5963 29 157.6082 -74.4278 25.7743 159 -75.1905 29
3 16 159 -75.1905 29 157.6082 -74.4278 25.7743 159 -75.3718 26.1646
3 16 5.4 -20.6663 -3.1415 5.4 -21.8639 -4.4057 5.4039 -24 -3.1378
3 16 5.4039 -24 -3.1378 5.4 -21.8639 -4.4057 5.4 -24 -6.1196
3 16 161 -76.5938 30 161 -76.8087 26.1646 162.3573 -77.5552 30
3 16 162.3573 -77.5552 30 161 -76.8087 26.1646 162.3918 -77.8425 25.7743
3 16 161 -76.8087 26.1646 161 -96 26.1646 162.3918 -77.8425 25.7743
3 16 162.3918 -77.8425 25.7743 161 -96 26.1646 162.3918 -100.45 25.7743
3 16 161 -96 26.1646 161 -76.8087 26.1646 161 -96 30
3 16 161 -96 30 161 -76.8087 26.1646 161 -76.5938 30
3 16 162.3573 -77.5552 30 162.3918 -77.8425 25.7743 164.4238 -79.019 30
3 16 164.4238 -79.019 30 162.3918 -77.8425 25.7743 164.4194 -79.4464 24.4194
3 16 144.4194 -67.2381 15.5806 145.7743 -67.5982 17.6082 144.4194 -100.45 15.5806
3 16 144.4194 -100.45 15.5806 145.7743 -67.5982 17.6082 145.7743 -100.45 17.6082
3 16 142.3918 -66.2023 14.2258 144.4194 -67.2381 15.5806 142.3918 -100.45 14.2258
3 16 142.3918 -100.45 14.2258 144.4194 -67.2381 15.5806 144.4194 -100.45 15.5806
3 16 140 -64.588 13.75 142.3918 -66.2023 14.2258 140 -100.45 13.75
3 16 140 -100.45 13.75 142.3918 -66.2023 14.2258 142.3918 -100.45 14.2258
3 16 137.6082 -62.5289 14.2258 140 -64.588 13.75 137.6082 -100.45 14.2258
3 16 137.6082 -100.45 14.2258 140 -64.588 13.75 140 -100.45 13.75
3 16 135.5806 -60.5851 15.5806 137.6082 -62.5289 14.2258 135.5806 -100.45 15.5806
3 16 135.5806 -100.45 15.5806 137.6082 -62.5289 14.2258 137.6082 -100.45 14.2258
3 16 134.2258 -58.9895 17.6082 135.5806 -60.5851 15.5806 134.2258 -100.45 17.6082
3 16 134.2258 -100.45 17.6082 135.5806 -60.5851 15.5806 135.5806 -100.45 15.5806
3 16 133.75 -58.1855 20 134.2258 -58.9895 17.6082 133.75 -100.45 20
3 16 133.75 -100.45 20 134.2258 -58.9895 17.6082 134.2258 -100.45 17.6082
3 16 134.2258 -58.1376 22.3918 133.75 -58.1855 20 134.2258 -100.45 22.3918
3 16 134.2258 -100.45 22.3918 133.75 -58.1855 20 133.75 -100.45 20
3 16 135.5806 -100.45 24.4194 135.5806 -58.8588 24.4194 134.2258 -100.45 22.3918
3 16 134.2258 -100.45 22.3918 135.5806 -58.8588 24.4194 134.2258 -58.1376 22.3918
3 16 137.6082 -100.45 25.7743 137.6082 -60.171 25.7743 135.5806 -100.45 24.4194
3 16 135.5806 -100.45 24.4194 137.6082 -60.171 25.7743 135.5806 -58.8588 24.4194
3 16 139 -61.1494 26.1646 137.6082 -60.171 25.7743 139 -96 26.1646
3 16 139 -96 26.1646 137.6082 -60.171 25.7743 137.6082 -100.45 25.7743
3 16 170 -86.4128 15.5387 170 -95.9999 10 170 -89.788 10
3 16 118.1058 -59.3822 -4.5189 136.3822 -71.9421 -0.5758 130 -58.3611 10
3 16 130 -58.3611 10 136.3822 -71.9421 -0.5758 142.7013 -68.4217 10
3 16 142.7013 -68.4217 10 130 -95.9999 10 130 -58.3611 10
3 16 130 -95.9999 10 130 -95.9999 30 130 -55.4229 20.1832
3 16 130 -55.4229 20.1832 130 -95.9999 30 130 -54.4712 30
3 16 121.9 -51.0048 14.0451 130 -55.4229 20.1832 123.3092 -49.7037 30
3 16 123.3092 -49.7037 30 130 -55.4229 20.1832 130 -54.4712 30
3 16 132.3376 -95.9999 30 130 -95.9999 30 132.3376 -95.9999 12.3375
3 16 132.3376 -95.9999 12.3375 130 -95.9999 30 130 -95.9999 10
3 16 167.6624 -95.9999 30 167.6624 -95.9999 12.3375 170 -95.9999 30
3 16 170 -95.9999 30 167.6624 -95.9999 12.3375 170 -95.9999 10
3 16 170 -95.9999 30 170 -83.6944 23.4463 170 -82.9688 30
3 16 170 -83.6944 23.4463 170 -95.9999 30 170 -86.4128 15.5387
3 16 170 -86.4128 15.5387 170 -95.9999 30 170 -95.9999 10
3 16 130 -95.9999 10 130 -55.4229 20.1832 130 -58.3611 10
3 16 151.0901 -75.0401 10 150.898 -80.7076 3.1317 160.7032 -82.5635 10
3 16 160.7032 -82.5635 10 150.898 -80.7076 3.1317 161.0477 -86.0903 6.0995
3 16 160.7032 -82.5635 10 150 -95.9999 10 151.0901 -75.0401 10
3 16 151.0901 -75.0401 10 150 -95.9999 10 130 -95.9999 10
3 16 151.0901 -75.0401 10 130 -95.9999 10 142.7013 -68.4217 10
3 16 136.3822 -71.9421 -0.5758 150.898 -80.7076 3.1317 142.7013 -68.4217 10
3 16 142.7013 -68.4217 10 150.898 -80.7076 3.1317 151.0901 -75.0401 10
3 16 160.7032 -82.5635 10 170 -95.9999 10 150 -95.9999 10
3 16 170 -95.9999 10 160.7032 -82.5635 10 170 -89.788 10
3 16 150 -95.9999 12.3375 132.3376 -95.9999 12.3375 150 -95.9999 10
3 16 150 -95.9999 10 132.3376 -95.9999 12.3375 130 -95.9999 10
3 16 132.3376 -95.9999 30 132.3376 -95.9999 12.3375 132.3376 -59.1805 12.3375
3 16 167.6624 -81.7391 24.8052 167.6624 -82.6698 20.6493 167.6624 -95.9999 30
3 16 167.6624 -95.9999 30 167.6624 -82.6698 20.6493 167.6624 -95.9999 12.3375
3 16 167.6624 -81.7391 24.8052 167.6624 -95.9999 30 167.6624 -81.313 30
3 16 167.6624 -86.3767 12.3375 167.6624 -85.126 14.7248 164.4194 -82.1864 15.5806
3 16 164.4194 -82.1864 15.5806 167.6624 -85.126 14.7248 165.7742 -82.3189 17.6082
3 16 167.6624 -86.3767 12.3375 167.6624 -95.9999 12.3375 167.6624 -85.126 14.7248
3 16 167.6624 -85.126 14.7248 167.6624 -82.6698 20.6493 165.7742 -82.3189 17.6082
3 16 165.7742 -82.3189 17.6082 167.6624 -82.6698 20.6493 166.25 -81.8269 20
3 16 167.6624 -85.126 14.7248 167.6624 -95.9999 12.3375 167.6624 -82.6698 20.6493
3 16 167.6624 -81.7391 24.8052 165.7742 -80.8451 22.3918 167.6624 -82.6698 20.6493
3 16 167.6624 -82.6698 20.6493 165.7742 -80.8451 22.3918 166.25 -81.8269 20
3 16 164.4194 -79.4464 24.4194 167.6624 -81.7391 24.8052 164.4238 -79.019 30
3 16 164.4238 -79.019 30 167.6624 -81.7391 24.8052 167.6624 -81.313 30
3 16 132.3376 -56.2912 30 132.3376 -95.9999 30 132.3376 -56.7361 22.7272
3 16 132.3376 -56.2912 30 132.3376 -56.7361 22.7272 135.5806 -58.8588 24.4194
3 16 135.5806 -58.8588 24.4194 132.3376 -56.7361 22.7272 134.2258 -58.1376 22.3918
3 16 132.3376 -57.2044 19.6103 133.75 -58.1855 20 132.3376 -56.7361 22.7272
3 16 132.3376 -56.7361 22.7272 133.75 -58.1855 20 134.2258 -58.1376 22.3918
3 16 132.3376 -56.7361 22.7272 132.3376 -95.9999 30 132.3376 -57.2044 19.6103
3 16 132.3376 -57.8962 16.4934 134.2258 -58.9895 17.6082 132.3376 -57.2044 19.6103
3 16 132.3376 -57.2044 19.6103 134.2258 -58.9895 17.6082 133.75 -58.1855 20
3 16 132.3376 -57.2044 19.6103 132.3376 -95.9999 30 132.3376 -57.8962 16.4934
3 16 132.3376 -59.1805 12.3375 135.5806 -60.5851 15.5806 132.3376 -57.8962 16.4934
3 16 132.3376 -57.8962 16.4934 135.5806 -60.5851 15.5806 134.2258 -58.9895 17.6082
3 16 132.3376 -57.8962 16.4934 132.3376 -95.9999 30 132.3376 -59.1805 12.3375
3 16 157.6082 -77.7209 14.2258 156.6328 -77.9423 12.3375 160 -79.7606 13.75
3 16 160 -79.7606 13.75 156.6328 -77.9423 12.3375 160.5853 -80.9282 12.3375
3 16 156.6328 -77.9423 12.3375 150 -95.9999 12.3375 160.5853 -80.9282 12.3375
3 16 160.5853 -80.9282 12.3375 150 -95.9999 12.3375 167.6624 -95.9999 12.3375
3 16 167.6624 -95.9999 12.3375 164.6294 -84.0416 12.3375 160.5853 -80.9282 12.3375
3 16 160 -79.7606 13.75 160.5853 -80.9282 12.3375 162.3918 -81.3125 14.2258
3 16 162.3918 -81.3125 14.2258 160.5853 -80.9282 12.3375 164.6294 -84.0416 12.3375
3 16 167.6624 -95.9999 12.3375 167.6624 -86.3767 12.3375 164.6294 -84.0416 12.3375
3 16 162.3918 -81.3125 14.2258 164.6294 -84.0416 12.3375 164.4194 -82.1864 15.5806
3 16 164.4194 -82.1864 15.5806 164.6294 -84.0416 12.3375 167.6624 -86.3767 12.3375
3 16 132.3376 -95.9999 12.3375 142.7595 -67.2043 12.3375 140.2826 -65.2973 12.3375
3 16 142.7595 -67.2043 12.3375 142.3918 -66.2023 14.2258 140.2826 -65.2973 12.3375
3 16 140.2826 -65.2973 12.3375 142.3918 -66.2023 14.2258 140 -64.588 13.75
3 16 132.3376 -59.1805 12.3375 137.6082 -62.5289 14.2258 135.5806 -60.5851 15.5806
3 16 132.3376 -95.9999 12.3375 140.2826 -65.2973 12.3375 132.3376 -59.1805 12.3375
3 16 132.3376 -59.1805 12.3375 140.2826 -65.2973 12.3375 137.6082 -62.5289 14.2258
3 16 137.6082 -62.5289 14.2258 140.2826 -65.2973 12.3375 140 -64.588 13.75
3 16 132.3376 -95.9999 12.3375 150 -95.9999 12.3375 142.7595 -67.2043 12.3375
3 16 142.7595 -67.2043 12.3375 150 -95.9999 12.3375 156.6328 -77.9423 12.3375
3 16 156.6328 -77.9423 12.3375 157.6082 -77.7209 14.2258 142.7595 -67.2043 12.3375
3 16 142.7595 -67.2043 12.3375 157.6082 -77.7209 14.2258 142.3918 -66.2023 14.2258
3 16 170 -95.9999 10 167.6624 -95.9999 12.3375 150 -95.9999 10
3 16 150 -95.9999 10 167.6624 -95.9999 12.3375 150 -95.9999 12.3375
3 16 6.25 -14.8905 -20.0024 5.7248 -17.3596 -22.3785 12.225 -14.8905 -20
3 16 12.225 -14.8905 -20 5.7248 -17.3596 -22.3785 14.2258 -17.3671 -22.399
3 16 22.3918 -20.8958 -25.7814 30 -22.6954 -27.5 24.4194 -19.4911 -24.4266
3 16 24.4194 -19.4911 -24.4266 30 -22.6954 -27.5 30 -18.8663 -23.75
3 16 13.75 -14.8928 -20.0072 12.225 -14.8905 -20 14.2258 -17.3671 -22.399
3 16 12.225 -14.8905 -20 12.225 -24 -20 6.25 -14.8905 -20.0024
3 16 6.25 -14.8905 -20.0024 12.225 -24 -20 6.25 -24 -20.0036
3 16 -7.5 -24 -18.75 -7.5 -14.8825 -19.9955 -7.5 -16.9746 -18.9164
3 16 -7.5 -16.9746 -18.9164 -7.5 -14.8825 -19.9955 -7.5 -14.1184 -19.2581
3 16 -7.5 -16.9746 -18.9164 -7.5 -18.8328 -18.1761 -7.5 -24 -18.75
3 16 -7.5 -14.8825 -19.9955 -6.25 -14.8825 -20.0072 -7.5 -14.1184 -19.2581
3 16 -7.5 -14.1184 -19.2581 -6.25 -14.8825 -20.0072 -6.1415 -14.1184 -19.2581
3 16 7.5 -24 7.5 0 -13.5 7.5 7.5 -13.5 7.5
3 16 19.4687 -22.6953 -27.5 19.4687 -24 -27.5 30 -22.6954 -27.5
3 16 30 -22.6954 -27.5 19.4687 -24 -27.5 30 -24 -27.5
3 16 -7.5 -24 -27.5 -7.5 -22.6953 -27.5 -7.5 -24 -18.75
3 16 -7.5 -17.6243 -22.6315 -7.5 -24 -18.75 -7.5 -22.6953 -27.5
3 16 -5.7248 -17.3551 -22.399 -7.5 -17.6243 -22.6315 -4.4194 -19.4848 -24.4266
3 16 -4.4194 -19.4848 -24.4266 -7.5 -17.6243 -22.6315 -7.5 -22.6953 -27.5
3 16 21.6036 -7.4418 -12.5 22.3918 -9.1638 -14.233 30 -8.8686 -12.5
3 16 22.3918 -9.1638 -14.233 24.4194 -10.6033 -15.5878 30 -8.8686 -12.5
3 16 1.3102 -22.6953 -27.5 1.3728 -24 -27.5 12.1906 -22.6953 -27.5
3 16 12.1906 -22.6953 -27.5 1.3728 -24 -27.5 12.1906 -24 -27.5
3 16 12.225 -24 -20 12.225 -11.9637 -17.1875 12.225 -24 -12.5
3 16 12.225 -24 -12.5 12.225 -11.9637 -17.1875 12.225 -7.0856 -12.5
3 16 14.2258 -12.4066 -17.6154 15.5806 -10.3139 -15.5878 12.225 -11.9637 -17.1875
3 16 12.225 -11.9637 -17.1875 15.5806 -10.3139 -15.5878 12.225 -7.0856 -12.5
3 16 5.4 -22.8951 -6.1196 5.4 -23.5337 -8.0151 5.4 -24 -6.1196
3 16 5.4 -24 -6.1196 5.4 -23.5337 -8.0151 5.4 -24 -7.934
3 16 5.4 -24 -6.1196 5.4 -21.8639 -4.4057 5.4 -22.8951 -6.1196
3 16 5.4 -22.8951 -13.8876 5.4 -24 -13.8876 5.4 -23.5337 -11.9921
3 16 5.4 -23.5337 -11.9921 5.4 -24 -13.8876 5.4 -24 -11.9921
3 16 15.5806 -19.4967 -24.4266 14.2258 -17.3671 -22.399 4.4194 -19.4865 -24.4266
3 16 4.4194 -19.4865 -24.4266 14.2258 -17.3671 -22.399 5.7248 -17.3596 -22.3785
3 16 5.4 -21.8639 -15.6015 5.4 -22.8951 -13.8876 4.4247 -21.868 -15.5946
3 16 4.4247 -21.868 -15.5946 5.4 -22.8951 -13.8876 2.3918 -22.6575 -14.233
3 16 0 -22.939 -13.7572 2.3918 -22.6575 -14.233 5.4 -23.5337 -11.9921
3 16 5.4 -23.5337 -11.9921 2.3918 -22.6575 -14.233 5.4 -22.8951 -13.8876
3 16 5.4 -23.5337 -11.9921 5.4 -24 -11.9921 5.4 -23.75 -10.0036
3 16 5.4 -23.75 -10.0036 5.4 -24 -11.9921 5.4 -24 -10.0036
3 16 5.4 -23.75 -10.0036 -7.5 -23.75 -10.0036 5.4 -23.5337 -11.9921
3 16 5.4 -23.5337 -11.9921 -7.5 -23.75 -10.0036 -7.5 -23.5337 -11.9921
3 16 -7.5 -23.75 -10.0036 -7.5 -24 -10 -7.5 -23.5337 -11.9921
3 16 -7.5 -23.5337 -11.9921 -7.5 -24 -10 -7.5 -24 -12.102
3 16 -7.5 -20.4883 -17.0536 -5.4127 -20.6507 -16.8822 -7.5 -21.8639 -15.6015
3 16 -7.5 -21.8639 -15.6015 -5.4127 -20.6507 -16.8822 -4.4247 -21.868 -15.5946
3 16 -7.5 -21.8639 -15.6015 -7.5 -24 -18.75 -7.5 -20.4883 -17.0536
3 16 -7.5 -20.4883 -17.0536 -7.5 -24 -18.75 -7.5 -18.8328 -18.1761
3 16 -7.5 -18.8328 -18.1761 -5.9486 -18.8328 -18.1761 -7.5 -20.4883 -17.0536
3 16 -7.5 -20.4883 -17.0536 -5.9486 -18.8328 -18.1761 -5.4127 -20.6507 -16.8822
3 16 5.4 -23.75 -10.0036 5.4 -23.5337 -8.0151 -7.5 -23.75 -10.0036
3 16 -7.5 -23.75 -10.0036 5.4 -23.5337 -8.0151 -7.5 -23.5337 -8.0151
3 16 -7.5 -23.5337 -8.0151 -7.5 -24 -8.1462 -7.5 -23.75 -10.0036
3 16 -7.5 -23.75 -10.0036 -7.5 -24 -8.1462 -7.5 -24 -10
3 16 -7.5 -16.9746 -18.9164 -6.1064 -16.9746 -18.9164 -7.5 -18.8328 -18.1761
3 16 -7.5 -18.8328 -18.1761 -6.1064 -16.9746 -18.9164 -5.9486 -18.8328 -18.1761
3 16 -7.5 -22.8951 -13.8876 -7.5 -24 -18.75 -7.5 -21.8639 -15.6015
3 16 -6.1064 -16.9746 -18.9164 -7.5 -16.9746 -18.9164 -6.1415 -14.1184 -19.2581
3 16 -6.1415 -14.1184 -19.2581 -7.5 -16.9746 -18.9164 -7.5 -14.1184 -19.2581
3 16 5.4 -24 -7.934 5.4 -23.5337 -8.0151 5.4 -24 -10.0036
3 16 5.4 -24 -10.0036 5.4 -23.5337 -8.0151 5.4 -23.75 -10.0036
3 16 -7.5 -22.8951 -6.1196 -7.5 -24 -6.1196 -7.5 -23.5337 -8.0151
3 16 -7.5 -23.5337 -8.0151 -7.5 -24 -6.1196 -7.5 -24 -8.1462
3 16 -7.5 -24 -6.1196 -7.5 -22.8951 -6.1196 -7.5 -24 -4.4057
3 16 -7.5 -24 -4.4057 -7.5 -22.8951 -6.1196 -7.5 -21.8639 -4.4057
3 16 7.5 -24 7.5 -7.5 -24 7.5 0 -13.5 7.5
3 16 0 -13.5 7.5 -7.5 -24 7.5 -7.5 -13.5 7.5
3 16 30 -11.9645 -16.25 30 -14.3648 -19.0625 30 -24 -12.75
3 16 30 -14.3648 -19.0625 30 -17.0501 -21.875 30 -24 -12.75
3 16 30 -24 -27.5 30 -24.7301 -12.8217 30 -22.6954 -27.5
3 16 30 -24.7301 -12.8217 30 -18.8663 -23.75 30 -22.6954 -27.5
3 16 30 -24 -12.75 30 -17.0501 -21.875 30 -24.7301 -12.8217
3 16 30 -24.7301 -12.8217 30 -17.0501 -21.875 30 -18.8663 -23.75
3 16 24.4194 -19.4911 -24.4266 30 -18.8663 -23.75 25.7743 -17.3722 -22.399
3 16 25.7743 -17.3722 -22.399 30 -18.8663 -23.75 30 -17.0501 -21.875
3 16 30 -11.9645 -16.25 25.7743 -12.5951 -17.6154 30 -14.3648 -19.0625
3 16 30 -14.3648 -19.0625 25.7743 -12.5951 -17.6154 26.25 -14.8916 -20.0072
3 16 -7.5 -17.6243 -22.6315 -5.7248 -17.3551 -22.399 -7.5 -14.8825 -19.9955
3 16 -7.5 -14.8825 -19.9955 -5.7248 -17.3551 -22.399 -6.25 -14.8825 -20.0072
3 16 -7.5 -14.8825 -19.9955 -7.5 -24 -18.75 -7.5 -17.6243 -22.6315
3 16 30 -14.3648 -19.0625 26.25 -14.8916 -20.0072 30 -17.0501 -21.875
3 16 30 -17.0501 -21.875 26.25 -14.8916 -20.0072 25.7743 -17.3722 -22.399
3 16 13.75 -14.8928 -20.0072 14.2258 -12.4066 -17.6154 12.225 -14.8905 -20
3 16 12.225 -14.8905 -20 14.2258 -12.4066 -17.6154 12.225 -11.9637 -17.1875
3 16 21.6036 -7.4418 -12.5 20 -8.5272 -13.7572 22.3918 -9.1638 -14.233
3 16 21.6036 -24 -12.5 12.225 -24 -12.5 21.6036 -7.4418 -12.5
3 16 21.6036 -7.4418 -12.5 12.225 -24 -12.5 12.225 -7.0856 -12.5
3 16 21.6036 -7.4418 -12.5 12.225 -7.0856 -12.5 20 -8.5272 -13.7572
3 16 12.225 -7.0856 -12.5 17.6082 -8.912 -14.233 20 -8.5272 -13.7572
3 16 12.225 -7.0856 -12.5 15.5806 -10.3139 -15.5878 17.6082 -8.912 -14.233
3 16 30 -8.8686 -12.5 24.4194 -10.6033 -15.5878 30 -11.9645 -16.25
3 16 30 -11.9645 -16.25 24.4194 -10.6033 -15.5878 25.7743 -12.5951 -17.6154
3 16 19.4687 -22.6953 -27.5 20 -21.4052 -26.2572 17.6082 -20.9229 -25.7814
3 16 19.4687 -22.6953 -27.5 17.6082 -20.9229 -25.7814 12.1906 -22.6953 -27.5
3 16 17.6082 -20.9229 -25.7814 15.5806 -19.4967 -24.4266 12.1906 -22.6953 -27.5
3 16 12.1906 -22.6953 -27.5 12.1906 -24 -27.5 19.4687 -22.6953 -27.5
3 16 19.4687 -22.6953 -27.5 12.1906 -24 -27.5 19.4687 -24 -27.5
3 16 0 -21.3889 -26.2572 -2.3918 -21.169 -25.7814 1.3102 -22.6953 -27.5
3 16 1.3102 -22.6953 -27.5 -2.3918 -21.169 -25.7814 -7.5 -22.6953 -27.5
3 16 -7.5 -22.6953 -27.5 -7.5 -24 -27.5 1.3102 -22.6953 -27.5
3 16 1.3102 -22.6953 -27.5 -7.5 -24 -27.5 1.3728 -24 -27.5
3 16 1.3102 -22.6953 -27.5 2.3918 -20.8459 -25.7814 0 -21.3889 -26.2572
3 16 -2.3918 -21.169 -25.7814 -4.4194 -19.4848 -24.4266 -7.5 -22.6953 -27.5
3 16 8 -14.5 -2.25 8 -14.5 -3.75 8 -12.4936 -2.5119
3 16 8 -9.0873 -6.875 8 -9.0199 -4.5199 8 -11.375 -4.5873
3 16 8 -11.375 -4.5873 8 -9.0199 -4.5199 8 -10.625 -3.2883
3 16 8 -14.5 -3.75 8 -14.5 -2.25 8 -17.625 -4.5873
3 16 8 -17.625 -4.5873 8 -14.5 -2.25 8 -24 -2.083
3 16 -8 -10.625 -16.7117 -10 -10.625 -16.7117 -8 -14.5 -17.75
3 16 -8 -14.5 -17.75 -10 -10.625 -16.7117 -10 -14.5 -17.75
3 16 -8 -14.5 -17.75 -8 -14.5 -16.25 -8 -10.625 -16.7117
3 16 -8 -10.625 -16.7117 -8 -14.5 -16.25 -8 -11.375 -15.4127
3 16 -8 -21.2117 -13.875 -10 -21.2117 -13.875 -8 -22.25 -10.0036
3 16 -8 -22.25 -10.0036 -10 -21.2117 -13.875 -10 -22.25 -10.0036
3 16 -8 -21.2117 -6.125 -8 -18.375 -3.2883 -8 -19.9127 -6.875
3 16 -8 -19.9127 -6.875 -8 -18.375 -3.2883 -8 -17.625 -4.5873
3 16 10 -9.0199 -4.5199 8 -9.0199 -4.5199 10 -8 -5.8676
3 16 10 -8 -5.8676 8 -9.0199 -4.5199 8 -7.7883 -6.125
3 16 8 -11.375 -15.4127 8 -9.0199 -15.4801 8 -9.0873 -13.125
3 16 8 -9.0873 -13.125 8 -9.0199 -15.4801 8 -7.7883 -13.875
3 16 8 -9.0873 -13.125 8 -7.0145 -12.0076 8 -8.25 -10.0036
3 16 8 -8.25 -10.0036 8 -7.0145 -12.0076 8 -6.75 -10.0036
3 16 8 -14.5 -16.25 8 -12.4942 -17.4859 8 -11.375 -15.4127
3 16 8 -11.375 -15.4127 8 -12.4942 -17.4859 8 -10.625 -16.7117
3 16 8 -7.0145 -12.0076 8 -9.0873 -13.125 8 -7.7883 -13.875
3 16 8 -9.0199 -15.4801 8 -11.375 -15.4127 8 -10.625 -16.7117
3 16 8 -8.25 -10.0036 8 -7.0136 -7.9959 8 -9.0873 -6.875
3 16 8 -9.0873 -6.875 8 -7.0136 -7.9959 8 -7.7883 -6.125
3 16 8 -9.0199 -4.5199 8 -9.0873 -6.875 8 -7.7883 -6.125
3 16 8 -7.0136 -7.9959 8 -8.25 -10.0036 8 -6.75 -10.0036
3 16 8 -10.625 -3.2883 8 -12.4936 -2.5119 8 -11.375 -4.5873
3 16 8 -11.375 -4.5873 8 -12.4936 -2.5119 8 -14.5 -3.75
3 16 8 -24 -17.917 8 -14.5 -17.75 8 -17.625 -15.4127
3 16 8 -17.625 -15.4127 8 -14.5 -17.75 8 -14.5 -16.25
3 16 -8 -7.7883 -13.875 -8 -9.0873 -13.125 -8 -6.75 -10.0036
3 16 -8 -6.75 -10.0036 -8 -9.0873 -13.125 -8 -8.25 -10.0036
3 16 -8 -6.75 -10.0036 -10 -6.75 -10.0036 -8 -7.7883 -13.875
3 16 -8 -7.7883 -13.875 -10 -6.75 -10.0036 -10 -7.7883 -13.875
3 16 -8 -8.25 -10.0036 -8 -9.0873 -6.875 -8 -6.75 -10.0036
3 16 -8 -6.75 -10.0036 -8 -9.0873 -6.875 -8 -7.7883 -6.125
3 16 -8 -7.7883 -6.125 -10 -7.7883 -6.125 -8 -6.75 -10.0036
3 16 -8 -6.75 -10.0036 -10 -7.7883 -6.125 -10 -6.75 -10.0036
3 16 -8 -7.7883 -13.875 -10 -7.7883 -13.875 -8 -10.625 -16.7117
3 16 -8 -10.625 -16.7117 -10 -7.7883 -13.875 -10 -10.625 -16.7117
3 16 -8 -10.625 -16.7117 -8 -11.375 -15.4127 -8 -7.7883 -13.875
3 16 -8 -7.7883 -13.875 -8 -11.375 -15.4127 -8 -9.0873 -13.125
3 16 -8 -14.5 -17.75 -8 -18.375 -16.7117 -8 -14.5 -16.25
3 16 -8 -14.5 -16.25 -8 -18.375 -16.7117 -8 -17.625 -15.4127
3 16 -10 -18.375 -3.2883 -10 -24 10 -10 -14.5 -2.25
3 16 -10 -14.5 -2.25 -10 -24 10 -10 -8 10
3 16 -10 -14.5 -2.25 -10 -8 10 -10 -10.625 -3.2883
3 16 -10 -10.625 -3.2883 -10 -8 10 -10 -7.7883 -6.125
3 16 -8 -18.375 -3.2883 -10 -18.375 -3.2883 -8 -14.5 -2.25
3 16 -8 -14.5 -2.25 -10 -18.375 -3.2883 -10 -14.5 -2.25
3 16 -8 -14.5 -2.25 -10 -14.5 -2.25 -8 -10.625 -3.2883
3 16 -8 -10.625 -3.2883 -10 -14.5 -2.25 -10 -10.625 -3.2883
3 16 -8 -10.625 -3.2883 -8 -11.375 -4.5873 -8 -14.5 -2.25
3 16 -8 -14.5 -2.25 -8 -11.375 -4.5873 -8 -14.5 -3.75
3 16 -8 -10.625 -3.2883 -10 -10.625 -3.2883 -8 -7.7883 -6.125
3 16 -8 -7.7883 -6.125 -10 -10.625 -3.2883 -10 -7.7883 -6.125
3 16 -8 -7.7883 -6.125 -8 -9.0873 -6.875 -8 -10.625 -3.2883
3 16 -8 -10.625 -3.2883 -8 -9.0873 -6.875 -8 -11.375 -4.5873
3 16 -10 -24 -30 -10 -24 -18.75 -10 -18.375 -16.7117
3 16 -10 -18.375 -16.7117 -10 -24 -18.75 -10 -21.2117 -13.875
3 16 -10 -24 -18.75 -10 -24 -10 -10 -21.2117 -13.875
3 16 -10 -21.2117 -13.875 -10 -24 -10 -10 -22.25 -10.0036
3 16 -8 -19.9127 -13.125 -8 -21.2117 -13.875 -8 -20.75 -10.0036
3 16 -8 -20.75 -10.0036 -8 -21.2117 -13.875 -8 -22.25 -10.0036
3 16 -8 -18.375 -16.7117 -10 -18.375 -16.7117 -8 -21.2117 -13.875
3 16 -8 -21.2117 -13.875 -10 -18.375 -16.7117 -10 -21.2117 -13.875
3 16 -8 -17.625 -15.4127 -8 -18.375 -16.7117 -8 -19.9127 -13.125
3 16 -8 -19.9127 -13.125 -8 -18.375 -16.7117 -8 -21.2117 -13.875
3 16 -8 -14.5 -17.75 -10 -14.5 -17.75 -8 -18.375 -16.7117
3 16 -8 -18.375 -16.7117 -10 -14.5 -17.75 -10 -18.375 -16.7117
3 16 -10 -21.2117 -6.125 -10 -24 -0.3125 -10 -18.375 -3.2883
3 16 -10 -18.375 -3.2883 -10 -24 -0.3125 -10 -24 10
3 16 -10 -22.25 -10.0036 -10 -24 -10 -10 -21.2117 -6.125
3 16 -10 -21.2117 -6.125 -10 -24 -10 -10 -24 -0.3125
3 16 -8 -21.2117 -6.125 -10 -21.2117 -6.125 -8 -18.375 -3.2883
3 16 -8 -18.375 -3.2883 -10 -21.2117 -6.125 -10 -18.375 -3.2883
3 16 -8 -17.625 -4.5873 -8 -18.375 -3.2883 -8 -14.5 -3.75
3 16 -8 -14.5 -3.75 -8 -18.375 -3.2883 -8 -14.5 -2.25
3 16 -8 -20.75 -10.0036 -8 -22.25 -10.0036 -8 -19.9127 -6.875
3 16 -8 -19.9127 -6.875 -8 -22.25 -10.0036 -8 -21.2117 -6.125
3 16 -8 -22.25 -10.0036 -10 -22.25 -10.0036 -8 -21.2117 -6.125
3 16 -8 -21.2117 -6.125 -10 -22.25 -10.0036 -10 -21.2117 -6.125
3 16 8 -12.4942 -17.4859 8 -14.5 -16.25 8 -14.5 -17.75
3 16 33.4064 -12.544 -13.332 33.3876 -9.9201 -10.036 33.375 -24 -10
3 16 -10 -8 10 10 -8 10 -10 -8 30
3 16 -10 -8 30 10 -8 10 10 -8 30
3 16 8 -24 -2.083 5.7742 -24 -2.3918 5.4039 -24 -3.1378
3 16 5.4012 -24 -16.206 5.4013 -24 -16.8629 8 -24 -17.917
3 16 8 -24 -17.917 5.4013 -24 -16.8629 6.037 -24 -18.3896
3 16 8 -24 -10.0036 5.4 -24 -7.934 5.4 -24 -10.0036
3 16 5.4 -24 -13.8876 5.4012 -24 -16.206 8 -24 -13.875
3 16 8 -24 -13.875 5.4012 -24 -16.206 8 -24 -17.917
3 16 8 -24 -2.083 6.25 -24 0 5.7742 -24 -2.3918
3 16 5.4 -24 -6.1196 5.4 -24 -7.934 8 -24 -6.125
3 16 8 -24 -6.125 5.4 -24 -7.934 8 -24 -10.0036
3 16 8 -24 -2.083 5.4 -24 -6.1196 8 -24 -6.125
3 16 6.25 -24 -20.0036 8 -24 -17.917 6.037 -24 -18.3896
3 16 10 -24 10 7.5 -24 7.5 10 -24 -2.083
3 16 10 -24 -2.083 7.5 -24 7.5 7.5 -24 0
3 16 33.375 -89.8897 -26.8379 33.375 -96 -22.7131 33.375 -96 -26.9374
3 16 33.3806 -36.748 -26.5043 33.375 -58.6503 -16.2391 33.375 -57.3579 -26.5991
3 16 46.4907 -56.6662 -26.1622 43.3106 -36.8809 -25.9489 33.375 -57.3579 -26.5991
3 16 33.375 -57.3579 -26.5991 43.3106 -36.8809 -25.9489 33.3806 -36.748 -26.5043
3 16 33.375 -57.3579 -26.5991 33.375 -58.6503 -16.2391 33.375 -77.4437 -26.7337
3 16 33.375 -77.4437 -26.7337 33.375 -58.6503 -16.2391 33.375 -93.3006 -19.7282
3 16 33.375 -77.4437 -26.7337 45.1381 -76.4843 -26.3821 33.375 -57.3579 -26.5991
3 16 33.375 -57.3579 -26.5991 45.1381 -76.4843 -26.3821 46.4907 -56.6662 -26.1622
3 16 33.4005 -18.7979 -20.7324 39.97 -18.8492 -19.5025 33.4064 -12.544 -13.332
3 16 33.4064 -12.544 -13.332 39.97 -18.8492 -19.5025 37.5327 -12.0395 -11.2498
3 16 33.375 -24 -10 33.375 -24 -12.75 33.4064 -12.544 -13.332
3 16 33.4064 -12.544 -13.332 33.375 -24 -12.75 33.4005 -18.7979 -20.7324
3 16 35.2559 -8 -6.2209 33.3876 -9.9201 -10.036 37.5327 -12.0395 -11.2498
3 16 37.5327 -12.0395 -11.2498 33.3876 -9.9201 -10.036 33.4064 -12.544 -13.332
3 16 33.375 -95.2372 -20.6897 33.375 -89.8897 -26.8379 33.375 -94.3494 -20.041
3 16 33.375 -95.8016 -21.6352 33.375 -89.8897 -26.8379 33.375 -95.2372 -20.6897
3 16 33.375 -96 -22.7131 33.375 -89.8897 -26.8379 33.375 -95.8016 -21.6352
3 16 8 -19.9127 -6.875 8 -24 -6.125 8 -20.75 -10.0036
3 16 8 -20.75 -10.0036 8 -24 -6.125 8 -24 -10.0036
3 16 8 -19.9127 -13.125 8 -20.75 -10.0036 8 -24 -13.875
3 16 8 -24 -13.875 8 -20.75 -10.0036 8 -24 -10.0036
3 16 8 -17.625 -4.5873 8 -24 -2.083 8 -19.9127 -6.875
3 16 8 -19.9127 -6.875 8 -24 -2.083 8 -24 -6.125
3 16 8 -17.625 -15.4127 8 -19.9127 -13.125 8 -24 -17.917
3 16 8 -24 -17.917 8 -19.9127 -13.125 8 -24 -13.875
3 16 32.3215 -9.6041 -10 33.375 -24 -10 33.3876 -9.9201 -10.036
3 16 35.2559 -8 -6.2209 31.4103 -8 -8.1342 33.3876 -9.9201 -10.036
3 16 33.3876 -9.9201 -10.036 31.4103 -8 -8.1342 32.3215 -9.6041 -10
3 16 31.4103 -8 -8.1342 30.082 -8 -10 32.3215 -9.6041 -10
3 16 30.082 -8 -10 10 -24 -10 32.3215 -9.6041 -10
3 16 10 -24 -10 33.375 -24 -10 32.3215 -9.6041 -10
3 16 115.0391 -38.7344 30 114.0377 -38.4371 21.7412 90.0538 -20.7388 30
3 16 90.0538 -20.7388 30 114.0377 -38.4371 21.7412 89.2289 -20.6795 21.9144
3 16 59.5754 -5.25 23.7276 60.1703 -5.25 30 89.2289 -20.6795 21.9144
3 16 89.2289 -20.6795 21.9144 60.1703 -5.25 30 90.0538 -20.7388 30
3 16 -10 -10.625 -16.7117 -10 -10.35 -20 -10 -14.5 -17.75
3 16 -10 -14.5 -17.75 -10 -10.35 -20 -10 -20.7 -30
3 16 -10 -8 10 -10 -8 30 -10 0 10
3 16 -10 0 10 -10 -8 30 -10 0 30
3 16 -7.5 -24 -12.102 -7.5 -24 -10 -10 -24 -10
3 16 -10 -24 -30 -7.5 -24 -27.5 -10 -24 -18.75
3 16 -10 -24 -18.75 -7.5 -24 -27.5 -7.5 -24 -18.75
3 16 -10 -24 -10 -7.5 -24 -8.1462 -7.5 -24 -6.1196
3 16 -10 -24 -10 -7.5 -24 -10 -7.5 -24 -8.1462
3 16 10 -24 10 10 -8 10 -10 -24 10
3 16 -10 -24 10 10 -8 10 -10 -8 10
3 16 60.0886 -20.7142 -21.8362 40.1452 -5.25 -7.479 43.8965 -5.25 -4.7239
3 16 43.8965 -5.25 -4.7239 47.9274 -5.25 -0.8732 60.0886 -20.7142 -21.8362
3 16 60.0886 -20.7142 -21.8362 47.9274 -5.25 -0.8732 70.019 -20.6978 -14.5842
3 16 89.669 -37.9306 -14.9698 76.3062 -38.3966 -21.9933 70.019 -20.6978 -14.5842
3 16 70.019 -20.6978 -14.5842 76.3062 -38.3966 -21.9933 60.0886 -20.7142 -21.8362
3 16 47.9274 -5.25 -0.8732 52.5622 -5.25 4.9419 70.019 -20.6978 -14.5842
3 16 70.019 -20.6978 -14.5842 52.5622 -5.25 4.9419 78.5595 -20.7032 -5.0991
3 16 100.6797 -37.6083 -5.5346 89.669 -37.9306 -14.9698 78.5595 -20.7032 -5.0991
3 16 78.5595 -20.7032 -5.0991 89.669 -37.9306 -14.9698 70.019 -20.6978 -14.5842
3 16 114.0377 -38.4371 21.7412 112.271 -38.1031 13.9929 89.2289 -20.6795 21.9144
3 16 89.2289 -20.6795 21.9144 112.271 -38.1031 13.9929 87.8587 -20.7086 14.2838
3 16 58.5145 -5.25 17.9299 59.5754 -5.25 23.7276 87.8587 -20.7086 14.2838
3 16 87.8587 -20.7086 14.2838 59.5754 -5.25 23.7276 89.2289 -20.6795 21.9144
3 16 112.271 -38.1031 13.9929 107.9742 -37.74 4.3691 87.8587 -20.7086 14.2838
3 16 87.8587 -20.7086 14.2838 107.9742 -37.74 4.3691 84.4325 -20.7439 4.7533
3 16 55.9793 -5.25 11.116 58.5145 -5.25 17.9299 84.4325 -20.7439 4.7533
3 16 84.4325 -20.7439 4.7533 58.5145 -5.25 17.9299 87.8587 -20.7086 14.2838
3 16 52.5622 -5.25 4.9419 55.9793 -5.25 11.116 78.5595 -20.7032 -5.0991
3 16 78.5595 -20.7032 -5.0991 55.9793 -5.25 11.116 84.4325 -20.7439 4.7533
3 16 107.9742 -37.74 4.3691 100.6797 -37.6083 -5.5346 84.4325 -20.7439 4.7533
3 16 84.4325 -20.7439 4.7533 100.6797 -37.6083 -5.5346 78.5595 -20.7032 -5.0991
3 16 16.8132 0 -9.4262 21.5 0 -8.3009 34.8156 -20.7478 -29.8067
3 16 34.8156 -20.7478 -29.8067 21.5 0 -8.3009 41.3692 -20.695 -28.8593
3 16 21.5 0 -8.3009 29.485 -2.0501 -8.1084 41.3692 -20.695 -28.8593
3 16 61.8039 -38.6095 -26.5145 49.3468 -38.7507 -28.8209 50.4852 -20.6876 -26.3223
3 16 50.4852 -20.6876 -26.3223 49.3468 -38.7507 -28.8209 41.3692 -20.695 -28.8593
3 16 50.4852 -20.6876 -26.3223 41.3692 -20.695 -28.8593 36.8497 -4.4578 -8.1396
3 16 36.8497 -4.4578 -8.1396 41.3692 -20.695 -28.8593 29.485 -2.0501 -8.1084
3 16 36.8497 -4.4578 -8.1396 40.1452 -5.25 -7.479 50.4852 -20.6876 -26.3223
3 16 50.4852 -20.6876 -26.3223 40.1452 -5.25 -7.479 60.0886 -20.7142 -21.8362
3 16 76.3062 -38.3966 -21.9933 61.8039 -38.6095 -26.5145 60.0886 -20.7142 -21.8362
3 16 60.0886 -20.7142 -21.8362 61.8039 -38.6095 -26.5145 50.4852 -20.6876 -26.3223
3 16 30 -75.2412 -29.8953 30 -58.6503 -16.2391 30 -57.101 -29.9997
3 16 30 -57.101 -29.9997 38.6696 -56.978 -29.852 30 -75.2412 -29.8953
3 16 30 -75.2412 -29.8953 38.6696 -56.978 -29.852 40.7488 -75.0401 -29.8228
3 16 30 -57.101 -29.9997 30 -58.6503 -16.2391 30 -38.8953 -29.9402
3 16 30 -38.8953 -29.9402 36.6886 -38.8559 -29.8605 30 -57.101 -29.9997
3 16 30 -57.101 -29.9997 36.6886 -38.8559 -29.8605 38.6696 -56.978 -29.852
3 16 -7.5 -24 -18.75 -7.5 -24 -12.102 -10 -24 -18.75
3 16 -10 -24 -18.75 -7.5 -24 -12.102 -10 -24 -10
3 16 8.2697 0 -10 16.8132 0 -9.4262 28.3037 -20.7 -30
3 16 28.3037 -20.7 -30 16.8132 0 -9.4262 34.8156 -20.7478 -29.8067
3 16 -10 -20.7 -30 -10 -10.35 -20 28.3037 -20.7 -30
3 16 -10 -24 -10 -7.5 -24 -4.4057 -10 -24 -0.3125
3 16 -10 -24 -0.3125 -7.5 -24 -4.4057 -7.5 -24 -0.7311
3 16 -10 -20.7 -30 9.7853 -24 -30 -10 -24 -30
3 16 30 -58.6503 -16.2391 30 -24 -27.5 30 -38.8953 -29.9402
3 16 30 -38.8953 -29.9402 30 -24 -27.5 30 -24 -30
3 16 28.3037 -20.7 -30 34.8156 -20.7478 -29.8067 30 -24 -30
3 16 9.7853 -24 -30 30 -24 -30 19.4687 -24 -27.5
3 16 19.4687 -24 -27.5 30 -24 -30 30 -24 -27.5
3 16 -7.5 -24 -0.7311 -7.5 -24 7.5 -10 -24 -0.3125
3 16 -10 -24 -0.3125 -7.5 -24 7.5 -10 -24 10
3 16 10 -24 -10 30.082 -8 -10 10 -8 -10
3 16 10 -7.0136 -7.9959 8 -7.0136 -7.9959 10 -6.75 -10.0036
3 16 10 -6.75 -10.0036 8 -7.0136 -7.9959 8 -6.75 -10.0036
3 16 10 -8 -10 10 -6.75 -10.0036 10 -7.0145 -12.0076
3 16 10 -14.5 -17.75 10 -8 -10 10 -12.4942 -17.4859
3 16 10 -10.625 -16.7117 10 -8 -10 10 -9.0199 -15.4801
3 16 10 -7.7883 -13.875 10 -8 -10 10 -7.0145 -12.0076
3 16 10 -12.4942 -17.4859 10 -8 -10 10 -10.625 -16.7117
3 16 10 -9.0199 -15.4801 10 -8 -10 10 -7.7883 -13.875
3 16 10 -6.75 -10.0036 10 -8 -10 10 -7.0136 -7.9959
3 16 10 -7.0136 -7.9959 10 -8 -10 10 -8 -7.7662
3 16 10 -24 -17.917 10 -24 -10 10 -14.5 -17.75
3 16 10 -14.5 -17.75 10 -24 -10 10 -8 -10
3 16 10 -14.5 -17.75 8 -14.5 -17.75 10 -24 -17.917
3 16 10 -24 -17.917 8 -14.5 -17.75 8 -24 -17.917
3 16 10 -12.4942 -17.4859 8 -12.4942 -17.4859 10 -14.5 -17.75
3 16 10 -14.5 -17.75 8 -12.4942 -17.4859 8 -14.5 -17.75
3 16 10 -10.625 -16.7117 8 -10.625 -16.7117 10 -12.4942 -17.4859
3 16 10 -12.4942 -17.4859 8 -10.625 -16.7117 8 -12.4942 -17.4859
3 16 10 -9.0199 -15.4801 8 -9.0199 -15.4801 10 -10.625 -16.7117
3 16 10 -10.625 -16.7117 8 -9.0199 -15.4801 8 -10.625 -16.7117
3 16 10 -7.7883 -13.875 8 -7.7883 -13.875 10 -9.0199 -15.4801
3 16 10 -9.0199 -15.4801 8 -7.7883 -13.875 8 -9.0199 -15.4801
3 16 10 -7.0145 -12.0076 8 -7.0145 -12.0076 10 -7.7883 -13.875
3 16 10 -7.7883 -13.875 8 -7.0145 -12.0076 8 -7.7883 -13.875
3 16 10 -6.75 -10.0036 8 -6.75 -10.0036 10 -7.0145 -12.0076
3 16 10 -7.0145 -12.0076 8 -6.75 -10.0036 8 -7.0145 -12.0076
3 16 8 -10.625 -3.2883 8 -9.0199 -4.5199 10 -10.625 -3.2883
3 16 10 -10.625 -3.2883 8 -9.0199 -4.5199 10 -9.0199 -4.5199
3 16 10 -9.0199 -4.5199 10 -8 10 10 -10.625 -3.2883
3 16 10 -10.625 -3.2883 10 -8 10 10 -12.4936 -2.5119
3 16 8 -12.4936 -2.5119 8 -10.625 -3.2883 10 -12.4936 -2.5119
3 16 10 -12.4936 -2.5119 8 -10.625 -3.2883 10 -10.625 -3.2883
3 16 10 -12.4936 -2.5119 10 -8 10 10 -14.5 -2.25
3 16 8 -14.5 -2.25 8 -12.4936 -2.5119 10 -14.5 -2.25
3 16 10 -14.5 -2.25 8 -12.4936 -2.5119 10 -12.4936 -2.5119
3 16 10 -8 10 10 -24 10 10 -14.5 -2.25
3 16 10 -14.5 -2.25 10 -24 10 10 -24 -2.083
3 16 10 -24 -2.083 8 -24 -2.083 10 -14.5 -2.25
3 16 10 -14.5 -2.25 8 -24 -2.083 8 -14.5 -2.25
3 16 5.4039 -24 -3.1378 5.4 -24 -6.1196 8 -24 -2.083
3 16 10 -8 -5.8676 10 -7.7883 -6.125 10 -8 -6.8169
3 16 8 -7.7883 -6.125 8 -7.0136 -7.9959 10 -7.7883 -6.125
3 16 10 -7.7883 -6.125 8 -7.0136 -7.9959 10 -7.0136 -7.9959
3 16 33.375 -24 -12.75 30 -24 -12.75 30 -24.7301 -12.8217
3 16 30 -24 -12.75 33.375 -24 -12.75 30 -24 -12.5
3 16 33.375 -24 -12.75 33.375 -24 -10 30 -24 -12.5
3 16 12.225 -24 -12.5 21.6036 -24 -12.5 10 -24 -10
3 16 21.6036 -7.4418 -12.5 30 -8.8686 -12.5 21.6036 -24 -12.5
3 16 21.6036 -24 -12.5 30 -8.8686 -12.5 30 -24 -12.5
3 16 30 -24 -12.5 33.375 -24 -10 21.6036 -24 -12.5
3 16 21.6036 -24 -12.5 33.375 -24 -10 10 -24 -10
3 16 10 -24 -10 10 -24 -17.917 12.225 -24 -12.5
3 16 12.225 -24 -12.5 10 -24 -17.917 12.225 -24 -20
3 16 12.225 -14.8905 -20 12.225 -11.9637 -17.1875 12.225 -24 -20
3 16 6.25 -24 -20.0036 6.037 -24 -18.3896 6.25 -28.45 -20.0072
3 16 6.25 -28.45 -20.0072 6.037 -24 -18.3896 5.7742 -28.45 -17.6154
3 16 4.4194 -28.45 -15.5878 5.7742 -28.45 -17.6154 5.4013 -24 -16.8629
3 16 5.4013 -24 -16.8629 5.7742 -28.45 -17.6154 6.037 -24 -18.3896
3 16 5.7742 -28.45 -22.399 6.25 -24 -20.0036 6.25 -28.45 -20.0072
3 16 5.4 -24 -13.8876 8 -24 -13.875 5.4 -24 -11.9921
3 16 5.4 -24 -11.9921 8 -24 -13.875 8 -24 -10.0036
3 16 5.4 -24 -10.0036 5.4 -24 -11.9921 8 -24 -10.0036
3 16 5.4 -24 -13.8876 5.4 -22.8951 -13.8876 5.4012 -24 -16.206
3 16 5.4012 -24 -16.206 5.4 -22.8951 -13.8876 5.4 -21.8639 -15.6015
3 16 5.7742 -28.45 2.3918 6.25 -24 0 5.7742 -13.5 2.3918
3 16 5.7742 -13.5 2.3918 6.25 -24 0 6.25 -13.5 0
3 16 -7.5 -24 -4.4057 -10 -24 -10 -7.5 -24 -6.1196
3 16 7.5 -24 0 7.5 -13.5 0 6.25 -24 0
3 16 6.25 -24 0 7.5 -13.5 0 6.25 -13.5 0
3 16 -7.5 -24 -4.4057 -7.5 -21.8639 -4.4057 -7.5 -24 -0.7311
3 16 -7.5 -24 -0.7311 -7.5 -21.8639 -4.4057 -7.5 -19.6606 -2.3924
3 16 -7.5 -24 -0.7311 -7.5 -19.6606 -2.3924 -7.5 -24 7.5
3 16 -7.5 -24 7.5 -7.5 -16.9746 -1.0908 -7.5 -13.5 7.5
3 16 -7.5 -13.5 7.5 -7.5 -16.9746 -1.0908 -7.5 -13.5 -0.7311
3 16 -7.5 -16.9746 -1.0908 -7.5 -24 7.5 -7.5 -19.6606 -2.3924
3 16 7.5 -13.5 0 7.5 -24 0 7.5 -13.5 7.5
3 16 7.5 -13.5 7.5 7.5 -24 0 7.5 -24 7.5
3 16 6.25 -24 0 8 -24 -2.083 7.5 -24 0
3 16 7.5 -24 0 8 -24 -2.083 10 -24 -2.083
3 16 5.4 -20.6663 -3.1415 4.4247 -21.868 -4.4126 5.4 -21.8639 -4.4057
3 16 -10 -24 -30 1.3728 -24 -27.5 -7.5 -24 -27.5
3 16 12.1906 -24 -27.5 1.3728 -24 -27.5 9.7853 -24 -30
3 16 9.7853 -24 -30 1.3728 -24 -27.5 -10 -24 -30
3 16 -7.5 -23.5337 -11.9921 -7.5 -24 -12.102 -7.5 -22.8951 -13.8876
3 16 -7.5 -24 -18.75 -7.5 -22.8951 -13.8876 -7.5 -24 -12.102
3 16 -7.5 -24 7.5 7.5 -24 7.5 -10 -24 10
3 16 -10 -24 10 7.5 -24 7.5 10 -24 10
3 16 35.5396 -8 26.8017 50.4541 -8 27.2282 36.3966 -8 30
3 16 36.3966 -8 30 50.4541 -8 27.2282 49.9902 -8 30
3 16 33.1983 -8 24.4604 40.3533 -8 16.1766 35.5396 -8 26.8017
3 16 30.082 -8 10.0034 40.3533 -8 16.1766 30 -8 23.6034
3 16 30 -8 23.6034 40.3533 -8 16.1766 33.1983 -8 24.4604
3 16 10 -8 10 30.082 -8 10.0034 26.8017 -8 24.4604
3 16 26.8017 -8 24.4604 30.082 -8 10.0034 30 -8 23.6034
3 16 26.8017 -8 24.4604 24.4604 -8 26.8017 10 -8 10
3 16 24.4604 -8 26.8017 10 -8 30 10 -8 10
3 16 10 -8 30 24.4604 -8 26.8017 23.6034 -8 30
3 16 10 -8 -5.8676 10 -8 -6.8169 31.4103 -8 -8.1342
3 16 31.4103 -8 -8.1342 30.082 -8 10.0034 10 -8 -5.8676
3 16 10 -8 -5.8676 30.082 -8 10.0034 10 -8 10
3 16 55.7566 -9.5175 24.891 57.078 -9.8039 27.1461 54.2008 -9.9895 27.7475
3 16 53.8396 -10.0694 30 54.2008 -9.9895 27.7475 57.1395 -9.9293 30
3 16 57.1395 -9.9293 30 54.2008 -9.9895 27.7475 57.078 -9.8039 27.1461
3 16 71.4929 -96 -27.7185 65.181 -96 -25.103 42.2652 -96 -29.7829
3 16 42.2652 -96 -29.7829 65.181 -96 -25.103 42.6356 -96 -26.8731
3 16 30 -93.3006 -19.7282 33.375 -93.3006 -19.7282 30 -58.6503 -16.2391
3 16 30 -58.6503 -16.2391 33.375 -93.3006 -19.7282 33.375 -58.6503 -16.2391
3 16 183.9847 -96 24.1618 188.6312 -96 22.9359 185.0311 -96 30
3 16 185.0311 -96 30 188.6312 -96 22.9359 190 -96 30
3 16 188.6312 -96 22.9359 183.9847 -96 24.1618 183.6539 -96 13.8599
3 16 183.6539 -96 13.8599 183.9847 -96 24.1618 179.9608 -96 16.3129
3 16 183.6539 -96 13.8599 179.9608 -96 16.3129 175.431 -96 5.3563
3 16 175.431 -96 5.3563 179.9608 -96 16.3129 172.83 -96 8.6256
3 16 175.431 -96 5.3563 172.83 -96 8.6256 163.2323 -96 -2.8655
3 16 163.2323 -96 -2.8655 172.83 -96 8.6256 161.1903 -96 0.6729
3 16 161.1903 -96 0.6729 149.2671 -96 -5.3081 163.2323 -96 -2.8655
3 16 163.2323 -96 -2.8655 149.2671 -96 -5.3081 150.6337 -96 -9.0948
3 16 149.2671 -96 -5.3081 134.0378 -96 -11.2053 150.6337 -96 -9.0948
3 16 150.6337 -96 -9.0948 134.0378 -96 -11.2053 134.8994 -96 -14.9612
3 16 134.0378 -96 -11.2053 116.6796 -96 -16.3969 134.8994 -96 -14.9612
3 16 134.8994 -96 -14.9612 116.6796 -96 -16.3969 117.0361 -96 -20.1072
3 16 116.6796 -96 -16.3969 94.848 -96 -21.0003 117.0361 -96 -20.1072
3 16 117.0361 -96 -20.1072 94.848 -96 -21.0003 95.0855 -96 -24.4662
3 16 95.0855 -96 -24.4662 94.848 -96 -21.0003 71.4929 -96 -27.7185
3 16 71.4929 -96 -27.7185 94.848 -96 -21.0003 65.181 -96 -25.103
3 16 30 -93.3006 -19.7282 30 -93.2505 -22.6473 30 -94.3494 -20.041
3 16 30 -94.3494 -20.041 33.375 -94.3494 -20.041 30 -93.3006 -19.7282
3 16 30 -93.3006 -19.7282 33.375 -94.3494 -20.041 33.375 -93.3006 -19.7282
3 16 30 -94.3494 -20.041 30 -93.2505 -22.6473 30 -95.2372 -20.6897
3 16 30 -95.2372 -20.6897 33.375 -95.2372 -20.6897 30 -94.3494 -20.041
3 16 30 -94.3494 -20.041 33.375 -95.2372 -20.6897 33.375 -94.3494 -20.041
3 16 30 -95.2372 -20.6897 30 -93.2505 -22.6473 30 -95.8016 -21.6352
3 16 30 -95.8016 -21.6352 33.375 -95.8016 -21.6352 30 -95.2372 -20.6897
3 16 30 -95.2372 -20.6897 33.375 -95.8016 -21.6352 33.375 -95.2372 -20.6897
3 16 30 -95.8016 -21.6352 30 -93.2505 -22.6473 30 -96 -22.7131
3 16 30 -96 -22.7131 33.375 -96 -22.7131 30 -95.8016 -21.6352
3 16 30 -95.8016 -21.6352 33.375 -96 -22.7131 33.375 -95.8016 -21.6352
3 16 30 -58.6503 -16.2391 33.375 -58.6503 -16.2391 30 -24.7301 -12.8217
3 16 30 -24.7301 -12.8217 33.375 -58.6503 -16.2391 33.375 -24 -12.75
3 16 30 -24.7301 -12.8217 30 -24 -27.5 30 -58.6503 -16.2391
3 16 42.6356 -96 -26.8731 33.375 -96 -26.9374 42.2652 -96 -29.7829
3 16 42.2652 -96 -29.7829 33.375 -96 -26.9374 30 -96 -30
3 16 30 -92.7215 -29.9998 30 -96 -30 30 -93.2505 -22.6473
3 16 30 -93.2505 -22.6473 30 -96 -30 30 -96 -22.7131
3 16 30 -96 -30 33.375 -96 -26.9374 30 -96 -22.7131
3 16 30 -96 -22.7131 33.375 -96 -26.9374 33.375 -96 -22.7131
3 16 30 -92.7215 -29.9998 30 -93.2505 -22.6473 30 -75.2412 -29.8953
3 16 188.6312 -96 22.9359 188.6362 -92.7215 22.969 190 -96 30
3 16 190 -96 30 188.6362 -92.7215 22.969 189.995 -92.7215 30
3 16 163.1349 -74.6278 21.3892 165.0097 -74.7258 30 188.6362 -92.7215 22.969
3 16 188.6362 -92.7215 22.969 165.0097 -74.7258 30 189.995 -92.7215 30
3 16 188.6362 -92.7215 22.969 188.6312 -96 22.9359 183.673 -92.7215 13.8841
3 16 183.673 -92.7215 13.8841 188.6312 -96 22.9359 183.6539 -96 13.8599
3 16 159.8723 -74.5412 13.9079 163.1349 -74.6278 21.3892 183.673 -92.7215 13.8841
3 16 183.673 -92.7215 13.8841 163.1349 -74.6278 21.3892 188.6362 -92.7215 22.969
3 16 183.673 -92.7215 13.8841 183.6539 -96 13.8599 175.4553 -92.7215 5.3751
3 16 175.4553 -92.7215 5.3751 183.6539 -96 13.8599 175.431 -96 5.3563
3 16 152.9506 -74.4476 5.0246 159.8723 -74.5412 13.9079 175.4553 -92.7215 5.3751
3 16 175.4553 -92.7215 5.3751 159.8723 -74.5412 13.9079 183.673 -92.7215 13.8841
3 16 175.4553 -92.7215 5.3751 175.431 -96 5.3563 163.26 -92.7215 -2.8523
3 16 163.26 -92.7215 -2.8523 175.431 -96 5.3563 163.2323 -96 -2.8655
3 16 142.3893 -74.4205 -3.7611 152.9506 -74.4476 5.0246 163.26 -92.7215 -2.8523
3 16 163.26 -92.7215 -2.8523 152.9506 -74.4476 5.0246 175.4553 -92.7215 5.3751
3 16 163.26 -92.7215 -2.8523 163.2323 -96 -2.8655 150.6641 -92.7215 -9.0874
3 16 150.6641 -92.7215 -9.0874 163.2323 -96 -2.8655 150.6337 -96 -9.0948
3 16 126.9154 -74.5095 -12.4988 142.3893 -74.4205 -3.7611 150.6641 -92.7215 -9.0874
3 16 150.6641 -92.7215 -9.0874 142.3893 -74.4205 -3.7611 163.26 -92.7215 -2.8523
3 16 150.6641 -92.7215 -9.0874 150.6337 -96 -9.0948 134.9299 -92.7215 -14.9547
3 16 134.9299 -92.7215 -14.9547 150.6337 -96 -9.0948 134.8994 -96 -14.9612
3 16 150.6641 -92.7215 -9.0874 134.9299 -92.7215 -14.9547 126.9154 -74.5095 -12.4988
3 16 126.9154 -74.5095 -12.4988 134.9299 -92.7215 -14.9547 107.6757 -74.6423 -19.7239
3 16 134.9299 -92.7215 -14.9547 134.8994 -96 -14.9612 117.0682 -92.7215 -20.1064
3 16 117.0682 -92.7215 -20.1064 134.8994 -96 -14.9612 117.0361 -96 -20.1072
3 16 117.0682 -92.7215 -20.1064 107.6757 -74.6423 -19.7239 134.9299 -92.7215 -14.9547
3 16 117.0682 -92.7215 -20.1064 117.0361 -96 -20.1072 95.1176 -92.7215 -24.4649
3 16 95.1176 -92.7215 -24.4649 117.0361 -96 -20.1072 95.0855 -96 -24.4662
3 16 84.0391 -74.6905 -25.2877 107.6757 -74.6423 -19.7239 95.1176 -92.7215 -24.4649
3 16 95.1176 -92.7215 -24.4649 107.6757 -74.6423 -19.7239 117.0682 -92.7215 -20.1064
3 16 95.1176 -92.7215 -24.4649 95.0855 -96 -24.4662 71.525 -92.7215 -27.7187
3 16 71.525 -92.7215 -27.7187 95.0855 -96 -24.4662 71.4929 -96 -27.7185
3 16 64.4137 -74.7917 -28.1249 84.0391 -74.6905 -25.2877 71.525 -92.7215 -27.7187
3 16 71.525 -92.7215 -27.7187 84.0391 -74.6905 -25.2877 95.1176 -92.7215 -24.4649
3 16 71.525 -92.7215 -27.7187 71.4929 -96 -27.7185 42.2735 -92.7215 -29.786
3 16 42.2735 -92.7215 -29.786 71.4929 -96 -27.7185 42.2652 -96 -29.7829
3 16 40.7488 -75.0401 -29.8228 64.4137 -74.7917 -28.1249 42.2735 -92.7215 -29.786
3 16 42.2735 -92.7215 -29.786 64.4137 -74.7917 -28.1249 71.525 -92.7215 -27.7187
3 16 30 -96 -30 30 -92.7215 -29.9998 42.2652 -96 -29.7829
3 16 42.2652 -96 -29.7829 30 -92.7215 -29.9998 42.2735 -92.7215 -29.786
3 16 30 -75.2412 -29.8953 40.7488 -75.0401 -29.8228 30 -92.7215 -29.9998
3 16 30 -92.7215 -29.9998 40.7488 -75.0401 -29.8228 42.2735 -92.7215 -29.786
3 16 183.9847 -96 24.1618 185.0311 -96 30 184.0112 -93.5642 24.292
3 16 184.0112 -93.5642 24.292 185.0311 -96 30 185.0087 -93.6253 30
3 16 177.0114 -88.6213 23.867 184.0112 -93.5642 24.292 177.5103 -88.2886 30
3 16 177.5103 -88.2886 30 184.0112 -93.5642 24.292 185.0087 -93.6253 30
3 16 33.375 -94.3494 -20.041 33.375 -89.8897 -26.8379 33.375 -93.3006 -19.7282
3 16 33.375 -93.3006 -19.7282 33.375 -89.8897 -26.8379 33.375 -77.4437 -26.7337
3 16 174.9679 -89.8939 15.9488 179.9335 -93.3778 16.3616 177.0114 -88.6213 23.867
3 16 177.0114 -88.6213 23.867 179.9335 -93.3778 16.3616 184.0112 -93.5642 24.292
3 16 179.9608 -96 16.3129 183.9847 -96 24.1618 179.9335 -93.3778 16.3616
3 16 179.9335 -93.3778 16.3616 183.9847 -96 24.1618 184.0112 -93.5642 24.292
3 16 171.4485 -91.7328 9.0034 172.7332 -93.1894 8.5985 174.9679 -89.8939 15.9488
3 16 174.9679 -89.8939 15.9488 172.7332 -93.1894 8.5985 179.9335 -93.3778 16.3616
3 16 172.7332 -93.1894 8.5985 172.83 -96 8.6256 179.9335 -93.3778 16.3616
3 16 179.9335 -93.3778 16.3616 172.83 -96 8.6256 179.9608 -96 16.3129
3 16 171.4485 -91.7328 9.0034 161.1091 -90.0306 2.6137 172.7332 -93.1894 8.5985
3 16 172.7332 -93.1894 8.5985 161.1091 -90.0306 2.6137 160.9694 -92.8884 0.5908
3 16 160.9694 -92.8884 0.5908 161.1903 -96 0.6729 172.7332 -93.1894 8.5985
3 16 172.7332 -93.1894 8.5985 161.1903 -96 0.6729 172.83 -96 8.6256
3 16 161.1091 -90.0306 2.6137 149.9632 -87.4838 -2.4629 160.9694 -92.8884 0.5908
3 16 160.9694 -92.8884 0.5908 149.9632 -87.4838 -2.4629 148.9407 -92.4992 -5.392
3 16 148.9407 -92.4992 -5.392 149.2671 -96 -5.3081 160.9694 -92.8884 0.5908
3 16 160.9694 -92.8884 0.5908 149.2671 -96 -5.3081 161.1903 -96 0.6729
3 16 149.9632 -87.4838 -2.4629 134.9115 -83.6399 -8.281 148.9407 -92.4992 -5.392
3 16 148.9407 -92.4992 -5.392 134.9115 -83.6399 -8.281 133.6635 -91.8524 -11.2474
3 16 133.6635 -91.8524 -11.2474 134.0378 -96 -11.2053 148.9407 -92.4992 -5.392
3 16 148.9407 -92.4992 -5.392 134.0378 -96 -11.2053 149.2671 -96 -5.3081
3 16 133.6635 -91.8524 -11.2474 134.9115 -83.6399 -8.281 116.1098 -90.9698 -16.4906
3 16 116.1098 -90.9698 -16.4906 134.9115 -83.6399 -8.281 111.0818 -73.1336 -14.9946
3 16 116.1098 -90.9698 -16.4906 116.6796 -96 -16.3969 133.6635 -91.8524 -11.2474
3 16 133.6635 -91.8524 -11.2474 116.6796 -96 -16.3969 134.0378 -96 -11.2053
3 16 116.1098 -90.9698 -16.4906 111.0818 -73.1336 -14.9946 94.0461 -90.0068 -21.1033
3 16 94.0461 -90.0068 -21.1033 111.0818 -73.1336 -14.9946 91.4916 -74.8024 -20.5455
3 16 94.0461 -90.0068 -21.1033 94.848 -96 -21.0003 116.1098 -90.9698 -16.4906
3 16 116.1098 -90.9698 -16.4906 94.848 -96 -21.0003 116.6796 -96 -16.3969
3 16 94.0461 -90.0068 -21.1033 91.4916 -74.8024 -20.5455 64.9666 -89.7807 -25.0854
3 16 64.9666 -89.7807 -25.0854 91.4916 -74.8024 -20.5455 63.5279 -75.9379 -24.8541
3 16 64.9666 -89.7807 -25.0854 65.181 -96 -25.103 94.0461 -90.0068 -21.1033
3 16 94.0461 -90.0068 -21.1033 65.181 -96 -25.103 94.848 -96 -21.0003
3 16 63.5279 -75.9379 -24.8541 45.1381 -76.4843 -26.3821 64.9666 -89.7807 -25.0854
3 16 64.9666 -89.7807 -25.0854 45.1381 -76.4843 -26.3821 42.8642 -89.8857 -26.7305
3 16 42.6356 -96 -26.8731 65.181 -96 -25.103 42.8642 -89.8857 -26.7305
3 16 42.8642 -89.8857 -26.7305 65.181 -96 -25.103 64.9666 -89.7807 -25.0854
3 16 33.375 -89.8897 -26.8379 42.8642 -89.8857 -26.7305 33.375 -77.4437 -26.7337
3 16 33.375 -77.4437 -26.7337 42.8642 -89.8857 -26.7305 45.1381 -76.4843 -26.3821
3 16 33.375 -96 -26.9374 42.6356 -96 -26.8731 33.375 -89.8897 -26.8379
3 16 33.375 -89.8897 -26.8379 42.6356 -96 -26.8731 42.8642 -89.8857 -26.7305
3 16 61.0053 -18.6499 -6.9846 50.3987 -18.8229 -15.1887 66.2837 -24.031 -13.584
3 16 66.2837 -24.031 -13.584 50.3987 -18.8229 -15.1887 53.8429 -24.159 -21.5129
3 16 53.8429 -24.159 -21.5129 58.9321 -35.9325 -23.2288 66.2837 -24.031 -13.584
3 16 66.2837 -24.031 -13.584 58.9321 -35.9325 -23.2288 74.683 -33.6973 -16.0428
3 16 33.375 -24.3782 -26.2523 41.272 -24.1008 -25.4299 33.4005 -18.7979 -20.7324
3 16 33.4005 -18.7979 -20.7324 41.272 -24.1008 -25.4299 39.97 -18.8492 -19.5025
3 16 77.7634 -24.0818 -0.6613 86.8141 -31.0754 -2.5621 84.8049 -24.0262 15.7936
3 16 84.8049 -24.0262 15.7936 86.8141 -31.0754 -2.5621 93.0846 -29.7497 15.0159
3 16 76.2544 -19.1915 18.7401 70.073 -18.6932 4.8252 84.8049 -24.0262 15.7936
3 16 84.8049 -24.0262 15.7936 70.073 -18.6932 4.8252 77.7634 -24.0818 -0.6613
3 16 84.8049 -24.0262 15.7936 93.0846 -29.7497 15.0159 86.818 -23.9544 30
3 16 86.818 -23.9544 30 93.0846 -29.7497 15.0159 94.0674 -28.9952 30
3 16 77.9997 -19.4029 30 76.2544 -19.1915 18.7401 86.818 -23.9544 30
3 16 86.818 -23.9544 30 76.2544 -19.1915 18.7401 84.8049 -24.0262 15.7936
3 16 66.2837 -24.031 -13.584 74.683 -33.6973 -16.0428 77.7634 -24.0818 -0.6613
3 16 77.7634 -24.0818 -0.6613 74.683 -33.6973 -16.0428 86.8141 -31.0754 -2.5621
3 16 70.073 -18.6932 4.8252 61.0053 -18.6499 -6.9846 77.7634 -24.0818 -0.6613
3 16 77.7634 -24.0818 -0.6613 61.0053 -18.6499 -6.9846 66.2837 -24.031 -13.584
3 16 53.8429 -24.159 -21.5129 50.3987 -18.8229 -15.1887 41.272 -24.1008 -25.4299
3 16 41.272 -24.1008 -25.4299 50.3987 -18.8229 -15.1887 39.97 -18.8492 -19.5025
3 16 41.272 -24.1008 -25.4299 43.3106 -36.8809 -25.9489 53.8429 -24.159 -21.5129
3 16 53.8429 -24.159 -21.5129 43.3106 -36.8809 -25.9489 58.9321 -35.9325 -23.2288
3 16 33.375 -24 -12.75 33.375 -24.3782 -26.2523 33.4005 -18.7979 -20.7324
3 16 33.375 -58.6503 -16.2391 33.3806 -36.748 -26.5043 33.375 -24 -12.75
3 16 33.375 -24 -12.75 33.3806 -36.748 -26.5043 33.375 -24.3782 -26.2523
3 16 33.375 -24.3782 -26.2523 33.3806 -36.748 -26.5043 41.272 -24.1008 -25.4299
3 16 41.272 -24.1008 -25.4299 33.3806 -36.748 -26.5043 43.3106 -36.8809 -25.9489
3 16 40.1452 -5.25 -7.479 18.125 -5.25 10 43.8965 -5.25 -4.7239
3 16 -10 -7.7883 -13.875 -10 -6.75 -10.0036 -10 0 -10
3 16 -10 0 -10 -10 -6.75 -10.0036 -10 -7.7883 -6.125
3 16 -10 0 -10 8.2697 0 -10 -10 -10.35 -20
3 16 -10 -10.35 -20 8.2697 0 -10 28.3037 -20.7 -30
3 16 -10 -10.625 -16.7117 -10 -7.7883 -13.875 -10 -10.35 -20
3 16 -10 -10.35 -20 -10 -7.7883 -13.875 -10 0 -10
3 16 -10 0 -10 -10 -7.7883 -6.125 -10 0 10
3 16 -10 0 10 -10 -7.7883 -6.125 -10 -8 10
3 16 -6.25 0 8.5828 -6.25 0 -7.5 -10 0 10
3 16 -10 0 10 -6.25 0 -7.5 -10 0 -10
3 16 59.5754 -5.25 23.7276 58.5145 -5.25 17.9299 37.5065 -5.25 26.8907
3 16 37.5065 -5.25 26.8907 58.5145 -5.25 17.9299 35.7452 -5.25 24.2548
3 16 58.5145 -5.25 17.9299 55.9793 -5.25 11.116 35.7452 -5.25 24.2548
3 16 35.7452 -5.25 24.2548 55.9793 -5.25 11.116 33.1093 -5.25 22.4935
3 16 47.9274 -5.25 -0.8732 18.125 -5.25 10 52.5622 -5.25 4.9419
3 16 43.8965 -5.25 -4.7239 18.125 -5.25 10 47.9274 -5.25 -0.8732
3 16 40.1452 -5.25 -7.479 29.3137 -5.25 -7.479 18.125 -5.25 10
3 16 -6.25 0 30 -6.25 -5.25 30 -6.25 0 8.5828
3 16 -6.25 0 8.5828 -6.25 -5.25 30 -6.25 -5.25 7
3 16 -6.25 -10.5 -1.6596 6.9784 -10.5 -1.6596 -6.25 -8.8259 -2.6835
3 16 -6.25 -8.8259 -2.6835 6.9784 -10.5 -1.6596 6.9784 -8.8259 -2.6835
3 16 -6.25 -7.4124 -4.0448 -6.25 -5.25 7 -6.25 -8.8259 -2.6835
3 16 6.9784 -5.25 -5.3019 18.5 -5.25 -5.9746 6.9784 -5.25 -7.5
3 16 6.9784 -5.25 -7.5 18.5 -5.25 -5.9746 18.5 -5.25 -7.4824
3 16 18.5 0 -7.4824 7 0 -7.5 18.5 -5.25 -7.4824
3 16 18.5 -5.25 -7.4824 7 0 -7.5 6.9784 -5.25 -7.5
3 16 18.5 0 -7.4824 18.5 -5.25 -7.4824 18.5 0 -6.0125
3 16 18.5 0 -6.0125 18.5 -5.25 -7.4824 18.5 -5.25 -5.9746
3 16 21.5 -5.25 -5.9746 21.5 0 -6.0125 18.5 -5.25 -5.9746
3 16 18.5 -5.25 -5.9746 21.5 0 -6.0125 18.5 0 -6.0125
3 16 21.5 0 -7.479 18.5 0 -7.4824 21.5 0 -6.0125
3 16 21.5 0 -6.0125 18.5 0 -7.4824 18.5 0 -6.0125
3 16 21.5 0 -7.479 21.5 0 -6.0125 21.5 -5.25 -7.479
3 16 21.5 -5.25 -7.479 21.5 0 -6.0125 21.5 -5.25 -5.9746
3 16 40.1452 -5.25 -7.479 36.4884 -4.1697 -7.479 29.3137 -5.25 -7.479
3 16 29.3137 -5.25 -7.479 36.4884 -4.1697 -7.479 29.3602 -2.0326 -7.479
3 16 30.082 -8 -10 10 -8 -7.7662 10 -8 -10
3 16 16.8132 0 -9.4262 18.5 0 -7.4824 21.5 0 -8.3009
3 16 21.5 0 -8.3009 18.5 0 -7.4824 21.5 0 -7.479
3 16 10 -8 -7.7662 30.082 -8 -10 10 -8 -6.8169
3 16 10 -8 -6.8169 30.082 -8 -10 31.4103 -8 -8.1342
3 16 -6.25 0 8.5828 -10 0 10 -6.25 0 30
3 16 -6.25 0 30 -10 0 10 -10 0 30
3 16 6.9784 -6.3049 -5.67 6.9784 -7.4124 -4.0448 6.9784 -5.25 -5.3019
3 16 6.9784 -5.25 2.4639 6.9784 -5.25 -5.3019 6.9784 -7.4124 -4.0448
3 16 6.9784 -7.4124 -4.0448 6.9784 -8.8259 -2.6835 6.9784 -5.25 2.4639
3 16 6.9784 -5.25 2.4639 6.9784 -8.8259 -2.6835 6.9784 -10.5 2.4639
3 16 6.9784 -10.5 2.4639 6.9784 -8.8259 -2.6835 6.9784 -10.5 -1.6596
3 16 -6.25 -6.3049 -5.67 -6.25 -5.5942 -7.5 -6.25 0 -7.5
3 16 -6.25 -6.3049 -5.67 -6.25 -5.25 7 -6.25 -7.4124 -4.0448
3 16 -6.25 -7.4124 -4.0448 6.9784 -7.4124 -4.0448 -6.25 -6.3049 -5.67
3 16 -6.25 -6.3049 -5.67 6.9784 -7.4124 -4.0448 6.9784 -6.3049 -5.67
3 16 -6.25 -8.8259 -2.6835 6.9784 -8.8259 -2.6835 -6.25 -7.4124 -4.0448
3 16 -6.25 -7.4124 -4.0448 6.9784 -8.8259 -2.6835 6.9784 -7.4124 -4.0448
3 16 8.2697 0 -10 7 0 -7.5 16.8132 0 -9.4262
3 16 16.8132 0 -9.4262 7 0 -7.5 18.5 0 -7.4824
3 16 29.3137 -5.25 -7.479 29.3602 -2.0326 -7.479 21.5 -5.25 -7.479
3 16 21.5 -5.25 -7.479 29.3602 -2.0326 -7.479 21.5 0 -7.479
3 16 60.1703 -5.25 30 59.5754 -5.25 23.7276 38.125 -5.25 30
3 16 38.125 -5.25 30 59.5754 -5.25 23.7276 37.5065 -5.25 26.8907
3 16 21.875 -5.25 30 21.875 0 30 22.4935 -5.25 26.8907
3 16 22.4935 -5.25 26.8907 21.875 0 30 22.4935 0 26.8907
3 16 22.4935 -5.25 26.8907 22.4935 0 26.8907 24.2548 -5.25 24.2548
3 16 24.2548 -5.25 24.2548 22.4935 0 26.8907 24.2548 0 24.2548
3 16 24.2548 -5.25 24.2548 24.2548 0 24.2548 26.8907 -5.25 22.4935
3 16 26.8907 -5.25 22.4935 24.2548 0 24.2548 26.8907 0 22.4935
3 16 26.8907 -5.25 22.4935 26.8907 0 22.4935 30 -5.25 21.875
3 16 30 -5.25 21.875 26.8907 0 22.4935 30 0 21.875
3 16 55.9793 -5.25 11.116 52.5622 -5.25 4.9419 30 -5.25 21.875
3 16 30 -5.25 21.875 52.5622 -5.25 4.9419 18.125 -5.25 10
3 16 30 -5.25 21.875 30 0 21.875 33.1093 -5.25 22.4935
3 16 33.1093 -5.25 22.4935 30 0 21.875 33.1093 0 22.4935
3 16 33.1093 -5.25 22.4935 55.9793 -5.25 11.116 30 -5.25 21.875
3 16 33.1093 -5.25 22.4935 33.1093 0 22.4935 35.7452 -5.25 24.2548
3 16 35.7452 -5.25 24.2548 33.1093 0 22.4935 35.7452 0 24.2548
3 16 35.7452 -5.25 24.2548 35.7452 0 24.2548 37.5065 -5.25 26.8907
3 16 37.5065 -5.25 26.8907 35.7452 0 24.2548 37.5065 0 26.8907
3 16 38.125 0 30 38.125 -5.25 30 37.5065 0 26.8907
3 16 37.5065 0 26.8907 38.125 -5.25 30 37.5065 -5.25 26.8907
3 16 15.5396 -5.375 6.8017 15.5396 0 6.8017 13.1983 -5.375 4.4604
3 16 13.1983 -5.375 4.4604 15.5396 0 6.8017 13.1983 0 4.4604
3 16 13.1983 -5.375 4.4604 10 -5.375 10 15.5396 -5.375 6.8017
3 16 13.1983 -5.375 4.4604 13.1983 0 4.4604 10 -5.375 3.6034
3 16 10 -5.375 3.6034 13.1983 0 4.4604 10 0 3.6034
3 16 10 -5.375 3.6034 10 -5.375 10 13.1983 -5.375 4.4604
3 16 10 -5.375 3.6034 10 0 3.6034 6.8017 -5.375 4.4604
3 16 6.8017 -5.375 4.4604 10 0 3.6034 6.8017 0 4.4604
3 16 6.8017 -5.375 4.4604 10 -5.375 10 10 -5.375 3.6034
3 16 6.8017 -5.375 4.4604 6.8017 0 4.4604 4.4604 -5.375 6.8017
3 16 4.4604 -5.375 6.8017 6.8017 0 4.4604 4.4604 0 6.8017
3 16 4.4604 -5.375 6.8017 10 -5.375 10 6.8017 -5.375 4.4604
3 16 4.4604 -5.375 6.8017 4.4604 0 6.8017 3.6034 -5.375 10
3 16 3.6034 -5.375 10 4.4604 0 6.8017 3.6034 0 10
3 16 3.6034 -5.375 10 10 -5.375 10 4.4604 -5.375 6.8017
3 16 3.6034 -5.375 10 3.6034 0 10 4.4604 -5.375 13.1983
3 16 4.4604 -5.375 13.1983 3.6034 0 10 4.4604 0 13.1983
3 16 4.4604 -5.375 13.1983 10 -5.375 10 3.6034 -5.375 10
3 16 4.4604 -5.375 13.1983 4.4604 0 13.1983 6.8017 -5.375 15.5396
3 16 6.8017 -5.375 15.5396 4.4604 0 13.1983 6.8017 0 15.5396
3 16 6.8017 -5.375 15.5396 10 -5.375 10 4.4604 -5.375 13.1983
3 16 6.8017 -5.375 15.5396 6.8017 0 15.5396 10 -5.375 16.3966
3 16 10 -5.375 16.3966 6.8017 0 15.5396 10 0 16.3966
3 16 10 -5.375 16.3966 10 -5.375 10 6.8017 -5.375 15.5396
3 16 10 -5.375 16.3966 10 0 16.3966 13.1983 -5.375 15.5396
3 16 13.1983 -5.375 15.5396 10 0 16.3966 13.1983 0 15.5396
3 16 13.1983 -5.375 15.5396 10 -5.375 10 10 -5.375 16.3966
3 16 13.1983 -5.375 15.5396 13.1983 0 15.5396 15.5396 -5.375 13.1983
3 16 15.5396 -5.375 13.1983 13.1983 0 15.5396 15.5396 0 13.1983
3 16 15.5396 -5.375 13.1983 10 -5.375 10 13.1983 -5.375 15.5396
3 16 15.5396 -5.375 13.1983 15.5396 0 13.1983 16.3966 -5.375 10
3 16 16.3966 -5.375 10 15.5396 0 13.1983 16.3966 0 10
3 16 16.3966 -5.375 10 10 -5.375 10 15.5396 -5.375 13.1983
3 16 15.5396 -5.375 6.8017 10 -5.375 10 16.3966 -5.375 10
3 16 16.3966 -5.375 10 16.3966 0 10 15.5396 -5.375 6.8017
3 16 15.5396 -5.375 6.8017 16.3966 0 10 15.5396 0 6.8017
3 16 1.875 -5.25 10 2.4935 -5.25 13.1093 1.875 0 10
3 16 1.875 0 10 2.4935 -5.25 13.1093 2.4935 0 13.1093
3 16 18.5 -5.25 -5.9746 6.9784 -5.25 -5.3019 10 -5.25 1.875
3 16 10 -5.25 1.875 6.9784 -5.25 -5.3019 6.9784 -5.25 2.4639
3 16 30 -5.25 21.875 18.125 -5.25 10 26.8907 -5.25 22.4935
3 16 18.125 -5.25 10 18.125 0 10 17.5065 -5.25 13.1093
3 16 17.5065 -5.25 13.1093 18.125 0 10 17.5065 0 13.1093
3 16 18.125 -5.25 10 17.5065 -5.25 13.1093 26.8907 -5.25 22.4935
3 16 26.8907 -5.25 22.4935 17.5065 -5.25 13.1093 24.2548 -5.25 24.2548
3 16 15.7452 0 15.7453 15.7452 -5.25 15.7453 17.5065 0 13.1093
3 16 17.5065 0 13.1093 15.7452 -5.25 15.7453 17.5065 -5.25 13.1093
3 16 17.5065 -5.25 13.1093 15.7452 -5.25 15.7453 24.2548 -5.25 24.2548
3 16 24.2548 -5.25 24.2548 15.7452 -5.25 15.7453 22.4935 -5.25 26.8907
3 16 15.7452 -5.25 15.7453 15.7452 0 15.7453 13.1093 -5.25 17.5065
3 16 13.1093 -5.25 17.5065 15.7452 0 15.7453 13.1093 0 17.5065
3 16 15.7452 -5.25 15.7453 13.1093 -5.25 17.5065 22.4935 -5.25 26.8907
3 16 22.4935 -5.25 26.8907 13.1093 -5.25 17.5065 21.875 -5.25 30
3 16 10 -5.25 18.125 10 -5.25 30 13.1093 -5.25 17.5065
3 16 13.1093 -5.25 17.5065 10 -5.25 30 21.875 -5.25 30
3 16 13.1093 -5.25 17.5065 13.1093 0 17.5065 10 -5.25 18.125
3 16 10 -5.25 18.125 13.1093 0 17.5065 10 0 18.125
3 16 6.8907 -5.25 17.5065 7.7109 -5.25 30 10 -5.25 18.125
3 16 10 -5.25 18.125 7.7109 -5.25 30 10 -5.25 30
3 16 10 -5.25 18.125 10 0 18.125 6.8907 -5.25 17.5065
3 16 6.8907 -5.25 17.5065 10 0 18.125 6.8907 0 17.5065
3 16 6.8907 -5.25 17.5065 -6.25 -5.25 30 7.7109 -5.25 30
3 16 6.8907 -5.25 17.5065 4.2548 -5.25 15.7452 -6.25 -5.25 30
3 16 6.8907 -5.25 17.5065 6.8907 0 17.5065 4.2548 -5.25 15.7452
3 16 4.2548 -5.25 15.7452 6.8907 0 17.5065 4.2548 0 15.7452
3 16 4.2548 -5.25 15.7452 2.4935 -5.25 13.1093 -6.25 -5.25 30
3 16 4.2548 -5.25 15.7452 4.2548 0 15.7452 2.4935 -5.25 13.1093
3 16 2.4935 -5.25 13.1093 4.2548 0 15.7452 2.4935 0 13.1093
3 16 1.875 -5.25 10 -6.25 -5.25 30 2.4935 -5.25 13.1093
3 16 1.875 -5.25 10 -6.25 -5.25 7 -6.25 -5.25 30
3 16 2.4935 0 6.8907 2.4702 -5.25 6.9476 1.875 0 10
3 16 1.875 0 10 2.4702 -5.25 6.9476 1.875 -5.25 10
3 16 2.4702 -5.25 6.9476 -6.25 -5.25 7 1.875 -5.25 10
3 16 10 -5.25 1.875 6.9784 -5.25 2.4639 10 0 1.875
3 16 10 0 1.875 6.9784 -5.25 2.4639 6.8907 0 2.4935
3 16 10 -5.25 1.875 13.1093 -5.25 2.4935 18.5 -5.25 -5.9746
3 16 10 -5.25 1.875 10 0 1.875 13.1093 -5.25 2.4935
3 16 13.1093 -5.25 2.4935 10 0 1.875 13.1093 0 2.4935
3 16 13.1093 -5.25 2.4935 13.1093 0 2.4935 15.7452 -5.25 4.2548
3 16 15.7452 -5.25 4.2548 13.1093 0 2.4935 15.7452 0 4.2548
3 16 15.7452 -5.25 4.2548 15.7452 0 4.2548 17.5065 -5.25 6.8907
3 16 17.5065 -5.25 6.8907 15.7452 0 4.2548 17.5065 0 6.8907
3 16 18.5 -5.25 -5.9746 15.7452 -5.25 4.2548 21.5 -5.25 -5.9746
3 16 21.5 -5.25 -5.9746 15.7452 -5.25 4.2548 17.5065 -5.25 6.8907
3 16 29.3137 -5.25 -7.479 21.5 -5.25 -5.9746 18.125 -5.25 10
3 16 18.125 -5.25 10 21.5 -5.25 -5.9746 17.5065 -5.25 6.8907
3 16 17.5065 -5.25 6.8907 17.5065 0 6.8907 18.125 -5.25 10
3 16 18.125 -5.25 10 17.5065 0 6.8907 18.125 0 10
3 16 6.9784 -10.5 2.4639 6.9784 -10.5 -1.6596 -6.25 -10.5 -1.6596
3 16 -6.25 -10.5 7 2.4702 -10.5 6.9476 -6.25 -10.5 -1.6596
3 16 2.4702 -10.5 6.9476 -6.25 -10.5 7 2.4702 -5.25 6.9476
3 16 2.4702 -5.25 6.9476 -6.25 -10.5 7 -6.25 -5.25 7
3 16 -6.25 -10.5 -1.6596 4.2548 -10.5 4.2548 6.9784 -10.5 2.4639
3 16 2.4702 -10.5 6.9476 4.2548 -10.5 4.2548 -6.25 -10.5 -1.6596
3 16 6.9784 -5.5942 -7.5 6.9784 -6.3049 -5.67 6.9784 -5.25 -7.5
3 16 6.9784 -5.25 -7.5 6.9784 -6.3049 -5.67 6.9784 -5.25 -5.3019
3 16 29.485 -2.0501 -8.1084 21.5 0 -8.3009 29.3602 -2.0326 -7.479
3 16 29.3602 -2.0326 -7.479 21.5 0 -8.3009 21.5 0 -7.479
3 16 30 -93.3006 -19.7282 30 -58.6503 -16.2391 30 -93.2505 -22.6473
3 16 30 -75.2412 -29.8953 30 -93.2505 -22.6473 30 -58.6503 -16.2391
3 16 153.75 -100.45 20 154.2257 -100.45 17.6082 155.9245 -100.45 20
3 16 155.9245 -100.45 20 154.2257 -100.45 17.6082 156.4705 -100.45 17.9622
3 16 162.0377 -100.45 16.4705 160 -100.45 15.9245 162.3918 -100.45 14.2258
3 16 162.3918 -100.45 14.2258 160 -100.45 15.9245 160 -100.45 13.75
3 16 165.7742 -100.45 22.3918 164.4194 -100.45 24.4194 163.5295 -100.45 22.0378
3 16 163.5295 -100.45 22.0378 164.4194 -100.45 24.4194 162.0377 -100.45 23.5295
3 16 162.0377 -100.45 23.5295 164.4194 -100.45 24.4194 162.3918 -100.45 25.7743
3 16 157.9622 -100.45 23.5295 155.5806 -100.45 24.4194 156.4705 -100.45 22.0378
3 16 156.4705 -100.45 22.0378 155.5806 -100.45 24.4194 154.2257 -100.45 22.3918
3 16 157.9622 -100.45 23.5295 160 -100.45 24.0755 157.6082 -100.45 25.7743
3 16 157.6082 -100.45 25.7743 160 -100.45 24.0755 160 -100.45 26.25
3 16 163.5295 -100.45 17.9622 165.7742 -100.45 17.6082 164.0755 -100.45 20
3 16 164.0755 -100.45 20 165.7742 -100.45 17.6082 166.25 -100.45 20
3 16 162.0377 -100.45 16.4705 164.4194 -100.45 15.5806 163.5295 -100.45 17.9622
3 16 163.5295 -100.45 17.9622 164.4194 -100.45 15.5806 165.7742 -100.45 17.6082
3 16 157.9622 -100.45 16.4705 157.6082 -100.45 14.2258 160 -100.45 15.9245
3 16 160 -100.45 15.9245 157.6082 -100.45 14.2258 160 -100.45 13.75
3 16 166.25 -100.45 20 165.7742 -100.45 22.3918 164.0755 -100.45 20
3 16 164.0755 -100.45 20 165.7742 -100.45 22.3918 163.5295 -100.45 22.0378
3 16 157.9622 -100.45 16.4705 155.5806 -100.45 15.5806 157.6082 -100.45 14.2258
3 16 154.2257 -100.45 17.6082 155.5806 -100.45 15.5806 156.4705 -100.45 17.9622
3 16 156.4705 -100.45 17.9622 155.5806 -100.45 15.5806 157.9622 -100.45 16.4705
3 16 155.9245 -95.45 20 155.9245 -100.45 20 156.4705 -95.45 17.9622
3 16 156.4705 -95.45 17.9622 155.9245 -100.45 20 156.4705 -100.45 17.9622
3 16 156.5 -95.45 20 155.9245 -95.45 20 156.9689 -95.45 18.25
3 16 156.9689 -95.45 18.25 155.9245 -95.45 20 156.4705 -95.45 17.9622
3 16 156.4705 -95.45 17.9622 156.4705 -100.45 17.9622 157.9622 -95.45 16.4705
3 16 157.9622 -95.45 16.4705 156.4705 -100.45 17.9622 157.9622 -100.45 16.4705
3 16 156.9689 -95.45 18.25 156.4705 -95.45 17.9622 158.25 -95.45 16.9689
3 16 158.25 -95.45 16.9689 156.4705 -95.45 17.9622 157.9622 -95.45 16.4705
3 16 157.9622 -95.45 16.4705 157.9622 -100.45 16.4705 160 -95.45 15.9245
3 16 160 -95.45 15.9245 157.9622 -100.45 16.4705 160 -100.45 15.9245
3 16 158.25 -95.45 16.9689 157.9622 -95.45 16.4705 160 -95.45 16.5
3 16 160 -95.45 16.5 157.9622 -95.45 16.4705 160 -95.45 15.9245
3 16 160 -95.45 15.9245 160 -100.45 15.9245 162.0377 -95.45 16.4705
3 16 162.0377 -95.45 16.4705 160 -100.45 15.9245 162.0377 -100.45 16.4705
3 16 160 -95.45 16.5 160 -95.45 15.9245 161.75 -95.45 16.9689
3 16 161.75 -95.45 16.9689 160 -95.45 15.9245 162.0377 -95.45 16.4705
3 16 162.0377 -95.45 16.4705 162.0377 -100.45 16.4705 163.5295 -95.45 17.9622
3 16 163.5295 -95.45 17.9622 162.0377 -100.45 16.4705 163.5295 -100.45 17.9622
3 16 161.75 -95.45 16.9689 162.0377 -95.45 16.4705 163.0311 -95.45 18.25
3 16 163.0311 -95.45 18.25 162.0377 -95.45 16.4705 163.5295 -95.45 17.9622
3 16 163.5295 -95.45 17.9622 163.5295 -100.45 17.9622 164.0755 -95.45 20
3 16 164.0755 -95.45 20 163.5295 -100.45 17.9622 164.0755 -100.45 20
3 16 163.0311 -95.45 18.25 163.5295 -95.45 17.9622 163.5 -95.45 20
3 16 163.5 -95.45 20 163.5295 -95.45 17.9622 164.0755 -95.45 20
3 16 164.0755 -95.45 20 164.0755 -100.45 20 163.5295 -95.45 22.0378
3 16 163.5295 -95.45 22.0378 164.0755 -100.45 20 163.5295 -100.45 22.0378
3 16 163.5 -95.45 20 164.0755 -95.45 20 163.0311 -95.45 21.75
3 16 163.0311 -95.45 21.75 164.0755 -95.45 20 163.5295 -95.45 22.0378
3 16 163.5295 -95.45 22.0378 163.5295 -100.45 22.0378 162.0377 -95.45 23.5295
3 16 162.0377 -95.45 23.5295 163.5295 -100.45 22.0378 162.0377 -100.45 23.5295
3 16 163.5295 -95.45 22.0378 162.0377 -95.45 23.5295 163.0311 -95.45 21.75
3 16 163.0311 -95.45 21.75 162.0377 -95.45 23.5295 161.75 -95.45 23.0311
3 16 162.0377 -95.45 23.5295 162.0377 -100.45 23.5295 160 -95.45 24.0755
3 16 160 -95.45 24.0755 162.0377 -100.45 23.5295 160 -100.45 24.0755
3 16 161.75 -95.45 23.0311 162.0377 -95.45 23.5295 160 -95.45 23.5
3 16 160 -95.45 23.5 162.0377 -95.45 23.5295 160 -95.45 24.0755
3 16 160 -95.45 24.0755 160 -100.45 24.0755 157.9622 -95.45 23.5295
3 16 157.9622 -95.45 23.5295 160 -100.45 24.0755 157.9622 -100.45 23.5295
3 16 160 -95.45 23.5 160 -95.45 24.0755 158.25 -95.45 23.0311
3 16 158.25 -95.45 23.0311 160 -95.45 24.0755 157.9622 -95.45 23.5295
3 16 157.9622 -95.45 23.5295 157.9622 -100.45 23.5295 156.4705 -95.45 22.0378
3 16 156.4705 -95.45 22.0378 157.9622 -100.45 23.5295 156.4705 -100.45 22.0378
3 16 158.25 -95.45 23.0311 157.9622 -95.45 23.5295 156.9689 -95.45 21.75
3 16 156.9689 -95.45 21.75 157.9622 -95.45 23.5295 156.4705 -95.45 22.0378
3 16 156.9689 -95.45 21.75 156.4705 -95.45 22.0378 156.5 -95.45 20
3 16 156.5 -95.45 20 156.4705 -95.45 22.0378 155.9245 -95.45 20
3 16 156.4705 -95.45 22.0378 156.4705 -100.45 22.0378 155.9245 -95.45 20
3 16 155.9245 -95.45 20 156.4705 -100.45 22.0378 155.9245 -100.45 20
3 16 163.0311 -95.45 18.25 163.5 -95.45 20 163.0793 -80.1078 18.2221
3 16 163.0793 -80.1078 18.2221 163.5 -95.45 20 163.5557 -79.8734 20
3 16 163.5557 -79.8734 20 160.2389 -77.4768 19.9309 163.0793 -80.1078 18.2221
3 16 163.0793 -80.1078 18.2221 160.2389 -77.4768 19.9309 161.7779 -79.6433 16.9206
3 16 161.7779 -79.6433 16.9206 161.75 -95.45 16.9689 163.0793 -80.1078 18.2221
3 16 163.0793 -80.1078 18.2221 161.75 -95.45 16.9689 163.0311 -95.45 18.25
3 16 161.7779 -79.6433 16.9206 160.2389 -77.4768 19.9309 160 -78.5167 16.4443
3 16 160 -78.5167 16.4443 160 -95.45 16.5 161.7779 -79.6433 16.9206
3 16 161.7779 -79.6433 16.9206 160 -95.45 16.5 161.75 -95.45 16.9689
3 16 160 -78.5167 16.4443 160.2389 -77.4768 19.9309 158.2221 -77.0121 16.9206
3 16 158.2221 -77.0121 16.9206 158.25 -95.45 16.9689 160 -78.5167 16.4443
3 16 160 -78.5167 16.4443 158.25 -95.45 16.9689 160 -95.45 16.5
3 16 158.2221 -77.0121 16.9206 160.2389 -77.4768 19.9309 156.9206 -75.5906 18.2221
3 16 156.9206 -75.5906 18.2221 156.9689 -95.45 18.25 158.2221 -77.0121 16.9206
3 16 158.2221 -77.0121 16.9206 156.9689 -95.45 18.25 158.25 -95.45 16.9689
3 16 156.9206 -75.5906 18.2221 160.2389 -77.4768 19.9309 156.4442 -74.6992 20
3 16 156.4442 -74.6992 20 156.5 -95.45 20 156.9206 -75.5906 18.2221
3 16 156.9206 -75.5906 18.2221 156.5 -95.45 20 156.9689 -95.45 18.25
3 16 156.4442 -74.6992 20 160.2389 -77.4768 19.9309 156.9206 -74.6016 21.7779
3 16 156.9206 -74.6016 21.7779 156.9689 -95.45 21.75 156.4442 -74.6992 20
3 16 156.4442 -74.6992 20 156.9689 -95.45 21.75 156.5 -95.45 20
3 16 156.9206 -74.6016 21.7779 160.2389 -77.4768 19.9309 158.2221 -75.2711 23.0794
3 16 158.25 -95.45 23.0311 156.9689 -95.45 21.75 158.2221 -75.2711 23.0794
3 16 158.2221 -75.2711 23.0794 156.9689 -95.45 21.75 156.9206 -74.6016 21.7779
3 16 158.2221 -75.2711 23.0794 160.2389 -77.4768 19.9309 160 -76.4534 23.5557
3 16 160 -95.45 23.5 158.25 -95.45 23.0311 160 -76.4534 23.5557
3 16 160 -76.4534 23.5557 158.25 -95.45 23.0311 158.2221 -75.2711 23.0794
3 16 160 -76.4534 23.5557 160.2389 -77.4768 19.9309 161.7779 -77.8222 23.0794
3 16 161.75 -95.45 23.0311 160 -95.45 23.5 161.7779 -77.8222 23.0794
3 16 161.7779 -77.8222 23.0794 160 -95.45 23.5 160 -76.4534 23.5557
3 16 161.7779 -77.8222 23.0794 160.2389 -77.4768 19.9309 163.0793 -79.0377 21.7779
3 16 163.0311 -95.45 21.75 161.75 -95.45 23.0311 163.0793 -79.0377 21.7779
3 16 163.0793 -79.0377 21.7779 161.75 -95.45 23.0311 161.7779 -77.8222 23.0794
3 16 163.5 -95.45 20 163.0311 -95.45 21.75 163.5557 -79.8734 20
3 16 163.5557 -79.8734 20 163.0311 -95.45 21.75 163.0793 -79.0377 21.7779
3 16 163.0793 -79.0377 21.7779 160.2389 -77.4768 19.9309 163.5557 -79.8734 20
3 16 143.0311 -95.45 18.25 143.5 -95.45 20 143.0794 -65.4051 18.2221
3 16 143.0794 -65.4051 18.2221 143.5 -95.45 20 143.5558 -65.3124 20
3 16 143.5558 -65.3124 20 140.2389 -62.9039 19.9309 143.0794 -65.4051 18.2221
3 16 143.0794 -65.4051 18.2221 140.2389 -62.9039 19.9309 141.7779 -64.8124 16.9206
3 16 141.7779 -64.8124 16.9206 141.75 -95.45 16.9689 143.0794 -65.4051 18.2221
3 16 143.0794 -65.4051 18.2221 141.75 -95.45 16.9689 143.0311 -95.45 18.25
3 16 141.7779 -64.8124 16.9206 140.2389 -62.9039 19.9309 140 -63.6238 16.4443
3 16 140 -63.6238 16.4443 140 -95.45 16.5 141.7779 -64.8124 16.9206
3 16 141.7779 -64.8124 16.9206 140 -95.45 16.5 141.75 -95.45 16.9689
3 16 140 -63.6238 16.4443 140.2389 -62.9039 19.9309 138.2221 -62.1601 16.9206
3 16 138.2221 -62.1601 16.9206 138.25 -95.45 16.9689 140 -63.6238 16.4443
3 16 140 -63.6238 16.4443 138.25 -95.45 16.9689 140 -95.45 16.5
3 16 138.2221 -62.1601 16.9206 140.2389 -62.9039 19.9309 136.9207 -60.8446 18.2221
3 16 136.9207 -60.8446 18.2221 136.9689 -95.45 18.25 138.2221 -62.1601 16.9206
3 16 138.2221 -62.1601 16.9206 136.9689 -95.45 18.25 138.25 -95.45 16.9689
3 16 136.9207 -60.8446 18.2221 140.2389 -62.9039 19.9309 136.4443 -60.1243 20
3 16 136.4443 -60.1243 20 136.5 -95.45 20 136.9207 -60.8446 18.2221
3 16 136.9207 -60.8446 18.2221 136.5 -95.45 20 136.9689 -95.45 18.25
3 16 136.4443 -60.1243 20 140.2389 -62.9039 19.9309 136.9207 -60.1542 21.7779
3 16 136.9689 -95.45 21.75 136.5 -95.45 20 136.9207 -60.1542 21.7779
3 16 136.9207 -60.1542 21.7779 136.5 -95.45 20 136.4443 -60.1243 20
3 16 136.9207 -60.1542 21.7779 140.2389 -62.9039 19.9309 138.2221 -60.8951 23.0794
3 16 138.25 -95.45 23.0311 136.9689 -95.45 21.75 138.2221 -60.8951 23.0794
3 16 138.2221 -60.8951 23.0794 136.9689 -95.45 21.75 136.9207 -60.1542 21.7779
3 16 138.2221 -60.8951 23.0794 140.2389 -62.9039 19.9309 140 -62.1279 23.5557
3 16 140 -95.45 23.5 138.25 -95.45 23.0311 140 -62.1279 23.5557
3 16 140 -62.1279 23.5557 138.25 -95.45 23.0311 138.2221 -60.8951 23.0794
3 16 140 -62.1279 23.5557 140.2389 -62.9039 19.9309 141.7779 -63.4596 23.0794
3 16 141.75 -95.45 23.0311 140 -95.45 23.5 141.7779 -63.4596 23.0794
3 16 141.7779 -63.4596 23.0794 140 -95.45 23.5 140 -62.1279 23.5557
3 16 141.7779 -63.4596 23.0794 140.2389 -62.9039 19.9309 143.0794 -64.6073 21.7779
3 16 143.0311 -95.45 21.75 141.75 -95.45 23.0311 143.0794 -64.6073 21.7779
3 16 143.0794 -64.6073 21.7779 141.75 -95.45 23.0311 141.7779 -63.4596 23.0794
3 16 143.0794 -64.6073 21.7779 140.2389 -62.9039 19.9309 143.5558 -65.3124 20
3 16 143.5 -95.45 20 143.0311 -95.45 21.75 143.5558 -65.3124 20
3 16 143.5558 -65.3124 20 143.0311 -95.45 21.75 143.0794 -64.6073 21.7779
3 16 135.9245 -95.45 20 135.9245 -100.45 20 136.4705 -95.45 17.9622
3 16 136.4705 -95.45 17.9622 135.9245 -100.45 20 136.4705 -100.45 17.9622
3 16 136.5 -95.45 20 135.9245 -95.45 20 136.9689 -95.45 18.25
3 16 136.9689 -95.45 18.25 135.9245 -95.45 20 136.4705 -95.45 17.9622
3 16 136.4705 -95.45 17.9622 136.4705 -100.45 17.9622 137.9623 -95.45 16.4705
3 16 137.9623 -95.45 16.4705 136.4705 -100.45 17.9622 137.9623 -100.45 16.4705
3 16 136.9689 -95.45 18.25 136.4705 -95.45 17.9622 138.25 -95.45 16.9689
3 16 138.25 -95.45 16.9689 136.4705 -95.45 17.9622 137.9623 -95.45 16.4705
3 16 137.9623 -95.45 16.4705 137.9623 -100.45 16.4705 140 -95.45 15.9245
3 16 140 -95.45 15.9245 137.9623 -100.45 16.4705 140 -100.45 15.9245
3 16 138.25 -95.45 16.9689 137.9623 -95.45 16.4705 140 -95.45 16.5
3 16 140 -95.45 16.5 137.9623 -95.45 16.4705 140 -95.45 15.9245
3 16 140 -95.45 15.9245 140 -100.45 15.9245 142.0378 -95.45 16.4705
3 16 142.0378 -95.45 16.4705 140 -100.45 15.9245 142.0378 -100.45 16.4705
3 16 140 -95.45 16.5 140 -95.45 15.9245 141.75 -95.45 16.9689
3 16 141.75 -95.45 16.9689 140 -95.45 15.9245 142.0378 -95.45 16.4705
3 16 142.0378 -95.45 16.4705 142.0378 -100.45 16.4705 143.5295 -95.45 17.9622
3 16 143.5295 -95.45 17.9622 142.0378 -100.45 16.4705 143.5295 -100.45 17.9622
3 16 141.75 -95.45 16.9689 142.0378 -95.45 16.4705 143.0311 -95.45 18.25
3 16 143.0311 -95.45 18.25 142.0378 -95.45 16.4705 143.5295 -95.45 17.9622
3 16 143.5295 -95.45 17.9622 143.5295 -100.45 17.9622 144.0755 -95.45 20
3 16 144.0755 -95.45 20 143.5295 -100.45 17.9622 144.0755 -100.45 20
3 16 143.0311 -95.45 18.25 143.5295 -95.45 17.9622 143.5 -95.45 20
3 16 143.5 -95.45 20 143.5295 -95.45 17.9622 144.0755 -95.45 20
3 16 144.0755 -95.45 20 144.0755 -100.45 20 143.5295 -95.45 22.0378
3 16 143.5295 -95.45 22.0378 144.0755 -100.45 20 143.5295 -100.45 22.0378
3 16 143.5 -95.45 20 144.0755 -95.45 20 143.0311 -95.45 21.75
3 16 143.0311 -95.45 21.75 144.0755 -95.45 20 143.5295 -95.45 22.0378
3 16 143.5295 -95.45 22.0378 143.5295 -100.45 22.0378 142.0378 -95.45 23.5295
3 16 142.0378 -95.45 23.5295 143.5295 -100.45 22.0378 142.0378 -100.45 23.5295
3 16 143.5295 -95.45 22.0378 142.0378 -95.45 23.5295 143.0311 -95.45 21.75
3 16 143.0311 -95.45 21.75 142.0378 -95.45 23.5295 141.75 -95.45 23.0311
3 16 142.0378 -95.45 23.5295 142.0378 -100.45 23.5295 140 -95.45 24.0755
3 16 140 -95.45 24.0755 142.0378 -100.45 23.5295 140 -100.45 24.0755
3 16 141.75 -95.45 23.0311 142.0378 -95.45 23.5295 140 -95.45 23.5
3 16 140 -95.45 23.5 142.0378 -95.45 23.5295 140 -95.45 24.0755
3 16 140 -95.45 24.0755 140 -100.45 24.0755 137.9623 -95.45 23.5295
3 16 137.9623 -95.45 23.5295 140 -100.45 24.0755 137.9623 -100.45 23.5295
3 16 140 -95.45 23.5 140 -95.45 24.0755 138.25 -95.45 23.0311
3 16 138.25 -95.45 23.0311 140 -95.45 24.0755 137.9623 -95.45 23.5295
3 16 137.9623 -95.45 23.5295 137.9623 -100.45 23.5295 136.4705 -95.45 22.0378
3 16 136.4705 -95.45 22.0378 137.9623 -100.45 23.5295 136.4705 -100.45 22.0378
3 16 138.25 -95.45 23.0311 137.9623 -95.45 23.5295 136.9689 -95.45 21.75
3 16 136.9689 -95.45 21.75 137.9623 -95.45 23.5295 136.4705 -95.45 22.0378
3 16 136.9689 -95.45 21.75 136.4705 -95.45 22.0378 136.5 -95.45 20
3 16 136.5 -95.45 20 136.4705 -95.45 22.0378 135.9245 -95.45 20
3 16 136.4705 -95.45 22.0378 136.4705 -100.45 22.0378 135.9245 -95.45 20
3 16 135.9245 -95.45 20 136.4705 -100.45 22.0378 135.9245 -100.45 20
3 16 4.4194 -28.45 -24.4266 4.4194 -19.4865 -24.4266 5.7742 -28.45 -22.399
3 16 5.7742 -28.45 -22.399 4.4194 -19.4865 -24.4266 5.7248 -17.3596 -22.3785
3 16 5.7742 -28.45 -22.399 3.6806 -28.45 -22.1322 4.4194 -28.45 -24.4266
3 16 4.4194 -28.45 -24.4266 3.6806 -28.45 -22.1322 2.125 -28.45 -23.6878
3 16 4.4194 -28.45 -24.4266 2.125 -28.45 -23.6878 2.3918 -28.45 -25.7814
3 16 2.3918 -28.45 -25.7814 2.3918 -20.8459 -25.7814 4.4194 -28.45 -24.4266
3 16 4.4194 -28.45 -24.4266 2.3918 -20.8459 -25.7814 4.4194 -19.4865 -24.4266
3 16 5.7742 -28.45 -22.399 5.7248 -17.3596 -22.3785 6.25 -24 -20.0036
3 16 6.25 -24 -20.0036 5.7248 -17.3596 -22.3785 6.25 -14.8905 -20.0024
3 16 6.25 -28.45 -20.0072 4.25 -28.45 -20.0072 5.7742 -28.45 -22.399
3 16 5.7742 -28.45 -22.399 4.25 -28.45 -20.0072 3.6806 -28.45 -22.1322
3 16 3.6806 -28.45 -17.8822 4.25 -28.45 -20.0072 5.7742 -28.45 -17.6154
3 16 5.7742 -28.45 -17.6154 4.25 -28.45 -20.0072 6.25 -28.45 -20.0072
3 16 2.125 -28.45 -23.6878 0 -28.45 -24.2572 2.3918 -28.45 -25.7814
3 16 2.3918 -28.45 -25.7814 0 -28.45 -24.2572 0 -28.45 -26.2572
3 16 0 -28.45 -26.2572 0 -21.3889 -26.2572 2.3918 -28.45 -25.7814
3 16 2.3918 -28.45 -25.7814 0 -21.3889 -26.2572 2.3918 -20.8459 -25.7814
3 16 -2.125 -28.45 -23.6878 -2.3918 -28.45 -25.7814 0 -28.45 -24.2572
3 16 0 -28.45 -24.2572 -2.3918 -28.45 -25.7814 0 -28.45 -26.2572
3 16 -2.3918 -21.169 -25.7814 0 -21.3889 -26.2572 -2.3918 -28.45 -25.7814
3 16 -2.3918 -28.45 -25.7814 0 -21.3889 -26.2572 0 -28.45 -26.2572
3 16 5.4 -20.6663 -16.8657 4.4247 -21.868 -15.5946 5.4013 -24 -16.8629
3 16 5.4013 -24 -16.8629 4.4247 -21.868 -15.5946 4.4194 -28.45 -15.5878
3 16 4.4194 -28.45 -15.5878 3.6806 -28.45 -17.8822 5.7742 -28.45 -17.6154
3 16 -2.3918 -28.45 -25.7814 -4.4194 -28.45 -24.4266 -2.3918 -21.169 -25.7814
3 16 -2.3918 -21.169 -25.7814 -4.4194 -28.45 -24.4266 -4.4194 -19.4848 -24.4266
3 16 -2.3918 -28.45 -25.7814 -2.125 -28.45 -23.6878 -4.4194 -28.45 -24.4266
3 16 4.4247 -21.868 -15.5946 2.3918 -22.6575 -14.233 4.4194 -28.45 -15.5878
3 16 4.4194 -28.45 -15.5878 2.3918 -22.6575 -14.233 2.3918 -28.45 -14.233
3 16 2.3918 -28.45 -14.233 2.125 -28.45 -16.3266 4.4194 -28.45 -15.5878
3 16 4.4194 -28.45 -15.5878 2.125 -28.45 -16.3266 3.6806 -28.45 -17.8822
3 16 -2.125 -28.45 -23.6878 -3.6806 -28.45 -22.1322 -4.4194 -28.45 -24.4266
3 16 -4.4194 -28.45 -24.4266 -3.6806 -28.45 -22.1322 -5.7742 -28.45 -22.399
3 16 -5.7248 -17.3551 -22.399 -4.4194 -19.4848 -24.4266 -5.7742 -28.45 -22.399
3 16 -5.7742 -28.45 -22.399 -4.4194 -19.4848 -24.4266 -4.4194 -28.45 -24.4266
3 16 2.3918 -22.6575 -14.233 0 -22.939 -13.7572 2.3918 -28.45 -14.233
3 16 2.3918 -28.45 -14.233 0 -22.939 -13.7572 0 -28.45 -13.7572
3 16 0 -28.45 -13.7572 0 -28.45 -15.7572 2.3918 -28.45 -14.233
3 16 2.3918 -28.45 -14.233 0 -28.45 -15.7572 2.125 -28.45 -16.3266
3 16 0 -28.45 -13.7572 0 -22.939 -13.7572 -2.3918 -28.45 -14.233
3 16 -2.3918 -28.45 -14.233 0 -22.939 -13.7572 -2.3918 -22.6575 -14.233
3 16 -2.125 -28.45 -16.3266 0 -28.45 -15.7572 -2.3918 -28.45 -14.233
3 16 -2.3918 -28.45 -14.233 0 -28.45 -15.7572 0 -28.45 -13.7572
3 16 -3.6806 -28.45 -22.1322 -4.25 -28.45 -20.0072 -5.7742 -28.45 -22.399
3 16 -5.7742 -28.45 -22.399 -4.25 -28.45 -20.0072 -6.25 -28.45 -20.0072
3 16 -6.25 -14.8825 -20.0072 -5.7248 -17.3551 -22.399 -6.25 -28.45 -20.0072
3 16 -6.25 -28.45 -20.0072 -5.7248 -17.3551 -22.399 -5.7742 -28.45 -22.399
3 16 -3.6806 -28.45 -17.8822 -5.7742 -28.45 -17.6154 -4.25 -28.45 -20.0072
3 16 -4.25 -28.45 -20.0072 -5.7742 -28.45 -17.6154 -6.25 -28.45 -20.0072
3 16 -6.25 -28.45 -20.0072 -6.1064 -16.9746 -18.9164 -6.25 -14.8825 -20.0072
3 16 -6.25 -14.8825 -20.0072 -6.1064 -16.9746 -18.9164 -6.1415 -14.1184 -19.2581
3 16 -6.1064 -16.9746 -18.9164 -6.25 -28.45 -20.0072 -5.9486 -18.8328 -18.1761
3 16 -5.7742 -28.45 -17.6154 -5.4127 -20.6507 -16.8822 -6.25 -28.45 -20.0072
3 16 -6.25 -28.45 -20.0072 -5.4127 -20.6507 -16.8822 -5.9486 -18.8328 -18.1761
3 16 -2.3918 -28.45 -14.233 -2.3918 -22.6575 -14.233 -4.4194 -28.45 -15.5878
3 16 -4.4194 -28.45 -15.5878 -2.3918 -22.6575 -14.233 -4.4247 -21.868 -15.5946
3 16 -3.6806 -28.45 -17.8822 -2.125 -28.45 -16.3266 -4.4194 -28.45 -15.5878
3 16 -4.4194 -28.45 -15.5878 -2.125 -28.45 -16.3266 -2.3918 -28.45 -14.233
3 16 -5.7742 -28.45 -17.6154 -3.6806 -28.45 -17.8822 -4.4194 -28.45 -15.5878
3 16 -4.4194 -28.45 -15.5878 -4.4247 -21.868 -15.5946 -5.7742 -28.45 -17.6154
3 16 -5.7742 -28.45 -17.6154 -4.4247 -21.868 -15.5946 -5.4127 -20.6507 -16.8822
3 16 4.4194 -13.5 4.4194 2.3918 -13.5 5.7742 4.4194 -28.45 4.4194
3 16 4.4194 -28.45 4.4194 2.3918 -13.5 5.7742 2.3918 -28.45 5.7742
3 16 5.7742 -13.5 2.3918 4.4194 -13.5 4.4194 5.7742 -28.45 2.3918
3 16 5.7742 -28.45 2.3918 4.4194 -13.5 4.4194 4.4194 -28.45 4.4194
3 16 2.3918 -13.5 5.7742 0 -13.5 6.25 2.3918 -28.45 5.7742
3 16 2.3918 -28.45 5.7742 0 -13.5 6.25 0 -28.45 6.25
3 16 0 -13.5 6.25 -2.3918 -13.5 5.7742 0 -28.45 6.25
3 16 0 -28.45 6.25 -2.3918 -13.5 5.7742 -2.3918 -28.45 5.7742
3 16 -2.3918 -13.5 5.7742 -4.4194 -13.5 4.4194 -2.3918 -28.45 5.7742
3 16 -2.3918 -28.45 5.7742 -4.4194 -13.5 4.4194 -4.4194 -28.45 4.4194
3 16 -4.4194 -13.5 4.4194 -5.7742 -13.5 2.3918 -4.4194 -28.45 4.4194
3 16 -4.4194 -28.45 4.4194 -5.7742 -13.5 2.3918 -5.7742 -28.45 2.3918
3 16 4.4247 -21.868 -4.4126 4.4194 -28.45 -4.4194 2.3918 -22.6884 -5.7742
3 16 2.3918 -22.6884 -5.7742 4.4194 -28.45 -4.4194 2.3918 -28.45 -5.7742
3 16 -5.7742 -13.5 2.3918 -6.25 -13.5 0 -5.7742 -28.45 2.3918
3 16 -5.7742 -28.45 2.3918 -6.25 -13.5 0 -6.25 -28.45 0
3 16 2.3918 -22.6884 -5.7742 2.3918 -28.45 -5.7742 0 -22.939 -6.25
3 16 0 -22.939 -6.25 2.3918 -28.45 -5.7742 0 -28.45 -6.25
3 16 -6.1064 -16.9746 -1.0908 -5.7742 -19.6429 -2.3918 -6.25 -28.45 0
3 16 -6.25 -28.45 0 -5.7742 -19.6429 -2.3918 -5.7742 -28.45 -2.3918
3 16 -2.3918 -22.6827 -5.7742 0 -22.939 -6.25 -2.3918 -28.45 -5.7742
3 16 -2.3918 -28.45 -5.7742 0 -22.939 -6.25 0 -28.45 -6.25
3 16 -5.7742 -19.6429 -2.3918 -4.4247 -21.868 -4.4126 -5.7742 -28.45 -2.3918
3 16 -5.7742 -28.45 -2.3918 -4.4247 -21.868 -4.4126 -4.4194 -28.45 -4.4194
3 16 -4.4247 -21.868 -4.4126 -2.3918 -22.6827 -5.7742 -4.4194 -28.45 -4.4194
3 16 -4.4194 -28.45 -4.4194 -2.3918 -22.6827 -5.7742 -2.3918 -28.45 -5.7742
3 16 25.7743 -28.45 -22.399 25.7743 -17.3722 -22.399 26.25 -28.45 -20.0072
3 16 26.25 -28.45 -20.0072 25.7743 -17.3722 -22.399 26.25 -14.8916 -20.0072
3 16 24.4194 -28.45 -24.4266 24.4194 -19.4911 -24.4266 25.7743 -28.45 -22.399
3 16 25.7743 -28.45 -22.399 24.4194 -19.4911 -24.4266 25.7743 -17.3722 -22.399
3 16 22.3918 -28.45 -25.7814 22.3918 -20.8958 -25.7814 24.4194 -28.45 -24.4266
3 16 24.4194 -28.45 -24.4266 22.3918 -20.8958 -25.7814 24.4194 -19.4911 -24.4266
3 16 20 -28.45 -26.2572 20 -21.4052 -26.2572 22.3918 -28.45 -25.7814
3 16 22.3918 -28.45 -25.7814 20 -21.4052 -26.2572 22.3918 -20.8958 -25.7814
3 16 17.6082 -20.9229 -25.7814 20 -21.4052 -26.2572 17.6082 -28.45 -25.7814
3 16 17.6082 -28.45 -25.7814 20 -21.4052 -26.2572 20 -28.45 -26.2572
3 16 15.5806 -19.4967 -24.4266 17.6082 -20.9229 -25.7814 15.5806 -28.45 -24.4266
3 16 15.5806 -28.45 -24.4266 17.6082 -20.9229 -25.7814 17.6082 -28.45 -25.7814
3 16 14.2258 -17.3671 -22.399 15.5806 -19.4967 -24.4266 14.2258 -28.45 -22.399
3 16 14.2258 -28.45 -22.399 15.5806 -19.4967 -24.4266 15.5806 -28.45 -24.4266
3 16 13.75 -14.8928 -20.0072 14.2258 -17.3671 -22.399 13.75 -28.45 -20.0072
3 16 13.75 -28.45 -20.0072 14.2258 -17.3671 -22.399 14.2258 -28.45 -22.399
3 16 14.2258 -12.4066 -17.6154 13.75 -14.8928 -20.0072 14.2258 -28.45 -17.6154
3 16 14.2258 -28.45 -17.6154 13.75 -14.8928 -20.0072 13.75 -28.45 -20.0072
3 16 15.5806 -10.3139 -15.5878 14.2258 -12.4066 -17.6154 15.5806 -28.45 -15.5878
3 16 15.5806 -28.45 -15.5878 14.2258 -12.4066 -17.6154 14.2258 -28.45 -17.6154
3 16 17.6082 -8.912 -14.233 15.5806 -10.3139 -15.5878 17.6082 -28.45 -14.233
3 16 17.6082 -28.45 -14.233 15.5806 -10.3139 -15.5878 15.5806 -28.45 -15.5878
3 16 20 -8.5272 -13.7572 17.6082 -8.912 -14.233 20 -28.45 -13.7572
3 16 20 -28.45 -13.7572 17.6082 -8.912 -14.233 17.6082 -28.45 -14.233
3 16 22.3918 -28.45 -14.233 22.3918 -9.1638 -14.233 20 -28.45 -13.7572
3 16 20 -28.45 -13.7572 22.3918 -9.1638 -14.233 20 -8.5272 -13.7572
3 16 24.4194 -28.45 -15.5878 24.4194 -10.6033 -15.5878 22.3918 -28.45 -14.233
3 16 22.3918 -28.45 -14.233 24.4194 -10.6033 -15.5878 22.3918 -9.1638 -14.233
3 16 25.7743 -28.45 -17.6154 25.7743 -12.5951 -17.6154 24.4194 -28.45 -15.5878
3 16 24.4194 -28.45 -15.5878 25.7743 -12.5951 -17.6154 24.4194 -10.6033 -15.5878
3 16 26.25 -28.45 -20.0072 26.25 -14.8916 -20.0072 25.7743 -28.45 -17.6154
3 16 25.7743 -28.45 -17.6154 26.25 -14.8916 -20.0072 25.7743 -12.5951 -17.6154
3 16 4.1052 -28.45 1.1 5.7742 -28.45 2.3918 3.0052 -28.45 3.0052
3 16 3.0052 -28.45 3.0052 5.7742 -28.45 2.3918 4.4194 -28.45 4.4194
3 16 1.1 -28.45 4.1052 3.0052 -28.45 3.0052 2.3918 -28.45 5.7742
3 16 2.3918 -28.45 5.7742 3.0052 -28.45 3.0052 4.4194 -28.45 4.4194
3 16 1.1 -28.45 4.1052 2.3918 -28.45 5.7742 0 -28.45 6.25
3 16 4.1052 -28.45 -1.1 6.25 -28.45 0 4.1052 -28.45 1.1
3 16 4.1052 -28.45 1.1 6.25 -28.45 0 5.7742 -28.45 2.3918
3 16 1.1 -28.45 4.1052 0 -28.45 6.25 -1.1 -28.45 4.1052
3 16 -1.1 -28.45 4.1052 0 -28.45 6.25 -2.3918 -28.45 5.7742
3 16 4.1052 -28.45 -1.1 5.7742 -28.45 -2.3918 6.25 -28.45 0
3 16 4.4194 -28.45 -4.4194 5.7742 -28.45 -2.3918 3.0052 -28.45 -3.0052
3 16 3.0052 -28.45 -3.0052 5.7742 -28.45 -2.3918 4.1052 -28.45 -1.1
3 16 -1.1 -28.45 4.1052 -2.3918 -28.45 5.7742 -3.0052 -28.45 3.0052
3 16 -3.0052 -28.45 3.0052 -2.3918 -28.45 5.7742 -4.4194 -28.45 4.4194
3 16 -3.0052 -28.45 3.0052 -4.4194 -28.45 4.4194 -5.7742 -28.45 2.3918
3 16 1.1 -28.45 -4.1052 2.3918 -28.45 -5.7742 3.0052 -28.45 -3.0052
3 16 3.0052 -28.45 -3.0052 2.3918 -28.45 -5.7742 4.4194 -28.45 -4.4194
3 16 -6.25 -28.45 0 -4.1052 -28.45 1.1 -5.7742 -28.45 2.3918
3 16 -5.7742 -28.45 2.3918 -4.1052 -28.45 1.1 -3.0052 -28.45 3.0052
3 16 -1.1 -28.45 -4.1052 0 -28.45 -6.25 1.1 -28.45 -4.1052
3 16 1.1 -28.45 -4.1052 0 -28.45 -6.25 2.3918 -28.45 -5.7742
3 16 -4.1052 -28.45 1.1 -6.25 -28.45 0 -4.1052 -28.45 -1.1
3 16 -4.1052 -28.45 -1.1 -6.25 -28.45 0 -5.7742 -28.45 -2.3918
3 16 -1.1 -28.45 -4.1052 -2.3918 -28.45 -5.7742 0 -28.45 -6.25
3 16 -4.4194 -28.45 -4.4194 -2.3918 -28.45 -5.7742 -3.0052 -28.45 -3.0052
3 16 -3.0052 -28.45 -3.0052 -2.3918 -28.45 -5.7742 -1.1 -28.45 -4.1052
3 16 -4.1052 -28.45 -1.1 -5.7742 -28.45 -2.3918 -3.0052 -28.45 -3.0052
3 16 -3.0052 -28.45 -3.0052 -5.7742 -28.45 -2.3918 -4.4194 -28.45 -4.4194
3 16 26.25 -28.45 -20.0072 24.25 -28.45 -20.0072 25.7743 -28.45 -22.399
3 16 25.7743 -28.45 -22.399 24.25 -28.45 -20.0072 23.6806 -28.45 -22.1322
3 16 22.125 -28.45 -23.6878 24.4194 -28.45 -24.4266 23.6806 -28.45 -22.1322
3 16 23.6806 -28.45 -22.1322 24.4194 -28.45 -24.4266 25.7743 -28.45 -22.399
3 16 22.125 -28.45 -23.6878 22.3918 -28.45 -25.7814 24.4194 -28.45 -24.4266
3 16 22.125 -28.45 -23.6878 20 -28.45 -24.2572 22.3918 -28.45 -25.7814
3 16 22.3918 -28.45 -25.7814 20 -28.45 -24.2572 20 -28.45 -26.2572
3 16 17.875 -28.45 -23.6878 17.6082 -28.45 -25.7814 20 -28.45 -24.2572
3 16 20 -28.45 -24.2572 17.6082 -28.45 -25.7814 20 -28.45 -26.2572
3 16 17.875 -28.45 -23.6878 15.5806 -28.45 -24.4266 17.6082 -28.45 -25.7814
3 16 14.2258 -28.45 -22.399 15.5806 -28.45 -24.4266 16.3194 -28.45 -22.1322
3 16 16.3194 -28.45 -22.1322 15.5806 -28.45 -24.4266 17.875 -28.45 -23.6878
3 16 16.3194 -28.45 -22.1322 15.75 -28.45 -20.0072 14.2258 -28.45 -22.399
3 16 14.2258 -28.45 -22.399 15.75 -28.45 -20.0072 13.75 -28.45 -20.0072
3 16 16.3194 -28.45 -17.8822 14.2258 -28.45 -17.6154 15.75 -28.45 -20.0072
3 16 15.75 -28.45 -20.0072 14.2258 -28.45 -17.6154 13.75 -28.45 -20.0072
3 16 16.3194 -28.45 -17.8822 15.5806 -28.45 -15.5878 14.2258 -28.45 -17.6154
3 16 17.6082 -28.45 -14.233 15.5806 -28.45 -15.5878 17.875 -28.45 -16.3266
3 16 17.875 -28.45 -16.3266 15.5806 -28.45 -15.5878 16.3194 -28.45 -17.8822
3 16 17.875 -28.45 -16.3266 20 -28.45 -15.7572 17.6082 -28.45 -14.233
3 16 17.6082 -28.45 -14.233 20 -28.45 -15.7572 20 -28.45 -13.7572
3 16 22.125 -28.45 -16.3266 22.3918 -28.45 -14.233 20 -28.45 -15.7572
3 16 20 -28.45 -15.7572 22.3918 -28.45 -14.233 20 -28.45 -13.7572
3 16 23.6806 -28.45 -17.8822 24.4194 -28.45 -15.5878 22.125 -28.45 -16.3266
3 16 22.125 -28.45 -16.3266 24.4194 -28.45 -15.5878 22.3918 -28.45 -14.233
3 16 23.6806 -28.45 -17.8822 25.7743 -28.45 -17.6154 24.4194 -28.45 -15.5878
3 16 23.6806 -28.45 -17.8822 24.25 -28.45 -20.0072 25.7743 -28.45 -17.6154
3 16 25.7743 -28.45 -17.6154 24.25 -28.45 -20.0072 26.25 -28.45 -20.0072
3 16 23.0408 -23.45 -18.2516 23.5112 -23.45 -20.0072 23.6806 -23.45 -17.8822
3 16 23.6806 -23.45 -17.8822 23.5112 -23.45 -20.0072 24.25 -23.45 -20.0072
3 16 23.6806 -28.45 -17.8822 23.6806 -23.45 -17.8822 24.25 -28.45 -20.0072
3 16 24.25 -28.45 -20.0072 23.6806 -23.45 -17.8822 24.25 -23.45 -20.0072
3 16 24.25 -23.45 -20.0072 23.6806 -23.45 -22.1322 24.25 -28.45 -20.0072
3 16 24.25 -28.45 -20.0072 23.6806 -23.45 -22.1322 23.6806 -28.45 -22.1322
3 16 24.25 -23.45 -20.0072 23.5112 -23.45 -20.0072 23.6806 -23.45 -22.1322
3 16 23.6806 -23.45 -22.1322 23.5112 -23.45 -20.0072 23.0408 -23.45 -21.7628
3 16 23.6806 -23.45 -22.1322 22.125 -23.45 -23.6878 23.6806 -28.45 -22.1322
3 16 23.6806 -28.45 -22.1322 22.125 -23.45 -23.6878 22.125 -28.45 -23.6878
3 16 23.6806 -23.45 -22.1322 23.0408 -23.45 -21.7628 22.125 -23.45 -23.6878
3 16 22.125 -23.45 -23.6878 23.0408 -23.45 -21.7628 21.7556 -23.45 -23.048
3 16 22.125 -23.45 -23.6878 20 -23.45 -24.2572 22.125 -28.45 -23.6878
3 16 22.125 -28.45 -23.6878 20 -23.45 -24.2572 20 -28.45 -24.2572
3 16 22.125 -23.45 -23.6878 21.7556 -23.45 -23.048 20 -23.45 -24.2572
3 16 20 -23.45 -24.2572 21.7556 -23.45 -23.048 20 -23.45 -23.5184
3 16 20 -23.45 -24.2572 17.875 -23.45 -23.6878 20 -28.45 -24.2572
3 16 20 -28.45 -24.2572 17.875 -23.45 -23.6878 17.875 -28.45 -23.6878
3 16 20 -23.45 -24.2572 20 -23.45 -23.5184 17.875 -23.45 -23.6878
3 16 17.875 -23.45 -23.6878 20 -23.45 -23.5184 18.2444 -23.45 -23.048
3 16 17.875 -23.45 -23.6878 16.3194 -23.45 -22.1322 17.875 -28.45 -23.6878
3 16 17.875 -28.45 -23.6878 16.3194 -23.45 -22.1322 16.3194 -28.45 -22.1322
3 16 17.875 -23.45 -23.6878 18.2444 -23.45 -23.048 16.3194 -23.45 -22.1322
3 16 16.3194 -23.45 -22.1322 18.2444 -23.45 -23.048 16.9592 -23.45 -21.7628
3 16 16.3194 -23.45 -22.1322 15.75 -23.45 -20.0072 16.3194 -28.45 -22.1322
3 16 16.3194 -28.45 -22.1322 15.75 -23.45 -20.0072 15.75 -28.45 -20.0072
3 16 16.3194 -23.45 -22.1322 16.9592 -23.45 -21.7628 15.75 -23.45 -20.0072
3 16 15.75 -23.45 -20.0072 16.9592 -23.45 -21.7628 16.4888 -23.45 -20.0072
3 16 15.75 -23.45 -20.0072 16.3194 -23.45 -17.8822 15.75 -28.45 -20.0072
3 16 15.75 -28.45 -20.0072 16.3194 -23.45 -17.8822 16.3194 -28.45 -17.8822
3 16 15.75 -23.45 -20.0072 16.4888 -23.45 -20.0072 16.3194 -23.45 -17.8822
3 16 16.3194 -23.45 -17.8822 16.4888 -23.45 -20.0072 16.9592 -23.45 -18.2516
3 16 16.3194 -23.45 -17.8822 17.875 -23.45 -16.3266 16.3194 -28.45 -17.8822
3 16 16.3194 -28.45 -17.8822 17.875 -23.45 -16.3266 17.875 -28.45 -16.3266
3 16 16.3194 -23.45 -17.8822 16.9592 -23.45 -18.2516 17.875 -23.45 -16.3266
3 16 17.875 -23.45 -16.3266 16.9592 -23.45 -18.2516 18.2444 -23.45 -16.9664
3 16 17.875 -23.45 -16.3266 20 -23.45 -15.7572 17.875 -28.45 -16.3266
3 16 17.875 -28.45 -16.3266 20 -23.45 -15.7572 20 -28.45 -15.7572
3 16 17.875 -23.45 -16.3266 18.2444 -23.45 -16.9664 20 -23.45 -15.7572
3 16 20 -23.45 -15.7572 18.2444 -23.45 -16.9664 20 -23.45 -16.496
3 16 20 -23.45 -15.7572 22.125 -23.45 -16.3266 20 -28.45 -15.7572
3 16 20 -28.45 -15.7572 22.125 -23.45 -16.3266 22.125 -28.45 -16.3266
3 16 20 -23.45 -15.7572 20 -23.45 -16.496 22.125 -23.45 -16.3266
3 16 22.125 -23.45 -16.3266 20 -23.45 -16.496 21.7556 -23.45 -16.9664
3 16 22.125 -23.45 -16.3266 23.6806 -23.45 -17.8822 22.125 -28.45 -16.3266
3 16 22.125 -28.45 -16.3266 23.6806 -23.45 -17.8822 23.6806 -28.45 -17.8822
3 16 22.125 -23.45 -16.3266 21.7556 -23.45 -16.9664 23.6806 -23.45 -17.8822
3 16 23.6806 -23.45 -17.8822 21.7556 -23.45 -16.9664 23.0408 -23.45 -18.2516
3 16 4.25 -28.45 -20.0072 3.6806 -28.45 -17.8822 4.25 -23.45 -20.0072
3 16 4.25 -23.45 -20.0072 3.6806 -28.45 -17.8822 3.6806 -23.45 -17.8822
3 16 4.25 -23.45 -20.0072 3.6806 -23.45 -22.1322 4.25 -28.45 -20.0072
3 16 4.25 -28.45 -20.0072 3.6806 -23.45 -22.1322 3.6806 -28.45 -22.1322
3 16 3.6806 -23.45 -22.1322 2.125 -23.45 -23.6878 3.6806 -28.45 -22.1322
3 16 3.6806 -28.45 -22.1322 2.125 -23.45 -23.6878 2.125 -28.45 -23.6878
3 16 2.125 -23.45 -23.6878 0 -23.45 -24.2572 2.125 -28.45 -23.6878
3 16 2.125 -28.45 -23.6878 0 -23.45 -24.2572 0 -28.45 -24.2572
3 16 0 -23.45 -24.2572 -2.125 -23.45 -23.6878 0 -28.45 -24.2572
3 16 0 -28.45 -24.2572 -2.125 -23.45 -23.6878 -2.125 -28.45 -23.6878
3 16 -2.125 -23.45 -23.6878 -3.6806 -23.45 -22.1322 -2.125 -28.45 -23.6878
3 16 -2.125 -28.45 -23.6878 -3.6806 -23.45 -22.1322 -3.6806 -28.45 -22.1322
3 16 -3.6806 -23.45 -22.1322 -4.25 -23.45 -20.0072 -3.6806 -28.45 -22.1322
3 16 -3.6806 -28.45 -22.1322 -4.25 -23.45 -20.0072 -4.25 -28.45 -20.0072
3 16 -4.25 -23.45 -20.0072 -3.6806 -23.45 -17.8822 -4.25 -28.45 -20.0072
3 16 -4.25 -28.45 -20.0072 -3.6806 -23.45 -17.8822 -3.6806 -28.45 -17.8822
3 16 -3.6806 -23.45 -17.8822 -2.125 -23.45 -16.3266 -3.6806 -28.45 -17.8822
3 16 -3.6806 -28.45 -17.8822 -2.125 -23.45 -16.3266 -2.125 -28.45 -16.3266
3 16 -2.125 -23.45 -16.3266 0 -23.45 -15.7572 -2.125 -28.45 -16.3266
3 16 -2.125 -28.45 -16.3266 0 -23.45 -15.7572 0 -28.45 -15.7572
3 16 0 -23.45 -15.7572 2.125 -23.45 -16.3266 0 -28.45 -15.7572
3 16 0 -28.45 -15.7572 2.125 -23.45 -16.3266 2.125 -28.45 -16.3266
3 16 2.125 -23.45 -16.3266 3.6806 -23.45 -17.8822 2.125 -28.45 -16.3266
3 16 2.125 -28.45 -16.3266 3.6806 -23.45 -17.8822 3.6806 -28.45 -17.8822
3 16 3.0408 -23.45 -18.2516 3.5112 -23.45 -20.0072 3.6806 -23.45 -17.8822
3 16 3.6806 -23.45 -17.8822 3.5112 -23.45 -20.0072 4.25 -23.45 -20.0072
3 16 2.125 -23.45 -16.3266 1.7556 -23.45 -16.9664 3.6806 -23.45 -17.8822
3 16 3.6806 -23.45 -17.8822 1.7556 -23.45 -16.9664 3.0408 -23.45 -18.2516
3 16 0 -23.45 -15.7572 0 -23.45 -16.496 2.125 -23.45 -16.3266
3 16 2.125 -23.45 -16.3266 0 -23.45 -16.496 1.7556 -23.45 -16.9664
3 16 -2.125 -23.45 -16.3266 -1.7556 -23.45 -16.9664 0 -23.45 -15.7572
3 16 0 -23.45 -15.7572 -1.7556 -23.45 -16.9664 0 -23.45 -16.496
3 16 -3.6806 -23.45 -17.8822 -3.0408 -23.45 -18.2516 -2.125 -23.45 -16.3266
3 16 -2.125 -23.45 -16.3266 -3.0408 -23.45 -18.2516 -1.7556 -23.45 -16.9664
3 16 -4.25 -23.45 -20.0072 -3.5112 -23.45 -20.0072 -3.6806 -23.45 -17.8822
3 16 -3.6806 -23.45 -17.8822 -3.5112 -23.45 -20.0072 -3.0408 -23.45 -18.2516
3 16 -3.5112 -23.45 -20.0072 -3.5112 -14.9009 -20.0072 -3.3915 -16.2601 -19.0984
3 16 -3.3915 -16.2601 -19.0984 -3.5112 -14.9009 -20.0072 -3.3915 -14.1184 -19.2558
3 16 -3.0408 -23.45 -18.2516 -3.5112 -23.45 -20.0072 -3.0408 -18.6881 -18.2516
3 16 -3.0408 -18.6881 -18.2516 -3.5112 -23.45 -20.0072 -3.3915 -16.2601 -19.0984
3 16 -3.6806 -23.45 -22.1322 -3.0408 -23.45 -21.7628 -4.25 -23.45 -20.0072
3 16 -4.25 -23.45 -20.0072 -3.0408 -23.45 -21.7628 -3.5112 -23.45 -20.0072
3 16 -3.0408 -23.45 -21.7628 -3.0408 -16.7292 -21.7628 -3.5112 -23.45 -20.0072
3 16 -3.5112 -23.45 -20.0072 -3.0408 -16.7292 -21.7628 -3.5112 -14.9009 -20.0072
3 16 -2.125 -23.45 -23.6878 -1.7556 -23.45 -23.048 -3.6806 -23.45 -22.1322
3 16 -3.6806 -23.45 -22.1322 -1.7556 -23.45 -23.048 -3.0408 -23.45 -21.7628
3 16 -1.7556 -23.45 -23.048 -1.7556 -18.0675 -23.048 -3.0408 -23.45 -21.7628
3 16 -3.0408 -23.45 -21.7628 -1.7556 -18.0675 -23.048 -3.0408 -16.7292 -21.7628
3 16 0 -23.45 -24.2572 0 -23.45 -23.5184 -2.125 -23.45 -23.6878
3 16 -2.125 -23.45 -23.6878 0 -23.45 -23.5184 -1.7556 -23.45 -23.048
3 16 0 -23.45 -23.5184 0 -18.5574 -23.5184 -1.7556 -23.45 -23.048
3 16 -1.7556 -23.45 -23.048 0 -18.5574 -23.5184 -1.7556 -18.0675 -23.048
3 16 2.125 -23.45 -23.6878 1.7556 -23.45 -23.048 0 -23.45 -24.2572
3 16 0 -23.45 -24.2572 1.7556 -23.45 -23.048 0 -23.45 -23.5184
3 16 1.7556 -18.0676 -23.048 0 -18.5574 -23.5184 1.7556 -23.45 -23.048
3 16 1.7556 -23.45 -23.048 0 -18.5574 -23.5184 0 -23.45 -23.5184
3 16 3.6806 -23.45 -22.1322 3.0408 -23.45 -21.7628 2.125 -23.45 -23.6878
3 16 2.125 -23.45 -23.6878 3.0408 -23.45 -21.7628 1.7556 -23.45 -23.048
3 16 3.0408 -16.7292 -21.7628 1.7556 -18.0676 -23.048 3.0408 -23.45 -21.7628
3 16 3.0408 -23.45 -21.7628 1.7556 -18.0676 -23.048 1.7556 -23.45 -23.048
3 16 4.25 -23.45 -20.0072 3.5112 -23.45 -20.0072 3.6806 -23.45 -22.1322
3 16 3.6806 -23.45 -22.1322 3.5112 -23.45 -20.0072 3.0408 -23.45 -21.7628
3 16 3.5112 -14.9009 -20.0072 3.0408 -16.7292 -21.7628 3.5112 -23.45 -20.0072
3 16 3.5112 -23.45 -20.0072 3.0408 -16.7292 -21.7628 3.0408 -23.45 -21.7628
3 16 3.5112 -23.45 -20.0072 3.3915 -16.2602 -19.0984 3.5112 -14.9009 -20.0072
3 16 3.5112 -14.9009 -20.0072 3.3915 -16.2602 -19.0984 3.3915 -14.1184 -19.2558
3 16 3.0408 -23.45 -18.2516 3.0408 -18.6881 -18.2516 3.5112 -23.45 -20.0072
3 16 3.5112 -23.45 -20.0072 3.0408 -18.6881 -18.2516 3.3915 -16.2602 -19.0984
3 16 4.1052 -28.45 -1.1 4.1052 -28.45 1.1 4.1052 -23.45 -1.1
3 16 4.1052 -23.45 -1.1 4.1052 -28.45 1.1 4.1052 -23.45 1.1
3 16 4.1052 -28.45 1.1 3.0052 -28.45 3.0052 4.1052 -23.45 1.1
3 16 4.1052 -23.45 1.1 3.0052 -28.45 3.0052 3.0052 -23.45 3.0052
3 16 3.0052 -28.45 3.0052 1.1 -28.45 4.1052 3.0052 -23.45 3.0052
3 16 3.0052 -23.45 3.0052 1.1 -28.45 4.1052 1.1 -23.45 4.1052
3 16 1.1 -28.45 4.1052 -1.1 -28.45 4.1052 1.1 -23.45 4.1052
3 16 1.1 -23.45 4.1052 -1.1 -28.45 4.1052 -1.1 -23.45 4.1052
3 16 -1.1 -28.45 4.1052 -3.0052 -28.45 3.0052 -1.1 -23.45 4.1052
3 16 -1.1 -23.45 4.1052 -3.0052 -28.45 3.0052 -3.0052 -23.45 3.0052
3 16 -3.0052 -28.45 3.0052 -4.1052 -28.45 1.1 -3.0052 -23.45 3.0052
3 16 -3.0052 -23.45 3.0052 -4.1052 -28.45 1.1 -4.1052 -23.45 1.1
3 16 -4.1052 -28.45 1.1 -4.1052 -28.45 -1.1 -4.1052 -23.45 1.1
3 16 -4.1052 -23.45 1.1 -4.1052 -28.45 -1.1 -4.1052 -23.45 -1.1
3 16 -4.1052 -28.45 -1.1 -3.0052 -28.45 -3.0052 -4.1052 -23.45 -1.1
3 16 -4.1052 -23.45 -1.1 -3.0052 -28.45 -3.0052 -3.0052 -23.45 -3.0052
3 16 -3.0052 -28.45 -3.0052 -1.1 -28.45 -4.1052 -3.0052 -23.45 -3.0052
3 16 -3.0052 -23.45 -3.0052 -1.1 -28.45 -4.1052 -1.1 -23.45 -4.1052
3 16 -1.1 -28.45 -4.1052 1.1 -28.45 -4.1052 -1.1 -23.45 -4.1052
3 16 -1.1 -23.45 -4.1052 1.1 -28.45 -4.1052 1.1 -23.45 -4.1052
3 16 1.1 -28.45 -4.1052 3.0052 -28.45 -3.0052 1.1 -23.45 -4.1052
3 16 1.1 -23.45 -4.1052 3.0052 -28.45 -3.0052 3.0052 -23.45 -3.0052
3 16 3.0052 -28.45 -3.0052 4.1052 -28.45 -1.1 3.0052 -23.45 -3.0052
3 16 3.0052 -23.45 -3.0052 4.1052 -28.45 -1.1 4.1052 -23.45 -1.1
3 16 3.3915 -23.45 -0.9088 2.4828 -23.45 -2.4828 4.1052 -23.45 -1.1
3 16 4.1052 -23.45 -1.1 2.4828 -23.45 -2.4828 3.0052 -23.45 -3.0052
3 16 2.4828 -23.45 -2.4828 0.9088 -23.45 -3.3915 3.0052 -23.45 -3.0052
3 16 3.0052 -23.45 -3.0052 0.9088 -23.45 -3.3915 1.1 -23.45 -4.1052
3 16 0.9088 -23.45 -3.3915 -0.9088 -23.45 -3.3915 1.1 -23.45 -4.1052
3 16 1.1 -23.45 -4.1052 -0.9088 -23.45 -3.3915 -1.1 -23.45 -4.1052
3 16 -2.4828 -23.45 -2.4828 -3.0052 -23.45 -3.0052 -0.9088 -23.45 -3.3915
3 16 -0.9088 -23.45 -3.3915 -3.0052 -23.45 -3.0052 -1.1 -23.45 -4.1052
3 16 -3.3915 -23.45 -0.9088 -4.1052 -23.45 -1.1 -2.4828 -23.45 -2.4828
3 16 -2.4828 -23.45 -2.4828 -4.1052 -23.45 -1.1 -3.0052 -23.45 -3.0052
3 16 -3.3915 -23.45 0.9088 -4.1052 -23.45 1.1 -3.3915 -23.45 -0.9088
3 16 -3.3915 -23.45 -0.9088 -4.1052 -23.45 1.1 -4.1052 -23.45 -1.1
3 16 -3.3915 -23.45 0.9088 -2.4828 -23.45 2.4828 -4.1052 -23.45 1.1
3 16 -4.1052 -23.45 1.1 -2.4828 -23.45 2.4828 -3.0052 -23.45 3.0052
3 16 -2.4828 -23.45 2.4828 -0.9088 -23.45 3.3915 -3.0052 -23.45 3.0052
3 16 -3.0052 -23.45 3.0052 -0.9088 -23.45 3.3915 -1.1 -23.45 4.1052
3 16 -0.9088 -23.45 3.3915 0.9088 -23.45 3.3915 -1.1 -23.45 4.1052
3 16 -1.1 -23.45 4.1052 0.9088 -23.45 3.3915 1.1 -23.45 4.1052
3 16 0.9088 -23.45 3.3915 2.4828 -23.45 2.4828 1.1 -23.45 4.1052
3 16 1.1 -23.45 4.1052 2.4828 -23.45 2.4828 3.0052 -23.45 3.0052
3 16 2.4828 -23.45 2.4828 3.3915 -23.45 0.9088 3.0052 -23.45 3.0052
3 16 3.0052 -23.45 3.0052 3.3915 -23.45 0.9088 4.1052 -23.45 1.1
3 16 3.3915 -23.45 0.9088 3.3915 -23.45 -0.9088 4.1052 -23.45 1.1
3 16 4.1052 -23.45 1.1 3.3915 -23.45 -0.9088 4.1052 -23.45 -1.1
3 16 -3.3915 -14.6614 -0.7514 3.3915 -14.6615 -0.7514 -3.3915 -13.5 -0.7514
3 16 -3.3915 -13.5 -0.7514 3.3915 -14.6615 -0.7514 3.3915 -13.5 -0.7514
3 16 3.3915 -23.45 -0.9088 3.3915 -23.45 0.9088 3.3915 -16.2602 -0.9088
3 16 3.3915 -16.2602 -0.9088 3.3915 -23.45 0.9088 3.3915 -14.6615 -0.7514
3 16 -0.9088 -13.5 3.3915 0.9088 -13.5 3.3915 -0.9088 -23.45 3.3915
3 16 -0.9088 -23.45 3.3915 0.9088 -13.5 3.3915 0.9088 -23.45 3.3915
3 16 3.3915 -13.5 -0.7514 3.3915 -14.6615 -0.7514 3.4514 -13.5 0.4544
3 16 3.3915 -14.6615 -0.7514 3.3915 -23.45 0.9088 3.4514 -13.5 0.4544
3 16 -3.3915 -13.5 -0.7514 -3.4513 -13.5 0.4544 -3.3915 -14.6614 -0.7514
3 16 -3.4513 -13.5 0.4544 -3.3915 -23.45 0.9088 -3.3915 -14.6614 -0.7514
3 16 -3.3915 -13.5 -0.7514 3.3915 -13.5 -0.7514 -3.4513 -13.5 0.4544
3 16 -3.4513 -13.5 0.4544 3.3915 -13.5 -0.7514 3.4514 -13.5 0.4544
3 16 2.4828 -13.5 2.4828 -2.4828 -13.5 2.4828 3.4514 -13.5 0.4544
3 16 3.4514 -13.5 0.4544 -2.4828 -13.5 2.4828 -3.4513 -13.5 0.4544
3 16 -3.4513 -13.5 0.4544 -2.4828 -13.5 2.4828 -3.3915 -23.45 0.9088
3 16 -3.3915 -23.45 0.9088 -2.4828 -13.5 2.4828 -2.4828 -23.45 2.4828
3 16 -2.4828 -13.5 2.4828 2.4828 -13.5 2.4828 -0.9088 -13.5 3.3915
3 16 -0.9088 -13.5 3.3915 2.4828 -13.5 2.4828 0.9088 -13.5 3.3915
3 16 -2.4828 -13.5 2.4828 -0.9088 -13.5 3.3915 -2.4828 -23.45 2.4828
3 16 -2.4828 -23.45 2.4828 -0.9088 -13.5 3.3915 -0.9088 -23.45 3.3915
3 16 0.9088 -13.5 3.3915 2.4828 -13.5 2.4828 0.9088 -23.45 3.3915
3 16 0.9088 -23.45 3.3915 2.4828 -13.5 2.4828 2.4828 -23.45 2.4828
3 16 3.4514 -13.5 0.4544 3.3915 -23.45 0.9088 2.4828 -13.5 2.4828
3 16 2.4828 -13.5 2.4828 3.3915 -23.45 0.9088 2.4828 -23.45 2.4828
3 16 3.0408 -18.6881 -1.7556 3.3915 -23.45 -0.9088 3.3915 -16.2602 -0.9088
3 16 2.4828 -23.45 -2.4828 3.3915 -23.45 -0.9088 2.1192 -20.2308 -2.7618
3 16 2.1192 -20.2308 -2.7618 3.3915 -23.45 -0.9088 3.0408 -18.6881 -1.7556
3 16 0.9088 -23.45 -3.3915 2.4828 -23.45 -2.4828 0.9088 -20.9692 -3.3915
3 16 0.9088 -20.9692 -3.3915 2.4828 -23.45 -2.4828 2.1192 -20.2308 -2.7618
3 16 0.9088 -20.9692 -3.3915 -0.9088 -20.9692 -3.3915 0.9088 -23.45 -3.3915
3 16 0.9088 -23.45 -3.3915 -0.9088 -20.9692 -3.3915 -0.9088 -23.45 -3.3915
3 16 0.9088 -20.9692 -3.3915 2.1192 -20.2308 -2.7618 -0.9088 -20.9692 -3.3915
3 16 -0.9088 -20.9692 -3.3915 2.1192 -20.2308 -2.7618 -2.1192 -20.2308 -2.7618
3 16 -2.1192 -20.2308 -2.7618 -2.4828 -23.45 -2.4828 -0.9088 -20.9692 -3.3915
3 16 -0.9088 -20.9692 -3.3915 -2.4828 -23.45 -2.4828 -0.9088 -23.45 -3.3915
3 16 -2.1192 -20.2308 -2.7618 2.1192 -20.2308 -2.7618 -3.0408 -18.6881 -1.7556
3 16 -3.0408 -18.6881 -1.7556 2.1192 -20.2308 -2.7618 3.0408 -18.6881 -1.7556
3 16 -3.0408 -18.6881 -1.7556 -3.3915 -23.45 -0.9088 -2.1192 -20.2308 -2.7618
3 16 -2.1192 -20.2308 -2.7618 -3.3915 -23.45 -0.9088 -2.4828 -23.45 -2.4828
3 16 -3.0408 -18.6881 -1.7556 3.0408 -18.6881 -1.7556 -3.3915 -16.2601 -0.9088
3 16 -3.3915 -16.2601 -0.9088 3.0408 -18.6881 -1.7556 3.3915 -16.2602 -0.9088
3 16 -3.3915 -16.2601 -0.9088 -3.3915 -23.45 -0.9088 -3.0408 -18.6881 -1.7556
3 16 -3.3915 -23.45 -0.9088 -3.3915 -16.2601 -0.9088 -3.3915 -23.45 0.9088
3 16 -3.3915 -23.45 0.9088 -3.3915 -16.2601 -0.9088 -3.3915 -14.6614 -0.7514
3 16 -3.3915 -16.2601 -0.9088 3.3915 -16.2602 -0.9088 -3.3915 -14.6614 -0.7514
3 16 -3.3915 -14.6614 -0.7514 3.3915 -16.2602 -0.9088 3.3915 -14.6615 -0.7514
3 16 -3.3915 -14.1184 -19.2558 3.3915 -14.1184 -19.2558 -3.3915 -16.2601 -19.0984
3 16 -3.3915 -16.2601 -19.0984 3.3915 -14.1184 -19.2558 3.3915 -16.2602 -19.0984
3 16 -3.5112 -14.9009 -20.0072 3.5112 -14.9009 -20.0072 -3.3915 -14.1184 -19.2558
3 16 -3.3915 -14.1184 -19.2558 3.5112 -14.9009 -20.0072 3.3915 -14.1184 -19.2558
3 16 -3.5112 -14.9009 -20.0072 -3.0408 -16.7292 -21.7628 3.5112 -14.9009 -20.0072
3 16 3.5112 -14.9009 -20.0072 -3.0408 -16.7292 -21.7628 3.0408 -16.7292 -21.7628
3 16 -1.7556 -18.0675 -23.048 1.7556 -18.0676 -23.048 -3.0408 -16.7292 -21.7628
3 16 -3.0408 -16.7292 -21.7628 1.7556 -18.0676 -23.048 3.0408 -16.7292 -21.7628
3 16 0 -18.5574 -23.5184 1.7556 -18.0676 -23.048 -1.7556 -18.0675 -23.048
3 16 3.0408 -18.6881 -18.2516 3.0408 -23.45 -18.2516 2.4828 -19.8791 -17.5244
3 16 1.7556 -23.45 -16.9664 1.7556 -20.5825 -16.9664 3.0408 -23.45 -18.2516
3 16 3.0408 -23.45 -18.2516 1.7556 -20.5825 -16.9664 2.4828 -19.8791 -17.5244
3 16 0 -23.45 -16.496 0 -21.0812 -16.496 1.7556 -23.45 -16.9664
3 16 1.7556 -23.45 -16.9664 0 -21.0812 -16.496 1.7556 -20.5825 -16.9664
3 16 -1.7556 -20.5825 -16.9664 0 -21.0812 -16.496 -1.7556 -23.45 -16.9664
3 16 -1.7556 -23.45 -16.9664 0 -21.0812 -16.496 0 -23.45 -16.496
3 16 -1.7556 -20.5825 -16.9664 1.7556 -20.5825 -16.9664 0 -21.0812 -16.496
3 16 -3.0408 -18.6881 -18.2516 -2.4828 -19.8791 -17.5244 -3.0408 -23.45 -18.2516
3 16 -2.4828 -19.8791 -17.5244 -1.7556 -20.5825 -16.9664 -3.0408 -23.45 -18.2516
3 16 -3.0408 -23.45 -18.2516 -1.7556 -20.5825 -16.9664 -1.7556 -23.45 -16.9664
3 16 -2.4828 -19.8791 -17.5244 2.4828 -19.8791 -17.5244 -1.7556 -20.5825 -16.9664
3 16 -1.7556 -20.5825 -16.9664 2.4828 -19.8791 -17.5244 1.7556 -20.5825 -16.9664
3 16 -3.0408 -18.6881 -18.2516 3.0408 -18.6881 -18.2516 -2.4828 -19.8791 -17.5244
3 16 -2.4828 -19.8791 -17.5244 3.0408 -18.6881 -18.2516 2.4828 -19.8791 -17.5244
3 16 -3.3915 -16.2601 -19.0984 3.3915 -16.2602 -19.0984 -3.0408 -18.6881 -18.2516
3 16 -3.0408 -18.6881 -18.2516 3.3915 -16.2602 -19.0984 3.0408 -18.6881 -18.2516
3 16 16.9592 -13.0658 -18.2516 16.9592 -23.45 -18.2516 16.4888 -14.9009 -20.0072
3 16 16.4888 -14.9009 -20.0072 16.9592 -23.45 -18.2516 16.4888 -23.45 -20.0072
3 16 16.4888 -14.9009 -20.0072 23.5112 -14.9009 -20.0072 16.9592 -13.0658 -18.2516
3 16 16.9592 -13.0658 -18.2516 23.5112 -14.9009 -20.0072 23.0408 -13.0658 -18.2516
3 16 16.9592 -23.45 -21.7628 16.9592 -16.7292 -21.7628 16.4888 -23.45 -20.0072
3 16 16.4888 -23.45 -20.0072 16.9592 -16.7292 -21.7628 16.4888 -14.9009 -20.0072
3 16 16.4888 -14.9009 -20.0072 16.9592 -16.7292 -21.7628 23.5112 -14.9009 -20.0072
3 16 23.5112 -14.9009 -20.0072 16.9592 -16.7292 -21.7628 23.0408 -16.7292 -21.7628
3 16 18.2444 -23.45 -23.048 18.2444 -18.0675 -23.048 16.9592 -23.45 -21.7628
3 16 16.9592 -23.45 -21.7628 18.2444 -18.0675 -23.048 16.9592 -16.7292 -21.7628
3 16 18.2444 -18.0675 -23.048 21.7556 -18.0676 -23.048 16.9592 -16.7292 -21.7628
3 16 16.9592 -16.7292 -21.7628 21.7556 -18.0676 -23.048 23.0408 -16.7292 -21.7628
3 16 20 -23.45 -23.5184 20 -18.5574 -23.5184 18.2444 -23.45 -23.048
3 16 18.2444 -23.45 -23.048 20 -18.5574 -23.5184 18.2444 -18.0675 -23.048
3 16 20 -18.5574 -23.5184 21.7556 -18.0676 -23.048 18.2444 -18.0675 -23.048
3 16 21.7556 -18.0676 -23.048 20 -18.5574 -23.5184 21.7556 -23.45 -23.048
3 16 21.7556 -23.45 -23.048 20 -18.5574 -23.5184 20 -23.45 -23.5184
3 16 23.0408 -16.7292 -21.7628 21.7556 -18.0676 -23.048 23.0408 -23.45 -21.7628
3 16 23.0408 -23.45 -21.7628 21.7556 -18.0676 -23.048 21.7556 -23.45 -23.048
3 16 23.5112 -14.9009 -20.0072 23.0408 -16.7292 -21.7628 23.5112 -23.45 -20.0072
3 16 23.5112 -23.45 -20.0072 23.0408 -16.7292 -21.7628 23.0408 -23.45 -21.7628
3 16 23.0408 -13.0658 -18.2516 23.5112 -14.9009 -20.0072 23.0408 -23.45 -18.2516
3 16 23.0408 -23.45 -18.2516 23.5112 -14.9009 -20.0072 23.5112 -23.45 -20.0072
3 16 21.7556 -11.7184 -16.9664 23.0408 -13.0658 -18.2516 21.7556 -23.45 -16.9664
3 16 21.7556 -23.45 -16.9664 23.0408 -13.0658 -18.2516 23.0408 -23.45 -18.2516
3 16 20 -11.2507 -16.496 21.7556 -11.7184 -16.9664 20 -23.45 -16.496
3 16 20 -23.45 -16.496 21.7556 -11.7184 -16.9664 21.7556 -23.45 -16.9664
3 16 18.2444 -23.45 -16.9664 18.2444 -11.7184 -16.9664 20 -23.45 -16.496
3 16 20 -23.45 -16.496 18.2444 -11.7184 -16.9664 20 -11.2507 -16.496
3 16 18.2444 -11.7184 -16.9664 21.7556 -11.7184 -16.9664 20 -11.2507 -16.496
3 16 16.9592 -23.45 -18.2516 16.9592 -13.0658 -18.2516 18.2444 -23.45 -16.9664
3 16 18.2444 -23.45 -16.9664 16.9592 -13.0658 -18.2516 18.2444 -11.7184 -16.9664
3 16 16.9592 -13.0658 -18.2516 23.0408 -13.0658 -18.2516 18.2444 -11.7184 -16.9664
3 16 18.2444 -11.7184 -16.9664 23.0408 -13.0658 -18.2516 21.7556 -11.7184 -16.9664
3 16 -6.25 -5.25 7 -6.25 -10.5 7 -6.25 -8.8259 -2.6835
3 16 -6.25 -8.8259 -2.6835 -6.25 -10.5 7 -6.25 -10.5 -1.6596
3 16 36.8497 -4.4578 -8.1396 36.4884 -4.1697 -7.479 40.1452 -5.25 -7.479
3 16 34.8156 -20.7478 -29.8067 36.6886 -38.8559 -29.8605 30 -24 -30
3 16 30 -24 -30 36.6886 -38.8559 -29.8605 30 -38.8953 -29.9402
3 16 20 -21.4052 -26.2572 19.4687 -22.6953 -27.5 22.3918 -20.8958 -25.7814
3 16 22.3918 -20.8958 -25.7814 19.4687 -22.6953 -27.5 30 -22.6954 -27.5
3 16 4.4247 -21.868 -15.5946 5.4 -20.6663 -16.8657 5.4 -21.8639 -15.6015
3 16 0 -22.939 -6.25 -7.5 -23.5337 -8.0151 5.4 -23.5337 -8.0151
3 16 -7.5 -22.8951 -13.8876 -2.3918 -22.6575 -14.233 -7.5 -23.5337 -11.9921
3 16 -7.5 -23.5337 -11.9921 -2.3918 -22.6575 -14.233 0 -22.939 -13.7572
3 16 -7.5 -23.5337 -11.9921 0 -22.939 -13.7572 5.4 -23.5337 -11.9921
3 16 -7.5 -21.8639 -15.6015 -4.4247 -21.868 -15.5946 -7.5 -22.8951 -13.8876
3 16 -7.5 -22.8951 -13.8876 -4.4247 -21.868 -15.5946 -2.3918 -22.6575 -14.233
3 16 0 -22.939 -6.25 5.4 -23.5337 -8.0151 2.3918 -22.6884 -5.7742
3 16 2.3918 -22.6884 -5.7742 5.4 -23.5337 -8.0151 5.4 -22.8951 -6.1196
3 16 -6.1537 -13.5 -0.7311 -6.1064 -16.9746 -1.0908 -6.25 -13.5 0
3 16 -6.25 -13.5 0 -6.1064 -16.9746 -1.0908 -6.25 -28.45 0
3 16 -10 -20.7 -30 28.3037 -20.7 -30 9.7853 -24 -30
3 16 9.7853 -24 -30 28.3037 -20.7 -30 30 -24 -30
3 16 154.2257 -100.45 22.3918 153.8354 -96 21 153.75 -100.45 20
3 16 153.75 -100.45 20 153.8354 -96 21 153.75 -96 20
3 16 156.4705 -100.45 22.0378 154.2257 -100.45 22.3918 155.9245 -100.45 20
3 16 155.9245 -100.45 20 154.2257 -100.45 22.3918 153.75 -100.45 20
3 16 157.6082 -100.45 25.7743 155.5806 -100.45 24.4194 157.9622 -100.45 23.5295
3 16 155.5806 -73.1436 24.4194 155.5806 -100.45 24.4194 157.6082 -74.4278 25.7743
3 16 157.6082 -74.4278 25.7743 155.5806 -100.45 24.4194 157.6082 -100.45 25.7743
3 16 162.3918 -100.45 25.7743 161 -96 26.1646 160 -100.45 26.25
3 16 160 -100.45 26.25 161 -96 26.1646 160 -96 26.25
3 16 162.0377 -100.45 23.5295 162.3918 -100.45 25.7743 160 -100.45 24.0755
3 16 160 -100.45 24.0755 162.3918 -100.45 25.7743 160 -100.45 26.25
3 16 162.3918 -100.45 14.2258 164.4194 -100.45 15.5806 162.0377 -100.45 16.4705
3 16 162.3918 -81.3125 14.2258 164.4194 -82.1864 15.5806 162.3918 -100.45 14.2258
3 16 162.3918 -100.45 14.2258 164.4194 -82.1864 15.5806 164.4194 -100.45 15.5806
3 16 142.3918 -100.45 25.7743 142.3918 -63.5883 25.7743 141 -96 26.1646
3 16 141 -96 26.1646 142.3918 -63.5883 25.7743 141 -62.5864 26.1646
3 16 4.2548 -10.5 4.2548 2.4702 -10.5 6.9476 4.2548 -5.25 4.2548
3 16 4.2548 -5.25 4.2548 2.4702 -10.5 6.9476 2.4702 -5.25 6.9476
3 16 4.2548 -10.5 4.2548 4.2548 -5.25 4.2548 6.9784 -10.5 2.4639
3 16 6.9784 -10.5 2.4639 4.2548 -5.25 4.2548 6.9784 -5.25 2.4639
3 16 6.25 -24 0 5.7742 -28.45 2.3918 6.25 -28.45 0
3 16 4.4194 -28.45 -4.4194 4.4247 -21.868 -4.4126 5.4039 -24 -3.1378
3 16 5.4039 -24 -3.1378 4.4247 -21.868 -4.4126 5.4 -20.6663 -3.1415
3 16 30 -24 -12.5 30 -8.8686 -12.5 30 -24 -12.75
3 16 30 -24 -12.75 30 -8.8686 -12.5 30 -11.9645 -16.25
3 16 12.1906 -22.6953 -27.5 15.5806 -19.4967 -24.4266 4.4194 -19.4865 -24.4266
3 16 1.3102 -22.6953 -27.5 12.1906 -22.6953 -27.5 2.3918 -20.8459 -25.7814
3 16 2.3918 -20.8459 -25.7814 12.1906 -22.6953 -27.5 4.4194 -19.4865 -24.4266
3 16 12.225 -24 -20 10 -24 -17.917 6.25 -24 -20.0036
3 16 6.25 -24 -20.0036 10 -24 -17.917 8 -24 -17.917
3 16 -6.25 -13.5 0 -7.5 -13.5 -0.7311 -6.1537 -13.5 -0.7311
3 16 10 -8 -5.8676 8 -7.7883 -6.125 10 -7.7883 -6.125
3 16 7.5 -13.5 7.5 5.7742 -13.5 2.3918 7.5 -13.5 0
3 16 7.5 -13.5 0 5.7742 -13.5 2.3918 6.25 -13.5 0
3 16 0 -13.5 7.5 2.3918 -13.5 5.7742 7.5 -13.5 7.5
3 16 2.3918 -13.5 5.7742 4.4194 -13.5 4.4194 7.5 -13.5 7.5
3 16 5.7742 -13.5 2.3918 7.5 -13.5 7.5 4.4194 -13.5 4.4194
3 16 0 -13.5 7.5 0 -13.5 6.25 2.3918 -13.5 5.7742
3 16 -7.5 -13.5 7.5 -2.3918 -13.5 5.7742 0 -13.5 7.5
3 16 0 -13.5 7.5 -2.3918 -13.5 5.7742 0 -13.5 6.25
3 16 -6.25 -13.5 0 -5.7742 -13.5 2.3918 -7.5 -13.5 -0.7311
3 16 -7.5 -13.5 -0.7311 -5.7742 -13.5 2.3918 -7.5 -13.5 7.5
3 16 -5.7742 -13.5 2.3918 -4.4194 -13.5 4.4194 -7.5 -13.5 7.5
3 16 -4.4194 -13.5 4.4194 -2.3918 -13.5 5.7742 -7.5 -13.5 7.5
3 16 -10 -14.5 -17.75 -10 -20.7 -30 -10 -18.375 -16.7117
3 16 -10 -18.375 -16.7117 -10 -20.7 -30 -10 -24 -30
3 16 18.5 -5.25 -5.9746 13.1093 -5.25 2.4935 15.7452 -5.25 4.2548
3 16 -6.25 -6.3049 -5.67 -6.25 0 -7.5 -6.25 -5.25 7
3 16 -6.25 -5.25 7 -6.25 0 -7.5 -6.25 0 8.5828
3 16 21.5 -5.25 -5.9746 29.3137 -5.25 -7.479 21.5 -5.25 -7.479
3 16 153.8354 -96 19 146.1646 -96 19 153.8354 -73.3813 19
3 16 153.8354 -73.3813 19 146.1646 -96 19 146.1646 -67.8444 19
3 16 6.25 -24 60 5.7742 -24 62.3918 6.25 -28.45 60
3 16 6.25 -28.45 60 5.7742 -24 62.3918 5.7742 -28.45 62.3918
3 16 0 -22.939 66.25 -7.5 -23.5337 68.0151 -2.3918 -22.6827 65.7743
3 16 -2.3918 -22.6827 65.7743 -7.5 -23.5337 68.0151 -7.5 -22.8951 66.1196
3 16 4.4194 -28.45 64.4194 5.7742 -28.45 62.3918 5.4039 -24 63.1378
3 16 5.4039 -24 63.1378 5.7742 -28.45 62.3918 5.7742 -24 62.3918
3 16 -4.4247 -21.868 64.4126 -7.5 -21.8639 64.4057 -5.7742 -19.6429 62.3918
3 16 -5.7742 -19.6429 62.3918 -7.5 -21.8639 64.4057 -7.5 -19.6606 62.3924
3 16 -5.7742 -19.6429 62.3918 -7.5 -19.6606 62.3924 -6.1064 -16.9746 61.0908
3 16 -6.1064 -16.9746 61.0908 -7.5 -19.6606 62.3924 -7.5 -16.9746 61.0908
3 16 -6.1064 -16.9746 61.0908 -7.5 -16.9746 61.0908 -6.1537 -13.5 60.7311
3 16 -6.1537 -13.5 60.7311 -7.5 -16.9746 61.0908 -7.5 -13.5 60.7311
3 16 -2.3918 -22.6827 65.7743 -7.5 -22.8951 66.1196 -4.4247 -21.868 64.4126
3 16 -4.4247 -21.868 64.4126 -7.5 -22.8951 66.1196 -7.5 -21.8639 64.4057
3 16 5.4 -21.8639 64.4057 5.4 -22.8951 66.1196 4.4247 -21.868 64.4126
3 16 4.4247 -21.868 64.4126 5.4 -22.8951 66.1196 2.3918 -22.6884 65.7743
3 16 5.4 -20.6663 76.8657 5.4 -21.8639 75.6015 5.4013 -24 76.8629
3 16 5.4013 -24 76.8629 5.4 -21.8639 75.6015 5.4012 -24 76.206
3 16 2.4702 -5.25 53.0524 4.2548 -5.25 55.7452 2.4935 0 53.1093
3 16 2.4935 0 53.1093 4.2548 -5.25 55.7452 4.2548 0 55.7452
3 16 18.125 0 50 16.3966 0 50 17.5065 0 53.1093
3 16 17.5065 0 53.1093 16.3966 0 50 15.5396 0 53.1983
3 16 17.5065 0 53.1093 15.5396 0 53.1983 15.7452 0 55.7452
3 16 15.5396 0 53.1983 13.1983 0 55.5396 15.7452 0 55.7452
3 16 15.7452 0 55.7452 13.1983 0 55.5396 13.1093 0 57.5065
3 16 13.1983 0 55.5396 10 0 56.3966 13.1093 0 57.5065
3 16 13.1093 0 57.5065 10 0 56.3966 10 0 58.125
3 16 10 0 58.125 10 0 56.3966 6.8907 0 57.5065
3 16 6.8907 0 57.5065 10 0 56.3966 6.8017 0 55.5396
3 16 6.8907 0 57.5065 6.8017 0 55.5396 4.2548 0 55.7452
3 16 4.2548 0 55.7452 6.8017 0 55.5396 4.4604 0 53.1983
3 16 4.2548 0 55.7452 4.4604 0 53.1983 2.4935 0 53.1093
3 16 4.4604 0 53.1983 3.6034 0 50 2.4935 0 53.1093
3 16 2.4935 0 53.1093 3.6034 0 50 1.875 0 50
3 16 1.875 0 50 3.6034 0 50 2.4935 0 46.8907
3 16 2.4935 0 46.8907 3.6034 0 50 4.4604 0 46.8017
3 16 2.4935 0 46.8907 4.4604 0 46.8017 4.2548 0 44.2548
3 16 4.4604 0 46.8017 6.8017 0 44.4604 4.2548 0 44.2548
3 16 4.2548 0 44.2548 6.8017 0 44.4604 6.8907 0 42.4935
3 16 6.8017 0 44.4604 10 0 43.6034 6.8907 0 42.4935
3 16 6.8907 0 42.4935 10 0 43.6034 10 0 41.875
3 16 10 0 41.875 10 0 43.6034 13.1093 0 42.4935
3 16 13.1093 0 42.4935 10 0 43.6034 13.1983 0 44.4604
3 16 13.1093 0 42.4935 13.1983 0 44.4604 15.7452 0 44.2548
3 16 15.7452 0 44.2548 13.1983 0 44.4604 15.5396 0 46.8017
3 16 15.7452 0 44.2548 15.5396 0 46.8017 17.5065 0 46.8907
3 16 15.5396 0 46.8017 16.3966 0 50 17.5065 0 46.8907
3 16 17.5065 0 46.8907 16.3966 0 50 18.125 0 50
3 16 64.4137 -74.7917 88.1249 56.768 -56.7822 88.522 40.7488 -75.0401 89.8228
3 16 40.7488 -75.0401 89.8228 56.768 -56.7822 88.522 38.6696 -56.978 89.852
3 16 84.0391 -74.6905 85.2877 72.9492 -56.639 86.0431 64.4137 -74.7917 88.1249
3 16 64.4137 -74.7917 88.1249 72.9492 -56.639 86.0431 56.768 -56.7822 88.522
3 16 107.6757 -74.6423 79.7239 92.0595 -56.4787 81.0818 84.0391 -74.6905 85.2877
3 16 84.0391 -74.6905 85.2877 92.0595 -56.4787 81.0818 72.9492 -56.639 86.0431
3 16 126.9154 -74.5095 72.4988 108.4246 -56.1162 74.0377 107.6757 -74.6423 79.7239
3 16 107.6757 -74.6423 79.7239 108.4246 -56.1162 74.0377 92.0595 -56.4787 81.0818
3 16 142.3893 -74.4205 63.7611 121.6965 -55.8579 64.927 126.9154 -74.5095 72.4988
3 16 126.9154 -74.5095 72.4988 121.6965 -55.8579 64.927 108.4246 -56.1162 74.0377
3 16 152.9506 -74.4476 54.9755 130.5826 -55.9588 55.4573 142.3893 -74.4205 63.7611
3 16 142.3893 -74.4205 63.7611 130.5826 -55.9588 55.4573 121.6965 -55.8579 64.927
3 16 159.8723 -74.5412 46.0921 136.1296 -56.25 46.104 152.9506 -74.4476 54.9755
3 16 152.9506 -74.4476 54.9755 136.1296 -56.25 46.104 130.5826 -55.9588 55.4573
3 16 163.1349 -74.6278 38.6109 138.6036 -56.504 38.4636 159.8723 -74.5412 46.0921
3 16 159.8723 -74.5412 46.0921 138.6036 -56.504 38.4636 136.1296 -56.25 46.104
3 16 165.0097 -74.7258 30 140.0244 -56.7301 30 163.1349 -74.6278 38.6109
3 16 163.1349 -74.6278 38.6109 140.0244 -56.7301 30 138.6036 -56.504 38.4636
3 16 56.768 -56.7822 88.522 49.3468 -38.7507 88.8209 38.6696 -56.978 89.852
3 16 38.6696 -56.978 89.852 49.3468 -38.7507 88.8209 36.6886 -38.8559 89.8605
3 16 72.9492 -56.639 86.0431 61.8039 -38.6095 86.5145 56.768 -56.7822 88.522
3 16 56.768 -56.7822 88.522 61.8039 -38.6095 86.5145 49.3468 -38.7507 88.8209
3 16 92.0595 -56.4787 81.0818 76.3062 -38.3966 81.9933 72.9492 -56.639 86.0431
3 16 72.9492 -56.639 86.0431 76.3062 -38.3966 81.9933 61.8039 -38.6095 86.5145
3 16 108.4246 -56.1162 74.0377 89.669 -37.9306 74.9698 92.0595 -56.4787 81.0818
3 16 92.0595 -56.4787 81.0818 89.669 -37.9306 74.9698 76.3062 -38.3966 81.9933
3 16 121.6965 -55.8579 64.927 100.6797 -37.6083 65.5346 108.4246 -56.1162 74.0377
3 16 108.4246 -56.1162 74.0377 100.6797 -37.6083 65.5346 89.669 -37.9306 74.9698
3 16 130.5826 -55.9588 55.4573 107.9742 -37.74 55.6309 121.6965 -55.8579 64.927
3 16 121.6965 -55.8579 64.927 107.9742 -37.74 55.6309 100.6797 -37.6083 65.5346
3 16 136.1296 -56.25 46.104 112.271 -38.1031 46.0071 130.5826 -55.9588 55.4573
3 16 130.5826 -55.9588 55.4573 112.271 -38.1031 46.0071 107.9742 -37.74 55.6309
3 16 138.6036 -56.504 38.4636 114.0377 -38.4371 38.2588 136.1296 -56.25 46.104
3 16 136.1296 -56.25 46.104 114.0377 -38.4371 38.2588 112.271 -38.1031 46.0071
3 16 140.0244 -56.7301 30 115.0391 -38.7344 30 138.6036 -56.504 38.4636
3 16 138.6036 -56.504 38.4636 115.0391 -38.7344 30 114.0377 -38.4371 38.2588
3 16 49.3468 -38.7507 88.8209 41.3692 -20.695 88.8593 36.6886 -38.8559 89.8605
3 16 36.6886 -38.8559 89.8605 41.3692 -20.695 88.8593 34.8156 -20.7478 89.8067
3 16 86.8141 -31.0754 62.5621 93.0846 -29.7497 44.9841 101.7409 -44.3492 64.4744
3 16 101.7409 -44.3492 64.4744 93.0846 -29.7497 44.9841 107.3442 -40.0888 45.7574
3 16 93.0846 -29.7497 44.9841 94.0674 -28.9952 30 107.3442 -40.0888 45.7574
3 16 107.3442 -40.0888 45.7574 94.0674 -28.9952 30 109.0796 -39.6266 30
3 16 74.683 -33.6973 76.0428 86.8141 -31.0754 62.5621 87.6434 -51.711 77.6845
3 16 87.6434 -51.711 77.6845 86.8141 -31.0754 62.5621 101.7409 -44.3492 64.4744
3 16 118.1058 -59.3822 64.5189 121.9 -51.0048 45.9549 130 -58.3611 50
3 16 130 -58.3611 50 121.9 -51.0048 45.9549 130 -55.4229 39.8168
3 16 149.9632 -87.4838 62.4629 134.9115 -83.6399 68.281 150.898 -80.7076 56.8683
3 16 150.898 -80.7076 56.8683 134.9115 -83.6399 68.281 136.3822 -71.9421 60.5758
3 16 149.9632 -87.4838 62.4629 150.898 -80.7076 56.8683 161.1091 -90.0306 57.3863
3 16 161.1091 -90.0306 57.3863 150.898 -80.7076 56.8683 161.0477 -86.0903 53.9005
3 16 170 -86.4128 44.4613 174.9679 -89.8939 44.0512 170 -89.788 50
3 16 170 -89.788 50 174.9679 -89.8939 44.0512 171.4485 -91.7328 50.9966
3 16 177.0114 -88.6213 36.133 174.9679 -89.8939 44.0512 170 -83.6944 36.5537
3 16 170 -83.6944 36.5537 174.9679 -89.8939 44.0512 170 -86.4128 44.4613
3 16 177.5103 -88.2886 30 177.0114 -88.6213 36.133 170 -82.9688 30
3 16 170 -82.9688 30 177.0114 -88.6213 36.133 170 -83.6944 36.5537
3 16 134.9115 -83.6399 68.281 111.0818 -73.1336 74.9946 136.3822 -71.9421 60.5758
3 16 136.3822 -71.9421 60.5758 111.0818 -73.1336 74.9946 118.1058 -59.3822 64.5189
3 16 118.1058 -59.3822 64.5189 101.7409 -44.3492 64.4744 121.9 -51.0048 45.9549
3 16 121.9 -51.0048 45.9549 101.7409 -44.3492 64.4744 107.3442 -40.0888 45.7574
3 16 123.3092 -49.7037 30 121.9 -51.0048 45.9549 109.0796 -39.6266 30
3 16 109.0796 -39.6266 30 121.9 -51.0048 45.9549 107.3442 -40.0888 45.7574
3 16 118.1058 -59.3822 64.5189 111.0818 -73.1336 74.9946 101.7409 -44.3492 64.4744
3 16 101.7409 -44.3492 64.4744 111.0818 -73.1336 74.9946 87.6434 -51.711 77.6845
3 16 111.0818 -73.1336 74.9946 91.4916 -74.8024 80.5455 87.6434 -51.711 77.6845
3 16 43.3106 -36.8809 85.9489 58.9321 -35.9325 83.2288 46.4907 -56.6662 86.1622
3 16 46.4907 -56.6662 86.1622 58.9321 -35.9325 83.2288 64.2098 -55.4348 84.1633
3 16 45.1381 -76.4843 86.3821 46.4907 -56.6662 86.1622 63.5279 -75.9379 84.8541
3 16 63.5279 -75.9379 84.8541 46.4907 -56.6662 86.1622 64.2098 -55.4348 84.1633
3 16 63.5279 -75.9379 84.8541 64.2098 -55.4348 84.1633 91.4916 -74.8024 80.5455
3 16 91.4916 -74.8024 80.5455 64.2098 -55.4348 84.1633 87.6434 -51.711 77.6845
3 16 58.9321 -35.9325 83.2288 74.683 -33.6973 76.0428 64.2098 -55.4348 84.1633
3 16 64.2098 -55.4348 84.1633 74.683 -33.6973 76.0428 87.6434 -51.711 77.6845
3 16 161.0477 -86.0903 53.9005 171.4485 -91.7328 50.9966 161.1091 -90.0306 57.3863
3 16 171.4485 -91.7328 50.9966 161.0477 -86.0903 53.9005 170 -89.788 50
3 16 170 -89.788 50 161.0477 -86.0903 53.9005 160.7032 -82.5635 50
3 16 49.9902 -8 30 53.8396 -10.0694 30 50.4541 -8 32.7718
3 16 50.4541 -8 32.7718 53.8396 -10.0694 30 54.2008 -9.9894 32.2525
3 16 52.924 -8 36.5355 55.7566 -9.5175 35.109 55.4058 -8 38.6662
3 16 55.4058 -8 38.6662 55.7566 -9.5175 35.109 57.5215 -8.9728 36.7717
3 16 58.9494 -9.4877 33.6245 57.078 -9.8039 32.8539 59.3685 -9.636 30
3 16 59.3685 -9.636 30 57.078 -9.8039 32.8539 57.1395 -9.9293 30
3 16 57.078 -9.8039 32.8539 58.9494 -9.4877 33.6245 55.7566 -9.5175 35.109
3 16 55.7566 -9.5175 35.109 58.9494 -9.4877 33.6245 57.5215 -8.9728 36.7717
3 16 55.7566 -9.5175 35.109 52.924 -8 36.5355 54.2008 -9.9894 32.2525
3 16 54.2008 -9.9894 32.2525 52.924 -8 36.5355 50.4541 -8 32.7718
3 16 59.3685 -9.636 30 65.9664 -13.0986 30 58.9494 -9.4877 33.6245
3 16 58.9494 -9.4877 33.6245 65.9664 -13.0986 30 64.681 -12.7317 37.1402
3 16 58.9494 -9.4877 33.6245 64.681 -12.7317 37.1402 57.5215 -8.9728 36.7717
3 16 57.5215 -8.9728 36.7717 64.681 -12.7317 37.1402 59.3825 -11.6401 48.3916
3 16 55.4058 -8 38.6662 57.5215 -8.9728 36.7717 53.3976 -8 45.6077
3 16 53.3976 -8 45.6077 57.5215 -8.9728 36.7717 59.3825 -11.6401 48.3916
3 16 59.3825 -11.6401 48.3916 70.073 -18.6932 55.1748 53.2279 -11.6243 58.5657
3 16 53.2279 -11.6243 58.5657 70.073 -18.6932 55.1748 61.0053 -18.6499 66.9846
3 16 50.3987 -18.8229 75.1887 45.2458 -11.9524 66.7949 61.0053 -18.6499 66.9846
3 16 61.0053 -18.6499 66.9846 45.2458 -11.9524 66.7949 53.2279 -11.6243 58.5657
3 16 45.2458 -11.9524 66.7949 41.3915 -8 62.2921 53.2279 -11.6243 58.5657
3 16 53.2279 -11.6243 58.5657 41.3915 -8 62.2921 48.7591 -8 54.2205
3 16 53.2279 -11.6243 58.5657 48.7591 -8 54.2205 59.3825 -11.6401 48.3916
3 16 59.3825 -11.6401 48.3916 48.7591 -8 54.2205 53.3976 -8 45.6077
3 16 45.2458 -11.9524 66.7949 37.5327 -12.0395 71.2498 41.3915 -8 62.2921
3 16 41.3915 -8 62.2921 37.5327 -12.0395 71.2498 35.2559 -8 66.2209
3 16 39.97 -18.8492 79.5025 37.5327 -12.0395 71.2498 50.3987 -18.8229 75.1887
3 16 50.3987 -18.8229 75.1887 37.5327 -12.0395 71.2498 45.2458 -11.9524 66.7949
3 16 64.681 -12.7317 37.1402 65.9664 -13.0986 30 76.2544 -19.1915 41.2599
3 16 76.2544 -19.1915 41.2599 65.9664 -13.0986 30 77.9997 -19.4029 30
3 16 59.3825 -11.6401 48.3916 64.681 -12.7317 37.1402 70.073 -18.6932 55.1748
3 16 70.073 -18.6932 55.1748 64.681 -12.7317 37.1402 76.2544 -19.1915 41.2599
3 16 36.8497 -4.4578 68.1396 36.4884 -4.1697 67.479 29.485 -2.0501 68.1084
3 16 29.485 -2.0501 68.1084 36.4884 -4.1697 67.479 29.3602 -2.0326 67.479
3 16 33.1983 0 35.5396 35.5396 0 33.1983 33.1983 -8 35.5396
3 16 33.1983 -8 35.5396 35.5396 0 33.1983 35.5396 -8 33.1983
3 16 30 0 36.3966 33.1983 0 35.5396 30 -8 36.3966
3 16 30 -8 36.3966 33.1983 0 35.5396 33.1983 -8 35.5396
3 16 26.8017 0 35.5396 30 0 36.3966 26.8017 -8 35.5396
3 16 26.8017 -8 35.5396 30 0 36.3966 30 -8 36.3966
3 16 24.4604 0 33.1983 26.8017 0 35.5396 24.4604 -8 33.1983
3 16 24.4604 -8 33.1983 26.8017 0 35.5396 26.8017 -8 35.5396
3 16 23.6034 -8 30 23.6034 0 30 24.4604 -8 33.1983
3 16 24.4604 -8 33.1983 23.6034 0 30 24.4604 0 33.1983
3 16 35.5396 0 33.1983 36.3966 0 30 35.5396 -8 33.1983
3 16 35.5396 -8 33.1983 36.3966 0 30 36.3966 -8 30
3 16 38.125 0 30 36.3966 0 30 37.5065 0 33.1093
3 16 37.5065 0 33.1093 36.3966 0 30 35.5396 0 33.1983
3 16 37.5065 0 33.1093 35.5396 0 33.1983 35.7452 0 35.7452
3 16 35.7452 0 35.7452 35.5396 0 33.1983 33.1983 0 35.5396
3 16 33.1093 0 37.5065 35.7452 0 35.7452 33.1983 0 35.5396
3 16 30 0 38.125 33.1093 0 37.5065 30 0 36.3966
3 16 30 0 36.3966 33.1093 0 37.5065 33.1983 0 35.5396
3 16 30 0 38.125 30 0 36.3966 26.8907 0 37.5065
3 16 26.8907 0 37.5065 30 0 36.3966 26.8017 0 35.5396
3 16 24.2548 0 35.7453 26.8907 0 37.5065 26.8017 0 35.5396
3 16 22.4935 0 33.1093 24.2548 0 35.7453 24.4604 0 33.1983
3 16 24.4604 0 33.1983 24.2548 0 35.7453 26.8017 0 35.5396
3 16 21.875 0 30 22.4935 0 33.1093 23.6034 0 30
3 16 23.6034 0 30 22.4935 0 33.1093 24.4604 0 33.1983
3 16 6.9784 -5.25 57.5361 6.8907 0 57.5065 4.2548 -5.25 55.7452
3 16 4.2548 -5.25 55.7452 6.8907 0 57.5065 4.2548 0 55.7452
3 16 48.7591 -8 54.2205 41.3915 -8 62.2921 30.082 -8 49.9966
3 16 35.2559 -8 66.2209 31.4103 -8 68.1343 30.082 -8 49.9966
3 16 41.3915 -8 62.2921 35.2559 -8 66.2209 30.082 -8 49.9966
3 16 55.4058 -8 38.6662 53.3976 -8 45.6077 52.924 -8 36.5355
3 16 52.924 -8 36.5355 53.3976 -8 45.6077 40.3533 -8 43.8234
3 16 52.924 -8 36.5355 40.3533 -8 43.8234 50.4541 -8 32.7718
3 16 50.4541 -8 32.7718 40.3533 -8 43.8234 35.5396 -8 33.1983
3 16 53.3976 -8 45.6077 48.7591 -8 54.2205 40.3533 -8 43.8234
3 16 40.3533 -8 43.8234 48.7591 -8 54.2205 30.082 -8 49.9966
3 16 10 -7.7883 66.125 10 -8 66.8169 10 -7.0136 67.9959
3 16 10 -7.0136 67.9959 10 -8 66.8169 10 -8 67.7662
3 16 10 -8 50 10 -8 65.8676 10 -9.0199 64.5199
3 16 9.7853 -24 90 12.1906 -24 87.5 19.4687 -24 87.5
3 16 139 -61.1494 33.8354 139 -61.1494 26.1646 139 -96 30
3 16 139 -96 30 139 -61.1494 26.1646 139 -96 26.1646
3 16 141 -96 33.8354 141 -96 31 141 -62.5864 33.8354
3 16 141 -62.5864 33.8354 141 -96 31 141 -62.4369 31
3 16 149 -96 39 146.1646 -96 39 149 -69.0538 39
3 16 149 -69.0538 39 146.1646 -96 39 146.1646 -67.0022 39
3 16 139 -96 33.8354 139 -96 30 140 -96 33.75
3 16 140 -96 33.75 139 -96 30 140 -96 30
3 16 153.75 -96 40 146.25 -96 40 149 -96 39
3 16 149 -96 39 146.25 -96 40 146.1646 -96 39
3 16 142.3918 -100.45 34.2258 140 -100.45 33.75 141 -96 33.8354
3 16 141 -96 33.8354 140 -100.45 33.75 140 -96 33.75
3 16 145.7743 -100.45 42.3918 146.25 -100.45 40 146.1646 -96 41
3 16 146.1646 -96 41 146.25 -100.45 40 146.25 -96 40
3 16 140 -96 33.75 140 -100.45 33.75 139 -96 33.8354
3 16 139 -96 33.8354 140 -100.45 33.75 137.6082 -100.45 34.2258
3 16 145.7743 -100.45 37.6082 146.1646 -96 39 146.25 -100.45 40
3 16 146.25 -100.45 40 146.1646 -96 39 146.25 -96 40
3 16 145.7743 -100.45 42.3918 146.1646 -96 41 145.7743 -67.5982 42.3918
3 16 145.7743 -67.5982 42.3918 146.1646 -96 41 146.1646 -67.8444 41
3 16 145.7743 -100.45 42.3918 144.4194 -100.45 44.4194 143.5295 -100.45 42.0378
3 16 143.5295 -100.45 42.0378 144.4194 -100.45 44.4194 142.0378 -100.45 43.5295
3 16 142.0378 -100.45 43.5295 144.4194 -100.45 44.4194 142.3918 -100.45 45.7743
3 16 142.0378 -100.45 43.5295 142.3918 -100.45 45.7743 140 -100.45 44.0755
3 16 140 -100.45 44.0755 142.3918 -100.45 45.7743 140 -100.45 46.25
3 16 140 -100.45 46.25 137.6082 -100.45 45.7743 140 -100.45 44.0755
3 16 140 -100.45 44.0755 137.6082 -100.45 45.7743 137.9623 -100.45 43.5295
3 16 137.6082 -100.45 45.7743 135.5806 -100.45 44.4194 137.9623 -100.45 43.5295
3 16 137.9623 -100.45 43.5295 135.5806 -100.45 44.4194 136.4705 -100.45 42.0378
3 16 136.4705 -100.45 42.0378 135.5806 -100.45 44.4194 134.2258 -100.45 42.3918
3 16 136.4705 -100.45 42.0378 134.2258 -100.45 42.3918 135.9245 -100.45 40
3 16 135.9245 -100.45 40 134.2258 -100.45 42.3918 133.75 -100.45 40
3 16 133.75 -100.45 40 134.2258 -100.45 37.6082 135.9245 -100.45 40
3 16 135.9245 -100.45 40 134.2258 -100.45 37.6082 136.4705 -100.45 37.9623
3 16 134.2258 -100.45 37.6082 135.5806 -100.45 35.5806 136.4705 -100.45 37.9623
3 16 136.4705 -100.45 37.9623 135.5806 -100.45 35.5806 137.9623 -100.45 36.4705
3 16 137.9623 -100.45 36.4705 135.5806 -100.45 35.5806 137.6082 -100.45 34.2258
3 16 137.9623 -100.45 36.4705 137.6082 -100.45 34.2258 140 -100.45 35.9245
3 16 140 -100.45 35.9245 137.6082 -100.45 34.2258 140 -100.45 33.75
3 16 140 -100.45 33.75 142.3918 -100.45 34.2258 140 -100.45 35.9245
3 16 140 -100.45 35.9245 142.3918 -100.45 34.2258 142.0378 -100.45 36.4705
3 16 142.3918 -100.45 34.2258 144.4194 -100.45 35.5806 142.0378 -100.45 36.4705
3 16 142.0378 -100.45 36.4705 144.4194 -100.45 35.5806 143.5295 -100.45 37.9623
3 16 144.4194 -100.45 35.5806 145.7743 -100.45 37.6082 143.5295 -100.45 37.9623
3 16 143.5295 -100.45 37.9623 145.7743 -100.45 37.6082 144.0755 -100.45 40
3 16 144.0755 -100.45 40 145.7743 -100.45 37.6082 146.25 -100.45 40
3 16 146.25 -100.45 40 145.7743 -100.45 42.3918 144.0755 -100.45 40
3 16 144.0755 -100.45 40 145.7743 -100.45 42.3918 143.5295 -100.45 42.0378
3 16 159 -75.1905 31 159 -96 31 159 -75.3718 33.8354
3 16 159 -75.3718 33.8354 159 -96 31 159 -96 33.8354
3 16 159 -96 31 159 -75.1905 31 156.75 -96 31
3 16 156.75 -96 31 159 -75.1905 31 156.75 -73.5963 31
3 16 151 -70.5029 39 153.8354 -72.5526 39 151 -96 39
3 16 151 -96 39 153.8354 -72.5526 39 153.8354 -96 39
3 16 159 -96 29 159 -96 31 156.75 -96 29
3 16 156.75 -96 29 159 -96 31 156.75 -96 31
3 16 160 -96 30 160 -96 33.75 159 -96 31
3 16 159 -96 31 160 -96 33.75 159 -96 33.8354
3 16 154.2257 -100.45 42.3918 153.8354 -96 41 153.75 -100.45 40
3 16 153.75 -100.45 40 153.8354 -96 41 153.75 -96 40
3 16 157.6082 -100.45 34.2258 159 -96 33.8354 160 -100.45 33.75
3 16 160 -100.45 33.75 159 -96 33.8354 160 -96 33.75
3 16 154.2257 -100.45 37.6082 153.8354 -96 39 154.2257 -72.5805 37.6082
3 16 154.2257 -72.5805 37.6082 153.8354 -96 39 153.8354 -72.5526 39
3 16 155.5806 -100.45 35.5806 154.2257 -100.45 37.6082 155.5806 -73.1436 35.5806
3 16 155.5806 -73.1436 35.5806 154.2257 -100.45 37.6082 154.2257 -72.5805 37.6082
3 16 157.6082 -100.45 34.2258 157.6082 -74.4278 34.2258 159 -96 33.8354
3 16 159 -96 33.8354 157.6082 -74.4278 34.2258 159 -75.3718 33.8354
3 16 164.4194 -100.45 35.5806 162.3918 -100.45 34.2258 164.4194 -79.4464 35.5806
3 16 164.4194 -79.4464 35.5806 162.3918 -100.45 34.2258 162.3918 -77.8425 34.2258
3 16 165.7742 -100.45 37.6082 164.4194 -100.45 35.5806 165.7742 -80.8451 37.6082
3 16 165.7742 -80.8451 37.6082 164.4194 -100.45 35.5806 164.4194 -79.4464 35.5806
3 16 166.25 -100.45 40 165.7742 -100.45 37.6082 166.25 -81.8269 40
3 16 166.25 -81.8269 40 165.7742 -100.45 37.6082 165.7742 -80.8451 37.6082
3 16 165.7742 -100.45 42.3918 166.25 -100.45 40 165.7742 -82.3189 42.3918
3 16 165.7742 -82.3189 42.3918 166.25 -100.45 40 166.25 -81.8269 40
3 16 164.4194 -82.1864 44.4194 164.4194 -100.45 44.4194 165.7742 -82.3189 42.3918
3 16 165.7742 -82.3189 42.3918 164.4194 -100.45 44.4194 165.7742 -100.45 42.3918
3 16 160 -79.7606 46.25 160 -100.45 46.25 162.3918 -81.3125 45.7743
3 16 162.3918 -81.3125 45.7743 160 -100.45 46.25 162.3918 -100.45 45.7743
3 16 157.6082 -77.7209 45.7743 157.6082 -100.45 45.7743 160 -79.7606 46.25
3 16 160 -79.7606 46.25 157.6082 -100.45 45.7743 160 -100.45 46.25
3 16 155.5806 -75.5879 44.4194 155.5806 -100.45 44.4194 157.6082 -77.7209 45.7743
3 16 157.6082 -77.7209 45.7743 155.5806 -100.45 44.4194 157.6082 -100.45 45.7743
3 16 154.2257 -73.8047 42.3918 154.2257 -100.45 42.3918 155.5806 -75.5879 44.4194
3 16 155.5806 -75.5879 44.4194 154.2257 -100.45 42.3918 155.5806 -100.45 44.4194
3 16 153.8354 -73.3813 41 153.8354 -96 41 154.2257 -73.8047 42.3918
3 16 154.2257 -73.8047 42.3918 153.8354 -96 41 154.2257 -100.45 42.3918
3 16 146.1646 -96 41 146.25 -96 40 153.8354 -96 41
3 16 153.8354 -96 41 146.25 -96 40 153.75 -96 40
3 16 149 -96 39 149 -96 36.75 151 -96 39
3 16 151 -96 39 149 -96 36.75 151 -96 36.75
3 16 149 -96 39 151 -96 39 153.75 -96 40
3 16 153.75 -96 40 151 -96 39 153.8354 -96 39
3 16 154.2257 -73.8047 42.3918 145.7743 -67.5982 42.3918 153.8354 -73.3813 41
3 16 153.8354 -73.3813 41 145.7743 -67.5982 42.3918 146.1646 -67.8444 41
3 16 155.5806 -75.5879 44.4194 144.4194 -67.2381 44.4194 154.2257 -73.8047 42.3918
3 16 154.2257 -73.8047 42.3918 144.4194 -67.2381 44.4194 145.7743 -67.5982 42.3918
3 16 157.6082 -77.7209 45.7743 142.3918 -66.2023 45.7743 155.5806 -75.5879 44.4194
3 16 155.5806 -75.5879 44.4194 142.3918 -66.2023 45.7743 144.4194 -67.2381 44.4194
3 16 151 -70.0623 36.75 149 -68.6274 36.75 150.3542 -69.181 33.2133
3 16 151 -70.0623 36.75 154.2257 -72.5805 37.6082 151 -70.5029 39
3 16 151 -70.5029 39 154.2257 -72.5805 37.6082 153.8354 -72.5526 39
3 16 150.3542 -69.181 26.7867 150.3542 -69.181 33.2133 143.25 -64.0208 29
3 16 143.25 -64.0208 29 150.3542 -69.181 33.2133 143.25 -64.0208 31
3 16 156.75 -73.5963 29 156.75 -73.5963 31 150.3542 -69.181 26.7867
3 16 150.3542 -69.181 26.7867 156.75 -73.5963 31 150.3542 -69.181 33.2133
3 16 143.25 -64.0208 29 143.25 -64.0208 31 143.25 -96 29
3 16 143.25 -96 29 143.25 -64.0208 31 143.25 -96 31
3 16 149 -68.6274 36.75 149 -96 36.75 149 -69.0538 39
3 16 149 -69.0538 39 149 -96 36.75 149 -96 39
3 16 141 -62.4369 31 141 -96 31 143.25 -64.0208 31
3 16 143.25 -64.0208 31 141 -96 31 143.25 -96 31
3 16 143.25 -64.0208 31 142.3918 -63.5883 34.2258 141 -62.4369 31
3 16 141 -62.4369 31 142.3918 -63.5883 34.2258 141 -62.5864 33.8354
3 16 149 -68.6274 36.75 151 -70.0623 36.75 149 -96 36.75
3 16 149 -96 36.75 151 -70.0623 36.75 151 -96 36.75
3 16 144.4194 -100.45 35.5806 142.3918 -100.45 34.2258 144.4194 -65.2004 35.5806
3 16 144.4194 -65.2004 35.5806 142.3918 -100.45 34.2258 142.3918 -63.5883 34.2258
3 16 150.3542 -69.181 33.2133 144.4194 -65.2004 35.5806 143.25 -64.0208 31
3 16 143.25 -64.0208 31 144.4194 -65.2004 35.5806 142.3918 -63.5883 34.2258
3 16 145.7743 -100.45 37.6082 144.4194 -100.45 35.5806 145.7743 -66.4035 37.6082
3 16 145.7743 -66.4035 37.6082 144.4194 -100.45 35.5806 144.4194 -65.2004 35.5806
3 16 145.7743 -66.4035 37.6082 144.4194 -65.2004 35.5806 149 -68.6274 36.75
3 16 149 -68.6274 36.75 144.4194 -65.2004 35.5806 150.3542 -69.181 33.2133
3 16 145.7743 -100.45 37.6082 145.7743 -66.4035 37.6082 146.1646 -96 39
3 16 146.1646 -96 39 145.7743 -66.4035 37.6082 146.1646 -67.0022 39
3 16 149 -69.0538 39 146.1646 -67.0022 39 149 -68.6274 36.75
3 16 149 -68.6274 36.75 146.1646 -67.0022 39 145.7743 -66.4035 37.6082
3 16 151 -70.0623 36.75 151 -70.5029 39 151 -96 36.75
3 16 151 -96 36.75 151 -70.5029 39 151 -96 39
3 16 156.75 -96 29 156.75 -96 31 156.75 -73.5963 29
3 16 156.75 -73.5963 29 156.75 -96 31 156.75 -73.5963 31
3 16 157.6082 -74.4278 34.2258 155.5806 -73.1436 35.5806 156.75 -73.5963 31
3 16 156.75 -73.5963 31 155.5806 -73.1436 35.5806 150.3542 -69.181 33.2133
3 16 154.2257 -72.5805 37.6082 151 -70.0623 36.75 155.5806 -73.1436 35.5806
3 16 155.5806 -73.1436 35.5806 151 -70.0623 36.75 150.3542 -69.181 33.2133
3 16 159 -75.3718 33.8354 157.6082 -74.4278 34.2258 159 -75.1905 31
3 16 159 -75.1905 31 157.6082 -74.4278 34.2258 156.75 -73.5963 31
3 16 5.4 -24 66.1196 5.4 -21.8639 64.4057 5.4039 -24 63.1378
3 16 5.4039 -24 63.1378 5.4 -21.8639 64.4057 5.4 -20.6663 63.1415
3 16 162.3918 -77.8425 34.2258 161 -76.8087 33.8354 162.3573 -77.5552 30
3 16 162.3573 -77.5552 30 161 -76.8087 33.8354 161 -76.5938 30
3 16 161 -76.8087 33.8354 162.3918 -77.8425 34.2258 161 -96 33.8354
3 16 161 -96 33.8354 162.3918 -77.8425 34.2258 162.3918 -100.45 34.2258
3 16 161 -76.5938 30 161 -76.8087 33.8354 161 -96 30
3 16 161 -96 30 161 -76.8087 33.8354 161 -96 33.8354
3 16 162.3573 -77.5552 30 164.4238 -79.019 30 162.3918 -77.8425 34.2258
3 16 162.3918 -77.8425 34.2258 164.4238 -79.019 30 164.4194 -79.4464 35.5806
3 16 145.7743 -100.45 42.3918 145.7743 -67.5982 42.3918 144.4194 -100.45 44.4194
3 16 144.4194 -100.45 44.4194 145.7743 -67.5982 42.3918 144.4194 -67.2381 44.4194
3 16 144.4194 -100.45 44.4194 144.4194 -67.2381 44.4194 142.3918 -100.45 45.7743
3 16 142.3918 -100.45 45.7743 144.4194 -67.2381 44.4194 142.3918 -66.2023 45.7743
3 16 142.3918 -100.45 45.7743 142.3918 -66.2023 45.7743 140 -100.45 46.25
3 16 140 -100.45 46.25 142.3918 -66.2023 45.7743 140 -64.588 46.25
3 16 140 -100.45 46.25 140 -64.588 46.25 137.6082 -100.45 45.7743
3 16 137.6082 -100.45 45.7743 140 -64.588 46.25 137.6082 -62.5289 45.7743
3 16 137.6082 -100.45 45.7743 137.6082 -62.5289 45.7743 135.5806 -100.45 44.4194
3 16 135.5806 -100.45 44.4194 137.6082 -62.5289 45.7743 135.5806 -60.5851 44.4194
3 16 135.5806 -100.45 44.4194 135.5806 -60.5851 44.4194 134.2258 -100.45 42.3918
3 16 134.2258 -100.45 42.3918 135.5806 -60.5851 44.4194 134.2258 -58.9895 42.3918
3 16 134.2258 -100.45 42.3918 134.2258 -58.9895 42.3918 133.75 -100.45 40
3 16 133.75 -100.45 40 134.2258 -58.9895 42.3918 133.75 -58.1855 40
3 16 133.75 -100.45 40 133.75 -58.1855 40 134.2258 -100.45 37.6082
3 16 134.2258 -100.45 37.6082 133.75 -58.1855 40 134.2258 -58.1376 37.6082
3 16 135.5806 -100.45 35.5806 134.2258 -100.45 37.6082 135.5806 -58.8588 35.5806
3 16 135.5806 -58.8588 35.5806 134.2258 -100.45 37.6082 134.2258 -58.1376 37.6082
3 16 137.6082 -100.45 34.2258 135.5806 -100.45 35.5806 137.6082 -60.171 34.2258
3 16 137.6082 -60.171 34.2258 135.5806 -100.45 35.5806 135.5806 -58.8588 35.5806
3 16 137.6082 -100.45 34.2258 137.6082 -60.171 34.2258 139 -96 33.8354
3 16 139 -96 33.8354 137.6082 -60.171 34.2258 139 -61.1494 33.8354
3 16 170 -86.4128 44.4613 170 -89.788 50 170 -95.9999 50
3 16 142.7013 -68.4217 50 136.3822 -71.9421 60.5758 130 -58.3611 50
3 16 130 -58.3611 50 136.3822 -71.9421 60.5758 118.1058 -59.3822 64.5189
3 16 142.7013 -68.4217 50 130 -58.3611 50 130 -95.9999 50
3 16 130 -54.4712 30 130 -95.9999 30 130 -55.4229 39.8168
3 16 130 -55.4229 39.8168 130 -95.9999 30 130 -95.9999 50
3 16 130 -54.4712 30 130 -55.4229 39.8168 123.3092 -49.7037 30
3 16 123.3092 -49.7037 30 130 -55.4229 39.8168 121.9 -51.0048 45.9549
3 16 132.3376 -95.9999 30 132.3376 -95.9999 47.6625 130 -95.9999 30
3 16 130 -95.9999 30 132.3376 -95.9999 47.6625 130 -95.9999 50
3 16 167.6624 -95.9999 30 170 -95.9999 30 167.6624 -95.9999 47.6625
3 16 167.6624 -95.9999 47.6625 170 -95.9999 30 170 -95.9999 50
3 16 170 -95.9999 30 170 -82.9688 30 170 -83.6944 36.5537
3 16 170 -83.6944 36.5537 170 -86.4128 44.4613 170 -95.9999 30
3 16 170 -95.9999 30 170 -86.4128 44.4613 170 -95.9999 50
3 16 130 -95.9999 50 130 -58.3611 50 130 -55.4229 39.8168
3 16 151.0901 -75.0401 50 160.7032 -82.5635 50 150.898 -80.7076 56.8683
3 16 150.898 -80.7076 56.8683 160.7032 -82.5635 50 161.0477 -86.0903 53.9005
3 16 160.7032 -82.5635 50 151.0901 -75.0401 50 150 -95.9999 50
3 16 150 -95.9999 50 151.0901 -75.0401 50 130 -95.9999 50
3 16 151.0901 -75.0401 50 142.7013 -68.4217 50 130 -95.9999 50
3 16 151.0901 -75.0401 50 150.898 -80.7076 56.8683 142.7013 -68.4217 50
3 16 142.7013 -68.4217 50 150.898 -80.7076 56.8683 136.3822 -71.9421 60.5758
3 16 160.7032 -82.5635 50 150 -95.9999 50 170 -95.9999 50
3 16 170 -95.9999 50 170 -89.788 50 160.7032 -82.5635 50
3 16 150 -95.9999 47.6625 150 -95.9999 50 132.3376 -95.9999 47.6625
3 16 132.3376 -95.9999 47.6625 150 -95.9999 50 130 -95.9999 50
3 16 132.3376 -95.9999 30 132.3376 -59.1805 47.6625 132.3376 -95.9999 47.6625
3 16 167.6624 -95.9999 47.6625 167.6624 -82.6698 39.3507 167.6624 -95.9999 30
3 16 167.6624 -95.9999 30 167.6624 -82.6698 39.3507 167.6624 -81.7391 35.1949
3 16 167.6624 -81.7391 35.1949 167.6624 -81.313 30 167.6624 -95.9999 30
3 16 167.6624 -86.3767 47.6625 164.4194 -82.1864 44.4194 167.6624 -85.126 45.2752
3 16 167.6624 -85.126 45.2752 164.4194 -82.1864 44.4194 165.7742 -82.3189 42.3918
3 16 167.6624 -86.3767 47.6625 167.6624 -85.126 45.2752 167.6624 -95.9999 47.6625
3 16 167.6624 -85.126 45.2752 165.7742 -82.3189 42.3918 167.6624 -82.6698 39.3507
3 16 167.6624 -82.6698 39.3507 165.7742 -82.3189 42.3918 166.25 -81.8269 40
3 16 167.6624 -85.126 45.2752 167.6624 -82.6698 39.3507 167.6624 -95.9999 47.6625
3 16 166.25 -81.8269 40 165.7742 -80.8451 37.6082 167.6624 -82.6698 39.3507
3 16 167.6624 -82.6698 39.3507 165.7742 -80.8451 37.6082 167.6624 -81.7391 35.1949
3 16 135.5806 -58.8588 24.4194 135.5806 -58.8588 35.5806 132.3376 -56.2912 30
3 16 132.3376 -56.2912 30 132.3376 -56.7361 37.2728 132.3376 -95.9999 30
3 16 134.2258 -58.1376 37.6082 132.3376 -56.7361 37.2728 135.5806 -58.8588 35.5806
3 16 135.5806 -58.8588 35.5806 132.3376 -56.7361 37.2728 132.3376 -56.2912 30
3 16 134.2258 -58.1376 37.6082 133.75 -58.1855 40 132.3376 -56.7361 37.2728
3 16 132.3376 -56.7361 37.2728 133.75 -58.1855 40 132.3376 -57.2044 40.3897
3 16 132.3376 -56.7361 37.2728 132.3376 -57.2044 40.3897 132.3376 -95.9999 30
3 16 133.75 -58.1855 40 134.2258 -58.9895 42.3918 132.3376 -57.2044 40.3897
3 16 132.3376 -57.2044 40.3897 134.2258 -58.9895 42.3918 132.3376 -57.8962 43.5066
3 16 132.3376 -57.2044 40.3897 132.3376 -57.8962 43.5066 132.3376 -95.9999 30
3 16 134.2258 -58.9895 42.3918 135.5806 -60.5851 44.4194 132.3376 -57.8962 43.5066
3 16 132.3376 -57.8962 43.5066 135.5806 -60.5851 44.4194 132.3376 -59.1805 47.6625
3 16 132.3376 -57.8962 43.5066 132.3376 -59.1805 47.6625 132.3376 -95.9999 30
3 16 157.6082 -77.7209 45.7743 160 -79.7606 46.25 156.6328 -77.9423 47.6625
3 16 156.6328 -77.9423 47.6625 160 -79.7606 46.25 160.5853 -80.9282 47.6625
3 16 167.6624 -95.9999 47.6625 150 -95.9999 47.6625 160.5853 -80.9282 47.6625
3 16 160.5853 -80.9282 47.6625 150 -95.9999 47.6625 156.6328 -77.9423 47.6625
3 16 167.6624 -95.9999 47.6625 160.5853 -80.9282 47.6625 164.6294 -84.0416 47.6625
3 16 160 -79.7606 46.25 162.3918 -81.3125 45.7743 160.5853 -80.9282 47.6625
3 16 160.5853 -80.9282 47.6625 162.3918 -81.3125 45.7743 164.6294 -84.0416 47.6625
3 16 167.6624 -95.9999 47.6625 164.6294 -84.0416 47.6625 167.6624 -86.3767 47.6625
3 16 162.3918 -81.3125 45.7743 164.4194 -82.1864 44.4194 164.6294 -84.0416 47.6625
3 16 164.6294 -84.0416 47.6625 164.4194 -82.1864 44.4194 167.6624 -86.3767 47.6625
3 16 132.3376 -95.9999 47.6625 140.2826 -65.2973 47.6625 142.7595 -67.2043 47.6625
3 16 140 -64.588 46.25 142.3918 -66.2023 45.7743 140.2826 -65.2973 47.6625
3 16 140.2826 -65.2973 47.6625 142.3918 -66.2023 45.7743 142.7595 -67.2043 47.6625
3 16 132.3376 -59.1805 47.6625 135.5806 -60.5851 44.4194 137.6082 -62.5289 45.7743
3 16 132.3376 -95.9999 47.6625 132.3376 -59.1805 47.6625 140.2826 -65.2973 47.6625
3 16 132.3376 -59.1805 47.6625 137.6082 -62.5289 45.7743 140.2826 -65.2973 47.6625
3 16 140.2826 -65.2973 47.6625 137.6082 -62.5289 45.7743 140 -64.588 46.25
3 16 132.3376 -95.9999 47.6625 142.7595 -67.2043 47.6625 150 -95.9999 47.6625
3 16 150 -95.9999 47.6625 142.7595 -67.2043 47.6625 156.6328 -77.9423 47.6625
3 16 156.6328 -77.9423 47.6625 142.7595 -67.2043 47.6625 157.6082 -77.7209 45.7743
3 16 157.6082 -77.7209 45.7743 142.7595 -67.2043 47.6625 142.3918 -66.2023 45.7743
3 16 170 -95.9999 50 150 -95.9999 50 167.6624 -95.9999 47.6625
3 16 167.6624 -95.9999 47.6625 150 -95.9999 50 150 -95.9999 47.6625
3 16 14.2258 -17.3671 82.399 5.7248 -17.3596 82.3785 12.225 -14.8905 80
3 16 12.225 -14.8905 80 5.7248 -17.3596 82.3785 6.25 -14.8905 80.0024
3 16 22.3918 -20.8958 85.7814 24.4194 -19.4911 84.4266 30 -22.6954 87.5
3 16 30 -22.6954 87.5 24.4194 -19.4911 84.4266 30 -18.8663 83.75
3 16 13.75 -14.8928 80.0072 14.2258 -17.3671 82.399 12.225 -14.8905 80
3 16 12.225 -14.8905 80 6.25 -14.8905 80.0024 12.225 -24 80
3 16 12.225 -24 80 6.25 -14.8905 80.0024 6.25 -24 80.0036
3 16 -7.5 -14.1184 79.2581 -7.5 -14.8825 79.9955 -7.5 -16.9746 78.9164
3 16 -7.5 -16.9746 78.9164 -7.5 -14.8825 79.9955 -7.5 -24 78.75
3 16 -7.5 -16.9746 78.9164 -7.5 -24 78.75 -7.5 -18.8328 78.1761
3 16 -6.1415 -14.1184 79.2581 -6.25 -14.8825 80.0072 -7.5 -14.1184 79.2581
3 16 -7.5 -14.1184 79.2581 -6.25 -14.8825 80.0072 -7.5 -14.8825 79.9955
3 16 7.5 -24 52.5 7.5 -13.5 52.5 0 -13.5 52.5
3 16 19.4687 -22.6953 87.5 30 -22.6954 87.5 19.4687 -24 87.5
3 16 19.4687 -24 87.5 30 -22.6954 87.5 30 -24 87.5
3 16 -7.5 -24 87.5 -7.5 -24 78.75 -7.5 -22.6953 87.5
3 16 -7.5 -17.6243 82.6315 -7.5 -22.6953 87.5 -7.5 -24 78.75
3 16 -7.5 -22.6953 87.5 -7.5 -17.6243 82.6315 -4.4194 -19.4848 84.4266
3 16 -4.4194 -19.4848 84.4266 -7.5 -17.6243 82.6315 -5.7248 -17.3551 82.399
3 16 21.6036 -7.435 72.5 30 -8.8686 72.5 22.3918 -9.1517 74.233
3 16 30 -8.8686 72.5 24.4194 -10.6033 75.5878 22.3918 -9.1517 74.233
3 16 12.1906 -24 87.5 1.3728 -24 87.5 12.1906 -22.6953 87.5
3 16 12.1906 -22.6953 87.5 1.3728 -24 87.5 1.3102 -22.6953 87.5
3 16 12.225 -7.0856 72.5 12.225 -11.9637 77.1875 12.225 -24 72.5
3 16 12.225 -24 72.5 12.225 -11.9637 77.1875 12.225 -24 80
3 16 14.2258 -12.4066 77.6154 12.225 -11.9637 77.1875 15.5806 -10.3139 75.5878
3 16 15.5806 -10.3139 75.5878 12.225 -11.9637 77.1875 12.225 -7.0856 72.5
3 16 5.4 -24 67.934 5.4 -23.5337 68.0151 5.4 -24 66.1196
3 16 5.4 -24 66.1196 5.4 -23.5337 68.0151 5.4 -22.8951 66.1196
3 16 5.4 -24 66.1196 5.4 -22.8951 66.1196 5.4 -21.8639 64.4057
3 16 5.4 -24 71.9921 5.4 -24 73.8876 5.4 -23.5337 71.9921
3 16 5.4 -23.5337 71.9921 5.4 -24 73.8876 5.4 -22.8951 73.8876
3 16 15.5806 -19.4967 84.4266 4.4194 -19.4865 84.4266 14.2258 -17.3671 82.399
3 16 14.2258 -17.3671 82.399 4.4194 -19.4865 84.4266 5.7248 -17.3596 82.3785
3 16 2.3918 -22.6575 74.233 5.4 -22.8951 73.8876 4.4247 -21.868 75.5946
3 16 4.4247 -21.868 75.5946 5.4 -22.8951 73.8876 5.4 -21.8639 75.6015
3 16 0 -22.939 73.7572 5.4 -23.5337 71.9921 2.3918 -22.6575 74.233
3 16 2.3918 -22.6575 74.233 5.4 -23.5337 71.9921 5.4 -22.8951 73.8876
3 16 5.4 -23.5337 71.9921 5.4 -23.75 70.0036 5.4 -24 71.9921
3 16 5.4 -24 71.9921 5.4 -23.75 70.0036 5.4 -24 70.0036
3 16 5.4 -23.75 70.0036 5.4 -23.5337 71.9921 -7.5 -23.75 70.0036
3 16 -7.5 -23.75 70.0036 5.4 -23.5337 71.9921 -7.5 -23.5337 71.9921
3 16 -7.5 -23.75 70.0036 -7.5 -23.5337 71.9921 -7.5 -24 70
3 16 -7.5 -24 70 -7.5 -23.5337 71.9921 -7.5 -24 72.102
3 16 -7.5 -20.4883 77.0536 -7.5 -21.8639 75.6015 -5.4127 -20.6507 76.8822
3 16 -5.4127 -20.6507 76.8822 -7.5 -21.8639 75.6015 -4.4247 -21.868 75.5946
3 16 -7.5 -21.8639 75.6015 -7.5 -20.4883 77.0536 -7.5 -24 78.75
3 16 -7.5 -20.4883 77.0536 -7.5 -18.8328 78.1761 -7.5 -24 78.75
3 16 -7.5 -18.8328 78.1761 -7.5 -20.4883 77.0536 -5.9486 -18.8328 78.1761
3 16 -5.9486 -18.8328 78.1761 -7.5 -20.4883 77.0536 -5.4127 -20.6507 76.8822
3 16 5.4 -23.75 70.0036 -7.5 -23.75 70.0036 5.4 -23.5337 68.0151
3 16 5.4 -23.5337 68.0151 -7.5 -23.75 70.0036 -7.5 -23.5337 68.0151
3 16 -7.5 -23.5337 68.0151 -7.5 -23.75 70.0036 -7.5 -24 68.1462
3 16 -7.5 -24 68.1462 -7.5 -23.75 70.0036 -7.5 -24 70
3 16 -7.5 -16.9746 78.9164 -7.5 -18.8328 78.1761 -6.1064 -16.9746 78.9164
3 16 -6.1064 -16.9746 78.9164 -7.5 -18.8328 78.1761 -5.9486 -18.8328 78.1761
3 16 -7.5 -22.8951 73.8876 -7.5 -21.8639 75.6015 -7.5 -24 78.75
3 16 -7.5 -14.1184 79.2581 -7.5 -16.9746 78.9164 -6.1415 -14.1184 79.2581
3 16 -6.1415 -14.1184 79.2581 -7.5 -16.9746 78.9164 -6.1064 -16.9746 78.9164
3 16 5.4 -23.75 70.0036 5.4 -23.5337 68.0151 5.4 -24 70.0036
3 16 5.4 -24 70.0036 5.4 -23.5337 68.0151 5.4 -24 67.934
3 16 -7.5 -22.8951 66.1196 -7.5 -23.5337 68.0151 -7.5 -24 66.1196
3 16 -7.5 -24 66.1196 -7.5 -23.5337 68.0151 -7.5 -24 68.1462
3 16 -7.5 -21.8639 64.4057 -7.5 -22.8951 66.1196 -7.5 -24 64.4057
3 16 -7.5 -24 64.4057 -7.5 -22.8951 66.1196 -7.5 -24 66.1196
3 16 -7.5 -13.5 52.5 -7.5 -24 52.5 0 -13.5 52.5
3 16 0 -13.5 52.5 -7.5 -24 52.5 7.5 -24 52.5
3 16 30 -11.9645 76.25 30 -24 72.75 30 -14.4558 79.0625
3 16 30 -14.4558 79.0625 30 -24 72.75 30 -17.0501 81.875
3 16 30 -24 87.5 30 -22.6954 87.5 30 -24.7301 72.8217
3 16 30 -24.7301 72.8217 30 -22.6954 87.5 30 -18.8663 83.75
3 16 30 -24 72.75 30 -24.7301 72.8217 30 -17.0501 81.875
3 16 30 -17.0501 81.875 30 -24.7301 72.8217 30 -18.8663 83.75
3 16 30 -17.0501 81.875 30 -18.8663 83.75 25.7743 -17.3722 82.399
3 16 25.7743 -17.3722 82.399 30 -18.8663 83.75 24.4194 -19.4911 84.4266
3 16 26.25 -14.9711 80.0072 25.7743 -12.6253 77.6154 30 -14.4558 79.0625
3 16 30 -14.4558 79.0625 25.7743 -12.6253 77.6154 30 -11.9645 76.25
3 16 -7.5 -17.6243 82.6315 -7.5 -14.8825 79.9955 -5.7248 -17.3551 82.399
3 16 -5.7248 -17.3551 82.399 -7.5 -14.8825 79.9955 -6.25 -14.8825 80.0072
3 16 -7.5 -14.8825 79.9955 -7.5 -17.6243 82.6315 -7.5 -24 78.75
3 16 30 -14.4558 79.0625 30 -17.0501 81.875 26.25 -14.9711 80.0072
3 16 26.25 -14.9711 80.0072 30 -17.0501 81.875 25.7743 -17.3722 82.399
3 16 12.225 -11.9637 77.1875 14.2258 -12.4066 77.6154 12.225 -14.8905 80
3 16 12.225 -14.8905 80 14.2258 -12.4066 77.6154 13.75 -14.8928 80.0072
3 16 21.6036 -7.435 72.5 22.3918 -9.1517 74.233 20 -8.5272 73.7572
3 16 12.225 -7.0856 72.5 12.225 -24 72.5 21.6036 -7.435 72.5
3 16 21.6036 -7.435 72.5 12.225 -24 72.5 21.6036 -24 72.5
3 16 21.6036 -7.435 72.5 20 -8.5272 73.7572 12.225 -7.0856 72.5
3 16 12.225 -7.0856 72.5 20 -8.5272 73.7572 17.6082 -8.912 74.233
3 16 12.225 -7.0856 72.5 17.6082 -8.912 74.233 15.5806 -10.3139 75.5878
3 16 30 -8.8686 72.5 30 -11.9645 76.25 24.4194 -10.6033 75.5878
3 16 24.4194 -10.6033 75.5878 30 -11.9645 76.25 25.7743 -12.6253 77.6154
3 16 19.4687 -22.6953 87.5 17.6082 -20.9229 85.7814 20 -21.4052 86.2572
3 16 19.4687 -22.6953 87.5 12.1906 -22.6953 87.5 17.6082 -20.9229 85.7814
3 16 17.6082 -20.9229 85.7814 12.1906 -22.6953 87.5 15.5806 -19.4967 84.4266
3 16 12.1906 -22.6953 87.5 19.4687 -22.6953 87.5 12.1906 -24 87.5
3 16 12.1906 -24 87.5 19.4687 -22.6953 87.5 19.4687 -24 87.5
3 16 -7.5 -22.6953 87.5 -2.3918 -21.169 85.7814 1.3102 -22.6953 87.5
3 16 1.3102 -22.6953 87.5 -2.3918 -21.169 85.7814 0 -21.3889 86.2572
3 16 -7.5 -22.6953 87.5 1.3102 -22.6953 87.5 -7.5 -24 87.5
3 16 -7.5 -24 87.5 1.3102 -22.6953 87.5 1.3728 -24 87.5
3 16 1.3102 -22.6953 87.5 0 -21.3889 86.2572 2.3918 -20.8459 85.7814
3 16 -2.3918 -21.169 85.7814 -7.5 -22.6953 87.5 -4.4194 -19.4848 84.4266
3 16 8 -14.5 62.25 8 -12.4936 62.5119 8 -14.5 63.75
3 16 8 -11.375 64.5873 8 -9.0873 66.875 -8 -11.375 64.5873
3 16 -8 -11.375 64.5873 8 -9.0873 66.875 -8 -9.0873 66.875
3 16 8 -9.0873 66.875 8 -11.375 64.5873 8 -9.0199 64.5199
3 16 8 -9.0199 64.5199 8 -11.375 64.5873 8 -10.625 63.2883
3 16 8 -14.5 63.75 8 -17.625 64.5873 8 -14.5 62.25
3 16 8 -14.5 62.25 8 -17.625 64.5873 8 -24 62.083
3 16 8 -17.625 64.5873 8 -14.5 63.75 -8 -17.625 64.5873
3 16 -8 -17.625 64.5873 8 -14.5 63.75 -8 -14.5 63.75
3 16 8 -19.9127 73.125 8 -20.75 70.0036 -8 -19.9127 73.125
3 16 -8 -19.9127 73.125 8 -20.75 70.0036 -8 -20.75 70.0036
3 16 -8 -10.625 76.7117 -8 -14.5 77.75 -10 -10.625 76.7117
3 16 -10 -10.625 76.7117 -8 -14.5 77.75 -10 -14.5 77.75
3 16 -8 -14.5 77.75 -8 -10.625 76.7117 -8 -14.5 76.25
3 16 -8 -14.5 76.25 -8 -10.625 76.7117 -8 -11.375 75.4127
3 16 -8 -21.2117 73.875 -8 -22.25 70.0036 -10 -21.2117 73.875
3 16 -10 -21.2117 73.875 -8 -22.25 70.0036 -10 -22.25 70.0036
3 16 -8 -21.2117 66.125 -8 -19.9127 66.875 -8 -18.375 63.2883
3 16 -8 -18.375 63.2883 -8 -19.9127 66.875 -8 -17.625 64.5873
3 16 8 -7.7883 66.125 8 -9.0199 64.5199 10 -8 65.8676
3 16 10 -8 65.8676 8 -9.0199 64.5199 10 -9.0199 64.5199
3 16 8 -9.0873 73.125 8 -11.375 75.4127 -8 -9.0873 73.125
3 16 -8 -9.0873 73.125 8 -11.375 75.4127 -8 -11.375 75.4127
3 16 8 -11.375 75.4127 8 -9.0873 73.125 8 -9.0199 75.4801
3 16 8 -9.0199 75.4801 8 -9.0873 73.125 8 -7.7883 73.875
3 16 8 -9.0873 73.125 8 -8.25 70.0036 8 -7.0145 72.0076
3 16 8 -7.0145 72.0076 8 -8.25 70.0036 8 -6.75 70.0036
3 16 8 -8.25 70.0036 8 -9.0873 73.125 -8 -8.25 70.0036
3 16 -8 -8.25 70.0036 8 -9.0873 73.125 -8 -9.0873 73.125
3 16 8 -11.375 75.4127 8 -14.5 76.25 -8 -11.375 75.4127
3 16 -8 -11.375 75.4127 8 -14.5 76.25 -8 -14.5 76.25
3 16 8 -14.5 76.25 8 -11.375 75.4127 8 -12.4942 77.4859
3 16 8 -12.4942 77.4859 8 -11.375 75.4127 8 -10.625 76.7117
3 16 8 -7.0145 72.0076 8 -7.7883 73.875 8 -9.0873 73.125
3 16 8 -9.0199 75.4801 8 -10.625 76.7117 8 -11.375 75.4127
3 16 8 -8.25 70.0036 8 -9.0873 66.875 8 -7.0136 67.9959
3 16 8 -7.0136 67.9959 8 -9.0873 66.875 8 -7.7883 66.125
3 16 8 -9.0873 66.875 8 -8.25 70.0036 -8 -9.0873 66.875
3 16 -8 -9.0873 66.875 8 -8.25 70.0036 -8 -8.25 70.0036
3 16 8 -9.0199 64.5199 8 -7.7883 66.125 8 -9.0873 66.875
3 16 8 -7.0136 67.9959 8 -6.75 70.0036 8 -8.25 70.0036
3 16 8 -14.5 63.75 8 -12.4936 62.5119 8 -11.375 64.5873
3 16 8 -11.375 64.5873 8 -12.4936 62.5119 8 -10.625 63.2883
3 16 8 -14.5 63.75 8 -11.375 64.5873 -8 -14.5 63.75
3 16 -8 -14.5 63.75 8 -11.375 64.5873 -8 -11.375 64.5873
3 16 8 -17.625 75.4127 8 -19.9127 73.125 -8 -17.625 75.4127
3 16 -8 -17.625 75.4127 8 -19.9127 73.125 -8 -19.9127 73.125
3 16 8 -14.5 76.25 8 -17.625 75.4127 -8 -14.5 76.25
3 16 -8 -14.5 76.25 8 -17.625 75.4127 -8 -17.625 75.4127
3 16 8 -24 77.917 8 -17.625 75.4127 8 -14.5 77.75
3 16 8 -14.5 77.75 8 -17.625 75.4127 8 -14.5 76.25
3 16 8 -19.9127 66.875 8 -17.625 64.5873 -8 -19.9127 66.875
3 16 -8 -19.9127 66.875 8 -17.625 64.5873 -8 -17.625 64.5873
3 16 8 -20.75 70.0036 8 -19.9127 66.875 -8 -20.75 70.0036
3 16 -8 -20.75 70.0036 8 -19.9127 66.875 -8 -19.9127 66.875
3 16 -8 -7.7883 73.875 -8 -6.75 70.0036 -8 -9.0873 73.125
3 16 -8 -9.0873 73.125 -8 -6.75 70.0036 -8 -8.25 70.0036
3 16 -8 -6.75 70.0036 -8 -7.7883 73.875 -10 -6.75 70.0036
3 16 -10 -6.75 70.0036 -8 -7.7883 73.875 -10 -7.7883 73.875
3 16 -8 -8.25 70.0036 -8 -6.75 70.0036 -8 -9.0873 66.875
3 16 -8 -9.0873 66.875 -8 -6.75 70.0036 -8 -7.7883 66.125
3 16 -8 -7.7883 66.125 -8 -6.75 70.0036 -10 -7.7883 66.125
3 16 -10 -7.7883 66.125 -8 -6.75 70.0036 -10 -6.75 70.0036
3 16 -8 -7.7883 73.875 -8 -10.625 76.7117 -10 -7.7883 73.875
3 16 -10 -7.7883 73.875 -8 -10.625 76.7117 -10 -10.625 76.7117
3 16 -8 -10.625 76.7117 -8 -7.7883 73.875 -8 -11.375 75.4127
3 16 -8 -11.375 75.4127 -8 -7.7883 73.875 -8 -9.0873 73.125
3 16 -8 -14.5 77.75 -8 -14.5 76.25 -8 -18.375 76.7117
3 16 -8 -18.375 76.7117 -8 -14.5 76.25 -8 -17.625 75.4127
3 16 -10 -18.375 63.2883 -10 -14.5 62.25 -10 -24 50
3 16 -10 -24 50 -10 -14.5 62.25 -10 -8 50
3 16 -10 -14.5 62.25 -10 -10.625 63.2883 -10 -8 50
3 16 -10 -10.625 63.2883 -10 -7.7883 66.125 -10 -8 50
3 16 -8 -18.375 63.2883 -8 -14.5 62.25 -10 -18.375 63.2883
3 16 -10 -18.375 63.2883 -8 -14.5 62.25 -10 -14.5 62.25
3 16 -8 -14.5 62.25 -8 -10.625 63.2883 -10 -14.5 62.25
3 16 -10 -14.5 62.25 -8 -10.625 63.2883 -10 -10.625 63.2883
3 16 -8 -10.625 63.2883 -8 -14.5 62.25 -8 -11.375 64.5873
3 16 -8 -11.375 64.5873 -8 -14.5 62.25 -8 -14.5 63.75
3 16 -8 -10.625 63.2883 -8 -7.7883 66.125 -10 -10.625 63.2883
3 16 -10 -10.625 63.2883 -8 -7.7883 66.125 -10 -7.7883 66.125
3 16 -8 -7.7883 66.125 -8 -10.625 63.2883 -8 -9.0873 66.875
3 16 -8 -9.0873 66.875 -8 -10.625 63.2883 -8 -11.375 64.5873
3 16 -10 -24 90 -10 -18.375 76.7117 -10 -24 78.75
3 16 -10 -24 78.75 -10 -18.375 76.7117 -10 -21.2117 73.875
3 16 -10 -22.25 70.0036 -10 -24 70 -10 -21.2117 73.875
3 16 -10 -21.2117 73.875 -10 -24 70 -10 -24 78.75
3 16 -8 -19.9127 73.125 -8 -20.75 70.0036 -8 -21.2117 73.875
3 16 -8 -21.2117 73.875 -8 -20.75 70.0036 -8 -22.25 70.0036
3 16 -8 -18.375 76.7117 -8 -21.2117 73.875 -10 -18.375 76.7117
3 16 -10 -18.375 76.7117 -8 -21.2117 73.875 -10 -21.2117 73.875
3 16 -8 -17.625 75.4127 -8 -19.9127 73.125 -8 -18.375 76.7117
3 16 -8 -18.375 76.7117 -8 -19.9127 73.125 -8 -21.2117 73.875
3 16 -8 -14.5 77.75 -8 -18.375 76.7117 -10 -14.5 77.75
3 16 -10 -14.5 77.75 -8 -18.375 76.7117 -10 -18.375 76.7117
3 16 -10 -21.2117 66.125 -10 -18.375 63.2883 -10 -24 60.3125
3 16 -10 -24 60.3125 -10 -18.375 63.2883 -10 -24 50
3 16 -10 -22.25 70.0036 -10 -21.2117 66.125 -10 -24 70
3 16 -10 -24 70 -10 -21.2117 66.125 -10 -24 60.3125
3 16 -8 -21.2117 66.125 -8 -18.375 63.2883 -10 -21.2117 66.125
3 16 -10 -21.2117 66.125 -8 -18.375 63.2883 -10 -18.375 63.2883
3 16 -8 -17.625 64.5873 -8 -14.5 63.75 -8 -18.375 63.2883
3 16 -8 -18.375 63.2883 -8 -14.5 63.75 -8 -14.5 62.25
3 16 -8 -20.75 70.0036 -8 -19.9127 66.875 -8 -22.25 70.0036
3 16 -8 -22.25 70.0036 -8 -19.9127 66.875 -8 -21.2117 66.125
3 16 -8 -22.25 70.0036 -8 -21.2117 66.125 -10 -22.25 70.0036
3 16 -10 -22.25 70.0036 -8 -21.2117 66.125 -10 -21.2117 66.125
3 16 8 -12.4942 77.4859 8 -14.5 77.75 8 -14.5 76.25
3 16 33.4064 -12.544 73.3321 33.375 -24 70 33.3876 -9.9201 70.036
3 16 -10 -8 50 -10 -8 30 10 -8 50
3 16 10 -8 50 -10 -8 30 10 -8 30
3 16 8 -24 62.083 5.4039 -24 63.1378 5.7742 -24 62.3918
3 16 5.4012 -24 76.206 8 -24 77.917 5.4013 -24 76.8629
3 16 8 -24 77.917 6.037 -24 78.3896 5.4013 -24 76.8629
3 16 8 -24 70.0036 5.4 -24 70.0036 5.4 -24 67.934
3 16 5.4 -24 73.8876 8 -24 73.875 5.4012 -24 76.206
3 16 5.4012 -24 76.206 8 -24 73.875 8 -24 77.917
3 16 8 -24 62.083 5.7742 -24 62.3918 6.25 -24 60
3 16 8 -24 70.0036 5.4 -24 67.934 8 -24 66.125
3 16 8 -24 66.125 5.4 -24 67.934 5.4 -24 66.1196
3 16 8 -24 62.083 8 -24 66.125 5.4 -24 66.1196
3 16 6.25 -24 80.0036 6.037 -24 78.3896 8 -24 77.917
3 16 10 -24 50 10 -24 62.083 7.5 -24 52.5
3 16 7.5 -24 52.5 10 -24 62.083 7.5 -24 60
3 16 33.375 -89.8897 86.8379 33.375 -96 86.9374 33.375 -96 82.7131
3 16 33.3806 -36.748 86.5043 33.375 -57.3579 86.5991 33.375 -58.6503 76.2391
3 16 33.3806 -36.748 86.5043 43.3106 -36.8809 85.9489 33.375 -57.3579 86.5991
3 16 33.375 -57.3579 86.5991 43.3106 -36.8809 85.9489 46.4907 -56.6662 86.1622
3 16 33.375 -57.3579 86.5991 33.375 -77.4437 86.7337 33.375 -58.6503 76.2391
3 16 33.375 -58.6503 76.2391 33.375 -77.4437 86.7337 33.375 -93.3006 79.7282
3 16 33.375 -77.4437 86.7337 33.375 -57.3579 86.5991 45.1381 -76.4843 86.3821
3 16 45.1381 -76.4843 86.3821 33.375 -57.3579 86.5991 46.4907 -56.6662 86.1622
3 16 33.4005 -18.7979 80.7324 33.4064 -12.544 73.3321 39.97 -18.8492 79.5025
3 16 39.97 -18.8492 79.5025 33.4064 -12.544 73.3321 37.5327 -12.0395 71.2498
3 16 33.4005 -18.7979 80.7324 33.375 -24 72.75 33.4064 -12.544 73.3321
3 16 33.4064 -12.544 73.3321 33.375 -24 72.75 33.375 -24 70
3 16 33.4064 -12.544 73.3321 33.3876 -9.9201 70.036 37.5327 -12.0395 71.2498
3 16 37.5327 -12.0395 71.2498 33.3876 -9.9201 70.036 35.2559 -8 66.2209
3 16 33.375 -95.2372 80.6897 33.375 -94.3494 80.041 33.375 -89.8897 86.8379
3 16 33.375 -96 81.6352 33.375 -95.2372 80.6897 33.375 -89.8897 86.8379
3 16 33.375 -96 82.7131 33.375 -96 81.6352 33.375 -89.8897 86.8379
3 16 8 -24 70.0036 8 -24 66.125 8 -20.75 70.0036
3 16 8 -20.75 70.0036 8 -24 66.125 8 -19.9127 66.875
3 16 8 -19.9127 73.125 8 -24 73.875 8 -20.75 70.0036
3 16 8 -20.75 70.0036 8 -24 73.875 8 -24 70.0036
3 16 8 -24 66.125 8 -24 62.083 8 -19.9127 66.875
3 16 8 -19.9127 66.875 8 -24 62.083 8 -17.625 64.5873
3 16 8 -24 73.875 8 -19.9127 73.125 8 -24 77.917
3 16 8 -24 77.917 8 -19.9127 73.125 8 -17.625 75.4127
3 16 32.3215 -9.6041 70 33.3876 -9.9201 70.036 33.375 -24 70
3 16 32.3215 -9.6041 70 31.4103 -8 68.1343 33.3876 -9.9201 70.036
3 16 33.3876 -9.9201 70.036 31.4103 -8 68.1343 35.2559 -8 66.2209
3 16 31.4103 -8 68.1343 32.3215 -9.6041 70 30.082 -8 70
3 16 30.082 -8 70 32.3215 -9.6041 70 10 -24 70
3 16 32.3215 -9.6041 70 33.375 -24 70 10 -24 70
3 16 115.0391 -38.7344 30 90.0538 -20.7388 30 114.0377 -38.4371 38.2588
3 16 114.0377 -38.4371 38.2588 90.0538 -20.7388 30 89.2289 -20.6795 38.0856
3 16 90.0538 -20.7388 30 60.1703 -5.25 30 89.2289 -20.6795 38.0856
3 16 89.2289 -20.6795 38.0856 60.1703 -5.25 30 59.5754 -5.25 36.2724
3 16 -10 -20.7 90 -10 -10.35 80 -10 -14.5 77.75
3 16 -10 -14.5 77.75 -10 -10.35 80 -10 -10.625 76.7117
3 16 -10 -8 50 -10 0 50 -10 -8 30
3 16 -10 -8 30 -10 0 50 -10 0 30
3 16 -7.5 -24 72.102 -10 -24 70 -7.5 -24 70
3 16 -7.5 -24 78.75 -7.5 -24 87.5 -10 -24 78.75
3 16 -10 -24 78.75 -7.5 -24 87.5 -10 -24 90
3 16 -10 -24 70 -7.5 -24 66.1196 -7.5 -24 68.1462
3 16 -10 -24 70 -7.5 -24 68.1462 -7.5 -24 70
3 16 10 -24 50 -10 -24 50 10 -8 50
3 16 10 -8 50 -10 -24 50 -10 -8 50
3 16 60.0886 -20.7142 81.8362 43.8965 -5.25 64.7239 40.1452 -5.25 67.479
3 16 70.019 -20.6978 74.5842 47.9274 -5.25 60.8732 60.0886 -20.7142 81.8362
3 16 60.0886 -20.7142 81.8362 47.9274 -5.25 60.8732 43.8965 -5.25 64.7239
3 16 89.669 -37.9306 74.9698 70.019 -20.6978 74.5842 76.3062 -38.3966 81.9933
3 16 76.3062 -38.3966 81.9933 70.019 -20.6978 74.5842 60.0886 -20.7142 81.8362
3 16 78.5595 -20.7032 65.0991 52.5622 -5.25 55.0581 70.019 -20.6978 74.5842
3 16 70.019 -20.6978 74.5842 52.5622 -5.25 55.0581 47.9274 -5.25 60.8732
3 16 100.6797 -37.6083 65.5346 78.5595 -20.7032 65.0991 89.669 -37.9306 74.9698
3 16 89.669 -37.9306 74.9698 78.5595 -20.7032 65.0991 70.019 -20.6978 74.5842
3 16 114.0377 -38.4371 38.2588 89.2289 -20.6795 38.0856 112.271 -38.1031 46.0071
3 16 112.271 -38.1031 46.0071 89.2289 -20.6795 38.0856 87.8587 -20.7086 45.7162
3 16 89.2289 -20.6795 38.0856 59.5754 -5.25 36.2724 87.8587 -20.7086 45.7162
3 16 87.8587 -20.7086 45.7162 59.5754 -5.25 36.2724 58.5145 -5.25 42.0701
3 16 112.271 -38.1031 46.0071 87.8587 -20.7086 45.7162 107.9742 -37.74 55.6309
3 16 107.9742 -37.74 55.6309 87.8587 -20.7086 45.7162 84.4325 -20.7439 55.2467
3 16 87.8587 -20.7086 45.7162 58.5145 -5.25 42.0701 84.4325 -20.7439 55.2467
3 16 84.4325 -20.7439 55.2467 58.5145 -5.25 42.0701 55.9793 -5.25 48.884
3 16 84.4325 -20.7439 55.2467 55.9793 -5.25 48.884 78.5595 -20.7032 65.0991
3 16 78.5595 -20.7032 65.0991 55.9793 -5.25 48.884 52.5622 -5.25 55.0581
3 16 107.9742 -37.74 55.6309 84.4325 -20.7439 55.2467 100.6797 -37.6083 65.5346
3 16 100.6797 -37.6083 65.5346 84.4325 -20.7439 55.2467 78.5595 -20.7032 65.0991
3 16 16.8132 0 69.4262 34.8156 -20.7478 89.8067 21.5 0 68.3009
3 16 21.5 0 68.3009 34.8156 -20.7478 89.8067 41.3692 -20.695 88.8593
3 16 21.5 0 68.3009 41.3692 -20.695 88.8593 29.485 -2.0501 68.1084
3 16 61.8039 -38.6095 86.5145 50.4852 -20.6876 86.3223 49.3468 -38.7507 88.8209
3 16 49.3468 -38.7507 88.8209 50.4852 -20.6876 86.3223 41.3692 -20.695 88.8593
3 16 50.4852 -20.6876 86.3223 36.8497 -4.4578 68.1396 41.3692 -20.695 88.8593
3 16 41.3692 -20.695 88.8593 36.8497 -4.4578 68.1396 29.485 -2.0501 68.1084
3 16 36.8497 -4.4578 68.1396 50.4852 -20.6876 86.3223 40.1452 -5.25 67.479
3 16 40.1452 -5.25 67.479 50.4852 -20.6876 86.3223 60.0886 -20.7142 81.8362
3 16 76.3062 -38.3966 81.9933 60.0886 -20.7142 81.8362 61.8039 -38.6095 86.5145
3 16 61.8039 -38.6095 86.5145 60.0886 -20.7142 81.8362 50.4852 -20.6876 86.3223
3 16 30 -75.2412 89.8953 30.0636 -57.101 89.9997 30 -58.6503 76.2391
3 16 30.0636 -57.101 89.9997 30 -75.2412 89.8953 38.6696 -56.978 89.852
3 16 38.6696 -56.978 89.852 30 -75.2412 89.8953 40.7488 -75.0401 89.8228
3 16 30.0636 -57.101 89.9997 30 -38.8953 89.9402 30 -58.6503 76.2391
3 16 30 -38.8953 89.9402 30.0636 -57.101 89.9997 36.6886 -38.8559 89.8605
3 16 36.6886 -38.8559 89.8605 30.0636 -57.101 89.9997 38.6696 -56.978 89.852
3 16 -10 -24 70 -7.5 -24 72.102 -10 -24 78.75
3 16 -10 -24 78.75 -7.5 -24 72.102 -7.5 -24 78.75
3 16 34.8156 -20.7478 89.8067 16.8132 0 69.4262 28.3037 -20.7 90
3 16 28.3037 -20.7 90 16.8132 0 69.4262 8.2697 0 70
3 16 -10 -20.7 90 28.3037 -20.7 90 -10 -10.35 80
3 16 -10 -24 70 -10 -24 60.3125 -7.5 -24 64.4057
3 16 -7.5 -24 64.4057 -10 -24 60.3125 -7.5 -24 60.7311
3 16 -10 -20.7 90 -10 -24 90 9.7853 -24 90
3 16 30 -24 90 30 -24 87.5 30 -38.8953 89.9402
3 16 30 -38.8953 89.9402 30 -24 87.5 30 -58.6503 76.2391
3 16 28.3037 -20.7 90 30 -24 90 34.8156 -20.7478 89.8067
3 16 30 -24 87.5 30 -24 90 19.4687 -24 87.5
3 16 19.4687 -24 87.5 30 -24 90 9.7853 -24 90
3 16 -7.5 -24 60.7311 -10 -24 60.3125 -7.5 -24 52.5
3 16 -7.5 -24 52.5 -10 -24 60.3125 -10 -24 50
3 16 10 -24 70 10 -8 70 30.082 -8 70
3 16 10 -7.0136 67.9959 10 -6.75 70.0036 8 -7.0136 67.9959
3 16 8 -7.0136 67.9959 10 -6.75 70.0036 8 -6.75 70.0036
3 16 10 -8 70 10 -7.0145 72.0076 10 -6.75 70.0036
3 16 10 -14.5 77.75 10 -12.4942 77.4859 10 -8 70
3 16 10 -10.625 76.7117 10 -9.0199 75.4801 10 -8 70
3 16 10 -7.7883 73.875 10 -7.0145 72.0076 10 -8 70
3 16 10 -12.4942 77.4859 10 -10.625 76.7117 10 -8 70
3 16 10 -9.0199 75.4801 10 -7.7883 73.875 10 -8 70
3 16 10 -6.75 70.0036 10 -7.0136 67.9959 10 -8 70
3 16 10 -8 70 10 -7.0136 67.9959 10 -8 67.7662
3 16 10 -8 70 10 -24 70 10 -14.5 77.75
3 16 10 -14.5 77.75 10 -24 70 10 -24 77.917
3 16 10 -14.5 77.75 10 -24 77.917 8 -14.5 77.75
3 16 8 -14.5 77.75 10 -24 77.917 8 -24 77.917
3 16 10 -12.4942 77.4859 10 -14.5 77.75 8 -12.4942 77.4859
3 16 8 -12.4942 77.4859 10 -14.5 77.75 8 -14.5 77.75
3 16 10 -10.625 76.7117 10 -12.4942 77.4859 8 -10.625 76.7117
3 16 8 -10.625 76.7117 10 -12.4942 77.4859 8 -12.4942 77.4859
3 16 10 -9.0199 75.4801 10 -10.625 76.7117 8 -9.0199 75.4801
3 16 8 -9.0199 75.4801 10 -10.625 76.7117 8 -10.625 76.7117
3 16 10 -7.7883 73.875 10 -9.0199 75.4801 8 -7.7883 73.875
3 16 8 -7.7883 73.875 10 -9.0199 75.4801 8 -9.0199 75.4801
3 16 10 -7.0145 72.0076 10 -7.7883 73.875 8 -7.0145 72.0076
3 16 8 -7.0145 72.0076 10 -7.7883 73.875 8 -7.7883 73.875
3 16 10 -6.75 70.0036 10 -7.0145 72.0076 8 -6.75 70.0036
3 16 8 -6.75 70.0036 10 -7.0145 72.0076 8 -7.0145 72.0076
3 16 8 -10.625 63.2883 10 -10.625 63.2883 8 -9.0199 64.5199
3 16 8 -9.0199 64.5199 10 -10.625 63.2883 10 -9.0199 64.5199
3 16 10 -9.0199 64.5199 10 -10.625 63.2883 10 -8 50
3 16 10 -10.625 63.2883 10 -12.4936 62.5119 10 -8 50
3 16 8 -12.4936 62.5119 10 -12.4936 62.5119 8 -10.625 63.2883
3 16 8 -10.625 63.2883 10 -12.4936 62.5119 10 -10.625 63.2883
3 16 10 -12.4936 62.5119 10 -14.5 62.25 10 -8 50
3 16 8 -14.5 62.25 10 -14.5 62.25 8 -12.4936 62.5119
3 16 8 -12.4936 62.5119 10 -14.5 62.25 10 -12.4936 62.5119
3 16 10 -24 62.083 10 -24 50 10 -14.5 62.25
3 16 10 -14.5 62.25 10 -24 50 10 -8 50
3 16 10 -24 62.083 10 -14.5 62.25 8 -24 62.083
3 16 8 -24 62.083 10 -14.5 62.25 8 -14.5 62.25
3 16 5.4039 -24 63.1378 8 -24 62.083 5.4 -24 66.1196
3 16 10 -8 65.8676 10 -8 66.8169 10 -7.7883 66.125
3 16 8 -7.7883 66.125 10 -7.7883 66.125 8 -7.0136 67.9959
3 16 8 -7.0136 67.9959 10 -7.7883 66.125 10 -7.0136 67.9959
3 16 33.375 -24 72.75 30 -24.7301 72.8217 30 -24 72.75
3 16 30 -24 72.75 30 -24 72.5 33.375 -24 72.75
3 16 33.375 -24 72.75 30 -24 72.5 33.375 -24 70
3 16 12.225 -24 72.5 10 -24 70 21.6036 -24 72.5
3 16 30 -24 72.5 30 -8.8686 72.5 21.6036 -24 72.5
3 16 21.6036 -24 72.5 30 -8.8686 72.5 21.6036 -7.435 72.5
3 16 30 -24 72.5 21.6036 -24 72.5 33.375 -24 70
3 16 33.375 -24 70 21.6036 -24 72.5 10 -24 70
3 16 12.225 -24 80 10 -24 77.917 12.225 -24 72.5
3 16 12.225 -24 72.5 10 -24 77.917 10 -24 70
3 16 12.225 -14.8905 80 12.225 -24 80 12.225 -11.9637 77.1875
3 16 5.7742 -28.45 77.6154 6.037 -24 78.3896 6.25 -28.45 80.0072
3 16 6.25 -28.45 80.0072 6.037 -24 78.3896 6.25 -24 80.0036
3 16 6.037 -24 78.3896 5.7742 -28.45 77.6154 5.4013 -24 76.8629
3 16 5.4013 -24 76.8629 5.7742 -28.45 77.6154 4.4194 -28.45 75.5878
3 16 5.7248 -17.3596 82.3785 6.25 -24 80.0036 6.25 -14.8905 80.0024
3 16 8 -24 70.0036 8 -24 73.875 5.4 -24 71.9921
3 16 5.4 -24 71.9921 8 -24 73.875 5.4 -24 73.8876
3 16 5.4 -24 70.0036 8 -24 70.0036 5.4 -24 71.9921
3 16 5.4 -24 73.8876 5.4012 -24 76.206 5.4 -22.8951 73.8876
3 16 5.4 -22.8951 73.8876 5.4012 -24 76.206 5.4 -21.8639 75.6015
3 16 6.25 -13.5 60 6.25 -24 60 5.7742 -13.5 57.6082
3 16 5.7742 -13.5 57.6082 6.25 -24 60 5.7742 -28.45 57.6082
3 16 -7.5 -24 64.4057 -7.5 -24 66.1196 -10 -24 70
3 16 7.5 -24 60 6.25 -24 60 7.5 -13.5 60
3 16 7.5 -13.5 60 6.25 -24 60 6.25 -13.5 60
3 16 -7.5 -24 64.4057 -7.5 -24 60.7311 -7.5 -21.8639 64.4057
3 16 -7.5 -21.8639 64.4057 -7.5 -24 60.7311 -7.5 -19.6606 62.3924
3 16 -7.5 -24 60.7311 -7.5 -24 52.5 -7.5 -19.6606 62.3924
3 16 -7.5 -24 52.5 -7.5 -13.5 52.5 -7.5 -16.9746 61.0908
3 16 -7.5 -16.9746 61.0908 -7.5 -13.5 52.5 -7.5 -13.5 60.7311
3 16 -7.5 -16.9746 61.0908 -7.5 -19.6606 62.3924 -7.5 -24 52.5
3 16 7.5 -13.5 60 7.5 -13.5 52.5 7.5 -24 60
3 16 7.5 -24 60 7.5 -13.5 52.5 7.5 -24 52.5
3 16 10 -24 62.083 8 -24 62.083 7.5 -24 60
3 16 7.5 -24 60 8 -24 62.083 6.25 -24 60
3 16 5.4 -20.6663 63.1415 5.4 -21.8639 64.4057 4.4247 -21.868 64.4126
3 16 -10 -24 90 -7.5 -24 87.5 1.3728 -24 87.5
3 16 -10 -24 90 1.3728 -24 87.5 9.7853 -24 90
3 16 9.7853 -24 90 1.3728 -24 87.5 12.1906 -24 87.5
3 16 -7.5 -23.5337 71.9921 -7.5 -22.8951 73.8876 -7.5 -24 72.102
3 16 -7.5 -24 78.75 -7.5 -24 72.102 -7.5 -22.8951 73.8876
3 16 -7.5 -24 52.5 -10 -24 50 7.5 -24 52.5
3 16 7.5 -24 52.5 -10 -24 50 10 -24 50
3 16 35.5396 -8 33.1983 36.3966 -8 30 50.4541 -8 32.7718
3 16 50.4541 -8 32.7718 36.3966 -8 30 49.9902 -8 30
3 16 33.1983 -8 35.5396 35.5396 -8 33.1983 40.3533 -8 43.8234
3 16 33.1983 -8 35.5396 40.3533 -8 43.8234 30 -8 36.3966
3 16 30 -8 36.3966 40.3533 -8 43.8234 30.082 -8 49.9966
3 16 30 -8 36.3966 30.082 -8 49.9966 26.8017 -8 35.5396
3 16 26.8017 -8 35.5396 30.082 -8 49.9966 10 -8 50
3 16 26.8017 -8 35.5396 10 -8 50 24.4604 -8 33.1983
3 16 24.4604 -8 33.1983 10 -8 50 10 -8 30
3 16 10 -8 30 23.6034 -8 30 24.4604 -8 33.1983
3 16 10 -8 65.8676 31.4103 -8 68.1343 10 -8 66.8169
3 16 31.4103 -8 68.1343 10 -8 65.8676 30.082 -8 49.9966
3 16 30.082 -8 49.9966 10 -8 65.8676 10 -8 50
3 16 55.7566 -9.5175 35.109 54.2008 -9.9894 32.2525 57.078 -9.8039 32.8539
3 16 57.078 -9.8039 32.8539 54.2008 -9.9894 32.2525 57.1395 -9.9293 30
3 16 57.1395 -9.9293 30 54.2008 -9.9894 32.2525 53.8396 -10.0694 30
3 16 71.4929 -96 87.7185 42.2652 -96 89.7829 65.181 -96 85.103
3 16 65.181 -96 85.103 42.2652 -96 89.7829 42.6356 -96 86.8731
3 16 30 -93.3006 79.7282 30 -58.6503 76.2391 33.375 -93.3006 79.7282
3 16 33.375 -93.3006 79.7282 30 -58.6503 76.2391 33.375 -58.6503 76.2391
3 16 190 -96 30 188.6312 -96 37.0641 185.0311 -96 30
3 16 185.0311 -96 30 188.6312 -96 37.0641 183.9847 -96 35.8382
3 16 188.6312 -96 37.0641 183.6539 -96 46.1401 183.9847 -96 35.8382
3 16 183.9847 -96 35.8382 183.6539 -96 46.1401 179.9608 -96 43.6871
3 16 183.6539 -96 46.1401 175.431 -96 54.6437 179.9608 -96 43.6871
3 16 179.9608 -96 43.6871 175.431 -96 54.6437 172.83 -96 51.3744
3 16 175.431 -96 54.6437 163.2323 -96 62.8655 172.83 -96 51.3744
3 16 172.83 -96 51.3744 163.2323 -96 62.8655 161.1903 -96 59.3271
3 16 150.6337 -96 69.0948 149.2671 -96 65.3081 163.2323 -96 62.8655
3 16 163.2323 -96 62.8655 149.2671 -96 65.3081 161.1903 -96 59.3271
3 16 134.8994 -96 74.9612 134.0378 -96 71.2053 150.6337 -96 69.0948
3 16 150.6337 -96 69.0948 134.0378 -96 71.2053 149.2671 -96 65.3081
3 16 117.0361 -96 80.1072 116.6796 -96 76.3969 134.8994 -96 74.9612
3 16 134.8994 -96 74.9612 116.6796 -96 76.3969 134.0378 -96 71.2053
3 16 95.0855 -96 84.4662 94.848 -96 81.0003 117.0361 -96 80.1072
3 16 117.0361 -96 80.1072 94.848 -96 81.0003 116.6796 -96 76.3969
3 16 95.0855 -96 84.4662 71.4929 -96 87.7185 94.848 -96 81.0003
3 16 94.848 -96 81.0003 71.4929 -96 87.7185 65.181 -96 85.103
3 16 30 -93.3006 79.7282 30 -94.3494 80.041 30.0382 -93.2505 82.6473
3 16 30 -94.3494 80.041 30 -93.3006 79.7282 33.375 -94.3494 80.041
3 16 33.375 -94.3494 80.041 30 -93.3006 79.7282 33.375 -93.3006 79.7282
3 16 30 -94.3494 80.041 30 -95.2372 80.6897 30.0382 -93.2505 82.6473
3 16 30 -95.2372 80.6897 30 -94.3494 80.041 33.375 -95.2372 80.6897
3 16 33.375 -95.2372 80.6897 30 -94.3494 80.041 33.375 -94.3494 80.041
3 16 30 -95.2372 80.6897 30 -96 81.6352 30.0382 -93.2505 82.6473
3 16 30 -96 81.6352 30 -95.2372 80.6897 33.375 -96 81.6352
3 16 33.375 -96 81.6352 30 -95.2372 80.6897 33.375 -95.2372 80.6897
3 16 30 -96 81.6352 30 -96 82.7131 30.0382 -93.2505 82.6473
3 16 30 -96 82.7131 30 -96 81.6352 33.375 -96 82.7131
3 16 33.375 -96 82.7131 30 -96 81.6352 33.375 -96 81.6352
3 16 30 -58.6503 76.2391 30 -24.7301 72.8217 33.375 -58.6503 76.2391
3 16 33.375 -58.6503 76.2391 30 -24.7301 72.8217 33.375 -24 72.75
3 16 30 -24.7301 72.8217 30 -58.6503 76.2391 30 -24 87.5
3 16 42.6356 -96 86.8731 42.2652 -96 89.7829 33.375 -96 86.9374
3 16 33.375 -96 86.9374 42.2652 -96 89.7829 30 -96 90
3 16 30.1344 -92.7215 89.9998 30.0382 -93.2505 82.6473 30 -96 90
3 16 30 -96 90 30.0382 -93.2505 82.6473 30 -96 82.7131
3 16 30 -96 90 30 -96 82.7131 33.375 -96 86.9374
3 16 33.375 -96 86.9374 30 -96 82.7131 33.375 -96 82.7131
3 16 30.1344 -92.7215 89.9998 30 -75.2412 89.8953 30.0382 -93.2505 82.6473
3 16 189.995 -92.7215 30 188.6362 -92.7215 37.031 190 -96 30
3 16 190 -96 30 188.6362 -92.7215 37.031 188.6312 -96 37.0641
3 16 189.995 -92.7215 30 165.0097 -74.7258 30 188.6362 -92.7215 37.031
3 16 188.6362 -92.7215 37.031 165.0097 -74.7258 30 163.1349 -74.6278 38.6109
3 16 188.6362 -92.7215 37.031 183.673 -92.7215 46.1159 188.6312 -96 37.0641
3 16 188.6312 -96 37.0641 183.673 -92.7215 46.1159 183.6539 -96 46.1401
3 16 188.6362 -92.7215 37.031 163.1349 -74.6278 38.6109 183.673 -92.7215 46.1159
3 16 183.673 -92.7215 46.1159 163.1349 -74.6278 38.6109 159.8723 -74.5412 46.0921
3 16 183.673 -92.7215 46.1159 175.4553 -92.7215 54.625 183.6539 -96 46.1401
3 16 183.6539 -96 46.1401 175.4553 -92.7215 54.625 175.431 -96 54.6437
3 16 183.673 -92.7215 46.1159 159.8723 -74.5412 46.0921 175.4553 -92.7215 54.625
3 16 175.4553 -92.7215 54.625 159.8723 -74.5412 46.0921 152.9506 -74.4476 54.9755
3 16 175.4553 -92.7215 54.625 163.26 -92.7215 62.8523 175.431 -96 54.6437
3 16 175.431 -96 54.6437 163.26 -92.7215 62.8523 163.2323 -96 62.8655
3 16 175.4553 -92.7215 54.625 152.9506 -74.4476 54.9755 163.26 -92.7215 62.8523
3 16 163.26 -92.7215 62.8523 152.9506 -74.4476 54.9755 142.3893 -74.4205 63.7611
3 16 163.26 -92.7215 62.8523 150.6641 -92.7215 69.0875 163.2323 -96 62.8655
3 16 163.2323 -96 62.8655 150.6641 -92.7215 69.0875 150.6337 -96 69.0948
3 16 163.26 -92.7215 62.8523 142.3893 -74.4205 63.7611 150.6641 -92.7215 69.0875
3 16 150.6641 -92.7215 69.0875 142.3893 -74.4205 63.7611 126.9154 -74.5095 72.4988
3 16 150.6641 -92.7215 69.0875 134.9299 -92.7215 74.9547 150.6337 -96 69.0948
3 16 150.6337 -96 69.0948 134.9299 -92.7215 74.9547 134.8994 -96 74.9612
3 16 107.6757 -74.6423 79.7239 134.9299 -92.7215 74.9547 126.9154 -74.5095 72.4988
3 16 126.9154 -74.5095 72.4988 134.9299 -92.7215 74.9547 150.6641 -92.7215 69.0875
3 16 134.9299 -92.7215 74.9547 117.0682 -92.7215 80.1064 134.8994 -96 74.9612
3 16 134.8994 -96 74.9612 117.0682 -92.7215 80.1064 117.0361 -96 80.1072
3 16 117.0682 -92.7215 80.1064 134.9299 -92.7215 74.9547 107.6757 -74.6423 79.7239
3 16 117.0682 -92.7215 80.1064 95.1176 -92.7215 84.4649 117.0361 -96 80.1072
3 16 117.0361 -96 80.1072 95.1176 -92.7215 84.4649 95.0855 -96 84.4662
3 16 117.0682 -92.7215 80.1064 107.6757 -74.6423 79.7239 95.1176 -92.7215 84.4649
3 16 95.1176 -92.7215 84.4649 107.6757 -74.6423 79.7239 84.0391 -74.6905 85.2877
3 16 71.525 -92.7215 88.4001 71.4929 -96 87.7185 95.1176 -92.7215 84.4649
3 16 95.1176 -92.7215 84.4649 71.4929 -96 87.7185 95.0855 -96 84.4662
3 16 95.1176 -92.7215 84.4649 84.0391 -74.6905 85.2877 71.525 -92.7215 88.4001
3 16 71.525 -92.7215 88.4001 84.0391 -74.6905 85.2877 64.4137 -74.7917 88.1249
3 16 71.525 -92.7215 88.4001 42.2735 -92.7215 89.786 71.4929 -96 87.7185
3 16 71.4929 -96 87.7185 42.2735 -92.7215 89.786 42.2652 -96 89.7829
3 16 71.525 -92.7215 88.4001 64.4137 -74.7917 88.1249 42.2735 -92.7215 89.786
3 16 42.2735 -92.7215 89.786 64.4137 -74.7917 88.1249 40.7488 -75.0401 89.8228
3 16 30 -96 90 42.2652 -96 89.7829 30.1344 -92.7215 89.9998
3 16 30.1344 -92.7215 89.9998 42.2652 -96 89.7829 42.2735 -92.7215 89.786
3 16 42.2735 -92.7215 89.786 40.7488 -75.0401 89.8228 30.1344 -92.7215 89.9998
3 16 30.1344 -92.7215 89.9998 40.7488 -75.0401 89.8228 30 -75.2412 89.8953
3 16 185.0087 -93.6253 30 185.0311 -96 30 184.0112 -93.5642 35.708
3 16 184.0112 -93.5642 35.708 185.0311 -96 30 183.9847 -96 35.8382
3 16 185.0087 -93.6253 30 184.0112 -93.5642 35.708 177.5103 -88.2886 30
3 16 177.5103 -88.2886 30 184.0112 -93.5642 35.708 177.0114 -88.6213 36.133
3 16 33.375 -94.3494 80.041 33.375 -93.3006 79.7282 33.375 -89.8897 86.8379
3 16 33.375 -93.3006 79.7282 33.375 -77.4437 86.7337 33.375 -89.8897 86.8379
3 16 184.0112 -93.5642 35.708 179.9335 -93.3778 43.6385 177.0114 -88.6213 36.133
3 16 177.0114 -88.6213 36.133 179.9335 -93.3778 43.6385 174.9679 -89.8939 44.0512
3 16 184.0112 -93.5642 35.708 183.9847 -96 35.8382 179.9335 -93.3778 43.6385
3 16 179.9335 -93.3778 43.6385 183.9847 -96 35.8382 179.9608 -96 43.6871
3 16 171.4485 -91.7328 50.9966 174.9679 -89.8939 44.0512 172.7332 -93.1894 51.4015
3 16 172.7332 -93.1894 51.4015 174.9679 -89.8939 44.0512 179.9335 -93.3778 43.6385
3 16 172.7332 -93.1894 51.4015 179.9335 -93.3778 43.6385 172.83 -96 51.3744
3 16 172.83 -96 51.3744 179.9335 -93.3778 43.6385 179.9608 -96 43.6871
3 16 160.9694 -92.8884 59.4092 161.1091 -90.0306 57.3863 172.7332 -93.1894 51.4015
3 16 172.7332 -93.1894 51.4015 161.1091 -90.0306 57.3863 171.4485 -91.7328 50.9966
3 16 160.9694 -92.8884 59.4092 172.7332 -93.1894 51.4015 161.1903 -96 59.3271
3 16 161.1903 -96 59.3271 172.7332 -93.1894 51.4015 172.83 -96 51.3744
3 16 148.9407 -92.4992 65.392 149.9632 -87.4838 62.4629 160.9694 -92.8884 59.4092
3 16 160.9694 -92.8884 59.4092 149.9632 -87.4838 62.4629 161.1091 -90.0306 57.3863
3 16 148.9407 -92.4992 65.392 160.9694 -92.8884 59.4092 149.2671 -96 65.3081
3 16 149.2671 -96 65.3081 160.9694 -92.8884 59.4092 161.1903 -96 59.3271
3 16 133.6635 -91.8524 71.2474 134.9115 -83.6399 68.281 148.9407 -92.4992 65.392
3 16 148.9407 -92.4992 65.392 134.9115 -83.6399 68.281 149.9632 -87.4838 62.4629
3 16 133.6635 -91.8524 71.2474 148.9407 -92.4992 65.392 134.0378 -96 71.2053
3 16 134.0378 -96 71.2053 148.9407 -92.4992 65.392 149.2671 -96 65.3081
3 16 133.6635 -91.8524 71.2474 116.1098 -90.9698 76.4906 134.9115 -83.6399 68.281
3 16 134.9115 -83.6399 68.281 116.1098 -90.9698 76.4906 111.0818 -73.1336 74.9946
3 16 116.1098 -90.9698 76.4906 133.6635 -91.8524 71.2474 116.6796 -96 76.3969
3 16 116.6796 -96 76.3969 133.6635 -91.8524 71.2474 134.0378 -96 71.2053
3 16 116.1098 -90.9698 76.4906 94.0461 -90.0068 81.1033 111.0818 -73.1336 74.9946
3 16 111.0818 -73.1336 74.9946 94.0461 -90.0068 81.1033 91.4916 -74.8024 80.5455
3 16 94.0461 -90.0068 81.1033 116.1098 -90.9698 76.4906 94.848 -96 81.0003
3 16 94.848 -96 81.0003 116.1098 -90.9698 76.4906 116.6796 -96 76.3969
3 16 94.0461 -90.0068 81.1033 64.9666 -89.7807 85.0855 91.4916 -74.8024 80.5455
3 16 91.4916 -74.8024 80.5455 64.9666 -89.7807 85.0855 63.5279 -75.9379 84.8541
3 16 64.9666 -89.7807 85.0855 94.0461 -90.0068 81.1033 65.181 -96 85.103
3 16 65.181 -96 85.103 94.0461 -90.0068 81.1033 94.848 -96 81.0003
3 16 42.8642 -89.8857 86.7305 45.1381 -76.4843 86.3821 64.9666 -89.7807 85.0855
3 16 64.9666 -89.7807 85.0855 45.1381 -76.4843 86.3821 63.5279 -75.9379 84.8541
3 16 64.9666 -89.7807 85.0855 65.181 -96 85.103 42.8642 -89.8857 86.7305
3 16 42.8642 -89.8857 86.7305 65.181 -96 85.103 42.6356 -96 86.8731
3 16 45.1381 -76.4843 86.3821 42.8642 -89.8857 86.7305 33.375 -77.4437 86.7337
3 16 33.375 -77.4437 86.7337 42.8642 -89.8857 86.7305 33.375 -89.8897 86.8379
3 16 42.8642 -89.8857 86.7305 42.6356 -96 86.8731 33.375 -89.8897 86.8379
3 16 33.375 -89.8897 86.8379 42.6356 -96 86.8731 33.375 -96 86.9374
3 16 53.8429 -24.159 81.5129 50.3987 -18.8229 75.1887 66.2837 -24.031 73.5841
3 16 66.2837 -24.031 73.5841 50.3987 -18.8229 75.1887 61.0053 -18.6499 66.9846
3 16 53.8429 -24.159 81.5129 66.2837 -24.031 73.5841 58.9321 -35.9325 83.2288
3 16 58.9321 -35.9325 83.2288 66.2837 -24.031 73.5841 74.683 -33.6973 76.0428
3 16 33.375 -24.3782 86.2523 33.4005 -18.7979 80.7324 41.272 -24.1008 85.4299
3 16 41.272 -24.1008 85.4299 33.4005 -18.7979 80.7324 39.97 -18.8492 79.5025
3 16 77.7634 -24.0818 60.6613 84.8049 -24.0262 44.2064 86.8141 -31.0754 62.5621
3 16 86.8141 -31.0754 62.5621 84.8049 -24.0262 44.2064 93.0846 -29.7497 44.9841
3 16 77.7634 -24.0818 60.6613 70.073 -18.6932 55.1748 84.8049 -24.0262 44.2064
3 16 84.8049 -24.0262 44.2064 70.073 -18.6932 55.1748 76.2544 -19.1915 41.2599
3 16 84.8049 -24.0262 44.2064 86.818 -23.9544 30 93.0846 -29.7497 44.9841
3 16 93.0846 -29.7497 44.9841 86.818 -23.9544 30 94.0674 -28.9952 30
3 16 77.9997 -19.4029 30 86.818 -23.9544 30 76.2544 -19.1915 41.2599
3 16 76.2544 -19.1915 41.2599 86.818 -23.9544 30 84.8049 -24.0262 44.2064
3 16 66.2837 -24.031 73.5841 77.7634 -24.0818 60.6613 74.683 -33.6973 76.0428
3 16 74.683 -33.6973 76.0428 77.7634 -24.0818 60.6613 86.8141 -31.0754 62.5621
3 16 66.2837 -24.031 73.5841 61.0053 -18.6499 66.9846 77.7634 -24.0818 60.6613
3 16 77.7634 -24.0818 60.6613 61.0053 -18.6499 66.9846 70.073 -18.6932 55.1748
3 16 53.8429 -24.159 81.5129 41.272 -24.1008 85.4299 50.3987 -18.8229 75.1887
3 16 50.3987 -18.8229 75.1887 41.272 -24.1008 85.4299 39.97 -18.8492 79.5025
3 16 41.272 -24.1008 85.4299 53.8429 -24.159 81.5129 43.3106 -36.8809 85.9489
3 16 43.3106 -36.8809 85.9489 53.8429 -24.159 81.5129 58.9321 -35.9325 83.2288
3 16 33.375 -24 72.75 33.4005 -18.7979 80.7324 33.375 -24.3782 86.2523
3 16 33.375 -24.3782 86.2523 33.3806 -36.748 86.5043 33.375 -24 72.75
3 16 33.375 -24 72.75 33.3806 -36.748 86.5043 33.375 -58.6503 76.2391
3 16 33.375 -24.3782 86.2523 41.272 -24.1008 85.4299 33.3806 -36.748 86.5043
3 16 33.3806 -36.748 86.5043 41.272 -24.1008 85.4299 43.3106 -36.8809 85.9489
3 16 -10 0 70 8.2697 0 70 -1.5 0 67.5
3 16 -1.5 0 67.5 8.2697 0 70 1.5 0 67.5
3 16 -10 0 70 -1.5 0 67.5 -6.25 0 67.5
3 16 8.2697 0 70 7 0 67.5 1.5 0 67.5
3 16 40.1452 -5.25 67.479 43.8965 -5.25 64.7239 18.125 -5.25 50
3 16 -10 -7.7883 73.875 -10 0 70 -10 -6.75 70.0036
3 16 -10 0 70 -10 -7.7883 66.125 -10 -6.75 70.0036
3 16 28.3037 -20.7 90 8.2697 0 70 -10 -10.35 80
3 16 -10 -10.35 80 8.2697 0 70 -10 0 70
3 16 -10 -10.625 76.7117 -10 -10.35 80 -10 -7.7883 73.875
3 16 -10 -7.7883 73.875 -10 -10.35 80 -10 0 70
3 16 -10 0 70 -10 0 50 -10 -7.7883 66.125
3 16 -10 -7.7883 66.125 -10 0 50 -10 -8 50
3 16 -6.25 0 51.4172 -10 0 50 -6.25 0 67.5
3 16 -6.25 0 67.5 -10 0 50 -10 0 70
3 16 35.7452 -5.25 35.7452 58.5145 -5.25 42.0701 37.5065 -5.25 33.1093
3 16 37.5065 -5.25 33.1093 58.5145 -5.25 42.0701 59.5754 -5.25 36.2724
3 16 33.1093 -5.25 37.5065 55.9793 -5.25 48.884 35.7452 -5.25 35.7452
3 16 35.7452 -5.25 35.7452 55.9793 -5.25 48.884 58.5145 -5.25 42.0701
3 16 47.9274 -5.25 60.8732 52.5622 -5.25 55.0581 18.125 -5.25 50
3 16 43.8965 -5.25 64.7239 47.9274 -5.25 60.8732 18.125 -5.25 50
3 16 40.1452 -5.25 67.479 18.125 -5.25 50 29.3137 -5.25 67.479
3 16 -6.25 0 30 -6.25 0 51.4172 -6.25 -5.25 30
3 16 -6.25 -5.25 30 -6.25 0 51.4172 -6.25 -5.25 53
3 16 -6.25 -10.5 61.6596 -6.25 -8.8259 62.6835 6.9784 -10.5 61.6596
3 16 6.9784 -10.5 61.6596 -6.25 -8.8259 62.6835 6.9784 -8.8259 62.6835
3 16 -6.25 -7.4124 64.0448 -6.25 -8.8259 62.6835 -6.25 -5.25 53
3 16 18.5 -5.25 67.4824 18.5 -5.25 65.9746 6.9784 -5.25 67.5
3 16 6.9784 -5.25 67.5 18.5 -5.25 65.9746 6.9784 -5.25 65.3019
3 16 18.5 0 67.4824 18.5 -5.25 67.4824 7 0 67.5
3 16 7 0 67.5 18.5 -5.25 67.4824 6.9784 -5.25 67.5
3 16 18.5 -5.25 65.9746 18.5 -5.25 67.4824 18.5 0 66.0125
3 16 18.5 0 66.0125 18.5 -5.25 67.4824 18.5 0 67.4824
3 16 21.5 -5.25 65.9746 18.5 -5.25 65.9746 21.5 0 66.0125
3 16 21.5 0 66.0125 18.5 -5.25 65.9746 18.5 0 66.0125
3 16 21.5 0 66.0125 18.5 0 66.0125 21.4985 0 67.479
3 16 21.4985 0 67.479 18.5 0 66.0125 18.5 0 67.4824
3 16 21.5 -5.25 65.9746 21.5 0 66.0125 21.5 -5.25 67.479
3 16 21.5 -5.25 67.479 21.5 0 66.0125 21.4985 0 67.479
3 16 29.3602 -2.0326 67.479 36.4884 -4.1697 67.479 29.3137 -5.25 67.479
3 16 29.3137 -5.25 67.479 36.4884 -4.1697 67.479 40.1452 -5.25 67.479
3 16 30.082 -8 70 10 -8 70 10 -8 67.7662
3 16 21.4985 0 67.479 18.5 0 67.4824 21.5 0 68.3009
3 16 21.5 0 68.3009 18.5 0 67.4824 16.8132 0 69.4262
3 16 31.4103 -8 68.1343 30.082 -8 70 10 -8 66.8169
3 16 10 -8 66.8169 30.082 -8 70 10 -8 67.7662
3 16 -6.25 0 51.4172 -6.25 0 30 -10 0 50
3 16 -10 0 50 -6.25 0 30 -10 0 30
3 16 6.9784 -6.3049 65.67 6.9784 -5.25 65.3019 6.9784 -7.4124 64.0448
3 16 6.9784 -5.25 57.5361 6.9784 -7.4124 64.0448 6.9784 -5.25 65.3019
3 16 6.9784 -7.4124 64.0448 6.9784 -5.25 57.5361 6.9784 -8.8259 62.6835
3 16 6.9784 -8.8259 62.6835 6.9784 -5.25 57.5361 6.9784 -10.5 57.5361
3 16 6.9784 -10.5 57.5361 6.9784 -10.5 61.6596 6.9784 -8.8259 62.6835
3 16 -6.25 -6.3049 65.67 -6.25 0 67.5 -6.25 -5.5942 67.5
3 16 -6.25 -6.3049 65.67 -6.25 -7.4124 64.0448 -6.25 -5.25 53
3 16 -6.25 -7.4124 64.0448 -6.25 -6.3049 65.67 6.9784 -7.4124 64.0448
3 16 6.9784 -7.4124 64.0448 -6.25 -6.3049 65.67 6.9784 -6.3049 65.67
3 16 -6.25 -8.8259 62.6835 -6.25 -7.4124 64.0448 6.9784 -8.8259 62.6835
3 16 6.9784 -8.8259 62.6835 -6.25 -7.4124 64.0448 6.9784 -7.4124 64.0448
3 16 8.2697 0 70 16.8132 0 69.4262 7 0 67.5
3 16 7 0 67.5 16.8132 0 69.4262 18.5 0 67.4824
3 16 29.3137 -5.25 67.479 21.5 -5.25 67.479 29.3602 -2.0326 67.479
3 16 29.3602 -2.0326 67.479 21.5 -5.25 67.479 21.4985 0 67.479
3 16 60.1703 -5.25 30 38.125 -5.25 30 59.5754 -5.25 36.2724
3 16 59.5754 -5.25 36.2724 38.125 -5.25 30 37.5065 -5.25 33.1093
3 16 21.875 -5.25 30 22.4935 -5.25 33.1093 21.875 0 30
3 16 21.875 0 30 22.4935 -5.25 33.1093 22.4935 0 33.1093
3 16 22.4935 -5.25 33.1093 24.2548 -5.25 35.7453 22.4935 0 33.1093
3 16 22.4935 0 33.1093 24.2548 -5.25 35.7453 24.2548 0 35.7453
3 16 24.2548 -5.25 35.7453 26.8907 -5.25 37.5065 24.2548 0 35.7453
3 16 24.2548 0 35.7453 26.8907 -5.25 37.5065 26.8907 0 37.5065
3 16 26.8907 -5.25 37.5065 30 -5.25 38.125 26.8907 0 37.5065
3 16 26.8907 0 37.5065 30 -5.25 38.125 30 0 38.125
3 16 55.9793 -5.25 48.884 30 -5.25 38.125 52.5622 -5.25 55.0581
3 16 52.5622 -5.25 55.0581 30 -5.25 38.125 18.125 -5.25 50
3 16 30 -5.25 38.125 33.1093 -5.25 37.5065 30 0 38.125
3 16 30 0 38.125 33.1093 -5.25 37.5065 33.1093 0 37.5065
3 16 33.1093 -5.25 37.5065 30 -5.25 38.125 55.9793 -5.25 48.884
3 16 33.1093 -5.25 37.5065 35.7452 -5.25 35.7452 33.1093 0 37.5065
3 16 33.1093 0 37.5065 35.7452 -5.25 35.7452 35.7452 0 35.7452
3 16 35.7452 -5.25 35.7452 37.5065 -5.25 33.1093 35.7452 0 35.7452
3 16 35.7452 0 35.7452 37.5065 -5.25 33.1093 37.5065 0 33.1093
3 16 38.125 0 30 37.5065 0 33.1093 38.125 -5.25 30
3 16 38.125 -5.25 30 37.5065 0 33.1093 37.5065 -5.25 33.1093
3 16 15.5396 -5.375 53.1983 13.1983 -5.375 55.5396 15.5396 0 53.1983
3 16 15.5396 0 53.1983 13.1983 -5.375 55.5396 13.1983 0 55.5396
3 16 13.1983 -5.375 55.5396 15.5396 -5.375 53.1983 10 -5.375 50
3 16 13.1983 -5.375 55.5396 10 -5.375 56.3966 13.1983 0 55.5396
3 16 13.1983 0 55.5396 10 -5.375 56.3966 10 0 56.3966
3 16 10 -5.375 56.3966 13.1983 -5.375 55.5396 10 -5.375 50
3 16 10 -5.375 56.3966 6.8017 -5.375 55.5396 10 0 56.3966
3 16 10 0 56.3966 6.8017 -5.375 55.5396 6.8017 0 55.5396
3 16 6.8017 -5.375 55.5396 10 -5.375 56.3966 10 -5.375 50
3 16 6.8017 -5.375 55.5396 4.4604 -5.375 53.1983 6.8017 0 55.5396
3 16 6.8017 0 55.5396 4.4604 -5.375 53.1983 4.4604 0 53.1983
3 16 4.4604 -5.375 53.1983 6.8017 -5.375 55.5396 10 -5.375 50
3 16 4.4604 -5.375 53.1983 3.6034 -5.375 50 4.4604 0 53.1983
3 16 4.4604 0 53.1983 3.6034 -5.375 50 3.6034 0 50
3 16 3.6034 -5.375 50 4.4604 -5.375 53.1983 10 -5.375 50
3 16 3.6034 -5.375 50 4.4604 -5.375 46.8017 3.6034 0 50
3 16 3.6034 0 50 4.4604 -5.375 46.8017 4.4604 0 46.8017
3 16 4.4604 -5.375 46.8017 3.6034 -5.375 50 10 -5.375 50
3 16 4.4604 -5.375 46.8017 6.8017 -5.375 44.4604 4.4604 0 46.8017
3 16 4.4604 0 46.8017 6.8017 -5.375 44.4604 6.8017 0 44.4604
3 16 6.8017 -5.375 44.4604 4.4604 -5.375 46.8017 10 -5.375 50
3 16 6.8017 -5.375 44.4604 10 -5.375 43.6034 6.8017 0 44.4604
3 16 6.8017 0 44.4604 10 -5.375 43.6034 10 0 43.6034
3 16 10 -5.375 43.6034 6.8017 -5.375 44.4604 10 -5.375 50
3 16 10 -5.375 43.6034 13.1983 -5.375 44.4604 10 0 43.6034
3 16 10 0 43.6034 13.1983 -5.375 44.4604 13.1983 0 44.4604
3 16 13.1983 -5.375 44.4604 10 -5.375 43.6034 10 -5.375 50
3 16 13.1983 -5.375 44.4604 15.5396 -5.375 46.8017 13.1983 0 44.4604
3 16 13.1983 0 44.4604 15.5396 -5.375 46.8017 15.5396 0 46.8017
3 16 15.5396 -5.375 46.8017 13.1983 -5.375 44.4604 10 -5.375 50
3 16 15.5396 -5.375 46.8017 16.3966 -5.375 50 15.5396 0 46.8017
3 16 15.5396 0 46.8017 16.3966 -5.375 50 16.3966 0 50
3 16 16.3966 -5.375 50 15.5396 -5.375 46.8017 10 -5.375 50
3 16 15.5396 -5.375 53.1983 16.3966 -5.375 50 10 -5.375 50
3 16 16.3966 -5.375 50 15.5396 -5.375 53.1983 16.3966 0 50
3 16 16.3966 0 50 15.5396 -5.375 53.1983 15.5396 0 53.1983
3 16 1.875 -5.25 50 1.875 0 50 2.4935 -5.25 46.8907
3 16 2.4935 -5.25 46.8907 1.875 0 50 2.4935 0 46.8907
3 16 6.9784 -5.25 57.5361 6.9784 -5.25 65.3019 10 -5.25 58.125
3 16 10 -5.25 58.125 6.9784 -5.25 65.3019 18.5 -5.25 65.9746
3 16 30 -5.25 38.125 26.8907 -5.25 37.5065 18.125 -5.25 50
3 16 18.125 -5.25 50 17.5065 -5.25 46.8907 18.125 0 50
3 16 18.125 0 50 17.5065 -5.25 46.8907 17.5065 0 46.8907
3 16 24.2548 -5.25 35.7453 17.5065 -5.25 46.8907 26.8907 -5.25 37.5065
3 16 26.8907 -5.25 37.5065 17.5065 -5.25 46.8907 18.125 -5.25 50
3 16 15.7452 0 44.2548 17.5065 0 46.8907 15.7452 -5.25 44.2548
3 16 15.7452 -5.25 44.2548 17.5065 0 46.8907 17.5065 -5.25 46.8907
3 16 22.4935 -5.25 33.1093 15.7452 -5.25 44.2548 24.2548 -5.25 35.7453
3 16 24.2548 -5.25 35.7453 15.7452 -5.25 44.2548 17.5065 -5.25 46.8907
3 16 15.7452 -5.25 44.2548 13.1093 -5.25 42.4935 15.7452 0 44.2548
3 16 15.7452 0 44.2548 13.1093 -5.25 42.4935 13.1093 0 42.4935
3 16 21.875 -5.25 30 13.1093 -5.25 42.4935 22.4935 -5.25 33.1093
3 16 22.4935 -5.25 33.1093 13.1093 -5.25 42.4935 15.7452 -5.25 44.2548
3 16 21.875 -5.25 30 10 -5.25 30 13.1093 -5.25 42.4935
3 16 13.1093 -5.25 42.4935 10 -5.25 30 10 -5.25 41.875
3 16 13.1093 -5.25 42.4935 10 -5.25 41.875 13.1093 0 42.4935
3 16 13.1093 0 42.4935 10 -5.25 41.875 10 0 41.875
3 16 10 -5.25 30 7.7109 -5.25 30 10 -5.25 41.875
3 16 10 -5.25 41.875 7.7109 -5.25 30 6.8907 -5.25 42.4935
3 16 10 -5.25 41.875 6.8907 -5.25 42.4935 10 0 41.875
3 16 10 0 41.875 6.8907 -5.25 42.4935 6.8907 0 42.4935
3 16 6.8907 -5.25 42.4935 7.7109 -5.25 30 -6.25 -5.25 30
3 16 6.8907 -5.25 42.4935 -6.25 -5.25 30 4.2548 -5.25 44.2548
3 16 6.8907 -5.25 42.4935 4.2548 -5.25 44.2548 6.8907 0 42.4935
3 16 6.8907 0 42.4935 4.2548 -5.25 44.2548 4.2548 0 44.2548
3 16 4.2548 -5.25 44.2548 -6.25 -5.25 30 2.4935 -5.25 46.8907
3 16 4.2548 -5.25 44.2548 2.4935 -5.25 46.8907 4.2548 0 44.2548
3 16 4.2548 0 44.2548 2.4935 -5.25 46.8907 2.4935 0 46.8907
3 16 1.875 -5.25 50 2.4935 -5.25 46.8907 -6.25 -5.25 30
3 16 1.875 -5.25 50 -6.25 -5.25 30 -6.25 -5.25 53
3 16 2.4935 0 53.1093 1.875 0 50 2.4702 -5.25 53.0524
3 16 2.4702 -5.25 53.0524 1.875 0 50 1.875 -5.25 50
3 16 2.4702 -5.25 53.0524 1.875 -5.25 50 -6.25 -5.25 53
3 16 10 -5.25 58.125 10 0 58.125 6.9784 -5.25 57.5361
3 16 6.9784 -5.25 57.5361 10 0 58.125 6.8907 0 57.5065
3 16 10 -5.25 58.125 18.5 -5.25 65.9746 13.1093 -5.25 57.5065
3 16 10 -5.25 58.125 13.1093 -5.25 57.5065 10 0 58.125
3 16 10 0 58.125 13.1093 -5.25 57.5065 13.1093 0 57.5065
3 16 13.1093 -5.25 57.5065 15.7452 -5.25 55.7452 13.1093 0 57.5065
3 16 13.1093 0 57.5065 15.7452 -5.25 55.7452 15.7452 0 55.7452
3 16 15.7452 -5.25 55.7452 17.5065 -5.25 53.1093 15.7452 0 55.7452
3 16 15.7452 0 55.7452 17.5065 -5.25 53.1093 17.5065 0 53.1093
3 16 18.5 -5.25 65.9746 21.5 -5.25 65.9746 15.7452 -5.25 55.7452
3 16 15.7452 -5.25 55.7452 21.5 -5.25 65.9746 17.5065 -5.25 53.1093
3 16 17.5065 -5.25 53.1093 21.5 -5.25 65.9746 18.125 -5.25 50
3 16 18.125 -5.25 50 21.5 -5.25 65.9746 29.3137 -5.25 67.479
3 16 17.5065 -5.25 53.1093 18.125 -5.25 50 17.5065 0 53.1093
3 16 17.5065 0 53.1093 18.125 -5.25 50 18.125 0 50
3 16 6.9784 -10.5 57.5361 -6.25 -10.5 61.6596 6.9784 -10.5 61.6596
3 16 -6.25 -10.5 53 -6.25 -10.5 61.6596 2.4702 -10.5 53.0524
3 16 2.4702 -10.5 53.0524 2.4702 -5.25 53.0524 -6.25 -10.5 53
3 16 -6.25 -10.5 53 2.4702 -5.25 53.0524 -6.25 -5.25 53
3 16 -6.25 -10.5 61.6596 6.9784 -10.5 57.5361 4.2548 -10.5 55.7452
3 16 2.4702 -10.5 53.0524 -6.25 -10.5 61.6596 4.2548 -10.5 55.7452
3 16 6.9784 -5.25 65.3019 6.9784 -6.3049 65.67 6.9784 -5.25 67.5
3 16 6.9784 -5.25 67.5 6.9784 -6.3049 65.67 6.9784 -5.5942 67.5
3 16 29.485 -2.0501 68.1084 29.3602 -2.0326 67.479 21.5 0 68.3009
3 16 21.5 0 68.3009 29.3602 -2.0326 67.479 21.4985 0 67.479
3 16 30 -93.3006 79.7282 30.0382 -93.2505 82.6473 30 -58.6503 76.2391
3 16 30 -75.2412 89.8953 30 -58.6503 76.2391 30.0382 -93.2505 82.6473
3 16 156.4705 -100.45 42.0378 154.2257 -100.45 42.3918 155.9245 -100.45 40
3 16 155.9245 -100.45 40 154.2257 -100.45 42.3918 153.75 -100.45 40
3 16 162.0377 -100.45 43.5295 162.3918 -100.45 45.7743 160 -100.45 44.0755
3 16 160 -100.45 44.0755 162.3918 -100.45 45.7743 160 -100.45 46.25
3 16 165.7742 -100.45 37.6082 163.5295 -100.45 37.9623 164.4194 -100.45 35.5806
3 16 162.3918 -100.45 34.2258 164.4194 -100.45 35.5806 162.0377 -100.45 36.4705
3 16 162.0377 -100.45 36.4705 164.4194 -100.45 35.5806 163.5295 -100.45 37.9623
3 16 157.9622 -100.45 36.4705 156.4705 -100.45 37.9623 155.5806 -100.45 35.5806
3 16 155.5806 -100.45 35.5806 156.4705 -100.45 37.9623 154.2257 -100.45 37.6082
3 16 157.9622 -100.45 36.4705 157.6082 -100.45 34.2258 160 -100.45 35.9245
3 16 160 -100.45 35.9245 157.6082 -100.45 34.2258 160 -100.45 33.75
3 16 163.5295 -100.45 42.0378 164.0755 -100.45 40 165.7742 -100.45 42.3918
3 16 165.7742 -100.45 42.3918 164.0755 -100.45 40 166.25 -100.45 40
3 16 162.0377 -100.45 43.5295 163.5295 -100.45 42.0378 164.4194 -100.45 44.4194
3 16 164.4194 -100.45 44.4194 163.5295 -100.45 42.0378 165.7742 -100.45 42.3918
3 16 160 -100.45 46.25 157.6082 -100.45 45.7743 160 -100.45 44.0755
3 16 160 -100.45 44.0755 157.6082 -100.45 45.7743 157.9622 -100.45 43.5295
3 16 163.5295 -100.45 37.9623 165.7742 -100.45 37.6082 164.0755 -100.45 40
3 16 164.0755 -100.45 40 165.7742 -100.45 37.6082 166.25 -100.45 40
3 16 157.9622 -100.45 43.5295 157.6082 -100.45 45.7743 155.5806 -100.45 44.4194
3 16 157.9622 -100.45 43.5295 155.5806 -100.45 44.4194 156.4705 -100.45 42.0378
3 16 156.4705 -100.45 42.0378 155.5806 -100.45 44.4194 154.2257 -100.45 42.3918
3 16 155.9245 -95.45 40 156.4705 -95.45 42.0378 155.9245 -100.45 40
3 16 155.9245 -100.45 40 156.4705 -95.45 42.0378 156.4705 -100.45 42.0378
3 16 156.5 -95.45 40 156.9689 -95.45 41.75 155.9245 -95.45 40
3 16 155.9245 -95.45 40 156.9689 -95.45 41.75 156.4705 -95.45 42.0378
3 16 156.4705 -95.45 42.0378 157.9622 -95.45 43.5295 156.4705 -100.45 42.0378
3 16 156.4705 -100.45 42.0378 157.9622 -95.45 43.5295 157.9622 -100.45 43.5295
3 16 156.9689 -95.45 41.75 158.25 -95.45 43.0311 156.4705 -95.45 42.0378
3 16 156.4705 -95.45 42.0378 158.25 -95.45 43.0311 157.9622 -95.45 43.5295
3 16 157.9622 -95.45 43.5295 160 -95.45 44.0755 157.9622 -100.45 43.5295
3 16 157.9622 -100.45 43.5295 160 -95.45 44.0755 160 -100.45 44.0755
3 16 158.25 -95.45 43.0311 160 -95.45 43.5 157.9622 -95.45 43.5295
3 16 157.9622 -95.45 43.5295 160 -95.45 43.5 160 -95.45 44.0755
3 16 160 -95.45 44.0755 162.0377 -95.45 43.5295 160 -100.45 44.0755
3 16 160 -100.45 44.0755 162.0377 -95.45 43.5295 162.0377 -100.45 43.5295
3 16 160 -95.45 43.5 161.75 -95.45 43.0311 160 -95.45 44.0755
3 16 160 -95.45 44.0755 161.75 -95.45 43.0311 162.0377 -95.45 43.5295
3 16 162.0377 -95.45 43.5295 163.5295 -95.45 42.0378 162.0377 -100.45 43.5295
3 16 162.0377 -100.45 43.5295 163.5295 -95.45 42.0378 163.5295 -100.45 42.0378
3 16 161.75 -95.45 43.0311 163.0311 -95.45 41.75 162.0377 -95.45 43.5295
3 16 162.0377 -95.45 43.5295 163.0311 -95.45 41.75 163.5295 -95.45 42.0378
3 16 163.5295 -95.45 42.0378 164.0755 -95.45 40 163.5295 -100.45 42.0378
3 16 163.5295 -100.45 42.0378 164.0755 -95.45 40 164.0755 -100.45 40
3 16 163.0311 -95.45 41.75 163.5 -95.45 40 163.5295 -95.45 42.0378
3 16 163.5295 -95.45 42.0378 163.5 -95.45 40 164.0755 -95.45 40
3 16 164.0755 -95.45 40 163.5295 -95.45 37.9623 164.0755 -100.45 40
3 16 164.0755 -100.45 40 163.5295 -95.45 37.9623 163.5295 -100.45 37.9623
3 16 163.5 -95.45 40 163.0311 -95.45 38.25 164.0755 -95.45 40
3 16 164.0755 -95.45 40 163.0311 -95.45 38.25 163.5295 -95.45 37.9623
3 16 163.5295 -95.45 37.9623 162.0377 -95.45 36.4705 163.5295 -100.45 37.9623
3 16 163.5295 -100.45 37.9623 162.0377 -95.45 36.4705 162.0377 -100.45 36.4705
3 16 163.5295 -95.45 37.9623 163.0311 -95.45 38.25 162.0377 -95.45 36.4705
3 16 162.0377 -95.45 36.4705 163.0311 -95.45 38.25 161.75 -95.45 36.9689
3 16 162.0377 -95.45 36.4705 160 -95.45 35.9245 162.0377 -100.45 36.4705
3 16 162.0377 -100.45 36.4705 160 -95.45 35.9245 160 -100.45 35.9245
3 16 161.75 -95.45 36.9689 160 -95.45 36.5 162.0377 -95.45 36.4705
3 16 162.0377 -95.45 36.4705 160 -95.45 36.5 160 -95.45 35.9245
3 16 160 -95.45 35.9245 157.9622 -95.45 36.4705 160 -100.45 35.9245
3 16 160 -100.45 35.9245 157.9622 -95.45 36.4705 157.9622 -100.45 36.4705
3 16 160 -95.45 36.5 158.25 -95.45 36.9689 160 -95.45 35.9245
3 16 160 -95.45 35.9245 158.25 -95.45 36.9689 157.9622 -95.45 36.4705
3 16 157.9622 -95.45 36.4705 156.4705 -95.45 37.9623 157.9622 -100.45 36.4705
3 16 157.9622 -100.45 36.4705 156.4705 -95.45 37.9623 156.4705 -100.45 37.9623
3 16 158.25 -95.45 36.9689 156.9689 -95.45 38.25 157.9622 -95.45 36.4705
3 16 157.9622 -95.45 36.4705 156.9689 -95.45 38.25 156.4705 -95.45 37.9623
3 16 156.9689 -95.45 38.25 156.5 -95.45 40 156.4705 -95.45 37.9623
3 16 156.4705 -95.45 37.9623 156.5 -95.45 40 155.9245 -95.45 40
3 16 156.4705 -95.45 37.9623 155.9245 -95.45 40 156.4705 -100.45 37.9623
3 16 156.4705 -100.45 37.9623 155.9245 -95.45 40 155.9245 -100.45 40
3 16 163.5557 -79.8734 40 163.5 -95.45 40 163.0793 -80.1078 41.7779
3 16 163.0793 -80.1078 41.7779 163.5 -95.45 40 163.0311 -95.45 41.75
3 16 163.5557 -79.8734 40 163.0793 -80.1078 41.7779 160.2389 -77.4768 40.0692
3 16 163.0793 -80.1078 41.7779 161.7779 -79.6433 43.0794 160.2389 -77.4768 40.0692
3 16 161.7779 -79.6433 43.0794 163.0793 -80.1078 41.7779 161.75 -95.45 43.0311
3 16 161.75 -95.45 43.0311 163.0793 -80.1078 41.7779 163.0311 -95.45 41.75
3 16 161.7779 -79.6433 43.0794 160 -78.5167 43.5557 160.2389 -77.4768 40.0692
3 16 160 -78.5167 43.5557 161.7779 -79.6433 43.0794 160 -95.45 43.5
3 16 160 -95.45 43.5 161.7779 -79.6433 43.0794 161.75 -95.45 43.0311
3 16 160 -78.5167 43.5557 158.2221 -77.0121 43.0794 160.2389 -77.4768 40.0692
3 16 158.2221 -77.0121 43.0794 160 -78.5167 43.5557 158.25 -95.45 43.0311
3 16 158.25 -95.45 43.0311 160 -78.5167 43.5557 160 -95.45 43.5
3 16 158.2221 -77.0121 43.0794 156.9206 -75.5906 41.7779 160.2389 -77.4768 40.0692
3 16 156.9206 -75.5906 41.7779 158.2221 -77.0121 43.0794 156.9689 -95.45 41.75
3 16 156.9689 -95.45 41.75 158.2221 -77.0121 43.0794 158.25 -95.45 43.0311
3 16 156.9206 -75.5906 41.7779 156.4442 -74.6992 40 160.2389 -77.4768 40.0692
3 16 156.4442 -74.6992 40 156.9206 -75.5906 41.7779 156.5 -95.45 40
3 16 156.5 -95.45 40 156.9206 -75.5906 41.7779 156.9689 -95.45 41.75
3 16 156.4442 -74.6992 40 156.9206 -74.6016 38.2221 160.2389 -77.4768 40.0692
3 16 156.9206 -74.6016 38.2221 156.4442 -74.6992 40 156.9689 -95.45 38.25
3 16 156.9689 -95.45 38.25 156.4442 -74.6992 40 156.5 -95.45 40
3 16 156.9206 -74.6016 38.2221 158.2221 -75.2711 36.9206 160.2389 -77.4768 40.0692
3 16 156.9206 -74.6016 38.2221 156.9689 -95.45 38.25 158.2221 -75.2711 36.9206
3 16 158.2221 -75.2711 36.9206 156.9689 -95.45 38.25 158.25 -95.45 36.9689
3 16 158.2221 -75.2711 36.9206 160 -76.4534 36.4443 160.2389 -77.4768 40.0692
3 16 158.2221 -75.2711 36.9206 158.25 -95.45 36.9689 160 -76.4534 36.4443
3 16 160 -76.4534 36.4443 158.25 -95.45 36.9689 160 -95.45 36.5
3 16 160 -76.4534 36.4443 161.7779 -77.8222 36.9206 160.2389 -77.4768 40.0692
3 16 160 -76.4534 36.4443 160 -95.45 36.5 161.7779 -77.8222 36.9206
3 16 161.7779 -77.8222 36.9206 160 -95.45 36.5 161.75 -95.45 36.9689
3 16 161.7779 -77.8222 36.9206 163.0793 -79.0377 38.2221 160.2389 -77.4768 40.0692
3 16 161.7779 -77.8222 36.9206 161.75 -95.45 36.9689 163.0793 -79.0377 38.2221
3 16 163.0793 -79.0377 38.2221 161.75 -95.45 36.9689 163.0311 -95.45 38.25
3 16 163.0793 -79.0377 38.2221 163.0311 -95.45 38.25 163.5557 -79.8734 40
3 16 163.5557 -79.8734 40 163.0311 -95.45 38.25 163.5 -95.45 40
3 16 163.0793 -79.0377 38.2221 163.5557 -79.8734 40 160.2389 -77.4768 40.0692
3 16 143.5558 -65.3124 40 143.5 -95.45 40 143.0794 -65.4051 41.7779
3 16 143.0794 -65.4051 41.7779 143.5 -95.45 40 143.0311 -95.45 41.75
3 16 143.5558 -65.3124 40 143.0794 -65.4051 41.7779 140.2389 -62.9039 40.0692
3 16 143.0794 -65.4051 41.7779 141.7779 -64.8124 43.0794 140.2389 -62.9039 40.0692
3 16 141.7779 -64.8124 43.0794 143.0794 -65.4051 41.7779 141.75 -95.45 43.0311
3 16 141.75 -95.45 43.0311 143.0794 -65.4051 41.7779 143.0311 -95.45 41.75
3 16 141.7779 -64.8124 43.0794 140 -63.6238 43.5557 140.2389 -62.9039 40.0692
3 16 140 -63.6238 43.5557 141.7779 -64.8124 43.0794 140 -95.45 43.5
3 16 140 -95.45 43.5 141.7779 -64.8124 43.0794 141.75 -95.45 43.0311
3 16 140 -63.6238 43.5557 138.2221 -62.1601 43.0794 140.2389 -62.9039 40.0692
3 16 138.2221 -62.1601 43.0794 140 -63.6238 43.5557 138.25 -95.45 43.0311
3 16 138.25 -95.45 43.0311 140 -63.6238 43.5557 140 -95.45 43.5
3 16 138.2221 -62.1601 43.0794 136.9207 -60.8446 41.7779 140.2389 -62.9039 40.0692
3 16 136.9207 -60.8446 41.7779 138.2221 -62.1601 43.0794 136.9689 -95.45 41.75
3 16 136.9689 -95.45 41.75 138.2221 -62.1601 43.0794 138.25 -95.45 43.0311
3 16 136.9207 -60.8446 41.7779 136.4443 -60.1243 40 140.2389 -62.9039 40.0692
3 16 136.4443 -60.1243 40 136.9207 -60.8446 41.7779 136.5 -95.45 40
3 16 136.5 -95.45 40 136.9207 -60.8446 41.7779 136.9689 -95.45 41.75
3 16 136.4443 -60.1243 40 136.9207 -60.1542 38.2221 140.2389 -62.9039 40.0692
3 16 136.4443 -60.1243 40 136.5 -95.45 40 136.9207 -60.1542 38.2221
3 16 136.9207 -60.1542 38.2221 136.5 -95.45 40 136.9689 -95.45 38.25
3 16 136.9207 -60.1542 38.2221 138.2221 -60.8951 36.9206 140.2389 -62.9039 40.0692
3 16 136.9207 -60.1542 38.2221 136.9689 -95.45 38.25 138.2221 -60.8951 36.9206
3 16 138.2221 -60.8951 36.9206 136.9689 -95.45 38.25 138.25 -95.45 36.9689
3 16 138.2221 -60.8951 36.9206 140 -62.1279 36.4443 140.2389 -62.9039 40.0692
3 16 138.2221 -60.8951 36.9206 138.25 -95.45 36.9689 140 -62.1279 36.4443
3 16 140 -62.1279 36.4443 138.25 -95.45 36.9689 140 -95.45 36.5
3 16 140 -62.1279 36.4443 141.7779 -63.4596 36.9206 140.2389 -62.9039 40.0692
3 16 140 -62.1279 36.4443 140 -95.45 36.5 141.7779 -63.4596 36.9206
3 16 141.7779 -63.4596 36.9206 140 -95.45 36.5 141.75 -95.45 36.9689
3 16 141.7779 -63.4596 36.9206 143.0794 -64.6073 38.2221 140.2389 -62.9039 40.0692
3 16 141.7779 -63.4596 36.9206 141.75 -95.45 36.9689 143.0794 -64.6073 38.2221
3 16 143.0794 -64.6073 38.2221 141.75 -95.45 36.9689 143.0311 -95.45 38.25
3 16 143.0794 -64.6073 38.2221 143.5558 -65.3124 40 140.2389 -62.9039 40.0692
3 16 143.0794 -64.6073 38.2221 143.0311 -95.45 38.25 143.5558 -65.3124 40
3 16 143.5558 -65.3124 40 143.0311 -95.45 38.25 143.5 -95.45 40
3 16 135.9245 -95.45 40 136.4705 -95.45 42.0378 135.9245 -100.45 40
3 16 135.9245 -100.45 40 136.4705 -95.45 42.0378 136.4705 -100.45 42.0378
3 16 136.5 -95.45 40 136.9689 -95.45 41.75 135.9245 -95.45 40
3 16 135.9245 -95.45 40 136.9689 -95.45 41.75 136.4705 -95.45 42.0378
3 16 136.4705 -95.45 42.0378 137.9623 -95.45 43.5295 136.4705 -100.45 42.0378
3 16 136.4705 -100.45 42.0378 137.9623 -95.45 43.5295 137.9623 -100.45 43.5295
3 16 136.9689 -95.45 41.75 138.25 -95.45 43.0311 136.4705 -95.45 42.0378
3 16 136.4705 -95.45 42.0378 138.25 -95.45 43.0311 137.9623 -95.45 43.5295
3 16 137.9623 -95.45 43.5295 140 -95.45 44.0755 137.9623 -100.45 43.5295
3 16 137.9623 -100.45 43.5295 140 -95.45 44.0755 140 -100.45 44.0755
3 16 138.25 -95.45 43.0311 140 -95.45 43.5 137.9623 -95.45 43.5295
3 16 137.9623 -95.45 43.5295 140 -95.45 43.5 140 -95.45 44.0755
3 16 140 -95.45 44.0755 142.0378 -95.45 43.5295 140 -100.45 44.0755
3 16 140 -100.45 44.0755 142.0378 -95.45 43.5295 142.0378 -100.45 43.5295
3 16 140 -95.45 43.5 141.75 -95.45 43.0311 140 -95.45 44.0755
3 16 140 -95.45 44.0755 141.75 -95.45 43.0311 142.0378 -95.45 43.5295
3 16 142.0378 -95.45 43.5295 143.5295 -95.45 42.0378 142.0378 -100.45 43.5295
3 16 142.0378 -100.45 43.5295 143.5295 -95.45 42.0378 143.5295 -100.45 42.0378
3 16 141.75 -95.45 43.0311 143.0311 -95.45 41.75 142.0378 -95.45 43.5295
3 16 142.0378 -95.45 43.5295 143.0311 -95.45 41.75 143.5295 -95.45 42.0378
3 16 143.5295 -95.45 42.0378 144.0755 -95.45 40 143.5295 -100.45 42.0378
3 16 143.5295 -100.45 42.0378 144.0755 -95.45 40 144.0755 -100.45 40
3 16 143.0311 -95.45 41.75 143.5 -95.45 40 143.5295 -95.45 42.0378
3 16 143.5295 -95.45 42.0378 143.5 -95.45 40 144.0755 -95.45 40
3 16 144.0755 -95.45 40 143.5295 -95.45 37.9623 144.0755 -100.45 40
3 16 144.0755 -100.45 40 143.5295 -95.45 37.9623 143.5295 -100.45 37.9623
3 16 143.5 -95.45 40 143.0311 -95.45 38.25 144.0755 -95.45 40
3 16 144.0755 -95.45 40 143.0311 -95.45 38.25 143.5295 -95.45 37.9623
3 16 143.5295 -95.45 37.9623 142.0378 -95.45 36.4705 143.5295 -100.45 37.9623
3 16 143.5295 -100.45 37.9623 142.0378 -95.45 36.4705 142.0378 -100.45 36.4705
3 16 143.5295 -95.45 37.9623 143.0311 -95.45 38.25 142.0378 -95.45 36.4705
3 16 142.0378 -95.45 36.4705 143.0311 -95.45 38.25 141.75 -95.45 36.9689
3 16 142.0378 -95.45 36.4705 140 -95.45 35.9245 142.0378 -100.45 36.4705
3 16 142.0378 -100.45 36.4705 140 -95.45 35.9245 140 -100.45 35.9245
3 16 141.75 -95.45 36.9689 140 -95.45 36.5 142.0378 -95.45 36.4705
3 16 142.0378 -95.45 36.4705 140 -95.45 36.5 140 -95.45 35.9245
3 16 140 -95.45 35.9245 137.9623 -95.45 36.4705 140 -100.45 35.9245
3 16 140 -100.45 35.9245 137.9623 -95.45 36.4705 137.9623 -100.45 36.4705
3 16 140 -95.45 36.5 138.25 -95.45 36.9689 140 -95.45 35.9245
3 16 140 -95.45 35.9245 138.25 -95.45 36.9689 137.9623 -95.45 36.4705
3 16 137.9623 -95.45 36.4705 136.4705 -95.45 37.9623 137.9623 -100.45 36.4705
3 16 137.9623 -100.45 36.4705 136.4705 -95.45 37.9623 136.4705 -100.45 37.9623
3 16 138.25 -95.45 36.9689 136.9689 -95.45 38.25 137.9623 -95.45 36.4705
3 16 137.9623 -95.45 36.4705 136.9689 -95.45 38.25 136.4705 -95.45 37.9623
3 16 136.9689 -95.45 38.25 136.5 -95.45 40 136.4705 -95.45 37.9623
3 16 136.4705 -95.45 37.9623 136.5 -95.45 40 135.9245 -95.45 40
3 16 136.4705 -95.45 37.9623 135.9245 -95.45 40 136.4705 -100.45 37.9623
3 16 136.4705 -100.45 37.9623 135.9245 -95.45 40 135.9245 -100.45 40
3 16 4.4194 -28.45 84.4266 5.7742 -28.45 82.399 4.4194 -19.4865 84.4266
3 16 4.4194 -19.4865 84.4266 5.7742 -28.45 82.399 5.7248 -17.3596 82.3785
3 16 5.7742 -28.45 82.399 4.4194 -28.45 84.4266 3.6806 -28.45 82.1322
3 16 3.6806 -28.45 82.1322 4.4194 -28.45 84.4266 2.125 -28.45 83.6878
3 16 4.4194 -28.45 84.4266 2.3918 -28.45 85.7814 2.125 -28.45 83.6878
3 16 2.3918 -28.45 85.7814 4.4194 -28.45 84.4266 2.3918 -20.8459 85.7814
3 16 2.3918 -20.8459 85.7814 4.4194 -28.45 84.4266 4.4194 -19.4865 84.4266
3 16 5.7248 -17.3596 82.3785 5.7742 -28.45 82.399 6.25 -24 80.0036
3 16 6.25 -24 80.0036 5.7742 -28.45 82.399 6.25 -28.45 80.0072
3 16 6.25 -28.45 80.0072 5.7742 -28.45 82.399 4.25 -28.45 80.0072
3 16 4.25 -28.45 80.0072 5.7742 -28.45 82.399 3.6806 -28.45 82.1322
3 16 6.25 -28.45 80.0072 4.25 -28.45 80.0072 5.7742 -28.45 77.6154
3 16 5.7742 -28.45 77.6154 4.25 -28.45 80.0072 3.6806 -28.45 77.8822
3 16 0 -28.45 86.2572 0 -28.45 84.2572 2.3918 -28.45 85.7814
3 16 2.3918 -28.45 85.7814 0 -28.45 84.2572 2.125 -28.45 83.6878
3 16 0 -28.45 86.2572 2.3918 -28.45 85.7814 0 -21.3889 86.2572
3 16 0 -21.3889 86.2572 2.3918 -28.45 85.7814 2.3918 -20.8459 85.7814
3 16 0 -28.45 86.2572 -2.3918 -28.45 85.7814 0 -28.45 84.2572
3 16 0 -28.45 84.2572 -2.3918 -28.45 85.7814 -2.125 -28.45 83.6878
3 16 0 -28.45 86.2572 0 -21.3889 86.2572 -2.3918 -28.45 85.7814
3 16 -2.3918 -28.45 85.7814 0 -21.3889 86.2572 -2.3918 -21.169 85.7814
3 16 4.4194 -28.45 75.5878 4.4247 -21.868 75.5946 5.4013 -24 76.8629
3 16 5.4013 -24 76.8629 4.4247 -21.868 75.5946 5.4 -20.6663 76.8657
3 16 4.4194 -28.45 75.5878 5.7742 -28.45 77.6154 3.6806 -28.45 77.8822
3 16 -2.3918 -28.45 85.7814 -2.3918 -21.169 85.7814 -4.4194 -28.45 84.4266
3 16 -4.4194 -28.45 84.4266 -2.3918 -21.169 85.7814 -4.4194 -19.4848 84.4266
3 16 -2.3918 -28.45 85.7814 -4.4194 -28.45 84.4266 -2.125 -28.45 83.6878
3 16 2.3918 -28.45 74.233 2.3918 -22.6575 74.233 4.4194 -28.45 75.5878
3 16 4.4194 -28.45 75.5878 2.3918 -22.6575 74.233 4.4247 -21.868 75.5946
3 16 2.3918 -28.45 74.233 4.4194 -28.45 75.5878 2.125 -28.45 76.3266
3 16 2.125 -28.45 76.3266 4.4194 -28.45 75.5878 3.6806 -28.45 77.8822
3 16 -5.7742 -28.45 82.399 -3.6806 -28.45 82.1322 -4.4194 -28.45 84.4266
3 16 -4.4194 -28.45 84.4266 -3.6806 -28.45 82.1322 -2.125 -28.45 83.6878
3 16 -4.4194 -28.45 84.4266 -4.4194 -19.4848 84.4266 -5.7742 -28.45 82.399
3 16 -5.7742 -28.45 82.399 -4.4194 -19.4848 84.4266 -5.7248 -17.3551 82.399
3 16 0 -28.45 73.7572 0 -22.939 73.7572 2.3918 -28.45 74.233
3 16 2.3918 -28.45 74.233 0 -22.939 73.7572 2.3918 -22.6575 74.233
3 16 0 -28.45 73.7572 2.3918 -28.45 74.233 0 -28.45 75.7572
3 16 0 -28.45 75.7572 2.3918 -28.45 74.233 2.125 -28.45 76.3266
3 16 0 -28.45 73.7572 -2.3918 -28.45 74.233 0 -22.939 73.7572
3 16 0 -22.939 73.7572 -2.3918 -28.45 74.233 -2.3918 -22.6575 74.233
3 16 0 -28.45 73.7572 0 -28.45 75.7572 -2.3918 -28.45 74.233
3 16 -2.3918 -28.45 74.233 0 -28.45 75.7572 -2.125 -28.45 76.3266
3 16 -6.25 -28.45 80.0072 -4.25 -28.45 80.0072 -5.7742 -28.45 82.399
3 16 -5.7742 -28.45 82.399 -4.25 -28.45 80.0072 -3.6806 -28.45 82.1322
3 16 -5.7742 -28.45 82.399 -5.7248 -17.3551 82.399 -6.25 -28.45 80.0072
3 16 -6.25 -28.45 80.0072 -5.7248 -17.3551 82.399 -6.25 -14.8825 80.0072
3 16 -6.25 -28.45 80.0072 -5.7742 -28.45 77.6154 -4.25 -28.45 80.0072
3 16 -4.25 -28.45 80.0072 -5.7742 -28.45 77.6154 -3.6806 -28.45 77.8822
3 16 -6.1415 -14.1184 79.2581 -6.1064 -16.9746 78.9164 -6.25 -14.8825 80.0072
3 16 -6.25 -14.8825 80.0072 -6.1064 -16.9746 78.9164 -6.25 -28.45 80.0072
3 16 -6.1064 -16.9746 78.9164 -5.9486 -18.8328 78.1761 -6.25 -28.45 80.0072
3 16 -5.7742 -28.45 77.6154 -6.25 -28.45 80.0072 -5.4127 -20.6507 76.8822
3 16 -5.4127 -20.6507 76.8822 -6.25 -28.45 80.0072 -5.9486 -18.8328 78.1761
3 16 -2.3918 -28.45 74.233 -4.4194 -28.45 75.5878 -2.3918 -22.6575 74.233
3 16 -2.3918 -22.6575 74.233 -4.4194 -28.45 75.5878 -4.4247 -21.868 75.5946
3 16 -2.3918 -28.45 74.233 -2.125 -28.45 76.3266 -4.4194 -28.45 75.5878
3 16 -4.4194 -28.45 75.5878 -2.125 -28.45 76.3266 -3.6806 -28.45 77.8822
3 16 -5.7742 -28.45 77.6154 -4.4194 -28.45 75.5878 -3.6806 -28.45 77.8822
3 16 -4.4194 -28.45 75.5878 -5.7742 -28.45 77.6154 -4.4247 -21.868 75.5946
3 16 -4.4247 -21.868 75.5946 -5.7742 -28.45 77.6154 -5.4127 -20.6507 76.8822
3 16 4.4194 -13.5 55.5806 4.4194 -28.45 55.5806 2.3918 -13.5 54.2258
3 16 2.3918 -13.5 54.2258 4.4194 -28.45 55.5806 2.3918 -28.45 54.2258
3 16 5.7742 -13.5 57.6082 5.7742 -28.45 57.6082 4.4194 -13.5 55.5806
3 16 4.4194 -13.5 55.5806 5.7742 -28.45 57.6082 4.4194 -28.45 55.5806
3 16 2.3918 -13.5 54.2258 2.3918 -28.45 54.2258 0 -13.5 53.75
3 16 0 -13.5 53.75 2.3918 -28.45 54.2258 0 -28.45 53.75
3 16 0 -13.5 53.75 0 -28.45 53.75 -2.3918 -13.5 54.2258
3 16 -2.3918 -13.5 54.2258 0 -28.45 53.75 -2.3918 -28.45 54.2258
3 16 -2.3918 -13.5 54.2258 -2.3918 -28.45 54.2258 -4.4194 -13.5 55.5806
3 16 -4.4194 -13.5 55.5806 -2.3918 -28.45 54.2258 -4.4194 -28.45 55.5806
3 16 -4.4194 -13.5 55.5806 -4.4194 -28.45 55.5806 -5.7742 -13.5 57.6082
3 16 -5.7742 -13.5 57.6082 -4.4194 -28.45 55.5806 -5.7742 -28.45 57.6082
3 16 2.3918 -28.45 65.7743 4.4194 -28.45 64.4194 2.3918 -22.6884 65.7743
3 16 2.3918 -22.6884 65.7743 4.4194 -28.45 64.4194 4.4247 -21.868 64.4126
3 16 -5.7742 -13.5 57.6082 -5.7742 -28.45 57.6082 -6.25 -13.5 60
3 16 -6.25 -13.5 60 -5.7742 -28.45 57.6082 -6.25 -28.45 60
3 16 0 -28.45 66.25 2.3918 -28.45 65.7743 0 -22.939 66.25
3 16 0 -22.939 66.25 2.3918 -28.45 65.7743 2.3918 -22.6884 65.7743
3 16 -6.1064 -16.9746 61.0908 -6.25 -28.45 60 -5.7742 -19.6429 62.3918
3 16 -5.7742 -19.6429 62.3918 -6.25 -28.45 60 -5.7742 -28.45 62.3918
3 16 -2.3918 -22.6827 65.7743 -2.3918 -28.45 65.7743 0 -22.939 66.25
3 16 0 -22.939 66.25 -2.3918 -28.45 65.7743 0 -28.45 66.25
3 16 -5.7742 -19.6429 62.3918 -5.7742 -28.45 62.3918 -4.4247 -21.868 64.4126
3 16 -4.4247 -21.868 64.4126 -5.7742 -28.45 62.3918 -4.4194 -28.45 64.4194
3 16 -4.4247 -21.868 64.4126 -4.4194 -28.45 64.4194 -2.3918 -22.6827 65.7743
3 16 -2.3918 -22.6827 65.7743 -4.4194 -28.45 64.4194 -2.3918 -28.45 65.7743
3 16 25.7743 -28.45 82.399 26.25 -28.45 80.0072 25.7743 -17.3722 82.399
3 16 25.7743 -17.3722 82.399 26.25 -28.45 80.0072 26.25 -14.9711 80.0072
3 16 24.4194 -28.45 84.4266 25.7743 -28.45 82.399 24.4194 -19.4911 84.4266
3 16 24.4194 -19.4911 84.4266 25.7743 -28.45 82.399 25.7743 -17.3722 82.399
3 16 22.3918 -28.45 85.7814 24.4194 -28.45 84.4266 22.3918 -20.8958 85.7814
3 16 22.3918 -20.8958 85.7814 24.4194 -28.45 84.4266 24.4194 -19.4911 84.4266
3 16 20 -28.45 86.2572 22.3918 -28.45 85.7814 20 -21.4052 86.2572
3 16 20 -21.4052 86.2572 22.3918 -28.45 85.7814 22.3918 -20.8958 85.7814
3 16 20 -28.45 86.2572 20 -21.4052 86.2572 17.6082 -28.45 85.7814
3 16 17.6082 -28.45 85.7814 20 -21.4052 86.2572 17.6082 -20.9229 85.7814
3 16 17.6082 -28.45 85.7814 17.6082 -20.9229 85.7814 15.5806 -28.45 84.4266
3 16 15.5806 -28.45 84.4266 17.6082 -20.9229 85.7814 15.5806 -19.4967 84.4266
3 16 15.5806 -28.45 84.4266 15.5806 -19.4967 84.4266 14.2258 -28.45 82.399
3 16 14.2258 -28.45 82.399 15.5806 -19.4967 84.4266 14.2258 -17.3671 82.399
3 16 14.2258 -28.45 82.399 14.2258 -17.3671 82.399 13.75 -28.45 80.0072
3 16 13.75 -28.45 80.0072 14.2258 -17.3671 82.399 13.75 -14.8928 80.0072
3 16 13.75 -28.45 80.0072 13.75 -14.8928 80.0072 14.2258 -28.45 77.6154
3 16 14.2258 -28.45 77.6154 13.75 -14.8928 80.0072 14.2258 -12.4066 77.6154
3 16 14.2258 -28.45 77.6154 14.2258 -12.4066 77.6154 15.5806 -28.45 75.5878
3 16 15.5806 -28.45 75.5878 14.2258 -12.4066 77.6154 15.5806 -10.3139 75.5878
3 16 15.5806 -28.45 75.5878 15.5806 -10.3139 75.5878 17.6082 -28.45 74.233
3 16 17.6082 -28.45 74.233 15.5806 -10.3139 75.5878 17.6082 -8.912 74.233
3 16 17.6082 -28.45 74.233 17.6082 -8.912 74.233 20 -28.45 73.7572
3 16 20 -28.45 73.7572 17.6082 -8.912 74.233 20 -8.5272 73.7572
3 16 22.3918 -28.45 74.233 20 -28.45 73.7572 22.3918 -9.1517 74.233
3 16 22.3918 -9.1517 74.233 20 -28.45 73.7572 20 -8.5272 73.7572
3 16 24.4194 -28.45 75.5878 22.3918 -28.45 74.233 24.4194 -10.6033 75.5878
3 16 24.4194 -10.6033 75.5878 22.3918 -28.45 74.233 22.3918 -9.1517 74.233
3 16 25.7743 -28.45 77.6154 24.4194 -28.45 75.5878 25.7743 -12.6253 77.6154
3 16 25.7743 -12.6253 77.6154 24.4194 -28.45 75.5878 24.4194 -10.6033 75.5878
3 16 26.25 -28.45 80.0072 25.7743 -28.45 77.6154 26.25 -14.9711 80.0072
3 16 26.25 -14.9711 80.0072 25.7743 -28.45 77.6154 25.7743 -12.6253 77.6154
3 16 4.1052 -28.45 58.9 3.0052 -28.45 56.9948 5.7742 -28.45 57.6082
3 16 5.7742 -28.45 57.6082 3.0052 -28.45 56.9948 4.4194 -28.45 55.5806
3 16 4.4194 -28.45 55.5806 3.0052 -28.45 56.9948 2.3918 -28.45 54.2258
3 16 2.3918 -28.45 54.2258 3.0052 -28.45 56.9948 1.1 -28.45 55.8948
3 16 1.1 -28.45 55.8948 0 -28.45 53.75 2.3918 -28.45 54.2258
3 16 4.1052 -28.45 61.1 4.1052 -28.45 58.9 6.25 -28.45 60
3 16 6.25 -28.45 60 4.1052 -28.45 58.9 5.7742 -28.45 57.6082
3 16 1.1 -28.45 55.8948 -1.1 -28.45 55.8948 0 -28.45 53.75
3 16 0 -28.45 53.75 -1.1 -28.45 55.8948 -2.3918 -28.45 54.2258
3 16 4.1052 -28.45 61.1 6.25 -28.45 60 5.7742 -28.45 62.3918
3 16 4.1052 -28.45 61.1 5.7742 -28.45 62.3918 3.0052 -28.45 63.0052
3 16 3.0052 -28.45 63.0052 5.7742 -28.45 62.3918 4.4194 -28.45 64.4194
3 16 -1.1 -28.45 55.8948 -3.0052 -28.45 56.9948 -2.3918 -28.45 54.2258
3 16 -2.3918 -28.45 54.2258 -3.0052 -28.45 56.9948 -4.4194 -28.45 55.5806
3 16 -3.0052 -28.45 56.9948 -5.7742 -28.45 57.6082 -4.4194 -28.45 55.5806
3 16 1.1 -28.45 64.1052 3.0052 -28.45 63.0052 2.3918 -28.45 65.7743
3 16 2.3918 -28.45 65.7743 3.0052 -28.45 63.0052 4.4194 -28.45 64.4194
3 16 -3.0052 -28.45 56.9948 -4.1052 -28.45 58.9 -5.7742 -28.45 57.6082
3 16 -5.7742 -28.45 57.6082 -4.1052 -28.45 58.9 -6.25 -28.45 60
3 16 -1.1 -28.45 64.1052 1.1 -28.45 64.1052 0 -28.45 66.25
3 16 0 -28.45 66.25 1.1 -28.45 64.1052 2.3918 -28.45 65.7743
3 16 -4.1052 -28.45 58.9 -4.1052 -28.45 61.1 -6.25 -28.45 60
3 16 -6.25 -28.45 60 -4.1052 -28.45 61.1 -5.7742 -28.45 62.3918
3 16 -1.1 -28.45 64.1052 0 -28.45 66.25 -2.3918 -28.45 65.7743
3 16 -1.1 -28.45 64.1052 -2.3918 -28.45 65.7743 -3.0052 -28.45 63.0052
3 16 -3.0052 -28.45 63.0052 -2.3918 -28.45 65.7743 -4.4194 -28.45 64.4194
3 16 -4.1052 -28.45 61.1 -3.0052 -28.45 63.0052 -5.7742 -28.45 62.3918
3 16 -5.7742 -28.45 62.3918 -3.0052 -28.45 63.0052 -4.4194 -28.45 64.4194
3 16 23.6806 -28.45 82.1322 24.25 -28.45 80.0072 25.7743 -28.45 82.399
3 16 25.7743 -28.45 82.399 24.25 -28.45 80.0072 26.25 -28.45 80.0072
3 16 22.125 -28.45 83.6878 23.6806 -28.45 82.1322 24.4194 -28.45 84.4266
3 16 24.4194 -28.45 84.4266 23.6806 -28.45 82.1322 25.7743 -28.45 82.399
3 16 22.125 -28.45 83.6878 24.4194 -28.45 84.4266 22.3918 -28.45 85.7814
3 16 22.125 -28.45 83.6878 22.3918 -28.45 85.7814 20 -28.45 84.2572
3 16 20 -28.45 84.2572 22.3918 -28.45 85.7814 20 -28.45 86.2572
3 16 20 -28.45 86.2572 17.6082 -28.45 85.7814 20 -28.45 84.2572
3 16 20 -28.45 84.2572 17.6082 -28.45 85.7814 17.875 -28.45 83.6878
3 16 17.875 -28.45 83.6878 17.6082 -28.45 85.7814 15.5806 -28.45 84.4266
3 16 17.875 -28.45 83.6878 15.5806 -28.45 84.4266 16.3194 -28.45 82.1322
3 16 16.3194 -28.45 82.1322 15.5806 -28.45 84.4266 14.2258 -28.45 82.399
3 16 16.3194 -28.45 82.1322 14.2258 -28.45 82.399 15.75 -28.45 80.0072
3 16 15.75 -28.45 80.0072 14.2258 -28.45 82.399 13.75 -28.45 80.0072
3 16 13.75 -28.45 80.0072 14.2258 -28.45 77.6154 15.75 -28.45 80.0072
3 16 15.75 -28.45 80.0072 14.2258 -28.45 77.6154 16.3194 -28.45 77.8822
3 16 16.3194 -28.45 77.8822 14.2258 -28.45 77.6154 15.5806 -28.45 75.5878
3 16 16.3194 -28.45 77.8822 15.5806 -28.45 75.5878 17.875 -28.45 76.3266
3 16 17.875 -28.45 76.3266 15.5806 -28.45 75.5878 17.6082 -28.45 74.233
3 16 17.875 -28.45 76.3266 17.6082 -28.45 74.233 20 -28.45 75.7572
3 16 20 -28.45 75.7572 17.6082 -28.45 74.233 20 -28.45 73.7572
3 16 20 -28.45 73.7572 22.3918 -28.45 74.233 20 -28.45 75.7572
3 16 20 -28.45 75.7572 22.3918 -28.45 74.233 22.125 -28.45 76.3266
3 16 23.6806 -28.45 77.8822 22.125 -28.45 76.3266 24.4194 -28.45 75.5878
3 16 24.4194 -28.45 75.5878 22.125 -28.45 76.3266 22.3918 -28.45 74.233
3 16 23.6806 -28.45 77.8822 24.4194 -28.45 75.5878 25.7743 -28.45 77.6154
3 16 23.6806 -28.45 77.8822 25.7743 -28.45 77.6154 24.25 -28.45 80.0072
3 16 24.25 -28.45 80.0072 25.7743 -28.45 77.6154 26.25 -28.45 80.0072
3 16 23.0408 -23.45 78.2516 23.6806 -23.45 77.8822 23.5112 -23.45 80.0072
3 16 23.5112 -23.45 80.0072 23.6806 -23.45 77.8822 24.25 -23.45 80.0072
3 16 23.6806 -28.45 77.8822 24.25 -28.45 80.0072 23.6806 -23.45 77.8822
3 16 23.6806 -23.45 77.8822 24.25 -28.45 80.0072 24.25 -23.45 80.0072
3 16 24.25 -23.45 80.0072 24.25 -28.45 80.0072 23.6806 -23.45 82.1322
3 16 23.6806 -23.45 82.1322 24.25 -28.45 80.0072 23.6806 -28.45 82.1322
3 16 24.25 -23.45 80.0072 23.6806 -23.45 82.1322 23.5112 -23.45 80.0072
3 16 23.5112 -23.45 80.0072 23.6806 -23.45 82.1322 23.0408 -23.45 81.7628
3 16 23.6806 -23.45 82.1322 23.6806 -28.45 82.1322 22.125 -23.45 83.6878
3 16 22.125 -23.45 83.6878 23.6806 -28.45 82.1322 22.125 -28.45 83.6878
3 16 23.6806 -23.45 82.1322 22.125 -23.45 83.6878 23.0408 -23.45 81.7628
3 16 23.0408 -23.45 81.7628 22.125 -23.45 83.6878 21.7556 -23.45 83.048
3 16 22.125 -23.45 83.6878 22.125 -28.45 83.6878 20 -23.45 84.2572
3 16 20 -23.45 84.2572 22.125 -28.45 83.6878 20 -28.45 84.2572
3 16 22.125 -23.45 83.6878 20 -23.45 84.2572 21.7556 -23.45 83.048
3 16 21.7556 -23.45 83.048 20 -23.45 84.2572 20 -23.45 83.5184
3 16 20 -23.45 84.2572 20 -28.45 84.2572 17.875 -23.45 83.6878
3 16 17.875 -23.45 83.6878 20 -28.45 84.2572 17.875 -28.45 83.6878
3 16 20 -23.45 84.2572 17.875 -23.45 83.6878 20 -23.45 83.5184
3 16 20 -23.45 83.5184 17.875 -23.45 83.6878 18.2444 -23.45 83.048
3 16 17.875 -23.45 83.6878 17.875 -28.45 83.6878 16.3194 -23.45 82.1322
3 16 16.3194 -23.45 82.1322 17.875 -28.45 83.6878 16.3194 -28.45 82.1322
3 16 17.875 -23.45 83.6878 16.3194 -23.45 82.1322 18.2444 -23.45 83.048
3 16 18.2444 -23.45 83.048 16.3194 -23.45 82.1322 16.9592 -23.45 81.7628
3 16 16.3194 -23.45 82.1322 16.3194 -28.45 82.1322 15.75 -23.45 80.0072
3 16 15.75 -23.45 80.0072 16.3194 -28.45 82.1322 15.75 -28.45 80.0072
3 16 16.3194 -23.45 82.1322 15.75 -23.45 80.0072 16.9592 -23.45 81.7628
3 16 16.9592 -23.45 81.7628 15.75 -23.45 80.0072 16.4888 -23.45 80.0072
3 16 15.75 -23.45 80.0072 15.75 -28.45 80.0072 16.3194 -23.45 77.8822
3 16 16.3194 -23.45 77.8822 15.75 -28.45 80.0072 16.3194 -28.45 77.8822
3 16 15.75 -23.45 80.0072 16.3194 -23.45 77.8822 16.4888 -23.45 80.0072
3 16 16.4888 -23.45 80.0072 16.3194 -23.45 77.8822 16.9592 -23.45 78.2516
3 16 16.3194 -23.45 77.8822 16.3194 -28.45 77.8822 17.875 -23.45 76.3266
3 16 17.875 -23.45 76.3266 16.3194 -28.45 77.8822 17.875 -28.45 76.3266
3 16 16.3194 -23.45 77.8822 17.875 -23.45 76.3266 16.9592 -23.45 78.2516
3 16 16.9592 -23.45 78.2516 17.875 -23.45 76.3266 18.2444 -23.45 76.9664
3 16 17.875 -23.45 76.3266 17.875 -28.45 76.3266 20 -23.45 75.7572
3 16 20 -23.45 75.7572 17.875 -28.45 76.3266 20 -28.45 75.7572
3 16 17.875 -23.45 76.3266 20 -23.45 75.7572 18.2444 -23.45 76.9664
3 16 18.2444 -23.45 76.9664 20 -23.45 75.7572 20 -23.45 76.496
3 16 20 -23.45 75.7572 20 -28.45 75.7572 22.125 -23.45 76.3266
3 16 22.125 -23.45 76.3266 20 -28.45 75.7572 22.125 -28.45 76.3266
3 16 20 -23.45 75.7572 22.125 -23.45 76.3266 20 -23.45 76.496
3 16 20 -23.45 76.496 22.125 -23.45 76.3266 21.7556 -23.45 76.9664
3 16 22.125 -23.45 76.3266 22.125 -28.45 76.3266 23.6806 -23.45 77.8822
3 16 23.6806 -23.45 77.8822 22.125 -28.45 76.3266 23.6806 -28.45 77.8822
3 16 22.125 -23.45 76.3266 23.6806 -23.45 77.8822 21.7556 -23.45 76.9664
3 16 21.7556 -23.45 76.9664 23.6806 -23.45 77.8822 23.0408 -23.45 78.2516
3 16 4.25 -28.45 80.0072 4.25 -23.45 80.0072 3.6806 -28.45 77.8822
3 16 3.6806 -28.45 77.8822 4.25 -23.45 80.0072 3.6806 -23.45 77.8822
3 16 4.25 -23.45 80.0072 4.25 -28.45 80.0072 3.6806 -23.45 82.1322
3 16 3.6806 -23.45 82.1322 4.25 -28.45 80.0072 3.6806 -28.45 82.1322
3 16 3.6806 -23.45 82.1322 3.6806 -28.45 82.1322 2.125 -23.45 83.6878
3 16 2.125 -23.45 83.6878 3.6806 -28.45 82.1322 2.125 -28.45 83.6878
3 16 2.125 -23.45 83.6878 2.125 -28.45 83.6878 0 -23.45 84.2572
3 16 0 -23.45 84.2572 2.125 -28.45 83.6878 0 -28.45 84.2572
3 16 0 -23.45 84.2572 0 -28.45 84.2572 -2.125 -23.45 83.6878
3 16 -2.125 -23.45 83.6878 0 -28.45 84.2572 -2.125 -28.45 83.6878
3 16 -2.125 -23.45 83.6878 -2.125 -28.45 83.6878 -3.6806 -23.45 82.1322
3 16 -3.6806 -23.45 82.1322 -2.125 -28.45 83.6878 -3.6806 -28.45 82.1322
3 16 -3.6806 -23.45 82.1322 -3.6806 -28.45 82.1322 -4.25 -23.45 80.0072
3 16 -4.25 -23.45 80.0072 -3.6806 -28.45 82.1322 -4.25 -28.45 80.0072
3 16 -4.25 -23.45 80.0072 -4.25 -28.45 80.0072 -3.6806 -23.45 77.8822
3 16 -3.6806 -23.45 77.8822 -4.25 -28.45 80.0072 -3.6806 -28.45 77.8822
3 16 -3.6806 -23.45 77.8822 -3.6806 -28.45 77.8822 -2.125 -23.45 76.3266
3 16 -2.125 -23.45 76.3266 -3.6806 -28.45 77.8822 -2.125 -28.45 76.3266
3 16 -2.125 -23.45 76.3266 -2.125 -28.45 76.3266 0 -23.45 75.7572
3 16 0 -23.45 75.7572 -2.125 -28.45 76.3266 0 -28.45 75.7572
3 16 0 -23.45 75.7572 0 -28.45 75.7572 2.125 -23.45 76.3266
3 16 2.125 -23.45 76.3266 0 -28.45 75.7572 2.125 -28.45 76.3266
3 16 2.125 -23.45 76.3266 2.125 -28.45 76.3266 3.6806 -23.45 77.8822
3 16 3.6806 -23.45 77.8822 2.125 -28.45 76.3266 3.6806 -28.45 77.8822
3 16 3.0408 -23.45 78.2516 3.6806 -23.45 77.8822 3.5112 -23.45 80.0072
3 16 3.5112 -23.45 80.0072 3.6806 -23.45 77.8822 4.25 -23.45 80.0072
3 16 2.125 -23.45 76.3266 3.6806 -23.45 77.8822 1.7556 -23.45 76.9664
3 16 1.7556 -23.45 76.9664 3.6806 -23.45 77.8822 3.0408 -23.45 78.2516
3 16 0 -23.45 75.7572 2.125 -23.45 76.3266 0 -23.45 76.496
3 16 0 -23.45 76.496 2.125 -23.45 76.3266 1.7556 -23.45 76.9664
3 16 -2.125 -23.45 76.3266 0 -23.45 75.7572 -1.7556 -23.45 76.9664
3 16 -1.7556 -23.45 76.9664 0 -23.45 75.7572 0 -23.45 76.496
3 16 -3.6806 -23.45 77.8822 -2.125 -23.45 76.3266 -3.0408 -23.45 78.2516
3 16 -3.0408 -23.45 78.2516 -2.125 -23.45 76.3266 -1.7556 -23.45 76.9664
3 16 -4.25 -23.45 80.0072 -3.6806 -23.45 77.8822 -3.5112 -23.45 80.0072
3 16 -3.5112 -23.45 80.0072 -3.6806 -23.45 77.8822 -3.0408 -23.45 78.2516
3 16 -3.3915 -14.1184 79.2558 -3.5112 -14.9009 80.0072 -3.3915 -16.2601 79.0984
3 16 -3.3915 -16.2601 79.0984 -3.5112 -14.9009 80.0072 -3.5112 -23.45 80.0072
3 16 -3.3915 -16.2601 79.0984 -3.5112 -23.45 80.0072 -3.0408 -18.6881 78.2516
3 16 -3.0408 -18.6881 78.2516 -3.5112 -23.45 80.0072 -3.0408 -23.45 78.2516
3 16 -3.6806 -23.45 82.1322 -4.25 -23.45 80.0072 -3.0408 -23.45 81.7628
3 16 -3.0408 -23.45 81.7628 -4.25 -23.45 80.0072 -3.5112 -23.45 80.0072
3 16 -3.0408 -23.45 81.7628 -3.5112 -23.45 80.0072 -3.0408 -16.7292 81.7628
3 16 -3.0408 -16.7292 81.7628 -3.5112 -23.45 80.0072 -3.5112 -14.9009 80.0072
3 16 -2.125 -23.45 83.6878 -3.6806 -23.45 82.1322 -1.7556 -23.45 83.048
3 16 -1.7556 -23.45 83.048 -3.6806 -23.45 82.1322 -3.0408 -23.45 81.7628
3 16 -1.7556 -23.45 83.048 -3.0408 -23.45 81.7628 -1.7556 -18.0675 83.048
3 16 -1.7556 -18.0675 83.048 -3.0408 -23.45 81.7628 -3.0408 -16.7292 81.7628
3 16 0 -23.45 84.2572 -2.125 -23.45 83.6878 0 -23.45 83.5184
3 16 0 -23.45 83.5184 -2.125 -23.45 83.6878 -1.7556 -23.45 83.048
3 16 0 -23.45 83.5184 -1.7556 -23.45 83.048 0 -18.5574 83.5184
3 16 0 -18.5574 83.5184 -1.7556 -23.45 83.048 -1.7556 -18.0675 83.048
3 16 2.125 -23.45 83.6878 0 -23.45 84.2572 1.7556 -23.45 83.048
3 16 1.7556 -23.45 83.048 0 -23.45 84.2572 0 -23.45 83.5184
3 16 0 -23.45 83.5184 0 -18.5574 83.5184 1.7556 -23.45 83.048
3 16 1.7556 -23.45 83.048 0 -18.5574 83.5184 1.7556 -18.0676 83.048
3 16 3.6806 -23.45 82.1322 2.125 -23.45 83.6878 3.0408 -23.45 81.7628
3 16 3.0408 -23.45 81.7628 2.125 -23.45 83.6878 1.7556 -23.45 83.048
3 16 1.7556 -23.45 83.048 1.7556 -18.0676 83.048 3.0408 -23.45 81.7628
3 16 3.0408 -23.45 81.7628 1.7556 -18.0676 83.048 3.0408 -16.7292 81.7628
3 16 4.25 -23.45 80.0072 3.6806 -23.45 82.1322 3.5112 -23.45 80.0072
3 16 3.5112 -23.45 80.0072 3.6806 -23.45 82.1322 3.0408 -23.45 81.7628
3 16 3.0408 -23.45 81.7628 3.0408 -16.7292 81.7628 3.5112 -23.45 80.0072
3 16 3.5112 -23.45 80.0072 3.0408 -16.7292 81.7628 3.5112 -14.9009 80.0072
3 16 3.3915 -14.1184 79.2558 3.3915 -16.2602 79.0984 3.5112 -14.9009 80.0072
3 16 3.5112 -14.9009 80.0072 3.3915 -16.2602 79.0984 3.5112 -23.45 80.0072
3 16 3.3915 -16.2602 79.0984 3.0408 -18.6881 78.2516 3.5112 -23.45 80.0072
3 16 3.5112 -23.45 80.0072 3.0408 -18.6881 78.2516 3.0408 -23.45 78.2516
3 16 4.1052 -28.45 61.1 4.1052 -23.45 61.1 4.1052 -28.45 58.9
3 16 4.1052 -28.45 58.9 4.1052 -23.45 61.1 4.1052 -23.45 58.9
3 16 4.1052 -28.45 58.9 4.1052 -23.45 58.9 3.0052 -28.45 56.9948
3 16 3.0052 -28.45 56.9948 4.1052 -23.45 58.9 3.0052 -23.45 56.9948
3 16 3.0052 -28.45 56.9948 3.0052 -23.45 56.9948 1.1 -28.45 55.8948
3 16 1.1 -28.45 55.8948 3.0052 -23.45 56.9948 1.1 -23.45 55.8948
3 16 1.1 -28.45 55.8948 1.1 -23.45 55.8948 -1.1 -28.45 55.8948
3 16 -1.1 -28.45 55.8948 1.1 -23.45 55.8948 -1.1 -23.45 55.8948
3 16 -1.1 -28.45 55.8948 -1.1 -23.45 55.8948 -3.0052 -28.45 56.9948
3 16 -3.0052 -28.45 56.9948 -1.1 -23.45 55.8948 -3.0052 -23.45 56.9948
3 16 -3.0052 -28.45 56.9948 -3.0052 -23.45 56.9948 -4.1052 -28.45 58.9
3 16 -4.1052 -28.45 58.9 -3.0052 -23.45 56.9948 -4.1052 -23.45 58.9
3 16 -4.1052 -28.45 58.9 -4.1052 -23.45 58.9 -4.1052 -28.45 61.1
3 16 -4.1052 -28.45 61.1 -4.1052 -23.45 58.9 -4.1052 -23.45 61.1
3 16 -4.1052 -28.45 61.1 -4.1052 -23.45 61.1 -3.0052 -28.45 63.0052
3 16 -3.0052 -28.45 63.0052 -4.1052 -23.45 61.1 -3.0052 -23.45 63.0052
3 16 -3.0052 -28.45 63.0052 -3.0052 -23.45 63.0052 -1.1 -28.45 64.1052
3 16 -1.1 -28.45 64.1052 -3.0052 -23.45 63.0052 -1.1 -23.45 64.1052
3 16 -1.1 -28.45 64.1052 -1.1 -23.45 64.1052 1.1 -28.45 64.1052
3 16 1.1 -28.45 64.1052 -1.1 -23.45 64.1052 1.1 -23.45 64.1052
3 16 1.1 -28.45 64.1052 1.1 -23.45 64.1052 3.0052 -28.45 63.0052
3 16 3.0052 -28.45 63.0052 1.1 -23.45 64.1052 3.0052 -23.45 63.0052
3 16 3.0052 -28.45 63.0052 3.0052 -23.45 63.0052 4.1052 -28.45 61.1
3 16 4.1052 -28.45 61.1 3.0052 -23.45 63.0052 4.1052 -23.45 61.1
3 16 3.3915 -23.45 60.9088 4.1052 -23.45 61.1 2.4828 -23.45 62.4828
3 16 2.4828 -23.45 62.4828 4.1052 -23.45 61.1 3.0052 -23.45 63.0052
3 16 2.4828 -23.45 62.4828 3.0052 -23.45 63.0052 0.9088 -23.45 63.3915
3 16 0.9088 -23.45 63.3915 3.0052 -23.45 63.0052 1.1 -23.45 64.1052
3 16 0.9088 -23.45 63.3915 1.1 -23.45 64.1052 -0.9088 -23.45 63.3915
3 16 -0.9088 -23.45 63.3915 1.1 -23.45 64.1052 -1.1 -23.45 64.1052
3 16 -2.4828 -23.45 62.4828 -0.9088 -23.45 63.3915 -3.0052 -23.45 63.0052
3 16 -3.0052 -23.45 63.0052 -0.9088 -23.45 63.3915 -1.1 -23.45 64.1052
3 16 -3.3915 -23.45 60.9088 -2.4828 -23.45 62.4828 -4.1052 -23.45 61.1
3 16 -4.1052 -23.45 61.1 -2.4828 -23.45 62.4828 -3.0052 -23.45 63.0052
3 16 -3.3915 -23.45 59.0912 -3.3915 -23.45 60.9088 -4.1052 -23.45 58.9
3 16 -4.1052 -23.45 58.9 -3.3915 -23.45 60.9088 -4.1052 -23.45 61.1
3 16 -3.3915 -23.45 59.0912 -4.1052 -23.45 58.9 -2.4828 -23.45 57.5172
3 16 -2.4828 -23.45 57.5172 -4.1052 -23.45 58.9 -3.0052 -23.45 56.9948
3 16 -2.4828 -23.45 57.5172 -3.0052 -23.45 56.9948 -0.9088 -23.45 56.6085
3 16 -0.9088 -23.45 56.6085 -3.0052 -23.45 56.9948 -1.1 -23.45 55.8948
3 16 -0.9088 -23.45 56.6085 -1.1 -23.45 55.8948 0.9088 -23.45 56.6085
3 16 0.9088 -23.45 56.6085 -1.1 -23.45 55.8948 1.1 -23.45 55.8948
3 16 0.9088 -23.45 56.6085 1.1 -23.45 55.8948 2.4828 -23.45 57.5172
3 16 2.4828 -23.45 57.5172 1.1 -23.45 55.8948 3.0052 -23.45 56.9948
3 16 2.4828 -23.45 57.5172 3.0052 -23.45 56.9948 3.3915 -23.45 59.0913
3 16 3.3915 -23.45 59.0913 3.0052 -23.45 56.9948 4.1052 -23.45 58.9
3 16 3.3915 -23.45 59.0913 4.1052 -23.45 58.9 3.3915 -23.45 60.9088
3 16 3.3915 -23.45 60.9088 4.1052 -23.45 58.9 4.1052 -23.45 61.1
3 16 -3.3915 -14.6614 60.7514 -3.3915 -13.5 60.7514 3.3915 -14.6615 60.7514
3 16 3.3915 -14.6615 60.7514 -3.3915 -13.5 60.7514 3.3915 -13.5 60.7514
3 16 3.3915 -14.6615 60.7514 3.3915 -23.45 59.0913 3.3915 -16.2602 60.9088
3 16 3.3915 -16.2602 60.9088 3.3915 -23.45 59.0913 3.3915 -23.45 60.9088
3 16 -0.9088 -13.5 56.6085 -0.9088 -23.45 56.6085 0.9088 -13.5 56.6085
3 16 0.9088 -13.5 56.6085 -0.9088 -23.45 56.6085 0.9088 -23.45 56.6085
3 16 3.3915 -13.5 60.7514 3.4514 -13.5 59.5456 3.3915 -14.6615 60.7514
3 16 3.3915 -14.6615 60.7514 3.4514 -13.5 59.5456 3.3915 -23.45 59.0913
3 16 -3.3915 -13.5 60.7514 -3.3915 -14.6614 60.7514 -3.4513 -13.5 59.5456
3 16 -3.4513 -13.5 59.5456 -3.3915 -14.6614 60.7514 -3.3915 -23.45 59.0912
3 16 -3.3915 -13.5 60.7514 -3.4513 -13.5 59.5456 3.3915 -13.5 60.7514
3 16 3.3915 -13.5 60.7514 -3.4513 -13.5 59.5456 3.4514 -13.5 59.5456
3 16 2.4828 -13.5 57.5172 3.4514 -13.5 59.5456 -2.4828 -13.5 57.5172
3 16 -2.4828 -13.5 57.5172 3.4514 -13.5 59.5456 -3.4513 -13.5 59.5456
3 16 -3.4513 -13.5 59.5456 -3.3915 -23.45 59.0912 -2.4828 -13.5 57.5172
3 16 -2.4828 -13.5 57.5172 -3.3915 -23.45 59.0912 -2.4828 -23.45 57.5172
3 16 -2.4828 -13.5 57.5172 -0.9088 -13.5 56.6085 2.4828 -13.5 57.5172
3 16 2.4828 -13.5 57.5172 -0.9088 -13.5 56.6085 0.9088 -13.5 56.6085
3 16 -2.4828 -13.5 57.5172 -2.4828 -23.45 57.5172 -0.9088 -13.5 56.6085
3 16 -0.9088 -13.5 56.6085 -2.4828 -23.45 57.5172 -0.9088 -23.45 56.6085
3 16 0.9088 -13.5 56.6085 0.9088 -23.45 56.6085 2.4828 -13.5 57.5172
3 16 2.4828 -13.5 57.5172 0.9088 -23.45 56.6085 2.4828 -23.45 57.5172
3 16 2.4828 -23.45 57.5172 3.3915 -23.45 59.0913 2.4828 -13.5 57.5172
3 16 2.4828 -13.5 57.5172 3.3915 -23.45 59.0913 3.4514 -13.5 59.5456
3 16 3.0408 -18.6881 61.7556 3.3915 -16.2602 60.9088 3.3915 -23.45 60.9088
3 16 3.0408 -18.6881 61.7556 3.3915 -23.45 60.9088 2.1192 -20.2308 62.7618
3 16 2.1192 -20.2308 62.7618 3.3915 -23.45 60.9088 2.4828 -23.45 62.4828
3 16 2.1192 -20.2308 62.7618 2.4828 -23.45 62.4828 0.9088 -20.9692 63.3915
3 16 0.9088 -20.9692 63.3915 2.4828 -23.45 62.4828 0.9088 -23.45 63.3915
3 16 0.9088 -20.9692 63.3915 0.9088 -23.45 63.3915 -0.9088 -20.9692 63.3915
3 16 -0.9088 -20.9692 63.3915 0.9088 -23.45 63.3915 -0.9088 -23.45 63.3915
3 16 0.9088 -20.9692 63.3915 -0.9088 -20.9692 63.3915 2.1192 -20.2308 62.7618
3 16 2.1192 -20.2308 62.7618 -0.9088 -20.9692 63.3915 -2.1192 -20.2308 62.7618
3 16 -2.1192 -20.2308 62.7618 -0.9088 -20.9692 63.3915 -2.4828 -23.45 62.4828
3 16 -2.4828 -23.45 62.4828 -0.9088 -20.9692 63.3915 -0.9088 -23.45 63.3915
3 16 -2.1192 -20.2308 62.7618 -3.0408 -18.6881 61.7556 2.1192 -20.2308 62.7618
3 16 2.1192 -20.2308 62.7618 -3.0408 -18.6881 61.7556 3.0408 -18.6881 61.7556
3 16 -3.0408 -18.6881 61.7556 -2.1192 -20.2308 62.7618 -3.3915 -23.45 60.9088
3 16 -3.3915 -23.45 60.9088 -2.1192 -20.2308 62.7618 -2.4828 -23.45 62.4828
3 16 -3.0408 -18.6881 61.7556 -3.3915 -16.2601 60.9088 3.0408 -18.6881 61.7556
3 16 3.0408 -18.6881 61.7556 -3.3915 -16.2601 60.9088 3.3915 -16.2602 60.9088
3 16 -3.3915 -16.2601 60.9088 -3.0408 -18.6881 61.7556 -3.3915 -23.45 60.9088
3 16 -3.3915 -14.6614 60.7514 -3.3915 -16.2601 60.9088 -3.3915 -23.45 59.0912
3 16 -3.3915 -23.45 59.0912 -3.3915 -16.2601 60.9088 -3.3915 -23.45 60.9088
3 16 -3.3915 -16.2601 60.9088 -3.3915 -14.6614 60.7514 3.3915 -16.2602 60.9088
3 16 3.3915 -16.2602 60.9088 -3.3915 -14.6614 60.7514 3.3915 -14.6615 60.7514
3 16 -3.3915 -14.1184 79.2558 -3.3915 -16.2601 79.0984 3.3915 -14.1184 79.2558
3 16 3.3915 -14.1184 79.2558 -3.3915 -16.2601 79.0984 3.3915 -16.2602 79.0984
3 16 -3.5112 -14.9009 80.0072 -3.3915 -14.1184 79.2558 3.5112 -14.9009 80.0072
3 16 3.5112 -14.9009 80.0072 -3.3915 -14.1184 79.2558 3.3915 -14.1184 79.2558
3 16 -3.5112 -14.9009 80.0072 3.5112 -14.9009 80.0072 -3.0408 -16.7292 81.7628
3 16 -3.0408 -16.7292 81.7628 3.5112 -14.9009 80.0072 3.0408 -16.7292 81.7628
3 16 -1.7556 -18.0675 83.048 -3.0408 -16.7292 81.7628 1.7556 -18.0676 83.048
3 16 1.7556 -18.0676 83.048 -3.0408 -16.7292 81.7628 3.0408 -16.7292 81.7628
3 16 0 -18.5574 83.5184 -1.7556 -18.0675 83.048 1.7556 -18.0676 83.048
3 16 3.0408 -18.6881 78.2516 2.4828 -19.8791 77.5244 3.0408 -23.45 78.2516
3 16 1.7556 -23.45 76.9664 3.0408 -23.45 78.2516 1.7556 -20.5825 76.9664
3 16 1.7556 -20.5825 76.9664 3.0408 -23.45 78.2516 2.4828 -19.8791 77.5244
3 16 0 -23.45 76.496 1.7556 -23.45 76.9664 0 -21.0812 76.496
3 16 0 -21.0812 76.496 1.7556 -23.45 76.9664 1.7556 -20.5825 76.9664
3 16 0 -23.45 76.496 0 -21.0812 76.496 -1.7556 -23.45 76.9664
3 16 -1.7556 -23.45 76.9664 0 -21.0812 76.496 -1.7556 -20.5825 76.9664
3 16 -1.7556 -20.5825 76.9664 0 -21.0812 76.496 1.7556 -20.5825 76.9664
3 16 -3.0408 -18.6881 78.2516 -3.0408 -23.45 78.2516 -2.4828 -19.8791 77.5244
3 16 -2.4828 -19.8791 77.5244 -3.0408 -23.45 78.2516 -1.7556 -20.5825 76.9664
3 16 -1.7556 -20.5825 76.9664 -3.0408 -23.45 78.2516 -1.7556 -23.45 76.9664
3 16 -2.4828 -19.8791 77.5244 -1.7556 -20.5825 76.9664 2.4828 -19.8791 77.5244
3 16 2.4828 -19.8791 77.5244 -1.7556 -20.5825 76.9664 1.7556 -20.5825 76.9664
3 16 -3.0408 -18.6881 78.2516 -2.4828 -19.8791 77.5244 3.0408 -18.6881 78.2516
3 16 3.0408 -18.6881 78.2516 -2.4828 -19.8791 77.5244 2.4828 -19.8791 77.5244
3 16 -3.3915 -16.2601 79.0984 -3.0408 -18.6881 78.2516 3.3915 -16.2602 79.0984
3 16 3.3915 -16.2602 79.0984 -3.0408 -18.6881 78.2516 3.0408 -18.6881 78.2516
3 16 16.4888 -23.45 80.0072 16.9592 -23.45 78.2516 16.4888 -14.9009 80.0072
3 16 16.4888 -14.9009 80.0072 16.9592 -23.45 78.2516 16.9592 -13.0658 78.2516
3 16 16.4888 -14.9009 80.0072 16.9592 -13.0658 78.2516 23.5112 -14.9009 80.0072
3 16 23.5112 -14.9009 80.0072 16.9592 -13.0658 78.2516 23.0408 -13.0658 78.2516
3 16 16.9592 -23.45 81.7628 16.4888 -23.45 80.0072 16.9592 -16.7292 81.7628
3 16 16.9592 -16.7292 81.7628 16.4888 -23.45 80.0072 16.4888 -14.9009 80.0072
3 16 16.4888 -14.9009 80.0072 23.5112 -14.9009 80.0072 16.9592 -16.7292 81.7628
3 16 16.9592 -16.7292 81.7628 23.5112 -14.9009 80.0072 23.0408 -16.7292 81.7628
3 16 18.2444 -23.45 83.048 16.9592 -23.45 81.7628 18.2444 -18.0675 83.048
3 16 18.2444 -18.0675 83.048 16.9592 -23.45 81.7628 16.9592 -16.7292 81.7628
3 16 18.2444 -18.0675 83.048 16.9592 -16.7292 81.7628 21.7556 -18.0676 83.048
3 16 21.7556 -18.0676 83.048 16.9592 -16.7292 81.7628 23.0408 -16.7292 81.7628
3 16 20 -23.45 83.5184 18.2444 -23.45 83.048 20 -18.5574 83.5184
3 16 20 -18.5574 83.5184 18.2444 -23.45 83.048 18.2444 -18.0675 83.048
3 16 20 -18.5574 83.5184 18.2444 -18.0675 83.048 21.7556 -18.0676 83.048
3 16 20 -23.45 83.5184 20 -18.5574 83.5184 21.7556 -23.45 83.048
3 16 21.7556 -23.45 83.048 20 -18.5574 83.5184 21.7556 -18.0676 83.048
3 16 21.7556 -23.45 83.048 21.7556 -18.0676 83.048 23.0408 -23.45 81.7628
3 16 23.0408 -23.45 81.7628 21.7556 -18.0676 83.048 23.0408 -16.7292 81.7628
3 16 23.0408 -23.45 81.7628 23.0408 -16.7292 81.7628 23.5112 -23.45 80.0072
3 16 23.5112 -23.45 80.0072 23.0408 -16.7292 81.7628 23.5112 -14.9009 80.0072
3 16 23.5112 -23.45 80.0072 23.5112 -14.9009 80.0072 23.0408 -23.45 78.2516
3 16 23.0408 -23.45 78.2516 23.5112 -14.9009 80.0072 23.0408 -13.0658 78.2516
3 16 23.0408 -23.45 78.2516 23.0408 -13.0658 78.2516 21.7556 -23.45 76.9664
3 16 21.7556 -23.45 76.9664 23.0408 -13.0658 78.2516 21.7556 -11.7184 76.9664
3 16 21.7556 -23.45 76.9664 21.7556 -11.7184 76.9664 20 -23.45 76.496
3 16 20 -23.45 76.496 21.7556 -11.7184 76.9664 20 -11.2507 76.496
3 16 18.2444 -23.45 76.9664 20 -23.45 76.496 18.2444 -11.7184 76.9664
3 16 18.2444 -11.7184 76.9664 20 -23.45 76.496 20 -11.2507 76.496
3 16 18.2444 -11.7184 76.9664 20 -11.2507 76.496 21.7556 -11.7184 76.9664
3 16 16.9592 -23.45 78.2516 18.2444 -23.45 76.9664 16.9592 -13.0658 78.2516
3 16 16.9592 -13.0658 78.2516 18.2444 -23.45 76.9664 18.2444 -11.7184 76.9664
3 16 16.9592 -13.0658 78.2516 18.2444 -11.7184 76.9664 23.0408 -13.0658 78.2516
3 16 23.0408 -13.0658 78.2516 18.2444 -11.7184 76.9664 21.7556 -11.7184 76.9664
3 16 -6.25 -5.25 53 -6.25 -8.8259 62.6835 -6.25 -10.5 53
3 16 -6.25 -10.5 53 -6.25 -8.8259 62.6835 -6.25 -10.5 61.6596
3 16 36.8497 -4.4578 68.1396 40.1452 -5.25 67.479 36.4884 -4.1697 67.479
3 16 34.8156 -20.7478 89.8067 30 -24 90 36.6886 -38.8559 89.8605
3 16 36.6886 -38.8559 89.8605 30 -24 90 30 -38.8953 89.9402
3 16 30 -22.6954 87.5 19.4687 -22.6953 87.5 22.3918 -20.8958 85.7814
3 16 22.3918 -20.8958 85.7814 19.4687 -22.6953 87.5 20 -21.4052 86.2572
3 16 4.4247 -21.868 75.5946 5.4 -21.8639 75.6015 5.4 -20.6663 76.8657
3 16 0 -22.939 66.25 5.4 -23.5337 68.0151 -7.5 -23.5337 68.0151
3 16 0 -22.939 73.7572 -2.3918 -22.6575 74.233 -7.5 -23.5337 71.9921
3 16 -7.5 -23.5337 71.9921 -2.3918 -22.6575 74.233 -7.5 -22.8951 73.8876
3 16 -7.5 -23.5337 71.9921 5.4 -23.5337 71.9921 0 -22.939 73.7572
3 16 -2.3918 -22.6575 74.233 -4.4247 -21.868 75.5946 -7.5 -22.8951 73.8876
3 16 -7.5 -22.8951 73.8876 -4.4247 -21.868 75.5946 -7.5 -21.8639 75.6015
3 16 5.4 -22.8951 66.1196 5.4 -23.5337 68.0151 2.3918 -22.6884 65.7743
3 16 2.3918 -22.6884 65.7743 5.4 -23.5337 68.0151 0 -22.939 66.25
3 16 -6.25 -28.45 60 -6.1064 -16.9746 61.0908 -6.25 -13.5 60
3 16 -6.25 -13.5 60 -6.1064 -16.9746 61.0908 -6.1537 -13.5 60.7311
3 16 -10 -20.7 90 9.7853 -24 90 28.3037 -20.7 90
3 16 28.3037 -20.7 90 9.7853 -24 90 30 -24 90
3 16 153.75 -96 40 153.8354 -96 39 153.75 -100.45 40
3 16 153.75 -100.45 40 153.8354 -96 39 154.2257 -100.45 37.6082
3 16 153.75 -100.45 40 154.2257 -100.45 37.6082 155.9245 -100.45 40
3 16 155.9245 -100.45 40 154.2257 -100.45 37.6082 156.4705 -100.45 37.9623
3 16 157.6082 -100.45 34.2258 157.9622 -100.45 36.4705 155.5806 -100.45 35.5806
3 16 157.6082 -100.45 34.2258 155.5806 -100.45 35.5806 157.6082 -74.4278 34.2258
3 16 157.6082 -74.4278 34.2258 155.5806 -100.45 35.5806 155.5806 -73.1436 35.5806
3 16 160 -96 33.75 161 -96 33.8354 160 -100.45 33.75
3 16 160 -100.45 33.75 161 -96 33.8354 162.3918 -100.45 34.2258
3 16 160 -100.45 33.75 162.3918 -100.45 34.2258 160 -100.45 35.9245
3 16 160 -100.45 35.9245 162.3918 -100.45 34.2258 162.0377 -100.45 36.4705
3 16 162.3918 -100.45 45.7743 162.0377 -100.45 43.5295 164.4194 -100.45 44.4194
3 16 162.3918 -81.3125 45.7743 162.3918 -100.45 45.7743 164.4194 -82.1864 44.4194
3 16 164.4194 -82.1864 44.4194 162.3918 -100.45 45.7743 164.4194 -100.45 44.4194
3 16 142.3918 -100.45 34.2258 141 -96 33.8354 142.3918 -63.5883 34.2258
3 16 142.3918 -63.5883 34.2258 141 -96 33.8354 141 -62.5864 33.8354
3 16 4.2548 -10.5 55.7452 4.2548 -5.25 55.7452 2.4702 -10.5 53.0524
3 16 2.4702 -10.5 53.0524 4.2548 -5.25 55.7452 2.4702 -5.25 53.0524
3 16 4.2548 -10.5 55.7452 6.9784 -10.5 57.5361 4.2548 -5.25 55.7452
3 16 4.2548 -5.25 55.7452 6.9784 -10.5 57.5361 6.9784 -5.25 57.5361
3 16 6.25 -24 60 6.25 -28.45 60 5.7742 -28.45 57.6082
3 16 5.4 -20.6663 63.1415 4.4247 -21.868 64.4126 5.4039 -24 63.1378
3 16 5.4039 -24 63.1378 4.4247 -21.868 64.4126 4.4194 -28.45 64.4194
3 16 30 -24 72.5 30 -24 72.75 30 -8.8686 72.5
3 16 30 -24 72.75 30 -11.9645 76.25 30 -8.8686 72.5
3 16 12.1906 -22.6953 87.5 4.4194 -19.4865 84.4266 15.5806 -19.4967 84.4266
3 16 1.3102 -22.6953 87.5 2.3918 -20.8459 85.7814 12.1906 -22.6953 87.5
3 16 2.3918 -20.8459 85.7814 4.4194 -19.4865 84.4266 12.1906 -22.6953 87.5
3 16 8 -24 77.917 10 -24 77.917 6.25 -24 80.0036
3 16 6.25 -24 80.0036 10 -24 77.917 12.225 -24 80
3 16 -6.25 -13.5 60 -6.1537 -13.5 60.7311 -7.5 -13.5 60.7311
3 16 10 -8 65.8676 10 -7.7883 66.125 8 -7.7883 66.125
3 16 7.5 -13.5 52.5 7.5 -13.5 60 5.7742 -13.5 57.6082
3 16 5.7742 -13.5 57.6082 7.5 -13.5 60 6.25 -13.5 60
3 16 0 -13.5 52.5 7.5 -13.5 52.5 2.3918 -13.5 54.2258
3 16 7.5 -13.5 52.5 4.4194 -13.5 55.5806 2.3918 -13.5 54.2258
3 16 5.7742 -13.5 57.6082 4.4194 -13.5 55.5806 7.5 -13.5 52.5
3 16 0 -13.5 52.5 2.3918 -13.5 54.2258 0 -13.5 53.75
3 16 -7.5 -13.5 52.5 0 -13.5 52.5 -2.3918 -13.5 54.2258
3 16 -2.3918 -13.5 54.2258 0 -13.5 52.5 0 -13.5 53.75
3 16 -7.5 -13.5 52.5 -5.7742 -13.5 57.6082 -7.5 -13.5 60.7311
3 16 -7.5 -13.5 60.7311 -5.7742 -13.5 57.6082 -6.25 -13.5 60
3 16 -5.7742 -13.5 57.6082 -7.5 -13.5 52.5 -4.4194 -13.5 55.5806
3 16 -4.4194 -13.5 55.5806 -7.5 -13.5 52.5 -2.3918 -13.5 54.2258
3 16 -10 -24 90 -10 -20.7 90 -10 -18.375 76.7117
3 16 -10 -18.375 76.7117 -10 -20.7 90 -10 -14.5 77.75
3 16 18.5 -5.25 65.9746 15.7452 -5.25 55.7452 13.1093 -5.25 57.5065
3 16 -6.25 0 51.4172 -6.25 0 67.5 -6.25 -5.25 53
3 16 -6.25 -5.25 53 -6.25 0 67.5 -6.25 -6.3049 65.67
3 16 21.5 -5.25 65.9746 21.5 -5.25 67.479 29.3137 -5.25 67.479
3 16 153.8354 -96 41 153.8354 -73.3813 41 146.1646 -96 41
3 16 146.1646 -96 41 153.8354 -73.3813 41 146.1646 -67.8444 41
3 16 164.4194 -79.4464 35.5806 164.4238 -79.019 30 167.6624 -81.7391 35.1949
3 16 167.6624 -81.7391 35.1949 164.4238 -79.019 30 167.6624 -81.313 30
3 16 167.6624 -81.7391 35.1949 165.7742 -80.8451 37.6082 164.4194 -79.4464 35.5806
3 16 167.6624 -81.7391 24.8052 164.4194 -79.4464 24.4194 165.7742 -80.8451 22.3918
3 16 160 -96 30 159 -96 31 159 -96 29
3 16 141 -96 31 141 -96 29 143.25 -96 31
3 16 143.25 -96 31 141 -96 29 143.25 -96 29
3 16 140 -96 30 140 -96 26.25 141 -96 29
3 16 141 -96 29 140 -96 26.25 141 -96 26.1646
3 16 140 -96 30 141 -96 29 141 -96 31
3 16 140 -96 30 141 -96 31 140 -96 33.75
3 16 140 -96 33.75 141 -96 31 141 -96 33.8354
3 16 137.6082 -60.171 34.2258 137.6082 -60.171 25.7743 139 -61.1494 33.8354
3 16 139 -61.1494 33.8354 137.6082 -60.171 25.7743 139 -61.1494 26.1646
3 16 139 -96 30 139 -96 33.8354 139 -61.1494 33.8354
3 16 137.6082 -60.171 34.2258 135.5806 -58.8588 35.5806 137.6082 -60.171 25.7743
3 16 137.6082 -60.171 25.7743 135.5806 -58.8588 35.5806 135.5806 -58.8588 24.4194
3 16 160 -96 30 160 -96 26.25 161 -96 30
3 16 161 -96 30 160 -96 26.25 161 -96 26.1646
3 16 160 -96 30 161 -96 30 160 -96 33.75
3 16 160 -96 33.75 161 -96 30 161 -96 33.8354
3 16 1.5 0 67.5 7 0 67.5 6.9784 -5.25 67.5
3 16 -1.5 -5.5942 67.5 -1.5 -6.1775 66.0125 -6.25 -5.5942 67.5
3 16 -6.25 -5.5942 67.5 -1.5 -6.1775 66.0125 -6.25 -6.3049 65.67
3 16 -6.25 0 67.5 -1.5 0 67.5 -6.25 -5.5942 67.5
3 16 -6.25 -5.5942 67.5 -1.5 0 67.5 -1.5 -5.5942 67.5
3 16 6.9784 -6.3049 65.67 -6.25 -6.3049 65.67 1.5 -6.1875 66.0125
3 16 1.5 -6.1875 66.0125 -6.25 -6.3049 65.67 -1.5 -6.1775 66.0125
3 16 6.9784 -6.3049 65.67 1.5 -6.1875 66.0125 6.9784 -5.5942 67.5
3 16 6.9784 -5.5942 67.5 1.5 -6.1875 66.0125 1.5 -5.5942 67.5
3 16 -8 -9.0873 -13.125 8 -9.0873 -13.125 -8 -8.25 -10.0036
3 16 -8 -8.25 -10.0036 8 -9.0873 -13.125 8 -8.25 -10.0036
3 16 -8 -11.375 -15.4127 8 -11.375 -15.4127 -8 -9.0873 -13.125
3 16 -8 -9.0873 -13.125 8 -11.375 -15.4127 8 -9.0873 -13.125
3 16 -8 -14.5 -16.25 8 -14.5 -16.25 -8 -11.375 -15.4127
3 16 -8 -11.375 -15.4127 8 -14.5 -16.25 8 -11.375 -15.4127
3 16 -8 -11.375 -4.5873 8 -11.375 -4.5873 -8 -14.5 -3.75
3 16 -8 -14.5 -3.75 8 -11.375 -4.5873 8 -14.5 -3.75
3 16 -8 -9.0873 -6.875 8 -9.0873 -6.875 -8 -11.375 -4.5873
3 16 -8 -11.375 -4.5873 8 -9.0873 -6.875 8 -11.375 -4.5873
3 16 -8 -8.25 -10.0036 8 -8.25 -10.0036 -8 -9.0873 -6.875
3 16 -8 -9.0873 -6.875 8 -8.25 -10.0036 8 -9.0873 -6.875
3 16 -8 -20.75 -10.0036 8 -20.75 -10.0036 -8 -19.9127 -13.125
3 16 -8 -19.9127 -13.125 8 -20.75 -10.0036 8 -19.9127 -13.125
3 16 -8 -19.9127 -13.125 8 -19.9127 -13.125 -8 -17.625 -15.4127
3 16 -8 -17.625 -15.4127 8 -19.9127 -13.125 8 -17.625 -15.4127
3 16 -8 -17.625 -15.4127 8 -17.625 -15.4127 -8 -14.5 -16.25
3 16 -8 -14.5 -16.25 8 -17.625 -15.4127 8 -14.5 -16.25
3 16 -8 -14.5 -3.75 8 -14.5 -3.75 -8 -17.625 -4.5873
3 16 -8 -17.625 -4.5873 8 -14.5 -3.75 8 -17.625 -4.5873
3 16 -8 -17.625 -4.5873 8 -17.625 -4.5873 -8 -19.9127 -6.875
3 16 -8 -19.9127 -6.875 8 -17.625 -4.5873 8 -19.9127 -6.875
3 16 -8 -19.9127 -6.875 8 -19.9127 -6.875 -8 -20.75 -10.0036
3 16 -8 -20.75 -10.0036 8 -19.9127 -6.875 8 -20.75 -10.0036
3 16 -1.5 0 67.5 -1.5 0 66.0125 -1.5 -5.5942 67.5
3 16 -1.5 -5.5942 67.5 -1.5 0 66.0125 -1.5 -6.1775 66.0125
3 16 -1.5 0 66.0125 1.5 0 66.0125 -1.5 -6.1775 66.0125
3 16 -1.5 -6.1775 66.0125 1.5 0 66.0125 1.5 -6.1875 66.0125
3 16 1.5 0 67.5 1.5 -5.5942 67.5 1.5 0 66.0125
3 16 1.5 0 66.0125 1.5 -5.5942 67.5 1.5 -6.1875 66.0125
3 16 -1.5 0 67.5 1.5 0 67.5 -1.5 0 66.0125
3 16 -1.5 0 66.0125 1.5 0 67.5 1.5 0 66.0125
3 16 6.9784 -5.5942 67.5 1.5 -5.5942 67.5 6.9784 -5.25 67.5
3 16 1.5 0 67.5 6.9784 -5.25 67.5 1.5 -5.5942 67.5
3 16 1.5 0 -7.5 8.2697 0 -10 -1.5 0 -7.5
3 16 -1.5 0 -7.5 8.2697 0 -10 -10 0 -10
3 16 -10 0 -10 -6.25 0 -7.5 -1.5 0 -7.5
3 16 8.2697 0 -10 1.5 0 -7.5 7 0 -7.5
3 16 1.5 0 -7.5 6.9784 -5.25 -7.5 7 0 -7.5
3 16 -1.5 -5.5942 -7.5 -6.25 -5.5942 -7.5 -1.5 -6.1775 -6.0125
3 16 -1.5 -6.1775 -6.0125 -6.25 -5.5942 -7.5 -6.25 -6.3049 -5.67
3 16 -6.25 0 -7.5 -6.25 -5.5942 -7.5 -1.5 0 -7.5
3 16 -1.5 0 -7.5 -6.25 -5.5942 -7.5 -1.5 -5.5942 -7.5
3 16 6.9784 -6.3049 -5.67 1.5 -6.1875 -6.0125 -6.25 -6.3049 -5.67
3 16 -6.25 -6.3049 -5.67 1.5 -6.1875 -6.0125 -1.5 -6.1775 -6.0125
3 16 6.9784 -6.3049 -5.67 6.9784 -5.5942 -7.5 1.5 -6.1875 -6.0125
3 16 1.5 -6.1875 -6.0125 6.9784 -5.5942 -7.5 1.5 -5.5942 -7.5
3 16 -1.5 -6.1775 -6.0125 -1.5 0 -6.0125 -1.5 -5.5942 -7.5
3 16 -1.5 -5.5942 -7.5 -1.5 0 -6.0125 -1.5 0 -7.5
3 16 -1.5 0 -6.0125 -1.5 -6.1775 -6.0125 1.5 0 -6.0125
3 16 1.5 0 -6.0125 -1.5 -6.1775 -6.0125 1.5 -6.1875 -6.0125
3 16 1.5 -6.1875 -6.0125 1.5 -5.5942 -7.5 1.5 0 -6.0125
3 16 1.5 0 -6.0125 1.5 -5.5942 -7.5 1.5 0 -7.5
3 16 -1.5 0 -7.5 -1.5 0 -6.0125 1.5 0 -7.5
3 16 1.5 0 -7.5 -1.5 0 -6.0125 1.5 0 -6.0125
3 16 6.9784 -5.5942 -7.5 6.9784 -5.25 -7.5 1.5 -5.5942 -7.5
3 16 1.5 0 -7.5 1.5 -5.5942 -7.5 6.9784 -5.25 -7.5
3 16 35.5396 0 53.1983 33.1983 0 55.5396 37.3124 0 54.2218
3 16 37.3124 0 54.2218 33.1983 0 55.5396 34.2218 0 57.3123
3 16 34.2218 0 57.3123 33.1983 0 55.5396 30 0 58.4436
3 16 30 0 58.4436 33.1983 0 55.5396 30 0 56.3966
3 16 30 0 56.3966 26.8017 0 55.5396 30 0 58.4436
3 16 30 0 58.4436 26.8017 0 55.5396 25.7782 0 57.3123
3 16 26.8017 0 55.5396 24.4604 0 53.1983 25.7782 0 57.3123
3 16 25.7782 0 57.3123 24.4604 0 53.1983 22.6877 0 54.2218
3 16 24.4604 0 53.1983 23.6034 0 50 22.6877 0 54.2218
3 16 22.6877 0 54.2218 23.6034 0 50 21.5565 0 50
3 16 23.6034 0 50 24.4604 0 46.8017 21.5565 0 50
3 16 21.5565 0 50 24.4604 0 46.8017 22.6877 0 45.7782
3 16 24.4604 0 46.8017 26.8017 0 44.4604 22.6877 0 45.7782
3 16 22.6877 0 45.7782 26.8017 0 44.4604 25.7782 0 42.6877
3 16 26.8017 0 44.4604 30 0 43.6034 25.7782 0 42.6877
3 16 25.7782 0 42.6877 30 0 43.6034 30 0 41.5565
3 16 30 0 43.6034 33.1983 0 44.4604 30 0 41.5565
3 16 30 0 41.5565 33.1983 0 44.4604 34.2218 0 42.6877
3 16 33.1983 0 44.4604 35.5396 0 46.8017 34.2218 0 42.6877
3 16 34.2218 0 42.6877 35.5396 0 46.8017 37.3124 0 45.7782
3 16 35.5396 0 46.8017 36.3966 0 50 37.3124 0 45.7782
3 16 37.3124 0 45.7782 36.3966 0 50 38.4436 0 50
3 16 36.3966 0 50 35.5396 0 53.1983 38.4436 0 50
3 16 38.4436 0 50 35.5396 0 53.1983 37.3124 0 54.2218
3 16 30 -5.25 58.4436 34.2218 -5.25 57.3123 30 0 58.4436
3 16 30 0 58.4436 34.2218 -5.25 57.3123 34.2218 0 57.3123
3 16 25.7782 -5.25 57.3123 30 -5.25 58.4436 25.7782 0 57.3123
3 16 25.7782 0 57.3123 30 -5.25 58.4436 30 0 58.4436
3 16 22.6877 -5.25 54.2218 25.7782 -5.25 57.3123 22.6877 0 54.2218
3 16 22.6877 0 54.2218 25.7782 -5.25 57.3123 25.7782 0 57.3123
3 16 21.5565 -5.25 50 22.6877 -5.25 54.2218 21.5565 0 50
3 16 21.5565 0 50 22.6877 -5.25 54.2218 22.6877 0 54.2218
3 16 22.6877 -5.25 45.7782 21.5565 -5.25 50 22.6877 0 45.7782
3 16 22.6877 0 45.7782 21.5565 -5.25 50 21.5565 0 50
3 16 25.7782 -5.25 42.6877 22.6877 -5.25 45.7782 25.7782 0 42.6877
3 16 25.7782 0 42.6877 22.6877 -5.25 45.7782 22.6877 0 45.7782
3 16 30 -5.25 41.5565 25.7782 -5.25 42.6877 30 0 41.5565
3 16 30 0 41.5565 25.7782 -5.25 42.6877 25.7782 0 42.6877
3 16 34.2218 -5.25 42.6877 30 -5.25 41.5565 34.2218 0 42.6877
3 16 34.2218 0 42.6877 30 -5.25 41.5565 30 0 41.5565
3 16 37.3124 -5.25 45.7782 34.2218 -5.25 42.6877 37.3124 0 45.7782
3 16 37.3124 0 45.7782 34.2218 -5.25 42.6877 34.2218 0 42.6877
3 16 38.4436 -5.25 50 37.3124 -5.25 45.7782 38.4436 0 50
3 16 38.4436 0 50 37.3124 -5.25 45.7782 37.3124 0 45.7782
3 16 37.3124 -5.25 54.2218 38.4436 -5.25 50 37.3124 0 54.2218
3 16 37.3124 0 54.2218 38.4436 -5.25 50 38.4436 0 50
3 16 33.1983 0 55.5396 35.5396 0 53.1983 33.1983 -5.0063 55.5396
3 16 33.1983 -5.0063 55.5396 35.5396 0 53.1983 35.5396 -5.0063 53.1983
3 16 30 0 56.3966 33.1983 0 55.5396 30 -5.0063 56.3966
3 16 30 -5.0063 56.3966 33.1983 0 55.5396 33.1983 -5.0063 55.5396
3 16 26.8017 0 55.5396 30 0 56.3966 26.8017 -5.0063 55.5396
3 16 26.8017 -5.0063 55.5396 30 0 56.3966 30 -5.0063 56.3966
3 16 24.4604 0 53.1983 26.8017 0 55.5396 24.4604 -5.0063 53.1983
3 16 24.4604 -5.0063 53.1983 26.8017 0 55.5396 26.8017 -5.0063 55.5396
3 16 23.6034 0 50 24.4604 0 53.1983 23.6034 -5.0063 50
3 16 23.6034 -5.0063 50 24.4604 0 53.1983 24.4604 -5.0063 53.1983
3 16 24.4604 0 46.8017 23.6034 0 50 24.4604 -5.0063 46.8017
3 16 24.4604 -5.0063 46.8017 23.6034 0 50 23.6034 -5.0063 50
3 16 26.8017 0 44.4604 24.4604 0 46.8017 26.8017 -5.0063 44.4604
3 16 26.8017 -5.0063 44.4604 24.4604 0 46.8017 24.4604 -5.0063 46.8017
3 16 30 0 43.6034 26.8017 0 44.4604 30 -5.0063 43.6034
3 16 30 -5.0063 43.6034 26.8017 0 44.4604 26.8017 -5.0063 44.4604
3 16 33.1983 0 44.4604 30 0 43.6034 33.1983 -5.0063 44.4604
3 16 33.1983 -5.0063 44.4604 30 0 43.6034 30 -5.0063 43.6034
3 16 35.5396 0 46.8017 33.1983 0 44.4604 35.5396 -5.0063 46.8017
3 16 35.5396 -5.0063 46.8017 33.1983 0 44.4604 33.1983 -5.0063 44.4604
3 16 36.3966 0 50 35.5396 0 46.8017 36.3966 -5.0063 50
3 16 36.3966 -5.0063 50 35.5396 0 46.8017 35.5396 -5.0063 46.8017
3 16 35.5396 0 53.1983 36.3966 0 50 35.5396 -5.0063 53.1983
3 16 35.5396 -5.0063 53.1983 36.3966 0 50 36.3966 -5.0063 50
3 16 37.3124 0 54.2218 34.2218 0 57.3123 37.3124 -5.25 54.2218
3 16 37.3124 -5.25 54.2218 34.2218 0 57.3123 34.2218 -5.25 57.3123
3 16 35.5396 0 13.1983 33.1983 0 15.5396 37.3124 0 14.2218
3 16 37.3124 0 14.2218 33.1983 0 15.5396 34.2218 0 17.3123
3 16 34.2218 0 17.3123 33.1983 0 15.5396 30 0 18.4436
3 16 30 0 18.4436 33.1983 0 15.5396 30 0 16.3966
3 16 30 0 16.3966 26.8017 0 15.5396 30 0 18.4436
3 16 30 0 18.4436 26.8017 0 15.5396 25.7782 0 17.3123
3 16 26.8017 0 15.5396 24.4604 0 13.1983 25.7782 0 17.3123
3 16 25.7782 0 17.3123 24.4604 0 13.1983 22.6877 0 14.2218
3 16 24.4604 0 13.1983 23.6034 0 10 22.6877 0 14.2218
3 16 22.6877 0 14.2218 23.6034 0 10 21.5565 0 10
3 16 23.6034 0 10 24.4604 0 6.8017 21.5565 0 10
3 16 21.5565 0 10 24.4604 0 6.8017 22.6877 0 5.7782
3 16 24.4604 0 6.8017 26.8017 0 4.4604 22.6877 0 5.7782
3 16 22.6877 0 5.7782 26.8017 0 4.4604 25.7782 0 2.6877
3 16 26.8017 0 4.4604 30 0 3.6034 25.7782 0 2.6877
3 16 25.7782 0 2.6877 30 0 3.6034 30 0 1.5564
3 16 30 0 3.6034 33.1983 0 4.4604 30 0 1.5564
3 16 30 0 1.5564 33.1983 0 4.4604 34.2218 0 2.6877
3 16 33.1983 0 4.4604 35.5396 0 6.8017 34.2218 0 2.6877
3 16 34.2218 0 2.6877 35.5396 0 6.8017 37.3124 0 5.7782
3 16 35.5396 0 6.8017 36.3966 0 10 37.3124 0 5.7782
3 16 37.3124 0 5.7782 36.3966 0 10 38.4436 0 10
3 16 36.3966 0 10 35.5396 0 13.1983 38.4436 0 10
3 16 38.4436 0 10 35.5396 0 13.1983 37.3124 0 14.2218
3 16 30 -5.25 18.4436 34.2218 -5.25 17.3123 30 0 18.4436
3 16 30 0 18.4436 34.2218 -5.25 17.3123 34.2218 0 17.3123
3 16 25.7782 -5.25 17.3123 30 -5.25 18.4436 25.7782 0 17.3123
3 16 25.7782 0 17.3123 30 -5.25 18.4436 30 0 18.4436
3 16 22.6877 -5.25 14.2218 25.7782 -5.25 17.3123 22.6877 0 14.2218
3 16 22.6877 0 14.2218 25.7782 -5.25 17.3123 25.7782 0 17.3123
3 16 21.5565 -5.25 10 22.6877 -5.25 14.2218 21.5565 0 10
3 16 21.5565 0 10 22.6877 -5.25 14.2218 22.6877 0 14.2218
3 16 22.6877 -5.25 5.7782 21.5565 -5.25 10 22.6877 0 5.7782
3 16 22.6877 0 5.7782 21.5565 -5.25 10 21.5565 0 10
3 16 25.7782 -5.25 2.6877 22.6877 -5.25 5.7782 25.7782 0 2.6877
3 16 25.7782 0 2.6877 22.6877 -5.25 5.7782 22.6877 0 5.7782
3 16 30 -5.25 1.5564 25.7782 -5.25 2.6877 30 0 1.5564
3 16 30 0 1.5564 25.7782 -5.25 2.6877 25.7782 0 2.6877
3 16 34.2218 -5.25 2.6877 30 -5.25 1.5564 34.2218 0 2.6877
3 16 34.2218 0 2.6877 30 -5.25 1.5564 30 0 1.5564
3 16 37.3124 -5.25 5.7782 34.2218 -5.25 2.6877 37.3124 0 5.7782
3 16 37.3124 0 5.7782 34.2218 -5.25 2.6877 34.2218 0 2.6877
3 16 38.4436 -5.25 10 37.3124 -5.25 5.7782 38.4436 0 10
3 16 38.4436 0 10 37.3124 -5.25 5.7782 37.3124 0 5.7782
3 16 37.3124 -5.25 14.2218 38.4436 -5.25 10 37.3124 0 14.2218
3 16 37.3124 0 14.2218 38.4436 -5.25 10 38.4436 0 10
3 16 33.1983 0 15.5396 35.5396 0 13.1983 33.1983 -5.0063 15.5396
3 16 33.1983 -5.0063 15.5396 35.5396 0 13.1983 35.5396 -5.0063 13.1983
3 16 30 0 16.3966 33.1983 0 15.5396 30 -5.0063 16.3966
3 16 30 -5.0063 16.3966 33.1983 0 15.5396 33.1983 -5.0063 15.5396
3 16 26.8017 0 15.5396 30 0 16.3966 26.8017 -5.0063 15.5396
3 16 26.8017 -5.0063 15.5396 30 0 16.3966 30 -5.0063 16.3966
3 16 24.4604 0 13.1983 26.8017 0 15.5396 24.4604 -5.0063 13.1983
3 16 24.4604 -5.0063 13.1983 26.8017 0 15.5396 26.8017 -5.0063 15.5396
3 16 23.6034 0 10 24.4604 0 13.1983 23.6034 -5.0063 10
3 16 23.6034 -5.0063 10 24.4604 0 13.1983 24.4604 -5.0063 13.1983
3 16 24.4604 0 6.8017 23.6034 0 10 24.4604 -5.0063 6.8017
3 16 24.4604 -5.0063 6.8017 23.6034 0 10 23.6034 -5.0063 10
3 16 26.8017 0 4.4604 24.4604 0 6.8017 26.8017 -5.0063 4.4604
3 16 26.8017 -5.0063 4.4604 24.4604 0 6.8017 24.4604 -5.0063 6.8017
3 16 30 0 3.6034 26.8017 0 4.4604 30 -5.0063 3.6034
3 16 30 -5.0063 3.6034 26.8017 0 4.4604 26.8017 -5.0063 4.4604
3 16 33.1983 0 4.4604 30 0 3.6034 33.1983 -5.0063 4.4604
3 16 33.1983 -5.0063 4.4604 30 0 3.6034 30 -5.0063 3.6034
3 16 35.5396 0 6.8017 33.1983 0 4.4604 35.5396 -5.0063 6.8017
3 16 35.5396 -5.0063 6.8017 33.1983 0 4.4604 33.1983 -5.0063 4.4604
3 16 36.3966 0 10 35.5396 0 6.8017 36.3966 -5.0063 10
3 16 36.3966 -5.0063 10 35.5396 0 6.8017 35.5396 -5.0063 6.8017
3 16 35.5396 0 13.1983 36.3966 0 10 35.5396 -5.0063 13.1983
3 16 35.5396 -5.0063 13.1983 36.3966 0 10 36.3966 -5.0063 10
3 16 37.3124 0 14.2218 34.2218 0 17.3123 37.3124 -5.25 14.2218
3 16 37.3124 -5.25 14.2218 34.2218 0 17.3123 34.2218 -5.25 17.3123
3 16 15.5396 0 33.1983 13.1983 0 35.5396 17.3124 0 34.2218
3 16 17.3124 0 34.2218 13.1983 0 35.5396 14.2218 0 37.3123
3 16 14.2218 0 37.3123 13.1983 0 35.5396 10 0 38.4436
3 16 10 0 38.4436 13.1983 0 35.5396 10 0 36.3966
3 16 10 0 36.3966 6.8017 0 35.5396 10 0 38.4436
3 16 10 0 38.4436 6.8017 0 35.5396 5.7782 0 37.3123
3 16 6.8017 0 35.5396 4.4604 0 33.1983 5.7782 0 37.3123
3 16 5.7782 0 37.3123 4.4604 0 33.1983 2.6876 0 34.2218
3 16 4.4604 0 33.1983 3.6034 0 30 2.6876 0 34.2218
3 16 2.6876 0 34.2218 3.6034 0 30 1.5564 0 30
3 16 3.6034 0 30 4.4604 0 26.8017 1.5564 0 30
3 16 1.5564 0 30 4.4604 0 26.8017 2.6876 0 25.7782
3 16 4.4604 0 26.8017 6.8017 0 24.4604 2.6876 0 25.7782
3 16 2.6876 0 25.7782 6.8017 0 24.4604 5.7782 0 22.6877
3 16 6.8017 0 24.4604 10 0 23.6034 5.7782 0 22.6877
3 16 5.7782 0 22.6877 10 0 23.6034 10 0 21.5565
3 16 10 0 23.6034 13.1983 0 24.4604 10 0 21.5565
3 16 10 0 21.5565 13.1983 0 24.4604 14.2218 0 22.6877
3 16 13.1983 0 24.4604 15.5396 0 26.8017 14.2218 0 22.6877
3 16 14.2218 0 22.6877 15.5396 0 26.8017 17.3124 0 25.7782
3 16 15.5396 0 26.8017 16.3966 0 30 17.3124 0 25.7782
3 16 17.3124 0 25.7782 16.3966 0 30 18.4436 0 30
3 16 16.3966 0 30 15.5396 0 33.1983 18.4436 0 30
3 16 18.4436 0 30 15.5396 0 33.1983 17.3124 0 34.2218
3 16 10 -5.25 38.4436 14.2218 -5.25 37.3123 10 0 38.4436
3 16 10 0 38.4436 14.2218 -5.25 37.3123 14.2218 0 37.3123
3 16 5.7782 -5.25 37.3123 10 -5.25 38.4436 5.7782 0 37.3123
3 16 5.7782 0 37.3123 10 -5.25 38.4436 10 0 38.4436
3 16 2.6876 -5.25 34.2218 5.7782 -5.25 37.3123 2.6876 0 34.2218
3 16 2.6876 0 34.2218 5.7782 -5.25 37.3123 5.7782 0 37.3123
3 16 1.5564 -5.25 30 2.6876 -5.25 34.2218 1.5564 0 30
3 16 1.5564 0 30 2.6876 -5.25 34.2218 2.6876 0 34.2218
3 16 2.6876 -5.25 25.7782 1.5564 -5.25 30 2.6876 0 25.7782
3 16 2.6876 0 25.7782 1.5564 -5.25 30 1.5564 0 30
3 16 5.7782 -5.25 22.6877 2.6876 -5.25 25.7782 5.7782 0 22.6877
3 16 5.7782 0 22.6877 2.6876 -5.25 25.7782 2.6876 0 25.7782
3 16 10 -5.25 21.5565 5.7782 -5.25 22.6877 10 0 21.5565
3 16 10 0 21.5565 5.7782 -5.25 22.6877 5.7782 0 22.6877
3 16 14.2218 -5.25 22.6877 10 -5.25 21.5565 14.2218 0 22.6877
3 16 14.2218 0 22.6877 10 -5.25 21.5565 10 0 21.5565
3 16 17.3124 -5.25 25.7782 14.2218 -5.25 22.6877 17.3124 0 25.7782
3 16 17.3124 0 25.7782 14.2218 -5.25 22.6877 14.2218 0 22.6877
3 16 18.4436 -5.25 30 17.3124 -5.25 25.7782 18.4436 0 30
3 16 18.4436 0 30 17.3124 -5.25 25.7782 17.3124 0 25.7782
3 16 17.3124 -5.25 34.2218 18.4436 -5.25 30 17.3124 0 34.2218
3 16 17.3124 0 34.2218 18.4436 -5.25 30 18.4436 0 30
3 16 13.1983 0 35.5396 15.5396 0 33.1983 13.1983 -5.0063 35.5396
3 16 13.1983 -5.0063 35.5396 15.5396 0 33.1983 15.5396 -5.0063 33.1983
3 16 10 0 36.3966 13.1983 0 35.5396 10 -5.0063 36.3966
3 16 10 -5.0063 36.3966 13.1983 0 35.5396 13.1983 -5.0063 35.5396
3 16 6.8017 0 35.5396 10 0 36.3966 6.8017 -5.0063 35.5396
3 16 6.8017 -5.0063 35.5396 10 0 36.3966 10 -5.0063 36.3966
3 16 4.4604 0 33.1983 6.8017 0 35.5396 4.4604 -5.0063 33.1983
3 16 4.4604 -5.0063 33.1983 6.8017 0 35.5396 6.8017 -5.0063 35.5396
3 16 3.6034 0 30 4.4604 0 33.1983 3.6034 -5.0063 30
3 16 3.6034 -5.0063 30 4.4604 0 33.1983 4.4604 -5.0063 33.1983
3 16 4.4604 0 26.8017 3.6034 0 30 4.4604 -5.0063 26.8017
3 16 4.4604 -5.0063 26.8017 3.6034 0 30 3.6034 -5.0063 30
3 16 6.8017 0 24.4604 4.4604 0 26.8017 6.8017 -5.0063 24.4604
3 16 6.8017 -5.0063 24.4604 4.4604 0 26.8017 4.4604 -5.0063 26.8017
3 16 10 0 23.6034 6.8017 0 24.4604 10 -5.0063 23.6034
3 16 10 -5.0063 23.6034 6.8017 0 24.4604 6.8017 -5.0063 24.4604
3 16 13.1983 0 24.4604 10 0 23.6034 13.1983 -5.0063 24.4604
3 16 13.1983 -5.0063 24.4604 10 0 23.6034 10 -5.0063 23.6034
3 16 15.5396 0 26.8017 13.1983 0 24.4604 15.5396 -5.0063 26.8017
3 16 15.5396 -5.0063 26.8017 13.1983 0 24.4604 13.1983 -5.0063 24.4604
3 16 16.3966 0 30 15.5396 0 26.8017 16.3966 -5.0063 30
3 16 16.3966 -5.0063 30 15.5396 0 26.8017 15.5396 -5.0063 26.8017
3 16 15.5396 0 33.1983 16.3966 0 30 15.5396 -5.0063 33.1983
3 16 15.5396 -5.0063 33.1983 16.3966 0 30 16.3966 -5.0063 30
3 16 17.3124 0 34.2218 14.2218 0 37.3123 17.3124 -5.25 34.2218
3 16 17.3124 -5.25 34.2218 14.2218 0 37.3123 14.2218 -5.25 37.3123
3 16 20 -12.45 40 14.5856 -12.45 36.874 16.874 -12.45 34.5856
3 16 16.874 -12.45 34.5856 20 -12.45 33.748 20 -12.45 40
3 16 20 -12.45 33.748 23.126 -12.45 34.5856 20 -12.45 40
3 16 23.126 -12.45 34.5856 25.4144 -12.45 36.874 20 -12.45 40
3 16 25.4144 -12.45 36.874 26.252 -12.45 40 20 -12.45 40
3 16 26.252 -12.45 40 25.4144 -12.45 43.126 20 -12.45 40
3 16 25.4144 -12.45 43.126 23.126 -12.45 45.4144 20 -12.45 40
3 16 23.126 -12.45 45.4144 20 -12.45 46.252 20 -12.45 40
3 16 20 -12.45 46.252 16.874 -12.45 45.4144 20 -12.45 40
3 16 16.874 -12.45 45.4144 14.5856 -12.45 43.126 20 -12.45 40
3 16 14.5856 -12.45 43.126 13.748 -12.45 40 20 -12.45 40
3 16 13.748 -12.45 40 14.5856 -12.45 36.874 20 -12.45 40
3 16 14.5856 -8 36.874 16.874 -8 34.5856 14.5856 -12.45 36.874
3 16 14.5856 -12.45 36.874 16.874 -8 34.5856 16.874 -12.45 34.5856
3 16 16.874 -8 34.5856 20 -8 33.748 16.874 -12.45 34.5856
3 16 16.874 -12.45 34.5856 20 -8 33.748 20 -12.45 33.748
3 16 20 -8 33.748 23.126 -8 34.5856 20 -12.45 33.748
3 16 20 -12.45 33.748 23.126 -8 34.5856 23.126 -12.45 34.5856
3 16 23.126 -8 34.5856 25.4144 -8 36.874 23.126 -12.45 34.5856
3 16 23.126 -12.45 34.5856 25.4144 -8 36.874 25.4144 -12.45 36.874
3 16 25.4144 -8 36.874 26.252 -8 40 25.4144 -12.45 36.874
3 16 25.4144 -12.45 36.874 26.252 -8 40 26.252 -12.45 40
3 16 26.252 -8 40 25.4144 -8 43.126 26.252 -12.45 40
3 16 26.252 -12.45 40 25.4144 -8 43.126 25.4144 -12.45 43.126
3 16 25.4144 -8 43.126 23.126 -8 45.4144 25.4144 -12.45 43.126
3 16 25.4144 -12.45 43.126 23.126 -8 45.4144 23.126 -12.45 45.4144
3 16 23.126 -8 45.4144 20 -8 46.252 23.126 -12.45 45.4144
3 16 23.126 -12.45 45.4144 20 -8 46.252 20 -12.45 46.252
3 16 20 -8 46.252 16.874 -8 45.4144 20 -12.45 46.252
3 16 20 -12.45 46.252 16.874 -8 45.4144 16.874 -12.45 45.4144
3 16 16.874 -8 45.4144 14.5856 -8 43.126 16.874 -12.45 45.4144
3 16 16.874 -12.45 45.4144 14.5856 -8 43.126 14.5856 -12.45 43.126
3 16 14.5856 -8 43.126 13.748 -8 40 14.5856 -12.45 43.126
3 16 14.5856 -12.45 43.126 13.748 -8 40 13.748 -12.45 40
3 16 13.748 -8 40 14.5856 -8 36.874 13.748 -12.45 40
3 16 13.748 -12.45 40 14.5856 -8 36.874 14.5856 -12.45 36.874
3 16 20 -12.45 0 14.5856 -12.45 -3.126 16.874 -12.45 -5.4144
3 16 16.874 -12.45 -5.4144 20 -12.45 -6.252 20 -12.45 0
3 16 20 -12.45 -6.252 23.126 -12.45 -5.4144 20 -12.45 0
3 16 23.126 -12.45 -5.4144 25.4144 -12.45 -3.126 20 -12.45 0
3 16 25.4144 -12.45 -3.126 26.252 -12.45 0 20 -12.45 0
3 16 26.252 -12.45 0 25.4144 -12.45 3.126 20 -12.45 0
3 16 25.4144 -12.45 3.126 23.126 -12.45 5.4144 20 -12.45 0
3 16 23.126 -12.45 5.4144 20 -12.45 6.252 20 -12.45 0
3 16 20 -12.45 6.252 16.874 -12.45 5.4144 20 -12.45 0
3 16 16.874 -12.45 5.4144 14.5856 -12.45 3.126 20 -12.45 0
3 16 14.5856 -12.45 3.126 13.748 -12.45 0 20 -12.45 0
3 16 13.748 -12.45 0 14.5856 -12.45 -3.126 20 -12.45 0
3 16 14.5856 -8 -3.126 16.874 -8 -5.4144 14.5856 -12.45 -3.126
3 16 14.5856 -12.45 -3.126 16.874 -8 -5.4144 16.874 -12.45 -5.4144
3 16 16.874 -8 -5.4144 20 -8 -6.252 16.874 -12.45 -5.4144
3 16 16.874 -12.45 -5.4144 20 -8 -6.252 20 -12.45 -6.252
3 16 20 -8 -6.252 23.126 -8 -5.4144 20 -12.45 -6.252
3 16 20 -12.45 -6.252 23.126 -8 -5.4144 23.126 -12.45 -5.4144
3 16 23.126 -8 -5.4144 25.4144 -8 -3.126 23.126 -12.45 -5.4144
3 16 23.126 -12.45 -5.4144 25.4144 -8 -3.126 25.4144 -12.45 -3.126
3 16 25.4144 -8 -3.126 26.252 -8 0 25.4144 -12.45 -3.126
3 16 25.4144 -12.45 -3.126 26.252 -8 0 26.252 -12.45 0
3 16 26.252 -8 0 25.4144 -8 3.126 26.252 -12.45 0
3 16 26.252 -12.45 0 25.4144 -8 3.126 25.4144 -12.45 3.126
3 16 25.4144 -8 3.126 23.126 -8 5.4144 25.4144 -12.45 3.126
3 16 25.4144 -12.45 3.126 23.126 -8 5.4144 23.126 -12.45 5.4144
3 16 23.126 -8 5.4144 20 -8 6.252 23.126 -12.45 5.4144
3 16 23.126 -12.45 5.4144 20 -8 6.252 20 -12.45 6.252
3 16 20 -8 6.252 16.874 -8 5.4144 20 -12.45 6.252
3 16 20 -12.45 6.252 16.874 -8 5.4144 16.874 -12.45 5.4144
3 16 16.874 -8 5.4144 14.5856 -8 3.126 16.874 -12.45 5.4144
3 16 16.874 -12.45 5.4144 14.5856 -8 3.126 14.5856 -12.45 3.126
3 16 14.5856 -8 3.126 13.748 -8 0 14.5856 -12.45 3.126
3 16 14.5856 -12.45 3.126 13.748 -8 0 13.748 -12.45 0
3 16 13.748 -8 0 14.5856 -8 -3.126 13.748 -12.45 0
3 16 13.748 -12.45 0 14.5856 -8 -3.126 14.5856 -12.45 -3.126
3 16 20 -12.45 20 14.5856 -12.45 16.874 16.874 -12.45 14.5856
3 16 16.874 -12.45 14.5856 20 -12.45 13.748 20 -12.45 20
3 16 20 -12.45 13.748 23.126 -12.45 14.5856 20 -12.45 20
3 16 23.126 -12.45 14.5856 25.4144 -12.45 16.874 20 -12.45 20
3 16 25.4144 -12.45 16.874 26.252 -12.45 20 20 -12.45 20
3 16 26.252 -12.45 20 25.4144 -12.45 23.126 20 -12.45 20
3 16 25.4144 -12.45 23.126 23.126 -12.45 25.4144 20 -12.45 20
3 16 23.126 -12.45 25.4144 20 -12.45 26.252 20 -12.45 20
3 16 20 -12.45 26.252 16.874 -12.45 25.4144 20 -12.45 20
3 16 16.874 -12.45 25.4144 14.5856 -12.45 23.126 20 -12.45 20
3 16 14.5856 -12.45 23.126 13.748 -12.45 20 20 -12.45 20
3 16 13.748 -12.45 20 14.5856 -12.45 16.874 20 -12.45 20
3 16 14.5856 -8 16.874 16.874 -8 14.5856 14.5856 -12.45 16.874
3 16 14.5856 -12.45 16.874 16.874 -8 14.5856 16.874 -12.45 14.5856
3 16 16.874 -8 14.5856 20 -8 13.748 16.874 -12.45 14.5856
3 16 16.874 -12.45 14.5856 20 -8 13.748 20 -12.45 13.748
3 16 20 -8 13.748 23.126 -8 14.5856 20 -12.45 13.748
3 16 20 -12.45 13.748 23.126 -8 14.5856 23.126 -12.45 14.5856
3 16 23.126 -8 14.5856 25.4144 -8 16.874 23.126 -12.45 14.5856
3 16 23.126 -12.45 14.5856 25.4144 -8 16.874 25.4144 -12.45 16.874
3 16 25.4144 -8 16.874 26.252 -8 20 25.4144 -12.45 16.874
3 16 25.4144 -12.45 16.874 26.252 -8 20 26.252 -12.45 20
3 16 26.252 -8 20 25.4144 -8 23.126 26.252 -12.45 20
3 16 26.252 -12.45 20 25.4144 -8 23.126 25.4144 -12.45 23.126
3 16 25.4144 -8 23.126 23.126 -8 25.4144 25.4144 -12.45 23.126
3 16 25.4144 -12.45 23.126 23.126 -8 25.4144 23.126 -12.45 25.4144
3 16 23.126 -8 25.4144 20 -8 26.252 23.126 -12.45 25.4144
3 16 23.126 -12.45 25.4144 20 -8 26.252 20 -12.45 26.252
3 16 20 -8 26.252 16.874 -8 25.4144 20 -12.45 26.252
3 16 20 -12.45 26.252 16.874 -8 25.4144 16.874 -12.45 25.4144
3 16 16.874 -8 25.4144 14.5856 -8 23.126 16.874 -12.45 25.4144
3 16 16.874 -12.45 25.4144 14.5856 -8 23.126 14.5856 -12.45 23.126
3 16 14.5856 -8 23.126 13.748 -8 20 14.5856 -12.45 23.126
3 16 14.5856 -12.45 23.126 13.748 -8 20 13.748 -12.45 20
3 16 13.748 -8 20 14.5856 -8 16.874 13.748 -12.45 20
3 16 13.748 -12.45 20 14.5856 -8 16.874 14.5856 -12.45 16.874
3 16 40 -12.45 20 34.5856 -12.45 16.874 36.874 -12.45 14.5856
3 16 36.874 -12.45 14.5856 40 -12.45 13.748 40 -12.45 20
3 16 40 -12.45 13.748 43.126 -12.45 14.5856 40 -12.45 20
3 16 43.126 -12.45 14.5856 45.4144 -12.45 16.874 40 -12.45 20
3 16 45.4144 -12.45 16.874 46.252 -12.45 20 40 -12.45 20
3 16 46.252 -12.45 20 45.4144 -12.45 23.126 40 -12.45 20
3 16 45.4144 -12.45 23.126 43.126 -12.45 25.4144 40 -12.45 20
3 16 43.126 -12.45 25.4144 40 -12.45 26.252 40 -12.45 20
3 16 40 -12.45 26.252 36.874 -12.45 25.4144 40 -12.45 20
3 16 36.874 -12.45 25.4144 34.5856 -12.45 23.126 40 -12.45 20
3 16 34.5856 -12.45 23.126 33.748 -12.45 20 40 -12.45 20
3 16 33.748 -12.45 20 34.5856 -12.45 16.874 40 -12.45 20
3 16 34.5856 -8 16.874 36.874 -8 14.5856 34.5856 -12.45 16.874
3 16 34.5856 -12.45 16.874 36.874 -8 14.5856 36.874 -12.45 14.5856
3 16 36.874 -8 14.5856 40 -8 13.748 36.874 -12.45 14.5856
3 16 36.874 -12.45 14.5856 40 -8 13.748 40 -12.45 13.748
3 16 40 -8 13.748 43.126 -8 14.5856 40 -12.45 13.748
3 16 40 -12.45 13.748 43.126 -8 14.5856 43.126 -12.45 14.5856
3 16 43.126 -8 14.5856 45.4144 -8 16.874 43.126 -12.45 14.5856
3 16 43.126 -12.45 14.5856 45.4144 -8 16.874 45.4144 -12.45 16.874
3 16 45.4144 -8 16.874 46.252 -8 20 45.4144 -12.45 16.874
3 16 45.4144 -12.45 16.874 46.252 -8 20 46.252 -12.45 20
3 16 46.252 -8 20 45.4144 -8 23.126 46.252 -12.45 20
3 16 46.252 -12.45 20 45.4144 -8 23.126 45.4144 -12.45 23.126
3 16 45.4144 -8 23.126 43.126 -8 25.4144 45.4144 -12.45 23.126
3 16 45.4144 -12.45 23.126 43.126 -8 25.4144 43.126 -12.45 25.4144
3 16 43.126 -8 25.4144 40 -8 26.252 43.126 -12.45 25.4144
3 16 43.126 -12.45 25.4144 40 -8 26.252 40 -12.45 26.252
3 16 40 -8 26.252 36.874 -8 25.4144 40 -12.45 26.252
3 16 40 -12.45 26.252 36.874 -8 25.4144 36.874 -12.45 25.4144
3 16 36.874 -8 25.4144 34.5856 -8 23.126 36.874 -12.45 25.4144
3 16 36.874 -12.45 25.4144 34.5856 -8 23.126 34.5856 -12.45 23.126
3 16 34.5856 -8 23.126 33.748 -8 20 34.5856 -12.45 23.126
3 16 34.5856 -12.45 23.126 33.748 -8 20 33.748 -12.45 20
3 16 33.748 -8 20 34.5856 -8 16.874 33.748 -12.45 20
3 16 33.748 -12.45 20 34.5856 -8 16.874 34.5856 -12.45 16.874
3 16 0 -12.45 40 -5.4144 -12.45 36.874 -3.126 -12.45 34.5856
3 16 -3.126 -12.45 34.5856 0 -12.45 33.748 0 -12.45 40
3 16 0 -12.45 33.748 3.126 -12.45 34.5856 0 -12.45 40
3 16 3.126 -12.45 34.5856 5.4144 -12.45 36.874 0 -12.45 40
3 16 5.4144 -12.45 36.874 6.252 -12.45 40 0 -12.45 40
3 16 6.252 -12.45 40 5.4144 -12.45 43.126 0 -12.45 40
3 16 5.4144 -12.45 43.126 3.126 -12.45 45.4144 0 -12.45 40
3 16 3.126 -12.45 45.4144 0 -12.45 46.252 0 -12.45 40
3 16 0 -12.45 46.252 -3.126 -12.45 45.4144 0 -12.45 40
3 16 -3.126 -12.45 45.4144 -5.4144 -12.45 43.126 0 -12.45 40
3 16 -5.4144 -12.45 43.126 -6.252 -12.45 40 0 -12.45 40
3 16 -6.252 -12.45 40 -5.4144 -12.45 36.874 0 -12.45 40
3 16 -5.4144 -8 36.874 -3.126 -8 34.5856 -5.4144 -12.45 36.874
3 16 -5.4144 -12.45 36.874 -3.126 -8 34.5856 -3.126 -12.45 34.5856
3 16 -3.126 -8 34.5856 0 -8 33.748 -3.126 -12.45 34.5856
3 16 -3.126 -12.45 34.5856 0 -8 33.748 0 -12.45 33.748
3 16 0 -8 33.748 3.126 -8 34.5856 0 -12.45 33.748
3 16 0 -12.45 33.748 3.126 -8 34.5856 3.126 -12.45 34.5856
3 16 3.126 -8 34.5856 5.4144 -8 36.874 3.126 -12.45 34.5856
3 16 3.126 -12.45 34.5856 5.4144 -8 36.874 5.4144 -12.45 36.874
3 16 5.4144 -8 36.874 6.252 -8 40 5.4144 -12.45 36.874
3 16 5.4144 -12.45 36.874 6.252 -8 40 6.252 -12.45 40
3 16 6.252 -8 40 5.4144 -8 43.126 6.252 -12.45 40
3 16 6.252 -12.45 40 5.4144 -8 43.126 5.4144 -12.45 43.126
3 16 5.4144 -8 43.126 3.126 -8 45.4144 5.4144 -12.45 43.126
3 16 5.4144 -12.45 43.126 3.126 -8 45.4144 3.126 -12.45 45.4144
3 16 3.126 -8 45.4144 0 -8 46.252 3.126 -12.45 45.4144
3 16 3.126 -12.45 45.4144 0 -8 46.252 0 -12.45 46.252
3 16 0 -8 46.252 -3.126 -8 45.4144 0 -12.45 46.252
3 16 0 -12.45 46.252 -3.126 -8 45.4144 -3.126 -12.45 45.4144
3 16 -3.126 -8 45.4144 -5.4144 -8 43.126 -3.126 -12.45 45.4144
3 16 -3.126 -12.45 45.4144 -5.4144 -8 43.126 -5.4144 -12.45 43.126
3 16 -5.4144 -8 43.126 -6.252 -8 40 -5.4144 -12.45 43.126
3 16 -5.4144 -12.45 43.126 -6.252 -8 40 -6.252 -12.45 40
3 16 -6.252 -8 40 -5.4144 -8 36.874 -6.252 -12.45 40
3 16 -6.252 -12.45 40 -5.4144 -8 36.874 -5.4144 -12.45 36.874
3 16 20 -12.45 60 14.5856 -12.45 56.874 16.874 -12.45 54.5856
3 16 16.874 -12.45 54.5856 20 -12.45 53.748 20 -12.45 60
3 16 20 -12.45 53.748 23.126 -12.45 54.5856 20 -12.45 60
3 16 23.126 -12.45 54.5856 25.4144 -12.45 56.874 20 -12.45 60
3 16 25.4144 -12.45 56.874 26.252 -12.45 60 20 -12.45 60
3 16 26.252 -12.45 60 25.4144 -12.45 63.126 20 -12.45 60
3 16 25.4144 -12.45 63.126 23.126 -12.45 65.4144 20 -12.45 60
3 16 23.126 -12.45 65.4144 20 -12.45 66.252 20 -12.45 60
3 16 20 -12.45 66.252 16.874 -12.45 65.4144 20 -12.45 60
3 16 16.874 -12.45 65.4144 14.5856 -12.45 63.126 20 -12.45 60
3 16 14.5856 -12.45 63.126 13.748 -12.45 60 20 -12.45 60
3 16 13.748 -12.45 60 14.5856 -12.45 56.874 20 -12.45 60
3 16 14.5856 -8 56.874 16.874 -8 54.5856 14.5856 -12.45 56.874
3 16 14.5856 -12.45 56.874 16.874 -8 54.5856 16.874 -12.45 54.5856
3 16 16.874 -8 54.5856 20 -8 53.748 16.874 -12.45 54.5856
3 16 16.874 -12.45 54.5856 20 -8 53.748 20 -12.45 53.748
3 16 20 -8 53.748 23.126 -8 54.5856 20 -12.45 53.748
3 16 20 -12.45 53.748 23.126 -8 54.5856 23.126 -12.45 54.5856
3 16 23.126 -8 54.5856 25.4144 -8 56.874 23.126 -12.45 54.5856
3 16 23.126 -12.45 54.5856 25.4144 -8 56.874 25.4144 -12.45 56.874
3 16 25.4144 -8 56.874 26.252 -8 60 25.4144 -12.45 56.874
3 16 25.4144 -12.45 56.874 26.252 -8 60 26.252 -12.45 60
3 16 26.252 -8 60 25.4144 -8 63.126 26.252 -12.45 60
3 16 26.252 -12.45 60 25.4144 -8 63.126 25.4144 -12.45 63.126
3 16 25.4144 -8 63.126 23.126 -8 65.4144 25.4144 -12.45 63.126
3 16 25.4144 -12.45 63.126 23.126 -8 65.4144 23.126 -12.45 65.4144
3 16 23.126 -8 65.4144 20 -8 66.252 23.126 -12.45 65.4144
3 16 23.126 -12.45 65.4144 20 -8 66.252 20 -12.45 66.252
3 16 20 -8 66.252 16.874 -8 65.4144 20 -12.45 66.252
3 16 20 -12.45 66.252 16.874 -8 65.4144 16.874 -12.45 65.4144
3 16 16.874 -8 65.4144 14.5856 -8 63.126 16.874 -12.45 65.4144
3 16 16.874 -12.45 65.4144 14.5856 -8 63.126 14.5856 -12.45 63.126
3 16 14.5856 -8 63.126 13.748 -8 60 14.5856 -12.45 63.126
3 16 14.5856 -12.45 63.126 13.748 -8 60 13.748 -12.45 60
3 16 13.748 -8 60 14.5856 -8 56.874 13.748 -12.45 60
3 16 13.748 -12.45 60 14.5856 -8 56.874 14.5856 -12.45 56.874
3 16 0 -12.45 20 -5.4144 -12.45 16.874 -3.126 -12.45 14.5856
3 16 -3.126 -12.45 14.5856 0 -12.45 13.748 0 -12.45 20
3 16 0 -12.45 13.748 3.126 -12.45 14.5856 0 -12.45 20
3 16 3.126 -12.45 14.5856 5.4144 -12.45 16.874 0 -12.45 20
3 16 5.4144 -12.45 16.874 6.252 -12.45 20 0 -12.45 20
3 16 6.252 -12.45 20 5.4144 -12.45 23.126 0 -12.45 20
3 16 5.4144 -12.45 23.126 3.126 -12.45 25.4144 0 -12.45 20
3 16 3.126 -12.45 25.4144 0 -12.45 26.252 0 -12.45 20
3 16 0 -12.45 26.252 -3.126 -12.45 25.4144 0 -12.45 20
3 16 -3.126 -12.45 25.4144 -5.4144 -12.45 23.126 0 -12.45 20
3 16 -5.4144 -12.45 23.126 -6.252 -12.45 20 0 -12.45 20
3 16 -6.252 -12.45 20 -5.4144 -12.45 16.874 0 -12.45 20
3 16 -5.4144 -8 16.874 -3.126 -8 14.5856 -5.4144 -12.45 16.874
3 16 -5.4144 -12.45 16.874 -3.126 -8 14.5856 -3.126 -12.45 14.5856
3 16 -3.126 -8 14.5856 0 -8 13.748 -3.126 -12.45 14.5856
3 16 -3.126 -12.45 14.5856 0 -8 13.748 0 -12.45 13.748
3 16 0 -8 13.748 3.126 -8 14.5856 0 -12.45 13.748
3 16 0 -12.45 13.748 3.126 -8 14.5856 3.126 -12.45 14.5856
3 16 3.126 -8 14.5856 5.4144 -8 16.874 3.126 -12.45 14.5856
3 16 3.126 -12.45 14.5856 5.4144 -8 16.874 5.4144 -12.45 16.874
3 16 5.4144 -8 16.874 6.252 -8 20 5.4144 -12.45 16.874
3 16 5.4144 -12.45 16.874 6.252 -8 20 6.252 -12.45 20
3 16 6.252 -8 20 5.4144 -8 23.126 6.252 -12.45 20
3 16 6.252 -12.45 20 5.4144 -8 23.126 5.4144 -12.45 23.126
3 16 5.4144 -8 23.126 3.126 -8 25.4144 5.4144 -12.45 23.126
3 16 5.4144 -12.45 23.126 3.126 -8 25.4144 3.126 -12.45 25.4144
3 16 3.126 -8 25.4144 0 -8 26.252 3.126 -12.45 25.4144
3 16 3.126 -12.45 25.4144 0 -8 26.252 0 -12.45 26.252
3 16 0 -8 26.252 -3.126 -8 25.4144 0 -12.45 26.252
3 16 0 -12.45 26.252 -3.126 -8 25.4144 -3.126 -12.45 25.4144
3 16 -3.126 -8 25.4144 -5.4144 -8 23.126 -3.126 -12.45 25.4144
3 16 -3.126 -12.45 25.4144 -5.4144 -8 23.126 -5.4144 -12.45 23.126
3 16 -5.4144 -8 23.126 -6.252 -8 20 -5.4144 -12.45 23.126
3 16 -5.4144 -12.45 23.126 -6.252 -8 20 -6.252 -12.45 20
3 16 -6.252 -8 20 -5.4144 -8 16.874 -6.252 -12.45 20
3 16 -6.252 -12.45 20 -5.4144 -8 16.874 -5.4144 -12.45 16.874
3 16 40 -12.45 40 34.5856 -12.45 36.874 36.874 -12.45 34.5856
3 16 36.874 -12.45 34.5856 40 -12.45 33.748 40 -12.45 40
3 16 40 -12.45 33.748 43.126 -12.45 34.5856 40 -12.45 40
3 16 43.126 -12.45 34.5856 45.4144 -12.45 36.874 40 -12.45 40
3 16 45.4144 -12.45 36.874 46.252 -12.45 40 40 -12.45 40
3 16 46.252 -12.45 40 45.4144 -12.45 43.126 40 -12.45 40
3 16 45.4144 -12.45 43.126 43.126 -12.45 45.4144 40 -12.45 40
3 16 43.126 -12.45 45.4144 40 -12.45 46.252 40 -12.45 40
3 16 40 -12.45 46.252 36.874 -12.45 45.4144 40 -12.45 40
3 16 36.874 -12.45 45.4144 34.5856 -12.45 43.126 40 -12.45 40
3 16 34.5856 -12.45 43.126 33.748 -12.45 40 40 -12.45 40
3 16 33.748 -12.45 40 34.5856 -12.45 36.874 40 -12.45 40
3 16 34.5856 -8 36.874 36.874 -8 34.5856 34.5856 -12.45 36.874
3 16 34.5856 -12.45 36.874 36.874 -8 34.5856 36.874 -12.45 34.5856
3 16 36.874 -8 34.5856 40 -8 33.748 36.874 -12.45 34.5856
3 16 36.874 -12.45 34.5856 40 -8 33.748 40 -12.45 33.748
3 16 40 -8 33.748 43.126 -8 34.5856 40 -12.45 33.748
3 16 40 -12.45 33.748 43.126 -8 34.5856 43.126 -12.45 34.5856
3 16 43.126 -8 34.5856 45.4144 -8 36.874 43.126 -12.45 34.5856
3 16 43.126 -12.45 34.5856 45.4144 -8 36.874 45.4144 -12.45 36.874
3 16 45.4144 -8 36.874 46.252 -8 40 45.4144 -12.45 36.874
3 16 45.4144 -12.45 36.874 46.252 -8 40 46.252 -12.45 40
3 16 46.252 -8 40 45.4144 -8 43.126 46.252 -12.45 40
3 16 46.252 -12.45 40 45.4144 -8 43.126 45.4144 -12.45 43.126
3 16 45.4144 -8 43.126 43.126 -8 45.4144 45.4144 -12.45 43.126
3 16 45.4144 -12.45 43.126 43.126 -8 45.4144 43.126 -12.45 45.4144
3 16 43.126 -8 45.4144 40 -8 46.252 43.126 -12.45 45.4144
3 16 43.126 -12.45 45.4144 40 -8 46.252 40 -12.45 46.252
3 16 40 -8 46.252 36.874 -8 45.4144 40 -12.45 46.252
3 16 40 -12.45 46.252 36.874 -8 45.4144 36.874 -12.45 45.4144
3 16 36.874 -8 45.4144 34.5856 -8 43.126 36.874 -12.45 45.4144
3 16 36.874 -12.45 45.4144 34.5856 -8 43.126 34.5856 -12.45 43.126
3 16 34.5856 -8 43.126 33.748 -8 40 34.5856 -12.45 43.126
3 16 34.5856 -12.45 43.126 33.748 -8 40 33.748 -12.45 40
3 16 33.748 -8 40 34.5856 -8 36.874 33.748 -12.45 40
3 16 33.748 -12.45 40 34.5856 -8 36.874 34.5856 -12.45 36.874
2 24 6.25 -24 0 5.7742 -24 -2.3918
2 24 6.25 -28.45 0 5.7742 -28.45 -2.3918
2 24 0 -22.939 -6.25 -2.3918 -22.6827 -5.7742
2 24 -7.5 -23.5337 -8.0151 -7.5 -22.8951 -6.1196
2 24 5.7742 -24 -2.3918 5.4039 -24 -3.1378
2 24 5.7742 -28.45 -2.3918 4.4194 -28.45 -4.4194
2 24 -7.5 -19.6606 -2.3924 -7.5 -21.8639 -4.4057
2 24 -5.7742 -19.6429 -2.3918 -4.4247 -21.868 -4.4126
2 24 -7.5 -19.6606 -2.3924 -7.5 -16.9746 -1.0908
2 24 -5.7742 -19.6429 -2.3918 -6.1064 -16.9746 -1.0908
2 24 -6.1064 -16.9746 -1.0908 -6.1537 -13.5 -0.7311
2 24 -6.1537 -13.5 -0.7311 -7.5 -13.5 -0.7311
2 24 -7.5 -16.9746 -1.0908 -7.5 -13.5 -0.7311
2 24 -2.3918 -22.6827 -5.7742 -4.4247 -21.868 -4.4126
2 24 -7.5 -22.8951 -6.1196 -7.5 -21.8639 -4.4057
2 24 2.3918 -22.6884 -5.7742 4.4247 -21.868 -4.4126
2 24 5.4 -22.8951 -6.1196 5.4 -21.8639 -4.4057
2 24 5.4 -20.6663 -16.8657 5.4013 -24 -16.8629
2 24 5.4 -20.6663 -16.8657 5.4 -21.8639 -15.6015
2 24 5.4013 -24 -16.8629 5.4012 -24 -16.206
2 24 2.4935 0 6.8907 4.2548 0 4.2548
2 24 18.125 0 10 17.5065 0 6.8907
2 24 16.3966 0 10 15.5396 0 6.8017
2 24 17.5065 0 6.8907 15.7452 0 4.2548
2 24 15.7452 0 4.2548 13.1093 0 2.4935
2 24 15.5396 0 6.8017 13.1983 0 4.4604
2 24 13.1093 0 2.4935 10 0 1.875
2 24 13.1983 0 4.4604 10 0 3.6034
2 24 10 0 1.875 6.8907 0 2.4935
2 24 10 0 3.6034 6.8017 0 4.4604
2 24 6.8907 0 2.4935 4.2548 0 4.2548
2 24 6.8017 0 4.4604 4.4604 0 6.8017
2 24 4.2548 0 4.2548 2.4935 0 6.8907
2 24 2.4935 0 6.8907 1.875 0 10
2 24 4.4604 0 6.8017 3.6034 0 10
2 24 1.875 0 10 2.4935 0 13.1093
2 24 3.6034 0 10 4.4604 0 13.1983
2 24 2.4935 0 13.1093 4.2548 0 15.7452
2 24 4.2548 0 15.7452 6.8907 0 17.5065
2 24 4.4604 0 13.1983 6.8017 0 15.5396
2 24 6.8907 0 17.5065 10 0 18.125
2 24 6.8017 0 15.5396 10 0 16.3966
2 24 10 0 18.125 13.1093 0 17.5065
2 24 10 0 16.3966 13.1983 0 15.5396
2 24 13.1093 0 17.5065 15.7452 0 15.7453
2 24 13.1983 0 15.5396 15.5396 0 13.1983
2 24 15.7452 0 15.7453 17.5065 0 13.1093
2 24 18.125 0 10 17.5065 0 13.1093
2 24 16.3966 0 10 15.5396 0 13.1983
2 24 41.3692 -20.695 -28.8593 34.8156 -20.7478 -29.8067
2 24 130 -55.4229 20.1832 130 -58.3611 10
2 24 170 -89.788 10 170 -86.4128 15.5387
2 24 170 -86.4128 15.5387 170 -83.6944 23.4463
2 24 170 -83.6944 23.4463 170 -82.9688 30
2 24 170 -89.788 10 160.7032 -82.5635 10
2 24 49.9902 -8 30 50.4541 -8 27.2282
2 24 57.5215 -8.9729 23.2283 55.4058 -8 21.3338
2 24 55.4058 -8 21.3338 52.924 -8 23.4645
2 24 58.9494 -9.4877 26.3755 59.3685 -9.636 30
2 24 57.5215 -8.9729 23.2283 58.9494 -9.4877 26.3755
2 24 50.4541 -8 27.2282 52.924 -8 23.4645
2 24 58.9494 -9.4877 26.3755 59.3685 -9.636 30
2 24 58.9494 -9.4877 26.3755 57.5215 -8.9729 23.2283
2 24 57.5215 -8.9729 23.2283 55.4058 -8 21.3338
2 24 53.3976 -8 14.3923 55.4058 -8 21.3338
2 24 48.7591 -8 5.7795 41.3915 -8 -2.2921
2 24 53.3976 -8 14.3923 48.7591 -8 5.7795
2 24 41.3915 -8 -2.2921 35.2559 -8 -6.2209
2 24 36.8497 -4.4578 -8.1396 29.485 -2.0501 -8.1084
2 24 36.4884 -4.1697 -7.479 29.3602 -2.0326 -7.479
2 24 33.1983 0 24.4604 35.5396 0 26.8017
2 24 33.1983 -8 24.4604 35.5396 -8 26.8017
2 24 33.1983 0 24.4604 30 0 23.6034
2 24 33.1983 -8 24.4604 30 -8 23.6034
2 24 30 0 23.6034 26.8017 0 24.4604
2 24 30 -8 23.6034 26.8017 -8 24.4604
2 24 26.8017 0 24.4604 24.4604 0 26.8017
2 24 26.8017 -8 24.4604 24.4604 -8 26.8017
2 24 24.4604 -8 26.8017 23.6034 -8 30
2 24 24.4604 0 26.8017 23.6034 0 30
2 24 35.5396 0 26.8017 36.3966 0 30
2 24 35.5396 -8 26.8017 36.3966 -8 30
2 24 35.5396 0 26.8017 36.3966 0 30
2 24 37.5065 0 26.8907 38.125 0 30
2 24 35.5396 0 26.8017 33.1983 0 24.4604
2 24 37.5065 0 26.8907 35.7452 0 24.2548
2 24 35.7452 0 24.2548 33.1093 0 22.4935
2 24 33.1093 0 22.4935 30 0 21.875
2 24 33.1983 0 24.4604 30 0 23.6034
2 24 30 0 23.6034 26.8017 0 24.4604
2 24 30 0 21.875 26.8907 0 22.4935
2 24 26.8907 0 22.4935 24.2548 0 24.2548
2 24 24.2548 0 24.2548 22.4935 0 26.8907
2 24 26.8017 0 24.4604 24.4604 0 26.8017
2 24 22.4935 0 26.8907 21.875 0 30
2 24 24.4604 0 26.8017 23.6034 0 30
2 24 4.2548 0 4.2548 6.8907 0 2.4935
2 24 48.7591 -8 5.7795 41.3915 -8 -2.2921
2 24 35.2559 -8 -6.2209 31.4103 -8 -8.1342
2 24 41.3915 -8 -2.2921 35.2559 -8 -6.2209
2 24 53.3976 -8 14.3923 55.4058 -8 21.3338
2 24 52.924 -8 23.4645 55.4058 -8 21.3338
2 24 52.924 -8 23.4645 50.4541 -8 27.2282
2 24 48.7591 -8 5.7795 53.3976 -8 14.3923
2 24 10 -8 -7.7662 10 -8 -6.8169
2 24 10 -7.0136 -7.9959 10 -7.7883 -6.125
2 24 10 -9.0199 -4.5199 10 -8 -5.8676
2 24 10 -8 10 10 -8 -5.8676
2 24 19.4687 -24 -27.5 12.1906 -24 -27.5
2 24 141 -62.4369 29 141 -96 29
2 24 141 -62.4369 29 141 -62.5864 26.1646
2 24 141 -96 29 141 -96 26.1646
2 24 141 -62.5864 26.1646 141 -96 26.1646
2 24 149 -96 21 149 -69.0538 21
2 24 149 -96 21 146.1646 -96 21
2 24 149 -69.0538 21 146.1646 -67.0022 21
2 24 146.1646 -96 21 146.1646 -67.0022 21
2 24 139 -96 30 139 -96 26.1646
2 24 140 -96 26.25 139 -96 26.1646
2 24 146.1646 -96 21 146.25 -96 20
2 24 146.1646 -96 21 149 -96 21
2 24 140 -96 26.25 141 -96 26.1646
2 24 140 -100.45 26.25 142.3918 -100.45 25.7743
2 24 145.7743 -100.45 17.6082 146.25 -100.45 20
2 24 146.1646 -96 19 146.25 -96 20
2 24 140 -100.45 26.25 137.6082 -100.45 25.7743
2 24 140 -96 26.25 139 -96 26.1646
2 24 146.25 -96 20 146.1646 -96 21
2 24 146.25 -100.45 20 145.7743 -100.45 22.3918
2 24 145.7743 -67.5982 17.6082 146.1646 -67.8444 19
2 24 146.1646 -96 19 146.1646 -67.8444 19
2 24 145.7743 -100.45 17.6082 144.4194 -100.45 15.5806
2 24 144.4194 -100.45 15.5806 142.3918 -100.45 14.2258
2 24 143.5295 -100.45 17.9622 142.0378 -100.45 16.4705
2 24 142.0378 -100.45 16.4705 140 -100.45 15.9245
2 24 142.3918 -100.45 14.2258 140 -100.45 13.75
2 24 140 -100.45 15.9245 137.9623 -100.45 16.4705
2 24 140 -100.45 13.75 137.6082 -100.45 14.2258
2 24 137.6082 -100.45 14.2258 135.5806 -100.45 15.5806
2 24 135.5806 -100.45 15.5806 134.2258 -100.45 17.6082
2 24 137.9623 -100.45 16.4705 136.4705 -100.45 17.9622
2 24 134.2258 -100.45 17.6082 133.75 -100.45 20
2 24 136.4705 -100.45 17.9622 135.9245 -100.45 20
2 24 135.9245 -100.45 20 136.4705 -100.45 22.0378
2 24 133.75 -100.45 20 134.2258 -100.45 22.3918
2 24 134.2258 -100.45 22.3918 135.5806 -100.45 24.4194
2 24 135.5806 -100.45 24.4194 137.6082 -100.45 25.7743
2 24 136.4705 -100.45 22.0378 137.9623 -100.45 23.5295
2 24 137.9623 -100.45 23.5295 140 -100.45 24.0755
2 24 137.6082 -100.45 25.7743 140 -100.45 26.25
2 24 140 -100.45 24.0755 142.0378 -100.45 23.5295
2 24 140 -100.45 26.25 142.3918 -100.45 25.7743
2 24 142.0378 -100.45 23.5295 143.5295 -100.45 22.0378
2 24 142.3918 -100.45 25.7743 144.4194 -100.45 24.4194
2 24 144.4194 -100.45 24.4194 145.7743 -100.45 22.3918
2 24 145.7743 -100.45 22.3918 146.25 -100.45 20
2 24 143.5295 -100.45 22.0378 144.0755 -100.45 20
2 24 143.5295 -100.45 17.9622 144.0755 -100.45 20
2 24 145.7743 -100.45 17.6082 146.25 -100.45 20
2 24 159 -75.1905 29 159 -75.3718 26.1646
2 24 159 -75.1905 29 159 -96 29
2 24 159 -75.3718 26.1646 159 -96 26.1646
2 24 159 -96 29 159 -96 26.1646
2 24 156.75 -73.5963 29 159 -75.1905 29
2 24 156.75 -73.5963 29 156.75 -96 29
2 24 159 -75.1905 29 159 -96 29
2 24 156.75 -96 29 159 -96 29
2 24 151 -70.5029 21 151 -96 21
2 24 151 -70.5029 21 153.8354 -72.5526 21
2 24 151 -96 21 153.8354 -96 21
2 24 153.8354 -72.5526 21 153.8354 -96 21
2 24 159 -96 26.1646 160 -96 26.25
2 24 159 -96 26.1646 159 -96 29
2 24 154.2257 -100.45 17.6082 153.75 -100.45 20
2 24 153.8354 -96 19 153.75 -96 20
2 24 157.6082 -100.45 25.7743 160 -100.45 26.25
2 24 159 -96 26.1646 160 -96 26.25
2 24 154.2257 -72.5805 22.3918 153.8354 -72.5526 21
2 24 153.8354 -96 21 153.8354 -72.5526 21
2 24 154.2257 -72.5805 22.3918 155.5806 -73.1436 24.4194
2 24 154.2257 -100.45 22.3918 155.5806 -100.45 24.4194
2 24 159 -96 26.1646 159 -75.3718 26.1646
2 24 157.6082 -74.4278 25.7743 159 -75.3718 26.1646
2 24 162.3918 -77.8425 25.7743 164.4194 -79.4464 24.4194
2 24 162.3918 -100.45 25.7743 164.4194 -100.45 24.4194
2 24 164.4194 -79.4464 24.4194 165.7742 -80.8451 22.3918
2 24 164.4194 -100.45 24.4194 165.7742 -100.45 22.3918
2 24 165.7742 -80.8451 22.3918 166.25 -81.8269 20
2 24 165.7742 -100.45 22.3918 166.25 -100.45 20
2 24 166.25 -81.8269 20 165.7742 -82.3189 17.6082
2 24 166.25 -100.45 20 165.7742 -100.45 17.6082
2 24 165.7742 -82.3189 17.6082 164.4194 -82.1864 15.5806
2 24 165.7742 -100.45 17.6082 164.4194 -100.45 15.5806
2 24 162.3918 -100.45 14.2258 160 -100.45 13.75
2 24 162.3918 -81.3125 14.2258 160 -79.7606 13.75
2 24 160 -100.45 13.75 157.6082 -100.45 14.2258
2 24 160 -79.7606 13.75 157.6082 -77.7209 14.2258
2 24 157.6082 -100.45 14.2258 155.5806 -100.45 15.5806
2 24 157.6082 -77.7209 14.2258 155.5806 -75.5879 15.5806
2 24 154.2257 -100.45 17.6082 155.5806 -100.45 15.5806
2 24 155.5806 -75.5879 15.5806 154.2257 -73.8047 17.6082
2 24 153.8354 -96 19 153.8354 -73.3813 19
2 24 154.2257 -73.8047 17.6082 153.8354 -73.3813 19
2 24 146.1646 -96 19 153.8354 -96 19
2 24 146.25 -96 20 146.1646 -96 19
2 24 153.75 -96 20 153.8354 -96 19
2 24 149 -96 21 149 -96 23.25
2 24 151 -96 21 151 -96 23.25
2 24 149 -96 23.25 151 -96 23.25
2 24 151 -96 21 153.8354 -96 21
2 24 153.75 -96 20 153.8354 -96 21
2 24 146.1646 -67.8444 19 145.7743 -67.5982 17.6082
2 24 146.1646 -67.8444 19 153.8354 -73.3813 19
2 24 153.8354 -73.3813 19 154.2257 -73.8047 17.6082
2 24 145.7743 -67.5982 17.6082 144.4194 -67.2381 15.5806
2 24 154.2257 -73.8047 17.6082 155.5806 -75.5879 15.5806
2 24 144.4194 -67.2381 15.5806 142.3918 -66.2023 14.2258
2 24 155.5806 -75.5879 15.5806 157.6082 -77.7209 14.2258
2 24 151 -70.0623 23.25 149 -68.6274 23.25
2 24 153.8354 -72.5526 21 154.2257 -72.5805 22.3918
2 24 153.8354 -72.5526 21 151 -70.5029 21
2 24 151 -70.0623 23.25 151 -70.5029 21
2 24 149 -96 21 149 -96 23.25
2 24 149 -96 21 149 -69.0538 21
2 24 149 -96 23.25 149 -68.6274 23.25
2 24 149 -69.0538 21 149 -68.6274 23.25
2 24 143.25 -96 29 141 -96 29
2 24 143.25 -96 29 143.25 -64.0208 29
2 24 141 -96 29 141 -62.4369 29
2 24 143.25 -64.0208 29 141 -62.4369 29
2 24 141 -62.5864 26.1646 142.3918 -63.5883 25.7743
2 24 141 -62.5864 26.1646 141 -62.4369 29
2 24 141 -62.4369 29 143.25 -64.0208 29
2 24 149 -68.6274 23.25 149 -96 23.25
2 24 149 -68.6274 23.25 151 -70.0623 23.25
2 24 149 -96 23.25 151 -96 23.25
2 24 151 -70.0623 23.25 151 -96 23.25
2 24 142.3918 -100.45 25.7743 144.4194 -100.45 24.4194
2 24 144.4194 -65.2004 24.4194 142.3918 -63.5883 25.7743
2 24 142.3918 -63.5883 25.7743 144.4194 -65.2004 24.4194
2 24 145.7743 -100.45 22.3918 144.4194 -100.45 24.4194
2 24 144.4194 -65.2004 24.4194 145.7743 -66.4035 22.3918
2 24 144.4194 -65.2004 24.4194 145.7743 -66.4035 22.3918
2 24 146.1646 -96 21 146.1646 -67.0022 21
2 24 145.7743 -66.4035 22.3918 146.1646 -67.0022 21
2 24 149 -68.6274 23.25 149 -69.0538 21
2 24 149 -69.0538 21 146.1646 -67.0022 21
2 24 145.7743 -66.4035 22.3918 146.1646 -67.0022 21
2 24 151 -96 21 151 -70.5029 21
2 24 151 -96 21 151 -96 23.25
2 24 151 -70.5029 21 151 -70.0623 23.25
2 24 151 -96 23.25 151 -70.0623 23.25
2 24 155.5806 -73.1436 24.4194 157.6082 -74.4278 25.7743
2 24 154.2257 -72.5805 22.3918 155.5806 -73.1436 24.4194
2 24 156.75 -73.5963 29 159 -75.1905 29
2 24 157.6082 -74.4278 25.7743 159 -75.3718 26.1646
2 24 159 -75.1905 29 159 -75.3718 26.1646
2 24 5.4 -20.6663 -3.1415 5.4 -21.8639 -4.4057
2 24 5.4 -20.6663 -3.1415 5.4039 -24 -3.1378
2 24 5.4039 -24 -3.1378 5.4 -24 -6.1196
2 24 161 -76.5938 30 161 -76.8087 26.1646
2 24 161 -76.8087 26.1646 162.3918 -77.8425 25.7743
2 24 161 -76.8087 26.1646 161 -96 26.1646
2 24 162.3918 -77.8425 25.7743 161 -76.8087 26.1646
2 24 161 -96 26.1646 161 -76.8087 26.1646
2 24 161 -96 26.1646 161 -96 30
2 24 161 -76.8087 26.1646 161 -76.5938 30
2 24 162.3918 -77.8425 25.7743 164.4194 -79.4464 24.4194
2 24 145.7743 -67.5982 17.6082 144.4194 -67.2381 15.5806
2 24 145.7743 -100.45 17.6082 144.4194 -100.45 15.5806
2 24 144.4194 -67.2381 15.5806 142.3918 -66.2023 14.2258
2 24 144.4194 -100.45 15.5806 142.3918 -100.45 14.2258
2 24 142.3918 -66.2023 14.2258 140 -64.588 13.75
2 24 142.3918 -100.45 14.2258 140 -100.45 13.75
2 24 140 -64.588 13.75 137.6082 -62.5289 14.2258
2 24 140 -100.45 13.75 137.6082 -100.45 14.2258
2 24 137.6082 -62.5289 14.2258 135.5806 -60.5851 15.5806
2 24 137.6082 -100.45 14.2258 135.5806 -100.45 15.5806
2 24 135.5806 -60.5851 15.5806 134.2258 -58.9895 17.6082
2 24 135.5806 -100.45 15.5806 134.2258 -100.45 17.6082
2 24 134.2258 -58.9895 17.6082 133.75 -58.1855 20
2 24 134.2258 -100.45 17.6082 133.75 -100.45 20
2 24 133.75 -58.1855 20 134.2258 -58.1376 22.3918
2 24 133.75 -100.45 20 134.2258 -100.45 22.3918
2 24 134.2258 -100.45 22.3918 135.5806 -100.45 24.4194
2 24 134.2258 -58.1376 22.3918 135.5806 -58.8588 24.4194
2 24 137.6082 -100.45 25.7743 135.5806 -100.45 24.4194
2 24 135.5806 -58.8588 24.4194 137.6082 -60.171 25.7743
2 24 137.6082 -60.171 25.7743 139 -61.1494 26.1646
2 24 139 -96 26.1646 139 -61.1494 26.1646
2 24 170 -95.9999 10 170 -89.788 10
2 24 170 -86.4128 15.5387 170 -89.788 10
2 24 130 -58.3611 10 142.7013 -68.4217 10
2 24 130 -95.9999 10 130 -58.3611 10
2 24 142.7013 -68.4217 10 130 -58.3611 10
2 24 130 -95.9999 10 130 -95.9999 30
2 24 130 -55.4229 20.1832 130 -54.4712 30
2 24 130 -55.4229 20.1832 130 -54.4712 30
2 24 132.3376 -95.9999 30 132.3376 -95.9999 12.3375
2 24 130 -95.9999 30 130 -95.9999 10
2 24 167.6624 -95.9999 30 167.6624 -95.9999 12.3375
2 24 170 -95.9999 30 170 -95.9999 10
2 24 170 -83.6944 23.4463 170 -82.9688 30
2 24 170 -86.4128 15.5387 170 -83.6944 23.4463
2 24 170 -95.9999 10 170 -95.9999 30
2 24 130 -55.4229 20.1832 130 -58.3611 10
2 24 130 -95.9999 10 130 -58.3611 10
2 24 160.7032 -82.5635 10 151.0901 -75.0401 10
2 24 160.7032 -82.5635 10 151.0901 -75.0401 10
2 24 130 -95.9999 10 150 -95.9999 10
2 24 142.7013 -68.4217 10 151.0901 -75.0401 10
2 24 142.7013 -68.4217 10 151.0901 -75.0401 10
2 24 150 -95.9999 10 170 -95.9999 10
2 24 160.7032 -82.5635 10 170 -89.788 10
2 24 170 -95.9999 10 170 -89.788 10
2 24 132.3376 -95.9999 12.3375 150 -95.9999 12.3375
2 24 130 -95.9999 10 150 -95.9999 10
2 24 132.3376 -95.9999 12.3375 132.3376 -59.1805 12.3375
2 24 132.3376 -95.9999 30 132.3376 -95.9999 12.3375
2 24 167.6624 -81.7391 24.8052 167.6624 -82.6698 20.6493
2 24 167.6624 -95.9999 30 167.6624 -95.9999 12.3375
2 24 167.6624 -81.7391 24.8052 167.6624 -81.313 30
2 24 167.6624 -86.3767 12.3375 167.6624 -85.126 14.7248
2 24 164.4194 -82.1864 15.5806 165.7742 -82.3189 17.6082
2 24 167.6624 -95.9999 12.3375 167.6624 -86.3767 12.3375
2 24 167.6624 -86.3767 12.3375 167.6624 -85.126 14.7248
2 24 167.6624 -85.126 14.7248 167.6624 -82.6698 20.6493
2 24 165.7742 -82.3189 17.6082 166.25 -81.8269 20
2 24 167.6624 -82.6698 20.6493 167.6624 -85.126 14.7248
2 24 167.6624 -82.6698 20.6493 167.6624 -81.7391 24.8052
2 24 166.25 -81.8269 20 165.7742 -80.8451 22.3918
2 24 167.6624 -81.7391 24.8052 167.6624 -81.313 30
2 24 132.3376 -56.2912 30 132.3376 -56.7361 22.7272
2 24 132.3376 -56.2912 30 132.3376 -56.7361 22.7272
2 24 135.5806 -58.8588 24.4194 134.2258 -58.1376 22.3918
2 24 132.3376 -56.7361 22.7272 132.3376 -57.2044 19.6103
2 24 134.2258 -58.1376 22.3918 133.75 -58.1855 20
2 24 132.3376 -56.7361 22.7272 132.3376 -57.2044 19.6103
2 24 132.3376 -57.2044 19.6103 132.3376 -57.8962 16.4934
2 24 133.75 -58.1855 20 134.2258 -58.9895 17.6082
2 24 132.3376 -57.2044 19.6103 132.3376 -57.8962 16.4934
2 24 132.3376 -57.8962 16.4934 132.3376 -59.1805 12.3375
2 24 134.2258 -58.9895 17.6082 135.5806 -60.5851 15.5806
2 24 132.3376 -59.1805 12.3375 132.3376 -57.8962 16.4934
2 24 157.6082 -77.7209 14.2258 160 -79.7606 13.75
2 24 156.6328 -77.9423 12.3375 160.5853 -80.9282 12.3375
2 24 156.6328 -77.9423 12.3375 160.5853 -80.9282 12.3375
2 24 150 -95.9999 12.3375 167.6624 -95.9999 12.3375
2 24 160.5853 -80.9282 12.3375 164.6294 -84.0416 12.3375
2 24 160 -79.7606 13.75 162.3918 -81.3125 14.2258
2 24 160.5853 -80.9282 12.3375 164.6294 -84.0416 12.3375
2 24 164.6294 -84.0416 12.3375 167.6624 -86.3767 12.3375
2 24 167.6624 -95.9999 12.3375 167.6624 -86.3767 12.3375
2 24 164.4194 -82.1864 15.5806 162.3918 -81.3125 14.2258
2 24 167.6624 -86.3767 12.3375 164.6294 -84.0416 12.3375
2 24 142.7595 -67.2043 12.3375 140.2826 -65.2973 12.3375
2 24 142.7595 -67.2043 12.3375 140.2826 -65.2973 12.3375
2 24 142.3918 -66.2023 14.2258 140 -64.588 13.75
2 24 135.5806 -60.5851 15.5806 137.6082 -62.5289 14.2258
2 24 140.2826 -65.2973 12.3375 132.3376 -59.1805 12.3375
2 24 132.3376 -95.9999 12.3375 132.3376 -59.1805 12.3375
2 24 132.3376 -59.1805 12.3375 140.2826 -65.2973 12.3375
2 24 140 -64.588 13.75 137.6082 -62.5289 14.2258
2 24 150 -95.9999 12.3375 132.3376 -95.9999 12.3375
2 24 156.6328 -77.9423 12.3375 142.7595 -67.2043 12.3375
2 24 156.6328 -77.9423 12.3375 142.7595 -67.2043 12.3375
2 24 170 -95.9999 10 150 -95.9999 10
2 24 167.6624 -95.9999 12.3375 150 -95.9999 12.3375
2 24 6.25 -14.8905 -20.0024 5.7248 -17.3596 -22.3785
2 24 6.25 -14.8905 -20.0024 12.225 -14.8905 -20
2 24 22.3918 -20.8958 -25.7814 24.4194 -19.4911 -24.4266
2 24 30 -22.6954 -27.5 30 -18.8663 -23.75
2 24 14.2258 -17.3671 -22.399 13.75 -14.8928 -20.0072
2 24 12.225 -14.8905 -20 12.225 -24 -20
2 24 12.225 -14.8905 -20 6.25 -14.8905 -20.0024
2 24 12.225 -24 -20 6.25 -24 -20.0036
2 24 6.25 -14.8905 -20.0024 6.25 -24 -20.0036
2 24 -7.5 -14.8825 -19.9955 -7.5 -14.1184 -19.2581
2 24 -7.5 -16.9746 -18.9164 -7.5 -14.1184 -19.2581
2 24 -7.5 -16.9746 -18.9164 -7.5 -18.8328 -18.1761
2 24 -7.5 -14.8825 -19.9955 -7.5 -14.1184 -19.2581
2 24 -6.25 -14.8825 -20.0072 -6.1415 -14.1184 -19.2581
2 24 -7.5 -14.1184 -19.2581 -6.1415 -14.1184 -19.2581
2 24 0 -13.5 7.5 7.5 -13.5 7.5
2 24 7.5 -24 7.5 7.5 -13.5 7.5
2 24 19.4687 -22.6953 -27.5 30 -22.6954 -27.5
2 24 19.4687 -24 -27.5 30 -24 -27.5
2 24 30 -22.6954 -27.5 30 -24 -27.5
2 24 -7.5 -24 -27.5 -7.5 -22.6953 -27.5
2 24 -7.5 -24 -18.75 -7.5 -24 -27.5
2 24 -7.5 -22.6953 -27.5 -7.5 -17.6243 -22.6315
2 24 -5.7248 -17.3551 -22.399 -4.4194 -19.4848 -24.4266
2 24 -7.5 -17.6243 -22.6315 -7.5 -22.6953 -27.5
2 24 21.6036 -7.4418 -12.5 30 -8.8686 -12.5
2 24 22.3918 -9.1638 -14.233 24.4194 -10.6033 -15.5878
2 24 1.3102 -22.6953 -27.5 12.1906 -22.6953 -27.5
2 24 1.3728 -24 -27.5 12.1906 -24 -27.5
2 24 12.225 -24 -20 12.225 -24 -12.5
2 24 12.225 -11.9637 -17.1875 12.225 -7.0856 -12.5
2 24 12.225 -24 -12.5 12.225 -7.0856 -12.5
2 24 14.2258 -12.4066 -17.6154 15.5806 -10.3139 -15.5878
2 24 12.225 -11.9637 -17.1875 12.225 -7.0856 -12.5
2 24 5.4 -22.8951 -6.1196 5.4 -23.5337 -8.0151
2 24 5.4 -24 -6.1196 5.4 -24 -7.934
2 24 5.4 -21.8639 -4.4057 5.4 -22.8951 -6.1196
2 24 5.4 -22.8951 -13.8876 5.4 -23.5337 -11.9921
2 24 5.4 -24 -13.8876 5.4 -24 -11.9921
2 24 14.2258 -17.3671 -22.399 15.5806 -19.4967 -24.4266
2 24 5.7248 -17.3596 -22.3785 4.4194 -19.4865 -24.4266
2 24 5.4 -21.8639 -15.6015 5.4 -22.8951 -13.8876
2 24 4.4247 -21.868 -15.5946 2.3918 -22.6575 -14.233
2 24 2.3918 -22.6575 -14.233 0 -22.939 -13.7572
2 24 5.4 -22.8951 -13.8876 5.4 -23.5337 -11.9921
2 24 5.4 -23.5337 -11.9921 5.4 -23.75 -10.0036
2 24 5.4 -24 -11.9921 5.4 -24 -10.0036
2 24 5.4 -23.5337 -11.9921 5.4 -23.75 -10.0036
2 24 -7.5 -23.75 -10.0036 -7.5 -23.5337 -11.9921
2 24 -7.5 -23.75 -10.0036 -7.5 -23.5337 -11.9921
2 24 -7.5 -24 -10 -7.5 -24 -12.102
2 24 -7.5 -20.4883 -17.0536 -7.5 -21.8639 -15.6015
2 24 -5.4127 -20.6507 -16.8822 -4.4247 -21.868 -15.5946
2 24 -7.5 -21.8639 -15.6015 -7.5 -20.4883 -17.0536
2 24 -7.5 -18.8328 -18.1761 -7.5 -20.4883 -17.0536
2 24 -7.5 -20.4883 -17.0536 -7.5 -18.8328 -18.1761
2 24 -5.4127 -20.6507 -16.8822 -5.9486 -18.8328 -18.1761
2 24 5.4 -23.75 -10.0036 5.4 -23.5337 -8.0151
2 24 -7.5 -23.5337 -8.0151 -7.5 -23.75 -10.0036
2 24 -7.5 -23.75 -10.0036 -7.5 -23.5337 -8.0151
2 24 -7.5 -24 -10 -7.5 -24 -8.1462
2 24 -7.5 -18.8328 -18.1761 -7.5 -16.9746 -18.9164
2 24 -5.9486 -18.8328 -18.1761 -6.1064 -16.9746 -18.9164
2 24 -7.5 -21.8639 -15.6015 -7.5 -22.8951 -13.8876
2 24 -6.1064 -16.9746 -18.9164 -6.1415 -14.1184 -19.2581
2 24 -7.5 -16.9746 -18.9164 -7.5 -14.1184 -19.2581
2 24 -6.1415 -14.1184 -19.2581 -7.5 -14.1184 -19.2581
2 24 5.4 -24 -7.934 5.4 -24 -10.0036
2 24 5.4 -23.5337 -8.0151 5.4 -23.75 -10.0036
2 24 -7.5 -23.5337 -8.0151 -7.5 -22.8951 -6.1196
2 24 -7.5 -24 -8.1462 -7.5 -24 -6.1196
2 24 -7.5 -24 -6.1196 -7.5 -24 -4.4057
2 24 -7.5 -22.8951 -6.1196 -7.5 -21.8639 -4.4057
2 24 7.5 -24 7.5 -7.5 -24 7.5
2 24 -7.5 -24 7.5 -7.5 -13.5 7.5
2 24 0 -13.5 7.5 -7.5 -13.5 7.5
2 24 30 -11.9645 -16.25 30 -14.3648 -19.0625
2 24 30 -14.3648 -19.0625 30 -17.0501 -21.875
2 24 30 -22.6954 -27.5 30 -18.8663 -23.75
2 24 30 -24 -12.75 30 -24.7301 -12.8217
2 24 30 -17.0501 -21.875 30 -18.8663 -23.75
2 24 24.4194 -19.4911 -24.4266 25.7743 -17.3722 -22.399
2 24 30 -18.8663 -23.75 30 -17.0501 -21.875
2 24 30 -11.9645 -16.25 30 -14.3648 -19.0625
2 24 25.7743 -12.5951 -17.6154 26.25 -14.8916 -20.0072
2 24 -7.5 -14.8825 -19.9955 -7.5 -17.6243 -22.6315
2 24 -6.25 -14.8825 -20.0072 -5.7248 -17.3551 -22.399
2 24 -7.5 -14.8825 -19.9955 -7.5 -17.6243 -22.6315
2 24 30 -17.0501 -21.875 30 -14.3648 -19.0625
2 24 25.7743 -17.3722 -22.399 26.25 -14.8916 -20.0072
2 24 13.75 -14.8928 -20.0072 14.2258 -12.4066 -17.6154
2 24 12.225 -14.8905 -20 12.225 -11.9637 -17.1875
2 24 22.3918 -9.1638 -14.233 20 -8.5272 -13.7572
2 24 21.6036 -24 -12.5 12.225 -24 -12.5
2 24 12.225 -24 -12.5 12.225 -7.0856 -12.5
2 24 21.6036 -7.4418 -12.5 12.225 -7.0856 -12.5
2 24 21.6036 -7.4418 -12.5 12.225 -7.0856 -12.5
2 24 20 -8.5272 -13.7572 17.6082 -8.912 -14.233
2 24 15.5806 -10.3139 -15.5878 17.6082 -8.912 -14.233
2 24 30 -8.8686 -12.5 30 -11.9645 -16.25
2 24 24.4194 -10.6033 -15.5878 25.7743 -12.5951 -17.6154
2 24 20 -21.4052 -26.2572 17.6082 -20.9229 -25.7814
2 24 19.4687 -22.6953 -27.5 12.1906 -22.6953 -27.5
2 24 15.5806 -19.4967 -24.4266 17.6082 -20.9229 -25.7814
2 24 19.4687 -22.6953 -27.5 12.1906 -22.6953 -27.5
2 24 19.4687 -24 -27.5 12.1906 -24 -27.5
2 24 0 -21.3889 -26.2572 -2.3918 -21.169 -25.7814
2 24 -7.5 -22.6953 -27.5 1.3102 -22.6953 -27.5
2 24 -7.5 -22.6953 -27.5 -7.5 -24 -27.5
2 24 1.3102 -22.6953 -27.5 -7.5 -22.6953 -27.5
2 24 1.3728 -24 -27.5 -7.5 -24 -27.5
2 24 0 -21.3889 -26.2572 2.3918 -20.8459 -25.7814
2 24 -4.4194 -19.4848 -24.4266 -2.3918 -21.169 -25.7814
2 24 8 -14.5 -2.25 8 -12.4936 -2.5119
2 24 8 -9.0873 -6.875 8 -11.375 -4.5873
2 24 8 -9.0199 -4.5199 8 -10.625 -3.2883
2 24 8 -14.5 -3.75 8 -17.625 -4.5873
2 24 8 -14.5 -2.25 8 -24 -2.083
2 24 -8 -10.625 -16.7117 -8 -14.5 -17.75
2 24 -10 -10.625 -16.7117 -10 -14.5 -17.75
2 24 -8 -14.5 -17.75 -8 -10.625 -16.7117
2 24 -8 -14.5 -16.25 -8 -11.375 -15.4127
2 24 -8 -21.2117 -13.875 -8 -22.25 -10.0036
2 24 -10 -21.2117 -13.875 -10 -22.25 -10.0036
2 24 -8 -21.2117 -6.125 -8 -18.375 -3.2883
2 24 -8 -19.9127 -6.875 -8 -17.625 -4.5873
2 24 10 -9.0199 -4.5199 10 -8 -5.8676
2 24 8 -9.0199 -4.5199 8 -7.7883 -6.125
2 24 8 -11.375 -15.4127 8 -9.0873 -13.125
2 24 8 -9.0199 -15.4801 8 -7.7883 -13.875
2 24 8 -9.0873 -13.125 8 -8.25 -10.0036
2 24 8 -7.0145 -12.0076 8 -6.75 -10.0036
2 24 8 -11.375 -15.4127 8 -14.5 -16.25
2 24 8 -12.4942 -17.4859 8 -10.625 -16.7117
2 24 8 -7.7883 -13.875 8 -7.0145 -12.0076
2 24 8 -9.0199 -15.4801 8 -10.625 -16.7117
2 24 8 -9.0873 -6.875 8 -8.25 -10.0036
2 24 8 -7.0136 -7.9959 8 -7.7883 -6.125
2 24 8 -9.0199 -4.5199 8 -7.7883 -6.125
2 24 8 -6.75 -10.0036 8 -7.0136 -7.9959
2 24 8 -12.4936 -2.5119 8 -10.625 -3.2883
2 24 8 -14.5 -3.75 8 -11.375 -4.5873
2 24 8 -24 -17.917 8 -14.5 -17.75
2 24 8 -14.5 -16.25 8 -17.625 -15.4127
2 24 -8 -7.7883 -13.875 -8 -6.75 -10.0036
2 24 -8 -9.0873 -13.125 -8 -8.25 -10.0036
2 24 -8 -6.75 -10.0036 -8 -7.7883 -13.875
2 24 -10 -6.75 -10.0036 -10 -7.7883 -13.875
2 24 -8 -8.25 -10.0036 -8 -9.0873 -6.875
2 24 -8 -6.75 -10.0036 -8 -7.7883 -6.125
2 24 -8 -6.75 -10.0036 -8 -7.7883 -6.125
2 24 -10 -6.75 -10.0036 -10 -7.7883 -6.125
2 24 -8 -10.625 -16.7117 -8 -7.7883 -13.875
2 24 -10 -10.625 -16.7117 -10 -7.7883 -13.875
2 24 -8 -10.625 -16.7117 -8 -7.7883 -13.875
2 24 -8 -11.375 -15.4127 -8 -9.0873 -13.125
2 24 -8 -14.5 -17.75 -8 -18.375 -16.7117
2 24 -8 -14.5 -16.25 -8 -17.625 -15.4127
2 24 -10 -18.375 -3.2883 -10 -14.5 -2.25
2 24 -10 -24 10 -10 -8 10
2 24 -10 -14.5 -2.25 -10 -10.625 -3.2883
2 24 -10 -10.625 -3.2883 -10 -7.7883 -6.125
2 24 -8 -18.375 -3.2883 -8 -14.5 -2.25
2 24 -10 -18.375 -3.2883 -10 -14.5 -2.25
2 24 -8 -14.5 -2.25 -8 -10.625 -3.2883
2 24 -10 -14.5 -2.25 -10 -10.625 -3.2883
2 24 -8 -10.625 -3.2883 -8 -14.5 -2.25
2 24 -8 -11.375 -4.5873 -8 -14.5 -3.75
2 24 -8 -7.7883 -6.125 -8 -10.625 -3.2883
2 24 -10 -7.7883 -6.125 -10 -10.625 -3.2883
2 24 -8 -7.7883 -6.125 -8 -10.625 -3.2883
2 24 -8 -9.0873 -6.875 -8 -11.375 -4.5873
2 24 -10 -24 -30 -10 -24 -18.75
2 24 -10 -18.375 -16.7117 -10 -21.2117 -13.875
2 24 -10 -24 -18.75 -10 -24 -10
2 24 -10 -21.2117 -13.875 -10 -22.25 -10.0036
2 24 -8 -19.9127 -13.125 -8 -20.75 -10.0036
2 24 -8 -21.2117 -13.875 -8 -22.25 -10.0036
2 24 -8 -21.2117 -13.875 -8 -18.375 -16.7117
2 24 -10 -21.2117 -13.875 -10 -18.375 -16.7117
2 24 -8 -17.625 -15.4127 -8 -19.9127 -13.125
2 24 -8 -18.375 -16.7117 -8 -21.2117 -13.875
2 24 -8 -14.5 -17.75 -8 -18.375 -16.7117
2 24 -10 -14.5 -17.75 -10 -18.375 -16.7117
2 24 -10 -18.375 -3.2883 -10 -21.2117 -6.125
2 24 -10 -24 10 -10 -24 -0.3125
2 24 -10 -22.25 -10.0036 -10 -21.2117 -6.125
2 24 -10 -24 -10 -10 -24 -0.3125
2 24 -8 -18.375 -3.2883 -8 -21.2117 -6.125
2 24 -10 -18.375 -3.2883 -10 -21.2117 -6.125
2 24 -8 -17.625 -4.5873 -8 -14.5 -3.75
2 24 -8 -18.375 -3.2883 -8 -14.5 -2.25
2 24 -8 -19.9127 -6.875 -8 -20.75 -10.0036
2 24 -8 -21.2117 -6.125 -8 -22.25 -10.0036
2 24 -8 -22.25 -10.0036 -8 -21.2117 -6.125
2 24 -10 -22.25 -10.0036 -10 -21.2117 -6.125
2 24 8 -12.4942 -17.4859 8 -14.5 -17.75
2 24 33.3876 -9.9201 -10.036 33.375 -24 -10
2 24 33.4064 -12.544 -13.332 33.3876 -9.9201 -10.036
2 24 -10 -8 10 10 -8 10
2 24 -10 -8 10 -10 -8 30
2 24 5.7742 -24 -2.3918 5.4039 -24 -3.1378
2 24 5.4012 -24 -16.206 5.4013 -24 -16.8629
2 24 5.4013 -24 -16.8629 6.037 -24 -18.3896
2 24 5.4 -24 -7.934 5.4 -24 -10.0036
2 24 5.4012 -24 -16.206 5.4 -24 -13.8876
2 24 8 -24 -17.917 8 -24 -13.875
2 24 5.7742 -24 -2.3918 6.25 -24 0
2 24 5.4 -24 -7.934 5.4 -24 -6.1196
2 24 8 -24 -10.0036 8 -24 -6.125
2 24 8 -24 -2.083 8 -24 -6.125
2 24 6.037 -24 -18.3896 6.25 -24 -20.0036
2 24 10 -24 10 10 -24 -2.083
2 24 7.5 -24 7.5 7.5 -24 0
2 24 33.375 -96 -22.7131 33.375 -96 -26.9374
2 24 33.375 -89.8897 -26.8379 33.375 -96 -26.9374
2 24 33.3806 -36.748 -26.5043 33.375 -57.3579 -26.5991
2 24 33.375 -57.3579 -26.5991 33.3806 -36.748 -26.5043
2 24 33.375 -57.3579 -26.5991 33.375 -77.4437 -26.7337
2 24 33.375 -58.6503 -16.2391 33.375 -93.3006 -19.7282
2 24 33.375 -57.3579 -26.5991 33.375 -77.4437 -26.7337
2 24 33.4005 -18.7979 -20.7324 33.4064 -12.544 -13.332
2 24 33.375 -24 -10 33.375 -24 -12.75
2 24 33.4064 -12.544 -13.332 33.4005 -18.7979 -20.7324
2 24 33.4064 -12.544 -13.332 33.3876 -9.9201 -10.036
2 24 33.375 -95.2372 -20.6897 33.375 -94.3494 -20.041
2 24 33.375 -95.2372 -20.6897 33.375 -95.8016 -21.6352
2 24 33.375 -96 -22.7131 33.375 -95.8016 -21.6352
2 24 8 -19.9127 -6.875 8 -20.75 -10.0036
2 24 8 -24 -6.125 8 -24 -10.0036
2 24 8 -20.75 -10.0036 8 -19.9127 -13.125
2 24 8 -24 -10.0036 8 -24 -13.875
2 24 8 -17.625 -4.5873 8 -19.9127 -6.875
2 24 8 -24 -2.083 8 -24 -6.125
2 24 8 -17.625 -15.4127 8 -19.9127 -13.125
2 24 8 -24 -17.917 8 -24 -13.875
2 24 33.375 -24 -10 33.3876 -9.9201 -10.036
2 24 32.3215 -9.6041 -10 33.3876 -9.9201 -10.036
2 24 35.2559 -8 -6.2209 31.4103 -8 -8.1342
2 24 33.3876 -9.9201 -10.036 32.3215 -9.6041 -10
2 24 32.3215 -9.6041 -10 30.082 -8 -10
2 24 31.4103 -8 -8.1342 30.082 -8 -10
2 24 32.3215 -9.6041 -10 30.082 -8 -10
2 24 33.375 -24 -10 10 -24 -10
2 24 90.0538 -20.7388 30 89.2289 -20.6795 21.9144
2 24 59.5754 -5.25 23.7276 60.1703 -5.25 30
2 24 89.2289 -20.6795 21.9144 90.0538 -20.7388 30
2 24 -10 -10.625 -16.7117 -10 -14.5 -17.75
2 24 -10 -10.35 -20 -10 -20.7 -30
2 24 -10 -8 10 -10 -8 30
2 24 -10 0 10 -10 0 30
2 24 -7.5 -24 -12.102 -7.5 -24 -10
2 24 -10 -24 -30 -10 -24 -18.75
2 24 -7.5 -24 -27.5 -7.5 -24 -18.75
2 24 -7.5 -24 -8.1462 -7.5 -24 -6.1196
2 24 -7.5 -24 -10 -7.5 -24 -8.1462
2 24 10 -24 10 10 -8 10
2 24 10 -24 10 -10 -24 10
2 24 10 -8 10 -10 -8 10
2 24 -10 -24 10 -10 -8 10
2 24 40.1452 -5.25 -7.479 43.8965 -5.25 -4.7239
2 24 43.8965 -5.25 -4.7239 47.9274 -5.25 -0.8732
2 24 60.0886 -20.7142 -21.8362 70.019 -20.6978 -14.5842
2 24 70.019 -20.6978 -14.5842 60.0886 -20.7142 -21.8362
2 24 47.9274 -5.25 -0.8732 52.5622 -5.25 4.9419
2 24 70.019 -20.6978 -14.5842 78.5595 -20.7032 -5.0991
2 24 70.019 -20.6978 -14.5842 78.5595 -20.7032 -5.0991
2 24 89.2289 -20.6795 21.9144 87.8587 -20.7086 14.2838
2 24 59.5754 -5.25 23.7276 58.5145 -5.25 17.9299
2 24 89.2289 -20.6795 21.9144 87.8587 -20.7086 14.2838
2 24 87.8587 -20.7086 14.2838 84.4325 -20.7439 4.7533
2 24 58.5145 -5.25 17.9299 55.9793 -5.25 11.116
2 24 87.8587 -20.7086 14.2838 84.4325 -20.7439 4.7533
2 24 52.5622 -5.25 4.9419 55.9793 -5.25 11.116
2 24 78.5595 -20.7032 -5.0991 84.4325 -20.7439 4.7533
2 24 78.5595 -20.7032 -5.0991 84.4325 -20.7439 4.7533
2 24 16.8132 0 -9.4262 21.5 0 -8.3009
2 24 34.8156 -20.7478 -29.8067 41.3692 -20.695 -28.8593
2 24 21.5 0 -8.3009 29.485 -2.0501 -8.1084
2 24 41.3692 -20.695 -28.8593 50.4852 -20.6876 -26.3223
2 24 41.3692 -20.695 -28.8593 50.4852 -20.6876 -26.3223
2 24 29.485 -2.0501 -8.1084 36.8497 -4.4578 -8.1396
2 24 40.1452 -5.25 -7.479 36.8497 -4.4578 -8.1396
2 24 60.0886 -20.7142 -21.8362 50.4852 -20.6876 -26.3223
2 24 60.0886 -20.7142 -21.8362 50.4852 -20.6876 -26.3223
2 24 30 -75.2412 -29.8953 30 -57.101 -29.9997
2 24 30 -57.101 -29.9997 30 -75.2412 -29.8953
2 24 30 -57.101 -29.9997 30 -38.8953 -29.9402
2 24 30 -57.101 -29.9997 30 -38.8953 -29.9402
2 24 -7.5 -24 -12.102 -7.5 -24 -18.75
2 24 -10 -24 -10 -10 -24 -18.75
2 24 16.8132 0 -9.4262 8.2697 0 -10
2 24 34.8156 -20.7478 -29.8067 28.3037 -20.7 -30
2 24 -10 -20.7 -30 -10 -10.35 -20
2 24 28.3037 -20.7 -30 -10 -20.7 -30
2 24 -10 -24 -10 -10 -24 -0.3125
2 24 -7.5 -24 -4.4057 -7.5 -24 -0.7311
2 24 9.7853 -24 -30 -10 -24 -30
2 24 -10 -20.7 -30 -10 -24 -30
2 24 30 -24 -27.5 30 -24 -30
2 24 30 -38.8953 -29.9402 30 -24 -30
2 24 34.8156 -20.7478 -29.8067 28.3037 -20.7 -30
2 24 9.7853 -24 -30 30 -24 -30
2 24 30 -24 -30 30 -24 -27.5
2 24 19.4687 -24 -27.5 30 -24 -27.5
2 24 -7.5 -24 -0.7311 -7.5 -24 7.5
2 24 -10 -24 -0.3125 -10 -24 10
2 24 30.082 -8 -10 10 -8 -10
2 24 10 -24 -10 10 -8 -10
2 24 10 -7.0136 -7.9959 10 -6.75 -10.0036
2 24 8 -7.0136 -7.9959 8 -6.75 -10.0036
2 24 10 -6.75 -10.0036 10 -7.0145 -12.0076
2 24 10 -14.5 -17.75 10 -12.4942 -17.4859
2 24 10 -10.625 -16.7117 10 -9.0199 -15.4801
2 24 10 -7.0145 -12.0076 10 -7.7883 -13.875
2 24 10 -12.4942 -17.4859 10 -10.625 -16.7117
2 24 10 -9.0199 -15.4801 10 -7.7883 -13.875
2 24 10 -7.0136 -7.9959 10 -6.75 -10.0036
2 24 10 -8 -7.7662 10 -8 -10
2 24 10 -24 -17.917 10 -24 -10
2 24 10 -14.5 -17.75 10 -24 -17.917
2 24 10 -8 -10 10 -24 -10
2 24 10 -14.5 -17.75 10 -24 -17.917
2 24 8 -14.5 -17.75 8 -24 -17.917
2 24 10 -24 -17.917 8 -24 -17.917
2 24 10 -14.5 -17.75 10 -12.4942 -17.4859
2 24 8 -14.5 -17.75 8 -12.4942 -17.4859
2 24 10 -12.4942 -17.4859 10 -10.625 -16.7117
2 24 8 -12.4942 -17.4859 8 -10.625 -16.7117
2 24 10 -10.625 -16.7117 10 -9.0199 -15.4801
2 24 8 -10.625 -16.7117 8 -9.0199 -15.4801
2 24 10 -9.0199 -15.4801 10 -7.7883 -13.875
2 24 8 -9.0199 -15.4801 8 -7.7883 -13.875
2 24 10 -7.7883 -13.875 10 -7.0145 -12.0076
2 24 8 -7.7883 -13.875 8 -7.0145 -12.0076
2 24 10 -6.75 -10.0036 10 -7.0145 -12.0076
2 24 8 -6.75 -10.0036 8 -7.0145 -12.0076
2 24 8 -9.0199 -4.5199 8 -10.625 -3.2883
2 24 10 -9.0199 -4.5199 10 -10.625 -3.2883
2 24 10 -9.0199 -4.5199 10 -10.625 -3.2883
2 24 10 -10.625 -3.2883 10 -12.4936 -2.5119
2 24 8 -10.625 -3.2883 8 -12.4936 -2.5119
2 24 10 -10.625 -3.2883 10 -12.4936 -2.5119
2 24 10 -12.4936 -2.5119 10 -14.5 -2.25
2 24 8 -12.4936 -2.5119 8 -14.5 -2.25
2 24 10 -12.4936 -2.5119 10 -14.5 -2.25
2 24 10 -8 10 10 -24 10
2 24 10 -24 10 10 -24 -2.083
2 24 10 -14.5 -2.25 10 -24 -2.083
2 24 10 -24 -2.083 8 -24 -2.083
2 24 10 -14.5 -2.25 10 -24 -2.083
2 24 8 -14.5 -2.25 8 -24 -2.083
2 24 5.4039 -24 -3.1378 5.4 -24 -6.1196
2 24 10 -7.7883 -6.125 10 -8 -5.8676
2 24 10 -8 -6.8169 10 -8 -5.8676
2 24 8 -7.7883 -6.125 8 -7.0136 -7.9959
2 24 10 -7.0136 -7.9959 10 -7.7883 -6.125
2 24 30 -24 -12.75 30 -24.7301 -12.8217
2 24 33.375 -24 -12.75 30 -24 -12.75
2 24 30 -24 -12.75 33.375 -24 -12.75
2 24 30 -24 -12.75 30 -24 -12.5
2 24 33.375 -24 -12.75 33.375 -24 -10
2 24 12.225 -24 -12.5 21.6036 -24 -12.5
2 24 21.6036 -7.4418 -12.5 30 -8.8686 -12.5
2 24 30 -8.8686 -12.5 30 -24 -12.5
2 24 21.6036 -24 -12.5 30 -24 -12.5
2 24 30 -24 -12.5 21.6036 -24 -12.5
2 24 33.375 -24 -10 10 -24 -10
2 24 10 -24 -10 10 -24 -17.917
2 24 12.225 -24 -12.5 12.225 -24 -20
2 24 12.225 -11.9637 -17.1875 12.225 -14.8905 -20
2 24 12.225 -24 -20 12.225 -14.8905 -20
2 24 6.25 -24 -20.0036 6.037 -24 -18.3896
2 24 6.25 -28.45 -20.0072 5.7742 -28.45 -17.6154
2 24 5.7742 -28.45 -17.6154 4.4194 -28.45 -15.5878
2 24 6.037 -24 -18.3896 5.4013 -24 -16.8629
2 24 6.25 -28.45 -20.0072 5.7742 -28.45 -22.399
2 24 5.4 -24 -13.8876 5.4 -24 -11.9921
2 24 8 -24 -10.0036 8 -24 -13.875
2 24 5.4 -24 -10.0036 5.4 -24 -11.9921
2 24 5.4012 -24 -16.206 5.4 -24 -13.8876
2 24 5.4 -21.8639 -15.6015 5.4 -22.8951 -13.8876
2 24 6.25 -24 0 6.25 -13.5 0
2 24 5.7742 -13.5 2.3918 6.25 -13.5 0
2 24 -7.5 -24 -6.1196 -7.5 -24 -4.4057
2 24 7.5 -24 0 7.5 -13.5 0
2 24 7.5 -24 0 6.25 -24 0
2 24 7.5 -13.5 0 6.25 -13.5 0
2 24 6.25 -24 0 6.25 -13.5 0
2 24 -7.5 -24 -4.4057 -7.5 -24 -0.7311
2 24 -7.5 -21.8639 -4.4057 -7.5 -19.6606 -2.3924
2 24 -7.5 -24 -0.7311 -7.5 -24 7.5
2 24 -7.5 -24 7.5 -7.5 -13.5 7.5
2 24 -7.5 -16.9746 -1.0908 -7.5 -13.5 -0.7311
2 24 -7.5 -13.5 7.5 -7.5 -13.5 -0.7311
2 24 -7.5 -19.6606 -2.3924 -7.5 -16.9746 -1.0908
2 24 7.5 -13.5 0 7.5 -24 0
2 24 7.5 -13.5 0 7.5 -13.5 7.5
2 24 7.5 -24 0 7.5 -24 7.5
2 24 7.5 -13.5 7.5 7.5 -24 7.5
2 24 6.25 -24 0 7.5 -24 0
2 24 8 -24 -2.083 10 -24 -2.083
2 24 4.4247 -21.868 -4.4126 5.4 -20.6663 -3.1415
2 24 5.4 -21.8639 -4.4057 5.4 -20.6663 -3.1415
2 24 -7.5 -24 -27.5 1.3728 -24 -27.5
2 24 12.1906 -24 -27.5 1.3728 -24 -27.5
2 24 9.7853 -24 -30 -10 -24 -30
2 24 -7.5 -23.5337 -11.9921 -7.5 -22.8951 -13.8876
2 24 -7.5 -24 -18.75 -7.5 -24 -12.102
2 24 7.5 -24 7.5 -7.5 -24 7.5
2 24 10 -24 10 -10 -24 10
2 24 35.5396 -8 26.8017 36.3966 -8 30
2 24 50.4541 -8 27.2282 49.9902 -8 30
2 24 35.5396 -8 26.8017 33.1983 -8 24.4604
2 24 33.1983 -8 24.4604 30 -8 23.6034
2 24 30 -8 23.6034 26.8017 -8 24.4604
2 24 26.8017 -8 24.4604 24.4604 -8 26.8017
2 24 24.4604 -8 26.8017 23.6034 -8 30
2 24 10 -8 -5.8676 10 -8 -6.8169
2 24 10 -8 10 10 -8 -5.8676
2 24 71.4929 -96 -27.7185 42.2652 -96 -29.7829
2 24 65.181 -96 -25.103 42.6356 -96 -26.8731
2 24 30 -93.3006 -19.7282 30 -58.6503 -16.2391
2 24 33.375 -93.3006 -19.7282 33.375 -58.6503 -16.2391
2 24 183.9847 -96 24.1618 185.0311 -96 30
2 24 188.6312 -96 22.9359 190 -96 30
2 24 188.6312 -96 22.9359 183.6539 -96 13.8599
2 24 183.9847 -96 24.1618 179.9608 -96 16.3129
2 24 183.6539 -96 13.8599 175.431 -96 5.3563
2 24 179.9608 -96 16.3129 172.83 -96 8.6256
2 24 175.431 -96 5.3563 163.2323 -96 -2.8655
2 24 172.83 -96 8.6256 161.1903 -96 0.6729
2 24 161.1903 -96 0.6729 149.2671 -96 -5.3081
2 24 163.2323 -96 -2.8655 150.6337 -96 -9.0948
2 24 149.2671 -96 -5.3081 134.0378 -96 -11.2053
2 24 150.6337 -96 -9.0948 134.8994 -96 -14.9612
2 24 134.0378 -96 -11.2053 116.6796 -96 -16.3969
2 24 134.8994 -96 -14.9612 117.0361 -96 -20.1072
2 24 116.6796 -96 -16.3969 94.848 -96 -21.0003
2 24 117.0361 -96 -20.1072 95.0855 -96 -24.4662
2 24 71.4929 -96 -27.7185 95.0855 -96 -24.4662
2 24 65.181 -96 -25.103 94.848 -96 -21.0003
2 24 30 -93.3006 -19.7282 30 -94.3494 -20.041
2 24 30 -93.3006 -19.7282 30 -94.3494 -20.041
2 24 33.375 -93.3006 -19.7282 33.375 -94.3494 -20.041
2 24 30 -94.3494 -20.041 30 -95.2372 -20.6897
2 24 30 -94.3494 -20.041 30 -95.2372 -20.6897
2 24 33.375 -94.3494 -20.041 33.375 -95.2372 -20.6897
2 24 30 -95.2372 -20.6897 30 -95.8016 -21.6352
2 24 30 -95.2372 -20.6897 30 -95.8016 -21.6352
2 24 33.375 -95.2372 -20.6897 33.375 -95.8016 -21.6352
2 24 30 -95.8016 -21.6352 30 -96 -22.7131
2 24 30 -95.8016 -21.6352 30 -96 -22.7131
2 24 33.375 -95.8016 -21.6352 33.375 -96 -22.7131
2 24 30 -24.7301 -12.8217 30 -58.6503 -16.2391
2 24 33.375 -24 -12.75 33.375 -58.6503 -16.2391
2 24 30 -24.7301 -12.8217 30 -58.6503 -16.2391
2 24 42.6356 -96 -26.8731 33.375 -96 -26.9374
2 24 42.2652 -96 -29.7829 30 -96 -30
2 24 30 -92.7215 -29.9998 30 -96 -30
2 24 30 -96 -22.7131 30 -96 -30
2 24 30 -96 -22.7131 30 -96 -30
2 24 33.375 -96 -22.7131 33.375 -96 -26.9374
2 24 30 -75.2412 -29.8953 30 -92.7215 -29.9998
2 24 188.6312 -96 22.9359 190 -96 30
2 24 188.6362 -92.7215 22.969 189.995 -92.7215 30
2 24 188.6362 -92.7215 22.969 189.995 -92.7215 30
2 24 188.6362 -92.7215 22.969 183.673 -92.7215 13.8841
2 24 188.6312 -96 22.9359 183.6539 -96 13.8599
2 24 188.6362 -92.7215 22.969 183.673 -92.7215 13.8841
2 24 183.673 -92.7215 13.8841 175.4553 -92.7215 5.3751
2 24 183.6539 -96 13.8599 175.431 -96 5.3563
2 24 183.673 -92.7215 13.8841 175.4553 -92.7215 5.3751
2 24 175.4553 -92.7215 5.3751 163.26 -92.7215 -2.8523
2 24 175.431 -96 5.3563 163.2323 -96 -2.8655
2 24 175.4553 -92.7215 5.3751 163.26 -92.7215 -2.8523
2 24 163.26 -92.7215 -2.8523 150.6641 -92.7215 -9.0874
2 24 163.2323 -96 -2.8655 150.6337 -96 -9.0948
2 24 163.26 -92.7215 -2.8523 150.6641 -92.7215 -9.0874
2 24 150.6641 -92.7215 -9.0874 134.9299 -92.7215 -14.9547
2 24 150.6337 -96 -9.0948 134.8994 -96 -14.9612
2 24 150.6641 -92.7215 -9.0874 134.9299 -92.7215 -14.9547
2 24 134.9299 -92.7215 -14.9547 117.0682 -92.7215 -20.1064
2 24 134.8994 -96 -14.9612 117.0361 -96 -20.1072
2 24 134.9299 -92.7215 -14.9547 117.0682 -92.7215 -20.1064
2 24 117.0682 -92.7215 -20.1064 95.1176 -92.7215 -24.4649
2 24 117.0361 -96 -20.1072 95.0855 -96 -24.4662
2 24 117.0682 -92.7215 -20.1064 95.1176 -92.7215 -24.4649
2 24 95.0855 -96 -24.4662 71.4929 -96 -27.7185
2 24 71.4929 -96 -27.7185 42.2652 -96 -29.7829
2 24 30 -96 -30 30 -92.7215 -29.9998
2 24 42.2652 -96 -29.7829 30 -96 -30
2 24 30 -75.2412 -29.8953 30 -92.7215 -29.9998
2 24 183.9847 -96 24.1618 185.0311 -96 30
2 24 184.0112 -93.5642 24.292 185.0087 -93.6253 30
2 24 184.0112 -93.5642 24.292 185.0087 -93.6253 30
2 24 33.375 -93.3006 -19.7282 33.375 -94.3494 -20.041
2 24 33.375 -89.8897 -26.8379 33.375 -77.4437 -26.7337
2 24 184.0112 -93.5642 24.292 179.9335 -93.3778 16.3616
2 24 183.9847 -96 24.1618 179.9608 -96 16.3129
2 24 184.0112 -93.5642 24.292 179.9335 -93.3778 16.3616
2 24 179.9335 -93.3778 16.3616 172.7332 -93.1894 8.5985
2 24 179.9335 -93.3778 16.3616 172.7332 -93.1894 8.5985
2 24 179.9608 -96 16.3129 172.83 -96 8.6256
2 24 172.7332 -93.1894 8.5985 160.9694 -92.8884 0.5908
2 24 172.7332 -93.1894 8.5985 160.9694 -92.8884 0.5908
2 24 172.83 -96 8.6256 161.1903 -96 0.6729
2 24 160.9694 -92.8884 0.5908 148.9407 -92.4992 -5.392
2 24 160.9694 -92.8884 0.5908 148.9407 -92.4992 -5.392
2 24 161.1903 -96 0.6729 149.2671 -96 -5.3081
2 24 148.9407 -92.4992 -5.392 133.6635 -91.8524 -11.2474
2 24 148.9407 -92.4992 -5.392 133.6635 -91.8524 -11.2474
2 24 149.2671 -96 -5.3081 134.0378 -96 -11.2053
2 24 133.6635 -91.8524 -11.2474 116.1098 -90.9698 -16.4906
2 24 133.6635 -91.8524 -11.2474 116.1098 -90.9698 -16.4906
2 24 134.0378 -96 -11.2053 116.6796 -96 -16.3969
2 24 116.1098 -90.9698 -16.4906 94.0461 -90.0068 -21.1033
2 24 116.1098 -90.9698 -16.4906 94.0461 -90.0068 -21.1033
2 24 116.6796 -96 -16.3969 94.848 -96 -21.0003
2 24 94.848 -96 -21.0003 65.181 -96 -25.103
2 24 65.181 -96 -25.103 42.6356 -96 -26.8731
2 24 33.375 -77.4437 -26.7337 33.375 -89.8897 -26.8379
2 24 42.6356 -96 -26.8731 33.375 -96 -26.9374
2 24 33.375 -89.8897 -26.8379 33.375 -96 -26.9374
2 24 66.2837 -24.031 -13.584 53.8429 -24.159 -21.5129
2 24 53.8429 -24.159 -21.5129 66.2837 -24.031 -13.584
2 24 33.375 -24.3782 -26.2523 41.272 -24.1008 -25.4299
2 24 33.4005 -18.7979 -20.7324 33.375 -24.3782 -26.2523
2 24 77.7634 -24.0818 -0.6613 84.8049 -24.0262 15.7936
2 24 84.8049 -24.0262 15.7936 77.7634 -24.0818 -0.6613
2 24 84.8049 -24.0262 15.7936 86.818 -23.9544 30
2 24 84.8049 -24.0262 15.7936 86.818 -23.9544 30
2 24 66.2837 -24.031 -13.584 77.7634 -24.0818 -0.6613
2 24 66.2837 -24.031 -13.584 77.7634 -24.0818 -0.6613
2 24 53.8429 -24.159 -21.5129 41.272 -24.1008 -25.4299
2 24 53.8429 -24.159 -21.5129 41.272 -24.1008 -25.4299
2 24 33.4005 -18.7979 -20.7324 33.375 -24.3782 -26.2523
2 24 33.375 -58.6503 -16.2391 33.375 -24 -12.75
2 24 33.3806 -36.748 -26.5043 33.375 -24.3782 -26.2523
2 24 33.3806 -36.748 -26.5043 33.375 -24.3782 -26.2523
2 24 41.272 -24.1008 -25.4299 33.375 -24.3782 -26.2523
2 24 40.1452 -5.25 -7.479 43.8965 -5.25 -4.7239
2 24 -10 -7.7883 -13.875 -10 -6.75 -10.0036
2 24 -10 -7.7883 -6.125 -10 -6.75 -10.0036
2 24 8.2697 0 -10 -10 0 -10
2 24 -10 -10.35 -20 -10 0 -10
2 24 -10 -10.625 -16.7117 -10 -7.7883 -13.875
2 24 -10 -10.35 -20 -10 0 -10
2 24 -10 0 10 -10 0 -10
2 24 -6.25 0 8.5828 -6.25 0 -7.5
2 24 -10 0 10 -10 0 -10
2 24 59.5754 -5.25 23.7276 58.5145 -5.25 17.9299
2 24 37.5065 -5.25 26.8907 35.7452 -5.25 24.2548
2 24 58.5145 -5.25 17.9299 55.9793 -5.25 11.116
2 24 35.7452 -5.25 24.2548 33.1093 -5.25 22.4935
2 24 47.9274 -5.25 -0.8732 52.5622 -5.25 4.9419
2 24 43.8965 -5.25 -4.7239 47.9274 -5.25 -0.8732
2 24 40.1452 -5.25 -7.479 29.3137 -5.25 -7.479
2 24 -6.25 0 30 -6.25 0 8.5828
2 24 -6.25 -5.25 30 -6.25 -5.25 7
2 24 -6.25 -10.5 -1.6596 6.9784 -10.5 -1.6596
2 24 -6.25 -10.5 -1.6596 -6.25 -8.8259 -2.6835
2 24 6.9784 -10.5 -1.6596 6.9784 -8.8259 -2.6835
2 24 -6.25 -7.4124 -4.0448 -6.25 -8.8259 -2.6835
2 24 6.9784 -5.25 -5.3019 6.9784 -5.25 -7.5
2 24 18.5 -5.25 -5.9746 18.5 -5.25 -7.4824
2 24 6.9784 -5.25 -7.5 18.5 -5.25 -7.4824
2 24 18.5 0 -7.4824 7 0 -7.5
2 24 18.5 0 -7.4824 18.5 -5.25 -7.4824
2 24 18.5 -5.25 -7.4824 6.9784 -5.25 -7.5
2 24 18.5 0 -7.4824 18.5 -5.25 -7.4824
2 24 18.5 0 -7.4824 18.5 0 -6.0125
2 24 18.5 -5.25 -7.4824 18.5 -5.25 -5.9746
2 24 18.5 0 -6.0125 18.5 -5.25 -5.9746
2 24 21.5 -5.25 -5.9746 21.5 0 -6.0125
2 24 21.5 -5.25 -5.9746 18.5 -5.25 -5.9746
2 24 21.5 0 -6.0125 18.5 0 -6.0125
2 24 18.5 -5.25 -5.9746 18.5 0 -6.0125
2 24 21.5 0 -7.479 21.5 0 -6.0125
2 24 18.5 0 -7.4824 18.5 0 -6.0125
2 24 21.5 0 -6.0125 18.5 0 -6.0125
2 24 21.5 0 -7.479 21.5 0 -6.0125
2 24 21.5 0 -7.479 21.5 -5.25 -7.479
2 24 21.5 0 -6.0125 21.5 -5.25 -5.9746
2 24 21.5 -5.25 -7.479 21.5 -5.25 -5.9746
2 24 40.1452 -5.25 -7.479 36.4884 -4.1697 -7.479
2 24 40.1452 -5.25 -7.479 29.3137 -5.25 -7.479
2 24 36.4884 -4.1697 -7.479 29.3602 -2.0326 -7.479
2 24 10 -8 -7.7662 10 -8 -10
2 24 30.082 -8 -10 10 -8 -10
2 24 16.8132 0 -9.4262 21.5 0 -8.3009
2 24 10 -8 -6.8169 10 -8 -7.7662
2 24 31.4103 -8 -8.1342 30.082 -8 -10
2 24 -6.25 0 8.5828 -6.25 0 30
2 24 -10 0 10 -10 0 30
2 24 6.9784 -6.3049 -5.67 6.9784 -7.4124 -4.0448
2 24 6.9784 -5.25 -5.3019 6.9784 -5.25 2.4639
2 24 6.9784 -7.4124 -4.0448 6.9784 -8.8259 -2.6835
2 24 6.9784 -5.25 2.4639 6.9784 -10.5 2.4639
2 24 6.9784 -8.8259 -2.6835 6.9784 -10.5 -1.6596
2 24 6.9784 -10.5 2.4639 6.9784 -10.5 -1.6596
2 24 -6.25 -5.5942 -7.5 -6.25 0 -7.5
2 24 -6.25 -6.3049 -5.67 -6.25 -5.5942 -7.5
2 24 -6.25 -7.4124 -4.0448 -6.25 -6.3049 -5.67
2 24 -6.25 -7.4124 -4.0448 -6.25 -6.3049 -5.67
2 24 6.9784 -7.4124 -4.0448 6.9784 -6.3049 -5.67
2 24 -6.25 -8.8259 -2.6835 -6.25 -7.4124 -4.0448
2 24 6.9784 -8.8259 -2.6835 6.9784 -7.4124 -4.0448
2 24 16.8132 0 -9.4262 8.2697 0 -10
2 24 18.5 0 -7.4824 7 0 -7.5
2 24 29.3137 -5.25 -7.479 21.5 -5.25 -7.479
2 24 29.3602 -2.0326 -7.479 21.5 0 -7.479
2 24 21.5 -5.25 -7.479 21.5 0 -7.479
2 24 59.5754 -5.25 23.7276 60.1703 -5.25 30
2 24 37.5065 -5.25 26.8907 38.125 -5.25 30
2 24 21.875 -5.25 30 22.4935 -5.25 26.8907
2 24 21.875 0 30 22.4935 0 26.8907
2 24 22.4935 -5.25 26.8907 24.2548 -5.25 24.2548
2 24 22.4935 0 26.8907 24.2548 0 24.2548
2 24 24.2548 -5.25 24.2548 26.8907 -5.25 22.4935
2 24 24.2548 0 24.2548 26.8907 0 22.4935
2 24 26.8907 -5.25 22.4935 30 -5.25 21.875
2 24 26.8907 0 22.4935 30 0 21.875
2 24 55.9793 -5.25 11.116 52.5622 -5.25 4.9419
2 24 30 -5.25 21.875 33.1093 -5.25 22.4935
2 24 30 0 21.875 33.1093 0 22.4935
2 24 33.1093 -5.25 22.4935 30 -5.25 21.875
2 24 33.1093 -5.25 22.4935 35.7452 -5.25 24.2548
2 24 33.1093 0 22.4935 35.7452 0 24.2548
2 24 35.7452 -5.25 24.2548 37.5065 -5.25 26.8907
2 24 35.7452 0 24.2548 37.5065 0 26.8907
2 24 37.5065 0 26.8907 38.125 0 30
2 24 37.5065 -5.25 26.8907 38.125 -5.25 30
2 24 15.5396 -5.375 6.8017 13.1983 -5.375 4.4604
2 24 15.5396 0 6.8017 13.1983 0 4.4604
2 24 13.1983 -5.375 4.4604 15.5396 -5.375 6.8017
2 24 13.1983 -5.375 4.4604 10 -5.375 3.6034
2 24 13.1983 0 4.4604 10 0 3.6034
2 24 13.1983 -5.375 4.4604 10 -5.375 3.6034
2 24 10 -5.375 3.6034 6.8017 -5.375 4.4604
2 24 10 0 3.6034 6.8017 0 4.4604
2 24 10 -5.375 3.6034 6.8017 -5.375 4.4604
2 24 6.8017 -5.375 4.4604 4.4604 -5.375 6.8017
2 24 6.8017 0 4.4604 4.4604 0 6.8017
2 24 6.8017 -5.375 4.4604 4.4604 -5.375 6.8017
2 24 4.4604 -5.375 6.8017 3.6034 -5.375 10
2 24 4.4604 0 6.8017 3.6034 0 10
2 24 4.4604 -5.375 6.8017 3.6034 -5.375 10
2 24 3.6034 -5.375 10 4.4604 -5.375 13.1983
2 24 3.6034 0 10 4.4604 0 13.1983
2 24 3.6034 -5.375 10 4.4604 -5.375 13.1983
2 24 4.4604 -5.375 13.1983 6.8017 -5.375 15.5396
2 24 4.4604 0 13.1983 6.8017 0 15.5396
2 24 4.4604 -5.375 13.1983 6.8017 -5.375 15.5396
2 24 6.8017 -5.375 15.5396 10 -5.375 16.3966
2 24 6.8017 0 15.5396 10 0 16.3966
2 24 6.8017 -5.375 15.5396 10 -5.375 16.3966
2 24 10 -5.375 16.3966 13.1983 -5.375 15.5396
2 24 10 0 16.3966 13.1983 0 15.5396
2 24 10 -5.375 16.3966 13.1983 -5.375 15.5396
2 24 13.1983 -5.375 15.5396 15.5396 -5.375 13.1983
2 24 13.1983 0 15.5396 15.5396 0 13.1983
2 24 13.1983 -5.375 15.5396 15.5396 -5.375 13.1983
2 24 15.5396 -5.375 13.1983 16.3966 -5.375 10
2 24 15.5396 0 13.1983 16.3966 0 10
2 24 15.5396 -5.375 13.1983 16.3966 -5.375 10
2 24 15.5396 -5.375 6.8017 16.3966 -5.375 10
2 24 15.5396 -5.375 6.8017 16.3966 -5.375 10
2 24 15.5396 0 6.8017 16.3966 0 10
2 24 1.875 -5.25 10 2.4935 -5.25 13.1093
2 24 1.875 0 10 2.4935 0 13.1093
2 24 6.9784 -5.25 -5.3019 6.9784 -5.25 2.4639
2 24 10 -5.25 1.875 6.9784 -5.25 2.4639
2 24 30 -5.25 21.875 26.8907 -5.25 22.4935
2 24 18.125 -5.25 10 17.5065 -5.25 13.1093
2 24 18.125 0 10 17.5065 0 13.1093
2 24 18.125 -5.25 10 17.5065 -5.25 13.1093
2 24 26.8907 -5.25 22.4935 24.2548 -5.25 24.2548
2 24 17.5065 0 13.1093 15.7452 0 15.7453
2 24 17.5065 -5.25 13.1093 15.7452 -5.25 15.7453
2 24 17.5065 -5.25 13.1093 15.7452 -5.25 15.7453
2 24 24.2548 -5.25 24.2548 22.4935 -5.25 26.8907
2 24 15.7452 -5.25 15.7453 13.1093 -5.25 17.5065
2 24 15.7452 0 15.7453 13.1093 0 17.5065
2 24 15.7452 -5.25 15.7453 13.1093 -5.25 17.5065
2 24 22.4935 -5.25 26.8907 21.875 -5.25 30
2 24 13.1093 -5.25 17.5065 10 -5.25 18.125
2 24 13.1093 -5.25 17.5065 10 -5.25 18.125
2 24 13.1093 0 17.5065 10 0 18.125
2 24 10 -5.25 18.125 6.8907 -5.25 17.5065
2 24 10 -5.25 18.125 6.8907 -5.25 17.5065
2 24 10 0 18.125 6.8907 0 17.5065
2 24 6.8907 -5.25 17.5065 4.2548 -5.25 15.7452
2 24 6.8907 -5.25 17.5065 4.2548 -5.25 15.7452
2 24 6.8907 0 17.5065 4.2548 0 15.7452
2 24 4.2548 -5.25 15.7452 2.4935 -5.25 13.1093
2 24 2.4935 -5.25 13.1093 4.2548 -5.25 15.7452
2 24 2.4935 0 13.1093 4.2548 0 15.7452
2 24 2.4935 -5.25 13.1093 1.875 -5.25 10
2 24 -6.25 -5.25 30 -6.25 -5.25 7
2 24 2.4935 0 6.8907 1.875 0 10
2 24 2.4702 -5.25 6.9476 1.875 -5.25 10
2 24 -6.25 -5.25 7 2.4702 -5.25 6.9476
2 24 1.875 -5.25 10 2.4702 -5.25 6.9476
2 24 6.9784 -5.25 2.4639 10 -5.25 1.875
2 24 6.8907 0 2.4935 10 0 1.875
2 24 10 -5.25 1.875 13.1093 -5.25 2.4935
2 24 10 -5.25 1.875 13.1093 -5.25 2.4935
2 24 10 0 1.875 13.1093 0 2.4935
2 24 13.1093 -5.25 2.4935 15.7452 -5.25 4.2548
2 24 13.1093 0 2.4935 15.7452 0 4.2548
2 24 15.7452 -5.25 4.2548 17.5065 -5.25 6.8907
2 24 15.7452 0 4.2548 17.5065 0 6.8907
2 24 18.5 -5.25 -5.9746 21.5 -5.25 -5.9746
2 24 15.7452 -5.25 4.2548 17.5065 -5.25 6.8907
2 24 18.125 -5.25 10 17.5065 -5.25 6.8907
2 24 18.125 -5.25 10 17.5065 -5.25 6.8907
2 24 18.125 0 10 17.5065 0 6.8907
2 24 6.9784 -10.5 -1.6596 -6.25 -10.5 -1.6596
2 24 6.9784 -10.5 2.4639 6.9784 -10.5 -1.6596
2 24 -6.25 -10.5 7 2.4702 -10.5 6.9476
2 24 -6.25 -10.5 -1.6596 -6.25 -10.5 7
2 24 2.4702 -10.5 6.9476 -6.25 -10.5 7
2 24 2.4702 -10.5 6.9476 2.4702 -5.25 6.9476
2 24 -6.25 -10.5 7 -6.25 -5.25 7
2 24 2.4702 -5.25 6.9476 -6.25 -5.25 7
2 24 6.9784 -10.5 2.4639 4.2548 -10.5 4.2548
2 24 2.4702 -10.5 6.9476 4.2548 -10.5 4.2548
2 24 6.9784 -6.3049 -5.67 6.9784 -5.5942 -7.5
2 24 6.9784 -5.5942 -7.5 6.9784 -5.25 -7.5
2 24 6.9784 -5.25 -5.3019 6.9784 -5.25 -7.5
2 24 29.485 -2.0501 -8.1084 21.5 0 -8.3009
2 24 29.3602 -2.0326 -7.479 21.5 0 -7.479
2 24 30 -58.6503 -16.2391 30 -93.3006 -19.7282
2 24 153.75 -100.45 20 154.2257 -100.45 17.6082
2 24 155.9245 -100.45 20 156.4705 -100.45 17.9622
2 24 162.0377 -100.45 16.4705 160 -100.45 15.9245
2 24 162.3918 -100.45 14.2258 160 -100.45 13.75
2 24 165.7742 -100.45 22.3918 164.4194 -100.45 24.4194
2 24 163.5295 -100.45 22.0378 162.0377 -100.45 23.5295
2 24 164.4194 -100.45 24.4194 162.3918 -100.45 25.7743
2 24 157.9622 -100.45 23.5295 156.4705 -100.45 22.0378
2 24 155.5806 -100.45 24.4194 154.2257 -100.45 22.3918
2 24 157.9622 -100.45 23.5295 160 -100.45 24.0755
2 24 157.6082 -100.45 25.7743 160 -100.45 26.25
2 24 163.5295 -100.45 17.9622 164.0755 -100.45 20
2 24 165.7742 -100.45 17.6082 166.25 -100.45 20
2 24 162.0377 -100.45 16.4705 163.5295 -100.45 17.9622
2 24 165.7742 -100.45 17.6082 164.4194 -100.45 15.5806
2 24 160 -100.45 15.9245 157.9622 -100.45 16.4705
2 24 160 -100.45 13.75 157.6082 -100.45 14.2258
2 24 165.7742 -100.45 22.3918 166.25 -100.45 20
2 24 163.5295 -100.45 22.0378 164.0755 -100.45 20
2 24 157.6082 -100.45 14.2258 155.5806 -100.45 15.5806
2 24 154.2257 -100.45 17.6082 155.5806 -100.45 15.5806
2 24 156.4705 -100.45 17.9622 157.9622 -100.45 16.4705
2 24 155.9245 -95.45 20 156.4705 -95.45 17.9622
2 24 155.9245 -100.45 20 156.4705 -100.45 17.9622
2 24 156.5 -95.45 20 156.9689 -95.45 18.25
2 24 155.9245 -95.45 20 156.4705 -95.45 17.9622
2 24 156.4705 -95.45 17.9622 157.9622 -95.45 16.4705
2 24 156.4705 -100.45 17.9622 157.9622 -100.45 16.4705
2 24 156.9689 -95.45 18.25 158.25 -95.45 16.9689
2 24 156.4705 -95.45 17.9622 157.9622 -95.45 16.4705
2 24 157.9622 -95.45 16.4705 160 -95.45 15.9245
2 24 157.9622 -100.45 16.4705 160 -100.45 15.9245
2 24 158.25 -95.45 16.9689 160 -95.45 16.5
2 24 157.9622 -95.45 16.4705 160 -95.45 15.9245
2 24 160 -95.45 15.9245 162.0377 -95.45 16.4705
2 24 160 -100.45 15.9245 162.0377 -100.45 16.4705
2 24 160 -95.45 16.5 161.75 -95.45 16.9689
2 24 160 -95.45 15.9245 162.0377 -95.45 16.4705
2 24 162.0377 -95.45 16.4705 163.5295 -95.45 17.9622
2 24 162.0377 -100.45 16.4705 163.5295 -100.45 17.9622
2 24 161.75 -95.45 16.9689 163.0311 -95.45 18.25
2 24 162.0377 -95.45 16.4705 163.5295 -95.45 17.9622
2 24 163.5295 -95.45 17.9622 164.0755 -95.45 20
2 24 163.5295 -100.45 17.9622 164.0755 -100.45 20
2 24 163.0311 -95.45 18.25 163.5 -95.45 20
2 24 163.5295 -95.45 17.9622 164.0755 -95.45 20
2 24 164.0755 -95.45 20 163.5295 -95.45 22.0378
2 24 164.0755 -100.45 20 163.5295 -100.45 22.0378
2 24 163.5 -95.45 20 163.0311 -95.45 21.75
2 24 164.0755 -95.45 20 163.5295 -95.45 22.0378
2 24 163.5295 -95.45 22.0378 162.0377 -95.45 23.5295
2 24 163.5295 -100.45 22.0378 162.0377 -100.45 23.5295
2 24 163.5295 -95.45 22.0378 162.0377 -95.45 23.5295
2 24 163.0311 -95.45 21.75 161.75 -95.45 23.0311
2 24 162.0377 -95.45 23.5295 160 -95.45 24.0755
2 24 162.0377 -100.45 23.5295 160 -100.45 24.0755
2 24 161.75 -95.45 23.0311 160 -95.45 23.5
2 24 162.0377 -95.45 23.5295 160 -95.45 24.0755
2 24 160 -95.45 24.0755 157.9622 -95.45 23.5295
2 24 160 -100.45 24.0755 157.9622 -100.45 23.5295
2 24 160 -95.45 23.5 158.25 -95.45 23.0311
2 24 160 -95.45 24.0755 157.9622 -95.45 23.5295
2 24 157.9622 -95.45 23.5295 156.4705 -95.45 22.0378
2 24 157.9622 -100.45 23.5295 156.4705 -100.45 22.0378
2 24 158.25 -95.45 23.0311 156.9689 -95.45 21.75
2 24 157.9622 -95.45 23.5295 156.4705 -95.45 22.0378
2 24 156.5 -95.45 20 156.9689 -95.45 21.75
2 24 155.9245 -95.45 20 156.4705 -95.45 22.0378
2 24 155.9245 -95.45 20 156.4705 -95.45 22.0378
2 24 155.9245 -100.45 20 156.4705 -100.45 22.0378
2 24 163.0311 -95.45 18.25 163.5 -95.45 20
2 24 163.0793 -80.1078 18.2221 163.5557 -79.8734 20
2 24 163.5557 -79.8734 20 163.0793 -80.1078 18.2221
2 24 163.0793 -80.1078 18.2221 161.7779 -79.6433 16.9206
2 24 163.0793 -80.1078 18.2221 161.7779 -79.6433 16.9206
2 24 163.0311 -95.45 18.25 161.75 -95.45 16.9689
2 24 161.7779 -79.6433 16.9206 160 -78.5167 16.4443
2 24 161.7779 -79.6433 16.9206 160 -78.5167 16.4443
2 24 161.75 -95.45 16.9689 160 -95.45 16.5
2 24 160 -78.5167 16.4443 158.2221 -77.0121 16.9206
2 24 160 -78.5167 16.4443 158.2221 -77.0121 16.9206
2 24 160 -95.45 16.5 158.25 -95.45 16.9689
2 24 158.2221 -77.0121 16.9206 156.9206 -75.5906 18.2221
2 24 158.2221 -77.0121 16.9206 156.9206 -75.5906 18.2221
2 24 158.25 -95.45 16.9689 156.9689 -95.45 18.25
2 24 156.9206 -75.5906 18.2221 156.4442 -74.6992 20
2 24 156.9206 -75.5906 18.2221 156.4442 -74.6992 20
2 24 156.9689 -95.45 18.25 156.5 -95.45 20
2 24 156.4442 -74.6992 20 156.9206 -74.6016 21.7779
2 24 156.4442 -74.6992 20 156.9206 -74.6016 21.7779
2 24 156.5 -95.45 20 156.9689 -95.45 21.75
2 24 156.9206 -74.6016 21.7779 158.2221 -75.2711 23.0794
2 24 156.9689 -95.45 21.75 158.25 -95.45 23.0311
2 24 156.9206 -74.6016 21.7779 158.2221 -75.2711 23.0794
2 24 158.2221 -75.2711 23.0794 160 -76.4534 23.5557
2 24 158.25 -95.45 23.0311 160 -95.45 23.5
2 24 158.2221 -75.2711 23.0794 160 -76.4534 23.5557
2 24 160 -76.4534 23.5557 161.7779 -77.8222 23.0794
2 24 160 -95.45 23.5 161.75 -95.45 23.0311
2 24 160 -76.4534 23.5557 161.7779 -77.8222 23.0794
2 24 161.7779 -77.8222 23.0794 163.0793 -79.0377 21.7779
2 24 161.75 -95.45 23.0311 163.0311 -95.45 21.75
2 24 161.7779 -77.8222 23.0794 163.0793 -79.0377 21.7779
2 24 163.5 -95.45 20 163.0311 -95.45 21.75
2 24 163.5557 -79.8734 20 163.0793 -79.0377 21.7779
2 24 163.5557 -79.8734 20 163.0793 -79.0377 21.7779
2 24 143.0311 -95.45 18.25 143.5 -95.45 20
2 24 143.0794 -65.4051 18.2221 143.5558 -65.3124 20
2 24 143.5558 -65.3124 20 143.0794 -65.4051 18.2221
2 24 143.0794 -65.4051 18.2221 141.7779 -64.8124 16.9206
2 24 143.0794 -65.4051 18.2221 141.7779 -64.8124 16.9206
2 24 143.0311 -95.45 18.25 141.75 -95.45 16.9689
2 24 141.7779 -64.8124 16.9206 140 -63.6238 16.4443
2 24 141.7779 -64.8124 16.9206 140 -63.6238 16.4443
2 24 141.75 -95.45 16.9689 140 -95.45 16.5
2 24 140 -63.6238 16.4443 138.2221 -62.1601 16.9206
2 24 140 -63.6238 16.4443 138.2221 -62.1601 16.9206
2 24 140 -95.45 16.5 138.25 -95.45 16.9689
2 24 138.2221 -62.1601 16.9206 136.9207 -60.8446 18.2221
2 24 138.2221 -62.1601 16.9206 136.9207 -60.8446 18.2221
2 24 138.25 -95.45 16.9689 136.9689 -95.45 18.25
2 24 136.9207 -60.8446 18.2221 136.4443 -60.1243 20
2 24 136.9207 -60.8446 18.2221 136.4443 -60.1243 20
2 24 136.9689 -95.45 18.25 136.5 -95.45 20
2 24 136.4443 -60.1243 20 136.9207 -60.1542 21.7779
2 24 136.5 -95.45 20 136.9689 -95.45 21.75
2 24 136.4443 -60.1243 20 136.9207 -60.1542 21.7779
2 24 136.9207 -60.1542 21.7779 138.2221 -60.8951 23.0794
2 24 136.9689 -95.45 21.75 138.25 -95.45 23.0311
2 24 136.9207 -60.1542 21.7779 138.2221 -60.8951 23.0794
2 24 138.2221 -60.8951 23.0794 140 -62.1279 23.5557
2 24 138.25 -95.45 23.0311 140 -95.45 23.5
2 24 138.2221 -60.8951 23.0794 140 -62.1279 23.5557
2 24 140 -62.1279 23.5557 141.7779 -63.4596 23.0794
2 24 140 -95.45 23.5 141.75 -95.45 23.0311
2 24 140 -62.1279 23.5557 141.7779 -63.4596 23.0794
2 24 141.7779 -63.4596 23.0794 143.0794 -64.6073 21.7779
2 24 141.75 -95.45 23.0311 143.0311 -95.45 21.75
2 24 141.7779 -63.4596 23.0794 143.0794 -64.6073 21.7779
2 24 143.5558 -65.3124 20 143.0794 -64.6073 21.7779
2 24 143.5 -95.45 20 143.0311 -95.45 21.75
2 24 143.5558 -65.3124 20 143.0794 -64.6073 21.7779
2 24 135.9245 -95.45 20 136.4705 -95.45 17.9622
2 24 135.9245 -100.45 20 136.4705 -100.45 17.9622
2 24 136.5 -95.45 20 136.9689 -95.45 18.25
2 24 135.9245 -95.45 20 136.4705 -95.45 17.9622
2 24 136.4705 -95.45 17.9622 137.9623 -95.45 16.4705
2 24 136.4705 -100.45 17.9622 137.9623 -100.45 16.4705
2 24 136.9689 -95.45 18.25 138.25 -95.45 16.9689
2 24 136.4705 -95.45 17.9622 137.9623 -95.45 16.4705
2 24 137.9623 -95.45 16.4705 140 -95.45 15.9245
2 24 137.9623 -100.45 16.4705 140 -100.45 15.9245
2 24 138.25 -95.45 16.9689 140 -95.45 16.5
2 24 137.9623 -95.45 16.4705 140 -95.45 15.9245
2 24 140 -95.45 15.9245 142.0378 -95.45 16.4705
2 24 140 -100.45 15.9245 142.0378 -100.45 16.4705
2 24 140 -95.45 16.5 141.75 -95.45 16.9689
2 24 140 -95.45 15.9245 142.0378 -95.45 16.4705
2 24 142.0378 -95.45 16.4705 143.5295 -95.45 17.9622
2 24 142.0378 -100.45 16.4705 143.5295 -100.45 17.9622
2 24 141.75 -95.45 16.9689 143.0311 -95.45 18.25
2 24 142.0378 -95.45 16.4705 143.5295 -95.45 17.9622
2 24 143.5295 -95.45 17.9622 144.0755 -95.45 20
2 24 143.5295 -100.45 17.9622 144.0755 -100.45 20
2 24 143.0311 -95.45 18.25 143.5 -95.45 20
2 24 143.5295 -95.45 17.9622 144.0755 -95.45 20
2 24 144.0755 -95.45 20 143.5295 -95.45 22.0378
2 24 144.0755 -100.45 20 143.5295 -100.45 22.0378
2 24 143.5 -95.45 20 143.0311 -95.45 21.75
2 24 144.0755 -95.45 20 143.5295 -95.45 22.0378
2 24 143.5295 -95.45 22.0378 142.0378 -95.45 23.5295
2 24 143.5295 -100.45 22.0378 142.0378 -100.45 23.5295
2 24 143.5295 -95.45 22.0378 142.0378 -95.45 23.5295
2 24 143.0311 -95.45 21.75 141.75 -95.45 23.0311
2 24 142.0378 -95.45 23.5295 140 -95.45 24.0755
2 24 142.0378 -100.45 23.5295 140 -100.45 24.0755
2 24 141.75 -95.45 23.0311 140 -95.45 23.5
2 24 142.0378 -95.45 23.5295 140 -95.45 24.0755
2 24 140 -95.45 24.0755 137.9623 -95.45 23.5295
2 24 140 -100.45 24.0755 137.9623 -100.45 23.5295
2 24 140 -95.45 23.5 138.25 -95.45 23.0311
2 24 140 -95.45 24.0755 137.9623 -95.45 23.5295
2 24 137.9623 -95.45 23.5295 136.4705 -95.45 22.0378
2 24 137.9623 -100.45 23.5295 136.4705 -100.45 22.0378
2 24 138.25 -95.45 23.0311 136.9689 -95.45 21.75
2 24 137.9623 -95.45 23.5295 136.4705 -95.45 22.0378
2 24 136.5 -95.45 20 136.9689 -95.45 21.75
2 24 135.9245 -95.45 20 136.4705 -95.45 22.0378
2 24 135.9245 -95.45 20 136.4705 -95.45 22.0378
2 24 135.9245 -100.45 20 136.4705 -100.45 22.0378
2 24 5.7742 -28.45 -22.399 4.4194 -28.45 -24.4266
2 24 4.4194 -19.4865 -24.4266 5.7248 -17.3596 -22.3785
2 24 5.7742 -28.45 -22.399 4.4194 -28.45 -24.4266
2 24 3.6806 -28.45 -22.1322 2.125 -28.45 -23.6878
2 24 4.4194 -28.45 -24.4266 2.3918 -28.45 -25.7814
2 24 4.4194 -28.45 -24.4266 2.3918 -28.45 -25.7814
2 24 4.4194 -19.4865 -24.4266 2.3918 -20.8459 -25.7814
2 24 5.7248 -17.3596 -22.3785 6.25 -14.8905 -20.0024
2 24 6.25 -24 -20.0036 6.25 -14.8905 -20.0024
2 24 5.7742 -28.45 -22.399 6.25 -28.45 -20.0072
2 24 3.6806 -28.45 -22.1322 4.25 -28.45 -20.0072
2 24 4.25 -28.45 -20.0072 3.6806 -28.45 -17.8822
2 24 6.25 -28.45 -20.0072 5.7742 -28.45 -17.6154
2 24 2.125 -28.45 -23.6878 0 -28.45 -24.2572
2 24 2.3918 -28.45 -25.7814 0 -28.45 -26.2572
2 24 2.3918 -28.45 -25.7814 0 -28.45 -26.2572
2 24 2.3918 -20.8459 -25.7814 0 -21.3889 -26.2572
2 24 0 -28.45 -24.2572 -2.125 -28.45 -23.6878
2 24 0 -28.45 -26.2572 -2.3918 -28.45 -25.7814
2 24 0 -21.3889 -26.2572 -2.3918 -21.169 -25.7814
2 24 0 -28.45 -26.2572 -2.3918 -28.45 -25.7814
2 24 5.4 -20.6663 -16.8657 4.4247 -21.868 -15.5946
2 24 5.4013 -24 -16.8629 5.4 -20.6663 -16.8657
2 24 5.7742 -28.45 -17.6154 4.4194 -28.45 -15.5878
2 24 -2.3918 -28.45 -25.7814 -4.4194 -28.45 -24.4266
2 24 -2.3918 -21.169 -25.7814 -4.4194 -19.4848 -24.4266
2 24 -2.3918 -28.45 -25.7814 -4.4194 -28.45 -24.4266
2 24 4.4247 -21.868 -15.5946 2.3918 -22.6575 -14.233
2 24 4.4194 -28.45 -15.5878 2.3918 -28.45 -14.233
2 24 4.4194 -28.45 -15.5878 2.3918 -28.45 -14.233
2 24 3.6806 -28.45 -17.8822 2.125 -28.45 -16.3266
2 24 -2.125 -28.45 -23.6878 -3.6806 -28.45 -22.1322
2 24 -4.4194 -28.45 -24.4266 -5.7742 -28.45 -22.399
2 24 -4.4194 -19.4848 -24.4266 -5.7248 -17.3551 -22.399
2 24 -4.4194 -28.45 -24.4266 -5.7742 -28.45 -22.399
2 24 2.3918 -22.6575 -14.233 0 -22.939 -13.7572
2 24 2.3918 -28.45 -14.233 0 -28.45 -13.7572
2 24 2.3918 -28.45 -14.233 0 -28.45 -13.7572
2 24 2.125 -28.45 -16.3266 0 -28.45 -15.7572
2 24 0 -28.45 -13.7572 -2.3918 -28.45 -14.233
2 24 0 -22.939 -13.7572 -2.3918 -22.6575 -14.233
2 24 0 -28.45 -15.7572 -2.125 -28.45 -16.3266
2 24 0 -28.45 -13.7572 -2.3918 -28.45 -14.233
2 24 -3.6806 -28.45 -22.1322 -4.25 -28.45 -20.0072
2 24 -5.7742 -28.45 -22.399 -6.25 -28.45 -20.0072
2 24 -5.7248 -17.3551 -22.399 -6.25 -14.8825 -20.0072
2 24 -5.7742 -28.45 -22.399 -6.25 -28.45 -20.0072
2 24 -4.25 -28.45 -20.0072 -3.6806 -28.45 -17.8822
2 24 -6.25 -28.45 -20.0072 -5.7742 -28.45 -17.6154
2 24 -6.1064 -16.9746 -18.9164 -6.1415 -14.1184 -19.2581
2 24 -6.25 -14.8825 -20.0072 -6.1415 -14.1184 -19.2581
2 24 -6.1064 -16.9746 -18.9164 -5.9486 -18.8328 -18.1761
2 24 -6.25 -28.45 -20.0072 -5.7742 -28.45 -17.6154
2 24 -5.9486 -18.8328 -18.1761 -5.4127 -20.6507 -16.8822
2 24 -2.3918 -28.45 -14.233 -4.4194 -28.45 -15.5878
2 24 -2.3918 -22.6575 -14.233 -4.4247 -21.868 -15.5946
2 24 -2.125 -28.45 -16.3266 -3.6806 -28.45 -17.8822
2 24 -2.3918 -28.45 -14.233 -4.4194 -28.45 -15.5878
2 24 -5.7742 -28.45 -17.6154 -4.4194 -28.45 -15.5878
2 24 -5.7742 -28.45 -17.6154 -4.4194 -28.45 -15.5878
2 24 -5.4127 -20.6507 -16.8822 -4.4247 -21.868 -15.5946
2 24 4.4194 -13.5 4.4194 2.3918 -13.5 5.7742
2 24 4.4194 -28.45 4.4194 2.3918 -28.45 5.7742
2 24 5.7742 -13.5 2.3918 4.4194 -13.5 4.4194
2 24 5.7742 -28.45 2.3918 4.4194 -28.45 4.4194
2 24 2.3918 -13.5 5.7742 0 -13.5 6.25
2 24 2.3918 -28.45 5.7742 0 -28.45 6.25
2 24 0 -13.5 6.25 -2.3918 -13.5 5.7742
2 24 0 -28.45 6.25 -2.3918 -28.45 5.7742
2 24 -2.3918 -13.5 5.7742 -4.4194 -13.5 4.4194
2 24 -2.3918 -28.45 5.7742 -4.4194 -28.45 4.4194
2 24 -4.4194 -13.5 4.4194 -5.7742 -13.5 2.3918
2 24 -4.4194 -28.45 4.4194 -5.7742 -28.45 2.3918
2 24 4.4247 -21.868 -4.4126 2.3918 -22.6884 -5.7742
2 24 4.4194 -28.45 -4.4194 2.3918 -28.45 -5.7742
2 24 -5.7742 -13.5 2.3918 -6.25 -13.5 0
2 24 -5.7742 -28.45 2.3918 -6.25 -28.45 0
2 24 2.3918 -22.6884 -5.7742 0 -22.939 -6.25
2 24 2.3918 -28.45 -5.7742 0 -28.45 -6.25
2 24 -6.1064 -16.9746 -1.0908 -5.7742 -19.6429 -2.3918
2 24 -6.25 -28.45 0 -5.7742 -28.45 -2.3918
2 24 0 -22.939 -6.25 -2.3918 -22.6827 -5.7742
2 24 0 -28.45 -6.25 -2.3918 -28.45 -5.7742
2 24 -5.7742 -19.6429 -2.3918 -4.4247 -21.868 -4.4126
2 24 -5.7742 -28.45 -2.3918 -4.4194 -28.45 -4.4194
2 24 -2.3918 -22.6827 -5.7742 -4.4247 -21.868 -4.4126
2 24 -2.3918 -28.45 -5.7742 -4.4194 -28.45 -4.4194
2 24 25.7743 -28.45 -22.399 26.25 -28.45 -20.0072
2 24 25.7743 -17.3722 -22.399 26.25 -14.8916 -20.0072
2 24 25.7743 -28.45 -22.399 24.4194 -28.45 -24.4266
2 24 25.7743 -17.3722 -22.399 24.4194 -19.4911 -24.4266
2 24 24.4194 -28.45 -24.4266 22.3918 -28.45 -25.7814
2 24 24.4194 -19.4911 -24.4266 22.3918 -20.8958 -25.7814
2 24 22.3918 -28.45 -25.7814 20 -28.45 -26.2572
2 24 22.3918 -20.8958 -25.7814 20 -21.4052 -26.2572
2 24 20 -21.4052 -26.2572 17.6082 -20.9229 -25.7814
2 24 20 -28.45 -26.2572 17.6082 -28.45 -25.7814
2 24 17.6082 -20.9229 -25.7814 15.5806 -19.4967 -24.4266
2 24 17.6082 -28.45 -25.7814 15.5806 -28.45 -24.4266
2 24 15.5806 -19.4967 -24.4266 14.2258 -17.3671 -22.399
2 24 15.5806 -28.45 -24.4266 14.2258 -28.45 -22.399
2 24 14.2258 -17.3671 -22.399 13.75 -14.8928 -20.0072
2 24 14.2258 -28.45 -22.399 13.75 -28.45 -20.0072
2 24 13.75 -14.8928 -20.0072 14.2258 -12.4066 -17.6154
2 24 13.75 -28.45 -20.0072 14.2258 -28.45 -17.6154
2 24 14.2258 -12.4066 -17.6154 15.5806 -10.3139 -15.5878
2 24 14.2258 -28.45 -17.6154 15.5806 -28.45 -15.5878
2 24 15.5806 -10.3139 -15.5878 17.6082 -8.912 -14.233
2 24 15.5806 -28.45 -15.5878 17.6082 -28.45 -14.233
2 24 17.6082 -8.912 -14.233 20 -8.5272 -13.7572
2 24 17.6082 -28.45 -14.233 20 -28.45 -13.7572
2 24 20 -28.45 -13.7572 22.3918 -28.45 -14.233
2 24 20 -8.5272 -13.7572 22.3918 -9.1638 -14.233
2 24 22.3918 -28.45 -14.233 24.4194 -28.45 -15.5878
2 24 22.3918 -9.1638 -14.233 24.4194 -10.6033 -15.5878
2 24 24.4194 -28.45 -15.5878 25.7743 -28.45 -17.6154
2 24 24.4194 -10.6033 -15.5878 25.7743 -12.5951 -17.6154
2 24 26.25 -28.45 -20.0072 25.7743 -28.45 -17.6154
2 24 26.25 -14.8916 -20.0072 25.7743 -12.5951 -17.6154
2 24 4.1052 -28.45 1.1 3.0052 -28.45 3.0052
2 24 5.7742 -28.45 2.3918 4.4194 -28.45 4.4194
2 24 3.0052 -28.45 3.0052 1.1 -28.45 4.1052
2 24 4.4194 -28.45 4.4194 2.3918 -28.45 5.7742
2 24 2.3918 -28.45 5.7742 0 -28.45 6.25
2 24 4.1052 -28.45 1.1 4.1052 -28.45 -1.1
2 24 5.7742 -28.45 2.3918 6.25 -28.45 0
2 24 1.1 -28.45 4.1052 -1.1 -28.45 4.1052
2 24 0 -28.45 6.25 -2.3918 -28.45 5.7742
2 24 6.25 -28.45 0 5.7742 -28.45 -2.3918
2 24 5.7742 -28.45 -2.3918 4.4194 -28.45 -4.4194
2 24 4.1052 -28.45 -1.1 3.0052 -28.45 -3.0052
2 24 -1.1 -28.45 4.1052 -3.0052 -28.45 3.0052
2 24 -2.3918 -28.45 5.7742 -4.4194 -28.45 4.4194
2 24 -4.4194 -28.45 4.4194 -5.7742 -28.45 2.3918
2 24 3.0052 -28.45 -3.0052 1.1 -28.45 -4.1052
2 24 4.4194 -28.45 -4.4194 2.3918 -28.45 -5.7742
2 24 -5.7742 -28.45 2.3918 -6.25 -28.45 0
2 24 -3.0052 -28.45 3.0052 -4.1052 -28.45 1.1
2 24 1.1 -28.45 -4.1052 -1.1 -28.45 -4.1052
2 24 2.3918 -28.45 -5.7742 0 -28.45 -6.25
2 24 -4.1052 -28.45 1.1 -4.1052 -28.45 -1.1
2 24 -6.25 -28.45 0 -5.7742 -28.45 -2.3918
2 24 0 -28.45 -6.25 -2.3918 -28.45 -5.7742
2 24 -2.3918 -28.45 -5.7742 -4.4194 -28.45 -4.4194
2 24 -1.1 -28.45 -4.1052 -3.0052 -28.45 -3.0052
2 24 -4.1052 -28.45 -1.1 -3.0052 -28.45 -3.0052
2 24 -5.7742 -28.45 -2.3918 -4.4194 -28.45 -4.4194
2 24 26.25 -28.45 -20.0072 25.7743 -28.45 -22.399
2 24 24.25 -28.45 -20.0072 23.6806 -28.45 -22.1322
2 24 23.6806 -28.45 -22.1322 22.125 -28.45 -23.6878
2 24 25.7743 -28.45 -22.399 24.4194 -28.45 -24.4266
2 24 24.4194 -28.45 -24.4266 22.3918 -28.45 -25.7814
2 24 22.125 -28.45 -23.6878 20 -28.45 -24.2572
2 24 22.3918 -28.45 -25.7814 20 -28.45 -26.2572
2 24 20 -28.45 -24.2572 17.875 -28.45 -23.6878
2 24 20 -28.45 -26.2572 17.6082 -28.45 -25.7814
2 24 17.6082 -28.45 -25.7814 15.5806 -28.45 -24.4266
2 24 15.5806 -28.45 -24.4266 14.2258 -28.45 -22.399
2 24 17.875 -28.45 -23.6878 16.3194 -28.45 -22.1322
2 24 16.3194 -28.45 -22.1322 15.75 -28.45 -20.0072
2 24 14.2258 -28.45 -22.399 13.75 -28.45 -20.0072
2 24 15.75 -28.45 -20.0072 16.3194 -28.45 -17.8822
2 24 13.75 -28.45 -20.0072 14.2258 -28.45 -17.6154
2 24 14.2258 -28.45 -17.6154 15.5806 -28.45 -15.5878
2 24 15.5806 -28.45 -15.5878 17.6082 -28.45 -14.233
2 24 16.3194 -28.45 -17.8822 17.875 -28.45 -16.3266
2 24 17.875 -28.45 -16.3266 20 -28.45 -15.7572
2 24 17.6082 -28.45 -14.233 20 -28.45 -13.7572
2 24 20 -28.45 -15.7572 22.125 -28.45 -16.3266
2 24 20 -28.45 -13.7572 22.3918 -28.45 -14.233
2 24 22.125 -28.45 -16.3266 23.6806 -28.45 -17.8822
2 24 22.3918 -28.45 -14.233 24.4194 -28.45 -15.5878
2 24 24.4194 -28.45 -15.5878 25.7743 -28.45 -17.6154
2 24 24.25 -28.45 -20.0072 23.6806 -28.45 -17.8822
2 24 26.25 -28.45 -20.0072 25.7743 -28.45 -17.6154
2 24 23.0408 -23.45 -18.2516 23.5112 -23.45 -20.0072
2 24 23.6806 -23.45 -17.8822 24.25 -23.45 -20.0072
2 24 23.6806 -28.45 -17.8822 24.25 -28.45 -20.0072
2 24 23.6806 -23.45 -17.8822 24.25 -23.45 -20.0072
2 24 24.25 -23.45 -20.0072 23.6806 -23.45 -22.1322
2 24 24.25 -28.45 -20.0072 23.6806 -28.45 -22.1322
2 24 24.25 -23.45 -20.0072 23.6806 -23.45 -22.1322
2 24 23.5112 -23.45 -20.0072 23.0408 -23.45 -21.7628
2 24 23.6806 -23.45 -22.1322 22.125 -23.45 -23.6878
2 24 23.6806 -28.45 -22.1322 22.125 -28.45 -23.6878
2 24 23.6806 -23.45 -22.1322 22.125 -23.45 -23.6878
2 24 23.0408 -23.45 -21.7628 21.7556 -23.45 -23.048
2 24 22.125 -23.45 -23.6878 20 -23.45 -24.2572
2 24 22.125 -28.45 -23.6878 20 -28.45 -24.2572
2 24 22.125 -23.45 -23.6878 20 -23.45 -24.2572
2 24 21.7556 -23.45 -23.048 20 -23.45 -23.5184
2 24 20 -23.45 -24.2572 17.875 -23.45 -23.6878
2 24 20 -28.45 -24.2572 17.875 -28.45 -23.6878
2 24 20 -23.45 -24.2572 17.875 -23.45 -23.6878
2 24 20 -23.45 -23.5184 18.2444 -23.45 -23.048
2 24 17.875 -23.45 -23.6878 16.3194 -23.45 -22.1322
2 24 17.875 -28.45 -23.6878 16.3194 -28.45 -22.1322
2 24 17.875 -23.45 -23.6878 16.3194 -23.45 -22.1322
2 24 18.2444 -23.45 -23.048 16.9592 -23.45 -21.7628
2 24 16.3194 -23.45 -22.1322 15.75 -23.45 -20.0072
2 24 16.3194 -28.45 -22.1322 15.75 -28.45 -20.0072
2 24 16.3194 -23.45 -22.1322 15.75 -23.45 -20.0072
2 24 16.9592 -23.45 -21.7628 16.4888 -23.45 -20.0072
2 24 15.75 -23.45 -20.0072 16.3194 -23.45 -17.8822
2 24 15.75 -28.45 -20.0072 16.3194 -28.45 -17.8822
2 24 15.75 -23.45 -20.0072 16.3194 -23.45 -17.8822
2 24 16.4888 -23.45 -20.0072 16.9592 -23.45 -18.2516
2 24 16.3194 -23.45 -17.8822 17.875 -23.45 -16.3266
2 24 16.3194 -28.45 -17.8822 17.875 -28.45 -16.3266
2 24 16.3194 -23.45 -17.8822 17.875 -23.45 -16.3266
2 24 16.9592 -23.45 -18.2516 18.2444 -23.45 -16.9664
2 24 17.875 -23.45 -16.3266 20 -23.45 -15.7572
2 24 17.875 -28.45 -16.3266 20 -28.45 -15.7572
2 24 17.875 -23.45 -16.3266 20 -23.45 -15.7572
2 24 18.2444 -23.45 -16.9664 20 -23.45 -16.496
2 24 20 -23.45 -15.7572 22.125 -23.45 -16.3266
2 24 20 -28.45 -15.7572 22.125 -28.45 -16.3266
2 24 20 -23.45 -15.7572 22.125 -23.45 -16.3266
2 24 20 -23.45 -16.496 21.7556 -23.45 -16.9664
2 24 23.6806 -23.45 -17.8822 22.125 -23.45 -16.3266
2 24 23.6806 -28.45 -17.8822 22.125 -28.45 -16.3266
2 24 23.6806 -23.45 -17.8822 22.125 -23.45 -16.3266
2 24 23.0408 -23.45 -18.2516 21.7556 -23.45 -16.9664
2 24 4.25 -28.45 -20.0072 3.6806 -28.45 -17.8822
2 24 4.25 -23.45 -20.0072 3.6806 -23.45 -17.8822
2 24 4.25 -23.45 -20.0072 3.6806 -23.45 -22.1322
2 24 4.25 -28.45 -20.0072 3.6806 -28.45 -22.1322
2 24 3.6806 -23.45 -22.1322 2.125 -23.45 -23.6878
2 24 3.6806 -28.45 -22.1322 2.125 -28.45 -23.6878
2 24 2.125 -23.45 -23.6878 0 -23.45 -24.2572
2 24 2.125 -28.45 -23.6878 0 -28.45 -24.2572
2 24 0 -23.45 -24.2572 -2.125 -23.45 -23.6878
2 24 0 -28.45 -24.2572 -2.125 -28.45 -23.6878
2 24 -2.125 -23.45 -23.6878 -3.6806 -23.45 -22.1322
2 24 -2.125 -28.45 -23.6878 -3.6806 -28.45 -22.1322
2 24 -3.6806 -23.45 -22.1322 -4.25 -23.45 -20.0072
2 24 -3.6806 -28.45 -22.1322 -4.25 -28.45 -20.0072
2 24 -4.25 -23.45 -20.0072 -3.6806 -23.45 -17.8822
2 24 -4.25 -28.45 -20.0072 -3.6806 -28.45 -17.8822
2 24 -3.6806 -23.45 -17.8822 -2.125 -23.45 -16.3266
2 24 -3.6806 -28.45 -17.8822 -2.125 -28.45 -16.3266
2 24 -2.125 -23.45 -16.3266 0 -23.45 -15.7572
2 24 -2.125 -28.45 -16.3266 0 -28.45 -15.7572
2 24 0 -23.45 -15.7572 2.125 -23.45 -16.3266
2 24 0 -28.45 -15.7572 2.125 -28.45 -16.3266
2 24 3.6806 -23.45 -17.8822 2.125 -23.45 -16.3266
2 24 3.6806 -28.45 -17.8822 2.125 -28.45 -16.3266
2 24 3.0408 -23.45 -18.2516 3.5112 -23.45 -20.0072
2 24 3.6806 -23.45 -17.8822 4.25 -23.45 -20.0072
2 24 3.6806 -23.45 -17.8822 2.125 -23.45 -16.3266
2 24 3.0408 -23.45 -18.2516 1.7556 -23.45 -16.9664
2 24 2.125 -23.45 -16.3266 0 -23.45 -15.7572
2 24 1.7556 -23.45 -16.9664 0 -23.45 -16.496
2 24 0 -23.45 -15.7572 -2.125 -23.45 -16.3266
2 24 0 -23.45 -16.496 -1.7556 -23.45 -16.9664
2 24 -2.125 -23.45 -16.3266 -3.6806 -23.45 -17.8822
2 24 -1.7556 -23.45 -16.9664 -3.0408 -23.45 -18.2516
2 24 -3.6806 -23.45 -17.8822 -4.25 -23.45 -20.0072
2 24 -3.0408 -23.45 -18.2516 -3.5112 -23.45 -20.0072
2 24 -3.5112 -14.9009 -20.0072 -3.3915 -14.1184 -19.2558
2 24 -3.3915 -16.2601 -19.0984 -3.3915 -14.1184 -19.2558
2 24 -3.5112 -23.45 -20.0072 -3.0408 -23.45 -18.2516
2 24 -3.3915 -16.2601 -19.0984 -3.0408 -18.6881 -18.2516
2 24 -4.25 -23.45 -20.0072 -3.6806 -23.45 -22.1322
2 24 -3.5112 -23.45 -20.0072 -3.0408 -23.45 -21.7628
2 24 -3.5112 -23.45 -20.0072 -3.0408 -23.45 -21.7628
2 24 -3.5112 -14.9009 -20.0072 -3.0408 -16.7292 -21.7628
2 24 -3.6806 -23.45 -22.1322 -2.125 -23.45 -23.6878
2 24 -3.0408 -23.45 -21.7628 -1.7556 -23.45 -23.048
2 24 -3.0408 -23.45 -21.7628 -1.7556 -23.45 -23.048
2 24 -3.0408 -16.7292 -21.7628 -1.7556 -18.0675 -23.048
2 24 -2.125 -23.45 -23.6878 0 -23.45 -24.2572
2 24 -1.7556 -23.45 -23.048 0 -23.45 -23.5184
2 24 -1.7556 -23.45 -23.048 0 -23.45 -23.5184
2 24 -1.7556 -18.0675 -23.048 0 -18.5574 -23.5184
2 24 0 -23.45 -24.2572 2.125 -23.45 -23.6878
2 24 0 -23.45 -23.5184 1.7556 -23.45 -23.048
2 24 0 -18.5574 -23.5184 1.7556 -18.0676 -23.048
2 24 0 -23.45 -23.5184 1.7556 -23.45 -23.048
2 24 2.125 -23.45 -23.6878 3.6806 -23.45 -22.1322
2 24 1.7556 -23.45 -23.048 3.0408 -23.45 -21.7628
2 24 1.7556 -18.0676 -23.048 3.0408 -16.7292 -21.7628
2 24 1.7556 -23.45 -23.048 3.0408 -23.45 -21.7628
2 24 4.25 -23.45 -20.0072 3.6806 -23.45 -22.1322
2 24 3.5112 -23.45 -20.0072 3.0408 -23.45 -21.7628
2 24 3.0408 -16.7292 -21.7628 3.5112 -14.9009 -20.0072
2 24 3.0408 -23.45 -21.7628 3.5112 -23.45 -20.0072
2 24 3.3915 -16.2602 -19.0984 3.3915 -14.1184 -19.2558
2 24 3.5112 -14.9009 -20.0072 3.3915 -14.1184 -19.2558
2 24 3.5112 -23.45 -20.0072 3.0408 -23.45 -18.2516
2 24 3.3915 -16.2602 -19.0984 3.0408 -18.6881 -18.2516
2 24 4.1052 -28.45 -1.1 4.1052 -28.45 1.1
2 24 4.1052 -23.45 -1.1 4.1052 -23.45 1.1
2 24 4.1052 -28.45 1.1 3.0052 -28.45 3.0052
2 24 4.1052 -23.45 1.1 3.0052 -23.45 3.0052
2 24 3.0052 -28.45 3.0052 1.1 -28.45 4.1052
2 24 3.0052 -23.45 3.0052 1.1 -23.45 4.1052
2 24 1.1 -28.45 4.1052 -1.1 -28.45 4.1052
2 24 1.1 -23.45 4.1052 -1.1 -23.45 4.1052
2 24 -1.1 -28.45 4.1052 -3.0052 -28.45 3.0052
2 24 -1.1 -23.45 4.1052 -3.0052 -23.45 3.0052
2 24 -3.0052 -28.45 3.0052 -4.1052 -28.45 1.1
2 24 -3.0052 -23.45 3.0052 -4.1052 -23.45 1.1
2 24 -4.1052 -28.45 1.1 -4.1052 -28.45 -1.1
2 24 -4.1052 -23.45 1.1 -4.1052 -23.45 -1.1
2 24 -4.1052 -28.45 -1.1 -3.0052 -28.45 -3.0052
2 24 -4.1052 -23.45 -1.1 -3.0052 -23.45 -3.0052
2 24 -3.0052 -28.45 -3.0052 -1.1 -28.45 -4.1052
2 24 -3.0052 -23.45 -3.0052 -1.1 -23.45 -4.1052
2 24 -1.1 -28.45 -4.1052 1.1 -28.45 -4.1052
2 24 -1.1 -23.45 -4.1052 1.1 -23.45 -4.1052
2 24 1.1 -28.45 -4.1052 3.0052 -28.45 -3.0052
2 24 1.1 -23.45 -4.1052 3.0052 -23.45 -3.0052
2 24 4.1052 -28.45 -1.1 3.0052 -28.45 -3.0052
2 24 4.1052 -23.45 -1.1 3.0052 -23.45 -3.0052
2 24 3.3915 -23.45 -0.9088 2.4828 -23.45 -2.4828
2 24 4.1052 -23.45 -1.1 3.0052 -23.45 -3.0052
2 24 2.4828 -23.45 -2.4828 0.9088 -23.45 -3.3915
2 24 3.0052 -23.45 -3.0052 1.1 -23.45 -4.1052
2 24 0.9088 -23.45 -3.3915 -0.9088 -23.45 -3.3915
2 24 1.1 -23.45 -4.1052 -1.1 -23.45 -4.1052
2 24 -0.9088 -23.45 -3.3915 -2.4828 -23.45 -2.4828
2 24 -1.1 -23.45 -4.1052 -3.0052 -23.45 -3.0052
2 24 -2.4828 -23.45 -2.4828 -3.3915 -23.45 -0.9088
2 24 -3.0052 -23.45 -3.0052 -4.1052 -23.45 -1.1
2 24 -3.3915 -23.45 -0.9088 -3.3915 -23.45 0.9088
2 24 -4.1052 -23.45 -1.1 -4.1052 -23.45 1.1
2 24 -3.3915 -23.45 0.9088 -2.4828 -23.45 2.4828
2 24 -4.1052 -23.45 1.1 -3.0052 -23.45 3.0052
2 24 -2.4828 -23.45 2.4828 -0.9088 -23.45 3.3915
2 24 -3.0052 -23.45 3.0052 -1.1 -23.45 4.1052
2 24 -0.9088 -23.45 3.3915 0.9088 -23.45 3.3915
2 24 -1.1 -23.45 4.1052 1.1 -23.45 4.1052
2 24 0.9088 -23.45 3.3915 2.4828 -23.45 2.4828
2 24 1.1 -23.45 4.1052 3.0052 -23.45 3.0052
2 24 2.4828 -23.45 2.4828 3.3915 -23.45 0.9088
2 24 3.0052 -23.45 3.0052 4.1052 -23.45 1.1
2 24 3.3915 -23.45 -0.9088 3.3915 -23.45 0.9088
2 24 4.1052 -23.45 -1.1 4.1052 -23.45 1.1
2 24 -3.3915 -14.6614 -0.7514 -3.3915 -13.5 -0.7514
2 24 3.3915 -14.6615 -0.7514 3.3915 -13.5 -0.7514
2 24 -3.3915 -13.5 -0.7514 3.3915 -13.5 -0.7514
2 24 3.3915 -23.45 -0.9088 3.3915 -23.45 0.9088
2 24 3.3915 -16.2602 -0.9088 3.3915 -14.6615 -0.7514
2 24 -0.9088 -13.5 3.3915 0.9088 -13.5 3.3915
2 24 -0.9088 -23.45 3.3915 0.9088 -23.45 3.3915
2 24 3.3915 -14.6615 -0.7514 3.3915 -13.5 -0.7514
2 24 3.3915 -13.5 -0.7514 3.4514 -13.5 0.4544
2 24 -3.3915 -13.5 -0.7514 -3.4513 -13.5 0.4544
2 24 -3.3915 -13.5 -0.7514 -3.3915 -14.6614 -0.7514
2 24 -3.3915 -13.5 -0.7514 3.3915 -13.5 -0.7514
2 24 -3.3915 -13.5 -0.7514 -3.4513 -13.5 0.4544
2 24 3.3915 -13.5 -0.7514 3.4514 -13.5 0.4544
2 24 3.4514 -13.5 0.4544 2.4828 -13.5 2.4828
2 24 -3.4513 -13.5 0.4544 -2.4828 -13.5 2.4828
2 24 -3.4513 -13.5 0.4544 -2.4828 -13.5 2.4828
2 24 -3.3915 -23.45 0.9088 -2.4828 -23.45 2.4828
2 24 -2.4828 -13.5 2.4828 -0.9088 -13.5 3.3915
2 24 2.4828 -13.5 2.4828 0.9088 -13.5 3.3915
2 24 -0.9088 -13.5 3.3915 0.9088 -13.5 3.3915
2 24 -0.9088 -13.5 3.3915 -2.4828 -13.5 2.4828
2 24 -0.9088 -23.45 3.3915 -2.4828 -23.45 2.4828
2 24 0.9088 -13.5 3.3915 2.4828 -13.5 2.4828
2 24 0.9088 -23.45 3.3915 2.4828 -23.45 2.4828
2 24 3.4514 -13.5 0.4544 2.4828 -13.5 2.4828
2 24 3.3915 -23.45 0.9088 2.4828 -23.45 2.4828
2 24 3.3915 -16.2602 -0.9088 3.0408 -18.6881 -1.7556
2 24 3.3915 -23.45 -0.9088 2.4828 -23.45 -2.4828
2 24 3.0408 -18.6881 -1.7556 2.1192 -20.2308 -2.7618
2 24 2.4828 -23.45 -2.4828 0.9088 -23.45 -3.3915
2 24 2.1192 -20.2308 -2.7618 0.9088 -20.9692 -3.3915
2 24 0.9088 -20.9692 -3.3915 -0.9088 -20.9692 -3.3915
2 24 0.9088 -23.45 -3.3915 -0.9088 -23.45 -3.3915
2 24 0.9088 -20.9692 -3.3915 2.1192 -20.2308 -2.7618
2 24 0.9088 -20.9692 -3.3915 -0.9088 -20.9692 -3.3915
2 24 -0.9088 -20.9692 -3.3915 -2.1192 -20.2308 -2.7618
2 24 -0.9088 -20.9692 -3.3915 -2.1192 -20.2308 -2.7618
2 24 -0.9088 -23.45 -3.3915 -2.4828 -23.45 -2.4828
2 24 -2.1192 -20.2308 -2.7618 -3.0408 -18.6881 -1.7556
2 24 2.1192 -20.2308 -2.7618 3.0408 -18.6881 -1.7556
2 24 -2.1192 -20.2308 -2.7618 -3.0408 -18.6881 -1.7556
2 24 -2.4828 -23.45 -2.4828 -3.3915 -23.45 -0.9088
2 24 -3.0408 -18.6881 -1.7556 -3.3915 -16.2601 -0.9088
2 24 3.0408 -18.6881 -1.7556 3.3915 -16.2602 -0.9088
2 24 -3.0408 -18.6881 -1.7556 -3.3915 -16.2601 -0.9088
2 24 -3.3915 -23.45 0.9088 -3.3915 -23.45 -0.9088
2 24 -3.3915 -14.6614 -0.7514 -3.3915 -16.2601 -0.9088
2 24 -3.3915 -14.6614 -0.7514 -3.3915 -16.2601 -0.9088
2 24 3.3915 -14.6615 -0.7514 3.3915 -16.2602 -0.9088
2 24 -3.3915 -14.1184 -19.2558 3.3915 -14.1184 -19.2558
2 24 -3.3915 -14.1184 -19.2558 -3.3915 -16.2601 -19.0984
2 24 3.3915 -14.1184 -19.2558 3.3915 -16.2602 -19.0984
2 24 -3.5112 -14.9009 -20.0072 -3.3915 -14.1184 -19.2558
2 24 3.5112 -14.9009 -20.0072 3.3915 -14.1184 -19.2558
2 24 -3.3915 -14.1184 -19.2558 3.3915 -14.1184 -19.2558
2 24 -3.5112 -14.9009 -20.0072 -3.0408 -16.7292 -21.7628
2 24 3.5112 -14.9009 -20.0072 3.0408 -16.7292 -21.7628
2 24 -3.0408 -16.7292 -21.7628 -1.7556 -18.0675 -23.048
2 24 3.0408 -16.7292 -21.7628 1.7556 -18.0676 -23.048
2 24 1.7556 -18.0676 -23.048 0 -18.5574 -23.5184
2 24 -1.7556 -18.0675 -23.048 0 -18.5574 -23.5184
2 24 3.0408 -18.6881 -18.2516 2.4828 -19.8791 -17.5244
2 24 3.0408 -23.45 -18.2516 1.7556 -23.45 -16.9664
2 24 2.4828 -19.8791 -17.5244 1.7556 -20.5825 -16.9664
2 24 1.7556 -23.45 -16.9664 0 -23.45 -16.496
2 24 1.7556 -20.5825 -16.9664 0 -21.0812 -16.496
2 24 0 -21.0812 -16.496 -1.7556 -20.5825 -16.9664
2 24 0 -23.45 -16.496 -1.7556 -23.45 -16.9664
2 24 1.7556 -20.5825 -16.9664 0 -21.0812 -16.496
2 24 -1.7556 -20.5825 -16.9664 0 -21.0812 -16.496
2 24 -3.0408 -18.6881 -18.2516 -2.4828 -19.8791 -17.5244
2 24 -1.7556 -20.5825 -16.9664 -2.4828 -19.8791 -17.5244
2 24 -3.0408 -23.45 -18.2516 -1.7556 -23.45 -16.9664
2 24 -1.7556 -20.5825 -16.9664 -2.4828 -19.8791 -17.5244
2 24 1.7556 -20.5825 -16.9664 2.4828 -19.8791 -17.5244
2 24 -2.4828 -19.8791 -17.5244 -3.0408 -18.6881 -18.2516
2 24 2.4828 -19.8791 -17.5244 3.0408 -18.6881 -18.2516
2 24 -3.3915 -16.2601 -19.0984 -3.0408 -18.6881 -18.2516
2 24 3.3915 -16.2602 -19.0984 3.0408 -18.6881 -18.2516
2 24 16.9592 -13.0658 -18.2516 16.4888 -14.9009 -20.0072
2 24 16.9592 -23.45 -18.2516 16.4888 -23.45 -20.0072
2 24 16.4888 -14.9009 -20.0072 16.9592 -13.0658 -18.2516
2 24 23.5112 -14.9009 -20.0072 23.0408 -13.0658 -18.2516
2 24 16.4888 -23.45 -20.0072 16.9592 -23.45 -21.7628
2 24 16.4888 -14.9009 -20.0072 16.9592 -16.7292 -21.7628
2 24 16.4888 -14.9009 -20.0072 16.9592 -16.7292 -21.7628
2 24 23.5112 -14.9009 -20.0072 23.0408 -16.7292 -21.7628
2 24 16.9592 -23.45 -21.7628 18.2444 -23.45 -23.048
2 24 16.9592 -16.7292 -21.7628 18.2444 -18.0675 -23.048
2 24 16.9592 -16.7292 -21.7628 18.2444 -18.0675 -23.048
2 24 23.0408 -16.7292 -21.7628 21.7556 -18.0676 -23.048
2 24 18.2444 -23.45 -23.048 20 -23.45 -23.5184
2 24 18.2444 -18.0675 -23.048 20 -18.5574 -23.5184
2 24 21.7556 -18.0676 -23.048 20 -18.5574 -23.5184
2 24 18.2444 -18.0675 -23.048 20 -18.5574 -23.5184
2 24 20 -18.5574 -23.5184 21.7556 -18.0676 -23.048
2 24 20 -23.45 -23.5184 21.7556 -23.45 -23.048
2 24 21.7556 -18.0676 -23.048 23.0408 -16.7292 -21.7628
2 24 21.7556 -23.45 -23.048 23.0408 -23.45 -21.7628
2 24 23.0408 -16.7292 -21.7628 23.5112 -14.9009 -20.0072
2 24 23.0408 -23.45 -21.7628 23.5112 -23.45 -20.0072
2 24 23.5112 -14.9009 -20.0072 23.0408 -13.0658 -18.2516
2 24 23.5112 -23.45 -20.0072 23.0408 -23.45 -18.2516
2 24 23.0408 -13.0658 -18.2516 21.7556 -11.7184 -16.9664
2 24 23.0408 -23.45 -18.2516 21.7556 -23.45 -16.9664
2 24 21.7556 -11.7184 -16.9664 20 -11.2507 -16.496
2 24 21.7556 -23.45 -16.9664 20 -23.45 -16.496
2 24 20 -23.45 -16.496 18.2444 -23.45 -16.9664
2 24 20 -11.2507 -16.496 18.2444 -11.7184 -16.9664
2 24 21.7556 -11.7184 -16.9664 20 -11.2507 -16.496
2 24 18.2444 -11.7184 -16.9664 20 -11.2507 -16.496
2 24 16.9592 -23.45 -18.2516 18.2444 -23.45 -16.9664
2 24 16.9592 -13.0658 -18.2516 18.2444 -11.7184 -16.9664
2 24 16.9592 -13.0658 -18.2516 18.2444 -11.7184 -16.9664
2 24 23.0408 -13.0658 -18.2516 21.7556 -11.7184 -16.9664
2 24 -6.25 -5.25 7 -6.25 -10.5 7
2 24 -6.25 -10.5 7 -6.25 -10.5 -1.6596
2 24 -6.25 -8.8259 -2.6835 -6.25 -10.5 -1.6596
2 24 36.4884 -4.1697 -7.479 40.1452 -5.25 -7.479
2 24 36.8497 -4.4578 -8.1396 40.1452 -5.25 -7.479
2 24 30 -38.8953 -29.9402 30 -24 -30
2 24 22.3918 -20.8958 -25.7814 20 -21.4052 -26.2572
2 24 30 -22.6954 -27.5 19.4687 -22.6953 -27.5
2 24 5.4 -21.8639 -15.6015 5.4 -20.6663 -16.8657
2 24 4.4247 -21.868 -15.5946 5.4 -20.6663 -16.8657
2 24 -7.5 -23.5337 -11.9921 -7.5 -22.8951 -13.8876
2 24 0 -22.939 -13.7572 -2.3918 -22.6575 -14.233
2 24 -7.5 -21.8639 -15.6015 -7.5 -22.8951 -13.8876
2 24 -4.4247 -21.868 -15.5946 -2.3918 -22.6575 -14.233
2 24 0 -22.939 -6.25 2.3918 -22.6884 -5.7742
2 24 5.4 -22.8951 -6.1196 5.4 -23.5337 -8.0151
2 24 -6.1064 -16.9746 -1.0908 -6.1537 -13.5 -0.7311
2 24 -6.25 -13.5 0 -6.1537 -13.5 -0.7311
2 24 -10 -20.7 -30 28.3037 -20.7 -30
2 24 9.7853 -24 -30 30 -24 -30
2 24 153.75 -100.45 20 154.2257 -100.45 22.3918
2 24 153.75 -96 20 153.8354 -96 21
2 24 155.9245 -100.45 20 156.4705 -100.45 22.0378
2 24 153.75 -100.45 20 154.2257 -100.45 22.3918
2 24 155.5806 -100.45 24.4194 157.6082 -100.45 25.7743
2 24 155.5806 -73.1436 24.4194 157.6082 -74.4278 25.7743
2 24 157.6082 -100.45 25.7743 155.5806 -100.45 24.4194
2 24 160 -100.45 26.25 162.3918 -100.45 25.7743
2 24 160 -96 26.25 161 -96 26.1646
2 24 162.0377 -100.45 23.5295 160 -100.45 24.0755
2 24 162.3918 -100.45 25.7743 160 -100.45 26.25
2 24 162.3918 -100.45 14.2258 164.4194 -100.45 15.5806
2 24 164.4194 -82.1864 15.5806 162.3918 -81.3125 14.2258
2 24 164.4194 -100.45 15.5806 162.3918 -100.45 14.2258
2 24 142.3918 -63.5883 25.7743 141 -62.5864 26.1646
2 24 141 -96 26.1646 141 -62.5864 26.1646
2 24 4.2548 -10.5 4.2548 2.4702 -10.5 6.9476
2 24 2.4702 -5.25 6.9476 2.4702 -10.5 6.9476
2 24 4.2548 -10.5 4.2548 6.9784 -10.5 2.4639
2 24 6.9784 -5.25 2.4639 6.9784 -10.5 2.4639
2 24 6.25 -28.45 0 5.7742 -28.45 2.3918
2 24 4.4247 -21.868 -4.4126 5.4 -20.6663 -3.1415
2 24 5.4039 -24 -3.1378 5.4 -20.6663 -3.1415
2 24 30 -24 -12.5 30 -8.8686 -12.5
2 24 30 -24 -12.75 30 -24 -12.5
2 24 30 -11.9645 -16.25 30 -8.8686 -12.5
2 24 12.1906 -22.6953 -27.5 1.3102 -22.6953 -27.5
2 24 4.4194 -19.4865 -24.4266 2.3918 -20.8459 -25.7814
2 24 6.25 -24 -20.0036 12.225 -24 -20
2 24 8 -24 -17.917 10 -24 -17.917
2 24 -7.5 -13.5 -0.7311 -6.1537 -13.5 -0.7311
2 24 -6.25 -13.5 0 -6.1537 -13.5 -0.7311
2 24 10 -8 -5.8676 10 -7.7883 -6.125
2 24 7.5 -13.5 7.5 7.5 -13.5 0
2 24 5.7742 -13.5 2.3918 6.25 -13.5 0
2 24 7.5 -13.5 0 6.25 -13.5 0
2 24 7.5 -13.5 7.5 0 -13.5 7.5
2 24 2.3918 -13.5 5.7742 4.4194 -13.5 4.4194
2 24 5.7742 -13.5 2.3918 4.4194 -13.5 4.4194
2 24 2.3918 -13.5 5.7742 0 -13.5 6.25
2 24 0 -13.5 7.5 -7.5 -13.5 7.5
2 24 0 -13.5 6.25 -2.3918 -13.5 5.7742
2 24 -6.25 -13.5 0 -5.7742 -13.5 2.3918
2 24 -7.5 -13.5 -0.7311 -7.5 -13.5 7.5
2 24 -5.7742 -13.5 2.3918 -4.4194 -13.5 4.4194
2 24 -2.3918 -13.5 5.7742 -4.4194 -13.5 4.4194
2 24 -10 -18.375 -16.7117 -10 -14.5 -17.75
2 24 -10 -24 -30 -10 -20.7 -30
2 24 13.1093 -5.25 2.4935 15.7452 -5.25 4.2548
2 24 -6.25 0 8.5828 -6.25 0 -7.5
2 24 29.3137 -5.25 -7.479 21.5 -5.25 -7.479
2 24 21.5 -5.25 -5.9746 21.5 -5.25 -7.479
2 24 153.8354 -96 19 146.1646 -96 19
2 24 153.8354 -96 19 153.8354 -73.3813 19
2 24 146.1646 -96 19 146.1646 -67.8444 19
2 24 153.8354 -73.3813 19 146.1646 -67.8444 19
2 24 6.25 -24 60 5.7742 -24 62.3918
2 24 6.25 -28.45 60 5.7742 -28.45 62.3918
2 24 0 -22.939 66.25 -2.3918 -22.6827 65.7743
2 24 -7.5 -23.5337 68.0151 -7.5 -22.8951 66.1196
2 24 5.7742 -28.45 62.3918 4.4194 -28.45 64.4194
2 24 5.7742 -24 62.3918 5.4039 -24 63.1378
2 24 -4.4247 -21.868 64.4126 -5.7742 -19.6429 62.3918
2 24 -7.5 -21.8639 64.4057 -7.5 -19.6606 62.3924
2 24 -5.7742 -19.6429 62.3918 -6.1064 -16.9746 61.0908
2 24 -7.5 -19.6606 62.3924 -7.5 -16.9746 61.0908
2 24 -6.1064 -16.9746 61.0908 -6.1537 -13.5 60.7311
2 24 -7.5 -16.9746 61.0908 -7.5 -13.5 60.7311
2 24 -6.1537 -13.5 60.7311 -7.5 -13.5 60.7311
2 24 -2.3918 -22.6827 65.7743 -4.4247 -21.868 64.4126
2 24 -7.5 -22.8951 66.1196 -7.5 -21.8639 64.4057
2 24 5.4 -21.8639 64.4057 5.4 -22.8951 66.1196
2 24 4.4247 -21.868 64.4126 2.3918 -22.6884 65.7743
2 24 5.4 -20.6663 76.8657 5.4 -21.8639 75.6015
2 24 5.4 -20.6663 76.8657 5.4013 -24 76.8629
2 24 5.4013 -24 76.8629 5.4012 -24 76.206
2 24 2.4935 0 53.1093 4.2548 0 55.7452
2 24 18.125 0 50 17.5065 0 53.1093
2 24 16.3966 0 50 15.5396 0 53.1983
2 24 17.5065 0 53.1093 15.7452 0 55.7452
2 24 15.5396 0 53.1983 13.1983 0 55.5396
2 24 15.7452 0 55.7452 13.1093 0 57.5065
2 24 13.1983 0 55.5396 10 0 56.3966
2 24 13.1093 0 57.5065 10 0 58.125
2 24 10 0 58.125 6.8907 0 57.5065
2 24 10 0 56.3966 6.8017 0 55.5396
2 24 6.8907 0 57.5065 4.2548 0 55.7452
2 24 6.8017 0 55.5396 4.4604 0 53.1983
2 24 4.2548 0 55.7452 2.4935 0 53.1093
2 24 4.4604 0 53.1983 3.6034 0 50
2 24 2.4935 0 53.1093 1.875 0 50
2 24 1.875 0 50 2.4935 0 46.8907
2 24 3.6034 0 50 4.4604 0 46.8017
2 24 2.4935 0 46.8907 4.2548 0 44.2548
2 24 4.4604 0 46.8017 6.8017 0 44.4604
2 24 4.2548 0 44.2548 6.8907 0 42.4935
2 24 6.8017 0 44.4604 10 0 43.6034
2 24 6.8907 0 42.4935 10 0 41.875
2 24 10 0 41.875 13.1093 0 42.4935
2 24 10 0 43.6034 13.1983 0 44.4604
2 24 13.1093 0 42.4935 15.7452 0 44.2548
2 24 13.1983 0 44.4604 15.5396 0 46.8017
2 24 15.7452 0 44.2548 17.5065 0 46.8907
2 24 16.3966 0 50 15.5396 0 46.8017
2 24 18.125 0 50 17.5065 0 46.8907
2 24 41.3692 -20.695 88.8593 34.8156 -20.7478 89.8067
2 24 130 -58.3611 50 130 -55.4229 39.8168
2 24 170 -86.4128 44.4613 170 -89.788 50
2 24 170 -86.4128 44.4613 170 -83.6944 36.5537
2 24 170 -82.9688 30 170 -83.6944 36.5537
2 24 170 -89.788 50 160.7032 -82.5635 50
2 24 49.9902 -8 30 50.4541 -8 32.7718
2 24 52.924 -8 36.5355 55.4058 -8 38.6662
2 24 55.4058 -8 38.6662 57.5215 -8.9728 36.7717
2 24 59.3685 -9.636 30 58.9494 -9.4877 33.6245
2 24 57.5215 -8.9728 36.7717 58.9494 -9.4877 33.6245
2 24 50.4541 -8 32.7718 52.924 -8 36.5355
2 24 59.3685 -9.636 30 58.9494 -9.4877 33.6245
2 24 58.9494 -9.4877 33.6245 57.5215 -8.9728 36.7717
2 24 57.5215 -8.9728 36.7717 55.4058 -8 38.6662
2 24 55.4058 -8 38.6662 53.3976 -8 45.6077
2 24 41.3915 -8 62.2921 48.7591 -8 54.2205
2 24 53.3976 -8 45.6077 48.7591 -8 54.2205
2 24 41.3915 -8 62.2921 35.2559 -8 66.2209
2 24 36.8497 -4.4578 68.1396 29.485 -2.0501 68.1084
2 24 36.4884 -4.1697 67.479 29.3602 -2.0326 67.479
2 24 33.1983 0 35.5396 35.5396 0 33.1983
2 24 33.1983 -8 35.5396 35.5396 -8 33.1983
2 24 33.1983 0 35.5396 30 0 36.3966
2 24 33.1983 -8 35.5396 30 -8 36.3966
2 24 30 0 36.3966 26.8017 0 35.5396
2 24 30 -8 36.3966 26.8017 -8 35.5396
2 24 26.8017 0 35.5396 24.4604 0 33.1983
2 24 26.8017 -8 35.5396 24.4604 -8 33.1983
2 24 23.6034 -8 30 24.4604 -8 33.1983
2 24 23.6034 0 30 24.4604 0 33.1983
2 24 36.3966 0 30 35.5396 0 33.1983
2 24 36.3966 -8 30 35.5396 -8 33.1983
2 24 38.125 0 30 37.5065 0 33.1093
2 24 36.3966 0 30 35.5396 0 33.1983
2 24 37.5065 0 33.1093 35.7452 0 35.7452
2 24 35.5396 0 33.1983 33.1983 0 35.5396
2 24 35.7452 0 35.7452 33.1093 0 37.5065
2 24 33.1093 0 37.5065 30 0 38.125
2 24 33.1983 0 35.5396 30 0 36.3966
2 24 30 0 38.125 26.8907 0 37.5065
2 24 30 0 36.3966 26.8017 0 35.5396
2 24 26.8907 0 37.5065 24.2548 0 35.7453
2 24 24.2548 0 35.7453 22.4935 0 33.1093
2 24 26.8017 0 35.5396 24.4604 0 33.1983
2 24 21.875 0 30 22.4935 0 33.1093
2 24 23.6034 0 30 24.4604 0 33.1983
2 24 4.2548 0 55.7452 6.8907 0 57.5065
2 24 48.7591 -8 54.2205 41.3915 -8 62.2921
2 24 35.2559 -8 66.2209 31.4103 -8 68.1343
2 24 41.3915 -8 62.2921 35.2559 -8 66.2209
2 24 55.4058 -8 38.6662 53.3976 -8 45.6077
2 24 55.4058 -8 38.6662 52.924 -8 36.5355
2 24 52.924 -8 36.5355 50.4541 -8 32.7718
2 24 48.7591 -8 54.2205 53.3976 -8 45.6077
2 24 10 -7.7883 66.125 10 -7.0136 67.9959
2 24 10 -8 66.8169 10 -8 67.7662
2 24 10 -8 65.8676 10 -9.0199 64.5199
2 24 10 -8 50 10 -8 65.8676
2 24 12.1906 -24 87.5 19.4687 -24 87.5
2 24 139 -61.1494 33.8354 139 -61.1494 26.1646
2 24 139 -61.1494 26.1646 139 -96 26.1646
2 24 139 -96 30 139 -96 26.1646
2 24 141 -96 33.8354 141 -96 31
2 24 141 -96 33.8354 141 -62.5864 33.8354
2 24 141 -96 31 141 -62.4369 31
2 24 141 -62.5864 33.8354 141 -62.4369 31
2 24 149 -96 39 146.1646 -96 39
2 24 149 -96 39 149 -69.0538 39
2 24 146.1646 -96 39 146.1646 -67.0022 39
2 24 149 -69.0538 39 146.1646 -67.0022 39
2 24 139 -96 30 139 -96 33.8354
2 24 139 -96 33.8354 140 -96 33.75
2 24 146.25 -96 40 146.1646 -96 39
2 24 149 -96 39 146.1646 -96 39
2 24 142.3918 -100.45 34.2258 140 -100.45 33.75
2 24 141 -96 33.8354 140 -96 33.75
2 24 145.7743 -100.45 42.3918 146.25 -100.45 40
2 24 146.1646 -96 41 146.25 -96 40
2 24 140 -96 33.75 139 -96 33.8354
2 24 140 -100.45 33.75 137.6082 -100.45 34.2258
2 24 146.25 -100.45 40 145.7743 -100.45 37.6082
2 24 146.25 -96 40 146.1646 -96 39
2 24 146.1646 -96 41 146.1646 -67.8444 41
2 24 145.7743 -67.5982 42.3918 146.1646 -67.8444 41
2 24 145.7743 -100.45 42.3918 144.4194 -100.45 44.4194
2 24 143.5295 -100.45 42.0378 142.0378 -100.45 43.5295
2 24 144.4194 -100.45 44.4194 142.3918 -100.45 45.7743
2 24 142.0378 -100.45 43.5295 140 -100.45 44.0755
2 24 142.3918 -100.45 45.7743 140 -100.45 46.25
2 24 140 -100.45 46.25 137.6082 -100.45 45.7743
2 24 140 -100.45 44.0755 137.9623 -100.45 43.5295
2 24 137.6082 -100.45 45.7743 135.5806 -100.45 44.4194
2 24 137.9623 -100.45 43.5295 136.4705 -100.45 42.0378
2 24 135.5806 -100.45 44.4194 134.2258 -100.45 42.3918
2 24 136.4705 -100.45 42.0378 135.9245 -100.45 40
2 24 134.2258 -100.45 42.3918 133.75 -100.45 40
2 24 133.75 -100.45 40 134.2258 -100.45 37.6082
2 24 135.9245 -100.45 40 136.4705 -100.45 37.9623
2 24 134.2258 -100.45 37.6082 135.5806 -100.45 35.5806
2 24 136.4705 -100.45 37.9623 137.9623 -100.45 36.4705
2 24 135.5806 -100.45 35.5806 137.6082 -100.45 34.2258
2 24 137.9623 -100.45 36.4705 140 -100.45 35.9245
2 24 137.6082 -100.45 34.2258 140 -100.45 33.75
2 24 140 -100.45 33.75 142.3918 -100.45 34.2258
2 24 140 -100.45 35.9245 142.0378 -100.45 36.4705
2 24 142.3918 -100.45 34.2258 144.4194 -100.45 35.5806
2 24 142.0378 -100.45 36.4705 143.5295 -100.45 37.9623
2 24 144.4194 -100.45 35.5806 145.7743 -100.45 37.6082
2 24 143.5295 -100.45 37.9623 144.0755 -100.45 40
2 24 145.7743 -100.45 37.6082 146.25 -100.45 40
2 24 145.7743 -100.45 42.3918 146.25 -100.45 40
2 24 143.5295 -100.45 42.0378 144.0755 -100.45 40
2 24 159 -75.1905 31 159 -96 31
2 24 159 -75.1905 31 159 -75.3718 33.8354
2 24 159 -96 31 159 -96 33.8354
2 24 159 -75.3718 33.8354 159 -96 33.8354
2 24 159 -96 31 159 -75.1905 31
2 24 159 -96 31 156.75 -96 31
2 24 159 -75.1905 31 156.75 -73.5963 31
2 24 156.75 -96 31 156.75 -73.5963 31
2 24 151 -70.5029 39 153.8354 -72.5526 39
2 24 151 -70.5029 39 151 -96 39
2 24 153.8354 -72.5526 39 153.8354 -96 39
2 24 151 -96 39 153.8354 -96 39
2 24 159 -96 29 156.75 -96 29
2 24 159 -96 31 156.75 -96 31
2 24 156.75 -96 29 156.75 -96 31
2 24 160 -96 33.75 159 -96 33.8354
2 24 159 -96 31 159 -96 33.8354
2 24 154.2257 -100.45 42.3918 153.75 -100.45 40
2 24 153.8354 -96 41 153.75 -96 40
2 24 157.6082 -100.45 34.2258 160 -100.45 33.75
2 24 159 -96 33.8354 160 -96 33.75
2 24 153.8354 -96 39 153.8354 -72.5526 39
2 24 154.2257 -72.5805 37.6082 153.8354 -72.5526 39
2 24 154.2257 -100.45 37.6082 155.5806 -100.45 35.5806
2 24 154.2257 -72.5805 37.6082 155.5806 -73.1436 35.5806
2 24 157.6082 -74.4278 34.2258 159 -75.3718 33.8354
2 24 159 -96 33.8354 159 -75.3718 33.8354
2 24 164.4194 -100.45 35.5806 162.3918 -100.45 34.2258
2 24 164.4194 -79.4464 35.5806 162.3918 -77.8425 34.2258
2 24 164.4194 -100.45 35.5806 165.7742 -100.45 37.6082
2 24 164.4194 -79.4464 35.5806 165.7742 -80.8451 37.6082
2 24 165.7742 -100.45 37.6082 166.25 -100.45 40
2 24 165.7742 -80.8451 37.6082 166.25 -81.8269 40
2 24 166.25 -100.45 40 165.7742 -100.45 42.3918
2 24 166.25 -81.8269 40 165.7742 -82.3189 42.3918
2 24 165.7742 -82.3189 42.3918 164.4194 -82.1864 44.4194
2 24 165.7742 -100.45 42.3918 164.4194 -100.45 44.4194
2 24 160 -79.7606 46.25 162.3918 -81.3125 45.7743
2 24 160 -100.45 46.25 162.3918 -100.45 45.7743
2 24 160 -79.7606 46.25 157.6082 -77.7209 45.7743
2 24 160 -100.45 46.25 157.6082 -100.45 45.7743
2 24 157.6082 -77.7209 45.7743 155.5806 -75.5879 44.4194
2 24 157.6082 -100.45 45.7743 155.5806 -100.45 44.4194
2 24 155.5806 -75.5879 44.4194 154.2257 -73.8047 42.3918
2 24 154.2257 -100.45 42.3918 155.5806 -100.45 44.4194
2 24 153.8354 -96 41 153.8354 -73.3813 41
2 24 154.2257 -73.8047 42.3918 153.8354 -73.3813 41
2 24 146.25 -96 40 146.1646 -96 41
2 24 146.1646 -96 41 153.8354 -96 41
2 24 153.75 -96 40 153.8354 -96 41
2 24 149 -96 39 149 -96 36.75
2 24 149 -96 36.75 151 -96 36.75
2 24 151 -96 39 151 -96 36.75
2 24 151 -96 39 153.8354 -96 39
2 24 153.75 -96 40 153.8354 -96 39
2 24 154.2257 -73.8047 42.3918 153.8354 -73.3813 41
2 24 145.7743 -67.5982 42.3918 146.1646 -67.8444 41
2 24 153.8354 -73.3813 41 146.1646 -67.8444 41
2 24 154.2257 -73.8047 42.3918 155.5806 -75.5879 44.4194
2 24 145.7743 -67.5982 42.3918 144.4194 -67.2381 44.4194
2 24 155.5806 -75.5879 44.4194 157.6082 -77.7209 45.7743
2 24 144.4194 -67.2381 44.4194 142.3918 -66.2023 45.7743
2 24 151 -70.0623 36.75 149 -68.6274 36.75
2 24 151 -70.0623 36.75 151 -70.5029 39
2 24 154.2257 -72.5805 37.6082 153.8354 -72.5526 39
2 24 151 -70.5029 39 153.8354 -72.5526 39
2 24 143.25 -64.0208 29 143.25 -64.0208 31
2 24 156.75 -73.5963 29 156.75 -73.5963 31
2 24 143.25 -64.0208 29 143.25 -64.0208 31
2 24 143.25 -64.0208 29 143.25 -96 29
2 24 143.25 -64.0208 31 143.25 -96 31
2 24 143.25 -96 29 143.25 -96 31
2 24 149 -68.6274 36.75 149 -96 36.75
2 24 149 -68.6274 36.75 149 -69.0538 39
2 24 149 -96 36.75 149 -96 39
2 24 149 -69.0538 39 149 -96 39
2 24 141 -62.4369 31 141 -96 31
2 24 141 -62.4369 31 143.25 -64.0208 31
2 24 141 -96 31 143.25 -96 31
2 24 143.25 -64.0208 31 143.25 -96 31
2 24 143.25 -64.0208 31 141 -62.4369 31
2 24 142.3918 -63.5883 34.2258 141 -62.5864 33.8354
2 24 141 -62.4369 31 141 -62.5864 33.8354
2 24 149 -68.6274 36.75 151 -70.0623 36.75
2 24 149 -68.6274 36.75 149 -96 36.75
2 24 151 -70.0623 36.75 151 -96 36.75
2 24 149 -96 36.75 151 -96 36.75
2 24 142.3918 -100.45 34.2258 144.4194 -100.45 35.5806
2 24 144.4194 -65.2004 35.5806 142.3918 -63.5883 34.2258
2 24 142.3918 -63.5883 34.2258 144.4194 -65.2004 35.5806
2 24 145.7743 -100.45 37.6082 144.4194 -100.45 35.5806
2 24 144.4194 -65.2004 35.5806 145.7743 -66.4035 37.6082
2 24 144.4194 -65.2004 35.5806 145.7743 -66.4035 37.6082
2 24 145.7743 -66.4035 37.6082 146.1646 -67.0022 39
2 24 146.1646 -96 39 146.1646 -67.0022 39
2 24 149 -69.0538 39 146.1646 -67.0022 39
2 24 149 -68.6274 36.75 149 -69.0538 39
2 24 145.7743 -66.4035 37.6082 146.1646 -67.0022 39
2 24 151 -70.0623 36.75 151 -70.5029 39
2 24 151 -70.0623 36.75 151 -96 36.75
2 24 151 -70.5029 39 151 -96 39
2 24 151 -96 36.75 151 -96 39
2 24 156.75 -96 29 156.75 -96 31
2 24 156.75 -96 29 156.75 -73.5963 29
2 24 156.75 -96 31 156.75 -73.5963 31
2 24 156.75 -73.5963 29 156.75 -73.5963 31
2 24 157.6082 -74.4278 34.2258 155.5806 -73.1436 35.5806
2 24 154.2257 -72.5805 37.6082 155.5806 -73.1436 35.5806
2 24 157.6082 -74.4278 34.2258 159 -75.3718 33.8354
2 24 159 -75.3718 33.8354 159 -75.1905 31
2 24 156.75 -73.5963 31 159 -75.1905 31
2 24 5.4 -24 66.1196 5.4039 -24 63.1378
2 24 5.4 -21.8639 64.4057 5.4 -20.6663 63.1415
2 24 5.4039 -24 63.1378 5.4 -20.6663 63.1415
2 24 162.3918 -77.8425 34.2258 161 -76.8087 33.8354
2 24 161 -76.5938 30 161 -76.8087 33.8354
2 24 162.3918 -77.8425 34.2258 161 -76.8087 33.8354
2 24 161 -76.8087 33.8354 161 -96 33.8354
2 24 161 -76.5938 30 161 -76.8087 33.8354
2 24 161 -76.8087 33.8354 161 -96 33.8354
2 24 161 -96 30 161 -96 33.8354
2 24 162.3918 -77.8425 34.2258 164.4194 -79.4464 35.5806
2 24 145.7743 -100.45 42.3918 144.4194 -100.45 44.4194
2 24 145.7743 -67.5982 42.3918 144.4194 -67.2381 44.4194
2 24 144.4194 -100.45 44.4194 142.3918 -100.45 45.7743
2 24 144.4194 -67.2381 44.4194 142.3918 -66.2023 45.7743
2 24 142.3918 -100.45 45.7743 140 -100.45 46.25
2 24 142.3918 -66.2023 45.7743 140 -64.588 46.25
2 24 140 -100.45 46.25 137.6082 -100.45 45.7743
2 24 140 -64.588 46.25 137.6082 -62.5289 45.7743
2 24 137.6082 -100.45 45.7743 135.5806 -100.45 44.4194
2 24 137.6082 -62.5289 45.7743 135.5806 -60.5851 44.4194
2 24 135.5806 -100.45 44.4194 134.2258 -100.45 42.3918
2 24 135.5806 -60.5851 44.4194 134.2258 -58.9895 42.3918
2 24 134.2258 -100.45 42.3918 133.75 -100.45 40
2 24 134.2258 -58.9895 42.3918 133.75 -58.1855 40
2 24 133.75 -100.45 40 134.2258 -100.45 37.6082
2 24 133.75 -58.1855 40 134.2258 -58.1376 37.6082
2 24 134.2258 -100.45 37.6082 135.5806 -100.45 35.5806
2 24 134.2258 -58.1376 37.6082 135.5806 -58.8588 35.5806
2 24 137.6082 -100.45 34.2258 135.5806 -100.45 35.5806
2 24 135.5806 -58.8588 35.5806 137.6082 -60.171 34.2258
2 24 137.6082 -60.171 34.2258 139 -61.1494 33.8354
2 24 139 -96 33.8354 139 -61.1494 33.8354
2 24 170 -89.788 50 170 -95.9999 50
2 24 170 -86.4128 44.4613 170 -89.788 50
2 24 130 -58.3611 50 142.7013 -68.4217 50
2 24 130 -58.3611 50 130 -95.9999 50
2 24 142.7013 -68.4217 50 130 -58.3611 50
2 24 130 -54.4712 30 130 -55.4229 39.8168
2 24 130 -95.9999 30 130 -95.9999 50
2 24 130 -54.4712 30 130 -55.4229 39.8168
2 24 132.3376 -95.9999 30 132.3376 -95.9999 47.6625
2 24 130 -95.9999 30 130 -95.9999 50
2 24 167.6624 -95.9999 30 167.6624 -95.9999 47.6625
2 24 170 -95.9999 30 170 -95.9999 50
2 24 170 -82.9688 30 170 -83.6944 36.5537
2 24 170 -86.4128 44.4613 170 -83.6944 36.5537
2 24 170 -95.9999 30 170 -95.9999 50
2 24 130 -55.4229 39.8168 130 -58.3611 50
2 24 130 -95.9999 50 130 -58.3611 50
2 24 160.7032 -82.5635 50 151.0901 -75.0401 50
2 24 160.7032 -82.5635 50 151.0901 -75.0401 50
2 24 130 -95.9999 50 150 -95.9999 50
2 24 142.7013 -68.4217 50 151.0901 -75.0401 50
2 24 142.7013 -68.4217 50 151.0901 -75.0401 50
2 24 150 -95.9999 50 170 -95.9999 50
2 24 160.7032 -82.5635 50 170 -89.788 50
2 24 170 -95.9999 50 170 -89.788 50
2 24 132.3376 -95.9999 47.6625 150 -95.9999 47.6625
2 24 130 -95.9999 50 150 -95.9999 50
2 24 132.3376 -59.1805 47.6625 132.3376 -95.9999 47.6625
2 24 132.3376 -95.9999 30 132.3376 -95.9999 47.6625
2 24 167.6624 -95.9999 30 167.6624 -95.9999 47.6625
2 24 167.6624 -82.6698 39.3507 167.6624 -81.7391 35.1949
2 24 167.6624 -81.313 30 167.6624 -81.7391 35.1949
2 24 167.6624 -86.3767 47.6625 167.6624 -85.126 45.2752
2 24 164.4194 -82.1864 44.4194 165.7742 -82.3189 42.3918
2 24 167.6624 -86.3767 47.6625 167.6624 -85.126 45.2752
2 24 167.6624 -95.9999 47.6625 167.6624 -86.3767 47.6625
2 24 167.6624 -85.126 45.2752 167.6624 -82.6698 39.3507
2 24 165.7742 -82.3189 42.3918 166.25 -81.8269 40
2 24 167.6624 -82.6698 39.3507 167.6624 -85.126 45.2752
2 24 166.25 -81.8269 40 165.7742 -80.8451 37.6082
2 24 167.6624 -82.6698 39.3507 167.6624 -81.7391 35.1949
2 24 132.3376 -56.2912 30 132.3376 -56.7361 37.2728
2 24 135.5806 -58.8588 35.5806 134.2258 -58.1376 37.6082
2 24 132.3376 -56.2912 30 132.3376 -56.7361 37.2728
2 24 134.2258 -58.1376 37.6082 133.75 -58.1855 40
2 24 132.3376 -56.7361 37.2728 132.3376 -57.2044 40.3897
2 24 132.3376 -56.7361 37.2728 132.3376 -57.2044 40.3897
2 24 133.75 -58.1855 40 134.2258 -58.9895 42.3918
2 24 132.3376 -57.2044 40.3897 132.3376 -57.8962 43.5066
2 24 132.3376 -57.2044 40.3897 132.3376 -57.8962 43.5066
2 24 134.2258 -58.9895 42.3918 135.5806 -60.5851 44.4194
2 24 132.3376 -57.8962 43.5066 132.3376 -59.1805 47.6625
2 24 132.3376 -59.1805 47.6625 132.3376 -57.8962 43.5066
2 24 157.6082 -77.7209 45.7743 160 -79.7606 46.25
2 24 156.6328 -77.9423 47.6625 160.5853 -80.9282 47.6625
2 24 167.6624 -95.9999 47.6625 150 -95.9999 47.6625
2 24 160.5853 -80.9282 47.6625 156.6328 -77.9423 47.6625
2 24 160.5853 -80.9282 47.6625 164.6294 -84.0416 47.6625
2 24 160 -79.7606 46.25 162.3918 -81.3125 45.7743
2 24 160.5853 -80.9282 47.6625 164.6294 -84.0416 47.6625
2 24 164.6294 -84.0416 47.6625 167.6624 -86.3767 47.6625
2 24 167.6624 -95.9999 47.6625 167.6624 -86.3767 47.6625
2 24 164.4194 -82.1864 44.4194 162.3918 -81.3125 45.7743
2 24 167.6624 -86.3767 47.6625 164.6294 -84.0416 47.6625
2 24 140.2826 -65.2973 47.6625 142.7595 -67.2043 47.6625
2 24 142.3918 -66.2023 45.7743 140 -64.588 46.25
2 24 140.2826 -65.2973 47.6625 142.7595 -67.2043 47.6625
2 24 135.5806 -60.5851 44.4194 137.6082 -62.5289 45.7743
2 24 140.2826 -65.2973 47.6625 132.3376 -59.1805 47.6625
2 24 132.3376 -95.9999 47.6625 132.3376 -59.1805 47.6625
2 24 132.3376 -59.1805 47.6625 140.2826 -65.2973 47.6625
2 24 140 -64.588 46.25 137.6082 -62.5289 45.7743
2 24 150 -95.9999 47.6625 132.3376 -95.9999 47.6625
2 24 156.6328 -77.9423 47.6625 142.7595 -67.2043 47.6625
2 24 156.6328 -77.9423 47.6625 142.7595 -67.2043 47.6625
2 24 170 -95.9999 50 150 -95.9999 50
2 24 167.6624 -95.9999 47.6625 150 -95.9999 47.6625
2 24 5.7248 -17.3596 82.3785 6.25 -14.8905 80.0024
2 24 12.225 -14.8905 80 6.25 -14.8905 80.0024
2 24 22.3918 -20.8958 85.7814 24.4194 -19.4911 84.4266
2 24 30 -22.6954 87.5 30 -18.8663 83.75
2 24 14.2258 -17.3671 82.399 13.75 -14.8928 80.0072
2 24 12.225 -14.8905 80 6.25 -14.8905 80.0024
2 24 12.225 -14.8905 80 12.225 -24 80
2 24 6.25 -14.8905 80.0024 6.25 -24 80.0036
2 24 12.225 -24 80 6.25 -24 80.0036
2 24 -7.5 -14.1184 79.2581 -7.5 -14.8825 79.9955
2 24 -7.5 -14.1184 79.2581 -7.5 -16.9746 78.9164
2 24 -7.5 -16.9746 78.9164 -7.5 -18.8328 78.1761
2 24 -6.1415 -14.1184 79.2581 -6.25 -14.8825 80.0072
2 24 -6.1415 -14.1184 79.2581 -7.5 -14.1184 79.2581
2 24 -7.5 -14.1184 79.2581 -7.5 -14.8825 79.9955
2 24 7.5 -13.5 52.5 0 -13.5 52.5
2 24 7.5 -24 52.5 7.5 -13.5 52.5
2 24 19.4687 -22.6953 87.5 30 -22.6954 87.5
2 24 30 -22.6954 87.5 30 -24 87.5
2 24 19.4687 -24 87.5 30 -24 87.5
2 24 -7.5 -24 78.75 -7.5 -24 87.5
2 24 -7.5 -24 87.5 -7.5 -22.6953 87.5
2 24 -7.5 -22.6953 87.5 -7.5 -17.6243 82.6315
2 24 -7.5 -22.6953 87.5 -7.5 -17.6243 82.6315
2 24 -4.4194 -19.4848 84.4266 -5.7248 -17.3551 82.399
2 24 21.6036 -7.435 72.5 30 -8.8686 72.5
2 24 22.3918 -9.1517 74.233 24.4194 -10.6033 75.5878
2 24 12.1906 -24 87.5 1.3728 -24 87.5
2 24 12.1906 -22.6953 87.5 1.3102 -22.6953 87.5
2 24 12.225 -7.0856 72.5 12.225 -11.9637 77.1875
2 24 12.225 -7.0856 72.5 12.225 -24 72.5
2 24 12.225 -24 72.5 12.225 -24 80
2 24 14.2258 -12.4066 77.6154 15.5806 -10.3139 75.5878
2 24 12.225 -11.9637 77.1875 12.225 -7.0856 72.5
2 24 5.4 -24 66.1196 5.4 -24 67.934
2 24 5.4 -23.5337 68.0151 5.4 -22.8951 66.1196
2 24 5.4 -21.8639 64.4057 5.4 -22.8951 66.1196
2 24 5.4 -24 71.9921 5.4 -24 73.8876
2 24 5.4 -23.5337 71.9921 5.4 -22.8951 73.8876
2 24 14.2258 -17.3671 82.399 15.5806 -19.4967 84.4266
2 24 5.7248 -17.3596 82.3785 4.4194 -19.4865 84.4266
2 24 2.3918 -22.6575 74.233 4.4247 -21.868 75.5946
2 24 5.4 -22.8951 73.8876 5.4 -21.8639 75.6015
2 24 2.3918 -22.6575 74.233 0 -22.939 73.7572
2 24 5.4 -22.8951 73.8876 5.4 -23.5337 71.9921
2 24 5.4 -23.5337 71.9921 5.4 -23.75 70.0036
2 24 5.4 -24 71.9921 5.4 -24 70.0036
2 24 5.4 -23.5337 71.9921 5.4 -23.75 70.0036
2 24 -7.5 -23.75 70.0036 -7.5 -23.5337 71.9921
2 24 -7.5 -23.75 70.0036 -7.5 -23.5337 71.9921
2 24 -7.5 -24 70 -7.5 -24 72.102
2 24 -7.5 -20.4883 77.0536 -7.5 -21.8639 75.6015
2 24 -5.4127 -20.6507 76.8822 -4.4247 -21.868 75.5946
2 24 -7.5 -21.8639 75.6015 -7.5 -20.4883 77.0536
2 24 -7.5 -18.8328 78.1761 -7.5 -20.4883 77.0536
2 24 -7.5 -20.4883 77.0536 -7.5 -18.8328 78.1761
2 24 -5.4127 -20.6507 76.8822 -5.9486 -18.8328 78.1761
2 24 5.4 -23.75 70.0036 5.4 -23.5337 68.0151
2 24 -7.5 -23.5337 68.0151 -7.5 -23.75 70.0036
2 24 -7.5 -23.75 70.0036 -7.5 -23.5337 68.0151
2 24 -7.5 -24 70 -7.5 -24 68.1462
2 24 -7.5 -18.8328 78.1761 -7.5 -16.9746 78.9164
2 24 -5.9486 -18.8328 78.1761 -6.1064 -16.9746 78.9164
2 24 -7.5 -21.8639 75.6015 -7.5 -22.8951 73.8876
2 24 -7.5 -16.9746 78.9164 -7.5 -14.1184 79.2581
2 24 -7.5 -14.1184 79.2581 -6.1415 -14.1184 79.2581
2 24 -6.1064 -16.9746 78.9164 -6.1415 -14.1184 79.2581
2 24 5.4 -23.5337 68.0151 5.4 -23.75 70.0036
2 24 5.4 -24 67.934 5.4 -24 70.0036
2 24 -7.5 -23.5337 68.0151 -7.5 -22.8951 66.1196
2 24 -7.5 -24 68.1462 -7.5 -24 66.1196
2 24 -7.5 -22.8951 66.1196 -7.5 -21.8639 64.4057
2 24 -7.5 -24 66.1196 -7.5 -24 64.4057
2 24 -7.5 -13.5 52.5 -7.5 -24 52.5
2 24 0 -13.5 52.5 -7.5 -13.5 52.5
2 24 7.5 -24 52.5 -7.5 -24 52.5
2 24 30 -11.9645 76.25 30 -14.4558 79.0625
2 24 30 -14.4558 79.0625 30 -17.0501 81.875
2 24 30 -24 87.5 30 -22.6954 87.5
2 24 30 -22.6954 87.5 30 -18.8663 83.75
2 24 30 -24 72.75 30 -24.7301 72.8217
2 24 30 -17.0501 81.875 30 -18.8663 83.75
2 24 30 -18.8663 83.75 30 -17.0501 81.875
2 24 24.4194 -19.4911 84.4266 25.7743 -17.3722 82.399
2 24 26.25 -14.9711 80.0072 25.7743 -12.6253 77.6154
2 24 30 -14.4558 79.0625 30 -11.9645 76.25
2 24 -7.5 -14.8825 79.9955 -7.5 -17.6243 82.6315
2 24 -6.25 -14.8825 80.0072 -5.7248 -17.3551 82.399
2 24 -7.5 -14.8825 79.9955 -7.5 -17.6243 82.6315
2 24 30 -17.0501 81.875 30 -14.4558 79.0625
2 24 25.7743 -17.3722 82.399 26.25 -14.9711 80.0072
2 24 12.225 -14.8905 80 12.225 -11.9637 77.1875
2 24 13.75 -14.8928 80.0072 14.2258 -12.4066 77.6154
2 24 22.3918 -9.1517 74.233 20 -8.5272 73.7572
2 24 12.225 -7.0856 72.5 12.225 -24 72.5
2 24 12.225 -7.0856 72.5 21.6036 -7.435 72.5
2 24 12.225 -24 72.5 21.6036 -24 72.5
2 24 21.6036 -7.435 72.5 12.225 -7.0856 72.5
2 24 20 -8.5272 73.7572 17.6082 -8.912 74.233
2 24 15.5806 -10.3139 75.5878 17.6082 -8.912 74.233
2 24 30 -8.8686 72.5 30 -11.9645 76.25
2 24 24.4194 -10.6033 75.5878 25.7743 -12.6253 77.6154
2 24 17.6082 -20.9229 85.7814 20 -21.4052 86.2572
2 24 19.4687 -22.6953 87.5 12.1906 -22.6953 87.5
2 24 15.5806 -19.4967 84.4266 17.6082 -20.9229 85.7814
2 24 19.4687 -22.6953 87.5 12.1906 -22.6953 87.5
2 24 19.4687 -24 87.5 12.1906 -24 87.5
2 24 -7.5 -22.6953 87.5 1.3102 -22.6953 87.5
2 24 -2.3918 -21.169 85.7814 0 -21.3889 86.2572
2 24 1.3102 -22.6953 87.5 -7.5 -22.6953 87.5
2 24 -7.5 -22.6953 87.5 -7.5 -24 87.5
2 24 1.3728 -24 87.5 -7.5 -24 87.5
2 24 0 -21.3889 86.2572 2.3918 -20.8459 85.7814
2 24 -4.4194 -19.4848 84.4266 -2.3918 -21.169 85.7814
2 24 8 -14.5 62.25 8 -12.4936 62.5119
2 24 8 -11.375 64.5873 8 -9.0873 66.875
2 24 -8 -11.375 64.5873 -8 -9.0873 66.875
2 24 8 -9.0873 66.875 8 -11.375 64.5873
2 24 8 -9.0199 64.5199 8 -10.625 63.2883
2 24 8 -14.5 63.75 8 -17.625 64.5873
2 24 8 -14.5 62.25 8 -24 62.083
2 24 8 -17.625 64.5873 8 -14.5 63.75
2 24 -8 -17.625 64.5873 -8 -14.5 63.75
2 24 8 -19.9127 73.125 8 -20.75 70.0036
2 24 -8 -19.9127 73.125 -8 -20.75 70.0036
2 24 -8 -10.625 76.7117 -8 -14.5 77.75
2 24 -10 -10.625 76.7117 -10 -14.5 77.75
2 24 -8 -14.5 77.75 -8 -10.625 76.7117
2 24 -8 -14.5 76.25 -8 -11.375 75.4127
2 24 -8 -21.2117 73.875 -8 -22.25 70.0036
2 24 -10 -21.2117 73.875 -10 -22.25 70.0036
2 24 -8 -21.2117 66.125 -8 -18.375 63.2883
2 24 -8 -19.9127 66.875 -8 -17.625 64.5873
2 24 8 -7.7883 66.125 8 -9.0199 64.5199
2 24 10 -8 65.8676 10 -9.0199 64.5199
2 24 8 -9.0873 73.125 8 -11.375 75.4127
2 24 -8 -9.0873 73.125 -8 -11.375 75.4127
2 24 8 -11.375 75.4127 8 -9.0873 73.125
2 24 8 -9.0199 75.4801 8 -7.7883 73.875
2 24 8 -9.0873 73.125 8 -8.25 70.0036
2 24 8 -7.0145 72.0076 8 -6.75 70.0036
2 24 8 -9.0873 73.125 8 -8.25 70.0036
2 24 -8 -9.0873 73.125 -8 -8.25 70.0036
2 24 8 -11.375 75.4127 8 -14.5 76.25
2 24 -8 -11.375 75.4127 -8 -14.5 76.25
2 24 8 -11.375 75.4127 8 -14.5 76.25
2 24 8 -12.4942 77.4859 8 -10.625 76.7117
2 24 8 -7.7883 73.875 8 -7.0145 72.0076
2 24 8 -9.0199 75.4801 8 -10.625 76.7117
2 24 8 -9.0873 66.875 8 -8.25 70.0036
2 24 8 -7.0136 67.9959 8 -7.7883 66.125
2 24 8 -9.0873 66.875 8 -8.25 70.0036
2 24 -8 -9.0873 66.875 -8 -8.25 70.0036
2 24 8 -9.0199 64.5199 8 -7.7883 66.125
2 24 8 -6.75 70.0036 8 -7.0136 67.9959
2 24 8 -14.5 63.75 8 -11.375 64.5873
2 24 8 -12.4936 62.5119 8 -10.625 63.2883
2 24 8 -11.375 64.5873 8 -14.5 63.75
2 24 -8 -11.375 64.5873 -8 -14.5 63.75
2 24 8 -19.9127 73.125 8 -17.625 75.4127
2 24 -8 -19.9127 73.125 -8 -17.625 75.4127
2 24 8 -14.5 76.25 8 -17.625 75.4127
2 24 -8 -14.5 76.25 -8 -17.625 75.4127
2 24 8 -24 77.917 8 -14.5 77.75
2 24 8 -14.5 76.25 8 -17.625 75.4127
2 24 8 -17.625 64.5873 8 -19.9127 66.875
2 24 -8 -17.625 64.5873 -8 -19.9127 66.875
2 24 8 -20.75 70.0036 8 -19.9127 66.875
2 24 -8 -20.75 70.0036 -8 -19.9127 66.875
2 24 -8 -7.7883 73.875 -8 -6.75 70.0036
2 24 -8 -9.0873 73.125 -8 -8.25 70.0036
2 24 -8 -6.75 70.0036 -8 -7.7883 73.875
2 24 -10 -6.75 70.0036 -10 -7.7883 73.875
2 24 -8 -8.25 70.0036 -8 -9.0873 66.875
2 24 -8 -6.75 70.0036 -8 -7.7883 66.125
2 24 -8 -6.75 70.0036 -8 -7.7883 66.125
2 24 -10 -6.75 70.0036 -10 -7.7883 66.125
2 24 -8 -10.625 76.7117 -8 -7.7883 73.875
2 24 -10 -10.625 76.7117 -10 -7.7883 73.875
2 24 -8 -10.625 76.7117 -8 -7.7883 73.875
2 24 -8 -11.375 75.4127 -8 -9.0873 73.125
2 24 -8 -14.5 77.75 -8 -18.375 76.7117
2 24 -8 -14.5 76.25 -8 -17.625 75.4127
2 24 -10 -18.375 63.2883 -10 -14.5 62.25
2 24 -10 -24 50 -10 -8 50
2 24 -10 -14.5 62.25 -10 -10.625 63.2883
2 24 -10 -10.625 63.2883 -10 -7.7883 66.125
2 24 -8 -18.375 63.2883 -8 -14.5 62.25
2 24 -10 -18.375 63.2883 -10 -14.5 62.25
2 24 -8 -14.5 62.25 -8 -10.625 63.2883
2 24 -10 -14.5 62.25 -10 -10.625 63.2883
2 24 -8 -10.625 63.2883 -8 -14.5 62.25
2 24 -8 -11.375 64.5873 -8 -14.5 63.75
2 24 -8 -7.7883 66.125 -8 -10.625 63.2883
2 24 -10 -7.7883 66.125 -10 -10.625 63.2883
2 24 -8 -7.7883 66.125 -8 -10.625 63.2883
2 24 -8 -9.0873 66.875 -8 -11.375 64.5873
2 24 -10 -24 90 -10 -24 78.75
2 24 -10 -18.375 76.7117 -10 -21.2117 73.875
2 24 -10 -21.2117 73.875 -10 -22.25 70.0036
2 24 -10 -24 78.75 -10 -24 70
2 24 -8 -19.9127 73.125 -8 -20.75 70.0036
2 24 -8 -21.2117 73.875 -8 -22.25 70.0036
2 24 -8 -21.2117 73.875 -8 -18.375 76.7117
2 24 -10 -21.2117 73.875 -10 -18.375 76.7117
2 24 -8 -17.625 75.4127 -8 -19.9127 73.125
2 24 -8 -18.375 76.7117 -8 -21.2117 73.875
2 24 -8 -14.5 77.75 -8 -18.375 76.7117
2 24 -10 -14.5 77.75 -10 -18.375 76.7117
2 24 -10 -18.375 63.2883 -10 -21.2117 66.125
2 24 -10 -24 50 -10 -24 60.3125
2 24 -10 -22.25 70.0036 -10 -21.2117 66.125
2 24 -10 -24 70 -10 -24 60.3125
2 24 -8 -18.375 63.2883 -8 -21.2117 66.125
2 24 -10 -18.375 63.2883 -10 -21.2117 66.125
2 24 -8 -17.625 64.5873 -8 -14.5 63.75
2 24 -8 -18.375 63.2883 -8 -14.5 62.25
2 24 -8 -19.9127 66.875 -8 -20.75 70.0036
2 24 -8 -21.2117 66.125 -8 -22.25 70.0036
2 24 -8 -22.25 70.0036 -8 -21.2117 66.125
2 24 -10 -22.25 70.0036 -10 -21.2117 66.125
2 24 8 -12.4942 77.4859 8 -14.5 77.75
2 24 33.375 -24 70 33.3876 -9.9201 70.036
2 24 33.4064 -12.544 73.3321 33.3876 -9.9201 70.036
2 24 -10 -8 30 -10 -8 50
2 24 -10 -8 50 10 -8 50
2 24 5.4039 -24 63.1378 5.7742 -24 62.3918
2 24 5.4012 -24 76.206 5.4013 -24 76.8629
2 24 5.4013 -24 76.8629 6.037 -24 78.3896
2 24 5.4 -24 70.0036 5.4 -24 67.934
2 24 5.4012 -24 76.206 5.4 -24 73.8876
2 24 8 -24 77.917 8 -24 73.875
2 24 5.7742 -24 62.3918 6.25 -24 60
2 24 8 -24 70.0036 8 -24 66.125
2 24 5.4 -24 67.934 5.4 -24 66.1196
2 24 8 -24 62.083 8 -24 66.125
2 24 6.037 -24 78.3896 6.25 -24 80.0036
2 24 10 -24 50 10 -24 62.083
2 24 7.5 -24 52.5 7.5 -24 60
2 24 33.375 -96 86.9374 33.375 -96 82.7131
2 24 33.375 -89.8897 86.8379 33.375 -96 86.9374
2 24 33.3806 -36.748 86.5043 33.375 -57.3579 86.5991
2 24 33.3806 -36.748 86.5043 33.375 -57.3579 86.5991
2 24 33.375 -57.3579 86.5991 33.375 -77.4437 86.7337
2 24 33.375 -58.6503 76.2391 33.375 -93.3006 79.7282
2 24 33.375 -57.3579 86.5991 33.375 -77.4437 86.7337
2 24 33.4005 -18.7979 80.7324 33.4064 -12.544 73.3321
2 24 33.4064 -12.544 73.3321 33.4005 -18.7979 80.7324
2 24 33.375 -24 70 33.375 -24 72.75
2 24 33.4064 -12.544 73.3321 33.3876 -9.9201 70.036
2 24 33.375 -95.2372 80.6897 33.375 -94.3494 80.041
2 24 33.375 -95.2372 80.6897 33.375 -96 81.6352
2 24 33.375 -96 82.7131 33.375 -96 81.6352
2 24 8 -24 70.0036 8 -24 66.125
2 24 8 -20.75 70.0036 8 -19.9127 66.875
2 24 8 -20.75 70.0036 8 -19.9127 73.125
2 24 8 -24 70.0036 8 -24 73.875
2 24 8 -24 62.083 8 -24 66.125
2 24 8 -17.625 64.5873 8 -19.9127 66.875
2 24 8 -24 77.917 8 -24 73.875
2 24 8 -17.625 75.4127 8 -19.9127 73.125
2 24 33.3876 -9.9201 70.036 33.375 -24 70
2 24 32.3215 -9.6041 70 33.3876 -9.9201 70.036
2 24 33.3876 -9.9201 70.036 32.3215 -9.6041 70
2 24 35.2559 -8 66.2209 31.4103 -8 68.1343
2 24 32.3215 -9.6041 70 30.082 -8 70
2 24 31.4103 -8 68.1343 30.082 -8 70
2 24 32.3215 -9.6041 70 30.082 -8 70
2 24 33.375 -24 70 10 -24 70
2 24 90.0538 -20.7388 30 89.2289 -20.6795 38.0856
2 24 90.0538 -20.7388 30 89.2289 -20.6795 38.0856
2 24 60.1703 -5.25 30 59.5754 -5.25 36.2724
2 24 -10 -20.7 90 -10 -10.35 80
2 24 -10 -14.5 77.75 -10 -10.625 76.7117
2 24 -10 -8 30 -10 -8 50
2 24 -10 0 30 -10 0 50
2 24 -7.5 -24 72.102 -7.5 -24 70
2 24 -7.5 -24 78.75 -7.5 -24 87.5
2 24 -10 -24 78.75 -10 -24 90
2 24 -7.5 -24 66.1196 -7.5 -24 68.1462
2 24 -7.5 -24 70 -7.5 -24 68.1462
2 24 10 -24 50 -10 -24 50
2 24 10 -24 50 10 -8 50
2 24 -10 -24 50 -10 -8 50
2 24 10 -8 50 -10 -8 50
2 24 43.8965 -5.25 64.7239 40.1452 -5.25 67.479
2 24 60.0886 -20.7142 81.8362 70.019 -20.6978 74.5842
2 24 43.8965 -5.25 64.7239 47.9274 -5.25 60.8732
2 24 70.019 -20.6978 74.5842 60.0886 -20.7142 81.8362
2 24 70.019 -20.6978 74.5842 78.5595 -20.7032 65.0991
2 24 47.9274 -5.25 60.8732 52.5622 -5.25 55.0581
2 24 70.019 -20.6978 74.5842 78.5595 -20.7032 65.0991
2 24 89.2289 -20.6795 38.0856 87.8587 -20.7086 45.7162
2 24 89.2289 -20.6795 38.0856 87.8587 -20.7086 45.7162
2 24 59.5754 -5.25 36.2724 58.5145 -5.25 42.0701
2 24 87.8587 -20.7086 45.7162 84.4325 -20.7439 55.2467
2 24 87.8587 -20.7086 45.7162 84.4325 -20.7439 55.2467
2 24 58.5145 -5.25 42.0701 55.9793 -5.25 48.884
2 24 78.5595 -20.7032 65.0991 84.4325 -20.7439 55.2467
2 24 52.5622 -5.25 55.0581 55.9793 -5.25 48.884
2 24 78.5595 -20.7032 65.0991 84.4325 -20.7439 55.2467
2 24 16.8132 0 69.4262 21.5 0 68.3009
2 24 34.8156 -20.7478 89.8067 41.3692 -20.695 88.8593
2 24 21.5 0 68.3009 29.485 -2.0501 68.1084
2 24 41.3692 -20.695 88.8593 50.4852 -20.6876 86.3223
2 24 41.3692 -20.695 88.8593 50.4852 -20.6876 86.3223
2 24 29.485 -2.0501 68.1084 36.8497 -4.4578 68.1396
2 24 40.1452 -5.25 67.479 36.8497 -4.4578 68.1396
2 24 60.0886 -20.7142 81.8362 50.4852 -20.6876 86.3223
2 24 60.0886 -20.7142 81.8362 50.4852 -20.6876 86.3223
2 24 30 -75.2412 89.8953 30.0636 -57.101 89.9997
2 24 30.0636 -57.101 89.9997 30 -75.2412 89.8953
2 24 30.0636 -57.101 89.9997 30 -38.8953 89.9402
2 24 30.0636 -57.101 89.9997 30 -38.8953 89.9402
2 24 -10 -24 70 -10 -24 78.75
2 24 -7.5 -24 72.102 -7.5 -24 78.75
2 24 34.8156 -20.7478 89.8067 28.3037 -20.7 90
2 24 16.8132 0 69.4262 8.2697 0 70
2 24 28.3037 -20.7 90 -10 -20.7 90
2 24 -10 -20.7 90 -10 -10.35 80
2 24 -10 -24 70 -10 -24 60.3125
2 24 -7.5 -24 64.4057 -7.5 -24 60.7311
2 24 -10 -24 90 9.7853 -24 90
2 24 -10 -20.7 90 -10 -24 90
2 24 30 -24 87.5 30 -24 90
2 24 30 -38.8953 89.9402 30 -24 90
2 24 34.8156 -20.7478 89.8067 28.3037 -20.7 90
2 24 30 -24 87.5 30 -24 90
2 24 19.4687 -24 87.5 30 -24 87.5
2 24 9.7853 -24 90 30 -24 90
2 24 -7.5 -24 60.7311 -7.5 -24 52.5
2 24 -10 -24 60.3125 -10 -24 50
2 24 30.082 -8 70 10 -8 70
2 24 10 -24 70 10 -8 70
2 24 10 -7.0136 67.9959 10 -6.75 70.0036
2 24 8 -7.0136 67.9959 8 -6.75 70.0036
2 24 10 -7.0145 72.0076 10 -6.75 70.0036
2 24 10 -14.5 77.75 10 -12.4942 77.4859
2 24 10 -10.625 76.7117 10 -9.0199 75.4801
2 24 10 -7.0145 72.0076 10 -7.7883 73.875
2 24 10 -12.4942 77.4859 10 -10.625 76.7117
2 24 10 -9.0199 75.4801 10 -7.7883 73.875
2 24 10 -7.0136 67.9959 10 -6.75 70.0036
2 24 10 -8 67.7662 10 -8 70
2 24 10 -8 70 10 -24 70
2 24 10 -24 70 10 -24 77.917
2 24 10 -14.5 77.75 10 -24 77.917
2 24 10 -14.5 77.75 10 -24 77.917
2 24 10 -24 77.917 8 -24 77.917
2 24 8 -14.5 77.75 8 -24 77.917
2 24 10 -14.5 77.75 10 -12.4942 77.4859
2 24 8 -14.5 77.75 8 -12.4942 77.4859
2 24 10 -12.4942 77.4859 10 -10.625 76.7117
2 24 8 -12.4942 77.4859 8 -10.625 76.7117
2 24 10 -10.625 76.7117 10 -9.0199 75.4801
2 24 8 -10.625 76.7117 8 -9.0199 75.4801
2 24 10 -9.0199 75.4801 10 -7.7883 73.875
2 24 8 -9.0199 75.4801 8 -7.7883 73.875
2 24 10 -7.7883 73.875 10 -7.0145 72.0076
2 24 8 -7.7883 73.875 8 -7.0145 72.0076
2 24 10 -6.75 70.0036 10 -7.0145 72.0076
2 24 8 -6.75 70.0036 8 -7.0145 72.0076
2 24 8 -9.0199 64.5199 8 -10.625 63.2883
2 24 10 -9.0199 64.5199 10 -10.625 63.2883
2 24 10 -9.0199 64.5199 10 -10.625 63.2883
2 24 10 -10.625 63.2883 10 -12.4936 62.5119
2 24 8 -10.625 63.2883 8 -12.4936 62.5119
2 24 10 -10.625 63.2883 10 -12.4936 62.5119
2 24 10 -12.4936 62.5119 10 -14.5 62.25
2 24 8 -12.4936 62.5119 8 -14.5 62.25
2 24 10 -12.4936 62.5119 10 -14.5 62.25
2 24 10 -24 62.083 10 -24 50
2 24 10 -14.5 62.25 10 -24 62.083
2 24 10 -8 50 10 -24 50
2 24 10 -14.5 62.25 10 -24 62.083
2 24 10 -24 62.083 8 -24 62.083
2 24 8 -14.5 62.25 8 -24 62.083
2 24 5.4039 -24 63.1378 5.4 -24 66.1196
2 24 10 -8 66.8169 10 -8 65.8676
2 24 10 -7.7883 66.125 10 -8 65.8676
2 24 8 -7.7883 66.125 8 -7.0136 67.9959
2 24 10 -7.0136 67.9959 10 -7.7883 66.125
2 24 30 -24.7301 72.8217 30 -24 72.75
2 24 33.375 -24 72.75 30 -24 72.75
2 24 30 -24 72.75 30 -24 72.5
2 24 30 -24 72.75 33.375 -24 72.75
2 24 33.375 -24 72.75 33.375 -24 70
2 24 12.225 -24 72.5 21.6036 -24 72.5
2 24 30 -24 72.5 30 -8.8686 72.5
2 24 21.6036 -24 72.5 30 -24 72.5
2 24 21.6036 -7.435 72.5 30 -8.8686 72.5
2 24 30 -24 72.5 21.6036 -24 72.5
2 24 33.375 -24 70 10 -24 70
2 24 12.225 -24 72.5 12.225 -24 80
2 24 10 -24 70 10 -24 77.917
2 24 12.225 -24 80 12.225 -14.8905 80
2 24 12.225 -11.9637 77.1875 12.225 -14.8905 80
2 24 5.7742 -28.45 77.6154 6.25 -28.45 80.0072
2 24 6.037 -24 78.3896 6.25 -24 80.0036
2 24 6.037 -24 78.3896 5.4013 -24 76.8629
2 24 5.7742 -28.45 77.6154 4.4194 -28.45 75.5878
2 24 6.25 -24 80.0036 6.25 -14.8905 80.0024
2 24 5.7248 -17.3596 82.3785 6.25 -14.8905 80.0024
2 24 8 -24 70.0036 8 -24 73.875
2 24 5.4 -24 73.8876 5.4 -24 71.9921
2 24 5.4 -24 70.0036 5.4 -24 71.9921
2 24 5.4012 -24 76.206 5.4 -24 73.8876
2 24 5.4 -21.8639 75.6015 5.4 -22.8951 73.8876
2 24 6.25 -24 60 6.25 -13.5 60
2 24 6.25 -13.5 60 5.7742 -13.5 57.6082
2 24 -7.5 -24 66.1196 -7.5 -24 64.4057
2 24 7.5 -24 60 6.25 -24 60
2 24 7.5 -24 60 7.5 -13.5 60
2 24 6.25 -24 60 6.25 -13.5 60
2 24 7.5 -13.5 60 6.25 -13.5 60
2 24 -7.5 -24 64.4057 -7.5 -24 60.7311
2 24 -7.5 -21.8639 64.4057 -7.5 -19.6606 62.3924
2 24 -7.5 -24 60.7311 -7.5 -24 52.5
2 24 -7.5 -24 52.5 -7.5 -13.5 52.5
2 24 -7.5 -13.5 52.5 -7.5 -13.5 60.7311
2 24 -7.5 -16.9746 61.0908 -7.5 -13.5 60.7311
2 24 -7.5 -19.6606 62.3924 -7.5 -16.9746 61.0908
2 24 7.5 -13.5 60 7.5 -13.5 52.5
2 24 7.5 -13.5 60 7.5 -24 60
2 24 7.5 -13.5 52.5 7.5 -24 52.5
2 24 7.5 -24 60 7.5 -24 52.5
2 24 8 -24 62.083 10 -24 62.083
2 24 6.25 -24 60 7.5 -24 60
2 24 5.4 -21.8639 64.4057 5.4 -20.6663 63.1415
2 24 4.4247 -21.868 64.4126 5.4 -20.6663 63.1415
2 24 -7.5 -24 87.5 1.3728 -24 87.5
2 24 9.7853 -24 90 -10 -24 90
2 24 12.1906 -24 87.5 1.3728 -24 87.5
2 24 -7.5 -23.5337 71.9921 -7.5 -22.8951 73.8876
2 24 -7.5 -24 78.75 -7.5 -24 72.102
2 24 7.5 -24 52.5 -7.5 -24 52.5
2 24 10 -24 50 -10 -24 50
2 24 36.3966 -8 30 35.5396 -8 33.1983
2 24 49.9902 -8 30 50.4541 -8 32.7718
2 24 35.5396 -8 33.1983 33.1983 -8 35.5396
2 24 33.1983 -8 35.5396 30 -8 36.3966
2 24 30 -8 36.3966 26.8017 -8 35.5396
2 24 26.8017 -8 35.5396 24.4604 -8 33.1983
2 24 23.6034 -8 30 24.4604 -8 33.1983
2 24 10 -8 65.8676 10 -8 66.8169
2 24 10 -8 50 10 -8 65.8676
2 24 71.4929 -96 87.7185 42.2652 -96 89.7829
2 24 65.181 -96 85.103 42.6356 -96 86.8731
2 24 30 -93.3006 79.7282 30 -58.6503 76.2391
2 24 33.375 -93.3006 79.7282 33.375 -58.6503 76.2391
2 24 190 -96 30 188.6312 -96 37.0641
2 24 185.0311 -96 30 183.9847 -96 35.8382
2 24 188.6312 -96 37.0641 183.6539 -96 46.1401
2 24 183.9847 -96 35.8382 179.9608 -96 43.6871
2 24 183.6539 -96 46.1401 175.431 -96 54.6437
2 24 179.9608 -96 43.6871 172.83 -96 51.3744
2 24 175.431 -96 54.6437 163.2323 -96 62.8655
2 24 172.83 -96 51.3744 161.1903 -96 59.3271
2 24 163.2323 -96 62.8655 150.6337 -96 69.0948
2 24 161.1903 -96 59.3271 149.2671 -96 65.3081
2 24 150.6337 -96 69.0948 134.8994 -96 74.9612
2 24 149.2671 -96 65.3081 134.0378 -96 71.2053
2 24 134.8994 -96 74.9612 117.0361 -96 80.1072
2 24 134.0378 -96 71.2053 116.6796 -96 76.3969
2 24 117.0361 -96 80.1072 95.0855 -96 84.4662
2 24 116.6796 -96 76.3969 94.848 -96 81.0003
2 24 71.4929 -96 87.7185 95.0855 -96 84.4662
2 24 65.181 -96 85.103 94.848 -96 81.0003
2 24 30 -93.3006 79.7282 30 -94.3494 80.041
2 24 30 -93.3006 79.7282 30 -94.3494 80.041
2 24 33.375 -93.3006 79.7282 33.375 -94.3494 80.041
2 24 30 -94.3494 80.041 30 -95.2372 80.6897
2 24 30 -94.3494 80.041 30 -95.2372 80.6897
2 24 33.375 -94.3494 80.041 33.375 -95.2372 80.6897
2 24 30 -95.2372 80.6897 30 -96 81.6352
2 24 30 -95.2372 80.6897 30 -96 81.6352
2 24 33.375 -95.2372 80.6897 33.375 -96 81.6352
2 24 30 -96 81.6352 30 -96 82.7131
2 24 30 -96 81.6352 30 -96 82.7131
2 24 33.375 -96 81.6352 33.375 -96 82.7131
2 24 30 -24.7301 72.8217 30 -58.6503 76.2391
2 24 33.375 -24 72.75 33.375 -58.6503 76.2391
2 24 30 -24.7301 72.8217 30 -58.6503 76.2391
2 24 42.6356 -96 86.8731 33.375 -96 86.9374
2 24 42.2652 -96 89.7829 30 -96 90
2 24 30.1344 -92.7215 89.9998 30 -96 90
2 24 30 -96 82.7131 30 -96 90
2 24 30 -96 82.7131 30 -96 90
2 24 33.375 -96 82.7131 33.375 -96 86.9374
2 24 30 -75.2412 89.8953 30.1344 -92.7215 89.9998
2 24 189.995 -92.7215 30 188.6362 -92.7215 37.031
2 24 190 -96 30 188.6312 -96 37.0641
2 24 189.995 -92.7215 30 188.6362 -92.7215 37.031
2 24 188.6362 -92.7215 37.031 183.673 -92.7215 46.1159
2 24 188.6312 -96 37.0641 183.6539 -96 46.1401
2 24 188.6362 -92.7215 37.031 183.673 -92.7215 46.1159
2 24 183.673 -92.7215 46.1159 175.4553 -92.7215 54.625
2 24 183.6539 -96 46.1401 175.431 -96 54.6437
2 24 183.673 -92.7215 46.1159 175.4553 -92.7215 54.625
2 24 175.4553 -92.7215 54.625 163.26 -92.7215 62.8523
2 24 175.431 -96 54.6437 163.2323 -96 62.8655
2 24 175.4553 -92.7215 54.625 163.26 -92.7215 62.8523
2 24 163.26 -92.7215 62.8523 150.6641 -92.7215 69.0875
2 24 163.2323 -96 62.8655 150.6337 -96 69.0948
2 24 163.26 -92.7215 62.8523 150.6641 -92.7215 69.0875
2 24 150.6641 -92.7215 69.0875 134.9299 -92.7215 74.9547
2 24 150.6337 -96 69.0948 134.8994 -96 74.9612
2 24 150.6641 -92.7215 69.0875 134.9299 -92.7215 74.9547
2 24 134.9299 -92.7215 74.9547 117.0682 -92.7215 80.1064
2 24 134.8994 -96 74.9612 117.0361 -96 80.1072
2 24 134.9299 -92.7215 74.9547 117.0682 -92.7215 80.1064
2 24 117.0682 -92.7215 80.1064 95.1176 -92.7215 84.4649
2 24 117.0361 -96 80.1072 95.0855 -96 84.4662
2 24 117.0682 -92.7215 80.1064 95.1176 -92.7215 84.4649
2 24 95.1176 -92.7215 84.4649 71.525 -92.7215 88.4001
2 24 95.0855 -96 84.4662 71.4929 -96 87.7185
2 24 95.1176 -92.7215 84.4649 71.525 -92.7215 88.4001
2 24 71.525 -92.7215 88.4001 42.2735 -92.7215 89.786
2 24 71.4929 -96 87.7185 42.2652 -96 89.7829
2 24 71.525 -92.7215 88.4001 42.2735 -92.7215 89.786
2 24 42.2652 -96 89.7829 30 -96 90
2 24 30 -96 90 30.1344 -92.7215 89.9998
2 24 30 -75.2412 89.8953 30.1344 -92.7215 89.9998
2 24 185.0087 -93.6253 30 184.0112 -93.5642 35.708
2 24 185.0311 -96 30 183.9847 -96 35.8382
2 24 185.0087 -93.6253 30 184.0112 -93.5642 35.708
2 24 33.375 -93.3006 79.7282 33.375 -94.3494 80.041
2 24 33.375 -89.8897 86.8379 33.375 -77.4437 86.7337
2 24 184.0112 -93.5642 35.708 179.9335 -93.3778 43.6385
2 24 184.0112 -93.5642 35.708 179.9335 -93.3778 43.6385
2 24 183.9847 -96 35.8382 179.9608 -96 43.6871
2 24 179.9335 -93.3778 43.6385 172.7332 -93.1894 51.4015
2 24 179.9335 -93.3778 43.6385 172.7332 -93.1894 51.4015
2 24 179.9608 -96 43.6871 172.83 -96 51.3744
2 24 172.7332 -93.1894 51.4015 160.9694 -92.8884 59.4092
2 24 172.7332 -93.1894 51.4015 160.9694 -92.8884 59.4092
2 24 172.83 -96 51.3744 161.1903 -96 59.3271
2 24 160.9694 -92.8884 59.4092 148.9407 -92.4992 65.392
2 24 160.9694 -92.8884 59.4092 148.9407 -92.4992 65.392
2 24 161.1903 -96 59.3271 149.2671 -96 65.3081
2 24 148.9407 -92.4992 65.392 133.6635 -91.8524 71.2474
2 24 148.9407 -92.4992 65.392 133.6635 -91.8524 71.2474
2 24 149.2671 -96 65.3081 134.0378 -96 71.2053
2 24 133.6635 -91.8524 71.2474 116.1098 -90.9698 76.4906
2 24 133.6635 -91.8524 71.2474 116.1098 -90.9698 76.4906
2 24 134.0378 -96 71.2053 116.6796 -96 76.3969
2 24 116.1098 -90.9698 76.4906 94.0461 -90.0068 81.1033
2 24 116.1098 -90.9698 76.4906 94.0461 -90.0068 81.1033
2 24 116.6796 -96 76.3969 94.848 -96 81.0003
2 24 94.848 -96 81.0003 65.181 -96 85.103
2 24 65.181 -96 85.103 42.6356 -96 86.8731
2 24 33.375 -77.4437 86.7337 33.375 -89.8897 86.8379
2 24 42.6356 -96 86.8731 33.375 -96 86.9374
2 24 33.375 -89.8897 86.8379 33.375 -96 86.9374
2 24 53.8429 -24.159 81.5129 66.2837 -24.031 73.5841
2 24 53.8429 -24.159 81.5129 66.2837 -24.031 73.5841
2 24 33.4005 -18.7979 80.7324 33.375 -24.3782 86.2523
2 24 33.375 -24.3782 86.2523 41.272 -24.1008 85.4299
2 24 77.7634 -24.0818 60.6613 84.8049 -24.0262 44.2064
2 24 77.7634 -24.0818 60.6613 84.8049 -24.0262 44.2064
2 24 86.818 -23.9544 30 84.8049 -24.0262 44.2064
2 24 86.818 -23.9544 30 84.8049 -24.0262 44.2064
2 24 66.2837 -24.031 73.5841 77.7634 -24.0818 60.6613
2 24 66.2837 -24.031 73.5841 77.7634 -24.0818 60.6613
2 24 53.8429 -24.159 81.5129 41.272 -24.1008 85.4299
2 24 53.8429 -24.159 81.5129 41.272 -24.1008 85.4299
2 24 33.4005 -18.7979 80.7324 33.375 -24.3782 86.2523
2 24 33.3806 -36.748 86.5043 33.375 -24.3782 86.2523
2 24 33.375 -58.6503 76.2391 33.375 -24 72.75
2 24 41.272 -24.1008 85.4299 33.375 -24.3782 86.2523
2 24 33.3806 -36.748 86.5043 33.375 -24.3782 86.2523
2 24 -10 0 70 8.2697 0 70
2 24 -1.5 0 67.5 -6.25 0 67.5
2 24 1.5 0 67.5 7 0 67.5
2 24 40.1452 -5.25 67.479 43.8965 -5.25 64.7239
2 24 -10 -7.7883 73.875 -10 -6.75 70.0036
2 24 -10 -7.7883 66.125 -10 -6.75 70.0036
2 24 8.2697 0 70 -10 0 70
2 24 -10 -10.35 80 -10 0 70
2 24 -10 -10.625 76.7117 -10 -7.7883 73.875
2 24 -10 -10.35 80 -10 0 70
2 24 -10 0 50 -10 0 70
2 24 -6.25 0 67.5 -6.25 0 51.4172
2 24 -10 0 70 -10 0 50
2 24 35.7452 -5.25 35.7452 37.5065 -5.25 33.1093
2 24 58.5145 -5.25 42.0701 59.5754 -5.25 36.2724
2 24 35.7452 -5.25 35.7452 33.1093 -5.25 37.5065
2 24 58.5145 -5.25 42.0701 55.9793 -5.25 48.884
2 24 47.9274 -5.25 60.8732 52.5622 -5.25 55.0581
2 24 43.8965 -5.25 64.7239 47.9274 -5.25 60.8732
2 24 40.1452 -5.25 67.479 29.3137 -5.25 67.479
2 24 -6.25 0 30 -6.25 0 51.4172
2 24 -6.25 -5.25 30 -6.25 -5.25 53
2 24 -6.25 -10.5 61.6596 -6.25 -8.8259 62.6835
2 24 -6.25 -10.5 61.6596 6.9784 -10.5 61.6596
2 24 6.9784 -10.5 61.6596 6.9784 -8.8259 62.6835
2 24 -6.25 -7.4124 64.0448 -6.25 -8.8259 62.6835
2 24 18.5 -5.25 67.4824 18.5 -5.25 65.9746
2 24 18.5 -5.25 67.4824 6.9784 -5.25 67.5
2 24 6.9784 -5.25 67.5 6.9784 -5.25 65.3019
2 24 18.5 0 67.4824 18.5 -5.25 67.4824
2 24 18.5 0 67.4824 7 0 67.5
2 24 18.5 -5.25 67.4824 6.9784 -5.25 67.5
2 24 18.5 -5.25 65.9746 18.5 -5.25 67.4824
2 24 18.5 -5.25 65.9746 18.5 0 66.0125
2 24 18.5 -5.25 67.4824 18.5 0 67.4824
2 24 18.5 0 66.0125 18.5 0 67.4824
2 24 21.5 -5.25 65.9746 18.5 -5.25 65.9746
2 24 21.5 -5.25 65.9746 21.5 0 66.0125
2 24 18.5 -5.25 65.9746 18.5 0 66.0125
2 24 21.5 0 66.0125 18.5 0 66.0125
2 24 21.5 0 66.0125 18.5 0 66.0125
2 24 21.5 0 66.0125 21.4985 0 67.479
2 24 18.5 0 66.0125 18.5 0 67.4824
2 24 21.5 -5.25 65.9746 21.5 0 66.0125
2 24 21.5 -5.25 65.9746 21.5 -5.25 67.479
2 24 21.5 0 66.0125 21.4985 0 67.479
2 24 21.5 -5.25 67.479 21.4985 0 67.479
2 24 29.3602 -2.0326 67.479 36.4884 -4.1697 67.479
2 24 36.4884 -4.1697 67.479 40.1452 -5.25 67.479
2 24 29.3137 -5.25 67.479 40.1452 -5.25 67.479
2 24 10 -8 70 10 -8 67.7662
2 24 30.082 -8 70 10 -8 70
2 24 21.5 0 68.3009 16.8132 0 69.4262
2 24 31.4103 -8 68.1343 30.082 -8 70
2 24 10 -8 66.8169 10 -8 67.7662
2 24 -6.25 0 30 -6.25 0 51.4172
2 24 -10 0 30 -10 0 50
2 24 6.9784 -6.3049 65.67 6.9784 -7.4124 64.0448
2 24 6.9784 -5.25 65.3019 6.9784 -5.25 57.5361
2 24 6.9784 -7.4124 64.0448 6.9784 -8.8259 62.6835
2 24 6.9784 -5.25 57.5361 6.9784 -10.5 57.5361
2 24 6.9784 -8.8259 62.6835 6.9784 -10.5 61.6596
2 24 6.9784 -10.5 57.5361 6.9784 -10.5 61.6596
2 24 -6.25 0 67.5 -6.25 -5.5942 67.5
2 24 -6.25 -6.3049 65.67 -6.25 -5.5942 67.5
2 24 -6.25 -7.4124 64.0448 -6.25 -6.3049 65.67
2 24 -6.25 -7.4124 64.0448 -6.25 -6.3049 65.67
2 24 6.9784 -7.4124 64.0448 6.9784 -6.3049 65.67
2 24 -6.25 -8.8259 62.6835 -6.25 -7.4124 64.0448
2 24 6.9784 -8.8259 62.6835 6.9784 -7.4124 64.0448
2 24 8.2697 0 70 16.8132 0 69.4262
2 24 7 0 67.5 18.5 0 67.4824
2 24 29.3137 -5.25 67.479 21.5 -5.25 67.479
2 24 21.5 -5.25 67.479 21.4985 0 67.479
2 24 29.3602 -2.0326 67.479 21.4985 0 67.479
2 24 60.1703 -5.25 30 59.5754 -5.25 36.2724
2 24 38.125 -5.25 30 37.5065 -5.25 33.1093
2 24 21.875 -5.25 30 22.4935 -5.25 33.1093
2 24 21.875 0 30 22.4935 0 33.1093
2 24 22.4935 -5.25 33.1093 24.2548 -5.25 35.7453
2 24 22.4935 0 33.1093 24.2548 0 35.7453
2 24 24.2548 -5.25 35.7453 26.8907 -5.25 37.5065
2 24 24.2548 0 35.7453 26.8907 0 37.5065
2 24 26.8907 -5.25 37.5065 30 -5.25 38.125
2 24 26.8907 0 37.5065 30 0 38.125
2 24 55.9793 -5.25 48.884 52.5622 -5.25 55.0581
2 24 30 -5.25 38.125 33.1093 -5.25 37.5065
2 24 30 0 38.125 33.1093 0 37.5065
2 24 33.1093 -5.25 37.5065 30 -5.25 38.125
2 24 33.1093 -5.25 37.5065 35.7452 -5.25 35.7452
2 24 33.1093 0 37.5065 35.7452 0 35.7452
2 24 35.7452 -5.25 35.7452 37.5065 -5.25 33.1093
2 24 35.7452 0 35.7452 37.5065 0 33.1093
2 24 38.125 0 30 37.5065 0 33.1093
2 24 38.125 -5.25 30 37.5065 -5.25 33.1093
2 24 15.5396 -5.375 53.1983 13.1983 -5.375 55.5396
2 24 15.5396 0 53.1983 13.1983 0 55.5396
2 24 13.1983 -5.375 55.5396 15.5396 -5.375 53.1983
2 24 13.1983 -5.375 55.5396 10 -5.375 56.3966
2 24 13.1983 0 55.5396 10 0 56.3966
2 24 13.1983 -5.375 55.5396 10 -5.375 56.3966
2 24 10 -5.375 56.3966 6.8017 -5.375 55.5396
2 24 10 0 56.3966 6.8017 0 55.5396
2 24 10 -5.375 56.3966 6.8017 -5.375 55.5396
2 24 6.8017 -5.375 55.5396 4.4604 -5.375 53.1983
2 24 6.8017 0 55.5396 4.4604 0 53.1983
2 24 6.8017 -5.375 55.5396 4.4604 -5.375 53.1983
2 24 4.4604 -5.375 53.1983 3.6034 -5.375 50
2 24 4.4604 0 53.1983 3.6034 0 50
2 24 4.4604 -5.375 53.1983 3.6034 -5.375 50
2 24 3.6034 -5.375 50 4.4604 -5.375 46.8017
2 24 3.6034 0 50 4.4604 0 46.8017
2 24 3.6034 -5.375 50 4.4604 -5.375 46.8017
2 24 4.4604 -5.375 46.8017 6.8017 -5.375 44.4604
2 24 4.4604 0 46.8017 6.8017 0 44.4604
2 24 4.4604 -5.375 46.8017 6.8017 -5.375 44.4604
2 24 6.8017 -5.375 44.4604 10 -5.375 43.6034
2 24 6.8017 0 44.4604 10 0 43.6034
2 24 6.8017 -5.375 44.4604 10 -5.375 43.6034
2 24 10 -5.375 43.6034 13.1983 -5.375 44.4604
2 24 10 0 43.6034 13.1983 0 44.4604
2 24 10 -5.375 43.6034 13.1983 -5.375 44.4604
2 24 13.1983 -5.375 44.4604 15.5396 -5.375 46.8017
2 24 13.1983 0 44.4604 15.5396 0 46.8017
2 24 13.1983 -5.375 44.4604 15.5396 -5.375 46.8017
2 24 15.5396 -5.375 46.8017 16.3966 -5.375 50
2 24 15.5396 0 46.8017 16.3966 0 50
2 24 15.5396 -5.375 46.8017 16.3966 -5.375 50
2 24 15.5396 -5.375 53.1983 16.3966 -5.375 50
2 24 15.5396 -5.375 53.1983 16.3966 -5.375 50
2 24 15.5396 0 53.1983 16.3966 0 50
2 24 1.875 -5.25 50 2.4935 -5.25 46.8907
2 24 1.875 0 50 2.4935 0 46.8907
2 24 6.9784 -5.25 65.3019 6.9784 -5.25 57.5361
2 24 6.9784 -5.25 57.5361 10 -5.25 58.125
2 24 30 -5.25 38.125 26.8907 -5.25 37.5065
2 24 18.125 -5.25 50 17.5065 -5.25 46.8907
2 24 18.125 0 50 17.5065 0 46.8907
2 24 26.8907 -5.25 37.5065 24.2548 -5.25 35.7453
2 24 18.125 -5.25 50 17.5065 -5.25 46.8907
2 24 17.5065 0 46.8907 15.7452 0 44.2548
2 24 17.5065 -5.25 46.8907 15.7452 -5.25 44.2548
2 24 24.2548 -5.25 35.7453 22.4935 -5.25 33.1093
2 24 17.5065 -5.25 46.8907 15.7452 -5.25 44.2548
2 24 15.7452 -5.25 44.2548 13.1093 -5.25 42.4935
2 24 15.7452 0 44.2548 13.1093 0 42.4935
2 24 21.875 -5.25 30 22.4935 -5.25 33.1093
2 24 15.7452 -5.25 44.2548 13.1093 -5.25 42.4935
2 24 13.1093 -5.25 42.4935 10 -5.25 41.875
2 24 13.1093 -5.25 42.4935 10 -5.25 41.875
2 24 13.1093 0 42.4935 10 0 41.875
2 24 10 -5.25 41.875 6.8907 -5.25 42.4935
2 24 10 -5.25 41.875 6.8907 -5.25 42.4935
2 24 10 0 41.875 6.8907 0 42.4935
2 24 6.8907 -5.25 42.4935 4.2548 -5.25 44.2548
2 24 6.8907 -5.25 42.4935 4.2548 -5.25 44.2548
2 24 6.8907 0 42.4935 4.2548 0 44.2548
2 24 4.2548 -5.25 44.2548 2.4935 -5.25 46.8907
2 24 2.4935 -5.25 46.8907 4.2548 -5.25 44.2548
2 24 2.4935 0 46.8907 4.2548 0 44.2548
2 24 2.4935 -5.25 46.8907 1.875 -5.25 50
2 24 -6.25 -5.25 30 -6.25 -5.25 53
2 24 2.4935 0 53.1093 1.875 0 50
2 24 2.4702 -5.25 53.0524 1.875 -5.25 50
2 24 1.875 -5.25 50 2.4702 -5.25 53.0524
2 24 -6.25 -5.25 53 2.4702 -5.25 53.0524
2 24 6.9784 -5.25 57.5361 10 -5.25 58.125
2 24 6.8907 0 57.5065 10 0 58.125
2 24 10 -5.25 58.125 13.1093 -5.25 57.5065
2 24 10 -5.25 58.125 13.1093 -5.25 57.5065
2 24 10 0 58.125 13.1093 0 57.5065
2 24 13.1093 -5.25 57.5065 15.7452 -5.25 55.7452
2 24 13.1093 0 57.5065 15.7452 0 55.7452
2 24 15.7452 -5.25 55.7452 17.5065 -5.25 53.1093
2 24 15.7452 0 55.7452 17.5065 0 53.1093
2 24 18.5 -5.25 65.9746 21.5 -5.25 65.9746
2 24 15.7452 -5.25 55.7452 17.5065 -5.25 53.1093
2 24 18.125 -5.25 50 17.5065 -5.25 53.1093
2 24 18.125 -5.25 50 17.5065 -5.25 53.1093
2 24 18.125 0 50 17.5065 0 53.1093
2 24 -6.25 -10.5 61.6596 6.9784 -10.5 61.6596
2 24 6.9784 -10.5 57.5361 6.9784 -10.5 61.6596
2 24 -6.25 -10.5 61.6596 -6.25 -10.5 53
2 24 -6.25 -10.5 53 2.4702 -10.5 53.0524
2 24 2.4702 -10.5 53.0524 2.4702 -5.25 53.0524
2 24 2.4702 -10.5 53.0524 -6.25 -10.5 53
2 24 2.4702 -5.25 53.0524 -6.25 -5.25 53
2 24 -6.25 -10.5 53 -6.25 -5.25 53
2 24 6.9784 -10.5 57.5361 4.2548 -10.5 55.7452
2 24 2.4702 -10.5 53.0524 4.2548 -10.5 55.7452
2 24 6.9784 -5.25 65.3019 6.9784 -5.25 67.5
2 24 6.9784 -6.3049 65.67 6.9784 -5.5942 67.5
2 24 6.9784 -5.25 67.5 6.9784 -5.5942 67.5
2 24 29.485 -2.0501 68.1084 21.5 0 68.3009
2 24 29.3602 -2.0326 67.479 21.4985 0 67.479
2 24 30 -58.6503 76.2391 30 -93.3006 79.7282
2 24 156.4705 -100.45 42.0378 155.9245 -100.45 40
2 24 154.2257 -100.45 42.3918 153.75 -100.45 40
2 24 162.0377 -100.45 43.5295 160 -100.45 44.0755
2 24 162.3918 -100.45 45.7743 160 -100.45 46.25
2 24 165.7742 -100.45 37.6082 164.4194 -100.45 35.5806
2 24 164.4194 -100.45 35.5806 162.3918 -100.45 34.2258
2 24 163.5295 -100.45 37.9623 162.0377 -100.45 36.4705
2 24 157.9622 -100.45 36.4705 156.4705 -100.45 37.9623
2 24 155.5806 -100.45 35.5806 154.2257 -100.45 37.6082
2 24 157.9622 -100.45 36.4705 160 -100.45 35.9245
2 24 157.6082 -100.45 34.2258 160 -100.45 33.75
2 24 163.5295 -100.45 42.0378 164.0755 -100.45 40
2 24 165.7742 -100.45 42.3918 166.25 -100.45 40
2 24 162.0377 -100.45 43.5295 163.5295 -100.45 42.0378
2 24 165.7742 -100.45 42.3918 164.4194 -100.45 44.4194
2 24 160 -100.45 46.25 157.6082 -100.45 45.7743
2 24 160 -100.45 44.0755 157.9622 -100.45 43.5295
2 24 163.5295 -100.45 37.9623 164.0755 -100.45 40
2 24 165.7742 -100.45 37.6082 166.25 -100.45 40
2 24 157.6082 -100.45 45.7743 155.5806 -100.45 44.4194
2 24 156.4705 -100.45 42.0378 157.9622 -100.45 43.5295
2 24 154.2257 -100.45 42.3918 155.5806 -100.45 44.4194
2 24 155.9245 -95.45 40 156.4705 -95.45 42.0378
2 24 155.9245 -100.45 40 156.4705 -100.45 42.0378
2 24 156.5 -95.45 40 156.9689 -95.45 41.75
2 24 155.9245 -95.45 40 156.4705 -95.45 42.0378
2 24 156.4705 -95.45 42.0378 157.9622 -95.45 43.5295
2 24 156.4705 -100.45 42.0378 157.9622 -100.45 43.5295
2 24 156.9689 -95.45 41.75 158.25 -95.45 43.0311
2 24 156.4705 -95.45 42.0378 157.9622 -95.45 43.5295
2 24 157.9622 -95.45 43.5295 160 -95.45 44.0755
2 24 157.9622 -100.45 43.5295 160 -100.45 44.0755
2 24 158.25 -95.45 43.0311 160 -95.45 43.5
2 24 157.9622 -95.45 43.5295 160 -95.45 44.0755
2 24 160 -95.45 44.0755 162.0377 -95.45 43.5295
2 24 160 -100.45 44.0755 162.0377 -100.45 43.5295
2 24 160 -95.45 43.5 161.75 -95.45 43.0311
2 24 160 -95.45 44.0755 162.0377 -95.45 43.5295
2 24 162.0377 -95.45 43.5295 163.5295 -95.45 42.0378
2 24 162.0377 -100.45 43.5295 163.5295 -100.45 42.0378
2 24 161.75 -95.45 43.0311 163.0311 -95.45 41.75
2 24 162.0377 -95.45 43.5295 163.5295 -95.45 42.0378
2 24 163.5295 -95.45 42.0378 164.0755 -95.45 40
2 24 163.5295 -100.45 42.0378 164.0755 -100.45 40
2 24 163.0311 -95.45 41.75 163.5 -95.45 40
2 24 163.5295 -95.45 42.0378 164.0755 -95.45 40
2 24 164.0755 -95.45 40 163.5295 -95.45 37.9623
2 24 164.0755 -100.45 40 163.5295 -100.45 37.9623
2 24 163.5 -95.45 40 163.0311 -95.45 38.25
2 24 164.0755 -95.45 40 163.5295 -95.45 37.9623
2 24 163.5295 -95.45 37.9623 162.0377 -95.45 36.4705
2 24 163.5295 -100.45 37.9623 162.0377 -100.45 36.4705
2 24 163.5295 -95.45 37.9623 162.0377 -95.45 36.4705
2 24 163.0311 -95.45 38.25 161.75 -95.45 36.9689
2 24 162.0377 -95.45 36.4705 160 -95.45 35.9245
2 24 162.0377 -100.45 36.4705 160 -100.45 35.9245
2 24 161.75 -95.45 36.9689 160 -95.45 36.5
2 24 162.0377 -95.45 36.4705 160 -95.45 35.9245
2 24 160 -95.45 35.9245 157.9622 -95.45 36.4705
2 24 160 -100.45 35.9245 157.9622 -100.45 36.4705
2 24 160 -95.45 36.5 158.25 -95.45 36.9689
2 24 160 -95.45 35.9245 157.9622 -95.45 36.4705
2 24 157.9622 -95.45 36.4705 156.4705 -95.45 37.9623
2 24 157.9622 -100.45 36.4705 156.4705 -100.45 37.9623
2 24 158.25 -95.45 36.9689 156.9689 -95.45 38.25
2 24 157.9622 -95.45 36.4705 156.4705 -95.45 37.9623
2 24 156.5 -95.45 40 156.9689 -95.45 38.25
2 24 155.9245 -95.45 40 156.4705 -95.45 37.9623
2 24 155.9245 -95.45 40 156.4705 -95.45 37.9623
2 24 155.9245 -100.45 40 156.4705 -100.45 37.9623
2 24 163.5557 -79.8734 40 163.0793 -80.1078 41.7779
2 24 163.5 -95.45 40 163.0311 -95.45 41.75
2 24 163.5557 -79.8734 40 163.0793 -80.1078 41.7779
2 24 163.0793 -80.1078 41.7779 161.7779 -79.6433 43.0794
2 24 163.0793 -80.1078 41.7779 161.7779 -79.6433 43.0794
2 24 163.0311 -95.45 41.75 161.75 -95.45 43.0311
2 24 161.7779 -79.6433 43.0794 160 -78.5167 43.5557
2 24 161.7779 -79.6433 43.0794 160 -78.5167 43.5557
2 24 161.75 -95.45 43.0311 160 -95.45 43.5
2 24 160 -78.5167 43.5557 158.2221 -77.0121 43.0794
2 24 160 -78.5167 43.5557 158.2221 -77.0121 43.0794
2 24 160 -95.45 43.5 158.25 -95.45 43.0311
2 24 158.2221 -77.0121 43.0794 156.9206 -75.5906 41.7779
2 24 158.2221 -77.0121 43.0794 156.9206 -75.5906 41.7779
2 24 158.25 -95.45 43.0311 156.9689 -95.45 41.75
2 24 156.9206 -75.5906 41.7779 156.4442 -74.6992 40
2 24 156.9206 -75.5906 41.7779 156.4442 -74.6992 40
2 24 156.9689 -95.45 41.75 156.5 -95.45 40
2 24 156.4442 -74.6992 40 156.9206 -74.6016 38.2221
2 24 156.4442 -74.6992 40 156.9206 -74.6016 38.2221
2 24 156.5 -95.45 40 156.9689 -95.45 38.25
2 24 156.9206 -74.6016 38.2221 158.2221 -75.2711 36.9206
2 24 156.9206 -74.6016 38.2221 158.2221 -75.2711 36.9206
2 24 156.9689 -95.45 38.25 158.25 -95.45 36.9689
2 24 158.2221 -75.2711 36.9206 160 -76.4534 36.4443
2 24 158.2221 -75.2711 36.9206 160 -76.4534 36.4443
2 24 158.25 -95.45 36.9689 160 -95.45 36.5
2 24 160 -76.4534 36.4443 161.7779 -77.8222 36.9206
2 24 160 -76.4534 36.4443 161.7779 -77.8222 36.9206
2 24 160 -95.45 36.5 161.75 -95.45 36.9689
2 24 161.7779 -77.8222 36.9206 163.0793 -79.0377 38.2221
2 24 161.7779 -77.8222 36.9206 163.0793 -79.0377 38.2221
2 24 161.75 -95.45 36.9689 163.0311 -95.45 38.25
2 24 163.5557 -79.8734 40 163.0793 -79.0377 38.2221
2 24 163.5 -95.45 40 163.0311 -95.45 38.25
2 24 163.5557 -79.8734 40 163.0793 -79.0377 38.2221
2 24 143.5558 -65.3124 40 143.0794 -65.4051 41.7779
2 24 143.5 -95.45 40 143.0311 -95.45 41.75
2 24 143.5558 -65.3124 40 143.0794 -65.4051 41.7779
2 24 143.0794 -65.4051 41.7779 141.7779 -64.8124 43.0794
2 24 143.0794 -65.4051 41.7779 141.7779 -64.8124 43.0794
2 24 143.0311 -95.45 41.75 141.75 -95.45 43.0311
2 24 141.7779 -64.8124 43.0794 140 -63.6238 43.5557
2 24 141.7779 -64.8124 43.0794 140 -63.6238 43.5557
2 24 141.75 -95.45 43.0311 140 -95.45 43.5
2 24 140 -63.6238 43.5557 138.2221 -62.1601 43.0794
2 24 140 -63.6238 43.5557 138.2221 -62.1601 43.0794
2 24 140 -95.45 43.5 138.25 -95.45 43.0311
2 24 138.2221 -62.1601 43.0794 136.9207 -60.8446 41.7779
2 24 138.2221 -62.1601 43.0794 136.9207 -60.8446 41.7779
2 24 138.25 -95.45 43.0311 136.9689 -95.45 41.75
2 24 136.9207 -60.8446 41.7779 136.4443 -60.1243 40
2 24 136.9207 -60.8446 41.7779 136.4443 -60.1243 40
2 24 136.9689 -95.45 41.75 136.5 -95.45 40
2 24 136.4443 -60.1243 40 136.9207 -60.1542 38.2221
2 24 136.4443 -60.1243 40 136.9207 -60.1542 38.2221
2 24 136.5 -95.45 40 136.9689 -95.45 38.25
2 24 136.9207 -60.1542 38.2221 138.2221 -60.8951 36.9206
2 24 136.9207 -60.1542 38.2221 138.2221 -60.8951 36.9206
2 24 136.9689 -95.45 38.25 138.25 -95.45 36.9689
2 24 138.2221 -60.8951 36.9206 140 -62.1279 36.4443
2 24 138.2221 -60.8951 36.9206 140 -62.1279 36.4443
2 24 138.25 -95.45 36.9689 140 -95.45 36.5
2 24 140 -62.1279 36.4443 141.7779 -63.4596 36.9206
2 24 140 -62.1279 36.4443 141.7779 -63.4596 36.9206
2 24 140 -95.45 36.5 141.75 -95.45 36.9689
2 24 141.7779 -63.4596 36.9206 143.0794 -64.6073 38.2221
2 24 141.7779 -63.4596 36.9206 143.0794 -64.6073 38.2221
2 24 141.75 -95.45 36.9689 143.0311 -95.45 38.25
2 24 143.5558 -65.3124 40 143.0794 -64.6073 38.2221
2 24 143.5558 -65.3124 40 143.0794 -64.6073 38.2221
2 24 143.5 -95.45 40 143.0311 -95.45 38.25
2 24 135.9245 -95.45 40 136.4705 -95.45 42.0378
2 24 135.9245 -100.45 40 136.4705 -100.45 42.0378
2 24 136.5 -95.45 40 136.9689 -95.45 41.75
2 24 135.9245 -95.45 40 136.4705 -95.45 42.0378
2 24 136.4705 -95.45 42.0378 137.9623 -95.45 43.5295
2 24 136.4705 -100.45 42.0378 137.9623 -100.45 43.5295
2 24 136.9689 -95.45 41.75 138.25 -95.45 43.0311
2 24 136.4705 -95.45 42.0378 137.9623 -95.45 43.5295
2 24 137.9623 -95.45 43.5295 140 -95.45 44.0755
2 24 137.9623 -100.45 43.5295 140 -100.45 44.0755
2 24 138.25 -95.45 43.0311 140 -95.45 43.5
2 24 137.9623 -95.45 43.5295 140 -95.45 44.0755
2 24 140 -95.45 44.0755 142.0378 -95.45 43.5295
2 24 140 -100.45 44.0755 142.0378 -100.45 43.5295
2 24 140 -95.45 43.5 141.75 -95.45 43.0311
2 24 140 -95.45 44.0755 142.0378 -95.45 43.5295
2 24 142.0378 -95.45 43.5295 143.5295 -95.45 42.0378
2 24 142.0378 -100.45 43.5295 143.5295 -100.45 42.0378
2 24 141.75 -95.45 43.0311 143.0311 -95.45 41.75
2 24 142.0378 -95.45 43.5295 143.5295 -95.45 42.0378
2 24 143.5295 -95.45 42.0378 144.0755 -95.45 40
2 24 143.5295 -100.45 42.0378 144.0755 -100.45 40
2 24 143.0311 -95.45 41.75 143.5 -95.45 40
2 24 143.5295 -95.45 42.0378 144.0755 -95.45 40
2 24 144.0755 -95.45 40 143.5295 -95.45 37.9623
2 24 144.0755 -100.45 40 143.5295 -100.45 37.9623
2 24 143.5 -95.45 40 143.0311 -95.45 38.25
2 24 144.0755 -95.45 40 143.5295 -95.45 37.9623
2 24 143.5295 -95.45 37.9623 142.0378 -95.45 36.4705
2 24 143.5295 -100.45 37.9623 142.0378 -100.45 36.4705
2 24 143.5295 -95.45 37.9623 142.0378 -95.45 36.4705
2 24 143.0311 -95.45 38.25 141.75 -95.45 36.9689
2 24 142.0378 -95.45 36.4705 140 -95.45 35.9245
2 24 142.0378 -100.45 36.4705 140 -100.45 35.9245
2 24 141.75 -95.45 36.9689 140 -95.45 36.5
2 24 142.0378 -95.45 36.4705 140 -95.45 35.9245
2 24 140 -95.45 35.9245 137.9623 -95.45 36.4705
2 24 140 -100.45 35.9245 137.9623 -100.45 36.4705
2 24 140 -95.45 36.5 138.25 -95.45 36.9689
2 24 140 -95.45 35.9245 137.9623 -95.45 36.4705
2 24 137.9623 -95.45 36.4705 136.4705 -95.45 37.9623
2 24 137.9623 -100.45 36.4705 136.4705 -100.45 37.9623
2 24 138.25 -95.45 36.9689 136.9689 -95.45 38.25
2 24 137.9623 -95.45 36.4705 136.4705 -95.45 37.9623
2 24 136.5 -95.45 40 136.9689 -95.45 38.25
2 24 135.9245 -95.45 40 136.4705 -95.45 37.9623
2 24 135.9245 -95.45 40 136.4705 -95.45 37.9623
2 24 135.9245 -100.45 40 136.4705 -100.45 37.9623
2 24 4.4194 -28.45 84.4266 5.7742 -28.45 82.399
2 24 5.7248 -17.3596 82.3785 4.4194 -19.4865 84.4266
2 24 5.7742 -28.45 82.399 4.4194 -28.45 84.4266
2 24 3.6806 -28.45 82.1322 2.125 -28.45 83.6878
2 24 4.4194 -28.45 84.4266 2.3918 -28.45 85.7814
2 24 4.4194 -28.45 84.4266 2.3918 -28.45 85.7814
2 24 4.4194 -19.4865 84.4266 2.3918 -20.8459 85.7814
2 24 6.25 -28.45 80.0072 5.7742 -28.45 82.399
2 24 5.7742 -28.45 82.399 6.25 -28.45 80.0072
2 24 3.6806 -28.45 82.1322 4.25 -28.45 80.0072
2 24 6.25 -28.45 80.0072 5.7742 -28.45 77.6154
2 24 4.25 -28.45 80.0072 3.6806 -28.45 77.8822
2 24 2.3918 -28.45 85.7814 0 -28.45 86.2572
2 24 2.125 -28.45 83.6878 0 -28.45 84.2572
2 24 2.3918 -28.45 85.7814 0 -28.45 86.2572
2 24 2.3918 -20.8459 85.7814 0 -21.3889 86.2572
2 24 0 -28.45 86.2572 -2.3918 -28.45 85.7814
2 24 0 -28.45 84.2572 -2.125 -28.45 83.6878
2 24 0 -28.45 86.2572 -2.3918 -28.45 85.7814
2 24 0 -21.3889 86.2572 -2.3918 -21.169 85.7814
2 24 4.4247 -21.868 75.5946 5.4 -20.6663 76.8657
2 24 5.4013 -24 76.8629 5.4 -20.6663 76.8657
2 24 5.7742 -28.45 77.6154 4.4194 -28.45 75.5878
2 24 -2.3918 -28.45 85.7814 -4.4194 -28.45 84.4266
2 24 -2.3918 -21.169 85.7814 -4.4194 -19.4848 84.4266
2 24 -2.3918 -28.45 85.7814 -4.4194 -28.45 84.4266
2 24 4.4194 -28.45 75.5878 2.3918 -28.45 74.233
2 24 4.4247 -21.868 75.5946 2.3918 -22.6575 74.233
2 24 4.4194 -28.45 75.5878 2.3918 -28.45 74.233
2 24 3.6806 -28.45 77.8822 2.125 -28.45 76.3266
2 24 -4.4194 -28.45 84.4266 -5.7742 -28.45 82.399
2 24 -2.125 -28.45 83.6878 -3.6806 -28.45 82.1322
2 24 -4.4194 -28.45 84.4266 -5.7742 -28.45 82.399
2 24 -4.4194 -19.4848 84.4266 -5.7248 -17.3551 82.399
2 24 2.3918 -28.45 74.233 0 -28.45 73.7572
2 24 2.3918 -22.6575 74.233 0 -22.939 73.7572
2 24 2.3918 -28.45 74.233 0 -28.45 73.7572
2 24 2.125 -28.45 76.3266 0 -28.45 75.7572
2 24 0 -28.45 73.7572 -2.3918 -28.45 74.233
2 24 0 -22.939 73.7572 -2.3918 -22.6575 74.233
2 24 0 -28.45 73.7572 -2.3918 -28.45 74.233
2 24 0 -28.45 75.7572 -2.125 -28.45 76.3266
2 24 -5.7742 -28.45 82.399 -6.25 -28.45 80.0072
2 24 -3.6806 -28.45 82.1322 -4.25 -28.45 80.0072
2 24 -5.7742 -28.45 82.399 -6.25 -28.45 80.0072
2 24 -5.7248 -17.3551 82.399 -6.25 -14.8825 80.0072
2 24 -6.25 -28.45 80.0072 -5.7742 -28.45 77.6154
2 24 -4.25 -28.45 80.0072 -3.6806 -28.45 77.8822
2 24 -6.1415 -14.1184 79.2581 -6.1064 -16.9746 78.9164
2 24 -6.25 -14.8825 80.0072 -6.1415 -14.1184 79.2581
2 24 -6.1064 -16.9746 78.9164 -5.9486 -18.8328 78.1761
2 24 -6.25 -28.45 80.0072 -5.7742 -28.45 77.6154
2 24 -5.9486 -18.8328 78.1761 -5.4127 -20.6507 76.8822
2 24 -2.3918 -28.45 74.233 -4.4194 -28.45 75.5878
2 24 -2.3918 -22.6575 74.233 -4.4247 -21.868 75.5946
2 24 -2.3918 -28.45 74.233 -4.4194 -28.45 75.5878
2 24 -2.125 -28.45 76.3266 -3.6806 -28.45 77.8822
2 24 -5.7742 -28.45 77.6154 -4.4194 -28.45 75.5878
2 24 -5.7742 -28.45 77.6154 -4.4194 -28.45 75.5878
2 24 -5.4127 -20.6507 76.8822 -4.4247 -21.868 75.5946
2 24 4.4194 -13.5 55.5806 2.3918 -13.5 54.2258
2 24 4.4194 -28.45 55.5806 2.3918 -28.45 54.2258
2 24 5.7742 -13.5 57.6082 4.4194 -13.5 55.5806
2 24 5.7742 -28.45 57.6082 4.4194 -28.45 55.5806
2 24 2.3918 -13.5 54.2258 0 -13.5 53.75
2 24 2.3918 -28.45 54.2258 0 -28.45 53.75
2 24 0 -13.5 53.75 -2.3918 -13.5 54.2258
2 24 0 -28.45 53.75 -2.3918 -28.45 54.2258
2 24 -2.3918 -13.5 54.2258 -4.4194 -13.5 55.5806
2 24 -2.3918 -28.45 54.2258 -4.4194 -28.45 55.5806
2 24 -4.4194 -13.5 55.5806 -5.7742 -13.5 57.6082
2 24 -4.4194 -28.45 55.5806 -5.7742 -28.45 57.6082
2 24 4.4194 -28.45 64.4194 2.3918 -28.45 65.7743
2 24 2.3918 -22.6884 65.7743 4.4247 -21.868 64.4126
2 24 -5.7742 -13.5 57.6082 -6.25 -13.5 60
2 24 -5.7742 -28.45 57.6082 -6.25 -28.45 60
2 24 2.3918 -28.45 65.7743 0 -28.45 66.25
2 24 2.3918 -22.6884 65.7743 0 -22.939 66.25
2 24 -6.1064 -16.9746 61.0908 -5.7742 -19.6429 62.3918
2 24 -6.25 -28.45 60 -5.7742 -28.45 62.3918
2 24 0 -22.939 66.25 -2.3918 -22.6827 65.7743
2 24 0 -28.45 66.25 -2.3918 -28.45 65.7743
2 24 -5.7742 -19.6429 62.3918 -4.4247 -21.868 64.4126
2 24 -5.7742 -28.45 62.3918 -4.4194 -28.45 64.4194
2 24 -2.3918 -22.6827 65.7743 -4.4247 -21.868 64.4126
2 24 -2.3918 -28.45 65.7743 -4.4194 -28.45 64.4194
2 24 25.7743 -28.45 82.399 26.25 -28.45 80.0072
2 24 25.7743 -17.3722 82.399 26.25 -14.9711 80.0072
2 24 25.7743 -28.45 82.399 24.4194 -28.45 84.4266
2 24 25.7743 -17.3722 82.399 24.4194 -19.4911 84.4266
2 24 24.4194 -28.45 84.4266 22.3918 -28.45 85.7814
2 24 24.4194 -19.4911 84.4266 22.3918 -20.8958 85.7814
2 24 22.3918 -28.45 85.7814 20 -28.45 86.2572
2 24 22.3918 -20.8958 85.7814 20 -21.4052 86.2572
2 24 20 -28.45 86.2572 17.6082 -28.45 85.7814
2 24 20 -21.4052 86.2572 17.6082 -20.9229 85.7814
2 24 17.6082 -28.45 85.7814 15.5806 -28.45 84.4266
2 24 17.6082 -20.9229 85.7814 15.5806 -19.4967 84.4266
2 24 15.5806 -28.45 84.4266 14.2258 -28.45 82.399
2 24 15.5806 -19.4967 84.4266 14.2258 -17.3671 82.399
2 24 14.2258 -28.45 82.399 13.75 -28.45 80.0072
2 24 14.2258 -17.3671 82.399 13.75 -14.8928 80.0072
2 24 13.75 -28.45 80.0072 14.2258 -28.45 77.6154
2 24 13.75 -14.8928 80.0072 14.2258 -12.4066 77.6154
2 24 14.2258 -28.45 77.6154 15.5806 -28.45 75.5878
2 24 14.2258 -12.4066 77.6154 15.5806 -10.3139 75.5878
2 24 15.5806 -28.45 75.5878 17.6082 -28.45 74.233
2 24 15.5806 -10.3139 75.5878 17.6082 -8.912 74.233
2 24 17.6082 -28.45 74.233 20 -28.45 73.7572
2 24 17.6082 -8.912 74.233 20 -8.5272 73.7572
2 24 20 -28.45 73.7572 22.3918 -28.45 74.233
2 24 20 -8.5272 73.7572 22.3918 -9.1517 74.233
2 24 22.3918 -28.45 74.233 24.4194 -28.45 75.5878
2 24 22.3918 -9.1517 74.233 24.4194 -10.6033 75.5878
2 24 24.4194 -28.45 75.5878 25.7743 -28.45 77.6154
2 24 24.4194 -10.6033 75.5878 25.7743 -12.6253 77.6154
2 24 26.25 -28.45 80.0072 25.7743 -28.45 77.6154
2 24 26.25 -14.9711 80.0072 25.7743 -12.6253 77.6154
2 24 4.1052 -28.45 58.9 3.0052 -28.45 56.9948
2 24 5.7742 -28.45 57.6082 4.4194 -28.45 55.5806
2 24 4.4194 -28.45 55.5806 2.3918 -28.45 54.2258
2 24 3.0052 -28.45 56.9948 1.1 -28.45 55.8948
2 24 2.3918 -28.45 54.2258 0 -28.45 53.75
2 24 4.1052 -28.45 58.9 4.1052 -28.45 61.1
2 24 5.7742 -28.45 57.6082 6.25 -28.45 60
2 24 1.1 -28.45 55.8948 -1.1 -28.45 55.8948
2 24 0 -28.45 53.75 -2.3918 -28.45 54.2258
2 24 6.25 -28.45 60 5.7742 -28.45 62.3918
2 24 4.1052 -28.45 61.1 3.0052 -28.45 63.0052
2 24 5.7742 -28.45 62.3918 4.4194 -28.45 64.4194
2 24 -1.1 -28.45 55.8948 -3.0052 -28.45 56.9948
2 24 -2.3918 -28.45 54.2258 -4.4194 -28.45 55.5806
2 24 -4.4194 -28.45 55.5806 -5.7742 -28.45 57.6082
2 24 3.0052 -28.45 63.0052 1.1 -28.45 64.1052
2 24 4.4194 -28.45 64.4194 2.3918 -28.45 65.7743
2 24 -3.0052 -28.45 56.9948 -4.1052 -28.45 58.9
2 24 -5.7742 -28.45 57.6082 -6.25 -28.45 60
2 24 1.1 -28.45 64.1052 -1.1 -28.45 64.1052
2 24 2.3918 -28.45 65.7743 0 -28.45 66.25
2 24 -4.1052 -28.45 58.9 -4.1052 -28.45 61.1
2 24 -6.25 -28.45 60 -5.7742 -28.45 62.3918
2 24 0 -28.45 66.25 -2.3918 -28.45 65.7743
2 24 -1.1 -28.45 64.1052 -3.0052 -28.45 63.0052
2 24 -2.3918 -28.45 65.7743 -4.4194 -28.45 64.4194
2 24 -4.1052 -28.45 61.1 -3.0052 -28.45 63.0052
2 24 -5.7742 -28.45 62.3918 -4.4194 -28.45 64.4194
2 24 23.6806 -28.45 82.1322 24.25 -28.45 80.0072
2 24 25.7743 -28.45 82.399 26.25 -28.45 80.0072
2 24 23.6806 -28.45 82.1322 22.125 -28.45 83.6878
2 24 25.7743 -28.45 82.399 24.4194 -28.45 84.4266
2 24 24.4194 -28.45 84.4266 22.3918 -28.45 85.7814
2 24 22.125 -28.45 83.6878 20 -28.45 84.2572
2 24 22.3918 -28.45 85.7814 20 -28.45 86.2572
2 24 20 -28.45 86.2572 17.6082 -28.45 85.7814
2 24 20 -28.45 84.2572 17.875 -28.45 83.6878
2 24 17.6082 -28.45 85.7814 15.5806 -28.45 84.4266
2 24 17.875 -28.45 83.6878 16.3194 -28.45 82.1322
2 24 15.5806 -28.45 84.4266 14.2258 -28.45 82.399
2 24 16.3194 -28.45 82.1322 15.75 -28.45 80.0072
2 24 14.2258 -28.45 82.399 13.75 -28.45 80.0072
2 24 13.75 -28.45 80.0072 14.2258 -28.45 77.6154
2 24 15.75 -28.45 80.0072 16.3194 -28.45 77.8822
2 24 14.2258 -28.45 77.6154 15.5806 -28.45 75.5878
2 24 16.3194 -28.45 77.8822 17.875 -28.45 76.3266
2 24 15.5806 -28.45 75.5878 17.6082 -28.45 74.233
2 24 17.875 -28.45 76.3266 20 -28.45 75.7572
2 24 17.6082 -28.45 74.233 20 -28.45 73.7572
2 24 20 -28.45 73.7572 22.3918 -28.45 74.233
2 24 20 -28.45 75.7572 22.125 -28.45 76.3266
2 24 22.125 -28.45 76.3266 23.6806 -28.45 77.8822
2 24 22.3918 -28.45 74.233 24.4194 -28.45 75.5878
2 24 24.4194 -28.45 75.5878 25.7743 -28.45 77.6154
2 24 24.25 -28.45 80.0072 23.6806 -28.45 77.8822
2 24 26.25 -28.45 80.0072 25.7743 -28.45 77.6154
2 24 23.0408 -23.45 78.2516 23.5112 -23.45 80.0072
2 24 23.6806 -23.45 77.8822 24.25 -23.45 80.0072
2 24 23.6806 -28.45 77.8822 24.25 -28.45 80.0072
2 24 23.6806 -23.45 77.8822 24.25 -23.45 80.0072
2 24 24.25 -23.45 80.0072 23.6806 -23.45 82.1322
2 24 24.25 -28.45 80.0072 23.6806 -28.45 82.1322
2 24 24.25 -23.45 80.0072 23.6806 -23.45 82.1322
2 24 23.5112 -23.45 80.0072 23.0408 -23.45 81.7628
2 24 23.6806 -23.45 82.1322 22.125 -23.45 83.6878
2 24 23.6806 -28.45 82.1322 22.125 -28.45 83.6878
2 24 23.6806 -23.45 82.1322 22.125 -23.45 83.6878
2 24 23.0408 -23.45 81.7628 21.7556 -23.45 83.048
2 24 22.125 -23.45 83.6878 20 -23.45 84.2572
2 24 22.125 -28.45 83.6878 20 -28.45 84.2572
2 24 22.125 -23.45 83.6878 20 -23.45 84.2572
2 24 21.7556 -23.45 83.048 20 -23.45 83.5184
2 24 20 -23.45 84.2572 17.875 -23.45 83.6878
2 24 20 -28.45 84.2572 17.875 -28.45 83.6878
2 24 20 -23.45 84.2572 17.875 -23.45 83.6878
2 24 20 -23.45 83.5184 18.2444 -23.45 83.048
2 24 17.875 -23.45 83.6878 16.3194 -23.45 82.1322
2 24 17.875 -28.45 83.6878 16.3194 -28.45 82.1322
2 24 17.875 -23.45 83.6878 16.3194 -23.45 82.1322
2 24 18.2444 -23.45 83.048 16.9592 -23.45 81.7628
2 24 16.3194 -23.45 82.1322 15.75 -23.45 80.0072
2 24 16.3194 -28.45 82.1322 15.75 -28.45 80.0072
2 24 16.3194 -23.45 82.1322 15.75 -23.45 80.0072
2 24 16.9592 -23.45 81.7628 16.4888 -23.45 80.0072
2 24 15.75 -23.45 80.0072 16.3194 -23.45 77.8822
2 24 15.75 -28.45 80.0072 16.3194 -28.45 77.8822
2 24 15.75 -23.45 80.0072 16.3194 -23.45 77.8822
2 24 16.4888 -23.45 80.0072 16.9592 -23.45 78.2516
2 24 16.3194 -23.45 77.8822 17.875 -23.45 76.3266
2 24 16.3194 -28.45 77.8822 17.875 -28.45 76.3266
2 24 16.3194 -23.45 77.8822 17.875 -23.45 76.3266
2 24 16.9592 -23.45 78.2516 18.2444 -23.45 76.9664
2 24 17.875 -23.45 76.3266 20 -23.45 75.7572
2 24 17.875 -28.45 76.3266 20 -28.45 75.7572
2 24 17.875 -23.45 76.3266 20 -23.45 75.7572
2 24 18.2444 -23.45 76.9664 20 -23.45 76.496
2 24 20 -23.45 75.7572 22.125 -23.45 76.3266
2 24 20 -28.45 75.7572 22.125 -28.45 76.3266
2 24 20 -23.45 75.7572 22.125 -23.45 76.3266
2 24 20 -23.45 76.496 21.7556 -23.45 76.9664
2 24 23.6806 -23.45 77.8822 22.125 -23.45 76.3266
2 24 23.6806 -28.45 77.8822 22.125 -28.45 76.3266
2 24 23.6806 -23.45 77.8822 22.125 -23.45 76.3266
2 24 23.0408 -23.45 78.2516 21.7556 -23.45 76.9664
2 24 4.25 -28.45 80.0072 3.6806 -28.45 77.8822
2 24 4.25 -23.45 80.0072 3.6806 -23.45 77.8822
2 24 4.25 -23.45 80.0072 3.6806 -23.45 82.1322
2 24 4.25 -28.45 80.0072 3.6806 -28.45 82.1322
2 24 3.6806 -23.45 82.1322 2.125 -23.45 83.6878
2 24 3.6806 -28.45 82.1322 2.125 -28.45 83.6878
2 24 2.125 -23.45 83.6878 0 -23.45 84.2572
2 24 2.125 -28.45 83.6878 0 -28.45 84.2572
2 24 0 -23.45 84.2572 -2.125 -23.45 83.6878
2 24 0 -28.45 84.2572 -2.125 -28.45 83.6878
2 24 -2.125 -23.45 83.6878 -3.6806 -23.45 82.1322
2 24 -2.125 -28.45 83.6878 -3.6806 -28.45 82.1322
2 24 -3.6806 -23.45 82.1322 -4.25 -23.45 80.0072
2 24 -3.6806 -28.45 82.1322 -4.25 -28.45 80.0072
2 24 -4.25 -23.45 80.0072 -3.6806 -23.45 77.8822
2 24 -4.25 -28.45 80.0072 -3.6806 -28.45 77.8822
2 24 -3.6806 -23.45 77.8822 -2.125 -23.45 76.3266
2 24 -3.6806 -28.45 77.8822 -2.125 -28.45 76.3266
2 24 -2.125 -23.45 76.3266 0 -23.45 75.7572
2 24 -2.125 -28.45 76.3266 0 -28.45 75.7572
2 24 0 -23.45 75.7572 2.125 -23.45 76.3266
2 24 0 -28.45 75.7572 2.125 -28.45 76.3266
2 24 3.6806 -23.45 77.8822 2.125 -23.45 76.3266
2 24 3.6806 -28.45 77.8822 2.125 -28.45 76.3266
2 24 3.0408 -23.45 78.2516 3.5112 -23.45 80.0072
2 24 3.6806 -23.45 77.8822 4.25 -23.45 80.0072
2 24 3.6806 -23.45 77.8822 2.125 -23.45 76.3266
2 24 3.0408 -23.45 78.2516 1.7556 -23.45 76.9664
2 24 2.125 -23.45 76.3266 0 -23.45 75.7572
2 24 1.7556 -23.45 76.9664 0 -23.45 76.496
2 24 0 -23.45 75.7572 -2.125 -23.45 76.3266
2 24 0 -23.45 76.496 -1.7556 -23.45 76.9664
2 24 -2.125 -23.45 76.3266 -3.6806 -23.45 77.8822
2 24 -1.7556 -23.45 76.9664 -3.0408 -23.45 78.2516
2 24 -3.6806 -23.45 77.8822 -4.25 -23.45 80.0072
2 24 -3.0408 -23.45 78.2516 -3.5112 -23.45 80.0072
2 24 -3.3915 -14.1184 79.2558 -3.5112 -14.9009 80.0072
2 24 -3.3915 -14.1184 79.2558 -3.3915 -16.2601 79.0984
2 24 -3.3915 -16.2601 79.0984 -3.0408 -18.6881 78.2516
2 24 -3.5112 -23.45 80.0072 -3.0408 -23.45 78.2516
2 24 -4.25 -23.45 80.0072 -3.6806 -23.45 82.1322
2 24 -3.5112 -23.45 80.0072 -3.0408 -23.45 81.7628
2 24 -3.5112 -23.45 80.0072 -3.0408 -23.45 81.7628
2 24 -3.5112 -14.9009 80.0072 -3.0408 -16.7292 81.7628
2 24 -3.6806 -23.45 82.1322 -2.125 -23.45 83.6878
2 24 -3.0408 -23.45 81.7628 -1.7556 -23.45 83.048
2 24 -3.0408 -23.45 81.7628 -1.7556 -23.45 83.048
2 24 -3.0408 -16.7292 81.7628 -1.7556 -18.0675 83.048
2 24 -2.125 -23.45 83.6878 0 -23.45 84.2572
2 24 -1.7556 -23.45 83.048 0 -23.45 83.5184
2 24 -1.7556 -23.45 83.048 0 -23.45 83.5184
2 24 -1.7556 -18.0675 83.048 0 -18.5574 83.5184
2 24 0 -23.45 84.2572 2.125 -23.45 83.6878
2 24 0 -23.45 83.5184 1.7556 -23.45 83.048
2 24 0 -23.45 83.5184 1.7556 -23.45 83.048
2 24 0 -18.5574 83.5184 1.7556 -18.0676 83.048
2 24 2.125 -23.45 83.6878 3.6806 -23.45 82.1322
2 24 1.7556 -23.45 83.048 3.0408 -23.45 81.7628
2 24 1.7556 -23.45 83.048 3.0408 -23.45 81.7628
2 24 1.7556 -18.0676 83.048 3.0408 -16.7292 81.7628
2 24 4.25 -23.45 80.0072 3.6806 -23.45 82.1322
2 24 3.5112 -23.45 80.0072 3.0408 -23.45 81.7628
2 24 3.0408 -23.45 81.7628 3.5112 -23.45 80.0072
2 24 3.0408 -16.7292 81.7628 3.5112 -14.9009 80.0072
2 24 3.3915 -14.1184 79.2558 3.3915 -16.2602 79.0984
2 24 3.5112 -14.9009 80.0072 3.3915 -14.1184 79.2558
2 24 3.3915 -16.2602 79.0984 3.0408 -18.6881 78.2516
2 24 3.5112 -23.45 80.0072 3.0408 -23.45 78.2516
2 24 4.1052 -28.45 61.1 4.1052 -28.45 58.9
2 24 4.1052 -23.45 61.1 4.1052 -23.45 58.9
2 24 4.1052 -28.45 58.9 3.0052 -28.45 56.9948
2 24 4.1052 -23.45 58.9 3.0052 -23.45 56.9948
2 24 3.0052 -28.45 56.9948 1.1 -28.45 55.8948
2 24 3.0052 -23.45 56.9948 1.1 -23.45 55.8948
2 24 1.1 -28.45 55.8948 -1.1 -28.45 55.8948
2 24 1.1 -23.45 55.8948 -1.1 -23.45 55.8948
2 24 -1.1 -28.45 55.8948 -3.0052 -28.45 56.9948
2 24 -1.1 -23.45 55.8948 -3.0052 -23.45 56.9948
2 24 -3.0052 -28.45 56.9948 -4.1052 -28.45 58.9
2 24 -3.0052 -23.45 56.9948 -4.1052 -23.45 58.9
2 24 -4.1052 -28.45 58.9 -4.1052 -28.45 61.1
2 24 -4.1052 -23.45 58.9 -4.1052 -23.45 61.1
2 24 -4.1052 -28.45 61.1 -3.0052 -28.45 63.0052
2 24 -4.1052 -23.45 61.1 -3.0052 -23.45 63.0052
2 24 -3.0052 -28.45 63.0052 -1.1 -28.45 64.1052
2 24 -3.0052 -23.45 63.0052 -1.1 -23.45 64.1052
2 24 -1.1 -28.45 64.1052 1.1 -28.45 64.1052
2 24 -1.1 -23.45 64.1052 1.1 -23.45 64.1052
2 24 1.1 -28.45 64.1052 3.0052 -28.45 63.0052
2 24 1.1 -23.45 64.1052 3.0052 -23.45 63.0052
2 24 4.1052 -28.45 61.1 3.0052 -28.45 63.0052
2 24 4.1052 -23.45 61.1 3.0052 -23.45 63.0052
2 24 3.3915 -23.45 60.9088 2.4828 -23.45 62.4828
2 24 4.1052 -23.45 61.1 3.0052 -23.45 63.0052
2 24 2.4828 -23.45 62.4828 0.9088 -23.45 63.3915
2 24 3.0052 -23.45 63.0052 1.1 -23.45 64.1052
2 24 0.9088 -23.45 63.3915 -0.9088 -23.45 63.3915
2 24 1.1 -23.45 64.1052 -1.1 -23.45 64.1052
2 24 -0.9088 -23.45 63.3915 -2.4828 -23.45 62.4828
2 24 -1.1 -23.45 64.1052 -3.0052 -23.45 63.0052
2 24 -2.4828 -23.45 62.4828 -3.3915 -23.45 60.9088
2 24 -3.0052 -23.45 63.0052 -4.1052 -23.45 61.1
2 24 -3.3915 -23.45 60.9088 -3.3915 -23.45 59.0912
2 24 -4.1052 -23.45 61.1 -4.1052 -23.45 58.9
2 24 -3.3915 -23.45 59.0912 -2.4828 -23.45 57.5172
2 24 -4.1052 -23.45 58.9 -3.0052 -23.45 56.9948
2 24 -2.4828 -23.45 57.5172 -0.9088 -23.45 56.6085
2 24 -3.0052 -23.45 56.9948 -1.1 -23.45 55.8948
2 24 -0.9088 -23.45 56.6085 0.9088 -23.45 56.6085
2 24 -1.1 -23.45 55.8948 1.1 -23.45 55.8948
2 24 0.9088 -23.45 56.6085 2.4828 -23.45 57.5172
2 24 1.1 -23.45 55.8948 3.0052 -23.45 56.9948
2 24 2.4828 -23.45 57.5172 3.3915 -23.45 59.0913
2 24 3.0052 -23.45 56.9948 4.1052 -23.45 58.9
2 24 3.3915 -23.45 60.9088 3.3915 -23.45 59.0913
2 24 4.1052 -23.45 61.1 4.1052 -23.45 58.9
2 24 -3.3915 -14.6614 60.7514 -3.3915 -13.5 60.7514
2 24 -3.3915 -13.5 60.7514 3.3915 -13.5 60.7514
2 24 3.3915 -14.6615 60.7514 3.3915 -13.5 60.7514
2 24 3.3915 -14.6615 60.7514 3.3915 -16.2602 60.9088
2 24 3.3915 -23.45 59.0913 3.3915 -23.45 60.9088
2 24 -0.9088 -13.5 56.6085 0.9088 -13.5 56.6085
2 24 -0.9088 -23.45 56.6085 0.9088 -23.45 56.6085
2 24 3.3915 -13.5 60.7514 3.4514 -13.5 59.5456
2 24 3.3915 -14.6615 60.7514 3.3915 -13.5 60.7514
2 24 -3.3915 -13.5 60.7514 -3.3915 -14.6614 60.7514
2 24 -3.3915 -13.5 60.7514 -3.4513 -13.5 59.5456
2 24 -3.3915 -13.5 60.7514 -3.4513 -13.5 59.5456
2 24 -3.3915 -13.5 60.7514 3.3915 -13.5 60.7514
2 24 3.3915 -13.5 60.7514 3.4514 -13.5 59.5456
2 24 3.4514 -13.5 59.5456 2.4828 -13.5 57.5172
2 24 -3.4513 -13.5 59.5456 -2.4828 -13.5 57.5172
2 24 -3.4513 -13.5 59.5456 -2.4828 -13.5 57.5172
2 24 -3.3915 -23.45 59.0912 -2.4828 -23.45 57.5172
2 24 -2.4828 -13.5 57.5172 -0.9088 -13.5 56.6085
2 24 -0.9088 -13.5 56.6085 0.9088 -13.5 56.6085
2 24 2.4828 -13.5 57.5172 0.9088 -13.5 56.6085
2 24 -0.9088 -13.5 56.6085 -2.4828 -13.5 57.5172
2 24 -0.9088 -23.45 56.6085 -2.4828 -23.45 57.5172
2 24 0.9088 -13.5 56.6085 2.4828 -13.5 57.5172
2 24 0.9088 -23.45 56.6085 2.4828 -23.45 57.5172
2 24 3.3915 -23.45 59.0913 2.4828 -23.45 57.5172
2 24 3.4514 -13.5 59.5456 2.4828 -13.5 57.5172
2 24 3.3915 -16.2602 60.9088 3.0408 -18.6881 61.7556
2 24 3.0408 -18.6881 61.7556 2.1192 -20.2308 62.7618
2 24 3.3915 -23.45 60.9088 2.4828 -23.45 62.4828
2 24 2.1192 -20.2308 62.7618 0.9088 -20.9692 63.3915
2 24 2.4828 -23.45 62.4828 0.9088 -23.45 63.3915
2 24 0.9088 -20.9692 63.3915 -0.9088 -20.9692 63.3915
2 24 0.9088 -23.45 63.3915 -0.9088 -23.45 63.3915
2 24 0.9088 -20.9692 63.3915 -0.9088 -20.9692 63.3915
2 24 0.9088 -20.9692 63.3915 2.1192 -20.2308 62.7618
2 24 -0.9088 -20.9692 63.3915 -2.1192 -20.2308 62.7618
2 24 -0.9088 -20.9692 63.3915 -2.1192 -20.2308 62.7618
2 24 -0.9088 -23.45 63.3915 -2.4828 -23.45 62.4828
2 24 -2.1192 -20.2308 62.7618 -3.0408 -18.6881 61.7556
2 24 2.1192 -20.2308 62.7618 3.0408 -18.6881 61.7556
2 24 -2.1192 -20.2308 62.7618 -3.0408 -18.6881 61.7556
2 24 -2.4828 -23.45 62.4828 -3.3915 -23.45 60.9088
2 24 -3.0408 -18.6881 61.7556 -3.3915 -16.2601 60.9088
2 24 3.0408 -18.6881 61.7556 3.3915 -16.2602 60.9088
2 24 -3.0408 -18.6881 61.7556 -3.3915 -16.2601 60.9088
2 24 -3.3915 -14.6614 60.7514 -3.3915 -16.2601 60.9088
2 24 -3.3915 -23.45 59.0912 -3.3915 -23.45 60.9088
2 24 -3.3915 -14.6614 60.7514 -3.3915 -16.2601 60.9088
2 24 3.3915 -14.6615 60.7514 3.3915 -16.2602 60.9088
2 24 -3.3915 -14.1184 79.2558 -3.3915 -16.2601 79.0984
2 24 -3.3915 -14.1184 79.2558 3.3915 -14.1184 79.2558
2 24 3.3915 -14.1184 79.2558 3.3915 -16.2602 79.0984
2 24 -3.5112 -14.9009 80.0072 -3.3915 -14.1184 79.2558
2 24 -3.3915 -14.1184 79.2558 3.3915 -14.1184 79.2558
2 24 3.5112 -14.9009 80.0072 3.3915 -14.1184 79.2558
2 24 -3.5112 -14.9009 80.0072 -3.0408 -16.7292 81.7628
2 24 3.5112 -14.9009 80.0072 3.0408 -16.7292 81.7628
2 24 -3.0408 -16.7292 81.7628 -1.7556 -18.0675 83.048
2 24 3.0408 -16.7292 81.7628 1.7556 -18.0676 83.048
2 24 -1.7556 -18.0675 83.048 0 -18.5574 83.5184
2 24 1.7556 -18.0676 83.048 0 -18.5574 83.5184
2 24 3.0408 -18.6881 78.2516 2.4828 -19.8791 77.5244
2 24 3.0408 -23.45 78.2516 1.7556 -23.45 76.9664
2 24 2.4828 -19.8791 77.5244 1.7556 -20.5825 76.9664
2 24 1.7556 -23.45 76.9664 0 -23.45 76.496
2 24 1.7556 -20.5825 76.9664 0 -21.0812 76.496
2 24 0 -23.45 76.496 -1.7556 -23.45 76.9664
2 24 0 -21.0812 76.496 -1.7556 -20.5825 76.9664
2 24 0 -21.0812 76.496 1.7556 -20.5825 76.9664
2 24 -1.7556 -20.5825 76.9664 0 -21.0812 76.496
2 24 -3.0408 -18.6881 78.2516 -2.4828 -19.8791 77.5244
2 24 -1.7556 -20.5825 76.9664 -2.4828 -19.8791 77.5244
2 24 -3.0408 -23.45 78.2516 -1.7556 -23.45 76.9664
2 24 -1.7556 -20.5825 76.9664 -2.4828 -19.8791 77.5244
2 24 1.7556 -20.5825 76.9664 2.4828 -19.8791 77.5244
2 24 -2.4828 -19.8791 77.5244 -3.0408 -18.6881 78.2516
2 24 2.4828 -19.8791 77.5244 3.0408 -18.6881 78.2516
2 24 -3.3915 -16.2601 79.0984 -3.0408 -18.6881 78.2516
2 24 3.3915 -16.2602 79.0984 3.0408 -18.6881 78.2516
2 24 16.4888 -23.45 80.0072 16.9592 -23.45 78.2516
2 24 16.4888 -14.9009 80.0072 16.9592 -13.0658 78.2516
2 24 16.4888 -14.9009 80.0072 16.9592 -13.0658 78.2516
2 24 23.5112 -14.9009 80.0072 23.0408 -13.0658 78.2516
2 24 16.4888 -23.45 80.0072 16.9592 -23.45 81.7628
2 24 16.4888 -14.9009 80.0072 16.9592 -16.7292 81.7628
2 24 16.4888 -14.9009 80.0072 16.9592 -16.7292 81.7628
2 24 23.5112 -14.9009 80.0072 23.0408 -16.7292 81.7628
2 24 16.9592 -23.45 81.7628 18.2444 -23.45 83.048
2 24 16.9592 -16.7292 81.7628 18.2444 -18.0675 83.048
2 24 16.9592 -16.7292 81.7628 18.2444 -18.0675 83.048
2 24 23.0408 -16.7292 81.7628 21.7556 -18.0676 83.048
2 24 18.2444 -23.45 83.048 20 -23.45 83.5184
2 24 18.2444 -18.0675 83.048 20 -18.5574 83.5184
2 24 18.2444 -18.0675 83.048 20 -18.5574 83.5184
2 24 21.7556 -18.0676 83.048 20 -18.5574 83.5184
2 24 20 -23.45 83.5184 21.7556 -23.45 83.048
2 24 20 -18.5574 83.5184 21.7556 -18.0676 83.048
2 24 21.7556 -23.45 83.048 23.0408 -23.45 81.7628
2 24 21.7556 -18.0676 83.048 23.0408 -16.7292 81.7628
2 24 23.0408 -23.45 81.7628 23.5112 -23.45 80.0072
2 24 23.0408 -16.7292 81.7628 23.5112 -14.9009 80.0072
2 24 23.5112 -23.45 80.0072 23.0408 -23.45 78.2516
2 24 23.5112 -14.9009 80.0072 23.0408 -13.0658 78.2516
2 24 23.0408 -23.45 78.2516 21.7556 -23.45 76.9664
2 24 23.0408 -13.0658 78.2516 21.7556 -11.7184 76.9664
2 24 21.7556 -23.45 76.9664 20 -23.45 76.496
2 24 21.7556 -11.7184 76.9664 20 -11.2507 76.496
2 24 20 -23.45 76.496 18.2444 -23.45 76.9664
2 24 20 -11.2507 76.496 18.2444 -11.7184 76.9664
2 24 20 -11.2507 76.496 21.7556 -11.7184 76.9664
2 24 18.2444 -11.7184 76.9664 20 -11.2507 76.496
2 24 16.9592 -23.45 78.2516 18.2444 -23.45 76.9664
2 24 16.9592 -13.0658 78.2516 18.2444 -11.7184 76.9664
2 24 16.9592 -13.0658 78.2516 18.2444 -11.7184 76.9664
2 24 23.0408 -13.0658 78.2516 21.7556 -11.7184 76.9664
2 24 -6.25 -5.25 53 -6.25 -10.5 53
2 24 -6.25 -8.8259 62.6835 -6.25 -10.5 61.6596
2 24 -6.25 -10.5 53 -6.25 -10.5 61.6596
2 24 36.4884 -4.1697 67.479 40.1452 -5.25 67.479
2 24 36.8497 -4.4578 68.1396 40.1452 -5.25 67.479
2 24 30 -38.8953 89.9402 30 -24 90
2 24 30 -22.6954 87.5 19.4687 -22.6953 87.5
2 24 22.3918 -20.8958 85.7814 20 -21.4052 86.2572
2 24 5.4 -21.8639 75.6015 5.4 -20.6663 76.8657
2 24 4.4247 -21.868 75.5946 5.4 -20.6663 76.8657
2 24 0 -22.939 73.7572 -2.3918 -22.6575 74.233
2 24 -7.5 -23.5337 71.9921 -7.5 -22.8951 73.8876
2 24 -4.4247 -21.868 75.5946 -2.3918 -22.6575 74.233
2 24 -7.5 -21.8639 75.6015 -7.5 -22.8951 73.8876
2 24 5.4 -22.8951 66.1196 5.4 -23.5337 68.0151
2 24 0 -22.939 66.25 2.3918 -22.6884 65.7743
2 24 -6.1064 -16.9746 61.0908 -6.1537 -13.5 60.7311
2 24 -6.25 -13.5 60 -6.1537 -13.5 60.7311
2 24 -10 -20.7 90 28.3037 -20.7 90
2 24 9.7853 -24 90 30 -24 90
2 24 153.75 -96 40 153.8354 -96 39
2 24 153.75 -100.45 40 154.2257 -100.45 37.6082
2 24 153.75 -100.45 40 154.2257 -100.45 37.6082
2 24 155.9245 -100.45 40 156.4705 -100.45 37.9623
2 24 155.5806 -100.45 35.5806 157.6082 -100.45 34.2258
2 24 157.6082 -100.45 34.2258 155.5806 -100.45 35.5806
2 24 155.5806 -73.1436 35.5806 157.6082 -74.4278 34.2258
2 24 160 -96 33.75 161 -96 33.8354
2 24 160 -100.45 33.75 162.3918 -100.45 34.2258
2 24 162.3918 -100.45 34.2258 160 -100.45 33.75
2 24 162.0377 -100.45 36.4705 160 -100.45 35.9245
2 24 162.3918 -100.45 45.7743 164.4194 -100.45 44.4194
2 24 164.4194 -82.1864 44.4194 162.3918 -81.3125 45.7743
2 24 164.4194 -100.45 44.4194 162.3918 -100.45 45.7743
2 24 141 -96 33.8354 141 -62.5864 33.8354
2 24 142.3918 -63.5883 34.2258 141 -62.5864 33.8354
2 24 4.2548 -10.5 55.7452 2.4702 -10.5 53.0524
2 24 2.4702 -5.25 53.0524 2.4702 -10.5 53.0524
2 24 4.2548 -10.5 55.7452 6.9784 -10.5 57.5361
2 24 6.9784 -5.25 57.5361 6.9784 -10.5 57.5361
2 24 6.25 -28.45 60 5.7742 -28.45 57.6082
2 24 4.4247 -21.868 64.4126 5.4 -20.6663 63.1415
2 24 5.4039 -24 63.1378 5.4 -20.6663 63.1415
2 24 30 -24 72.75 30 -24 72.5
2 24 30 -24 72.5 30 -8.8686 72.5
2 24 30 -11.9645 76.25 30 -8.8686 72.5
2 24 12.1906 -22.6953 87.5 1.3102 -22.6953 87.5
2 24 4.4194 -19.4865 84.4266 2.3918 -20.8459 85.7814
2 24 8 -24 77.917 10 -24 77.917
2 24 6.25 -24 80.0036 12.225 -24 80
2 24 -6.1537 -13.5 60.7311 -7.5 -13.5 60.7311
2 24 -6.25 -13.5 60 -6.1537 -13.5 60.7311
2 24 10 -8 65.8676 10 -7.7883 66.125
2 24 7.5 -13.5 52.5 7.5 -13.5 60
2 24 7.5 -13.5 60 6.25 -13.5 60
2 24 5.7742 -13.5 57.6082 6.25 -13.5 60
2 24 7.5 -13.5 52.5 0 -13.5 52.5
2 24 2.3918 -13.5 54.2258 4.4194 -13.5 55.5806
2 24 5.7742 -13.5 57.6082 4.4194 -13.5 55.5806
2 24 2.3918 -13.5 54.2258 0 -13.5 53.75
2 24 0 -13.5 52.5 -7.5 -13.5 52.5
2 24 0 -13.5 53.75 -2.3918 -13.5 54.2258
2 24 -7.5 -13.5 60.7311 -7.5 -13.5 52.5
2 24 -6.25 -13.5 60 -5.7742 -13.5 57.6082
2 24 -5.7742 -13.5 57.6082 -4.4194 -13.5 55.5806
2 24 -2.3918 -13.5 54.2258 -4.4194 -13.5 55.5806
2 24 -10 -24 90 -10 -20.7 90
2 24 -10 -18.375 76.7117 -10 -14.5 77.75
2 24 13.1093 -5.25 57.5065 15.7452 -5.25 55.7452
2 24 -6.25 0 51.4172 -6.25 0 67.5
2 24 29.3137 -5.25 67.479 21.5 -5.25 67.479
2 24 21.5 -5.25 65.9746 21.5 -5.25 67.479
2 24 153.8354 -96 41 153.8354 -73.3813 41
2 24 153.8354 -96 41 146.1646 -96 41
2 24 153.8354 -73.3813 41 146.1646 -67.8444 41
2 24 146.1646 -96 41 146.1646 -67.8444 41
2 24 167.6624 -81.313 30 167.6624 -81.7391 35.1949
2 24 164.4194 -79.4464 35.5806 165.7742 -80.8451 37.6082
2 24 164.4194 -79.4464 24.4194 165.7742 -80.8451 22.3918
2 24 141 -96 31 143.25 -96 31
2 24 141 -96 29 143.25 -96 29
2 24 143.25 -96 31 143.25 -96 29
2 24 140 -96 26.25 141 -96 26.1646
2 24 141 -96 29 141 -96 26.1646
2 24 141 -96 31 141 -96 33.8354
2 24 140 -96 33.75 141 -96 33.8354
2 24 137.6082 -60.171 34.2258 139 -61.1494 33.8354
2 24 137.6082 -60.171 25.7743 139 -61.1494 26.1646
2 24 139 -61.1494 33.8354 139 -61.1494 26.1646
2 24 139 -61.1494 33.8354 139 -96 33.8354
2 24 139 -96 30 139 -96 33.8354
2 24 135.5806 -58.8588 35.5806 137.6082 -60.171 34.2258
2 24 135.5806 -58.8588 24.4194 137.6082 -60.171 25.7743
2 24 160 -96 26.25 161 -96 26.1646
2 24 161 -96 30 161 -96 26.1646
2 24 161 -96 30 161 -96 33.8354
2 24 160 -96 33.75 161 -96 33.8354
2 24 7 0 67.5 1.5 0 67.5
2 24 -1.5 -5.5942 67.5 -1.5 -6.1775 66.0125
2 24 -1.5 -5.5942 67.5 -6.25 -5.5942 67.5
2 24 -6.25 -6.3049 65.67 -6.25 -5.5942 67.5
2 24 -6.25 0 67.5 -1.5 0 67.5
2 24 -6.25 0 67.5 -6.25 -5.5942 67.5
2 24 -1.5 0 67.5 -1.5 -5.5942 67.5
2 24 -6.25 -5.5942 67.5 -1.5 -5.5942 67.5
2 24 -1.5 -6.1775 66.0125 1.5 -6.1875 66.0125
2 24 6.9784 -6.3049 65.67 6.9784 -5.5942 67.5
2 24 1.5 -6.1875 66.0125 1.5 -5.5942 67.5
2 24 6.9784 -5.5942 67.5 1.5 -5.5942 67.5
2 24 -8 -9.0873 -13.125 -8 -8.25 -10.0036
2 24 8 -9.0873 -13.125 8 -8.25 -10.0036
2 24 -8 -9.0873 -13.125 -8 -11.375 -15.4127
2 24 8 -9.0873 -13.125 8 -11.375 -15.4127
2 24 -8 -11.375 -15.4127 -8 -14.5 -16.25
2 24 8 -11.375 -15.4127 8 -14.5 -16.25
2 24 -8 -11.375 -4.5873 -8 -14.5 -3.75
2 24 8 -11.375 -4.5873 8 -14.5 -3.75
2 24 -8 -11.375 -4.5873 -8 -9.0873 -6.875
2 24 8 -11.375 -4.5873 8 -9.0873 -6.875
2 24 -8 -8.25 -10.0036 -8 -9.0873 -6.875
2 24 8 -8.25 -10.0036 8 -9.0873 -6.875
2 24 -8 -20.75 -10.0036 -8 -19.9127 -13.125
2 24 8 -20.75 -10.0036 8 -19.9127 -13.125
2 24 -8 -19.9127 -13.125 -8 -17.625 -15.4127
2 24 8 -19.9127 -13.125 8 -17.625 -15.4127
2 24 -8 -14.5 -16.25 -8 -17.625 -15.4127
2 24 8 -14.5 -16.25 8 -17.625 -15.4127
2 24 -8 -14.5 -3.75 -8 -17.625 -4.5873
2 24 8 -14.5 -3.75 8 -17.625 -4.5873
2 24 -8 -17.625 -4.5873 -8 -19.9127 -6.875
2 24 8 -17.625 -4.5873 8 -19.9127 -6.875
2 24 -8 -20.75 -10.0036 -8 -19.9127 -6.875
2 24 8 -20.75 -10.0036 8 -19.9127 -6.875
2 24 -1.5 0 67.5 -1.5 0 66.0125
2 24 -1.5 0 67.5 -1.5 -5.5942 67.5
2 24 -1.5 0 66.0125 -1.5 -6.1775 66.0125
2 24 -1.5 -5.5942 67.5 -1.5 -6.1775 66.0125
2 24 -1.5 0 66.0125 1.5 0 66.0125
2 24 -1.5 0 66.0125 -1.5 -6.1775 66.0125
2 24 1.5 0 66.0125 1.5 -6.1875 66.0125
2 24 -1.5 -6.1775 66.0125 1.5 -6.1875 66.0125
2 24 1.5 0 67.5 1.5 -5.5942 67.5
2 24 1.5 0 67.5 1.5 0 66.0125
2 24 1.5 -5.5942 67.5 1.5 -6.1875 66.0125
2 24 1.5 0 66.0125 1.5 -6.1875 66.0125
2 24 -1.5 0 67.5 -1.5 0 66.0125
2 24 1.5 0 67.5 1.5 0 66.0125
2 24 -1.5 0 66.0125 1.5 0 66.0125
2 24 6.9784 -5.5942 67.5 1.5 -5.5942 67.5
2 24 6.9784 -5.25 67.5 6.9784 -5.5942 67.5
2 24 1.5 0 67.5 1.5 -5.5942 67.5
2 24 -10 0 -10 8.2697 0 -10
2 24 -6.25 0 -7.5 -1.5 0 -7.5
2 24 7 0 -7.5 1.5 0 -7.5
2 24 7 0 -7.5 1.5 0 -7.5
2 24 -1.5 -5.5942 -7.5 -6.25 -5.5942 -7.5
2 24 -1.5 -5.5942 -7.5 -1.5 -6.1775 -6.0125
2 24 -6.25 -6.3049 -5.67 -6.25 -5.5942 -7.5
2 24 -6.25 0 -7.5 -6.25 -5.5942 -7.5
2 24 -6.25 0 -7.5 -1.5 0 -7.5
2 24 -6.25 -5.5942 -7.5 -1.5 -5.5942 -7.5
2 24 -1.5 0 -7.5 -1.5 -5.5942 -7.5
2 24 -1.5 -6.1775 -6.0125 1.5 -6.1875 -6.0125
2 24 6.9784 -6.3049 -5.67 6.9784 -5.5942 -7.5
2 24 6.9784 -5.5942 -7.5 1.5 -5.5942 -7.5
2 24 1.5 -6.1875 -6.0125 1.5 -5.5942 -7.5
2 24 -1.5 -6.1775 -6.0125 -1.5 0 -6.0125
2 24 -1.5 -6.1775 -6.0125 -1.5 -5.5942 -7.5
2 24 -1.5 0 -6.0125 -1.5 0 -7.5
2 24 -1.5 -5.5942 -7.5 -1.5 0 -7.5
2 24 -1.5 0 -6.0125 -1.5 -6.1775 -6.0125
2 24 -1.5 0 -6.0125 1.5 0 -6.0125
2 24 -1.5 -6.1775 -6.0125 1.5 -6.1875 -6.0125
2 24 1.5 0 -6.0125 1.5 -6.1875 -6.0125
2 24 1.5 -6.1875 -6.0125 1.5 -5.5942 -7.5
2 24 1.5 -6.1875 -6.0125 1.5 0 -6.0125
2 24 1.5 -5.5942 -7.5 1.5 0 -7.5
2 24 1.5 0 -6.0125 1.5 0 -7.5
2 24 -1.5 0 -7.5 -1.5 0 -6.0125
2 24 -1.5 0 -6.0125 1.5 0 -6.0125
2 24 1.5 0 -7.5 1.5 0 -6.0125
2 24 6.9784 -5.25 -7.5 6.9784 -5.5942 -7.5
2 24 6.9784 -5.5942 -7.5 1.5 -5.5942 -7.5
2 24 1.5 0 -7.5 1.5 -5.5942 -7.5
2 24 35.5396 0 53.1983 33.1983 0 55.5396
2 24 37.3124 0 54.2218 34.2218 0 57.3123
2 24 34.2218 0 57.3123 30 0 58.4436
2 24 33.1983 0 55.5396 30 0 56.3966
2 24 30 0 56.3966 26.8017 0 55.5396
2 24 30 0 58.4436 25.7782 0 57.3123
2 24 26.8017 0 55.5396 24.4604 0 53.1983
2 24 25.7782 0 57.3123 22.6877 0 54.2218
2 24 24.4604 0 53.1983 23.6034 0 50
2 24 22.6877 0 54.2218 21.5565 0 50
2 24 23.6034 0 50 24.4604 0 46.8017
2 24 21.5565 0 50 22.6877 0 45.7782
2 24 24.4604 0 46.8017 26.8017 0 44.4604
2 24 22.6877 0 45.7782 25.7782 0 42.6877
2 24 26.8017 0 44.4604 30 0 43.6034
2 24 25.7782 0 42.6877 30 0 41.5565
2 24 30 0 43.6034 33.1983 0 44.4604
2 24 30 0 41.5565 34.2218 0 42.6877
2 24 33.1983 0 44.4604 35.5396 0 46.8017
2 24 34.2218 0 42.6877 37.3124 0 45.7782
2 24 35.5396 0 46.8017 36.3966 0 50
2 24 37.3124 0 45.7782 38.4436 0 50
2 24 35.5396 0 53.1983 36.3966 0 50
2 24 37.3124 0 54.2218 38.4436 0 50
2 24 30 -5.25 58.4436 34.2218 -5.25 57.3123
2 24 30 0 58.4436 34.2218 0 57.3123
2 24 30 -5.25 58.4436 25.7782 -5.25 57.3123
2 24 30 0 58.4436 25.7782 0 57.3123
2 24 25.7782 -5.25 57.3123 22.6877 -5.25 54.2218
2 24 25.7782 0 57.3123 22.6877 0 54.2218
2 24 22.6877 -5.25 54.2218 21.5565 -5.25 50
2 24 22.6877 0 54.2218 21.5565 0 50
2 24 21.5565 -5.25 50 22.6877 -5.25 45.7782
2 24 21.5565 0 50 22.6877 0 45.7782
2 24 22.6877 -5.25 45.7782 25.7782 -5.25 42.6877
2 24 22.6877 0 45.7782 25.7782 0 42.6877
2 24 25.7782 -5.25 42.6877 30 -5.25 41.5565
2 24 25.7782 0 42.6877 30 0 41.5565
2 24 30 -5.25 41.5565 34.2218 -5.25 42.6877
2 24 30 0 41.5565 34.2218 0 42.6877
2 24 34.2218 -5.25 42.6877 37.3124 -5.25 45.7782
2 24 34.2218 0 42.6877 37.3124 0 45.7782
2 24 37.3124 -5.25 45.7782 38.4436 -5.25 50
2 24 37.3124 0 45.7782 38.4436 0 50
2 24 38.4436 -5.25 50 37.3124 -5.25 54.2218
2 24 38.4436 0 50 37.3124 0 54.2218
2 24 33.1983 0 55.5396 35.5396 0 53.1983
2 24 33.1983 -5.0063 55.5396 35.5396 -5.0063 53.1983
2 24 33.1983 0 55.5396 30 0 56.3966
2 24 33.1983 -5.0063 55.5396 30 -5.0063 56.3966
2 24 30 0 56.3966 26.8017 0 55.5396
2 24 30 -5.0063 56.3966 26.8017 -5.0063 55.5396
2 24 26.8017 0 55.5396 24.4604 0 53.1983
2 24 26.8017 -5.0063 55.5396 24.4604 -5.0063 53.1983
2 24 24.4604 0 53.1983 23.6034 0 50
2 24 24.4604 -5.0063 53.1983 23.6034 -5.0063 50
2 24 23.6034 0 50 24.4604 0 46.8017
2 24 23.6034 -5.0063 50 24.4604 -5.0063 46.8017
2 24 24.4604 0 46.8017 26.8017 0 44.4604
2 24 24.4604 -5.0063 46.8017 26.8017 -5.0063 44.4604
2 24 26.8017 0 44.4604 30 0 43.6034
2 24 26.8017 -5.0063 44.4604 30 -5.0063 43.6034
2 24 30 0 43.6034 33.1983 0 44.4604
2 24 30 -5.0063 43.6034 33.1983 -5.0063 44.4604
2 24 33.1983 0 44.4604 35.5396 0 46.8017
2 24 33.1983 -5.0063 44.4604 35.5396 -5.0063 46.8017
2 24 35.5396 0 46.8017 36.3966 0 50
2 24 35.5396 -5.0063 46.8017 36.3966 -5.0063 50
2 24 35.5396 0 53.1983 36.3966 0 50
2 24 35.5396 -5.0063 53.1983 36.3966 -5.0063 50
2 24 34.2218 0 57.3123 37.3124 0 54.2218
2 24 34.2218 -5.25 57.3123 37.3124 -5.25 54.2218
2 24 35.5396 0 13.1983 33.1983 0 15.5396
2 24 37.3124 0 14.2218 34.2218 0 17.3123
2 24 34.2218 0 17.3123 30 0 18.4436
2 24 33.1983 0 15.5396 30 0 16.3966
2 24 30 0 16.3966 26.8017 0 15.5396
2 24 30 0 18.4436 25.7782 0 17.3123
2 24 26.8017 0 15.5396 24.4604 0 13.1983
2 24 25.7782 0 17.3123 22.6877 0 14.2218
2 24 24.4604 0 13.1983 23.6034 0 10
2 24 22.6877 0 14.2218 21.5565 0 10
2 24 23.6034 0 10 24.4604 0 6.8017
2 24 21.5565 0 10 22.6877 0 5.7782
2 24 24.4604 0 6.8017 26.8017 0 4.4604
2 24 22.6877 0 5.7782 25.7782 0 2.6877
2 24 26.8017 0 4.4604 30 0 3.6034
2 24 25.7782 0 2.6877 30 0 1.5564
2 24 30 0 3.6034 33.1983 0 4.4604
2 24 30 0 1.5564 34.2218 0 2.6877
2 24 33.1983 0 4.4604 35.5396 0 6.8017
2 24 34.2218 0 2.6877 37.3124 0 5.7782
2 24 35.5396 0 6.8017 36.3966 0 10
2 24 37.3124 0 5.7782 38.4436 0 10
2 24 35.5396 0 13.1983 36.3966 0 10
2 24 37.3124 0 14.2218 38.4436 0 10
2 24 30 -5.25 18.4436 34.2218 -5.25 17.3123
2 24 30 0 18.4436 34.2218 0 17.3123
2 24 30 -5.25 18.4436 25.7782 -5.25 17.3123
2 24 30 0 18.4436 25.7782 0 17.3123
2 24 25.7782 -5.25 17.3123 22.6877 -5.25 14.2218
2 24 25.7782 0 17.3123 22.6877 0 14.2218
2 24 22.6877 -5.25 14.2218 21.5565 -5.25 10
2 24 22.6877 0 14.2218 21.5565 0 10
2 24 21.5565 -5.25 10 22.6877 -5.25 5.7782
2 24 21.5565 0 10 22.6877 0 5.7782
2 24 22.6877 -5.25 5.7782 25.7782 -5.25 2.6877
2 24 22.6877 0 5.7782 25.7782 0 2.6877
2 24 25.7782 -5.25 2.6877 30 -5.25 1.5564
2 24 25.7782 0 2.6877 30 0 1.5564
2 24 30 -5.25 1.5564 34.2218 -5.25 2.6877
2 24 30 0 1.5564 34.2218 0 2.6877
2 24 34.2218 -5.25 2.6877 37.3124 -5.25 5.7782
2 24 34.2218 0 2.6877 37.3124 0 5.7782
2 24 37.3124 -5.25 5.7782 38.4436 -5.25 10
2 24 37.3124 0 5.7782 38.4436 0 10
2 24 38.4436 -5.25 10 37.3124 -5.25 14.2218
2 24 38.4436 0 10 37.3124 0 14.2218
2 24 33.1983 0 15.5396 35.5396 0 13.1983
2 24 33.1983 -5.0063 15.5396 35.5396 -5.0063 13.1983
2 24 33.1983 0 15.5396 30 0 16.3966
2 24 33.1983 -5.0063 15.5396 30 -5.0063 16.3966
2 24 30 0 16.3966 26.8017 0 15.5396
2 24 30 -5.0063 16.3966 26.8017 -5.0063 15.5396
2 24 26.8017 0 15.5396 24.4604 0 13.1983
2 24 26.8017 -5.0063 15.5396 24.4604 -5.0063 13.1983
2 24 24.4604 0 13.1983 23.6034 0 10
2 24 24.4604 -5.0063 13.1983 23.6034 -5.0063 10
2 24 23.6034 0 10 24.4604 0 6.8017
2 24 23.6034 -5.0063 10 24.4604 -5.0063 6.8017
2 24 24.4604 0 6.8017 26.8017 0 4.4604
2 24 24.4604 -5.0063 6.8017 26.8017 -5.0063 4.4604
2 24 26.8017 0 4.4604 30 0 3.6034
2 24 26.8017 -5.0063 4.4604 30 -5.0063 3.6034
2 24 30 0 3.6034 33.1983 0 4.4604
2 24 30 -5.0063 3.6034 33.1983 -5.0063 4.4604
2 24 33.1983 0 4.4604 35.5396 0 6.8017
2 24 33.1983 -5.0063 4.4604 35.5396 -5.0063 6.8017
2 24 35.5396 0 6.8017 36.3966 0 10
2 24 35.5396 -5.0063 6.8017 36.3966 -5.0063 10
2 24 35.5396 0 13.1983 36.3966 0 10
2 24 35.5396 -5.0063 13.1983 36.3966 -5.0063 10
2 24 34.2218 0 17.3123 37.3124 0 14.2218
2 24 34.2218 -5.25 17.3123 37.3124 -5.25 14.2218
2 24 15.5396 0 33.1983 13.1983 0 35.5396
2 24 17.3124 0 34.2218 14.2218 0 37.3123
2 24 14.2218 0 37.3123 10 0 38.4436
2 24 13.1983 0 35.5396 10 0 36.3966
2 24 10 0 36.3966 6.8017 0 35.5396
2 24 10 0 38.4436 5.7782 0 37.3123
2 24 6.8017 0 35.5396 4.4604 0 33.1983
2 24 5.7782 0 37.3123 2.6876 0 34.2218
2 24 4.4604 0 33.1983 3.6034 0 30
2 24 2.6876 0 34.2218 1.5564 0 30
2 24 3.6034 0 30 4.4604 0 26.8017
2 24 1.5564 0 30 2.6876 0 25.7782
2 24 4.4604 0 26.8017 6.8017 0 24.4604
2 24 2.6876 0 25.7782 5.7782 0 22.6877
2 24 6.8017 0 24.4604 10 0 23.6034
2 24 5.7782 0 22.6877 10 0 21.5565
2 24 10 0 23.6034 13.1983 0 24.4604
2 24 10 0 21.5565 14.2218 0 22.6877
2 24 13.1983 0 24.4604 15.5396 0 26.8017
2 24 14.2218 0 22.6877 17.3124 0 25.7782
2 24 15.5396 0 26.8017 16.3966 0 30
2 24 17.3124 0 25.7782 18.4436 0 30
2 24 15.5396 0 33.1983 16.3966 0 30
2 24 17.3124 0 34.2218 18.4436 0 30
2 24 10 -5.25 38.4436 14.2218 -5.25 37.3123
2 24 10 0 38.4436 14.2218 0 37.3123
2 24 10 -5.25 38.4436 5.7782 -5.25 37.3123
2 24 10 0 38.4436 5.7782 0 37.3123
2 24 5.7782 -5.25 37.3123 2.6876 -5.25 34.2218
2 24 5.7782 0 37.3123 2.6876 0 34.2218
2 24 2.6876 -5.25 34.2218 1.5564 -5.25 30
2 24 2.6876 0 34.2218 1.5564 0 30
2 24 1.5564 -5.25 30 2.6876 -5.25 25.7782
2 24 1.5564 0 30 2.6876 0 25.7782
2 24 2.6876 -5.25 25.7782 5.7782 -5.25 22.6877
2 24 2.6876 0 25.7782 5.7782 0 22.6877
2 24 5.7782 -5.25 22.6877 10 -5.25 21.5565
2 24 5.7782 0 22.6877 10 0 21.5565
2 24 10 -5.25 21.5565 14.2218 -5.25 22.6877
2 24 10 0 21.5565 14.2218 0 22.6877
2 24 14.2218 -5.25 22.6877 17.3124 -5.25 25.7782
2 24 14.2218 0 22.6877 17.3124 0 25.7782
2 24 17.3124 -5.25 25.7782 18.4436 -5.25 30
2 24 17.3124 0 25.7782 18.4436 0 30
2 24 18.4436 -5.25 30 17.3124 -5.25 34.2218
2 24 18.4436 0 30 17.3124 0 34.2218
2 24 13.1983 0 35.5396 15.5396 0 33.1983
2 24 13.1983 -5.0063 35.5396 15.5396 -5.0063 33.1983
2 24 13.1983 0 35.5396 10 0 36.3966
2 24 13.1983 -5.0063 35.5396 10 -5.0063 36.3966
2 24 10 0 36.3966 6.8017 0 35.5396
2 24 10 -5.0063 36.3966 6.8017 -5.0063 35.5396
2 24 6.8017 0 35.5396 4.4604 0 33.1983
2 24 6.8017 -5.0063 35.5396 4.4604 -5.0063 33.1983
2 24 4.4604 0 33.1983 3.6034 0 30
2 24 4.4604 -5.0063 33.1983 3.6034 -5.0063 30
2 24 3.6034 0 30 4.4604 0 26.8017
2 24 3.6034 -5.0063 30 4.4604 -5.0063 26.8017
2 24 4.4604 0 26.8017 6.8017 0 24.4604
2 24 4.4604 -5.0063 26.8017 6.8017 -5.0063 24.4604
2 24 6.8017 0 24.4604 10 0 23.6034
2 24 6.8017 -5.0063 24.4604 10 -5.0063 23.6034
2 24 10 0 23.6034 13.1983 0 24.4604
2 24 10 -5.0063 23.6034 13.1983 -5.0063 24.4604
2 24 13.1983 0 24.4604 15.5396 0 26.8017
2 24 13.1983 -5.0063 24.4604 15.5396 -5.0063 26.8017
2 24 15.5396 0 26.8017 16.3966 0 30
2 24 15.5396 -5.0063 26.8017 16.3966 -5.0063 30
2 24 15.5396 0 33.1983 16.3966 0 30
2 24 15.5396 -5.0063 33.1983 16.3966 -5.0063 30
2 24 14.2218 0 37.3123 17.3124 0 34.2218
2 24 14.2218 -5.25 37.3123 17.3124 -5.25 34.2218
2 24 14.5856 -12.45 36.874 16.874 -12.45 34.5856
2 24 16.874 -12.45 34.5856 20 -12.45 33.748
2 24 20 -12.45 33.748 23.126 -12.45 34.5856
2 24 23.126 -12.45 34.5856 25.4144 -12.45 36.874
2 24 25.4144 -12.45 36.874 26.252 -12.45 40
2 24 26.252 -12.45 40 25.4144 -12.45 43.126
2 24 25.4144 -12.45 43.126 23.126 -12.45 45.4144
2 24 23.126 -12.45 45.4144 20 -12.45 46.252
2 24 20 -12.45 46.252 16.874 -12.45 45.4144
2 24 16.874 -12.45 45.4144 14.5856 -12.45 43.126
2 24 14.5856 -12.45 43.126 13.748 -12.45 40
2 24 14.5856 -12.45 36.874 13.748 -12.45 40
2 24 14.5856 -8 36.874 16.874 -8 34.5856
2 24 14.5856 -12.45 36.874 16.874 -12.45 34.5856
2 24 16.874 -8 34.5856 20 -8 33.748
2 24 16.874 -12.45 34.5856 20 -12.45 33.748
2 24 20 -8 33.748 23.126 -8 34.5856
2 24 20 -12.45 33.748 23.126 -12.45 34.5856
2 24 23.126 -8 34.5856 25.4144 -8 36.874
2 24 23.126 -12.45 34.5856 25.4144 -12.45 36.874
2 24 25.4144 -8 36.874 26.252 -8 40
2 24 25.4144 -12.45 36.874 26.252 -12.45 40
2 24 26.252 -8 40 25.4144 -8 43.126
2 24 26.252 -12.45 40 25.4144 -12.45 43.126
2 24 25.4144 -8 43.126 23.126 -8 45.4144
2 24 25.4144 -12.45 43.126 23.126 -12.45 45.4144
2 24 23.126 -8 45.4144 20 -8 46.252
2 24 23.126 -12.45 45.4144 20 -12.45 46.252
2 24 20 -8 46.252 16.874 -8 45.4144
2 24 20 -12.45 46.252 16.874 -12.45 45.4144
2 24 16.874 -8 45.4144 14.5856 -8 43.126
2 24 16.874 -12.45 45.4144 14.5856 -12.45 43.126
2 24 14.5856 -8 43.126 13.748 -8 40
2 24 14.5856 -12.45 43.126 13.748 -12.45 40
2 24 14.5856 -8 36.874 13.748 -8 40
2 24 14.5856 -12.45 36.874 13.748 -12.45 40
2 24 14.5856 -12.45 -3.126 16.874 -12.45 -5.4144
2 24 16.874 -12.45 -5.4144 20 -12.45 -6.252
2 24 20 -12.45 -6.252 23.126 -12.45 -5.4144
2 24 23.126 -12.45 -5.4144 25.4144 -12.45 -3.126
2 24 25.4144 -12.45 -3.126 26.252 -12.45 0
2 24 26.252 -12.45 0 25.4144 -12.45 3.126
2 24 25.4144 -12.45 3.126 23.126 -12.45 5.4144
2 24 23.126 -12.45 5.4144 20 -12.45 6.252
2 24 20 -12.45 6.252 16.874 -12.45 5.4144
2 24 16.874 -12.45 5.4144 14.5856 -12.45 3.126
2 24 14.5856 -12.45 3.126 13.748 -12.45 0
2 24 14.5856 -12.45 -3.126 13.748 -12.45 0
2 24 14.5856 -8 -3.126 16.874 -8 -5.4144
2 24 14.5856 -12.45 -3.126 16.874 -12.45 -5.4144
2 24 16.874 -8 -5.4144 20 -8 -6.252
2 24 16.874 -12.45 -5.4144 20 -12.45 -6.252
2 24 20 -8 -6.252 23.126 -8 -5.4144
2 24 20 -12.45 -6.252 23.126 -12.45 -5.4144
2 24 23.126 -8 -5.4144 25.4144 -8 -3.126
2 24 23.126 -12.45 -5.4144 25.4144 -12.45 -3.126
2 24 25.4144 -8 -3.126 26.252 -8 0
2 24 25.4144 -12.45 -3.126 26.252 -12.45 0
2 24 26.252 -8 0 25.4144 -8 3.126
2 24 26.252 -12.45 0 25.4144 -12.45 3.126
2 24 25.4144 -8 3.126 23.126 -8 5.4144
2 24 25.4144 -12.45 3.126 23.126 -12.45 5.4144
2 24 23.126 -8 5.4144 20 -8 6.252
2 24 23.126 -12.45 5.4144 20 -12.45 6.252
2 24 20 -8 6.252 16.874 -8 5.4144
2 24 20 -12.45 6.252 16.874 -12.45 5.4144
2 24 16.874 -8 5.4144 14.5856 -8 3.126
2 24 16.874 -12.45 5.4144 14.5856 -12.45 3.126
2 24 14.5856 -8 3.126 13.748 -8 0
2 24 14.5856 -12.45 3.126 13.748 -12.45 0
2 24 14.5856 -8 -3.126 13.748 -8 0
2 24 14.5856 -12.45 -3.126 13.748 -12.45 0
2 24 14.5856 -12.45 16.874 16.874 -12.45 14.5856
2 24 16.874 -12.45 14.5856 20 -12.45 13.748
2 24 20 -12.45 13.748 23.126 -12.45 14.5856
2 24 23.126 -12.45 14.5856 25.4144 -12.45 16.874
2 24 25.4144 -12.45 16.874 26.252 -12.45 20
2 24 26.252 -12.45 20 25.4144 -12.45 23.126
2 24 25.4144 -12.45 23.126 23.126 -12.45 25.4144
2 24 23.126 -12.45 25.4144 20 -12.45 26.252
2 24 20 -12.45 26.252 16.874 -12.45 25.4144
2 24 16.874 -12.45 25.4144 14.5856 -12.45 23.126
2 24 14.5856 -12.45 23.126 13.748 -12.45 20
2 24 14.5856 -12.45 16.874 13.748 -12.45 20
2 24 14.5856 -8 16.874 16.874 -8 14.5856
2 24 14.5856 -12.45 16.874 16.874 -12.45 14.5856
2 24 16.874 -8 14.5856 20 -8 13.748
2 24 16.874 -12.45 14.5856 20 -12.45 13.748
2 24 20 -8 13.748 23.126 -8 14.5856
2 24 20 -12.45 13.748 23.126 -12.45 14.5856
2 24 23.126 -8 14.5856 25.4144 -8 16.874
2 24 23.126 -12.45 14.5856 25.4144 -12.45 16.874
2 24 25.4144 -8 16.874 26.252 -8 20
2 24 25.4144 -12.45 16.874 26.252 -12.45 20
2 24 26.252 -8 20 25.4144 -8 23.126
2 24 26.252 -12.45 20 25.4144 -12.45 23.126
2 24 25.4144 -8 23.126 23.126 -8 25.4144
2 24 25.4144 -12.45 23.126 23.126 -12.45 25.4144
2 24 23.126 -8 25.4144 20 -8 26.252
2 24 23.126 -12.45 25.4144 20 -12.45 26.252
2 24 20 -8 26.252 16.874 -8 25.4144
2 24 20 -12.45 26.252 16.874 -12.45 25.4144
2 24 16.874 -8 25.4144 14.5856 -8 23.126
2 24 16.874 -12.45 25.4144 14.5856 -12.45 23.126
2 24 14.5856 -8 23.126 13.748 -8 20
2 24 14.5856 -12.45 23.126 13.748 -12.45 20
2 24 14.5856 -8 16.874 13.748 -8 20
2 24 14.5856 -12.45 16.874 13.748 -12.45 20
2 24 34.5856 -12.45 16.874 36.874 -12.45 14.5856
2 24 36.874 -12.45 14.5856 40 -12.45 13.748
2 24 40 -12.45 13.748 43.126 -12.45 14.5856
2 24 43.126 -12.45 14.5856 45.4144 -12.45 16.874
2 24 45.4144 -12.45 16.874 46.252 -12.45 20
2 24 46.252 -12.45 20 45.4144 -12.45 23.126
2 24 45.4144 -12.45 23.126 43.126 -12.45 25.4144
2 24 43.126 -12.45 25.4144 40 -12.45 26.252
2 24 40 -12.45 26.252 36.874 -12.45 25.4144
2 24 36.874 -12.45 25.4144 34.5856 -12.45 23.126
2 24 34.5856 -12.45 23.126 33.748 -12.45 20
2 24 34.5856 -12.45 16.874 33.748 -12.45 20
2 24 34.5856 -8 16.874 36.874 -8 14.5856
2 24 34.5856 -12.45 16.874 36.874 -12.45 14.5856
2 24 36.874 -8 14.5856 40 -8 13.748
2 24 36.874 -12.45 14.5856 40 -12.45 13.748
2 24 40 -8 13.748 43.126 -8 14.5856
2 24 40 -12.45 13.748 43.126 -12.45 14.5856
2 24 43.126 -8 14.5856 45.4144 -8 16.874
2 24 43.126 -12.45 14.5856 45.4144 -12.45 16.874
2 24 45.4144 -8 16.874 46.252 -8 20
2 24 45.4144 -12.45 16.874 46.252 -12.45 20
2 24 46.252 -8 20 45.4144 -8 23.126
2 24 46.252 -12.45 20 45.4144 -12.45 23.126
2 24 45.4144 -8 23.126 43.126 -8 25.4144
2 24 45.4144 -12.45 23.126 43.126 -12.45 25.4144
2 24 43.126 -8 25.4144 40 -8 26.252
2 24 43.126 -12.45 25.4144 40 -12.45 26.252
2 24 40 -8 26.252 36.874 -8 25.4144
2 24 40 -12.45 26.252 36.874 -12.45 25.4144
2 24 36.874 -8 25.4144 34.5856 -8 23.126
2 24 36.874 -12.45 25.4144 34.5856 -12.45 23.126
2 24 34.5856 -8 23.126 33.748 -8 20
2 24 34.5856 -12.45 23.126 33.748 -12.45 20
2 24 34.5856 -8 16.874 33.748 -8 20
2 24 34.5856 -12.45 16.874 33.748 -12.45 20
2 24 -5.4144 -12.45 36.874 -3.126 -12.45 34.5856
2 24 -3.126 -12.45 34.5856 0 -12.45 33.748
2 24 0 -12.45 33.748 3.126 -12.45 34.5856
2 24 3.126 -12.45 34.5856 5.4144 -12.45 36.874
2 24 5.4144 -12.45 36.874 6.252 -12.45 40
2 24 6.252 -12.45 40 5.4144 -12.45 43.126
2 24 5.4144 -12.45 43.126 3.126 -12.45 45.4144
2 24 3.126 -12.45 45.4144 0 -12.45 46.252
2 24 0 -12.45 46.252 -3.126 -12.45 45.4144
2 24 -3.126 -12.45 45.4144 -5.4144 -12.45 43.126
2 24 -5.4144 -12.45 43.126 -6.252 -12.45 40
2 24 -5.4144 -12.45 36.874 -6.252 -12.45 40
2 24 -5.4144 -8 36.874 -3.126 -8 34.5856
2 24 -5.4144 -12.45 36.874 -3.126 -12.45 34.5856
2 24 -3.126 -8 34.5856 0 -8 33.748
2 24 -3.126 -12.45 34.5856 0 -12.45 33.748
2 24 0 -8 33.748 3.126 -8 34.5856
2 24 0 -12.45 33.748 3.126 -12.45 34.5856
2 24 3.126 -8 34.5856 5.4144 -8 36.874
2 24 3.126 -12.45 34.5856 5.4144 -12.45 36.874
2 24 5.4144 -8 36.874 6.252 -8 40
2 24 5.4144 -12.45 36.874 6.252 -12.45 40
2 24 6.252 -8 40 5.4144 -8 43.126
2 24 6.252 -12.45 40 5.4144 -12.45 43.126
2 24 5.4144 -8 43.126 3.126 -8 45.4144
2 24 5.4144 -12.45 43.126 3.126 -12.45 45.4144
2 24 3.126 -8 45.4144 0 -8 46.252
2 24 3.126 -12.45 45.4144 0 -12.45 46.252
2 24 0 -8 46.252 -3.126 -8 45.4144
2 24 0 -12.45 46.252 -3.126 -12.45 45.4144
2 24 -3.126 -8 45.4144 -5.4144 -8 43.126
2 24 -3.126 -12.45 45.4144 -5.4144 -12.45 43.126
2 24 -5.4144 -8 43.126 -6.252 -8 40
2 24 -5.4144 -12.45 43.126 -6.252 -12.45 40
2 24 -5.4144 -8 36.874 -6.252 -8 40
2 24 -5.4144 -12.45 36.874 -6.252 -12.45 40
2 24 14.5856 -12.45 56.874 16.874 -12.45 54.5856
2 24 16.874 -12.45 54.5856 20 -12.45 53.748
2 24 20 -12.45 53.748 23.126 -12.45 54.5856
2 24 23.126 -12.45 54.5856 25.4144 -12.45 56.874
2 24 25.4144 -12.45 56.874 26.252 -12.45 60
2 24 26.252 -12.45 60 25.4144 -12.45 63.126
2 24 25.4144 -12.45 63.126 23.126 -12.45 65.4144
2 24 23.126 -12.45 65.4144 20 -12.45 66.252
2 24 20 -12.45 66.252 16.874 -12.45 65.4144
2 24 16.874 -12.45 65.4144 14.5856 -12.45 63.126
2 24 14.5856 -12.45 63.126 13.748 -12.45 60
2 24 14.5856 -12.45 56.874 13.748 -12.45 60
2 24 14.5856 -8 56.874 16.874 -8 54.5856
2 24 14.5856 -12.45 56.874 16.874 -12.45 54.5856
2 24 16.874 -8 54.5856 20 -8 53.748
2 24 16.874 -12.45 54.5856 20 -12.45 53.748
2 24 20 -8 53.748 23.126 -8 54.5856
2 24 20 -12.45 53.748 23.126 -12.45 54.5856
2 24 23.126 -8 54.5856 25.4144 -8 56.874
2 24 23.126 -12.45 54.5856 25.4144 -12.45 56.874
2 24 25.4144 -8 56.874 26.252 -8 60
2 24 25.4144 -12.45 56.874 26.252 -12.45 60
2 24 26.252 -8 60 25.4144 -8 63.126
2 24 26.252 -12.45 60 25.4144 -12.45 63.126
2 24 25.4144 -8 63.126 23.126 -8 65.4144
2 24 25.4144 -12.45 63.126 23.126 -12.45 65.4144
2 24 23.126 -8 65.4144 20 -8 66.252
2 24 23.126 -12.45 65.4144 20 -12.45 66.252
2 24 20 -8 66.252 16.874 -8 65.4144
2 24 20 -12.45 66.252 16.874 -12.45 65.4144
2 24 16.874 -8 65.4144 14.5856 -8 63.126
2 24 16.874 -12.45 65.4144 14.5856 -12.45 63.126
2 24 14.5856 -8 63.126 13.748 -8 60
2 24 14.5856 -12.45 63.126 13.748 -12.45 60
2 24 14.5856 -8 56.874 13.748 -8 60
2 24 14.5856 -12.45 56.874 13.748 -12.45 60
2 24 -5.4144 -12.45 16.874 -3.126 -12.45 14.5856
2 24 -3.126 -12.45 14.5856 0 -12.45 13.748
2 24 0 -12.45 13.748 3.126 -12.45 14.5856
2 24 3.126 -12.45 14.5856 5.4144 -12.45 16.874
2 24 5.4144 -12.45 16.874 6.252 -12.45 20
2 24 6.252 -12.45 20 5.4144 -12.45 23.126
2 24 5.4144 -12.45 23.126 3.126 -12.45 25.4144
2 24 3.126 -12.45 25.4144 0 -12.45 26.252
2 24 0 -12.45 26.252 -3.126 -12.45 25.4144
2 24 -3.126 -12.45 25.4144 -5.4144 -12.45 23.126
2 24 -5.4144 -12.45 23.126 -6.252 -12.45 20
2 24 -5.4144 -12.45 16.874 -6.252 -12.45 20
2 24 -5.4144 -8 16.874 -3.126 -8 14.5856
2 24 -5.4144 -12.45 16.874 -3.126 -12.45 14.5856
2 24 -3.126 -8 14.5856 0 -8 13.748
2 24 -3.126 -12.45 14.5856 0 -12.45 13.748
2 24 0 -8 13.748 3.126 -8 14.5856
2 24 0 -12.45 13.748 3.126 -12.45 14.5856
2 24 3.126 -8 14.5856 5.4144 -8 16.874
2 24 3.126 -12.45 14.5856 5.4144 -12.45 16.874
2 24 5.4144 -8 16.874 6.252 -8 20
2 24 5.4144 -12.45 16.874 6.252 -12.45 20
2 24 6.252 -8 20 5.4144 -8 23.126
2 24 6.252 -12.45 20 5.4144 -12.45 23.126
2 24 5.4144 -8 23.126 3.126 -8 25.4144
2 24 5.4144 -12.45 23.126 3.126 -12.45 25.4144
2 24 3.126 -8 25.4144 0 -8 26.252
2 24 3.126 -12.45 25.4144 0 -12.45 26.252
2 24 0 -8 26.252 -3.126 -8 25.4144
2 24 0 -12.45 26.252 -3.126 -12.45 25.4144
2 24 -3.126 -8 25.4144 -5.4144 -8 23.126
2 24 -3.126 -12.45 25.4144 -5.4144 -12.45 23.126
2 24 -5.4144 -8 23.126 -6.252 -8 20
2 24 -5.4144 -12.45 23.126 -6.252 -12.45 20
2 24 -5.4144 -8 16.874 -6.252 -8 20
2 24 -5.4144 -12.45 16.874 -6.252 -12.45 20
2 24 34.5856 -12.45 36.874 36.874 -12.45 34.5856
2 24 36.874 -12.45 34.5856 40 -12.45 33.748
2 24 40 -12.45 33.748 43.126 -12.45 34.5856
2 24 43.126 -12.45 34.5856 45.4144 -12.45 36.874
2 24 45.4144 -12.45 36.874 46.252 -12.45 40
2 24 46.252 -12.45 40 45.4144 -12.45 43.126
2 24 45.4144 -12.45 43.126 43.126 -12.45 45.4144
2 24 43.126 -12.45 45.4144 40 -12.45 46.252
2 24 40 -12.45 46.252 36.874 -12.45 45.4144
2 24 36.874 -12.45 45.4144 34.5856 -12.45 43.126
2 24 34.5856 -12.45 43.126 33.748 -12.45 40
2 24 34.5856 -12.45 36.874 33.748 -12.45 40
2 24 34.5856 -8 36.874 36.874 -8 34.5856
2 24 34.5856 -12.45 36.874 36.874 -12.45 34.5856
2 24 36.874 -8 34.5856 40 -8 33.748
2 24 36.874 -12.45 34.5856 40 -12.45 33.748
2 24 40 -8 33.748 43.126 -8 34.5856
2 24 40 -12.45 33.748 43.126 -12.45 34.5856
2 24 43.126 -8 34.5856 45.4144 -8 36.874
2 24 43.126 -12.45 34.5856 45.4144 -12.45 36.874
2 24 45.4144 -8 36.874 46.252 -8 40
2 24 45.4144 -12.45 36.874 46.252 -12.45 40
2 24 46.252 -8 40 45.4144 -8 43.126
2 24 46.252 -12.45 40 45.4144 -12.45 43.126
2 24 45.4144 -8 43.126 43.126 -8 45.4144
2 24 45.4144 -12.45 43.126 43.126 -12.45 45.4144
2 24 43.126 -8 45.4144 40 -8 46.252
2 24 43.126 -12.45 45.4144 40 -12.45 46.252
2 24 40 -8 46.252 36.874 -8 45.4144
2 24 40 -12.45 46.252 36.874 -12.45 45.4144
2 24 36.874 -8 45.4144 34.5856 -8 43.126
2 24 36.874 -12.45 45.4144 34.5856 -12.45 43.126
2 24 34.5856 -8 43.126 33.748 -8 40
2 24 34.5856 -12.45 43.126 33.748 -12.45 40
2 24 34.5856 -8 36.874 33.748 -8 40
2 24 34.5856 -12.45 36.874 33.748 -12.45 40
0 STEP
