0 Technic, Brick 5 x 6 Right Angles (U Shape)
0 Name: bl_7469.dat
0 Author: 
0 BL_Item_No 7469
0 BFC CERTIFY CCW
3 16 7.851 -18.3493 36.6672 7.851 -14.5671 37.6803 9.8 -18.3493 36.6672
3 16 9.8 -18.3493 36.6672 7.851 -14.5671 37.6803 9.8 -14.5671 37.6803
3 16 7.851 -21.1672 33.8493 7.851 -18.3493 36.6672 9.8 -21.1672 33.8493
3 16 9.8 -21.1672 33.8493 7.851 -18.3493 36.6672 9.8 -18.3493 36.6672
3 16 7.851 -22.1986 30 7.851 -21.1672 33.8493 9.8 -22.1986 30
3 16 9.8 -22.1986 30 7.851 -21.1672 33.8493 9.8 -21.1672 33.8493
3 16 7.851 -19.9127 33.125 -7.7491 -19.9127 33.125 7.851 -17.625 35.4127
3 16 7.851 -17.625 35.4127 -7.7491 -19.9127 33.125 -7.7491 -17.625 35.4127
3 16 7.8509 -20.75 30 -7.749 -20.75 30 7.851 -19.9127 33.125
3 16 7.851 -19.9127 33.125 -7.749 -20.75 30 -7.7491 -19.9127 33.125
3 16 7.851 -9.0873 33.125 -7.7491 -9.0873 33.125 7.851 -8.25 30
3 16 7.851 -8.25 30 -7.7491 -9.0873 33.125 -7.7491 -8.25 30
3 16 7.851 -9.0873 33.125 7.851 -11.375 35.4127 -7.7491 -9.0873 33.125
3 16 -7.7491 -9.0873 33.125 7.851 -11.375 35.4127 -7.7491 -11.375 35.4127
3 16 7.851 -11.375 35.4127 7.851 -14.5 36.25 -7.7491 -11.375 35.4127
3 16 -7.7491 -11.375 35.4127 7.851 -14.5 36.25 -7.7491 -14.5 36.25
3 16 7.851 -17.625 35.4127 -7.7491 -17.625 35.4127 7.851 -14.5 36.25
3 16 7.851 -14.5 36.25 -7.7491 -17.625 35.4127 -7.7491 -14.5 36.25
3 16 7.851 -9.0873 33.125 7.851 -8.25 30 7.851 0 37.8137
3 16 7.8509 -20.75 30 7.851 -19.9127 33.125 7.851 -22.1986 30
3 16 7.851 -22.1986 30 7.851 -19.9127 33.125 7.851 -21.1672 33.8493
3 16 7.851 -19.9127 33.125 7.851 -17.625 35.4127 7.851 -21.1672 33.8493
3 16 7.851 -21.1672 33.8493 7.851 -17.625 35.4127 7.851 -18.3493 36.6672
3 16 7.851 -14.5 36.25 7.851 -14.5671 37.6803 7.851 -17.625 35.4127
3 16 7.851 -17.625 35.4127 7.851 -14.5671 37.6803 7.851 -18.3493 36.6672
3 16 -7.7491 -14.5 36.25 -7.749 -14.5 37.75 -7.7491 -11.375 35.4127
3 16 -7.7491 -11.375 35.4127 -7.749 -14.5 37.75 -7.749 -10.625 36.7117
3 16 -7.7491 -11.375 35.4127 -7.749 -10.625 36.7117 -7.7491 -9.0873 33.125
3 16 -7.7491 -9.0873 33.125 -7.749 -10.625 36.7117 -7.749 -7.7883 33.875
3 16 -7.7491 -9.0873 33.125 -7.749 -7.7883 33.875 -7.7491 -8.25 30
3 16 -7.7491 -8.25 30 -7.749 -7.7883 33.875 -7.749 -6.75 30
3 16 -7.749 -20.75 30 -7.749 -22.25 30 -7.7491 -19.9127 33.125
3 16 -7.7491 -19.9127 33.125 -7.749 -22.25 30 -7.749 -21.2117 33.875
3 16 -7.7491 -19.9127 33.125 -7.749 -21.2117 33.875 -7.7491 -17.625 35.4127
3 16 -7.7491 -17.625 35.4127 -7.749 -21.2117 33.875 -7.749 -18.375 36.7117
3 16 -7.7491 -17.625 35.4127 -7.749 -18.375 36.7117 -7.7491 -14.5 36.25
3 16 -7.7491 -14.5 36.25 -7.749 -18.375 36.7117 -7.749 -14.5 37.75
3 16 -9.8 -24 40 -9.8 -21.2117 46.125 -9.8 -21.2117 33.875
3 16 -9.8 -24 40 -9.8 -21.2117 33.875 -9.8 -22.25 30
3 16 -9.8 0 20 -9.8 -6.75 30 -9.8 0 40
3 16 -9.8 0 40 -9.8 -6.75 30 -9.8 -7.7883 33.875
3 16 -6 -8.1945 36.0664 6 -8.1945 36.0664 0 -7.1881 34.8056
3 16 0 -7.1881 34.8056 6 -8.1945 36.0664 6 -7.1796 34.7927
3 16 6 -6.4747 33.4641 1.9991 -6.4747 33.4641 6 -7.1796 34.7927
3 16 4 0 30 0 0 30 3.4641 0 32
3 16 3.4641 0 32 0 0 30 2 0 33.4641
3 16 2 0 33.4641 0 0 30 0 0 34
3 16 4 0 30 3.4641 0 32 3.999 -5.7501 30
3 16 3.999 -5.7501 30 3.4641 0 32 3.4631 -5.966 32
3 16 3.4641 0 32 2 0 33.4641 3.4631 -5.966 32
3 16 3.4631 -5.966 32 2 0 33.4641 1.9991 -6.4747 33.4641
3 16 2 0 33.4641 0 0 34 1.9991 -6.4747 33.4641
3 16 1.9991 -6.4747 33.4641 0 0 34 0 -6.7174 34
3 16 6 -5.7501 30 3.999 -5.7501 30 6 -5.9809 31.9962
3 16 6 -5.9809 31.9962 3.999 -5.7501 30 3.4631 -5.966 32
3 16 6 -7.1796 34.7927 1.9991 -6.4747 33.4641 0 -7.1881 34.8056
3 16 0 -7.1881 34.8056 1.9991 -6.4747 33.4641 0 -6.7174 34
3 16 6 -5.9809 31.9962 3.4631 -5.966 32 6 -6.4747 33.4641
3 16 6 -6.4747 33.4641 3.4631 -5.966 32 1.9991 -6.4747 33.4641
3 16 6 0 37.8137 6 -5.7501 30 6 -5.9809 31.9962
3 16 6 0 37.8137 6 -5.9809 31.9962 6 -6.4747 33.4641
3 16 6 -8.1945 36.0664 6 -8.1945 43.9336 6 0 37.8137
3 16 6 0 37.8137 6 -8.1945 43.9336 6 0 42.1863
3 16 -6 -8.1945 36.0664 0 -7.1881 34.8056 -6 -7.1796 34.7927
3 16 6 -9.7955 37.3765 6 -8.1945 36.0664 -6 -9.7955 37.3765
3 16 -6 -9.7955 37.3765 6 -8.1945 36.0664 -6 -8.1945 36.0664
3 16 6 -11.6593 38.2759 6 -9.7955 37.3765 -6 -11.6593 38.2759
3 16 -6 -11.6593 38.2759 6 -9.7955 37.3765 -6 -9.7955 37.3765
3 16 -6 -14.0421 38.738 6 -14.0421 38.738 -6 -11.6593 38.2759
3 16 -6 -11.6593 38.2759 6 -14.0421 38.738 6 -11.6593 38.2759
3 16 -6 -6.4747 33.4641 -6 -7.1796 34.7927 -1.9991 -6.4747 33.4641
3 16 -4 0 30 -3.4641 0 32 0 0 30
3 16 -3.4641 0 32 -2 0 33.4641 0 0 30
3 16 -2 0 33.4641 0 0 34 0 0 30
3 16 -3.4631 -5.966 32 -3.4641 0 32 -3.999 -5.7501 30
3 16 -3.999 -5.7501 30 -3.4641 0 32 -4 0 30
3 16 -1.9991 -6.4747 33.4641 -2 0 33.4641 -3.4631 -5.966 32
3 16 -3.4631 -5.966 32 -2 0 33.4641 -3.4641 0 32
3 16 0 -6.7174 34 0 0 34 -1.9991 -6.4747 33.4641
3 16 -1.9991 -6.4747 33.4641 0 0 34 -2 0 33.4641
3 16 -6 -5.7501 30 -6 -5.9809 31.9962 -3.999 -5.7501 30
3 16 -3.999 -5.7501 30 -6 -5.9809 31.9962 -3.4631 -5.966 32
3 16 0 -6.7174 34 -1.9991 -6.4747 33.4641 0 -7.1881 34.8056
3 16 0 -7.1881 34.8056 -1.9991 -6.4747 33.4641 -6 -7.1796 34.7927
3 16 -6 -5.9809 31.9962 -6 -6.4747 33.4641 -3.4631 -5.966 32
3 16 -3.4631 -5.966 32 -6 -6.4747 33.4641 -1.9991 -6.4747 33.4641
3 16 -6 -20.75 39.0896 6 -20.75 39.0896 -6 -14.0421 38.738
3 16 -6 -14.0421 38.738 6 -20.75 39.0896 6 -14.0421 38.738
3 16 -6 0 20 -6 0 40 -6 -5.7501 30
3 16 -6 0 40 -6 -5.9809 31.9962 -6 -5.7501 30
3 16 -6 0 40 -6 -6.4747 33.4641 -6 -5.9809 31.9962
3 16 7.851 0 37.8137 9.8 0 37.8137 7.851 -14.5671 37.6803
3 16 7.851 -14.5671 37.6803 9.8 0 37.8137 9.8 -14.5671 37.6803
3 16 7.851 -14.5671 37.6803 7.851 -14.5 36.25 7.851 0 37.8137
3 16 7.851 0 37.8137 7.851 -14.5 36.25 7.851 -11.375 35.4127
3 16 6 -11.6593 38.2759 6 -11.6593 41.7241 6 -9.7955 37.3765
3 16 6 -9.7955 37.3765 6 -11.6593 41.7241 6 -9.7955 42.6235
3 16 6 -14.0421 38.738 6 -14.0421 41.262 6 -11.6593 38.2759
3 16 6 -11.6593 38.2759 6 -14.0421 41.262 6 -11.6593 41.7241
3 16 6 -20.75 39.0896 6 -20.75 40.9105 6 -14.0421 38.738
3 16 6 -14.0421 38.738 6 -20.75 40.9105 6 -14.0421 41.262
3 16 -6 -8.1945 36.0664 -6 -8.1945 43.9336 -6 -9.7955 37.3765
3 16 -6 -9.7955 37.3765 -6 -8.1945 43.9336 -6 -9.7955 42.6235
3 16 -6 -9.7955 37.3765 -6 -9.7955 42.6235 -6 -11.6593 38.2759
3 16 -6 -11.6593 38.2759 -6 -9.7955 42.6235 -6 -11.6593 41.7241
3 16 -6 -11.6593 38.2759 -6 -11.6593 41.7241 -6 -14.0421 38.738
3 16 -6 -14.0421 38.738 -6 -11.6593 41.7241 -6 -14.0421 41.262
3 16 -6 -14.0421 38.738 -6 -14.0421 41.262 -6 -20.75 39.0896
3 16 -6 -20.75 39.0896 -6 -14.0421 41.262 -6 -20.75 40.9105
3 16 6 -20.75 40.9105 6 -20.75 39.0896 -6 -20.75 40.9105
3 16 -6 -20.75 40.9105 6 -20.75 39.0896 -6 -20.75 39.0896
3 16 -6 -7.1796 34.7927 -6 0 40 -6 -8.1945 36.0664
3 16 -6 -7.1796 45.2073 -6 -8.1945 43.9336 -6 0 40
3 16 -6 0 40 -6 -8.1945 43.9336 -6 -8.1945 36.0664
3 16 6 -9.7955 37.3765 6 -9.7955 42.6235 6 -8.1945 36.0664
3 16 6 -8.1945 36.0664 6 -9.7955 42.6235 6 -8.1945 43.9336
3 16 7.851 0 37.8137 7.851 0 42.1863 9.8 0 37.8137
3 16 9.8 0 37.8137 7.851 0 42.1863 9.8 0 42.1863
3 16 6 -6.4747 33.4641 6 -7.1796 34.7927 6 0 37.8137
3 16 6 0 37.8137 6 0 42.1863 7.851 0 37.8137
3 16 7.851 0 37.8137 6 0 42.1863 7.851 0 42.1863
3 16 -6 0 40 -6 -7.1796 34.7927 -6 -6.4747 33.4641
3 16 -6 0 20 -9.8 0 20 -6 0 40
3 16 -6 0 40 -9.8 0 20 -9.8 0 40
3 16 -9.8 -24 40 9.8 -24 30 9.8 -24 40
3 16 9.8 -22.1986 30 9.8 -21.1672 33.8493 9.8 -24 30
3 16 9.8 -24 30 9.8 -21.1672 33.8493 9.8 -24 40
3 16 9.8 0 37.8137 9.8 0 42.1863 9.8 -14.5671 37.6803
3 16 9.8 -14.5671 37.6803 9.8 0 42.1863 9.8 -14.5671 42.3128
3 16 7.851 0 37.8137 7.851 -11.375 35.4127 7.851 -9.0873 33.125
3 16 6 -8.1945 36.0664 6 0 37.8137 6 -7.1796 34.7927
3 16 7.851 -18.3493 56.6672 7.8625 -14.5671 57.6872 9.8 -18.3493 56.6672
3 16 9.8 -18.3493 56.6672 7.8625 -14.5671 57.6872 9.8 -14.5671 57.6872
3 16 7.851 -21.1672 53.8493 7.851 -18.3493 56.6672 9.8 -21.1672 53.8493
3 16 9.8 -21.1672 53.8493 7.851 -18.3493 56.6672 9.8 -18.3493 56.6672
3 16 7.851 -22.1986 50 7.851 -21.1672 53.8493 9.8 -22.1986 50
3 16 9.8 -22.1986 50 7.851 -21.1672 53.8493 9.8 -21.1672 53.8493
3 16 7.851 -21.1672 46.1507 7.851 -22.1986 50 9.8 -21.1672 46.1507
3 16 9.8 -21.1672 46.1507 7.851 -22.1986 50 9.8 -22.1986 50
3 16 7.851 -18.3493 43.3328 7.851 -21.1672 46.1507 9.8 -18.3493 43.3328
3 16 9.8 -18.3493 43.3328 7.851 -21.1672 46.1507 9.8 -21.1672 46.1507
3 16 7.851 -14.5671 42.3128 7.851 -18.3493 43.3328 9.8 -14.5671 42.3128
3 16 9.8 -14.5671 42.3128 7.851 -18.3493 43.3328 9.8 -18.3493 43.3328
3 16 7.851 -19.9127 53.125 -7.7491 -19.9127 53.125 7.851 -17.625 55.4127
3 16 7.851 -17.625 55.4127 -7.7491 -19.9127 53.125 -7.7491 -17.625 55.4127
3 16 7.851 -20.75 50 -7.7491 -20.75 50 7.851 -19.9127 53.125
3 16 7.851 -19.9127 53.125 -7.7491 -20.75 50 -7.7491 -19.9127 53.125
3 16 7.851 -19.9127 46.875 -7.7491 -19.9127 46.875 7.851 -20.75 50
3 16 7.851 -20.75 50 -7.7491 -19.9127 46.875 -7.7491 -20.75 50
3 16 7.851 -17.625 44.5874 -7.7491 -17.625 44.5874 7.851 -19.9127 46.875
3 16 7.851 -19.9127 46.875 -7.7491 -17.625 44.5874 -7.7491 -19.9127 46.875
3 16 7.851 -14.5 43.75 -7.7491 -14.5 43.75 7.851 -17.625 44.5874
3 16 7.851 -17.625 44.5874 -7.7491 -14.5 43.75 -7.7491 -17.625 44.5874
3 16 7.851 -14.5 43.75 7.851 -11.375 44.5874 -7.7491 -14.5 43.75
3 16 -7.7491 -14.5 43.75 7.851 -11.375 44.5874 -7.7491 -11.375 44.5874
3 16 7.851 -11.375 44.5874 7.851 -9.0873 46.875 -7.7491 -11.375 44.5874
3 16 -7.7491 -11.375 44.5874 7.851 -9.0873 46.875 -7.7491 -9.0873 46.875
3 16 7.851 -8.25 50 -7.7491 -8.25 50 7.851 -9.0873 46.875
3 16 7.851 -9.0873 46.875 -7.7491 -8.25 50 -7.7491 -9.0873 46.875
3 16 7.851 -9.0873 53.125 -7.7491 -9.0873 53.125 7.851 -8.25 50
3 16 7.851 -8.25 50 -7.7491 -9.0873 53.125 -7.7491 -8.25 50
3 16 7.851 -9.0873 53.125 7.851 -11.375 55.4127 -7.7491 -9.0873 53.125
3 16 -7.7491 -9.0873 53.125 7.851 -11.375 55.4127 -7.7491 -11.375 55.4127
3 16 7.851 -11.375 55.4127 7.851 -14.5 56.25 -7.7491 -11.375 55.4127
3 16 -7.7491 -11.375 55.4127 7.851 -14.5 56.25 -7.7491 -14.5 56.25
3 16 7.851 -17.625 55.4127 -7.7491 -17.625 55.4127 7.851 -14.5 56.25
3 16 7.851 -14.5 56.25 -7.7491 -17.625 55.4127 -7.7491 -14.5 56.25
3 16 7.851 -9.0873 53.125 7.851 -8.25 50 7.851 0 57.8137
3 16 7.851 0 57.8137 7.851 -8.25 50 7.851 0 42.1863
3 16 7.851 -8.25 50 7.851 -9.0873 46.875 7.851 0 42.1863
3 16 7.851 -14.5 43.75 7.851 -17.625 44.5874 7.851 -14.5671 42.3128
3 16 7.851 -14.5671 42.3128 7.851 -17.625 44.5874 7.851 -18.3493 43.3328
3 16 7.851 -17.625 44.5874 7.851 -19.9127 46.875 7.851 -18.3493 43.3328
3 16 7.851 -18.3493 43.3328 7.851 -19.9127 46.875 7.851 -21.1672 46.1507
3 16 7.851 -19.9127 46.875 7.851 -20.75 50 7.851 -21.1672 46.1507
3 16 7.851 -21.1672 46.1507 7.851 -20.75 50 7.851 -22.1986 50
3 16 7.851 -20.75 50 7.851 -19.9127 53.125 7.851 -22.1986 50
3 16 7.851 -22.1986 50 7.851 -19.9127 53.125 7.851 -21.1672 53.8493
3 16 7.851 -19.9127 53.125 7.851 -17.625 55.4127 7.851 -21.1672 53.8493
3 16 7.851 -21.1672 53.8493 7.851 -17.625 55.4127 7.851 -18.3493 56.6672
3 16 7.851 -14.5 56.25 7.8625 -14.5671 57.6872 7.851 -17.625 55.4127
3 16 7.851 -17.625 55.4127 7.8625 -14.5671 57.6872 7.851 -18.3493 56.6672
3 16 -7.7491 -14.5 56.25 -7.749 -14.5 57.75 -7.7491 -11.375 55.4127
3 16 -7.7491 -11.375 55.4127 -7.749 -14.5 57.75 -7.749 -10.625 56.7117
3 16 -7.7491 -11.375 55.4127 -7.749 -10.625 56.7117 -7.7491 -9.0873 53.125
3 16 -7.7491 -9.0873 53.125 -7.749 -10.625 56.7117 -7.749 -7.7883 53.875
3 16 -7.7491 -9.0873 53.125 -7.749 -7.7883 53.875 -7.7491 -8.25 50
3 16 -7.7491 -8.25 50 -7.749 -7.7883 53.875 -7.749 -6.75 50
3 16 -7.7491 -8.25 50 -7.749 -6.75 50 -7.7491 -9.0873 46.875
3 16 -7.7491 -9.0873 46.875 -7.749 -6.75 50 -7.749 -7.7883 46.125
3 16 -7.7491 -9.0873 46.875 -7.749 -7.7883 46.125 -7.7491 -11.375 44.5874
3 16 -7.7491 -11.375 44.5874 -7.749 -7.7883 46.125 -7.749 -10.625 43.2883
3 16 -7.7491 -11.375 44.5874 -7.749 -10.625 43.2883 -7.7491 -14.5 43.75
3 16 -7.7491 -14.5 43.75 -7.749 -10.625 43.2883 -7.749 -14.5 42.25
3 16 -7.7491 -14.5 43.75 -7.749 -14.5 42.25 -7.7491 -17.625 44.5874
3 16 -7.7491 -17.625 44.5874 -7.749 -14.5 42.25 -7.749 -18.375 43.2883
3 16 -7.7491 -17.625 44.5874 -7.749 -18.375 43.2883 -7.7491 -19.9127 46.875
3 16 -7.7491 -19.9127 46.875 -7.749 -18.375 43.2883 -7.749 -21.2117 46.125
3 16 -7.7491 -19.9127 46.875 -7.749 -21.2117 46.125 -7.7491 -20.75 50
3 16 -7.7491 -20.75 50 -7.749 -21.2117 46.125 -7.749 -22.25 50
3 16 -7.7491 -20.75 50 -7.749 -22.25 50 -7.7491 -19.9127 53.125
3 16 -7.7491 -19.9127 53.125 -7.749 -22.25 50 -7.749 -21.2117 53.875
3 16 -7.7491 -19.9127 53.125 -7.749 -21.2117 53.875 -7.7491 -17.625 55.4127
3 16 -7.7491 -17.625 55.4127 -7.749 -21.2117 53.875 -7.749 -18.375 56.7117
3 16 -7.7491 -17.625 55.4127 -7.749 -18.375 56.7117 -7.7491 -14.5 56.25
3 16 -7.7491 -14.5 56.25 -7.749 -18.375 56.7117 -7.749 -14.5 57.75
3 16 -9.8 -24 40 -9.8 -24 70 -9.8 -22.25 50
3 16 -9.8 -24 70 -9.8 -21.2117 53.875 -9.8 -22.25 50
3 16 -9.8 -24 70 -9.8 -18.375 56.7117 -9.8 -21.2117 53.875
3 16 -9.8 0 70 -9.8 -14.5 57.75 -9.8 -24 70
3 16 -9.8 -24 70 -9.8 -14.5 57.75 -9.8 -18.375 56.7117
3 16 -9.8 0 70 -9.8 -10.625 56.7117 -9.8 -14.5 57.75
3 16 -9.8 -24 40 -9.8 -22.25 50 -9.8 -21.2117 46.125
3 16 -9.8 -14.5 37.75 -9.8 -18.375 36.7117 -9.8 -14.5 42.25
3 16 -9.8 -14.5 42.25 -9.8 -18.375 36.7117 -9.8 -18.375 43.2883
3 16 -9.8 -10.625 36.7117 -9.8 -14.5 37.75 -9.8 -10.625 43.2883
3 16 -9.8 -10.625 43.2883 -9.8 -14.5 37.75 -9.8 -14.5 42.25
3 16 -9.8 -7.7883 46.125 -9.8 -6.75 50 -9.8 0 40
3 16 -9.8 0 40 -9.8 -6.75 50 -9.8 0 70
3 16 -9.8 0 70 -9.8 -6.75 50 -9.8 -7.7883 53.875
3 16 -9.8 -10.625 43.2883 -9.8 -7.7883 46.125 -9.8 -10.625 36.7117
3 16 -9.8 -10.625 36.7117 -9.8 -7.7883 46.125 -9.8 -7.7883 33.875
3 16 -9.8 0 70 -9.8 -7.7883 53.875 -9.8 -10.625 56.7117
3 16 6 -8.1945 43.9336 0 -7.1881 45.1945 6 -7.1796 45.2073
3 16 6 -9.7955 42.6235 -6 -9.7955 42.6235 6 -8.1945 43.9336
3 16 6 -8.1945 43.9336 -6 -9.7955 42.6235 -6 -8.1945 43.9336
3 16 6 -11.6593 41.7241 -6 -11.6593 41.7241 6 -9.7955 42.6235
3 16 6 -9.7955 42.6235 -6 -11.6593 41.7241 -6 -9.7955 42.6235
3 16 6 -14.0421 41.262 -6 -14.0421 41.262 6 -11.6593 41.7241
3 16 6 -11.6593 41.7241 -6 -14.0421 41.262 -6 -11.6593 41.7241
3 16 6 -6.4747 46.5359 6 -7.1796 45.2073 1.9991 -6.4747 46.5359
3 16 4 0 50 3.4641 0 48 0 0 50
3 16 3.4641 0 48 2 0 46.5359 0 0 50
3 16 2 0 46.5359 0 0 46 0 0 50
3 16 3.4631 -5.966 48 3.4641 0 48 3.999 -5.7501 50
3 16 3.999 -5.7501 50 3.4641 0 48 4 0 50
3 16 1.9991 -6.4747 46.5359 2 0 46.5359 3.4631 -5.966 48
3 16 3.4631 -5.966 48 2 0 46.5359 3.4641 0 48
3 16 0 -6.7174 46 0 0 46 1.9991 -6.4747 46.5359
3 16 1.9991 -6.4747 46.5359 0 0 46 2 0 46.5359
3 16 6 -5.7501 50 6 -5.9809 48.0039 3.999 -5.7501 50
3 16 3.999 -5.7501 50 6 -5.9809 48.0039 3.4631 -5.966 48
3 16 0 -6.7174 46 1.9991 -6.4747 46.5359 0 -7.1881 45.1945
3 16 0 -7.1881 45.1945 1.9991 -6.4747 46.5359 6 -7.1796 45.2073
3 16 6 -5.9809 48.0039 6 -6.4747 46.5359 3.4631 -5.966 48
3 16 3.4631 -5.966 48 6 -6.4747 46.5359 1.9991 -6.4747 46.5359
3 16 6 -20.75 40.9105 -6 -20.75 40.9105 6 -14.0421 41.262
3 16 6 -14.0421 41.262 -6 -20.75 40.9105 -6 -14.0421 41.262
3 16 6 0 42.1863 6 -5.9809 48.0039 6 -5.7501 50
3 16 6 0 42.1863 6 -6.4747 46.5359 6 -5.9809 48.0039
3 16 6 -6.4747 46.5359 6 0 42.1863 6 -7.1796 45.2073
3 16 6 0 42.1863 6 -8.1945 43.9336 6 -7.1796 45.2073
3 16 6 -8.1945 56.0664 6 -7.1796 54.7927 0.0016 -7.1881 54.8056
3 16 4 0 50 0 0 50 3.4641 0 52
3 16 3.4641 0 52 0 0 50 2 0 53.4641
3 16 2 0 53.4641 0 0 50 0 0 54
3 16 4 0 50 3.4641 0 52 3.999 -5.7501 50
3 16 3.999 -5.7501 50 3.4641 0 52 3.4631 -5.966 52
3 16 3.4641 0 52 2 0 53.4641 3.4631 -5.966 52
3 16 3.4631 -5.966 52 2 0 53.4641 1.9991 -6.4747 53.4641
3 16 2 0 53.4641 0 0 54 1.9991 -6.4747 53.4641
3 16 1.9991 -6.4747 53.4641 0 0 54 0 -6.7174 54
3 16 6 -5.7501 50 3.999 -5.7501 50 6 -5.9809 51.9962
3 16 6 -5.9809 51.9962 3.999 -5.7501 50 3.4631 -5.966 52
3 16 6 -7.1796 54.7927 1.9991 -6.4747 53.4641 0.0016 -7.1881 54.8056
3 16 0.0016 -7.1881 54.8056 1.9991 -6.4747 53.4641 0 -6.7174 54
3 16 6 -5.9809 51.9962 3.4631 -5.966 52 6 -6.4747 53.4641
3 16 6 -6.4747 53.4641 3.4631 -5.966 52 1.9991 -6.4747 53.4641
3 16 6 0 66.25 6 0 42.1863 6 -5.9809 51.9962
3 16 6 0 42.1863 6 -5.7501 50 6 -5.9809 51.9962
3 16 6 0 66.25 6 -5.9809 51.9962 6 -6.4747 53.4641
3 16 6 -8.1945 43.9336 -6 -8.1945 43.9336 0 -7.1881 45.1945
3 16 0 -7.1881 45.1945 -6 -8.1945 43.9336 -6 -7.1796 45.2073
3 16 -6 -6.4747 46.5359 -1.9991 -6.4747 46.5359 -6 -7.1796 45.2073
3 16 -4 0 50 0 0 50 -3.4641 0 48
3 16 -3.4641 0 48 0 0 50 -2 0 46.5359
3 16 -2 0 46.5359 0 0 50 0 0 46
3 16 -4 0 50 -3.4641 0 48 -3.999 -5.7501 50
3 16 -3.999 -5.7501 50 -3.4641 0 48 -3.4631 -5.966 48
3 16 -3.4641 0 48 -2 0 46.5359 -3.4631 -5.966 48
3 16 -3.4631 -5.966 48 -2 0 46.5359 -1.9991 -6.4747 46.5359
3 16 -2 0 46.5359 0 0 46 -1.9991 -6.4747 46.5359
3 16 -1.9991 -6.4747 46.5359 0 0 46 0 -6.7174 46
3 16 -6 -5.7501 50 -3.999 -5.7501 50 -6 -5.9809 48.0039
3 16 -6 -5.9809 48.0039 -3.999 -5.7501 50 -3.4631 -5.966 48
3 16 -6 -7.1796 45.2073 -1.9991 -6.4747 46.5359 0 -7.1881 45.1945
3 16 0 -7.1881 45.1945 -1.9991 -6.4747 46.5359 0 -6.7174 46
3 16 -6 -5.9809 48.0039 -3.4631 -5.966 48 -6 -6.4747 46.5359
3 16 -6 -6.4747 46.5359 -3.4631 -5.966 48 -1.9991 -6.4747 46.5359
3 16 -6 0 40 -6 -5.7501 50 -6 -5.9809 48.0039
3 16 -6 0 40 -6 -5.9809 48.0039 -6 -6.4747 46.5359
3 16 -6 0 40 -6 -6.4747 46.5359 -6 -7.1796 45.2073
3 16 6 -8.1945 56.0664 0.0016 -7.1881 54.8056 -6 -8.1945 56.0664
3 16 -6 -8.1945 56.0664 0.0016 -7.1881 54.8056 -6 -7.1796 54.7927
3 16 6 -9.7955 57.3765 6 -8.1945 56.0664 -6 -9.7955 57.3765
3 16 -6 -9.7955 57.3765 6 -8.1945 56.0664 -6 -8.1945 56.0664
3 16 6 -11.6593 58.2759 6 -9.7955 57.3765 -6 -11.6593 58.2759
3 16 -6 -11.6593 58.2759 6 -9.7955 57.3765 -6 -9.7955 57.3765
3 16 -6 -14.0421 58.738 6 -14.0421 58.738 -6 -11.6593 58.2759
3 16 -6 -11.6593 58.2759 6 -14.0421 58.738 6 -11.6593 58.2759
3 16 -6 -6.4747 53.4641 -6 -7.1796 54.7927 -1.9991 -6.4747 53.4641
3 16 -4 0 50 -3.4641 0 52 0 0 50
3 16 -3.4641 0 52 -2 0 53.4641 0 0 50
3 16 -2 0 53.4641 0 0 54 0 0 50
3 16 -3.4631 -5.966 52 -3.4641 0 52 -3.999 -5.7501 50
3 16 -3.999 -5.7501 50 -3.4641 0 52 -4 0 50
3 16 -1.9991 -6.4747 53.4641 -2 0 53.4641 -3.4631 -5.966 52
3 16 -3.4631 -5.966 52 -2 0 53.4641 -3.4641 0 52
3 16 0 -6.7174 54 0 0 54 -1.9991 -6.4747 53.4641
3 16 -1.9991 -6.4747 53.4641 0 0 54 -2 0 53.4641
3 16 -6 -5.7501 50 -6 -5.9809 51.9962 -3.999 -5.7501 50
3 16 -3.999 -5.7501 50 -6 -5.9809 51.9962 -3.4631 -5.966 52
3 16 0 -6.7174 54 -1.9991 -6.4747 53.4641 0.0016 -7.1881 54.8056
3 16 0.0016 -7.1881 54.8056 -1.9991 -6.4747 53.4641 -6 -7.1796 54.7927
3 16 -6 -5.9809 51.9962 -6 -6.4747 53.4641 -3.4631 -5.966 52
3 16 -3.4631 -5.966 52 -6 -6.4747 53.4641 -1.9991 -6.4747 53.4641
3 16 -6 -20.75 59.0896 6 -20.75 59.0896 -6 -14.0421 58.738
3 16 -6 -14.0421 58.738 6 -20.75 59.0896 6 -14.0421 58.738
3 16 -6 0 66.25 -6 -5.9809 51.9962 -6 0 40
3 16 -6 -5.9809 51.9962 -6 -5.7501 50 -6 0 40
3 16 -6 0 66.25 -6 -6.4747 53.4641 -6 -5.9809 51.9962
3 16 6 0 66.25 6 -20.75 66.25 -6 0 66.25
3 16 -6 0 66.25 6 -20.75 66.25 -6 -20.75 66.25
3 16 7.851 0 42.1863 6 0 42.1863 7.851 0 57.8137
3 16 7.851 0 57.8137 6 0 42.1863 6 0 66.25
3 16 7.851 -14.5671 42.3128 7.851 0 42.1863 7.851 -14.5 43.75
3 16 7.851 0 42.1863 7.851 -11.375 44.5874 7.851 -14.5 43.75
3 16 9.8 -14.5671 42.3128 9.8 0 42.1863 7.851 -14.5671 42.3128
3 16 7.851 -14.5671 42.3128 9.8 0 42.1863 7.851 0 42.1863
3 16 6 -11.6593 58.2759 6 0 66.25 6 -9.7955 57.3765
3 16 6 -14.0421 58.738 6 0 66.25 6 -11.6593 58.2759
3 16 -6 -8.1945 56.0664 -6 0 66.25 -6 -9.7955 57.3765
3 16 -6 0 66.25 -6 -11.6593 58.2759 -6 -9.7955 57.3765
3 16 -6 0 66.25 -6 -14.0421 58.738 -6 -11.6593 58.2759
3 16 -6 0 66.25 -6 -20.75 66.25 -6 -14.0421 58.738
3 16 -6 -14.0421 58.738 -6 -20.75 66.25 -6 -20.75 59.0896
3 16 -6 0 66.25 -6 -8.1945 56.0664 -6 -7.1796 54.7927
3 16 6 0 66.25 6 -8.1945 56.0664 6 -9.7955 57.3765
3 16 6 0 66.25 9.8 0 66.2036 7.851 0 57.8137
3 16 7.851 0 57.8137 9.8 0 66.2036 9.8 0 57.8137
3 16 6 -6.4747 53.4641 6 -7.1796 54.7927 6 0 66.25
3 16 -6 0 66.25 -6 -7.1796 54.7927 -6 -6.4747 53.4641
3 16 6.3157 0 70.6123 9.4582 0 67.6544 6.0625 0 69.3531
3 16 6.0625 0 69.3531 9.4582 0 67.6544 9.7127 0 66.9487
3 16 -6 0 40 -9.8 0 40 -6 0 66.25
3 16 -6 0 66.25 -9.8 0 40 -9.8 0 70
3 16 -9.8 -24 40 9.8 -24 50 9.8 -24 66.3661
3 16 -9.8 -24 40 9.8 -24 40 9.8 -24 50
3 16 9.8 -24 66.3661 9.8 -24 50 9.8 -21.1672 53.8493
3 16 9.8 -21.1672 53.8493 9.8 -24 50 9.8 -22.1986 50
3 16 9.8 -24 40 9.8 -21.1672 46.1507 9.8 -24 50
3 16 9.8 -24 50 9.8 -21.1672 46.1507 9.8 -22.1986 50
3 16 9.8 -24 40 9.8 -18.3493 43.3328 9.8 -21.1672 46.1507
3 16 7.851 0 42.1863 7.851 -9.0873 46.875 7.851 -11.375 44.5874
3 16 9.8 -24 66.3661 9.8 -21.1672 53.8493 9.8 -18.3493 56.6672
3 16 9.8 0 66.2036 9.8 -24 66.3661 9.8 -14.5671 57.6872
3 16 9.8 -14.5671 57.6872 9.8 -24 66.3661 9.8 -18.3493 56.6672
3 16 9.8 0 66.2036 9.8 -14.5671 57.6872 9.8 0 57.8137
3 16 9.8 -24 40 9.8 -18.3493 36.6672 9.8 -18.3493 43.3328
3 16 9.8 -14.5671 37.6803 9.8 -14.5671 42.3128 9.8 -18.3493 36.6672
3 16 9.8 -18.3493 36.6672 9.8 -14.5671 42.3128 9.8 -18.3493 43.3328
3 16 7.851 0 57.8137 7.851 -11.375 55.4127 7.851 -9.0873 53.125
3 16 6 -8.1945 56.0664 6 0 66.25 6 -7.1796 54.7927
3 16 7.851 -18.3493 23.3328 7.851 -21.1672 26.1507 9.8 -18.3493 23.3328
3 16 9.8 -18.3493 23.3328 7.851 -21.1672 26.1507 9.8 -21.1672 26.1507
3 16 7.851 -21.1672 26.1507 7.851 -22.1986 30 9.8 -21.1672 26.1507
3 16 9.8 -21.1672 26.1507 7.851 -22.1986 30 9.8 -22.1986 30
3 16 7.851 -14.5671 22.3128 7.851 -18.3493 23.3328 9.8 -14.5671 22.3128
3 16 9.8 -14.5671 22.3128 7.851 -18.3493 23.3328 9.8 -18.3493 23.3328
3 16 7.851 -14.5671 22.3128 7.851 0 22.1863 7.851 -14.5 23.75
3 16 7.851 0 22.1863 7.851 -11.375 24.5874 7.851 -14.5 23.75
3 16 7.851 -9.0873 26.875 7.851 0 22.1863 7.851 -8.25 30
3 16 7.851 -8.25 30 7.851 0 22.1863 7.851 0 37.8137
3 16 7.851 -19.9127 26.875 7.8509 -20.75 30 7.851 -21.1672 26.1507
3 16 7.851 -21.1672 26.1507 7.8509 -20.75 30 7.851 -22.1986 30
3 16 7.851 -17.625 24.5874 7.851 -19.9127 26.875 7.851 -18.3493 23.3328
3 16 7.851 -18.3493 23.3328 7.851 -19.9127 26.875 7.851 -21.1672 26.1507
3 16 7.851 -14.5 23.75 7.851 -17.625 24.5874 7.851 -14.5671 22.3128
3 16 7.851 -14.5671 22.3128 7.851 -17.625 24.5874 7.851 -18.3493 23.3328
3 16 7.851 -14.5 23.75 -7.7491 -14.5 23.75 7.851 -17.625 24.5874
3 16 7.851 -17.625 24.5874 -7.7491 -14.5 23.75 -7.7491 -17.625 24.5874
3 16 7.851 -17.625 24.5874 -7.7491 -17.625 24.5874 7.851 -19.9127 26.875
3 16 7.851 -19.9127 26.875 -7.7491 -17.625 24.5874 -7.7491 -19.9127 26.875
3 16 7.851 -19.9127 26.875 -7.7491 -19.9127 26.875 7.8509 -20.75 30
3 16 7.8509 -20.75 30 -7.7491 -19.9127 26.875 -7.749 -20.75 30
3 16 7.851 -8.25 30 -7.7491 -8.25 30 7.851 -9.0873 26.875
3 16 7.851 -9.0873 26.875 -7.7491 -8.25 30 -7.7491 -9.0873 26.875
3 16 7.851 -11.375 24.5874 7.851 -9.0873 26.875 -7.7491 -11.375 24.5874
3 16 -7.7491 -11.375 24.5874 7.851 -9.0873 26.875 -7.7491 -9.0873 26.875
3 16 7.851 -14.5 23.75 7.851 -11.375 24.5874 -7.7491 -14.5 23.75
3 16 -7.7491 -14.5 23.75 7.851 -11.375 24.5874 -7.7491 -11.375 24.5874
3 16 -7.7491 -11.375 24.5874 -7.749 -10.625 23.2883 -7.7491 -14.5 23.75
3 16 -7.7491 -14.5 23.75 -7.749 -10.625 23.2883 -7.749 -14.5 22.25
3 16 -7.7491 -9.0873 26.875 -7.749 -7.7883 26.125 -7.7491 -11.375 24.5874
3 16 -7.7491 -11.375 24.5874 -7.749 -7.7883 26.125 -7.749 -10.625 23.2883
3 16 -7.7491 -8.25 30 -7.749 -6.75 30 -7.7491 -9.0873 26.875
3 16 -7.7491 -9.0873 26.875 -7.749 -6.75 30 -7.749 -7.7883 26.125
3 16 -7.7491 -19.9127 26.875 -7.749 -21.2117 26.125 -7.749 -20.75 30
3 16 -7.749 -20.75 30 -7.749 -21.2117 26.125 -7.749 -22.25 30
3 16 -7.7491 -17.625 24.5874 -7.749 -18.375 23.2883 -7.7491 -19.9127 26.875
3 16 -7.7491 -19.9127 26.875 -7.749 -18.375 23.2883 -7.749 -21.2117 26.125
3 16 -7.7491 -14.5 23.75 -7.749 -14.5 22.25 -7.7491 -17.625 24.5874
3 16 -7.7491 -17.625 24.5874 -7.749 -14.5 22.25 -7.749 -18.375 23.2883
3 16 -9.8 0 20 -9.8 -7.7883 26.125 -9.8 -6.75 30
3 16 -9.8 0 20 -9.8 -7.7883 13.875 -9.8 -7.7883 26.125
3 16 -9.8 -7.7883 13.875 -9.8 -10.625 16.7117 -9.8 -7.7883 26.125
3 16 -9.8 -7.7883 26.125 -9.8 -10.625 16.7117 -9.8 -10.625 23.2883
3 16 -9.8 -14.5 22.25 -9.8 -10.625 23.2883 -9.8 -14.5 17.75
3 16 -9.8 -14.5 17.75 -9.8 -10.625 23.2883 -9.8 -10.625 16.7117
3 16 -9.8 -18.375 23.2883 -9.8 -14.5 22.25 -9.8 -18.375 16.7117
3 16 -9.8 -18.375 16.7117 -9.8 -14.5 22.25 -9.8 -14.5 17.75
3 16 -9.8 -18.375 16.7117 -9.8 -21.2117 13.875 -9.8 -18.375 23.2883
3 16 -9.8 -18.375 23.2883 -9.8 -21.2117 13.875 -9.8 -21.2117 26.125
3 16 -6 -8.1945 23.9336 0 -7.1796 25.2073 6 -8.1945 23.9336
3 16 6 -8.1945 23.9336 0 -7.1796 25.2073 6 -7.1796 25.2073
3 16 6 -9.7955 22.6235 -6 -9.7955 22.6235 6 -8.1945 23.9336
3 16 6 -8.1945 23.9336 -6 -9.7955 22.6235 -6 -8.1945 23.9336
3 16 6 -11.6593 21.7241 -6 -11.6593 21.7241 6 -9.7955 22.6235
3 16 6 -9.7955 22.6235 -6 -11.6593 21.7241 -6 -9.7955 22.6235
3 16 6 -14.0421 21.262 -6 -14.0421 21.262 6 -11.6593 21.7241
3 16 6 -11.6593 21.7241 -6 -14.0421 21.262 -6 -11.6593 21.7241
3 16 6 -6.4747 26.5359 6 -7.1796 25.2073 1.9991 -6.4747 26.5359
3 16 4 0 30 3.4641 0 28 0 0 30
3 16 3.4641 0 28 2 0 26.5359 0 0 30
3 16 2 0 26.5359 0 0 26 0 0 30
3 16 3.4631 -5.966 28 3.4641 0 28 3.999 -5.7501 30
3 16 3.999 -5.7501 30 3.4641 0 28 4 0 30
3 16 1.9991 -6.4747 26.5359 2 0 26.5359 3.4631 -5.966 28
3 16 3.4631 -5.966 28 2 0 26.5359 3.4641 0 28
3 16 0 -6.7174 26 0 0 26 1.9991 -6.4747 26.5359
3 16 1.9991 -6.4747 26.5359 0 0 26 2 0 26.5359
3 16 6 -5.7501 30 6 -5.9809 28.0039 3.999 -5.7501 30
3 16 3.999 -5.7501 30 6 -5.9809 28.0039 3.4631 -5.966 28
3 16 0 -6.7174 26 1.9991 -6.4747 26.5359 0 -7.1796 25.2073
3 16 0 -7.1796 25.2073 1.9991 -6.4747 26.5359 6 -7.1796 25.2073
3 16 6 -5.9809 28.0039 6 -6.4747 26.5359 3.4631 -5.966 28
3 16 3.4631 -5.966 28 6 -6.4747 26.5359 1.9991 -6.4747 26.5359
3 16 6 -20.75 20.9104 -6 -20.75 20.9104 6 -14.0421 21.262
3 16 6 -14.0421 21.262 -6 -20.75 20.9104 -6 -14.0421 21.262
3 16 6 -5.9809 28.0039 6 -5.7501 30 6 0 22.1863
3 16 6 0 22.1863 6 -5.7501 30 6 0 37.8137
3 16 6 0 22.1863 6 -6.4747 26.5359 6 -5.9809 28.0039
3 16 -6 -6.4747 26.5359 -1.9991 -6.4747 26.5359 -6 -7.1796 25.2073
3 16 -4 0 30 0 0 30 -3.4641 0 28
3 16 -3.4641 0 28 0 0 30 -2 0 26.5359
3 16 -2 0 26.5359 0 0 30 0 0 26
3 16 -4 0 30 -3.4641 0 28 -3.999 -5.7501 30
3 16 -3.999 -5.7501 30 -3.4641 0 28 -3.4631 -5.966 28
3 16 -3.4641 0 28 -2 0 26.5359 -3.4631 -5.966 28
3 16 -3.4631 -5.966 28 -2 0 26.5359 -1.9991 -6.4747 26.5359
3 16 -2 0 26.5359 0 0 26 -1.9991 -6.4747 26.5359
3 16 -1.9991 -6.4747 26.5359 0 0 26 0 -6.7174 26
3 16 -6 -5.7501 30 -3.999 -5.7501 30 -6 -5.9809 28.0039
3 16 -6 -5.9809 28.0039 -3.999 -5.7501 30 -3.4631 -5.966 28
3 16 -6 -5.9809 28.0039 -3.4631 -5.966 28 -6 -6.4747 26.5359
3 16 -6 -6.4747 26.5359 -3.4631 -5.966 28 -1.9991 -6.4747 26.5359
3 16 -6 0 20 -6 -5.7501 30 -6 -5.9809 28.0039
3 16 -6 0 20 -6 -5.9809 28.0039 -6 -6.4747 26.5359
3 16 -9.8 -24 40 9.8 -24 20 9.8 -24 30
3 16 7.851 0 22.1863 6 0 22.1863 7.851 0 37.8137
3 16 7.851 0 37.8137 6 0 22.1863 6 0 37.8137
3 16 7.851 0 22.1863 7.851 -14.5671 22.3128 9.8 0 22.2496
3 16 9.8 0 22.2496 7.851 -14.5671 22.3128 9.8 -14.5671 22.3128
3 16 6 -6.4747 26.5359 6 0 22.1863 6 -7.1796 25.2073
3 16 -6 0 20 -6 -6.4747 26.5359 -6 -7.1796 25.2073
3 16 9.8 -24 20 9.8 -18.3493 16.6672 9.8 -18.3493 23.3328
3 16 9.8 -24 20 9.8 -18.3493 23.3328 9.8 -21.1672 26.1507
3 16 9.8 -24 20 9.8 -21.1672 26.1507 9.8 -24 30
3 16 9.8 -24 30 9.8 -21.1672 26.1507 9.8 -22.1986 30
3 16 9.8 -18.3493 23.3328 9.8 -18.3493 16.6672 9.8 -14.5671 22.3128
3 16 9.8 -14.5671 22.3128 9.8 -18.3493 16.6672 9.8 -14.5671 17.6803
3 16 7.851 0 22.1863 7.851 -9.0873 26.875 7.851 -11.375 24.5874
3 16 6 -8.1945 23.9336 6 -7.1796 25.2073 6 0 22.1863
3 16 7.851 -18.3493 3.3328 7.851 -21.1672 6.1507 9.8 -18.3493 3.3328
3 16 9.8 -18.3493 3.3328 7.851 -21.1672 6.1507 9.8 -21.1672 6.1507
3 16 7.851 -21.1672 6.1507 7.851 -22.1986 10 9.8 -21.1672 6.1507
3 16 9.8 -21.1672 6.1507 7.851 -22.1986 10 9.8 -22.1986 10
3 16 7.851 -22.1986 10 7.851 -21.1672 13.8493 9.8 -22.1986 10
3 16 9.8 -22.1986 10 7.851 -21.1672 13.8493 9.8 -21.1672 13.8493
3 16 7.851 -21.1672 13.8493 7.851 -18.3493 16.6672 9.8 -21.1672 13.8493
3 16 9.8 -21.1672 13.8493 7.851 -18.3493 16.6672 9.8 -18.3493 16.6672
3 16 7.851 -18.3493 16.6672 7.851 -14.5671 17.6803 9.8 -18.3493 16.6672
3 16 9.8 -18.3493 16.6672 7.851 -14.5671 17.6803 9.8 -14.5671 17.6803
3 16 7.851 -14.5671 2.3128 7.851 -18.3493 3.3328 9.8 -14.5671 2.3128
3 16 9.8 -14.5671 2.3128 7.851 -18.3493 3.3328 9.8 -18.3493 3.3328
3 16 7.851 -14.5671 2.3128 7.851 0 2.1863 7.851 -14.5 3.75
3 16 7.851 0 2.1863 7.851 -11.375 4.5874 7.851 -14.5 3.75
3 16 7.851 -9.0873 6.875 7.851 0 2.1863 7.851 -8.25 10
3 16 7.851 -8.25 10 7.851 0 2.1863 7.851 0 17.8137
3 16 7.851 -9.0873 13.125 7.851 -8.25 10 7.851 0 17.8137
3 16 7.851 0 17.8137 7.851 -11.375 15.4127 7.851 -9.0873 13.125
3 16 7.851 -14.5 16.25 7.851 -14.5671 17.6803 7.851 -17.625 15.4127
3 16 7.851 -17.625 15.4127 7.851 -14.5671 17.6803 7.851 -18.3493 16.6672
3 16 7.851 -19.9127 13.125 7.851 -17.625 15.4127 7.851 -21.1672 13.8493
3 16 7.851 -21.1672 13.8493 7.851 -17.625 15.4127 7.851 -18.3493 16.6672
3 16 7.851 -20.75 10 7.851 -19.9127 13.125 7.851 -22.1986 10
3 16 7.851 -22.1986 10 7.851 -19.9127 13.125 7.851 -21.1672 13.8493
3 16 7.851 -19.9127 6.875 7.851 -20.75 10 7.851 -21.1672 6.1507
3 16 7.851 -21.1672 6.1507 7.851 -20.75 10 7.851 -22.1986 10
3 16 7.851 -17.625 4.5874 7.851 -19.9127 6.875 7.851 -18.3493 3.3328
3 16 7.851 -18.3493 3.3328 7.851 -19.9127 6.875 7.851 -21.1672 6.1507
3 16 7.851 -14.5 3.75 7.851 -17.625 4.5874 7.851 -14.5671 2.3128
3 16 7.851 -14.5671 2.3128 7.851 -17.625 4.5874 7.851 -18.3493 3.3328
3 16 7.851 -14.5 3.75 -7.7491 -14.5 3.75 7.851 -17.625 4.5874
3 16 7.851 -17.625 4.5874 -7.7491 -14.5 3.75 -7.7491 -17.625 4.5874
3 16 7.851 -17.625 4.5874 -7.7491 -17.625 4.5874 7.851 -19.9127 6.875
3 16 7.851 -19.9127 6.875 -7.7491 -17.625 4.5874 -7.7491 -19.9127 6.875
3 16 7.851 -19.9127 6.875 -7.7491 -19.9127 6.875 7.851 -20.75 10
3 16 7.851 -20.75 10 -7.7491 -19.9127 6.875 -7.7491 -20.75 10
3 16 7.851 -20.75 10 -7.7491 -20.75 10 7.851 -19.9127 13.125
3 16 7.851 -19.9127 13.125 -7.7491 -20.75 10 -7.7491 -19.9127 13.125
3 16 7.851 -19.9127 13.125 -7.7491 -19.9127 13.125 7.851 -17.625 15.4127
3 16 7.851 -17.625 15.4127 -7.7491 -19.9127 13.125 -7.7491 -17.625 15.4127
3 16 7.851 -17.625 15.4127 -7.7491 -17.625 15.4127 7.851 -14.5 16.25
3 16 7.851 -14.5 16.25 -7.7491 -17.625 15.4127 -7.7491 -14.5 16.25
3 16 7.851 -11.375 15.4127 7.851 -14.5 16.25 -7.7491 -11.375 15.4127
3 16 -7.7491 -11.375 15.4127 7.851 -14.5 16.25 -7.7491 -14.5 16.25
3 16 7.851 -9.0873 13.125 7.851 -11.375 15.4127 -7.7491 -9.0873 13.125
3 16 -7.7491 -9.0873 13.125 7.851 -11.375 15.4127 -7.7491 -11.375 15.4127
3 16 7.851 -9.0873 13.125 -7.7491 -9.0873 13.125 7.851 -8.25 10
3 16 7.851 -8.25 10 -7.7491 -9.0873 13.125 -7.7491 -8.25 10
3 16 7.851 -8.25 10 -7.7491 -8.25 10 7.851 -9.0873 6.875
3 16 7.851 -9.0873 6.875 -7.7491 -8.25 10 -7.7491 -9.0873 6.875
3 16 7.851 -11.375 4.5874 7.851 -9.0873 6.875 -7.7491 -11.375 4.5874
3 16 -7.7491 -11.375 4.5874 7.851 -9.0873 6.875 -7.7491 -9.0873 6.875
3 16 7.851 -14.5 3.75 7.851 -11.375 4.5874 -7.7491 -14.5 3.75
3 16 -7.7491 -14.5 3.75 7.851 -11.375 4.5874 -7.7491 -11.375 4.5874
3 16 -7.7491 -11.375 4.5874 -7.749 -10.625 3.2883 -7.7491 -14.5 3.75
3 16 -7.7491 -14.5 3.75 -7.749 -10.625 3.2883 -7.749 -14.5 2.25
3 16 -7.7491 -9.0873 6.875 -7.749 -7.7883 6.125 -7.7491 -11.375 4.5874
3 16 -7.7491 -11.375 4.5874 -7.749 -7.7883 6.125 -7.749 -10.625 3.2883
3 16 -7.7491 -8.25 10 -7.749 -6.75 10 -7.7491 -9.0873 6.875
3 16 -7.7491 -9.0873 6.875 -7.749 -6.75 10 -7.749 -7.7883 6.125
3 16 -7.7491 -9.0873 13.125 -7.749 -7.7883 13.875 -7.7491 -8.25 10
3 16 -7.7491 -8.25 10 -7.749 -7.7883 13.875 -7.749 -6.75 10
3 16 -7.7491 -11.375 15.4127 -7.749 -10.625 16.7117 -7.7491 -9.0873 13.125
3 16 -7.7491 -9.0873 13.125 -7.749 -10.625 16.7117 -7.749 -7.7883 13.875
3 16 -7.7491 -14.5 16.25 -7.749 -14.5 17.75 -7.7491 -11.375 15.4127
3 16 -7.7491 -11.375 15.4127 -7.749 -14.5 17.75 -7.749 -10.625 16.7117
3 16 -7.7491 -17.625 15.4127 -7.749 -18.375 16.7117 -7.7491 -14.5 16.25
3 16 -7.7491 -14.5 16.25 -7.749 -18.375 16.7117 -7.749 -14.5 17.75
3 16 -7.7491 -19.9127 13.125 -7.749 -21.2117 13.875 -7.7491 -17.625 15.4127
3 16 -7.7491 -17.625 15.4127 -7.749 -21.2117 13.875 -7.749 -18.375 16.7117
3 16 -7.7491 -20.75 10 -7.749 -22.25 10 -7.7491 -19.9127 13.125
3 16 -7.7491 -19.9127 13.125 -7.749 -22.25 10 -7.749 -21.2117 13.875
3 16 -7.7491 -19.9127 6.875 -7.749 -21.2117 6.125 -7.7491 -20.75 10
3 16 -7.7491 -20.75 10 -7.749 -21.2117 6.125 -7.749 -22.25 10
3 16 -7.7491 -17.625 4.5874 -7.749 -18.375 3.2883 -7.7491 -19.9127 6.875
3 16 -7.7491 -19.9127 6.875 -7.749 -18.375 3.2883 -7.749 -21.2117 6.125
3 16 -7.7491 -14.5 3.75 -7.749 -14.5 2.25 -7.7491 -17.625 4.5874
3 16 -7.7491 -17.625 4.5874 -7.749 -14.5 2.25 -7.749 -18.375 3.2883
3 16 -9.8 -24 -9.8 -9.8 -22.25 10 -9.8 -21.2117 6.125
3 16 -9.8 -24 -9.8 -9.8 -24 40 -9.8 -22.25 10
3 16 -9.8 -21.2117 26.125 -9.8 -21.2117 13.875 -9.8 -22.25 10
3 16 -9.8 0 20 -9.8 -6.75 10 -9.8 -7.7883 13.875
3 16 -9.8 0 -9.8 -9.8 -7.7883 6.125 -9.8 0 20
3 16 -9.8 -7.7883 6.125 -9.8 -6.75 10 -9.8 0 20
3 16 -9.8 0 -9.8 -9.8 -10.625 3.2883 -9.8 -7.7883 6.125
3 16 -9.8 0 -9.8 -9.8 -14.5 2.25 -9.8 -10.625 3.2883
3 16 -9.8 -18.375 3.2883 -9.8 -14.5 2.25 -9.8 -24 -9.8
3 16 -9.8 -24 -9.8 -9.8 -14.5 2.25 -9.8 0 -9.8
3 16 -9.8 -24 -9.8 -9.8 -21.2117 6.125 -9.8 -18.375 3.2883
3 16 -6 -8.1945 16.0664 6 -8.1945 16.0664 0 -7.1881 14.8056
3 16 0 -7.1881 14.8056 6 -8.1945 16.0664 6 -7.1796 14.7927
3 16 6 -6.4747 13.4641 1.9991 -6.4747 13.4641 6 -7.1796 14.7927
3 16 4 0 10 0 0 10 3.4641 0 12
3 16 3.4641 0 12 0 0 10 2 0 13.4641
3 16 2 0 13.4641 0 0 10 0 0 14
3 16 4 0 10 3.4641 0 12 3.999 -5.7501 10
3 16 3.999 -5.7501 10 3.4641 0 12 3.4631 -5.966 12
3 16 3.4641 0 12 2 0 13.4641 3.4631 -5.966 12
3 16 3.4631 -5.966 12 2 0 13.4641 1.9991 -6.4747 13.4641
3 16 2 0 13.4641 0 0 14 1.9991 -6.4747 13.4641
3 16 1.9991 -6.4747 13.4641 0 0 14 0 -6.7174 14
3 16 6 -5.7501 10 3.999 -5.7501 10 6 -5.9809 11.9962
3 16 6 -5.9809 11.9962 3.999 -5.7501 10 3.4631 -5.966 12
3 16 6 -7.1796 14.7927 1.9991 -6.4747 13.4641 0 -7.1881 14.8056
3 16 0 -7.1881 14.8056 1.9991 -6.4747 13.4641 0 -6.7174 14
3 16 6 -5.9809 11.9962 3.4631 -5.966 12 6 -6.4747 13.4641
3 16 6 -6.4747 13.4641 3.4631 -5.966 12 1.9991 -6.4747 13.4641
3 16 6 0 17.8137 6 -5.7501 10 6 -5.9809 11.9962
3 16 6 0 17.8137 6 -5.9809 11.9962 6 -6.4747 13.4641
3 16 6 -6.4747 13.4641 6 -7.1796 14.7927 6 0 17.8137
3 16 6 0 17.8137 6 -7.1796 14.7927 6 -8.1945 16.0664
3 16 6 -11.6593 21.7241 6 -9.7955 22.6235 6 -11.6593 18.2759
3 16 6 -11.6593 18.2759 6 -9.7955 22.6235 6 -9.7955 17.3765
3 16 6 -14.0421 21.262 6 -11.6593 21.7241 6 -14.0421 18.738
3 16 6 -14.0421 18.738 6 -11.6593 21.7241 6 -11.6593 18.2759
3 16 6 -20.75 20.9104 6 -14.0421 21.262 6 -20.75 19.0896
3 16 6 -20.75 19.0896 6 -14.0421 21.262 6 -14.0421 18.738
3 16 -6 -20.75 19.0896 -6 -20.75 20.9104 6 -20.75 19.0896
3 16 6 -20.75 19.0896 -6 -20.75 20.9104 6 -20.75 20.9104
3 16 -6 -8.1945 3.9336 0 -7.1796 5.2073 6 -8.1945 3.9336
3 16 6 -8.1945 3.9336 0 -7.1796 5.2073 6 -7.1796 5.2073
3 16 -6 -9.7955 2.6235 -6 -8.1945 3.9336 6 -9.7955 2.6235
3 16 6 -9.7955 2.6235 -6 -8.1945 3.9336 6 -8.1945 3.9336
3 16 6 -11.6593 1.7241 -6 -11.6593 1.7241 6 -9.7955 2.6235
3 16 6 -9.7955 2.6235 -6 -11.6593 1.7241 -6 -9.7955 2.6235
3 16 6 -14.0421 1.262 -6 -14.0421 1.262 6 -11.6593 1.7241
3 16 6 -11.6593 1.7241 -6 -14.0421 1.262 -6 -11.6593 1.7241
3 16 6 -6.4747 6.5359 6 -7.1796 5.2073 1.9991 -6.4747 6.5359
3 16 4 0 10 3.4641 0 8 0 0 10
3 16 3.4641 0 8 2 0 6.5359 0 0 10
3 16 2 0 6.5359 0 0 6 0 0 10
3 16 3.4631 -5.966 8 3.4641 0 8 3.999 -5.7501 10
3 16 3.999 -5.7501 10 3.4641 0 8 4 0 10
3 16 1.9991 -6.4747 6.5359 2 0 6.5359 3.4631 -5.966 8
3 16 3.4631 -5.966 8 2 0 6.5359 3.4641 0 8
3 16 0 -6.7174 6 0 0 6 1.9991 -6.4747 6.5359
3 16 1.9991 -6.4747 6.5359 0 0 6 2 0 6.5359
3 16 6 -5.7501 10 6 -5.9809 8.0039 3.999 -5.7501 10
3 16 3.999 -5.7501 10 6 -5.9809 8.0039 3.4631 -5.966 8
3 16 0 -6.7174 6 1.9991 -6.4747 6.5359 0 -7.1796 5.2073
3 16 0 -7.1796 5.2073 1.9991 -6.4747 6.5359 6 -7.1796 5.2073
3 16 6 -5.9809 8.0039 6 -6.4747 6.5359 3.4631 -5.966 8
3 16 3.4631 -5.966 8 6 -6.4747 6.5359 1.9991 -6.4747 6.5359
3 16 6 -20.75 0.9104 -6 -20.75 0.9104 6 -14.0421 1.262
3 16 6 -14.0421 1.262 -6 -20.75 0.9104 -6 -14.0421 1.262
3 16 6 0 -6.25 6 -5.9809 8.0039 6 0 17.8137
3 16 6 -5.9809 8.0039 6 -5.7501 10 6 0 17.8137
3 16 6 0 -6.25 6 -6.4747 6.5359 6 -5.9809 8.0039
3 16 6 0 -6.25 6 -14.0421 1.262 6 -11.6593 1.7241
3 16 6 -20.75 0.9104 6 -14.0421 1.262 6 -20.75 -6.25
3 16 6 -20.75 -6.25 6 -14.0421 1.262 6 0 -6.25
3 16 -6 -8.1945 16.0664 0 -7.1881 14.8056 -6 -7.1796 14.7927
3 16 6 -9.7955 17.3765 6 -8.1945 16.0664 -6 -9.7955 17.3765
3 16 -6 -9.7955 17.3765 6 -8.1945 16.0664 -6 -8.1945 16.0664
3 16 6 -11.6593 18.2759 6 -9.7955 17.3765 -6 -11.6593 18.2759
3 16 -6 -11.6593 18.2759 6 -9.7955 17.3765 -6 -9.7955 17.3765
3 16 -6 -14.0421 18.738 6 -14.0421 18.738 -6 -11.6593 18.2759
3 16 -6 -11.6593 18.2759 6 -14.0421 18.738 6 -11.6593 18.2759
3 16 -6 -6.4747 13.4641 -6 -7.1796 14.7927 -1.9991 -6.4747 13.4641
3 16 -4 0 10 -3.4641 0 12 0 0 10
3 16 -3.4641 0 12 -2 0 13.4641 0 0 10
3 16 -2 0 13.4641 0 0 14 0 0 10
3 16 -3.4631 -5.966 12 -3.4641 0 12 -3.999 -5.7501 10
3 16 -3.999 -5.7501 10 -3.4641 0 12 -4 0 10
3 16 -1.9991 -6.4747 13.4641 -2 0 13.4641 -3.4631 -5.966 12
3 16 -3.4631 -5.966 12 -2 0 13.4641 -3.4641 0 12
3 16 0 -6.7174 14 0 0 14 -1.9991 -6.4747 13.4641
3 16 -1.9991 -6.4747 13.4641 0 0 14 -2 0 13.4641
3 16 -6 -5.7501 10 -6 -5.9809 11.9962 -3.999 -5.7501 10
3 16 -3.999 -5.7501 10 -6 -5.9809 11.9962 -3.4631 -5.966 12
3 16 0 -6.7174 14 -1.9991 -6.4747 13.4641 0 -7.1881 14.8056
3 16 0 -7.1881 14.8056 -1.9991 -6.4747 13.4641 -6 -7.1796 14.7927
3 16 -6 -5.9809 11.9962 -6 -6.4747 13.4641 -3.4631 -5.966 12
3 16 -3.4631 -5.966 12 -6 -6.4747 13.4641 -1.9991 -6.4747 13.4641
3 16 -6 -20.75 19.0896 6 -20.75 19.0896 -6 -14.0421 18.738
3 16 -6 -14.0421 18.738 6 -20.75 19.0896 6 -14.0421 18.738
3 16 -6 0 20 -6 -5.9809 11.9962 -6 -5.7501 10
3 16 -6 0 20 -6 -6.4747 13.4641 -6 -5.9809 11.9962
3 16 -6 -7.1796 14.7927 -6 0 20 -6 -8.1945 16.0664
3 16 -6 -7.1796 25.2073 -6 -8.1945 23.9336 -6 0 20
3 16 -6 0 20 -6 -8.1945 23.9336 -6 -8.1945 16.0664
3 16 -6 0 20 -6 -7.1796 14.7927 -6 -6.4747 13.4641
3 16 -6 -9.7955 22.6235 -6 -11.6593 21.7241 -6 -9.7955 17.3765
3 16 -6 -9.7955 17.3765 -6 -11.6593 21.7241 -6 -11.6593 18.2759
3 16 -6 -11.6593 21.7241 -6 -14.0421 21.262 -6 -11.6593 18.2759
3 16 -6 -11.6593 18.2759 -6 -14.0421 21.262 -6 -14.0421 18.738
3 16 -6 -14.0421 21.262 -6 -20.75 20.9104 -6 -14.0421 18.738
3 16 -6 -14.0421 18.738 -6 -20.75 20.9104 -6 -20.75 19.0896
3 16 -4 0 10 0 0 10 -3.4641 0 8
3 16 -3.4641 0 8 0 0 10 -2 0 6.5359
3 16 -2 0 6.5359 0 0 10 0 0 6
3 16 -4 0 10 -3.4641 0 8 -3.999 -5.7501 10
3 16 -3.999 -5.7501 10 -3.4641 0 8 -3.4631 -5.966 8
3 16 -3.4641 0 8 -2 0 6.5359 -3.4631 -5.966 8
3 16 -3.4631 -5.966 8 -2 0 6.5359 -1.9991 -6.4747 6.5359
3 16 -2 0 6.5359 0 0 6 -1.9991 -6.4747 6.5359
3 16 -1.9991 -6.4747 6.5359 0 0 6 0 -6.7174 6
3 16 -6 -5.7501 10 -3.999 -5.7501 10 -6 -5.9809 8.0039
3 16 -6 -5.9809 8.0039 -3.999 -5.7501 10 -3.4631 -5.966 8
3 16 -6 -5.9809 8.0039 -3.4631 -5.966 8 -6 -6.4747 6.5359
3 16 -6 -6.4747 6.5359 -3.4631 -5.966 8 -1.9991 -6.4747 6.5359
3 16 -6 0 -6.25 -6 0 20 -6 -5.9809 8.0039
3 16 -6 0 20 -6 -5.7501 10 -6 -5.9809 8.0039
3 16 -6 0 -6.25 -6 -5.9809 8.0039 -6 -6.4747 6.5359
3 16 -6 -8.1945 3.9336 -6 -9.7955 2.6235 -6 0 -6.25
3 16 -6 -9.7955 2.6235 -6 -11.6593 1.7241 -6 0 -6.25
3 16 -6 -11.6593 1.7241 -6 -14.0421 1.262 -6 0 -6.25
3 16 -6 -20.75 0.9104 -6 -20.75 -6.25 -6 -14.0421 1.262
3 16 -6 -14.0421 1.262 -6 -20.75 -6.25 -6 0 -6.25
3 16 6 0 -6.25 -6 0 -6.25 6 -20.75 -6.25
3 16 6 -20.75 -6.25 -6 0 -6.25 -6 -20.75 -6.25
3 16 -9.8 -24 40 -9.8 -24 -9.8 9.8 -24 20
3 16 9.8 -24 20 -9.8 -24 -9.8 9.8 -24 10
3 16 9.8 -24 10 -9.8 -24 -9.8 9.8 -24 -9.8
3 16 -6 0 20 -6 0 -6.25 -9.8 0 20
3 16 -9.8 0 20 -6 0 -6.25 -9.8 0 -9.8
3 16 -6 -8.1945 23.9336 -6 -9.7955 22.6235 -6 -8.1945 16.0664
3 16 -6 -8.1945 16.0664 -6 -9.7955 22.6235 -6 -9.7955 17.3765
3 16 6 -9.7955 22.6235 6 -8.1945 23.9336 6 -9.7955 17.3765
3 16 6 -9.7955 17.3765 6 -8.1945 23.9336 6 -8.1945 16.0664
3 16 6 0 -6.25 9.8 0 2.1863 9.8 0 -9.8
3 16 6 0 -6.25 6 0 17.8137 7.851 0 2.1863
3 16 7.851 0 2.1863 6 0 17.8137 7.851 0 17.8137
3 16 9.8 -24 -9.8 -9.8 -24 -9.8 9.8 0 -9.8
3 16 9.8 0 -9.8 -9.8 -24 -9.8 -9.8 0 -9.8
3 16 9.8 -14.5671 2.3128 9.8 0 2.1863 7.851 -14.5671 2.3128
3 16 7.851 -14.5671 2.3128 9.8 0 2.1863 7.851 0 2.1863
3 16 6 0 -6.25 6 -11.6593 1.7241 6 -9.7955 2.6235
3 16 6 -20.75 0.9104 6 -20.75 -6.25 -6 -20.75 0.9104
3 16 -6 -20.75 0.9104 6 -20.75 -6.25 -6 -20.75 -6.25
3 16 -6 -7.1796 5.2073 -6 -8.1945 3.9336 -6 0 -6.25
3 16 6 0 -6.25 6 -9.7955 2.6235 6 -8.1945 3.9336
3 16 9.8 0 2.1863 6 0 -6.25 7.851 0 2.1863
3 16 6 0 22.1863 7.851 0 22.1863 6 0 17.8137
3 16 6 0 17.8137 7.851 0 22.1863 7.851 0 17.8137
3 16 6 -6.4747 6.5359 6 0 -6.25 6 -7.1796 5.2073
3 16 -6 0 -6.25 -6 -6.4747 6.5359 -6 -7.1796 5.2073
3 16 -9.8 0 -9.8 -6 0 -6.25 9.8 0 -9.8
3 16 9.8 0 -9.8 -6 0 -6.25 6 0 -6.25
3 16 9.8 -24 -9.8 9.8 -18.3493 3.3328 9.8 -21.1672 6.1507
3 16 9.8 -24 10 9.8 -24 -9.8 9.8 -22.1986 10
3 16 9.8 -24 -9.8 9.8 -21.1672 6.1507 9.8 -22.1986 10
3 16 9.8 -22.1986 10 9.8 -21.1672 13.8493 9.8 -24 10
3 16 9.8 -24 10 9.8 -21.1672 13.8493 9.8 -24 20
3 16 9.8 -18.3493 3.3328 9.8 -24 -9.8 9.8 -14.5671 2.3128
3 16 9.8 0 17.747 7.851 0 17.8137 9.8 0 22.2496
3 16 9.8 0 22.2496 7.851 0 17.8137 7.851 0 22.1863
3 16 7.851 -14.5671 17.6803 7.851 -14.5 16.25 7.851 0 17.8137
3 16 7.851 -14.5 16.25 7.851 -11.375 15.4127 7.851 0 17.8137
3 16 9.8 -14.5671 17.6803 7.851 -14.5671 17.6803 9.8 0 17.747
3 16 9.8 0 17.747 7.851 -14.5671 17.6803 7.851 0 17.8137
3 16 9.8 -24 -9.8 9.8 0 -9.8 9.8 -14.5671 2.3128
3 16 9.8 -14.5671 2.3128 9.8 0 -9.8 9.8 0 2.1863
3 16 9.8 -24 20 9.8 -21.1672 13.8493 9.8 -18.3493 16.6672
3 16 7.851 -11.375 4.5874 7.851 0 2.1863 7.851 -9.0873 6.875
3 16 6 -8.1945 3.9336 6 -7.1796 5.2073 6 0 -6.25
3 16 6 -8.1945 23.9336 6 0 22.1863 6 -8.1945 16.0664
3 16 6 -8.1945 16.0664 6 0 22.1863 6 0 17.8137
3 16 9.5381 -24 67.6443 9.7434 -24 66.9698 9.4582 0 67.6544
3 16 9.4582 0 67.6544 9.7434 -24 66.9698 9.7127 0 66.9487
3 16 9.9667 -24 69.9659 9.5667 -24 69.3232 9.9123 0 70.0177
3 16 9.9123 0 70.0177 9.5667 -24 69.3232 9.4783 0 69.3493
3 16 12.2322 -24 70.5178 11.4253 -24 70.5466 12.2523 0 70.5902
3 16 12.2523 0 70.5902 11.4253 -24 70.5466 11.4152 0 70.6071
3 16 13.634 -24 70.2 12.931 -24 70.2769 13.75 0 70.2
3 16 13.75 0 70.2 12.931 -24 70.2769 12.9785 0 70.3079
3 16 9.7127 0 66.9487 9.7434 -24 66.9698 9.8 0 66.2036
3 16 9.8 0 66.2036 9.7434 -24 66.9698 9.8 -24 66.3661
3 16 9.5667 -24 69.3232 9.4609 -24 68.4797 9.4783 0 69.3493
3 16 9.4783 0 69.3493 9.4609 -24 68.4797 9.3917 0 68.4925
3 16 10.5719 0 70.4882 10.5883 -24 70.398 9.9123 0 70.0177
3 16 9.9123 0 70.0177 10.5883 -24 70.398 9.9667 -24 69.9659
3 16 12.9785 0 70.3079 12.931 -24 70.2769 12.2523 0 70.5902
3 16 12.2523 0 70.5902 12.931 -24 70.2769 12.2322 -24 70.5178
3 16 9.3917 0 68.4925 9.4609 -24 68.4797 9.4582 0 67.6544
3 16 9.4582 0 67.6544 9.4609 -24 68.4797 9.5381 -24 67.6443
3 16 11.4152 0 70.6071 11.4253 -24 70.5466 10.5719 0 70.4882
3 16 10.5719 0 70.4882 11.4253 -24 70.5466 10.5883 -24 70.398
3 16 43.2883 -18.375 72.15 46.125 -21.2117 72.15 43.2883 -18.375 70.2
3 16 43.2883 -18.375 70.2 46.125 -21.2117 72.15 46.125 -21.2117 70.2
3 16 46.125 -21.2117 72.15 50 -22.25 72.15 46.125 -21.2117 70.2
3 16 46.125 -21.2117 70.2 50 -22.25 72.15 50 -22.25 70.2
3 16 50 -6.75 72.15 46.125 -7.7883 72.15 50 -6.75 70.2
3 16 50 -6.75 70.2 46.125 -7.7883 72.15 46.125 -7.7883 70.2
3 16 46.125 -7.7883 72.15 43.2883 -10.625 72.15 46.125 -7.7883 70.2
3 16 46.125 -7.7883 70.2 43.2883 -10.625 72.15 43.2883 -10.625 70.2
3 16 43.2883 -10.625 72.15 42.25 -14.5 72.15 43.2883 -10.625 70.2
3 16 43.2883 -10.625 70.2 42.25 -14.5 72.15 42.25 -14.5 70.2
3 16 42.25 -14.5 72.15 43.2883 -18.375 72.15 42.25 -14.5 70.2
3 16 42.25 -14.5 70.2 43.2883 -18.375 72.15 43.2883 -18.375 70.2
3 16 44.5874 -11.375 72.15 43.75 -14.5 72.15 43.2883 -10.625 72.15
3 16 43.2883 -10.625 72.15 43.75 -14.5 72.15 42.25 -14.5 72.15
3 16 46.875 -9.0873 72.15 44.5874 -11.375 72.15 46.125 -7.7883 72.15
3 16 46.125 -7.7883 72.15 44.5874 -11.375 72.15 43.2883 -10.625 72.15
3 16 50 -8.25 72.15 46.875 -9.0873 72.15 50 -6.75 72.15
3 16 50 -6.75 72.15 46.875 -9.0873 72.15 46.125 -7.7883 72.15
3 16 46.875 -19.9127 72.15 50 -20.75 72.15 46.125 -21.2117 72.15
3 16 46.125 -21.2117 72.15 50 -20.75 72.15 50 -22.25 72.15
3 16 44.5874 -17.625 72.15 46.875 -19.9127 72.15 43.2883 -18.375 72.15
3 16 43.2883 -18.375 72.15 46.875 -19.9127 72.15 46.125 -21.2117 72.15
3 16 43.75 -14.5 72.15 44.5874 -17.625 72.15 42.25 -14.5 72.15
3 16 42.25 -14.5 72.15 44.5874 -17.625 72.15 43.2883 -18.375 72.15
3 16 23.2883 -18.375 72.15 26.125 -21.2117 72.15 23.2883 -18.375 70.2
3 16 23.2883 -18.375 70.2 26.125 -21.2117 72.15 26.125 -21.2117 70.2
3 16 26.125 -21.2117 72.15 30 -22.25 72.15 26.125 -21.2117 70.2
3 16 26.125 -21.2117 70.2 30 -22.25 72.15 30 -22.25 70.2
3 16 30 -22.25 72.15 33.875 -21.2117 72.15 30 -22.25 70.2
3 16 30 -22.25 70.2 33.875 -21.2117 72.15 33.875 -21.2117 70.2
3 16 33.875 -21.2117 72.15 36.7117 -18.375 72.15 33.875 -21.2117 70.2
3 16 33.875 -21.2117 70.2 36.7117 -18.375 72.15 36.7117 -18.375 70.2
3 16 36.7117 -18.375 72.15 37.75 -14.5 72.15 36.7117 -18.375 70.2
3 16 36.7117 -18.375 70.2 37.75 -14.5 72.15 37.75 -14.5 70.2
3 16 37.75 -14.5 72.15 36.7117 -10.625 72.15 37.75 -14.5 70.2
3 16 37.75 -14.5 70.2 36.7117 -10.625 72.15 36.7117 -10.625 70.2
3 16 36.7117 -10.625 72.15 33.875 -7.7883 72.15 36.7117 -10.625 70.2
3 16 36.7117 -10.625 70.2 33.875 -7.7883 72.15 33.875 -7.7883 70.2
3 16 33.875 -7.7883 72.15 30 -6.75 72.15 33.875 -7.7883 70.2
3 16 33.875 -7.7883 70.2 30 -6.75 72.15 30 -6.75 70.2
3 16 30 -6.75 72.15 26.125 -7.7883 72.15 30 -6.75 70.2
3 16 30 -6.75 70.2 26.125 -7.7883 72.15 26.125 -7.7883 70.2
3 16 26.125 -7.7883 72.15 23.2883 -10.625 72.15 26.125 -7.7883 70.2
3 16 26.125 -7.7883 70.2 23.2883 -10.625 72.15 23.2883 -10.625 70.2
3 16 23.2883 -10.625 72.15 22.25 -14.5 72.15 23.2883 -10.625 70.2
3 16 23.2883 -10.625 70.2 22.25 -14.5 72.15 22.25 -14.5 70.2
3 16 22.25 -14.5 72.15 23.2883 -18.375 72.15 22.25 -14.5 70.2
3 16 22.25 -14.5 70.2 23.2883 -18.375 72.15 23.2883 -18.375 70.2
3 16 24.5874 -11.375 72.15 23.75 -14.5 72.15 23.2883 -10.625 72.15
3 16 23.2883 -10.625 72.15 23.75 -14.5 72.15 22.25 -14.5 72.15
3 16 26.875 -9.0873 72.15 24.5874 -11.375 72.15 26.125 -7.7883 72.15
3 16 26.125 -7.7883 72.15 24.5874 -11.375 72.15 23.2883 -10.625 72.15
3 16 30 -8.25 72.15 26.875 -9.0873 72.15 30 -6.75 72.15
3 16 30 -6.75 72.15 26.875 -9.0873 72.15 26.125 -7.7883 72.15
3 16 33.125 -9.0873 72.15 30 -8.25 72.15 33.875 -7.7883 72.15
3 16 33.875 -7.7883 72.15 30 -8.25 72.15 30 -6.75 72.15
3 16 35.4127 -11.375 72.15 33.125 -9.0873 72.15 36.7117 -10.625 72.15
3 16 36.7117 -10.625 72.15 33.125 -9.0873 72.15 33.875 -7.7883 72.15
3 16 36.25 -14.5 72.15 35.4127 -11.375 72.15 37.75 -14.5 72.15
3 16 37.75 -14.5 72.15 35.4127 -11.375 72.15 36.7117 -10.625 72.15
3 16 35.4127 -17.625 72.15 36.25 -14.5 72.15 36.7117 -18.375 72.15
3 16 36.7117 -18.375 72.15 36.25 -14.5 72.15 37.75 -14.5 72.15
3 16 33.125 -19.9127 72.15 35.4127 -17.625 72.15 33.875 -21.2117 72.15
3 16 33.875 -21.2117 72.15 35.4127 -17.625 72.15 36.7117 -18.375 72.15
3 16 30 -20.75 72.15 33.125 -19.9127 72.15 30 -22.25 72.15
3 16 30 -22.25 72.15 33.125 -19.9127 72.15 33.875 -21.2117 72.15
3 16 26.875 -19.9127 72.15 30 -20.75 72.15 26.125 -21.2117 72.15
3 16 26.125 -21.2117 72.15 30 -20.75 72.15 30 -22.25 72.15
3 16 24.5874 -17.625 72.15 26.875 -19.9127 72.15 23.2883 -18.375 72.15
3 16 23.2883 -18.375 72.15 26.875 -19.9127 72.15 26.125 -21.2117 72.15
3 16 23.75 -14.5 72.15 24.5874 -17.625 72.15 22.25 -14.5 72.15
3 16 22.25 -14.5 72.15 24.5874 -17.625 72.15 23.2883 -18.375 72.15
3 16 43.2883 -18.375 70.2 46.125 -21.2117 70.2 35 -24 70.2
3 16 35 -24 70.2 46.125 -21.2117 70.2 50 -24 70.2
3 16 50 -24 70.2 46.125 -21.2117 70.2 50 -22.25 70.2
3 16 50 -6.75 70.2 46.125 -7.7883 70.2 50 0 70.2
3 16 50 0 70.2 46.125 -7.7883 70.2 30 0 70.2
3 16 46.125 -7.7883 70.2 33.875 -7.7883 70.2 30 0 70.2
3 16 42.25 -14.5 70.2 37.75 -14.5 70.2 43.2883 -10.625 70.2
3 16 43.2883 -10.625 70.2 37.75 -14.5 70.2 36.7117 -10.625 70.2
3 16 43.2883 -18.375 70.2 36.7117 -18.375 70.2 42.25 -14.5 70.2
3 16 42.25 -14.5 70.2 36.7117 -18.375 70.2 37.75 -14.5 70.2
3 16 13.634 -24 70.2 23.2883 -18.375 70.2 26.125 -21.2117 70.2
3 16 35 -24 70.2 13.634 -24 70.2 30 -22.25 70.2
3 16 13.634 -24 70.2 26.125 -21.2117 70.2 30 -22.25 70.2
3 16 35 -24 70.2 30 -22.25 70.2 33.875 -21.2117 70.2
3 16 33.875 -21.2117 70.2 36.7117 -18.375 70.2 35 -24 70.2
3 16 30 0 70.2 33.875 -7.7883 70.2 30 -6.75 70.2
3 16 30 -6.75 70.2 26.125 -7.7883 70.2 30 0 70.2
3 16 30 0 70.2 26.125 -7.7883 70.2 13.75 0 70.2
3 16 33.875 -7.7883 70.2 46.125 -7.7883 70.2 36.7117 -10.625 70.2
3 16 36.7117 -10.625 70.2 46.125 -7.7883 70.2 43.2883 -10.625 70.2
3 16 35 -24 70.2 36.7117 -18.375 70.2 43.2883 -18.375 70.2
3 16 23.2883 -10.625 70.2 13.75 0 70.2 26.125 -7.7883 70.2
3 16 13.75 0 70.2 22.25 -14.5 70.2 13.634 -24 70.2
3 16 13.634 -24 70.2 22.25 -14.5 70.2 23.2883 -18.375 70.2
3 16 13.75 0 70.2 23.2883 -10.625 70.2 22.25 -14.5 70.2
3 16 43.2883 -18.375 87.75 42.25 -14.5 87.75 43.2883 -18.375 89.8
3 16 43.2883 -18.375 89.8 42.25 -14.5 87.75 42.25 -14.5 89.8
3 16 46.125 -21.2117 87.75 43.2883 -18.375 87.75 46.125 -21.2117 89.8
3 16 46.125 -21.2117 89.8 43.2883 -18.375 87.75 43.2883 -18.375 89.8
3 16 50 -22.25 87.75 46.125 -21.2117 87.75 50 -22.25 89.8
3 16 50 -22.25 89.8 46.125 -21.2117 87.75 46.125 -21.2117 89.8
3 16 46.125 -7.7883 87.75 50 -6.75 87.75 46.125 -7.7883 89.8
3 16 46.125 -7.7883 89.8 50 -6.75 87.75 50 -6.75 89.8
3 16 43.2883 -10.625 87.75 46.125 -7.7883 87.75 43.2883 -10.625 89.8
3 16 43.2883 -10.625 89.8 46.125 -7.7883 87.75 46.125 -7.7883 89.8
3 16 42.25 -14.5 87.75 43.2883 -10.625 87.75 42.25 -14.5 89.8
3 16 42.25 -14.5 89.8 43.2883 -10.625 87.75 43.2883 -10.625 89.8
3 16 43.75 -14.5 72.15 43.75 -14.5 87.75 44.5874 -17.625 72.15
3 16 44.5874 -17.625 72.15 43.75 -14.5 87.75 44.5874 -17.625 87.75
3 16 44.5874 -17.625 72.15 44.5874 -17.625 87.75 46.875 -19.9127 72.15
3 16 46.875 -19.9127 72.15 44.5874 -17.625 87.75 46.875 -19.9127 87.75
3 16 46.875 -19.9127 72.15 46.875 -19.9127 87.75 50 -20.75 72.15
3 16 50 -20.75 72.15 46.875 -19.9127 87.75 50 -20.75 87.75
3 16 50 -8.25 72.15 50 -8.25 87.75 46.875 -9.0873 72.15
3 16 46.875 -9.0873 72.15 50 -8.25 87.75 46.875 -9.0873 87.75
3 16 46.875 -9.0873 72.15 46.875 -9.0873 87.75 44.5874 -11.375 72.15
3 16 44.5874 -11.375 72.15 46.875 -9.0873 87.75 44.5874 -11.375 87.75
3 16 44.5874 -11.375 72.15 44.5874 -11.375 87.75 43.75 -14.5 72.15
3 16 43.75 -14.5 72.15 44.5874 -11.375 87.75 43.75 -14.5 87.75
3 16 44.5874 -11.375 87.75 43.2883 -10.625 87.75 43.75 -14.5 87.75
3 16 43.75 -14.5 87.75 43.2883 -10.625 87.75 42.25 -14.5 87.75
3 16 46.875 -9.0873 87.75 46.125 -7.7883 87.75 44.5874 -11.375 87.75
3 16 44.5874 -11.375 87.75 46.125 -7.7883 87.75 43.2883 -10.625 87.75
3 16 50 -8.25 87.75 50 -6.75 87.75 46.875 -9.0873 87.75
3 16 46.875 -9.0873 87.75 50 -6.75 87.75 46.125 -7.7883 87.75
3 16 46.875 -19.9127 87.75 46.125 -21.2117 87.75 50 -20.75 87.75
3 16 50 -20.75 87.75 46.125 -21.2117 87.75 50 -22.25 87.75
3 16 44.5874 -17.625 87.75 43.2883 -18.375 87.75 46.875 -19.9127 87.75
3 16 46.875 -19.9127 87.75 43.2883 -18.375 87.75 46.125 -21.2117 87.75
3 16 43.75 -14.5 87.75 42.25 -14.5 87.75 44.5874 -17.625 87.75
3 16 44.5874 -17.625 87.75 42.25 -14.5 87.75 43.2883 -18.375 87.75
3 16 23.2883 -18.375 87.75 22.25 -14.5 87.75 23.2883 -18.375 89.8
3 16 23.2883 -18.375 89.8 22.25 -14.5 87.75 22.25 -14.5 89.8
3 16 26.125 -21.2117 87.75 23.2883 -18.375 87.75 26.125 -21.2117 89.8
3 16 26.125 -21.2117 89.8 23.2883 -18.375 87.75 23.2883 -18.375 89.8
3 16 30 -22.25 87.75 26.125 -21.2117 87.75 30 -22.25 89.8
3 16 30 -22.25 89.8 26.125 -21.2117 87.75 26.125 -21.2117 89.8
3 16 33.875 -21.2117 87.75 30 -22.25 87.75 33.875 -21.2117 89.8
3 16 33.875 -21.2117 89.8 30 -22.25 87.75 30 -22.25 89.8
3 16 36.7117 -18.375 87.75 33.875 -21.2117 87.75 36.7117 -18.375 89.8
3 16 36.7117 -18.375 89.8 33.875 -21.2117 87.75 33.875 -21.2117 89.8
3 16 37.75 -14.5 87.75 36.7117 -18.375 87.75 37.75 -14.5 89.8
3 16 37.75 -14.5 89.8 36.7117 -18.375 87.75 36.7117 -18.375 89.8
3 16 36.7117 -10.625 87.75 37.75 -14.5 87.75 36.7117 -10.625 89.8
3 16 36.7117 -10.625 89.8 37.75 -14.5 87.75 37.75 -14.5 89.8
3 16 33.875 -7.7883 87.75 36.7117 -10.625 87.75 33.875 -7.7883 89.8
3 16 33.875 -7.7883 89.8 36.7117 -10.625 87.75 36.7117 -10.625 89.8
3 16 30 -6.75 87.75 33.875 -7.7883 87.75 30 -6.75 89.8
3 16 30 -6.75 89.8 33.875 -7.7883 87.75 33.875 -7.7883 89.8
3 16 26.125 -7.7883 87.75 30 -6.75 87.75 26.125 -7.7883 89.8
3 16 26.125 -7.7883 89.8 30 -6.75 87.75 30 -6.75 89.8
3 16 23.2883 -10.625 87.75 26.125 -7.7883 87.75 23.2883 -10.625 89.8
3 16 23.2883 -10.625 89.8 26.125 -7.7883 87.75 26.125 -7.7883 89.8
3 16 22.25 -14.5 87.75 23.2883 -10.625 87.75 22.25 -14.5 89.8
3 16 22.25 -14.5 89.8 23.2883 -10.625 87.75 23.2883 -10.625 89.8
3 16 23.75 -14.5 72.15 23.75 -14.5 87.75 24.5874 -17.625 72.15
3 16 24.5874 -17.625 72.15 23.75 -14.5 87.75 24.5874 -17.625 87.75
3 16 24.5874 -17.625 72.15 24.5874 -17.625 87.75 26.875 -19.9127 72.15
3 16 26.875 -19.9127 72.15 24.5874 -17.625 87.75 26.875 -19.9127 87.75
3 16 26.875 -19.9127 72.15 26.875 -19.9127 87.75 30 -20.75 72.15
3 16 30 -20.75 72.15 26.875 -19.9127 87.75 30 -20.75 87.75
3 16 30 -20.75 72.15 30 -20.75 87.75 33.125 -19.9127 72.15
3 16 33.125 -19.9127 72.15 30 -20.75 87.75 33.125 -19.9127 87.75
3 16 33.125 -19.9127 72.15 33.125 -19.9127 87.75 35.4127 -17.625 72.15
3 16 35.4127 -17.625 72.15 33.125 -19.9127 87.75 35.4127 -17.625 87.75
3 16 35.4127 -17.625 72.15 35.4127 -17.625 87.75 36.25 -14.5 72.15
3 16 36.25 -14.5 72.15 35.4127 -17.625 87.75 36.25 -14.5 87.75
3 16 36.25 -14.5 72.15 36.25 -14.5 87.75 35.4127 -11.375 72.15
3 16 35.4127 -11.375 72.15 36.25 -14.5 87.75 35.4127 -11.375 87.75
3 16 35.4127 -11.375 72.15 35.4127 -11.375 87.75 33.125 -9.0873 72.15
3 16 33.125 -9.0873 72.15 35.4127 -11.375 87.75 33.125 -9.0873 87.75
3 16 33.125 -9.0873 72.15 33.125 -9.0873 87.75 30 -8.25 72.15
3 16 30 -8.25 72.15 33.125 -9.0873 87.75 30 -8.25 87.75
3 16 30 -8.25 72.15 30 -8.25 87.75 26.875 -9.0873 72.15
3 16 26.875 -9.0873 72.15 30 -8.25 87.75 26.875 -9.0873 87.75
3 16 26.875 -9.0873 72.15 26.875 -9.0873 87.75 24.5874 -11.375 72.15
3 16 24.5874 -11.375 72.15 26.875 -9.0873 87.75 24.5874 -11.375 87.75
3 16 24.5874 -11.375 72.15 24.5874 -11.375 87.75 23.75 -14.5 72.15
3 16 23.75 -14.5 72.15 24.5874 -11.375 87.75 23.75 -14.5 87.75
3 16 24.5874 -11.375 87.75 23.2883 -10.625 87.75 23.75 -14.5 87.75
3 16 23.75 -14.5 87.75 23.2883 -10.625 87.75 22.25 -14.5 87.75
3 16 26.875 -9.0873 87.75 26.125 -7.7883 87.75 24.5874 -11.375 87.75
3 16 24.5874 -11.375 87.75 26.125 -7.7883 87.75 23.2883 -10.625 87.75
3 16 30 -8.25 87.75 30 -6.75 87.75 26.875 -9.0873 87.75
3 16 26.875 -9.0873 87.75 30 -6.75 87.75 26.125 -7.7883 87.75
3 16 33.125 -9.0873 87.75 33.875 -7.7883 87.75 30 -8.25 87.75
3 16 30 -8.25 87.75 33.875 -7.7883 87.75 30 -6.75 87.75
3 16 35.4127 -11.375 87.75 36.7117 -10.625 87.75 33.125 -9.0873 87.75
3 16 33.125 -9.0873 87.75 36.7117 -10.625 87.75 33.875 -7.7883 87.75
3 16 36.25 -14.5 87.75 37.75 -14.5 87.75 35.4127 -11.375 87.75
3 16 35.4127 -11.375 87.75 37.75 -14.5 87.75 36.7117 -10.625 87.75
3 16 35.4127 -17.625 87.75 36.7117 -18.375 87.75 36.25 -14.5 87.75
3 16 36.25 -14.5 87.75 36.7117 -18.375 87.75 37.75 -14.5 87.75
3 16 33.125 -19.9127 87.75 33.875 -21.2117 87.75 35.4127 -17.625 87.75
3 16 35.4127 -17.625 87.75 33.875 -21.2117 87.75 36.7117 -18.375 87.75
3 16 30 -20.75 87.75 30 -22.25 87.75 33.125 -19.9127 87.75
3 16 33.125 -19.9127 87.75 30 -22.25 87.75 33.875 -21.2117 87.75
3 16 26.875 -19.9127 87.75 26.125 -21.2117 87.75 30 -20.75 87.75
3 16 30 -20.75 87.75 26.125 -21.2117 87.75 30 -22.25 87.75
3 16 24.5874 -17.625 87.75 23.2883 -18.375 87.75 26.875 -19.9127 87.75
3 16 26.875 -19.9127 87.75 23.2883 -18.375 87.75 26.125 -21.2117 87.75
3 16 23.75 -14.5 87.75 22.25 -14.5 87.75 24.5874 -17.625 87.75
3 16 24.5874 -17.625 87.75 22.25 -14.5 87.75 23.2883 -18.375 87.75
3 16 50 -22.25 89.8 46.125 -21.2117 89.8 50 -24 89.8
3 16 50 -24 89.8 46.125 -21.2117 89.8 35 -24 89.8
3 16 40 0 89.8 46.125 -7.7883 89.8 50 0 89.8
3 16 50 0 89.8 46.125 -7.7883 89.8 50 -6.75 89.8
3 16 35 -24 89.8 30 -22.25 89.8 10.2337 -23.9528 89.8
3 16 10.2337 -23.9528 89.8 30 -22.25 89.8 26.125 -21.2117 89.8
3 16 35 -24 89.8 33.875 -21.2117 89.8 30 -22.25 89.8
3 16 33.875 -21.2117 89.8 35 -24 89.8 36.7117 -18.375 89.8
3 16 36.7117 -18.375 89.8 43.2883 -18.375 89.8 37.75 -14.5 89.8
3 16 37.75 -14.5 89.8 43.2883 -18.375 89.8 42.25 -14.5 89.8
3 16 43.2883 -10.625 89.8 36.7117 -10.625 89.8 42.25 -14.5 89.8
3 16 42.25 -14.5 89.8 36.7117 -10.625 89.8 37.75 -14.5 89.8
3 16 40 0 89.8 30 -6.75 89.8 33.875 -7.7883 89.8
3 16 10.2337 0 89.8 26.125 -7.7883 89.8 40 0 89.8
3 16 26.125 -7.7883 89.8 30 -6.75 89.8 40 0 89.8
3 16 40 0 89.8 36.7117 -10.625 89.8 43.2883 -10.625 89.8
3 16 35 -24 89.8 46.125 -21.2117 89.8 43.2883 -18.375 89.8
3 16 46.125 -7.7883 89.8 40 0 89.8 43.2883 -10.625 89.8
3 16 40 0 89.8 33.875 -7.7883 89.8 36.7117 -10.625 89.8
3 16 10.2337 0 89.8 23.2883 -10.625 89.8 26.125 -7.7883 89.8
3 16 10.2337 -23.9528 89.8 22.25 -14.5 89.8 23.2883 -10.625 89.8
3 16 10.2337 -23.9528 89.8 23.2883 -18.375 89.8 22.25 -14.5 89.8
3 16 10.2337 -23.9528 89.8 26.125 -21.2117 89.8 23.2883 -18.375 89.8
3 16 33.4641 -6.4747 74 33.4641 -6.4747 78.0019 34.7927 -7.1796 74
3 16 30 0 76 30 0 80 32 0 76.5359
3 16 32 0 76.5359 30 0 80 33.4641 0 78
3 16 33.4641 0 78 30 0 80 34 0 80
3 16 30 0 76 32 0 76.5359 30 -5.7501 76.0019
3 16 30 -5.7501 76.0019 32 0 76.5359 32 -5.966 76.5378
3 16 32 0 76.5359 33.4641 0 78 32 -5.966 76.5378
3 16 32 -5.966 76.5378 33.4641 0 78 33.4641 -6.4747 78.0019
3 16 33.4641 0 78 34 0 80 33.4641 -6.4747 78.0019
3 16 33.4641 -6.4747 78.0019 34 0 80 34 -6.7174 80.001
3 16 30 -5.7501 74 30 -5.7501 76.0019 31.9961 -5.9809 74
3 16 31.9961 -5.9809 74 30 -5.7501 76.0019 32 -5.966 76.5378
3 16 31.9961 -5.9809 74 32 -5.966 76.5378 33.4641 -6.4747 74
3 16 33.4641 -6.4747 74 32 -5.966 76.5378 33.4641 -6.4747 78.0019
3 16 50 0 74 13.75 0 74 31.9961 -5.9809 74
3 16 13.75 0 74 30 -5.7501 74 31.9961 -5.9809 74
3 16 50 0 74 31.9961 -5.9809 74 33.4641 -6.4747 74
3 16 33.4641 -6.4747 74 34.7927 -7.1796 74 50 0 74
3 16 34.7927 -7.1796 74 36.0664 -8.1945 74 50 0 74
3 16 50 0 74 36.0664 -8.1945 74 45.2073 -7.1796 74
3 16 43.9336 -8.1945 74 45.2073 -7.1796 74 36.0664 -8.1945 74
3 16 38.2759 -11.6593 74 41.7241 -11.6593 74 37.3765 -9.7955 74
3 16 37.3765 -9.7955 74 41.7241 -11.6593 74 42.6235 -9.7955 74
3 16 38.738 -14.0421 74 41.262 -14.0421 74 38.2759 -11.6593 74
3 16 38.2759 -11.6593 74 41.262 -14.0421 74 41.7241 -11.6593 74
3 16 39.0896 -20.75 74 40.9104 -20.75 74 38.738 -14.0421 74
3 16 38.738 -14.0421 74 40.9104 -20.75 74 41.262 -14.0421 74
3 16 22.6235 -9.7955 74 22.6235 -9.7955 86 23.9336 -8.1945 74
3 16 23.9336 -8.1945 74 22.6235 -9.7955 86 23.9336 -8.1945 86
3 16 21.7241 -11.6593 74 21.7241 -11.6593 86 22.6235 -9.7955 74
3 16 22.6235 -9.7955 74 21.7241 -11.6593 86 22.6235 -9.7955 86
3 16 21.262 -14.0421 74 21.262 -14.0421 86 21.7241 -11.6593 74
3 16 21.7241 -11.6593 74 21.262 -14.0421 86 21.7241 -11.6593 86
3 16 26.5359 -6.4747 74 25.2073 -7.1796 74 26.5359 -6.4747 78.0019
3 16 30 0 76 28 0 76.5359 30 0 80
3 16 28 0 76.5359 26.5359 0 78 30 0 80
3 16 26.5359 0 78 26 0 80 30 0 80
3 16 28 -5.966 76.5378 28 0 76.5359 30 -5.7501 76.0019
3 16 30 -5.7501 76.0019 28 0 76.5359 30 0 76
3 16 26.5359 -6.4747 78.0019 26.5359 0 78 28 -5.966 76.5378
3 16 28 -5.966 76.5378 26.5359 0 78 28 0 76.5359
3 16 26 -6.7174 80.001 26 0 80 26.5359 -6.4747 78.0019
3 16 26.5359 -6.4747 78.0019 26 0 80 26.5359 0 78
3 16 30 -5.7501 74 28.0039 -5.9809 74 30 -5.7501 76.0019
3 16 30 -5.7501 76.0019 28.0039 -5.9809 74 28 -5.966 76.5378
3 16 25.2073 -7.1796 74 25.2073 -7.1796 80.001 26.5359 -6.4747 78.0019
3 16 26.5359 -6.4747 78.0019 25.2073 -7.1796 80.001 26 -6.7174 80.001
3 16 28.0039 -5.9809 74 26.5359 -6.4747 74 28 -5.966 76.5378
3 16 28 -5.966 76.5378 26.5359 -6.4747 74 26.5359 -6.4747 78.0019
3 16 20.9104 -20.75 86 21.262 -14.0421 86 20.9104 -20.75 74
3 16 20.9104 -20.75 74 21.262 -14.0421 86 21.262 -14.0421 74
3 16 13.75 0 74 28.0039 -5.9809 74 30 -5.7501 74
3 16 13.75 0 74 26.5359 -6.4747 74 28.0039 -5.9809 74
3 16 13.75 0 74 23.9336 -8.1945 74 25.2073 -7.1796 74
3 16 26.5359 -6.4747 74 13.75 0 74 25.2073 -7.1796 74
3 16 13.75 0 74 21.7241 -11.6593 74 22.6235 -9.7955 74
3 16 13.75 0 74 21.262 -14.0421 74 21.7241 -11.6593 74
3 16 20.9104 -20.75 74 21.262 -14.0421 74 13.75 -20.75 74
3 16 13.75 -20.75 74 21.262 -14.0421 74 13.75 0 74
3 16 34.7927 -7.1796 79.9937 34.7927 -7.1796 86 36.0664 -8.1945 86
3 16 37.3765 -9.7955 74 36.0664 -8.1945 74 37.3765 -9.7955 86
3 16 37.3765 -9.7955 86 36.0664 -8.1945 74 36.0664 -8.1945 86
3 16 38.2759 -11.6593 74 37.3765 -9.7955 74 38.2759 -11.6593 86
3 16 38.2759 -11.6593 86 37.3765 -9.7955 74 37.3765 -9.7955 86
3 16 38.738 -14.0421 86 38.738 -14.0421 74 38.2759 -11.6593 86
3 16 38.2759 -11.6593 86 38.738 -14.0421 74 38.2759 -11.6593 74
3 16 33.4641 -6.4747 86 34.7927 -7.1796 86 33.4641 -6.4747 82
3 16 30 0 84 32 0 83.4641 30 0 80
3 16 32 0 83.4641 33.4641 0 82 30 0 80
3 16 33.4641 0 82 34 0 80 30 0 80
3 16 32 -5.966 83.4641 32 0 83.4641 30 -5.7501 84
3 16 30 -5.7501 84 32 0 83.4641 30 0 84
3 16 33.4641 -6.4747 82 33.4641 0 82 32 -5.966 83.4641
3 16 32 -5.966 83.4641 33.4641 0 82 32 0 83.4641
3 16 34 -6.7174 80.001 34 0 80 33.4641 -6.4747 82
3 16 33.4641 -6.4747 82 34 0 80 33.4641 0 82
3 16 30 -5.7501 86 31.9961 -5.9809 86 30 -5.7501 84
3 16 30 -5.7501 84 31.9961 -5.9809 86 32 -5.966 83.4641
3 16 34 -6.7174 80.001 33.4641 -6.4747 82 34.7927 -7.1796 79.9937
3 16 34.7927 -7.1796 79.9937 33.4641 -6.4747 82 34.7927 -7.1796 86
3 16 31.9961 -5.9809 86 33.4641 -6.4747 86 32 -5.966 83.4641
3 16 32 -5.966 83.4641 33.4641 -6.4747 86 33.4641 -6.4747 82
3 16 39.0896 -20.75 86 39.0896 -20.75 74 38.738 -14.0421 86
3 16 38.738 -14.0421 86 39.0896 -20.75 74 38.738 -14.0421 74
3 16 50 0 86 31.9961 -5.9809 86 30 -5.7501 86
3 16 50 0 86 33.4641 -6.4747 86 31.9961 -5.9809 86
3 16 50 0 86 34.7927 -7.1796 86 33.4641 -6.4747 86
3 16 23.9336 -8.1945 86 25.2073 -7.1796 80.001 23.9336 -8.1945 74
3 16 23.9336 -8.1945 74 25.2073 -7.1796 80.001 25.2073 -7.1796 74
3 16 26.5359 -6.4747 86 26.5359 -6.4747 82 25.2073 -7.1796 86
3 16 30 0 84 30 0 80 28 0 83.4641
3 16 28 0 83.4641 30 0 80 26.5359 0 82
3 16 26.5359 0 82 30 0 80 26 0 80
3 16 30 0 84 28 0 83.4641 30 -5.7501 84
3 16 30 -5.7501 84 28 0 83.4641 28 -5.966 83.4641
3 16 28 0 83.4641 26.5359 0 82 28 -5.966 83.4641
3 16 28 -5.966 83.4641 26.5359 0 82 26.5359 -6.4747 82
3 16 26.5359 0 82 26 0 80 26.5359 -6.4747 82
3 16 26.5359 -6.4747 82 26 0 80 26 -6.7174 80.001
3 16 30 -5.7501 86 30 -5.7501 84 28.0039 -5.9809 86
3 16 28.0039 -5.9809 86 30 -5.7501 84 28 -5.966 83.4641
3 16 28.0039 -5.9809 86 28 -5.966 83.4641 26.5359 -6.4747 86
3 16 26.5359 -6.4747 86 28 -5.966 83.4641 26.5359 -6.4747 82
3 16 50 0 86 30 -5.7501 86 13.75 0 86
3 16 13.75 0 86 30 -5.7501 86 28.0039 -5.9809 86
3 16 13.75 0 86 28.0039 -5.9809 86 26.5359 -6.4747 86
3 16 13.75 0 86 23.9336 -8.1945 86 22.6235 -9.7955 86
3 16 13.75 0 86 22.6235 -9.7955 86 21.7241 -11.6593 86
3 16 13.75 0 86 21.7241 -11.6593 86 21.262 -14.0421 86
3 16 13.75 0 86 21.262 -14.0421 86 13.75 -20.75 86
3 16 13.75 -20.75 86 21.262 -14.0421 86 20.9104 -20.75 86
3 16 20.9104 -20.75 74 13.75 -20.75 74 20.9104 -20.75 86
3 16 20.9104 -20.75 86 13.75 -20.75 74 13.75 -20.75 86
3 16 41.7241 -11.6593 74 41.7241 -11.6593 86 42.6235 -9.7955 74
3 16 42.6235 -9.7955 74 41.7241 -11.6593 86 42.6235 -9.7955 86
3 16 41.262 -14.0421 74 41.262 -14.0421 86 41.7241 -11.6593 74
3 16 41.7241 -11.6593 74 41.262 -14.0421 86 41.7241 -11.6593 86
3 16 46.5359 -6.4747 74 45.2073 -7.1796 74 46.5359 -6.4747 78.0019
3 16 50 0 76 48 0 76.5359 50 0 80
3 16 48 0 76.5359 46.5359 0 78 50 0 80
3 16 46.5359 0 78 46 0 80 50 0 80
3 16 48 -5.966 76.5378 48 0 76.5359 50 -5.7501 76.0019
3 16 50 -5.7501 76.0019 48 0 76.5359 50 0 76
3 16 46.5359 -6.4747 78.0019 46.5359 0 78 48 -5.966 76.5378
3 16 48 -5.966 76.5378 46.5359 0 78 48 0 76.5359
3 16 46 -6.7174 80.001 46 0 80 46.5359 -6.4747 78.0019
3 16 46.5359 -6.4747 78.0019 46 0 80 46.5359 0 78
3 16 50 -5.7501 74 48.0039 -5.9809 74 50 -5.7501 76.0019
3 16 50 -5.7501 76.0019 48.0039 -5.9809 74 48 -5.966 76.5378
3 16 45.2073 -7.1796 74 45.2073 -7.1796 79.9937 46.5359 -6.4747 78.0019
3 16 46.5359 -6.4747 78.0019 45.2073 -7.1796 79.9937 46 -6.7174 80.001
3 16 48.0039 -5.9809 74 46.5359 -6.4747 74 48 -5.966 76.5378
3 16 48 -5.966 76.5378 46.5359 -6.4747 74 46.5359 -6.4747 78.0019
3 16 40.9104 -20.75 74 40.9104 -20.75 86 41.262 -14.0421 74
3 16 41.262 -14.0421 74 40.9104 -20.75 86 41.262 -14.0421 86
3 16 50 0 74 48.0039 -5.9809 74 50 -5.7501 74
3 16 50 0 74 46.5359 -6.4747 74 48.0039 -5.9809 74
3 16 46.5359 -6.4747 74 50 0 74 45.2073 -7.1796 74
3 16 43.9336 -8.1945 86 45.2073 -7.1796 79.9937 43.9336 -8.1945 74
3 16 43.9336 -8.1945 74 45.2073 -7.1796 79.9937 45.2073 -7.1796 74
3 16 42.6235 -9.7955 74 42.6235 -9.7955 86 43.9336 -8.1945 74
3 16 43.9336 -8.1945 74 42.6235 -9.7955 86 43.9336 -8.1945 86
3 16 46.5359 -6.4747 86 46.5359 -6.4747 82 45.2073 -7.1796 86
3 16 50 0 84 50 0 80 48 0 83.4641
3 16 48 0 83.4641 50 0 80 46.5359 0 82
3 16 46.5359 0 82 50 0 80 46 0 80
3 16 50 0 84 48 0 83.4641 50 -5.7501 84
3 16 50 -5.7501 84 48 0 83.4641 48 -5.966 83.4641
3 16 48 0 83.4641 46.5359 0 82 48 -5.966 83.4641
3 16 48 -5.966 83.4641 46.5359 0 82 46.5359 -6.4747 82
3 16 46.5359 0 82 46 0 80 46.5359 -6.4747 82
3 16 46.5359 -6.4747 82 46 0 80 46 -6.7174 80.001
3 16 50 -5.7501 86 50 -5.7501 84 48.0039 -5.9809 86
3 16 48.0039 -5.9809 86 50 -5.7501 84 48 -5.966 83.4641
3 16 48.0039 -5.9809 86 48 -5.966 83.4641 46.5359 -6.4747 86
3 16 46.5359 -6.4747 86 48 -5.966 83.4641 46.5359 -6.4747 82
3 16 50 0 86 50 -5.7501 86 48.0039 -5.9809 86
3 16 50 0 86 48.0039 -5.9809 86 46.5359 -6.4747 86
3 16 34.7927 -7.1796 86 50 0 86 36.0664 -8.1945 86
3 16 50 0 86 45.2073 -7.1796 86 36.0664 -8.1945 86
3 16 36.0664 -8.1945 86 45.2073 -7.1796 86 43.9336 -8.1945 86
3 16 38.2759 -11.6593 86 37.3765 -9.7955 86 41.7241 -11.6593 86
3 16 41.7241 -11.6593 86 37.3765 -9.7955 86 42.6235 -9.7955 86
3 16 38.738 -14.0421 86 38.2759 -11.6593 86 41.262 -14.0421 86
3 16 41.262 -14.0421 86 38.2759 -11.6593 86 41.7241 -11.6593 86
3 16 39.0896 -20.75 86 38.738 -14.0421 86 40.9104 -20.75 86
3 16 40.9104 -20.75 86 38.738 -14.0421 86 41.262 -14.0421 86
3 16 40.9104 -20.75 74 39.0896 -20.75 74 40.9104 -20.75 86
3 16 40.9104 -20.75 86 39.0896 -20.75 74 39.0896 -20.75 86
3 16 50 -24 89.8 35 -24 89.8 50 -24 70.2
3 16 50 -24 70.2 35 -24 89.8 35 -24 70.2
3 16 35 -24 70.2 35 -24 89.8 13.634 -24 70.2
3 16 13.634 -24 70.2 35 -24 89.8 10.2337 -23.9528 89.8
3 16 50 0 86 40 0 89.8 50 0 89.8
3 16 50 0 86 13.75 0 86 40 0 89.8
3 16 40 0 89.8 13.75 0 86 10.2337 0 89.8
3 16 37.3765 -9.7955 86 36.0664 -8.1945 86 42.6235 -9.7955 86
3 16 42.6235 -9.7955 86 36.0664 -8.1945 86 43.9336 -8.1945 86
3 16 50 0 86 46.5359 -6.4747 86 45.2073 -7.1796 86
3 16 13.75 0 86 25.2073 -7.1796 86 23.9336 -8.1945 86
3 16 13.75 0 86 26.5359 -6.4747 86 25.2073 -7.1796 86
3 16 13.75 0 74 22.6235 -9.7955 74 23.9336 -8.1945 74
3 16 42.6235 -9.7955 74 43.9336 -8.1945 74 37.3765 -9.7955 74
3 16 37.3765 -9.7955 74 43.9336 -8.1945 74 36.0664 -8.1945 74
3 16 30 0 70.2 50 0 74 50 0 70.2
3 16 13.75 0 70.2 13.75 0 74 30 0 70.2
3 16 30 0 70.2 13.75 0 74 50 0 74
3 16 8.564 0 82.9081 5.9675 0 85.5047 10.0233 0 84.3985
3 16 10.0233 0 84.3985 5.9675 0 85.5047 10.2337 0 89.8
3 16 7.6771 -5.25 81.793 4.9913 -5.25 84.4788 7.6217 -1.3748 81.891
3 16 7.6217 -1.3748 81.891 4.9913 -5.25 84.4788 5.0126 -1.3748 84.5001
3 16 -1.8785 -1.3748 72.3908 -1.7805 -5.25 72.3354 -2.8304 -2.0163 71.4517
3 16 -2.8304 -2.0163 71.4517 -1.7805 -5.25 72.3354 -1.3895 -20.25 71.9855
3 16 -4.4663 -5.25 75.0212 -9.8 -24 70 4.9913 -5.25 84.4788
3 16 4.9913 -5.25 84.4788 -9.8 -24 70 10.2337 -23.9528 89.8
3 16 -9.8 0 70 -5.5148 0 74.0676 -4.3897 0 69.9854
3 16 -4.3897 0 69.9854 -5.5148 0 74.0676 -2.8956 0 71.4484
3 16 7.8982 -0.3892 82.2122 5.3037 -0.3892 84.8068 8.564 0 82.9081
3 16 8.564 0 82.9081 5.3037 -0.3892 84.8068 5.9675 0 85.5047
3 16 7.6217 -1.3748 81.891 5.0126 -1.3748 84.5001 7.8982 -0.3892 82.2122
3 16 7.8982 -0.3892 82.2122 5.0126 -1.3748 84.5001 5.3037 -0.3892 84.8068
3 16 -2.1903 -0.3959 72.1234 -2.8956 0 71.4484 -4.7911 -0.3959 74.7242
3 16 -4.7911 -0.3959 74.7242 -2.8956 0 71.4484 -5.5148 0 74.0676
3 16 -5.5148 0 74.0676 -9.8 0 70 -5.5257 -1.3856 74.0573
3 16 -9.8 0 70 -9.8 -24 70 -5.5257 -1.3856 74.0573
3 16 5.0126 -1.3748 84.5001 4.9913 -5.25 84.4788 5.9673 -1.3856 85.5048
3 16 4.9913 -5.25 84.4788 10.2337 -23.9528 89.8 5.9673 -1.3856 85.5048
3 16 5.0126 -1.3748 84.5001 5.9673 -1.3856 85.5048 5.3037 -0.3892 84.8068
3 16 -4.4876 -1.3748 74.9999 -5.5257 -1.3856 74.0573 -4.4663 -5.25 75.0212
3 16 -9.8 -24 70 -4.4663 -5.25 75.0212 -5.5257 -1.3856 74.0573
3 16 5.9675 0 85.5047 5.9673 -1.3856 85.5048 10.2337 0 89.8
3 16 10.2337 0 89.8 5.9673 -1.3856 85.5048 10.2337 -23.9528 89.8
3 16 -2.1903 -0.3959 72.1234 -1.8785 -1.3748 72.3908 -2.8304 -2.0163 71.4517
3 16 8.027 -20.25 81.4021 7.6771 -5.25 81.793 8.5664 -1.4528 82.8477
3 16 8.5664 -1.4528 82.8477 7.6771 -5.25 81.793 7.6217 -1.3748 81.891
3 16 8.027 -20.25 81.4021 -1.3895 -20.25 71.9855 7.6771 -5.25 81.793
3 16 7.6771 -5.25 81.793 -1.3895 -20.25 71.9855 -1.7805 -5.25 72.3354
3 16 5.9673 -1.3856 85.5048 5.9675 0 85.5047 5.3037 -0.3892 84.8068
3 16 -5.5257 -1.3856 74.0573 -4.7911 -0.3959 74.7242 -5.5148 0 74.0676
3 16 -5.5257 -1.3856 74.0573 -4.4876 -1.3748 74.9999 -4.7911 -0.3959 74.7242
3 16 -2.8304 -2.0163 71.4517 -2.8956 0 71.4484 -2.1903 -0.3959 72.1234
3 16 8.5664 -1.4528 82.8477 7.8982 -0.3892 82.2122 8.564 0 82.9081
3 16 8.5664 -1.4528 82.8477 7.6217 -1.3748 81.891 7.8982 -0.3892 82.2122
3 16 7.6771 -5.25 81.793 -1.7805 -5.25 72.3354 4.9913 -5.25 84.4788
3 16 4.9913 -5.25 84.4788 -1.7805 -5.25 72.3354 -4.4663 -5.25 75.0212
3 16 -4.5498 0 69.1571 -4.5965 0 69.593 -1.6996 -20.25 70.2812
3 16 -1.6996 -20.25 70.2812 -4.5965 0 69.593 -1.8058 -20.25 71.2176
3 16 8.707 -20.25 81.7972 10.4305 0 84.611 9.5753 -20.25 81.7738
3 16 9.5753 -20.25 81.7738 10.4305 0 84.611 10.84 0 84.5687
3 16 10.6053 -20.25 74.6167 10.6053 -20.25 80.3341 11.3125 0 73.95
3 16 11.3125 0 73.95 10.6053 -20.25 80.3341 11.3124 0 83.8703
3 16 -3.8519 0 68.7 -0.3216 -20.25 69.4072 6.0625 0 68.7
3 16 6.0625 0 68.7 -0.3216 -20.25 69.4072 5.3958 -20.25 69.4072
3 16 5.4479 -20.25 69.6658 5.773 -20.25 70.4898 6.0625 0 69.3531
3 16 6.0625 0 69.3531 5.773 -20.25 70.4898 6.3157 0 70.6123
3 16 5.4479 -20.25 69.6658 6.0625 0 69.3531 5.3958 -20.25 69.4072
3 16 5.3958 -20.25 69.4072 6.0625 0 69.3531 6.0625 0 68.7
3 16 5.773 -20.25 70.4898 6.3083 -20.25 71.1958 6.3157 0 70.6123
3 16 6.3157 0 70.6123 6.3083 -20.25 71.1958 7.0155 0 71.653
3 16 7.6875 0 72.325 7.0155 0 71.653 7.5625 -20.25 72.45
3 16 7.5625 -20.25 72.45 7.0155 0 71.653 6.3083 -20.25 71.1958
3 16 9.5227 -20.25 74.2396 9.4664 0 73.7231 8.8167 -20.25 73.7042
3 16 8.8167 -20.25 73.7042 9.4664 0 73.7231 8.3595 0 72.997
3 16 9.5227 -20.25 74.2396 10.3467 -20.25 74.5646 9.4664 0 73.7231
3 16 9.4664 0 73.7231 10.3467 -20.25 74.5646 10.6595 0 73.95
3 16 11.3125 0 73.95 10.6595 0 73.95 10.6053 -20.25 74.6167
3 16 10.6053 -20.25 74.6167 10.6595 0 73.95 10.3467 -20.25 74.5646
3 16 11.2118 0 84.2446 11.3124 0 83.8703 10.3567 -20.25 81.1714
3 16 10.3567 -20.25 81.1714 11.3124 0 83.8703 10.6053 -20.25 80.3341
3 16 10.84 0 84.5687 11.2118 0 84.2446 9.5753 -20.25 81.7738
3 16 9.5753 -20.25 81.7738 11.2118 0 84.2446 10.3567 -20.25 81.1714
3 16 8.027 -20.25 81.4021 10.0233 0 84.3985 8.707 -20.25 81.7972
3 16 8.707 -20.25 81.7972 10.0233 0 84.3985 10.4305 0 84.611
3 16 -0.3216 -20.25 69.4072 -3.8519 0 68.7 -1.1636 -20.25 69.6589
3 16 -1.1636 -20.25 69.6589 -3.8519 0 68.7 -4.2902 0 68.8376
3 16 8.564 0 82.9081 10.0233 0 84.3985 8.5664 -1.4528 82.8477
3 16 8.027 -20.25 81.4021 8.5664 -1.4528 82.8477 10.0233 0 84.3985
3 16 -2.8956 0 71.4484 -2.8304 -2.0163 71.4517 -4.3897 0 69.9854
3 16 -2.8304 -2.0163 71.4517 -1.3895 -20.25 71.9855 -4.3897 0 69.9854
3 16 -0.3216 -20.25 69.4072 -1.1636 -20.25 69.6589 0.374 -20.25 70.1027
3 16 0.374 -20.25 70.1027 -1.1636 -20.25 69.6589 -1.6996 -20.25 70.2812
3 16 13.75 0 74 13.75 0 86 13.75 -20.75 74
3 16 13.75 -20.75 74 13.75 0 86 13.75 -20.75 86
3 16 13.75 0 86 13.75 0 74 11.3124 0 83.8703
3 16 11.3124 0 83.8703 13.75 0 74 11.3125 0 73.95
3 16 7.6875 0 72.325 7.5625 -20.25 72.45 8.3595 0 72.997
3 16 8.3595 0 72.997 7.5625 -20.25 72.45 8.8167 -20.25 73.7042
3 16 9.4783 0 69.3493 7.0155 0 71.653 9.9123 0 70.0177
3 16 9.9123 0 70.0177 7.0155 0 71.653 7.6875 0 72.325
3 16 7.6875 0 72.325 8.3595 0 72.997 9.9123 0 70.0177
3 16 9.9123 0 70.0177 8.3595 0 72.997 10.5719 0 70.4882
3 16 8.3595 0 72.997 9.4664 0 73.7231 10.5719 0 70.4882
3 16 10.5719 0 70.4882 9.4664 0 73.7231 11.4152 0 70.6071
3 16 11.4152 0 70.6071 9.4664 0 73.7231 12.2523 0 70.5902
3 16 9.3917 0 68.4925 6.3157 0 70.6123 9.4783 0 69.3493
3 16 9.4783 0 69.3493 6.3157 0 70.6123 7.0155 0 71.653
3 16 9.4582 0 67.6544 6.3157 0 70.6123 9.3917 0 68.4925
3 16 9.4664 0 73.7231 10.6595 0 73.95 12.2523 0 70.5902
3 16 12.2523 0 70.5902 10.6595 0 73.95 12.9785 0 70.3079
3 16 10.6595 0 73.95 11.3125 0 73.95 12.9785 0 70.3079
3 16 13.75 0 70.2 12.9785 0 70.3079 13.75 0 74
3 16 12.9785 0 70.3079 11.3125 0 73.95 13.75 0 74
3 16 -4.5965 0 69.593 -4.5498 0 69.1571 -9.8 0 70
3 16 -4.2902 0 68.8376 -6 0 66.25 -4.5498 0 69.1571
3 16 -6 0 66.25 -9.8 0 70 -4.5498 0 69.1571
3 16 6.0625 0 69.3531 9.7127 0 66.9487 6.0625 0 68.7
3 16 9.7127 0 66.9487 6 0 66.25 6.0625 0 68.7
3 16 9.7127 0 66.9487 9.8 0 66.2036 6 0 66.25
3 16 10.84 0 84.5687 10.4305 0 84.611 10.2337 0 89.8
3 16 6.0625 0 68.7 6 0 66.25 -3.8519 0 68.7
3 16 -3.8519 0 68.7 6 0 66.25 -6 0 66.25
3 16 -4.2902 0 68.8376 -3.8519 0 68.7 -6 0 66.25
3 16 10.4305 0 84.611 10.0233 0 84.3985 10.2337 0 89.8
3 16 11.3124 0 83.8703 11.2118 0 84.2446 13.75 0 86
3 16 11.2118 0 84.2446 10.2337 0 89.8 13.75 0 86
3 16 11.2118 0 84.2446 10.84 0 84.5687 10.2337 0 89.8
3 16 9.4609 -24 68.4797 -9.8 -24 70 9.5381 -24 67.6443
3 16 10.5883 -24 70.398 10.2337 -23.9528 89.8 9.9667 -24 69.9659
3 16 13.634 -24 70.2 10.2337 -23.9528 89.8 12.931 -24 70.2769
3 16 12.931 -24 70.2769 10.2337 -23.9528 89.8 12.2322 -24 70.5178
3 16 9.8 -24 66.3661 9.7434 -24 66.9698 -9.8 -24 70
3 16 9.5381 -24 67.6443 -9.8 -24 70 9.7434 -24 66.9698
3 16 9.5667 -24 69.3232 9.9667 -24 69.9659 -9.8 -24 70
3 16 9.9667 -24 69.9659 10.2337 -23.9528 89.8 -9.8 -24 70
3 16 11.4253 -24 70.5466 10.2337 -23.9528 89.8 10.5883 -24 70.398
3 16 9.5667 -24 69.3232 -9.8 -24 70 9.4609 -24 68.4797
3 16 10.2337 -23.9528 89.8 11.4253 -24 70.5466 12.2322 -24 70.5178
3 16 9.8 -24 66.3661 -9.8 -24 70 -9.8 -24 40
3 16 -4.7911 -0.3959 74.7242 -4.4876 -1.3748 74.9999 -2.1903 -0.3959 72.1234
3 16 -2.1903 -0.3959 72.1234 -4.4876 -1.3748 74.9999 -1.8785 -1.3748 72.3908
3 16 -4.4876 -1.3748 74.9999 -4.4663 -5.25 75.0212 -1.8785 -1.3748 72.3908
3 16 -1.8785 -1.3748 72.3908 -4.4663 -5.25 75.0212 -1.7805 -5.25 72.3354
3 16 6 -7.1796 54.7927 6 -6.4747 53.4641 1.9991 -6.4747 53.4641
3 16 -4.5498 0 69.1571 -1.6996 -20.25 70.2812 -4.2902 0 68.8376
3 16 -4.2902 0 68.8376 -1.6996 -20.25 70.2812 -1.1636 -20.25 69.6589
3 16 -4.5965 0 69.593 -4.3897 0 69.9854 -1.8058 -20.25 71.2176
3 16 -1.8058 -20.25 71.2176 -4.3897 0 69.9854 -1.3895 -20.25 71.9855
3 16 -9.8 0 70 -4.3897 0 69.9854 -4.5965 0 69.593
3 16 -9.8 0 40 -9.8 -7.7883 33.875 -9.8 -7.7883 46.125
3 16 -9.8 -21.2117 46.125 -9.8 -18.375 43.2883 -9.8 -21.2117 33.875
3 16 -9.8 -21.2117 33.875 -9.8 -18.375 43.2883 -9.8 -18.375 36.7117
3 16 -6 -7.1796 25.2073 -1.9991 -6.4747 26.5359 0 -7.1796 25.2073
3 16 0 -7.1796 25.2073 -1.9991 -6.4747 26.5359 0 -6.7174 26
3 16 -6 -8.1945 23.9336 -6 -7.1796 25.2073 0 -7.1796 25.2073
3 16 -6 -7.1796 5.2073 -1.9991 -6.4747 6.5359 0 -7.1796 5.2073
3 16 0 -7.1796 5.2073 -1.9991 -6.4747 6.5359 0 -6.7174 6
3 16 -6 -8.1945 3.9336 -6 -7.1796 5.2073 0 -7.1796 5.2073
3 16 -6 -7.1796 5.2073 -6 -6.4747 6.5359 -1.9991 -6.4747 6.5359
3 16 9.8 -24 40 9.8 -21.1672 33.8493 9.8 -18.3493 36.6672
3 16 25.2073 -7.1796 86 26.5359 -6.4747 82 25.2073 -7.1796 80.001
3 16 25.2073 -7.1796 80.001 26.5359 -6.4747 82 26 -6.7174 80.001
3 16 23.9336 -8.1945 86 25.2073 -7.1796 86 25.2073 -7.1796 80.001
3 16 45.2073 -7.1796 86 46.5359 -6.4747 82 45.2073 -7.1796 79.9937
3 16 45.2073 -7.1796 79.9937 46.5359 -6.4747 82 46 -6.7174 80.001
3 16 43.9336 -8.1945 86 45.2073 -7.1796 86 45.2073 -7.1796 79.9937
3 16 34.7927 -7.1796 74 33.4641 -6.4747 78.0019 34.7927 -7.1796 79.9937
3 16 34.7927 -7.1796 79.9937 33.4641 -6.4747 78.0019 34 -6.7174 80.001
3 16 34.7927 -7.1796 74 34.7927 -7.1796 79.9937 36.0664 -8.1945 74
3 16 36.0664 -8.1945 74 34.7927 -7.1796 79.9937 36.0664 -8.1945 86
3 16 35 -24 89.8 43.2883 -18.375 89.8 36.7117 -18.375 89.8
3 16 8.707 -20.25 81.7972 9.0344 -20.25 78.7632 8.027 -20.25 81.4021
3 16 8.027 -20.25 81.4021 9.0344 -20.25 78.7632 8.3663 -20.25 78.095
3 16 -7.749 -22.25 30 -9.8 -22.25 30 -7.749 -21.2117 33.875
3 16 -7.749 -21.2117 33.875 -9.8 -22.25 30 -9.8 -21.2117 33.875
3 16 -7.749 -21.2117 33.875 -9.8 -21.2117 33.875 -7.749 -18.375 36.7117
3 16 -7.749 -18.375 36.7117 -9.8 -21.2117 33.875 -9.8 -18.375 36.7117
3 16 -7.749 -18.375 36.7117 -9.8 -18.375 36.7117 -7.749 -14.5 37.75
3 16 -7.749 -14.5 37.75 -9.8 -18.375 36.7117 -9.8 -14.5 37.75
3 16 -7.749 -14.5 37.75 -9.8 -14.5 37.75 -7.749 -10.625 36.7117
3 16 -7.749 -10.625 36.7117 -9.8 -14.5 37.75 -9.8 -10.625 36.7117
3 16 -7.749 -10.625 36.7117 -9.8 -10.625 36.7117 -7.749 -7.7883 33.875
3 16 -7.749 -7.7883 33.875 -9.8 -10.625 36.7117 -9.8 -7.7883 33.875
3 16 -7.749 -7.7883 33.875 -9.8 -7.7883 33.875 -7.749 -6.75 30
3 16 -7.749 -6.75 30 -9.8 -7.7883 33.875 -9.8 -6.75 30
3 16 -7.749 -6.75 30 -9.8 -6.75 30 -7.749 -7.7883 26.125
3 16 -7.749 -7.7883 26.125 -9.8 -6.75 30 -9.8 -7.7883 26.125
3 16 -7.749 -7.7883 26.125 -9.8 -7.7883 26.125 -7.749 -10.625 23.2883
3 16 -7.749 -10.625 23.2883 -9.8 -7.7883 26.125 -9.8 -10.625 23.2883
3 16 -7.749 -10.625 23.2883 -9.8 -10.625 23.2883 -7.749 -14.5 22.25
3 16 -7.749 -14.5 22.25 -9.8 -10.625 23.2883 -9.8 -14.5 22.25
3 16 -7.749 -14.5 22.25 -9.8 -14.5 22.25 -7.749 -18.375 23.2883
3 16 -7.749 -18.375 23.2883 -9.8 -14.5 22.25 -9.8 -18.375 23.2883
3 16 -7.749 -18.375 23.2883 -9.8 -18.375 23.2883 -7.749 -21.2117 26.125
3 16 -7.749 -21.2117 26.125 -9.8 -18.375 23.2883 -9.8 -21.2117 26.125
3 16 -7.749 -21.2117 26.125 -9.8 -21.2117 26.125 -7.749 -22.25 30
3 16 -7.749 -22.25 30 -9.8 -21.2117 26.125 -9.8 -22.25 30
3 16 -7.749 -22.25 50 -9.8 -22.25 50 -7.749 -21.2117 53.875
3 16 -7.749 -21.2117 53.875 -9.8 -22.25 50 -9.8 -21.2117 53.875
3 16 -7.749 -21.2117 53.875 -9.8 -21.2117 53.875 -7.749 -18.375 56.7117
3 16 -7.749 -18.375 56.7117 -9.8 -21.2117 53.875 -9.8 -18.375 56.7117
3 16 -7.749 -18.375 56.7117 -9.8 -18.375 56.7117 -7.749 -14.5 57.75
3 16 -7.749 -14.5 57.75 -9.8 -18.375 56.7117 -9.8 -14.5 57.75
3 16 -7.749 -14.5 57.75 -9.8 -14.5 57.75 -7.749 -10.625 56.7117
3 16 -7.749 -10.625 56.7117 -9.8 -14.5 57.75 -9.8 -10.625 56.7117
3 16 -7.749 -10.625 56.7117 -9.8 -10.625 56.7117 -7.749 -7.7883 53.875
3 16 -7.749 -7.7883 53.875 -9.8 -10.625 56.7117 -9.8 -7.7883 53.875
3 16 -7.749 -7.7883 53.875 -9.8 -7.7883 53.875 -7.749 -6.75 50
3 16 -7.749 -6.75 50 -9.8 -7.7883 53.875 -9.8 -6.75 50
3 16 -7.749 -6.75 50 -9.8 -6.75 50 -7.749 -7.7883 46.125
3 16 -7.749 -7.7883 46.125 -9.8 -6.75 50 -9.8 -7.7883 46.125
3 16 -7.749 -7.7883 46.125 -9.8 -7.7883 46.125 -7.749 -10.625 43.2883
3 16 -7.749 -10.625 43.2883 -9.8 -7.7883 46.125 -9.8 -10.625 43.2883
3 16 -7.749 -10.625 43.2883 -9.8 -10.625 43.2883 -7.749 -14.5 42.25
3 16 -7.749 -14.5 42.25 -9.8 -10.625 43.2883 -9.8 -14.5 42.25
3 16 -7.749 -14.5 42.25 -9.8 -14.5 42.25 -7.749 -18.375 43.2883
3 16 -7.749 -18.375 43.2883 -9.8 -14.5 42.25 -9.8 -18.375 43.2883
3 16 -7.749 -18.375 43.2883 -9.8 -18.375 43.2883 -7.749 -21.2117 46.125
3 16 -7.749 -21.2117 46.125 -9.8 -18.375 43.2883 -9.8 -21.2117 46.125
3 16 -7.749 -21.2117 46.125 -9.8 -21.2117 46.125 -7.749 -22.25 50
3 16 -7.749 -22.25 50 -9.8 -21.2117 46.125 -9.8 -22.25 50
3 16 -7.749 -22.25 10 -9.8 -22.25 10 -7.749 -21.2117 13.875
3 16 -7.749 -21.2117 13.875 -9.8 -22.25 10 -9.8 -21.2117 13.875
3 16 -7.749 -21.2117 13.875 -9.8 -21.2117 13.875 -7.749 -18.375 16.7117
3 16 -7.749 -18.375 16.7117 -9.8 -21.2117 13.875 -9.8 -18.375 16.7117
3 16 -7.749 -18.375 16.7117 -9.8 -18.375 16.7117 -7.749 -14.5 17.75
3 16 -7.749 -14.5 17.75 -9.8 -18.375 16.7117 -9.8 -14.5 17.75
3 16 -7.749 -14.5 17.75 -9.8 -14.5 17.75 -7.749 -10.625 16.7117
3 16 -7.749 -10.625 16.7117 -9.8 -14.5 17.75 -9.8 -10.625 16.7117
3 16 -7.749 -10.625 16.7117 -9.8 -10.625 16.7117 -7.749 -7.7883 13.875
3 16 -7.749 -7.7883 13.875 -9.8 -10.625 16.7117 -9.8 -7.7883 13.875
3 16 -7.749 -7.7883 13.875 -9.8 -7.7883 13.875 -7.749 -6.75 10
3 16 -7.749 -6.75 10 -9.8 -7.7883 13.875 -9.8 -6.75 10
3 16 -7.749 -6.75 10 -9.8 -6.75 10 -7.749 -7.7883 6.125
3 16 -7.749 -7.7883 6.125 -9.8 -6.75 10 -9.8 -7.7883 6.125
3 16 -7.749 -7.7883 6.125 -9.8 -7.7883 6.125 -7.749 -10.625 3.2883
3 16 -7.749 -10.625 3.2883 -9.8 -7.7883 6.125 -9.8 -10.625 3.2883
3 16 -7.749 -10.625 3.2883 -9.8 -10.625 3.2883 -7.749 -14.5 2.25
3 16 -7.749 -14.5 2.25 -9.8 -10.625 3.2883 -9.8 -14.5 2.25
3 16 -7.749 -14.5 2.25 -9.8 -14.5 2.25 -7.749 -18.375 3.2883
3 16 -7.749 -18.375 3.2883 -9.8 -14.5 2.25 -9.8 -18.375 3.2883
3 16 -7.749 -18.375 3.2883 -9.8 -18.375 3.2883 -7.749 -21.2117 6.125
3 16 -7.749 -21.2117 6.125 -9.8 -18.375 3.2883 -9.8 -21.2117 6.125
3 16 -7.749 -21.2117 6.125 -9.8 -21.2117 6.125 -7.749 -22.25 10
3 16 -7.749 -22.25 10 -9.8 -21.2117 6.125 -9.8 -22.25 10
3 16 7.8625 -14.5671 57.6872 7.851 0 57.8137 9.8 -14.5671 57.6872
3 16 9.8 -14.5671 57.6872 7.851 0 57.8137 9.8 0 57.8137
3 16 7.8625 -14.5671 57.6872 7.851 -14.5 56.25 7.851 0 57.8137
3 16 7.851 -11.375 55.4127 7.851 0 57.8137 7.851 -14.5 56.25
3 16 6 -20.75 59.0896 -6 -20.75 59.0896 6 -20.75 66.25
3 16 6 -20.75 66.25 -6 -20.75 59.0896 -6 -20.75 66.25
3 16 10.2337 0 89.8 10.2337 -23.9528 89.8 23.2883 -10.625 89.8
3 16 6 -20.75 59.0896 6 -20.75 66.25 6 -14.0421 58.738
3 16 6 -14.0421 58.738 6 -20.75 66.25 6 0 66.25
3 16 9.5753 -20.25 81.7738 10.3567 -20.25 81.1714 9.814 -20.25 79.5428
3 16 9.814 -20.25 79.5428 10.3567 -20.25 81.1714 10.6053 -20.25 80.3341
3 16 9.0344 -20.25 78.7632 8.707 -20.25 81.7972 9.814 -20.25 79.5428
3 16 9.814 -20.25 79.5428 8.707 -20.25 81.7972 9.5753 -20.25 81.7738
3 16 -1.8058 -20.25 71.2176 -1.3895 -20.25 71.9855 1.2002 -20.25 70.9289
3 16 1.2002 -20.25 70.9289 -1.3895 -20.25 71.9855 1.9175 -20.25 71.6462
3 16 -1.6996 -20.25 70.2812 -1.8058 -20.25 71.2176 0.374 -20.25 70.1027
3 16 0.374 -20.25 70.1027 -1.8058 -20.25 71.2176 1.2002 -20.25 70.9289
3 16 1.9175 -20.25 71.6462 -1.3895 -20.25 71.9855 8.3663 -20.25 78.095
3 16 8.3663 -20.25 78.095 -1.3895 -20.25 71.9855 8.027 -20.25 81.4021
3 16 5.4479 -20.25 69.6658 5.3958 -20.25 69.4072 0.374 -20.25 70.1027
3 16 0.374 -20.25 70.1027 5.3958 -20.25 69.4072 -0.3216 -20.25 69.4072
3 16 5.773 -20.25 70.4898 5.4479 -20.25 69.6658 1.2002 -20.25 70.9289
3 16 1.2002 -20.25 70.9289 5.4479 -20.25 69.6658 0.374 -20.25 70.1027
3 16 6.3083 -20.25 71.1958 5.773 -20.25 70.4898 1.9175 -20.25 71.6462
3 16 1.9175 -20.25 71.6462 5.773 -20.25 70.4898 1.2002 -20.25 70.9289
3 16 6.3083 -20.25 71.1958 1.9175 -20.25 71.6462 7.5625 -20.25 72.45
3 16 9.0344 -20.25 78.7632 9.5227 -20.25 74.2396 8.3663 -20.25 78.095
3 16 8.3663 -20.25 78.095 9.5227 -20.25 74.2396 8.8167 -20.25 73.7042
3 16 9.5227 -20.25 74.2396 9.0344 -20.25 78.7632 10.3467 -20.25 74.5646
3 16 10.3467 -20.25 74.5646 9.0344 -20.25 78.7632 9.814 -20.25 79.5428
3 16 10.3467 -20.25 74.5646 9.814 -20.25 79.5428 10.6053 -20.25 74.6167
3 16 10.6053 -20.25 74.6167 9.814 -20.25 79.5428 10.6053 -20.25 80.3341
3 16 1.9175 -20.25 71.6462 8.3663 -20.25 78.095 7.5625 -20.25 72.45
3 16 7.5625 -20.25 72.45 8.3663 -20.25 78.095 8.8167 -20.25 73.7042
3 16 -9.8 -24 40 -9.8 -22.25 30 -9.8 -22.25 10
3 16 -9.8 -22.25 30 -9.8 -21.2117 26.125 -9.8 -22.25 10
3 16 9.8 -14.5671 17.6803 9.8 0 17.747 9.8 -14.5671 22.3128
3 16 9.8 -14.5671 22.3128 9.8 0 17.747 9.8 0 22.2496
3 16 92.1491 -18.3493 36.6672 90.2 -18.3493 36.6672 92.1491 -14.5671 37.6803
3 16 92.1491 -14.5671 37.6803 90.2 -18.3493 36.6672 90.2 -14.5671 37.6803
3 16 92.1491 -21.1672 33.8493 90.2 -21.1672 33.8493 92.1491 -18.3493 36.6672
3 16 92.1491 -18.3493 36.6672 90.2 -21.1672 33.8493 90.2 -18.3493 36.6672
3 16 92.1491 -22.1986 30 90.2 -22.1986 30 92.1491 -21.1672 33.8493
3 16 92.1491 -21.1672 33.8493 90.2 -22.1986 30 90.2 -21.1672 33.8493
3 16 92.1491 -19.9127 33.125 92.1491 -17.625 35.4127 107.7491 -19.9127 33.125
3 16 107.7491 -19.9127 33.125 92.1491 -17.625 35.4127 107.7491 -17.625 35.4127
3 16 92.1491 -20.75 30 92.1491 -19.9127 33.125 107.749 -20.75 30
3 16 107.749 -20.75 30 92.1491 -19.9127 33.125 107.7491 -19.9127 33.125
3 16 92.1491 -9.0873 33.125 92.1491 -8.25 30 107.7491 -9.0873 33.125
3 16 107.7491 -9.0873 33.125 92.1491 -8.25 30 107.7491 -8.25 30
3 16 92.1491 -9.0873 33.125 107.7491 -9.0873 33.125 92.1491 -11.375 35.4127
3 16 92.1491 -11.375 35.4127 107.7491 -9.0873 33.125 107.7491 -11.375 35.4127
3 16 92.1491 -11.375 35.4127 107.7491 -11.375 35.4127 92.1491 -14.5 36.25
3 16 92.1491 -14.5 36.25 107.7491 -11.375 35.4127 107.7491 -14.5 36.25
3 16 92.1491 -17.625 35.4127 92.1491 -14.5 36.25 107.7491 -17.625 35.4127
3 16 107.7491 -17.625 35.4127 92.1491 -14.5 36.25 107.7491 -14.5 36.25
3 16 92.1491 -9.0873 33.125 92.1491 0 37.8137 92.1491 -8.25 30
3 16 92.1491 -20.75 30 92.1491 -22.1986 30 92.1491 -19.9127 33.125
3 16 92.1491 -19.9127 33.125 92.1491 -22.1986 30 92.1491 -21.1672 33.8493
3 16 92.1491 -19.9127 33.125 92.1491 -21.1672 33.8493 92.1491 -17.625 35.4127
3 16 92.1491 -17.625 35.4127 92.1491 -21.1672 33.8493 92.1491 -18.3493 36.6672
3 16 92.1491 -18.3493 36.6672 92.1491 -14.5671 37.6803 92.1491 -17.625 35.4127
3 16 92.1491 -17.625 35.4127 92.1491 -14.5671 37.6803 92.1491 -14.5 36.25
3 16 107.7491 -14.5 36.25 107.7491 -11.375 35.4127 107.749 -14.5 37.75
3 16 107.749 -14.5 37.75 107.7491 -11.375 35.4127 107.749 -10.625 36.7117
3 16 107.7491 -11.375 35.4127 107.7491 -9.0873 33.125 107.749 -10.625 36.7117
3 16 107.749 -10.625 36.7117 107.7491 -9.0873 33.125 107.749 -7.7883 33.875
3 16 107.7491 -9.0873 33.125 107.7491 -8.25 30 107.749 -7.7883 33.875
3 16 107.749 -7.7883 33.875 107.7491 -8.25 30 107.749 -6.75 30
3 16 107.749 -20.75 30 107.7491 -19.9127 33.125 107.749 -22.25 30
3 16 107.749 -22.25 30 107.7491 -19.9127 33.125 107.749 -21.2117 33.875
3 16 107.7491 -19.9127 33.125 107.7491 -17.625 35.4127 107.749 -21.2117 33.875
3 16 107.749 -21.2117 33.875 107.7491 -17.625 35.4127 107.749 -18.375 36.7117
3 16 107.7491 -17.625 35.4127 107.7491 -14.5 36.25 107.749 -18.375 36.7117
3 16 107.749 -18.375 36.7117 107.7491 -14.5 36.25 107.749 -14.5 37.75
3 16 109.8 -24 40 109.8 -21.2117 33.875 109.8 -21.2117 46.125
3 16 109.8 -24 40 109.8 -22.25 30 109.8 -21.2117 33.875
3 16 109.8 -7.7883 33.875 109.8 -6.75 30 109.8 0 40
3 16 109.8 0 40 109.8 -6.75 30 109.8 0 20
3 16 106 -8.1945 36.0664 100 -7.1881 34.8056 94 -8.1945 36.0664
3 16 94 -8.1945 36.0664 100 -7.1881 34.8056 94 -7.1796 34.7927
3 16 94 -6.4747 33.4641 94 -7.1796 34.7927 98.001 -6.4747 33.4641
3 16 96 0 30 96.5359 0 32 100 0 30
3 16 96.5359 0 32 98 0 33.4641 100 0 30
3 16 98 0 33.4641 100 0 34 100 0 30
3 16 96.5369 -5.966 32 96.5359 0 32 96.001 -5.7501 30
3 16 96.001 -5.7501 30 96.5359 0 32 96 0 30
3 16 98.001 -6.4747 33.4641 98 0 33.4641 96.5369 -5.966 32
3 16 96.5369 -5.966 32 98 0 33.4641 96.5359 0 32
3 16 100 -6.7174 34 100 0 34 98.001 -6.4747 33.4641
3 16 98.001 -6.4747 33.4641 100 0 34 98 0 33.4641
3 16 94 -5.7501 30 94 -5.9809 31.9962 96.001 -5.7501 30
3 16 96.001 -5.7501 30 94 -5.9809 31.9962 96.5369 -5.966 32
3 16 100 -6.7174 34 98.001 -6.4747 33.4641 100 -7.1881 34.8056
3 16 100 -7.1881 34.8056 98.001 -6.4747 33.4641 94 -7.1796 34.7927
3 16 94 -5.9809 31.9962 94 -6.4747 33.4641 96.5369 -5.966 32
3 16 96.5369 -5.966 32 94 -6.4747 33.4641 98.001 -6.4747 33.4641
3 16 94 0 37.8137 94 -5.9809 31.9962 94 -5.7501 30
3 16 94 0 37.8137 94 -6.4747 33.4641 94 -5.9809 31.9962
3 16 94 -8.1945 36.0664 94 0 37.8137 94 -8.1945 43.9336
3 16 94 -8.1945 43.9336 94 0 37.8137 94 0 42.1863
3 16 106 -8.1945 36.0664 106 -7.1796 34.7927 100 -7.1881 34.8056
3 16 94 -9.7955 37.3765 106 -9.7955 37.3765 94 -8.1945 36.0664
3 16 94 -8.1945 36.0664 106 -9.7955 37.3765 106 -8.1945 36.0664
3 16 94 -11.6593 38.2759 106 -11.6593 38.2759 94 -9.7955 37.3765
3 16 94 -9.7955 37.3765 106 -11.6593 38.2759 106 -9.7955 37.3765
3 16 106 -14.0421 38.738 106 -11.6593 38.2759 94 -14.0421 38.738
3 16 94 -14.0421 38.738 106 -11.6593 38.2759 94 -11.6593 38.2759
3 16 106 -6.4747 33.4641 101.9991 -6.4747 33.4641 106 -7.1796 34.7927
3 16 104 0 30 100 0 30 103.4641 0 32
3 16 103.4641 0 32 100 0 30 102 0 33.4641
3 16 102 0 33.4641 100 0 30 100 0 34
3 16 104 0 30 103.4641 0 32 103.999 -5.7501 30
3 16 103.999 -5.7501 30 103.4641 0 32 103.4632 -5.966 32
3 16 103.4641 0 32 102 0 33.4641 103.4632 -5.966 32
3 16 103.4632 -5.966 32 102 0 33.4641 101.9991 -6.4747 33.4641
3 16 102 0 33.4641 100 0 34 101.9991 -6.4747 33.4641
3 16 101.9991 -6.4747 33.4641 100 0 34 100 -6.7174 34
3 16 106 -5.7501 30 103.999 -5.7501 30 106 -5.9809 31.9962
3 16 106 -5.9809 31.9962 103.999 -5.7501 30 103.4632 -5.966 32
3 16 106 -7.1796 34.7927 101.9991 -6.4747 33.4641 100 -7.1881 34.8056
3 16 100 -7.1881 34.8056 101.9991 -6.4747 33.4641 100 -6.7174 34
3 16 106 -5.9809 31.9962 103.4632 -5.966 32 106 -6.4747 33.4641
3 16 106 -6.4747 33.4641 103.4632 -5.966 32 101.9991 -6.4747 33.4641
3 16 106 -20.75 39.0896 106 -14.0421 38.738 94 -20.75 39.0896
3 16 94 -20.75 39.0896 106 -14.0421 38.738 94 -14.0421 38.738
3 16 106 0 20 106 -5.7501 30 106 0 40
3 16 106 0 40 106 -5.7501 30 106 -5.9809 31.9962
3 16 106 0 40 106 -5.9809 31.9962 106 -6.4747 33.4641
3 16 92.1491 0 37.8137 92.1491 -14.5671 37.6803 90.2 0 37.8137
3 16 90.2 0 37.8137 92.1491 -14.5671 37.6803 90.2 -14.5671 37.6803
3 16 92.1491 -14.5671 37.6803 92.1491 0 37.8137 92.1491 -14.5 36.25
3 16 92.1491 0 37.8137 92.1491 -11.375 35.4127 92.1491 -14.5 36.25
3 16 94 -11.6593 38.2759 94 -9.7955 37.3765 94 -11.6593 41.7241
3 16 94 -11.6593 41.7241 94 -9.7955 37.3765 94 -9.7955 42.6235
3 16 94 -14.0421 38.738 94 -11.6593 38.2759 94 -14.0421 41.262
3 16 94 -14.0421 41.262 94 -11.6593 38.2759 94 -11.6593 41.7241
3 16 94 -20.75 39.0896 94 -14.0421 38.738 94 -20.75 40.9105
3 16 94 -20.75 40.9105 94 -14.0421 38.738 94 -14.0421 41.262
3 16 106 -8.1945 36.0664 106 -9.7955 37.3765 106 -8.1945 43.9336
3 16 106 -8.1945 43.9336 106 -9.7955 37.3765 106 -9.7955 42.6235
3 16 106 -9.7955 37.3765 106 -11.6593 38.2759 106 -9.7955 42.6235
3 16 106 -9.7955 42.6235 106 -11.6593 38.2759 106 -11.6593 41.7241
3 16 106 -11.6593 38.2759 106 -14.0421 38.738 106 -11.6593 41.7241
3 16 106 -11.6593 41.7241 106 -14.0421 38.738 106 -14.0421 41.262
3 16 106 -14.0421 38.738 106 -20.75 39.0896 106 -14.0421 41.262
3 16 106 -14.0421 41.262 106 -20.75 39.0896 106 -20.75 40.9105
3 16 94 -20.75 40.9105 106 -20.75 40.9105 94 -20.75 39.0896
3 16 94 -20.75 39.0896 106 -20.75 40.9105 106 -20.75 39.0896
3 16 106 -7.1796 34.7927 106 -8.1945 36.0664 106 0 40
3 16 106 -7.1796 45.2073 106 0 40 106 -8.1945 43.9336
3 16 106 0 40 106 -8.1945 36.0664 106 -8.1945 43.9336
3 16 94 -9.7955 37.3765 94 -8.1945 36.0664 94 -9.7955 42.6235
3 16 94 -9.7955 42.6235 94 -8.1945 36.0664 94 -8.1945 43.9336
3 16 92.1491 0 37.8137 90.2 0 37.8137 92.1491 0 42.1863
3 16 92.1491 0 42.1863 90.2 0 37.8137 90.2 0 42.1863
3 16 94 -6.4747 33.4641 94 0 37.8137 94 -7.1796 34.7927
3 16 94 0 37.8137 92.1491 0 37.8137 94 0 42.1863
3 16 94 0 42.1863 92.1491 0 37.8137 92.1491 0 42.1863
3 16 106 0 40 106 -6.4747 33.4641 106 -7.1796 34.7927
3 16 106 0 20 106 0 40 109.8 0 20
3 16 109.8 0 20 106 0 40 109.8 0 40
3 16 109.8 -24 40 90.2 -24 40 90.2 -24 30
3 16 90.2 -24 40 90.2 -21.1672 33.8493 90.2 -24 30
3 16 90.2 -24 30 90.2 -21.1672 33.8493 90.2 -22.1986 30
3 16 90.2 0 37.8137 90.2 -14.5671 37.6803 90.2 0 42.1863
3 16 90.2 0 42.1863 90.2 -14.5671 37.6803 90.2 -14.5671 42.3128
3 16 92.1491 0 37.8137 92.1491 -9.0873 33.125 92.1491 -11.375 35.4127
3 16 94 -8.1945 36.0664 94 -7.1796 34.7927 94 0 37.8137
3 16 92.1491 -18.3493 56.6672 90.2 -18.3493 56.6672 92.1375 -14.5671 57.6872
3 16 92.1375 -14.5671 57.6872 90.2 -18.3493 56.6672 90.2 -14.5671 57.6872
3 16 92.1491 -21.1672 53.8493 90.2 -21.1672 53.8493 92.1491 -18.3493 56.6672
3 16 92.1491 -18.3493 56.6672 90.2 -21.1672 53.8493 90.2 -18.3493 56.6672
3 16 92.1491 -22.1986 50 90.2 -22.1986 50 92.1491 -21.1672 53.8493
3 16 92.1491 -21.1672 53.8493 90.2 -22.1986 50 90.2 -21.1672 53.8493
3 16 92.1491 -21.1672 46.1507 90.2 -21.1672 46.1507 92.1491 -22.1986 50
3 16 92.1491 -22.1986 50 90.2 -21.1672 46.1507 90.2 -22.1986 50
3 16 92.1491 -18.3493 43.3328 90.2 -18.3493 43.3328 92.1491 -21.1672 46.1507
3 16 92.1491 -21.1672 46.1507 90.2 -18.3493 43.3328 90.2 -21.1672 46.1507
3 16 92.1491 -14.5671 42.3128 90.2 -14.5671 42.3128 92.1491 -18.3493 43.3328
3 16 92.1491 -18.3493 43.3328 90.2 -14.5671 42.3128 90.2 -18.3493 43.3328
3 16 92.1491 -19.9127 53.125 92.1491 -17.625 55.4127 107.7491 -19.9127 53.125
3 16 107.7491 -19.9127 53.125 92.1491 -17.625 55.4127 107.7491 -17.625 55.4127
3 16 92.1491 -20.75 50 92.1491 -19.9127 53.125 107.7491 -20.75 50
3 16 107.7491 -20.75 50 92.1491 -19.9127 53.125 107.7491 -19.9127 53.125
3 16 92.1491 -19.9127 46.875 92.1491 -20.75 50 107.7491 -19.9127 46.875
3 16 107.7491 -19.9127 46.875 92.1491 -20.75 50 107.7491 -20.75 50
3 16 92.1491 -17.625 44.5874 92.1491 -19.9127 46.875 107.7491 -17.625 44.5874
3 16 107.7491 -17.625 44.5874 92.1491 -19.9127 46.875 107.7491 -19.9127 46.875
3 16 92.1491 -14.5 43.75 92.1491 -17.625 44.5874 107.7491 -14.5 43.75
3 16 107.7491 -14.5 43.75 92.1491 -17.625 44.5874 107.7491 -17.625 44.5874
3 16 92.1491 -14.5 43.75 107.7491 -14.5 43.75 92.1491 -11.375 44.5874
3 16 92.1491 -11.375 44.5874 107.7491 -14.5 43.75 107.7491 -11.375 44.5874
3 16 92.1491 -11.375 44.5874 107.7491 -11.375 44.5874 92.1491 -9.0873 46.875
3 16 92.1491 -9.0873 46.875 107.7491 -11.375 44.5874 107.7491 -9.0873 46.875
3 16 92.1491 -8.25 50 92.1491 -9.0873 46.875 107.7491 -8.25 50
3 16 107.7491 -8.25 50 92.1491 -9.0873 46.875 107.7491 -9.0873 46.875
3 16 92.1491 -9.0873 53.125 92.1491 -8.25 50 107.7491 -9.0873 53.125
3 16 107.7491 -9.0873 53.125 92.1491 -8.25 50 107.7491 -8.25 50
3 16 92.1491 -9.0873 53.125 107.7491 -9.0873 53.125 92.1491 -11.375 55.4127
3 16 92.1491 -11.375 55.4127 107.7491 -9.0873 53.125 107.7491 -11.375 55.4127
3 16 92.1491 -11.375 55.4127 107.7491 -11.375 55.4127 92.1491 -14.5 56.25
3 16 92.1491 -14.5 56.25 107.7491 -11.375 55.4127 107.7491 -14.5 56.25
3 16 92.1491 -17.625 55.4127 92.1491 -14.5 56.25 107.7491 -17.625 55.4127
3 16 107.7491 -17.625 55.4127 92.1491 -14.5 56.25 107.7491 -14.5 56.25
3 16 92.1491 -9.0873 53.125 92.1491 0 57.8137 92.1491 -8.25 50
3 16 92.1491 -8.25 50 92.1491 0 57.8137 92.1491 0 42.1863
3 16 92.1491 -8.25 50 92.1491 0 42.1863 92.1491 -9.0873 46.875
3 16 92.1491 -14.5 43.75 92.1491 -14.5671 42.3128 92.1491 -17.625 44.5874
3 16 92.1491 -17.625 44.5874 92.1491 -14.5671 42.3128 92.1491 -18.3493 43.3328
3 16 92.1491 -17.625 44.5874 92.1491 -18.3493 43.3328 92.1491 -19.9127 46.875
3 16 92.1491 -19.9127 46.875 92.1491 -18.3493 43.3328 92.1491 -21.1672 46.1507
3 16 92.1491 -19.9127 46.875 92.1491 -21.1672 46.1507 92.1491 -20.75 50
3 16 92.1491 -20.75 50 92.1491 -21.1672 46.1507 92.1491 -22.1986 50
3 16 92.1491 -20.75 50 92.1491 -22.1986 50 92.1491 -19.9127 53.125
3 16 92.1491 -19.9127 53.125 92.1491 -22.1986 50 92.1491 -21.1672 53.8493
3 16 92.1491 -19.9127 53.125 92.1491 -21.1672 53.8493 92.1491 -17.625 55.4127
3 16 92.1491 -17.625 55.4127 92.1491 -21.1672 53.8493 92.1491 -18.3493 56.6672
3 16 92.1491 -18.3493 56.6672 92.1375 -14.5671 57.6872 92.1491 -17.625 55.4127
3 16 92.1491 -17.625 55.4127 92.1375 -14.5671 57.6872 92.1491 -14.5 56.25
3 16 107.7491 -14.5 56.25 107.7491 -11.375 55.4127 107.749 -14.5 57.75
3 16 107.749 -14.5 57.75 107.7491 -11.375 55.4127 107.749 -10.625 56.7117
3 16 107.7491 -11.375 55.4127 107.7491 -9.0873 53.125 107.749 -10.625 56.7117
3 16 107.749 -10.625 56.7117 107.7491 -9.0873 53.125 107.749 -7.7883 53.875
3 16 107.7491 -9.0873 53.125 107.7491 -8.25 50 107.749 -7.7883 53.875
3 16 107.749 -7.7883 53.875 107.7491 -8.25 50 107.749 -6.75 50
3 16 107.7491 -8.25 50 107.7491 -9.0873 46.875 107.749 -6.75 50
3 16 107.749 -6.75 50 107.7491 -9.0873 46.875 107.749 -7.7883 46.125
3 16 107.7491 -9.0873 46.875 107.7491 -11.375 44.5874 107.749 -7.7883 46.125
3 16 107.749 -7.7883 46.125 107.7491 -11.375 44.5874 107.749 -10.625 43.2883
3 16 107.7491 -11.375 44.5874 107.7491 -14.5 43.75 107.749 -10.625 43.2883
3 16 107.749 -10.625 43.2883 107.7491 -14.5 43.75 107.749 -14.5 42.25
3 16 107.7491 -14.5 43.75 107.7491 -17.625 44.5874 107.749 -14.5 42.25
3 16 107.749 -14.5 42.25 107.7491 -17.625 44.5874 107.749 -18.375 43.2883
3 16 107.7491 -17.625 44.5874 107.7491 -19.9127 46.875 107.749 -18.375 43.2883
3 16 107.749 -18.375 43.2883 107.7491 -19.9127 46.875 107.749 -21.2117 46.125
3 16 107.7491 -19.9127 46.875 107.7491 -20.75 50 107.749 -21.2117 46.125
3 16 107.749 -21.2117 46.125 107.7491 -20.75 50 107.749 -22.25 50
3 16 107.7491 -20.75 50 107.7491 -19.9127 53.125 107.749 -22.25 50
3 16 107.749 -22.25 50 107.7491 -19.9127 53.125 107.749 -21.2117 53.875
3 16 107.7491 -19.9127 53.125 107.7491 -17.625 55.4127 107.749 -21.2117 53.875
3 16 107.749 -21.2117 53.875 107.7491 -17.625 55.4127 107.749 -18.375 56.7117
3 16 107.7491 -17.625 55.4127 107.7491 -14.5 56.25 107.749 -18.375 56.7117
3 16 107.749 -18.375 56.7117 107.7491 -14.5 56.25 107.749 -14.5 57.75
3 16 109.8 -24 40 109.8 -22.25 50 109.8 -24 70
3 16 109.8 -24 70 109.8 -22.25 50 109.8 -21.2117 53.875
3 16 109.8 -24 70 109.8 -21.2117 53.875 109.8 -18.375 56.7117
3 16 109.8 0 70 109.8 -24 70 109.8 -14.5 57.75
3 16 109.8 -14.5 57.75 109.8 -24 70 109.8 -18.375 56.7117
3 16 109.8 0 70 109.8 -14.5 57.75 109.8 -10.625 56.7117
3 16 109.8 -24 40 109.8 -21.2117 46.125 109.8 -22.25 50
3 16 109.8 -14.5 37.75 109.8 -14.5 42.25 109.8 -18.375 36.7117
3 16 109.8 -18.375 36.7117 109.8 -14.5 42.25 109.8 -18.375 43.2883
3 16 109.8 -10.625 36.7117 109.8 -10.625 43.2883 109.8 -14.5 37.75
3 16 109.8 -14.5 37.75 109.8 -10.625 43.2883 109.8 -14.5 42.25
3 16 109.8 0 70 109.8 -6.75 50 109.8 0 40
3 16 109.8 0 40 109.8 -6.75 50 109.8 -7.7883 46.125
3 16 109.8 0 70 109.8 -7.7883 53.875 109.8 -6.75 50
3 16 109.8 -10.625 43.2883 109.8 -10.625 36.7117 109.8 -7.7883 46.125
3 16 109.8 -7.7883 46.125 109.8 -10.625 36.7117 109.8 -7.7883 33.875
3 16 109.8 0 70 109.8 -10.625 56.7117 109.8 -7.7883 53.875
3 16 94 -8.1945 43.9336 94 -7.1796 45.2073 100 -7.1881 45.1945
3 16 94 -9.7955 42.6235 94 -8.1945 43.9336 106 -9.7955 42.6235
3 16 106 -9.7955 42.6235 94 -8.1945 43.9336 106 -8.1945 43.9336
3 16 94 -11.6593 41.7241 94 -9.7955 42.6235 106 -11.6593 41.7241
3 16 106 -11.6593 41.7241 94 -9.7955 42.6235 106 -9.7955 42.6235
3 16 94 -14.0421 41.262 94 -11.6593 41.7241 106 -14.0421 41.262
3 16 106 -14.0421 41.262 94 -11.6593 41.7241 106 -11.6593 41.7241
3 16 94 -6.4747 46.5359 98.001 -6.4747 46.5359 94 -7.1796 45.2073
3 16 96 0 50 100 0 50 96.5359 0 48
3 16 96.5359 0 48 100 0 50 98 0 46.5359
3 16 98 0 46.5359 100 0 50 100 0 46
3 16 96 0 50 96.5359 0 48 96.001 -5.7501 50
3 16 96.001 -5.7501 50 96.5359 0 48 96.5369 -5.966 48
3 16 96.5359 0 48 98 0 46.5359 96.5369 -5.966 48
3 16 96.5369 -5.966 48 98 0 46.5359 98.001 -6.4747 46.5359
3 16 98 0 46.5359 100 0 46 98.001 -6.4747 46.5359
3 16 98.001 -6.4747 46.5359 100 0 46 100 -6.7174 46
3 16 94 -5.7501 50 96.001 -5.7501 50 94 -5.9809 48.0039
3 16 94 -5.9809 48.0039 96.001 -5.7501 50 96.5369 -5.966 48
3 16 94 -7.1796 45.2073 98.001 -6.4747 46.5359 100 -7.1881 45.1945
3 16 100 -7.1881 45.1945 98.001 -6.4747 46.5359 100 -6.7174 46
3 16 94 -5.9809 48.0039 96.5369 -5.966 48 94 -6.4747 46.5359
3 16 94 -6.4747 46.5359 96.5369 -5.966 48 98.001 -6.4747 46.5359
3 16 94 -20.75 40.9105 94 -14.0421 41.262 106 -20.75 40.9105
3 16 106 -20.75 40.9105 94 -14.0421 41.262 106 -14.0421 41.262
3 16 94 0 42.1863 94 -5.7501 50 94 -5.9809 48.0039
3 16 94 0 42.1863 94 -5.9809 48.0039 94 -6.4747 46.5359
3 16 94 -6.4747 46.5359 94 -7.1796 45.2073 94 0 42.1863
3 16 94 0 42.1863 94 -7.1796 45.2073 94 -8.1945 43.9336
3 16 94 -8.1945 56.0664 99.9984 -7.1881 54.8056 94 -7.1796 54.7927
3 16 96 0 50 96.5359 0 52 100 0 50
3 16 96.5359 0 52 98 0 53.4641 100 0 50
3 16 98 0 53.4641 100 0 54 100 0 50
3 16 96.5369 -5.966 52 96.5359 0 52 96.001 -5.7501 50
3 16 96.001 -5.7501 50 96.5359 0 52 96 0 50
3 16 98.001 -6.4747 53.4641 98 0 53.4641 96.5369 -5.966 52
3 16 96.5369 -5.966 52 98 0 53.4641 96.5359 0 52
3 16 100 -6.7174 54 100 0 54 98.001 -6.4747 53.4641
3 16 98.001 -6.4747 53.4641 100 0 54 98 0 53.4641
3 16 94 -5.7501 50 94 -5.9809 51.9962 96.001 -5.7501 50
3 16 96.001 -5.7501 50 94 -5.9809 51.9962 96.5369 -5.966 52
3 16 94 -7.1796 54.7927 99.9984 -7.1881 54.8056 98.001 -6.4747 53.4641
3 16 98.001 -6.4747 53.4641 99.9984 -7.1881 54.8056 100 -6.7174 54
3 16 94 -5.9809 51.9962 94 -6.4747 53.4641 96.5369 -5.966 52
3 16 96.5369 -5.966 52 94 -6.4747 53.4641 98.001 -6.4747 53.4641
3 16 94 0 66.25 94 -5.9809 51.9962 94 0 42.1863
3 16 94 -5.9809 51.9962 94 -5.7501 50 94 0 42.1863
3 16 94 0 66.25 94 -6.4747 53.4641 94 -5.9809 51.9962
3 16 94 -8.1945 43.9336 100 -7.1881 45.1945 106 -8.1945 43.9336
3 16 106 -8.1945 43.9336 100 -7.1881 45.1945 106 -7.1796 45.2073
3 16 106 -6.4747 46.5359 106 -7.1796 45.2073 101.9991 -6.4747 46.5359
3 16 104 0 50 103.4641 0 48 100 0 50
3 16 103.4641 0 48 102 0 46.5359 100 0 50
3 16 102 0 46.5359 100 0 46 100 0 50
3 16 103.4632 -5.966 48 103.4641 0 48 103.999 -5.7501 50
3 16 103.999 -5.7501 50 103.4641 0 48 104 0 50
3 16 101.9991 -6.4747 46.5359 102 0 46.5359 103.4632 -5.966 48
3 16 103.4632 -5.966 48 102 0 46.5359 103.4641 0 48
3 16 100 -6.7174 46 100 0 46 101.9991 -6.4747 46.5359
3 16 101.9991 -6.4747 46.5359 100 0 46 102 0 46.5359
3 16 106 -5.7501 50 106 -5.9809 48.0039 103.999 -5.7501 50
3 16 103.999 -5.7501 50 106 -5.9809 48.0039 103.4632 -5.966 48
3 16 100 -6.7174 46 101.9991 -6.4747 46.5359 100 -7.1881 45.1945
3 16 100 -7.1881 45.1945 101.9991 -6.4747 46.5359 106 -7.1796 45.2073
3 16 106 -5.9809 48.0039 106 -6.4747 46.5359 103.4632 -5.966 48
3 16 103.4632 -5.966 48 106 -6.4747 46.5359 101.9991 -6.4747 46.5359
3 16 106 0 40 106 -5.9809 48.0039 106 -5.7501 50
3 16 106 0 40 106 -6.4747 46.5359 106 -5.9809 48.0039
3 16 106 0 40 106 -7.1796 45.2073 106 -6.4747 46.5359
3 16 94 -8.1945 56.0664 106 -8.1945 56.0664 99.9984 -7.1881 54.8056
3 16 99.9984 -7.1881 54.8056 106 -8.1945 56.0664 106 -7.1796 54.7927
3 16 94 -9.7955 57.3765 106 -9.7955 57.3765 94 -8.1945 56.0664
3 16 94 -8.1945 56.0664 106 -9.7955 57.3765 106 -8.1945 56.0664
3 16 94 -11.6593 58.2759 106 -11.6593 58.2759 94 -9.7955 57.3765
3 16 94 -9.7955 57.3765 106 -11.6593 58.2759 106 -9.7955 57.3765
3 16 106 -14.0421 58.738 106 -11.6593 58.2759 94 -14.0421 58.738
3 16 94 -14.0421 58.738 106 -11.6593 58.2759 94 -11.6593 58.2759
3 16 106 -6.4747 53.4641 101.9991 -6.4747 53.4641 106 -7.1796 54.7927
3 16 104 0 50 100 0 50 103.4641 0 52
3 16 103.4641 0 52 100 0 50 102 0 53.4641
3 16 102 0 53.4641 100 0 50 100 0 54
3 16 104 0 50 103.4641 0 52 103.999 -5.7501 50
3 16 103.999 -5.7501 50 103.4641 0 52 103.4632 -5.966 52
3 16 103.4641 0 52 102 0 53.4641 103.4632 -5.966 52
3 16 103.4632 -5.966 52 102 0 53.4641 101.9991 -6.4747 53.4641
3 16 102 0 53.4641 100 0 54 101.9991 -6.4747 53.4641
3 16 101.9991 -6.4747 53.4641 100 0 54 100 -6.7174 54
3 16 106 -5.7501 50 103.999 -5.7501 50 106 -5.9809 51.9962
3 16 106 -5.9809 51.9962 103.999 -5.7501 50 103.4632 -5.966 52
3 16 106 -7.1796 54.7927 101.9991 -6.4747 53.4641 99.9984 -7.1881 54.8056
3 16 99.9984 -7.1881 54.8056 101.9991 -6.4747 53.4641 100 -6.7174 54
3 16 106 -5.9809 51.9962 103.4632 -5.966 52 106 -6.4747 53.4641
3 16 106 -6.4747 53.4641 103.4632 -5.966 52 101.9991 -6.4747 53.4641
3 16 106 -20.75 59.0896 106 -14.0421 58.738 94 -20.75 59.0896
3 16 94 -20.75 59.0896 106 -14.0421 58.738 94 -14.0421 58.738
3 16 106 0 66.25 106 0 40 106 -5.9809 51.9962
3 16 106 0 40 106 -5.7501 50 106 -5.9809 51.9962
3 16 106 0 66.25 106 -5.9809 51.9962 106 -6.4747 53.4641
3 16 94 0 66.25 106 0 66.25 94 -20.75 66.25
3 16 94 -20.75 66.25 106 0 66.25 106 -20.75 66.25
3 16 94 0 66.25 94 0 42.1863 92.1491 0 57.8137
3 16 92.1491 0 57.8137 94 0 42.1863 92.1491 0 42.1863
3 16 92.1491 -14.5671 42.3128 92.1491 -14.5 43.75 92.1491 0 42.1863
3 16 92.1491 0 42.1863 92.1491 -14.5 43.75 92.1491 -11.375 44.5874
3 16 90.2 -14.5671 42.3128 92.1491 -14.5671 42.3128 90.2 0 42.1863
3 16 90.2 0 42.1863 92.1491 -14.5671 42.3128 92.1491 0 42.1863
3 16 94 -11.6593 58.2759 94 -9.7955 57.3765 94 0 66.25
3 16 94 -14.0421 58.738 94 -11.6593 58.2759 94 0 66.25
3 16 106 -8.1945 56.0664 106 -9.7955 57.3765 106 0 66.25
3 16 106 0 66.25 106 -9.7955 57.3765 106 -11.6593 58.2759
3 16 106 0 66.25 106 -11.6593 58.2759 106 -14.0421 58.738
3 16 106 0 66.25 106 -14.0421 58.738 106 -20.75 66.25
3 16 106 -20.75 66.25 106 -14.0421 58.738 106 -20.75 59.0896
3 16 106 0 66.25 106 -7.1796 54.7927 106 -8.1945 56.0664
3 16 94 0 66.25 94 -9.7955 57.3765 94 -8.1945 56.0664
3 16 90.2 0 57.8137 90.2 0 66.2036 92.1491 0 57.8137
3 16 92.1491 0 57.8137 90.2 0 66.2036 94 0 66.25
3 16 94 -6.4747 53.4641 94 0 66.25 94 -7.1796 54.7927
3 16 106 0 66.25 106 -6.4747 53.4641 106 -7.1796 54.7927
3 16 93.6843 0 70.6123 93.9375 0 69.3531 90.5418 0 67.6544
3 16 90.5418 0 67.6544 93.9375 0 69.3531 90.2873 0 66.9487
3 16 106 0 40 106 0 66.25 109.8 0 40
3 16 109.8 0 40 106 0 66.25 109.8 0 70
3 16 109.8 -24 40 90.2 -24 66.3661 90.2 -24 50
3 16 109.8 -24 40 90.2 -24 50 90.2 -24 40
3 16 90.2 -24 66.3661 90.2 -21.1672 53.8493 90.2 -24 50
3 16 90.2 -24 50 90.2 -21.1672 53.8493 90.2 -22.1986 50
3 16 90.2 -24 40 90.2 -24 50 90.2 -21.1672 46.1507
3 16 90.2 -21.1672 46.1507 90.2 -24 50 90.2 -22.1986 50
3 16 90.2 -24 40 90.2 -21.1672 46.1507 90.2 -18.3493 43.3328
3 16 92.1491 0 42.1863 92.1491 -11.375 44.5874 92.1491 -9.0873 46.875
3 16 90.2 -24 66.3661 90.2 -18.3493 56.6672 90.2 -21.1672 53.8493
3 16 90.2 -18.3493 56.6672 90.2 -24 66.3661 90.2 -14.5671 57.6872
3 16 90.2 -14.5671 57.6872 90.2 -24 66.3661 90.2 0 66.2036
3 16 90.2 0 66.2036 90.2 0 57.8137 90.2 -14.5671 57.6872
3 16 90.2 -24 40 90.2 -18.3493 43.3328 90.2 -18.3493 36.6672
3 16 90.2 -14.5671 37.6803 90.2 -18.3493 36.6672 90.2 -14.5671 42.3128
3 16 90.2 -14.5671 42.3128 90.2 -18.3493 36.6672 90.2 -18.3493 43.3328
3 16 92.1491 0 57.8137 92.1491 -9.0873 53.125 92.1491 -11.375 55.4127
3 16 94 -8.1945 56.0664 94 -7.1796 54.7927 94 0 66.25
3 16 92.1491 -18.3493 23.3328 90.2 -18.3493 23.3328 92.1491 -21.1672 26.1507
3 16 92.1491 -21.1672 26.1507 90.2 -18.3493 23.3328 90.2 -21.1672 26.1507
3 16 92.1491 -21.1672 26.1507 90.2 -21.1672 26.1507 92.1491 -22.1986 30
3 16 92.1491 -22.1986 30 90.2 -21.1672 26.1507 90.2 -22.1986 30
3 16 92.1491 -14.5671 22.3128 90.2 -14.5671 22.3128 92.1491 -18.3493 23.3328
3 16 92.1491 -18.3493 23.3328 90.2 -14.5671 22.3128 90.2 -18.3493 23.3328
3 16 92.1491 -14.5671 22.3128 92.1491 -14.5 23.75 92.1491 0 22.1863
3 16 92.1491 0 22.1863 92.1491 -14.5 23.75 92.1491 -11.375 24.5874
3 16 92.1491 0 37.8137 92.1491 0 22.1863 92.1491 -8.25 30
3 16 92.1491 -8.25 30 92.1491 0 22.1863 92.1491 -9.0873 26.875
3 16 92.1491 -19.9127 26.875 92.1491 -21.1672 26.1507 92.1491 -20.75 30
3 16 92.1491 -20.75 30 92.1491 -21.1672 26.1507 92.1491 -22.1986 30
3 16 92.1491 -17.625 24.5874 92.1491 -18.3493 23.3328 92.1491 -19.9127 26.875
3 16 92.1491 -19.9127 26.875 92.1491 -18.3493 23.3328 92.1491 -21.1672 26.1507
3 16 92.1491 -14.5 23.75 92.1491 -14.5671 22.3128 92.1491 -17.625 24.5874
3 16 92.1491 -17.625 24.5874 92.1491 -14.5671 22.3128 92.1491 -18.3493 23.3328
3 16 92.1491 -14.5 23.75 92.1491 -17.625 24.5874 107.7491 -14.5 23.75
3 16 107.7491 -14.5 23.75 92.1491 -17.625 24.5874 107.7491 -17.625 24.5874
3 16 92.1491 -17.625 24.5874 92.1491 -19.9127 26.875 107.7491 -17.625 24.5874
3 16 107.7491 -17.625 24.5874 92.1491 -19.9127 26.875 107.7491 -19.9127 26.875
3 16 92.1491 -19.9127 26.875 92.1491 -20.75 30 107.7491 -19.9127 26.875
3 16 107.7491 -19.9127 26.875 92.1491 -20.75 30 107.749 -20.75 30
3 16 92.1491 -8.25 30 92.1491 -9.0873 26.875 107.7491 -8.25 30
3 16 107.7491 -8.25 30 92.1491 -9.0873 26.875 107.7491 -9.0873 26.875
3 16 92.1491 -11.375 24.5874 107.7491 -11.375 24.5874 92.1491 -9.0873 26.875
3 16 92.1491 -9.0873 26.875 107.7491 -11.375 24.5874 107.7491 -9.0873 26.875
3 16 92.1491 -14.5 23.75 107.7491 -14.5 23.75 92.1491 -11.375 24.5874
3 16 92.1491 -11.375 24.5874 107.7491 -14.5 23.75 107.7491 -11.375 24.5874
3 16 107.7491 -11.375 24.5874 107.7491 -14.5 23.75 107.749 -10.625 23.2883
3 16 107.749 -10.625 23.2883 107.7491 -14.5 23.75 107.749 -14.5 22.25
3 16 107.7491 -9.0873 26.875 107.7491 -11.375 24.5874 107.749 -7.7883 26.125
3 16 107.749 -7.7883 26.125 107.7491 -11.375 24.5874 107.749 -10.625 23.2883
3 16 107.7491 -8.25 30 107.7491 -9.0873 26.875 107.749 -6.75 30
3 16 107.749 -6.75 30 107.7491 -9.0873 26.875 107.749 -7.7883 26.125
3 16 107.7491 -19.9127 26.875 107.749 -20.75 30 107.749 -21.2117 26.125
3 16 107.749 -21.2117 26.125 107.749 -20.75 30 107.749 -22.25 30
3 16 107.7491 -17.625 24.5874 107.7491 -19.9127 26.875 107.749 -18.375 23.2883
3 16 107.749 -18.375 23.2883 107.7491 -19.9127 26.875 107.749 -21.2117 26.125
3 16 107.7491 -14.5 23.75 107.7491 -17.625 24.5874 107.749 -14.5 22.25
3 16 107.749 -14.5 22.25 107.7491 -17.625 24.5874 107.749 -18.375 23.2883
3 16 109.8 0 20 109.8 -6.75 30 109.8 -7.7883 26.125
3 16 109.8 0 20 109.8 -7.7883 26.125 109.8 -7.7883 13.875
3 16 109.8 -7.7883 13.875 109.8 -7.7883 26.125 109.8 -10.625 16.7117
3 16 109.8 -10.625 16.7117 109.8 -7.7883 26.125 109.8 -10.625 23.2883
3 16 109.8 -14.5 22.25 109.8 -14.5 17.75 109.8 -10.625 23.2883
3 16 109.8 -10.625 23.2883 109.8 -14.5 17.75 109.8 -10.625 16.7117
3 16 109.8 -18.375 23.2883 109.8 -18.375 16.7117 109.8 -14.5 22.25
3 16 109.8 -14.5 22.25 109.8 -18.375 16.7117 109.8 -14.5 17.75
3 16 109.8 -18.375 16.7117 109.8 -18.375 23.2883 109.8 -21.2117 13.875
3 16 109.8 -21.2117 13.875 109.8 -18.375 23.2883 109.8 -21.2117 26.125
3 16 94 -7.1796 25.2073 100 -7.1796 25.2073 94 -8.1945 23.9336
3 16 94 -8.1945 23.9336 100 -7.1796 25.2073 106 -8.1945 23.9336
3 16 94 -9.7955 22.6235 94 -8.1945 23.9336 106 -9.7955 22.6235
3 16 106 -9.7955 22.6235 94 -8.1945 23.9336 106 -8.1945 23.9336
3 16 94 -11.6593 21.7241 94 -9.7955 22.6235 106 -11.6593 21.7241
3 16 106 -11.6593 21.7241 94 -9.7955 22.6235 106 -9.7955 22.6235
3 16 94 -14.0421 21.262 94 -11.6593 21.7241 106 -14.0421 21.262
3 16 106 -14.0421 21.262 94 -11.6593 21.7241 106 -11.6593 21.7241
3 16 94 -6.4747 26.5359 98.001 -6.4747 26.5359 94 -7.1796 25.2073
3 16 96 0 30 100 0 30 96.5359 0 28
3 16 96.5359 0 28 100 0 30 98 0 26.5359
3 16 98 0 26.5359 100 0 30 100 0 26
3 16 96 0 30 96.5359 0 28 96.001 -5.7501 30
3 16 96.001 -5.7501 30 96.5359 0 28 96.5369 -5.966 28
3 16 96.5359 0 28 98 0 26.5359 96.5369 -5.966 28
3 16 96.5369 -5.966 28 98 0 26.5359 98.001 -6.4747 26.5359
3 16 98 0 26.5359 100 0 26 98.001 -6.4747 26.5359
3 16 98.001 -6.4747 26.5359 100 0 26 100 -6.7174 26
3 16 94 -5.7501 30 96.001 -5.7501 30 94 -5.9809 28.0039
3 16 94 -5.9809 28.0039 96.001 -5.7501 30 96.5369 -5.966 28
3 16 100 -6.7174 26 100 -7.1796 25.2073 98.001 -6.4747 26.5359
3 16 98.001 -6.4747 26.5359 100 -7.1796 25.2073 94 -7.1796 25.2073
3 16 94 -5.9809 28.0039 96.5369 -5.966 28 94 -6.4747 26.5359
3 16 94 -6.4747 26.5359 96.5369 -5.966 28 98.001 -6.4747 26.5359
3 16 94 -20.75 20.9104 94 -14.0421 21.262 106 -20.75 20.9104
3 16 106 -20.75 20.9104 94 -14.0421 21.262 106 -14.0421 21.262
3 16 94 0 37.8137 94 -5.7501 30 94 0 22.1863
3 16 94 0 22.1863 94 -5.7501 30 94 -5.9809 28.0039
3 16 94 0 22.1863 94 -5.9809 28.0039 94 -6.4747 26.5359
3 16 106 -6.4747 26.5359 106 -7.1796 25.2073 101.9991 -6.4747 26.5359
3 16 104 0 30 103.4641 0 28 100 0 30
3 16 103.4641 0 28 102 0 26.5359 100 0 30
3 16 102 0 26.5359 100 0 26 100 0 30
3 16 103.4632 -5.966 28 103.4641 0 28 103.999 -5.7501 30
3 16 103.999 -5.7501 30 103.4641 0 28 104 0 30
3 16 101.9991 -6.4747 26.5359 102 0 26.5359 103.4632 -5.966 28
3 16 103.4632 -5.966 28 102 0 26.5359 103.4641 0 28
3 16 100 -6.7174 26 100 0 26 101.9991 -6.4747 26.5359
3 16 101.9991 -6.4747 26.5359 100 0 26 102 0 26.5359
3 16 106 -5.7501 30 106 -5.9809 28.0039 103.999 -5.7501 30
3 16 103.999 -5.7501 30 106 -5.9809 28.0039 103.4632 -5.966 28
3 16 106 -5.9809 28.0039 106 -6.4747 26.5359 103.4632 -5.966 28
3 16 103.4632 -5.966 28 106 -6.4747 26.5359 101.9991 -6.4747 26.5359
3 16 106 0 20 106 -5.9809 28.0039 106 -5.7501 30
3 16 106 0 20 106 -6.4747 26.5359 106 -5.9809 28.0039
3 16 109.8 -24 40 90.2 -24 30 90.2 -24 20
3 16 92.1491 0 22.1863 92.1491 0 37.8137 94 0 22.1863
3 16 94 0 22.1863 92.1491 0 37.8137 94 0 37.8137
3 16 92.1491 0 22.1863 90.2 0 22.2496 92.1491 -14.5671 22.3128
3 16 92.1491 -14.5671 22.3128 90.2 0 22.2496 90.2 -14.5671 22.3128
3 16 94 -6.4747 26.5359 94 -7.1796 25.2073 94 0 22.1863
3 16 106 0 20 106 -7.1796 25.2073 106 -6.4747 26.5359
3 16 90.2 -24 20 90.2 -18.3493 23.3328 90.2 -18.3493 16.6672
3 16 90.2 -24 20 90.2 -21.1672 26.1507 90.2 -18.3493 23.3328
3 16 90.2 -22.1986 30 90.2 -21.1672 26.1507 90.2 -24 30
3 16 90.2 -24 30 90.2 -21.1672 26.1507 90.2 -24 20
3 16 90.2 -18.3493 23.3328 90.2 -14.5671 22.3128 90.2 -18.3493 16.6672
3 16 90.2 -18.3493 16.6672 90.2 -14.5671 22.3128 90.2 -14.5671 17.6803
3 16 92.1491 0 22.1863 92.1491 -11.375 24.5874 92.1491 -9.0873 26.875
3 16 94 -8.1945 23.9336 94 0 22.1863 94 -7.1796 25.2073
3 16 92.1491 -18.3493 3.3328 90.2 -18.3493 3.3328 92.1491 -21.1672 6.1507
3 16 92.1491 -21.1672 6.1507 90.2 -18.3493 3.3328 90.2 -21.1672 6.1507
3 16 92.1491 -21.1672 6.1507 90.2 -21.1672 6.1507 92.1491 -22.1986 10
3 16 92.1491 -22.1986 10 90.2 -21.1672 6.1507 90.2 -22.1986 10
3 16 92.1491 -22.1986 10 90.2 -22.1986 10 92.1491 -21.1672 13.8493
3 16 92.1491 -21.1672 13.8493 90.2 -22.1986 10 90.2 -21.1672 13.8493
3 16 92.1491 -21.1672 13.8493 90.2 -21.1672 13.8493 92.1491 -18.3493 16.6672
3 16 92.1491 -18.3493 16.6672 90.2 -21.1672 13.8493 90.2 -18.3493 16.6672
3 16 92.1491 -18.3493 16.6672 90.2 -18.3493 16.6672 92.1491 -14.5671 17.6803
3 16 92.1491 -14.5671 17.6803 90.2 -18.3493 16.6672 90.2 -14.5671 17.6803
3 16 92.1491 -14.5671 2.3128 90.2 -14.5671 2.3128 92.1491 -18.3493 3.3328
3 16 92.1491 -18.3493 3.3328 90.2 -14.5671 2.3128 90.2 -18.3493 3.3328
3 16 92.1491 -14.5671 2.3128 92.1491 -14.5 3.75 92.1491 0 2.1863
3 16 92.1491 0 2.1863 92.1491 -14.5 3.75 92.1491 -11.375 4.5874
3 16 92.1491 0 17.8137 92.1491 0 2.1863 92.1491 -8.25 10
3 16 92.1491 -8.25 10 92.1491 0 2.1863 92.1491 -9.0873 6.875
3 16 92.1491 -9.0873 13.125 92.1491 0 17.8137 92.1491 -8.25 10
3 16 92.1491 0 17.8137 92.1491 -9.0873 13.125 92.1491 -11.375 15.4127
3 16 92.1491 -18.3493 16.6672 92.1491 -14.5671 17.6803 92.1491 -17.625 15.4127
3 16 92.1491 -17.625 15.4127 92.1491 -14.5671 17.6803 92.1491 -14.5 16.25
3 16 92.1491 -19.9127 13.125 92.1491 -21.1672 13.8493 92.1491 -17.625 15.4127
3 16 92.1491 -17.625 15.4127 92.1491 -21.1672 13.8493 92.1491 -18.3493 16.6672
3 16 92.1491 -20.75 10 92.1491 -22.1986 10 92.1491 -19.9127 13.125
3 16 92.1491 -19.9127 13.125 92.1491 -22.1986 10 92.1491 -21.1672 13.8493
3 16 92.1491 -19.9127 6.875 92.1491 -21.1672 6.1507 92.1491 -20.75 10
3 16 92.1491 -20.75 10 92.1491 -21.1672 6.1507 92.1491 -22.1986 10
3 16 92.1491 -17.625 4.5874 92.1491 -18.3493 3.3328 92.1491 -19.9127 6.875
3 16 92.1491 -19.9127 6.875 92.1491 -18.3493 3.3328 92.1491 -21.1672 6.1507
3 16 92.1491 -14.5 3.75 92.1491 -14.5671 2.3128 92.1491 -17.625 4.5874
3 16 92.1491 -17.625 4.5874 92.1491 -14.5671 2.3128 92.1491 -18.3493 3.3328
3 16 92.1491 -14.5 3.75 92.1491 -17.625 4.5874 107.7491 -14.5 3.75
3 16 107.7491 -14.5 3.75 92.1491 -17.625 4.5874 107.7491 -17.625 4.5874
3 16 92.1491 -17.625 4.5874 92.1491 -19.9127 6.875 107.7491 -17.625 4.5874
3 16 107.7491 -17.625 4.5874 92.1491 -19.9127 6.875 107.7491 -19.9127 6.875
3 16 92.1491 -19.9127 6.875 92.1491 -20.75 10 107.7491 -19.9127 6.875
3 16 107.7491 -19.9127 6.875 92.1491 -20.75 10 107.7491 -20.75 10
3 16 92.1491 -20.75 10 92.1491 -19.9127 13.125 107.7491 -20.75 10
3 16 107.7491 -20.75 10 92.1491 -19.9127 13.125 107.7491 -19.9127 13.125
3 16 92.1491 -19.9127 13.125 92.1491 -17.625 15.4127 107.7491 -19.9127 13.125
3 16 107.7491 -19.9127 13.125 92.1491 -17.625 15.4127 107.7491 -17.625 15.4127
3 16 92.1491 -17.625 15.4127 92.1491 -14.5 16.25 107.7491 -17.625 15.4127
3 16 107.7491 -17.625 15.4127 92.1491 -14.5 16.25 107.7491 -14.5 16.25
3 16 92.1491 -11.375 15.4127 107.7491 -11.375 15.4127 92.1491 -14.5 16.25
3 16 92.1491 -14.5 16.25 107.7491 -11.375 15.4127 107.7491 -14.5 16.25
3 16 92.1491 -9.0873 13.125 107.7491 -9.0873 13.125 92.1491 -11.375 15.4127
3 16 92.1491 -11.375 15.4127 107.7491 -9.0873 13.125 107.7491 -11.375 15.4127
3 16 92.1491 -9.0873 13.125 92.1491 -8.25 10 107.7491 -9.0873 13.125
3 16 107.7491 -9.0873 13.125 92.1491 -8.25 10 107.7491 -8.25 10
3 16 92.1491 -8.25 10 92.1491 -9.0873 6.875 107.7491 -8.25 10
3 16 107.7491 -8.25 10 92.1491 -9.0873 6.875 107.7491 -9.0873 6.875
3 16 92.1491 -11.375 4.5874 107.7491 -11.375 4.5874 92.1491 -9.0873 6.875
3 16 92.1491 -9.0873 6.875 107.7491 -11.375 4.5874 107.7491 -9.0873 6.875
3 16 92.1491 -14.5 3.75 107.7491 -14.5 3.75 92.1491 -11.375 4.5874
3 16 92.1491 -11.375 4.5874 107.7491 -14.5 3.75 107.7491 -11.375 4.5874
3 16 107.7491 -11.375 4.5874 107.7491 -14.5 3.75 107.749 -10.625 3.2883
3 16 107.749 -10.625 3.2883 107.7491 -14.5 3.75 107.749 -14.5 2.25
3 16 107.7491 -9.0873 6.875 107.7491 -11.375 4.5874 107.749 -7.7883 6.125
3 16 107.749 -7.7883 6.125 107.7491 -11.375 4.5874 107.749 -10.625 3.2883
3 16 107.7491 -8.25 10 107.7491 -9.0873 6.875 107.749 -6.75 10
3 16 107.749 -6.75 10 107.7491 -9.0873 6.875 107.749 -7.7883 6.125
3 16 107.7491 -9.0873 13.125 107.7491 -8.25 10 107.749 -7.7883 13.875
3 16 107.749 -7.7883 13.875 107.7491 -8.25 10 107.749 -6.75 10
3 16 107.7491 -11.375 15.4127 107.7491 -9.0873 13.125 107.749 -10.625 16.7117
3 16 107.749 -10.625 16.7117 107.7491 -9.0873 13.125 107.749 -7.7883 13.875
3 16 107.7491 -14.5 16.25 107.7491 -11.375 15.4127 107.749 -14.5 17.75
3 16 107.749 -14.5 17.75 107.7491 -11.375 15.4127 107.749 -10.625 16.7117
3 16 107.7491 -17.625 15.4127 107.7491 -14.5 16.25 107.749 -18.375 16.7117
3 16 107.749 -18.375 16.7117 107.7491 -14.5 16.25 107.749 -14.5 17.75
3 16 107.7491 -19.9127 13.125 107.7491 -17.625 15.4127 107.749 -21.2117 13.875
3 16 107.749 -21.2117 13.875 107.7491 -17.625 15.4127 107.749 -18.375 16.7117
3 16 107.7491 -20.75 10 107.7491 -19.9127 13.125 107.749 -22.25 10
3 16 107.749 -22.25 10 107.7491 -19.9127 13.125 107.749 -21.2117 13.875
3 16 107.7491 -19.9127 6.875 107.7491 -20.75 10 107.749 -21.2117 6.125
3 16 107.749 -21.2117 6.125 107.7491 -20.75 10 107.749 -22.25 10
3 16 107.7491 -17.625 4.5874 107.7491 -19.9127 6.875 107.749 -18.375 3.2883
3 16 107.749 -18.375 3.2883 107.7491 -19.9127 6.875 107.749 -21.2117 6.125
3 16 107.7491 -14.5 3.75 107.7491 -17.625 4.5874 107.749 -14.5 2.25
3 16 107.749 -14.5 2.25 107.7491 -17.625 4.5874 107.749 -18.375 3.2883
3 16 109.8 -24 -9.8 109.8 -21.2117 6.125 109.8 -22.25 10
3 16 109.8 -24 -9.8 109.8 -22.25 10 109.8 -24 40
3 16 109.8 -22.25 10 109.8 -21.2117 13.875 109.8 -22.25 30
3 16 109.8 -22.25 30 109.8 -21.2117 13.875 109.8 -21.2117 26.125
3 16 109.8 0 20 109.8 -7.7883 13.875 109.8 -6.75 10
3 16 109.8 0 -9.8 109.8 0 20 109.8 -7.7883 6.125
3 16 109.8 0 20 109.8 -6.75 10 109.8 -7.7883 6.125
3 16 109.8 0 -9.8 109.8 -7.7883 6.125 109.8 -10.625 3.2883
3 16 109.8 0 -9.8 109.8 -10.625 3.2883 109.8 -14.5 2.25
3 16 109.8 0 -9.8 109.8 -14.5 2.25 109.8 -24 -9.8
3 16 109.8 -24 -9.8 109.8 -14.5 2.25 109.8 -18.375 3.2883
3 16 109.8 -24 -9.8 109.8 -18.375 3.2883 109.8 -21.2117 6.125
3 16 106 -8.1945 16.0664 100 -7.1881 14.8056 94 -8.1945 16.0664
3 16 94 -8.1945 16.0664 100 -7.1881 14.8056 94 -7.1796 14.7927
3 16 94 -6.4747 13.4641 94 -7.1796 14.7927 98.001 -6.4747 13.4641
3 16 96 0 10 96.5359 0 12 100 0 10
3 16 96.5359 0 12 98 0 13.4641 100 0 10
3 16 98 0 13.4641 100 0 14 100 0 10
3 16 96.5369 -5.966 12 96.5359 0 12 96.001 -5.7501 10
3 16 96.001 -5.7501 10 96.5359 0 12 96 0 10
3 16 98.001 -6.4747 13.4641 98 0 13.4641 96.5369 -5.966 12
3 16 96.5369 -5.966 12 98 0 13.4641 96.5359 0 12
3 16 100 -6.7174 14 100 0 14 98.001 -6.4747 13.4641
3 16 98.001 -6.4747 13.4641 100 0 14 98 0 13.4641
3 16 94 -5.7501 10 94 -5.9809 11.9962 96.001 -5.7501 10
3 16 96.001 -5.7501 10 94 -5.9809 11.9962 96.5369 -5.966 12
3 16 100 -6.7174 14 98.001 -6.4747 13.4641 100 -7.1881 14.8056
3 16 100 -7.1881 14.8056 98.001 -6.4747 13.4641 94 -7.1796 14.7927
3 16 94 -5.9809 11.9962 94 -6.4747 13.4641 96.5369 -5.966 12
3 16 96.5369 -5.966 12 94 -6.4747 13.4641 98.001 -6.4747 13.4641
3 16 94 0 17.8137 94 -5.9809 11.9962 94 -5.7501 10
3 16 94 0 17.8137 94 -6.4747 13.4641 94 -5.9809 11.9962
3 16 94 -6.4747 13.4641 94 0 17.8137 94 -7.1796 14.7927
3 16 94 0 17.8137 94 -8.1945 16.0664 94 -7.1796 14.7927
3 16 94 -11.6593 21.7241 94 -11.6593 18.2759 94 -9.7955 22.6235
3 16 94 -9.7955 22.6235 94 -11.6593 18.2759 94 -9.7955 17.3765
3 16 94 -14.0421 21.262 94 -14.0421 18.738 94 -11.6593 21.7241
3 16 94 -11.6593 21.7241 94 -14.0421 18.738 94 -11.6593 18.2759
3 16 94 -20.75 20.9104 94 -20.75 19.0896 94 -14.0421 21.262
3 16 94 -14.0421 21.262 94 -20.75 19.0896 94 -14.0421 18.738
3 16 106 -20.75 19.0896 94 -20.75 19.0896 106 -20.75 20.9104
3 16 106 -20.75 20.9104 94 -20.75 19.0896 94 -20.75 20.9104
3 16 106 -8.1945 3.9336 94 -8.1945 3.9336 100 -7.1796 5.2073
3 16 100 -7.1796 5.2073 94 -8.1945 3.9336 94 -7.1796 5.2073
3 16 106 -9.7955 2.6235 94 -9.7955 2.6235 106 -8.1945 3.9336
3 16 106 -8.1945 3.9336 94 -9.7955 2.6235 94 -8.1945 3.9336
3 16 94 -11.6593 1.7241 94 -9.7955 2.6235 106 -11.6593 1.7241
3 16 106 -11.6593 1.7241 94 -9.7955 2.6235 106 -9.7955 2.6235
3 16 94 -14.0421 1.262 94 -11.6593 1.7241 106 -14.0421 1.262
3 16 106 -14.0421 1.262 94 -11.6593 1.7241 106 -11.6593 1.7241
3 16 94 -6.4747 6.5359 98.001 -6.4747 6.5359 94 -7.1796 5.2073
3 16 96 0 10 100 0 10 96.5359 0 8
3 16 96.5359 0 8 100 0 10 98 0 6.5359
3 16 98 0 6.5359 100 0 10 100 0 6
3 16 96 0 10 96.5359 0 8 96.001 -5.7501 10
3 16 96.001 -5.7501 10 96.5359 0 8 96.5369 -5.966 8
3 16 96.5359 0 8 98 0 6.5359 96.5369 -5.966 8
3 16 96.5369 -5.966 8 98 0 6.5359 98.001 -6.4747 6.5359
3 16 98 0 6.5359 100 0 6 98.001 -6.4747 6.5359
3 16 98.001 -6.4747 6.5359 100 0 6 100 -6.7174 6
3 16 94 -5.7501 10 96.001 -5.7501 10 94 -5.9809 8.0039
3 16 94 -5.9809 8.0039 96.001 -5.7501 10 96.5369 -5.966 8
3 16 100 -6.7174 6 100 -7.1796 5.2073 98.001 -6.4747 6.5359
3 16 98.001 -6.4747 6.5359 100 -7.1796 5.2073 94 -7.1796 5.2073
3 16 94 -5.9809 8.0039 96.5369 -5.966 8 94 -6.4747 6.5359
3 16 94 -6.4747 6.5359 96.5369 -5.966 8 98.001 -6.4747 6.5359
3 16 94 -20.75 0.9104 94 -14.0421 1.262 106 -20.75 0.9104
3 16 106 -20.75 0.9104 94 -14.0421 1.262 106 -14.0421 1.262
3 16 94 0 -6.25 94 0 17.8137 94 -5.9809 8.0039
3 16 94 0 17.8137 94 -5.7501 10 94 -5.9809 8.0039
3 16 94 0 -6.25 94 -5.9809 8.0039 94 -6.4747 6.5359
3 16 94 0 -6.25 94 -11.6593 1.7241 94 -14.0421 1.262
3 16 94 0 -6.25 94 -14.0421 1.262 94 -20.75 -6.25
3 16 94 -20.75 -6.25 94 -14.0421 1.262 94 -20.75 0.9104
3 16 106 -8.1945 16.0664 106 -7.1796 14.7927 100 -7.1881 14.8056
3 16 94 -9.7955 17.3765 106 -9.7955 17.3765 94 -8.1945 16.0664
3 16 94 -8.1945 16.0664 106 -9.7955 17.3765 106 -8.1945 16.0664
3 16 94 -11.6593 18.2759 106 -11.6593 18.2759 94 -9.7955 17.3765
3 16 94 -9.7955 17.3765 106 -11.6593 18.2759 106 -9.7955 17.3765
3 16 106 -14.0421 18.738 106 -11.6593 18.2759 94 -14.0421 18.738
3 16 94 -14.0421 18.738 106 -11.6593 18.2759 94 -11.6593 18.2759
3 16 106 -6.4747 13.4641 101.9991 -6.4747 13.4641 106 -7.1796 14.7927
3 16 104 0 10 100 0 10 103.4641 0 12
3 16 103.4641 0 12 100 0 10 102 0 13.4641
3 16 102 0 13.4641 100 0 10 100 0 14
3 16 104 0 10 103.4641 0 12 103.999 -5.7501 10
3 16 103.999 -5.7501 10 103.4641 0 12 103.4632 -5.966 12
3 16 103.4641 0 12 102 0 13.4641 103.4632 -5.966 12
3 16 103.4632 -5.966 12 102 0 13.4641 101.9991 -6.4747 13.4641
3 16 102 0 13.4641 100 0 14 101.9991 -6.4747 13.4641
3 16 101.9991 -6.4747 13.4641 100 0 14 100 -6.7174 14
3 16 106 -5.7501 10 103.999 -5.7501 10 106 -5.9809 11.9962
3 16 106 -5.9809 11.9962 103.999 -5.7501 10 103.4632 -5.966 12
3 16 106 -7.1796 14.7927 101.9991 -6.4747 13.4641 100 -7.1881 14.8056
3 16 100 -7.1881 14.8056 101.9991 -6.4747 13.4641 100 -6.7174 14
3 16 106 -5.9809 11.9962 103.4632 -5.966 12 106 -6.4747 13.4641
3 16 106 -6.4747 13.4641 103.4632 -5.966 12 101.9991 -6.4747 13.4641
3 16 106 -20.75 19.0896 106 -14.0421 18.738 94 -20.75 19.0896
3 16 94 -20.75 19.0896 106 -14.0421 18.738 94 -14.0421 18.738
3 16 106 0 20 106 -5.7501 10 106 -5.9809 11.9962
3 16 106 0 20 106 -5.9809 11.9962 106 -6.4747 13.4641
3 16 106 -7.1796 14.7927 106 -8.1945 16.0664 106 0 20
3 16 106 -7.1796 25.2073 106 0 20 106 -8.1945 23.9336
3 16 106 0 20 106 -8.1945 16.0664 106 -8.1945 23.9336
3 16 106 0 20 106 -6.4747 13.4641 106 -7.1796 14.7927
3 16 106 -9.7955 22.6235 106 -9.7955 17.3765 106 -11.6593 21.7241
3 16 106 -11.6593 21.7241 106 -9.7955 17.3765 106 -11.6593 18.2759
3 16 106 -11.6593 21.7241 106 -11.6593 18.2759 106 -14.0421 21.262
3 16 106 -14.0421 21.262 106 -11.6593 18.2759 106 -14.0421 18.738
3 16 106 -14.0421 21.262 106 -14.0421 18.738 106 -20.75 20.9104
3 16 106 -20.75 20.9104 106 -14.0421 18.738 106 -20.75 19.0896
3 16 104 0 10 103.4641 0 8 100 0 10
3 16 103.4641 0 8 102 0 6.5359 100 0 10
3 16 102 0 6.5359 100 0 6 100 0 10
3 16 103.4632 -5.966 8 103.4641 0 8 103.999 -5.7501 10
3 16 103.999 -5.7501 10 103.4641 0 8 104 0 10
3 16 101.9991 -6.4747 6.5359 102 0 6.5359 103.4632 -5.966 8
3 16 103.4632 -5.966 8 102 0 6.5359 103.4641 0 8
3 16 100 -6.7174 6 100 0 6 101.9991 -6.4747 6.5359
3 16 101.9991 -6.4747 6.5359 100 0 6 102 0 6.5359
3 16 106 -5.7501 10 106 -5.9809 8.0039 103.999 -5.7501 10
3 16 103.999 -5.7501 10 106 -5.9809 8.0039 103.4632 -5.966 8
3 16 106 -5.9809 8.0039 106 -6.4747 6.5359 103.4632 -5.966 8
3 16 103.4632 -5.966 8 106 -6.4747 6.5359 101.9991 -6.4747 6.5359
3 16 106 0 -6.25 106 -5.9809 8.0039 106 0 20
3 16 106 -5.9809 8.0039 106 -5.7501 10 106 0 20
3 16 106 0 -6.25 106 -6.4747 6.5359 106 -5.9809 8.0039
3 16 106 -8.1945 3.9336 106 0 -6.25 106 -9.7955 2.6235
3 16 106 -9.7955 2.6235 106 0 -6.25 106 -11.6593 1.7241
3 16 106 -11.6593 1.7241 106 0 -6.25 106 -14.0421 1.262
3 16 106 0 -6.25 106 -20.75 -6.25 106 -14.0421 1.262
3 16 106 -14.0421 1.262 106 -20.75 -6.25 106 -20.75 0.9104
3 16 94 0 -6.25 94 -20.75 -6.25 106 0 -6.25
3 16 106 0 -6.25 94 -20.75 -6.25 106 -20.75 -6.25
3 16 109.8 -24 40 90.2 -24 20 109.8 -24 -9.8
3 16 109.8 -24 -9.8 90.2 -24 20 90.2 -24 10
3 16 90.2 -24 10 90.2 -24 -9.8 109.8 -24 -9.8
3 16 109.8 0 -9.8 106 0 -6.25 109.8 0 20
3 16 109.8 0 20 106 0 -6.25 106 0 20
3 16 106 -8.1945 23.9336 106 -8.1945 16.0664 106 -9.7955 22.6235
3 16 106 -9.7955 22.6235 106 -8.1945 16.0664 106 -9.7955 17.3765
3 16 94 -9.7955 22.6235 94 -9.7955 17.3765 94 -8.1945 23.9336
3 16 94 -8.1945 23.9336 94 -9.7955 17.3765 94 -8.1945 16.0664
3 16 94 0 -6.25 90.2 0 -9.8 90.2 0 2.1863
3 16 92.1491 0 17.8137 94 0 17.8137 92.1491 0 2.1863
3 16 92.1491 0 2.1863 94 0 17.8137 94 0 -6.25
3 16 90.2 -24 -9.8 90.2 0 -9.8 109.8 -24 -9.8
3 16 109.8 -24 -9.8 90.2 0 -9.8 109.8 0 -9.8
3 16 90.2 -14.5671 2.3128 92.1491 -14.5671 2.3128 90.2 0 2.1863
3 16 90.2 0 2.1863 92.1491 -14.5671 2.3128 92.1491 0 2.1863
3 16 94 0 -6.25 94 -9.7955 2.6235 94 -11.6593 1.7241
3 16 94 -20.75 0.9104 106 -20.75 0.9104 94 -20.75 -6.25
3 16 94 -20.75 -6.25 106 -20.75 0.9104 106 -20.75 -6.25
3 16 106 -7.1796 5.2073 106 0 -6.25 106 -8.1945 3.9336
3 16 94 0 -6.25 94 -8.1945 3.9336 94 -9.7955 2.6235
3 16 90.2 0 2.1863 92.1491 0 2.1863 94 0 -6.25
3 16 94 0 22.1863 94 0 17.8137 92.1491 0 22.1863
3 16 92.1491 0 22.1863 94 0 17.8137 92.1491 0 17.8137
3 16 94 -6.4747 6.5359 94 -7.1796 5.2073 94 0 -6.25
3 16 106 0 -6.25 106 -7.1796 5.2073 106 -6.4747 6.5359
3 16 109.8 0 -9.8 90.2 0 -9.8 106 0 -6.25
3 16 106 0 -6.25 90.2 0 -9.8 94 0 -6.25
3 16 90.2 -24 -9.8 90.2 -21.1672 6.1507 90.2 -18.3493 3.3328
3 16 90.2 -24 10 90.2 -22.1986 10 90.2 -24 -9.8
3 16 90.2 -22.1986 10 90.2 -21.1672 6.1507 90.2 -24 -9.8
3 16 90.2 -24 20 90.2 -21.1672 13.8493 90.2 -24 10
3 16 90.2 -24 10 90.2 -21.1672 13.8493 90.2 -22.1986 10
3 16 90.2 -18.3493 3.3328 90.2 -14.5671 2.3128 90.2 -24 -9.8
3 16 90.2 0 17.747 90.2 0 22.2496 92.1491 0 17.8137
3 16 92.1491 0 17.8137 90.2 0 22.2496 92.1491 0 22.1863
3 16 92.1491 -14.5671 17.6803 92.1491 0 17.8137 92.1491 -14.5 16.25
3 16 92.1491 0 17.8137 92.1491 -11.375 15.4127 92.1491 -14.5 16.25
3 16 90.2 -14.5671 17.6803 90.2 0 17.747 92.1491 -14.5671 17.6803
3 16 92.1491 -14.5671 17.6803 90.2 0 17.747 92.1491 0 17.8137
3 16 90.2 0 2.1863 90.2 0 -9.8 90.2 -14.5671 2.3128
3 16 90.2 -14.5671 2.3128 90.2 0 -9.8 90.2 -24 -9.8
3 16 90.2 -24 20 90.2 -18.3493 16.6672 90.2 -21.1672 13.8493
3 16 92.1491 -11.375 4.5874 92.1491 -9.0873 6.875 92.1491 0 2.1863
3 16 94 -8.1945 3.9336 94 0 -6.25 94 -7.1796 5.2073
3 16 94 -8.1945 23.9336 94 -8.1945 16.0664 94 0 22.1863
3 16 94 0 22.1863 94 -8.1945 16.0664 94 0 17.8137
3 16 90.4619 -24 67.6443 90.5418 0 67.6544 90.2566 -24 66.9698
3 16 90.2566 -24 66.9698 90.5418 0 67.6544 90.2873 0 66.9487
3 16 90.0333 -24 69.9659 90.0877 0 70.0177 90.4333 -24 69.3232
3 16 90.4333 -24 69.3232 90.0877 0 70.0177 90.5217 0 69.3493
3 16 87.7678 -24 70.5178 87.7477 0 70.5902 88.5747 -24 70.5466
3 16 88.5747 -24 70.5466 87.7477 0 70.5902 88.5848 0 70.6071
3 16 86.366 -24 70.2 86.25 0 70.2 87.069 -24 70.2769
3 16 87.069 -24 70.2769 86.25 0 70.2 87.0216 0 70.3079
3 16 90.2873 0 66.9487 90.2 0 66.2036 90.2566 -24 66.9698
3 16 90.2566 -24 66.9698 90.2 0 66.2036 90.2 -24 66.3661
3 16 90.4333 -24 69.3232 90.5217 0 69.3493 90.5391 -24 68.4797
3 16 90.5391 -24 68.4797 90.5217 0 69.3493 90.6083 0 68.4925
3 16 89.4281 0 70.4882 90.0877 0 70.0177 89.4117 -24 70.398
3 16 89.4117 -24 70.398 90.0877 0 70.0177 90.0333 -24 69.9659
3 16 87.0216 0 70.3079 87.7477 0 70.5902 87.069 -24 70.2769
3 16 87.069 -24 70.2769 87.7477 0 70.5902 87.7678 -24 70.5178
3 16 90.6083 0 68.4925 90.5418 0 67.6544 90.5391 -24 68.4797
3 16 90.5391 -24 68.4797 90.5418 0 67.6544 90.4619 -24 67.6443
3 16 88.5848 0 70.6071 89.4281 0 70.4882 88.5747 -24 70.5466
3 16 88.5747 -24 70.5466 89.4281 0 70.4882 89.4117 -24 70.398
3 16 56.7117 -18.375 72.15 56.7117 -18.375 70.2 53.875 -21.2117 72.15
3 16 53.875 -21.2117 72.15 56.7117 -18.375 70.2 53.875 -21.2117 70.2
3 16 53.875 -21.2117 72.15 53.875 -21.2117 70.2 50 -22.25 72.15
3 16 50 -22.25 72.15 53.875 -21.2117 70.2 50 -22.25 70.2
3 16 50 -6.75 72.15 50 -6.75 70.2 53.875 -7.7883 72.15
3 16 53.875 -7.7883 72.15 50 -6.75 70.2 53.875 -7.7883 70.2
3 16 53.875 -7.7883 72.15 53.875 -7.7883 70.2 56.7117 -10.625 72.15
3 16 56.7117 -10.625 72.15 53.875 -7.7883 70.2 56.7117 -10.625 70.2
3 16 56.7117 -10.625 72.15 56.7117 -10.625 70.2 57.75 -14.5 72.15
3 16 57.75 -14.5 72.15 56.7117 -10.625 70.2 57.75 -14.5 70.2
3 16 57.75 -14.5 72.15 57.75 -14.5 70.2 56.7117 -18.375 72.15
3 16 56.7117 -18.375 72.15 57.75 -14.5 70.2 56.7117 -18.375 70.2
3 16 55.4127 -11.375 72.15 56.7117 -10.625 72.15 56.25 -14.5 72.15
3 16 56.25 -14.5 72.15 56.7117 -10.625 72.15 57.75 -14.5 72.15
3 16 53.125 -9.0873 72.15 53.875 -7.7883 72.15 55.4127 -11.375 72.15
3 16 55.4127 -11.375 72.15 53.875 -7.7883 72.15 56.7117 -10.625 72.15
3 16 50 -8.25 72.15 50 -6.75 72.15 53.125 -9.0873 72.15
3 16 53.125 -9.0873 72.15 50 -6.75 72.15 53.875 -7.7883 72.15
3 16 53.125 -19.9127 72.15 53.875 -21.2117 72.15 50 -20.75 72.15
3 16 50 -20.75 72.15 53.875 -21.2117 72.15 50 -22.25 72.15
3 16 55.4127 -17.625 72.15 56.7117 -18.375 72.15 53.125 -19.9127 72.15
3 16 53.125 -19.9127 72.15 56.7117 -18.375 72.15 53.875 -21.2117 72.15
3 16 56.25 -14.5 72.15 57.75 -14.5 72.15 55.4127 -17.625 72.15
3 16 55.4127 -17.625 72.15 57.75 -14.5 72.15 56.7117 -18.375 72.15
3 16 76.7117 -18.375 72.15 76.7117 -18.375 70.2 73.875 -21.2117 72.15
3 16 73.875 -21.2117 72.15 76.7117 -18.375 70.2 73.875 -21.2117 70.2
3 16 73.875 -21.2117 72.15 73.875 -21.2117 70.2 70 -22.25 72.15
3 16 70 -22.25 72.15 73.875 -21.2117 70.2 70 -22.25 70.2
3 16 70 -22.25 72.15 70 -22.25 70.2 66.125 -21.2117 72.15
3 16 66.125 -21.2117 72.15 70 -22.25 70.2 66.125 -21.2117 70.2
3 16 66.125 -21.2117 72.15 66.125 -21.2117 70.2 63.2883 -18.375 72.15
3 16 63.2883 -18.375 72.15 66.125 -21.2117 70.2 63.2883 -18.375 70.2
3 16 63.2883 -18.375 72.15 63.2883 -18.375 70.2 62.25 -14.5 72.15
3 16 62.25 -14.5 72.15 63.2883 -18.375 70.2 62.25 -14.5 70.2
3 16 62.25 -14.5 72.15 62.25 -14.5 70.2 63.2883 -10.625 72.15
3 16 63.2883 -10.625 72.15 62.25 -14.5 70.2 63.2883 -10.625 70.2
3 16 63.2883 -10.625 72.15 63.2883 -10.625 70.2 66.125 -7.7883 72.15
3 16 66.125 -7.7883 72.15 63.2883 -10.625 70.2 66.125 -7.7883 70.2
3 16 66.125 -7.7883 72.15 66.125 -7.7883 70.2 70 -6.75 72.15
3 16 70 -6.75 72.15 66.125 -7.7883 70.2 70 -6.75 70.2
3 16 70 -6.75 72.15 70 -6.75 70.2 73.875 -7.7883 72.15
3 16 73.875 -7.7883 72.15 70 -6.75 70.2 73.875 -7.7883 70.2
3 16 73.875 -7.7883 72.15 73.875 -7.7883 70.2 76.7117 -10.625 72.15
3 16 76.7117 -10.625 72.15 73.875 -7.7883 70.2 76.7117 -10.625 70.2
3 16 76.7117 -10.625 72.15 76.7117 -10.625 70.2 77.75 -14.5 72.15
3 16 77.75 -14.5 72.15 76.7117 -10.625 70.2 77.75 -14.5 70.2
3 16 77.75 -14.5 72.15 77.75 -14.5 70.2 76.7117 -18.375 72.15
3 16 76.7117 -18.375 72.15 77.75 -14.5 70.2 76.7117 -18.375 70.2
3 16 75.4127 -11.375 72.15 76.7117 -10.625 72.15 76.25 -14.5 72.15
3 16 76.25 -14.5 72.15 76.7117 -10.625 72.15 77.75 -14.5 72.15
3 16 73.125 -9.0873 72.15 73.875 -7.7883 72.15 75.4127 -11.375 72.15
3 16 75.4127 -11.375 72.15 73.875 -7.7883 72.15 76.7117 -10.625 72.15
3 16 70 -8.25 72.15 70 -6.75 72.15 73.125 -9.0873 72.15
3 16 73.125 -9.0873 72.15 70 -6.75 72.15 73.875 -7.7883 72.15
3 16 66.875 -9.0873 72.15 66.125 -7.7883 72.15 70 -8.25 72.15
3 16 70 -8.25 72.15 66.125 -7.7883 72.15 70 -6.75 72.15
3 16 64.5873 -11.375 72.15 63.2883 -10.625 72.15 66.875 -9.0873 72.15
3 16 66.875 -9.0873 72.15 63.2883 -10.625 72.15 66.125 -7.7883 72.15
3 16 63.75 -14.5 72.15 62.25 -14.5 72.15 64.5873 -11.375 72.15
3 16 64.5873 -11.375 72.15 62.25 -14.5 72.15 63.2883 -10.625 72.15
3 16 64.5873 -17.625 72.15 63.2883 -18.375 72.15 63.75 -14.5 72.15
3 16 63.75 -14.5 72.15 63.2883 -18.375 72.15 62.25 -14.5 72.15
3 16 66.875 -19.9127 72.15 66.125 -21.2117 72.15 64.5873 -17.625 72.15
3 16 64.5873 -17.625 72.15 66.125 -21.2117 72.15 63.2883 -18.375 72.15
3 16 70 -20.75 72.15 70 -22.25 72.15 66.875 -19.9127 72.15
3 16 66.875 -19.9127 72.15 70 -22.25 72.15 66.125 -21.2117 72.15
3 16 73.125 -19.9127 72.15 73.875 -21.2117 72.15 70 -20.75 72.15
3 16 70 -20.75 72.15 73.875 -21.2117 72.15 70 -22.25 72.15
3 16 75.4127 -17.625 72.15 76.7117 -18.375 72.15 73.125 -19.9127 72.15
3 16 73.125 -19.9127 72.15 76.7117 -18.375 72.15 73.875 -21.2117 72.15
3 16 76.25 -14.5 72.15 77.75 -14.5 72.15 75.4127 -17.625 72.15
3 16 75.4127 -17.625 72.15 77.75 -14.5 72.15 76.7117 -18.375 72.15
3 16 56.7117 -18.375 70.2 65 -24 70.2 53.875 -21.2117 70.2
3 16 50 -22.25 70.2 53.875 -21.2117 70.2 50 -24 70.2
3 16 50 -24 70.2 53.875 -21.2117 70.2 65 -24 70.2
3 16 70 0 70.2 53.875 -7.7883 70.2 50 0 70.2
3 16 50 0 70.2 53.875 -7.7883 70.2 50 -6.75 70.2
3 16 53.875 -7.7883 70.2 70 0 70.2 66.125 -7.7883 70.2
3 16 57.75 -14.5 70.2 56.7117 -10.625 70.2 62.25 -14.5 70.2
3 16 62.25 -14.5 70.2 56.7117 -10.625 70.2 63.2883 -10.625 70.2
3 16 56.7117 -18.375 70.2 57.75 -14.5 70.2 63.2883 -18.375 70.2
3 16 63.2883 -18.375 70.2 57.75 -14.5 70.2 62.25 -14.5 70.2
3 16 86.366 -24 70.2 73.875 -21.2117 70.2 76.7117 -18.375 70.2
3 16 65 -24 70.2 70 -22.25 70.2 86.366 -24 70.2
3 16 86.366 -24 70.2 70 -22.25 70.2 73.875 -21.2117 70.2
3 16 65 -24 70.2 66.125 -21.2117 70.2 70 -22.25 70.2
3 16 66.125 -21.2117 70.2 65 -24 70.2 63.2883 -18.375 70.2
3 16 70 0 70.2 70 -6.75 70.2 66.125 -7.7883 70.2
3 16 86.25 0 70.2 73.875 -7.7883 70.2 70 0 70.2
3 16 70 0 70.2 73.875 -7.7883 70.2 70 -6.75 70.2
3 16 66.125 -7.7883 70.2 63.2883 -10.625 70.2 53.875 -7.7883 70.2
3 16 53.875 -7.7883 70.2 63.2883 -10.625 70.2 56.7117 -10.625 70.2
3 16 65 -24 70.2 56.7117 -18.375 70.2 63.2883 -18.375 70.2
3 16 76.7117 -10.625 70.2 73.875 -7.7883 70.2 86.25 0 70.2
3 16 86.25 0 70.2 86.366 -24 70.2 77.75 -14.5 70.2
3 16 77.75 -14.5 70.2 86.366 -24 70.2 76.7117 -18.375 70.2
3 16 86.25 0 70.2 77.75 -14.5 70.2 76.7117 -10.625 70.2
3 16 56.7117 -18.375 87.75 56.7117 -18.375 89.8 57.75 -14.5 87.75
3 16 57.75 -14.5 87.75 56.7117 -18.375 89.8 57.75 -14.5 89.8
3 16 53.875 -21.2117 87.75 53.875 -21.2117 89.8 56.7117 -18.375 87.75
3 16 56.7117 -18.375 87.75 53.875 -21.2117 89.8 56.7117 -18.375 89.8
3 16 50 -22.25 87.75 50 -22.25 89.8 53.875 -21.2117 87.75
3 16 53.875 -21.2117 87.75 50 -22.25 89.8 53.875 -21.2117 89.8
3 16 53.875 -7.7883 87.75 53.875 -7.7883 89.8 50 -6.75 87.75
3 16 50 -6.75 87.75 53.875 -7.7883 89.8 50 -6.75 89.8
3 16 56.7117 -10.625 87.75 56.7117 -10.625 89.8 53.875 -7.7883 87.75
3 16 53.875 -7.7883 87.75 56.7117 -10.625 89.8 53.875 -7.7883 89.8
3 16 57.75 -14.5 87.75 57.75 -14.5 89.8 56.7117 -10.625 87.75
3 16 56.7117 -10.625 87.75 57.75 -14.5 89.8 56.7117 -10.625 89.8
3 16 56.25 -14.5 72.15 55.4127 -17.625 72.15 56.25 -14.5 87.75
3 16 56.25 -14.5 87.75 55.4127 -17.625 72.15 55.4127 -17.625 87.75
3 16 55.4127 -17.625 72.15 53.125 -19.9127 72.15 55.4127 -17.625 87.75
3 16 55.4127 -17.625 87.75 53.125 -19.9127 72.15 53.125 -19.9127 87.75
3 16 53.125 -19.9127 72.15 50 -20.75 72.15 53.125 -19.9127 87.75
3 16 53.125 -19.9127 87.75 50 -20.75 72.15 50 -20.75 87.75
3 16 50 -8.25 72.15 53.125 -9.0873 72.15 50 -8.25 87.75
3 16 50 -8.25 87.75 53.125 -9.0873 72.15 53.125 -9.0873 87.75
3 16 53.125 -9.0873 72.15 55.4127 -11.375 72.15 53.125 -9.0873 87.75
3 16 53.125 -9.0873 87.75 55.4127 -11.375 72.15 55.4127 -11.375 87.75
3 16 55.4127 -11.375 72.15 56.25 -14.5 72.15 55.4127 -11.375 87.75
3 16 55.4127 -11.375 87.75 56.25 -14.5 72.15 56.25 -14.5 87.75
3 16 55.4127 -11.375 87.75 56.25 -14.5 87.75 56.7117 -10.625 87.75
3 16 56.7117 -10.625 87.75 56.25 -14.5 87.75 57.75 -14.5 87.75
3 16 53.125 -9.0873 87.75 55.4127 -11.375 87.75 53.875 -7.7883 87.75
3 16 53.875 -7.7883 87.75 55.4127 -11.375 87.75 56.7117 -10.625 87.75
3 16 50 -8.25 87.75 53.125 -9.0873 87.75 50 -6.75 87.75
3 16 50 -6.75 87.75 53.125 -9.0873 87.75 53.875 -7.7883 87.75
3 16 53.125 -19.9127 87.75 50 -20.75 87.75 53.875 -21.2117 87.75
3 16 53.875 -21.2117 87.75 50 -20.75 87.75 50 -22.25 87.75
3 16 55.4127 -17.625 87.75 53.125 -19.9127 87.75 56.7117 -18.375 87.75
3 16 56.7117 -18.375 87.75 53.125 -19.9127 87.75 53.875 -21.2117 87.75
3 16 56.25 -14.5 87.75 55.4127 -17.625 87.75 57.75 -14.5 87.75
3 16 57.75 -14.5 87.75 55.4127 -17.625 87.75 56.7117 -18.375 87.75
3 16 76.7117 -18.375 87.75 76.7117 -18.375 89.8 77.75 -14.5 87.75
3 16 77.75 -14.5 87.75 76.7117 -18.375 89.8 77.75 -14.5 89.8
3 16 73.875 -21.2117 87.75 73.875 -21.2117 89.8 76.7117 -18.375 87.75
3 16 76.7117 -18.375 87.75 73.875 -21.2117 89.8 76.7117 -18.375 89.8
3 16 70 -22.25 87.75 70 -22.25 89.8 73.875 -21.2117 87.75
3 16 73.875 -21.2117 87.75 70 -22.25 89.8 73.875 -21.2117 89.8
3 16 66.125 -21.2117 87.75 66.125 -21.2117 89.8 70 -22.25 87.75
3 16 70 -22.25 87.75 66.125 -21.2117 89.8 70 -22.25 89.8
3 16 63.2883 -18.375 87.75 63.2883 -18.375 89.8 66.125 -21.2117 87.75
3 16 66.125 -21.2117 87.75 63.2883 -18.375 89.8 66.125 -21.2117 89.8
3 16 62.25 -14.5 87.75 62.25 -14.5 89.8 63.2883 -18.375 87.75
3 16 63.2883 -18.375 87.75 62.25 -14.5 89.8 63.2883 -18.375 89.8
3 16 63.2883 -10.625 87.75 63.2883 -10.625 89.8 62.25 -14.5 87.75
3 16 62.25 -14.5 87.75 63.2883 -10.625 89.8 62.25 -14.5 89.8
3 16 66.125 -7.7883 87.75 66.125 -7.7883 89.8 63.2883 -10.625 87.75
3 16 63.2883 -10.625 87.75 66.125 -7.7883 89.8 63.2883 -10.625 89.8
3 16 70 -6.75 87.75 70 -6.75 89.8 66.125 -7.7883 87.75
3 16 66.125 -7.7883 87.75 70 -6.75 89.8 66.125 -7.7883 89.8
3 16 73.875 -7.7883 87.75 73.875 -7.7883 89.8 70 -6.75 87.75
3 16 70 -6.75 87.75 73.875 -7.7883 89.8 70 -6.75 89.8
3 16 76.7117 -10.625 87.75 76.7117 -10.625 89.8 73.875 -7.7883 87.75
3 16 73.875 -7.7883 87.75 76.7117 -10.625 89.8 73.875 -7.7883 89.8
3 16 77.75 -14.5 87.75 77.75 -14.5 89.8 76.7117 -10.625 87.75
3 16 76.7117 -10.625 87.75 77.75 -14.5 89.8 76.7117 -10.625 89.8
3 16 76.25 -14.5 72.15 75.4127 -17.625 72.15 76.25 -14.5 87.75
3 16 76.25 -14.5 87.75 75.4127 -17.625 72.15 75.4127 -17.625 87.75
3 16 75.4127 -17.625 72.15 73.125 -19.9127 72.15 75.4127 -17.625 87.75
3 16 75.4127 -17.625 87.75 73.125 -19.9127 72.15 73.125 -19.9127 87.75
3 16 73.125 -19.9127 72.15 70 -20.75 72.15 73.125 -19.9127 87.75
3 16 73.125 -19.9127 87.75 70 -20.75 72.15 70 -20.75 87.75
3 16 70 -20.75 72.15 66.875 -19.9127 72.15 70 -20.75 87.75
3 16 70 -20.75 87.75 66.875 -19.9127 72.15 66.875 -19.9127 87.75
3 16 66.875 -19.9127 72.15 64.5873 -17.625 72.15 66.875 -19.9127 87.75
3 16 66.875 -19.9127 87.75 64.5873 -17.625 72.15 64.5873 -17.625 87.75
3 16 64.5873 -17.625 72.15 63.75 -14.5 72.15 64.5873 -17.625 87.75
3 16 64.5873 -17.625 87.75 63.75 -14.5 72.15 63.75 -14.5 87.75
3 16 63.75 -14.5 72.15 64.5873 -11.375 72.15 63.75 -14.5 87.75
3 16 63.75 -14.5 87.75 64.5873 -11.375 72.15 64.5873 -11.375 87.75
3 16 64.5873 -11.375 72.15 66.875 -9.0873 72.15 64.5873 -11.375 87.75
3 16 64.5873 -11.375 87.75 66.875 -9.0873 72.15 66.875 -9.0873 87.75
3 16 66.875 -9.0873 72.15 70 -8.25 72.15 66.875 -9.0873 87.75
3 16 66.875 -9.0873 87.75 70 -8.25 72.15 70 -8.25 87.75
3 16 70 -8.25 72.15 73.125 -9.0873 72.15 70 -8.25 87.75
3 16 70 -8.25 87.75 73.125 -9.0873 72.15 73.125 -9.0873 87.75
3 16 73.125 -9.0873 72.15 75.4127 -11.375 72.15 73.125 -9.0873 87.75
3 16 73.125 -9.0873 87.75 75.4127 -11.375 72.15 75.4127 -11.375 87.75
3 16 75.4127 -11.375 72.15 76.25 -14.5 72.15 75.4127 -11.375 87.75
3 16 75.4127 -11.375 87.75 76.25 -14.5 72.15 76.25 -14.5 87.75
3 16 75.4127 -11.375 87.75 76.25 -14.5 87.75 76.7117 -10.625 87.75
3 16 76.7117 -10.625 87.75 76.25 -14.5 87.75 77.75 -14.5 87.75
3 16 73.125 -9.0873 87.75 75.4127 -11.375 87.75 73.875 -7.7883 87.75
3 16 73.875 -7.7883 87.75 75.4127 -11.375 87.75 76.7117 -10.625 87.75
3 16 70 -8.25 87.75 73.125 -9.0873 87.75 70 -6.75 87.75
3 16 70 -6.75 87.75 73.125 -9.0873 87.75 73.875 -7.7883 87.75
3 16 66.875 -9.0873 87.75 70 -8.25 87.75 66.125 -7.7883 87.75
3 16 66.125 -7.7883 87.75 70 -8.25 87.75 70 -6.75 87.75
3 16 64.5873 -11.375 87.75 66.875 -9.0873 87.75 63.2883 -10.625 87.75
3 16 63.2883 -10.625 87.75 66.875 -9.0873 87.75 66.125 -7.7883 87.75
3 16 63.75 -14.5 87.75 64.5873 -11.375 87.75 62.25 -14.5 87.75
3 16 62.25 -14.5 87.75 64.5873 -11.375 87.75 63.2883 -10.625 87.75
3 16 64.5873 -17.625 87.75 63.75 -14.5 87.75 63.2883 -18.375 87.75
3 16 63.2883 -18.375 87.75 63.75 -14.5 87.75 62.25 -14.5 87.75
3 16 66.875 -19.9127 87.75 64.5873 -17.625 87.75 66.125 -21.2117 87.75
3 16 66.125 -21.2117 87.75 64.5873 -17.625 87.75 63.2883 -18.375 87.75
3 16 70 -20.75 87.75 66.875 -19.9127 87.75 70 -22.25 87.75
3 16 70 -22.25 87.75 66.875 -19.9127 87.75 66.125 -21.2117 87.75
3 16 73.125 -19.9127 87.75 70 -20.75 87.75 73.875 -21.2117 87.75
3 16 73.875 -21.2117 87.75 70 -20.75 87.75 70 -22.25 87.75
3 16 75.4127 -17.625 87.75 73.125 -19.9127 87.75 76.7117 -18.375 87.75
3 16 76.7117 -18.375 87.75 73.125 -19.9127 87.75 73.875 -21.2117 87.75
3 16 76.25 -14.5 87.75 75.4127 -17.625 87.75 77.75 -14.5 87.75
3 16 77.75 -14.5 87.75 75.4127 -17.625 87.75 76.7117 -18.375 87.75
3 16 65 -24 89.8 53.875 -21.2117 89.8 50 -24 89.8
3 16 50 -24 89.8 53.875 -21.2117 89.8 50 -22.25 89.8
3 16 60 0 89.8 50 0 89.8 53.875 -7.7883 89.8
3 16 53.875 -7.7883 89.8 50 0 89.8 50 -6.75 89.8
3 16 65 -24 89.8 89.7663 -23.9528 89.8 70 -22.25 89.8
3 16 89.7663 -23.9528 89.8 73.875 -21.2117 89.8 70 -22.25 89.8
3 16 65 -24 89.8 70 -22.25 89.8 66.125 -21.2117 89.8
3 16 66.125 -21.2117 89.8 63.2883 -18.375 89.8 65 -24 89.8
3 16 63.2883 -18.375 89.8 62.25 -14.5 89.8 56.7117 -18.375 89.8
3 16 56.7117 -18.375 89.8 62.25 -14.5 89.8 57.75 -14.5 89.8
3 16 56.7117 -10.625 89.8 57.75 -14.5 89.8 63.2883 -10.625 89.8
3 16 63.2883 -10.625 89.8 57.75 -14.5 89.8 62.25 -14.5 89.8
3 16 60 0 89.8 66.125 -7.7883 89.8 70 -6.75 89.8
3 16 89.7663 0 89.8 60 0 89.8 73.875 -7.7883 89.8
3 16 60 0 89.8 70 -6.75 89.8 73.875 -7.7883 89.8
3 16 60 0 89.8 56.7117 -10.625 89.8 63.2883 -10.625 89.8
3 16 65 -24 89.8 56.7117 -18.375 89.8 53.875 -21.2117 89.8
3 16 53.875 -7.7883 89.8 56.7117 -10.625 89.8 60 0 89.8
3 16 60 0 89.8 63.2883 -10.625 89.8 66.125 -7.7883 89.8
3 16 89.7663 0 89.8 73.875 -7.7883 89.8 76.7117 -10.625 89.8
3 16 89.7663 -23.9528 89.8 76.7117 -10.625 89.8 77.75 -14.5 89.8
3 16 89.7663 -23.9528 89.8 77.75 -14.5 89.8 76.7117 -18.375 89.8
3 16 89.7663 -23.9528 89.8 76.7117 -18.375 89.8 73.875 -21.2117 89.8
3 16 66.5359 -6.4747 74 65.2073 -7.1796 74 66.5359 -6.4747 78.0019
3 16 70 0 76 68 0 76.5359 70 0 80
3 16 68 0 76.5359 66.5359 0 78 70 0 80
3 16 66.5359 0 78 66 0 80 70 0 80
3 16 68 -5.966 76.5378 68 0 76.5359 70 -5.7501 76.0019
3 16 70 -5.7501 76.0019 68 0 76.5359 70 0 76
3 16 66.5359 -6.4747 78.0019 66.5359 0 78 68 -5.966 76.5378
3 16 68 -5.966 76.5378 66.5359 0 78 68 0 76.5359
3 16 66 -6.7174 80.001 66 0 80 66.5359 -6.4747 78.0019
3 16 66.5359 -6.4747 78.0019 66 0 80 66.5359 0 78
3 16 70 -5.7501 74 68.0039 -5.9809 74 70 -5.7501 76.0019
3 16 70 -5.7501 76.0019 68.0039 -5.9809 74 68 -5.966 76.5378
3 16 68.0039 -5.9809 74 66.5359 -6.4747 74 68 -5.966 76.5378
3 16 68 -5.966 76.5378 66.5359 -6.4747 74 66.5359 -6.4747 78.0019
3 16 50 0 74 68.0039 -5.9809 74 86.25 0 74
3 16 68.0039 -5.9809 74 70 -5.7501 74 86.25 0 74
3 16 50 0 74 66.5359 -6.4747 74 68.0039 -5.9809 74
3 16 66.5359 -6.4747 74 50 0 74 65.2073 -7.1796 74
3 16 65.2073 -7.1796 74 50 0 74 63.9336 -8.1945 74
3 16 50 0 74 54.7927 -7.1796 74 63.9336 -8.1945 74
3 16 56.0664 -8.1945 74 63.9336 -8.1945 74 54.7927 -7.1796 74
3 16 61.7241 -11.6593 74 62.6235 -9.7955 74 58.2759 -11.6593 74
3 16 58.2759 -11.6593 74 62.6235 -9.7955 74 57.3765 -9.7955 74
3 16 61.262 -14.0421 74 61.7241 -11.6593 74 58.738 -14.0421 74
3 16 58.738 -14.0421 74 61.7241 -11.6593 74 58.2759 -11.6593 74
3 16 60.9104 -20.75 74 61.262 -14.0421 74 59.0896 -20.75 74
3 16 59.0896 -20.75 74 61.262 -14.0421 74 58.738 -14.0421 74
3 16 77.3765 -9.7955 74 76.0664 -8.1945 74 77.3765 -9.7955 86
3 16 77.3765 -9.7955 86 76.0664 -8.1945 74 76.0664 -8.1945 86
3 16 78.2759 -11.6593 74 77.3765 -9.7955 74 78.2759 -11.6593 86
3 16 78.2759 -11.6593 86 77.3765 -9.7955 74 77.3765 -9.7955 86
3 16 78.738 -14.0421 74 78.2759 -11.6593 74 78.738 -14.0421 86
3 16 78.738 -14.0421 86 78.2759 -11.6593 74 78.2759 -11.6593 86
3 16 73.4641 -6.4747 74 73.4641 -6.4747 78.0019 74.7927 -7.1796 74
3 16 70 0 76 70 0 80 72 0 76.5359
3 16 72 0 76.5359 70 0 80 73.4641 0 78
3 16 73.4641 0 78 70 0 80 74 0 80
3 16 70 0 76 72 0 76.5359 70 -5.7501 76.0019
3 16 70 -5.7501 76.0019 72 0 76.5359 72 -5.966 76.5378
3 16 72 0 76.5359 73.4641 0 78 72 -5.966 76.5378
3 16 72 -5.966 76.5378 73.4641 0 78 73.4641 -6.4747 78.0019
3 16 73.4641 0 78 74 0 80 73.4641 -6.4747 78.0019
3 16 73.4641 -6.4747 78.0019 74 0 80 74 -6.7174 80.001
3 16 70 -5.7501 74 70 -5.7501 76.0019 71.9962 -5.9809 74
3 16 71.9962 -5.9809 74 70 -5.7501 76.0019 72 -5.966 76.5378
3 16 74.7927 -7.1796 74 73.4641 -6.4747 78.0019 74.7927 -7.1796 80.001
3 16 74.7927 -7.1796 80.001 73.4641 -6.4747 78.0019 74 -6.7174 80.001
3 16 71.9962 -5.9809 74 72 -5.966 76.5378 73.4641 -6.4747 74
3 16 73.4641 -6.4747 74 72 -5.966 76.5378 73.4641 -6.4747 78.0019
3 16 79.0896 -20.75 86 79.0896 -20.75 74 78.738 -14.0421 86
3 16 78.738 -14.0421 86 79.0896 -20.75 74 78.738 -14.0421 74
3 16 86.25 0 74 70 -5.7501 74 71.9962 -5.9809 74
3 16 86.25 0 74 71.9962 -5.9809 74 73.4641 -6.4747 74
3 16 86.25 0 74 74.7927 -7.1796 74 76.0664 -8.1945 74
3 16 73.4641 -6.4747 74 74.7927 -7.1796 74 86.25 0 74
3 16 86.25 0 74 77.3765 -9.7955 74 78.2759 -11.6593 74
3 16 86.25 0 74 78.2759 -11.6593 74 78.738 -14.0421 74
3 16 86.25 0 74 78.738 -14.0421 74 86.25 -20.75 74
3 16 86.25 -20.75 74 78.738 -14.0421 74 79.0896 -20.75 74
3 16 65.2073 -7.1796 79.9937 63.9336 -8.1945 86 65.2073 -7.1796 86
3 16 62.6235 -9.7955 74 62.6235 -9.7955 86 63.9336 -8.1945 74
3 16 63.9336 -8.1945 74 62.6235 -9.7955 86 63.9336 -8.1945 86
3 16 61.7241 -11.6593 74 61.7241 -11.6593 86 62.6235 -9.7955 74
3 16 62.6235 -9.7955 74 61.7241 -11.6593 86 62.6235 -9.7955 86
3 16 61.262 -14.0421 86 61.7241 -11.6593 86 61.262 -14.0421 74
3 16 61.262 -14.0421 74 61.7241 -11.6593 86 61.7241 -11.6593 74
3 16 66.5359 -6.4747 86 66.5359 -6.4747 82 65.2073 -7.1796 86
3 16 70 0 84 70 0 80 68 0 83.4641
3 16 68 0 83.4641 70 0 80 66.5359 0 82
3 16 66.5359 0 82 70 0 80 66 0 80
3 16 70 0 84 68 0 83.4641 70 -5.7501 84
3 16 70 -5.7501 84 68 0 83.4641 68 -5.966 83.4641
3 16 68 0 83.4641 66.5359 0 82 68 -5.966 83.4641
3 16 68 -5.966 83.4641 66.5359 0 82 66.5359 -6.4747 82
3 16 66.5359 0 82 66 0 80 66.5359 -6.4747 82
3 16 66.5359 -6.4747 82 66 0 80 66 -6.7174 80.001
3 16 70 -5.7501 86 70 -5.7501 84 68.0039 -5.9809 86
3 16 68.0039 -5.9809 86 70 -5.7501 84 68 -5.966 83.4641
3 16 66 -6.7174 80.001 65.2073 -7.1796 79.9937 66.5359 -6.4747 82
3 16 66.5359 -6.4747 82 65.2073 -7.1796 79.9937 65.2073 -7.1796 86
3 16 68.0039 -5.9809 86 68 -5.966 83.4641 66.5359 -6.4747 86
3 16 66.5359 -6.4747 86 68 -5.966 83.4641 66.5359 -6.4747 82
3 16 60.9104 -20.75 86 61.262 -14.0421 86 60.9104 -20.75 74
3 16 60.9104 -20.75 74 61.262 -14.0421 86 61.262 -14.0421 74
3 16 50 0 86 70 -5.7501 86 68.0039 -5.9809 86
3 16 50 0 86 68.0039 -5.9809 86 66.5359 -6.4747 86
3 16 50 0 86 66.5359 -6.4747 86 65.2073 -7.1796 86
3 16 74.7927 -7.1796 74 74.7927 -7.1796 80.001 76.0664 -8.1945 74
3 16 76.0664 -8.1945 74 74.7927 -7.1796 80.001 76.0664 -8.1945 86
3 16 73.4641 -6.4747 86 74.7927 -7.1796 86 73.4641 -6.4747 82
3 16 70 0 84 72 0 83.4641 70 0 80
3 16 72 0 83.4641 73.4641 0 82 70 0 80
3 16 73.4641 0 82 74 0 80 70 0 80
3 16 72 -5.966 83.4641 72 0 83.4641 70 -5.7501 84
3 16 70 -5.7501 84 72 0 83.4641 70 0 84
3 16 73.4641 -6.4747 82 73.4641 0 82 72 -5.966 83.4641
3 16 72 -5.966 83.4641 73.4641 0 82 72 0 83.4641
3 16 74 -6.7174 80.001 74 0 80 73.4641 -6.4747 82
3 16 73.4641 -6.4747 82 74 0 80 73.4641 0 82
3 16 70 -5.7501 86 71.9962 -5.9809 86 70 -5.7501 84
3 16 70 -5.7501 84 71.9962 -5.9809 86 72 -5.966 83.4641
3 16 71.9962 -5.9809 86 73.4641 -6.4747 86 72 -5.966 83.4641
3 16 72 -5.966 83.4641 73.4641 -6.4747 86 73.4641 -6.4747 82
3 16 50 0 86 86.25 0 86 70 -5.7501 86
3 16 86.25 0 86 71.9962 -5.9809 86 70 -5.7501 86
3 16 86.25 0 86 73.4641 -6.4747 86 71.9962 -5.9809 86
3 16 86.25 0 86 77.3765 -9.7955 86 76.0664 -8.1945 86
3 16 86.25 0 86 78.2759 -11.6593 86 77.3765 -9.7955 86
3 16 86.25 0 86 78.738 -14.0421 86 78.2759 -11.6593 86
3 16 79.0896 -20.75 86 78.738 -14.0421 86 86.25 -20.75 86
3 16 86.25 -20.75 86 78.738 -14.0421 86 86.25 0 86
3 16 79.0896 -20.75 74 79.0896 -20.75 86 86.25 -20.75 74
3 16 86.25 -20.75 74 79.0896 -20.75 86 86.25 -20.75 86
3 16 58.2759 -11.6593 74 57.3765 -9.7955 74 58.2759 -11.6593 86
3 16 58.2759 -11.6593 86 57.3765 -9.7955 74 57.3765 -9.7955 86
3 16 58.738 -14.0421 74 58.2759 -11.6593 74 58.738 -14.0421 86
3 16 58.738 -14.0421 86 58.2759 -11.6593 74 58.2759 -11.6593 86
3 16 53.4641 -6.4747 74 53.4641 -6.4747 78.0019 54.7927 -7.1796 74
3 16 50 0 76 50 0 80 52 0 76.5359
3 16 52 0 76.5359 50 0 80 53.4641 0 78
3 16 53.4641 0 78 50 0 80 54 0 80
3 16 50 0 76 52 0 76.5359 50 -5.7501 76.0019
3 16 50 -5.7501 76.0019 52 0 76.5359 52 -5.966 76.5378
3 16 52 0 76.5359 53.4641 0 78 52 -5.966 76.5378
3 16 52 -5.966 76.5378 53.4641 0 78 53.4641 -6.4747 78.0019
3 16 53.4641 0 78 54 0 80 53.4641 -6.4747 78.0019
3 16 53.4641 -6.4747 78.0019 54 0 80 54 -6.7174 80.001
3 16 50 -5.7501 74 50 -5.7501 76.0019 51.9962 -5.9809 74
3 16 51.9962 -5.9809 74 50 -5.7501 76.0019 52 -5.966 76.5378
3 16 54.7927 -7.1796 74 53.4641 -6.4747 78.0019 54.7927 -7.1796 79.9937
3 16 54.7927 -7.1796 79.9937 53.4641 -6.4747 78.0019 54 -6.7174 80.001
3 16 51.9962 -5.9809 74 52 -5.966 76.5378 53.4641 -6.4747 74
3 16 53.4641 -6.4747 74 52 -5.966 76.5378 53.4641 -6.4747 78.0019
3 16 59.0896 -20.75 74 58.738 -14.0421 74 59.0896 -20.75 86
3 16 59.0896 -20.75 86 58.738 -14.0421 74 58.738 -14.0421 86
3 16 50 0 74 50 -5.7501 74 51.9962 -5.9809 74
3 16 50 0 74 51.9962 -5.9809 74 53.4641 -6.4747 74
3 16 53.4641 -6.4747 74 54.7927 -7.1796 74 50 0 74
3 16 54.7927 -7.1796 74 54.7927 -7.1796 79.9937 56.0664 -8.1945 74
3 16 56.0664 -8.1945 74 54.7927 -7.1796 79.9937 56.0664 -8.1945 86
3 16 57.3765 -9.7955 74 56.0664 -8.1945 74 57.3765 -9.7955 86
3 16 57.3765 -9.7955 86 56.0664 -8.1945 74 56.0664 -8.1945 86
3 16 53.4641 -6.4747 86 54.7927 -7.1796 86 53.4641 -6.4747 82
3 16 50 0 84 52 0 83.4641 50 0 80
3 16 52 0 83.4641 53.4641 0 82 50 0 80
3 16 53.4641 0 82 54 0 80 50 0 80
3 16 52 -5.966 83.4641 52 0 83.4641 50 -5.7501 84
3 16 50 -5.7501 84 52 0 83.4641 50 0 84
3 16 53.4641 -6.4747 82 53.4641 0 82 52 -5.966 83.4641
3 16 52 -5.966 83.4641 53.4641 0 82 52 0 83.4641
3 16 54 -6.7174 80.001 54 0 80 53.4641 -6.4747 82
3 16 53.4641 -6.4747 82 54 0 80 53.4641 0 82
3 16 50 -5.7501 86 51.9962 -5.9809 86 50 -5.7501 84
3 16 50 -5.7501 84 51.9962 -5.9809 86 52 -5.966 83.4641
3 16 51.9962 -5.9809 86 53.4641 -6.4747 86 52 -5.966 83.4641
3 16 52 -5.966 83.4641 53.4641 -6.4747 86 53.4641 -6.4747 82
3 16 50 0 86 51.9962 -5.9809 86 50 -5.7501 86
3 16 50 0 86 53.4641 -6.4747 86 51.9962 -5.9809 86
3 16 65.2073 -7.1796 86 63.9336 -8.1945 86 50 0 86
3 16 50 0 86 63.9336 -8.1945 86 54.7927 -7.1796 86
3 16 63.9336 -8.1945 86 56.0664 -8.1945 86 54.7927 -7.1796 86
3 16 61.7241 -11.6593 86 58.2759 -11.6593 86 62.6235 -9.7955 86
3 16 62.6235 -9.7955 86 58.2759 -11.6593 86 57.3765 -9.7955 86
3 16 61.262 -14.0421 86 58.738 -14.0421 86 61.7241 -11.6593 86
3 16 61.7241 -11.6593 86 58.738 -14.0421 86 58.2759 -11.6593 86
3 16 60.9104 -20.75 86 59.0896 -20.75 86 61.262 -14.0421 86
3 16 61.262 -14.0421 86 59.0896 -20.75 86 58.738 -14.0421 86
3 16 59.0896 -20.75 74 59.0896 -20.75 86 60.9104 -20.75 74
3 16 60.9104 -20.75 74 59.0896 -20.75 86 60.9104 -20.75 86
3 16 50 -24 89.8 50 -24 70.2 65 -24 89.8
3 16 65 -24 89.8 50 -24 70.2 65 -24 70.2
3 16 65 -24 70.2 86.366 -24 70.2 65 -24 89.8
3 16 65 -24 89.8 86.366 -24 70.2 89.7663 -23.9528 89.8
3 16 50 0 86 50 0 89.8 60 0 89.8
3 16 89.7663 0 89.8 86.25 0 86 60 0 89.8
3 16 60 0 89.8 86.25 0 86 50 0 86
3 16 62.6235 -9.7955 86 57.3765 -9.7955 86 63.9336 -8.1945 86
3 16 63.9336 -8.1945 86 57.3765 -9.7955 86 56.0664 -8.1945 86
3 16 50 0 86 54.7927 -7.1796 86 53.4641 -6.4747 86
3 16 86.25 0 86 76.0664 -8.1945 86 74.7927 -7.1796 86
3 16 86.25 0 86 74.7927 -7.1796 86 73.4641 -6.4747 86
3 16 86.25 0 74 76.0664 -8.1945 74 77.3765 -9.7955 74
3 16 57.3765 -9.7955 74 62.6235 -9.7955 74 56.0664 -8.1945 74
3 16 56.0664 -8.1945 74 62.6235 -9.7955 74 63.9336 -8.1945 74
3 16 70 0 70.2 50 0 70.2 50 0 74
3 16 86.25 0 70.2 70 0 70.2 86.25 0 74
3 16 70 0 70.2 50 0 74 86.25 0 74
3 16 91.436 0 82.9081 89.9767 0 84.3985 94.0325 0 85.5047
3 16 94.0325 0 85.5047 89.9767 0 84.3985 89.7663 0 89.8
3 16 92.3229 -5.25 81.793 92.3783 -1.3748 81.891 95.0087 -5.25 84.4788
3 16 95.0087 -5.25 84.4788 92.3783 -1.3748 81.891 94.9874 -1.3748 84.5001
3 16 101.3895 -20.25 71.9855 101.7805 -5.25 72.3354 102.8304 -2.0163 71.4517
3 16 102.8304 -2.0163 71.4517 101.7805 -5.25 72.3354 101.8785 -1.3748 72.3908
3 16 89.7663 -23.9528 89.8 109.8 -24 70 95.0087 -5.25 84.4788
3 16 95.0087 -5.25 84.4788 109.8 -24 70 104.4663 -5.25 75.0212
3 16 102.8956 0 71.4484 105.5148 0 74.0676 104.3897 0 69.9854
3 16 104.3897 0 69.9854 105.5148 0 74.0676 109.8 0 70
3 16 94.0325 0 85.5047 94.6963 -0.3892 84.8068 91.436 0 82.9081
3 16 91.436 0 82.9081 94.6963 -0.3892 84.8068 92.1018 -0.3892 82.2122
3 16 94.6963 -0.3892 84.8068 94.9874 -1.3748 84.5001 92.1018 -0.3892 82.2122
3 16 92.1018 -0.3892 82.2122 94.9874 -1.3748 84.5001 92.3783 -1.3748 81.891
3 16 102.1903 -0.3959 72.1234 104.7911 -0.3959 74.7242 102.8956 0 71.4484
3 16 102.8956 0 71.4484 104.7911 -0.3959 74.7242 105.5148 0 74.0676
3 16 105.5148 0 74.0676 105.5257 -1.3856 74.0573 109.8 0 70
3 16 109.8 0 70 105.5257 -1.3856 74.0573 109.8 -24 70
3 16 94.9874 -1.3748 84.5001 94.0327 -1.3856 85.5048 95.0087 -5.25 84.4788
3 16 94.0327 -1.3856 85.5048 89.7663 -23.9528 89.8 95.0087 -5.25 84.4788
3 16 94.9874 -1.3748 84.5001 94.6963 -0.3892 84.8068 94.0327 -1.3856 85.5048
3 16 104.4876 -1.3748 74.9999 104.4663 -5.25 75.0212 105.5257 -1.3856 74.0573
3 16 109.8 -24 70 105.5257 -1.3856 74.0573 104.4663 -5.25 75.0212
3 16 94.0325 0 85.5047 89.7663 0 89.8 94.0327 -1.3856 85.5048
3 16 89.7663 0 89.8 89.7663 -23.9528 89.8 94.0327 -1.3856 85.5048
3 16 102.1903 -0.3959 72.1234 102.8304 -2.0163 71.4517 101.8785 -1.3748 72.3908
3 16 91.973 -20.25 81.4021 91.4336 -1.4528 82.8477 92.3229 -5.25 81.793
3 16 92.3229 -5.25 81.793 91.4336 -1.4528 82.8477 92.3783 -1.3748 81.891
3 16 91.973 -20.25 81.4021 92.3229 -5.25 81.793 101.3895 -20.25 71.9855
3 16 101.3895 -20.25 71.9855 92.3229 -5.25 81.793 101.7805 -5.25 72.3354
3 16 94.0327 -1.3856 85.5048 94.6963 -0.3892 84.8068 94.0325 0 85.5047
3 16 105.5257 -1.3856 74.0573 105.5148 0 74.0676 104.7911 -0.3959 74.7242
3 16 105.5257 -1.3856 74.0573 104.7911 -0.3959 74.7242 104.4876 -1.3748 74.9999
3 16 102.8304 -2.0163 71.4517 102.1903 -0.3959 72.1234 102.8956 0 71.4484
3 16 91.4336 -1.4528 82.8477 91.436 0 82.9081 92.1018 -0.3892 82.2122
3 16 91.4336 -1.4528 82.8477 92.1018 -0.3892 82.2122 92.3783 -1.3748 81.891
3 16 92.3229 -5.25 81.793 95.0087 -5.25 84.4788 101.7805 -5.25 72.3354
3 16 101.7805 -5.25 72.3354 95.0087 -5.25 84.4788 104.4663 -5.25 75.0212
3 16 104.5498 0 69.1571 101.6996 -20.25 70.2812 104.5965 0 69.593
3 16 104.5965 0 69.593 101.6996 -20.25 70.2812 101.8058 -20.25 71.2176
3 16 91.293 -20.25 81.7972 90.4247 -20.25 81.7738 89.5695 0 84.611
3 16 89.5695 0 84.611 90.4247 -20.25 81.7738 89.16 0 84.5687
3 16 89.3947 -20.25 74.6167 88.6875 0 73.95 89.3947 -20.25 80.3341
3 16 89.3947 -20.25 80.3341 88.6875 0 73.95 88.6876 0 83.8703
3 16 94.6042 -20.25 69.4072 100.3216 -20.25 69.4072 93.9375 0 68.7
3 16 93.9375 0 68.7 100.3216 -20.25 69.4072 103.8519 0 68.7
3 16 94.5521 -20.25 69.6658 93.9375 0 69.3531 94.227 -20.25 70.4898
3 16 94.227 -20.25 70.4898 93.9375 0 69.3531 93.6843 0 70.6123
3 16 94.5521 -20.25 69.6658 94.6042 -20.25 69.4072 93.9375 0 69.3531
3 16 93.9375 0 69.3531 94.6042 -20.25 69.4072 93.9375 0 68.7
3 16 94.227 -20.25 70.4898 93.6843 0 70.6123 93.6917 -20.25 71.1958
3 16 93.6917 -20.25 71.1958 93.6843 0 70.6123 92.9845 0 71.653
3 16 92.3125 0 72.325 92.4375 -20.25 72.45 92.9845 0 71.653
3 16 92.9845 0 71.653 92.4375 -20.25 72.45 93.6917 -20.25 71.1958
3 16 91.6405 0 72.997 90.5336 0 73.7231 91.1833 -20.25 73.7042
3 16 91.1833 -20.25 73.7042 90.5336 0 73.7231 90.4773 -20.25 74.2396
3 16 90.4773 -20.25 74.2396 90.5336 0 73.7231 89.6533 -20.25 74.5646
3 16 89.6533 -20.25 74.5646 90.5336 0 73.7231 89.3406 0 73.95
3 16 89.6533 -20.25 74.5646 89.3406 0 73.95 89.3947 -20.25 74.6167
3 16 89.3947 -20.25 74.6167 89.3406 0 73.95 88.6875 0 73.95
3 16 89.3947 -20.25 80.3341 88.6876 0 83.8703 89.6433 -20.25 81.1714
3 16 89.6433 -20.25 81.1714 88.6876 0 83.8703 88.7882 0 84.2446
3 16 89.6433 -20.25 81.1714 88.7882 0 84.2446 90.4247 -20.25 81.7738
3 16 90.4247 -20.25 81.7738 88.7882 0 84.2446 89.16 0 84.5687
3 16 91.973 -20.25 81.4021 91.293 -20.25 81.7972 89.9767 0 84.3985
3 16 89.9767 0 84.3985 91.293 -20.25 81.7972 89.5695 0 84.611
3 16 100.3216 -20.25 69.4072 101.1636 -20.25 69.6589 103.8519 0 68.7
3 16 103.8519 0 68.7 101.1636 -20.25 69.6589 104.2902 0 68.8376
3 16 91.436 0 82.9081 91.4336 -1.4528 82.8477 89.9767 0 84.3985
3 16 91.973 -20.25 81.4021 89.9767 0 84.3985 91.4336 -1.4528 82.8477
3 16 102.8956 0 71.4484 104.3897 0 69.9854 102.8304 -2.0163 71.4517
3 16 102.8304 -2.0163 71.4517 104.3897 0 69.9854 101.3895 -20.25 71.9855
3 16 100.3216 -20.25 69.4072 99.626 -20.25 70.1027 101.1636 -20.25 69.6589
3 16 101.1636 -20.25 69.6589 99.626 -20.25 70.1027 101.6996 -20.25 70.2812
3 16 86.25 0 74 86.25 -20.75 74 86.25 0 86
3 16 86.25 0 86 86.25 -20.75 74 86.25 -20.75 86
3 16 88.6875 0 73.95 86.25 0 74 88.6876 0 83.8703
3 16 88.6876 0 83.8703 86.25 0 74 86.25 0 86
3 16 91.1833 -20.25 73.7042 92.4375 -20.25 72.45 91.6405 0 72.997
3 16 91.6405 0 72.997 92.4375 -20.25 72.45 92.3125 0 72.325
3 16 90.5217 0 69.3493 90.0877 0 70.0177 92.9845 0 71.653
3 16 92.9845 0 71.653 90.0877 0 70.0177 92.3125 0 72.325
3 16 89.4281 0 70.4882 91.6405 0 72.997 90.0877 0 70.0177
3 16 90.0877 0 70.0177 91.6405 0 72.997 92.3125 0 72.325
3 16 88.5848 0 70.6071 90.5336 0 73.7231 89.4281 0 70.4882
3 16 89.4281 0 70.4882 90.5336 0 73.7231 91.6405 0 72.997
3 16 88.5848 0 70.6071 87.7477 0 70.5902 90.5336 0 73.7231
3 16 90.6083 0 68.4925 90.5217 0 69.3493 93.6843 0 70.6123
3 16 93.6843 0 70.6123 90.5217 0 69.3493 92.9845 0 71.653
3 16 90.5418 0 67.6544 90.6083 0 68.4925 93.6843 0 70.6123
3 16 90.5336 0 73.7231 87.7477 0 70.5902 89.3406 0 73.95
3 16 89.3406 0 73.95 87.7477 0 70.5902 87.0216 0 70.3079
3 16 89.3406 0 73.95 87.0216 0 70.3079 88.6875 0 73.95
3 16 86.25 0 70.2 86.25 0 74 87.0216 0 70.3079
3 16 87.0216 0 70.3079 86.25 0 74 88.6875 0 73.95
3 16 104.5965 0 69.593 109.8 0 70 104.5498 0 69.1571
3 16 104.2902 0 68.8376 104.5498 0 69.1571 106 0 66.25
3 16 106 0 66.25 104.5498 0 69.1571 109.8 0 70
3 16 93.9375 0 69.3531 93.9375 0 68.7 90.2873 0 66.9487
3 16 90.2873 0 66.9487 93.9375 0 68.7 94 0 66.25
3 16 90.2873 0 66.9487 94 0 66.25 90.2 0 66.2036
3 16 89.16 0 84.5687 89.7663 0 89.8 89.5695 0 84.611
3 16 93.9375 0 68.7 103.8519 0 68.7 94 0 66.25
3 16 94 0 66.25 103.8519 0 68.7 106 0 66.25
3 16 104.2902 0 68.8376 106 0 66.25 103.8519 0 68.7
3 16 89.5695 0 84.611 89.7663 0 89.8 89.9767 0 84.3985
3 16 88.6876 0 83.8703 86.25 0 86 88.7882 0 84.2446
3 16 86.25 0 86 89.7663 0 89.8 88.7882 0 84.2446
3 16 88.7882 0 84.2446 89.7663 0 89.8 89.16 0 84.5687
3 16 90.5391 -24 68.4797 90.4619 -24 67.6443 109.8 -24 70
3 16 89.4117 -24 70.398 90.0333 -24 69.9659 89.7663 -23.9528 89.8
3 16 86.366 -24 70.2 87.069 -24 70.2769 89.7663 -23.9528 89.8
3 16 87.069 -24 70.2769 87.7678 -24 70.5178 89.7663 -23.9528 89.8
3 16 90.2 -24 66.3661 109.8 -24 70 90.2566 -24 66.9698
3 16 90.4619 -24 67.6443 90.2566 -24 66.9698 109.8 -24 70
3 16 90.4333 -24 69.3232 109.8 -24 70 90.0333 -24 69.9659
3 16 90.0333 -24 69.9659 109.8 -24 70 89.7663 -23.9528 89.8
3 16 88.5747 -24 70.5466 89.4117 -24 70.398 89.7663 -23.9528 89.8
3 16 90.4333 -24 69.3232 90.5391 -24 68.4797 109.8 -24 70
3 16 89.7663 -23.9528 89.8 87.7678 -24 70.5178 88.5747 -24 70.5466
3 16 90.2 -24 66.3661 109.8 -24 40 109.8 -24 70
3 16 101.8785 -1.3748 72.3908 104.4876 -1.3748 74.9999 102.1903 -0.3959 72.1234
3 16 102.1903 -0.3959 72.1234 104.4876 -1.3748 74.9999 104.7911 -0.3959 74.7242
3 16 104.4876 -1.3748 74.9999 101.8785 -1.3748 72.3908 104.4663 -5.25 75.0212
3 16 104.4663 -5.25 75.0212 101.8785 -1.3748 72.3908 101.7805 -5.25 72.3354
3 16 94 -7.1796 54.7927 98.001 -6.4747 53.4641 94 -6.4747 53.4641
3 16 101.1636 -20.25 69.6589 101.6996 -20.25 70.2812 104.2902 0 68.8376
3 16 104.2902 0 68.8376 101.6996 -20.25 70.2812 104.5498 0 69.1571
3 16 104.5965 0 69.593 101.8058 -20.25 71.2176 104.3897 0 69.9854
3 16 104.3897 0 69.9854 101.8058 -20.25 71.2176 101.3895 -20.25 71.9855
3 16 109.8 0 70 104.5965 0 69.593 104.3897 0 69.9854
3 16 109.8 0 40 109.8 -7.7883 46.125 109.8 -7.7883 33.875
3 16 109.8 -21.2117 46.125 109.8 -21.2117 33.875 109.8 -18.375 43.2883
3 16 109.8 -18.375 43.2883 109.8 -21.2117 33.875 109.8 -18.375 36.7117
3 16 106 -7.1796 25.2073 100 -7.1796 25.2073 101.9991 -6.4747 26.5359
3 16 101.9991 -6.4747 26.5359 100 -7.1796 25.2073 100 -6.7174 26
3 16 106 -8.1945 23.9336 100 -7.1796 25.2073 106 -7.1796 25.2073
3 16 106 -7.1796 5.2073 100 -7.1796 5.2073 101.9991 -6.4747 6.5359
3 16 101.9991 -6.4747 6.5359 100 -7.1796 5.2073 100 -6.7174 6
3 16 106 -8.1945 3.9336 100 -7.1796 5.2073 106 -7.1796 5.2073
3 16 106 -7.1796 5.2073 101.9991 -6.4747 6.5359 106 -6.4747 6.5359
3 16 90.2 -24 40 90.2 -18.3493 36.6672 90.2 -21.1672 33.8493
3 16 74 -6.7174 80.001 73.4641 -6.4747 82 74.7927 -7.1796 80.001
3 16 74.7927 -7.1796 80.001 73.4641 -6.4747 82 74.7927 -7.1796 86
3 16 76.0664 -8.1945 86 74.7927 -7.1796 80.001 74.7927 -7.1796 86
3 16 54 -6.7174 80.001 53.4641 -6.4747 82 54.7927 -7.1796 79.9937
3 16 54.7927 -7.1796 79.9937 53.4641 -6.4747 82 54.7927 -7.1796 86
3 16 56.0664 -8.1945 86 54.7927 -7.1796 79.9937 54.7927 -7.1796 86
3 16 65.2073 -7.1796 74 65.2073 -7.1796 79.9937 66.5359 -6.4747 78.0019
3 16 66.5359 -6.4747 78.0019 65.2073 -7.1796 79.9937 66 -6.7174 80.001
3 16 63.9336 -8.1945 86 65.2073 -7.1796 79.9937 63.9336 -8.1945 74
3 16 63.9336 -8.1945 74 65.2073 -7.1796 79.9937 65.2073 -7.1796 74
3 16 65 -24 89.8 63.2883 -18.375 89.8 56.7117 -18.375 89.8
3 16 91.6337 -20.25 78.095 90.9656 -20.25 78.7632 91.973 -20.25 81.4021
3 16 91.973 -20.25 81.4021 90.9656 -20.25 78.7632 91.293 -20.25 81.7972
3 16 107.749 -22.25 30 107.749 -21.2117 33.875 109.8 -22.25 30
3 16 109.8 -22.25 30 107.749 -21.2117 33.875 109.8 -21.2117 33.875
3 16 107.749 -21.2117 33.875 107.749 -18.375 36.7117 109.8 -21.2117 33.875
3 16 109.8 -21.2117 33.875 107.749 -18.375 36.7117 109.8 -18.375 36.7117
3 16 107.749 -18.375 36.7117 107.749 -14.5 37.75 109.8 -18.375 36.7117
3 16 109.8 -18.375 36.7117 107.749 -14.5 37.75 109.8 -14.5 37.75
3 16 107.749 -14.5 37.75 107.749 -10.625 36.7117 109.8 -14.5 37.75
3 16 109.8 -14.5 37.75 107.749 -10.625 36.7117 109.8 -10.625 36.7117
3 16 107.749 -10.625 36.7117 107.749 -7.7883 33.875 109.8 -10.625 36.7117
3 16 109.8 -10.625 36.7117 107.749 -7.7883 33.875 109.8 -7.7883 33.875
3 16 107.749 -7.7883 33.875 107.749 -6.75 30 109.8 -7.7883 33.875
3 16 109.8 -7.7883 33.875 107.749 -6.75 30 109.8 -6.75 30
3 16 107.749 -6.75 30 107.749 -7.7883 26.125 109.8 -6.75 30
3 16 109.8 -6.75 30 107.749 -7.7883 26.125 109.8 -7.7883 26.125
3 16 107.749 -7.7883 26.125 107.749 -10.625 23.2883 109.8 -7.7883 26.125
3 16 109.8 -7.7883 26.125 107.749 -10.625 23.2883 109.8 -10.625 23.2883
3 16 107.749 -10.625 23.2883 107.749 -14.5 22.25 109.8 -10.625 23.2883
3 16 109.8 -10.625 23.2883 107.749 -14.5 22.25 109.8 -14.5 22.25
3 16 107.749 -14.5 22.25 107.749 -18.375 23.2883 109.8 -14.5 22.25
3 16 109.8 -14.5 22.25 107.749 -18.375 23.2883 109.8 -18.375 23.2883
3 16 107.749 -18.375 23.2883 107.749 -21.2117 26.125 109.8 -18.375 23.2883
3 16 109.8 -18.375 23.2883 107.749 -21.2117 26.125 109.8 -21.2117 26.125
3 16 107.749 -21.2117 26.125 107.749 -22.25 30 109.8 -21.2117 26.125
3 16 109.8 -21.2117 26.125 107.749 -22.25 30 109.8 -22.25 30
3 16 107.749 -22.25 50 107.749 -21.2117 53.875 109.8 -22.25 50
3 16 109.8 -22.25 50 107.749 -21.2117 53.875 109.8 -21.2117 53.875
3 16 107.749 -21.2117 53.875 107.749 -18.375 56.7117 109.8 -21.2117 53.875
3 16 109.8 -21.2117 53.875 107.749 -18.375 56.7117 109.8 -18.375 56.7117
3 16 107.749 -18.375 56.7117 107.749 -14.5 57.75 109.8 -18.375 56.7117
3 16 109.8 -18.375 56.7117 107.749 -14.5 57.75 109.8 -14.5 57.75
3 16 107.749 -14.5 57.75 107.749 -10.625 56.7117 109.8 -14.5 57.75
3 16 109.8 -14.5 57.75 107.749 -10.625 56.7117 109.8 -10.625 56.7117
3 16 107.749 -10.625 56.7117 107.749 -7.7883 53.875 109.8 -10.625 56.7117
3 16 109.8 -10.625 56.7117 107.749 -7.7883 53.875 109.8 -7.7883 53.875
3 16 107.749 -7.7883 53.875 107.749 -6.75 50 109.8 -7.7883 53.875
3 16 109.8 -7.7883 53.875 107.749 -6.75 50 109.8 -6.75 50
3 16 107.749 -6.75 50 107.749 -7.7883 46.125 109.8 -6.75 50
3 16 109.8 -6.75 50 107.749 -7.7883 46.125 109.8 -7.7883 46.125
3 16 107.749 -7.7883 46.125 107.749 -10.625 43.2883 109.8 -7.7883 46.125
3 16 109.8 -7.7883 46.125 107.749 -10.625 43.2883 109.8 -10.625 43.2883
3 16 107.749 -10.625 43.2883 107.749 -14.5 42.25 109.8 -10.625 43.2883
3 16 109.8 -10.625 43.2883 107.749 -14.5 42.25 109.8 -14.5 42.25
3 16 107.749 -14.5 42.25 107.749 -18.375 43.2883 109.8 -14.5 42.25
3 16 109.8 -14.5 42.25 107.749 -18.375 43.2883 109.8 -18.375 43.2883
3 16 107.749 -18.375 43.2883 107.749 -21.2117 46.125 109.8 -18.375 43.2883
3 16 109.8 -18.375 43.2883 107.749 -21.2117 46.125 109.8 -21.2117 46.125
3 16 107.749 -21.2117 46.125 107.749 -22.25 50 109.8 -21.2117 46.125
3 16 109.8 -21.2117 46.125 107.749 -22.25 50 109.8 -22.25 50
3 16 107.749 -22.25 10 107.749 -21.2117 13.875 109.8 -22.25 10
3 16 109.8 -22.25 10 107.749 -21.2117 13.875 109.8 -21.2117 13.875
3 16 107.749 -21.2117 13.875 107.749 -18.375 16.7117 109.8 -21.2117 13.875
3 16 109.8 -21.2117 13.875 107.749 -18.375 16.7117 109.8 -18.375 16.7117
3 16 107.749 -18.375 16.7117 107.749 -14.5 17.75 109.8 -18.375 16.7117
3 16 109.8 -18.375 16.7117 107.749 -14.5 17.75 109.8 -14.5 17.75
3 16 107.749 -14.5 17.75 107.749 -10.625 16.7117 109.8 -14.5 17.75
3 16 109.8 -14.5 17.75 107.749 -10.625 16.7117 109.8 -10.625 16.7117
3 16 107.749 -10.625 16.7117 107.749 -7.7883 13.875 109.8 -10.625 16.7117
3 16 109.8 -10.625 16.7117 107.749 -7.7883 13.875 109.8 -7.7883 13.875
3 16 107.749 -7.7883 13.875 107.749 -6.75 10 109.8 -7.7883 13.875
3 16 109.8 -7.7883 13.875 107.749 -6.75 10 109.8 -6.75 10
3 16 107.749 -6.75 10 107.749 -7.7883 6.125 109.8 -6.75 10
3 16 109.8 -6.75 10 107.749 -7.7883 6.125 109.8 -7.7883 6.125
3 16 107.749 -7.7883 6.125 107.749 -10.625 3.2883 109.8 -7.7883 6.125
3 16 109.8 -7.7883 6.125 107.749 -10.625 3.2883 109.8 -10.625 3.2883
3 16 107.749 -10.625 3.2883 107.749 -14.5 2.25 109.8 -10.625 3.2883
3 16 109.8 -10.625 3.2883 107.749 -14.5 2.25 109.8 -14.5 2.25
3 16 107.749 -14.5 2.25 107.749 -18.375 3.2883 109.8 -14.5 2.25
3 16 109.8 -14.5 2.25 107.749 -18.375 3.2883 109.8 -18.375 3.2883
3 16 107.749 -18.375 3.2883 107.749 -21.2117 6.125 109.8 -18.375 3.2883
3 16 109.8 -18.375 3.2883 107.749 -21.2117 6.125 109.8 -21.2117 6.125
3 16 107.749 -21.2117 6.125 107.749 -22.25 10 109.8 -21.2117 6.125
3 16 109.8 -21.2117 6.125 107.749 -22.25 10 109.8 -22.25 10
3 16 92.1375 -14.5671 57.6872 90.2 -14.5671 57.6872 92.1491 0 57.8137
3 16 92.1491 0 57.8137 90.2 -14.5671 57.6872 90.2 0 57.8137
3 16 92.1375 -14.5671 57.6872 92.1491 0 57.8137 92.1491 -14.5 56.25
3 16 92.1491 -11.375 55.4127 92.1491 -14.5 56.25 92.1491 0 57.8137
3 16 94 -20.75 59.0896 94 -20.75 66.25 106 -20.75 59.0896
3 16 106 -20.75 59.0896 94 -20.75 66.25 106 -20.75 66.25
3 16 89.7663 0 89.8 76.7117 -10.625 89.8 89.7663 -23.9528 89.8
3 16 94 -20.75 59.0896 94 -14.0421 58.738 94 -20.75 66.25
3 16 94 -20.75 66.25 94 -14.0421 58.738 94 0 66.25
3 16 89.3947 -20.25 80.3341 89.6433 -20.25 81.1714 90.186 -20.25 79.5428
3 16 90.186 -20.25 79.5428 89.6433 -20.25 81.1714 90.4247 -20.25 81.7738
3 16 90.9656 -20.25 78.7632 90.186 -20.25 79.5428 91.293 -20.25 81.7972
3 16 91.293 -20.25 81.7972 90.186 -20.25 79.5428 90.4247 -20.25 81.7738
3 16 98.0825 -20.25 71.6462 101.3895 -20.25 71.9855 98.7998 -20.25 70.9289
3 16 98.7998 -20.25 70.9289 101.3895 -20.25 71.9855 101.8058 -20.25 71.2176
3 16 98.7998 -20.25 70.9289 101.8058 -20.25 71.2176 99.626 -20.25 70.1027
3 16 99.626 -20.25 70.1027 101.8058 -20.25 71.2176 101.6996 -20.25 70.2812
3 16 98.0825 -20.25 71.6462 91.6337 -20.25 78.095 101.3895 -20.25 71.9855
3 16 101.3895 -20.25 71.9855 91.6337 -20.25 78.095 91.973 -20.25 81.4021
3 16 94.5521 -20.25 69.6658 99.626 -20.25 70.1027 94.6042 -20.25 69.4072
3 16 94.6042 -20.25 69.4072 99.626 -20.25 70.1027 100.3216 -20.25 69.4072
3 16 94.227 -20.25 70.4898 98.7998 -20.25 70.9289 94.5521 -20.25 69.6658
3 16 94.5521 -20.25 69.6658 98.7998 -20.25 70.9289 99.626 -20.25 70.1027
3 16 93.6917 -20.25 71.1958 98.0825 -20.25 71.6462 94.227 -20.25 70.4898
3 16 94.227 -20.25 70.4898 98.0825 -20.25 71.6462 98.7998 -20.25 70.9289
3 16 93.6917 -20.25 71.1958 92.4375 -20.25 72.45 98.0825 -20.25 71.6462
3 16 90.9656 -20.25 78.7632 91.6337 -20.25 78.095 90.4773 -20.25 74.2396
3 16 90.4773 -20.25 74.2396 91.6337 -20.25 78.095 91.1833 -20.25 73.7042
3 16 90.4773 -20.25 74.2396 89.6533 -20.25 74.5646 90.9656 -20.25 78.7632
3 16 90.9656 -20.25 78.7632 89.6533 -20.25 74.5646 90.186 -20.25 79.5428
3 16 89.6533 -20.25 74.5646 89.3947 -20.25 74.6167 90.186 -20.25 79.5428
3 16 90.186 -20.25 79.5428 89.3947 -20.25 74.6167 89.3947 -20.25 80.3341
3 16 98.0825 -20.25 71.6462 92.4375 -20.25 72.45 91.6337 -20.25 78.095
3 16 91.6337 -20.25 78.095 92.4375 -20.25 72.45 91.1833 -20.25 73.7042
3 16 109.8 -24 40 109.8 -22.25 10 109.8 -22.25 30
3 16 90.2 -14.5671 17.6803 90.2 -14.5671 22.3128 90.2 0 17.747
3 16 90.2 0 17.747 90.2 -14.5671 22.3128 90.2 0 22.2496
3 16 5.4144 -24 3.126 3.126 -24 5.4144 5.4144 -28.45 3.126
3 16 5.4144 -28.45 3.126 3.126 -24 5.4144 3.126 -28.45 5.4144
3 16 3.126 -24 5.4144 0 -24 6.252 3.126 -28.45 5.4144
3 16 3.126 -28.45 5.4144 0 -24 6.252 0 -28.45 6.252
3 16 0 -24 6.252 -3.126 -24 5.4144 0 -28.45 6.252
3 16 0 -28.45 6.252 -3.126 -24 5.4144 -3.126 -28.45 5.4144
3 16 -3.126 -24 5.4144 -5.4144 -24 3.126 -3.126 -28.45 5.4144
3 16 -3.126 -28.45 5.4144 -5.4144 -24 3.126 -5.4144 -28.45 3.126
3 16 -5.4144 -24 3.126 -6.252 -24 0 -5.4144 -28.45 3.126
3 16 -5.4144 -28.45 3.126 -6.252 -24 0 -6.252 -28.45 0
3 16 -6.252 -24 0 -5.4144 -24 -3.126 -6.252 -28.45 0
3 16 -6.252 -28.45 0 -5.4144 -24 -3.126 -5.4144 -28.45 -3.126
3 16 -5.4144 -24 -3.126 -3.126 -24 -5.4144 -5.4144 -28.45 -3.126
3 16 -5.4144 -28.45 -3.126 -3.126 -24 -5.4144 -3.126 -28.45 -5.4144
3 16 -3.126 -24 -5.4144 0 -24 -6.252 -3.126 -28.45 -5.4144
3 16 -3.126 -28.45 -5.4144 0 -24 -6.252 0 -28.45 -6.252
3 16 0 -24 -6.252 3.126 -24 -5.4144 0 -28.45 -6.252
3 16 0 -28.45 -6.252 3.126 -24 -5.4144 3.126 -28.45 -5.4144
3 16 3.126 -24 -5.4144 5.4144 -24 -3.126 3.126 -28.45 -5.4144
3 16 3.126 -28.45 -5.4144 5.4144 -24 -3.126 5.4144 -28.45 -3.126
3 16 5.4144 -24 -3.126 6.252 -24 0 5.4144 -28.45 -3.126
3 16 5.4144 -28.45 -3.126 6.252 -24 0 6.252 -28.45 0
3 16 6.252 -24 0 5.4144 -24 3.126 6.252 -28.45 0
3 16 6.252 -28.45 0 5.4144 -24 3.126 5.4144 -28.45 3.126
3 16 5.4144 -28.45 3.126 3.126 -28.45 5.4144 3.5295 -28.45 2.0378
3 16 3.5295 -28.45 2.0378 3.126 -28.45 5.4144 2.0377 -28.45 3.5295
3 16 3.126 -28.45 5.4144 0 -28.45 6.252 2.0377 -28.45 3.5295
3 16 2.0377 -28.45 3.5295 0 -28.45 6.252 0 -28.45 4.0755
3 16 0 -28.45 6.252 -3.126 -28.45 5.4144 0 -28.45 4.0755
3 16 0 -28.45 4.0755 -3.126 -28.45 5.4144 -2.0378 -28.45 3.5295
3 16 -3.126 -28.45 5.4144 -5.4144 -28.45 3.126 -2.0378 -28.45 3.5295
3 16 -2.0378 -28.45 3.5295 -5.4144 -28.45 3.126 -3.5295 -28.45 2.0378
3 16 -5.4144 -28.45 3.126 -6.252 -28.45 0 -3.5295 -28.45 2.0378
3 16 -3.5295 -28.45 2.0378 -6.252 -28.45 0 -4.0755 -28.45 0
3 16 -6.252 -28.45 0 -5.4144 -28.45 -3.126 -4.0755 -28.45 0
3 16 -4.0755 -28.45 0 -5.4144 -28.45 -3.126 -3.5295 -28.45 -2.0378
3 16 -5.4144 -28.45 -3.126 -3.126 -28.45 -5.4144 -3.5295 -28.45 -2.0378
3 16 -3.5295 -28.45 -2.0378 -3.126 -28.45 -5.4144 -2.0378 -28.45 -3.5295
3 16 -3.126 -28.45 -5.4144 0 -28.45 -6.252 -2.0378 -28.45 -3.5295
3 16 -2.0378 -28.45 -3.5295 0 -28.45 -6.252 0 -28.45 -4.0755
3 16 0 -28.45 -6.252 3.126 -28.45 -5.4144 0 -28.45 -4.0755
3 16 0 -28.45 -4.0755 3.126 -28.45 -5.4144 2.0377 -28.45 -3.5295
3 16 3.126 -28.45 -5.4144 5.4144 -28.45 -3.126 2.0377 -28.45 -3.5295
3 16 2.0377 -28.45 -3.5295 5.4144 -28.45 -3.126 3.5295 -28.45 -2.0378
3 16 5.4144 -28.45 -3.126 6.252 -28.45 0 3.5295 -28.45 -2.0378
3 16 3.5295 -28.45 -2.0378 6.252 -28.45 0 4.0755 -28.45 0
3 16 6.252 -28.45 0 5.4144 -28.45 3.126 4.0755 -28.45 0
3 16 4.0755 -28.45 0 5.4144 -28.45 3.126 3.5295 -28.45 2.0378
3 16 3.5295 -28.45 2.0378 2.0377 -28.45 3.5295 3.5295 -24 2.0378
3 16 3.5295 -24 2.0378 2.0377 -28.45 3.5295 2.0377 -24 3.5295
3 16 2.0377 -28.45 3.5295 0 -28.45 4.0755 2.0377 -24 3.5295
3 16 2.0377 -24 3.5295 0 -28.45 4.0755 0 -24 4.0755
3 16 0 -28.45 4.0755 -2.0378 -28.45 3.5295 0 -24 4.0755
3 16 0 -24 4.0755 -2.0378 -28.45 3.5295 -2.0378 -24 3.5295
3 16 -2.0378 -28.45 3.5295 -3.5295 -28.45 2.0378 -2.0378 -24 3.5295
3 16 -2.0378 -24 3.5295 -3.5295 -28.45 2.0378 -3.5295 -24 2.0378
3 16 -3.5295 -28.45 2.0378 -4.0755 -28.45 0 -3.5295 -24 2.0378
3 16 -3.5295 -24 2.0378 -4.0755 -28.45 0 -4.0755 -24 0
3 16 -4.0755 -28.45 0 -3.5295 -28.45 -2.0378 -4.0755 -24 0
3 16 -4.0755 -24 0 -3.5295 -28.45 -2.0378 -3.5295 -24 -2.0378
3 16 -3.5295 -28.45 -2.0378 -2.0378 -28.45 -3.5295 -3.5295 -24 -2.0378
3 16 -3.5295 -24 -2.0378 -2.0378 -28.45 -3.5295 -2.0378 -24 -3.5295
3 16 -2.0378 -28.45 -3.5295 0 -28.45 -4.0755 -2.0378 -24 -3.5295
3 16 -2.0378 -24 -3.5295 0 -28.45 -4.0755 0 -24 -4.0755
3 16 0 -28.45 -4.0755 2.0377 -28.45 -3.5295 0 -24 -4.0755
3 16 0 -24 -4.0755 2.0377 -28.45 -3.5295 2.0377 -24 -3.5295
3 16 2.0377 -28.45 -3.5295 3.5295 -28.45 -2.0378 2.0377 -24 -3.5295
3 16 2.0377 -24 -3.5295 3.5295 -28.45 -2.0378 3.5295 -24 -2.0378
3 16 3.5295 -28.45 -2.0378 4.0755 -28.45 0 3.5295 -24 -2.0378
3 16 3.5295 -24 -2.0378 4.0755 -28.45 0 4.0755 -24 0
3 16 4.0755 -28.45 0 3.5295 -28.45 2.0378 4.0755 -24 0
3 16 4.0755 -24 0 3.5295 -28.45 2.0378 3.5295 -24 2.0378
3 16 65.4144 -24 83.126 63.126 -24 85.4144 65.4144 -28.45 83.126
3 16 65.4144 -28.45 83.126 63.126 -24 85.4144 63.126 -28.45 85.4144
3 16 63.126 -24 85.4144 60 -24 86.252 63.126 -28.45 85.4144
3 16 63.126 -28.45 85.4144 60 -24 86.252 60 -28.45 86.252
3 16 60 -24 86.252 56.874 -24 85.4144 60 -28.45 86.252
3 16 60 -28.45 86.252 56.874 -24 85.4144 56.874 -28.45 85.4144
3 16 56.874 -24 85.4144 54.5856 -24 83.126 56.874 -28.45 85.4144
3 16 56.874 -28.45 85.4144 54.5856 -24 83.126 54.5856 -28.45 83.126
3 16 54.5856 -24 83.126 53.748 -24 80 54.5856 -28.45 83.126
3 16 54.5856 -28.45 83.126 53.748 -24 80 53.748 -28.45 80
3 16 53.748 -24 80 54.5856 -24 76.874 53.748 -28.45 80
3 16 53.748 -28.45 80 54.5856 -24 76.874 54.5856 -28.45 76.874
3 16 54.5856 -24 76.874 56.874 -24 74.5856 54.5856 -28.45 76.874
3 16 54.5856 -28.45 76.874 56.874 -24 74.5856 56.874 -28.45 74.5856
3 16 56.874 -24 74.5856 60 -24 73.748 56.874 -28.45 74.5856
3 16 56.874 -28.45 74.5856 60 -24 73.748 60 -28.45 73.748
3 16 60 -24 73.748 63.126 -24 74.5856 60 -28.45 73.748
3 16 60 -28.45 73.748 63.126 -24 74.5856 63.126 -28.45 74.5856
3 16 63.126 -24 74.5856 65.4144 -24 76.874 63.126 -28.45 74.5856
3 16 63.126 -28.45 74.5856 65.4144 -24 76.874 65.4144 -28.45 76.874
3 16 65.4144 -24 76.874 66.252 -24 80 65.4144 -28.45 76.874
3 16 65.4144 -28.45 76.874 66.252 -24 80 66.252 -28.45 80
3 16 66.252 -24 80 65.4144 -24 83.126 66.252 -28.45 80
3 16 66.252 -28.45 80 65.4144 -24 83.126 65.4144 -28.45 83.126
3 16 65.4144 -28.45 83.126 63.126 -28.45 85.4144 63.5295 -28.45 82.0378
3 16 63.5295 -28.45 82.0378 63.126 -28.45 85.4144 62.0377 -28.45 83.5295
3 16 63.126 -28.45 85.4144 60 -28.45 86.252 62.0377 -28.45 83.5295
3 16 62.0377 -28.45 83.5295 60 -28.45 86.252 60 -28.45 84.0755
3 16 60 -28.45 86.252 56.874 -28.45 85.4144 60 -28.45 84.0755
3 16 60 -28.45 84.0755 56.874 -28.45 85.4144 57.9623 -28.45 83.5295
3 16 56.874 -28.45 85.4144 54.5856 -28.45 83.126 57.9623 -28.45 83.5295
3 16 57.9623 -28.45 83.5295 54.5856 -28.45 83.126 56.4705 -28.45 82.0378
3 16 54.5856 -28.45 83.126 53.748 -28.45 80 56.4705 -28.45 82.0378
3 16 56.4705 -28.45 82.0378 53.748 -28.45 80 55.9245 -28.45 80
3 16 53.748 -28.45 80 54.5856 -28.45 76.874 55.9245 -28.45 80
3 16 55.9245 -28.45 80 54.5856 -28.45 76.874 56.4705 -28.45 77.9622
3 16 54.5856 -28.45 76.874 56.874 -28.45 74.5856 56.4705 -28.45 77.9622
3 16 56.4705 -28.45 77.9622 56.874 -28.45 74.5856 57.9623 -28.45 76.4705
3 16 56.874 -28.45 74.5856 60 -28.45 73.748 57.9623 -28.45 76.4705
3 16 57.9623 -28.45 76.4705 60 -28.45 73.748 60 -28.45 75.9245
3 16 60 -28.45 73.748 63.126 -28.45 74.5856 60 -28.45 75.9245
3 16 60 -28.45 75.9245 63.126 -28.45 74.5856 62.0377 -28.45 76.4705
3 16 63.126 -28.45 74.5856 65.4144 -28.45 76.874 62.0377 -28.45 76.4705
3 16 62.0377 -28.45 76.4705 65.4144 -28.45 76.874 63.5295 -28.45 77.9622
3 16 65.4144 -28.45 76.874 66.252 -28.45 80 63.5295 -28.45 77.9622
3 16 63.5295 -28.45 77.9622 66.252 -28.45 80 64.0755 -28.45 80
3 16 66.252 -28.45 80 65.4144 -28.45 83.126 64.0755 -28.45 80
3 16 64.0755 -28.45 80 65.4144 -28.45 83.126 63.5295 -28.45 82.0378
3 16 63.5295 -28.45 82.0378 62.0377 -28.45 83.5295 63.5295 -24 82.0378
3 16 63.5295 -24 82.0378 62.0377 -28.45 83.5295 62.0377 -24 83.5295
3 16 62.0377 -28.45 83.5295 60 -28.45 84.0755 62.0377 -24 83.5295
3 16 62.0377 -24 83.5295 60 -28.45 84.0755 60 -24 84.0755
3 16 60 -28.45 84.0755 57.9623 -28.45 83.5295 60 -24 84.0755
3 16 60 -24 84.0755 57.9623 -28.45 83.5295 57.9623 -24 83.5295
3 16 57.9623 -28.45 83.5295 56.4705 -28.45 82.0378 57.9623 -24 83.5295
3 16 57.9623 -24 83.5295 56.4705 -28.45 82.0378 56.4705 -24 82.0378
3 16 56.4705 -28.45 82.0378 55.9245 -28.45 80 56.4705 -24 82.0378
3 16 56.4705 -24 82.0378 55.9245 -28.45 80 55.9245 -24 80
3 16 55.9245 -28.45 80 56.4705 -28.45 77.9622 55.9245 -24 80
3 16 55.9245 -24 80 56.4705 -28.45 77.9622 56.4705 -24 77.9622
3 16 56.4705 -28.45 77.9622 57.9623 -28.45 76.4705 56.4705 -24 77.9622
3 16 56.4705 -24 77.9622 57.9623 -28.45 76.4705 57.9623 -24 76.4705
3 16 57.9623 -28.45 76.4705 60 -28.45 75.9245 57.9623 -24 76.4705
3 16 57.9623 -24 76.4705 60 -28.45 75.9245 60 -24 75.9245
3 16 60 -28.45 75.9245 62.0377 -28.45 76.4705 60 -24 75.9245
3 16 60 -24 75.9245 62.0377 -28.45 76.4705 62.0377 -24 76.4705
3 16 62.0377 -28.45 76.4705 63.5295 -28.45 77.9622 62.0377 -24 76.4705
3 16 62.0377 -24 76.4705 63.5295 -28.45 77.9622 63.5295 -24 77.9622
3 16 63.5295 -28.45 77.9622 64.0755 -28.45 80 63.5295 -24 77.9622
3 16 63.5295 -24 77.9622 64.0755 -28.45 80 64.0755 -24 80
3 16 64.0755 -28.45 80 63.5295 -28.45 82.0378 64.0755 -24 80
3 16 64.0755 -24 80 63.5295 -28.45 82.0378 63.5295 -24 82.0378
3 16 105.4144 -24 43.126 103.126 -24 45.4144 105.4144 -28.45 43.126
3 16 105.4144 -28.45 43.126 103.126 -24 45.4144 103.126 -28.45 45.4144
3 16 103.126 -24 45.4144 100 -24 46.252 103.126 -28.45 45.4144
3 16 103.126 -28.45 45.4144 100 -24 46.252 100 -28.45 46.252
3 16 100 -24 46.252 96.874 -24 45.4144 100 -28.45 46.252
3 16 100 -28.45 46.252 96.874 -24 45.4144 96.874 -28.45 45.4144
3 16 96.874 -24 45.4144 94.5856 -24 43.126 96.874 -28.45 45.4144
3 16 96.874 -28.45 45.4144 94.5856 -24 43.126 94.5856 -28.45 43.126
3 16 94.5856 -24 43.126 93.748 -24 40 94.5856 -28.45 43.126
3 16 94.5856 -28.45 43.126 93.748 -24 40 93.748 -28.45 40
3 16 93.748 -24 40 94.5856 -24 36.874 93.748 -28.45 40
3 16 93.748 -28.45 40 94.5856 -24 36.874 94.5856 -28.45 36.874
3 16 94.5856 -24 36.874 96.874 -24 34.5856 94.5856 -28.45 36.874
3 16 94.5856 -28.45 36.874 96.874 -24 34.5856 96.874 -28.45 34.5856
3 16 96.874 -24 34.5856 100 -24 33.748 96.874 -28.45 34.5856
3 16 96.874 -28.45 34.5856 100 -24 33.748 100 -28.45 33.748
3 16 100 -24 33.748 103.126 -24 34.5856 100 -28.45 33.748
3 16 100 -28.45 33.748 103.126 -24 34.5856 103.126 -28.45 34.5856
3 16 103.126 -24 34.5856 105.4144 -24 36.874 103.126 -28.45 34.5856
3 16 103.126 -28.45 34.5856 105.4144 -24 36.874 105.4144 -28.45 36.874
3 16 105.4144 -24 36.874 106.252 -24 40 105.4144 -28.45 36.874
3 16 105.4144 -28.45 36.874 106.252 -24 40 106.252 -28.45 40
3 16 106.252 -24 40 105.4144 -24 43.126 106.252 -28.45 40
3 16 106.252 -28.45 40 105.4144 -24 43.126 105.4144 -28.45 43.126
3 16 105.4144 -28.45 43.126 103.126 -28.45 45.4144 103.5295 -28.45 42.0378
3 16 103.5295 -28.45 42.0378 103.126 -28.45 45.4144 102.0377 -28.45 43.5295
3 16 103.126 -28.45 45.4144 100 -28.45 46.252 102.0377 -28.45 43.5295
3 16 102.0377 -28.45 43.5295 100 -28.45 46.252 100 -28.45 44.0755
3 16 100 -28.45 46.252 96.874 -28.45 45.4144 100 -28.45 44.0755
3 16 100 -28.45 44.0755 96.874 -28.45 45.4144 97.9623 -28.45 43.5295
3 16 96.874 -28.45 45.4144 94.5856 -28.45 43.126 97.9623 -28.45 43.5295
3 16 97.9623 -28.45 43.5295 94.5856 -28.45 43.126 96.4705 -28.45 42.0378
3 16 94.5856 -28.45 43.126 93.748 -28.45 40 96.4705 -28.45 42.0378
3 16 96.4705 -28.45 42.0378 93.748 -28.45 40 95.9245 -28.45 40
3 16 93.748 -28.45 40 94.5856 -28.45 36.874 95.9245 -28.45 40
3 16 95.9245 -28.45 40 94.5856 -28.45 36.874 96.4705 -28.45 37.9623
3 16 94.5856 -28.45 36.874 96.874 -28.45 34.5856 96.4705 -28.45 37.9623
3 16 96.4705 -28.45 37.9623 96.874 -28.45 34.5856 97.9623 -28.45 36.4705
3 16 96.874 -28.45 34.5856 100 -28.45 33.748 97.9623 -28.45 36.4705
3 16 97.9623 -28.45 36.4705 100 -28.45 33.748 100 -28.45 35.9245
3 16 100 -28.45 33.748 103.126 -28.45 34.5856 100 -28.45 35.9245
3 16 100 -28.45 35.9245 103.126 -28.45 34.5856 102.0377 -28.45 36.4705
3 16 103.126 -28.45 34.5856 105.4144 -28.45 36.874 102.0377 -28.45 36.4705
3 16 102.0377 -28.45 36.4705 105.4144 -28.45 36.874 103.5295 -28.45 37.9623
3 16 105.4144 -28.45 36.874 106.252 -28.45 40 103.5295 -28.45 37.9623
3 16 103.5295 -28.45 37.9623 106.252 -28.45 40 104.0755 -28.45 40
3 16 106.252 -28.45 40 105.4144 -28.45 43.126 104.0755 -28.45 40
3 16 104.0755 -28.45 40 105.4144 -28.45 43.126 103.5295 -28.45 42.0378
3 16 103.5295 -28.45 42.0378 102.0377 -28.45 43.5295 103.5295 -24 42.0378
3 16 103.5295 -24 42.0378 102.0377 -28.45 43.5295 102.0377 -24 43.5295
3 16 102.0377 -28.45 43.5295 100 -28.45 44.0755 102.0377 -24 43.5295
3 16 102.0377 -24 43.5295 100 -28.45 44.0755 100 -24 44.0755
3 16 100 -28.45 44.0755 97.9623 -28.45 43.5295 100 -24 44.0755
3 16 100 -24 44.0755 97.9623 -28.45 43.5295 97.9623 -24 43.5295
3 16 97.9623 -28.45 43.5295 96.4705 -28.45 42.0378 97.9623 -24 43.5295
3 16 97.9623 -24 43.5295 96.4705 -28.45 42.0378 96.4705 -24 42.0378
3 16 96.4705 -28.45 42.0378 95.9245 -28.45 40 96.4705 -24 42.0378
3 16 96.4705 -24 42.0378 95.9245 -28.45 40 95.9245 -24 40
3 16 95.9245 -28.45 40 96.4705 -28.45 37.9623 95.9245 -24 40
3 16 95.9245 -24 40 96.4705 -28.45 37.9623 96.4705 -24 37.9623
3 16 96.4705 -28.45 37.9623 97.9623 -28.45 36.4705 96.4705 -24 37.9623
3 16 96.4705 -24 37.9623 97.9623 -28.45 36.4705 97.9623 -24 36.4705
3 16 97.9623 -28.45 36.4705 100 -28.45 35.9245 97.9623 -24 36.4705
3 16 97.9623 -24 36.4705 100 -28.45 35.9245 100 -24 35.9245
3 16 100 -28.45 35.9245 102.0377 -28.45 36.4705 100 -24 35.9245
3 16 100 -24 35.9245 102.0377 -28.45 36.4705 102.0377 -24 36.4705
3 16 102.0377 -28.45 36.4705 103.5295 -28.45 37.9623 102.0377 -24 36.4705
3 16 102.0377 -24 36.4705 103.5295 -28.45 37.9623 103.5295 -24 37.9623
3 16 103.5295 -28.45 37.9623 104.0755 -28.45 40 103.5295 -24 37.9623
3 16 103.5295 -24 37.9623 104.0755 -28.45 40 104.0755 -24 40
3 16 104.0755 -28.45 40 103.5295 -28.45 42.0378 104.0755 -24 40
3 16 104.0755 -24 40 103.5295 -28.45 42.0378 103.5295 -24 42.0378
3 16 105.4144 -24 23.126 103.126 -24 25.4144 105.4144 -28.45 23.126
3 16 105.4144 -28.45 23.126 103.126 -24 25.4144 103.126 -28.45 25.4144
3 16 103.126 -24 25.4144 100 -24 26.252 103.126 -28.45 25.4144
3 16 103.126 -28.45 25.4144 100 -24 26.252 100 -28.45 26.252
3 16 100 -24 26.252 96.874 -24 25.4144 100 -28.45 26.252
3 16 100 -28.45 26.252 96.874 -24 25.4144 96.874 -28.45 25.4144
3 16 96.874 -24 25.4144 94.5856 -24 23.126 96.874 -28.45 25.4144
3 16 96.874 -28.45 25.4144 94.5856 -24 23.126 94.5856 -28.45 23.126
3 16 94.5856 -24 23.126 93.748 -24 20 94.5856 -28.45 23.126
3 16 94.5856 -28.45 23.126 93.748 -24 20 93.748 -28.45 20
3 16 93.748 -24 20 94.5856 -24 16.874 93.748 -28.45 20
3 16 93.748 -28.45 20 94.5856 -24 16.874 94.5856 -28.45 16.874
3 16 94.5856 -24 16.874 96.874 -24 14.5856 94.5856 -28.45 16.874
3 16 94.5856 -28.45 16.874 96.874 -24 14.5856 96.874 -28.45 14.5856
3 16 96.874 -24 14.5856 100 -24 13.748 96.874 -28.45 14.5856
3 16 96.874 -28.45 14.5856 100 -24 13.748 100 -28.45 13.748
3 16 100 -24 13.748 103.126 -24 14.5856 100 -28.45 13.748
3 16 100 -28.45 13.748 103.126 -24 14.5856 103.126 -28.45 14.5856
3 16 103.126 -24 14.5856 105.4144 -24 16.874 103.126 -28.45 14.5856
3 16 103.126 -28.45 14.5856 105.4144 -24 16.874 105.4144 -28.45 16.874
3 16 105.4144 -24 16.874 106.252 -24 20 105.4144 -28.45 16.874
3 16 105.4144 -28.45 16.874 106.252 -24 20 106.252 -28.45 20
3 16 106.252 -24 20 105.4144 -24 23.126 106.252 -28.45 20
3 16 106.252 -28.45 20 105.4144 -24 23.126 105.4144 -28.45 23.126
3 16 105.4144 -28.45 23.126 103.126 -28.45 25.4144 103.5295 -28.45 22.0378
3 16 103.5295 -28.45 22.0378 103.126 -28.45 25.4144 102.0377 -28.45 23.5295
3 16 103.126 -28.45 25.4144 100 -28.45 26.252 102.0377 -28.45 23.5295
3 16 102.0377 -28.45 23.5295 100 -28.45 26.252 100 -28.45 24.0755
3 16 100 -28.45 26.252 96.874 -28.45 25.4144 100 -28.45 24.0755
3 16 100 -28.45 24.0755 96.874 -28.45 25.4144 97.9623 -28.45 23.5295
3 16 96.874 -28.45 25.4144 94.5856 -28.45 23.126 97.9623 -28.45 23.5295
3 16 97.9623 -28.45 23.5295 94.5856 -28.45 23.126 96.4705 -28.45 22.0378
3 16 94.5856 -28.45 23.126 93.748 -28.45 20 96.4705 -28.45 22.0378
3 16 96.4705 -28.45 22.0378 93.748 -28.45 20 95.9245 -28.45 20
3 16 93.748 -28.45 20 94.5856 -28.45 16.874 95.9245 -28.45 20
3 16 95.9245 -28.45 20 94.5856 -28.45 16.874 96.4705 -28.45 17.9623
3 16 94.5856 -28.45 16.874 96.874 -28.45 14.5856 96.4705 -28.45 17.9623
3 16 96.4705 -28.45 17.9623 96.874 -28.45 14.5856 97.9623 -28.45 16.4705
3 16 96.874 -28.45 14.5856 100 -28.45 13.748 97.9623 -28.45 16.4705
3 16 97.9623 -28.45 16.4705 100 -28.45 13.748 100 -28.45 15.9245
3 16 100 -28.45 13.748 103.126 -28.45 14.5856 100 -28.45 15.9245
3 16 100 -28.45 15.9245 103.126 -28.45 14.5856 102.0377 -28.45 16.4705
3 16 103.126 -28.45 14.5856 105.4144 -28.45 16.874 102.0377 -28.45 16.4705
3 16 102.0377 -28.45 16.4705 105.4144 -28.45 16.874 103.5295 -28.45 17.9623
3 16 105.4144 -28.45 16.874 106.252 -28.45 20 103.5295 -28.45 17.9623
3 16 103.5295 -28.45 17.9623 106.252 -28.45 20 104.0755 -28.45 20
3 16 106.252 -28.45 20 105.4144 -28.45 23.126 104.0755 -28.45 20
3 16 104.0755 -28.45 20 105.4144 -28.45 23.126 103.5295 -28.45 22.0378
3 16 103.5295 -28.45 22.0378 102.0377 -28.45 23.5295 103.5295 -24 22.0378
3 16 103.5295 -24 22.0378 102.0377 -28.45 23.5295 102.0377 -24 23.5295
3 16 102.0377 -28.45 23.5295 100 -28.45 24.0755 102.0377 -24 23.5295
3 16 102.0377 -24 23.5295 100 -28.45 24.0755 100 -24 24.0755
3 16 100 -28.45 24.0755 97.9623 -28.45 23.5295 100 -24 24.0755
3 16 100 -24 24.0755 97.9623 -28.45 23.5295 97.9623 -24 23.5295
3 16 97.9623 -28.45 23.5295 96.4705 -28.45 22.0378 97.9623 -24 23.5295
3 16 97.9623 -24 23.5295 96.4705 -28.45 22.0378 96.4705 -24 22.0378
3 16 96.4705 -28.45 22.0378 95.9245 -28.45 20 96.4705 -24 22.0378
3 16 96.4705 -24 22.0378 95.9245 -28.45 20 95.9245 -24 20
3 16 95.9245 -28.45 20 96.4705 -28.45 17.9623 95.9245 -24 20
3 16 95.9245 -24 20 96.4705 -28.45 17.9623 96.4705 -24 17.9623
3 16 96.4705 -28.45 17.9623 97.9623 -28.45 16.4705 96.4705 -24 17.9623
3 16 96.4705 -24 17.9623 97.9623 -28.45 16.4705 97.9623 -24 16.4705
3 16 97.9623 -28.45 16.4705 100 -28.45 15.9245 97.9623 -24 16.4705
3 16 97.9623 -24 16.4705 100 -28.45 15.9245 100 -24 15.9245
3 16 100 -28.45 15.9245 102.0377 -28.45 16.4705 100 -24 15.9245
3 16 100 -24 15.9245 102.0377 -28.45 16.4705 102.0377 -24 16.4705
3 16 102.0377 -28.45 16.4705 103.5295 -28.45 17.9623 102.0377 -24 16.4705
3 16 102.0377 -24 16.4705 103.5295 -28.45 17.9623 103.5295 -24 17.9623
3 16 103.5295 -28.45 17.9623 104.0755 -28.45 20 103.5295 -24 17.9623
3 16 103.5295 -24 17.9623 104.0755 -28.45 20 104.0755 -24 20
3 16 104.0755 -28.45 20 103.5295 -28.45 22.0378 104.0755 -24 20
3 16 104.0755 -24 20 103.5295 -28.45 22.0378 103.5295 -24 22.0378
3 16 105.4144 -24 3.126 103.126 -24 5.4144 105.4144 -28.45 3.126
3 16 105.4144 -28.45 3.126 103.126 -24 5.4144 103.126 -28.45 5.4144
3 16 103.126 -24 5.4144 100 -24 6.252 103.126 -28.45 5.4144
3 16 103.126 -28.45 5.4144 100 -24 6.252 100 -28.45 6.252
3 16 100 -24 6.252 96.874 -24 5.4144 100 -28.45 6.252
3 16 100 -28.45 6.252 96.874 -24 5.4144 96.874 -28.45 5.4144
3 16 96.874 -24 5.4144 94.5856 -24 3.126 96.874 -28.45 5.4144
3 16 96.874 -28.45 5.4144 94.5856 -24 3.126 94.5856 -28.45 3.126
3 16 94.5856 -24 3.126 93.748 -24 0 94.5856 -28.45 3.126
3 16 94.5856 -28.45 3.126 93.748 -24 0 93.748 -28.45 0
3 16 93.748 -24 0 94.5856 -24 -3.126 93.748 -28.45 0
3 16 93.748 -28.45 0 94.5856 -24 -3.126 94.5856 -28.45 -3.126
3 16 94.5856 -24 -3.126 96.874 -24 -5.4144 94.5856 -28.45 -3.126
3 16 94.5856 -28.45 -3.126 96.874 -24 -5.4144 96.874 -28.45 -5.4144
3 16 96.874 -24 -5.4144 100 -24 -6.252 96.874 -28.45 -5.4144
3 16 96.874 -28.45 -5.4144 100 -24 -6.252 100 -28.45 -6.252
3 16 100 -24 -6.252 103.126 -24 -5.4144 100 -28.45 -6.252
3 16 100 -28.45 -6.252 103.126 -24 -5.4144 103.126 -28.45 -5.4144
3 16 103.126 -24 -5.4144 105.4144 -24 -3.126 103.126 -28.45 -5.4144
3 16 103.126 -28.45 -5.4144 105.4144 -24 -3.126 105.4144 -28.45 -3.126
3 16 105.4144 -24 -3.126 106.252 -24 0 105.4144 -28.45 -3.126
3 16 105.4144 -28.45 -3.126 106.252 -24 0 106.252 -28.45 0
3 16 106.252 -24 0 105.4144 -24 3.126 106.252 -28.45 0
3 16 106.252 -28.45 0 105.4144 -24 3.126 105.4144 -28.45 3.126
3 16 105.4144 -28.45 3.126 103.126 -28.45 5.4144 103.5295 -28.45 2.0378
3 16 103.5295 -28.45 2.0378 103.126 -28.45 5.4144 102.0377 -28.45 3.5295
3 16 103.126 -28.45 5.4144 100 -28.45 6.252 102.0377 -28.45 3.5295
3 16 102.0377 -28.45 3.5295 100 -28.45 6.252 100 -28.45 4.0755
3 16 100 -28.45 6.252 96.874 -28.45 5.4144 100 -28.45 4.0755
3 16 100 -28.45 4.0755 96.874 -28.45 5.4144 97.9623 -28.45 3.5295
3 16 96.874 -28.45 5.4144 94.5856 -28.45 3.126 97.9623 -28.45 3.5295
3 16 97.9623 -28.45 3.5295 94.5856 -28.45 3.126 96.4705 -28.45 2.0378
3 16 94.5856 -28.45 3.126 93.748 -28.45 0 96.4705 -28.45 2.0378
3 16 96.4705 -28.45 2.0378 93.748 -28.45 0 95.9245 -28.45 0
3 16 93.748 -28.45 0 94.5856 -28.45 -3.126 95.9245 -28.45 0
3 16 95.9245 -28.45 0 94.5856 -28.45 -3.126 96.4705 -28.45 -2.0378
3 16 94.5856 -28.45 -3.126 96.874 -28.45 -5.4144 96.4705 -28.45 -2.0378
3 16 96.4705 -28.45 -2.0378 96.874 -28.45 -5.4144 97.9623 -28.45 -3.5295
3 16 96.874 -28.45 -5.4144 100 -28.45 -6.252 97.9623 -28.45 -3.5295
3 16 97.9623 -28.45 -3.5295 100 -28.45 -6.252 100 -28.45 -4.0755
3 16 100 -28.45 -6.252 103.126 -28.45 -5.4144 100 -28.45 -4.0755
3 16 100 -28.45 -4.0755 103.126 -28.45 -5.4144 102.0377 -28.45 -3.5295
3 16 103.126 -28.45 -5.4144 105.4144 -28.45 -3.126 102.0377 -28.45 -3.5295
3 16 102.0377 -28.45 -3.5295 105.4144 -28.45 -3.126 103.5295 -28.45 -2.0378
3 16 105.4144 -28.45 -3.126 106.252 -28.45 0 103.5295 -28.45 -2.0378
3 16 103.5295 -28.45 -2.0378 106.252 -28.45 0 104.0755 -28.45 0
3 16 106.252 -28.45 0 105.4144 -28.45 3.126 104.0755 -28.45 0
3 16 104.0755 -28.45 0 105.4144 -28.45 3.126 103.5295 -28.45 2.0378
3 16 103.5295 -28.45 2.0378 102.0377 -28.45 3.5295 103.5295 -24 2.0378
3 16 103.5295 -24 2.0378 102.0377 -28.45 3.5295 102.0377 -24 3.5295
3 16 102.0377 -28.45 3.5295 100 -28.45 4.0755 102.0377 -24 3.5295
3 16 102.0377 -24 3.5295 100 -28.45 4.0755 100 -24 4.0755
3 16 100 -28.45 4.0755 97.9623 -28.45 3.5295 100 -24 4.0755
3 16 100 -24 4.0755 97.9623 -28.45 3.5295 97.9623 -24 3.5295
3 16 97.9623 -28.45 3.5295 96.4705 -28.45 2.0378 97.9623 -24 3.5295
3 16 97.9623 -24 3.5295 96.4705 -28.45 2.0378 96.4705 -24 2.0378
3 16 96.4705 -28.45 2.0378 95.9245 -28.45 0 96.4705 -24 2.0378
3 16 96.4705 -24 2.0378 95.9245 -28.45 0 95.9245 -24 0
3 16 95.9245 -28.45 0 96.4705 -28.45 -2.0378 95.9245 -24 0
3 16 95.9245 -24 0 96.4705 -28.45 -2.0378 96.4705 -24 -2.0378
3 16 96.4705 -28.45 -2.0378 97.9623 -28.45 -3.5295 96.4705 -24 -2.0378
3 16 96.4705 -24 -2.0378 97.9623 -28.45 -3.5295 97.9623 -24 -3.5295
3 16 97.9623 -28.45 -3.5295 100 -28.45 -4.0755 97.9623 -24 -3.5295
3 16 97.9623 -24 -3.5295 100 -28.45 -4.0755 100 -24 -4.0755
3 16 100 -28.45 -4.0755 102.0377 -28.45 -3.5295 100 -24 -4.0755
3 16 100 -24 -4.0755 102.0377 -28.45 -3.5295 102.0377 -24 -3.5295
3 16 102.0377 -28.45 -3.5295 103.5295 -28.45 -2.0378 102.0377 -24 -3.5295
3 16 102.0377 -24 -3.5295 103.5295 -28.45 -2.0378 103.5295 -24 -2.0378
3 16 103.5295 -28.45 -2.0378 104.0755 -28.45 0 103.5295 -24 -2.0378
3 16 103.5295 -24 -2.0378 104.0755 -28.45 0 104.0755 -24 0
3 16 104.0755 -28.45 0 103.5295 -28.45 2.0378 104.0755 -24 0
3 16 104.0755 -24 0 103.5295 -28.45 2.0378 103.5295 -24 2.0378
3 16 105.4144 -24 63.126 103.126 -24 65.4144 105.4144 -28.45 63.126
3 16 105.4144 -28.45 63.126 103.126 -24 65.4144 103.126 -28.45 65.4144
3 16 103.126 -24 65.4144 100 -24 66.252 103.126 -28.45 65.4144
3 16 103.126 -28.45 65.4144 100 -24 66.252 100 -28.45 66.252
3 16 100 -24 66.252 96.874 -24 65.4144 100 -28.45 66.252
3 16 100 -28.45 66.252 96.874 -24 65.4144 96.874 -28.45 65.4144
3 16 96.874 -24 65.4144 94.5856 -24 63.126 96.874 -28.45 65.4144
3 16 96.874 -28.45 65.4144 94.5856 -24 63.126 94.5856 -28.45 63.126
3 16 94.5856 -24 63.126 93.748 -24 60 94.5856 -28.45 63.126
3 16 94.5856 -28.45 63.126 93.748 -24 60 93.748 -28.45 60
3 16 93.748 -24 60 94.5856 -24 56.874 93.748 -28.45 60
3 16 93.748 -28.45 60 94.5856 -24 56.874 94.5856 -28.45 56.874
3 16 94.5856 -24 56.874 96.874 -24 54.5856 94.5856 -28.45 56.874
3 16 94.5856 -28.45 56.874 96.874 -24 54.5856 96.874 -28.45 54.5856
3 16 96.874 -24 54.5856 100 -24 53.748 96.874 -28.45 54.5856
3 16 96.874 -28.45 54.5856 100 -24 53.748 100 -28.45 53.748
3 16 100 -24 53.748 103.126 -24 54.5856 100 -28.45 53.748
3 16 100 -28.45 53.748 103.126 -24 54.5856 103.126 -28.45 54.5856
3 16 103.126 -24 54.5856 105.4144 -24 56.874 103.126 -28.45 54.5856
3 16 103.126 -28.45 54.5856 105.4144 -24 56.874 105.4144 -28.45 56.874
3 16 105.4144 -24 56.874 106.252 -24 60 105.4144 -28.45 56.874
3 16 105.4144 -28.45 56.874 106.252 -24 60 106.252 -28.45 60
3 16 106.252 -24 60 105.4144 -24 63.126 106.252 -28.45 60
3 16 106.252 -28.45 60 105.4144 -24 63.126 105.4144 -28.45 63.126
3 16 105.4144 -28.45 63.126 103.126 -28.45 65.4144 103.5295 -28.45 62.0378
3 16 103.5295 -28.45 62.0378 103.126 -28.45 65.4144 102.0377 -28.45 63.5295
3 16 103.126 -28.45 65.4144 100 -28.45 66.252 102.0377 -28.45 63.5295
3 16 102.0377 -28.45 63.5295 100 -28.45 66.252 100 -28.45 64.0755
3 16 100 -28.45 66.252 96.874 -28.45 65.4144 100 -28.45 64.0755
3 16 100 -28.45 64.0755 96.874 -28.45 65.4144 97.9623 -28.45 63.5295
3 16 96.874 -28.45 65.4144 94.5856 -28.45 63.126 97.9623 -28.45 63.5295
3 16 97.9623 -28.45 63.5295 94.5856 -28.45 63.126 96.4705 -28.45 62.0378
3 16 94.5856 -28.45 63.126 93.748 -28.45 60 96.4705 -28.45 62.0378
3 16 96.4705 -28.45 62.0378 93.748 -28.45 60 95.9245 -28.45 60
3 16 93.748 -28.45 60 94.5856 -28.45 56.874 95.9245 -28.45 60
3 16 95.9245 -28.45 60 94.5856 -28.45 56.874 96.4705 -28.45 57.9623
3 16 94.5856 -28.45 56.874 96.874 -28.45 54.5856 96.4705 -28.45 57.9623
3 16 96.4705 -28.45 57.9623 96.874 -28.45 54.5856 97.9623 -28.45 56.4705
3 16 96.874 -28.45 54.5856 100 -28.45 53.748 97.9623 -28.45 56.4705
3 16 97.9623 -28.45 56.4705 100 -28.45 53.748 100 -28.45 55.9245
3 16 100 -28.45 53.748 103.126 -28.45 54.5856 100 -28.45 55.9245
3 16 100 -28.45 55.9245 103.126 -28.45 54.5856 102.0377 -28.45 56.4705
3 16 103.126 -28.45 54.5856 105.4144 -28.45 56.874 102.0377 -28.45 56.4705
3 16 102.0377 -28.45 56.4705 105.4144 -28.45 56.874 103.5295 -28.45 57.9623
3 16 105.4144 -28.45 56.874 106.252 -28.45 60 103.5295 -28.45 57.9623
3 16 103.5295 -28.45 57.9623 106.252 -28.45 60 104.0755 -28.45 60
3 16 106.252 -28.45 60 105.4144 -28.45 63.126 104.0755 -28.45 60
3 16 104.0755 -28.45 60 105.4144 -28.45 63.126 103.5295 -28.45 62.0378
3 16 103.5295 -28.45 62.0378 102.0377 -28.45 63.5295 103.5295 -24 62.0378
3 16 103.5295 -24 62.0378 102.0377 -28.45 63.5295 102.0377 -24 63.5295
3 16 102.0377 -28.45 63.5295 100 -28.45 64.0755 102.0377 -24 63.5295
3 16 102.0377 -24 63.5295 100 -28.45 64.0755 100 -24 64.0755
3 16 100 -28.45 64.0755 97.9623 -28.45 63.5295 100 -24 64.0755
3 16 100 -24 64.0755 97.9623 -28.45 63.5295 97.9623 -24 63.5295
3 16 97.9623 -28.45 63.5295 96.4705 -28.45 62.0378 97.9623 -24 63.5295
3 16 97.9623 -24 63.5295 96.4705 -28.45 62.0378 96.4705 -24 62.0378
3 16 96.4705 -28.45 62.0378 95.9245 -28.45 60 96.4705 -24 62.0378
3 16 96.4705 -24 62.0378 95.9245 -28.45 60 95.9245 -24 60
3 16 95.9245 -28.45 60 96.4705 -28.45 57.9623 95.9245 -24 60
3 16 95.9245 -24 60 96.4705 -28.45 57.9623 96.4705 -24 57.9623
3 16 96.4705 -28.45 57.9623 97.9623 -28.45 56.4705 96.4705 -24 57.9623
3 16 96.4705 -24 57.9623 97.9623 -28.45 56.4705 97.9623 -24 56.4705
3 16 97.9623 -28.45 56.4705 100 -28.45 55.9245 97.9623 -24 56.4705
3 16 97.9623 -24 56.4705 100 -28.45 55.9245 100 -24 55.9245
3 16 100 -28.45 55.9245 102.0377 -28.45 56.4705 100 -24 55.9245
3 16 100 -24 55.9245 102.0377 -28.45 56.4705 102.0377 -24 56.4705
3 16 102.0377 -28.45 56.4705 103.5295 -28.45 57.9623 102.0377 -24 56.4705
3 16 102.0377 -24 56.4705 103.5295 -28.45 57.9623 103.5295 -24 57.9623
3 16 103.5295 -28.45 57.9623 104.0755 -28.45 60 103.5295 -24 57.9623
3 16 103.5295 -24 57.9623 104.0755 -28.45 60 104.0755 -24 60
3 16 104.0755 -28.45 60 103.5295 -28.45 62.0378 104.0755 -24 60
3 16 104.0755 -24 60 103.5295 -28.45 62.0378 103.5295 -24 62.0378
3 16 5.4144 -24 63.126 3.126 -24 65.4144 5.4144 -28.45 63.126
3 16 5.4144 -28.45 63.126 3.126 -24 65.4144 3.126 -28.45 65.4144
3 16 3.126 -24 65.4144 0 -24 66.252 3.126 -28.45 65.4144
3 16 3.126 -28.45 65.4144 0 -24 66.252 0 -28.45 66.252
3 16 0 -24 66.252 -3.126 -24 65.4144 0 -28.45 66.252
3 16 0 -28.45 66.252 -3.126 -24 65.4144 -3.126 -28.45 65.4144
3 16 -3.126 -24 65.4144 -5.4144 -24 63.126 -3.126 -28.45 65.4144
3 16 -3.126 -28.45 65.4144 -5.4144 -24 63.126 -5.4144 -28.45 63.126
3 16 -5.4144 -24 63.126 -6.252 -24 60 -5.4144 -28.45 63.126
3 16 -5.4144 -28.45 63.126 -6.252 -24 60 -6.252 -28.45 60
3 16 -6.252 -24 60 -5.4144 -24 56.874 -6.252 -28.45 60
3 16 -6.252 -28.45 60 -5.4144 -24 56.874 -5.4144 -28.45 56.874
3 16 -5.4144 -24 56.874 -3.126 -24 54.5856 -5.4144 -28.45 56.874
3 16 -5.4144 -28.45 56.874 -3.126 -24 54.5856 -3.126 -28.45 54.5856
3 16 -3.126 -24 54.5856 0 -24 53.748 -3.126 -28.45 54.5856
3 16 -3.126 -28.45 54.5856 0 -24 53.748 0 -28.45 53.748
3 16 0 -24 53.748 3.126 -24 54.5856 0 -28.45 53.748
3 16 0 -28.45 53.748 3.126 -24 54.5856 3.126 -28.45 54.5856
3 16 3.126 -24 54.5856 5.4144 -24 56.874 3.126 -28.45 54.5856
3 16 3.126 -28.45 54.5856 5.4144 -24 56.874 5.4144 -28.45 56.874
3 16 5.4144 -24 56.874 6.252 -24 60 5.4144 -28.45 56.874
3 16 5.4144 -28.45 56.874 6.252 -24 60 6.252 -28.45 60
3 16 6.252 -24 60 5.4144 -24 63.126 6.252 -28.45 60
3 16 6.252 -28.45 60 5.4144 -24 63.126 5.4144 -28.45 63.126
3 16 5.4144 -28.45 63.126 3.126 -28.45 65.4144 3.5295 -28.45 62.0378
3 16 3.5295 -28.45 62.0378 3.126 -28.45 65.4144 2.0377 -28.45 63.5295
3 16 3.126 -28.45 65.4144 0 -28.45 66.252 2.0377 -28.45 63.5295
3 16 2.0377 -28.45 63.5295 0 -28.45 66.252 0 -28.45 64.0755
3 16 0 -28.45 66.252 -3.126 -28.45 65.4144 0 -28.45 64.0755
3 16 0 -28.45 64.0755 -3.126 -28.45 65.4144 -2.0378 -28.45 63.5295
3 16 -3.126 -28.45 65.4144 -5.4144 -28.45 63.126 -2.0378 -28.45 63.5295
3 16 -2.0378 -28.45 63.5295 -5.4144 -28.45 63.126 -3.5295 -28.45 62.0378
3 16 -5.4144 -28.45 63.126 -6.252 -28.45 60 -3.5295 -28.45 62.0378
3 16 -3.5295 -28.45 62.0378 -6.252 -28.45 60 -4.0755 -28.45 60
3 16 -6.252 -28.45 60 -5.4144 -28.45 56.874 -4.0755 -28.45 60
3 16 -4.0755 -28.45 60 -5.4144 -28.45 56.874 -3.5295 -28.45 57.9623
3 16 -5.4144 -28.45 56.874 -3.126 -28.45 54.5856 -3.5295 -28.45 57.9623
3 16 -3.5295 -28.45 57.9623 -3.126 -28.45 54.5856 -2.0378 -28.45 56.4705
3 16 -3.126 -28.45 54.5856 0 -28.45 53.748 -2.0378 -28.45 56.4705
3 16 -2.0378 -28.45 56.4705 0 -28.45 53.748 0 -28.45 55.9245
3 16 0 -28.45 53.748 3.126 -28.45 54.5856 0 -28.45 55.9245
3 16 0 -28.45 55.9245 3.126 -28.45 54.5856 2.0377 -28.45 56.4705
3 16 3.126 -28.45 54.5856 5.4144 -28.45 56.874 2.0377 -28.45 56.4705
3 16 2.0377 -28.45 56.4705 5.4144 -28.45 56.874 3.5295 -28.45 57.9623
3 16 5.4144 -28.45 56.874 6.252 -28.45 60 3.5295 -28.45 57.9623
3 16 3.5295 -28.45 57.9623 6.252 -28.45 60 4.0755 -28.45 60
3 16 6.252 -28.45 60 5.4144 -28.45 63.126 4.0755 -28.45 60
3 16 4.0755 -28.45 60 5.4144 -28.45 63.126 3.5295 -28.45 62.0378
3 16 3.5295 -28.45 62.0378 2.0377 -28.45 63.5295 3.5295 -24 62.0378
3 16 3.5295 -24 62.0378 2.0377 -28.45 63.5295 2.0377 -24 63.5295
3 16 2.0377 -28.45 63.5295 0 -28.45 64.0755 2.0377 -24 63.5295
3 16 2.0377 -24 63.5295 0 -28.45 64.0755 0 -24 64.0755
3 16 0 -28.45 64.0755 -2.0378 -28.45 63.5295 0 -24 64.0755
3 16 0 -24 64.0755 -2.0378 -28.45 63.5295 -2.0378 -24 63.5295
3 16 -2.0378 -28.45 63.5295 -3.5295 -28.45 62.0378 -2.0378 -24 63.5295
3 16 -2.0378 -24 63.5295 -3.5295 -28.45 62.0378 -3.5295 -24 62.0378
3 16 -3.5295 -28.45 62.0378 -4.0755 -28.45 60 -3.5295 -24 62.0378
3 16 -3.5295 -24 62.0378 -4.0755 -28.45 60 -4.0755 -24 60
3 16 -4.0755 -28.45 60 -3.5295 -28.45 57.9623 -4.0755 -24 60
3 16 -4.0755 -24 60 -3.5295 -28.45 57.9623 -3.5295 -24 57.9623
3 16 -3.5295 -28.45 57.9623 -2.0378 -28.45 56.4705 -3.5295 -24 57.9623
3 16 -3.5295 -24 57.9623 -2.0378 -28.45 56.4705 -2.0378 -24 56.4705
3 16 -2.0378 -28.45 56.4705 0 -28.45 55.9245 -2.0378 -24 56.4705
3 16 -2.0378 -24 56.4705 0 -28.45 55.9245 0 -24 55.9245
3 16 0 -28.45 55.9245 2.0377 -28.45 56.4705 0 -24 55.9245
3 16 0 -24 55.9245 2.0377 -28.45 56.4705 2.0377 -24 56.4705
3 16 2.0377 -28.45 56.4705 3.5295 -28.45 57.9623 2.0377 -24 56.4705
3 16 2.0377 -24 56.4705 3.5295 -28.45 57.9623 3.5295 -24 57.9623
3 16 3.5295 -28.45 57.9623 4.0755 -28.45 60 3.5295 -24 57.9623
3 16 3.5295 -24 57.9623 4.0755 -28.45 60 4.0755 -24 60
3 16 4.0755 -28.45 60 3.5295 -28.45 62.0378 4.0755 -24 60
3 16 4.0755 -24 60 3.5295 -28.45 62.0378 3.5295 -24 62.0378
3 16 45.4144 -24 83.126 43.126 -24 85.4144 45.4144 -28.45 83.126
3 16 45.4144 -28.45 83.126 43.126 -24 85.4144 43.126 -28.45 85.4144
3 16 43.126 -24 85.4144 40 -24 86.252 43.126 -28.45 85.4144
3 16 43.126 -28.45 85.4144 40 -24 86.252 40 -28.45 86.252
3 16 40 -24 86.252 36.874 -24 85.4144 40 -28.45 86.252
3 16 40 -28.45 86.252 36.874 -24 85.4144 36.874 -28.45 85.4144
3 16 36.874 -24 85.4144 34.5856 -24 83.126 36.874 -28.45 85.4144
3 16 36.874 -28.45 85.4144 34.5856 -24 83.126 34.5856 -28.45 83.126
3 16 34.5856 -24 83.126 33.748 -24 80 34.5856 -28.45 83.126
3 16 34.5856 -28.45 83.126 33.748 -24 80 33.748 -28.45 80
3 16 33.748 -24 80 34.5856 -24 76.874 33.748 -28.45 80
3 16 33.748 -28.45 80 34.5856 -24 76.874 34.5856 -28.45 76.874
3 16 34.5856 -24 76.874 36.874 -24 74.5856 34.5856 -28.45 76.874
3 16 34.5856 -28.45 76.874 36.874 -24 74.5856 36.874 -28.45 74.5856
3 16 36.874 -24 74.5856 40 -24 73.748 36.874 -28.45 74.5856
3 16 36.874 -28.45 74.5856 40 -24 73.748 40 -28.45 73.748
3 16 40 -24 73.748 43.126 -24 74.5856 40 -28.45 73.748
3 16 40 -28.45 73.748 43.126 -24 74.5856 43.126 -28.45 74.5856
3 16 43.126 -24 74.5856 45.4144 -24 76.874 43.126 -28.45 74.5856
3 16 43.126 -28.45 74.5856 45.4144 -24 76.874 45.4144 -28.45 76.874
3 16 45.4144 -24 76.874 46.252 -24 80 45.4144 -28.45 76.874
3 16 45.4144 -28.45 76.874 46.252 -24 80 46.252 -28.45 80
3 16 46.252 -24 80 45.4144 -24 83.126 46.252 -28.45 80
3 16 46.252 -28.45 80 45.4144 -24 83.126 45.4144 -28.45 83.126
3 16 45.4144 -28.45 83.126 43.126 -28.45 85.4144 43.5295 -28.45 82.0378
3 16 43.5295 -28.45 82.0378 43.126 -28.45 85.4144 42.0377 -28.45 83.5295
3 16 43.126 -28.45 85.4144 40 -28.45 86.252 42.0377 -28.45 83.5295
3 16 42.0377 -28.45 83.5295 40 -28.45 86.252 40 -28.45 84.0755
3 16 40 -28.45 86.252 36.874 -28.45 85.4144 40 -28.45 84.0755
3 16 40 -28.45 84.0755 36.874 -28.45 85.4144 37.9623 -28.45 83.5295
3 16 36.874 -28.45 85.4144 34.5856 -28.45 83.126 37.9623 -28.45 83.5295
3 16 37.9623 -28.45 83.5295 34.5856 -28.45 83.126 36.4705 -28.45 82.0378
3 16 34.5856 -28.45 83.126 33.748 -28.45 80 36.4705 -28.45 82.0378
3 16 36.4705 -28.45 82.0378 33.748 -28.45 80 35.9245 -28.45 80
3 16 33.748 -28.45 80 34.5856 -28.45 76.874 35.9245 -28.45 80
3 16 35.9245 -28.45 80 34.5856 -28.45 76.874 36.4705 -28.45 77.9622
3 16 34.5856 -28.45 76.874 36.874 -28.45 74.5856 36.4705 -28.45 77.9622
3 16 36.4705 -28.45 77.9622 36.874 -28.45 74.5856 37.9623 -28.45 76.4705
3 16 36.874 -28.45 74.5856 40 -28.45 73.748 37.9623 -28.45 76.4705
3 16 37.9623 -28.45 76.4705 40 -28.45 73.748 40 -28.45 75.9245
3 16 40 -28.45 73.748 43.126 -28.45 74.5856 40 -28.45 75.9245
3 16 40 -28.45 75.9245 43.126 -28.45 74.5856 42.0377 -28.45 76.4705
3 16 43.126 -28.45 74.5856 45.4144 -28.45 76.874 42.0377 -28.45 76.4705
3 16 42.0377 -28.45 76.4705 45.4144 -28.45 76.874 43.5295 -28.45 77.9622
3 16 45.4144 -28.45 76.874 46.252 -28.45 80 43.5295 -28.45 77.9622
3 16 43.5295 -28.45 77.9622 46.252 -28.45 80 44.0755 -28.45 80
3 16 46.252 -28.45 80 45.4144 -28.45 83.126 44.0755 -28.45 80
3 16 44.0755 -28.45 80 45.4144 -28.45 83.126 43.5295 -28.45 82.0378
3 16 43.5295 -28.45 82.0378 42.0377 -28.45 83.5295 43.5295 -24 82.0378
3 16 43.5295 -24 82.0378 42.0377 -28.45 83.5295 42.0377 -24 83.5295
3 16 42.0377 -28.45 83.5295 40 -28.45 84.0755 42.0377 -24 83.5295
3 16 42.0377 -24 83.5295 40 -28.45 84.0755 40 -24 84.0755
3 16 40 -28.45 84.0755 37.9623 -28.45 83.5295 40 -24 84.0755
3 16 40 -24 84.0755 37.9623 -28.45 83.5295 37.9623 -24 83.5295
3 16 37.9623 -28.45 83.5295 36.4705 -28.45 82.0378 37.9623 -24 83.5295
3 16 37.9623 -24 83.5295 36.4705 -28.45 82.0378 36.4705 -24 82.0378
3 16 36.4705 -28.45 82.0378 35.9245 -28.45 80 36.4705 -24 82.0378
3 16 36.4705 -24 82.0378 35.9245 -28.45 80 35.9245 -24 80
3 16 35.9245 -28.45 80 36.4705 -28.45 77.9622 35.9245 -24 80
3 16 35.9245 -24 80 36.4705 -28.45 77.9622 36.4705 -24 77.9622
3 16 36.4705 -28.45 77.9622 37.9623 -28.45 76.4705 36.4705 -24 77.9622
3 16 36.4705 -24 77.9622 37.9623 -28.45 76.4705 37.9623 -24 76.4705
3 16 37.9623 -28.45 76.4705 40 -28.45 75.9245 37.9623 -24 76.4705
3 16 37.9623 -24 76.4705 40 -28.45 75.9245 40 -24 75.9245
3 16 40 -28.45 75.9245 42.0377 -28.45 76.4705 40 -24 75.9245
3 16 40 -24 75.9245 42.0377 -28.45 76.4705 42.0377 -24 76.4705
3 16 42.0377 -28.45 76.4705 43.5295 -28.45 77.9622 42.0377 -24 76.4705
3 16 42.0377 -24 76.4705 43.5295 -28.45 77.9622 43.5295 -24 77.9622
3 16 43.5295 -28.45 77.9622 44.0755 -28.45 80 43.5295 -24 77.9622
3 16 43.5295 -24 77.9622 44.0755 -28.45 80 44.0755 -24 80
3 16 44.0755 -28.45 80 43.5295 -28.45 82.0378 44.0755 -24 80
3 16 44.0755 -24 80 43.5295 -28.45 82.0378 43.5295 -24 82.0378
3 16 85.4144 -24 83.126 83.126 -24 85.4144 85.4144 -28.45 83.126
3 16 85.4144 -28.45 83.126 83.126 -24 85.4144 83.126 -28.45 85.4144
3 16 83.126 -24 85.4144 80 -24 86.252 83.126 -28.45 85.4144
3 16 83.126 -28.45 85.4144 80 -24 86.252 80 -28.45 86.252
3 16 80 -24 86.252 76.874 -24 85.4144 80 -28.45 86.252
3 16 80 -28.45 86.252 76.874 -24 85.4144 76.874 -28.45 85.4144
3 16 76.874 -24 85.4144 74.5856 -24 83.126 76.874 -28.45 85.4144
3 16 76.874 -28.45 85.4144 74.5856 -24 83.126 74.5856 -28.45 83.126
3 16 74.5856 -24 83.126 73.748 -24 80 74.5856 -28.45 83.126
3 16 74.5856 -28.45 83.126 73.748 -24 80 73.748 -28.45 80
3 16 73.748 -24 80 74.5856 -24 76.874 73.748 -28.45 80
3 16 73.748 -28.45 80 74.5856 -24 76.874 74.5856 -28.45 76.874
3 16 74.5856 -24 76.874 76.874 -24 74.5856 74.5856 -28.45 76.874
3 16 74.5856 -28.45 76.874 76.874 -24 74.5856 76.874 -28.45 74.5856
3 16 76.874 -24 74.5856 80 -24 73.748 76.874 -28.45 74.5856
3 16 76.874 -28.45 74.5856 80 -24 73.748 80 -28.45 73.748
3 16 80 -24 73.748 83.126 -24 74.5856 80 -28.45 73.748
3 16 80 -28.45 73.748 83.126 -24 74.5856 83.126 -28.45 74.5856
3 16 83.126 -24 74.5856 85.4144 -24 76.874 83.126 -28.45 74.5856
3 16 83.126 -28.45 74.5856 85.4144 -24 76.874 85.4144 -28.45 76.874
3 16 85.4144 -24 76.874 86.252 -24 80 85.4144 -28.45 76.874
3 16 85.4144 -28.45 76.874 86.252 -24 80 86.252 -28.45 80
3 16 86.252 -24 80 85.4144 -24 83.126 86.252 -28.45 80
3 16 86.252 -28.45 80 85.4144 -24 83.126 85.4144 -28.45 83.126
3 16 85.4144 -28.45 83.126 83.126 -28.45 85.4144 83.5295 -28.45 82.0378
3 16 83.5295 -28.45 82.0378 83.126 -28.45 85.4144 82.0377 -28.45 83.5295
3 16 83.126 -28.45 85.4144 80 -28.45 86.252 82.0377 -28.45 83.5295
3 16 82.0377 -28.45 83.5295 80 -28.45 86.252 80 -28.45 84.0755
3 16 80 -28.45 86.252 76.874 -28.45 85.4144 80 -28.45 84.0755
3 16 80 -28.45 84.0755 76.874 -28.45 85.4144 77.9623 -28.45 83.5295
3 16 76.874 -28.45 85.4144 74.5856 -28.45 83.126 77.9623 -28.45 83.5295
3 16 77.9623 -28.45 83.5295 74.5856 -28.45 83.126 76.4705 -28.45 82.0378
3 16 74.5856 -28.45 83.126 73.748 -28.45 80 76.4705 -28.45 82.0378
3 16 76.4705 -28.45 82.0378 73.748 -28.45 80 75.9245 -28.45 80
3 16 73.748 -28.45 80 74.5856 -28.45 76.874 75.9245 -28.45 80
3 16 75.9245 -28.45 80 74.5856 -28.45 76.874 76.4705 -28.45 77.9622
3 16 74.5856 -28.45 76.874 76.874 -28.45 74.5856 76.4705 -28.45 77.9622
3 16 76.4705 -28.45 77.9622 76.874 -28.45 74.5856 77.9623 -28.45 76.4705
3 16 76.874 -28.45 74.5856 80 -28.45 73.748 77.9623 -28.45 76.4705
3 16 77.9623 -28.45 76.4705 80 -28.45 73.748 80 -28.45 75.9245
3 16 80 -28.45 73.748 83.126 -28.45 74.5856 80 -28.45 75.9245
3 16 80 -28.45 75.9245 83.126 -28.45 74.5856 82.0377 -28.45 76.4705
3 16 83.126 -28.45 74.5856 85.4144 -28.45 76.874 82.0377 -28.45 76.4705
3 16 82.0377 -28.45 76.4705 85.4144 -28.45 76.874 83.5295 -28.45 77.9622
3 16 85.4144 -28.45 76.874 86.252 -28.45 80 83.5295 -28.45 77.9622
3 16 83.5295 -28.45 77.9622 86.252 -28.45 80 84.0755 -28.45 80
3 16 86.252 -28.45 80 85.4144 -28.45 83.126 84.0755 -28.45 80
3 16 84.0755 -28.45 80 85.4144 -28.45 83.126 83.5295 -28.45 82.0378
3 16 83.5295 -28.45 82.0378 82.0377 -28.45 83.5295 83.5295 -24 82.0378
3 16 83.5295 -24 82.0378 82.0377 -28.45 83.5295 82.0377 -24 83.5295
3 16 82.0377 -28.45 83.5295 80 -28.45 84.0755 82.0377 -24 83.5295
3 16 82.0377 -24 83.5295 80 -28.45 84.0755 80 -24 84.0755
3 16 80 -28.45 84.0755 77.9623 -28.45 83.5295 80 -24 84.0755
3 16 80 -24 84.0755 77.9623 -28.45 83.5295 77.9623 -24 83.5295
3 16 77.9623 -28.45 83.5295 76.4705 -28.45 82.0378 77.9623 -24 83.5295
3 16 77.9623 -24 83.5295 76.4705 -28.45 82.0378 76.4705 -24 82.0378
3 16 76.4705 -28.45 82.0378 75.9245 -28.45 80 76.4705 -24 82.0378
3 16 76.4705 -24 82.0378 75.9245 -28.45 80 75.9245 -24 80
3 16 75.9245 -28.45 80 76.4705 -28.45 77.9622 75.9245 -24 80
3 16 75.9245 -24 80 76.4705 -28.45 77.9622 76.4705 -24 77.9622
3 16 76.4705 -28.45 77.9622 77.9623 -28.45 76.4705 76.4705 -24 77.9622
3 16 76.4705 -24 77.9622 77.9623 -28.45 76.4705 77.9623 -24 76.4705
3 16 77.9623 -28.45 76.4705 80 -28.45 75.9245 77.9623 -24 76.4705
3 16 77.9623 -24 76.4705 80 -28.45 75.9245 80 -24 75.9245
3 16 80 -28.45 75.9245 82.0377 -28.45 76.4705 80 -24 75.9245
3 16 80 -24 75.9245 82.0377 -28.45 76.4705 82.0377 -24 76.4705
3 16 82.0377 -28.45 76.4705 83.5295 -28.45 77.9622 82.0377 -24 76.4705
3 16 82.0377 -24 76.4705 83.5295 -28.45 77.9622 83.5295 -24 77.9622
3 16 83.5295 -28.45 77.9622 84.0755 -28.45 80 83.5295 -24 77.9622
3 16 83.5295 -24 77.9622 84.0755 -28.45 80 84.0755 -24 80
3 16 84.0755 -28.45 80 83.5295 -28.45 82.0378 84.0755 -24 80
3 16 84.0755 -24 80 83.5295 -28.45 82.0378 83.5295 -24 82.0378
3 16 5.4144 -24 43.126 3.126 -24 45.4144 5.4144 -28.45 43.126
3 16 5.4144 -28.45 43.126 3.126 -24 45.4144 3.126 -28.45 45.4144
3 16 3.126 -24 45.4144 0 -24 46.252 3.126 -28.45 45.4144
3 16 3.126 -28.45 45.4144 0 -24 46.252 0 -28.45 46.252
3 16 0 -24 46.252 -3.126 -24 45.4144 0 -28.45 46.252
3 16 0 -28.45 46.252 -3.126 -24 45.4144 -3.126 -28.45 45.4144
3 16 -3.126 -24 45.4144 -5.4144 -24 43.126 -3.126 -28.45 45.4144
3 16 -3.126 -28.45 45.4144 -5.4144 -24 43.126 -5.4144 -28.45 43.126
3 16 -5.4144 -24 43.126 -6.252 -24 40 -5.4144 -28.45 43.126
3 16 -5.4144 -28.45 43.126 -6.252 -24 40 -6.252 -28.45 40
3 16 -6.252 -24 40 -5.4144 -24 36.874 -6.252 -28.45 40
3 16 -6.252 -28.45 40 -5.4144 -24 36.874 -5.4144 -28.45 36.874
3 16 -5.4144 -24 36.874 -3.126 -24 34.5856 -5.4144 -28.45 36.874
3 16 -5.4144 -28.45 36.874 -3.126 -24 34.5856 -3.126 -28.45 34.5856
3 16 -3.126 -24 34.5856 0 -24 33.748 -3.126 -28.45 34.5856
3 16 -3.126 -28.45 34.5856 0 -24 33.748 0 -28.45 33.748
3 16 0 -24 33.748 3.126 -24 34.5856 0 -28.45 33.748
3 16 0 -28.45 33.748 3.126 -24 34.5856 3.126 -28.45 34.5856
3 16 3.126 -24 34.5856 5.4144 -24 36.874 3.126 -28.45 34.5856
3 16 3.126 -28.45 34.5856 5.4144 -24 36.874 5.4144 -28.45 36.874
3 16 5.4144 -24 36.874 6.252 -24 40 5.4144 -28.45 36.874
3 16 5.4144 -28.45 36.874 6.252 -24 40 6.252 -28.45 40
3 16 6.252 -24 40 5.4144 -24 43.126 6.252 -28.45 40
3 16 6.252 -28.45 40 5.4144 -24 43.126 5.4144 -28.45 43.126
3 16 5.4144 -28.45 43.126 3.126 -28.45 45.4144 3.5295 -28.45 42.0378
3 16 3.5295 -28.45 42.0378 3.126 -28.45 45.4144 2.0377 -28.45 43.5295
3 16 3.126 -28.45 45.4144 0 -28.45 46.252 2.0377 -28.45 43.5295
3 16 2.0377 -28.45 43.5295 0 -28.45 46.252 0 -28.45 44.0755
3 16 0 -28.45 46.252 -3.126 -28.45 45.4144 0 -28.45 44.0755
3 16 0 -28.45 44.0755 -3.126 -28.45 45.4144 -2.0378 -28.45 43.5295
3 16 -3.126 -28.45 45.4144 -5.4144 -28.45 43.126 -2.0378 -28.45 43.5295
3 16 -2.0378 -28.45 43.5295 -5.4144 -28.45 43.126 -3.5295 -28.45 42.0378
3 16 -5.4144 -28.45 43.126 -6.252 -28.45 40 -3.5295 -28.45 42.0378
3 16 -3.5295 -28.45 42.0378 -6.252 -28.45 40 -4.0755 -28.45 40
3 16 -6.252 -28.45 40 -5.4144 -28.45 36.874 -4.0755 -28.45 40
3 16 -4.0755 -28.45 40 -5.4144 -28.45 36.874 -3.5295 -28.45 37.9623
3 16 -5.4144 -28.45 36.874 -3.126 -28.45 34.5856 -3.5295 -28.45 37.9623
3 16 -3.5295 -28.45 37.9623 -3.126 -28.45 34.5856 -2.0378 -28.45 36.4705
3 16 -3.126 -28.45 34.5856 0 -28.45 33.748 -2.0378 -28.45 36.4705
3 16 -2.0378 -28.45 36.4705 0 -28.45 33.748 0 -28.45 35.9245
3 16 0 -28.45 33.748 3.126 -28.45 34.5856 0 -28.45 35.9245
3 16 0 -28.45 35.9245 3.126 -28.45 34.5856 2.0377 -28.45 36.4705
3 16 3.126 -28.45 34.5856 5.4144 -28.45 36.874 2.0377 -28.45 36.4705
3 16 2.0377 -28.45 36.4705 5.4144 -28.45 36.874 3.5295 -28.45 37.9623
3 16 5.4144 -28.45 36.874 6.252 -28.45 40 3.5295 -28.45 37.9623
3 16 3.5295 -28.45 37.9623 6.252 -28.45 40 4.0755 -28.45 40
3 16 6.252 -28.45 40 5.4144 -28.45 43.126 4.0755 -28.45 40
3 16 4.0755 -28.45 40 5.4144 -28.45 43.126 3.5295 -28.45 42.0378
3 16 3.5295 -28.45 42.0378 2.0377 -28.45 43.5295 3.5295 -24 42.0378
3 16 3.5295 -24 42.0378 2.0377 -28.45 43.5295 2.0377 -24 43.5295
3 16 2.0377 -28.45 43.5295 0 -28.45 44.0755 2.0377 -24 43.5295
3 16 2.0377 -24 43.5295 0 -28.45 44.0755 0 -24 44.0755
3 16 0 -28.45 44.0755 -2.0378 -28.45 43.5295 0 -24 44.0755
3 16 0 -24 44.0755 -2.0378 -28.45 43.5295 -2.0378 -24 43.5295
3 16 -2.0378 -28.45 43.5295 -3.5295 -28.45 42.0378 -2.0378 -24 43.5295
3 16 -2.0378 -24 43.5295 -3.5295 -28.45 42.0378 -3.5295 -24 42.0378
3 16 -3.5295 -28.45 42.0378 -4.0755 -28.45 40 -3.5295 -24 42.0378
3 16 -3.5295 -24 42.0378 -4.0755 -28.45 40 -4.0755 -24 40
3 16 -4.0755 -28.45 40 -3.5295 -28.45 37.9623 -4.0755 -24 40
3 16 -4.0755 -24 40 -3.5295 -28.45 37.9623 -3.5295 -24 37.9623
3 16 -3.5295 -28.45 37.9623 -2.0378 -28.45 36.4705 -3.5295 -24 37.9623
3 16 -3.5295 -24 37.9623 -2.0378 -28.45 36.4705 -2.0378 -24 36.4705
3 16 -2.0378 -28.45 36.4705 0 -28.45 35.9245 -2.0378 -24 36.4705
3 16 -2.0378 -24 36.4705 0 -28.45 35.9245 0 -24 35.9245
3 16 0 -28.45 35.9245 2.0377 -28.45 36.4705 0 -24 35.9245
3 16 0 -24 35.9245 2.0377 -28.45 36.4705 2.0377 -24 36.4705
3 16 2.0377 -28.45 36.4705 3.5295 -28.45 37.9623 2.0377 -24 36.4705
3 16 2.0377 -24 36.4705 3.5295 -28.45 37.9623 3.5295 -24 37.9623
3 16 3.5295 -28.45 37.9623 4.0755 -28.45 40 3.5295 -24 37.9623
3 16 3.5295 -24 37.9623 4.0755 -28.45 40 4.0755 -24 40
3 16 4.0755 -28.45 40 3.5295 -28.45 42.0378 4.0755 -24 40
3 16 4.0755 -24 40 3.5295 -28.45 42.0378 3.5295 -24 42.0378
3 16 5.4144 -24 23.126 3.126 -24 25.4144 5.4144 -28.45 23.126
3 16 5.4144 -28.45 23.126 3.126 -24 25.4144 3.126 -28.45 25.4144
3 16 3.126 -24 25.4144 0 -24 26.252 3.126 -28.45 25.4144
3 16 3.126 -28.45 25.4144 0 -24 26.252 0 -28.45 26.252
3 16 0 -24 26.252 -3.126 -24 25.4144 0 -28.45 26.252
3 16 0 -28.45 26.252 -3.126 -24 25.4144 -3.126 -28.45 25.4144
3 16 -3.126 -24 25.4144 -5.4144 -24 23.126 -3.126 -28.45 25.4144
3 16 -3.126 -28.45 25.4144 -5.4144 -24 23.126 -5.4144 -28.45 23.126
3 16 -5.4144 -24 23.126 -6.252 -24 20 -5.4144 -28.45 23.126
3 16 -5.4144 -28.45 23.126 -6.252 -24 20 -6.252 -28.45 20
3 16 -6.252 -24 20 -5.4144 -24 16.874 -6.252 -28.45 20
3 16 -6.252 -28.45 20 -5.4144 -24 16.874 -5.4144 -28.45 16.874
3 16 -5.4144 -24 16.874 -3.126 -24 14.5856 -5.4144 -28.45 16.874
3 16 -5.4144 -28.45 16.874 -3.126 -24 14.5856 -3.126 -28.45 14.5856
3 16 -3.126 -24 14.5856 0 -24 13.748 -3.126 -28.45 14.5856
3 16 -3.126 -28.45 14.5856 0 -24 13.748 0 -28.45 13.748
3 16 0 -24 13.748 3.126 -24 14.5856 0 -28.45 13.748
3 16 0 -28.45 13.748 3.126 -24 14.5856 3.126 -28.45 14.5856
3 16 3.126 -24 14.5856 5.4144 -24 16.874 3.126 -28.45 14.5856
3 16 3.126 -28.45 14.5856 5.4144 -24 16.874 5.4144 -28.45 16.874
3 16 5.4144 -24 16.874 6.252 -24 20 5.4144 -28.45 16.874
3 16 5.4144 -28.45 16.874 6.252 -24 20 6.252 -28.45 20
3 16 6.252 -24 20 5.4144 -24 23.126 6.252 -28.45 20
3 16 6.252 -28.45 20 5.4144 -24 23.126 5.4144 -28.45 23.126
3 16 5.4144 -28.45 23.126 3.126 -28.45 25.4144 3.5295 -28.45 22.0378
3 16 3.5295 -28.45 22.0378 3.126 -28.45 25.4144 2.0377 -28.45 23.5295
3 16 3.126 -28.45 25.4144 0 -28.45 26.252 2.0377 -28.45 23.5295
3 16 2.0377 -28.45 23.5295 0 -28.45 26.252 0 -28.45 24.0755
3 16 0 -28.45 26.252 -3.126 -28.45 25.4144 0 -28.45 24.0755
3 16 0 -28.45 24.0755 -3.126 -28.45 25.4144 -2.0378 -28.45 23.5295
3 16 -3.126 -28.45 25.4144 -5.4144 -28.45 23.126 -2.0378 -28.45 23.5295
3 16 -2.0378 -28.45 23.5295 -5.4144 -28.45 23.126 -3.5295 -28.45 22.0378
3 16 -5.4144 -28.45 23.126 -6.252 -28.45 20 -3.5295 -28.45 22.0378
3 16 -3.5295 -28.45 22.0378 -6.252 -28.45 20 -4.0755 -28.45 20
3 16 -6.252 -28.45 20 -5.4144 -28.45 16.874 -4.0755 -28.45 20
3 16 -4.0755 -28.45 20 -5.4144 -28.45 16.874 -3.5295 -28.45 17.9623
3 16 -5.4144 -28.45 16.874 -3.126 -28.45 14.5856 -3.5295 -28.45 17.9623
3 16 -3.5295 -28.45 17.9623 -3.126 -28.45 14.5856 -2.0378 -28.45 16.4705
3 16 -3.126 -28.45 14.5856 0 -28.45 13.748 -2.0378 -28.45 16.4705
3 16 -2.0378 -28.45 16.4705 0 -28.45 13.748 0 -28.45 15.9245
3 16 0 -28.45 13.748 3.126 -28.45 14.5856 0 -28.45 15.9245
3 16 0 -28.45 15.9245 3.126 -28.45 14.5856 2.0377 -28.45 16.4705
3 16 3.126 -28.45 14.5856 5.4144 -28.45 16.874 2.0377 -28.45 16.4705
3 16 2.0377 -28.45 16.4705 5.4144 -28.45 16.874 3.5295 -28.45 17.9623
3 16 5.4144 -28.45 16.874 6.252 -28.45 20 3.5295 -28.45 17.9623
3 16 3.5295 -28.45 17.9623 6.252 -28.45 20 4.0755 -28.45 20
3 16 6.252 -28.45 20 5.4144 -28.45 23.126 4.0755 -28.45 20
3 16 4.0755 -28.45 20 5.4144 -28.45 23.126 3.5295 -28.45 22.0378
3 16 3.5295 -28.45 22.0378 2.0377 -28.45 23.5295 3.5295 -24 22.0378
3 16 3.5295 -24 22.0378 2.0377 -28.45 23.5295 2.0377 -24 23.5295
3 16 2.0377 -28.45 23.5295 0 -28.45 24.0755 2.0377 -24 23.5295
3 16 2.0377 -24 23.5295 0 -28.45 24.0755 0 -24 24.0755
3 16 0 -28.45 24.0755 -2.0378 -28.45 23.5295 0 -24 24.0755
3 16 0 -24 24.0755 -2.0378 -28.45 23.5295 -2.0378 -24 23.5295
3 16 -2.0378 -28.45 23.5295 -3.5295 -28.45 22.0378 -2.0378 -24 23.5295
3 16 -2.0378 -24 23.5295 -3.5295 -28.45 22.0378 -3.5295 -24 22.0378
3 16 -3.5295 -28.45 22.0378 -4.0755 -28.45 20 -3.5295 -24 22.0378
3 16 -3.5295 -24 22.0378 -4.0755 -28.45 20 -4.0755 -24 20
3 16 -4.0755 -28.45 20 -3.5295 -28.45 17.9623 -4.0755 -24 20
3 16 -4.0755 -24 20 -3.5295 -28.45 17.9623 -3.5295 -24 17.9623
3 16 -3.5295 -28.45 17.9623 -2.0378 -28.45 16.4705 -3.5295 -24 17.9623
3 16 -3.5295 -24 17.9623 -2.0378 -28.45 16.4705 -2.0378 -24 16.4705
3 16 -2.0378 -28.45 16.4705 0 -28.45 15.9245 -2.0378 -24 16.4705
3 16 -2.0378 -24 16.4705 0 -28.45 15.9245 0 -24 15.9245
3 16 0 -28.45 15.9245 2.0377 -28.45 16.4705 0 -24 15.9245
3 16 0 -24 15.9245 2.0377 -28.45 16.4705 2.0377 -24 16.4705
3 16 2.0377 -28.45 16.4705 3.5295 -28.45 17.9623 2.0377 -24 16.4705
3 16 2.0377 -24 16.4705 3.5295 -28.45 17.9623 3.5295 -24 17.9623
3 16 3.5295 -28.45 17.9623 4.0755 -28.45 20 3.5295 -24 17.9623
3 16 3.5295 -24 17.9623 4.0755 -28.45 20 4.0755 -24 20
3 16 4.0755 -28.45 20 3.5295 -28.45 22.0378 4.0755 -24 20
3 16 4.0755 -24 20 3.5295 -28.45 22.0378 3.5295 -24 22.0378
3 16 25.4144 -24 83.126 23.126 -24 85.4144 25.4144 -28.45 83.126
3 16 25.4144 -28.45 83.126 23.126 -24 85.4144 23.126 -28.45 85.4144
3 16 23.126 -24 85.4144 20 -24 86.252 23.126 -28.45 85.4144
3 16 23.126 -28.45 85.4144 20 -24 86.252 20 -28.45 86.252
3 16 20 -24 86.252 16.874 -24 85.4144 20 -28.45 86.252
3 16 20 -28.45 86.252 16.874 -24 85.4144 16.874 -28.45 85.4144
3 16 16.874 -24 85.4144 14.5856 -24 83.126 16.874 -28.45 85.4144
3 16 16.874 -28.45 85.4144 14.5856 -24 83.126 14.5856 -28.45 83.126
3 16 14.5856 -24 83.126 13.748 -24 80 14.5856 -28.45 83.126
3 16 14.5856 -28.45 83.126 13.748 -24 80 13.748 -28.45 80
3 16 13.748 -24 80 14.5856 -24 76.874 13.748 -28.45 80
3 16 13.748 -28.45 80 14.5856 -24 76.874 14.5856 -28.45 76.874
3 16 14.5856 -24 76.874 16.874 -24 74.5856 14.5856 -28.45 76.874
3 16 14.5856 -28.45 76.874 16.874 -24 74.5856 16.874 -28.45 74.5856
3 16 16.874 -24 74.5856 20 -24 73.748 16.874 -28.45 74.5856
3 16 16.874 -28.45 74.5856 20 -24 73.748 20 -28.45 73.748
3 16 20 -24 73.748 23.126 -24 74.5856 20 -28.45 73.748
3 16 20 -28.45 73.748 23.126 -24 74.5856 23.126 -28.45 74.5856
3 16 23.126 -24 74.5856 25.4144 -24 76.874 23.126 -28.45 74.5856
3 16 23.126 -28.45 74.5856 25.4144 -24 76.874 25.4144 -28.45 76.874
3 16 25.4144 -24 76.874 26.252 -24 80 25.4144 -28.45 76.874
3 16 25.4144 -28.45 76.874 26.252 -24 80 26.252 -28.45 80
3 16 26.252 -24 80 25.4144 -24 83.126 26.252 -28.45 80
3 16 26.252 -28.45 80 25.4144 -24 83.126 25.4144 -28.45 83.126
3 16 25.4144 -28.45 83.126 23.126 -28.45 85.4144 23.5295 -28.45 82.0378
3 16 23.5295 -28.45 82.0378 23.126 -28.45 85.4144 22.0377 -28.45 83.5295
3 16 23.126 -28.45 85.4144 20 -28.45 86.252 22.0377 -28.45 83.5295
3 16 22.0377 -28.45 83.5295 20 -28.45 86.252 20 -28.45 84.0755
3 16 20 -28.45 86.252 16.874 -28.45 85.4144 20 -28.45 84.0755
3 16 20 -28.45 84.0755 16.874 -28.45 85.4144 17.9623 -28.45 83.5295
3 16 16.874 -28.45 85.4144 14.5856 -28.45 83.126 17.9623 -28.45 83.5295
3 16 17.9623 -28.45 83.5295 14.5856 -28.45 83.126 16.4705 -28.45 82.0378
3 16 14.5856 -28.45 83.126 13.748 -28.45 80 16.4705 -28.45 82.0378
3 16 16.4705 -28.45 82.0378 13.748 -28.45 80 15.9245 -28.45 80
3 16 13.748 -28.45 80 14.5856 -28.45 76.874 15.9245 -28.45 80
3 16 15.9245 -28.45 80 14.5856 -28.45 76.874 16.4705 -28.45 77.9622
3 16 14.5856 -28.45 76.874 16.874 -28.45 74.5856 16.4705 -28.45 77.9622
3 16 16.4705 -28.45 77.9622 16.874 -28.45 74.5856 17.9623 -28.45 76.4705
3 16 16.874 -28.45 74.5856 20 -28.45 73.748 17.9623 -28.45 76.4705
3 16 17.9623 -28.45 76.4705 20 -28.45 73.748 20 -28.45 75.9245
3 16 20 -28.45 73.748 23.126 -28.45 74.5856 20 -28.45 75.9245
3 16 20 -28.45 75.9245 23.126 -28.45 74.5856 22.0377 -28.45 76.4705
3 16 23.126 -28.45 74.5856 25.4144 -28.45 76.874 22.0377 -28.45 76.4705
3 16 22.0377 -28.45 76.4705 25.4144 -28.45 76.874 23.5295 -28.45 77.9622
3 16 25.4144 -28.45 76.874 26.252 -28.45 80 23.5295 -28.45 77.9622
3 16 23.5295 -28.45 77.9622 26.252 -28.45 80 24.0755 -28.45 80
3 16 26.252 -28.45 80 25.4144 -28.45 83.126 24.0755 -28.45 80
3 16 24.0755 -28.45 80 25.4144 -28.45 83.126 23.5295 -28.45 82.0378
3 16 23.5295 -28.45 82.0378 22.0377 -28.45 83.5295 23.5295 -24 82.0378
3 16 23.5295 -24 82.0378 22.0377 -28.45 83.5295 22.0377 -24 83.5295
3 16 22.0377 -28.45 83.5295 20 -28.45 84.0755 22.0377 -24 83.5295
3 16 22.0377 -24 83.5295 20 -28.45 84.0755 20 -24 84.0755
3 16 20 -28.45 84.0755 17.9623 -28.45 83.5295 20 -24 84.0755
3 16 20 -24 84.0755 17.9623 -28.45 83.5295 17.9623 -24 83.5295
3 16 17.9623 -28.45 83.5295 16.4705 -28.45 82.0378 17.9623 -24 83.5295
3 16 17.9623 -24 83.5295 16.4705 -28.45 82.0378 16.4705 -24 82.0378
3 16 16.4705 -28.45 82.0378 15.9245 -28.45 80 16.4705 -24 82.0378
3 16 16.4705 -24 82.0378 15.9245 -28.45 80 15.9245 -24 80
3 16 15.9245 -28.45 80 16.4705 -28.45 77.9622 15.9245 -24 80
3 16 15.9245 -24 80 16.4705 -28.45 77.9622 16.4705 -24 77.9622
3 16 16.4705 -28.45 77.9622 17.9623 -28.45 76.4705 16.4705 -24 77.9622
3 16 16.4705 -24 77.9622 17.9623 -28.45 76.4705 17.9623 -24 76.4705
3 16 17.9623 -28.45 76.4705 20 -28.45 75.9245 17.9623 -24 76.4705
3 16 17.9623 -24 76.4705 20 -28.45 75.9245 20 -24 75.9245
3 16 20 -28.45 75.9245 22.0377 -28.45 76.4705 20 -24 75.9245
3 16 20 -24 75.9245 22.0377 -28.45 76.4705 22.0377 -24 76.4705
3 16 22.0377 -28.45 76.4705 23.5295 -28.45 77.9622 22.0377 -24 76.4705
3 16 22.0377 -24 76.4705 23.5295 -28.45 77.9622 23.5295 -24 77.9622
3 16 23.5295 -28.45 77.9622 24.0755 -28.45 80 23.5295 -24 77.9622
3 16 23.5295 -24 77.9622 24.0755 -28.45 80 24.0755 -24 80
3 16 24.0755 -28.45 80 23.5295 -28.45 82.0378 24.0755 -24 80
3 16 24.0755 -24 80 23.5295 -28.45 82.0378 23.5295 -24 82.0378
2 24 7.851 -18.3493 36.6672 7.851 -14.5671 37.6803
2 24 9.8 -18.3493 36.6672 9.8 -14.5671 37.6803
2 24 7.851 -18.3493 36.6672 7.851 -21.1672 33.8493
2 24 9.8 -18.3493 36.6672 9.8 -21.1672 33.8493
2 24 7.851 -21.1672 33.8493 7.851 -22.1986 30
2 24 9.8 -21.1672 33.8493 9.8 -22.1986 30
2 24 7.851 -19.9127 33.125 7.851 -17.625 35.4127
2 24 -7.7491 -19.9127 33.125 -7.7491 -17.625 35.4127
2 24 7.851 -19.9127 33.125 7.8509 -20.75 30
2 24 -7.7491 -19.9127 33.125 -7.749 -20.75 30
2 24 7.851 -9.0873 33.125 7.851 -8.25 30
2 24 -7.7491 -9.0873 33.125 -7.7491 -8.25 30
2 24 7.851 -9.0873 33.125 7.851 -11.375 35.4127
2 24 -7.7491 -9.0873 33.125 -7.7491 -11.375 35.4127
2 24 7.851 -11.375 35.4127 7.851 -14.5 36.25
2 24 -7.7491 -11.375 35.4127 -7.7491 -14.5 36.25
2 24 7.851 -17.625 35.4127 7.851 -14.5 36.25
2 24 -7.7491 -17.625 35.4127 -7.7491 -14.5 36.25
2 24 7.851 -9.0873 33.125 7.851 -8.25 30
2 24 7.8509 -20.75 30 7.851 -19.9127 33.125
2 24 7.851 -22.1986 30 7.851 -21.1672 33.8493
2 24 7.851 -19.9127 33.125 7.851 -17.625 35.4127
2 24 7.851 -21.1672 33.8493 7.851 -18.3493 36.6672
2 24 7.851 -17.625 35.4127 7.851 -14.5 36.25
2 24 7.851 -18.3493 36.6672 7.851 -14.5671 37.6803
2 24 -7.7491 -14.5 36.25 -7.7491 -11.375 35.4127
2 24 -7.749 -14.5 37.75 -7.749 -10.625 36.7117
2 24 -7.7491 -11.375 35.4127 -7.7491 -9.0873 33.125
2 24 -7.749 -10.625 36.7117 -7.749 -7.7883 33.875
2 24 -7.7491 -9.0873 33.125 -7.7491 -8.25 30
2 24 -7.749 -7.7883 33.875 -7.749 -6.75 30
2 24 -7.749 -20.75 30 -7.7491 -19.9127 33.125
2 24 -7.749 -22.25 30 -7.749 -21.2117 33.875
2 24 -7.7491 -19.9127 33.125 -7.7491 -17.625 35.4127
2 24 -7.749 -21.2117 33.875 -7.749 -18.375 36.7117
2 24 -7.7491 -14.5 36.25 -7.7491 -17.625 35.4127
2 24 -7.749 -14.5 37.75 -7.749 -18.375 36.7117
2 24 -9.8 -21.2117 33.875 -9.8 -22.25 30
2 24 -9.8 0 20 -9.8 0 40
2 24 -9.8 -6.75 30 -9.8 -7.7883 33.875
2 24 6 -8.1945 36.0664 6 -7.1796 34.7927
2 24 6 -7.1796 34.7927 6 -6.4747 33.4641
2 24 4 0 30 3.4641 0 32
2 24 3.4641 0 32 2 0 33.4641
2 24 2 0 33.4641 0 0 34
2 24 4 0 30 3.4641 0 32
2 24 3.999 -5.7501 30 3.4631 -5.966 32
2 24 3.4641 0 32 2 0 33.4641
2 24 3.4631 -5.966 32 1.9991 -6.4747 33.4641
2 24 2 0 33.4641 0 0 34
2 24 1.9991 -6.4747 33.4641 0 -6.7174 34
2 24 6 -5.7501 30 6 -5.9809 31.9962
2 24 3.999 -5.7501 30 3.4631 -5.966 32
2 24 1.9991 -6.4747 33.4641 0 -6.7174 34
2 24 6 -6.4747 33.4641 6 -5.9809 31.9962
2 24 1.9991 -6.4747 33.4641 3.4631 -5.966 32
2 24 6 -5.7501 30 6 -5.9809 31.9962
2 24 6 -5.9809 31.9962 6 -6.4747 33.4641
2 24 6 0 37.8137 6 0 42.1863
2 24 -6 -8.1945 36.0664 -6 -7.1796 34.7927
2 24 6 -8.1945 36.0664 6 -9.7955 37.3765
2 24 -6 -8.1945 36.0664 -6 -9.7955 37.3765
2 24 6 -9.7955 37.3765 6 -11.6593 38.2759
2 24 -6 -9.7955 37.3765 -6 -11.6593 38.2759
2 24 -6 -11.6593 38.2759 -6 -14.0421 38.738
2 24 6 -11.6593 38.2759 6 -14.0421 38.738
2 24 -6 -7.1796 34.7927 -6 -6.4747 33.4641
2 24 -4 0 30 -3.4641 0 32
2 24 -3.4641 0 32 -2 0 33.4641
2 24 0 0 34 -2 0 33.4641
2 24 -3.4631 -5.966 32 -3.999 -5.7501 30
2 24 -3.4641 0 32 -4 0 30
2 24 -3.4631 -5.966 32 -1.9991 -6.4747 33.4641
2 24 -3.4641 0 32 -2 0 33.4641
2 24 0 -6.7174 34 -1.9991 -6.4747 33.4641
2 24 0 0 34 -2 0 33.4641
2 24 -6 -5.7501 30 -6 -5.9809 31.9962
2 24 -3.999 -5.7501 30 -3.4631 -5.966 32
2 24 0 -6.7174 34 -1.9991 -6.4747 33.4641
2 24 -6 -6.4747 33.4641 -6 -5.9809 31.9962
2 24 -1.9991 -6.4747 33.4641 -3.4631 -5.966 32
2 24 -6 -20.75 39.0896 6 -20.75 39.0896
2 24 -6 -14.0421 38.738 -6 -20.75 39.0896
2 24 6 -14.0421 38.738 6 -20.75 39.0896
2 24 -6 0 20 -6 0 40
2 24 -6 -5.7501 30 -6 -5.9809 31.9962
2 24 -6 -5.9809 31.9962 -6 -6.4747 33.4641
2 24 7.851 0 37.8137 9.8 0 37.8137
2 24 7.851 -14.5671 37.6803 7.851 0 37.8137
2 24 9.8 -14.5671 37.6803 9.8 0 37.8137
2 24 7.851 0 37.8137 7.851 -14.5671 37.6803
2 24 7.851 -14.5 36.25 7.851 -11.375 35.4127
2 24 6 -11.6593 38.2759 6 -9.7955 37.3765
2 24 6 -11.6593 41.7241 6 -9.7955 42.6235
2 24 6 -11.6593 38.2759 6 -14.0421 38.738
2 24 6 -11.6593 41.7241 6 -14.0421 41.262
2 24 6 -20.75 39.0896 6 -20.75 40.9105
2 24 6 -14.0421 38.738 6 -20.75 39.0896
2 24 6 -14.0421 41.262 6 -20.75 40.9105
2 24 -6 -8.1945 36.0664 -6 -9.7955 37.3765
2 24 -6 -8.1945 43.9336 -6 -9.7955 42.6235
2 24 -6 -9.7955 37.3765 -6 -11.6593 38.2759
2 24 -6 -9.7955 42.6235 -6 -11.6593 41.7241
2 24 -6 -11.6593 38.2759 -6 -14.0421 38.738
2 24 -6 -11.6593 41.7241 -6 -14.0421 41.262
2 24 -6 -14.0421 38.738 -6 -20.75 39.0896
2 24 -6 -14.0421 41.262 -6 -20.75 40.9105
2 24 -6 -20.75 39.0896 -6 -20.75 40.9105
2 24 6 -20.75 40.9105 6 -20.75 39.0896
2 24 6 -20.75 40.9105 -6 -20.75 40.9105
2 24 6 -20.75 39.0896 -6 -20.75 39.0896
2 24 -6 -20.75 40.9105 -6 -20.75 39.0896
2 24 -6 -8.1945 36.0664 -6 -7.1796 34.7927
2 24 -6 -8.1945 43.9336 -6 -7.1796 45.2073
2 24 6 -8.1945 36.0664 6 -9.7955 37.3765
2 24 6 -8.1945 43.9336 6 -9.7955 42.6235
2 24 7.851 0 37.8137 9.8 0 37.8137
2 24 7.851 0 42.1863 9.8 0 42.1863
2 24 9.8 0 37.8137 9.8 0 42.1863
2 24 6 -6.4747 33.4641 6 -7.1796 34.7927
2 24 6 0 37.8137 6 0 42.1863
2 24 -6 -6.4747 33.4641 -6 -7.1796 34.7927
2 24 -6 0 20 -6 0 40
2 24 -9.8 0 20 -9.8 0 40
2 24 9.8 -24 30 9.8 -24 40
2 24 9.8 -22.1986 30 9.8 -21.1672 33.8493
2 24 9.8 -24 30 9.8 -24 40
2 24 9.8 0 37.8137 9.8 0 42.1863
2 24 9.8 0 37.8137 9.8 -14.5671 37.6803
2 24 9.8 0 42.1863 9.8 -14.5671 42.3128
2 24 7.851 -9.0873 33.125 7.851 -11.375 35.4127
2 24 6 -8.1945 36.0664 6 -7.1796 34.7927
2 24 7.851 -18.3493 56.6672 7.8625 -14.5671 57.6872
2 24 9.8 -18.3493 56.6672 9.8 -14.5671 57.6872
2 24 7.851 -18.3493 56.6672 7.851 -21.1672 53.8493
2 24 9.8 -18.3493 56.6672 9.8 -21.1672 53.8493
2 24 7.851 -21.1672 53.8493 7.851 -22.1986 50
2 24 9.8 -21.1672 53.8493 9.8 -22.1986 50
2 24 7.851 -22.1986 50 7.851 -21.1672 46.1507
2 24 9.8 -22.1986 50 9.8 -21.1672 46.1507
2 24 7.851 -21.1672 46.1507 7.851 -18.3493 43.3328
2 24 9.8 -21.1672 46.1507 9.8 -18.3493 43.3328
2 24 7.851 -18.3493 43.3328 7.851 -14.5671 42.3128
2 24 9.8 -18.3493 43.3328 9.8 -14.5671 42.3128
2 24 7.851 -19.9127 53.125 7.851 -17.625 55.4127
2 24 -7.7491 -19.9127 53.125 -7.7491 -17.625 55.4127
2 24 7.851 -19.9127 53.125 7.851 -20.75 50
2 24 -7.7491 -19.9127 53.125 -7.7491 -20.75 50
2 24 7.851 -20.75 50 7.851 -19.9127 46.875
2 24 -7.7491 -20.75 50 -7.7491 -19.9127 46.875
2 24 7.851 -19.9127 46.875 7.851 -17.625 44.5874
2 24 -7.7491 -19.9127 46.875 -7.7491 -17.625 44.5874
2 24 7.851 -17.625 44.5874 7.851 -14.5 43.75
2 24 -7.7491 -17.625 44.5874 -7.7491 -14.5 43.75
2 24 7.851 -14.5 43.75 7.851 -11.375 44.5874
2 24 -7.7491 -14.5 43.75 -7.7491 -11.375 44.5874
2 24 7.851 -11.375 44.5874 7.851 -9.0873 46.875
2 24 -7.7491 -11.375 44.5874 -7.7491 -9.0873 46.875
2 24 7.851 -9.0873 46.875 7.851 -8.25 50
2 24 -7.7491 -9.0873 46.875 -7.7491 -8.25 50
2 24 7.851 -8.25 50 7.851 -9.0873 53.125
2 24 -7.7491 -8.25 50 -7.7491 -9.0873 53.125
2 24 7.851 -9.0873 53.125 7.851 -11.375 55.4127
2 24 -7.7491 -9.0873 53.125 -7.7491 -11.375 55.4127
2 24 7.851 -11.375 55.4127 7.851 -14.5 56.25
2 24 -7.7491 -11.375 55.4127 -7.7491 -14.5 56.25
2 24 7.851 -17.625 55.4127 7.851 -14.5 56.25
2 24 -7.7491 -17.625 55.4127 -7.7491 -14.5 56.25
2 24 7.851 -9.0873 53.125 7.851 -8.25 50
2 24 7.851 0 57.8137 7.851 0 42.1863
2 24 7.851 -8.25 50 7.851 -9.0873 46.875
2 24 7.851 -14.5 43.75 7.851 -17.625 44.5874
2 24 7.851 -14.5671 42.3128 7.851 -18.3493 43.3328
2 24 7.851 -17.625 44.5874 7.851 -19.9127 46.875
2 24 7.851 -18.3493 43.3328 7.851 -21.1672 46.1507
2 24 7.851 -19.9127 46.875 7.851 -20.75 50
2 24 7.851 -21.1672 46.1507 7.851 -22.1986 50
2 24 7.851 -20.75 50 7.851 -19.9127 53.125
2 24 7.851 -22.1986 50 7.851 -21.1672 53.8493
2 24 7.851 -19.9127 53.125 7.851 -17.625 55.4127
2 24 7.851 -21.1672 53.8493 7.851 -18.3493 56.6672
2 24 7.851 -17.625 55.4127 7.851 -14.5 56.25
2 24 7.851 -18.3493 56.6672 7.8625 -14.5671 57.6872
2 24 -7.7491 -14.5 56.25 -7.7491 -11.375 55.4127
2 24 -7.749 -14.5 57.75 -7.749 -10.625 56.7117
2 24 -7.7491 -11.375 55.4127 -7.7491 -9.0873 53.125
2 24 -7.749 -10.625 56.7117 -7.749 -7.7883 53.875
2 24 -7.7491 -9.0873 53.125 -7.7491 -8.25 50
2 24 -7.749 -7.7883 53.875 -7.749 -6.75 50
2 24 -7.7491 -8.25 50 -7.7491 -9.0873 46.875
2 24 -7.749 -6.75 50 -7.749 -7.7883 46.125
2 24 -7.7491 -9.0873 46.875 -7.7491 -11.375 44.5874
2 24 -7.749 -7.7883 46.125 -7.749 -10.625 43.2883
2 24 -7.7491 -11.375 44.5874 -7.7491 -14.5 43.75
2 24 -7.749 -10.625 43.2883 -7.749 -14.5 42.25
2 24 -7.7491 -14.5 43.75 -7.7491 -17.625 44.5874
2 24 -7.749 -14.5 42.25 -7.749 -18.375 43.2883
2 24 -7.7491 -17.625 44.5874 -7.7491 -19.9127 46.875
2 24 -7.749 -18.375 43.2883 -7.749 -21.2117 46.125
2 24 -7.7491 -19.9127 46.875 -7.7491 -20.75 50
2 24 -7.749 -21.2117 46.125 -7.749 -22.25 50
2 24 -7.7491 -20.75 50 -7.7491 -19.9127 53.125
2 24 -7.749 -22.25 50 -7.749 -21.2117 53.875
2 24 -7.7491 -19.9127 53.125 -7.7491 -17.625 55.4127
2 24 -7.749 -21.2117 53.875 -7.749 -18.375 56.7117
2 24 -7.7491 -14.5 56.25 -7.7491 -17.625 55.4127
2 24 -7.749 -14.5 57.75 -7.749 -18.375 56.7117
2 24 -9.8 -24 40 -9.8 -24 70
2 24 -9.8 -22.25 50 -9.8 -21.2117 53.875
2 24 -9.8 -21.2117 53.875 -9.8 -18.375 56.7117
2 24 -9.8 -24 70 -9.8 0 70
2 24 -9.8 -18.375 56.7117 -9.8 -14.5 57.75
2 24 -9.8 -14.5 57.75 -9.8 -10.625 56.7117
2 24 -9.8 -21.2117 46.125 -9.8 -22.25 50
2 24 -9.8 -14.5 37.75 -9.8 -18.375 36.7117
2 24 -9.8 -14.5 42.25 -9.8 -18.375 43.2883
2 24 -9.8 -14.5 37.75 -9.8 -10.625 36.7117
2 24 -9.8 -14.5 42.25 -9.8 -10.625 43.2883
2 24 -9.8 -7.7883 46.125 -9.8 -6.75 50
2 24 -9.8 0 40 -9.8 0 70
2 24 -9.8 -6.75 50 -9.8 -7.7883 53.875
2 24 -9.8 -10.625 43.2883 -9.8 -7.7883 46.125
2 24 -9.8 -7.7883 33.875 -9.8 -10.625 36.7117
2 24 -9.8 -10.625 56.7117 -9.8 -7.7883 53.875
2 24 6 -8.1945 43.9336 6 -7.1796 45.2073
2 24 6 -8.1945 43.9336 6 -9.7955 42.6235
2 24 -6 -9.7955 42.6235 -6 -8.1945 43.9336
2 24 6 -9.7955 42.6235 6 -11.6593 41.7241
2 24 -6 -9.7955 42.6235 -6 -11.6593 41.7241
2 24 6 -11.6593 41.7241 6 -14.0421 41.262
2 24 -6 -11.6593 41.7241 -6 -14.0421 41.262
2 24 6 -7.1796 45.2073 6 -6.4747 46.5359
2 24 4 0 50 3.4641 0 48
2 24 3.4641 0 48 2 0 46.5359
2 24 2 0 46.5359 0 0 46
2 24 3.4631 -5.966 48 3.999 -5.7501 50
2 24 3.4641 0 48 4 0 50
2 24 3.4631 -5.966 48 1.9991 -6.4747 46.5359
2 24 3.4641 0 48 2 0 46.5359
2 24 1.9991 -6.4747 46.5359 0 -6.7174 46
2 24 2 0 46.5359 0 0 46
2 24 6 -5.7501 50 6 -5.9809 48.0039
2 24 3.999 -5.7501 50 3.4631 -5.966 48
2 24 1.9991 -6.4747 46.5359 0 -6.7174 46
2 24 6 -6.4747 46.5359 6 -5.9809 48.0039
2 24 1.9991 -6.4747 46.5359 3.4631 -5.966 48
2 24 6 -20.75 40.9105 -6 -20.75 40.9105
2 24 6 -14.0421 41.262 6 -20.75 40.9105
2 24 -6 -14.0421 41.262 -6 -20.75 40.9105
2 24 6 -5.9809 48.0039 6 -5.7501 50
2 24 6 -5.9809 48.0039 6 -6.4747 46.5359
2 24 6 -6.4747 46.5359 6 -7.1796 45.2073
2 24 6 -8.1945 43.9336 6 -7.1796 45.2073
2 24 6 -8.1945 56.0664 6 -7.1796 54.7927
2 24 4 0 50 3.4641 0 52
2 24 3.4641 0 52 2 0 53.4641
2 24 2 0 53.4641 0 0 54
2 24 4 0 50 3.4641 0 52
2 24 3.999 -5.7501 50 3.4631 -5.966 52
2 24 3.4641 0 52 2 0 53.4641
2 24 3.4631 -5.966 52 1.9991 -6.4747 53.4641
2 24 2 0 53.4641 0 0 54
2 24 1.9991 -6.4747 53.4641 0 -6.7174 54
2 24 6 -5.7501 50 6 -5.9809 51.9962
2 24 3.999 -5.7501 50 3.4631 -5.966 52
2 24 1.9991 -6.4747 53.4641 0 -6.7174 54
2 24 6 -5.9809 51.9962 6 -6.4747 53.4641
2 24 3.4631 -5.966 52 1.9991 -6.4747 53.4641
2 24 6 0 42.1863 6 0 66.25
2 24 6 -5.7501 50 6 -5.9809 51.9962
2 24 6 -5.9809 51.9962 6 -6.4747 53.4641
2 24 -6 -8.1945 43.9336 -6 -7.1796 45.2073
2 24 -6 -7.1796 45.2073 -6 -6.4747 46.5359
2 24 -4 0 50 -3.4641 0 48
2 24 -3.4641 0 48 -2 0 46.5359
2 24 0 0 46 -2 0 46.5359
2 24 -4 0 50 -3.4641 0 48
2 24 -3.999 -5.7501 50 -3.4631 -5.966 48
2 24 -3.4641 0 48 -2 0 46.5359
2 24 -3.4631 -5.966 48 -1.9991 -6.4747 46.5359
2 24 0 0 46 -2 0 46.5359
2 24 0 -6.7174 46 -1.9991 -6.4747 46.5359
2 24 -6 -5.7501 50 -6 -5.9809 48.0039
2 24 -3.999 -5.7501 50 -3.4631 -5.966 48
2 24 0 -6.7174 46 -1.9991 -6.4747 46.5359
2 24 -6 -6.4747 46.5359 -6 -5.9809 48.0039
2 24 -1.9991 -6.4747 46.5359 -3.4631 -5.966 48
2 24 -6 -5.7501 50 -6 -5.9809 48.0039
2 24 -6 -5.9809 48.0039 -6 -6.4747 46.5359
2 24 -6 -7.1796 45.2073 -6 -6.4747 46.5359
2 24 -6 -8.1945 56.0664 -6 -7.1796 54.7927
2 24 6 -8.1945 56.0664 6 -9.7955 57.3765
2 24 -6 -8.1945 56.0664 -6 -9.7955 57.3765
2 24 6 -9.7955 57.3765 6 -11.6593 58.2759
2 24 -6 -9.7955 57.3765 -6 -11.6593 58.2759
2 24 -6 -11.6593 58.2759 -6 -14.0421 58.738
2 24 6 -11.6593 58.2759 6 -14.0421 58.738
2 24 -6 -7.1796 54.7927 -6 -6.4747 53.4641
2 24 -4 0 50 -3.4641 0 52
2 24 -3.4641 0 52 -2 0 53.4641
2 24 0 0 54 -2 0 53.4641
2 24 -3.999 -5.7501 50 -3.4631 -5.966 52
2 24 -4 0 50 -3.4641 0 52
2 24 -3.4631 -5.966 52 -1.9991 -6.4747 53.4641
2 24 -3.4641 0 52 -2 0 53.4641
2 24 0 -6.7174 54 -1.9991 -6.4747 53.4641
2 24 0 0 54 -2 0 53.4641
2 24 -6 -5.7501 50 -6 -5.9809 51.9962
2 24 -3.999 -5.7501 50 -3.4631 -5.966 52
2 24 0 -6.7174 54 -1.9991 -6.4747 53.4641
2 24 -6 -6.4747 53.4641 -6 -5.9809 51.9962
2 24 -1.9991 -6.4747 53.4641 -3.4631 -5.966 52
2 24 -6 -20.75 59.0896 6 -20.75 59.0896
2 24 -6 -14.0421 58.738 -6 -20.75 59.0896
2 24 6 -14.0421 58.738 6 -20.75 59.0896
2 24 -6 0 40 -6 0 66.25
2 24 -6 -5.7501 50 -6 -5.9809 51.9962
2 24 -6 -5.9809 51.9962 -6 -6.4747 53.4641
2 24 6 0 66.25 6 -20.75 66.25
2 24 6 0 66.25 -6 0 66.25
2 24 6 -20.75 66.25 -6 -20.75 66.25
2 24 -6 0 66.25 -6 -20.75 66.25
2 24 7.851 0 42.1863 7.851 0 57.8137
2 24 6 0 42.1863 6 0 66.25
2 24 7.851 0 42.1863 7.851 -14.5671 42.3128
2 24 7.851 -14.5 43.75 7.851 -11.375 44.5874
2 24 9.8 -14.5671 42.3128 9.8 0 42.1863
2 24 9.8 0 42.1863 7.851 0 42.1863
2 24 7.851 -14.5671 42.3128 7.851 0 42.1863
2 24 6 -11.6593 58.2759 6 -9.7955 57.3765
2 24 6 -11.6593 58.2759 6 -14.0421 58.738
2 24 -6 -8.1945 56.0664 -6 -9.7955 57.3765
2 24 -6 -9.7955 57.3765 -6 -11.6593 58.2759
2 24 -6 -11.6593 58.2759 -6 -14.0421 58.738
2 24 -6 0 66.25 -6 -20.75 66.25
2 24 -6 -20.75 66.25 -6 -20.75 59.0896
2 24 -6 -14.0421 58.738 -6 -20.75 59.0896
2 24 -6 -8.1945 56.0664 -6 -7.1796 54.7927
2 24 6 -9.7955 57.3765 6 -8.1945 56.0664
2 24 9.8 0 66.2036 9.8 0 57.8137
2 24 7.851 0 57.8137 9.8 0 57.8137
2 24 6 -6.4747 53.4641 6 -7.1796 54.7927
2 24 -6 -6.4747 53.4641 -6 -7.1796 54.7927
2 24 6.3157 0 70.6123 6.0625 0 69.3531
2 24 9.4582 0 67.6544 9.7127 0 66.9487
2 24 -6 0 40 -6 0 66.25
2 24 -9.8 0 40 -9.8 0 70
2 24 9.8 -24 50 9.8 -24 66.3661
2 24 9.8 -24 40 9.8 -24 50
2 24 9.8 -24 66.3661 9.8 -24 50
2 24 9.8 -21.1672 53.8493 9.8 -22.1986 50
2 24 9.8 -24 40 9.8 -24 50
2 24 9.8 -22.1986 50 9.8 -21.1672 46.1507
2 24 9.8 -21.1672 46.1507 9.8 -18.3493 43.3328
2 24 7.851 -9.0873 46.875 7.851 -11.375 44.5874
2 24 9.8 -21.1672 53.8493 9.8 -18.3493 56.6672
2 24 9.8 -18.3493 56.6672 9.8 -14.5671 57.6872
2 24 9.8 -14.5671 57.6872 9.8 0 57.8137
2 24 9.8 0 66.2036 9.8 0 57.8137
2 24 9.8 -14.5671 37.6803 9.8 -18.3493 36.6672
2 24 9.8 -14.5671 42.3128 9.8 -18.3493 43.3328
2 24 7.851 -9.0873 53.125 7.851 -11.375 55.4127
2 24 6 -8.1945 56.0664 6 -7.1796 54.7927
2 24 7.851 -18.3493 23.3328 7.851 -21.1672 26.1507
2 24 9.8 -18.3493 23.3328 9.8 -21.1672 26.1507
2 24 7.851 -22.1986 30 7.851 -21.1672 26.1507
2 24 9.8 -22.1986 30 9.8 -21.1672 26.1507
2 24 7.851 -18.3493 23.3328 7.851 -14.5671 22.3128
2 24 9.8 -18.3493 23.3328 9.8 -14.5671 22.3128
2 24 7.851 -14.5671 22.3128 7.851 0 22.1863
2 24 7.851 -14.5 23.75 7.851 -11.375 24.5874
2 24 7.851 -8.25 30 7.851 -9.0873 26.875
2 24 7.851 0 37.8137 7.851 0 22.1863
2 24 7.8509 -20.75 30 7.851 -19.9127 26.875
2 24 7.851 -22.1986 30 7.851 -21.1672 26.1507
2 24 7.851 -19.9127 26.875 7.851 -17.625 24.5874
2 24 7.851 -21.1672 26.1507 7.851 -18.3493 23.3328
2 24 7.851 -14.5 23.75 7.851 -17.625 24.5874
2 24 7.851 -14.5671 22.3128 7.851 -18.3493 23.3328
2 24 7.851 -14.5 23.75 7.851 -17.625 24.5874
2 24 -7.7491 -14.5 23.75 -7.7491 -17.625 24.5874
2 24 7.851 -17.625 24.5874 7.851 -19.9127 26.875
2 24 -7.7491 -17.625 24.5874 -7.7491 -19.9127 26.875
2 24 7.8509 -20.75 30 7.851 -19.9127 26.875
2 24 -7.749 -20.75 30 -7.7491 -19.9127 26.875
2 24 7.851 -8.25 30 7.851 -9.0873 26.875
2 24 -7.7491 -8.25 30 -7.7491 -9.0873 26.875
2 24 7.851 -9.0873 26.875 7.851 -11.375 24.5874
2 24 -7.7491 -9.0873 26.875 -7.7491 -11.375 24.5874
2 24 7.851 -14.5 23.75 7.851 -11.375 24.5874
2 24 -7.7491 -14.5 23.75 -7.7491 -11.375 24.5874
2 24 -7.7491 -11.375 24.5874 -7.7491 -14.5 23.75
2 24 -7.749 -10.625 23.2883 -7.749 -14.5 22.25
2 24 -7.7491 -11.375 24.5874 -7.7491 -9.0873 26.875
2 24 -7.749 -10.625 23.2883 -7.749 -7.7883 26.125
2 24 -7.7491 -8.25 30 -7.7491 -9.0873 26.875
2 24 -7.749 -6.75 30 -7.749 -7.7883 26.125
2 24 -7.749 -20.75 30 -7.7491 -19.9127 26.875
2 24 -7.749 -22.25 30 -7.749 -21.2117 26.125
2 24 -7.7491 -19.9127 26.875 -7.7491 -17.625 24.5874
2 24 -7.749 -21.2117 26.125 -7.749 -18.375 23.2883
2 24 -7.7491 -14.5 23.75 -7.7491 -17.625 24.5874
2 24 -7.749 -14.5 22.25 -7.749 -18.375 23.2883
2 24 -9.8 -6.75 30 -9.8 -7.7883 26.125
2 24 -9.8 -7.7883 13.875 -9.8 -10.625 16.7117
2 24 -9.8 -7.7883 26.125 -9.8 -10.625 23.2883
2 24 -9.8 -10.625 23.2883 -9.8 -14.5 22.25
2 24 -9.8 -10.625 16.7117 -9.8 -14.5 17.75
2 24 -9.8 -14.5 22.25 -9.8 -18.375 23.2883
2 24 -9.8 -14.5 17.75 -9.8 -18.375 16.7117
2 24 -9.8 -18.375 16.7117 -9.8 -21.2117 13.875
2 24 -9.8 -18.375 23.2883 -9.8 -21.2117 26.125
2 24 6 -8.1945 23.9336 6 -7.1796 25.2073
2 24 6 -8.1945 23.9336 6 -9.7955 22.6235
2 24 -6 -8.1945 23.9336 -6 -9.7955 22.6235
2 24 6 -9.7955 22.6235 6 -11.6593 21.7241
2 24 -6 -9.7955 22.6235 -6 -11.6593 21.7241
2 24 6 -11.6593 21.7241 6 -14.0421 21.262
2 24 -6 -11.6593 21.7241 -6 -14.0421 21.262
2 24 6 -7.1796 25.2073 6 -6.4747 26.5359
2 24 4 0 30 3.4641 0 28
2 24 3.4641 0 28 2 0 26.5359
2 24 2 0 26.5359 0 0 26
2 24 3.999 -5.7501 30 3.4631 -5.966 28
2 24 4 0 30 3.4641 0 28
2 24 3.4631 -5.966 28 1.9991 -6.4747 26.5359
2 24 3.4641 0 28 2 0 26.5359
2 24 1.9991 -6.4747 26.5359 0 -6.7174 26
2 24 2 0 26.5359 0 0 26
2 24 6 -5.7501 30 6 -5.9809 28.0039
2 24 3.999 -5.7501 30 3.4631 -5.966 28
2 24 1.9991 -6.4747 26.5359 0 -6.7174 26
2 24 6 -6.4747 26.5359 6 -5.9809 28.0039
2 24 1.9991 -6.4747 26.5359 3.4631 -5.966 28
2 24 6 -20.75 20.9104 -6 -20.75 20.9104
2 24 6 -14.0421 21.262 6 -20.75 20.9104
2 24 -6 -14.0421 21.262 -6 -20.75 20.9104
2 24 6 -5.7501 30 6 -5.9809 28.0039
2 24 6 0 37.8137 6 0 22.1863
2 24 6 -5.9809 28.0039 6 -6.4747 26.5359
2 24 -6 -6.4747 26.5359 -6 -7.1796 25.2073
2 24 -4 0 30 -3.4641 0 28
2 24 -3.4641 0 28 -2 0 26.5359
2 24 0 0 26 -2 0 26.5359
2 24 -4 0 30 -3.4641 0 28
2 24 -3.999 -5.7501 30 -3.4631 -5.966 28
2 24 -3.4641 0 28 -2 0 26.5359
2 24 -3.4631 -5.966 28 -1.9991 -6.4747 26.5359
2 24 0 0 26 -2 0 26.5359
2 24 0 -6.7174 26 -1.9991 -6.4747 26.5359
2 24 -6 -5.7501 30 -6 -5.9809 28.0039
2 24 -3.999 -5.7501 30 -3.4631 -5.966 28
2 24 -6 -6.4747 26.5359 -6 -5.9809 28.0039
2 24 -1.9991 -6.4747 26.5359 -3.4631 -5.966 28
2 24 -6 -5.7501 30 -6 -5.9809 28.0039
2 24 -6 -5.9809 28.0039 -6 -6.4747 26.5359
2 24 9.8 -24 30 9.8 -24 20
2 24 7.851 0 37.8137 7.851 0 22.1863
2 24 6 0 37.8137 6 0 22.1863
2 24 7.851 -14.5671 22.3128 7.851 0 22.1863
2 24 7.851 0 22.1863 9.8 0 22.2496
2 24 9.8 -14.5671 22.3128 9.8 0 22.2496
2 24 6 -6.4747 26.5359 6 -7.1796 25.2073
2 24 -6 -6.4747 26.5359 -6 -7.1796 25.2073
2 24 9.8 -18.3493 23.3328 9.8 -21.1672 26.1507
2 24 9.8 -24 30 9.8 -24 20
2 24 9.8 -22.1986 30 9.8 -21.1672 26.1507
2 24 9.8 -18.3493 23.3328 9.8 -14.5671 22.3128
2 24 9.8 -18.3493 16.6672 9.8 -14.5671 17.6803
2 24 7.851 -11.375 24.5874 7.851 -9.0873 26.875
2 24 6 -7.1796 25.2073 6 -8.1945 23.9336
2 24 7.851 -18.3493 3.3328 7.851 -21.1672 6.1507
2 24 9.8 -18.3493 3.3328 9.8 -21.1672 6.1507
2 24 7.851 -21.1672 6.1507 7.851 -22.1986 10
2 24 9.8 -21.1672 6.1507 9.8 -22.1986 10
2 24 7.851 -22.1986 10 7.851 -21.1672 13.8493
2 24 9.8 -22.1986 10 9.8 -21.1672 13.8493
2 24 7.851 -21.1672 13.8493 7.851 -18.3493 16.6672
2 24 9.8 -21.1672 13.8493 9.8 -18.3493 16.6672
2 24 7.851 -18.3493 16.6672 7.851 -14.5671 17.6803
2 24 9.8 -18.3493 16.6672 9.8 -14.5671 17.6803
2 24 7.851 -18.3493 3.3328 7.851 -14.5671 2.3128
2 24 9.8 -18.3493 3.3328 9.8 -14.5671 2.3128
2 24 7.851 -14.5671 2.3128 7.851 0 2.1863
2 24 7.851 -14.5 3.75 7.851 -11.375 4.5874
2 24 7.851 -9.0873 6.875 7.851 -8.25 10
2 24 7.851 0 2.1863 7.851 0 17.8137
2 24 7.851 -8.25 10 7.851 -9.0873 13.125
2 24 7.851 -9.0873 13.125 7.851 -11.375 15.4127
2 24 7.851 -14.5 16.25 7.851 -17.625 15.4127
2 24 7.851 -14.5671 17.6803 7.851 -18.3493 16.6672
2 24 7.851 -17.625 15.4127 7.851 -19.9127 13.125
2 24 7.851 -18.3493 16.6672 7.851 -21.1672 13.8493
2 24 7.851 -19.9127 13.125 7.851 -20.75 10
2 24 7.851 -21.1672 13.8493 7.851 -22.1986 10
2 24 7.851 -20.75 10 7.851 -19.9127 6.875
2 24 7.851 -22.1986 10 7.851 -21.1672 6.1507
2 24 7.851 -19.9127 6.875 7.851 -17.625 4.5874
2 24 7.851 -21.1672 6.1507 7.851 -18.3493 3.3328
2 24 7.851 -14.5 3.75 7.851 -17.625 4.5874
2 24 7.851 -14.5671 2.3128 7.851 -18.3493 3.3328
2 24 7.851 -14.5 3.75 7.851 -17.625 4.5874
2 24 -7.7491 -14.5 3.75 -7.7491 -17.625 4.5874
2 24 7.851 -17.625 4.5874 7.851 -19.9127 6.875
2 24 -7.7491 -17.625 4.5874 -7.7491 -19.9127 6.875
2 24 7.851 -19.9127 6.875 7.851 -20.75 10
2 24 -7.7491 -19.9127 6.875 -7.7491 -20.75 10
2 24 7.851 -20.75 10 7.851 -19.9127 13.125
2 24 -7.7491 -20.75 10 -7.7491 -19.9127 13.125
2 24 7.851 -19.9127 13.125 7.851 -17.625 15.4127
2 24 -7.7491 -19.9127 13.125 -7.7491 -17.625 15.4127
2 24 7.851 -17.625 15.4127 7.851 -14.5 16.25
2 24 -7.7491 -17.625 15.4127 -7.7491 -14.5 16.25
2 24 7.851 -14.5 16.25 7.851 -11.375 15.4127
2 24 -7.7491 -14.5 16.25 -7.7491 -11.375 15.4127
2 24 7.851 -11.375 15.4127 7.851 -9.0873 13.125
2 24 -7.7491 -11.375 15.4127 -7.7491 -9.0873 13.125
2 24 7.851 -9.0873 13.125 7.851 -8.25 10
2 24 -7.7491 -9.0873 13.125 -7.7491 -8.25 10
2 24 7.851 -8.25 10 7.851 -9.0873 6.875
2 24 -7.7491 -8.25 10 -7.7491 -9.0873 6.875
2 24 7.851 -9.0873 6.875 7.851 -11.375 4.5874
2 24 -7.7491 -9.0873 6.875 -7.7491 -11.375 4.5874
2 24 7.851 -14.5 3.75 7.851 -11.375 4.5874
2 24 -7.7491 -14.5 3.75 -7.7491 -11.375 4.5874
2 24 -7.7491 -11.375 4.5874 -7.7491 -14.5 3.75
2 24 -7.749 -10.625 3.2883 -7.749 -14.5 2.25
2 24 -7.7491 -11.375 4.5874 -7.7491 -9.0873 6.875
2 24 -7.749 -10.625 3.2883 -7.749 -7.7883 6.125
2 24 -7.7491 -9.0873 6.875 -7.7491 -8.25 10
2 24 -7.749 -7.7883 6.125 -7.749 -6.75 10
2 24 -7.7491 -8.25 10 -7.7491 -9.0873 13.125
2 24 -7.749 -6.75 10 -7.749 -7.7883 13.875
2 24 -7.7491 -9.0873 13.125 -7.7491 -11.375 15.4127
2 24 -7.749 -7.7883 13.875 -7.749 -10.625 16.7117
2 24 -7.7491 -11.375 15.4127 -7.7491 -14.5 16.25
2 24 -7.749 -10.625 16.7117 -7.749 -14.5 17.75
2 24 -7.7491 -14.5 16.25 -7.7491 -17.625 15.4127
2 24 -7.749 -14.5 17.75 -7.749 -18.375 16.7117
2 24 -7.7491 -17.625 15.4127 -7.7491 -19.9127 13.125
2 24 -7.749 -18.375 16.7117 -7.749 -21.2117 13.875
2 24 -7.7491 -19.9127 13.125 -7.7491 -20.75 10
2 24 -7.749 -21.2117 13.875 -7.749 -22.25 10
2 24 -7.7491 -20.75 10 -7.7491 -19.9127 6.875
2 24 -7.749 -22.25 10 -7.749 -21.2117 6.125
2 24 -7.7491 -19.9127 6.875 -7.7491 -17.625 4.5874
2 24 -7.749 -21.2117 6.125 -7.749 -18.375 3.2883
2 24 -7.7491 -14.5 3.75 -7.7491 -17.625 4.5874
2 24 -7.749 -14.5 2.25 -7.749 -18.375 3.2883
2 24 -9.8 -22.25 10 -9.8 -21.2117 6.125
2 24 -9.8 -24 40 -9.8 -24 -9.8
2 24 -9.8 -21.2117 13.875 -9.8 -22.25 10
2 24 -9.8 -7.7883 13.875 -9.8 -6.75 10
2 24 -9.8 0 20 -9.8 0 -9.8
2 24 -9.8 -6.75 10 -9.8 -7.7883 6.125
2 24 -9.8 -7.7883 6.125 -9.8 -10.625 3.2883
2 24 -9.8 -10.625 3.2883 -9.8 -14.5 2.25
2 24 -9.8 -14.5 2.25 -9.8 -18.375 3.2883
2 24 -9.8 -24 -9.8 -9.8 0 -9.8
2 24 -9.8 -21.2117 6.125 -9.8 -18.375 3.2883
2 24 6 -8.1945 16.0664 6 -7.1796 14.7927
2 24 6 -7.1796 14.7927 6 -6.4747 13.4641
2 24 4 0 10 3.4641 0 12
2 24 3.4641 0 12 2 0 13.4641
2 24 2 0 13.4641 0 0 14
2 24 4 0 10 3.4641 0 12
2 24 3.999 -5.7501 10 3.4631 -5.966 12
2 24 3.4641 0 12 2 0 13.4641
2 24 3.4631 -5.966 12 1.9991 -6.4747 13.4641
2 24 2 0 13.4641 0 0 14
2 24 1.9991 -6.4747 13.4641 0 -6.7174 14
2 24 6 -5.7501 10 6 -5.9809 11.9962
2 24 3.999 -5.7501 10 3.4631 -5.966 12
2 24 1.9991 -6.4747 13.4641 0 -6.7174 14
2 24 6 -6.4747 13.4641 6 -5.9809 11.9962
2 24 1.9991 -6.4747 13.4641 3.4631 -5.966 12
2 24 6 -5.7501 10 6 -5.9809 11.9962
2 24 6 -5.9809 11.9962 6 -6.4747 13.4641
2 24 6 -6.4747 13.4641 6 -7.1796 14.7927
2 24 6 -7.1796 14.7927 6 -8.1945 16.0664
2 24 6 -11.6593 21.7241 6 -9.7955 22.6235
2 24 6 -11.6593 18.2759 6 -9.7955 17.3765
2 24 6 -11.6593 21.7241 6 -14.0421 21.262
2 24 6 -11.6593 18.2759 6 -14.0421 18.738
2 24 6 -14.0421 21.262 6 -20.75 20.9104
2 24 6 -20.75 20.9104 6 -20.75 19.0896
2 24 6 -14.0421 18.738 6 -20.75 19.0896
2 24 -6 -20.75 19.0896 -6 -20.75 20.9104
2 24 -6 -20.75 19.0896 6 -20.75 19.0896
2 24 -6 -20.75 20.9104 6 -20.75 20.9104
2 24 6 -20.75 19.0896 6 -20.75 20.9104
2 24 6 -8.1945 3.9336 6 -7.1796 5.2073
2 24 -6 -8.1945 3.9336 -6 -9.7955 2.6235
2 24 6 -8.1945 3.9336 6 -9.7955 2.6235
2 24 6 -9.7955 2.6235 6 -11.6593 1.7241
2 24 -6 -9.7955 2.6235 -6 -11.6593 1.7241
2 24 6 -11.6593 1.7241 6 -14.0421 1.262
2 24 -6 -11.6593 1.7241 -6 -14.0421 1.262
2 24 6 -7.1796 5.2073 6 -6.4747 6.5359
2 24 4 0 10 3.4641 0 8
2 24 3.4641 0 8 2 0 6.5359
2 24 2 0 6.5359 0 0 6
2 24 3.999 -5.7501 10 3.4631 -5.966 8
2 24 4 0 10 3.4641 0 8
2 24 3.4631 -5.966 8 1.9991 -6.4747 6.5359
2 24 3.4641 0 8 2 0 6.5359
2 24 1.9991 -6.4747 6.5359 0 -6.7174 6
2 24 2 0 6.5359 0 0 6
2 24 6 -5.7501 10 6 -5.9809 8.0039
2 24 3.999 -5.7501 10 3.4631 -5.966 8
2 24 1.9991 -6.4747 6.5359 0 -6.7174 6
2 24 6 -6.4747 6.5359 6 -5.9809 8.0039
2 24 1.9991 -6.4747 6.5359 3.4631 -5.966 8
2 24 6 -20.75 0.9104 -6 -20.75 0.9104
2 24 6 -14.0421 1.262 6 -20.75 0.9104
2 24 -6 -14.0421 1.262 -6 -20.75 0.9104
2 24 6 0 17.8137 6 0 -6.25
2 24 6 -5.7501 10 6 -5.9809 8.0039
2 24 6 -5.9809 8.0039 6 -6.4747 6.5359
2 24 6 -14.0421 1.262 6 -11.6593 1.7241
2 24 6 -14.0421 1.262 6 -20.75 0.9104
2 24 6 -20.75 0.9104 6 -20.75 -6.25
2 24 6 0 -6.25 6 -20.75 -6.25
2 24 -6 -8.1945 16.0664 -6 -7.1796 14.7927
2 24 6 -8.1945 16.0664 6 -9.7955 17.3765
2 24 -6 -8.1945 16.0664 -6 -9.7955 17.3765
2 24 6 -9.7955 17.3765 6 -11.6593 18.2759
2 24 -6 -9.7955 17.3765 -6 -11.6593 18.2759
2 24 -6 -11.6593 18.2759 -6 -14.0421 18.738
2 24 6 -11.6593 18.2759 6 -14.0421 18.738
2 24 -6 -7.1796 14.7927 -6 -6.4747 13.4641
2 24 -4 0 10 -3.4641 0 12
2 24 -3.4641 0 12 -2 0 13.4641
2 24 0 0 14 -2 0 13.4641
2 24 -3.4631 -5.966 12 -3.999 -5.7501 10
2 24 -3.4641 0 12 -4 0 10
2 24 -3.4631 -5.966 12 -1.9991 -6.4747 13.4641
2 24 -3.4641 0 12 -2 0 13.4641
2 24 0 -6.7174 14 -1.9991 -6.4747 13.4641
2 24 0 0 14 -2 0 13.4641
2 24 -6 -5.7501 10 -6 -5.9809 11.9962
2 24 -3.999 -5.7501 10 -3.4631 -5.966 12
2 24 0 -6.7174 14 -1.9991 -6.4747 13.4641
2 24 -6 -6.4747 13.4641 -6 -5.9809 11.9962
2 24 -1.9991 -6.4747 13.4641 -3.4631 -5.966 12
2 24 -6 -20.75 19.0896 6 -20.75 19.0896
2 24 -6 -14.0421 18.738 -6 -20.75 19.0896
2 24 6 -14.0421 18.738 6 -20.75 19.0896
2 24 -6 -5.9809 11.9962 -6 -5.7501 10
2 24 -6 -5.9809 11.9962 -6 -6.4747 13.4641
2 24 -6 -7.1796 14.7927 -6 -8.1945 16.0664
2 24 -6 -7.1796 25.2073 -6 -8.1945 23.9336
2 24 -6 -6.4747 13.4641 -6 -7.1796 14.7927
2 24 -6 -9.7955 22.6235 -6 -11.6593 21.7241
2 24 -6 -9.7955 17.3765 -6 -11.6593 18.2759
2 24 -6 -11.6593 21.7241 -6 -14.0421 21.262
2 24 -6 -11.6593 18.2759 -6 -14.0421 18.738
2 24 -6 -14.0421 21.262 -6 -20.75 20.9104
2 24 -6 -20.75 20.9104 -6 -20.75 19.0896
2 24 -6 -14.0421 18.738 -6 -20.75 19.0896
2 24 -4 0 10 -3.4641 0 8
2 24 -3.4641 0 8 -2 0 6.5359
2 24 0 0 6 -2 0 6.5359
2 24 -4 0 10 -3.4641 0 8
2 24 -3.999 -5.7501 10 -3.4631 -5.966 8
2 24 -3.4641 0 8 -2 0 6.5359
2 24 -3.4631 -5.966 8 -1.9991 -6.4747 6.5359
2 24 0 0 6 -2 0 6.5359
2 24 0 -6.7174 6 -1.9991 -6.4747 6.5359
2 24 -6 -5.7501 10 -6 -5.9809 8.0039
2 24 -3.999 -5.7501 10 -3.4631 -5.966 8
2 24 -6 -5.9809 8.0039 -6 -6.4747 6.5359
2 24 -3.4631 -5.966 8 -1.9991 -6.4747 6.5359
2 24 -6 0 20 -6 0 -6.25
2 24 -6 -5.7501 10 -6 -5.9809 8.0039
2 24 -6 -5.9809 8.0039 -6 -6.4747 6.5359
2 24 -6 -8.1945 3.9336 -6 -9.7955 2.6235
2 24 -6 -9.7955 2.6235 -6 -11.6593 1.7241
2 24 -6 -11.6593 1.7241 -6 -14.0421 1.262
2 24 -6 -20.75 0.9104 -6 -20.75 -6.25
2 24 -6 -14.0421 1.262 -6 -20.75 0.9104
2 24 -6 0 -6.25 -6 -20.75 -6.25
2 24 6 0 -6.25 -6 0 -6.25
2 24 6 0 -6.25 6 -20.75 -6.25
2 24 -6 0 -6.25 -6 -20.75 -6.25
2 24 6 -20.75 -6.25 -6 -20.75 -6.25
2 24 -9.8 -24 40 -9.8 -24 -9.8
2 24 9.8 -24 20 9.8 -24 10
2 24 -9.8 -24 -9.8 9.8 -24 -9.8
2 24 9.8 -24 10 9.8 -24 -9.8
2 24 -6 0 20 -6 0 -6.25
2 24 -9.8 0 20 -9.8 0 -9.8
2 24 -6 -8.1945 23.9336 -6 -9.7955 22.6235
2 24 -6 -8.1945 16.0664 -6 -9.7955 17.3765
2 24 6 -8.1945 23.9336 6 -9.7955 22.6235
2 24 6 -8.1945 16.0664 6 -9.7955 17.3765
2 24 9.8 0 2.1863 9.8 0 -9.8
2 24 6 0 -6.25 6 0 17.8137
2 24 7.851 0 2.1863 7.851 0 17.8137
2 24 9.8 -24 -9.8 -9.8 -24 -9.8
2 24 9.8 -24 -9.8 9.8 0 -9.8
2 24 -9.8 -24 -9.8 -9.8 0 -9.8
2 24 9.8 0 -9.8 -9.8 0 -9.8
2 24 9.8 -14.5671 2.3128 9.8 0 2.1863
2 24 9.8 0 2.1863 7.851 0 2.1863
2 24 7.851 -14.5671 2.3128 7.851 0 2.1863
2 24 6 -11.6593 1.7241 6 -9.7955 2.6235
2 24 6 -20.75 0.9104 6 -20.75 -6.25
2 24 6 -20.75 0.9104 -6 -20.75 0.9104
2 24 6 -20.75 -6.25 -6 -20.75 -6.25
2 24 -6 -20.75 0.9104 -6 -20.75 -6.25
2 24 -6 -8.1945 3.9336 -6 -7.1796 5.2073
2 24 6 -9.7955 2.6235 6 -8.1945 3.9336
2 24 9.8 0 2.1863 7.851 0 2.1863
2 24 6 0 22.1863 6 0 17.8137
2 24 6 -6.4747 6.5359 6 -7.1796 5.2073
2 24 -6 -6.4747 6.5359 -6 -7.1796 5.2073
2 24 -9.8 0 -9.8 9.8 0 -9.8
2 24 -6 0 -6.25 6 0 -6.25
2 24 9.8 -18.3493 3.3328 9.8 -21.1672 6.1507
2 24 9.8 -24 -9.8 9.8 -24 10
2 24 9.8 -21.1672 6.1507 9.8 -22.1986 10
2 24 9.8 -22.1986 10 9.8 -21.1672 13.8493
2 24 9.8 -24 20 9.8 -24 10
2 24 9.8 -18.3493 3.3328 9.8 -14.5671 2.3128
2 24 7.851 0 17.8137 9.8 0 17.747
2 24 9.8 0 17.747 9.8 0 22.2496
2 24 7.851 0 22.1863 9.8 0 22.2496
2 24 7.851 0 17.8137 7.851 -14.5671 17.6803
2 24 7.851 -11.375 15.4127 7.851 -14.5 16.25
2 24 9.8 -14.5671 17.6803 9.8 0 17.747
2 24 7.851 -14.5671 17.6803 7.851 0 17.8137
2 24 9.8 0 17.747 7.851 0 17.8137
2 24 9.8 -24 -9.8 9.8 0 -9.8
2 24 9.8 0 -9.8 9.8 0 2.1863
2 24 9.8 -14.5671 2.3128 9.8 0 2.1863
2 24 9.8 -18.3493 16.6672 9.8 -21.1672 13.8493
2 24 7.851 -11.375 4.5874 7.851 -9.0873 6.875
2 24 6 -8.1945 3.9336 6 -7.1796 5.2073
2 24 6 0 22.1863 6 0 17.8137
2 24 9.5381 -24 67.6443 9.7434 -24 66.9698
2 24 9.4582 0 67.6544 9.7127 0 66.9487
2 24 9.9667 -24 69.9659 9.5667 -24 69.3232
2 24 9.9123 0 70.0177 9.4783 0 69.3493
2 24 12.2322 -24 70.5178 11.4253 -24 70.5466
2 24 12.2523 0 70.5902 11.4152 0 70.6071
2 24 13.634 -24 70.2 12.931 -24 70.2769
2 24 13.75 0 70.2 12.9785 0 70.3079
2 24 9.8 0 66.2036 9.7127 0 66.9487
2 24 9.8 -24 66.3661 9.7434 -24 66.9698
2 24 9.5667 -24 69.3232 9.4609 -24 68.4797
2 24 9.4783 0 69.3493 9.3917 0 68.4925
2 24 9.9123 0 70.0177 10.5719 0 70.4882
2 24 9.9667 -24 69.9659 10.5883 -24 70.398
2 24 12.2523 0 70.5902 12.9785 0 70.3079
2 24 12.2322 -24 70.5178 12.931 -24 70.2769
2 24 9.4582 0 67.6544 9.3917 0 68.4925
2 24 9.5381 -24 67.6443 9.4609 -24 68.4797
2 24 11.4152 0 70.6071 10.5719 0 70.4882
2 24 11.4253 -24 70.5466 10.5883 -24 70.398
2 24 43.2883 -18.375 72.15 46.125 -21.2117 72.15
2 24 43.2883 -18.375 70.2 46.125 -21.2117 70.2
2 24 46.125 -21.2117 72.15 50 -22.25 72.15
2 24 46.125 -21.2117 70.2 50 -22.25 70.2
2 24 50 -6.75 72.15 46.125 -7.7883 72.15
2 24 50 -6.75 70.2 46.125 -7.7883 70.2
2 24 46.125 -7.7883 72.15 43.2883 -10.625 72.15
2 24 46.125 -7.7883 70.2 43.2883 -10.625 70.2
2 24 43.2883 -10.625 72.15 42.25 -14.5 72.15
2 24 43.2883 -10.625 70.2 42.25 -14.5 70.2
2 24 43.2883 -18.375 72.15 42.25 -14.5 72.15
2 24 43.2883 -18.375 70.2 42.25 -14.5 70.2
2 24 44.5874 -11.375 72.15 43.75 -14.5 72.15
2 24 43.2883 -10.625 72.15 42.25 -14.5 72.15
2 24 44.5874 -11.375 72.15 46.875 -9.0873 72.15
2 24 43.2883 -10.625 72.15 46.125 -7.7883 72.15
2 24 46.875 -9.0873 72.15 50 -8.25 72.15
2 24 46.125 -7.7883 72.15 50 -6.75 72.15
2 24 46.875 -19.9127 72.15 50 -20.75 72.15
2 24 46.125 -21.2117 72.15 50 -22.25 72.15
2 24 46.875 -19.9127 72.15 44.5874 -17.625 72.15
2 24 46.125 -21.2117 72.15 43.2883 -18.375 72.15
2 24 43.75 -14.5 72.15 44.5874 -17.625 72.15
2 24 42.25 -14.5 72.15 43.2883 -18.375 72.15
2 24 23.2883 -18.375 72.15 26.125 -21.2117 72.15
2 24 23.2883 -18.375 70.2 26.125 -21.2117 70.2
2 24 26.125 -21.2117 72.15 30 -22.25 72.15
2 24 26.125 -21.2117 70.2 30 -22.25 70.2
2 24 30 -22.25 72.15 33.875 -21.2117 72.15
2 24 30 -22.25 70.2 33.875 -21.2117 70.2
2 24 33.875 -21.2117 72.15 36.7117 -18.375 72.15
2 24 33.875 -21.2117 70.2 36.7117 -18.375 70.2
2 24 36.7117 -18.375 72.15 37.75 -14.5 72.15
2 24 36.7117 -18.375 70.2 37.75 -14.5 70.2
2 24 37.75 -14.5 72.15 36.7117 -10.625 72.15
2 24 37.75 -14.5 70.2 36.7117 -10.625 70.2
2 24 36.7117 -10.625 72.15 33.875 -7.7883 72.15
2 24 36.7117 -10.625 70.2 33.875 -7.7883 70.2
2 24 33.875 -7.7883 72.15 30 -6.75 72.15
2 24 33.875 -7.7883 70.2 30 -6.75 70.2
2 24 30 -6.75 72.15 26.125 -7.7883 72.15
2 24 30 -6.75 70.2 26.125 -7.7883 70.2
2 24 26.125 -7.7883 72.15 23.2883 -10.625 72.15
2 24 26.125 -7.7883 70.2 23.2883 -10.625 70.2
2 24 23.2883 -10.625 72.15 22.25 -14.5 72.15
2 24 23.2883 -10.625 70.2 22.25 -14.5 70.2
2 24 23.2883 -18.375 72.15 22.25 -14.5 72.15
2 24 23.2883 -18.375 70.2 22.25 -14.5 70.2
2 24 24.5874 -11.375 72.15 23.75 -14.5 72.15
2 24 23.2883 -10.625 72.15 22.25 -14.5 72.15
2 24 24.5874 -11.375 72.15 26.875 -9.0873 72.15
2 24 23.2883 -10.625 72.15 26.125 -7.7883 72.15
2 24 26.875 -9.0873 72.15 30 -8.25 72.15
2 24 26.125 -7.7883 72.15 30 -6.75 72.15
2 24 30 -8.25 72.15 33.125 -9.0873 72.15
2 24 30 -6.75 72.15 33.875 -7.7883 72.15
2 24 33.125 -9.0873 72.15 35.4127 -11.375 72.15
2 24 33.875 -7.7883 72.15 36.7117 -10.625 72.15
2 24 35.4127 -11.375 72.15 36.25 -14.5 72.15
2 24 36.7117 -10.625 72.15 37.75 -14.5 72.15
2 24 36.25 -14.5 72.15 35.4127 -17.625 72.15
2 24 37.75 -14.5 72.15 36.7117 -18.375 72.15
2 24 35.4127 -17.625 72.15 33.125 -19.9127 72.15
2 24 36.7117 -18.375 72.15 33.875 -21.2117 72.15
2 24 33.125 -19.9127 72.15 30 -20.75 72.15
2 24 33.875 -21.2117 72.15 30 -22.25 72.15
2 24 30 -20.75 72.15 26.875 -19.9127 72.15
2 24 30 -22.25 72.15 26.125 -21.2117 72.15
2 24 26.875 -19.9127 72.15 24.5874 -17.625 72.15
2 24 26.125 -21.2117 72.15 23.2883 -18.375 72.15
2 24 23.75 -14.5 72.15 24.5874 -17.625 72.15
2 24 22.25 -14.5 72.15 23.2883 -18.375 72.15
2 24 43.2883 -18.375 70.2 46.125 -21.2117 70.2
2 24 35 -24 70.2 50 -24 70.2
2 24 46.125 -21.2117 70.2 50 -22.25 70.2
2 24 50 -6.75 70.2 46.125 -7.7883 70.2
2 24 50 0 70.2 30 0 70.2
2 24 42.25 -14.5 70.2 43.2883 -10.625 70.2
2 24 37.75 -14.5 70.2 36.7117 -10.625 70.2
2 24 43.2883 -18.375 70.2 42.25 -14.5 70.2
2 24 37.75 -14.5 70.2 36.7117 -18.375 70.2
2 24 23.2883 -18.375 70.2 26.125 -21.2117 70.2
2 24 13.634 -24 70.2 35 -24 70.2
2 24 26.125 -21.2117 70.2 30 -22.25 70.2
2 24 30 -22.25 70.2 33.875 -21.2117 70.2
2 24 36.7117 -18.375 70.2 33.875 -21.2117 70.2
2 24 33.875 -7.7883 70.2 30 -6.75 70.2
2 24 30 -6.75 70.2 26.125 -7.7883 70.2
2 24 13.75 0 70.2 30 0 70.2
2 24 33.875 -7.7883 70.2 36.7117 -10.625 70.2
2 24 46.125 -7.7883 70.2 43.2883 -10.625 70.2
2 24 26.125 -7.7883 70.2 23.2883 -10.625 70.2
2 24 23.2883 -18.375 70.2 22.25 -14.5 70.2
2 24 23.2883 -10.625 70.2 22.25 -14.5 70.2
2 24 43.2883 -18.375 87.75 42.25 -14.5 87.75
2 24 43.2883 -18.375 89.8 42.25 -14.5 89.8
2 24 43.2883 -18.375 87.75 46.125 -21.2117 87.75
2 24 43.2883 -18.375 89.8 46.125 -21.2117 89.8
2 24 46.125 -21.2117 87.75 50 -22.25 87.75
2 24 46.125 -21.2117 89.8 50 -22.25 89.8
2 24 46.125 -7.7883 87.75 50 -6.75 87.75
2 24 46.125 -7.7883 89.8 50 -6.75 89.8
2 24 46.125 -7.7883 87.75 43.2883 -10.625 87.75
2 24 46.125 -7.7883 89.8 43.2883 -10.625 89.8
2 24 42.25 -14.5 87.75 43.2883 -10.625 87.75
2 24 42.25 -14.5 89.8 43.2883 -10.625 89.8
2 24 43.75 -14.5 72.15 44.5874 -17.625 72.15
2 24 43.75 -14.5 87.75 44.5874 -17.625 87.75
2 24 44.5874 -17.625 72.15 46.875 -19.9127 72.15
2 24 44.5874 -17.625 87.75 46.875 -19.9127 87.75
2 24 46.875 -19.9127 72.15 50 -20.75 72.15
2 24 46.875 -19.9127 87.75 50 -20.75 87.75
2 24 50 -8.25 72.15 46.875 -9.0873 72.15
2 24 50 -8.25 87.75 46.875 -9.0873 87.75
2 24 46.875 -9.0873 72.15 44.5874 -11.375 72.15
2 24 46.875 -9.0873 87.75 44.5874 -11.375 87.75
2 24 43.75 -14.5 72.15 44.5874 -11.375 72.15
2 24 43.75 -14.5 87.75 44.5874 -11.375 87.75
2 24 44.5874 -11.375 87.75 43.75 -14.5 87.75
2 24 43.2883 -10.625 87.75 42.25 -14.5 87.75
2 24 44.5874 -11.375 87.75 46.875 -9.0873 87.75
2 24 43.2883 -10.625 87.75 46.125 -7.7883 87.75
2 24 46.875 -9.0873 87.75 50 -8.25 87.75
2 24 46.125 -7.7883 87.75 50 -6.75 87.75
2 24 46.875 -19.9127 87.75 50 -20.75 87.75
2 24 46.125 -21.2117 87.75 50 -22.25 87.75
2 24 46.875 -19.9127 87.75 44.5874 -17.625 87.75
2 24 46.125 -21.2117 87.75 43.2883 -18.375 87.75
2 24 43.75 -14.5 87.75 44.5874 -17.625 87.75
2 24 42.25 -14.5 87.75 43.2883 -18.375 87.75
2 24 23.2883 -18.375 87.75 22.25 -14.5 87.75
2 24 23.2883 -18.375 89.8 22.25 -14.5 89.8
2 24 23.2883 -18.375 87.75 26.125 -21.2117 87.75
2 24 23.2883 -18.375 89.8 26.125 -21.2117 89.8
2 24 26.125 -21.2117 87.75 30 -22.25 87.75
2 24 26.125 -21.2117 89.8 30 -22.25 89.8
2 24 30 -22.25 87.75 33.875 -21.2117 87.75
2 24 30 -22.25 89.8 33.875 -21.2117 89.8
2 24 33.875 -21.2117 87.75 36.7117 -18.375 87.75
2 24 33.875 -21.2117 89.8 36.7117 -18.375 89.8
2 24 36.7117 -18.375 87.75 37.75 -14.5 87.75
2 24 36.7117 -18.375 89.8 37.75 -14.5 89.8
2 24 37.75 -14.5 87.75 36.7117 -10.625 87.75
2 24 37.75 -14.5 89.8 36.7117 -10.625 89.8
2 24 36.7117 -10.625 87.75 33.875 -7.7883 87.75
2 24 36.7117 -10.625 89.8 33.875 -7.7883 89.8
2 24 33.875 -7.7883 87.75 30 -6.75 87.75
2 24 33.875 -7.7883 89.8 30 -6.75 89.8
2 24 30 -6.75 87.75 26.125 -7.7883 87.75
2 24 30 -6.75 89.8 26.125 -7.7883 89.8
2 24 26.125 -7.7883 87.75 23.2883 -10.625 87.75
2 24 26.125 -7.7883 89.8 23.2883 -10.625 89.8
2 24 22.25 -14.5 87.75 23.2883 -10.625 87.75
2 24 22.25 -14.5 89.8 23.2883 -10.625 89.8
2 24 23.75 -14.5 72.15 24.5874 -17.625 72.15
2 24 23.75 -14.5 87.75 24.5874 -17.625 87.75
2 24 24.5874 -17.625 72.15 26.875 -19.9127 72.15
2 24 24.5874 -17.625 87.75 26.875 -19.9127 87.75
2 24 26.875 -19.9127 72.15 30 -20.75 72.15
2 24 26.875 -19.9127 87.75 30 -20.75 87.75
2 24 30 -20.75 72.15 33.125 -19.9127 72.15
2 24 30 -20.75 87.75 33.125 -19.9127 87.75
2 24 33.125 -19.9127 72.15 35.4127 -17.625 72.15
2 24 33.125 -19.9127 87.75 35.4127 -17.625 87.75
2 24 35.4127 -17.625 72.15 36.25 -14.5 72.15
2 24 35.4127 -17.625 87.75 36.25 -14.5 87.75
2 24 36.25 -14.5 72.15 35.4127 -11.375 72.15
2 24 36.25 -14.5 87.75 35.4127 -11.375 87.75
2 24 35.4127 -11.375 72.15 33.125 -9.0873 72.15
2 24 35.4127 -11.375 87.75 33.125 -9.0873 87.75
2 24 33.125 -9.0873 72.15 30 -8.25 72.15
2 24 33.125 -9.0873 87.75 30 -8.25 87.75
2 24 30 -8.25 72.15 26.875 -9.0873 72.15
2 24 30 -8.25 87.75 26.875 -9.0873 87.75
2 24 26.875 -9.0873 72.15 24.5874 -11.375 72.15
2 24 26.875 -9.0873 87.75 24.5874 -11.375 87.75
2 24 23.75 -14.5 72.15 24.5874 -11.375 72.15
2 24 23.75 -14.5 87.75 24.5874 -11.375 87.75
2 24 24.5874 -11.375 87.75 23.75 -14.5 87.75
2 24 23.2883 -10.625 87.75 22.25 -14.5 87.75
2 24 24.5874 -11.375 87.75 26.875 -9.0873 87.75
2 24 23.2883 -10.625 87.75 26.125 -7.7883 87.75
2 24 26.875 -9.0873 87.75 30 -8.25 87.75
2 24 26.125 -7.7883 87.75 30 -6.75 87.75
2 24 30 -8.25 87.75 33.125 -9.0873 87.75
2 24 30 -6.75 87.75 33.875 -7.7883 87.75
2 24 33.125 -9.0873 87.75 35.4127 -11.375 87.75
2 24 33.875 -7.7883 87.75 36.7117 -10.625 87.75
2 24 35.4127 -11.375 87.75 36.25 -14.5 87.75
2 24 36.7117 -10.625 87.75 37.75 -14.5 87.75
2 24 36.25 -14.5 87.75 35.4127 -17.625 87.75
2 24 37.75 -14.5 87.75 36.7117 -18.375 87.75
2 24 35.4127 -17.625 87.75 33.125 -19.9127 87.75
2 24 36.7117 -18.375 87.75 33.875 -21.2117 87.75
2 24 33.125 -19.9127 87.75 30 -20.75 87.75
2 24 33.875 -21.2117 87.75 30 -22.25 87.75
2 24 30 -20.75 87.75 26.875 -19.9127 87.75
2 24 30 -22.25 87.75 26.125 -21.2117 87.75
2 24 26.875 -19.9127 87.75 24.5874 -17.625 87.75
2 24 26.125 -21.2117 87.75 23.2883 -18.375 87.75
2 24 23.75 -14.5 87.75 24.5874 -17.625 87.75
2 24 22.25 -14.5 87.75 23.2883 -18.375 87.75
2 24 50 -22.25 89.8 46.125 -21.2117 89.8
2 24 50 -24 89.8 35 -24 89.8
2 24 40 0 89.8 50 0 89.8
2 24 46.125 -7.7883 89.8 50 -6.75 89.8
2 24 35 -24 89.8 10.2337 -23.9528 89.8
2 24 30 -22.25 89.8 26.125 -21.2117 89.8
2 24 30 -22.25 89.8 33.875 -21.2117 89.8
2 24 33.875 -21.2117 89.8 36.7117 -18.375 89.8
2 24 36.7117 -18.375 89.8 37.75 -14.5 89.8
2 24 43.2883 -18.375 89.8 42.25 -14.5 89.8
2 24 42.25 -14.5 89.8 43.2883 -10.625 89.8
2 24 37.75 -14.5 89.8 36.7117 -10.625 89.8
2 24 30 -6.75 89.8 33.875 -7.7883 89.8
2 24 40 0 89.8 10.2337 0 89.8
2 24 30 -6.75 89.8 26.125 -7.7883 89.8
2 24 46.125 -21.2117 89.8 43.2883 -18.375 89.8
2 24 46.125 -7.7883 89.8 43.2883 -10.625 89.8
2 24 36.7117 -10.625 89.8 33.875 -7.7883 89.8
2 24 26.125 -7.7883 89.8 23.2883 -10.625 89.8
2 24 23.2883 -10.625 89.8 22.25 -14.5 89.8
2 24 22.25 -14.5 89.8 23.2883 -18.375 89.8
2 24 26.125 -21.2117 89.8 23.2883 -18.375 89.8
2 24 33.4641 -6.4747 74 34.7927 -7.1796 74
2 24 30 0 76 32 0 76.5359
2 24 32 0 76.5359 33.4641 0 78
2 24 33.4641 0 78 34 0 80
2 24 30 0 76 32 0 76.5359
2 24 30 -5.7501 76.0019 32 -5.966 76.5378
2 24 32 0 76.5359 33.4641 0 78
2 24 32 -5.966 76.5378 33.4641 -6.4747 78.0019
2 24 33.4641 0 78 34 0 80
2 24 33.4641 -6.4747 78.0019 34 -6.7174 80.001
2 24 30 -5.7501 74 31.9961 -5.9809 74
2 24 30 -5.7501 76.0019 32 -5.966 76.5378
2 24 33.4641 -6.4747 74 31.9961 -5.9809 74
2 24 33.4641 -6.4747 78.0019 32 -5.966 76.5378
2 24 50 0 74 13.75 0 74
2 24 31.9961 -5.9809 74 30 -5.7501 74
2 24 31.9961 -5.9809 74 33.4641 -6.4747 74
2 24 33.4641 -6.4747 74 34.7927 -7.1796 74
2 24 34.7927 -7.1796 74 36.0664 -8.1945 74
2 24 45.2073 -7.1796 74 43.9336 -8.1945 74
2 24 38.2759 -11.6593 74 37.3765 -9.7955 74
2 24 41.7241 -11.6593 74 42.6235 -9.7955 74
2 24 38.2759 -11.6593 74 38.738 -14.0421 74
2 24 41.7241 -11.6593 74 41.262 -14.0421 74
2 24 39.0896 -20.75 74 40.9104 -20.75 74
2 24 38.738 -14.0421 74 39.0896 -20.75 74
2 24 41.262 -14.0421 74 40.9104 -20.75 74
2 24 22.6235 -9.7955 74 23.9336 -8.1945 74
2 24 22.6235 -9.7955 86 23.9336 -8.1945 86
2 24 22.6235 -9.7955 74 21.7241 -11.6593 74
2 24 22.6235 -9.7955 86 21.7241 -11.6593 86
2 24 21.7241 -11.6593 74 21.262 -14.0421 74
2 24 21.7241 -11.6593 86 21.262 -14.0421 86
2 24 26.5359 -6.4747 74 25.2073 -7.1796 74
2 24 30 0 76 28 0 76.5359
2 24 28 0 76.5359 26.5359 0 78
2 24 26.5359 0 78 26 0 80
2 24 30 -5.7501 76.0019 28 -5.966 76.5378
2 24 30 0 76 28 0 76.5359
2 24 28 -5.966 76.5378 26.5359 -6.4747 78.0019
2 24 28 0 76.5359 26.5359 0 78
2 24 26.5359 -6.4747 78.0019 26 -6.7174 80.001
2 24 26.5359 0 78 26 0 80
2 24 30 -5.7501 74 28.0039 -5.9809 74
2 24 30 -5.7501 76.0019 28 -5.966 76.5378
2 24 26.5359 -6.4747 78.0019 26 -6.7174 80.001
2 24 26.5359 -6.4747 74 28.0039 -5.9809 74
2 24 26.5359 -6.4747 78.0019 28 -5.966 76.5378
2 24 21.262 -14.0421 86 20.9104 -20.75 86
2 24 20.9104 -20.75 86 20.9104 -20.75 74
2 24 21.262 -14.0421 74 20.9104 -20.75 74
2 24 30 -5.7501 74 28.0039 -5.9809 74
2 24 28.0039 -5.9809 74 26.5359 -6.4747 74
2 24 23.9336 -8.1945 74 25.2073 -7.1796 74
2 24 26.5359 -6.4747 74 25.2073 -7.1796 74
2 24 21.7241 -11.6593 74 22.6235 -9.7955 74
2 24 21.7241 -11.6593 74 21.262 -14.0421 74
2 24 21.262 -14.0421 74 20.9104 -20.75 74
2 24 20.9104 -20.75 74 13.75 -20.75 74
2 24 13.75 0 74 13.75 -20.75 74
2 24 34.7927 -7.1796 86 36.0664 -8.1945 86
2 24 37.3765 -9.7955 74 36.0664 -8.1945 74
2 24 36.0664 -8.1945 86 37.3765 -9.7955 86
2 24 37.3765 -9.7955 74 38.2759 -11.6593 74
2 24 37.3765 -9.7955 86 38.2759 -11.6593 86
2 24 38.2759 -11.6593 86 38.738 -14.0421 86
2 24 38.2759 -11.6593 74 38.738 -14.0421 74
2 24 34.7927 -7.1796 86 33.4641 -6.4747 86
2 24 30 0 84 32 0 83.4641
2 24 32 0 83.4641 33.4641 0 82
2 24 34 0 80 33.4641 0 82
2 24 32 -5.966 83.4641 30 -5.7501 84
2 24 32 0 83.4641 30 0 84
2 24 32 -5.966 83.4641 33.4641 -6.4747 82
2 24 32 0 83.4641 33.4641 0 82
2 24 34 -6.7174 80.001 33.4641 -6.4747 82
2 24 34 0 80 33.4641 0 82
2 24 30 -5.7501 86 31.9961 -5.9809 86
2 24 30 -5.7501 84 32 -5.966 83.4641
2 24 33.4641 -6.4747 82 34 -6.7174 80.001
2 24 33.4641 -6.4747 86 31.9961 -5.9809 86
2 24 33.4641 -6.4747 82 32 -5.966 83.4641
2 24 39.0896 -20.75 86 39.0896 -20.75 74
2 24 38.738 -14.0421 86 39.0896 -20.75 86
2 24 38.738 -14.0421 74 39.0896 -20.75 74
2 24 31.9961 -5.9809 86 30 -5.7501 86
2 24 31.9961 -5.9809 86 33.4641 -6.4747 86
2 24 33.4641 -6.4747 86 34.7927 -7.1796 86
2 24 23.9336 -8.1945 74 25.2073 -7.1796 74
2 24 26.5359 -6.4747 86 25.2073 -7.1796 86
2 24 30 0 84 28 0 83.4641
2 24 28 0 83.4641 26.5359 0 82
2 24 26 0 80 26.5359 0 82
2 24 30 0 84 28 0 83.4641
2 24 30 -5.7501 84 28 -5.966 83.4641
2 24 28 0 83.4641 26.5359 0 82
2 24 28 -5.966 83.4641 26.5359 -6.4747 82
2 24 26 0 80 26.5359 0 82
2 24 26 -6.7174 80.001 26.5359 -6.4747 82
2 24 30 -5.7501 86 28.0039 -5.9809 86
2 24 30 -5.7501 84 28 -5.966 83.4641
2 24 26.5359 -6.4747 86 28.0039 -5.9809 86
2 24 26.5359 -6.4747 82 28 -5.966 83.4641
2 24 50 0 86 13.75 0 86
2 24 30 -5.7501 86 28.0039 -5.9809 86
2 24 28.0039 -5.9809 86 26.5359 -6.4747 86
2 24 23.9336 -8.1945 86 22.6235 -9.7955 86
2 24 22.6235 -9.7955 86 21.7241 -11.6593 86
2 24 21.7241 -11.6593 86 21.262 -14.0421 86
2 24 13.75 0 86 13.75 -20.75 86
2 24 21.262 -14.0421 86 20.9104 -20.75 86
2 24 13.75 -20.75 86 20.9104 -20.75 86
2 24 20.9104 -20.75 74 13.75 -20.75 74
2 24 20.9104 -20.75 74 20.9104 -20.75 86
2 24 13.75 -20.75 74 13.75 -20.75 86
2 24 20.9104 -20.75 86 13.75 -20.75 86
2 24 41.7241 -11.6593 74 42.6235 -9.7955 74
2 24 41.7241 -11.6593 86 42.6235 -9.7955 86
2 24 41.7241 -11.6593 74 41.262 -14.0421 74
2 24 41.7241 -11.6593 86 41.262 -14.0421 86
2 24 46.5359 -6.4747 74 45.2073 -7.1796 74
2 24 50 0 76 48 0 76.5359
2 24 48 0 76.5359 46.5359 0 78
2 24 46.5359 0 78 46 0 80
2 24 48 -5.966 76.5378 50 -5.7501 76.0019
2 24 48 0 76.5359 50 0 76
2 24 48 -5.966 76.5378 46.5359 -6.4747 78.0019
2 24 48 0 76.5359 46.5359 0 78
2 24 46.5359 -6.4747 78.0019 46 -6.7174 80.001
2 24 46.5359 0 78 46 0 80
2 24 50 -5.7501 74 48.0039 -5.9809 74
2 24 50 -5.7501 76.0019 48 -5.966 76.5378
2 24 46.5359 -6.4747 78.0019 46 -6.7174 80.001
2 24 46.5359 -6.4747 74 48.0039 -5.9809 74
2 24 46.5359 -6.4747 78.0019 48 -5.966 76.5378
2 24 40.9104 -20.75 74 40.9104 -20.75 86
2 24 41.262 -14.0421 74 40.9104 -20.75 74
2 24 41.262 -14.0421 86 40.9104 -20.75 86
2 24 48.0039 -5.9809 74 50 -5.7501 74
2 24 48.0039 -5.9809 74 46.5359 -6.4747 74
2 24 45.2073 -7.1796 74 46.5359 -6.4747 74
2 24 45.2073 -7.1796 74 43.9336 -8.1945 74
2 24 42.6235 -9.7955 74 43.9336 -8.1945 74
2 24 42.6235 -9.7955 86 43.9336 -8.1945 86
2 24 46.5359 -6.4747 86 45.2073 -7.1796 86
2 24 50 0 84 48 0 83.4641
2 24 48 0 83.4641 46.5359 0 82
2 24 46 0 80 46.5359 0 82
2 24 50 0 84 48 0 83.4641
2 24 50 -5.7501 84 48 -5.966 83.4641
2 24 48 0 83.4641 46.5359 0 82
2 24 48 -5.966 83.4641 46.5359 -6.4747 82
2 24 46 0 80 46.5359 0 82
2 24 46 -6.7174 80.001 46.5359 -6.4747 82
2 24 50 -5.7501 86 48.0039 -5.9809 86
2 24 50 -5.7501 84 48 -5.966 83.4641
2 24 46.5359 -6.4747 86 48.0039 -5.9809 86
2 24 46.5359 -6.4747 82 48 -5.966 83.4641
2 24 50 -5.7501 86 48.0039 -5.9809 86
2 24 48.0039 -5.9809 86 46.5359 -6.4747 86
2 24 34.7927 -7.1796 86 36.0664 -8.1945 86
2 24 45.2073 -7.1796 86 43.9336 -8.1945 86
2 24 38.2759 -11.6593 86 37.3765 -9.7955 86
2 24 41.7241 -11.6593 86 42.6235 -9.7955 86
2 24 38.2759 -11.6593 86 38.738 -14.0421 86
2 24 41.7241 -11.6593 86 41.262 -14.0421 86
2 24 38.738 -14.0421 86 39.0896 -20.75 86
2 24 39.0896 -20.75 86 40.9104 -20.75 86
2 24 41.262 -14.0421 86 40.9104 -20.75 86
2 24 40.9104 -20.75 74 39.0896 -20.75 74
2 24 40.9104 -20.75 74 40.9104 -20.75 86
2 24 39.0896 -20.75 74 39.0896 -20.75 86
2 24 40.9104 -20.75 86 39.0896 -20.75 86
2 24 50 -24 89.8 35 -24 89.8
2 24 50 -24 70.2 35 -24 70.2
2 24 35 -24 70.2 13.634 -24 70.2
2 24 35 -24 89.8 10.2337 -23.9528 89.8
2 24 40 0 89.8 50 0 89.8
2 24 50 0 86 13.75 0 86
2 24 40 0 89.8 10.2337 0 89.8
2 24 36.0664 -8.1945 86 37.3765 -9.7955 86
2 24 43.9336 -8.1945 86 42.6235 -9.7955 86
2 24 46.5359 -6.4747 86 45.2073 -7.1796 86
2 24 23.9336 -8.1945 86 25.2073 -7.1796 86
2 24 26.5359 -6.4747 86 25.2073 -7.1796 86
2 24 23.9336 -8.1945 74 22.6235 -9.7955 74
2 24 43.9336 -8.1945 74 42.6235 -9.7955 74
2 24 36.0664 -8.1945 74 37.3765 -9.7955 74
2 24 30 0 70.2 50 0 70.2
2 24 30 0 70.2 13.75 0 70.2
2 24 50 0 74 13.75 0 74
2 24 8.564 0 82.9081 10.0233 0 84.3985
2 24 10.2337 0 89.8 5.9675 0 85.5047
2 24 7.6771 -5.25 81.793 4.9913 -5.25 84.4788
2 24 7.6771 -5.25 81.793 7.6217 -1.3748 81.891
2 24 4.9913 -5.25 84.4788 5.0126 -1.3748 84.5001
2 24 -1.8785 -1.3748 72.3908 -1.7805 -5.25 72.3354
2 24 -4.4663 -5.25 75.0212 4.9913 -5.25 84.4788
2 24 -9.8 -24 70 10.2337 -23.9528 89.8
2 24 -9.8 0 70 -5.5148 0 74.0676
2 24 -4.3897 0 69.9854 -2.8956 0 71.4484
2 24 7.8982 -0.3892 82.2122 5.3037 -0.3892 84.8068
2 24 8.564 0 82.9081 7.8982 -0.3892 82.2122
2 24 5.9675 0 85.5047 5.3037 -0.3892 84.8068
2 24 7.6217 -1.3748 81.891 7.8982 -0.3892 82.2122
2 24 5.0126 -1.3748 84.5001 5.3037 -0.3892 84.8068
2 24 -2.8956 0 71.4484 -2.1903 -0.3959 72.1234
2 24 -2.1903 -0.3959 72.1234 -4.7911 -0.3959 74.7242
2 24 -5.5148 0 74.0676 -4.7911 -0.3959 74.7242
2 24 -5.5148 0 74.0676 -9.8 0 70
2 24 -9.8 -24 70 -9.8 0 70
2 24 4.9913 -5.25 84.4788 5.0126 -1.3748 84.5001
2 24 5.0126 -1.3748 84.5001 5.3037 -0.3892 84.8068
2 24 -4.4663 -5.25 75.0212 -4.4876 -1.3748 74.9999
2 24 5.9675 0 85.5047 10.2337 0 89.8
2 24 10.2337 -23.9528 89.8 10.2337 0 89.8
2 24 -1.8785 -1.3748 72.3908 -2.1903 -0.3959 72.1234
2 24 7.6771 -5.25 81.793 7.6217 -1.3748 81.891
2 24 -1.3895 -20.25 71.9855 8.027 -20.25 81.4021
2 24 -1.7805 -5.25 72.3354 7.6771 -5.25 81.793
2 24 5.3037 -0.3892 84.8068 5.9675 0 85.5047
2 24 -5.5148 0 74.0676 -4.7911 -0.3959 74.7242
2 24 -4.4876 -1.3748 74.9999 -4.7911 -0.3959 74.7242
2 24 -2.1903 -0.3959 72.1234 -2.8956 0 71.4484
2 24 7.8982 -0.3892 82.2122 8.564 0 82.9081
2 24 7.6217 -1.3748 81.891 7.8982 -0.3892 82.2122
2 24 7.6771 -5.25 81.793 -1.7805 -5.25 72.3354
2 24 7.6771 -5.25 81.793 4.9913 -5.25 84.4788
2 24 -1.7805 -5.25 72.3354 -4.4663 -5.25 75.0212
2 24 4.9913 -5.25 84.4788 -4.4663 -5.25 75.0212
2 24 -4.5498 0 69.1571 -4.5965 0 69.593
2 24 -1.6996 -20.25 70.2812 -1.8058 -20.25 71.2176
2 24 8.707 -20.25 81.7972 9.5753 -20.25 81.7738
2 24 10.4305 0 84.611 10.84 0 84.5687
2 24 10.6053 -20.25 74.6167 10.6053 -20.25 80.3341
2 24 10.6053 -20.25 74.6167 11.3125 0 73.95
2 24 11.3125 0 73.95 11.3124 0 83.8703
2 24 -3.8519 0 68.7 6.0625 0 68.7
2 24 -0.3216 -20.25 69.4072 5.3958 -20.25 69.4072
2 24 6.0625 0 68.7 5.3958 -20.25 69.4072
2 24 5.4479 -20.25 69.6658 5.773 -20.25 70.4898
2 24 6.0625 0 69.3531 6.3157 0 70.6123
2 24 5.4479 -20.25 69.6658 5.3958 -20.25 69.4072
2 24 6.0625 0 69.3531 6.0625 0 68.7
2 24 5.3958 -20.25 69.4072 6.0625 0 68.7
2 24 5.773 -20.25 70.4898 6.3083 -20.25 71.1958
2 24 6.3157 0 70.6123 7.0155 0 71.653
2 24 7.0155 0 71.653 7.6875 0 72.325
2 24 6.3083 -20.25 71.1958 7.5625 -20.25 72.45
2 24 9.5227 -20.25 74.2396 8.8167 -20.25 73.7042
2 24 9.4664 0 73.7231 8.3595 0 72.997
2 24 9.5227 -20.25 74.2396 10.3467 -20.25 74.5646
2 24 9.4664 0 73.7231 10.6595 0 73.95
2 24 10.6595 0 73.95 11.3125 0 73.95
2 24 11.3125 0 73.95 10.6053 -20.25 74.6167
2 24 10.3467 -20.25 74.5646 10.6053 -20.25 74.6167
2 24 11.3124 0 83.8703 11.2118 0 84.2446
2 24 10.6053 -20.25 80.3341 10.3567 -20.25 81.1714
2 24 10.84 0 84.5687 11.2118 0 84.2446
2 24 9.5753 -20.25 81.7738 10.3567 -20.25 81.1714
2 24 8.027 -20.25 81.4021 8.707 -20.25 81.7972
2 24 10.4305 0 84.611 10.0233 0 84.3985
2 24 -0.3216 -20.25 69.4072 -1.1636 -20.25 69.6589
2 24 -3.8519 0 68.7 -4.2902 0 68.8376
2 24 8.564 0 82.9081 10.0233 0 84.3985
2 24 -2.8956 0 71.4484 -4.3897 0 69.9854
2 24 -0.3216 -20.25 69.4072 -1.1636 -20.25 69.6589
2 24 -1.1636 -20.25 69.6589 -1.6996 -20.25 70.2812
2 24 13.75 0 74 13.75 0 86
2 24 13.75 0 74 13.75 -20.75 74
2 24 13.75 0 86 13.75 -20.75 86
2 24 13.75 -20.75 74 13.75 -20.75 86
2 24 13.75 0 86 13.75 0 74
2 24 11.3124 0 83.8703 11.3125 0 73.95
2 24 7.6875 0 72.325 8.3595 0 72.997
2 24 7.5625 -20.25 72.45 8.8167 -20.25 73.7042
2 24 9.4783 0 69.3493 9.9123 0 70.0177
2 24 7.0155 0 71.653 7.6875 0 72.325
2 24 7.6875 0 72.325 8.3595 0 72.997
2 24 9.9123 0 70.0177 10.5719 0 70.4882
2 24 8.3595 0 72.997 9.4664 0 73.7231
2 24 10.5719 0 70.4882 11.4152 0 70.6071
2 24 11.4152 0 70.6071 12.2523 0 70.5902
2 24 9.4783 0 69.3493 9.3917 0 68.4925
2 24 6.3157 0 70.6123 7.0155 0 71.653
2 24 9.4582 0 67.6544 9.3917 0 68.4925
2 24 9.4664 0 73.7231 10.6595 0 73.95
2 24 12.2523 0 70.5902 12.9785 0 70.3079
2 24 11.3125 0 73.95 10.6595 0 73.95
2 24 13.75 0 70.2 12.9785 0 70.3079
2 24 -4.5965 0 69.593 -4.5498 0 69.1571
2 24 -4.5498 0 69.1571 -4.2902 0 68.8376
2 24 6.0625 0 69.3531 6.0625 0 68.7
2 24 9.8 0 66.2036 9.7127 0 66.9487
2 24 10.84 0 84.5687 10.4305 0 84.611
2 24 6.0625 0 68.7 -3.8519 0 68.7
2 24 6 0 66.25 -6 0 66.25
2 24 -4.2902 0 68.8376 -3.8519 0 68.7
2 24 10.0233 0 84.3985 10.4305 0 84.611
2 24 11.3124 0 83.8703 11.2118 0 84.2446
2 24 10.84 0 84.5687 11.2118 0 84.2446
2 24 9.4609 -24 68.4797 9.5381 -24 67.6443
2 24 10.5883 -24 70.398 9.9667 -24 69.9659
2 24 13.634 -24 70.2 12.931 -24 70.2769
2 24 12.931 -24 70.2769 12.2322 -24 70.5178
2 24 9.8 -24 66.3661 9.7434 -24 66.9698
2 24 9.5381 -24 67.6443 9.7434 -24 66.9698
2 24 9.9667 -24 69.9659 9.5667 -24 69.3232
2 24 10.2337 -23.9528 89.8 -9.8 -24 70
2 24 10.5883 -24 70.398 11.4253 -24 70.5466
2 24 9.4609 -24 68.4797 9.5667 -24 69.3232
2 24 12.2322 -24 70.5178 11.4253 -24 70.5466
2 24 -9.8 -24 40 -9.8 -24 70
2 24 -4.7911 -0.3959 74.7242 -4.4876 -1.3748 74.9999
2 24 -2.1903 -0.3959 72.1234 -1.8785 -1.3748 72.3908
2 24 -4.4876 -1.3748 74.9999 -4.4663 -5.25 75.0212
2 24 -4.4663 -5.25 75.0212 -1.7805 -5.25 72.3354
2 24 -1.8785 -1.3748 72.3908 -1.7805 -5.25 72.3354
2 24 6 -7.1796 54.7927 6 -6.4747 53.4641
2 24 -4.5498 0 69.1571 -4.2902 0 68.8376
2 24 -1.6996 -20.25 70.2812 -1.1636 -20.25 69.6589
2 24 -4.5965 0 69.593 -4.3897 0 69.9854
2 24 -1.3895 -20.25 71.9855 -1.8058 -20.25 71.2176
2 24 -4.3897 0 69.9854 -4.5965 0 69.593
2 24 -9.8 -21.2117 46.125 -9.8 -18.375 43.2883
2 24 -9.8 -21.2117 33.875 -9.8 -18.375 36.7117
2 24 0 -6.7174 26 -1.9991 -6.4747 26.5359
2 24 -6 -8.1945 23.9336 -6 -7.1796 25.2073
2 24 0 -6.7174 6 -1.9991 -6.4747 6.5359
2 24 -6 -8.1945 3.9336 -6 -7.1796 5.2073
2 24 -6 -6.4747 6.5359 -6 -7.1796 5.2073
2 24 9.8 -21.1672 33.8493 9.8 -18.3493 36.6672
2 24 26 -6.7174 80.001 26.5359 -6.4747 82
2 24 23.9336 -8.1945 86 25.2073 -7.1796 86
2 24 46 -6.7174 80.001 46.5359 -6.4747 82
2 24 43.9336 -8.1945 86 45.2073 -7.1796 86
2 24 33.4641 -6.4747 78.0019 34 -6.7174 80.001
2 24 34.7927 -7.1796 74 36.0664 -8.1945 74
2 24 8.707 -20.25 81.7972 8.027 -20.25 81.4021
2 24 -7.749 -22.25 30 -7.749 -21.2117 33.875
2 24 -9.8 -22.25 30 -9.8 -21.2117 33.875
2 24 -7.749 -21.2117 33.875 -7.749 -18.375 36.7117
2 24 -9.8 -21.2117 33.875 -9.8 -18.375 36.7117
2 24 -7.749 -18.375 36.7117 -7.749 -14.5 37.75
2 24 -9.8 -18.375 36.7117 -9.8 -14.5 37.75
2 24 -7.749 -14.5 37.75 -7.749 -10.625 36.7117
2 24 -9.8 -14.5 37.75 -9.8 -10.625 36.7117
2 24 -7.749 -10.625 36.7117 -7.749 -7.7883 33.875
2 24 -9.8 -10.625 36.7117 -9.8 -7.7883 33.875
2 24 -7.749 -7.7883 33.875 -7.749 -6.75 30
2 24 -9.8 -7.7883 33.875 -9.8 -6.75 30
2 24 -7.749 -6.75 30 -7.749 -7.7883 26.125
2 24 -9.8 -6.75 30 -9.8 -7.7883 26.125
2 24 -7.749 -7.7883 26.125 -7.749 -10.625 23.2883
2 24 -9.8 -7.7883 26.125 -9.8 -10.625 23.2883
2 24 -7.749 -10.625 23.2883 -7.749 -14.5 22.25
2 24 -9.8 -10.625 23.2883 -9.8 -14.5 22.25
2 24 -7.749 -14.5 22.25 -7.749 -18.375 23.2883
2 24 -9.8 -14.5 22.25 -9.8 -18.375 23.2883
2 24 -7.749 -18.375 23.2883 -7.749 -21.2117 26.125
2 24 -9.8 -18.375 23.2883 -9.8 -21.2117 26.125
2 24 -7.749 -22.25 30 -7.749 -21.2117 26.125
2 24 -9.8 -22.25 30 -9.8 -21.2117 26.125
2 24 -7.749 -22.25 50 -7.749 -21.2117 53.875
2 24 -9.8 -22.25 50 -9.8 -21.2117 53.875
2 24 -7.749 -21.2117 53.875 -7.749 -18.375 56.7117
2 24 -9.8 -21.2117 53.875 -9.8 -18.375 56.7117
2 24 -7.749 -18.375 56.7117 -7.749 -14.5 57.75
2 24 -9.8 -18.375 56.7117 -9.8 -14.5 57.75
2 24 -7.749 -14.5 57.75 -7.749 -10.625 56.7117
2 24 -9.8 -14.5 57.75 -9.8 -10.625 56.7117
2 24 -7.749 -10.625 56.7117 -7.749 -7.7883 53.875
2 24 -9.8 -10.625 56.7117 -9.8 -7.7883 53.875
2 24 -7.749 -7.7883 53.875 -7.749 -6.75 50
2 24 -9.8 -7.7883 53.875 -9.8 -6.75 50
2 24 -7.749 -6.75 50 -7.749 -7.7883 46.125
2 24 -9.8 -6.75 50 -9.8 -7.7883 46.125
2 24 -7.749 -7.7883 46.125 -7.749 -10.625 43.2883
2 24 -9.8 -7.7883 46.125 -9.8 -10.625 43.2883
2 24 -7.749 -10.625 43.2883 -7.749 -14.5 42.25
2 24 -9.8 -10.625 43.2883 -9.8 -14.5 42.25
2 24 -7.749 -14.5 42.25 -7.749 -18.375 43.2883
2 24 -9.8 -14.5 42.25 -9.8 -18.375 43.2883
2 24 -7.749 -18.375 43.2883 -7.749 -21.2117 46.125
2 24 -9.8 -18.375 43.2883 -9.8 -21.2117 46.125
2 24 -7.749 -22.25 50 -7.749 -21.2117 46.125
2 24 -9.8 -22.25 50 -9.8 -21.2117 46.125
2 24 -7.749 -22.25 10 -7.749 -21.2117 13.875
2 24 -9.8 -22.25 10 -9.8 -21.2117 13.875
2 24 -7.749 -21.2117 13.875 -7.749 -18.375 16.7117
2 24 -9.8 -21.2117 13.875 -9.8 -18.375 16.7117
2 24 -7.749 -18.375 16.7117 -7.749 -14.5 17.75
2 24 -9.8 -18.375 16.7117 -9.8 -14.5 17.75
2 24 -7.749 -14.5 17.75 -7.749 -10.625 16.7117
2 24 -9.8 -14.5 17.75 -9.8 -10.625 16.7117
2 24 -7.749 -10.625 16.7117 -7.749 -7.7883 13.875
2 24 -9.8 -10.625 16.7117 -9.8 -7.7883 13.875
2 24 -7.749 -7.7883 13.875 -7.749 -6.75 10
2 24 -9.8 -7.7883 13.875 -9.8 -6.75 10
2 24 -7.749 -6.75 10 -7.749 -7.7883 6.125
2 24 -9.8 -6.75 10 -9.8 -7.7883 6.125
2 24 -7.749 -7.7883 6.125 -7.749 -10.625 3.2883
2 24 -9.8 -7.7883 6.125 -9.8 -10.625 3.2883
2 24 -7.749 -10.625 3.2883 -7.749 -14.5 2.25
2 24 -9.8 -10.625 3.2883 -9.8 -14.5 2.25
2 24 -7.749 -14.5 2.25 -7.749 -18.375 3.2883
2 24 -9.8 -14.5 2.25 -9.8 -18.375 3.2883
2 24 -7.749 -18.375 3.2883 -7.749 -21.2117 6.125
2 24 -9.8 -18.375 3.2883 -9.8 -21.2117 6.125
2 24 -7.749 -22.25 10 -7.749 -21.2117 6.125
2 24 -9.8 -22.25 10 -9.8 -21.2117 6.125
2 24 7.8625 -14.5671 57.6872 7.851 0 57.8137
2 24 7.851 0 57.8137 9.8 0 57.8137
2 24 9.8 -14.5671 57.6872 9.8 0 57.8137
2 24 7.851 0 57.8137 7.8625 -14.5671 57.6872
2 24 7.851 -14.5 56.25 7.851 -11.375 55.4127
2 24 6 -20.75 59.0896 -6 -20.75 59.0896
2 24 6 -20.75 59.0896 6 -20.75 66.25
2 24 -6 -20.75 59.0896 -6 -20.75 66.25
2 24 6 -20.75 66.25 -6 -20.75 66.25
2 24 10.2337 -23.9528 89.8 10.2337 0 89.8
2 24 6 -20.75 59.0896 6 -20.75 66.25
2 24 6 -14.0421 58.738 6 -20.75 59.0896
2 24 6 0 66.25 6 -20.75 66.25
2 24 9.5753 -20.25 81.7738 10.3567 -20.25 81.1714
2 24 10.3567 -20.25 81.1714 10.6053 -20.25 80.3341
2 24 8.707 -20.25 81.7972 9.5753 -20.25 81.7738
2 24 -1.8058 -20.25 71.2176 -1.3895 -20.25 71.9855
2 24 -1.6996 -20.25 70.2812 -1.8058 -20.25 71.2176
2 24 8.027 -20.25 81.4021 -1.3895 -20.25 71.9855
2 24 5.4479 -20.25 69.6658 5.3958 -20.25 69.4072
2 24 -0.3216 -20.25 69.4072 5.3958 -20.25 69.4072
2 24 5.4479 -20.25 69.6658 5.773 -20.25 70.4898
2 24 5.773 -20.25 70.4898 6.3083 -20.25 71.1958
2 24 6.3083 -20.25 71.1958 7.5625 -20.25 72.45
2 24 9.5227 -20.25 74.2396 8.8167 -20.25 73.7042
2 24 9.5227 -20.25 74.2396 10.3467 -20.25 74.5646
2 24 10.3467 -20.25 74.5646 10.6053 -20.25 74.6167
2 24 10.6053 -20.25 80.3341 10.6053 -20.25 74.6167
2 24 7.5625 -20.25 72.45 8.8167 -20.25 73.7042
2 24 -9.8 -22.25 30 -9.8 -21.2117 26.125
2 24 9.8 -14.5671 17.6803 9.8 0 17.747
2 24 9.8 0 17.747 9.8 0 22.2496
2 24 9.8 -14.5671 22.3128 9.8 0 22.2496
2 24 92.1491 -18.3493 36.6672 92.1491 -14.5671 37.6803
2 24 90.2 -18.3493 36.6672 90.2 -14.5671 37.6803
2 24 92.1491 -18.3493 36.6672 92.1491 -21.1672 33.8493
2 24 90.2 -18.3493 36.6672 90.2 -21.1672 33.8493
2 24 92.1491 -21.1672 33.8493 92.1491 -22.1986 30
2 24 90.2 -21.1672 33.8493 90.2 -22.1986 30
2 24 92.1491 -19.9127 33.125 92.1491 -17.625 35.4127
2 24 107.7491 -19.9127 33.125 107.7491 -17.625 35.4127
2 24 92.1491 -19.9127 33.125 92.1491 -20.75 30
2 24 107.7491 -19.9127 33.125 107.749 -20.75 30
2 24 92.1491 -9.0873 33.125 92.1491 -8.25 30
2 24 107.7491 -9.0873 33.125 107.7491 -8.25 30
2 24 92.1491 -9.0873 33.125 92.1491 -11.375 35.4127
2 24 107.7491 -9.0873 33.125 107.7491 -11.375 35.4127
2 24 92.1491 -11.375 35.4127 92.1491 -14.5 36.25
2 24 107.7491 -11.375 35.4127 107.7491 -14.5 36.25
2 24 92.1491 -17.625 35.4127 92.1491 -14.5 36.25
2 24 107.7491 -17.625 35.4127 107.7491 -14.5 36.25
2 24 92.1491 -9.0873 33.125 92.1491 -8.25 30
2 24 92.1491 -20.75 30 92.1491 -19.9127 33.125
2 24 92.1491 -22.1986 30 92.1491 -21.1672 33.8493
2 24 92.1491 -19.9127 33.125 92.1491 -17.625 35.4127
2 24 92.1491 -21.1672 33.8493 92.1491 -18.3493 36.6672
2 24 92.1491 -18.3493 36.6672 92.1491 -14.5671 37.6803
2 24 92.1491 -17.625 35.4127 92.1491 -14.5 36.25
2 24 107.7491 -14.5 36.25 107.7491 -11.375 35.4127
2 24 107.749 -14.5 37.75 107.749 -10.625 36.7117
2 24 107.7491 -11.375 35.4127 107.7491 -9.0873 33.125
2 24 107.749 -10.625 36.7117 107.749 -7.7883 33.875
2 24 107.7491 -9.0873 33.125 107.7491 -8.25 30
2 24 107.749 -7.7883 33.875 107.749 -6.75 30
2 24 107.749 -20.75 30 107.7491 -19.9127 33.125
2 24 107.749 -22.25 30 107.749 -21.2117 33.875
2 24 107.7491 -19.9127 33.125 107.7491 -17.625 35.4127
2 24 107.749 -21.2117 33.875 107.749 -18.375 36.7117
2 24 107.7491 -14.5 36.25 107.7491 -17.625 35.4127
2 24 107.749 -14.5 37.75 107.749 -18.375 36.7117
2 24 109.8 -21.2117 33.875 109.8 -22.25 30
2 24 109.8 -7.7883 33.875 109.8 -6.75 30
2 24 109.8 0 40 109.8 0 20
2 24 94 -8.1945 36.0664 94 -7.1796 34.7927
2 24 94 -7.1796 34.7927 94 -6.4747 33.4641
2 24 96 0 30 96.5359 0 32
2 24 96.5359 0 32 98 0 33.4641
2 24 98 0 33.4641 100 0 34
2 24 96.5369 -5.966 32 96.001 -5.7501 30
2 24 96.5359 0 32 96 0 30
2 24 96.5369 -5.966 32 98.001 -6.4747 33.4641
2 24 96.5359 0 32 98 0 33.4641
2 24 98.001 -6.4747 33.4641 100 -6.7174 34
2 24 98 0 33.4641 100 0 34
2 24 94 -5.7501 30 94 -5.9809 31.9962
2 24 96.001 -5.7501 30 96.5369 -5.966 32
2 24 98.001 -6.4747 33.4641 100 -6.7174 34
2 24 94 -6.4747 33.4641 94 -5.9809 31.9962
2 24 98.001 -6.4747 33.4641 96.5369 -5.966 32
2 24 94 -5.9809 31.9962 94 -5.7501 30
2 24 94 -5.9809 31.9962 94 -6.4747 33.4641
2 24 94 0 37.8137 94 0 42.1863
2 24 106 -8.1945 36.0664 106 -7.1796 34.7927
2 24 94 -8.1945 36.0664 94 -9.7955 37.3765
2 24 106 -8.1945 36.0664 106 -9.7955 37.3765
2 24 94 -9.7955 37.3765 94 -11.6593 38.2759
2 24 106 -9.7955 37.3765 106 -11.6593 38.2759
2 24 106 -11.6593 38.2759 106 -14.0421 38.738
2 24 94 -11.6593 38.2759 94 -14.0421 38.738
2 24 106 -7.1796 34.7927 106 -6.4747 33.4641
2 24 104 0 30 103.4641 0 32
2 24 103.4641 0 32 102 0 33.4641
2 24 100 0 34 102 0 33.4641
2 24 104 0 30 103.4641 0 32
2 24 103.999 -5.7501 30 103.4632 -5.966 32
2 24 103.4641 0 32 102 0 33.4641
2 24 103.4632 -5.966 32 101.9991 -6.4747 33.4641
2 24 100 0 34 102 0 33.4641
2 24 100 -6.7174 34 101.9991 -6.4747 33.4641
2 24 106 -5.7501 30 106 -5.9809 31.9962
2 24 103.999 -5.7501 30 103.4632 -5.966 32
2 24 100 -6.7174 34 101.9991 -6.4747 33.4641
2 24 106 -6.4747 33.4641 106 -5.9809 31.9962
2 24 101.9991 -6.4747 33.4641 103.4632 -5.966 32
2 24 106 -14.0421 38.738 106 -20.75 39.0896
2 24 106 -20.75 39.0896 94 -20.75 39.0896
2 24 94 -14.0421 38.738 94 -20.75 39.0896
2 24 106 0 20 106 0 40
2 24 106 -5.7501 30 106 -5.9809 31.9962
2 24 106 -5.9809 31.9962 106 -6.4747 33.4641
2 24 92.1491 -14.5671 37.6803 92.1491 0 37.8137
2 24 92.1491 0 37.8137 90.2 0 37.8137
2 24 90.2 -14.5671 37.6803 90.2 0 37.8137
2 24 92.1491 0 37.8137 92.1491 -14.5671 37.6803
2 24 92.1491 -14.5 36.25 92.1491 -11.375 35.4127
2 24 94 -11.6593 38.2759 94 -9.7955 37.3765
2 24 94 -11.6593 41.7241 94 -9.7955 42.6235
2 24 94 -11.6593 38.2759 94 -14.0421 38.738
2 24 94 -11.6593 41.7241 94 -14.0421 41.262
2 24 94 -14.0421 38.738 94 -20.75 39.0896
2 24 94 -20.75 39.0896 94 -20.75 40.9105
2 24 94 -14.0421 41.262 94 -20.75 40.9105
2 24 106 -8.1945 36.0664 106 -9.7955 37.3765
2 24 106 -8.1945 43.9336 106 -9.7955 42.6235
2 24 106 -9.7955 37.3765 106 -11.6593 38.2759
2 24 106 -9.7955 42.6235 106 -11.6593 41.7241
2 24 106 -11.6593 38.2759 106 -14.0421 38.738
2 24 106 -11.6593 41.7241 106 -14.0421 41.262
2 24 106 -14.0421 38.738 106 -20.75 39.0896
2 24 106 -20.75 39.0896 106 -20.75 40.9105
2 24 106 -14.0421 41.262 106 -20.75 40.9105
2 24 94 -20.75 40.9105 106 -20.75 40.9105
2 24 94 -20.75 40.9105 94 -20.75 39.0896
2 24 106 -20.75 40.9105 106 -20.75 39.0896
2 24 94 -20.75 39.0896 106 -20.75 39.0896
2 24 106 -8.1945 36.0664 106 -7.1796 34.7927
2 24 106 -8.1945 43.9336 106 -7.1796 45.2073
2 24 94 -8.1945 36.0664 94 -9.7955 37.3765
2 24 94 -8.1945 43.9336 94 -9.7955 42.6235
2 24 92.1491 0 37.8137 90.2 0 37.8137
2 24 90.2 0 37.8137 90.2 0 42.1863
2 24 92.1491 0 42.1863 90.2 0 42.1863
2 24 94 -6.4747 33.4641 94 -7.1796 34.7927
2 24 94 0 37.8137 94 0 42.1863
2 24 106 -6.4747 33.4641 106 -7.1796 34.7927
2 24 106 0 20 106 0 40
2 24 109.8 0 20 109.8 0 40
2 24 90.2 -24 40 90.2 -24 30
2 24 90.2 -24 40 90.2 -24 30
2 24 90.2 -21.1672 33.8493 90.2 -22.1986 30
2 24 90.2 0 37.8137 90.2 -14.5671 37.6803
2 24 90.2 0 37.8137 90.2 0 42.1863
2 24 90.2 0 42.1863 90.2 -14.5671 42.3128
2 24 92.1491 -9.0873 33.125 92.1491 -11.375 35.4127
2 24 94 -8.1945 36.0664 94 -7.1796 34.7927
2 24 92.1491 -18.3493 56.6672 92.1375 -14.5671 57.6872
2 24 90.2 -18.3493 56.6672 90.2 -14.5671 57.6872
2 24 92.1491 -18.3493 56.6672 92.1491 -21.1672 53.8493
2 24 90.2 -18.3493 56.6672 90.2 -21.1672 53.8493
2 24 92.1491 -21.1672 53.8493 92.1491 -22.1986 50
2 24 90.2 -21.1672 53.8493 90.2 -22.1986 50
2 24 92.1491 -22.1986 50 92.1491 -21.1672 46.1507
2 24 90.2 -22.1986 50 90.2 -21.1672 46.1507
2 24 92.1491 -21.1672 46.1507 92.1491 -18.3493 43.3328
2 24 90.2 -21.1672 46.1507 90.2 -18.3493 43.3328
2 24 92.1491 -18.3493 43.3328 92.1491 -14.5671 42.3128
2 24 90.2 -18.3493 43.3328 90.2 -14.5671 42.3128
2 24 92.1491 -19.9127 53.125 92.1491 -17.625 55.4127
2 24 107.7491 -19.9127 53.125 107.7491 -17.625 55.4127
2 24 92.1491 -19.9127 53.125 92.1491 -20.75 50
2 24 107.7491 -19.9127 53.125 107.7491 -20.75 50
2 24 92.1491 -20.75 50 92.1491 -19.9127 46.875
2 24 107.7491 -20.75 50 107.7491 -19.9127 46.875
2 24 92.1491 -19.9127 46.875 92.1491 -17.625 44.5874
2 24 107.7491 -19.9127 46.875 107.7491 -17.625 44.5874
2 24 92.1491 -17.625 44.5874 92.1491 -14.5 43.75
2 24 107.7491 -17.625 44.5874 107.7491 -14.5 43.75
2 24 92.1491 -14.5 43.75 92.1491 -11.375 44.5874
2 24 107.7491 -14.5 43.75 107.7491 -11.375 44.5874
2 24 92.1491 -11.375 44.5874 92.1491 -9.0873 46.875
2 24 107.7491 -11.375 44.5874 107.7491 -9.0873 46.875
2 24 92.1491 -9.0873 46.875 92.1491 -8.25 50
2 24 107.7491 -9.0873 46.875 107.7491 -8.25 50
2 24 92.1491 -8.25 50 92.1491 -9.0873 53.125
2 24 107.7491 -8.25 50 107.7491 -9.0873 53.125
2 24 92.1491 -9.0873 53.125 92.1491 -11.375 55.4127
2 24 107.7491 -9.0873 53.125 107.7491 -11.375 55.4127
2 24 92.1491 -11.375 55.4127 92.1491 -14.5 56.25
2 24 107.7491 -11.375 55.4127 107.7491 -14.5 56.25
2 24 92.1491 -17.625 55.4127 92.1491 -14.5 56.25
2 24 107.7491 -17.625 55.4127 107.7491 -14.5 56.25
2 24 92.1491 -9.0873 53.125 92.1491 -8.25 50
2 24 92.1491 0 57.8137 92.1491 0 42.1863
2 24 92.1491 -8.25 50 92.1491 -9.0873 46.875
2 24 92.1491 -14.5 43.75 92.1491 -17.625 44.5874
2 24 92.1491 -14.5671 42.3128 92.1491 -18.3493 43.3328
2 24 92.1491 -17.625 44.5874 92.1491 -19.9127 46.875
2 24 92.1491 -18.3493 43.3328 92.1491 -21.1672 46.1507
2 24 92.1491 -19.9127 46.875 92.1491 -20.75 50
2 24 92.1491 -21.1672 46.1507 92.1491 -22.1986 50
2 24 92.1491 -20.75 50 92.1491 -19.9127 53.125
2 24 92.1491 -22.1986 50 92.1491 -21.1672 53.8493
2 24 92.1491 -19.9127 53.125 92.1491 -17.625 55.4127
2 24 92.1491 -21.1672 53.8493 92.1491 -18.3493 56.6672
2 24 92.1491 -18.3493 56.6672 92.1375 -14.5671 57.6872
2 24 92.1491 -17.625 55.4127 92.1491 -14.5 56.25
2 24 107.7491 -14.5 56.25 107.7491 -11.375 55.4127
2 24 107.749 -14.5 57.75 107.749 -10.625 56.7117
2 24 107.7491 -11.375 55.4127 107.7491 -9.0873 53.125
2 24 107.749 -10.625 56.7117 107.749 -7.7883 53.875
2 24 107.7491 -9.0873 53.125 107.7491 -8.25 50
2 24 107.749 -7.7883 53.875 107.749 -6.75 50
2 24 107.7491 -8.25 50 107.7491 -9.0873 46.875
2 24 107.749 -6.75 50 107.749 -7.7883 46.125
2 24 107.7491 -9.0873 46.875 107.7491 -11.375 44.5874
2 24 107.749 -7.7883 46.125 107.749 -10.625 43.2883
2 24 107.7491 -11.375 44.5874 107.7491 -14.5 43.75
2 24 107.749 -10.625 43.2883 107.749 -14.5 42.25
2 24 107.7491 -14.5 43.75 107.7491 -17.625 44.5874
2 24 107.749 -14.5 42.25 107.749 -18.375 43.2883
2 24 107.7491 -17.625 44.5874 107.7491 -19.9127 46.875
2 24 107.749 -18.375 43.2883 107.749 -21.2117 46.125
2 24 107.7491 -19.9127 46.875 107.7491 -20.75 50
2 24 107.749 -21.2117 46.125 107.749 -22.25 50
2 24 107.7491 -20.75 50 107.7491 -19.9127 53.125
2 24 107.749 -22.25 50 107.749 -21.2117 53.875
2 24 107.7491 -19.9127 53.125 107.7491 -17.625 55.4127
2 24 107.749 -21.2117 53.875 107.749 -18.375 56.7117
2 24 107.7491 -14.5 56.25 107.7491 -17.625 55.4127
2 24 107.749 -14.5 57.75 107.749 -18.375 56.7117
2 24 109.8 -24 40 109.8 -24 70
2 24 109.8 -22.25 50 109.8 -21.2117 53.875
2 24 109.8 -21.2117 53.875 109.8 -18.375 56.7117
2 24 109.8 -24 70 109.8 0 70
2 24 109.8 -18.375 56.7117 109.8 -14.5 57.75
2 24 109.8 -14.5 57.75 109.8 -10.625 56.7117
2 24 109.8 -21.2117 46.125 109.8 -22.25 50
2 24 109.8 -14.5 37.75 109.8 -18.375 36.7117
2 24 109.8 -14.5 42.25 109.8 -18.375 43.2883
2 24 109.8 -14.5 37.75 109.8 -10.625 36.7117
2 24 109.8 -14.5 42.25 109.8 -10.625 43.2883
2 24 109.8 0 40 109.8 0 70
2 24 109.8 -6.75 50 109.8 -7.7883 46.125
2 24 109.8 -6.75 50 109.8 -7.7883 53.875
2 24 109.8 -10.625 43.2883 109.8 -7.7883 46.125
2 24 109.8 -7.7883 33.875 109.8 -10.625 36.7117
2 24 109.8 -10.625 56.7117 109.8 -7.7883 53.875
2 24 94 -8.1945 43.9336 94 -7.1796 45.2073
2 24 94 -8.1945 43.9336 94 -9.7955 42.6235
2 24 106 -9.7955 42.6235 106 -8.1945 43.9336
2 24 94 -9.7955 42.6235 94 -11.6593 41.7241
2 24 106 -9.7955 42.6235 106 -11.6593 41.7241
2 24 94 -11.6593 41.7241 94 -14.0421 41.262
2 24 106 -11.6593 41.7241 106 -14.0421 41.262
2 24 94 -7.1796 45.2073 94 -6.4747 46.5359
2 24 96 0 50 96.5359 0 48
2 24 96.5359 0 48 98 0 46.5359
2 24 98 0 46.5359 100 0 46
2 24 96 0 50 96.5359 0 48
2 24 96.001 -5.7501 50 96.5369 -5.966 48
2 24 96.5359 0 48 98 0 46.5359
2 24 96.5369 -5.966 48 98.001 -6.4747 46.5359
2 24 98 0 46.5359 100 0 46
2 24 98.001 -6.4747 46.5359 100 -6.7174 46
2 24 94 -5.7501 50 94 -5.9809 48.0039
2 24 96.001 -5.7501 50 96.5369 -5.966 48
2 24 98.001 -6.4747 46.5359 100 -6.7174 46
2 24 94 -6.4747 46.5359 94 -5.9809 48.0039
2 24 98.001 -6.4747 46.5359 96.5369 -5.966 48
2 24 94 -14.0421 41.262 94 -20.75 40.9105
2 24 94 -20.75 40.9105 106 -20.75 40.9105
2 24 106 -14.0421 41.262 106 -20.75 40.9105
2 24 94 -5.7501 50 94 -5.9809 48.0039
2 24 94 -5.9809 48.0039 94 -6.4747 46.5359
2 24 94 -6.4747 46.5359 94 -7.1796 45.2073
2 24 94 -8.1945 43.9336 94 -7.1796 45.2073
2 24 94 -8.1945 56.0664 94 -7.1796 54.7927
2 24 96 0 50 96.5359 0 52
2 24 96.5359 0 52 98 0 53.4641
2 24 98 0 53.4641 100 0 54
2 24 96.001 -5.7501 50 96.5369 -5.966 52
2 24 96 0 50 96.5359 0 52
2 24 96.5369 -5.966 52 98.001 -6.4747 53.4641
2 24 96.5359 0 52 98 0 53.4641
2 24 98.001 -6.4747 53.4641 100 -6.7174 54
2 24 98 0 53.4641 100 0 54
2 24 94 -5.7501 50 94 -5.9809 51.9962
2 24 96.001 -5.7501 50 96.5369 -5.966 52
2 24 98.001 -6.4747 53.4641 100 -6.7174 54
2 24 94 -5.9809 51.9962 94 -6.4747 53.4641
2 24 96.5369 -5.966 52 98.001 -6.4747 53.4641
2 24 94 0 42.1863 94 0 66.25
2 24 94 -5.7501 50 94 -5.9809 51.9962
2 24 94 -5.9809 51.9962 94 -6.4747 53.4641
2 24 106 -8.1945 43.9336 106 -7.1796 45.2073
2 24 106 -7.1796 45.2073 106 -6.4747 46.5359
2 24 104 0 50 103.4641 0 48
2 24 103.4641 0 48 102 0 46.5359
2 24 100 0 46 102 0 46.5359
2 24 103.4632 -5.966 48 103.999 -5.7501 50
2 24 103.4641 0 48 104 0 50
2 24 103.4632 -5.966 48 101.9991 -6.4747 46.5359
2 24 103.4641 0 48 102 0 46.5359
2 24 100 -6.7174 46 101.9991 -6.4747 46.5359
2 24 100 0 46 102 0 46.5359
2 24 106 -5.7501 50 106 -5.9809 48.0039
2 24 103.999 -5.7501 50 103.4632 -5.966 48
2 24 100 -6.7174 46 101.9991 -6.4747 46.5359
2 24 106 -6.4747 46.5359 106 -5.9809 48.0039
2 24 101.9991 -6.4747 46.5359 103.4632 -5.966 48
2 24 106 -5.9809 48.0039 106 -5.7501 50
2 24 106 -5.9809 48.0039 106 -6.4747 46.5359
2 24 106 -7.1796 45.2073 106 -6.4747 46.5359
2 24 106 -8.1945 56.0664 106 -7.1796 54.7927
2 24 94 -8.1945 56.0664 94 -9.7955 57.3765
2 24 106 -8.1945 56.0664 106 -9.7955 57.3765
2 24 94 -9.7955 57.3765 94 -11.6593 58.2759
2 24 106 -9.7955 57.3765 106 -11.6593 58.2759
2 24 106 -11.6593 58.2759 106 -14.0421 58.738
2 24 94 -11.6593 58.2759 94 -14.0421 58.738
2 24 106 -7.1796 54.7927 106 -6.4747 53.4641
2 24 104 0 50 103.4641 0 52
2 24 103.4641 0 52 102 0 53.4641
2 24 100 0 54 102 0 53.4641
2 24 104 0 50 103.4641 0 52
2 24 103.999 -5.7501 50 103.4632 -5.966 52
2 24 103.4641 0 52 102 0 53.4641
2 24 103.4632 -5.966 52 101.9991 -6.4747 53.4641
2 24 100 0 54 102 0 53.4641
2 24 100 -6.7174 54 101.9991 -6.4747 53.4641
2 24 106 -5.7501 50 106 -5.9809 51.9962
2 24 103.999 -5.7501 50 103.4632 -5.966 52
2 24 100 -6.7174 54 101.9991 -6.4747 53.4641
2 24 106 -6.4747 53.4641 106 -5.9809 51.9962
2 24 101.9991 -6.4747 53.4641 103.4632 -5.966 52
2 24 106 -14.0421 58.738 106 -20.75 59.0896
2 24 106 -20.75 59.0896 94 -20.75 59.0896
2 24 94 -14.0421 58.738 94 -20.75 59.0896
2 24 106 0 40 106 0 66.25
2 24 106 -5.7501 50 106 -5.9809 51.9962
2 24 106 -5.9809 51.9962 106 -6.4747 53.4641
2 24 94 0 66.25 106 0 66.25
2 24 94 0 66.25 94 -20.75 66.25
2 24 106 0 66.25 106 -20.75 66.25
2 24 94 -20.75 66.25 106 -20.75 66.25
2 24 94 0 42.1863 94 0 66.25
2 24 92.1491 0 42.1863 92.1491 0 57.8137
2 24 92.1491 0 42.1863 92.1491 -14.5671 42.3128
2 24 92.1491 -14.5 43.75 92.1491 -11.375 44.5874
2 24 90.2 -14.5671 42.3128 90.2 0 42.1863
2 24 92.1491 -14.5671 42.3128 92.1491 0 42.1863
2 24 90.2 0 42.1863 92.1491 0 42.1863
2 24 94 -11.6593 58.2759 94 -9.7955 57.3765
2 24 94 -11.6593 58.2759 94 -14.0421 58.738
2 24 106 -8.1945 56.0664 106 -9.7955 57.3765
2 24 106 -9.7955 57.3765 106 -11.6593 58.2759
2 24 106 -11.6593 58.2759 106 -14.0421 58.738
2 24 106 0 66.25 106 -20.75 66.25
2 24 106 -14.0421 58.738 106 -20.75 59.0896
2 24 106 -20.75 66.25 106 -20.75 59.0896
2 24 106 -8.1945 56.0664 106 -7.1796 54.7927
2 24 94 -9.7955 57.3765 94 -8.1945 56.0664
2 24 90.2 0 57.8137 90.2 0 66.2036
2 24 92.1491 0 57.8137 90.2 0 57.8137
2 24 94 -6.4747 53.4641 94 -7.1796 54.7927
2 24 106 -6.4747 53.4641 106 -7.1796 54.7927
2 24 93.6843 0 70.6123 93.9375 0 69.3531
2 24 90.5418 0 67.6544 90.2873 0 66.9487
2 24 106 0 40 106 0 66.25
2 24 109.8 0 40 109.8 0 70
2 24 90.2 -24 66.3661 90.2 -24 50
2 24 90.2 -24 40 90.2 -24 50
2 24 90.2 -24 66.3661 90.2 -24 50
2 24 90.2 -21.1672 53.8493 90.2 -22.1986 50
2 24 90.2 -24 40 90.2 -24 50
2 24 90.2 -22.1986 50 90.2 -21.1672 46.1507
2 24 90.2 -21.1672 46.1507 90.2 -18.3493 43.3328
2 24 92.1491 -9.0873 46.875 92.1491 -11.375 44.5874
2 24 90.2 -21.1672 53.8493 90.2 -18.3493 56.6672
2 24 90.2 -18.3493 56.6672 90.2 -14.5671 57.6872
2 24 90.2 -14.5671 57.6872 90.2 0 57.8137
2 24 90.2 0 66.2036 90.2 0 57.8137
2 24 90.2 -14.5671 37.6803 90.2 -18.3493 36.6672
2 24 90.2 -14.5671 42.3128 90.2 -18.3493 43.3328
2 24 92.1491 -9.0873 53.125 92.1491 -11.375 55.4127
2 24 94 -8.1945 56.0664 94 -7.1796 54.7927
2 24 92.1491 -18.3493 23.3328 92.1491 -21.1672 26.1507
2 24 90.2 -18.3493 23.3328 90.2 -21.1672 26.1507
2 24 92.1491 -22.1986 30 92.1491 -21.1672 26.1507
2 24 90.2 -22.1986 30 90.2 -21.1672 26.1507
2 24 92.1491 -18.3493 23.3328 92.1491 -14.5671 22.3128
2 24 90.2 -18.3493 23.3328 90.2 -14.5671 22.3128
2 24 92.1491 -14.5671 22.3128 92.1491 0 22.1863
2 24 92.1491 -14.5 23.75 92.1491 -11.375 24.5874
2 24 92.1491 0 37.8137 92.1491 0 22.1863
2 24 92.1491 -8.25 30 92.1491 -9.0873 26.875
2 24 92.1491 -20.75 30 92.1491 -19.9127 26.875
2 24 92.1491 -22.1986 30 92.1491 -21.1672 26.1507
2 24 92.1491 -19.9127 26.875 92.1491 -17.625 24.5874
2 24 92.1491 -21.1672 26.1507 92.1491 -18.3493 23.3328
2 24 92.1491 -14.5 23.75 92.1491 -17.625 24.5874
2 24 92.1491 -14.5671 22.3128 92.1491 -18.3493 23.3328
2 24 92.1491 -14.5 23.75 92.1491 -17.625 24.5874
2 24 107.7491 -14.5 23.75 107.7491 -17.625 24.5874
2 24 92.1491 -17.625 24.5874 92.1491 -19.9127 26.875
2 24 107.7491 -17.625 24.5874 107.7491 -19.9127 26.875
2 24 92.1491 -20.75 30 92.1491 -19.9127 26.875
2 24 107.749 -20.75 30 107.7491 -19.9127 26.875
2 24 92.1491 -8.25 30 92.1491 -9.0873 26.875
2 24 107.7491 -8.25 30 107.7491 -9.0873 26.875
2 24 92.1491 -9.0873 26.875 92.1491 -11.375 24.5874
2 24 107.7491 -9.0873 26.875 107.7491 -11.375 24.5874
2 24 92.1491 -14.5 23.75 92.1491 -11.375 24.5874
2 24 107.7491 -14.5 23.75 107.7491 -11.375 24.5874
2 24 107.7491 -11.375 24.5874 107.7491 -14.5 23.75
2 24 107.749 -10.625 23.2883 107.749 -14.5 22.25
2 24 107.7491 -11.375 24.5874 107.7491 -9.0873 26.875
2 24 107.749 -10.625 23.2883 107.749 -7.7883 26.125
2 24 107.7491 -8.25 30 107.7491 -9.0873 26.875
2 24 107.749 -6.75 30 107.749 -7.7883 26.125
2 24 107.749 -20.75 30 107.7491 -19.9127 26.875
2 24 107.749 -22.25 30 107.749 -21.2117 26.125
2 24 107.7491 -19.9127 26.875 107.7491 -17.625 24.5874
2 24 107.749 -21.2117 26.125 107.749 -18.375 23.2883
2 24 107.7491 -14.5 23.75 107.7491 -17.625 24.5874
2 24 107.749 -14.5 22.25 107.749 -18.375 23.2883
2 24 109.8 -6.75 30 109.8 -7.7883 26.125
2 24 109.8 -7.7883 13.875 109.8 -10.625 16.7117
2 24 109.8 -7.7883 26.125 109.8 -10.625 23.2883
2 24 109.8 -10.625 23.2883 109.8 -14.5 22.25
2 24 109.8 -10.625 16.7117 109.8 -14.5 17.75
2 24 109.8 -14.5 22.25 109.8 -18.375 23.2883
2 24 109.8 -14.5 17.75 109.8 -18.375 16.7117
2 24 109.8 -18.375 16.7117 109.8 -21.2117 13.875
2 24 109.8 -18.375 23.2883 109.8 -21.2117 26.125
2 24 94 -7.1796 25.2073 94 -8.1945 23.9336
2 24 94 -8.1945 23.9336 94 -9.7955 22.6235
2 24 106 -8.1945 23.9336 106 -9.7955 22.6235
2 24 94 -9.7955 22.6235 94 -11.6593 21.7241
2 24 106 -9.7955 22.6235 106 -11.6593 21.7241
2 24 94 -11.6593 21.7241 94 -14.0421 21.262
2 24 106 -11.6593 21.7241 106 -14.0421 21.262
2 24 94 -7.1796 25.2073 94 -6.4747 26.5359
2 24 96 0 30 96.5359 0 28
2 24 96.5359 0 28 98 0 26.5359
2 24 98 0 26.5359 100 0 26
2 24 96 0 30 96.5359 0 28
2 24 96.001 -5.7501 30 96.5369 -5.966 28
2 24 96.5359 0 28 98 0 26.5359
2 24 96.5369 -5.966 28 98.001 -6.4747 26.5359
2 24 98 0 26.5359 100 0 26
2 24 98.001 -6.4747 26.5359 100 -6.7174 26
2 24 94 -5.7501 30 94 -5.9809 28.0039
2 24 96.001 -5.7501 30 96.5369 -5.966 28
2 24 98.001 -6.4747 26.5359 100 -6.7174 26
2 24 94 -6.4747 26.5359 94 -5.9809 28.0039
2 24 98.001 -6.4747 26.5359 96.5369 -5.966 28
2 24 94 -14.0421 21.262 94 -20.75 20.9104
2 24 94 -20.75 20.9104 106 -20.75 20.9104
2 24 106 -14.0421 21.262 106 -20.75 20.9104
2 24 94 0 37.8137 94 0 22.1863
2 24 94 -5.7501 30 94 -5.9809 28.0039
2 24 94 -5.9809 28.0039 94 -6.4747 26.5359
2 24 106 -6.4747 26.5359 106 -7.1796 25.2073
2 24 104 0 30 103.4641 0 28
2 24 103.4641 0 28 102 0 26.5359
2 24 100 0 26 102 0 26.5359
2 24 103.999 -5.7501 30 103.4632 -5.966 28
2 24 104 0 30 103.4641 0 28
2 24 103.4632 -5.966 28 101.9991 -6.4747 26.5359
2 24 103.4641 0 28 102 0 26.5359
2 24 100 -6.7174 26 101.9991 -6.4747 26.5359
2 24 100 0 26 102 0 26.5359
2 24 106 -5.7501 30 106 -5.9809 28.0039
2 24 103.999 -5.7501 30 103.4632 -5.966 28
2 24 106 -6.4747 26.5359 106 -5.9809 28.0039
2 24 101.9991 -6.4747 26.5359 103.4632 -5.966 28
2 24 106 -5.7501 30 106 -5.9809 28.0039
2 24 106 -5.9809 28.0039 106 -6.4747 26.5359
2 24 90.2 -24 30 90.2 -24 20
2 24 92.1491 0 37.8137 92.1491 0 22.1863
2 24 94 0 37.8137 94 0 22.1863
2 24 92.1491 0 22.1863 90.2 0 22.2496
2 24 92.1491 -14.5671 22.3128 92.1491 0 22.1863
2 24 90.2 -14.5671 22.3128 90.2 0 22.2496
2 24 94 -6.4747 26.5359 94 -7.1796 25.2073
2 24 106 -6.4747 26.5359 106 -7.1796 25.2073
2 24 90.2 -18.3493 23.3328 90.2 -21.1672 26.1507
2 24 90.2 -22.1986 30 90.2 -21.1672 26.1507
2 24 90.2 -24 30 90.2 -24 20
2 24 90.2 -18.3493 23.3328 90.2 -14.5671 22.3128
2 24 90.2 -18.3493 16.6672 90.2 -14.5671 17.6803
2 24 92.1491 -11.375 24.5874 92.1491 -9.0873 26.875
2 24 94 -7.1796 25.2073 94 -8.1945 23.9336
2 24 92.1491 -18.3493 3.3328 92.1491 -21.1672 6.1507
2 24 90.2 -18.3493 3.3328 90.2 -21.1672 6.1507
2 24 92.1491 -21.1672 6.1507 92.1491 -22.1986 10
2 24 90.2 -21.1672 6.1507 90.2 -22.1986 10
2 24 92.1491 -22.1986 10 92.1491 -21.1672 13.8493
2 24 90.2 -22.1986 10 90.2 -21.1672 13.8493
2 24 92.1491 -21.1672 13.8493 92.1491 -18.3493 16.6672
2 24 90.2 -21.1672 13.8493 90.2 -18.3493 16.6672
2 24 92.1491 -18.3493 16.6672 92.1491 -14.5671 17.6803
2 24 90.2 -18.3493 16.6672 90.2 -14.5671 17.6803
2 24 92.1491 -18.3493 3.3328 92.1491 -14.5671 2.3128
2 24 90.2 -18.3493 3.3328 90.2 -14.5671 2.3128
2 24 92.1491 -14.5671 2.3128 92.1491 0 2.1863
2 24 92.1491 -14.5 3.75 92.1491 -11.375 4.5874
2 24 92.1491 0 2.1863 92.1491 0 17.8137
2 24 92.1491 -8.25 10 92.1491 -9.0873 6.875
2 24 92.1491 -8.25 10 92.1491 -9.0873 13.125
2 24 92.1491 -9.0873 13.125 92.1491 -11.375 15.4127
2 24 92.1491 -18.3493 16.6672 92.1491 -14.5671 17.6803
2 24 92.1491 -17.625 15.4127 92.1491 -14.5 16.25
2 24 92.1491 -17.625 15.4127 92.1491 -19.9127 13.125
2 24 92.1491 -18.3493 16.6672 92.1491 -21.1672 13.8493
2 24 92.1491 -19.9127 13.125 92.1491 -20.75 10
2 24 92.1491 -21.1672 13.8493 92.1491 -22.1986 10
2 24 92.1491 -20.75 10 92.1491 -19.9127 6.875
2 24 92.1491 -22.1986 10 92.1491 -21.1672 6.1507
2 24 92.1491 -19.9127 6.875 92.1491 -17.625 4.5874
2 24 92.1491 -21.1672 6.1507 92.1491 -18.3493 3.3328
2 24 92.1491 -14.5 3.75 92.1491 -17.625 4.5874
2 24 92.1491 -14.5671 2.3128 92.1491 -18.3493 3.3328
2 24 92.1491 -14.5 3.75 92.1491 -17.625 4.5874
2 24 107.7491 -14.5 3.75 107.7491 -17.625 4.5874
2 24 92.1491 -17.625 4.5874 92.1491 -19.9127 6.875
2 24 107.7491 -17.625 4.5874 107.7491 -19.9127 6.875
2 24 92.1491 -19.9127 6.875 92.1491 -20.75 10
2 24 107.7491 -19.9127 6.875 107.7491 -20.75 10
2 24 92.1491 -20.75 10 92.1491 -19.9127 13.125
2 24 107.7491 -20.75 10 107.7491 -19.9127 13.125
2 24 92.1491 -19.9127 13.125 92.1491 -17.625 15.4127
2 24 107.7491 -19.9127 13.125 107.7491 -17.625 15.4127
2 24 92.1491 -17.625 15.4127 92.1491 -14.5 16.25
2 24 107.7491 -17.625 15.4127 107.7491 -14.5 16.25
2 24 92.1491 -14.5 16.25 92.1491 -11.375 15.4127
2 24 107.7491 -14.5 16.25 107.7491 -11.375 15.4127
2 24 92.1491 -11.375 15.4127 92.1491 -9.0873 13.125
2 24 107.7491 -11.375 15.4127 107.7491 -9.0873 13.125
2 24 92.1491 -9.0873 13.125 92.1491 -8.25 10
2 24 107.7491 -9.0873 13.125 107.7491 -8.25 10
2 24 92.1491 -8.25 10 92.1491 -9.0873 6.875
2 24 107.7491 -8.25 10 107.7491 -9.0873 6.875
2 24 92.1491 -9.0873 6.875 92.1491 -11.375 4.5874
2 24 107.7491 -9.0873 6.875 107.7491 -11.375 4.5874
2 24 92.1491 -14.5 3.75 92.1491 -11.375 4.5874
2 24 107.7491 -14.5 3.75 107.7491 -11.375 4.5874
2 24 107.7491 -11.375 4.5874 107.7491 -14.5 3.75
2 24 107.749 -10.625 3.2883 107.749 -14.5 2.25
2 24 107.7491 -11.375 4.5874 107.7491 -9.0873 6.875
2 24 107.749 -10.625 3.2883 107.749 -7.7883 6.125
2 24 107.7491 -9.0873 6.875 107.7491 -8.25 10
2 24 107.749 -7.7883 6.125 107.749 -6.75 10
2 24 107.7491 -8.25 10 107.7491 -9.0873 13.125
2 24 107.749 -6.75 10 107.749 -7.7883 13.875
2 24 107.7491 -9.0873 13.125 107.7491 -11.375 15.4127
2 24 107.749 -7.7883 13.875 107.749 -10.625 16.7117
2 24 107.7491 -11.375 15.4127 107.7491 -14.5 16.25
2 24 107.749 -10.625 16.7117 107.749 -14.5 17.75
2 24 107.7491 -14.5 16.25 107.7491 -17.625 15.4127
2 24 107.749 -14.5 17.75 107.749 -18.375 16.7117
2 24 107.7491 -17.625 15.4127 107.7491 -19.9127 13.125
2 24 107.749 -18.375 16.7117 107.749 -21.2117 13.875
2 24 107.7491 -19.9127 13.125 107.7491 -20.75 10
2 24 107.749 -21.2117 13.875 107.749 -22.25 10
2 24 107.7491 -20.75 10 107.7491 -19.9127 6.875
2 24 107.749 -22.25 10 107.749 -21.2117 6.125
2 24 107.7491 -19.9127 6.875 107.7491 -17.625 4.5874
2 24 107.749 -21.2117 6.125 107.749 -18.375 3.2883
2 24 107.7491 -14.5 3.75 107.7491 -17.625 4.5874
2 24 107.749 -14.5 2.25 107.749 -18.375 3.2883
2 24 109.8 -21.2117 6.125 109.8 -22.25 10
2 24 109.8 -24 40 109.8 -24 -9.8
2 24 109.8 -21.2117 13.875 109.8 -22.25 10
2 24 109.8 -22.25 30 109.8 -21.2117 26.125
2 24 109.8 -7.7883 13.875 109.8 -6.75 10
2 24 109.8 0 20 109.8 0 -9.8
2 24 109.8 -6.75 10 109.8 -7.7883 6.125
2 24 109.8 -7.7883 6.125 109.8 -10.625 3.2883
2 24 109.8 -10.625 3.2883 109.8 -14.5 2.25
2 24 109.8 -24 -9.8 109.8 0 -9.8
2 24 109.8 -14.5 2.25 109.8 -18.375 3.2883
2 24 109.8 -21.2117 6.125 109.8 -18.375 3.2883
2 24 94 -8.1945 16.0664 94 -7.1796 14.7927
2 24 94 -7.1796 14.7927 94 -6.4747 13.4641
2 24 96 0 10 96.5359 0 12
2 24 96.5359 0 12 98 0 13.4641
2 24 98 0 13.4641 100 0 14
2 24 96.5369 -5.966 12 96.001 -5.7501 10
2 24 96.5359 0 12 96 0 10
2 24 96.5369 -5.966 12 98.001 -6.4747 13.4641
2 24 96.5359 0 12 98 0 13.4641
2 24 98.001 -6.4747 13.4641 100 -6.7174 14
2 24 98 0 13.4641 100 0 14
2 24 94 -5.7501 10 94 -5.9809 11.9962
2 24 96.001 -5.7501 10 96.5369 -5.966 12
2 24 98.001 -6.4747 13.4641 100 -6.7174 14
2 24 94 -6.4747 13.4641 94 -5.9809 11.9962
2 24 98.001 -6.4747 13.4641 96.5369 -5.966 12
2 24 94 -5.9809 11.9962 94 -5.7501 10
2 24 94 -5.9809 11.9962 94 -6.4747 13.4641
2 24 94 -6.4747 13.4641 94 -7.1796 14.7927
2 24 94 -7.1796 14.7927 94 -8.1945 16.0664
2 24 94 -11.6593 21.7241 94 -9.7955 22.6235
2 24 94 -11.6593 18.2759 94 -9.7955 17.3765
2 24 94 -11.6593 21.7241 94 -14.0421 21.262
2 24 94 -11.6593 18.2759 94 -14.0421 18.738
2 24 94 -20.75 20.9104 94 -20.75 19.0896
2 24 94 -14.0421 21.262 94 -20.75 20.9104
2 24 94 -14.0421 18.738 94 -20.75 19.0896
2 24 106 -20.75 19.0896 94 -20.75 19.0896
2 24 106 -20.75 19.0896 106 -20.75 20.9104
2 24 94 -20.75 19.0896 94 -20.75 20.9104
2 24 106 -20.75 20.9104 94 -20.75 20.9104
2 24 94 -8.1945 3.9336 94 -7.1796 5.2073
2 24 106 -8.1945 3.9336 106 -9.7955 2.6235
2 24 94 -8.1945 3.9336 94 -9.7955 2.6235
2 24 94 -9.7955 2.6235 94 -11.6593 1.7241
2 24 106 -9.7955 2.6235 106 -11.6593 1.7241
2 24 94 -11.6593 1.7241 94 -14.0421 1.262
2 24 106 -11.6593 1.7241 106 -14.0421 1.262
2 24 94 -7.1796 5.2073 94 -6.4747 6.5359
2 24 96 0 10 96.5359 0 8
2 24 96.5359 0 8 98 0 6.5359
2 24 98 0 6.5359 100 0 6
2 24 96 0 10 96.5359 0 8
2 24 96.001 -5.7501 10 96.5369 -5.966 8
2 24 96.5359 0 8 98 0 6.5359
2 24 96.5369 -5.966 8 98.001 -6.4747 6.5359
2 24 98 0 6.5359 100 0 6
2 24 98.001 -6.4747 6.5359 100 -6.7174 6
2 24 94 -5.7501 10 94 -5.9809 8.0039
2 24 96.001 -5.7501 10 96.5369 -5.966 8
2 24 98.001 -6.4747 6.5359 100 -6.7174 6
2 24 94 -6.4747 6.5359 94 -5.9809 8.0039
2 24 98.001 -6.4747 6.5359 96.5369 -5.966 8
2 24 94 -14.0421 1.262 94 -20.75 0.9104
2 24 94 -20.75 0.9104 106 -20.75 0.9104
2 24 106 -14.0421 1.262 106 -20.75 0.9104
2 24 94 0 17.8137 94 0 -6.25
2 24 94 -5.7501 10 94 -5.9809 8.0039
2 24 94 -5.9809 8.0039 94 -6.4747 6.5359
2 24 94 -11.6593 1.7241 94 -14.0421 1.262
2 24 94 0 -6.25 94 -20.75 -6.25
2 24 94 -14.0421 1.262 94 -20.75 0.9104
2 24 94 -20.75 -6.25 94 -20.75 0.9104
2 24 106 -8.1945 16.0664 106 -7.1796 14.7927
2 24 94 -8.1945 16.0664 94 -9.7955 17.3765
2 24 106 -8.1945 16.0664 106 -9.7955 17.3765
2 24 94 -9.7955 17.3765 94 -11.6593 18.2759
2 24 106 -9.7955 17.3765 106 -11.6593 18.2759
2 24 106 -11.6593 18.2759 106 -14.0421 18.738
2 24 94 -11.6593 18.2759 94 -14.0421 18.738
2 24 106 -7.1796 14.7927 106 -6.4747 13.4641
2 24 104 0 10 103.4641 0 12
2 24 103.4641 0 12 102 0 13.4641
2 24 100 0 14 102 0 13.4641
2 24 104 0 10 103.4641 0 12
2 24 103.999 -5.7501 10 103.4632 -5.966 12
2 24 103.4641 0 12 102 0 13.4641
2 24 103.4632 -5.966 12 101.9991 -6.4747 13.4641
2 24 100 0 14 102 0 13.4641
2 24 100 -6.7174 14 101.9991 -6.4747 13.4641
2 24 106 -5.7501 10 106 -5.9809 11.9962
2 24 103.999 -5.7501 10 103.4632 -5.966 12
2 24 100 -6.7174 14 101.9991 -6.4747 13.4641
2 24 106 -6.4747 13.4641 106 -5.9809 11.9962
2 24 101.9991 -6.4747 13.4641 103.4632 -5.966 12
2 24 106 -14.0421 18.738 106 -20.75 19.0896
2 24 106 -20.75 19.0896 94 -20.75 19.0896
2 24 94 -14.0421 18.738 94 -20.75 19.0896
2 24 106 -5.7501 10 106 -5.9809 11.9962
2 24 106 -5.9809 11.9962 106 -6.4747 13.4641
2 24 106 -7.1796 14.7927 106 -8.1945 16.0664
2 24 106 -7.1796 25.2073 106 -8.1945 23.9336
2 24 106 -6.4747 13.4641 106 -7.1796 14.7927
2 24 106 -9.7955 22.6235 106 -11.6593 21.7241
2 24 106 -9.7955 17.3765 106 -11.6593 18.2759
2 24 106 -11.6593 21.7241 106 -14.0421 21.262
2 24 106 -11.6593 18.2759 106 -14.0421 18.738
2 24 106 -14.0421 21.262 106 -20.75 20.9104
2 24 106 -14.0421 18.738 106 -20.75 19.0896
2 24 106 -20.75 20.9104 106 -20.75 19.0896
2 24 104 0 10 103.4641 0 8
2 24 103.4641 0 8 102 0 6.5359
2 24 100 0 6 102 0 6.5359
2 24 103.999 -5.7501 10 103.4632 -5.966 8
2 24 104 0 10 103.4641 0 8
2 24 103.4632 -5.966 8 101.9991 -6.4747 6.5359
2 24 103.4641 0 8 102 0 6.5359
2 24 100 -6.7174 6 101.9991 -6.4747 6.5359
2 24 100 0 6 102 0 6.5359
2 24 106 -5.7501 10 106 -5.9809 8.0039
2 24 103.999 -5.7501 10 103.4632 -5.966 8
2 24 106 -5.9809 8.0039 106 -6.4747 6.5359
2 24 103.4632 -5.966 8 101.9991 -6.4747 6.5359
2 24 106 0 20 106 0 -6.25
2 24 106 -5.7501 10 106 -5.9809 8.0039
2 24 106 -5.9809 8.0039 106 -6.4747 6.5359
2 24 106 -8.1945 3.9336 106 -9.7955 2.6235
2 24 106 -9.7955 2.6235 106 -11.6593 1.7241
2 24 106 -11.6593 1.7241 106 -14.0421 1.262
2 24 106 0 -6.25 106 -20.75 -6.25
2 24 106 -20.75 -6.25 106 -20.75 0.9104
2 24 106 -14.0421 1.262 106 -20.75 0.9104
2 24 94 0 -6.25 94 -20.75 -6.25
2 24 94 0 -6.25 106 0 -6.25
2 24 94 -20.75 -6.25 106 -20.75 -6.25
2 24 106 0 -6.25 106 -20.75 -6.25
2 24 109.8 -24 40 109.8 -24 -9.8
2 24 90.2 -24 20 90.2 -24 10
2 24 109.8 -24 -9.8 90.2 -24 -9.8
2 24 90.2 -24 10 90.2 -24 -9.8
2 24 109.8 0 20 109.8 0 -9.8
2 24 106 0 20 106 0 -6.25
2 24 106 -8.1945 23.9336 106 -9.7955 22.6235
2 24 106 -8.1945 16.0664 106 -9.7955 17.3765
2 24 94 -8.1945 23.9336 94 -9.7955 22.6235
2 24 94 -8.1945 16.0664 94 -9.7955 17.3765
2 24 90.2 0 -9.8 90.2 0 2.1863
2 24 92.1491 0 17.8137 92.1491 0 2.1863
2 24 94 0 -6.25 94 0 17.8137
2 24 90.2 -24 -9.8 90.2 0 -9.8
2 24 90.2 -24 -9.8 109.8 -24 -9.8
2 24 90.2 0 -9.8 109.8 0 -9.8
2 24 109.8 -24 -9.8 109.8 0 -9.8
2 24 90.2 -14.5671 2.3128 90.2 0 2.1863
2 24 92.1491 -14.5671 2.3128 92.1491 0 2.1863
2 24 90.2 0 2.1863 92.1491 0 2.1863
2 24 94 -11.6593 1.7241 94 -9.7955 2.6235
2 24 94 -20.75 0.9104 106 -20.75 0.9104
2 24 94 -20.75 0.9104 94 -20.75 -6.25
2 24 106 -20.75 0.9104 106 -20.75 -6.25
2 24 94 -20.75 -6.25 106 -20.75 -6.25
2 24 106 -8.1945 3.9336 106 -7.1796 5.2073
2 24 94 -9.7955 2.6235 94 -8.1945 3.9336
2 24 90.2 0 2.1863 92.1491 0 2.1863
2 24 94 0 22.1863 94 0 17.8137
2 24 94 -6.4747 6.5359 94 -7.1796 5.2073
2 24 106 -6.4747 6.5359 106 -7.1796 5.2073
2 24 109.8 0 -9.8 90.2 0 -9.8
2 24 106 0 -6.25 94 0 -6.25
2 24 90.2 -21.1672 6.1507 90.2 -18.3493 3.3328
2 24 90.2 -24 -9.8 90.2 -24 10
2 24 90.2 -21.1672 6.1507 90.2 -22.1986 10
2 24 90.2 -24 20 90.2 -24 10
2 24 90.2 -22.1986 10 90.2 -21.1672 13.8493
2 24 90.2 -18.3493 3.3328 90.2 -14.5671 2.3128
2 24 90.2 0 17.747 90.2 0 22.2496
2 24 92.1491 0 17.8137 90.2 0 17.747
2 24 92.1491 0 22.1863 90.2 0 22.2496
2 24 92.1491 0 17.8137 92.1491 -14.5671 17.6803
2 24 92.1491 -11.375 15.4127 92.1491 -14.5 16.25
2 24 90.2 -14.5671 17.6803 90.2 0 17.747
2 24 90.2 0 17.747 92.1491 0 17.8137
2 24 92.1491 -14.5671 17.6803 92.1491 0 17.8137
2 24 90.2 0 2.1863 90.2 0 -9.8
2 24 90.2 -14.5671 2.3128 90.2 0 2.1863
2 24 90.2 -24 -9.8 90.2 0 -9.8
2 24 90.2 -18.3493 16.6672 90.2 -21.1672 13.8493
2 24 92.1491 -11.375 4.5874 92.1491 -9.0873 6.875
2 24 94 -8.1945 3.9336 94 -7.1796 5.2073
2 24 94 0 22.1863 94 0 17.8137
2 24 90.4619 -24 67.6443 90.2566 -24 66.9698
2 24 90.5418 0 67.6544 90.2873 0 66.9487
2 24 90.0333 -24 69.9659 90.4333 -24 69.3232
2 24 90.0877 0 70.0177 90.5217 0 69.3493
2 24 87.7678 -24 70.5178 88.5747 -24 70.5466
2 24 87.7477 0 70.5902 88.5848 0 70.6071
2 24 86.366 -24 70.2 87.069 -24 70.2769
2 24 86.25 0 70.2 87.0216 0 70.3079
2 24 90.2 0 66.2036 90.2873 0 66.9487
2 24 90.2 -24 66.3661 90.2566 -24 66.9698
2 24 90.4333 -24 69.3232 90.5391 -24 68.4797
2 24 90.5217 0 69.3493 90.6083 0 68.4925
2 24 90.0877 0 70.0177 89.4281 0 70.4882
2 24 90.0333 -24 69.9659 89.4117 -24 70.398
2 24 87.7477 0 70.5902 87.0216 0 70.3079
2 24 87.7678 -24 70.5178 87.069 -24 70.2769
2 24 90.5418 0 67.6544 90.6083 0 68.4925
2 24 90.4619 -24 67.6443 90.5391 -24 68.4797
2 24 88.5848 0 70.6071 89.4281 0 70.4882
2 24 88.5747 -24 70.5466 89.4117 -24 70.398
2 24 56.7117 -18.375 72.15 53.875 -21.2117 72.15
2 24 56.7117 -18.375 70.2 53.875 -21.2117 70.2
2 24 50 -22.25 72.15 53.875 -21.2117 72.15
2 24 50 -22.25 70.2 53.875 -21.2117 70.2
2 24 50 -6.75 72.15 53.875 -7.7883 72.15
2 24 50 -6.75 70.2 53.875 -7.7883 70.2
2 24 53.875 -7.7883 72.15 56.7117 -10.625 72.15
2 24 53.875 -7.7883 70.2 56.7117 -10.625 70.2
2 24 56.7117 -10.625 72.15 57.75 -14.5 72.15
2 24 56.7117 -10.625 70.2 57.75 -14.5 70.2
2 24 56.7117 -18.375 72.15 57.75 -14.5 72.15
2 24 56.7117 -18.375 70.2 57.75 -14.5 70.2
2 24 55.4127 -11.375 72.15 56.25 -14.5 72.15
2 24 56.7117 -10.625 72.15 57.75 -14.5 72.15
2 24 55.4127 -11.375 72.15 53.125 -9.0873 72.15
2 24 56.7117 -10.625 72.15 53.875 -7.7883 72.15
2 24 50 -8.25 72.15 53.125 -9.0873 72.15
2 24 50 -6.75 72.15 53.875 -7.7883 72.15
2 24 50 -20.75 72.15 53.125 -19.9127 72.15
2 24 50 -22.25 72.15 53.875 -21.2117 72.15
2 24 53.125 -19.9127 72.15 55.4127 -17.625 72.15
2 24 53.875 -21.2117 72.15 56.7117 -18.375 72.15
2 24 56.25 -14.5 72.15 55.4127 -17.625 72.15
2 24 57.75 -14.5 72.15 56.7117 -18.375 72.15
2 24 76.7117 -18.375 72.15 73.875 -21.2117 72.15
2 24 76.7117 -18.375 70.2 73.875 -21.2117 70.2
2 24 73.875 -21.2117 72.15 70 -22.25 72.15
2 24 73.875 -21.2117 70.2 70 -22.25 70.2
2 24 70 -22.25 72.15 66.125 -21.2117 72.15
2 24 70 -22.25 70.2 66.125 -21.2117 70.2
2 24 66.125 -21.2117 72.15 63.2883 -18.375 72.15
2 24 66.125 -21.2117 70.2 63.2883 -18.375 70.2
2 24 63.2883 -18.375 72.15 62.25 -14.5 72.15
2 24 63.2883 -18.375 70.2 62.25 -14.5 70.2
2 24 62.25 -14.5 72.15 63.2883 -10.625 72.15
2 24 62.25 -14.5 70.2 63.2883 -10.625 70.2
2 24 63.2883 -10.625 72.15 66.125 -7.7883 72.15
2 24 63.2883 -10.625 70.2 66.125 -7.7883 70.2
2 24 66.125 -7.7883 72.15 70 -6.75 72.15
2 24 66.125 -7.7883 70.2 70 -6.75 70.2
2 24 70 -6.75 72.15 73.875 -7.7883 72.15
2 24 70 -6.75 70.2 73.875 -7.7883 70.2
2 24 73.875 -7.7883 72.15 76.7117 -10.625 72.15
2 24 73.875 -7.7883 70.2 76.7117 -10.625 70.2
2 24 76.7117 -10.625 72.15 77.75 -14.5 72.15
2 24 76.7117 -10.625 70.2 77.75 -14.5 70.2
2 24 76.7117 -18.375 72.15 77.75 -14.5 72.15
2 24 76.7117 -18.375 70.2 77.75 -14.5 70.2
2 24 75.4127 -11.375 72.15 76.25 -14.5 72.15
2 24 76.7117 -10.625 72.15 77.75 -14.5 72.15
2 24 75.4127 -11.375 72.15 73.125 -9.0873 72.15
2 24 76.7117 -10.625 72.15 73.875 -7.7883 72.15
2 24 73.125 -9.0873 72.15 70 -8.25 72.15
2 24 73.875 -7.7883 72.15 70 -6.75 72.15
2 24 70 -8.25 72.15 66.875 -9.0873 72.15
2 24 70 -6.75 72.15 66.125 -7.7883 72.15
2 24 66.875 -9.0873 72.15 64.5873 -11.375 72.15
2 24 66.125 -7.7883 72.15 63.2883 -10.625 72.15
2 24 64.5873 -11.375 72.15 63.75 -14.5 72.15
2 24 63.2883 -10.625 72.15 62.25 -14.5 72.15
2 24 63.75 -14.5 72.15 64.5873 -17.625 72.15
2 24 62.25 -14.5 72.15 63.2883 -18.375 72.15
2 24 64.5873 -17.625 72.15 66.875 -19.9127 72.15
2 24 63.2883 -18.375 72.15 66.125 -21.2117 72.15
2 24 66.875 -19.9127 72.15 70 -20.75 72.15
2 24 66.125 -21.2117 72.15 70 -22.25 72.15
2 24 70 -20.75 72.15 73.125 -19.9127 72.15
2 24 70 -22.25 72.15 73.875 -21.2117 72.15
2 24 73.125 -19.9127 72.15 75.4127 -17.625 72.15
2 24 73.875 -21.2117 72.15 76.7117 -18.375 72.15
2 24 76.25 -14.5 72.15 75.4127 -17.625 72.15
2 24 77.75 -14.5 72.15 76.7117 -18.375 72.15
2 24 56.7117 -18.375 70.2 53.875 -21.2117 70.2
2 24 50 -22.25 70.2 53.875 -21.2117 70.2
2 24 50 -24 70.2 65 -24 70.2
2 24 50 0 70.2 70 0 70.2
2 24 50 -6.75 70.2 53.875 -7.7883 70.2
2 24 57.75 -14.5 70.2 56.7117 -10.625 70.2
2 24 62.25 -14.5 70.2 63.2883 -10.625 70.2
2 24 56.7117 -18.375 70.2 57.75 -14.5 70.2
2 24 62.25 -14.5 70.2 63.2883 -18.375 70.2
2 24 73.875 -21.2117 70.2 76.7117 -18.375 70.2
2 24 86.366 -24 70.2 65 -24 70.2
2 24 73.875 -21.2117 70.2 70 -22.25 70.2
2 24 70 -22.25 70.2 66.125 -21.2117 70.2
2 24 63.2883 -18.375 70.2 66.125 -21.2117 70.2
2 24 66.125 -7.7883 70.2 70 -6.75 70.2
2 24 86.25 0 70.2 70 0 70.2
2 24 70 -6.75 70.2 73.875 -7.7883 70.2
2 24 66.125 -7.7883 70.2 63.2883 -10.625 70.2
2 24 53.875 -7.7883 70.2 56.7117 -10.625 70.2
2 24 73.875 -7.7883 70.2 76.7117 -10.625 70.2
2 24 76.7117 -18.375 70.2 77.75 -14.5 70.2
2 24 76.7117 -10.625 70.2 77.75 -14.5 70.2
2 24 56.7117 -18.375 87.75 57.75 -14.5 87.75
2 24 56.7117 -18.375 89.8 57.75 -14.5 89.8
2 24 56.7117 -18.375 87.75 53.875 -21.2117 87.75
2 24 56.7117 -18.375 89.8 53.875 -21.2117 89.8
2 24 50 -22.25 87.75 53.875 -21.2117 87.75
2 24 50 -22.25 89.8 53.875 -21.2117 89.8
2 24 50 -6.75 87.75 53.875 -7.7883 87.75
2 24 50 -6.75 89.8 53.875 -7.7883 89.8
2 24 53.875 -7.7883 87.75 56.7117 -10.625 87.75
2 24 53.875 -7.7883 89.8 56.7117 -10.625 89.8
2 24 57.75 -14.5 87.75 56.7117 -10.625 87.75
2 24 57.75 -14.5 89.8 56.7117 -10.625 89.8
2 24 56.25 -14.5 72.15 55.4127 -17.625 72.15
2 24 56.25 -14.5 87.75 55.4127 -17.625 87.75
2 24 55.4127 -17.625 72.15 53.125 -19.9127 72.15
2 24 55.4127 -17.625 87.75 53.125 -19.9127 87.75
2 24 50 -20.75 72.15 53.125 -19.9127 72.15
2 24 50 -20.75 87.75 53.125 -19.9127 87.75
2 24 50 -8.25 72.15 53.125 -9.0873 72.15
2 24 50 -8.25 87.75 53.125 -9.0873 87.75
2 24 53.125 -9.0873 72.15 55.4127 -11.375 72.15
2 24 53.125 -9.0873 87.75 55.4127 -11.375 87.75
2 24 56.25 -14.5 72.15 55.4127 -11.375 72.15
2 24 56.25 -14.5 87.75 55.4127 -11.375 87.75
2 24 55.4127 -11.375 87.75 56.25 -14.5 87.75
2 24 56.7117 -10.625 87.75 57.75 -14.5 87.75
2 24 55.4127 -11.375 87.75 53.125 -9.0873 87.75
2 24 56.7117 -10.625 87.75 53.875 -7.7883 87.75
2 24 50 -8.25 87.75 53.125 -9.0873 87.75
2 24 50 -6.75 87.75 53.875 -7.7883 87.75
2 24 50 -20.75 87.75 53.125 -19.9127 87.75
2 24 50 -22.25 87.75 53.875 -21.2117 87.75
2 24 53.125 -19.9127 87.75 55.4127 -17.625 87.75
2 24 53.875 -21.2117 87.75 56.7117 -18.375 87.75
2 24 56.25 -14.5 87.75 55.4127 -17.625 87.75
2 24 57.75 -14.5 87.75 56.7117 -18.375 87.75
2 24 76.7117 -18.375 87.75 77.75 -14.5 87.75
2 24 76.7117 -18.375 89.8 77.75 -14.5 89.8
2 24 76.7117 -18.375 87.75 73.875 -21.2117 87.75
2 24 76.7117 -18.375 89.8 73.875 -21.2117 89.8
2 24 73.875 -21.2117 87.75 70 -22.25 87.75
2 24 73.875 -21.2117 89.8 70 -22.25 89.8
2 24 70 -22.25 87.75 66.125 -21.2117 87.75
2 24 70 -22.25 89.8 66.125 -21.2117 89.8
2 24 66.125 -21.2117 87.75 63.2883 -18.375 87.75
2 24 66.125 -21.2117 89.8 63.2883 -18.375 89.8
2 24 63.2883 -18.375 87.75 62.25 -14.5 87.75
2 24 63.2883 -18.375 89.8 62.25 -14.5 89.8
2 24 62.25 -14.5 87.75 63.2883 -10.625 87.75
2 24 62.25 -14.5 89.8 63.2883 -10.625 89.8
2 24 63.2883 -10.625 87.75 66.125 -7.7883 87.75
2 24 63.2883 -10.625 89.8 66.125 -7.7883 89.8
2 24 66.125 -7.7883 87.75 70 -6.75 87.75
2 24 66.125 -7.7883 89.8 70 -6.75 89.8
2 24 70 -6.75 87.75 73.875 -7.7883 87.75
2 24 70 -6.75 89.8 73.875 -7.7883 89.8
2 24 73.875 -7.7883 87.75 76.7117 -10.625 87.75
2 24 73.875 -7.7883 89.8 76.7117 -10.625 89.8
2 24 77.75 -14.5 87.75 76.7117 -10.625 87.75
2 24 77.75 -14.5 89.8 76.7117 -10.625 89.8
2 24 76.25 -14.5 72.15 75.4127 -17.625 72.15
2 24 76.25 -14.5 87.75 75.4127 -17.625 87.75
2 24 75.4127 -17.625 72.15 73.125 -19.9127 72.15
2 24 75.4127 -17.625 87.75 73.125 -19.9127 87.75
2 24 73.125 -19.9127 72.15 70 -20.75 72.15
2 24 73.125 -19.9127 87.75 70 -20.75 87.75
2 24 70 -20.75 72.15 66.875 -19.9127 72.15
2 24 70 -20.75 87.75 66.875 -19.9127 87.75
2 24 66.875 -19.9127 72.15 64.5873 -17.625 72.15
2 24 66.875 -19.9127 87.75 64.5873 -17.625 87.75
2 24 64.5873 -17.625 72.15 63.75 -14.5 72.15
2 24 64.5873 -17.625 87.75 63.75 -14.5 87.75
2 24 63.75 -14.5 72.15 64.5873 -11.375 72.15
2 24 63.75 -14.5 87.75 64.5873 -11.375 87.75
2 24 64.5873 -11.375 72.15 66.875 -9.0873 72.15
2 24 64.5873 -11.375 87.75 66.875 -9.0873 87.75
2 24 66.875 -9.0873 72.15 70 -8.25 72.15
2 24 66.875 -9.0873 87.75 70 -8.25 87.75
2 24 70 -8.25 72.15 73.125 -9.0873 72.15
2 24 70 -8.25 87.75 73.125 -9.0873 87.75
2 24 73.125 -9.0873 72.15 75.4127 -11.375 72.15
2 24 73.125 -9.0873 87.75 75.4127 -11.375 87.75
2 24 76.25 -14.5 72.15 75.4127 -11.375 72.15
2 24 76.25 -14.5 87.75 75.4127 -11.375 87.75
2 24 75.4127 -11.375 87.75 76.25 -14.5 87.75
2 24 76.7117 -10.625 87.75 77.75 -14.5 87.75
2 24 75.4127 -11.375 87.75 73.125 -9.0873 87.75
2 24 76.7117 -10.625 87.75 73.875 -7.7883 87.75
2 24 73.125 -9.0873 87.75 70 -8.25 87.75
2 24 73.875 -7.7883 87.75 70 -6.75 87.75
2 24 70 -8.25 87.75 66.875 -9.0873 87.75
2 24 70 -6.75 87.75 66.125 -7.7883 87.75
2 24 66.875 -9.0873 87.75 64.5873 -11.375 87.75
2 24 66.125 -7.7883 87.75 63.2883 -10.625 87.75
2 24 64.5873 -11.375 87.75 63.75 -14.5 87.75
2 24 63.2883 -10.625 87.75 62.25 -14.5 87.75
2 24 63.75 -14.5 87.75 64.5873 -17.625 87.75
2 24 62.25 -14.5 87.75 63.2883 -18.375 87.75
2 24 64.5873 -17.625 87.75 66.875 -19.9127 87.75
2 24 63.2883 -18.375 87.75 66.125 -21.2117 87.75
2 24 66.875 -19.9127 87.75 70 -20.75 87.75
2 24 66.125 -21.2117 87.75 70 -22.25 87.75
2 24 70 -20.75 87.75 73.125 -19.9127 87.75
2 24 70 -22.25 87.75 73.875 -21.2117 87.75
2 24 73.125 -19.9127 87.75 75.4127 -17.625 87.75
2 24 73.875 -21.2117 87.75 76.7117 -18.375 87.75
2 24 76.25 -14.5 87.75 75.4127 -17.625 87.75
2 24 77.75 -14.5 87.75 76.7117 -18.375 87.75
2 24 50 -24 89.8 65 -24 89.8
2 24 50 -22.25 89.8 53.875 -21.2117 89.8
2 24 50 0 89.8 60 0 89.8
2 24 50 -6.75 89.8 53.875 -7.7883 89.8
2 24 65 -24 89.8 89.7663 -23.9528 89.8
2 24 70 -22.25 89.8 73.875 -21.2117 89.8
2 24 70 -22.25 89.8 66.125 -21.2117 89.8
2 24 66.125 -21.2117 89.8 63.2883 -18.375 89.8
2 24 63.2883 -18.375 89.8 62.25 -14.5 89.8
2 24 56.7117 -18.375 89.8 57.75 -14.5 89.8
2 24 57.75 -14.5 89.8 56.7117 -10.625 89.8
2 24 62.25 -14.5 89.8 63.2883 -10.625 89.8
2 24 66.125 -7.7883 89.8 70 -6.75 89.8
2 24 60 0 89.8 89.7663 0 89.8
2 24 70 -6.75 89.8 73.875 -7.7883 89.8
2 24 53.875 -21.2117 89.8 56.7117 -18.375 89.8
2 24 53.875 -7.7883 89.8 56.7117 -10.625 89.8
2 24 63.2883 -10.625 89.8 66.125 -7.7883 89.8
2 24 73.875 -7.7883 89.8 76.7117 -10.625 89.8
2 24 76.7117 -10.625 89.8 77.75 -14.5 89.8
2 24 77.75 -14.5 89.8 76.7117 -18.375 89.8
2 24 73.875 -21.2117 89.8 76.7117 -18.375 89.8
2 24 66.5359 -6.4747 74 65.2073 -7.1796 74
2 24 70 0 76 68 0 76.5359
2 24 68 0 76.5359 66.5359 0 78
2 24 66.5359 0 78 66 0 80
2 24 68 -5.966 76.5378 70 -5.7501 76.0019
2 24 68 0 76.5359 70 0 76
2 24 68 -5.966 76.5378 66.5359 -6.4747 78.0019
2 24 68 0 76.5359 66.5359 0 78
2 24 66.5359 -6.4747 78.0019 66 -6.7174 80.001
2 24 66.5359 0 78 66 0 80
2 24 70 -5.7501 74 68.0039 -5.9809 74
2 24 70 -5.7501 76.0019 68 -5.966 76.5378
2 24 66.5359 -6.4747 74 68.0039 -5.9809 74
2 24 66.5359 -6.4747 78.0019 68 -5.966 76.5378
2 24 50 0 74 86.25 0 74
2 24 68.0039 -5.9809 74 70 -5.7501 74
2 24 68.0039 -5.9809 74 66.5359 -6.4747 74
2 24 66.5359 -6.4747 74 65.2073 -7.1796 74
2 24 65.2073 -7.1796 74 63.9336 -8.1945 74
2 24 54.7927 -7.1796 74 56.0664 -8.1945 74
2 24 61.7241 -11.6593 74 62.6235 -9.7955 74
2 24 58.2759 -11.6593 74 57.3765 -9.7955 74
2 24 61.7241 -11.6593 74 61.262 -14.0421 74
2 24 58.2759 -11.6593 74 58.738 -14.0421 74
2 24 61.262 -14.0421 74 60.9104 -20.75 74
2 24 60.9104 -20.75 74 59.0896 -20.75 74
2 24 58.738 -14.0421 74 59.0896 -20.75 74
2 24 77.3765 -9.7955 74 76.0664 -8.1945 74
2 24 77.3765 -9.7955 86 76.0664 -8.1945 86
2 24 77.3765 -9.7955 74 78.2759 -11.6593 74
2 24 77.3765 -9.7955 86 78.2759 -11.6593 86
2 24 78.2759 -11.6593 74 78.738 -14.0421 74
2 24 78.2759 -11.6593 86 78.738 -14.0421 86
2 24 73.4641 -6.4747 74 74.7927 -7.1796 74
2 24 70 0 76 72 0 76.5359
2 24 72 0 76.5359 73.4641 0 78
2 24 73.4641 0 78 74 0 80
2 24 70 0 76 72 0 76.5359
2 24 70 -5.7501 76.0019 72 -5.966 76.5378
2 24 72 0 76.5359 73.4641 0 78
2 24 72 -5.966 76.5378 73.4641 -6.4747 78.0019
2 24 73.4641 0 78 74 0 80
2 24 73.4641 -6.4747 78.0019 74 -6.7174 80.001
2 24 70 -5.7501 74 71.9962 -5.9809 74
2 24 70 -5.7501 76.0019 72 -5.966 76.5378
2 24 73.4641 -6.4747 78.0019 74 -6.7174 80.001
2 24 73.4641 -6.4747 74 71.9962 -5.9809 74
2 24 73.4641 -6.4747 78.0019 72 -5.966 76.5378
2 24 79.0896 -20.75 86 79.0896 -20.75 74
2 24 78.738 -14.0421 86 79.0896 -20.75 86
2 24 78.738 -14.0421 74 79.0896 -20.75 74
2 24 70 -5.7501 74 71.9962 -5.9809 74
2 24 71.9962 -5.9809 74 73.4641 -6.4747 74
2 24 74.7927 -7.1796 74 76.0664 -8.1945 74
2 24 73.4641 -6.4747 74 74.7927 -7.1796 74
2 24 77.3765 -9.7955 74 78.2759 -11.6593 74
2 24 78.2759 -11.6593 74 78.738 -14.0421 74
2 24 86.25 0 74 86.25 -20.75 74
2 24 78.738 -14.0421 74 79.0896 -20.75 74
2 24 86.25 -20.75 74 79.0896 -20.75 74
2 24 63.9336 -8.1945 86 65.2073 -7.1796 86
2 24 62.6235 -9.7955 74 63.9336 -8.1945 74
2 24 63.9336 -8.1945 86 62.6235 -9.7955 86
2 24 62.6235 -9.7955 74 61.7241 -11.6593 74
2 24 62.6235 -9.7955 86 61.7241 -11.6593 86
2 24 61.7241 -11.6593 86 61.262 -14.0421 86
2 24 61.7241 -11.6593 74 61.262 -14.0421 74
2 24 65.2073 -7.1796 86 66.5359 -6.4747 86
2 24 70 0 84 68 0 83.4641
2 24 68 0 83.4641 66.5359 0 82
2 24 66 0 80 66.5359 0 82
2 24 70 0 84 68 0 83.4641
2 24 70 -5.7501 84 68 -5.966 83.4641
2 24 68 0 83.4641 66.5359 0 82
2 24 68 -5.966 83.4641 66.5359 -6.4747 82
2 24 66 0 80 66.5359 0 82
2 24 66 -6.7174 80.001 66.5359 -6.4747 82
2 24 70 -5.7501 86 68.0039 -5.9809 86
2 24 70 -5.7501 84 68 -5.966 83.4641
2 24 66.5359 -6.4747 82 66 -6.7174 80.001
2 24 66.5359 -6.4747 86 68.0039 -5.9809 86
2 24 66.5359 -6.4747 82 68 -5.966 83.4641
2 24 61.262 -14.0421 86 60.9104 -20.75 86
2 24 60.9104 -20.75 86 60.9104 -20.75 74
2 24 61.262 -14.0421 74 60.9104 -20.75 74
2 24 70 -5.7501 86 68.0039 -5.9809 86
2 24 68.0039 -5.9809 86 66.5359 -6.4747 86
2 24 66.5359 -6.4747 86 65.2073 -7.1796 86
2 24 76.0664 -8.1945 74 74.7927 -7.1796 74
2 24 73.4641 -6.4747 86 74.7927 -7.1796 86
2 24 70 0 84 72 0 83.4641
2 24 72 0 83.4641 73.4641 0 82
2 24 74 0 80 73.4641 0 82
2 24 70 -5.7501 84 72 -5.966 83.4641
2 24 70 0 84 72 0 83.4641
2 24 72 -5.966 83.4641 73.4641 -6.4747 82
2 24 72 0 83.4641 73.4641 0 82
2 24 74 -6.7174 80.001 73.4641 -6.4747 82
2 24 74 0 80 73.4641 0 82
2 24 70 -5.7501 86 71.9962 -5.9809 86
2 24 70 -5.7501 84 72 -5.966 83.4641
2 24 73.4641 -6.4747 86 71.9962 -5.9809 86
2 24 73.4641 -6.4747 82 72 -5.966 83.4641
2 24 50 0 86 86.25 0 86
2 24 70 -5.7501 86 71.9962 -5.9809 86
2 24 71.9962 -5.9809 86 73.4641 -6.4747 86
2 24 77.3765 -9.7955 86 76.0664 -8.1945 86
2 24 77.3765 -9.7955 86 78.2759 -11.6593 86
2 24 78.2759 -11.6593 86 78.738 -14.0421 86
2 24 78.738 -14.0421 86 79.0896 -20.75 86
2 24 79.0896 -20.75 86 86.25 -20.75 86
2 24 86.25 0 86 86.25 -20.75 86
2 24 79.0896 -20.75 74 79.0896 -20.75 86
2 24 79.0896 -20.75 74 86.25 -20.75 74
2 24 79.0896 -20.75 86 86.25 -20.75 86
2 24 86.25 -20.75 74 86.25 -20.75 86
2 24 58.2759 -11.6593 74 57.3765 -9.7955 74
2 24 58.2759 -11.6593 86 57.3765 -9.7955 86
2 24 58.2759 -11.6593 74 58.738 -14.0421 74
2 24 58.2759 -11.6593 86 58.738 -14.0421 86
2 24 53.4641 -6.4747 74 54.7927 -7.1796 74
2 24 50 0 76 52 0 76.5359
2 24 52 0 76.5359 53.4641 0 78
2 24 53.4641 0 78 54 0 80
2 24 50 0 76 52 0 76.5359
2 24 50 -5.7501 76.0019 52 -5.966 76.5378
2 24 52 0 76.5359 53.4641 0 78
2 24 52 -5.966 76.5378 53.4641 -6.4747 78.0019
2 24 53.4641 0 78 54 0 80
2 24 53.4641 -6.4747 78.0019 54 -6.7174 80.001
2 24 50 -5.7501 74 51.9962 -5.9809 74
2 24 50 -5.7501 76.0019 52 -5.966 76.5378
2 24 53.4641 -6.4747 78.0019 54 -6.7174 80.001
2 24 53.4641 -6.4747 74 51.9962 -5.9809 74
2 24 53.4641 -6.4747 78.0019 52 -5.966 76.5378
2 24 58.738 -14.0421 74 59.0896 -20.75 74
2 24 59.0896 -20.75 74 59.0896 -20.75 86
2 24 58.738 -14.0421 86 59.0896 -20.75 86
2 24 50 -5.7501 74 51.9962 -5.9809 74
2 24 51.9962 -5.9809 74 53.4641 -6.4747 74
2 24 54.7927 -7.1796 74 53.4641 -6.4747 74
2 24 54.7927 -7.1796 74 56.0664 -8.1945 74
2 24 57.3765 -9.7955 74 56.0664 -8.1945 74
2 24 57.3765 -9.7955 86 56.0664 -8.1945 86
2 24 53.4641 -6.4747 86 54.7927 -7.1796 86
2 24 50 0 84 52 0 83.4641
2 24 52 0 83.4641 53.4641 0 82
2 24 54 0 80 53.4641 0 82
2 24 50 -5.7501 84 52 -5.966 83.4641
2 24 50 0 84 52 0 83.4641
2 24 52 -5.966 83.4641 53.4641 -6.4747 82
2 24 52 0 83.4641 53.4641 0 82
2 24 54 -6.7174 80.001 53.4641 -6.4747 82
2 24 54 0 80 53.4641 0 82
2 24 50 -5.7501 86 51.9962 -5.9809 86
2 24 50 -5.7501 84 52 -5.966 83.4641
2 24 53.4641 -6.4747 86 51.9962 -5.9809 86
2 24 53.4641 -6.4747 82 52 -5.966 83.4641
2 24 50 -5.7501 86 51.9962 -5.9809 86
2 24 51.9962 -5.9809 86 53.4641 -6.4747 86
2 24 65.2073 -7.1796 86 63.9336 -8.1945 86
2 24 54.7927 -7.1796 86 56.0664 -8.1945 86
2 24 61.7241 -11.6593 86 62.6235 -9.7955 86
2 24 58.2759 -11.6593 86 57.3765 -9.7955 86
2 24 61.7241 -11.6593 86 61.262 -14.0421 86
2 24 58.2759 -11.6593 86 58.738 -14.0421 86
2 24 60.9104 -20.75 86 59.0896 -20.75 86
2 24 61.262 -14.0421 86 60.9104 -20.75 86
2 24 58.738 -14.0421 86 59.0896 -20.75 86
2 24 59.0896 -20.75 74 59.0896 -20.75 86
2 24 59.0896 -20.75 74 60.9104 -20.75 74
2 24 59.0896 -20.75 86 60.9104 -20.75 86
2 24 60.9104 -20.75 74 60.9104 -20.75 86
2 24 50 -24 89.8 65 -24 89.8
2 24 50 -24 70.2 65 -24 70.2
2 24 65 -24 70.2 86.366 -24 70.2
2 24 65 -24 89.8 89.7663 -23.9528 89.8
2 24 50 0 89.8 60 0 89.8
2 24 60 0 89.8 89.7663 0 89.8
2 24 50 0 86 86.25 0 86
2 24 63.9336 -8.1945 86 62.6235 -9.7955 86
2 24 56.0664 -8.1945 86 57.3765 -9.7955 86
2 24 53.4641 -6.4747 86 54.7927 -7.1796 86
2 24 76.0664 -8.1945 86 74.7927 -7.1796 86
2 24 73.4641 -6.4747 86 74.7927 -7.1796 86
2 24 76.0664 -8.1945 74 77.3765 -9.7955 74
2 24 56.0664 -8.1945 74 57.3765 -9.7955 74
2 24 63.9336 -8.1945 74 62.6235 -9.7955 74
2 24 50 0 70.2 70 0 70.2
2 24 70 0 70.2 86.25 0 70.2
2 24 50 0 74 86.25 0 74
2 24 91.436 0 82.9081 89.9767 0 84.3985
2 24 89.7663 0 89.8 94.0325 0 85.5047
2 24 92.3229 -5.25 81.793 92.3783 -1.3748 81.891
2 24 92.3229 -5.25 81.793 95.0087 -5.25 84.4788
2 24 95.0087 -5.25 84.4788 94.9874 -1.3748 84.5001
2 24 101.7805 -5.25 72.3354 101.8785 -1.3748 72.3908
2 24 89.7663 -23.9528 89.8 109.8 -24 70
2 24 95.0087 -5.25 84.4788 104.4663 -5.25 75.0212
2 24 102.8956 0 71.4484 104.3897 0 69.9854
2 24 109.8 0 70 105.5148 0 74.0676
2 24 94.0325 0 85.5047 94.6963 -0.3892 84.8068
2 24 94.6963 -0.3892 84.8068 92.1018 -0.3892 82.2122
2 24 91.436 0 82.9081 92.1018 -0.3892 82.2122
2 24 94.9874 -1.3748 84.5001 94.6963 -0.3892 84.8068
2 24 92.3783 -1.3748 81.891 92.1018 -0.3892 82.2122
2 24 102.1903 -0.3959 72.1234 104.7911 -0.3959 74.7242
2 24 102.8956 0 71.4484 102.1903 -0.3959 72.1234
2 24 105.5148 0 74.0676 104.7911 -0.3959 74.7242
2 24 105.5148 0 74.0676 109.8 0 70
2 24 109.8 -24 70 109.8 0 70
2 24 95.0087 -5.25 84.4788 94.9874 -1.3748 84.5001
2 24 94.9874 -1.3748 84.5001 94.6963 -0.3892 84.8068
2 24 104.4663 -5.25 75.0212 104.4876 -1.3748 74.9999
2 24 94.0325 0 85.5047 89.7663 0 89.8
2 24 89.7663 -23.9528 89.8 89.7663 0 89.8
2 24 101.8785 -1.3748 72.3908 102.1903 -0.3959 72.1234
2 24 92.3229 -5.25 81.793 92.3783 -1.3748 81.891
2 24 101.3895 -20.25 71.9855 91.973 -20.25 81.4021
2 24 101.7805 -5.25 72.3354 92.3229 -5.25 81.793
2 24 94.6963 -0.3892 84.8068 94.0325 0 85.5047
2 24 105.5148 0 74.0676 104.7911 -0.3959 74.7242
2 24 104.4876 -1.3748 74.9999 104.7911 -0.3959 74.7242
2 24 102.1903 -0.3959 72.1234 102.8956 0 71.4484
2 24 91.436 0 82.9081 92.1018 -0.3892 82.2122
2 24 92.3783 -1.3748 81.891 92.1018 -0.3892 82.2122
2 24 92.3229 -5.25 81.793 95.0087 -5.25 84.4788
2 24 92.3229 -5.25 81.793 101.7805 -5.25 72.3354
2 24 95.0087 -5.25 84.4788 104.4663 -5.25 75.0212
2 24 101.7805 -5.25 72.3354 104.4663 -5.25 75.0212
2 24 104.5498 0 69.1571 104.5965 0 69.593
2 24 101.6996 -20.25 70.2812 101.8058 -20.25 71.2176
2 24 91.293 -20.25 81.7972 90.4247 -20.25 81.7738
2 24 89.5695 0 84.611 89.16 0 84.5687
2 24 89.3947 -20.25 74.6167 88.6875 0 73.95
2 24 89.3947 -20.25 74.6167 89.3947 -20.25 80.3341
2 24 88.6875 0 73.95 88.6876 0 83.8703
2 24 94.6042 -20.25 69.4072 100.3216 -20.25 69.4072
2 24 94.6042 -20.25 69.4072 93.9375 0 68.7
2 24 93.9375 0 68.7 103.8519 0 68.7
2 24 94.5521 -20.25 69.6658 94.227 -20.25 70.4898
2 24 93.9375 0 69.3531 93.6843 0 70.6123
2 24 94.5521 -20.25 69.6658 94.6042 -20.25 69.4072
2 24 94.6042 -20.25 69.4072 93.9375 0 68.7
2 24 93.9375 0 69.3531 93.9375 0 68.7
2 24 94.227 -20.25 70.4898 93.6917 -20.25 71.1958
2 24 93.6843 0 70.6123 92.9845 0 71.653
2 24 92.9845 0 71.653 92.3125 0 72.325
2 24 93.6917 -20.25 71.1958 92.4375 -20.25 72.45
2 24 91.6405 0 72.997 90.5336 0 73.7231
2 24 91.1833 -20.25 73.7042 90.4773 -20.25 74.2396
2 24 90.4773 -20.25 74.2396 89.6533 -20.25 74.5646
2 24 90.5336 0 73.7231 89.3406 0 73.95
2 24 89.6533 -20.25 74.5646 89.3947 -20.25 74.6167
2 24 89.3406 0 73.95 88.6875 0 73.95
2 24 89.3947 -20.25 74.6167 88.6875 0 73.95
2 24 89.3947 -20.25 80.3341 89.6433 -20.25 81.1714
2 24 88.6876 0 83.8703 88.7882 0 84.2446
2 24 90.4247 -20.25 81.7738 89.6433 -20.25 81.1714
2 24 89.16 0 84.5687 88.7882 0 84.2446
2 24 91.973 -20.25 81.4021 91.293 -20.25 81.7972
2 24 89.5695 0 84.611 89.9767 0 84.3985
2 24 100.3216 -20.25 69.4072 101.1636 -20.25 69.6589
2 24 103.8519 0 68.7 104.2902 0 68.8376
2 24 91.436 0 82.9081 89.9767 0 84.3985
2 24 102.8956 0 71.4484 104.3897 0 69.9854
2 24 100.3216 -20.25 69.4072 101.1636 -20.25 69.6589
2 24 101.1636 -20.25 69.6589 101.6996 -20.25 70.2812
2 24 86.25 0 74 86.25 -20.75 74
2 24 86.25 0 74 86.25 0 86
2 24 86.25 -20.75 74 86.25 -20.75 86
2 24 86.25 0 86 86.25 -20.75 86
2 24 88.6875 0 73.95 88.6876 0 83.8703
2 24 86.25 0 86 86.25 0 74
2 24 92.4375 -20.25 72.45 91.1833 -20.25 73.7042
2 24 92.3125 0 72.325 91.6405 0 72.997
2 24 90.5217 0 69.3493 90.0877 0 70.0177
2 24 92.9845 0 71.653 92.3125 0 72.325
2 24 90.0877 0 70.0177 89.4281 0 70.4882
2 24 92.3125 0 72.325 91.6405 0 72.997
2 24 89.4281 0 70.4882 88.5848 0 70.6071
2 24 91.6405 0 72.997 90.5336 0 73.7231
2 24 88.5848 0 70.6071 87.7477 0 70.5902
2 24 90.5217 0 69.3493 90.6083 0 68.4925
2 24 93.6843 0 70.6123 92.9845 0 71.653
2 24 90.5418 0 67.6544 90.6083 0 68.4925
2 24 90.5336 0 73.7231 89.3406 0 73.95
2 24 87.7477 0 70.5902 87.0216 0 70.3079
2 24 88.6875 0 73.95 89.3406 0 73.95
2 24 86.25 0 70.2 87.0216 0 70.3079
2 24 104.5965 0 69.593 104.5498 0 69.1571
2 24 104.5498 0 69.1571 104.2902 0 68.8376
2 24 93.9375 0 69.3531 93.9375 0 68.7
2 24 90.2 0 66.2036 90.2873 0 66.9487
2 24 89.16 0 84.5687 89.5695 0 84.611
2 24 93.9375 0 68.7 103.8519 0 68.7
2 24 94 0 66.25 106 0 66.25
2 24 104.2902 0 68.8376 103.8519 0 68.7
2 24 89.9767 0 84.3985 89.5695 0 84.611
2 24 88.6876 0 83.8703 88.7882 0 84.2446
2 24 89.16 0 84.5687 88.7882 0 84.2446
2 24 90.5391 -24 68.4797 90.4619 -24 67.6443
2 24 89.4117 -24 70.398 90.0333 -24 69.9659
2 24 86.366 -24 70.2 87.069 -24 70.2769
2 24 87.069 -24 70.2769 87.7678 -24 70.5178
2 24 90.2 -24 66.3661 90.2566 -24 66.9698
2 24 90.4619 -24 67.6443 90.2566 -24 66.9698
2 24 90.0333 -24 69.9659 90.4333 -24 69.3232
2 24 89.7663 -23.9528 89.8 109.8 -24 70
2 24 89.4117 -24 70.398 88.5747 -24 70.5466
2 24 90.5391 -24 68.4797 90.4333 -24 69.3232
2 24 87.7678 -24 70.5178 88.5747 -24 70.5466
2 24 109.8 -24 40 109.8 -24 70
2 24 102.1903 -0.3959 72.1234 101.8785 -1.3748 72.3908
2 24 104.7911 -0.3959 74.7242 104.4876 -1.3748 74.9999
2 24 104.4876 -1.3748 74.9999 104.4663 -5.25 75.0212
2 24 101.8785 -1.3748 72.3908 101.7805 -5.25 72.3354
2 24 104.4663 -5.25 75.0212 101.7805 -5.25 72.3354
2 24 94 -7.1796 54.7927 94 -6.4747 53.4641
2 24 101.6996 -20.25 70.2812 101.1636 -20.25 69.6589
2 24 104.5498 0 69.1571 104.2902 0 68.8376
2 24 104.5965 0 69.593 104.3897 0 69.9854
2 24 101.3895 -20.25 71.9855 101.8058 -20.25 71.2176
2 24 104.3897 0 69.9854 104.5965 0 69.593
2 24 109.8 -21.2117 46.125 109.8 -18.375 43.2883
2 24 109.8 -21.2117 33.875 109.8 -18.375 36.7117
2 24 100 -6.7174 26 101.9991 -6.4747 26.5359
2 24 106 -8.1945 23.9336 106 -7.1796 25.2073
2 24 100 -6.7174 6 101.9991 -6.4747 6.5359
2 24 106 -8.1945 3.9336 106 -7.1796 5.2073
2 24 106 -6.4747 6.5359 106 -7.1796 5.2073
2 24 90.2 -21.1672 33.8493 90.2 -18.3493 36.6672
2 24 74 -6.7174 80.001 73.4641 -6.4747 82
2 24 76.0664 -8.1945 86 74.7927 -7.1796 86
2 24 54 -6.7174 80.001 53.4641 -6.4747 82
2 24 56.0664 -8.1945 86 54.7927 -7.1796 86
2 24 66.5359 -6.4747 78.0019 66 -6.7174 80.001
2 24 65.2073 -7.1796 74 63.9336 -8.1945 74
2 24 91.973 -20.25 81.4021 91.293 -20.25 81.7972
2 24 107.749 -22.25 30 107.749 -21.2117 33.875
2 24 109.8 -22.25 30 109.8 -21.2117 33.875
2 24 107.749 -21.2117 33.875 107.749 -18.375 36.7117
2 24 109.8 -21.2117 33.875 109.8 -18.375 36.7117
2 24 107.749 -18.375 36.7117 107.749 -14.5 37.75
2 24 109.8 -18.375 36.7117 109.8 -14.5 37.75
2 24 107.749 -14.5 37.75 107.749 -10.625 36.7117
2 24 109.8 -14.5 37.75 109.8 -10.625 36.7117
2 24 107.749 -10.625 36.7117 107.749 -7.7883 33.875
2 24 109.8 -10.625 36.7117 109.8 -7.7883 33.875
2 24 107.749 -7.7883 33.875 107.749 -6.75 30
2 24 109.8 -7.7883 33.875 109.8 -6.75 30
2 24 107.749 -6.75 30 107.749 -7.7883 26.125
2 24 109.8 -6.75 30 109.8 -7.7883 26.125
2 24 107.749 -7.7883 26.125 107.749 -10.625 23.2883
2 24 109.8 -7.7883 26.125 109.8 -10.625 23.2883
2 24 107.749 -10.625 23.2883 107.749 -14.5 22.25
2 24 109.8 -10.625 23.2883 109.8 -14.5 22.25
2 24 107.749 -14.5 22.25 107.749 -18.375 23.2883
2 24 109.8 -14.5 22.25 109.8 -18.375 23.2883
2 24 107.749 -18.375 23.2883 107.749 -21.2117 26.125
2 24 109.8 -18.375 23.2883 109.8 -21.2117 26.125
2 24 107.749 -22.25 30 107.749 -21.2117 26.125
2 24 109.8 -22.25 30 109.8 -21.2117 26.125
2 24 107.749 -22.25 50 107.749 -21.2117 53.875
2 24 109.8 -22.25 50 109.8 -21.2117 53.875
2 24 107.749 -21.2117 53.875 107.749 -18.375 56.7117
2 24 109.8 -21.2117 53.875 109.8 -18.375 56.7117
2 24 107.749 -18.375 56.7117 107.749 -14.5 57.75
2 24 109.8 -18.375 56.7117 109.8 -14.5 57.75
2 24 107.749 -14.5 57.75 107.749 -10.625 56.7117
2 24 109.8 -14.5 57.75 109.8 -10.625 56.7117
2 24 107.749 -10.625 56.7117 107.749 -7.7883 53.875
2 24 109.8 -10.625 56.7117 109.8 -7.7883 53.875
2 24 107.749 -7.7883 53.875 107.749 -6.75 50
2 24 109.8 -7.7883 53.875 109.8 -6.75 50
2 24 107.749 -6.75 50 107.749 -7.7883 46.125
2 24 109.8 -6.75 50 109.8 -7.7883 46.125
2 24 107.749 -7.7883 46.125 107.749 -10.625 43.2883
2 24 109.8 -7.7883 46.125 109.8 -10.625 43.2883
2 24 107.749 -10.625 43.2883 107.749 -14.5 42.25
2 24 109.8 -10.625 43.2883 109.8 -14.5 42.25
2 24 107.749 -14.5 42.25 107.749 -18.375 43.2883
2 24 109.8 -14.5 42.25 109.8 -18.375 43.2883
2 24 107.749 -18.375 43.2883 107.749 -21.2117 46.125
2 24 109.8 -18.375 43.2883 109.8 -21.2117 46.125
2 24 107.749 -22.25 50 107.749 -21.2117 46.125
2 24 109.8 -22.25 50 109.8 -21.2117 46.125
2 24 107.749 -22.25 10 107.749 -21.2117 13.875
2 24 109.8 -22.25 10 109.8 -21.2117 13.875
2 24 107.749 -21.2117 13.875 107.749 -18.375 16.7117
2 24 109.8 -21.2117 13.875 109.8 -18.375 16.7117
2 24 107.749 -18.375 16.7117 107.749 -14.5 17.75
2 24 109.8 -18.375 16.7117 109.8 -14.5 17.75
2 24 107.749 -14.5 17.75 107.749 -10.625 16.7117
2 24 109.8 -14.5 17.75 109.8 -10.625 16.7117
2 24 107.749 -10.625 16.7117 107.749 -7.7883 13.875
2 24 109.8 -10.625 16.7117 109.8 -7.7883 13.875
2 24 107.749 -7.7883 13.875 107.749 -6.75 10
2 24 109.8 -7.7883 13.875 109.8 -6.75 10
2 24 107.749 -6.75 10 107.749 -7.7883 6.125
2 24 109.8 -6.75 10 109.8 -7.7883 6.125
2 24 107.749 -7.7883 6.125 107.749 -10.625 3.2883
2 24 109.8 -7.7883 6.125 109.8 -10.625 3.2883
2 24 107.749 -10.625 3.2883 107.749 -14.5 2.25
2 24 109.8 -10.625 3.2883 109.8 -14.5 2.25
2 24 107.749 -14.5 2.25 107.749 -18.375 3.2883
2 24 109.8 -14.5 2.25 109.8 -18.375 3.2883
2 24 107.749 -18.375 3.2883 107.749 -21.2117 6.125
2 24 109.8 -18.375 3.2883 109.8 -21.2117 6.125
2 24 107.749 -22.25 10 107.749 -21.2117 6.125
2 24 109.8 -22.25 10 109.8 -21.2117 6.125
2 24 92.1375 -14.5671 57.6872 92.1491 0 57.8137
2 24 90.2 -14.5671 57.6872 90.2 0 57.8137
2 24 92.1491 0 57.8137 90.2 0 57.8137
2 24 92.1491 0 57.8137 92.1375 -14.5671 57.6872
2 24 92.1491 -14.5 56.25 92.1491 -11.375 55.4127
2 24 94 -20.75 59.0896 94 -20.75 66.25
2 24 94 -20.75 59.0896 106 -20.75 59.0896
2 24 94 -20.75 66.25 106 -20.75 66.25
2 24 106 -20.75 59.0896 106 -20.75 66.25
2 24 89.7663 -23.9528 89.8 89.7663 0 89.8
2 24 94 -14.0421 58.738 94 -20.75 59.0896
2 24 94 -20.75 59.0896 94 -20.75 66.25
2 24 94 0 66.25 94 -20.75 66.25
2 24 89.3947 -20.25 80.3341 89.6433 -20.25 81.1714
2 24 89.6433 -20.25 81.1714 90.4247 -20.25 81.7738
2 24 91.293 -20.25 81.7972 90.4247 -20.25 81.7738
2 24 101.3895 -20.25 71.9855 101.8058 -20.25 71.2176
2 24 101.6996 -20.25 70.2812 101.8058 -20.25 71.2176
2 24 91.973 -20.25 81.4021 101.3895 -20.25 71.9855
2 24 94.5521 -20.25 69.6658 94.6042 -20.25 69.4072
2 24 100.3216 -20.25 69.4072 94.6042 -20.25 69.4072
2 24 94.5521 -20.25 69.6658 94.227 -20.25 70.4898
2 24 94.227 -20.25 70.4898 93.6917 -20.25 71.1958
2 24 93.6917 -20.25 71.1958 92.4375 -20.25 72.45
2 24 90.4773 -20.25 74.2396 91.1833 -20.25 73.7042
2 24 90.4773 -20.25 74.2396 89.6533 -20.25 74.5646
2 24 89.6533 -20.25 74.5646 89.3947 -20.25 74.6167
2 24 89.3947 -20.25 80.3341 89.3947 -20.25 74.6167
2 24 92.4375 -20.25 72.45 91.1833 -20.25 73.7042
2 24 90.2 -14.5671 17.6803 90.2 0 17.747
2 24 90.2 -14.5671 22.3128 90.2 0 22.2496
2 24 90.2 0 17.747 90.2 0 22.2496
2 24 5.4144 -24 3.126 3.126 -24 5.4144
2 24 5.4144 -28.45 3.126 3.126 -28.45 5.4144
2 24 3.126 -24 5.4144 0 -24 6.252
2 24 3.126 -28.45 5.4144 0 -28.45 6.252
2 24 0 -24 6.252 -3.126 -24 5.4144
2 24 0 -28.45 6.252 -3.126 -28.45 5.4144
2 24 -3.126 -24 5.4144 -5.4144 -24 3.126
2 24 -3.126 -28.45 5.4144 -5.4144 -28.45 3.126
2 24 -5.4144 -24 3.126 -6.252 -24 0
2 24 -5.4144 -28.45 3.126 -6.252 -28.45 0
2 24 -6.252 -24 0 -5.4144 -24 -3.126
2 24 -6.252 -28.45 0 -5.4144 -28.45 -3.126
2 24 -5.4144 -24 -3.126 -3.126 -24 -5.4144
2 24 -5.4144 -28.45 -3.126 -3.126 -28.45 -5.4144
2 24 -3.126 -24 -5.4144 0 -24 -6.252
2 24 -3.126 -28.45 -5.4144 0 -28.45 -6.252
2 24 0 -24 -6.252 3.126 -24 -5.4144
2 24 0 -28.45 -6.252 3.126 -28.45 -5.4144
2 24 3.126 -24 -5.4144 5.4144 -24 -3.126
2 24 3.126 -28.45 -5.4144 5.4144 -28.45 -3.126
2 24 5.4144 -24 -3.126 6.252 -24 0
2 24 5.4144 -28.45 -3.126 6.252 -28.45 0
2 24 5.4144 -24 3.126 6.252 -24 0
2 24 5.4144 -28.45 3.126 6.252 -28.45 0
2 24 5.4144 -28.45 3.126 3.126 -28.45 5.4144
2 24 3.5295 -28.45 2.0378 2.0377 -28.45 3.5295
2 24 3.126 -28.45 5.4144 0 -28.45 6.252
2 24 2.0377 -28.45 3.5295 0 -28.45 4.0755
2 24 0 -28.45 6.252 -3.126 -28.45 5.4144
2 24 0 -28.45 4.0755 -2.0378 -28.45 3.5295
2 24 -3.126 -28.45 5.4144 -5.4144 -28.45 3.126
2 24 -2.0378 -28.45 3.5295 -3.5295 -28.45 2.0378
2 24 -5.4144 -28.45 3.126 -6.252 -28.45 0
2 24 -3.5295 -28.45 2.0378 -4.0755 -28.45 0
2 24 -6.252 -28.45 0 -5.4144 -28.45 -3.126
2 24 -4.0755 -28.45 0 -3.5295 -28.45 -2.0378
2 24 -5.4144 -28.45 -3.126 -3.126 -28.45 -5.4144
2 24 -3.5295 -28.45 -2.0378 -2.0378 -28.45 -3.5295
2 24 -3.126 -28.45 -5.4144 0 -28.45 -6.252
2 24 -2.0378 -28.45 -3.5295 0 -28.45 -4.0755
2 24 0 -28.45 -6.252 3.126 -28.45 -5.4144
2 24 0 -28.45 -4.0755 2.0377 -28.45 -3.5295
2 24 3.126 -28.45 -5.4144 5.4144 -28.45 -3.126
2 24 2.0377 -28.45 -3.5295 3.5295 -28.45 -2.0378
2 24 5.4144 -28.45 -3.126 6.252 -28.45 0
2 24 3.5295 -28.45 -2.0378 4.0755 -28.45 0
2 24 5.4144 -28.45 3.126 6.252 -28.45 0
2 24 3.5295 -28.45 2.0378 4.0755 -28.45 0
2 24 3.5295 -28.45 2.0378 2.0377 -28.45 3.5295
2 24 3.5295 -24 2.0378 2.0377 -24 3.5295
2 24 2.0377 -28.45 3.5295 0 -28.45 4.0755
2 24 2.0377 -24 3.5295 0 -24 4.0755
2 24 0 -28.45 4.0755 -2.0378 -28.45 3.5295
2 24 0 -24 4.0755 -2.0378 -24 3.5295
2 24 -2.0378 -28.45 3.5295 -3.5295 -28.45 2.0378
2 24 -2.0378 -24 3.5295 -3.5295 -24 2.0378
2 24 -3.5295 -28.45 2.0378 -4.0755 -28.45 0
2 24 -3.5295 -24 2.0378 -4.0755 -24 0
2 24 -4.0755 -28.45 0 -3.5295 -28.45 -2.0378
2 24 -4.0755 -24 0 -3.5295 -24 -2.0378
2 24 -3.5295 -28.45 -2.0378 -2.0378 -28.45 -3.5295
2 24 -3.5295 -24 -2.0378 -2.0378 -24 -3.5295
2 24 -2.0378 -28.45 -3.5295 0 -28.45 -4.0755
2 24 -2.0378 -24 -3.5295 0 -24 -4.0755
2 24 0 -28.45 -4.0755 2.0377 -28.45 -3.5295
2 24 0 -24 -4.0755 2.0377 -24 -3.5295
2 24 2.0377 -28.45 -3.5295 3.5295 -28.45 -2.0378
2 24 2.0377 -24 -3.5295 3.5295 -24 -2.0378
2 24 3.5295 -28.45 -2.0378 4.0755 -28.45 0
2 24 3.5295 -24 -2.0378 4.0755 -24 0
2 24 3.5295 -28.45 2.0378 4.0755 -28.45 0
2 24 3.5295 -24 2.0378 4.0755 -24 0
2 24 65.4144 -24 83.126 63.126 -24 85.4144
2 24 65.4144 -28.45 83.126 63.126 -28.45 85.4144
2 24 63.126 -24 85.4144 60 -24 86.252
2 24 63.126 -28.45 85.4144 60 -28.45 86.252
2 24 60 -24 86.252 56.874 -24 85.4144
2 24 60 -28.45 86.252 56.874 -28.45 85.4144
2 24 56.874 -24 85.4144 54.5856 -24 83.126
2 24 56.874 -28.45 85.4144 54.5856 -28.45 83.126
2 24 54.5856 -24 83.126 53.748 -24 80
2 24 54.5856 -28.45 83.126 53.748 -28.45 80
2 24 53.748 -24 80 54.5856 -24 76.874
2 24 53.748 -28.45 80 54.5856 -28.45 76.874
2 24 54.5856 -24 76.874 56.874 -24 74.5856
2 24 54.5856 -28.45 76.874 56.874 -28.45 74.5856
2 24 56.874 -24 74.5856 60 -24 73.748
2 24 56.874 -28.45 74.5856 60 -28.45 73.748
2 24 60 -24 73.748 63.126 -24 74.5856
2 24 60 -28.45 73.748 63.126 -28.45 74.5856
2 24 63.126 -24 74.5856 65.4144 -24 76.874
2 24 63.126 -28.45 74.5856 65.4144 -28.45 76.874
2 24 65.4144 -24 76.874 66.252 -24 80
2 24 65.4144 -28.45 76.874 66.252 -28.45 80
2 24 65.4144 -24 83.126 66.252 -24 80
2 24 65.4144 -28.45 83.126 66.252 -28.45 80
2 24 65.4144 -28.45 83.126 63.126 -28.45 85.4144
2 24 63.5295 -28.45 82.0378 62.0377 -28.45 83.5295
2 24 63.126 -28.45 85.4144 60 -28.45 86.252
2 24 62.0377 -28.45 83.5295 60 -28.45 84.0755
2 24 60 -28.45 86.252 56.874 -28.45 85.4144
2 24 60 -28.45 84.0755 57.9623 -28.45 83.5295
2 24 56.874 -28.45 85.4144 54.5856 -28.45 83.126
2 24 57.9623 -28.45 83.5295 56.4705 -28.45 82.0378
2 24 54.5856 -28.45 83.126 53.748 -28.45 80
2 24 56.4705 -28.45 82.0378 55.9245 -28.45 80
2 24 53.748 -28.45 80 54.5856 -28.45 76.874
2 24 55.9245 -28.45 80 56.4705 -28.45 77.9622
2 24 54.5856 -28.45 76.874 56.874 -28.45 74.5856
2 24 56.4705 -28.45 77.9622 57.9623 -28.45 76.4705
2 24 56.874 -28.45 74.5856 60 -28.45 73.748
2 24 57.9623 -28.45 76.4705 60 -28.45 75.9245
2 24 60 -28.45 73.748 63.126 -28.45 74.5856
2 24 60 -28.45 75.9245 62.0377 -28.45 76.4705
2 24 63.126 -28.45 74.5856 65.4144 -28.45 76.874
2 24 62.0377 -28.45 76.4705 63.5295 -28.45 77.9622
2 24 65.4144 -28.45 76.874 66.252 -28.45 80
2 24 63.5295 -28.45 77.9622 64.0755 -28.45 80
2 24 65.4144 -28.45 83.126 66.252 -28.45 80
2 24 63.5295 -28.45 82.0378 64.0755 -28.45 80
2 24 63.5295 -28.45 82.0378 62.0377 -28.45 83.5295
2 24 63.5295 -24 82.0378 62.0377 -24 83.5295
2 24 62.0377 -28.45 83.5295 60 -28.45 84.0755
2 24 62.0377 -24 83.5295 60 -24 84.0755
2 24 60 -28.45 84.0755 57.9623 -28.45 83.5295
2 24 60 -24 84.0755 57.9623 -24 83.5295
2 24 57.9623 -28.45 83.5295 56.4705 -28.45 82.0378
2 24 57.9623 -24 83.5295 56.4705 -24 82.0378
2 24 56.4705 -28.45 82.0378 55.9245 -28.45 80
2 24 56.4705 -24 82.0378 55.9245 -24 80
2 24 55.9245 -28.45 80 56.4705 -28.45 77.9622
2 24 55.9245 -24 80 56.4705 -24 77.9622
2 24 56.4705 -28.45 77.9622 57.9623 -28.45 76.4705
2 24 56.4705 -24 77.9622 57.9623 -24 76.4705
2 24 57.9623 -28.45 76.4705 60 -28.45 75.9245
2 24 57.9623 -24 76.4705 60 -24 75.9245
2 24 60 -28.45 75.9245 62.0377 -28.45 76.4705
2 24 60 -24 75.9245 62.0377 -24 76.4705
2 24 62.0377 -28.45 76.4705 63.5295 -28.45 77.9622
2 24 62.0377 -24 76.4705 63.5295 -24 77.9622
2 24 63.5295 -28.45 77.9622 64.0755 -28.45 80
2 24 63.5295 -24 77.9622 64.0755 -24 80
2 24 63.5295 -28.45 82.0378 64.0755 -28.45 80
2 24 63.5295 -24 82.0378 64.0755 -24 80
2 24 105.4144 -24 43.126 103.126 -24 45.4144
2 24 105.4144 -28.45 43.126 103.126 -28.45 45.4144
2 24 103.126 -24 45.4144 100 -24 46.252
2 24 103.126 -28.45 45.4144 100 -28.45 46.252
2 24 100 -24 46.252 96.874 -24 45.4144
2 24 100 -28.45 46.252 96.874 -28.45 45.4144
2 24 96.874 -24 45.4144 94.5856 -24 43.126
2 24 96.874 -28.45 45.4144 94.5856 -28.45 43.126
2 24 94.5856 -24 43.126 93.748 -24 40
2 24 94.5856 -28.45 43.126 93.748 -28.45 40
2 24 93.748 -24 40 94.5856 -24 36.874
2 24 93.748 -28.45 40 94.5856 -28.45 36.874
2 24 94.5856 -24 36.874 96.874 -24 34.5856
2 24 94.5856 -28.45 36.874 96.874 -28.45 34.5856
2 24 96.874 -24 34.5856 100 -24 33.748
2 24 96.874 -28.45 34.5856 100 -28.45 33.748
2 24 100 -24 33.748 103.126 -24 34.5856
2 24 100 -28.45 33.748 103.126 -28.45 34.5856
2 24 103.126 -24 34.5856 105.4144 -24 36.874
2 24 103.126 -28.45 34.5856 105.4144 -28.45 36.874
2 24 105.4144 -24 36.874 106.252 -24 40
2 24 105.4144 -28.45 36.874 106.252 -28.45 40
2 24 105.4144 -24 43.126 106.252 -24 40
2 24 105.4144 -28.45 43.126 106.252 -28.45 40
2 24 105.4144 -28.45 43.126 103.126 -28.45 45.4144
2 24 103.5295 -28.45 42.0378 102.0377 -28.45 43.5295
2 24 103.126 -28.45 45.4144 100 -28.45 46.252
2 24 102.0377 -28.45 43.5295 100 -28.45 44.0755
2 24 100 -28.45 46.252 96.874 -28.45 45.4144
2 24 100 -28.45 44.0755 97.9623 -28.45 43.5295
2 24 96.874 -28.45 45.4144 94.5856 -28.45 43.126
2 24 97.9623 -28.45 43.5295 96.4705 -28.45 42.0378
2 24 94.5856 -28.45 43.126 93.748 -28.45 40
2 24 96.4705 -28.45 42.0378 95.9245 -28.45 40
2 24 93.748 -28.45 40 94.5856 -28.45 36.874
2 24 95.9245 -28.45 40 96.4705 -28.45 37.9623
2 24 94.5856 -28.45 36.874 96.874 -28.45 34.5856
2 24 96.4705 -28.45 37.9623 97.9623 -28.45 36.4705
2 24 96.874 -28.45 34.5856 100 -28.45 33.748
2 24 97.9623 -28.45 36.4705 100 -28.45 35.9245
2 24 100 -28.45 33.748 103.126 -28.45 34.5856
2 24 100 -28.45 35.9245 102.0377 -28.45 36.4705
2 24 103.126 -28.45 34.5856 105.4144 -28.45 36.874
2 24 102.0377 -28.45 36.4705 103.5295 -28.45 37.9623
2 24 105.4144 -28.45 36.874 106.252 -28.45 40
2 24 103.5295 -28.45 37.9623 104.0755 -28.45 40
2 24 105.4144 -28.45 43.126 106.252 -28.45 40
2 24 103.5295 -28.45 42.0378 104.0755 -28.45 40
2 24 103.5295 -28.45 42.0378 102.0377 -28.45 43.5295
2 24 103.5295 -24 42.0378 102.0377 -24 43.5295
2 24 102.0377 -28.45 43.5295 100 -28.45 44.0755
2 24 102.0377 -24 43.5295 100 -24 44.0755
2 24 100 -28.45 44.0755 97.9623 -28.45 43.5295
2 24 100 -24 44.0755 97.9623 -24 43.5295
2 24 97.9623 -28.45 43.5295 96.4705 -28.45 42.0378
2 24 97.9623 -24 43.5295 96.4705 -24 42.0378
2 24 96.4705 -28.45 42.0378 95.9245 -28.45 40
2 24 96.4705 -24 42.0378 95.9245 -24 40
2 24 95.9245 -28.45 40 96.4705 -28.45 37.9623
2 24 95.9245 -24 40 96.4705 -24 37.9623
2 24 96.4705 -28.45 37.9623 97.9623 -28.45 36.4705
2 24 96.4705 -24 37.9623 97.9623 -24 36.4705
2 24 97.9623 -28.45 36.4705 100 -28.45 35.9245
2 24 97.9623 -24 36.4705 100 -24 35.9245
2 24 100 -28.45 35.9245 102.0377 -28.45 36.4705
2 24 100 -24 35.9245 102.0377 -24 36.4705
2 24 102.0377 -28.45 36.4705 103.5295 -28.45 37.9623
2 24 102.0377 -24 36.4705 103.5295 -24 37.9623
2 24 103.5295 -28.45 37.9623 104.0755 -28.45 40
2 24 103.5295 -24 37.9623 104.0755 -24 40
2 24 103.5295 -28.45 42.0378 104.0755 -28.45 40
2 24 103.5295 -24 42.0378 104.0755 -24 40
2 24 105.4144 -24 23.126 103.126 -24 25.4144
2 24 105.4144 -28.45 23.126 103.126 -28.45 25.4144
2 24 103.126 -24 25.4144 100 -24 26.252
2 24 103.126 -28.45 25.4144 100 -28.45 26.252
2 24 100 -24 26.252 96.874 -24 25.4144
2 24 100 -28.45 26.252 96.874 -28.45 25.4144
2 24 96.874 -24 25.4144 94.5856 -24 23.126
2 24 96.874 -28.45 25.4144 94.5856 -28.45 23.126
2 24 94.5856 -24 23.126 93.748 -24 20
2 24 94.5856 -28.45 23.126 93.748 -28.45 20
2 24 93.748 -24 20 94.5856 -24 16.874
2 24 93.748 -28.45 20 94.5856 -28.45 16.874
2 24 94.5856 -24 16.874 96.874 -24 14.5856
2 24 94.5856 -28.45 16.874 96.874 -28.45 14.5856
2 24 96.874 -24 14.5856 100 -24 13.748
2 24 96.874 -28.45 14.5856 100 -28.45 13.748
2 24 100 -24 13.748 103.126 -24 14.5856
2 24 100 -28.45 13.748 103.126 -28.45 14.5856
2 24 103.126 -24 14.5856 105.4144 -24 16.874
2 24 103.126 -28.45 14.5856 105.4144 -28.45 16.874
2 24 105.4144 -24 16.874 106.252 -24 20
2 24 105.4144 -28.45 16.874 106.252 -28.45 20
2 24 105.4144 -24 23.126 106.252 -24 20
2 24 105.4144 -28.45 23.126 106.252 -28.45 20
2 24 105.4144 -28.45 23.126 103.126 -28.45 25.4144
2 24 103.5295 -28.45 22.0378 102.0377 -28.45 23.5295
2 24 103.126 -28.45 25.4144 100 -28.45 26.252
2 24 102.0377 -28.45 23.5295 100 -28.45 24.0755
2 24 100 -28.45 26.252 96.874 -28.45 25.4144
2 24 100 -28.45 24.0755 97.9623 -28.45 23.5295
2 24 96.874 -28.45 25.4144 94.5856 -28.45 23.126
2 24 97.9623 -28.45 23.5295 96.4705 -28.45 22.0378
2 24 94.5856 -28.45 23.126 93.748 -28.45 20
2 24 96.4705 -28.45 22.0378 95.9245 -28.45 20
2 24 93.748 -28.45 20 94.5856 -28.45 16.874
2 24 95.9245 -28.45 20 96.4705 -28.45 17.9623
2 24 94.5856 -28.45 16.874 96.874 -28.45 14.5856
2 24 96.4705 -28.45 17.9623 97.9623 -28.45 16.4705
2 24 96.874 -28.45 14.5856 100 -28.45 13.748
2 24 97.9623 -28.45 16.4705 100 -28.45 15.9245
2 24 100 -28.45 13.748 103.126 -28.45 14.5856
2 24 100 -28.45 15.9245 102.0377 -28.45 16.4705
2 24 103.126 -28.45 14.5856 105.4144 -28.45 16.874
2 24 102.0377 -28.45 16.4705 103.5295 -28.45 17.9623
2 24 105.4144 -28.45 16.874 106.252 -28.45 20
2 24 103.5295 -28.45 17.9623 104.0755 -28.45 20
2 24 105.4144 -28.45 23.126 106.252 -28.45 20
2 24 103.5295 -28.45 22.0378 104.0755 -28.45 20
2 24 103.5295 -28.45 22.0378 102.0377 -28.45 23.5295
2 24 103.5295 -24 22.0378 102.0377 -24 23.5295
2 24 102.0377 -28.45 23.5295 100 -28.45 24.0755
2 24 102.0377 -24 23.5295 100 -24 24.0755
2 24 100 -28.45 24.0755 97.9623 -28.45 23.5295
2 24 100 -24 24.0755 97.9623 -24 23.5295
2 24 97.9623 -28.45 23.5295 96.4705 -28.45 22.0378
2 24 97.9623 -24 23.5295 96.4705 -24 22.0378
2 24 96.4705 -28.45 22.0378 95.9245 -28.45 20
2 24 96.4705 -24 22.0378 95.9245 -24 20
2 24 95.9245 -28.45 20 96.4705 -28.45 17.9623
2 24 95.9245 -24 20 96.4705 -24 17.9623
2 24 96.4705 -28.45 17.9623 97.9623 -28.45 16.4705
2 24 96.4705 -24 17.9623 97.9623 -24 16.4705
2 24 97.9623 -28.45 16.4705 100 -28.45 15.9245
2 24 97.9623 -24 16.4705 100 -24 15.9245
2 24 100 -28.45 15.9245 102.0377 -28.45 16.4705
2 24 100 -24 15.9245 102.0377 -24 16.4705
2 24 102.0377 -28.45 16.4705 103.5295 -28.45 17.9623
2 24 102.0377 -24 16.4705 103.5295 -24 17.9623
2 24 103.5295 -28.45 17.9623 104.0755 -28.45 20
2 24 103.5295 -24 17.9623 104.0755 -24 20
2 24 103.5295 -28.45 22.0378 104.0755 -28.45 20
2 24 103.5295 -24 22.0378 104.0755 -24 20
2 24 105.4144 -24 3.126 103.126 -24 5.4144
2 24 105.4144 -28.45 3.126 103.126 -28.45 5.4144
2 24 103.126 -24 5.4144 100 -24 6.252
2 24 103.126 -28.45 5.4144 100 -28.45 6.252
2 24 100 -24 6.252 96.874 -24 5.4144
2 24 100 -28.45 6.252 96.874 -28.45 5.4144
2 24 96.874 -24 5.4144 94.5856 -24 3.126
2 24 96.874 -28.45 5.4144 94.5856 -28.45 3.126
2 24 94.5856 -24 3.126 93.748 -24 0
2 24 94.5856 -28.45 3.126 93.748 -28.45 0
2 24 93.748 -24 0 94.5856 -24 -3.126
2 24 93.748 -28.45 0 94.5856 -28.45 -3.126
2 24 94.5856 -24 -3.126 96.874 -24 -5.4144
2 24 94.5856 -28.45 -3.126 96.874 -28.45 -5.4144
2 24 96.874 -24 -5.4144 100 -24 -6.252
2 24 96.874 -28.45 -5.4144 100 -28.45 -6.252
2 24 100 -24 -6.252 103.126 -24 -5.4144
2 24 100 -28.45 -6.252 103.126 -28.45 -5.4144
2 24 103.126 -24 -5.4144 105.4144 -24 -3.126
2 24 103.126 -28.45 -5.4144 105.4144 -28.45 -3.126
2 24 105.4144 -24 -3.126 106.252 -24 0
2 24 105.4144 -28.45 -3.126 106.252 -28.45 0
2 24 105.4144 -24 3.126 106.252 -24 0
2 24 105.4144 -28.45 3.126 106.252 -28.45 0
2 24 105.4144 -28.45 3.126 103.126 -28.45 5.4144
2 24 103.5295 -28.45 2.0378 102.0377 -28.45 3.5295
2 24 103.126 -28.45 5.4144 100 -28.45 6.252
2 24 102.0377 -28.45 3.5295 100 -28.45 4.0755
2 24 100 -28.45 6.252 96.874 -28.45 5.4144
2 24 100 -28.45 4.0755 97.9623 -28.45 3.5295
2 24 96.874 -28.45 5.4144 94.5856 -28.45 3.126
2 24 97.9623 -28.45 3.5295 96.4705 -28.45 2.0378
2 24 94.5856 -28.45 3.126 93.748 -28.45 0
2 24 96.4705 -28.45 2.0378 95.9245 -28.45 0
2 24 93.748 -28.45 0 94.5856 -28.45 -3.126
2 24 95.9245 -28.45 0 96.4705 -28.45 -2.0378
2 24 94.5856 -28.45 -3.126 96.874 -28.45 -5.4144
2 24 96.4705 -28.45 -2.0378 97.9623 -28.45 -3.5295
2 24 96.874 -28.45 -5.4144 100 -28.45 -6.252
2 24 97.9623 -28.45 -3.5295 100 -28.45 -4.0755
2 24 100 -28.45 -6.252 103.126 -28.45 -5.4144
2 24 100 -28.45 -4.0755 102.0377 -28.45 -3.5295
2 24 103.126 -28.45 -5.4144 105.4144 -28.45 -3.126
2 24 102.0377 -28.45 -3.5295 103.5295 -28.45 -2.0378
2 24 105.4144 -28.45 -3.126 106.252 -28.45 0
2 24 103.5295 -28.45 -2.0378 104.0755 -28.45 0
2 24 105.4144 -28.45 3.126 106.252 -28.45 0
2 24 103.5295 -28.45 2.0378 104.0755 -28.45 0
2 24 103.5295 -28.45 2.0378 102.0377 -28.45 3.5295
2 24 103.5295 -24 2.0378 102.0377 -24 3.5295
2 24 102.0377 -28.45 3.5295 100 -28.45 4.0755
2 24 102.0377 -24 3.5295 100 -24 4.0755
2 24 100 -28.45 4.0755 97.9623 -28.45 3.5295
2 24 100 -24 4.0755 97.9623 -24 3.5295
2 24 97.9623 -28.45 3.5295 96.4705 -28.45 2.0378
2 24 97.9623 -24 3.5295 96.4705 -24 2.0378
2 24 96.4705 -28.45 2.0378 95.9245 -28.45 0
2 24 96.4705 -24 2.0378 95.9245 -24 0
2 24 95.9245 -28.45 0 96.4705 -28.45 -2.0378
2 24 95.9245 -24 0 96.4705 -24 -2.0378
2 24 96.4705 -28.45 -2.0378 97.9623 -28.45 -3.5295
2 24 96.4705 -24 -2.0378 97.9623 -24 -3.5295
2 24 97.9623 -28.45 -3.5295 100 -28.45 -4.0755
2 24 97.9623 -24 -3.5295 100 -24 -4.0755
2 24 100 -28.45 -4.0755 102.0377 -28.45 -3.5295
2 24 100 -24 -4.0755 102.0377 -24 -3.5295
2 24 102.0377 -28.45 -3.5295 103.5295 -28.45 -2.0378
2 24 102.0377 -24 -3.5295 103.5295 -24 -2.0378
2 24 103.5295 -28.45 -2.0378 104.0755 -28.45 0
2 24 103.5295 -24 -2.0378 104.0755 -24 0
2 24 103.5295 -28.45 2.0378 104.0755 -28.45 0
2 24 103.5295 -24 2.0378 104.0755 -24 0
2 24 105.4144 -24 63.126 103.126 -24 65.4144
2 24 105.4144 -28.45 63.126 103.126 -28.45 65.4144
2 24 103.126 -24 65.4144 100 -24 66.252
2 24 103.126 -28.45 65.4144 100 -28.45 66.252
2 24 100 -24 66.252 96.874 -24 65.4144
2 24 100 -28.45 66.252 96.874 -28.45 65.4144
2 24 96.874 -24 65.4144 94.5856 -24 63.126
2 24 96.874 -28.45 65.4144 94.5856 -28.45 63.126
2 24 94.5856 -24 63.126 93.748 -24 60
2 24 94.5856 -28.45 63.126 93.748 -28.45 60
2 24 93.748 -24 60 94.5856 -24 56.874
2 24 93.748 -28.45 60 94.5856 -28.45 56.874
2 24 94.5856 -24 56.874 96.874 -24 54.5856
2 24 94.5856 -28.45 56.874 96.874 -28.45 54.5856
2 24 96.874 -24 54.5856 100 -24 53.748
2 24 96.874 -28.45 54.5856 100 -28.45 53.748
2 24 100 -24 53.748 103.126 -24 54.5856
2 24 100 -28.45 53.748 103.126 -28.45 54.5856
2 24 103.126 -24 54.5856 105.4144 -24 56.874
2 24 103.126 -28.45 54.5856 105.4144 -28.45 56.874
2 24 105.4144 -24 56.874 106.252 -24 60
2 24 105.4144 -28.45 56.874 106.252 -28.45 60
2 24 105.4144 -24 63.126 106.252 -24 60
2 24 105.4144 -28.45 63.126 106.252 -28.45 60
2 24 105.4144 -28.45 63.126 103.126 -28.45 65.4144
2 24 103.5295 -28.45 62.0378 102.0377 -28.45 63.5295
2 24 103.126 -28.45 65.4144 100 -28.45 66.252
2 24 102.0377 -28.45 63.5295 100 -28.45 64.0755
2 24 100 -28.45 66.252 96.874 -28.45 65.4144
2 24 100 -28.45 64.0755 97.9623 -28.45 63.5295
2 24 96.874 -28.45 65.4144 94.5856 -28.45 63.126
2 24 97.9623 -28.45 63.5295 96.4705 -28.45 62.0378
2 24 94.5856 -28.45 63.126 93.748 -28.45 60
2 24 96.4705 -28.45 62.0378 95.9245 -28.45 60
2 24 93.748 -28.45 60 94.5856 -28.45 56.874
2 24 95.9245 -28.45 60 96.4705 -28.45 57.9623
2 24 94.5856 -28.45 56.874 96.874 -28.45 54.5856
2 24 96.4705 -28.45 57.9623 97.9623 -28.45 56.4705
2 24 96.874 -28.45 54.5856 100 -28.45 53.748
2 24 97.9623 -28.45 56.4705 100 -28.45 55.9245
2 24 100 -28.45 53.748 103.126 -28.45 54.5856
2 24 100 -28.45 55.9245 102.0377 -28.45 56.4705
2 24 103.126 -28.45 54.5856 105.4144 -28.45 56.874
2 24 102.0377 -28.45 56.4705 103.5295 -28.45 57.9623
2 24 105.4144 -28.45 56.874 106.252 -28.45 60
2 24 103.5295 -28.45 57.9623 104.0755 -28.45 60
2 24 105.4144 -28.45 63.126 106.252 -28.45 60
2 24 103.5295 -28.45 62.0378 104.0755 -28.45 60
2 24 103.5295 -28.45 62.0378 102.0377 -28.45 63.5295
2 24 103.5295 -24 62.0378 102.0377 -24 63.5295
2 24 102.0377 -28.45 63.5295 100 -28.45 64.0755
2 24 102.0377 -24 63.5295 100 -24 64.0755
2 24 100 -28.45 64.0755 97.9623 -28.45 63.5295
2 24 100 -24 64.0755 97.9623 -24 63.5295
2 24 97.9623 -28.45 63.5295 96.4705 -28.45 62.0378
2 24 97.9623 -24 63.5295 96.4705 -24 62.0378
2 24 96.4705 -28.45 62.0378 95.9245 -28.45 60
2 24 96.4705 -24 62.0378 95.9245 -24 60
2 24 95.9245 -28.45 60 96.4705 -28.45 57.9623
2 24 95.9245 -24 60 96.4705 -24 57.9623
2 24 96.4705 -28.45 57.9623 97.9623 -28.45 56.4705
2 24 96.4705 -24 57.9623 97.9623 -24 56.4705
2 24 97.9623 -28.45 56.4705 100 -28.45 55.9245
2 24 97.9623 -24 56.4705 100 -24 55.9245
2 24 100 -28.45 55.9245 102.0377 -28.45 56.4705
2 24 100 -24 55.9245 102.0377 -24 56.4705
2 24 102.0377 -28.45 56.4705 103.5295 -28.45 57.9623
2 24 102.0377 -24 56.4705 103.5295 -24 57.9623
2 24 103.5295 -28.45 57.9623 104.0755 -28.45 60
2 24 103.5295 -24 57.9623 104.0755 -24 60
2 24 103.5295 -28.45 62.0378 104.0755 -28.45 60
2 24 103.5295 -24 62.0378 104.0755 -24 60
2 24 5.4144 -24 63.126 3.126 -24 65.4144
2 24 5.4144 -28.45 63.126 3.126 -28.45 65.4144
2 24 3.126 -24 65.4144 0 -24 66.252
2 24 3.126 -28.45 65.4144 0 -28.45 66.252
2 24 0 -24 66.252 -3.126 -24 65.4144
2 24 0 -28.45 66.252 -3.126 -28.45 65.4144
2 24 -3.126 -24 65.4144 -5.4144 -24 63.126
2 24 -3.126 -28.45 65.4144 -5.4144 -28.45 63.126
2 24 -5.4144 -24 63.126 -6.252 -24 60
2 24 -5.4144 -28.45 63.126 -6.252 -28.45 60
2 24 -6.252 -24 60 -5.4144 -24 56.874
2 24 -6.252 -28.45 60 -5.4144 -28.45 56.874
2 24 -5.4144 -24 56.874 -3.126 -24 54.5856
2 24 -5.4144 -28.45 56.874 -3.126 -28.45 54.5856
2 24 -3.126 -24 54.5856 0 -24 53.748
2 24 -3.126 -28.45 54.5856 0 -28.45 53.748
2 24 0 -24 53.748 3.126 -24 54.5856
2 24 0 -28.45 53.748 3.126 -28.45 54.5856
2 24 3.126 -24 54.5856 5.4144 -24 56.874
2 24 3.126 -28.45 54.5856 5.4144 -28.45 56.874
2 24 5.4144 -24 56.874 6.252 -24 60
2 24 5.4144 -28.45 56.874 6.252 -28.45 60
2 24 5.4144 -24 63.126 6.252 -24 60
2 24 5.4144 -28.45 63.126 6.252 -28.45 60
2 24 5.4144 -28.45 63.126 3.126 -28.45 65.4144
2 24 3.5295 -28.45 62.0378 2.0377 -28.45 63.5295
2 24 3.126 -28.45 65.4144 0 -28.45 66.252
2 24 2.0377 -28.45 63.5295 0 -28.45 64.0755
2 24 0 -28.45 66.252 -3.126 -28.45 65.4144
2 24 0 -28.45 64.0755 -2.0378 -28.45 63.5295
2 24 -3.126 -28.45 65.4144 -5.4144 -28.45 63.126
2 24 -2.0378 -28.45 63.5295 -3.5295 -28.45 62.0378
2 24 -5.4144 -28.45 63.126 -6.252 -28.45 60
2 24 -3.5295 -28.45 62.0378 -4.0755 -28.45 60
2 24 -6.252 -28.45 60 -5.4144 -28.45 56.874
2 24 -4.0755 -28.45 60 -3.5295 -28.45 57.9623
2 24 -5.4144 -28.45 56.874 -3.126 -28.45 54.5856
2 24 -3.5295 -28.45 57.9623 -2.0378 -28.45 56.4705
2 24 -3.126 -28.45 54.5856 0 -28.45 53.748
2 24 -2.0378 -28.45 56.4705 0 -28.45 55.9245
2 24 0 -28.45 53.748 3.126 -28.45 54.5856
2 24 0 -28.45 55.9245 2.0377 -28.45 56.4705
2 24 3.126 -28.45 54.5856 5.4144 -28.45 56.874
2 24 2.0377 -28.45 56.4705 3.5295 -28.45 57.9623
2 24 5.4144 -28.45 56.874 6.252 -28.45 60
2 24 3.5295 -28.45 57.9623 4.0755 -28.45 60
2 24 5.4144 -28.45 63.126 6.252 -28.45 60
2 24 3.5295 -28.45 62.0378 4.0755 -28.45 60
2 24 3.5295 -28.45 62.0378 2.0377 -28.45 63.5295
2 24 3.5295 -24 62.0378 2.0377 -24 63.5295
2 24 2.0377 -28.45 63.5295 0 -28.45 64.0755
2 24 2.0377 -24 63.5295 0 -24 64.0755
2 24 0 -28.45 64.0755 -2.0378 -28.45 63.5295
2 24 0 -24 64.0755 -2.0378 -24 63.5295
2 24 -2.0378 -28.45 63.5295 -3.5295 -28.45 62.0378
2 24 -2.0378 -24 63.5295 -3.5295 -24 62.0378
2 24 -3.5295 -28.45 62.0378 -4.0755 -28.45 60
2 24 -3.5295 -24 62.0378 -4.0755 -24 60
2 24 -4.0755 -28.45 60 -3.5295 -28.45 57.9623
2 24 -4.0755 -24 60 -3.5295 -24 57.9623
2 24 -3.5295 -28.45 57.9623 -2.0378 -28.45 56.4705
2 24 -3.5295 -24 57.9623 -2.0378 -24 56.4705
2 24 -2.0378 -28.45 56.4705 0 -28.45 55.9245
2 24 -2.0378 -24 56.4705 0 -24 55.9245
2 24 0 -28.45 55.9245 2.0377 -28.45 56.4705
2 24 0 -24 55.9245 2.0377 -24 56.4705
2 24 2.0377 -28.45 56.4705 3.5295 -28.45 57.9623
2 24 2.0377 -24 56.4705 3.5295 -24 57.9623
2 24 3.5295 -28.45 57.9623 4.0755 -28.45 60
2 24 3.5295 -24 57.9623 4.0755 -24 60
2 24 3.5295 -28.45 62.0378 4.0755 -28.45 60
2 24 3.5295 -24 62.0378 4.0755 -24 60
2 24 45.4144 -24 83.126 43.126 -24 85.4144
2 24 45.4144 -28.45 83.126 43.126 -28.45 85.4144
2 24 43.126 -24 85.4144 40 -24 86.252
2 24 43.126 -28.45 85.4144 40 -28.45 86.252
2 24 40 -24 86.252 36.874 -24 85.4144
2 24 40 -28.45 86.252 36.874 -28.45 85.4144
2 24 36.874 -24 85.4144 34.5856 -24 83.126
2 24 36.874 -28.45 85.4144 34.5856 -28.45 83.126
2 24 34.5856 -24 83.126 33.748 -24 80
2 24 34.5856 -28.45 83.126 33.748 -28.45 80
2 24 33.748 -24 80 34.5856 -24 76.874
2 24 33.748 -28.45 80 34.5856 -28.45 76.874
2 24 34.5856 -24 76.874 36.874 -24 74.5856
2 24 34.5856 -28.45 76.874 36.874 -28.45 74.5856
2 24 36.874 -24 74.5856 40 -24 73.748
2 24 36.874 -28.45 74.5856 40 -28.45 73.748
2 24 40 -24 73.748 43.126 -24 74.5856
2 24 40 -28.45 73.748 43.126 -28.45 74.5856
2 24 43.126 -24 74.5856 45.4144 -24 76.874
2 24 43.126 -28.45 74.5856 45.4144 -28.45 76.874
2 24 45.4144 -24 76.874 46.252 -24 80
2 24 45.4144 -28.45 76.874 46.252 -28.45 80
2 24 45.4144 -24 83.126 46.252 -24 80
2 24 45.4144 -28.45 83.126 46.252 -28.45 80
2 24 45.4144 -28.45 83.126 43.126 -28.45 85.4144
2 24 43.5295 -28.45 82.0378 42.0377 -28.45 83.5295
2 24 43.126 -28.45 85.4144 40 -28.45 86.252
2 24 42.0377 -28.45 83.5295 40 -28.45 84.0755
2 24 40 -28.45 86.252 36.874 -28.45 85.4144
2 24 40 -28.45 84.0755 37.9623 -28.45 83.5295
2 24 36.874 -28.45 85.4144 34.5856 -28.45 83.126
2 24 37.9623 -28.45 83.5295 36.4705 -28.45 82.0378
2 24 34.5856 -28.45 83.126 33.748 -28.45 80
2 24 36.4705 -28.45 82.0378 35.9245 -28.45 80
2 24 33.748 -28.45 80 34.5856 -28.45 76.874
2 24 35.9245 -28.45 80 36.4705 -28.45 77.9622
2 24 34.5856 -28.45 76.874 36.874 -28.45 74.5856
2 24 36.4705 -28.45 77.9622 37.9623 -28.45 76.4705
2 24 36.874 -28.45 74.5856 40 -28.45 73.748
2 24 37.9623 -28.45 76.4705 40 -28.45 75.9245
2 24 40 -28.45 73.748 43.126 -28.45 74.5856
2 24 40 -28.45 75.9245 42.0377 -28.45 76.4705
2 24 43.126 -28.45 74.5856 45.4144 -28.45 76.874
2 24 42.0377 -28.45 76.4705 43.5295 -28.45 77.9622
2 24 45.4144 -28.45 76.874 46.252 -28.45 80
2 24 43.5295 -28.45 77.9622 44.0755 -28.45 80
2 24 45.4144 -28.45 83.126 46.252 -28.45 80
2 24 43.5295 -28.45 82.0378 44.0755 -28.45 80
2 24 43.5295 -28.45 82.0378 42.0377 -28.45 83.5295
2 24 43.5295 -24 82.0378 42.0377 -24 83.5295
2 24 42.0377 -28.45 83.5295 40 -28.45 84.0755
2 24 42.0377 -24 83.5295 40 -24 84.0755
2 24 40 -28.45 84.0755 37.9623 -28.45 83.5295
2 24 40 -24 84.0755 37.9623 -24 83.5295
2 24 37.9623 -28.45 83.5295 36.4705 -28.45 82.0378
2 24 37.9623 -24 83.5295 36.4705 -24 82.0378
2 24 36.4705 -28.45 82.0378 35.9245 -28.45 80
2 24 36.4705 -24 82.0378 35.9245 -24 80
2 24 35.9245 -28.45 80 36.4705 -28.45 77.9622
2 24 35.9245 -24 80 36.4705 -24 77.9622
2 24 36.4705 -28.45 77.9622 37.9623 -28.45 76.4705
2 24 36.4705 -24 77.9622 37.9623 -24 76.4705
2 24 37.9623 -28.45 76.4705 40 -28.45 75.9245
2 24 37.9623 -24 76.4705 40 -24 75.9245
2 24 40 -28.45 75.9245 42.0377 -28.45 76.4705
2 24 40 -24 75.9245 42.0377 -24 76.4705
2 24 42.0377 -28.45 76.4705 43.5295 -28.45 77.9622
2 24 42.0377 -24 76.4705 43.5295 -24 77.9622
2 24 43.5295 -28.45 77.9622 44.0755 -28.45 80
2 24 43.5295 -24 77.9622 44.0755 -24 80
2 24 43.5295 -28.45 82.0378 44.0755 -28.45 80
2 24 43.5295 -24 82.0378 44.0755 -24 80
2 24 85.4144 -24 83.126 83.126 -24 85.4144
2 24 85.4144 -28.45 83.126 83.126 -28.45 85.4144
2 24 83.126 -24 85.4144 80 -24 86.252
2 24 83.126 -28.45 85.4144 80 -28.45 86.252
2 24 80 -24 86.252 76.874 -24 85.4144
2 24 80 -28.45 86.252 76.874 -28.45 85.4144
2 24 76.874 -24 85.4144 74.5856 -24 83.126
2 24 76.874 -28.45 85.4144 74.5856 -28.45 83.126
2 24 74.5856 -24 83.126 73.748 -24 80
2 24 74.5856 -28.45 83.126 73.748 -28.45 80
2 24 73.748 -24 80 74.5856 -24 76.874
2 24 73.748 -28.45 80 74.5856 -28.45 76.874
2 24 74.5856 -24 76.874 76.874 -24 74.5856
2 24 74.5856 -28.45 76.874 76.874 -28.45 74.5856
2 24 76.874 -24 74.5856 80 -24 73.748
2 24 76.874 -28.45 74.5856 80 -28.45 73.748
2 24 80 -24 73.748 83.126 -24 74.5856
2 24 80 -28.45 73.748 83.126 -28.45 74.5856
2 24 83.126 -24 74.5856 85.4144 -24 76.874
2 24 83.126 -28.45 74.5856 85.4144 -28.45 76.874
2 24 85.4144 -24 76.874 86.252 -24 80
2 24 85.4144 -28.45 76.874 86.252 -28.45 80
2 24 85.4144 -24 83.126 86.252 -24 80
2 24 85.4144 -28.45 83.126 86.252 -28.45 80
2 24 85.4144 -28.45 83.126 83.126 -28.45 85.4144
2 24 83.5295 -28.45 82.0378 82.0377 -28.45 83.5295
2 24 83.126 -28.45 85.4144 80 -28.45 86.252
2 24 82.0377 -28.45 83.5295 80 -28.45 84.0755
2 24 80 -28.45 86.252 76.874 -28.45 85.4144
2 24 80 -28.45 84.0755 77.9623 -28.45 83.5295
2 24 76.874 -28.45 85.4144 74.5856 -28.45 83.126
2 24 77.9623 -28.45 83.5295 76.4705 -28.45 82.0378
2 24 74.5856 -28.45 83.126 73.748 -28.45 80
2 24 76.4705 -28.45 82.0378 75.9245 -28.45 80
2 24 73.748 -28.45 80 74.5856 -28.45 76.874
2 24 75.9245 -28.45 80 76.4705 -28.45 77.9622
2 24 74.5856 -28.45 76.874 76.874 -28.45 74.5856
2 24 76.4705 -28.45 77.9622 77.9623 -28.45 76.4705
2 24 76.874 -28.45 74.5856 80 -28.45 73.748
2 24 77.9623 -28.45 76.4705 80 -28.45 75.9245
2 24 80 -28.45 73.748 83.126 -28.45 74.5856
2 24 80 -28.45 75.9245 82.0377 -28.45 76.4705
2 24 83.126 -28.45 74.5856 85.4144 -28.45 76.874
2 24 82.0377 -28.45 76.4705 83.5295 -28.45 77.9622
2 24 85.4144 -28.45 76.874 86.252 -28.45 80
2 24 83.5295 -28.45 77.9622 84.0755 -28.45 80
2 24 85.4144 -28.45 83.126 86.252 -28.45 80
2 24 83.5295 -28.45 82.0378 84.0755 -28.45 80
2 24 83.5295 -28.45 82.0378 82.0377 -28.45 83.5295
2 24 83.5295 -24 82.0378 82.0377 -24 83.5295
2 24 82.0377 -28.45 83.5295 80 -28.45 84.0755
2 24 82.0377 -24 83.5295 80 -24 84.0755
2 24 80 -28.45 84.0755 77.9623 -28.45 83.5295
2 24 80 -24 84.0755 77.9623 -24 83.5295
2 24 77.9623 -28.45 83.5295 76.4705 -28.45 82.0378
2 24 77.9623 -24 83.5295 76.4705 -24 82.0378
2 24 76.4705 -28.45 82.0378 75.9245 -28.45 80
2 24 76.4705 -24 82.0378 75.9245 -24 80
2 24 75.9245 -28.45 80 76.4705 -28.45 77.9622
2 24 75.9245 -24 80 76.4705 -24 77.9622
2 24 76.4705 -28.45 77.9622 77.9623 -28.45 76.4705
2 24 76.4705 -24 77.9622 77.9623 -24 76.4705
2 24 77.9623 -28.45 76.4705 80 -28.45 75.9245
2 24 77.9623 -24 76.4705 80 -24 75.9245
2 24 80 -28.45 75.9245 82.0377 -28.45 76.4705
2 24 80 -24 75.9245 82.0377 -24 76.4705
2 24 82.0377 -28.45 76.4705 83.5295 -28.45 77.9622
2 24 82.0377 -24 76.4705 83.5295 -24 77.9622
2 24 83.5295 -28.45 77.9622 84.0755 -28.45 80
2 24 83.5295 -24 77.9622 84.0755 -24 80
2 24 83.5295 -28.45 82.0378 84.0755 -28.45 80
2 24 83.5295 -24 82.0378 84.0755 -24 80
2 24 5.4144 -24 43.126 3.126 -24 45.4144
2 24 5.4144 -28.45 43.126 3.126 -28.45 45.4144
2 24 3.126 -24 45.4144 0 -24 46.252
2 24 3.126 -28.45 45.4144 0 -28.45 46.252
2 24 0 -24 46.252 -3.126 -24 45.4144
2 24 0 -28.45 46.252 -3.126 -28.45 45.4144
2 24 -3.126 -24 45.4144 -5.4144 -24 43.126
2 24 -3.126 -28.45 45.4144 -5.4144 -28.45 43.126
2 24 -5.4144 -24 43.126 -6.252 -24 40
2 24 -5.4144 -28.45 43.126 -6.252 -28.45 40
2 24 -6.252 -24 40 -5.4144 -24 36.874
2 24 -6.252 -28.45 40 -5.4144 -28.45 36.874
2 24 -5.4144 -24 36.874 -3.126 -24 34.5856
2 24 -5.4144 -28.45 36.874 -3.126 -28.45 34.5856
2 24 -3.126 -24 34.5856 0 -24 33.748
2 24 -3.126 -28.45 34.5856 0 -28.45 33.748
2 24 0 -24 33.748 3.126 -24 34.5856
2 24 0 -28.45 33.748 3.126 -28.45 34.5856
2 24 3.126 -24 34.5856 5.4144 -24 36.874
2 24 3.126 -28.45 34.5856 5.4144 -28.45 36.874
2 24 5.4144 -24 36.874 6.252 -24 40
2 24 5.4144 -28.45 36.874 6.252 -28.45 40
2 24 5.4144 -24 43.126 6.252 -24 40
2 24 5.4144 -28.45 43.126 6.252 -28.45 40
2 24 5.4144 -28.45 43.126 3.126 -28.45 45.4144
2 24 3.5295 -28.45 42.0378 2.0377 -28.45 43.5295
2 24 3.126 -28.45 45.4144 0 -28.45 46.252
2 24 2.0377 -28.45 43.5295 0 -28.45 44.0755
2 24 0 -28.45 46.252 -3.126 -28.45 45.4144
2 24 0 -28.45 44.0755 -2.0378 -28.45 43.5295
2 24 -3.126 -28.45 45.4144 -5.4144 -28.45 43.126
2 24 -2.0378 -28.45 43.5295 -3.5295 -28.45 42.0378
2 24 -5.4144 -28.45 43.126 -6.252 -28.45 40
2 24 -3.5295 -28.45 42.0378 -4.0755 -28.45 40
2 24 -6.252 -28.45 40 -5.4144 -28.45 36.874
2 24 -4.0755 -28.45 40 -3.5295 -28.45 37.9623
2 24 -5.4144 -28.45 36.874 -3.126 -28.45 34.5856
2 24 -3.5295 -28.45 37.9623 -2.0378 -28.45 36.4705
2 24 -3.126 -28.45 34.5856 0 -28.45 33.748
2 24 -2.0378 -28.45 36.4705 0 -28.45 35.9245
2 24 0 -28.45 33.748 3.126 -28.45 34.5856
2 24 0 -28.45 35.9245 2.0377 -28.45 36.4705
2 24 3.126 -28.45 34.5856 5.4144 -28.45 36.874
2 24 2.0377 -28.45 36.4705 3.5295 -28.45 37.9623
2 24 5.4144 -28.45 36.874 6.252 -28.45 40
2 24 3.5295 -28.45 37.9623 4.0755 -28.45 40
2 24 5.4144 -28.45 43.126 6.252 -28.45 40
2 24 3.5295 -28.45 42.0378 4.0755 -28.45 40
2 24 3.5295 -28.45 42.0378 2.0377 -28.45 43.5295
2 24 3.5295 -24 42.0378 2.0377 -24 43.5295
2 24 2.0377 -28.45 43.5295 0 -28.45 44.0755
2 24 2.0377 -24 43.5295 0 -24 44.0755
2 24 0 -28.45 44.0755 -2.0378 -28.45 43.5295
2 24 0 -24 44.0755 -2.0378 -24 43.5295
2 24 -2.0378 -28.45 43.5295 -3.5295 -28.45 42.0378
2 24 -2.0378 -24 43.5295 -3.5295 -24 42.0378
2 24 -3.5295 -28.45 42.0378 -4.0755 -28.45 40
2 24 -3.5295 -24 42.0378 -4.0755 -24 40
2 24 -4.0755 -28.45 40 -3.5295 -28.45 37.9623
2 24 -4.0755 -24 40 -3.5295 -24 37.9623
2 24 -3.5295 -28.45 37.9623 -2.0378 -28.45 36.4705
2 24 -3.5295 -24 37.9623 -2.0378 -24 36.4705
2 24 -2.0378 -28.45 36.4705 0 -28.45 35.9245
2 24 -2.0378 -24 36.4705 0 -24 35.9245
2 24 0 -28.45 35.9245 2.0377 -28.45 36.4705
2 24 0 -24 35.9245 2.0377 -24 36.4705
2 24 2.0377 -28.45 36.4705 3.5295 -28.45 37.9623
2 24 2.0377 -24 36.4705 3.5295 -24 37.9623
2 24 3.5295 -28.45 37.9623 4.0755 -28.45 40
2 24 3.5295 -24 37.9623 4.0755 -24 40
2 24 3.5295 -28.45 42.0378 4.0755 -28.45 40
2 24 3.5295 -24 42.0378 4.0755 -24 40
2 24 5.4144 -24 23.126 3.126 -24 25.4144
2 24 5.4144 -28.45 23.126 3.126 -28.45 25.4144
2 24 3.126 -24 25.4144 0 -24 26.252
2 24 3.126 -28.45 25.4144 0 -28.45 26.252
2 24 0 -24 26.252 -3.126 -24 25.4144
2 24 0 -28.45 26.252 -3.126 -28.45 25.4144
2 24 -3.126 -24 25.4144 -5.4144 -24 23.126
2 24 -3.126 -28.45 25.4144 -5.4144 -28.45 23.126
2 24 -5.4144 -24 23.126 -6.252 -24 20
2 24 -5.4144 -28.45 23.126 -6.252 -28.45 20
2 24 -6.252 -24 20 -5.4144 -24 16.874
2 24 -6.252 -28.45 20 -5.4144 -28.45 16.874
2 24 -5.4144 -24 16.874 -3.126 -24 14.5856
2 24 -5.4144 -28.45 16.874 -3.126 -28.45 14.5856
2 24 -3.126 -24 14.5856 0 -24 13.748
2 24 -3.126 -28.45 14.5856 0 -28.45 13.748
2 24 0 -24 13.748 3.126 -24 14.5856
2 24 0 -28.45 13.748 3.126 -28.45 14.5856
2 24 3.126 -24 14.5856 5.4144 -24 16.874
2 24 3.126 -28.45 14.5856 5.4144 -28.45 16.874
2 24 5.4144 -24 16.874 6.252 -24 20
2 24 5.4144 -28.45 16.874 6.252 -28.45 20
2 24 5.4144 -24 23.126 6.252 -24 20
2 24 5.4144 -28.45 23.126 6.252 -28.45 20
2 24 5.4144 -28.45 23.126 3.126 -28.45 25.4144
2 24 3.5295 -28.45 22.0378 2.0377 -28.45 23.5295
2 24 3.126 -28.45 25.4144 0 -28.45 26.252
2 24 2.0377 -28.45 23.5295 0 -28.45 24.0755
2 24 0 -28.45 26.252 -3.126 -28.45 25.4144
2 24 0 -28.45 24.0755 -2.0378 -28.45 23.5295
2 24 -3.126 -28.45 25.4144 -5.4144 -28.45 23.126
2 24 -2.0378 -28.45 23.5295 -3.5295 -28.45 22.0378
2 24 -5.4144 -28.45 23.126 -6.252 -28.45 20
2 24 -3.5295 -28.45 22.0378 -4.0755 -28.45 20
2 24 -6.252 -28.45 20 -5.4144 -28.45 16.874
2 24 -4.0755 -28.45 20 -3.5295 -28.45 17.9623
2 24 -5.4144 -28.45 16.874 -3.126 -28.45 14.5856
2 24 -3.5295 -28.45 17.9623 -2.0378 -28.45 16.4705
2 24 -3.126 -28.45 14.5856 0 -28.45 13.748
2 24 -2.0378 -28.45 16.4705 0 -28.45 15.9245
2 24 0 -28.45 13.748 3.126 -28.45 14.5856
2 24 0 -28.45 15.9245 2.0377 -28.45 16.4705
2 24 3.126 -28.45 14.5856 5.4144 -28.45 16.874
2 24 2.0377 -28.45 16.4705 3.5295 -28.45 17.9623
2 24 5.4144 -28.45 16.874 6.252 -28.45 20
2 24 3.5295 -28.45 17.9623 4.0755 -28.45 20
2 24 5.4144 -28.45 23.126 6.252 -28.45 20
2 24 3.5295 -28.45 22.0378 4.0755 -28.45 20
2 24 3.5295 -28.45 22.0378 2.0377 -28.45 23.5295
2 24 3.5295 -24 22.0378 2.0377 -24 23.5295
2 24 2.0377 -28.45 23.5295 0 -28.45 24.0755
2 24 2.0377 -24 23.5295 0 -24 24.0755
2 24 0 -28.45 24.0755 -2.0378 -28.45 23.5295
2 24 0 -24 24.0755 -2.0378 -24 23.5295
2 24 -2.0378 -28.45 23.5295 -3.5295 -28.45 22.0378
2 24 -2.0378 -24 23.5295 -3.5295 -24 22.0378
2 24 -3.5295 -28.45 22.0378 -4.0755 -28.45 20
2 24 -3.5295 -24 22.0378 -4.0755 -24 20
2 24 -4.0755 -28.45 20 -3.5295 -28.45 17.9623
2 24 -4.0755 -24 20 -3.5295 -24 17.9623
2 24 -3.5295 -28.45 17.9623 -2.0378 -28.45 16.4705
2 24 -3.5295 -24 17.9623 -2.0378 -24 16.4705
2 24 -2.0378 -28.45 16.4705 0 -28.45 15.9245
2 24 -2.0378 -24 16.4705 0 -24 15.9245
2 24 0 -28.45 15.9245 2.0377 -28.45 16.4705
2 24 0 -24 15.9245 2.0377 -24 16.4705
2 24 2.0377 -28.45 16.4705 3.5295 -28.45 17.9623
2 24 2.0377 -24 16.4705 3.5295 -24 17.9623
2 24 3.5295 -28.45 17.9623 4.0755 -28.45 20
2 24 3.5295 -24 17.9623 4.0755 -24 20
2 24 3.5295 -28.45 22.0378 4.0755 -28.45 20
2 24 3.5295 -24 22.0378 4.0755 -24 20
2 24 25.4144 -24 83.126 23.126 -24 85.4144
2 24 25.4144 -28.45 83.126 23.126 -28.45 85.4144
2 24 23.126 -24 85.4144 20 -24 86.252
2 24 23.126 -28.45 85.4144 20 -28.45 86.252
2 24 20 -24 86.252 16.874 -24 85.4144
2 24 20 -28.45 86.252 16.874 -28.45 85.4144
2 24 16.874 -24 85.4144 14.5856 -24 83.126
2 24 16.874 -28.45 85.4144 14.5856 -28.45 83.126
2 24 14.5856 -24 83.126 13.748 -24 80
2 24 14.5856 -28.45 83.126 13.748 -28.45 80
2 24 13.748 -24 80 14.5856 -24 76.874
2 24 13.748 -28.45 80 14.5856 -28.45 76.874
2 24 14.5856 -24 76.874 16.874 -24 74.5856
2 24 14.5856 -28.45 76.874 16.874 -28.45 74.5856
2 24 16.874 -24 74.5856 20 -24 73.748
2 24 16.874 -28.45 74.5856 20 -28.45 73.748
2 24 20 -24 73.748 23.126 -24 74.5856
2 24 20 -28.45 73.748 23.126 -28.45 74.5856
2 24 23.126 -24 74.5856 25.4144 -24 76.874
2 24 23.126 -28.45 74.5856 25.4144 -28.45 76.874
2 24 25.4144 -24 76.874 26.252 -24 80
2 24 25.4144 -28.45 76.874 26.252 -28.45 80
2 24 25.4144 -24 83.126 26.252 -24 80
2 24 25.4144 -28.45 83.126 26.252 -28.45 80
2 24 25.4144 -28.45 83.126 23.126 -28.45 85.4144
2 24 23.5295 -28.45 82.0378 22.0377 -28.45 83.5295
2 24 23.126 -28.45 85.4144 20 -28.45 86.252
2 24 22.0377 -28.45 83.5295 20 -28.45 84.0755
2 24 20 -28.45 86.252 16.874 -28.45 85.4144
2 24 20 -28.45 84.0755 17.9623 -28.45 83.5295
2 24 16.874 -28.45 85.4144 14.5856 -28.45 83.126
2 24 17.9623 -28.45 83.5295 16.4705 -28.45 82.0378
2 24 14.5856 -28.45 83.126 13.748 -28.45 80
2 24 16.4705 -28.45 82.0378 15.9245 -28.45 80
2 24 13.748 -28.45 80 14.5856 -28.45 76.874
2 24 15.9245 -28.45 80 16.4705 -28.45 77.9622
2 24 14.5856 -28.45 76.874 16.874 -28.45 74.5856
2 24 16.4705 -28.45 77.9622 17.9623 -28.45 76.4705
2 24 16.874 -28.45 74.5856 20 -28.45 73.748
2 24 17.9623 -28.45 76.4705 20 -28.45 75.9245
2 24 20 -28.45 73.748 23.126 -28.45 74.5856
2 24 20 -28.45 75.9245 22.0377 -28.45 76.4705
2 24 23.126 -28.45 74.5856 25.4144 -28.45 76.874
2 24 22.0377 -28.45 76.4705 23.5295 -28.45 77.9622
2 24 25.4144 -28.45 76.874 26.252 -28.45 80
2 24 23.5295 -28.45 77.9622 24.0755 -28.45 80
2 24 25.4144 -28.45 83.126 26.252 -28.45 80
2 24 23.5295 -28.45 82.0378 24.0755 -28.45 80
2 24 23.5295 -28.45 82.0378 22.0377 -28.45 83.5295
2 24 23.5295 -24 82.0378 22.0377 -24 83.5295
2 24 22.0377 -28.45 83.5295 20 -28.45 84.0755
2 24 22.0377 -24 83.5295 20 -24 84.0755
2 24 20 -28.45 84.0755 17.9623 -28.45 83.5295
2 24 20 -24 84.0755 17.9623 -24 83.5295
2 24 17.9623 -28.45 83.5295 16.4705 -28.45 82.0378
2 24 17.9623 -24 83.5295 16.4705 -24 82.0378
2 24 16.4705 -28.45 82.0378 15.9245 -28.45 80
2 24 16.4705 -24 82.0378 15.9245 -24 80
2 24 15.9245 -28.45 80 16.4705 -28.45 77.9622
2 24 15.9245 -24 80 16.4705 -24 77.9622
2 24 16.4705 -28.45 77.9622 17.9623 -28.45 76.4705
2 24 16.4705 -24 77.9622 17.9623 -24 76.4705
2 24 17.9623 -28.45 76.4705 20 -28.45 75.9245
2 24 17.9623 -24 76.4705 20 -24 75.9245
2 24 20 -28.45 75.9245 22.0377 -28.45 76.4705
2 24 20 -24 75.9245 22.0377 -24 76.4705
2 24 22.0377 -28.45 76.4705 23.5295 -28.45 77.9622
2 24 22.0377 -24 76.4705 23.5295 -24 77.9622
2 24 23.5295 -28.45 77.9622 24.0755 -28.45 80
2 24 23.5295 -24 77.9622 24.0755 -24 80
2 24 23.5295 -28.45 82.0378 24.0755 -28.45 80
2 24 23.5295 -24 82.0378 24.0755 -24 80
0 STEP
