0 Vehicle, Steering Wheel Small, 3 Studs Diameter
0 Name: bl_7610.dat
0 Author: 
0 BL_Item_No 7610
0 BFC CERTIFY CCW
3 16 2.1783 -3.3716 -17.2431 -2.1783 -3.3716 -17.2431 2.0688 -5.0003 -16.3759
3 16 2.0688 -5.0003 -16.3759 -2.1783 -3.3716 -17.2431 -2.0688 -5.0003 -16.3759
3 16 2.1783 -3.3716 -17.2431 2.3325 -2.5045 -18.4634 -2.1783 -3.3716 -17.2431
3 16 -2.1783 -3.3716 -17.2431 2.3325 -2.5045 -18.4634 -2.3325 -2.5045 -18.4634
3 16 2.3325 -2.5045 -18.4634 2.5223 -2.2 -19.9663 -2.3325 -2.5045 -18.4634
3 16 -2.3325 -2.5045 -18.4634 2.5223 -2.2 -19.9663 -2.5223 -2.2 -19.9663
3 16 2.1783 -3.3716 -17.2431 6.3981 -3.3716 -16.1597 2.3325 -2.5045 -18.4634
3 16 2.3325 -2.5045 -18.4634 6.3981 -3.3716 -16.1597 6.8508 -2.5045 -17.3033
3 16 2.3325 -2.5045 -18.4634 6.8508 -2.5045 -17.3033 2.5223 -2.2 -19.9663
3 16 2.5223 -2.2 -19.9663 6.8508 -2.5045 -17.3033 7.4085 -2.2 -18.7118
3 16 2.5223 -2.2 -19.9663 2.7133 -2.5045 -21.4776 -2.5223 -2.2 -19.9663
3 16 -2.5223 -2.2 -19.9663 2.7133 -2.5045 -21.4776 -2.7133 -2.5045 -21.4776
3 16 2.096 -8 -16.5916 2.1783 -9.0284 -17.2431 5.6997 -8 -15.7135
3 16 5.6997 -8 -15.7135 2.1783 -9.0284 -17.2431 6.3981 -9.0284 -16.1597
3 16 2.5223 -2.2 -19.9663 7.4085 -2.2 -18.7118 2.7133 -2.5045 -21.4776
3 16 2.7133 -2.5045 -21.4776 7.4085 -2.2 -18.7118 7.9693 -2.5045 -20.1281
3 16 2.7133 -2.5045 -21.4776 2.8713 -3.3716 -22.7284 -2.7133 -2.5045 -21.4776
3 16 -2.7133 -2.5045 -21.4776 2.8713 -3.3716 -22.7284 -2.8713 -3.3716 -22.7284
3 16 2.3325 -9.8955 -18.4634 2.1783 -9.0284 -17.2431 -2.3325 -9.8955 -18.4634
3 16 -2.3325 -9.8955 -18.4634 2.1783 -9.0284 -17.2431 -2.1783 -9.0284 -17.2431
3 16 2.7133 -2.5045 -21.4776 7.9693 -2.5045 -20.1281 2.8713 -3.3716 -22.7284
3 16 2.8713 -3.3716 -22.7284 7.9693 -2.5045 -20.1281 8.4334 -3.3716 -21.3003
3 16 2.8713 -3.3716 -22.7284 2.9735 -4.6693 -23.5377 -2.8713 -3.3716 -22.7284
3 16 -2.8713 -3.3716 -22.7284 2.9735 -4.6693 -23.5377 -2.9735 -4.6693 -23.5377
3 16 6.8508 -9.8955 -17.3033 6.3981 -9.0284 -16.1597 2.3325 -9.8955 -18.4634
3 16 2.3325 -9.8955 -18.4634 6.3981 -9.0284 -16.1597 2.1783 -9.0284 -17.2431
3 16 2.5223 -10.2 -19.9663 2.3325 -9.8955 -18.4634 -2.5223 -10.2 -19.9663
3 16 -2.5223 -10.2 -19.9663 2.3325 -9.8955 -18.4634 -2.3325 -9.8955 -18.4634
3 16 2.9735 -4.6693 -23.5377 3.0085 -6.2 -23.8151 -2.9735 -4.6693 -23.5377
3 16 -2.9735 -4.6693 -23.5377 3.0085 -6.2 -23.8151 -3.0085 -6.2 -23.8151
3 16 2.8713 -3.3716 -22.7284 8.4334 -3.3716 -21.3003 2.9735 -4.6693 -23.5377
3 16 2.9735 -4.6693 -23.5377 8.4334 -3.3716 -21.3003 8.7337 -4.6693 -22.0587
3 16 7.4085 -10.2 -18.7118 6.8508 -9.8955 -17.3033 2.5223 -10.2 -19.9663
3 16 2.5223 -10.2 -19.9663 6.8508 -9.8955 -17.3033 2.3325 -9.8955 -18.4634
3 16 2.7133 -9.8955 -21.4777 2.5223 -10.2 -19.9663 -2.7133 -9.8955 -21.4776
3 16 -2.7133 -9.8955 -21.4776 2.5223 -10.2 -19.9663 -2.5223 -10.2 -19.9663
3 16 3.0085 -6.2 -23.8151 2.9735 -7.7307 -23.5377 -3.0085 -6.2 -23.8151
3 16 -3.0085 -6.2 -23.8151 2.9735 -7.7307 -23.5377 -2.9735 -7.7307 -23.5377
3 16 2.8713 -9.0284 -22.7284 2.7133 -9.8955 -21.4777 -2.8713 -9.0284 -22.7284
3 16 -2.8713 -9.0284 -22.7284 2.7133 -9.8955 -21.4777 -2.7133 -9.8955 -21.4776
3 16 2.9735 -7.7307 -23.5377 2.8713 -9.0284 -22.7284 -2.9735 -7.7307 -23.5377
3 16 -2.9735 -7.7307 -23.5377 2.8713 -9.0284 -22.7284 -2.8713 -9.0284 -22.7284
3 16 2.9735 -4.6693 -23.5377 8.7337 -4.6693 -22.0587 3.0085 -6.2 -23.8151
3 16 3.0085 -6.2 -23.8151 8.7337 -4.6693 -22.0587 8.8366 -6.2 -22.3187
3 16 7.9693 -9.8955 -20.1281 7.4085 -10.2 -18.7118 2.7133 -9.8955 -21.4777
3 16 2.7133 -9.8955 -21.4777 7.4085 -10.2 -18.7118 2.5223 -10.2 -19.9663
3 16 3.0085 -6.2 -23.8151 8.8366 -6.2 -22.3187 2.9735 -7.7307 -23.5377
3 16 2.9735 -7.7307 -23.5377 8.8366 -6.2 -22.3187 8.7337 -7.7307 -22.0587
3 16 2.8713 -9.0284 -22.7284 8.4334 -9.0284 -21.3003 2.7133 -9.8955 -21.4777
3 16 2.7133 -9.8955 -21.4777 8.4334 -9.0284 -21.3003 7.9693 -9.8955 -20.1281
3 16 2.9735 -7.7307 -23.5377 8.7337 -7.7307 -22.0587 2.8713 -9.0284 -22.7284
3 16 2.8713 -9.0284 -22.7284 8.7337 -7.7307 -22.0587 8.4334 -9.0284 -21.3003
3 16 -6.3981 -3.3716 -16.1597 -2.1783 -3.3716 -17.2431 -6.8508 -2.5045 -17.3033
3 16 -6.8508 -2.5045 -17.3033 -2.1783 -3.3716 -17.2431 -2.3325 -2.5045 -18.4634
3 16 -6.8508 -2.5045 -17.3033 -2.3325 -2.5045 -18.4634 -7.4085 -2.2 -18.7118
3 16 -7.4085 -2.2 -18.7118 -2.3325 -2.5045 -18.4634 -2.5223 -2.2 -19.9663
3 16 -7.4085 -2.2 -18.7118 -2.5223 -2.2 -19.9663 -7.9693 -2.5045 -20.1281
3 16 -7.9693 -2.5045 -20.1281 -2.5223 -2.2 -19.9663 -2.7133 -2.5045 -21.4776
3 16 -7.9693 -2.5045 -20.1281 -2.7133 -2.5045 -21.4776 -8.4334 -3.3716 -21.3003
3 16 -8.4334 -3.3716 -21.3003 -2.7133 -2.5045 -21.4776 -2.8713 -3.3716 -22.7284
3 16 -2.3325 -9.8955 -18.4634 -2.1783 -9.0284 -17.2431 -6.8508 -9.8955 -17.3033
3 16 -6.8508 -9.8955 -17.3033 -2.1783 -9.0284 -17.2431 -6.3981 -9.0284 -16.1597
3 16 -8.4334 -3.3716 -21.3003 -2.8713 -3.3716 -22.7284 -8.7337 -4.6693 -22.0587
3 16 -8.7337 -4.6693 -22.0587 -2.8713 -3.3716 -22.7284 -2.9735 -4.6693 -23.5377
3 16 -2.5223 -10.2 -19.9663 -2.3325 -9.8955 -18.4634 -7.4085 -10.2 -18.7118
3 16 -7.4085 -10.2 -18.7118 -2.3325 -9.8955 -18.4634 -6.8508 -9.8955 -17.3033
3 16 -8.7337 -4.6693 -22.0587 -2.9735 -4.6693 -23.5377 -8.8366 -6.2 -22.3187
3 16 -8.8366 -6.2 -22.3187 -2.9735 -4.6693 -23.5377 -3.0085 -6.2 -23.8151
3 16 -2.7133 -9.8955 -21.4776 -2.5223 -10.2 -19.9663 -7.9693 -9.8955 -20.1281
3 16 -7.9693 -9.8955 -20.1281 -2.5223 -10.2 -19.9663 -7.4085 -10.2 -18.7118
3 16 -8.8366 -6.2 -22.3187 -3.0085 -6.2 -23.8151 -8.7337 -7.7307 -22.0587
3 16 -8.7337 -7.7307 -22.0587 -3.0085 -6.2 -23.8151 -2.9735 -7.7307 -23.5377
3 16 -2.8713 -9.0284 -22.7284 -2.7133 -9.8955 -21.4776 -8.4334 -9.0284 -21.3003
3 16 -8.4334 -9.0284 -21.3003 -2.7133 -9.8955 -21.4776 -7.9693 -9.8955 -20.1281
3 16 -2.9735 -7.7307 -23.5377 -2.8713 -9.0284 -22.7284 -8.7337 -7.7307 -22.0587
3 16 -8.7337 -7.7307 -22.0587 -2.8713 -9.0284 -22.7284 -8.4334 -9.0284 -21.3003
3 16 -2.1783 -9.0284 -17.2431 2.1783 -9.0284 -17.2431 -2.096 -8 -16.5916
3 16 -2.096 -8 -16.5916 2.1783 -9.0284 -17.2431 2.096 -8 -16.5916
3 16 -6.3981 -9.0284 -16.1597 -2.1783 -9.0284 -17.2431 -5.6997 -8 -15.7135
3 16 -5.6997 -8 -15.7135 -2.1783 -9.0284 -17.2431 -2.096 -8 -16.5916
3 16 17.0723 -3.3716 -3.2567 15.726 -3.3716 -7.4001 16.2136 -5.0003 -3.0929
3 16 16.2136 -5.0003 -3.0929 15.726 -3.3716 -7.4001 14.9351 -5.0003 -7.0279
3 16 17.0723 -3.3716 -3.2567 18.2805 -2.5045 -3.4872 15.726 -3.3716 -7.4001
3 16 15.726 -3.3716 -7.4001 18.2805 -2.5045 -3.4872 16.839 -2.5045 -7.9238
3 16 16.5295 -3.3716 5.3708 17.3458 -3.3716 1.0913 15.7824 -4.6693 5.128
3 16 15.7824 -4.6693 5.128 17.3458 -3.3716 1.0913 16.4888 -5.0086 0.4781
3 16 18.2805 -2.5045 -3.4872 19.7685 -2.2 -3.771 16.839 -2.5045 -7.9238
3 16 16.839 -2.5045 -7.9238 19.7685 -2.2 -3.771 18.2096 -2.2 -8.5688
3 16 17.0723 -3.3716 -3.2567 17.3458 -3.3716 1.0913 18.2805 -2.5045 -3.4872
3 16 18.2805 -2.5045 -3.4872 17.3458 -3.3716 1.0913 18.5734 -2.5045 1.1685
3 16 18.5734 -2.5045 1.1685 17.3458 -3.3716 1.0913 17.6993 -2.5045 5.7508
3 16 17.6993 -2.5045 5.7508 17.3458 -3.3716 1.0913 16.5295 -3.3716 5.3708
3 16 18.2805 -2.5045 -3.4872 18.5734 -2.5045 1.1685 19.7685 -2.2 -3.771
3 16 19.7685 -2.2 -3.771 18.5734 -2.5045 1.1685 20.0853 -2.2 1.2637
3 16 20.0853 -2.2 1.2637 18.5734 -2.5045 1.1685 19.14 -2.2 6.219
3 16 19.14 -2.2 6.219 18.5734 -2.5045 1.1685 17.6993 -2.5045 5.7508
3 16 19.7685 -2.2 -3.771 21.2649 -2.5045 -4.0565 18.2096 -2.2 -8.5688
3 16 18.2096 -2.2 -8.5688 21.2649 -2.5045 -4.0565 19.588 -2.5045 -9.2174
3 16 15.7824 -7.7307 5.128 15.5275 -6.2 5.0452 16.4769 -7.3751 0.4906
3 16 16.4769 -7.3751 0.4906 15.5275 -6.2 5.0452 16.3128 -6.2 0.4373
3 16 16.4272 -8 -3.1337 17.0723 -9.0284 -3.2567 16.7057 -8 0.565
3 16 16.7057 -8 0.565 17.0723 -9.0284 -3.2567 17.3458 -9.0284 1.0913
3 16 19.7685 -2.2 -3.771 20.0853 -2.2 1.2637 21.2649 -2.5045 -4.0565
3 16 21.2649 -2.5045 -4.0565 20.0853 -2.2 1.2637 21.6056 -2.5045 1.3593
3 16 21.6056 -2.5045 1.3593 20.0853 -2.2 1.2637 20.5888 -2.5045 6.6897
3 16 20.5888 -2.5045 6.6897 20.0853 -2.2 1.2637 19.14 -2.2 6.219
3 16 21.2649 -2.5045 -4.0565 22.5033 -3.3716 -4.2927 19.588 -2.5045 -9.2174
3 16 19.588 -2.5045 -9.2174 22.5033 -3.3716 -4.2927 20.7288 -3.3716 -9.7542
3 16 18.2805 -9.8955 -3.4872 17.0723 -9.0284 -3.2567 16.839 -9.8955 -7.9238
3 16 16.839 -9.8955 -7.9238 17.0723 -9.0284 -3.2567 15.726 -9.0284 -7.4001
3 16 21.2649 -2.5045 -4.0565 21.6056 -2.5045 1.3593 22.5033 -3.3716 -4.2927
3 16 22.5033 -3.3716 -4.2927 21.6056 -2.5045 1.3593 22.8639 -3.3716 1.4385
3 16 22.8639 -3.3716 1.4385 21.6056 -2.5045 1.3593 21.7878 -3.3716 7.0793
3 16 21.7878 -3.3716 7.0793 21.6056 -2.5045 1.3593 20.5888 -2.5045 6.6897
3 16 22.5033 -3.3716 -4.2927 23.3045 -4.6693 -4.4456 20.7288 -3.3716 -9.7542
3 16 20.7288 -3.3716 -9.7542 23.3045 -4.6693 -4.4456 21.4668 -4.6693 -10.1015
3 16 18.5734 -9.8955 1.1685 17.3458 -9.0284 1.0913 18.2805 -9.8955 -3.4872
3 16 18.2805 -9.8955 -3.4872 17.3458 -9.0284 1.0913 17.0723 -9.0284 -3.2567
3 16 16.5295 -9.0284 5.3708 17.3458 -9.0284 1.0913 17.6993 -9.8955 5.7508
3 16 17.6993 -9.8955 5.7508 17.3458 -9.0284 1.0913 18.5734 -9.8955 1.1685
3 16 19.7685 -10.2 -3.771 18.2805 -9.8955 -3.4872 18.2096 -10.2 -8.5688
3 16 18.2096 -10.2 -8.5688 18.2805 -9.8955 -3.4872 16.839 -9.8955 -7.9238
3 16 23.3045 -4.6693 -4.4456 23.5792 -6.2 -4.498 21.4668 -4.6693 -10.1015
3 16 21.4668 -4.6693 -10.1015 23.5792 -6.2 -4.498 21.7198 -6.2 -10.2206
3 16 22.5033 -3.3716 -4.2927 22.8639 -3.3716 1.4385 23.3045 -4.6693 -4.4456
3 16 23.3045 -4.6693 -4.4456 22.8639 -3.3716 1.4385 23.678 -4.6693 1.4897
3 16 23.678 -4.6693 1.4897 22.8639 -3.3716 1.4385 22.5636 -4.6693 7.3314
3 16 22.5636 -4.6693 7.3314 22.8639 -3.3716 1.4385 21.7878 -3.3716 7.0793
3 16 20.0853 -10.2 1.2637 18.5734 -9.8955 1.1685 19.7685 -10.2 -3.771
3 16 19.7685 -10.2 -3.771 18.5734 -9.8955 1.1685 18.2805 -9.8955 -3.4872
3 16 21.2649 -9.8955 -4.0565 19.7685 -10.2 -3.771 19.588 -9.8955 -9.2174
3 16 19.588 -9.8955 -9.2174 19.7685 -10.2 -3.771 18.2096 -10.2 -8.5688
3 16 17.6993 -9.8955 5.7508 18.5734 -9.8955 1.1685 19.14 -10.2 6.219
3 16 19.14 -10.2 6.219 18.5734 -9.8955 1.1685 20.0853 -10.2 1.2637
3 16 23.5792 -6.2 -4.498 23.3045 -7.7307 -4.4456 21.7198 -6.2 -10.2206
3 16 21.7198 -6.2 -10.2206 23.3045 -7.7307 -4.4456 21.4668 -7.7307 -10.1015
3 16 22.5033 -9.0284 -4.2927 21.2649 -9.8955 -4.0565 20.7288 -9.0284 -9.7542
3 16 20.7288 -9.0284 -9.7542 21.2649 -9.8955 -4.0565 19.588 -9.8955 -9.2174
3 16 23.3045 -7.7307 -4.4456 22.5033 -9.0284 -4.2927 21.4668 -7.7307 -10.1015
3 16 21.4668 -7.7307 -10.1015 22.5033 -9.0284 -4.2927 20.7288 -9.0284 -9.7542
3 16 23.3045 -4.6693 -4.4456 23.678 -4.6693 1.4897 23.5792 -6.2 -4.498
3 16 23.5792 -6.2 -4.498 23.678 -4.6693 1.4897 23.957 -6.2 1.5072
3 16 23.957 -6.2 1.5072 23.678 -4.6693 1.4897 22.8295 -6.2 7.4178
3 16 22.8295 -6.2 7.4178 23.678 -4.6693 1.4897 22.5636 -4.6693 7.3314
3 16 21.6056 -9.8955 1.3593 20.0853 -10.2 1.2637 21.2649 -9.8955 -4.0565
3 16 21.2649 -9.8955 -4.0565 20.0853 -10.2 1.2637 19.7685 -10.2 -3.771
3 16 19.14 -10.2 6.219 20.0853 -10.2 1.2637 20.5888 -9.8955 6.6897
3 16 20.5888 -9.8955 6.6897 20.0853 -10.2 1.2637 21.6056 -9.8955 1.3593
3 16 23.5792 -6.2 -4.498 23.957 -6.2 1.5072 23.3045 -7.7307 -4.4456
3 16 23.3045 -7.7307 -4.4456 23.957 -6.2 1.5072 23.678 -7.7307 1.4897
3 16 22.5033 -9.0284 -4.2927 22.8639 -9.0284 1.4385 21.2649 -9.8955 -4.0565
3 16 21.2649 -9.8955 -4.0565 22.8639 -9.0284 1.4385 21.6056 -9.8955 1.3593
3 16 23.678 -7.7307 1.4897 23.957 -6.2 1.5072 22.5636 -7.7307 7.3314
3 16 22.5636 -7.7307 7.3314 23.957 -6.2 1.5072 22.8295 -6.2 7.4178
3 16 23.3045 -7.7307 -4.4456 23.678 -7.7307 1.4897 22.5033 -9.0284 -4.2927
3 16 22.5033 -9.0284 -4.2927 23.678 -7.7307 1.4897 22.8639 -9.0284 1.4385
3 16 20.5888 -9.8955 6.6897 21.6056 -9.8955 1.3593 21.7878 -9.0284 7.0793
3 16 21.7878 -9.0284 7.0793 21.6056 -9.8955 1.3593 22.8639 -9.0284 1.4385
3 16 21.7878 -9.0284 7.0793 22.8639 -9.0284 1.4385 22.5636 -7.7307 7.3314
3 16 22.5636 -7.7307 7.3314 22.8639 -9.0284 1.4385 23.678 -7.7307 1.4897
3 16 11.6006 -8 -1.0937 11.6006 -5 -1.0937 10.3442 -8 -0.8838
3 16 10.3442 -8 -0.8838 11.6006 -5 -1.0937 10.3442 -5 -0.8838
3 16 13.3916 -3.3716 -11.0785 13.0587 -5.0086 -10.0786 15.726 -3.3716 -7.4001
3 16 15.726 -3.3716 -7.4001 13.0587 -5.0086 -10.0786 14.9351 -5.0003 -7.0279
3 16 13.3916 -3.3716 -11.0785 15.726 -3.3716 -7.4001 14.3394 -2.5045 -11.8626
3 16 14.3394 -2.5045 -11.8626 15.726 -3.3716 -7.4001 16.839 -2.5045 -7.9238
3 16 14.3394 -2.5045 -11.8626 16.839 -2.5045 -7.9238 15.5066 -2.2 -12.8282
3 16 15.5066 -2.2 -12.8282 16.839 -2.5045 -7.9238 18.2096 -2.2 -8.5688
3 16 15.5066 -2.2 -12.8282 18.2096 -2.2 -8.5688 16.6803 -2.5045 -13.7992
3 16 16.6803 -2.5045 -13.7992 18.2096 -2.2 -8.5688 19.588 -2.5045 -9.2174
3 16 16.6803 -2.5045 -13.7992 19.588 -2.5045 -9.2174 17.6517 -3.3716 -14.6028
3 16 17.6517 -3.3716 -14.6028 19.588 -2.5045 -9.2174 20.7288 -3.3716 -9.7542
3 16 16.839 -9.8955 -7.9238 15.726 -9.0284 -7.4001 14.3394 -9.8955 -11.8626
3 16 14.3394 -9.8955 -11.8626 15.726 -9.0284 -7.4001 13.3916 -9.0284 -11.0785
3 16 17.6517 -3.3716 -14.6028 20.7288 -3.3716 -9.7542 18.2803 -4.6693 -15.1227
3 16 18.2803 -4.6693 -15.1227 20.7288 -3.3716 -9.7542 21.4668 -4.6693 -10.1015
3 16 18.2096 -10.2 -8.5688 16.839 -9.8955 -7.9238 15.5066 -10.2 -12.8282
3 16 15.5066 -10.2 -12.8282 16.839 -9.8955 -7.9238 14.3394 -9.8955 -11.8626
3 16 18.2803 -4.6693 -15.1227 21.4668 -4.6693 -10.1015 18.4957 -6.2 -15.301
3 16 18.4957 -6.2 -15.301 21.4668 -4.6693 -10.1015 21.7198 -6.2 -10.2206
3 16 19.588 -9.8955 -9.2174 18.2096 -10.2 -8.5688 16.6803 -9.8955 -13.7992
3 16 16.6803 -9.8955 -13.7992 18.2096 -10.2 -8.5688 15.5066 -10.2 -12.8282
3 16 18.4957 -6.2 -15.301 21.7198 -6.2 -10.2206 18.2803 -7.7307 -15.1228
3 16 18.2803 -7.7307 -15.1228 21.7198 -6.2 -10.2206 21.4668 -7.7307 -10.1015
3 16 20.7288 -9.0284 -9.7542 19.588 -9.8955 -9.2174 17.6517 -9.0284 -14.6028
3 16 17.6517 -9.0284 -14.6028 19.588 -9.8955 -9.2174 16.6803 -9.8955 -13.7992
3 16 21.4668 -7.7307 -10.1015 20.7288 -9.0284 -9.7542 18.2803 -7.7307 -15.1228
3 16 18.2803 -7.7307 -15.1228 20.7288 -9.0284 -9.7542 17.6517 -9.0284 -14.6028
3 16 16.4272 -8 -3.1337 16.7057 -8 0.565 11.6006 -8 -1.0937
3 16 15.7824 -4.6693 5.128 16.4888 -5.0086 0.4781 15.5275 -6.2 5.0452
3 16 15.5275 -6.2 5.0452 16.4888 -5.0086 0.4781 16.3128 -6.2 0.4373
3 16 14.9351 -5.0003 -7.0279 13.0587 -5.0086 -10.0786 10.028 -5 -5.9338
3 16 15.726 -9.0284 -7.4001 17.0723 -9.0284 -3.2567 15.1318 -8 -7.1205
3 16 15.1318 -8 -7.1205 17.0723 -9.0284 -3.2567 16.4272 -8 -3.1337
3 16 16.7057 -8 0.565 16.4769 -7.3751 0.4906 11.6006 -8 -1.0937
3 16 16.7057 -8 0.565 17.3458 -9.0284 1.0913 15.7824 -7.7307 5.128
3 16 15.7824 -7.7307 5.128 17.3458 -9.0284 1.0913 16.5295 -9.0284 5.3708
3 16 11.6006 -5 -1.0937 16.4888 -5.0086 0.4781 16.2136 -5.0003 -3.0929
3 16 13.3916 -9.0284 -11.0785 15.726 -9.0284 -7.4001 13.1831 -8 -10.2765
3 16 13.1831 -8 -10.2765 15.726 -9.0284 -7.4001 15.1318 -8 -7.1205
3 16 10.028 -8 -5.9338 13.1831 -8 -10.2765 15.1318 -8 -7.1205
3 16 13.1831 -8 -10.2765 9.7541 -7.7307 -13.4253 13.3916 -9.0284 -11.0785
3 16 13.3916 -9.0284 -11.0785 9.7541 -7.7307 -13.4253 10.2158 -9.0284 -14.0608
3 16 12.9403 -6.2 -9.9422 9.5965 -6.2 -13.2085 13.0417 -7.3751 -10.0818
3 16 13.0417 -7.3751 -10.0818 9.5965 -6.2 -13.2085 9.7541 -7.7307 -13.4253
3 16 13.0587 -5.0086 -10.0786 12.9403 -6.2 -9.9422 10.028 -5 -5.9338
3 16 8.3729 -3.3716 15.2303 11.8975 -3.3716 12.6696 7.9518 -5.0003 14.4643
3 16 7.9518 -5.0003 14.4643 11.8975 -3.3716 12.6696 11.2991 -5.0003 12.0324
3 16 8.3729 -3.3716 15.2303 8.9655 -2.5045 16.3082 11.8975 -3.3716 12.6696
3 16 11.8975 -3.3716 12.6696 8.9655 -2.5045 16.3082 12.7395 -2.5045 13.5662
3 16 8.9655 -2.5045 16.3082 9.6953 -2.2 17.6357 12.7395 -2.5045 13.5662
3 16 12.7395 -2.5045 13.5662 9.6953 -2.2 17.6357 13.7765 -2.2 14.6705
3 16 8.3729 -3.3716 15.2303 4.3223 -3.3716 16.8341 8.9655 -2.5045 16.3082
3 16 8.9655 -2.5045 16.3082 4.3223 -3.3716 16.8341 4.6281 -2.5045 18.0255
3 16 8.9655 -2.5045 16.3082 4.6281 -2.5045 18.0255 9.6953 -2.2 17.6357
3 16 9.6953 -2.2 17.6357 4.6281 -2.5045 18.0255 5.0049 -2.2 19.4927
3 16 9.6953 -2.2 17.6357 10.4292 -2.5045 18.9706 13.7765 -2.2 14.6705
3 16 13.7765 -2.2 14.6705 10.4292 -2.5045 18.9706 14.8193 -2.5045 15.781
3 16 8.0566 -8 14.6549 8.3729 -9.0284 15.2303 4.625 -8 16.0627
3 16 4.625 -8 16.0627 8.3729 -9.0284 15.2303 4.3223 -9.0284 16.8341
3 16 9.6953 -2.2 17.6357 5.0049 -2.2 19.4927 10.4292 -2.5045 18.9706
3 16 10.4292 -2.5045 18.9706 5.0049 -2.2 19.4927 5.3837 -2.5045 20.9682
3 16 10.4292 -2.5045 18.9706 11.0365 -3.3716 20.0754 14.8193 -2.5045 15.781
3 16 14.8193 -2.5045 15.781 11.0365 -3.3716 20.0754 15.6823 -3.3716 16.7
3 16 8.9655 -9.8955 16.3082 8.3729 -9.0284 15.2303 12.7395 -9.8955 13.5662
3 16 12.7395 -9.8955 13.5662 8.3729 -9.0284 15.2303 11.8975 -9.0284 12.6696
3 16 10.4292 -2.5045 18.9706 5.3837 -2.5045 20.9682 11.0365 -3.3716 20.0754
3 16 11.0365 -3.3716 20.0754 5.3837 -2.5045 20.9682 5.6973 -3.3716 22.1893
3 16 11.0365 -3.3716 20.0754 11.4295 -4.6693 20.7902 15.6823 -3.3716 16.7
3 16 15.6823 -3.3716 16.7 11.4295 -4.6693 20.7902 16.2407 -4.6693 17.2946
3 16 4.6281 -9.8955 18.0255 4.3223 -9.0284 16.8341 8.9655 -9.8955 16.3082
3 16 8.9655 -9.8955 16.3082 4.3223 -9.0284 16.8341 8.3729 -9.0284 15.2303
3 16 9.6953 -10.2 17.6357 8.9655 -9.8955 16.3082 13.7765 -10.2 14.6705
3 16 13.7765 -10.2 14.6705 8.9655 -9.8955 16.3082 12.7395 -9.8955 13.5662
3 16 11.4295 -4.6693 20.7902 11.5642 -6.2 21.0352 16.2407 -4.6693 17.2946
3 16 16.2407 -4.6693 17.2946 11.5642 -6.2 21.0352 16.4321 -6.2 17.4984
3 16 11.0365 -3.3716 20.0754 5.6973 -3.3716 22.1893 11.4295 -4.6693 20.7902
3 16 11.4295 -4.6693 20.7902 5.6973 -3.3716 22.1893 5.9001 -4.6693 22.9794
3 16 5.0049 -10.2 19.4927 4.6281 -9.8955 18.0255 9.6953 -10.2 17.6357
3 16 9.6953 -10.2 17.6357 4.6281 -9.8955 18.0255 8.9655 -9.8955 16.3082
3 16 10.4292 -9.8955 18.9706 9.6953 -10.2 17.6357 14.8193 -9.8955 15.781
3 16 14.8193 -9.8955 15.781 9.6953 -10.2 17.6357 13.7765 -10.2 14.6705
3 16 11.5642 -6.2 21.0352 11.4295 -7.7307 20.7902 16.4321 -6.2 17.4984
3 16 16.4321 -6.2 17.4984 11.4295 -7.7307 20.7902 16.2407 -7.7307 17.2946
3 16 11.0365 -9.0284 20.0754 10.4292 -9.8955 18.9706 15.6823 -9.0284 16.7
3 16 15.6823 -9.0284 16.7 10.4292 -9.8955 18.9706 14.8193 -9.8955 15.781
3 16 11.4295 -7.7307 20.7902 11.0365 -9.0284 20.0754 16.2407 -7.7307 17.2946
3 16 16.2407 -7.7307 17.2946 11.0365 -9.0284 20.0754 15.6823 -9.0284 16.7
3 16 11.4295 -4.6693 20.7902 5.9001 -4.6693 22.9794 11.5642 -6.2 21.0352
3 16 11.5642 -6.2 21.0352 5.9001 -4.6693 22.9794 5.9696 -6.2 23.2502
3 16 5.3837 -9.8955 20.9682 5.0049 -10.2 19.4927 10.4292 -9.8955 18.9706
3 16 10.4292 -9.8955 18.9706 5.0049 -10.2 19.4927 9.6953 -10.2 17.6357
3 16 11.5642 -6.2 21.0352 5.9696 -6.2 23.2502 11.4295 -7.7307 20.7902
3 16 11.4295 -7.7307 20.7902 5.9696 -6.2 23.2502 5.9001 -7.7307 22.9794
3 16 11.0365 -9.0284 20.0754 5.6973 -9.0284 22.1893 10.4292 -9.8955 18.9706
3 16 10.4292 -9.8955 18.9706 5.6973 -9.0284 22.1893 5.3837 -9.8955 20.9682
3 16 11.4295 -7.7307 20.7902 5.9001 -7.7307 22.9794 11.0365 -9.0284 20.0754
3 16 11.0365 -9.0284 20.0754 5.9001 -7.7307 22.9794 5.6973 -9.0284 22.1893
3 16 14.6745 -3.3716 9.3127 13.6207 -5.0086 9.3051 11.8975 -3.3716 12.6696
3 16 11.8975 -3.3716 12.6696 13.6207 -5.0086 9.3051 11.2991 -5.0003 12.0324
3 16 14.6745 -3.3716 9.3127 11.8975 -3.3716 12.6696 15.7131 -2.5045 9.9718
3 16 15.7131 -2.5045 9.9718 11.8975 -3.3716 12.6696 12.7395 -2.5045 13.5662
3 16 17.6993 -2.5045 5.7508 16.5295 -3.3716 5.3708 15.7131 -2.5045 9.9718
3 16 15.7131 -2.5045 9.9718 16.5295 -3.3716 5.3708 14.6745 -3.3716 9.3127
3 16 15.7131 -2.5045 9.9718 12.7395 -2.5045 13.5662 16.9921 -2.2 10.7835
3 16 16.9921 -2.2 10.7835 12.7395 -2.5045 13.5662 13.7765 -2.2 14.6705
3 16 15.7824 -4.6693 5.128 15.5275 -6.2 5.0452 13.6207 -5.0086 9.3051
3 16 13.6207 -5.0086 9.3051 15.5275 -6.2 5.0452 13.4544 -6.2 9.2346
3 16 19.14 -2.2 6.219 17.6993 -2.5045 5.7508 16.9921 -2.2 10.7835
3 16 16.9921 -2.2 10.7835 17.6993 -2.5045 5.7508 15.7131 -2.5045 9.9718
3 16 16.9921 -2.2 10.7835 13.7765 -2.2 14.6705 18.2783 -2.5045 11.5998
3 16 18.2783 -2.5045 11.5998 13.7765 -2.2 14.6705 14.8193 -2.5045 15.781
3 16 20.5888 -2.5045 6.6897 19.14 -2.2 6.219 18.2783 -2.5045 11.5998
3 16 18.2783 -2.5045 11.5998 19.14 -2.2 6.219 16.9921 -2.2 10.7835
3 16 18.2783 -2.5045 11.5998 14.8193 -2.5045 15.781 19.3428 -3.3716 12.2753
3 16 19.3428 -3.3716 12.2753 14.8193 -2.5045 15.781 15.6823 -3.3716 16.7
3 16 12.7395 -9.8955 13.5662 11.8975 -9.0284 12.6696 15.7131 -9.8955 9.9718
3 16 15.7131 -9.8955 9.9718 11.8975 -9.0284 12.6696 14.6745 -9.0284 9.3127
3 16 21.7878 -3.3716 7.0793 20.5888 -2.5045 6.6897 19.3428 -3.3716 12.2753
3 16 19.3428 -3.3716 12.2753 20.5888 -2.5045 6.6897 18.2783 -2.5045 11.5998
3 16 16.5295 -9.0284 5.3708 17.6993 -9.8955 5.7508 14.6745 -9.0284 9.3127
3 16 14.6745 -9.0284 9.3127 17.6993 -9.8955 5.7508 15.7131 -9.8955 9.9718
3 16 19.3428 -3.3716 12.2753 15.6823 -3.3716 16.7 20.0315 -4.6693 12.7124
3 16 20.0315 -4.6693 12.7124 15.6823 -3.3716 16.7 16.2407 -4.6693 17.2946
3 16 13.7765 -10.2 14.6705 12.7395 -9.8955 13.5662 16.9921 -10.2 10.7835
3 16 16.9921 -10.2 10.7835 12.7395 -9.8955 13.5662 15.7131 -9.8955 9.9718
3 16 22.5636 -4.6693 7.3314 21.7878 -3.3716 7.0793 20.0315 -4.6693 12.7124
3 16 20.0315 -4.6693 12.7124 21.7878 -3.3716 7.0793 19.3428 -3.3716 12.2753
3 16 15.7131 -9.8955 9.9718 17.6993 -9.8955 5.7508 16.9921 -10.2 10.7835
3 16 16.9921 -10.2 10.7835 17.6993 -9.8955 5.7508 19.14 -10.2 6.219
3 16 20.0315 -4.6693 12.7124 16.2407 -4.6693 17.2946 20.2676 -6.2 12.8622
3 16 20.2676 -6.2 12.8622 16.2407 -4.6693 17.2946 16.4321 -6.2 17.4984
3 16 14.8193 -9.8955 15.781 13.7765 -10.2 14.6705 18.2783 -9.8955 11.5998
3 16 18.2783 -9.8955 11.5998 13.7765 -10.2 14.6705 16.9921 -10.2 10.7835
3 16 22.8295 -6.2 7.4178 22.5636 -4.6693 7.3314 20.2676 -6.2 12.8622
3 16 20.2676 -6.2 12.8622 22.5636 -4.6693 7.3314 20.0315 -4.6693 12.7124
3 16 20.2676 -6.2 12.8622 16.4321 -6.2 17.4984 20.0315 -7.7307 12.7124
3 16 20.0315 -7.7307 12.7124 16.4321 -6.2 17.4984 16.2407 -7.7307 17.2946
3 16 16.9921 -10.2 10.7835 19.14 -10.2 6.219 18.2783 -9.8955 11.5998
3 16 18.2783 -9.8955 11.5998 19.14 -10.2 6.219 20.5888 -9.8955 6.6897
3 16 15.6823 -9.0284 16.7 14.8193 -9.8955 15.781 19.3428 -9.0284 12.2753
3 16 19.3428 -9.0284 12.2753 14.8193 -9.8955 15.781 18.2783 -9.8955 11.5998
3 16 16.2407 -7.7307 17.2946 15.6823 -9.0284 16.7 20.0315 -7.7307 12.7124
3 16 20.0315 -7.7307 12.7124 15.6823 -9.0284 16.7 19.3428 -9.0284 12.2753
3 16 22.5636 -7.7307 7.3314 22.8295 -6.2 7.4178 20.0315 -7.7307 12.7124
3 16 20.0315 -7.7307 12.7124 22.8295 -6.2 7.4178 20.2676 -6.2 12.8622
3 16 18.2783 -9.8955 11.5998 20.5888 -9.8955 6.6897 19.3428 -9.0284 12.2753
3 16 19.3428 -9.0284 12.2753 20.5888 -9.8955 6.6897 21.7878 -9.0284 7.0793
3 16 19.3428 -9.0284 12.2753 21.7878 -9.0284 7.0793 20.0315 -7.7307 12.7124
3 16 20.0315 -7.7307 12.7124 21.7878 -9.0284 7.0793 22.5636 -7.7307 7.3314
3 16 4.625 -8 10.6949 8.0566 -8 14.6549 4.625 -8 16.0627
3 16 0 -4.6693 16.5946 4.6406 -5.0086 15.8295 0 -6.2 16.3266
3 16 0 -6.2 16.3266 4.6406 -5.0086 15.8295 4.625 -6.2 15.6496
3 16 11.2991 -5.0003 12.0324 13.6207 -5.0086 9.3051 8.7422 -5 7.7035
3 16 4.6406 -5.0086 15.8295 7.9518 -5.0003 14.4643 4.625 -5 10.6949
3 16 11.8975 -9.0284 12.6696 8.3729 -9.0284 15.2303 11.448 -8 12.1909
3 16 11.448 -8 12.1909 8.3729 -9.0284 15.2303 8.0566 -8 14.6549
3 16 4.625 -8 16.0627 4.625 -7.3751 15.8221 4.625 -8 10.6949
3 16 4.625 -8 16.0627 4.3223 -9.0284 16.8341 0 -7.7307 16.5946
3 16 0 -7.7307 16.5946 4.3223 -9.0284 16.8341 0 -9.0284 17.3801
3 16 14.6745 -9.0284 9.3127 11.8975 -9.0284 12.6696 13.8473 -8 9.3623
3 16 13.8473 -8 9.3623 11.8975 -9.0284 12.6696 11.448 -8 12.1909
3 16 8.7422 -8 7.7035 13.8473 -8 9.3623 11.448 -8 12.1909
3 16 13.8473 -8 9.3623 15.7824 -7.7307 5.128 14.6745 -9.0284 9.3127
3 16 14.6745 -9.0284 9.3127 15.7824 -7.7307 5.128 16.5295 -9.0284 5.3708
3 16 13.6185 -7.3751 9.2879 13.8473 -8 9.3623 8.7422 -8 7.7035
3 16 15.7824 -7.7307 5.128 13.6185 -7.3751 9.2879 15.5275 -6.2 5.0452
3 16 15.5275 -6.2 5.0452 13.6185 -7.3751 9.2879 13.4544 -6.2 9.2346
3 16 8.7422 -5 7.7035 13.6207 -5.0086 9.3051 13.4544 -6.2 9.2346
3 16 9.8111 -8 0.1767 9.3441 -8 3.0361 6.25 -8 0
3 16 6.25 -8 0 9.3441 -8 3.0361 5.4127 -8 3.125
3 16 10.028 -8 -5.9338 11.6006 -8 -1.0937 8.8881 -8 -5.3651
3 16 8.8881 -8 -5.3651 11.6006 -8 -1.0937 10.3442 -8 -0.8838
3 16 9.8111 -8 0.1767 9.8113 -5 0.1747 9.3441 -8 3.0361
3 16 9.3441 -8 3.0361 9.8113 -5 0.1747 9.3441 -5 3.0361
3 16 10.3442 -8 -0.8838 10.3442 -5 -0.8838 9.8111 -8 0.1767
3 16 9.8111 -8 0.1767 10.3442 -5 -0.8838 9.8113 -5 0.1747
3 16 7.8335 -8 -5.9098 7.8348 -5 -5.9083 8.8881 -8 -5.3651
3 16 8.8881 -8 -5.3651 7.8348 -5 -5.9083 8.8881 -5 -5.3651
3 16 5.775 -8 -7.9486 5.775 -5 -7.9486 7.8335 -8 -5.9098
3 16 7.8335 -8 -5.9098 5.775 -5 -7.9486 7.8348 -5 -5.9083
3 16 10.028 -8 -5.9338 8.8881 -8 -5.3651 10.028 -5 -5.9338
3 16 10.028 -5 -5.9338 8.8881 -8 -5.3651 8.8881 -5 -5.3651
3 16 10.9388 -2.5045 -15.0559 10.2158 -3.3716 -14.0608 14.3394 -2.5045 -11.8626
3 16 14.3394 -2.5045 -11.8626 10.2158 -3.3716 -14.0608 13.3916 -3.3716 -11.0785
3 16 9.7541 -4.6693 -13.4253 9.5965 -6.2 -13.2085 13.0587 -5.0086 -10.0786
3 16 13.0587 -5.0086 -10.0786 9.5965 -6.2 -13.2085 12.9403 -6.2 -9.9422
3 16 11.8292 -2.2 -16.2815 10.9388 -2.5045 -15.0559 15.5066 -2.2 -12.8282
3 16 15.5066 -2.2 -12.8282 10.9388 -2.5045 -15.0559 14.3394 -2.5045 -11.8626
3 16 12.7246 -2.5045 -17.5139 11.8292 -2.2 -16.2815 16.6803 -2.5045 -13.7992
3 16 16.6803 -2.5045 -13.7992 11.8292 -2.2 -16.2815 15.5066 -2.2 -12.8282
3 16 13.4656 -3.3716 -18.5338 12.7246 -2.5045 -17.5139 17.6517 -3.3716 -14.6028
3 16 17.6517 -3.3716 -14.6028 12.7246 -2.5045 -17.5139 16.6803 -2.5045 -13.7992
3 16 10.2158 -9.0284 -14.0608 10.9388 -9.8955 -15.0559 13.3916 -9.0284 -11.0785
3 16 13.3916 -9.0284 -11.0785 10.9388 -9.8955 -15.0559 14.3394 -9.8955 -11.8626
3 16 13.9451 -4.6693 -19.1937 13.4656 -3.3716 -18.5338 18.2803 -4.6693 -15.1227
3 16 18.2803 -4.6693 -15.1227 13.4656 -3.3716 -18.5338 17.6517 -3.3716 -14.6028
3 16 14.3394 -9.8955 -11.8626 10.9388 -9.8955 -15.0559 15.5066 -10.2 -12.8282
3 16 15.5066 -10.2 -12.8282 10.9388 -9.8955 -15.0559 11.8292 -10.2 -16.2815
3 16 14.1094 -6.2 -19.42 13.9451 -4.6693 -19.1937 18.4957 -6.2 -15.301
3 16 18.4957 -6.2 -15.301 13.9451 -4.6693 -19.1937 18.2803 -4.6693 -15.1227
3 16 15.5066 -10.2 -12.8282 11.8292 -10.2 -16.2815 16.6803 -9.8955 -13.7992
3 16 16.6803 -9.8955 -13.7992 11.8292 -10.2 -16.2815 12.7246 -9.8955 -17.5139
3 16 13.9451 -7.7307 -19.1937 14.1094 -6.2 -19.42 18.2803 -7.7307 -15.1228
3 16 18.2803 -7.7307 -15.1228 14.1094 -6.2 -19.42 18.4957 -6.2 -15.301
3 16 16.6803 -9.8955 -13.7992 12.7246 -9.8955 -17.5139 17.6517 -9.0284 -14.6028
3 16 17.6517 -9.0284 -14.6028 12.7246 -9.8955 -17.5139 13.4656 -9.0284 -18.5338
3 16 17.6517 -9.0284 -14.6028 13.4656 -9.0284 -18.5338 18.2803 -7.7307 -15.1228
3 16 18.2803 -7.7307 -15.1228 13.4656 -9.0284 -18.5338 13.9451 -7.7307 -19.1937
3 16 2.8657 -5 9.3851 4.0371 -5 9.5648 2.5108 -5 7.7273
3 16 2.5108 -5 7.7273 4.0371 -5 9.5648 4.7758 -5 6.5733
3 16 0 -8 6.25 2.8637 -8 9.3855 0 -8 9.825
3 16 4.0371 -8 9.5648 2.8637 -8 9.3855 3.125 -8 5.4127
3 16 3.125 -8 5.4127 2.8637 -8 9.3855 0 -8 6.25
3 16 4.6281 -2.5045 18.0255 4.3223 -3.3716 16.8341 0 -2.5045 18.6101
3 16 0 -2.5045 18.6101 4.3223 -3.3716 16.8341 0 -3.3716 17.3801
3 16 5.0049 -2.2 19.4927 4.6281 -2.5045 18.0255 0 -2.2 20.125
3 16 0 -2.2 20.125 4.6281 -2.5045 18.0255 0 -2.5045 18.6101
3 16 0 -7.7307 16.5946 0 -6.2 16.3266 4.625 -7.3751 15.8221
3 16 4.625 -7.3751 15.8221 0 -6.2 16.3266 4.625 -6.2 15.6496
3 16 5.3837 -2.5045 20.9682 5.0049 -2.2 19.4927 0 -2.5045 21.6483
3 16 0 -2.5045 21.6483 5.0049 -2.2 19.4927 0 -2.2 20.125
3 16 5.6973 -3.3716 22.1893 5.3837 -2.5045 20.9682 0 -3.3716 22.9091
3 16 0 -3.3716 22.9091 5.3837 -2.5045 20.9682 0 -2.5045 21.6483
3 16 0 -9.0284 17.3801 4.3223 -9.0284 16.8341 0 -9.8955 18.6101
3 16 0 -9.8955 18.6101 4.3223 -9.0284 16.8341 4.6281 -9.8955 18.0255
3 16 5.9001 -4.6693 22.9794 5.6973 -3.3716 22.1893 0 -4.6693 23.7248
3 16 0 -4.6693 23.7248 5.6973 -3.3716 22.1893 0 -3.3716 22.9091
3 16 0 -9.8955 18.6101 4.6281 -9.8955 18.0255 0 -10.2 20.125
3 16 0 -10.2 20.125 4.6281 -9.8955 18.0255 5.0049 -10.2 19.4927
3 16 5.9696 -6.2 23.2502 5.9001 -4.6693 22.9794 0 -6.2 24.0044
3 16 0 -6.2 24.0044 5.9001 -4.6693 22.9794 0 -4.6693 23.7248
3 16 0 -10.2 20.125 5.0049 -10.2 19.4927 0 -9.8955 21.6483
3 16 0 -9.8955 21.6483 5.0049 -10.2 19.4927 5.3837 -9.8955 20.9682
3 16 5.9001 -7.7307 22.9794 5.9696 -6.2 23.2502 0 -7.7307 23.7248
3 16 0 -7.7307 23.7248 5.9696 -6.2 23.2502 0 -6.2 24.0044
3 16 0 -9.8955 21.6483 5.3837 -9.8955 20.9682 0 -9.0284 22.9091
3 16 0 -9.0284 22.9091 5.3837 -9.8955 20.9682 5.6973 -9.0284 22.1893
3 16 0 -9.0284 22.9091 5.6973 -9.0284 22.1893 0 -7.7307 23.7248
3 16 0 -7.7307 23.7248 5.6973 -9.0284 22.1893 5.9001 -7.7307 22.9794
3 16 2.8637 -8 9.3855 2.8657 -5 9.3851 0 -8 9.825
3 16 0 -8 9.825 2.8657 -5 9.3851 0 -5 9.825
3 16 4.0371 -8 9.5648 4.0371 -5 9.5648 2.8637 -8 9.3855
3 16 2.8637 -8 9.3855 4.0371 -5 9.5648 2.8657 -5 9.3851
3 16 4.625 -8 10.6949 4.625 -5 10.6949 4.0371 -8 9.5648
3 16 4.0371 -8 9.5648 4.625 -5 10.6949 4.0371 -5 9.5648
3 16 8.0412 -8 5.6238 8.0402 -5 5.6256 7.8491 -8 6.7952
3 16 7.8491 -8 6.7952 8.0402 -5 5.6256 7.8491 -5 6.7952
3 16 9.3441 -8 3.0361 9.3441 -5 3.0361 8.0412 -8 5.6238
3 16 8.0412 -8 5.6238 9.3441 -5 3.0361 8.0402 -5 5.6256
3 16 7.8491 -8 6.7952 7.8491 -5 6.7952 8.7422 -8 7.7035
3 16 8.7422 -8 7.7035 7.8491 -5 6.7952 8.7422 -5 7.7035
3 16 -5.4127 -8 3.125 -8.0412 -8 5.6238 -9.3441 -8 3.0361
3 16 -8.0412 -8 5.6238 -5.4127 -8 3.125 -7.8491 -8 6.7952
3 16 -7.8491 -8 6.7952 -5.4127 -8 3.125 -3.125 -8 5.4127
3 16 -4.0371 -8 9.5648 -7.8491 -8 6.7952 -3.125 -8 5.4127
3 16 -11.8975 -3.3716 12.6696 -8.3729 -3.3716 15.2303 -11.2991 -5.0003 12.0324
3 16 -11.2991 -5.0003 12.0324 -8.3729 -3.3716 15.2303 -7.9518 -5.0003 14.4643
3 16 -11.8975 -3.3716 12.6696 -12.7395 -2.5045 13.5662 -8.3729 -3.3716 15.2303
3 16 -8.3729 -3.3716 15.2303 -12.7395 -2.5045 13.5662 -8.9655 -2.5045 16.3082
3 16 -16.5295 -3.3716 5.3708 -14.6745 -3.3716 9.3127 -15.7824 -4.6693 5.128
3 16 -15.7824 -4.6693 5.128 -14.6745 -3.3716 9.3127 -13.6207 -5.0086 9.3051
3 16 -12.7395 -2.5045 13.5662 -13.7765 -2.2 14.6705 -8.9655 -2.5045 16.3082
3 16 -8.9655 -2.5045 16.3082 -13.7765 -2.2 14.6705 -9.6953 -2.2 17.6357
3 16 -11.8975 -3.3716 12.6696 -14.6745 -3.3716 9.3127 -12.7395 -2.5045 13.5662
3 16 -12.7395 -2.5045 13.5662 -14.6745 -3.3716 9.3127 -15.7131 -2.5045 9.9718
3 16 -15.7131 -2.5045 9.9718 -14.6745 -3.3716 9.3127 -17.6993 -2.5045 5.7508
3 16 -17.6993 -2.5045 5.7508 -14.6745 -3.3716 9.3127 -16.5295 -3.3716 5.3708
3 16 -12.7395 -2.5045 13.5662 -15.7131 -2.5045 9.9718 -13.7765 -2.2 14.6705
3 16 -13.7765 -2.2 14.6705 -15.7131 -2.5045 9.9718 -16.9921 -2.2 10.7835
3 16 -16.9921 -2.2 10.7835 -15.7131 -2.5045 9.9718 -19.14 -2.2 6.219
3 16 -19.14 -2.2 6.219 -15.7131 -2.5045 9.9718 -17.6993 -2.5045 5.7508
3 16 -13.7765 -2.2 14.6705 -14.8193 -2.5045 15.781 -9.6953 -2.2 17.6357
3 16 -9.6953 -2.2 17.6357 -14.8193 -2.5045 15.781 -10.4292 -2.5045 18.9706
3 16 -15.7824 -7.7307 5.128 -15.5275 -6.2 5.0452 -13.6185 -7.3751 9.2879
3 16 -13.6185 -7.3751 9.2879 -15.5275 -6.2 5.0452 -13.4544 -6.2 9.2346
3 16 -11.448 -8 12.1909 -11.8975 -9.0284 12.6696 -13.8473 -8 9.3623
3 16 -13.8473 -8 9.3623 -11.8975 -9.0284 12.6696 -14.6745 -9.0284 9.3127
3 16 -13.7765 -2.2 14.6705 -16.9921 -2.2 10.7835 -14.8193 -2.5045 15.781
3 16 -14.8193 -2.5045 15.781 -16.9921 -2.2 10.7835 -18.2783 -2.5045 11.5998
3 16 -18.2783 -2.5045 11.5998 -16.9921 -2.2 10.7835 -20.5888 -2.5045 6.6897
3 16 -20.5888 -2.5045 6.6897 -16.9921 -2.2 10.7835 -19.14 -2.2 6.219
3 16 -14.8193 -2.5045 15.781 -15.6823 -3.3716 16.7 -10.4292 -2.5045 18.9706
3 16 -10.4292 -2.5045 18.9706 -15.6823 -3.3716 16.7 -11.0365 -3.3716 20.0754
3 16 -12.7395 -9.8955 13.5662 -11.8975 -9.0284 12.6696 -8.9655 -9.8955 16.3082
3 16 -8.9655 -9.8955 16.3082 -11.8975 -9.0284 12.6696 -8.3729 -9.0284 15.2303
3 16 -14.8193 -2.5045 15.781 -18.2783 -2.5045 11.5998 -15.6823 -3.3716 16.7
3 16 -15.6823 -3.3716 16.7 -18.2783 -2.5045 11.5998 -19.3428 -3.3716 12.2753
3 16 -19.3428 -3.3716 12.2753 -18.2783 -2.5045 11.5998 -21.7878 -3.3716 7.0793
3 16 -21.7878 -3.3716 7.0793 -18.2783 -2.5045 11.5998 -20.5888 -2.5045 6.6897
3 16 -15.6823 -3.3716 16.7 -16.2407 -4.6693 17.2946 -11.0365 -3.3716 20.0754
3 16 -11.0365 -3.3716 20.0754 -16.2407 -4.6693 17.2946 -11.4295 -4.6693 20.7902
3 16 -15.7131 -9.8955 9.9718 -14.6745 -9.0284 9.3127 -12.7395 -9.8955 13.5662
3 16 -12.7395 -9.8955 13.5662 -14.6745 -9.0284 9.3127 -11.8975 -9.0284 12.6696
3 16 -16.5295 -9.0284 5.3708 -14.6745 -9.0284 9.3127 -17.6993 -9.8955 5.7508
3 16 -17.6993 -9.8955 5.7508 -14.6745 -9.0284 9.3127 -15.7131 -9.8955 9.9718
3 16 -13.7765 -10.2 14.6705 -12.7395 -9.8955 13.5662 -9.6953 -10.2 17.6357
3 16 -9.6953 -10.2 17.6357 -12.7395 -9.8955 13.5662 -8.9655 -9.8955 16.3082
3 16 -16.2407 -4.6693 17.2946 -16.4321 -6.2 17.4984 -11.4295 -4.6693 20.7902
3 16 -11.4295 -4.6693 20.7902 -16.4321 -6.2 17.4984 -11.5642 -6.2 21.0352
3 16 -15.6823 -3.3716 16.7 -19.3428 -3.3716 12.2753 -16.2407 -4.6693 17.2946
3 16 -16.2407 -4.6693 17.2946 -19.3428 -3.3716 12.2753 -20.0315 -4.6693 12.7124
3 16 -20.0315 -4.6693 12.7124 -19.3428 -3.3716 12.2753 -22.5636 -4.6693 7.3314
3 16 -22.5636 -4.6693 7.3314 -19.3428 -3.3716 12.2753 -21.7878 -3.3716 7.0793
3 16 -16.9921 -10.2 10.7835 -15.7131 -9.8955 9.9718 -13.7765 -10.2 14.6705
3 16 -13.7765 -10.2 14.6705 -15.7131 -9.8955 9.9718 -12.7395 -9.8955 13.5662
3 16 -14.8193 -9.8955 15.781 -13.7765 -10.2 14.6705 -10.4292 -9.8955 18.9706
3 16 -10.4292 -9.8955 18.9706 -13.7765 -10.2 14.6705 -9.6953 -10.2 17.6357
3 16 -17.6993 -9.8955 5.7508 -15.7131 -9.8955 9.9718 -19.14 -10.2 6.219
3 16 -19.14 -10.2 6.219 -15.7131 -9.8955 9.9718 -16.9921 -10.2 10.7835
3 16 -16.4321 -6.2 17.4984 -16.2407 -7.7307 17.2946 -11.5642 -6.2 21.0352
3 16 -11.5642 -6.2 21.0352 -16.2407 -7.7307 17.2946 -11.4295 -7.7307 20.7902
3 16 -15.6823 -9.0284 16.7 -14.8193 -9.8955 15.781 -11.0365 -9.0284 20.0754
3 16 -11.0365 -9.0284 20.0754 -14.8193 -9.8955 15.781 -10.4292 -9.8955 18.9706
3 16 -16.2407 -7.7307 17.2946 -15.6823 -9.0284 16.7 -11.4295 -7.7307 20.7902
3 16 -11.4295 -7.7307 20.7902 -15.6823 -9.0284 16.7 -11.0365 -9.0284 20.0754
3 16 -16.2407 -4.6693 17.2946 -20.0315 -4.6693 12.7124 -16.4321 -6.2 17.4984
3 16 -16.4321 -6.2 17.4984 -20.0315 -4.6693 12.7124 -20.2676 -6.2 12.8622
3 16 -20.2676 -6.2 12.8622 -20.0315 -4.6693 12.7124 -22.8295 -6.2 7.4178
3 16 -22.8295 -6.2 7.4178 -20.0315 -4.6693 12.7124 -22.5636 -4.6693 7.3314
3 16 -18.2783 -9.8955 11.5998 -16.9921 -10.2 10.7835 -14.8193 -9.8955 15.781
3 16 -14.8193 -9.8955 15.781 -16.9921 -10.2 10.7835 -13.7765 -10.2 14.6705
3 16 -19.14 -10.2 6.219 -16.9921 -10.2 10.7835 -20.5888 -9.8955 6.6897
3 16 -20.5888 -9.8955 6.6897 -16.9921 -10.2 10.7835 -18.2783 -9.8955 11.5998
3 16 -16.4321 -6.2 17.4984 -20.2676 -6.2 12.8622 -16.2407 -7.7307 17.2946
3 16 -16.2407 -7.7307 17.2946 -20.2676 -6.2 12.8622 -20.0315 -7.7307 12.7124
3 16 -15.6823 -9.0284 16.7 -19.3428 -9.0284 12.2753 -14.8193 -9.8955 15.781
3 16 -14.8193 -9.8955 15.781 -19.3428 -9.0284 12.2753 -18.2783 -9.8955 11.5998
3 16 -20.0315 -7.7307 12.7124 -20.2676 -6.2 12.8622 -22.5636 -7.7307 7.3314
3 16 -22.5636 -7.7307 7.3314 -20.2676 -6.2 12.8622 -22.8295 -6.2 7.4178
3 16 -16.2407 -7.7307 17.2946 -20.0315 -7.7307 12.7124 -15.6823 -9.0284 16.7
3 16 -15.6823 -9.0284 16.7 -20.0315 -7.7307 12.7124 -19.3428 -9.0284 12.2753
3 16 -20.5888 -9.8955 6.6897 -18.2783 -9.8955 11.5998 -21.7878 -9.0284 7.0793
3 16 -21.7878 -9.0284 7.0793 -18.2783 -9.8955 11.5998 -19.3428 -9.0284 12.2753
3 16 -21.7878 -9.0284 7.0793 -19.3428 -9.0284 12.2753 -22.5636 -7.7307 7.3314
3 16 -22.5636 -7.7307 7.3314 -19.3428 -9.0284 12.2753 -20.0315 -7.7307 12.7124
3 16 -8.0412 -8 5.6238 -8.0402 -5 5.6256 -9.3441 -8 3.0361
3 16 -9.3441 -8 3.0361 -8.0402 -5 5.6256 -9.3441 -5 3.0361
3 16 -7.8491 -8 6.7952 -7.8491 -5 6.7952 -8.0412 -8 5.6238
3 16 -8.0412 -8 5.6238 -7.8491 -5 6.7952 -8.0402 -5 5.6256
3 16 -8.7422 -8 7.7035 -8.7422 -5 7.7035 -7.8491 -8 6.7952
3 16 -7.8491 -8 6.7952 -8.7422 -5 7.7035 -7.8491 -5 6.7952
3 16 -2.8637 -8 9.3855 -2.8657 -5 9.3851 -4.0371 -8 9.5648
3 16 -4.0371 -8 9.5648 -2.8657 -5 9.3851 -4.0371 -5 9.5648
3 16 0 -8 9.825 0 -5 9.825 -2.8637 -8 9.3855
3 16 -2.8637 -8 9.3855 0 -5 9.825 -2.8657 -5 9.3851
3 16 -4.0371 -8 9.5648 -4.0371 -5 9.5648 -4.625 -8 10.6949
3 16 -4.625 -8 10.6949 -4.0371 -5 9.5648 -4.625 -5 10.6949
3 16 -7.9518 -5.0003 14.4643 -8.3729 -3.3716 15.2303 -4.6406 -5.0086 15.8295
3 16 -4.6406 -5.0086 15.8295 -8.3729 -3.3716 15.2303 -4.3223 -3.3716 16.8341
3 16 -4.3223 -3.3716 16.8341 -8.3729 -3.3716 15.2303 -4.6281 -2.5045 18.0255
3 16 -4.6281 -2.5045 18.0255 -8.3729 -3.3716 15.2303 -8.9655 -2.5045 16.3082
3 16 0 -2.5045 18.6101 0 -3.3716 17.3801 -4.6281 -2.5045 18.0255
3 16 -4.6281 -2.5045 18.0255 0 -3.3716 17.3801 -4.3223 -3.3716 16.8341
3 16 -4.6281 -2.5045 18.0255 -8.9655 -2.5045 16.3082 -5.0049 -2.2 19.4927
3 16 -5.0049 -2.2 19.4927 -8.9655 -2.5045 16.3082 -9.6953 -2.2 17.6357
3 16 0 -4.6693 16.5946 0 -6.2 16.3266 -4.6406 -5.0086 15.8295
3 16 -4.6406 -5.0086 15.8295 0 -6.2 16.3266 -4.625 -6.2 15.6496
3 16 0 -2.2 20.125 0 -2.5045 18.6101 -5.0049 -2.2 19.4927
3 16 -5.0049 -2.2 19.4927 0 -2.5045 18.6101 -4.6281 -2.5045 18.0255
3 16 -5.0049 -2.2 19.4927 -9.6953 -2.2 17.6357 -5.3837 -2.5045 20.9682
3 16 -5.3837 -2.5045 20.9682 -9.6953 -2.2 17.6357 -10.4292 -2.5045 18.9706
3 16 0 -2.5045 21.6483 0 -2.2 20.125 -5.3837 -2.5045 20.9682
3 16 -5.3837 -2.5045 20.9682 0 -2.2 20.125 -5.0049 -2.2 19.4927
3 16 -5.3837 -2.5045 20.9682 -10.4292 -2.5045 18.9706 -5.6973 -3.3716 22.1893
3 16 -5.6973 -3.3716 22.1893 -10.4292 -2.5045 18.9706 -11.0365 -3.3716 20.0754
3 16 -8.9655 -9.8955 16.3082 -8.3729 -9.0284 15.2303 -4.6281 -9.8955 18.0255
3 16 -4.6281 -9.8955 18.0255 -8.3729 -9.0284 15.2303 -4.3223 -9.0284 16.8341
3 16 0 -3.3716 22.9091 0 -2.5045 21.6483 -5.6973 -3.3716 22.1893
3 16 -5.6973 -3.3716 22.1893 0 -2.5045 21.6483 -5.3837 -2.5045 20.9682
3 16 -4.3223 -9.0284 16.8341 0 -9.0284 17.3801 -4.6281 -9.8955 18.0255
3 16 -4.6281 -9.8955 18.0255 0 -9.0284 17.3801 0 -9.8955 18.6101
3 16 -5.6973 -3.3716 22.1893 -11.0365 -3.3716 20.0754 -5.9001 -4.6693 22.9794
3 16 -5.9001 -4.6693 22.9794 -11.0365 -3.3716 20.0754 -11.4295 -4.6693 20.7902
3 16 -9.6953 -10.2 17.6357 -8.9655 -9.8955 16.3082 -5.0049 -10.2 19.4927
3 16 -5.0049 -10.2 19.4927 -8.9655 -9.8955 16.3082 -4.6281 -9.8955 18.0255
3 16 0 -4.6693 23.7248 0 -3.3716 22.9091 -5.9001 -4.6693 22.9794
3 16 -5.9001 -4.6693 22.9794 0 -3.3716 22.9091 -5.6973 -3.3716 22.1893
3 16 -4.6281 -9.8955 18.0255 0 -9.8955 18.6101 -5.0049 -10.2 19.4927
3 16 -5.0049 -10.2 19.4927 0 -9.8955 18.6101 0 -10.2 20.125
3 16 -5.9001 -4.6693 22.9794 -11.4295 -4.6693 20.7902 -5.9696 -6.2 23.2502
3 16 -5.9696 -6.2 23.2502 -11.4295 -4.6693 20.7902 -11.5642 -6.2 21.0352
3 16 -10.4292 -9.8955 18.9706 -9.6953 -10.2 17.6357 -5.3837 -9.8955 20.9682
3 16 -5.3837 -9.8955 20.9682 -9.6953 -10.2 17.6357 -5.0049 -10.2 19.4927
3 16 0 -6.2 24.0044 0 -4.6693 23.7248 -5.9696 -6.2 23.2502
3 16 -5.9696 -6.2 23.2502 0 -4.6693 23.7248 -5.9001 -4.6693 22.9794
3 16 -5.9696 -6.2 23.2502 -11.5642 -6.2 21.0352 -5.9001 -7.7307 22.9794
3 16 -5.9001 -7.7307 22.9794 -11.5642 -6.2 21.0352 -11.4295 -7.7307 20.7902
3 16 -5.0049 -10.2 19.4927 0 -10.2 20.125 -5.3837 -9.8955 20.9682
3 16 -5.3837 -9.8955 20.9682 0 -10.2 20.125 0 -9.8955 21.6483
3 16 -11.0365 -9.0284 20.0754 -10.4292 -9.8955 18.9706 -5.6973 -9.0284 22.1893
3 16 -5.6973 -9.0284 22.1893 -10.4292 -9.8955 18.9706 -5.3837 -9.8955 20.9682
3 16 -11.4295 -7.7307 20.7902 -11.0365 -9.0284 20.0754 -5.9001 -7.7307 22.9794
3 16 -5.9001 -7.7307 22.9794 -11.0365 -9.0284 20.0754 -5.6973 -9.0284 22.1893
3 16 0 -7.7307 23.7248 0 -6.2 24.0044 -5.9001 -7.7307 22.9794
3 16 -5.9001 -7.7307 22.9794 0 -6.2 24.0044 -5.9696 -6.2 23.2502
3 16 -5.3837 -9.8955 20.9682 0 -9.8955 21.6483 -5.6973 -9.0284 22.1893
3 16 -5.6973 -9.0284 22.1893 0 -9.8955 21.6483 0 -9.0284 22.9091
3 16 -5.6973 -9.0284 22.1893 0 -9.0284 22.9091 -5.9001 -7.7307 22.9794
3 16 -5.9001 -7.7307 22.9794 0 -9.0284 22.9091 0 -7.7307 23.7248
3 16 -15.7824 -4.6693 5.128 -13.6207 -5.0086 9.3051 -15.5275 -6.2 5.0452
3 16 -15.5275 -6.2 5.0452 -13.6207 -5.0086 9.3051 -13.4544 -6.2 9.2346
3 16 -8.7422 -5 7.7035 -13.6207 -5.0086 9.3051 -11.2991 -5.0003 12.0324
3 16 -8.3729 -9.0284 15.2303 -11.8975 -9.0284 12.6696 -8.0566 -8 14.6549
3 16 -8.0566 -8 14.6549 -11.8975 -9.0284 12.6696 -11.448 -8 12.1909
3 16 -13.8473 -8 9.3623 -13.6185 -7.3751 9.2879 -8.7422 -8 7.7035
3 16 -13.8473 -8 9.3623 -14.6745 -9.0284 9.3127 -15.7824 -7.7307 5.128
3 16 -15.7824 -7.7307 5.128 -14.6745 -9.0284 9.3127 -16.5295 -9.0284 5.3708
3 16 -4.3223 -9.0284 16.8341 -8.3729 -9.0284 15.2303 -4.625 -8 16.0627
3 16 -4.625 -8 16.0627 -8.3729 -9.0284 15.2303 -8.0566 -8 14.6549
3 16 -4.625 -8 10.6949 -4.625 -8 16.0627 -8.0566 -8 14.6549
3 16 -4.625 -8 16.0627 0 -7.7307 16.5946 -4.3223 -9.0284 16.8341
3 16 -4.3223 -9.0284 16.8341 0 -7.7307 16.5946 0 -9.0284 17.3801
3 16 0 -7.7307 16.5946 -4.625 -7.3751 15.8221 0 -6.2 16.3266
3 16 0 -6.2 16.3266 -4.625 -7.3751 15.8221 -4.625 -6.2 15.6496
3 16 -4.625 -6.2 15.6496 -4.625 -5 10.6949 -4.6406 -5.0086 15.8295
3 16 -5.4127 -8 -3.125 -7.8334 -8 -5.9098 -3.125 -8 -5.4127
3 16 -3.125 -8 -5.4127 -7.8334 -8 -5.9098 -5.775 -8 -7.9486
3 16 -10.3442 -8 -0.8838 -8.8881 -8 -5.3651 -5.4127 -8 -3.125
3 16 -15.726 -3.3716 -7.4001 -17.0723 -3.3716 -3.2567 -14.9351 -5.0003 -7.0279
3 16 -14.9351 -5.0003 -7.0279 -17.0723 -3.3716 -3.2567 -16.2136 -5.0003 -3.0929
3 16 -15.726 -3.3716 -7.4001 -16.839 -2.5045 -7.9238 -17.0723 -3.3716 -3.2567
3 16 -17.0723 -3.3716 -3.2567 -16.839 -2.5045 -7.9238 -18.2805 -2.5045 -3.4872
3 16 -10.2158 -3.3716 -14.0608 -13.3916 -3.3716 -11.0785 -9.754 -4.6693 -13.4253
3 16 -9.754 -4.6693 -13.4253 -13.3916 -3.3716 -11.0785 -13.0587 -5.0086 -10.0786
3 16 -16.839 -2.5045 -7.9238 -18.2096 -2.2 -8.5688 -18.2805 -2.5045 -3.4872
3 16 -18.2805 -2.5045 -3.4872 -18.2096 -2.2 -8.5688 -19.7685 -2.2 -3.771
3 16 -15.726 -3.3716 -7.4001 -13.3916 -3.3716 -11.0785 -16.839 -2.5045 -7.9238
3 16 -16.839 -2.5045 -7.9238 -13.3916 -3.3716 -11.0785 -14.3394 -2.5045 -11.8626
3 16 -14.3394 -2.5045 -11.8626 -13.3916 -3.3716 -11.0785 -10.9388 -2.5045 -15.0559
3 16 -10.9388 -2.5045 -15.0559 -13.3916 -3.3716 -11.0785 -10.2158 -3.3716 -14.0608
3 16 -16.839 -2.5045 -7.9238 -14.3394 -2.5045 -11.8626 -18.2096 -2.2 -8.5688
3 16 -18.2096 -2.2 -8.5688 -14.3394 -2.5045 -11.8626 -15.5066 -2.2 -12.8282
3 16 -15.5066 -2.2 -12.8282 -14.3394 -2.5045 -11.8626 -11.8292 -2.2 -16.2815
3 16 -11.8292 -2.2 -16.2815 -14.3394 -2.5045 -11.8626 -10.9388 -2.5045 -15.0559
3 16 -18.2096 -2.2 -8.5688 -19.588 -2.5045 -9.2174 -19.7685 -2.2 -3.771
3 16 -19.7685 -2.2 -3.771 -19.588 -2.5045 -9.2174 -21.2649 -2.5045 -4.0565
3 16 -15.1318 -8 -7.1205 -15.726 -9.0284 -7.4001 -13.1831 -8 -10.2765
3 16 -13.1831 -8 -10.2765 -15.726 -9.0284 -7.4001 -13.3916 -9.0284 -11.0785
3 16 -18.2096 -2.2 -8.5688 -15.5066 -2.2 -12.8282 -19.588 -2.5045 -9.2174
3 16 -19.588 -2.5045 -9.2174 -15.5066 -2.2 -12.8282 -16.6803 -2.5045 -13.7992
3 16 -16.6803 -2.5045 -13.7992 -15.5066 -2.2 -12.8282 -12.7246 -2.5045 -17.5139
3 16 -12.7246 -2.5045 -17.5139 -15.5066 -2.2 -12.8282 -11.8292 -2.2 -16.2815
3 16 -19.588 -2.5045 -9.2174 -20.7287 -3.3716 -9.7542 -21.2649 -2.5045 -4.0565
3 16 -21.2649 -2.5045 -4.0565 -20.7287 -3.3716 -9.7542 -22.5033 -3.3716 -4.2927
3 16 -16.839 -9.8955 -7.9238 -15.726 -9.0284 -7.4001 -18.2805 -9.8955 -3.4872
3 16 -18.2805 -9.8955 -3.4872 -15.726 -9.0284 -7.4001 -17.0723 -9.0284 -3.2567
3 16 -19.588 -2.5045 -9.2174 -16.6803 -2.5045 -13.7992 -20.7287 -3.3716 -9.7542
3 16 -20.7287 -3.3716 -9.7542 -16.6803 -2.5045 -13.7992 -17.6517 -3.3716 -14.6028
3 16 -17.6517 -3.3716 -14.6028 -16.6803 -2.5045 -13.7992 -13.4656 -3.3716 -18.5338
3 16 -13.4656 -3.3716 -18.5338 -16.6803 -2.5045 -13.7992 -12.7246 -2.5045 -17.5139
3 16 -20.7287 -3.3716 -9.7542 -21.4668 -4.6693 -10.1015 -22.5033 -3.3716 -4.2927
3 16 -22.5033 -3.3716 -4.2927 -21.4668 -4.6693 -10.1015 -23.3045 -4.6693 -4.4456
3 16 -14.3394 -9.8955 -11.8626 -13.3916 -9.0284 -11.0785 -16.839 -9.8955 -7.9238
3 16 -16.839 -9.8955 -7.9238 -13.3916 -9.0284 -11.0785 -15.726 -9.0284 -7.4001
3 16 -10.2158 -9.0284 -14.0608 -13.3916 -9.0284 -11.0785 -10.9388 -9.8955 -15.0559
3 16 -10.9388 -9.8955 -15.0559 -13.3916 -9.0284 -11.0785 -14.3394 -9.8955 -11.8626
3 16 -18.2096 -10.2 -8.5688 -16.839 -9.8955 -7.9238 -19.7685 -10.2 -3.771
3 16 -19.7685 -10.2 -3.771 -16.839 -9.8955 -7.9238 -18.2805 -9.8955 -3.4872
3 16 -21.4668 -4.6693 -10.1015 -21.7198 -6.2 -10.2206 -23.3045 -4.6693 -4.4456
3 16 -23.3045 -4.6693 -4.4456 -21.7198 -6.2 -10.2206 -23.5792 -6.2 -4.498
3 16 -20.7287 -3.3716 -9.7542 -17.6517 -3.3716 -14.6028 -21.4668 -4.6693 -10.1015
3 16 -21.4668 -4.6693 -10.1015 -17.6517 -3.3716 -14.6028 -18.2803 -4.6693 -15.1227
3 16 -18.2803 -4.6693 -15.1227 -17.6517 -3.3716 -14.6028 -13.9451 -4.6693 -19.1937
3 16 -13.9451 -4.6693 -19.1937 -17.6517 -3.3716 -14.6028 -13.4656 -3.3716 -18.5338
3 16 -15.5066 -10.2 -12.8282 -14.3394 -9.8955 -11.8626 -18.2096 -10.2 -8.5688
3 16 -18.2096 -10.2 -8.5688 -14.3394 -9.8955 -11.8626 -16.839 -9.8955 -7.9238
3 16 -19.588 -9.8955 -9.2174 -18.2096 -10.2 -8.5688 -21.2649 -9.8955 -4.0565
3 16 -21.2649 -9.8955 -4.0565 -18.2096 -10.2 -8.5688 -19.7685 -10.2 -3.771
3 16 -10.9388 -9.8955 -15.0559 -14.3394 -9.8955 -11.8626 -11.8292 -10.2 -16.2815
3 16 -11.8292 -10.2 -16.2815 -14.3394 -9.8955 -11.8626 -15.5066 -10.2 -12.8282
3 16 -21.7198 -6.2 -10.2206 -21.4668 -7.7307 -10.1015 -23.5792 -6.2 -4.498
3 16 -23.5792 -6.2 -4.498 -21.4668 -7.7307 -10.1015 -23.3045 -7.7307 -4.4456
3 16 -20.7288 -9.0284 -9.7542 -19.588 -9.8955 -9.2174 -22.5033 -9.0284 -4.2927
3 16 -22.5033 -9.0284 -4.2927 -19.588 -9.8955 -9.2174 -21.2649 -9.8955 -4.0565
3 16 -21.4668 -7.7307 -10.1015 -20.7288 -9.0284 -9.7542 -23.3045 -7.7307 -4.4456
3 16 -23.3045 -7.7307 -4.4456 -20.7288 -9.0284 -9.7542 -22.5033 -9.0284 -4.2927
3 16 -21.4668 -4.6693 -10.1015 -18.2803 -4.6693 -15.1227 -21.7198 -6.2 -10.2206
3 16 -21.7198 -6.2 -10.2206 -18.2803 -4.6693 -15.1227 -18.4957 -6.2 -15.301
3 16 -18.4957 -6.2 -15.301 -18.2803 -4.6693 -15.1227 -14.1094 -6.2 -19.42
3 16 -14.1094 -6.2 -19.42 -18.2803 -4.6693 -15.1227 -13.9451 -4.6693 -19.1937
3 16 -16.6803 -9.8955 -13.7992 -15.5066 -10.2 -12.8282 -19.588 -9.8955 -9.2174
3 16 -19.588 -9.8955 -9.2174 -15.5066 -10.2 -12.8282 -18.2096 -10.2 -8.5688
3 16 -11.8292 -10.2 -16.2815 -15.5066 -10.2 -12.8282 -12.7246 -9.8955 -17.5139
3 16 -12.7246 -9.8955 -17.5139 -15.5066 -10.2 -12.8282 -16.6803 -9.8955 -13.7992
3 16 -21.7198 -6.2 -10.2206 -18.4957 -6.2 -15.301 -21.4668 -7.7307 -10.1015
3 16 -21.4668 -7.7307 -10.1015 -18.4957 -6.2 -15.301 -18.2803 -7.7307 -15.1227
3 16 -20.7288 -9.0284 -9.7542 -17.6517 -9.0284 -14.6028 -19.588 -9.8955 -9.2174
3 16 -19.588 -9.8955 -9.2174 -17.6517 -9.0284 -14.6028 -16.6803 -9.8955 -13.7992
3 16 -18.2803 -7.7307 -15.1227 -18.4957 -6.2 -15.301 -13.9451 -7.7307 -19.1937
3 16 -13.9451 -7.7307 -19.1937 -18.4957 -6.2 -15.301 -14.1094 -6.2 -19.42
3 16 -21.4668 -7.7307 -10.1015 -18.2803 -7.7307 -15.1227 -20.7288 -9.0284 -9.7542
3 16 -20.7288 -9.0284 -9.7542 -18.2803 -7.7307 -15.1227 -17.6517 -9.0284 -14.6028
3 16 -12.7246 -9.8955 -17.5139 -16.6803 -9.8955 -13.7992 -13.4656 -9.0284 -18.5338
3 16 -13.4656 -9.0284 -18.5338 -16.6803 -9.8955 -13.7992 -17.6517 -9.0284 -14.6028
3 16 -13.4656 -9.0284 -18.5338 -17.6517 -9.0284 -14.6028 -13.9451 -7.7307 -19.1937
3 16 -13.9451 -7.7307 -19.1937 -17.6517 -9.0284 -14.6028 -18.2803 -7.7307 -15.1227
3 16 -7.8334 -8 -5.9098 -7.8348 -5 -5.9083 -5.775 -8 -7.9486
3 16 -5.775 -8 -7.9486 -7.8348 -5 -5.9083 -5.775 -5 -7.9486
3 16 -8.8881 -8 -5.3651 -8.8881 -5 -5.3651 -7.8334 -8 -5.9098
3 16 -7.8334 -8 -5.9098 -8.8881 -5 -5.3651 -7.8348 -5 -5.9083
3 16 -10.028 -8 -5.9338 -10.028 -5 -5.9338 -8.8881 -8 -5.3651
3 16 -8.8881 -8 -5.3651 -10.028 -5 -5.9338 -8.8881 -5 -5.3651
3 16 -9.8111 -8 0.1767 -9.8113 -5 0.1747 -10.3442 -8 -0.8838
3 16 -10.3442 -8 -0.8838 -9.8113 -5 0.1747 -10.3442 -5 -0.8838
3 16 -9.3441 -8 3.0361 -9.3441 -5 3.0361 -9.8111 -8 0.1767
3 16 -9.8111 -8 0.1767 -9.3441 -5 3.0361 -9.8113 -5 0.1747
3 16 -10.3442 -8 -0.8838 -10.3442 -5 -0.8838 -11.6006 -8 -1.0938
3 16 -11.6006 -8 -1.0938 -10.3442 -5 -0.8838 -11.6006 -5 -1.0938
3 16 -17.3458 -3.3716 1.0913 -16.4888 -5.0086 0.4781 -17.0723 -3.3716 -3.2567
3 16 -17.0723 -3.3716 -3.2567 -16.4888 -5.0086 0.4781 -16.2136 -5.0003 -3.0929
3 16 -17.3458 -3.3716 1.0913 -17.0723 -3.3716 -3.2567 -18.5734 -2.5045 1.1685
3 16 -18.5734 -2.5045 1.1685 -17.0723 -3.3716 -3.2567 -18.2805 -2.5045 -3.4872
3 16 -17.6993 -2.5045 5.7508 -16.5295 -3.3716 5.3708 -18.5734 -2.5045 1.1685
3 16 -18.5734 -2.5045 1.1685 -16.5295 -3.3716 5.3708 -17.3458 -3.3716 1.0913
3 16 -18.5734 -2.5045 1.1685 -18.2805 -2.5045 -3.4872 -20.0853 -2.2 1.2637
3 16 -20.0853 -2.2 1.2637 -18.2805 -2.5045 -3.4872 -19.7685 -2.2 -3.771
3 16 -15.7824 -4.6693 5.128 -15.5275 -6.2 5.0452 -16.4888 -5.0086 0.4781
3 16 -16.4888 -5.0086 0.4781 -15.5275 -6.2 5.0452 -16.3128 -6.2 0.4373
3 16 -19.14 -2.2 6.219 -17.6993 -2.5045 5.7508 -20.0853 -2.2 1.2637
3 16 -20.0853 -2.2 1.2637 -17.6993 -2.5045 5.7508 -18.5734 -2.5045 1.1685
3 16 -20.0853 -2.2 1.2637 -19.7685 -2.2 -3.771 -21.6056 -2.5045 1.3593
3 16 -21.6056 -2.5045 1.3593 -19.7685 -2.2 -3.771 -21.2649 -2.5045 -4.0565
3 16 -20.5888 -2.5045 6.6897 -19.14 -2.2 6.219 -21.6056 -2.5045 1.3593
3 16 -21.6056 -2.5045 1.3593 -19.14 -2.2 6.219 -20.0853 -2.2 1.2637
3 16 -21.6056 -2.5045 1.3593 -21.2649 -2.5045 -4.0565 -22.8639 -3.3716 1.4385
3 16 -22.8639 -3.3716 1.4385 -21.2649 -2.5045 -4.0565 -22.5033 -3.3716 -4.2927
3 16 -18.2805 -9.8955 -3.4872 -17.0723 -9.0284 -3.2567 -18.5734 -9.8955 1.1685
3 16 -18.5734 -9.8955 1.1685 -17.0723 -9.0284 -3.2567 -17.3458 -9.0284 1.0913
3 16 -21.7878 -3.3716 7.0793 -20.5888 -2.5045 6.6897 -22.8639 -3.3716 1.4385
3 16 -22.8639 -3.3716 1.4385 -20.5888 -2.5045 6.6897 -21.6056 -2.5045 1.3593
3 16 -16.5295 -9.0284 5.3708 -17.6993 -9.8955 5.7508 -17.3458 -9.0284 1.0913
3 16 -17.3458 -9.0284 1.0913 -17.6993 -9.8955 5.7508 -18.5734 -9.8955 1.1685
3 16 -22.8639 -3.3716 1.4385 -22.5033 -3.3716 -4.2927 -23.678 -4.6693 1.4897
3 16 -23.678 -4.6693 1.4897 -22.5033 -3.3716 -4.2927 -23.3045 -4.6693 -4.4456
3 16 -19.7685 -10.2 -3.771 -18.2805 -9.8955 -3.4872 -20.0853 -10.2 1.2637
3 16 -20.0853 -10.2 1.2637 -18.2805 -9.8955 -3.4872 -18.5734 -9.8955 1.1685
3 16 -22.5636 -4.6693 7.3314 -21.7878 -3.3716 7.0793 -23.678 -4.6693 1.4897
3 16 -23.678 -4.6693 1.4897 -21.7878 -3.3716 7.0793 -22.8639 -3.3716 1.4385
3 16 -18.5734 -9.8955 1.1685 -17.6993 -9.8955 5.7508 -20.0853 -10.2 1.2637
3 16 -20.0853 -10.2 1.2637 -17.6993 -9.8955 5.7508 -19.14 -10.2 6.219
3 16 -23.678 -4.6693 1.4897 -23.3045 -4.6693 -4.4456 -23.957 -6.2 1.5072
3 16 -23.957 -6.2 1.5072 -23.3045 -4.6693 -4.4456 -23.5792 -6.2 -4.498
3 16 -21.2649 -9.8955 -4.0565 -19.7685 -10.2 -3.771 -21.6056 -9.8955 1.3593
3 16 -21.6056 -9.8955 1.3593 -19.7685 -10.2 -3.771 -20.0853 -10.2 1.2637
3 16 -22.8295 -6.2 7.4178 -22.5636 -4.6693 7.3314 -23.957 -6.2 1.5072
3 16 -23.957 -6.2 1.5072 -22.5636 -4.6693 7.3314 -23.678 -4.6693 1.4897
3 16 -23.957 -6.2 1.5072 -23.5792 -6.2 -4.498 -23.678 -7.7307 1.4897
3 16 -23.678 -7.7307 1.4897 -23.5792 -6.2 -4.498 -23.3045 -7.7307 -4.4456
3 16 -20.0853 -10.2 1.2637 -19.14 -10.2 6.219 -21.6056 -9.8955 1.3593
3 16 -21.6056 -9.8955 1.3593 -19.14 -10.2 6.219 -20.5888 -9.8955 6.6897
3 16 -22.5033 -9.0284 -4.2927 -21.2649 -9.8955 -4.0565 -22.8639 -9.0284 1.4385
3 16 -22.8639 -9.0284 1.4385 -21.2649 -9.8955 -4.0565 -21.6056 -9.8955 1.3593
3 16 -23.3045 -7.7307 -4.4456 -22.5033 -9.0284 -4.2927 -23.678 -7.7307 1.4897
3 16 -23.678 -7.7307 1.4897 -22.5033 -9.0284 -4.2927 -22.8639 -9.0284 1.4385
3 16 -22.5636 -7.7307 7.3314 -22.8295 -6.2 7.4178 -23.678 -7.7307 1.4897
3 16 -23.678 -7.7307 1.4897 -22.8295 -6.2 7.4178 -23.957 -6.2 1.5072
3 16 -21.6056 -9.8955 1.3593 -20.5888 -9.8955 6.6897 -22.8639 -9.0284 1.4385
3 16 -22.8639 -9.0284 1.4385 -20.5888 -9.8955 6.6897 -21.7878 -9.0284 7.0793
3 16 -22.8639 -9.0284 1.4385 -21.7878 -9.0284 7.0793 -23.678 -7.7307 1.4897
3 16 -23.678 -7.7307 1.4897 -21.7878 -9.0284 7.0793 -22.5636 -7.7307 7.3314
3 16 -9.754 -4.6693 -13.4253 -13.0587 -5.0086 -10.0786 -9.5965 -6.2 -13.2085
3 16 -9.5965 -6.2 -13.2085 -13.0587 -5.0086 -10.0786 -12.9403 -6.2 -9.9422
3 16 -17.0723 -9.0284 -3.2567 -15.726 -9.0284 -7.4001 -16.4272 -8 -3.1337
3 16 -16.4272 -8 -3.1337 -15.726 -9.0284 -7.4001 -15.1318 -8 -7.1205
3 16 -13.1831 -8 -10.2765 -13.0417 -7.3751 -10.0818 -10.028 -8 -5.9338
3 16 -13.1831 -8 -10.2765 -13.3916 -9.0284 -11.0785 -9.754 -7.7307 -13.4253
3 16 -9.754 -7.7307 -13.4253 -13.3916 -9.0284 -11.0785 -10.2158 -9.0284 -14.0608
3 16 -10.028 -5 -5.9338 -13.0587 -5.0086 -10.0786 -14.9351 -5.0003 -7.0279
3 16 -17.3458 -9.0284 1.0913 -17.0723 -9.0284 -3.2567 -16.7057 -8 0.565
3 16 -16.7057 -8 0.565 -17.0723 -9.0284 -3.2567 -16.4272 -8 -3.1337
3 16 -11.6006 -8 -1.0938 -16.7057 -8 0.565 -16.4272 -8 -3.1337
3 16 -16.7057 -8 0.565 -15.7824 -7.7307 5.128 -17.3458 -9.0284 1.0913
3 16 -17.3458 -9.0284 1.0913 -15.7824 -7.7307 5.128 -16.5295 -9.0284 5.3708
3 16 -16.4769 -7.3751 0.4906 -16.7057 -8 0.565 -11.6006 -8 -1.0938
3 16 -11.6006 -5 -1.0938 -16.4888 -5.0086 0.4781 -16.3128 -6.2 0.4373
3 16 -8.8881 -8 -5.3651 -7.8334 -8 -5.9098 -5.4127 -8 -3.125
3 16 3.198 -5 -9.2771 2.356 -5 -10.111 2.5108 -5 -7.7273
3 16 2.5108 -5 -7.7273 2.356 -5 -10.111 0 -5 -8.125
3 16 3.125 -8 -5.4127 3.1999 -8 -9.2763 5.775 -8 -7.9486
3 16 2.356 -8 -10.111 3.1999 -8 -9.2763 0 -8 -6.25
3 16 0 -8 -6.25 3.1999 -8 -9.2763 3.125 -8 -5.4127
3 16 6.8508 -2.5045 -17.3033 6.3981 -3.3716 -16.1597 10.9388 -2.5045 -15.0559
3 16 10.9388 -2.5045 -15.0559 6.3981 -3.3716 -16.1597 10.2158 -3.3716 -14.0608
3 16 7.4085 -2.2 -18.7118 6.8508 -2.5045 -17.3033 11.8292 -2.2 -16.2815
3 16 11.8292 -2.2 -16.2815 6.8508 -2.5045 -17.3033 10.9388 -2.5045 -15.0559
3 16 9.7541 -7.7307 -13.4253 9.5965 -6.2 -13.2085 5.5583 -7.3751 -15.5189
3 16 5.5583 -7.3751 -15.5189 9.5965 -6.2 -13.2085 5.4569 -6.2 -15.3793
3 16 7.9693 -2.5045 -20.1281 7.4085 -2.2 -18.7118 12.7246 -2.5045 -17.5139
3 16 12.7246 -2.5045 -17.5139 7.4085 -2.2 -18.7118 11.8292 -2.2 -16.2815
3 16 8.4334 -3.3716 -21.3003 7.9693 -2.5045 -20.1281 13.4656 -3.3716 -18.5338
3 16 13.4656 -3.3716 -18.5338 7.9693 -2.5045 -20.1281 12.7246 -2.5045 -17.5139
3 16 10.2158 -9.0284 -14.0608 6.3981 -9.0284 -16.1597 10.9388 -9.8955 -15.0559
3 16 10.9388 -9.8955 -15.0559 6.3981 -9.0284 -16.1597 6.8508 -9.8955 -17.3033
3 16 8.7337 -4.6693 -22.0587 8.4334 -3.3716 -21.3003 13.9451 -4.6693 -19.1937
3 16 13.9451 -4.6693 -19.1937 8.4334 -3.3716 -21.3003 13.4656 -3.3716 -18.5338
3 16 10.9388 -9.8955 -15.0559 6.8508 -9.8955 -17.3033 11.8292 -10.2 -16.2815
3 16 11.8292 -10.2 -16.2815 6.8508 -9.8955 -17.3033 7.4085 -10.2 -18.7118
3 16 8.8366 -6.2 -22.3187 8.7337 -4.6693 -22.0587 14.1094 -6.2 -19.42
3 16 14.1094 -6.2 -19.42 8.7337 -4.6693 -22.0587 13.9451 -4.6693 -19.1937
3 16 11.8292 -10.2 -16.2815 7.4085 -10.2 -18.7118 12.7246 -9.8955 -17.5139
3 16 12.7246 -9.8955 -17.5139 7.4085 -10.2 -18.7118 7.9693 -9.8955 -20.1281
3 16 8.7337 -7.7307 -22.0587 8.8366 -6.2 -22.3187 13.9451 -7.7307 -19.1937
3 16 13.9451 -7.7307 -19.1937 8.8366 -6.2 -22.3187 14.1094 -6.2 -19.42
3 16 12.7246 -9.8955 -17.5139 7.9693 -9.8955 -20.1281 13.4656 -9.0284 -18.5338
3 16 13.4656 -9.0284 -18.5338 7.9693 -9.8955 -20.1281 8.4334 -9.0284 -21.3003
3 16 13.4656 -9.0284 -18.5338 8.4334 -9.0284 -21.3003 13.9451 -7.7307 -19.1937
3 16 13.9451 -7.7307 -19.1937 8.4334 -9.0284 -21.3003 8.7337 -7.7307 -22.0587
3 16 3.1999 -8 -9.2763 3.198 -5 -9.2771 5.775 -8 -7.9486
3 16 5.775 -8 -7.9486 3.198 -5 -9.2771 5.775 -5 -7.9486
3 16 2.356 -8 -10.111 2.356 -5 -10.111 3.1999 -8 -9.2763
3 16 3.1999 -8 -9.2763 2.356 -5 -10.111 3.198 -5 -9.2771
3 16 2.5446 -8 -11.3709 2.5446 -5 -11.3708 2.356 -8 -10.111
3 16 2.356 -8 -10.111 2.5446 -5 -11.3708 2.356 -5 -10.111
3 16 -3.1999 -8 -9.2763 -3.198 -5 -9.2771 -2.356 -8 -10.111
3 16 -2.356 -8 -10.111 -3.198 -5 -9.2771 -2.356 -5 -10.111
3 16 -5.775 -8 -7.9486 -5.775 -5 -7.9486 -3.1999 -8 -9.2763
3 16 -3.1999 -8 -9.2763 -5.775 -5 -7.9486 -3.198 -5 -9.2771
3 16 -2.356 -8 -10.111 -2.356 -5 -10.111 -2.5446 -8 -11.3709
3 16 -2.5446 -8 -11.3709 -2.356 -5 -10.111 -2.5446 -5 -11.3708
3 16 -10.9388 -2.5045 -15.0559 -10.2158 -3.3716 -14.0608 -6.8508 -2.5045 -17.3033
3 16 -6.8508 -2.5045 -17.3033 -10.2158 -3.3716 -14.0608 -6.3981 -3.3716 -16.1597
3 16 -5.55 -5.0086 -15.534 -6.3981 -3.3716 -16.1597 -9.754 -4.6693 -13.4253
3 16 -9.754 -4.6693 -13.4253 -6.3981 -3.3716 -16.1597 -10.2158 -3.3716 -14.0608
3 16 -11.8292 -2.2 -16.2815 -10.9388 -2.5045 -15.0559 -7.4085 -2.2 -18.7118
3 16 -7.4085 -2.2 -18.7118 -10.9388 -2.5045 -15.0559 -6.8508 -2.5045 -17.3033
3 16 -12.7246 -2.5045 -17.5139 -11.8292 -2.2 -16.2815 -7.9693 -2.5045 -20.1281
3 16 -7.9693 -2.5045 -20.1281 -11.8292 -2.2 -16.2815 -7.4085 -2.2 -18.7118
3 16 -13.4656 -3.3716 -18.5338 -12.7246 -2.5045 -17.5139 -8.4334 -3.3716 -21.3003
3 16 -8.4334 -3.3716 -21.3003 -12.7246 -2.5045 -17.5139 -7.9693 -2.5045 -20.1281
3 16 -10.2158 -9.0284 -14.0608 -10.9388 -9.8955 -15.0559 -6.3981 -9.0284 -16.1597
3 16 -6.3981 -9.0284 -16.1597 -10.9388 -9.8955 -15.0559 -6.8508 -9.8955 -17.3033
3 16 -13.9451 -4.6693 -19.1937 -13.4656 -3.3716 -18.5338 -8.7337 -4.6693 -22.0587
3 16 -8.7337 -4.6693 -22.0587 -13.4656 -3.3716 -18.5338 -8.4334 -3.3716 -21.3003
3 16 -6.8508 -9.8955 -17.3033 -10.9388 -9.8955 -15.0559 -7.4085 -10.2 -18.7118
3 16 -7.4085 -10.2 -18.7118 -10.9388 -9.8955 -15.0559 -11.8292 -10.2 -16.2815
3 16 -14.1094 -6.2 -19.42 -13.9451 -4.6693 -19.1937 -8.8366 -6.2 -22.3187
3 16 -8.8366 -6.2 -22.3187 -13.9451 -4.6693 -19.1937 -8.7337 -4.6693 -22.0587
3 16 -7.4085 -10.2 -18.7118 -11.8292 -10.2 -16.2815 -7.9693 -9.8955 -20.1281
3 16 -7.9693 -9.8955 -20.1281 -11.8292 -10.2 -16.2815 -12.7246 -9.8955 -17.5139
3 16 -13.9451 -7.7307 -19.1937 -14.1094 -6.2 -19.42 -8.7337 -7.7307 -22.0587
3 16 -8.7337 -7.7307 -22.0587 -14.1094 -6.2 -19.42 -8.8366 -6.2 -22.3187
3 16 -7.9693 -9.8955 -20.1281 -12.7246 -9.8955 -17.5139 -8.4334 -9.0284 -21.3003
3 16 -8.4334 -9.0284 -21.3003 -12.7246 -9.8955 -17.5139 -13.4656 -9.0284 -18.5338
3 16 -8.4334 -9.0284 -21.3003 -13.4656 -9.0284 -18.5338 -8.7337 -7.7307 -22.0587
3 16 -8.7337 -7.7307 -22.0587 -13.4656 -9.0284 -18.5338 -13.9451 -7.7307 -19.1937
3 16 2.5446 -5 -11.3708 2.0688 -5.0003 -16.3759 -2.5446 -5 -11.3708
3 16 -2.5446 -5 -11.3708 2.0688 -5.0003 -16.3759 -2.0688 -5.0003 -16.3759
3 16 9.7541 -4.6693 -13.4253 5.55 -5.0086 -15.534 9.5965 -6.2 -13.2085
3 16 9.5965 -6.2 -13.2085 5.55 -5.0086 -15.534 5.4569 -6.2 -15.3793
3 16 -2.0688 -5.0003 -16.3759 -5.55 -5.0086 -15.534 -2.5446 -5 -11.3708
3 16 5.6997 -8 -15.7135 5.5583 -7.3751 -15.5189 2.5446 -8 -11.3709
3 16 9.7541 -7.7307 -13.4253 5.5583 -7.3751 -15.5189 5.6997 -8 -15.7135
3 16 2.5446 -5 -11.3708 5.4569 -6.2 -15.3793 5.55 -5.0086 -15.534
3 16 5.55 -5.0086 -15.534 2.0688 -5.0003 -16.3759 2.5446 -5 -11.3708
3 16 -2.5446 -8 -11.3709 -5.6997 -8 -15.7135 -2.096 -8 -16.5916
3 16 -5.6997 -8 -15.7135 -9.754 -7.7307 -13.4253 -6.3981 -9.0284 -16.1597
3 16 -6.3981 -9.0284 -16.1597 -9.754 -7.7307 -13.4253 -10.2158 -9.0284 -14.0608
3 16 -5.5583 -7.3751 -15.5189 -5.6997 -8 -15.7135 -2.5446 -8 -11.3709
3 16 -9.754 -7.7307 -13.4253 -5.5583 -7.3751 -15.5189 -9.5965 -6.2 -13.2085
3 16 -9.5965 -6.2 -13.2085 -5.5583 -7.3751 -15.5189 -5.4569 -6.2 -15.3793
3 16 -2.5446 -5 -11.3708 -5.55 -5.0086 -15.534 -5.4569 -6.2 -15.3793
3 16 5.9441 0 -1.9314 5.9441 -5 -1.9314 6.25 0 0
3 16 6.25 0 0 5.9441 -5 -1.9314 6.25 -5 0
3 16 8.125 0 0 7.7273 0 2.5108 8.125 -5 0
3 16 8.125 -5 0 7.7273 0 2.5108 7.7273 -5 2.5108
3 16 6.25 0 0 5.9441 0 1.9314 8.125 0 0
3 16 8.125 0 0 5.9441 0 1.9314 7.7273 0 2.5108
3 16 3.6737 0 -5.0564 3.6737 -5 -5.0564 5.0564 0 -3.6737
3 16 5.0564 0 -3.6737 3.6737 -5 -5.0564 5.0564 -5 -3.6737
3 16 3.6737 0 5.0564 3.6737 -5 5.0564 1.9314 0 5.9441
3 16 1.9314 0 5.9441 3.6737 -5 5.0564 1.9314 -5 5.9441
3 16 2.5108 0 7.7273 0 0 8.125 2.5108 -5 7.7273
3 16 2.5108 -5 7.7273 0 0 8.125 0 -5 8.125
3 16 1.9314 0 5.9441 0 0 6.25 2.5108 0 7.7273
3 16 2.5108 0 7.7273 0 0 6.25 0 0 8.125
3 16 -3.6737 0 5.0564 -3.6737 -5 5.0564 -5.0564 0 3.6737
3 16 -5.0564 0 3.6737 -3.6737 -5 5.0564 -5.0564 -5 3.6737
3 16 -6.5733 0 4.7758 -7.7273 0 2.5108 -6.5733 -5 4.7758
3 16 -6.5733 -5 4.7758 -7.7273 0 2.5108 -7.7273 -5 2.5108
3 16 -5.0564 0 3.6737 -5.9441 0 1.9314 -6.5733 0 4.7758
3 16 -6.5733 0 4.7758 -5.9441 0 1.9314 -7.7273 0 2.5108
3 16 -5.9441 0 -1.9314 -5.9441 -5 -1.9314 -5.0564 0 -3.6737
3 16 -5.0564 0 -3.6737 -5.9441 -5 -1.9314 -5.0564 -5 -3.6737
3 16 -6.5733 0 -4.7758 -4.7758 0 -6.5733 -6.5733 -5 -4.7758
3 16 -6.5733 -5 -4.7758 -4.7758 0 -6.5733 -4.7758 -5 -6.5733
3 16 -5.0564 0 -3.6737 -3.6737 0 -5.0564 -6.5733 0 -4.7758
3 16 -6.5733 0 -4.7758 -3.6737 0 -5.0564 -4.7758 0 -6.5733
3 16 0 0 -6.25 0 -5 -6.25 1.9314 0 -5.9441
3 16 1.9314 0 -5.9441 0 -5 -6.25 1.9314 -5 -5.9441
3 16 5.9441 0 -1.9314 7.7273 0 -2.5108 5.0564 0 -3.6737
3 16 5.0564 0 -3.6737 7.7273 0 -2.5108 6.5733 0 -4.7758
3 16 6.5733 0 -4.7758 7.7273 0 -2.5108 6.5733 -5 -4.7758
3 16 6.5733 -5 -4.7758 7.7273 0 -2.5108 7.7273 -5 -2.5108
3 16 7.7273 -5 -2.5108 7.7273 0 -2.5108 8.125 -5 0
3 16 8.125 -5 0 7.7273 0 -2.5108 8.125 0 0
3 16 7.7273 0 -2.5108 5.9441 0 -1.9314 8.125 0 0
3 16 8.125 0 0 5.9441 0 -1.9314 6.25 0 0
3 16 5.9441 0 1.9314 5.9441 -5 1.9314 5.0564 0 3.6737
3 16 5.0564 0 3.6737 5.9441 -5 1.9314 5.0564 -5 3.6737
3 16 6.25 -5 0 5.9441 -5 1.9314 6.25 0 0
3 16 6.25 0 0 5.9441 -5 1.9314 5.9441 0 1.9314
3 16 5.0564 -5 -3.6737 5.9441 -5 -1.9314 5.0564 0 -3.6737
3 16 5.0564 0 -3.6737 5.9441 -5 -1.9314 5.9441 0 -1.9314
3 16 4.7758 0 -6.5733 3.6737 0 -5.0564 6.5733 0 -4.7758
3 16 6.5733 0 -4.7758 3.6737 0 -5.0564 5.0564 0 -3.6737
3 16 4.7758 -5 -6.5733 4.7758 0 -6.5733 6.5733 -5 -4.7758
3 16 6.5733 -5 -4.7758 4.7758 0 -6.5733 6.5733 0 -4.7758
3 16 1.9314 0 -5.9441 3.6737 0 -5.0564 2.5108 0 -7.7273
3 16 2.5108 0 -7.7273 3.6737 0 -5.0564 4.7758 0 -6.5733
3 16 2.5108 0 -7.7273 4.7758 0 -6.5733 2.5108 -5 -7.7273
3 16 2.5108 -5 -7.7273 4.7758 0 -6.5733 4.7758 -5 -6.5733
3 16 3.6737 0 5.0564 4.7758 0 6.5733 5.0564 0 3.6737
3 16 5.0564 0 3.6737 4.7758 0 6.5733 6.5733 0 4.7758
3 16 6.5733 0 4.7758 4.7758 0 6.5733 6.5733 -5 4.7758
3 16 6.5733 -5 4.7758 4.7758 0 6.5733 4.7758 -5 6.5733
3 16 4.7758 -5 6.5733 4.7758 0 6.5733 2.5108 -5 7.7273
3 16 2.5108 -5 7.7273 4.7758 0 6.5733 2.5108 0 7.7273
3 16 4.7758 0 6.5733 3.6737 0 5.0564 2.5108 0 7.7273
3 16 2.5108 0 7.7273 3.6737 0 5.0564 1.9314 0 5.9441
3 16 0 0 6.25 0 -5 6.25 -1.9314 0 5.9441
3 16 -1.9314 0 5.9441 0 -5 6.25 -1.9314 -5 5.9441
3 16 1.9314 -5 5.9441 0 -5 6.25 1.9314 0 5.9441
3 16 1.9314 0 5.9441 0 -5 6.25 0 0 6.25
3 16 5.0564 -5 3.6737 3.6737 -5 5.0564 5.0564 0 3.6737
3 16 5.0564 0 3.6737 3.6737 -5 5.0564 3.6737 0 5.0564
3 16 7.7273 -5 2.5108 7.7273 0 2.5108 6.5733 -5 4.7758
3 16 6.5733 -5 4.7758 7.7273 0 2.5108 6.5733 0 4.7758
3 16 7.7273 0 2.5108 5.9441 0 1.9314 6.5733 0 4.7758
3 16 6.5733 0 4.7758 5.9441 0 1.9314 5.0564 0 3.6737
3 16 -3.6737 0 5.0564 -4.7758 0 6.5733 -1.9314 0 5.9441
3 16 -1.9314 0 5.9441 -4.7758 0 6.5733 -2.5108 0 7.7273
3 16 -2.5108 0 7.7273 -4.7758 0 6.5733 -2.5108 -5 7.7273
3 16 -2.5108 -5 7.7273 -4.7758 0 6.5733 -4.7758 -5 6.5733
3 16 -4.7758 -5 6.5733 -4.7758 0 6.5733 -6.5733 -5 4.7758
3 16 -6.5733 -5 4.7758 -4.7758 0 6.5733 -6.5733 0 4.7758
3 16 -4.7758 0 6.5733 -3.6737 0 5.0564 -6.5733 0 4.7758
3 16 -6.5733 0 4.7758 -3.6737 0 5.0564 -5.0564 0 3.6737
3 16 -5.9441 0 1.9314 -5.9441 -5 1.9314 -6.25 0 0
3 16 -6.25 0 0 -5.9441 -5 1.9314 -6.25 -5 0
3 16 -5.0564 -5 3.6737 -5.9441 -5 1.9314 -5.0564 0 3.6737
3 16 -5.0564 0 3.6737 -5.9441 -5 1.9314 -5.9441 0 1.9314
3 16 -1.9314 -5 5.9441 -3.6737 -5 5.0564 -1.9314 0 5.9441
3 16 -1.9314 0 5.9441 -3.6737 -5 5.0564 -3.6737 0 5.0564
3 16 0 -5 8.125 0 0 8.125 -2.5108 -5 7.7273
3 16 -2.5108 -5 7.7273 0 0 8.125 -2.5108 0 7.7273
3 16 0 0 8.125 0 0 6.25 -2.5108 0 7.7273
3 16 -2.5108 0 7.7273 0 0 6.25 -1.9314 0 5.9441
3 16 -5.9441 0 -1.9314 -7.7273 0 -2.5108 -6.25 0 0
3 16 -6.25 0 0 -7.7273 0 -2.5108 -8.125 0 0
3 16 -8.125 0 0 -7.7273 0 -2.5108 -8.125 -5 0
3 16 -8.125 -5 0 -7.7273 0 -2.5108 -7.7273 -5 -2.5108
3 16 -7.7273 -5 -2.5108 -7.7273 0 -2.5108 -6.5733 -5 -4.7758
3 16 -6.5733 -5 -4.7758 -7.7273 0 -2.5108 -6.5733 0 -4.7758
3 16 -7.7273 0 -2.5108 -5.9441 0 -1.9314 -6.5733 0 -4.7758
3 16 -6.5733 0 -4.7758 -5.9441 0 -1.9314 -5.0564 0 -3.6737
3 16 -3.6737 0 -5.0564 -3.6737 -5 -5.0564 -1.9314 0 -5.9441
3 16 -1.9314 0 -5.9441 -3.6737 -5 -5.0564 -1.9314 -5 -5.9441
3 16 -5.0564 -5 -3.6737 -3.6737 -5 -5.0564 -5.0564 0 -3.6737
3 16 -5.0564 0 -3.6737 -3.6737 -5 -5.0564 -3.6737 0 -5.0564
3 16 -6.25 -5 0 -5.9441 -5 -1.9314 -6.25 0 0
3 16 -6.25 0 0 -5.9441 -5 -1.9314 -5.9441 0 -1.9314
3 16 -7.7273 -5 2.5108 -7.7273 0 2.5108 -8.125 -5 0
3 16 -8.125 -5 0 -7.7273 0 2.5108 -8.125 0 0
3 16 -7.7273 0 2.5108 -5.9441 0 1.9314 -8.125 0 0
3 16 -8.125 0 0 -5.9441 0 1.9314 -6.25 0 0
3 16 0 0 -6.25 0 0 -8.125 -1.9314 0 -5.9441
3 16 -1.9314 0 -5.9441 0 0 -8.125 -2.5108 0 -7.7273
3 16 -2.5108 0 -7.7273 0 0 -8.125 -2.5108 -5 -7.7273
3 16 -2.5108 -5 -7.7273 0 0 -8.125 0 -5 -8.125
3 16 0 -5 -8.125 0 0 -8.125 2.5108 -5 -7.7273
3 16 2.5108 -5 -7.7273 0 0 -8.125 2.5108 0 -7.7273
3 16 0 0 -8.125 0 0 -6.25 2.5108 0 -7.7273
3 16 2.5108 0 -7.7273 0 0 -6.25 1.9314 0 -5.9441
3 16 1.9314 -5 -5.9441 3.6737 -5 -5.0564 1.9314 0 -5.9441
3 16 1.9314 0 -5.9441 3.6737 -5 -5.0564 3.6737 0 -5.0564
3 16 -1.9314 -5 -5.9441 0 -5 -6.25 -1.9314 0 -5.9441
3 16 -1.9314 0 -5.9441 0 -5 -6.25 0 0 -6.25
3 16 -4.7758 -5 -6.5733 -4.7758 0 -6.5733 -2.5108 -5 -7.7273
3 16 -2.5108 -5 -7.7273 -4.7758 0 -6.5733 -2.5108 0 -7.7273
3 16 -4.7758 0 -6.5733 -3.6737 0 -5.0564 -2.5108 0 -7.7273
3 16 -2.5108 0 -7.7273 -3.6737 0 -5.0564 -1.9314 0 -5.9441
3 16 5.4127 -8 -3.125 3.125 -8 -5.4127 7.8335 -8 -5.9098
3 16 7.8335 -8 -5.9098 3.125 -8 -5.4127 5.775 -8 -7.9486
3 16 3.125 -8 5.4127 5.4127 -8 3.125 7.8491 -8 6.7952
3 16 7.8491 -8 6.7952 5.4127 -8 3.125 8.0412 -8 5.6238
3 16 5.4127 -8 3.125 9.3441 -8 3.0361 8.0412 -8 5.6238
3 16 0 -8 6.25 -2.8637 -8 9.3855 -3.125 -8 5.4127
3 16 -3.125 -8 5.4127 -2.8637 -8 9.3855 -4.0371 -8 9.5648
3 16 0 -8 6.25 0 -8 9.825 -2.8637 -8 9.3855
3 16 -5.4127 -8 -3.125 -6.25 -8 0 -10.3442 -8 -0.8838
3 16 -10.3442 -8 -0.8838 -6.25 -8 0 -9.8111 -8 0.1767
3 16 -5.4127 -8 3.125 -9.3441 -8 3.0361 -6.25 -8 0
3 16 -6.25 -8 0 -9.3441 -8 3.0361 -9.8111 -8 0.1767
3 16 -3.125 -8 -5.4127 -3.1999 -8 -9.2763 0 -8 -6.25
3 16 0 -8 -6.25 -3.1999 -8 -9.2763 -2.356 -8 -10.111
3 16 -3.125 -8 -5.4127 -5.775 -8 -7.9486 -3.1999 -8 -9.2763
3 16 7.8348 -5 -5.9083 6.5733 -5 -4.7758 8.8881 -5 -5.3651
3 16 8.8881 -5 -5.3651 6.5733 -5 -4.7758 7.7273 -5 -2.5108
3 16 4.7758 -5 6.5733 7.8491 -5 6.7952 6.5733 -5 4.7758
3 16 6.5733 -5 4.7758 7.8491 -5 6.7952 8.0402 -5 5.6256
3 16 -4.7758 -5 6.5733 -4.0371 -5 9.5648 -2.5108 -5 7.7273
3 16 -2.5108 -5 7.7273 -4.0371 -5 9.5648 -2.8657 -5 9.3851
3 16 -9.8113 -5 0.1747 -8.125 -5 0 -10.3442 -5 -0.8838
3 16 -10.3442 -5 -0.8838 -8.125 -5 0 -7.7273 -5 -2.5108
3 16 0 -5 -8.125 -2.356 -5 -10.111 -2.5108 -5 -7.7273
3 16 -2.5108 -5 -7.7273 -2.356 -5 -10.111 -3.198 -5 -9.2771
3 16 7.7273 -5 -2.5108 8.125 -5 0 10.3442 -5 -0.8838
3 16 10.3442 -5 -0.8838 8.125 -5 0 9.8113 -5 0.1747
3 16 8.125 -5 0 7.7273 -5 2.5108 9.8113 -5 0.1747
3 16 9.8113 -5 0.1747 7.7273 -5 2.5108 9.3441 -5 3.0361
3 16 6.5733 -5 -4.7758 7.8348 -5 -5.9083 4.7758 -5 -6.5733
3 16 4.7758 -5 -6.5733 7.8348 -5 -5.9083 5.775 -5 -7.9486
3 16 2.5108 -5 7.7273 0 -5 8.125 2.8657 -5 9.3851
3 16 2.8657 -5 9.3851 0 -5 8.125 0 -5 9.825
3 16 6.5733 -5 4.7758 8.0402 -5 5.6256 7.7273 -5 2.5108
3 16 7.7273 -5 2.5108 8.0402 -5 5.6256 9.3441 -5 3.0361
3 16 -6.5733 -5 4.7758 -7.7273 -5 2.5108 -8.0402 -5 5.6256
3 16 -8.0402 -5 5.6256 -7.7273 -5 2.5108 -9.3441 -5 3.0361
3 16 -2.5108 -5 7.7273 -2.8657 -5 9.3851 0 -5 8.125
3 16 0 -5 8.125 -2.8657 -5 9.3851 0 -5 9.825
3 16 -7.7273 -5 -2.5108 -6.5733 -5 -4.7758 -8.8881 -5 -5.3651
3 16 -8.8881 -5 -5.3651 -6.5733 -5 -4.7758 -7.8348 -5 -5.9083
3 16 -6.5733 -5 -4.7758 -4.7758 -5 -6.5733 -7.8348 -5 -5.9083
3 16 -7.8348 -5 -5.9083 -4.7758 -5 -6.5733 -5.775 -5 -7.9486
3 16 -8.125 -5 0 -9.8113 -5 0.1747 -7.7273 -5 2.5108
3 16 -7.7273 -5 2.5108 -9.8113 -5 0.1747 -9.3441 -5 3.0361
3 16 2.5108 -5 -7.7273 4.7758 -5 -6.5733 3.198 -5 -9.2771
3 16 3.198 -5 -9.2771 4.7758 -5 -6.5733 5.775 -5 -7.9486
3 16 -2.5108 -5 -7.7273 -3.198 -5 -9.2771 -4.7758 -5 -6.5733
3 16 -4.7758 -5 -6.5733 -3.198 -5 -9.2771 -5.775 -5 -7.9486
3 16 3.4641 -5 -2 4 -5 0 5.9441 -5 -1.9314
3 16 5.9441 -5 -1.9314 4 -5 0 6.25 -5 0
3 16 5.9441 -5 1.9314 3.4641 -5 2 5.0564 -5 3.6737
3 16 3.4641 -5 2 5.9441 -5 1.9314 4 -5 0
3 16 4 -5 0 5.9441 -5 1.9314 6.25 -5 0
3 16 3.4641 -5 -2 5.9441 -5 -1.9314 5.0564 -5 -3.6737
3 16 3.6737 -5 -5.0564 2 -5 -3.4641 5.0564 -5 -3.6737
3 16 5.0564 -5 -3.6737 2 -5 -3.4641 3.4641 -5 -2
3 16 3.6737 -5 5.0564 2 -5 3.4641 1.9314 -5 5.9441
3 16 0 -5 6.25 0 -5 4 -1.9314 -5 5.9441
3 16 -1.9314 -5 5.9441 0 -5 4 -2 -5 3.4641
3 16 2 -5 3.4641 0 -5 4 1.9314 -5 5.9441
3 16 1.9314 -5 5.9441 0 -5 4 0 -5 6.25
3 16 3.4641 -5 2 2 -5 3.4641 5.0564 -5 3.6737
3 16 5.0564 -5 3.6737 2 -5 3.4641 3.6737 -5 5.0564
3 16 -3.6737 -5 5.0564 -2 -5 3.4641 -5.0564 -5 3.6737
3 16 -5.0564 -5 3.6737 -2 -5 3.4641 -3.4641 -5 2
3 16 -3.4641 -5 2 -4 -5 0 -5.9441 -5 1.9314
3 16 -5.9441 -5 1.9314 -4 -5 0 -6.25 -5 0
3 16 -3.4641 -5 2 -5.9441 -5 1.9314 -5.0564 -5 3.6737
3 16 -2 -5 3.4641 -3.6737 -5 5.0564 -1.9314 -5 5.9441
3 16 -5.9441 -5 -1.9314 -3.4641 -5 -2 -5.0564 -5 -3.6737
3 16 -3.6737 -5 -5.0564 -2 -5 -3.4641 -1.9314 -5 -5.9441
3 16 -3.4641 -5 -2 -2 -5 -3.4641 -5.0564 -5 -3.6737
3 16 -5.0564 -5 -3.6737 -2 -5 -3.4641 -3.6737 -5 -5.0564
3 16 -3.4641 -5 -2 -5.9441 -5 -1.9314 -4 -5 0
3 16 -4 -5 0 -5.9441 -5 -1.9314 -6.25 -5 0
3 16 0 -5 -6.25 0 -5 -4 1.9314 -5 -5.9441
3 16 1.9314 -5 -5.9441 0 -5 -4 2 -5 -3.4641
3 16 2 -5 -3.4641 3.6737 -5 -5.0564 1.9314 -5 -5.9441
3 16 -2 -5 -3.4641 0 -5 -4 -1.9314 -5 -5.9441
3 16 -1.9314 -5 -5.9441 0 -5 -4 0 -5 -6.25
3 16 -8.7422 -8 7.7035 -11.448 -8 12.1909 -13.8473 -8 9.3623
3 16 -4.7758 -5 6.5733 -7.8491 -5 6.7952 -4.0371 -5 9.5648
3 16 -4.625 -5 10.6949 -7.9518 -5.0003 14.4643 -4.6406 -5.0086 15.8295
3 16 -2.356 -5 -10.111 2.356 -5 -10.111 -2.5446 -5 -11.3708
3 16 -2.5446 -5 -11.3708 2.356 -5 -10.111 2.5446 -5 -11.3708
3 16 -10.3442 -5 -0.8838 -8.8881 -5 -5.3651 -11.6006 -5 -1.0938
3 16 -11.6006 -5 -1.0938 -8.8881 -5 -5.3651 -10.028 -5 -5.9338
3 16 7.7273 -5 -2.5108 10.3442 -5 -0.8838 8.8881 -5 -5.3651
3 16 -8.0402 -5 5.6256 -7.8491 -5 6.7952 -6.5733 -5 4.7758
3 16 -6.5733 -5 4.7758 -7.8491 -5 6.7952 -4.7758 -5 6.5733
3 16 7.8491 -5 6.7952 4.0371 -5 9.5648 8.7422 -5 7.7035
3 16 8.7422 -5 7.7035 4.0371 -5 9.5648 4.625 -5 10.6949
3 16 5.4127 -8 -3.125 10.3442 -8 -0.8838 6.25 -8 0
3 16 6.25 -8 0 10.3442 -8 -0.8838 9.8111 -8 0.1767
3 16 7.8335 -8 -5.9098 8.8881 -8 -5.3651 5.4127 -8 -3.125
3 16 8.7422 -8 7.7035 4.625 -8 10.6949 7.8491 -8 6.7952
3 16 7.8491 -8 6.7952 4.625 -8 10.6949 4.0371 -8 9.5648
3 16 -2.356 -8 -10.111 2.356 -8 -10.111 0 -8 -6.25
3 16 2.5446 -8 -11.3709 2.356 -8 -10.111 -2.5446 -8 -11.3709
3 16 -2.5446 -8 -11.3709 2.356 -8 -10.111 -2.356 -8 -10.111
3 16 8.8881 -8 -5.3651 10.3442 -8 -0.8838 5.4127 -8 -3.125
3 16 7.8491 -8 6.7952 4.0371 -8 9.5648 3.125 -8 5.4127
3 16 -8.7422 -8 7.7035 -7.8491 -8 6.7952 -4.625 -8 10.6949
3 16 -4.625 -8 10.6949 -7.8491 -8 6.7952 -4.0371 -8 9.5648
3 16 -11.6006 -8 -1.0938 -10.028 -8 -5.9338 -10.3442 -8 -0.8838
3 16 -10.3442 -8 -0.8838 -10.028 -8 -5.9338 -8.8881 -8 -5.3651
3 16 -4.0371 -5 9.5648 -7.8491 -5 6.7952 -4.625 -5 10.6949
3 16 -4.625 -5 10.6949 -7.8491 -5 6.7952 -8.7422 -5 7.7035
3 16 -7.7273 -5 -2.5108 -8.8881 -5 -5.3651 -10.3442 -5 -0.8838
3 16 0 -5 -8.125 2.356 -5 -10.111 -2.356 -5 -10.111
3 16 8.8881 -5 -5.3651 10.3442 -5 -0.8838 10.028 -5 -5.9338
3 16 10.028 -5 -5.9338 10.3442 -5 -0.8838 11.6006 -5 -1.0937
3 16 4.7758 -5 6.5733 4.0371 -5 9.5648 7.8491 -5 6.7952
3 16 -10.028 -5 -5.9338 -12.9403 -6.2 -9.9422 -13.0587 -5.0086 -10.0786
3 16 -13.0417 -7.3751 -10.0818 -12.9403 -6.2 -9.9422 -10.028 -8 -5.9338
3 16 -10.028 -8 -5.9338 -12.9403 -6.2 -9.9422 -10.028 -5 -5.9338
3 16 -10.028 -5 -5.9338 -14.9351 -5.0003 -7.0279 -11.6006 -5 -1.0938
3 16 -11.6006 -5 -1.0938 -14.9351 -5.0003 -7.0279 -16.2136 -5.0003 -3.0929
3 16 -15.1318 -8 -7.1205 -13.1831 -8 -10.2765 -10.028 -8 -5.9338
3 16 -16.2136 -5.0003 -3.0929 -16.4888 -5.0086 0.4781 -11.6006 -5 -1.0938
3 16 -11.6006 -5 -1.0938 -16.3128 -6.2 0.4373 -11.6006 -8 -1.0938
3 16 -11.6006 -8 -1.0938 -16.3128 -6.2 0.4373 -16.4769 -7.3751 0.4906
3 16 -11.6006 -8 -1.0938 -16.4272 -8 -3.1337 -10.028 -8 -5.9338
3 16 -10.028 -8 -5.9338 -16.4272 -8 -3.1337 -15.1318 -8 -7.1205
3 16 -8.7422 -5 7.7035 -13.4544 -6.2 9.2346 -13.6207 -5.0086 9.3051
3 16 -13.6185 -7.3751 9.2879 -13.4544 -6.2 9.2346 -8.7422 -8 7.7035
3 16 -8.7422 -8 7.7035 -13.4544 -6.2 9.2346 -8.7422 -5 7.7035
3 16 -8.7422 -5 7.7035 -11.2991 -5.0003 12.0324 -4.625 -5 10.6949
3 16 -4.625 -5 10.6949 -11.2991 -5.0003 12.0324 -7.9518 -5.0003 14.4643
3 16 -4.625 -5 10.6949 -4.625 -6.2 15.6496 -4.625 -8 10.6949
3 16 -4.625 -8 10.6949 -4.625 -6.2 15.6496 -4.625 -7.3751 15.8221
3 16 -4.625 -8 10.6949 -4.625 -7.3751 15.8221 -4.625 -8 16.0627
3 16 -4.625 -8 10.6949 -8.0566 -8 14.6549 -8.7422 -8 7.7035
3 16 -8.7422 -8 7.7035 -8.0566 -8 14.6549 -11.448 -8 12.1909
3 16 4.625 -5 10.6949 4.625 -6.2 15.6496 4.6406 -5.0086 15.8295
3 16 4.625 -7.3751 15.8221 4.625 -6.2 15.6496 4.625 -8 10.6949
3 16 4.625 -8 10.6949 4.625 -6.2 15.6496 4.625 -5 10.6949
3 16 4.625 -5 10.6949 7.9518 -5.0003 14.4643 8.7422 -5 7.7035
3 16 8.7422 -5 7.7035 7.9518 -5.0003 14.4643 11.2991 -5.0003 12.0324
3 16 8.7422 -5 7.7035 13.4544 -6.2 9.2346 8.7422 -8 7.7035
3 16 8.7422 -8 7.7035 13.4544 -6.2 9.2346 13.6185 -7.3751 9.2879
3 16 8.7422 -8 7.7035 11.448 -8 12.1909 4.625 -8 10.6949
3 16 4.625 -8 10.6949 11.448 -8 12.1909 8.0566 -8 14.6549
3 16 16.4888 -5.0086 0.4781 11.6006 -5 -1.0937 16.3128 -6.2 0.4373
3 16 16.4769 -7.3751 0.4906 16.3128 -6.2 0.4373 11.6006 -8 -1.0937
3 16 11.6006 -8 -1.0937 16.3128 -6.2 0.4373 11.6006 -5 -1.0937
3 16 11.6006 -5 -1.0937 16.2136 -5.0003 -3.0929 10.028 -5 -5.9338
3 16 10.028 -5 -5.9338 16.2136 -5.0003 -3.0929 14.9351 -5.0003 -7.0279
3 16 10.028 -5 -5.9338 12.9403 -6.2 -9.9422 10.028 -8 -5.9338
3 16 10.028 -8 -5.9338 12.9403 -6.2 -9.9422 13.0417 -7.3751 -10.0818
3 16 10.028 -8 -5.9338 13.0417 -7.3751 -10.0818 13.1831 -8 -10.2765
3 16 10.028 -8 -5.9338 15.1318 -8 -7.1205 11.6006 -8 -1.0937
3 16 11.6006 -8 -1.0937 15.1318 -8 -7.1205 16.4272 -8 -3.1337
3 16 5.5583 -7.3751 -15.5189 5.4569 -6.2 -15.3793 2.5446 -8 -11.3709
3 16 2.5446 -8 -11.3709 5.4569 -6.2 -15.3793 2.5446 -5 -11.3708
3 16 2.096 -8 -16.5916 5.6997 -8 -15.7135 2.5446 -8 -11.3709
3 16 -2.5446 -5 -11.3708 -5.4569 -6.2 -15.3793 -2.5446 -8 -11.3709
3 16 -2.5446 -8 -11.3709 -5.4569 -6.2 -15.3793 -5.5583 -7.3751 -15.5189
3 16 -2.5446 -8 -11.3709 -2.096 -8 -16.5916 2.5446 -8 -11.3709
3 16 2.5446 -8 -11.3709 -2.096 -8 -16.5916 2.096 -8 -16.5916
3 16 -13.0417 -7.3751 -10.0818 -13.1831 -8 -10.2765 -9.754 -7.7307 -13.4253
3 16 -9.754 -7.7307 -13.4253 -9.5965 -6.2 -13.2085 -13.0417 -7.3751 -10.0818
3 16 -13.0417 -7.3751 -10.0818 -9.5965 -6.2 -13.2085 -12.9403 -6.2 -9.9422
3 16 -14.9351 -5.0003 -7.0279 -13.0587 -5.0086 -10.0786 -15.726 -3.3716 -7.4001
3 16 -15.726 -3.3716 -7.4001 -13.0587 -5.0086 -10.0786 -13.3916 -3.3716 -11.0785
3 16 -16.3128 -6.2 0.4373 -15.5275 -6.2 5.0452 -16.4769 -7.3751 0.4906
3 16 -16.4769 -7.3751 0.4906 -15.5275 -6.2 5.0452 -15.7824 -7.7307 5.128
3 16 -16.4888 -5.0086 0.4781 -17.3458 -3.3716 1.0913 -15.7824 -4.6693 5.128
3 16 -15.7824 -4.6693 5.128 -17.3458 -3.3716 1.0913 -16.5295 -3.3716 5.3708
3 16 -11.2991 -5.0003 12.0324 -13.6207 -5.0086 9.3051 -11.8975 -3.3716 12.6696
3 16 -11.8975 -3.3716 12.6696 -13.6207 -5.0086 9.3051 -14.6745 -3.3716 9.3127
3 16 -4.6406 -5.0086 15.8295 -4.3223 -3.3716 16.8341 0 -4.6693 16.5946
3 16 0 -4.6693 16.5946 -4.3223 -3.3716 16.8341 0 -3.3716 17.3801
3 16 -15.7824 -7.7307 5.128 -16.7057 -8 0.565 -16.4769 -7.3751 0.4906
3 16 -15.7824 -7.7307 5.128 -13.6185 -7.3751 9.2879 -13.8473 -8 9.3623
3 16 0 -7.7307 16.5946 -4.625 -8 16.0627 -4.625 -7.3751 15.8221
3 16 4.625 -7.3751 15.8221 4.625 -8 16.0627 0 -7.7307 16.5946
3 16 7.9518 -5.0003 14.4643 4.6406 -5.0086 15.8295 8.3729 -3.3716 15.2303
3 16 8.3729 -3.3716 15.2303 4.6406 -5.0086 15.8295 4.3223 -3.3716 16.8341
3 16 4.6406 -5.0086 15.8295 0 -4.6693 16.5946 4.3223 -3.3716 16.8341
3 16 4.3223 -3.3716 16.8341 0 -4.6693 16.5946 0 -3.3716 17.3801
3 16 15.7824 -7.7307 5.128 13.8473 -8 9.3623 13.6185 -7.3751 9.2879
3 16 13.6207 -5.0086 9.3051 14.6745 -3.3716 9.3127 15.7824 -4.6693 5.128
3 16 15.7824 -4.6693 5.128 14.6745 -3.3716 9.3127 16.5295 -3.3716 5.3708
3 16 16.2136 -5.0003 -3.0929 16.4888 -5.0086 0.4781 17.0723 -3.3716 -3.2567
3 16 17.0723 -3.3716 -3.2567 16.4888 -5.0086 0.4781 17.3458 -3.3716 1.0913
3 16 15.7824 -7.7307 5.128 16.4769 -7.3751 0.4906 16.7057 -8 0.565
3 16 9.7541 -7.7307 -13.4253 13.1831 -8 -10.2765 13.0417 -7.3751 -10.0818
3 16 13.0587 -5.0086 -10.0786 13.3916 -3.3716 -11.0785 9.7541 -4.6693 -13.4253
3 16 9.7541 -4.6693 -13.4253 13.3916 -3.3716 -11.0785 10.2158 -3.3716 -14.0608
3 16 5.6997 -8 -15.7135 6.3981 -9.0284 -16.1597 9.7541 -7.7307 -13.4253
3 16 9.7541 -7.7307 -13.4253 6.3981 -9.0284 -16.1597 10.2158 -9.0284 -14.0608
3 16 5.55 -5.0086 -15.534 9.7541 -4.6693 -13.4253 6.3981 -3.3716 -16.1597
3 16 6.3981 -3.3716 -16.1597 9.7541 -4.6693 -13.4253 10.2158 -3.3716 -14.0608
3 16 -9.754 -7.7307 -13.4253 -5.6997 -8 -15.7135 -5.5583 -7.3751 -15.5189
3 16 2.0688 -5.0003 -16.3759 5.55 -5.0086 -15.534 2.1783 -3.3716 -17.2431
3 16 2.1783 -3.3716 -17.2431 5.55 -5.0086 -15.534 6.3981 -3.3716 -16.1597
3 16 -9.754 -4.6693 -13.4253 -9.5965 -6.2 -13.2085 -5.55 -5.0086 -15.534
3 16 -5.55 -5.0086 -15.534 -9.5965 -6.2 -13.2085 -5.4569 -6.2 -15.3793
3 16 -6.3981 -3.3716 -16.1597 -5.55 -5.0086 -15.534 -2.1783 -3.3716 -17.2431
3 16 -2.1783 -3.3716 -17.2431 -5.55 -5.0086 -15.534 -2.0688 -5.0003 -16.3759
3 16 3.4641 -5 2 3.4641 -12.45 2 2 -5 3.4641
3 16 2 -5 3.4641 3.4641 -12.45 2 2 -12.45 3.4641
3 16 2 -5 3.4641 2 -12.45 3.4641 0 -5 4
3 16 0 -5 4 2 -12.45 3.4641 0 -12.45 4
3 16 0 -5 4 0 -12.45 4 -2 -5 3.4641
3 16 -2 -5 3.4641 0 -12.45 4 -2 -12.45 3.4641
3 16 -2 -5 3.4641 -2 -12.45 3.4641 -3.4641 -5 2
3 16 -3.4641 -5 2 -2 -12.45 3.4641 -3.4641 -12.45 2
3 16 -3.4641 -5 2 -3.4641 -12.45 2 -4 -5 0
3 16 -4 -5 0 -3.4641 -12.45 2 -4 -12.45 0
3 16 -4 -5 0 -4 -12.45 0 -3.4641 -5 -2
3 16 -3.4641 -5 -2 -4 -12.45 0 -3.4641 -12.45 -2
3 16 -3.4641 -5 -2 -3.4641 -12.45 -2 -2 -5 -3.4641
3 16 -2 -5 -3.4641 -3.4641 -12.45 -2 -2 -12.45 -3.4641
3 16 -2 -5 -3.4641 -2 -12.45 -3.4641 0 -5 -4
3 16 0 -5 -4 -2 -12.45 -3.4641 0 -12.45 -4
3 16 0 -5 -4 0 -12.45 -4 2 -5 -3.4641
3 16 2 -5 -3.4641 0 -12.45 -4 2 -12.45 -3.4641
3 16 2 -5 -3.4641 2 -12.45 -3.4641 3.4641 -5 -2
3 16 3.4641 -5 -2 2 -12.45 -3.4641 3.4641 -12.45 -2
3 16 3.4641 -5 -2 3.4641 -12.45 -2 4 -5 0
3 16 4 -5 0 3.4641 -12.45 -2 4 -12.45 0
3 16 4 -5 0 4 -12.45 0 3.4641 -5 2
3 16 3.4641 -5 2 4 -12.45 0 3.4641 -12.45 2
3 16 2.7756 -12.45 4.8075 3.0227 -12.2523 5.2354 0 -12.45 5.5513
3 16 0 -12.45 5.5513 3.0227 -12.2523 5.2354 0 -12.2523 6.0453
3 16 3.0227 -12.2523 5.2354 3.125 -11.7751 5.4127 0 -12.2523 6.0453
3 16 0 -12.2523 6.0453 3.125 -11.7751 5.4127 0 -11.7751 6.25
3 16 5.4127 -11.7751 3.125 5.4127 -8 3.125 3.125 -11.7751 5.4127
3 16 3.125 -11.7751 5.4127 5.4127 -8 3.125 3.125 -8 5.4127
3 16 3.125 -8 5.4127 0 -8 6.25 3.125 -11.7751 5.4127
3 16 3.125 -11.7751 5.4127 0 -8 6.25 0 -11.7751 6.25
3 16 0 -8 6.25 -3.125 -8 5.4127 0 -11.7751 6.25
3 16 0 -11.7751 6.25 -3.125 -8 5.4127 -3.125 -11.7751 5.4127
3 16 -3.125 -8 5.4127 -5.4127 -8 3.125 -3.125 -11.7751 5.4127
3 16 -3.125 -11.7751 5.4127 -5.4127 -8 3.125 -5.4127 -11.7751 3.125
3 16 -5.4127 -8 3.125 -6.25 -8 0 -5.4127 -11.7751 3.125
3 16 -5.4127 -11.7751 3.125 -6.25 -8 0 -6.25 -11.7751 0
3 16 -6.25 -8 0 -5.4127 -8 -3.125 -6.25 -11.7751 0
3 16 -6.25 -11.7751 0 -5.4127 -8 -3.125 -5.4127 -11.7751 -3.125
3 16 -5.4127 -8 -3.125 -3.125 -8 -5.4127 -5.4127 -11.7751 -3.125
3 16 -5.4127 -11.7751 -3.125 -3.125 -8 -5.4127 -3.125 -11.7751 -5.4127
3 16 -3.125 -8 -5.4127 0 -8 -6.25 -3.125 -11.7751 -5.4127
3 16 -3.125 -11.7751 -5.4127 0 -8 -6.25 0 -11.7751 -6.25
3 16 0 -8 -6.25 3.125 -8 -5.4127 0 -11.7751 -6.25
3 16 0 -11.7751 -6.25 3.125 -8 -5.4127 3.125 -11.7751 -5.4127
3 16 3.125 -8 -5.4127 5.4127 -8 -3.125 3.125 -11.7751 -5.4127
3 16 3.125 -11.7751 -5.4127 5.4127 -8 -3.125 5.4127 -11.7751 -3.125
3 16 5.4127 -8 -3.125 6.25 -8 0 5.4127 -11.7751 -3.125
3 16 5.4127 -11.7751 -3.125 6.25 -8 0 6.25 -11.7751 0
3 16 6.25 -8 0 5.4127 -8 3.125 6.25 -11.7751 0
3 16 6.25 -11.7751 0 5.4127 -8 3.125 5.4127 -11.7751 3.125
3 16 -2 -12.45 3.4641 0 -12.45 4 -2.7756 -12.45 4.8075
3 16 -2.7756 -12.45 4.8075 0 -12.45 4 0 -12.45 5.5513
3 16 0 -12.45 5.5513 0 -12.45 4 2.7756 -12.45 4.8075
3 16 2.7756 -12.45 4.8075 0 -12.45 4 2 -12.45 3.4641
3 16 2 -12.45 3.4641 3.4641 -12.45 2 2.7756 -12.45 4.8075
3 16 2.7756 -12.45 4.8075 3.4641 -12.45 2 4.8075 -12.45 2.7756
3 16 3.4641 -12.45 2 4 -12.45 0 4.8075 -12.45 2.7756
3 16 4.8075 -12.45 2.7756 4 -12.45 0 5.5513 -12.45 0
3 16 4 -12.45 0 3.4641 -12.45 -2 5.5513 -12.45 0
3 16 5.5513 -12.45 0 3.4641 -12.45 -2 4.8075 -12.45 -2.7756
3 16 3.4641 -12.45 -2 2 -12.45 -3.4641 4.8075 -12.45 -2.7756
3 16 4.8075 -12.45 -2.7756 2 -12.45 -3.4641 2.7756 -12.45 -4.8075
3 16 2 -12.45 -3.4641 0 -12.45 -4 2.7756 -12.45 -4.8075
3 16 2.7756 -12.45 -4.8075 0 -12.45 -4 0 -12.45 -5.5513
3 16 0 -12.45 -4 -2 -12.45 -3.4641 0 -12.45 -5.5513
3 16 0 -12.45 -5.5513 -2 -12.45 -3.4641 -2.7756 -12.45 -4.8075
3 16 -2 -12.45 -3.4641 -3.4641 -12.45 -2 -2.7756 -12.45 -4.8075
3 16 -2.7756 -12.45 -4.8075 -3.4641 -12.45 -2 -4.8075 -12.45 -2.7756
3 16 -3.4641 -12.45 -2 -4 -12.45 0 -4.8075 -12.45 -2.7756
3 16 -4.8075 -12.45 -2.7756 -4 -12.45 0 -5.5513 -12.45 0
3 16 -4 -12.45 0 -3.4641 -12.45 2 -5.5513 -12.45 0
3 16 -5.5513 -12.45 0 -3.4641 -12.45 2 -4.8075 -12.45 2.7756
3 16 -3.4641 -12.45 2 -2 -12.45 3.4641 -4.8075 -12.45 2.7756
3 16 -4.8075 -12.45 2.7756 -2 -12.45 3.4641 -2.7756 -12.45 4.8075
3 16 5.4127 -11.7751 3.125 5.2354 -12.2523 3.0227 6.25 -11.7751 0
3 16 6.25 -11.7751 0 5.2354 -12.2523 3.0227 6.0453 -12.2523 0
3 16 5.2354 -12.2523 3.0227 4.8075 -12.45 2.7756 6.0453 -12.2523 0
3 16 6.0453 -12.2523 0 4.8075 -12.45 2.7756 5.5513 -12.45 0
3 16 4.8075 -12.45 2.7756 5.2354 -12.2523 3.0227 2.7756 -12.45 4.8075
3 16 2.7756 -12.45 4.8075 5.2354 -12.2523 3.0227 3.0227 -12.2523 5.2354
3 16 5.2354 -12.2523 3.0227 5.4127 -11.7751 3.125 3.0227 -12.2523 5.2354
3 16 3.0227 -12.2523 5.2354 5.4127 -11.7751 3.125 3.125 -11.7751 5.4127
3 16 0 -12.45 5.5513 0 -12.2523 6.0453 -2.7756 -12.45 4.8075
3 16 -2.7756 -12.45 4.8075 0 -12.2523 6.0453 -3.0227 -12.2523 5.2354
3 16 0 -12.2523 6.0453 0 -11.7751 6.25 -3.0227 -12.2523 5.2354
3 16 -3.0227 -12.2523 5.2354 0 -11.7751 6.25 -3.125 -11.7751 5.4127
3 16 -2.7756 -12.45 4.8075 -3.0227 -12.2523 5.2354 -4.8075 -12.45 2.7756
3 16 -4.8075 -12.45 2.7756 -3.0227 -12.2523 5.2354 -5.2354 -12.2523 3.0227
3 16 -3.0227 -12.2523 5.2354 -3.125 -11.7751 5.4127 -5.2354 -12.2523 3.0227
3 16 -5.2354 -12.2523 3.0227 -3.125 -11.7751 5.4127 -5.4127 -11.7751 3.125
3 16 -4.8075 -12.45 2.7756 -5.2354 -12.2523 3.0227 -5.5513 -12.45 0
3 16 -5.5513 -12.45 0 -5.2354 -12.2523 3.0227 -6.0453 -12.2523 0
3 16 -5.2354 -12.2523 3.0227 -5.4127 -11.7751 3.125 -6.0453 -12.2523 0
3 16 -6.0453 -12.2523 0 -5.4127 -11.7751 3.125 -6.25 -11.7751 0
3 16 -5.5513 -12.45 0 -6.0453 -12.2523 0 -4.8075 -12.45 -2.7756
3 16 -4.8075 -12.45 -2.7756 -6.0453 -12.2523 0 -5.2354 -12.2523 -3.0227
3 16 -6.0453 -12.2523 0 -6.25 -11.7751 0 -5.2354 -12.2523 -3.0227
3 16 -5.2354 -12.2523 -3.0227 -6.25 -11.7751 0 -5.4127 -11.7751 -3.125
3 16 -4.8075 -12.45 -2.7756 -5.2354 -12.2523 -3.0227 -2.7756 -12.45 -4.8075
3 16 -2.7756 -12.45 -4.8075 -5.2354 -12.2523 -3.0227 -3.0227 -12.2523 -5.2354
3 16 -5.2354 -12.2523 -3.0227 -5.4127 -11.7751 -3.125 -3.0227 -12.2523 -5.2354
3 16 -3.0227 -12.2523 -5.2354 -5.4127 -11.7751 -3.125 -3.125 -11.7751 -5.4127
3 16 -2.7756 -12.45 -4.8075 -3.0227 -12.2523 -5.2354 0 -12.45 -5.5513
3 16 0 -12.45 -5.5513 -3.0227 -12.2523 -5.2354 0 -12.2523 -6.0453
3 16 -3.0227 -12.2523 -5.2354 -3.125 -11.7751 -5.4127 0 -12.2523 -6.0453
3 16 0 -12.2523 -6.0453 -3.125 -11.7751 -5.4127 0 -11.7751 -6.25
3 16 0 -12.45 -5.5513 0 -12.2523 -6.0453 2.7756 -12.45 -4.8075
3 16 2.7756 -12.45 -4.8075 0 -12.2523 -6.0453 3.0227 -12.2523 -5.2354
3 16 0 -12.2523 -6.0453 0 -11.7751 -6.25 3.0227 -12.2523 -5.2354
3 16 3.0227 -12.2523 -5.2354 0 -11.7751 -6.25 3.125 -11.7751 -5.4127
3 16 2.7756 -12.45 -4.8075 3.0227 -12.2523 -5.2354 4.8075 -12.45 -2.7756
3 16 4.8075 -12.45 -2.7756 3.0227 -12.2523 -5.2354 5.2354 -12.2523 -3.0227
3 16 3.0227 -12.2523 -5.2354 3.125 -11.7751 -5.4127 5.2354 -12.2523 -3.0227
3 16 5.2354 -12.2523 -3.0227 3.125 -11.7751 -5.4127 5.4127 -11.7751 -3.125
3 16 4.8075 -12.45 -2.7756 5.2354 -12.2523 -3.0227 5.5513 -12.45 0
3 16 5.5513 -12.45 0 5.2354 -12.2523 -3.0227 6.0453 -12.2523 0
3 16 5.2354 -12.2523 -3.0227 5.4127 -11.7751 -3.125 6.0453 -12.2523 0
3 16 6.0453 -12.2523 0 5.4127 -11.7751 -3.125 6.25 -11.7751 0
2 24 2.0688 -5.0003 -16.3759 -2.0688 -5.0003 -16.3759
2 24 2.096 -8 -16.5916 5.6997 -8 -15.7135
2 24 2.096 -8 -16.5916 -2.096 -8 -16.5916
2 24 -2.096 -8 -16.5916 -5.6997 -8 -15.7135
2 24 16.2136 -5.0003 -3.0929 14.9351 -5.0003 -7.0279
2 24 16.4769 -7.3751 0.4906 16.3128 -6.2 0.4373
2 24 16.4272 -8 -3.1337 16.7057 -8 0.565
2 24 11.6006 -8 -1.0937 10.3442 -8 -0.8838
2 24 11.6006 -5 -1.0937 10.3442 -5 -0.8838
2 24 10.3442 -8 -0.8838 10.3442 -5 -0.8838
2 24 14.9351 -5.0003 -7.0279 13.0587 -5.0086 -10.0786
2 24 16.7057 -8 0.565 11.6006 -8 -1.0937
2 24 16.4272 -8 -3.1337 16.7057 -8 0.565
2 24 16.4888 -5.0086 0.4781 16.3128 -6.2 0.4373
2 24 13.0587 -5.0086 -10.0786 10.028 -5 -5.9338
2 24 14.9351 -5.0003 -7.0279 13.0587 -5.0086 -10.0786
2 24 16.4272 -8 -3.1337 15.1318 -8 -7.1205
2 24 16.7057 -8 0.565 16.4769 -7.3751 0.4906
2 24 11.6006 -8 -1.0937 16.7057 -8 0.565
2 24 16.4888 -5.0086 0.4781 16.2136 -5.0003 -3.0929
2 24 11.6006 -5 -1.0937 16.4888 -5.0086 0.4781
2 24 15.1318 -8 -7.1205 13.1831 -8 -10.2765
2 24 13.1831 -8 -10.2765 15.1318 -8 -7.1205
2 24 10.028 -8 -5.9338 13.1831 -8 -10.2765
2 24 12.9403 -6.2 -9.9422 13.0417 -7.3751 -10.0818
2 24 13.0587 -5.0086 -10.0786 12.9403 -6.2 -9.9422
2 24 13.0587 -5.0086 -10.0786 10.028 -5 -5.9338
2 24 7.9518 -5.0003 14.4643 11.2991 -5.0003 12.0324
2 24 8.0566 -8 14.6549 4.625 -8 16.0627
2 24 11.2991 -5.0003 12.0324 13.6207 -5.0086 9.3051
2 24 13.6207 -5.0086 9.3051 13.4544 -6.2 9.2346
2 24 8.0566 -8 14.6549 4.625 -8 16.0627
2 24 4.625 -8 10.6949 4.625 -8 16.0627
2 24 4.6406 -5.0086 15.8295 4.625 -6.2 15.6496
2 24 13.6207 -5.0086 9.3051 8.7422 -5 7.7035
2 24 11.2991 -5.0003 12.0324 13.6207 -5.0086 9.3051
2 24 4.6406 -5.0086 15.8295 7.9518 -5.0003 14.4643
2 24 4.6406 -5.0086 15.8295 4.625 -5 10.6949
2 24 8.0566 -8 14.6549 11.448 -8 12.1909
2 24 4.625 -8 16.0627 4.625 -7.3751 15.8221
2 24 4.625 -8 16.0627 4.625 -8 10.6949
2 24 11.448 -8 12.1909 13.8473 -8 9.3623
2 24 13.8473 -8 9.3623 11.448 -8 12.1909
2 24 8.7422 -8 7.7035 13.8473 -8 9.3623
2 24 13.8473 -8 9.3623 8.7422 -8 7.7035
2 24 13.6185 -7.3751 9.2879 13.8473 -8 9.3623
2 24 13.4544 -6.2 9.2346 13.6185 -7.3751 9.2879
2 24 13.6207 -5.0086 9.3051 13.4544 -6.2 9.2346
2 24 8.7422 -5 7.7035 13.6207 -5.0086 9.3051
2 24 9.8111 -8 0.1767 9.3441 -8 3.0361
2 24 6.25 -8 0 5.4127 -8 3.125
2 24 10.028 -8 -5.9338 8.8881 -8 -5.3651
2 24 11.6006 -8 -1.0937 10.3442 -8 -0.8838
2 24 9.8111 -8 0.1767 9.3441 -8 3.0361
2 24 9.8113 -5 0.1747 9.3441 -5 3.0361
2 24 10.3442 -8 -0.8838 9.8111 -8 0.1767
2 24 10.3442 -5 -0.8838 9.8113 -5 0.1747
2 24 7.8335 -8 -5.9098 8.8881 -8 -5.3651
2 24 7.8348 -5 -5.9083 8.8881 -5 -5.3651
2 24 8.8881 -8 -5.3651 8.8881 -5 -5.3651
2 24 7.8335 -8 -5.9098 5.775 -8 -7.9486
2 24 7.8348 -5 -5.9083 5.775 -5 -7.9486
2 24 8.8881 -8 -5.3651 10.028 -8 -5.9338
2 24 10.028 -5 -5.9338 8.8881 -5 -5.3651
2 24 13.0587 -5.0086 -10.0786 12.9403 -6.2 -9.9422
2 24 2.8657 -5 9.3851 4.0371 -5 9.5648
2 24 2.5108 -5 7.7273 4.7758 -5 6.5733
2 24 2.8637 -8 9.3855 0 -8 9.825
2 24 2.8637 -8 9.3855 4.0371 -8 9.5648
2 24 0 -8 6.25 3.125 -8 5.4127
2 24 4.625 -6.2 15.6496 4.625 -7.3751 15.8221
2 24 2.8637 -8 9.3855 0 -8 9.825
2 24 2.8657 -5 9.3851 0 -5 9.825
2 24 4.0371 -8 9.5648 4.0371 -5 9.5648
2 24 2.8637 -8 9.3855 4.0371 -8 9.5648
2 24 2.8657 -5 9.3851 4.0371 -5 9.5648
2 24 4.625 -8 10.6949 4.0371 -8 9.5648
2 24 4.0371 -5 9.5648 4.625 -5 10.6949
2 24 8.0412 -8 5.6238 7.8491 -8 6.7952
2 24 8.0402 -5 5.6256 7.8491 -5 6.7952
2 24 7.8491 -8 6.7952 7.8491 -5 6.7952
2 24 9.3441 -8 3.0361 8.0412 -8 5.6238
2 24 9.3441 -5 3.0361 8.0402 -5 5.6256
2 24 8.7422 -8 7.7035 7.8491 -8 6.7952
2 24 8.7422 -5 7.7035 7.8491 -5 6.7952
2 24 -8.0412 -8 5.6238 -9.3441 -8 3.0361
2 24 -8.0412 -8 5.6238 -7.8491 -8 6.7952
2 24 -5.4127 -8 3.125 -3.125 -8 5.4127
2 24 -11.2991 -5.0003 12.0324 -7.9518 -5.0003 14.4643
2 24 -13.6185 -7.3751 9.2879 -13.4544 -6.2 9.2346
2 24 -11.448 -8 12.1909 -13.8473 -8 9.3623
2 24 -8.0412 -8 5.6238 -9.3441 -8 3.0361
2 24 -8.0402 -5 5.6256 -9.3441 -5 3.0361
2 24 -7.8491 -8 6.7952 -7.8491 -5 6.7952
2 24 -8.0412 -8 5.6238 -7.8491 -8 6.7952
2 24 -8.0402 -5 5.6256 -7.8491 -5 6.7952
2 24 -7.8491 -8 6.7952 -8.7422 -8 7.7035
2 24 -7.8491 -5 6.7952 -8.7422 -5 7.7035
2 24 -2.8637 -8 9.3855 -4.0371 -8 9.5648
2 24 -2.8657 -5 9.3851 -4.0371 -5 9.5648
2 24 -4.0371 -8 9.5648 -4.0371 -5 9.5648
2 24 0 -8 9.825 -2.8637 -8 9.3855
2 24 0 -5 9.825 -2.8657 -5 9.3851
2 24 -4.0371 -8 9.5648 -4.625 -8 10.6949
2 24 -4.0371 -5 9.5648 -4.625 -5 10.6949
2 24 -7.9518 -5.0003 14.4643 -4.6406 -5.0086 15.8295
2 24 -4.6406 -5.0086 15.8295 -4.625 -6.2 15.6496
2 24 -13.6207 -5.0086 9.3051 -13.4544 -6.2 9.2346
2 24 -13.6207 -5.0086 9.3051 -11.2991 -5.0003 12.0324
2 24 -8.7422 -5 7.7035 -13.6207 -5.0086 9.3051
2 24 -11.448 -8 12.1909 -8.0566 -8 14.6549
2 24 -13.8473 -8 9.3623 -13.6185 -7.3751 9.2879
2 24 -8.7422 -8 7.7035 -13.8473 -8 9.3623
2 24 -8.0566 -8 14.6549 -4.625 -8 16.0627
2 24 -4.625 -8 16.0627 -8.0566 -8 14.6549
2 24 -4.625 -8 10.6949 -4.625 -8 16.0627
2 24 -4.625 -6.2 15.6496 -4.625 -7.3751 15.8221
2 24 -4.625 -5 10.6949 -4.6406 -5.0086 15.8295
2 24 -4.625 -6.2 15.6496 -4.6406 -5.0086 15.8295
2 24 -5.4127 -8 -3.125 -3.125 -8 -5.4127
2 24 -7.8334 -8 -5.9098 -5.775 -8 -7.9486
2 24 -14.9351 -5.0003 -7.0279 -16.2136 -5.0003 -3.0929
2 24 -15.1318 -8 -7.1205 -13.1831 -8 -10.2765
2 24 -7.8334 -8 -5.9098 -5.775 -8 -7.9486
2 24 -7.8348 -5 -5.9083 -5.775 -5 -7.9486
2 24 -8.8881 -8 -5.3651 -8.8881 -5 -5.3651
2 24 -7.8334 -8 -5.9098 -8.8881 -8 -5.3651
2 24 -7.8348 -5 -5.9083 -8.8881 -5 -5.3651
2 24 -8.8881 -8 -5.3651 -10.028 -8 -5.9338
2 24 -8.8881 -5 -5.3651 -10.028 -5 -5.9338
2 24 -9.8111 -8 0.1767 -10.3442 -8 -0.8838
2 24 -9.8113 -5 0.1747 -10.3442 -5 -0.8838
2 24 -10.3442 -8 -0.8838 -10.3442 -5 -0.8838
2 24 -9.3441 -8 3.0361 -9.8111 -8 0.1767
2 24 -9.3441 -5 3.0361 -9.8113 -5 0.1747
2 24 -10.3442 -8 -0.8838 -11.6006 -8 -1.0938
2 24 -10.3442 -5 -0.8838 -11.6006 -5 -1.0938
2 24 -16.2136 -5.0003 -3.0929 -16.4888 -5.0086 0.4781
2 24 -16.4888 -5.0086 0.4781 -16.3128 -6.2 0.4373
2 24 -13.0587 -5.0086 -10.0786 -12.9403 -6.2 -9.9422
2 24 -15.1318 -8 -7.1205 -16.4272 -8 -3.1337
2 24 -13.1831 -8 -10.2765 -13.0417 -7.3751 -10.0818
2 24 -10.028 -8 -5.9338 -13.1831 -8 -10.2765
2 24 -13.0587 -5.0086 -10.0786 -14.9351 -5.0003 -7.0279
2 24 -10.028 -5 -5.9338 -13.0587 -5.0086 -10.0786
2 24 -16.4272 -8 -3.1337 -16.7057 -8 0.565
2 24 -16.7057 -8 0.565 -16.4272 -8 -3.1337
2 24 -11.6006 -8 -1.0938 -16.7057 -8 0.565
2 24 -11.6006 -8 -1.0938 -16.7057 -8 0.565
2 24 -16.4769 -7.3751 0.4906 -16.7057 -8 0.565
2 24 -16.4888 -5.0086 0.4781 -16.3128 -6.2 0.4373
2 24 -11.6006 -5 -1.0938 -16.4888 -5.0086 0.4781
2 24 -7.8334 -8 -5.9098 -8.8881 -8 -5.3651
2 24 3.198 -5 -9.2771 2.356 -5 -10.111
2 24 2.5108 -5 -7.7273 0 -5 -8.125
2 24 3.1999 -8 -9.2763 5.775 -8 -7.9486
2 24 3.1999 -8 -9.2763 2.356 -8 -10.111
2 24 3.125 -8 -5.4127 0 -8 -6.25
2 24 5.5583 -7.3751 -15.5189 5.4569 -6.2 -15.3793
2 24 5.775 -8 -7.9486 3.1999 -8 -9.2763
2 24 5.775 -5 -7.9486 3.198 -5 -9.2771
2 24 2.356 -8 -10.111 2.356 -5 -10.111
2 24 3.1999 -8 -9.2763 2.356 -8 -10.111
2 24 3.198 -5 -9.2771 2.356 -5 -10.111
2 24 2.356 -8 -10.111 2.5446 -8 -11.3709
2 24 2.356 -5 -10.111 2.5446 -5 -11.3708
2 24 -3.1999 -8 -9.2763 -2.356 -8 -10.111
2 24 -3.198 -5 -9.2771 -2.356 -5 -10.111
2 24 -2.356 -8 -10.111 -2.356 -5 -10.111
2 24 -5.775 -8 -7.9486 -3.1999 -8 -9.2763
2 24 -5.775 -5 -7.9486 -3.198 -5 -9.2771
2 24 -2.356 -8 -10.111 -2.5446 -8 -11.3709
2 24 -2.356 -5 -10.111 -2.5446 -5 -11.3708
2 24 2.0688 -5.0003 -16.3759 -2.0688 -5.0003 -16.3759
2 24 5.4569 -6.2 -15.3793 5.55 -5.0086 -15.534
2 24 -2.5446 -5 -11.3708 -5.55 -5.0086 -15.534
2 24 -2.0688 -5.0003 -16.3759 -5.55 -5.0086 -15.534
2 24 5.6997 -8 -15.7135 5.5583 -7.3751 -15.5189
2 24 2.5446 -8 -11.3709 5.6997 -8 -15.7135
2 24 5.6997 -8 -15.7135 5.5583 -7.3751 -15.5189
2 24 5.4569 -6.2 -15.3793 5.55 -5.0086 -15.534
2 24 2.5446 -5 -11.3708 5.55 -5.0086 -15.534
2 24 2.0688 -5.0003 -16.3759 5.55 -5.0086 -15.534
2 24 2.5446 -5 -11.3708 5.55 -5.0086 -15.534
2 24 -5.6997 -8 -15.7135 -2.096 -8 -16.5916
2 24 -2.5446 -8 -11.3709 -5.6997 -8 -15.7135
2 24 -2.5446 -8 -11.3709 -5.6997 -8 -15.7135
2 24 -5.5583 -7.3751 -15.5189 -5.6997 -8 -15.7135
2 24 -5.5583 -7.3751 -15.5189 -5.4569 -6.2 -15.3793
2 24 -5.55 -5.0086 -15.534 -5.4569 -6.2 -15.3793
2 24 -2.5446 -5 -11.3708 -5.55 -5.0086 -15.534
2 24 5.9441 0 -1.9314 6.25 0 0
2 24 5.9441 -5 -1.9314 6.25 -5 0
2 24 8.125 0 0 7.7273 0 2.5108
2 24 8.125 -5 0 7.7273 -5 2.5108
2 24 6.25 0 0 5.9441 0 1.9314
2 24 8.125 0 0 7.7273 0 2.5108
2 24 3.6737 0 -5.0564 5.0564 0 -3.6737
2 24 3.6737 -5 -5.0564 5.0564 -5 -3.6737
2 24 3.6737 0 5.0564 1.9314 0 5.9441
2 24 3.6737 -5 5.0564 1.9314 -5 5.9441
2 24 2.5108 0 7.7273 0 0 8.125
2 24 2.5108 -5 7.7273 0 -5 8.125
2 24 1.9314 0 5.9441 0 0 6.25
2 24 2.5108 0 7.7273 0 0 8.125
2 24 -3.6737 0 5.0564 -5.0564 0 3.6737
2 24 -3.6737 -5 5.0564 -5.0564 -5 3.6737
2 24 -6.5733 0 4.7758 -7.7273 0 2.5108
2 24 -6.5733 -5 4.7758 -7.7273 -5 2.5108
2 24 -5.0564 0 3.6737 -5.9441 0 1.9314
2 24 -6.5733 0 4.7758 -7.7273 0 2.5108
2 24 -5.9441 0 -1.9314 -5.0564 0 -3.6737
2 24 -5.9441 -5 -1.9314 -5.0564 -5 -3.6737
2 24 -6.5733 0 -4.7758 -4.7758 0 -6.5733
2 24 -6.5733 -5 -4.7758 -4.7758 -5 -6.5733
2 24 -5.0564 0 -3.6737 -3.6737 0 -5.0564
2 24 -6.5733 0 -4.7758 -4.7758 0 -6.5733
2 24 0 0 -6.25 1.9314 0 -5.9441
2 24 0 -5 -6.25 1.9314 -5 -5.9441
2 24 5.9441 0 -1.9314 5.0564 0 -3.6737
2 24 7.7273 0 -2.5108 6.5733 0 -4.7758
2 24 6.5733 0 -4.7758 7.7273 0 -2.5108
2 24 6.5733 -5 -4.7758 7.7273 -5 -2.5108
2 24 8.125 -5 0 7.7273 -5 -2.5108
2 24 8.125 0 0 7.7273 0 -2.5108
2 24 8.125 0 0 7.7273 0 -2.5108
2 24 6.25 0 0 5.9441 0 -1.9314
2 24 5.9441 0 1.9314 5.0564 0 3.6737
2 24 5.9441 -5 1.9314 5.0564 -5 3.6737
2 24 6.25 -5 0 5.9441 -5 1.9314
2 24 6.25 0 0 5.9441 0 1.9314
2 24 5.9441 -5 -1.9314 5.0564 -5 -3.6737
2 24 5.9441 0 -1.9314 5.0564 0 -3.6737
2 24 6.5733 0 -4.7758 4.7758 0 -6.5733
2 24 5.0564 0 -3.6737 3.6737 0 -5.0564
2 24 6.5733 -5 -4.7758 4.7758 -5 -6.5733
2 24 6.5733 0 -4.7758 4.7758 0 -6.5733
2 24 3.6737 0 -5.0564 1.9314 0 -5.9441
2 24 4.7758 0 -6.5733 2.5108 0 -7.7273
2 24 4.7758 0 -6.5733 2.5108 0 -7.7273
2 24 4.7758 -5 -6.5733 2.5108 -5 -7.7273
2 24 3.6737 0 5.0564 5.0564 0 3.6737
2 24 4.7758 0 6.5733 6.5733 0 4.7758
2 24 6.5733 0 4.7758 4.7758 0 6.5733
2 24 6.5733 -5 4.7758 4.7758 -5 6.5733
2 24 2.5108 -5 7.7273 4.7758 -5 6.5733
2 24 2.5108 0 7.7273 4.7758 0 6.5733
2 24 2.5108 0 7.7273 4.7758 0 6.5733
2 24 1.9314 0 5.9441 3.6737 0 5.0564
2 24 0 0 6.25 -1.9314 0 5.9441
2 24 0 -5 6.25 -1.9314 -5 5.9441
2 24 1.9314 -5 5.9441 0 -5 6.25
2 24 1.9314 0 5.9441 0 0 6.25
2 24 3.6737 -5 5.0564 5.0564 -5 3.6737
2 24 3.6737 0 5.0564 5.0564 0 3.6737
2 24 7.7273 -5 2.5108 6.5733 -5 4.7758
2 24 7.7273 0 2.5108 6.5733 0 4.7758
2 24 7.7273 0 2.5108 6.5733 0 4.7758
2 24 5.9441 0 1.9314 5.0564 0 3.6737
2 24 -3.6737 0 5.0564 -1.9314 0 5.9441
2 24 -4.7758 0 6.5733 -2.5108 0 7.7273
2 24 -2.5108 0 7.7273 -4.7758 0 6.5733
2 24 -2.5108 -5 7.7273 -4.7758 -5 6.5733
2 24 -6.5733 -5 4.7758 -4.7758 -5 6.5733
2 24 -6.5733 0 4.7758 -4.7758 0 6.5733
2 24 -6.5733 0 4.7758 -4.7758 0 6.5733
2 24 -5.0564 0 3.6737 -3.6737 0 5.0564
2 24 -5.9441 0 1.9314 -6.25 0 0
2 24 -5.9441 -5 1.9314 -6.25 -5 0
2 24 -5.0564 -5 3.6737 -5.9441 -5 1.9314
2 24 -5.0564 0 3.6737 -5.9441 0 1.9314
2 24 -3.6737 -5 5.0564 -1.9314 -5 5.9441
2 24 -3.6737 0 5.0564 -1.9314 0 5.9441
2 24 0 -5 8.125 -2.5108 -5 7.7273
2 24 0 0 8.125 -2.5108 0 7.7273
2 24 0 0 8.125 -2.5108 0 7.7273
2 24 0 0 6.25 -1.9314 0 5.9441
2 24 -5.9441 0 -1.9314 -6.25 0 0
2 24 -7.7273 0 -2.5108 -8.125 0 0
2 24 -8.125 0 0 -7.7273 0 -2.5108
2 24 -8.125 -5 0 -7.7273 -5 -2.5108
2 24 -6.5733 -5 -4.7758 -7.7273 -5 -2.5108
2 24 -6.5733 0 -4.7758 -7.7273 0 -2.5108
2 24 -6.5733 0 -4.7758 -7.7273 0 -2.5108
2 24 -5.0564 0 -3.6737 -5.9441 0 -1.9314
2 24 -3.6737 0 -5.0564 -1.9314 0 -5.9441
2 24 -3.6737 -5 -5.0564 -1.9314 -5 -5.9441
2 24 -5.0564 -5 -3.6737 -3.6737 -5 -5.0564
2 24 -5.0564 0 -3.6737 -3.6737 0 -5.0564
2 24 -5.9441 -5 -1.9314 -6.25 -5 0
2 24 -5.9441 0 -1.9314 -6.25 0 0
2 24 -7.7273 -5 2.5108 -8.125 -5 0
2 24 -7.7273 0 2.5108 -8.125 0 0
2 24 -7.7273 0 2.5108 -8.125 0 0
2 24 -5.9441 0 1.9314 -6.25 0 0
2 24 0 0 -6.25 -1.9314 0 -5.9441
2 24 0 0 -8.125 -2.5108 0 -7.7273
2 24 -2.5108 0 -7.7273 0 0 -8.125
2 24 -2.5108 -5 -7.7273 0 -5 -8.125
2 24 2.5108 -5 -7.7273 0 -5 -8.125
2 24 2.5108 0 -7.7273 0 0 -8.125
2 24 2.5108 0 -7.7273 0 0 -8.125
2 24 1.9314 0 -5.9441 0 0 -6.25
2 24 3.6737 -5 -5.0564 1.9314 -5 -5.9441
2 24 3.6737 0 -5.0564 1.9314 0 -5.9441
2 24 0 -5 -6.25 -1.9314 -5 -5.9441
2 24 0 0 -6.25 -1.9314 0 -5.9441
2 24 -4.7758 -5 -6.5733 -2.5108 -5 -7.7273
2 24 -4.7758 0 -6.5733 -2.5108 0 -7.7273
2 24 -4.7758 0 -6.5733 -2.5108 0 -7.7273
2 24 -3.6737 0 -5.0564 -1.9314 0 -5.9441
2 24 3.125 -8 -5.4127 5.4127 -8 -3.125
2 24 5.775 -8 -7.9486 7.8335 -8 -5.9098
2 24 5.4127 -8 3.125 3.125 -8 5.4127
2 24 7.8491 -8 6.7952 8.0412 -8 5.6238
2 24 9.3441 -8 3.0361 8.0412 -8 5.6238
2 24 0 -8 6.25 -3.125 -8 5.4127
2 24 -4.0371 -8 9.5648 -2.8637 -8 9.3855
2 24 0 -8 9.825 -2.8637 -8 9.3855
2 24 -5.4127 -8 -3.125 -6.25 -8 0
2 24 -10.3442 -8 -0.8838 -9.8111 -8 0.1767
2 24 -5.4127 -8 3.125 -6.25 -8 0
2 24 -9.3441 -8 3.0361 -9.8111 -8 0.1767
2 24 -3.125 -8 -5.4127 0 -8 -6.25
2 24 -3.1999 -8 -9.2763 -2.356 -8 -10.111
2 24 -5.775 -8 -7.9486 -3.1999 -8 -9.2763
2 24 7.8348 -5 -5.9083 8.8881 -5 -5.3651
2 24 6.5733 -5 -4.7758 7.7273 -5 -2.5108
2 24 4.7758 -5 6.5733 6.5733 -5 4.7758
2 24 7.8491 -5 6.7952 8.0402 -5 5.6256
2 24 -4.7758 -5 6.5733 -2.5108 -5 7.7273
2 24 -4.0371 -5 9.5648 -2.8657 -5 9.3851
2 24 -9.8113 -5 0.1747 -10.3442 -5 -0.8838
2 24 -8.125 -5 0 -7.7273 -5 -2.5108
2 24 0 -5 -8.125 -2.5108 -5 -7.7273
2 24 -2.356 -5 -10.111 -3.198 -5 -9.2771
2 24 7.7273 -5 -2.5108 8.125 -5 0
2 24 10.3442 -5 -0.8838 9.8113 -5 0.1747
2 24 8.125 -5 0 7.7273 -5 2.5108
2 24 9.8113 -5 0.1747 9.3441 -5 3.0361
2 24 6.5733 -5 -4.7758 4.7758 -5 -6.5733
2 24 7.8348 -5 -5.9083 5.775 -5 -7.9486
2 24 2.5108 -5 7.7273 0 -5 8.125
2 24 2.8657 -5 9.3851 0 -5 9.825
2 24 6.5733 -5 4.7758 7.7273 -5 2.5108
2 24 8.0402 -5 5.6256 9.3441 -5 3.0361
2 24 -6.5733 -5 4.7758 -7.7273 -5 2.5108
2 24 -8.0402 -5 5.6256 -9.3441 -5 3.0361
2 24 -2.5108 -5 7.7273 0 -5 8.125
2 24 -2.8657 -5 9.3851 0 -5 9.825
2 24 -7.7273 -5 -2.5108 -6.5733 -5 -4.7758
2 24 -8.8881 -5 -5.3651 -7.8348 -5 -5.9083
2 24 -6.5733 -5 -4.7758 -4.7758 -5 -6.5733
2 24 -7.8348 -5 -5.9083 -5.775 -5 -7.9486
2 24 -8.125 -5 0 -7.7273 -5 2.5108
2 24 -9.8113 -5 0.1747 -9.3441 -5 3.0361
2 24 2.5108 -5 -7.7273 4.7758 -5 -6.5733
2 24 3.198 -5 -9.2771 5.775 -5 -7.9486
2 24 -2.5108 -5 -7.7273 -4.7758 -5 -6.5733
2 24 -3.198 -5 -9.2771 -5.775 -5 -7.9486
2 24 3.4641 -5 -2 4 -5 0
2 24 5.9441 -5 -1.9314 6.25 -5 0
2 24 5.9441 -5 1.9314 5.0564 -5 3.6737
2 24 4 -5 0 3.4641 -5 2
2 24 6.25 -5 0 5.9441 -5 1.9314
2 24 5.9441 -5 -1.9314 5.0564 -5 -3.6737
2 24 5.0564 -5 -3.6737 3.6737 -5 -5.0564
2 24 3.4641 -5 -2 2 -5 -3.4641
2 24 3.6737 -5 5.0564 1.9314 -5 5.9441
2 24 0 -5 6.25 -1.9314 -5 5.9441
2 24 0 -5 4 -2 -5 3.4641
2 24 2 -5 3.4641 0 -5 4
2 24 1.9314 -5 5.9441 0 -5 6.25
2 24 3.4641 -5 2 2 -5 3.4641
2 24 5.0564 -5 3.6737 3.6737 -5 5.0564
2 24 -3.6737 -5 5.0564 -5.0564 -5 3.6737
2 24 -2 -5 3.4641 -3.4641 -5 2
2 24 -3.4641 -5 2 -4 -5 0
2 24 -5.9441 -5 1.9314 -6.25 -5 0
2 24 -5.0564 -5 3.6737 -5.9441 -5 1.9314
2 24 -1.9314 -5 5.9441 -3.6737 -5 5.0564
2 24 -5.9441 -5 -1.9314 -5.0564 -5 -3.6737
2 24 -3.6737 -5 -5.0564 -1.9314 -5 -5.9441
2 24 -3.4641 -5 -2 -2 -5 -3.4641
2 24 -5.0564 -5 -3.6737 -3.6737 -5 -5.0564
2 24 -4 -5 0 -3.4641 -5 -2
2 24 -6.25 -5 0 -5.9441 -5 -1.9314
2 24 0 -5 -6.25 1.9314 -5 -5.9441
2 24 2 -5 -3.4641 0 -5 -4
2 24 3.6737 -5 -5.0564 1.9314 -5 -5.9441
2 24 -2 -5 -3.4641 0 -5 -4
2 24 -1.9314 -5 -5.9441 0 -5 -6.25
2 24 -11.448 -8 12.1909 -13.8473 -8 9.3623
2 24 -8.7422 -8 7.7035 -13.8473 -8 9.3623
2 24 -7.9518 -5.0003 14.4643 -4.6406 -5.0086 15.8295
2 24 -4.625 -5 10.6949 -4.6406 -5.0086 15.8295
2 24 -2.5446 -5 -11.3708 -2.356 -5 -10.111
2 24 2.356 -5 -10.111 2.5446 -5 -11.3708
2 24 -10.3442 -5 -0.8838 -11.6006 -5 -1.0938
2 24 -10.028 -5 -5.9338 -8.8881 -5 -5.3651
2 24 -8.0402 -5 5.6256 -7.8491 -5 6.7952
2 24 -4.7758 -5 6.5733 -6.5733 -5 4.7758
2 24 8.7422 -5 7.7035 7.8491 -5 6.7952
2 24 4.625 -5 10.6949 4.0371 -5 9.5648
2 24 6.25 -8 0 5.4127 -8 -3.125
2 24 9.8111 -8 0.1767 10.3442 -8 -0.8838
2 24 8.8881 -8 -5.3651 7.8335 -8 -5.9098
2 24 8.7422 -8 7.7035 7.8491 -8 6.7952
2 24 4.625 -8 10.6949 4.0371 -8 9.5648
2 24 2.356 -8 -10.111 2.5446 -8 -11.3709
2 24 -2.5446 -8 -11.3709 -2.356 -8 -10.111
2 24 -7.8491 -8 6.7952 -8.7422 -8 7.7035
2 24 -4.0371 -8 9.5648 -4.625 -8 10.6949
2 24 -10.3442 -8 -0.8838 -11.6006 -8 -1.0938
2 24 -8.8881 -8 -5.3651 -10.028 -8 -5.9338
2 24 -4.0371 -5 9.5648 -4.625 -5 10.6949
2 24 -8.7422 -5 7.7035 -7.8491 -5 6.7952
2 24 10.028 -5 -5.9338 8.8881 -5 -5.3651
2 24 11.6006 -5 -1.0937 10.3442 -5 -0.8838
2 24 -12.9403 -6.2 -9.9422 -13.0587 -5.0086 -10.0786
2 24 -10.028 -5 -5.9338 -13.0587 -5.0086 -10.0786
2 24 -13.0417 -7.3751 -10.0818 -12.9403 -6.2 -9.9422
2 24 -14.9351 -5.0003 -7.0279 -16.2136 -5.0003 -3.0929
2 24 -10.028 -8 -5.9338 -13.1831 -8 -10.2765
2 24 -15.1318 -8 -7.1205 -13.1831 -8 -10.2765
2 24 -11.6006 -5 -1.0938 -16.4888 -5.0086 0.4781
2 24 -16.2136 -5.0003 -3.0929 -16.4888 -5.0086 0.4781
2 24 -16.4769 -7.3751 0.4906 -16.3128 -6.2 0.4373
2 24 -16.4272 -8 -3.1337 -15.1318 -8 -7.1205
2 24 -13.4544 -6.2 9.2346 -13.6207 -5.0086 9.3051
2 24 -8.7422 -5 7.7035 -13.6207 -5.0086 9.3051
2 24 -13.6185 -7.3751 9.2879 -13.4544 -6.2 9.2346
2 24 -11.2991 -5.0003 12.0324 -7.9518 -5.0003 14.4643
2 24 -4.625 -6.2 15.6496 -4.625 -7.3751 15.8221
2 24 -4.625 -7.3751 15.8221 -4.625 -8 16.0627
2 24 -4.625 -8 10.6949 -4.625 -8 16.0627
2 24 -8.0566 -8 14.6549 -11.448 -8 12.1909
2 24 4.625 -6.2 15.6496 4.6406 -5.0086 15.8295
2 24 4.625 -5 10.6949 4.6406 -5.0086 15.8295
2 24 4.625 -7.3751 15.8221 4.625 -6.2 15.6496
2 24 11.2991 -5.0003 12.0324 7.9518 -5.0003 14.4643
2 24 13.6185 -7.3751 9.2879 13.4544 -6.2 9.2346
2 24 8.0566 -8 14.6549 11.448 -8 12.1909
2 24 11.6006 -5 -1.0937 16.4888 -5.0086 0.4781
2 24 16.4888 -5.0086 0.4781 16.3128 -6.2 0.4373
2 24 16.4769 -7.3751 0.4906 16.3128 -6.2 0.4373
2 24 14.9351 -5.0003 -7.0279 16.2136 -5.0003 -3.0929
2 24 12.9403 -6.2 -9.9422 13.0417 -7.3751 -10.0818
2 24 13.0417 -7.3751 -10.0818 13.1831 -8 -10.2765
2 24 10.028 -8 -5.9338 13.1831 -8 -10.2765
2 24 16.4272 -8 -3.1337 15.1318 -8 -7.1205
2 24 5.5583 -7.3751 -15.5189 5.4569 -6.2 -15.3793
2 24 2.5446 -8 -11.3709 5.6997 -8 -15.7135
2 24 2.096 -8 -16.5916 5.6997 -8 -15.7135
2 24 -5.5583 -7.3751 -15.5189 -5.4569 -6.2 -15.3793
2 24 -2.096 -8 -16.5916 2.096 -8 -16.5916
2 24 -13.1831 -8 -10.2765 -13.0417 -7.3751 -10.0818
2 24 -12.9403 -6.2 -9.9422 -13.0417 -7.3751 -10.0818
2 24 -14.9351 -5.0003 -7.0279 -13.0587 -5.0086 -10.0786
2 24 -16.3128 -6.2 0.4373 -16.4769 -7.3751 0.4906
2 24 -11.2991 -5.0003 12.0324 -13.6207 -5.0086 9.3051
2 24 -16.7057 -8 0.565 -16.4769 -7.3751 0.4906
2 24 -13.6185 -7.3751 9.2879 -13.8473 -8 9.3623
2 24 -4.625 -8 16.0627 -4.625 -7.3751 15.8221
2 24 4.625 -8 16.0627 4.625 -7.3751 15.8221
2 24 7.9518 -5.0003 14.4643 4.6406 -5.0086 15.8295
2 24 13.8473 -8 9.3623 13.6185 -7.3751 9.2879
2 24 16.2136 -5.0003 -3.0929 16.4888 -5.0086 0.4781
2 24 16.4769 -7.3751 0.4906 16.7057 -8 0.565
2 24 13.1831 -8 -10.2765 13.0417 -7.3751 -10.0818
2 24 -5.6997 -8 -15.7135 -5.5583 -7.3751 -15.5189
2 24 2.0688 -5.0003 -16.3759 5.55 -5.0086 -15.534
2 24 -5.55 -5.0086 -15.534 -5.4569 -6.2 -15.3793
2 24 -2.0688 -5.0003 -16.3759 -5.55 -5.0086 -15.534
2 24 3.4641 -5 2 2 -5 3.4641
2 24 3.4641 -12.45 2 2 -12.45 3.4641
2 24 2 -5 3.4641 0 -5 4
2 24 2 -12.45 3.4641 0 -12.45 4
2 24 0 -5 4 -2 -5 3.4641
2 24 0 -12.45 4 -2 -12.45 3.4641
2 24 -2 -5 3.4641 -3.4641 -5 2
2 24 -2 -12.45 3.4641 -3.4641 -12.45 2
2 24 -3.4641 -5 2 -4 -5 0
2 24 -3.4641 -12.45 2 -4 -12.45 0
2 24 -4 -5 0 -3.4641 -5 -2
2 24 -4 -12.45 0 -3.4641 -12.45 -2
2 24 -3.4641 -5 -2 -2 -5 -3.4641
2 24 -3.4641 -12.45 -2 -2 -12.45 -3.4641
2 24 -2 -5 -3.4641 0 -5 -4
2 24 -2 -12.45 -3.4641 0 -12.45 -4
2 24 0 -5 -4 2 -5 -3.4641
2 24 0 -12.45 -4 2 -12.45 -3.4641
2 24 2 -5 -3.4641 3.4641 -5 -2
2 24 2 -12.45 -3.4641 3.4641 -12.45 -2
2 24 3.4641 -5 -2 4 -5 0
2 24 3.4641 -12.45 -2 4 -12.45 0
2 24 3.4641 -5 2 4 -5 0
2 24 3.4641 -12.45 2 4 -12.45 0
2 24 3.0227 -12.2523 5.2354 0 -12.2523 6.0453
2 24 3.0227 -12.2523 5.2354 0 -12.2523 6.0453
2 24 5.4127 -8 3.125 3.125 -8 5.4127
2 24 3.125 -8 5.4127 0 -8 6.25
2 24 0 -8 6.25 -3.125 -8 5.4127
2 24 -3.125 -8 5.4127 -5.4127 -8 3.125
2 24 -5.4127 -8 3.125 -6.25 -8 0
2 24 -6.25 -8 0 -5.4127 -8 -3.125
2 24 -5.4127 -8 -3.125 -3.125 -8 -5.4127
2 24 -3.125 -8 -5.4127 0 -8 -6.25
2 24 0 -8 -6.25 3.125 -8 -5.4127
2 24 3.125 -8 -5.4127 5.4127 -8 -3.125
2 24 5.4127 -8 -3.125 6.25 -8 0
2 24 5.4127 -8 3.125 6.25 -8 0
2 24 -2 -12.45 3.4641 0 -12.45 4
2 24 0 -12.45 4 2 -12.45 3.4641
2 24 2 -12.45 3.4641 3.4641 -12.45 2
2 24 3.4641 -12.45 2 4 -12.45 0
2 24 4 -12.45 0 3.4641 -12.45 -2
2 24 3.4641 -12.45 -2 2 -12.45 -3.4641
2 24 2 -12.45 -3.4641 0 -12.45 -4
2 24 0 -12.45 -4 -2 -12.45 -3.4641
2 24 -2 -12.45 -3.4641 -3.4641 -12.45 -2
2 24 -3.4641 -12.45 -2 -4 -12.45 0
2 24 -4 -12.45 0 -3.4641 -12.45 2
2 24 -2 -12.45 3.4641 -3.4641 -12.45 2
2 24 5.2354 -12.2523 3.0227 6.0453 -12.2523 0
2 24 5.2354 -12.2523 3.0227 6.0453 -12.2523 0
2 24 3.0227 -12.2523 5.2354 5.2354 -12.2523 3.0227
2 24 3.0227 -12.2523 5.2354 5.2354 -12.2523 3.0227
2 24 0 -12.2523 6.0453 -3.0227 -12.2523 5.2354
2 24 0 -12.2523 6.0453 -3.0227 -12.2523 5.2354
2 24 -3.0227 -12.2523 5.2354 -5.2354 -12.2523 3.0227
2 24 -3.0227 -12.2523 5.2354 -5.2354 -12.2523 3.0227
2 24 -5.2354 -12.2523 3.0227 -6.0453 -12.2523 0
2 24 -5.2354 -12.2523 3.0227 -6.0453 -12.2523 0
2 24 -6.0453 -12.2523 0 -5.2354 -12.2523 -3.0227
2 24 -6.0453 -12.2523 0 -5.2354 -12.2523 -3.0227
2 24 -5.2354 -12.2523 -3.0227 -3.0227 -12.2523 -5.2354
2 24 -5.2354 -12.2523 -3.0227 -3.0227 -12.2523 -5.2354
2 24 -3.0227 -12.2523 -5.2354 0 -12.2523 -6.0453
2 24 -3.0227 -12.2523 -5.2354 0 -12.2523 -6.0453
2 24 0 -12.2523 -6.0453 3.0227 -12.2523 -5.2354
2 24 0 -12.2523 -6.0453 3.0227 -12.2523 -5.2354
2 24 3.0227 -12.2523 -5.2354 5.2354 -12.2523 -3.0227
2 24 3.0227 -12.2523 -5.2354 5.2354 -12.2523 -3.0227
2 24 6.0453 -12.2523 0 5.2354 -12.2523 -3.0227
2 24 6.0453 -12.2523 0 5.2354 -12.2523 -3.0227
0 STEP
