0 Untitled Model
0 Name: Untitled Model
0 Author: 
0 BFC CERTIFY CCW
3 16 -2.25 -8.5 -5.6207 -2.25 -8.5 -2.25 -2.25 -26.375 -5.6207
3 16 -2.25 -26.375 -5.6207 -2.25 -8.5 -2.25 -2.25 -26.375 -2.25
3 16 -2.25 -26.375 -2.25 -2.25 -8.5 -2.25 -5.6398 -26.375 -2.25
3 16 -5.6398 -26.375 -2.25 -2.25 -8.5 -2.25 -5.8309 -8.5 -2.25
3 16 -5.3389 -8.4421 -3.1737 -2.25 -8.5 -2.25 -3.2304 -8.4421 -5.3212
3 16 -5.8309 -8.5 -2.25 -2.25 -8.5 -2.25 -5.3389 -8.4421 -3.1737
3 16 -3.2304 -8.4421 -5.3212 -2.25 -8.5 -2.25 -2.25 -8.5 -5.6207
3 16 -6.2225 -8.4421 0 -6.2225 -26.375 0 -5.8309 -8.5 -2.25
3 16 -5.8309 -8.5 -2.25 -6.2225 -26.375 0 -5.6398 -26.375 -2.25
3 16 -5.8309 -8.5 -2.25 -6.2225 0 0 -6.2225 -8.4421 0
3 16 -6.2225 0 0 -5.3389 0 -3.1737 -8.0532 0 0
3 16 -8.0532 0 0 -5.3389 0 -3.1737 -6.9597 0 -4.1811
3 16 -5.3389 -8.4421 -3.1737 -5.3389 0 -3.1737 -5.8309 -8.5 -2.25
3 16 -5.8309 -8.5 -2.25 -5.3389 0 -3.1737 -6.2225 0 0
3 16 -5.3389 0 -3.1737 -5.3389 -8.4421 -3.1737 -3.2304 0 -5.3212
3 16 -3.2304 0 -5.3212 -5.3389 -8.4421 -3.1737 -3.2304 -8.4421 -5.3212
3 16 -4.1811 0 -6.9597 -6.9597 0 -4.1811 -3.2304 0 -5.3212
3 16 -3.2304 0 -5.3212 -6.9597 0 -4.1811 -5.3389 0 -3.1737
3 16 0 -26.375 0 -2.25 -26.375 -2.25 -6.2225 -26.375 0
3 16 -6.2225 -26.375 0 -2.25 -26.375 -2.25 -5.6398 -26.375 -2.25
3 16 -4.1811 0 -6.9597 -3.2304 0 -5.3212 -0.875 0 -8.125
3 16 -0.875 0 -8.125 -3.2304 0 -5.3212 0 0 -5.9975
3 16 -2.25 -26.375 -5.6207 0 -26.375 -5.9975 -2.25 -8.5 -5.6207
3 16 -2.25 -8.5 -5.6207 0 -26.375 -5.9975 0 -8.4423 -5.9975
3 16 -2.25 -26.375 -5.6207 -2.25 -26.375 -2.25 0 -26.375 -5.9975
3 16 0 -26.375 -5.9975 -2.25 -26.375 -2.25 0 -26.375 0
3 16 0 0 -5.9975 -2.25 -8.5 -5.6207 0 -8.4423 -5.9975
3 16 -2.25 -8.5 5.6207 -2.25 -26.375 5.6207 -2.25 -8.5 2.25
3 16 -2.25 -8.5 2.25 -2.25 -26.375 5.6207 -2.25 -26.375 2.25
3 16 -5.8309 -8.5 2.25 -2.25 -8.5 2.25 -5.6398 -26.375 2.25
3 16 -5.6398 -26.375 2.25 -2.25 -8.5 2.25 -2.25 -26.375 2.25
3 16 -5.3389 -8.4421 3.1737 -3.2304 -8.4421 5.3212 -2.25 -8.5 2.25
3 16 -5.8309 -8.5 2.25 -5.3389 -8.4421 3.1737 -2.25 -8.5 2.25
3 16 -3.2304 -8.4421 5.3212 -2.25 -8.5 5.6207 -2.25 -8.5 2.25
3 16 -6.2225 -8.4421 0 -5.8309 -8.5 2.25 -6.2225 -26.375 0
3 16 -6.2225 -26.375 0 -5.8309 -8.5 2.25 -5.6398 -26.375 2.25
3 16 -6.9597 0 4.1811 -5.3389 0 3.1737 -8.0532 0 0
3 16 -8.0532 0 0 -5.3389 0 3.1737 -6.2225 0 0
3 16 -4.1811 0 6.9597 -3.2304 0 5.3212 -6.9597 0 4.1811
3 16 -6.9597 0 4.1811 -3.2304 0 5.3212 -5.3389 0 3.1737
3 16 -5.3389 0 3.1737 -3.2304 0 5.3212 -5.3389 -8.4421 3.1737
3 16 -5.3389 -8.4421 3.1737 -3.2304 0 5.3212 -3.2304 -8.4421 5.3212
3 16 -6.2225 0 0 -5.3389 0 3.1737 -5.8309 -8.5 2.25
3 16 -5.8309 -8.5 2.25 -5.3389 0 3.1737 -5.3389 -8.4421 3.1737
3 16 0 -26.375 0 -6.2225 -26.375 0 -2.25 -26.375 2.25
3 16 -2.25 -26.375 2.25 -6.2225 -26.375 0 -5.6398 -26.375 2.25
3 16 -2.25 -26.375 5.6207 -2.25 -8.5 5.6207 0 -26.375 5.9975
3 16 0 -26.375 5.9975 -2.25 -8.5 5.6207 0 -8.4423 5.9975
3 16 0 -26.375 0 -2.25 -26.375 2.25 0 -26.375 5.9975
3 16 0 -26.375 5.9975 -2.25 -26.375 2.25 -2.25 -26.375 5.6207
3 16 0 0 5.9975 -2.25 -8.5 5.6207 -3.2304 0 5.3212
3 16 -3.2304 0 5.3212 -2.25 -8.5 5.6207 -3.2304 -8.4421 5.3212
3 16 -0.875 0 8.125 0 0 8.125 0 0 5.9975
3 16 0 0 -8.125 -0.875 0 -8.125 0 0 -5.9975
3 16 0 0 5.9975 -3.2304 0 5.3212 -0.875 0 8.125
3 16 -0.875 0 8.125 -3.2304 0 5.3212 -4.1811 0 6.9597
3 16 0 0 -5.9975 -3.2304 0 -5.3212 -2.25 -8.5 -5.6207
3 16 -2.25 -8.5 -5.6207 -3.2304 0 -5.3212 -3.2304 -8.4421 -5.3212
3 16 0 0 5.9975 0 -8.4423 5.9975 -2.25 -8.5 5.6207
3 16 -5.8309 -8.5 2.25 -6.2225 -8.4421 0 -6.2225 0 0
3 16 2.25 -8.5 -5.6207 2.25 -26.375 -5.6207 2.25 -8.5 -2.25
3 16 2.25 -8.5 -2.25 2.25 -26.375 -5.6207 2.25 -26.375 -2.25
3 16 5.8309 -8.5 -2.25 2.25 -8.5 -2.25 5.6398 -26.375 -2.25
3 16 5.6398 -26.375 -2.25 2.25 -8.5 -2.25 2.25 -26.375 -2.25
3 16 5.3389 -8.4421 -3.1737 3.2304 -8.4421 -5.3212 2.25 -8.5 -2.25
3 16 5.8309 -8.5 -2.25 5.3389 -8.4421 -3.1737 2.25 -8.5 -2.25
3 16 3.2304 -8.4421 -5.3212 2.25 -8.5 -5.6207 2.25 -8.5 -2.25
3 16 6.2225 -8.4421 0 5.8309 -8.5 -2.25 6.2225 -26.375 0
3 16 6.2225 -26.375 0 5.8309 -8.5 -2.25 5.6398 -26.375 -2.25
3 16 5.8309 -8.5 -2.25 6.2225 -8.4421 0 6.2225 0 0
3 16 6.9597 0 -4.1811 5.3389 0 -3.1737 8.0532 0 0
3 16 8.0532 0 0 5.3389 0 -3.1737 6.2225 0 0
3 16 6.2225 0 0 5.3389 0 -3.1737 5.8309 -8.5 -2.25
3 16 5.8309 -8.5 -2.25 5.3389 0 -3.1737 5.3389 -8.4421 -3.1737
3 16 5.3389 0 -3.1737 3.2304 0 -5.3212 5.3389 -8.4421 -3.1737
3 16 5.3389 -8.4421 -3.1737 3.2304 0 -5.3212 3.2304 -8.4421 -5.3212
3 16 5.3389 0 -3.1737 6.9597 0 -4.1811 3.2304 0 -5.3212
3 16 3.2304 0 -5.3212 6.9597 0 -4.1811 4.1811 0 -6.9597
3 16 0 -26.375 0 6.2225 -26.375 0 2.25 -26.375 -2.25
3 16 2.25 -26.375 -2.25 6.2225 -26.375 0 5.6398 -26.375 -2.25
3 16 0 0 -5.9975 3.2304 0 -5.3212 0.875 0 -8.125
3 16 0.875 0 -8.125 3.2304 0 -5.3212 4.1811 0 -6.9597
3 16 2.25 -26.375 -5.6207 2.25 -8.5 -5.6207 0 -26.375 -5.9975
3 16 0 -26.375 -5.9975 2.25 -8.5 -5.6207 0 -8.4423 -5.9975
3 16 0 -26.375 0 2.25 -26.375 -2.25 0 -26.375 -5.9975
3 16 0 -26.375 -5.9975 2.25 -26.375 -2.25 2.25 -26.375 -5.6207
3 16 0 0 -5.9975 0 -8.4423 -5.9975 2.25 -8.5 -5.6207
3 16 2.25 -8.5 5.6207 2.25 -8.5 2.25 2.25 -26.375 5.6207
3 16 2.25 -26.375 5.6207 2.25 -8.5 2.25 2.25 -26.375 2.25
3 16 2.25 -26.375 2.25 2.25 -8.5 2.25 5.6398 -26.375 2.25
3 16 5.6398 -26.375 2.25 2.25 -8.5 2.25 5.8309 -8.5 2.25
3 16 5.3389 -8.4421 3.1737 2.25 -8.5 2.25 3.2304 -8.4421 5.3212
3 16 5.8309 -8.5 2.25 2.25 -8.5 2.25 5.3389 -8.4421 3.1737
3 16 3.2304 -8.4421 5.3212 2.25 -8.5 2.25 2.25 -8.5 5.6207
3 16 6.2225 -8.4421 0 6.2225 -26.375 0 5.8309 -8.5 2.25
3 16 5.8309 -8.5 2.25 6.2225 -26.375 0 5.6398 -26.375 2.25
3 16 6.2225 0 0 5.3389 0 3.1737 8.0532 0 0
3 16 8.0532 0 0 5.3389 0 3.1737 6.9597 0 4.1811
3 16 4.1811 0 6.9597 6.9597 0 4.1811 3.2304 0 5.3212
3 16 3.2304 0 5.3212 6.9597 0 4.1811 5.3389 0 3.1737
3 16 5.3389 0 3.1737 5.3389 -8.4421 3.1737 3.2304 0 5.3212
3 16 3.2304 0 5.3212 5.3389 -8.4421 3.1737 3.2304 -8.4421 5.3212
3 16 6.2225 0 0 5.8309 -8.5 2.25 5.3389 0 3.1737
3 16 5.3389 0 3.1737 5.8309 -8.5 2.25 5.3389 -8.4421 3.1737
3 16 0 -26.375 0 2.25 -26.375 2.25 6.2225 -26.375 0
3 16 6.2225 -26.375 0 2.25 -26.375 2.25 5.6398 -26.375 2.25
3 16 2.25 -26.375 5.6207 0 -26.375 5.9975 2.25 -8.5 5.6207
3 16 2.25 -8.5 5.6207 0 -26.375 5.9975 0 -8.4423 5.9975
3 16 2.25 -26.375 5.6207 2.25 -26.375 2.25 0 -26.375 5.9975
3 16 0 -26.375 5.9975 2.25 -26.375 2.25 0 -26.375 0
3 16 0 0 5.9975 3.2304 0 5.3212 2.25 -8.5 5.6207
3 16 2.25 -8.5 5.6207 3.2304 0 5.3212 3.2304 -8.4421 5.3212
3 16 0.875 0 8.125 0 0 5.9975 0 0 8.125
3 16 0 0 -8.125 0 0 -5.9975 0.875 0 -8.125
3 16 4.1811 0 6.9597 3.2304 0 5.3212 0.875 0 8.125
3 16 0.875 0 8.125 3.2304 0 5.3212 0 0 5.9975
3 16 0 0 -5.9975 2.25 -8.5 -5.6207 3.2304 0 -5.3212
3 16 3.2304 0 -5.3212 2.25 -8.5 -5.6207 3.2304 -8.4421 -5.3212
3 16 0 0 5.9975 2.25 -8.5 5.6207 0 -8.4423 5.9975
3 16 5.8309 -8.5 2.25 6.2225 0 0 6.2225 -8.4421 0
3 16 0 -32.3349 -2.25 0 -28.5965 -2.25 -3.0799 -33.1622 -2.25
3 16 -3.0799 -33.1622 -2.25 0 -28.5965 -2.25 -7.75 -28.5965 -2.25
3 16 -3.0799 -33.1622 -2.25 -7.75 -28.5965 -2.25 -5.3401 -35.4224 -2.25
3 16 -5.3401 -35.4224 -2.25 -7.75 -28.5965 -2.25 -6.1674 -38.5099 -2.25
3 16 -8.2472 -32.8343 -14.2194 -11.6786 -37.6067 -11.6658 -9.1586 -36.1682 -13.5933
3 16 -9.1586 -36.1682 -13.5933 -11.6786 -37.6067 -11.6658 -9.8344 -38.6403 -13.129
3 16 -4.0166 -29.3878 -15.9984 -8.2472 -32.8343 -14.2194 -4.144 -29.4329 -6.9712
3 16 -4.144 -29.4329 -6.9712 -8.2472 -32.8343 -14.2194 -6.9482 -31.3166 -4.2182
3 16 -0.875 -28.5378 -16.4768 -4.0166 -29.3878 -15.9984 -0.875 -28.5378 -8.125
3 16 -0.875 -28.5378 -8.125 -4.0166 -29.3878 -15.9984 -4.144 -29.4329 -6.9712
3 16 0 -28.5965 0 -7.75 -28.5683 0 0 -28.5965 -2.25
3 16 0 -28.5965 -2.25 -7.75 -28.5683 0 -7.75 -28.5965 -2.25
3 16 -20 -48 0 -20 -38.2893 0 -19.355 -48 -5.038
3 16 -19.355 -48 -5.038 -20 -38.2893 0 -19.355 -38.2893 -5.038
3 16 -19.355 -48 -5.038 -19.355 -38.2893 -5.038 -17.3229 -48 -9.9873
3 16 -17.3229 -48 -9.9873 -19.355 -38.2893 -5.038 -17.3229 -38.2893 -9.9873
3 16 -9.8344 -45.25 -13.129 -9.8344 -38.6403 -13.129 -11.6786 -45.25 -11.6658
3 16 -11.6786 -45.25 -11.6658 -9.8344 -38.6403 -13.129 -11.6786 -37.6067 -11.6658
3 16 -14.2563 -37.6066 -8.1986 -14.2563 -45.25 -8.1986 -11.6786 -37.6067 -11.6658
3 16 -11.6786 -37.6067 -11.6658 -14.2563 -45.25 -8.1986 -11.6786 -45.25 -11.6658
3 16 -15.9127 -45.2724 -4.2245 -14.2563 -45.25 -8.1986 -14.2563 -37.6066 -8.1986
3 16 -14.1421 -38.2893 -14.1421 -14.1421 -29.3871 -14.1421 -9.9619 -38.2863 -17.3377
3 16 -9.9619 -38.2863 -17.3377 -14.1421 -29.3871 -14.1421 -9.9619 -29.3809 -17.3377
3 16 -14.1421 -29.3871 -14.1421 -14.1421 -38.2893 -14.1421 -17.3229 -29.3871 -9.9873
3 16 -17.3229 -29.3871 -9.9873 -14.1421 -38.2893 -14.1421 -17.3229 -38.2893 -9.9873
3 16 -17.3229 -29.3871 -9.9873 -17.3229 -38.2893 -9.9873 -19.355 -29.3871 -5.038
3 16 -19.355 -29.3871 -5.038 -17.3229 -38.2893 -9.9873 -19.355 -38.2893 -5.038
3 16 -19.355 -29.3871 -5.038 -19.355 -38.2893 -5.038 -20 -29.3871 0
3 16 -20 -29.3871 0 -19.355 -38.2893 -5.038 -20 -38.2893 0
3 16 -14.1421 -47.9974 -14.1421 -14.1421 -38.2893 -14.1421 -9.9619 -48 -17.3377
3 16 -9.9619 -48 -17.3377 -14.1421 -38.2893 -14.1421 -9.9619 -38.2863 -17.3377
3 16 -17.3229 -48 -9.9873 -17.3229 -38.2893 -9.9873 -14.1421 -47.9974 -14.1421
3 16 -14.1421 -47.9974 -14.1421 -17.3229 -38.2893 -9.9873 -14.1421 -38.2893 -14.1421
3 16 -19.355 -8 -5.038 -19.355 -29.3871 -5.038 -20 -8 0
3 16 -20 -8 0 -19.355 -29.3871 -5.038 -20 -29.3871 0
3 16 -17.3229 -8 -9.9873 -17.3229 -29.3871 -9.9873 -19.355 -8 -5.038
3 16 -19.355 -8 -5.038 -17.3229 -29.3871 -9.9873 -19.355 -29.3871 -5.038
3 16 -9.9619 -8 -17.3377 -9.9619 -29.3809 -17.3377 -14.1421 -8 -14.1421
3 16 -14.1421 -8 -14.1421 -9.9619 -29.3809 -17.3377 -14.1421 -29.3871 -14.1421
3 16 -9.9619 -29.3809 -17.3377 -9.9619 -8 -17.3377 -5.4025 -29.1143 -19.2512
3 16 -5.4025 -29.1143 -19.2512 -9.9619 -8 -17.3377 -5.4025 -8 -19.2512
3 16 -14.1421 -8 -14.1421 -14.1421 -29.3871 -14.1421 -17.3229 -8 -9.9873
3 16 -17.3229 -8 -9.9873 -14.1421 -29.3871 -14.1421 -17.3229 -29.3871 -9.9873
3 16 -3.0799 -33.1622 -2.25 -3.0799 -33.0696 -18 0 -32.3349 -2.25
3 16 0 -32.3349 -2.25 -3.0799 -33.0696 -18 0 -32.2424 -18
3 16 0 -30.8742 -18 0 -32.2424 -18 -1.9275 -31.088 -18
3 16 0 -46.25 -18 -3.8549 -45.2 -18 0 -44.6849 -18
3 16 0 -44.6849 -18 -3.8549 -45.2 -18 -3.0799 -43.8576 -18
3 16 -3.0799 -43.8576 -18 -3.0799 -43.8576 -2.25 0 -44.6849 -18
3 16 0 -44.6849 -18 -3.0799 -43.8576 -2.25 0 -44.6849 -2.25
3 16 -3.0799 -33.0696 -18 -3.0799 -33.1622 -2.25 -5.3401 -35.4224 -18
3 16 -5.3401 -35.4224 -18 -3.0799 -33.1622 -2.25 -5.3401 -35.4224 -2.25
3 16 -6.6824 -34.6474 -18 -4.5069 -32.2486 -18 -5.3401 -35.4224 -18
3 16 -5.3401 -35.4224 -18 -4.5069 -32.2486 -18 -3.0799 -33.0696 -18
3 16 -5.3401 -35.4224 -18 -5.3401 -35.4224 -2.25 -6.1674 -38.5099 -18
3 16 -6.1674 -38.5099 -18 -5.3401 -35.4224 -2.25 -6.1674 -38.5099 -2.25
3 16 -6.1674 -38.5099 -18 -7.7174 -38.5098 -18 -5.3401 -35.4224 -18
3 16 -5.3401 -35.4224 -18 -7.7174 -38.5098 -18 -6.6824 -34.6474 -18
3 16 -6.1674 -38.5099 -18 -6.1674 -38.5099 -2.25 -5.3401 -41.5974 -18
3 16 -5.3401 -41.5974 -18 -6.1674 -38.5099 -2.25 -5.3401 -41.5974 -2.25
3 16 -5.3401 -41.5974 -18 -6.6824 -42.3724 -18 -6.1674 -38.5099 -18
3 16 -6.1674 -38.5099 -18 -6.6824 -42.3724 -18 -7.7174 -38.5098 -18
3 16 -3.0799 -43.8576 -18 -3.8549 -45.2 -18 -5.3401 -41.5974 -18
3 16 -5.3401 -41.5974 -18 -3.8549 -45.2 -18 -6.6824 -42.3724 -18
3 16 -5.3401 -41.5974 -18 -5.3401 -41.5974 -2.25 -3.0799 -43.8576 -18
3 16 -3.0799 -43.8576 -18 -5.3401 -41.5974 -2.25 -3.0799 -43.8576 -2.25
3 16 -9.9619 -29.3809 -17.3377 -5.4025 -29.1143 -19.2512 -6.6824 -34.6474 -18.8426
3 16 -6.6824 -34.6474 -18.8426 -5.4025 -29.1143 -19.2512 -4.3543 -32.0985 -19.4946
3 16 -4.3543 -32.0985 -19.4946 -4.5069 -32.2486 -18 -6.6824 -34.6474 -18.8426
3 16 -6.6824 -34.6474 -18.8426 -4.5069 -32.2486 -18 -6.6824 -34.6474 -18
3 16 -6.6824 -34.6474 -18.8426 -6.6824 -34.6474 -18 -7.7174 -38.5099 -18.4374
3 16 -7.7174 -38.5099 -18.4374 -6.6824 -34.6474 -18 -7.7174 -38.5098 -18
3 16 -7.7174 -38.5099 -18.4374 -9.9619 -38.2863 -17.3377 -6.6824 -34.6474 -18.8426
3 16 -6.6824 -34.6474 -18.8426 -9.9619 -38.2863 -17.3377 -9.9619 -29.3809 -17.3377
3 16 -5.4025 -29.1143 -19.2512 -2.3389 -28.7679 -19.8583 -4.3543 -32.0985 -19.4946
3 16 -4.3543 -32.0985 -19.4946 -2.3389 -28.7679 -19.8583 -1.949 -31.1078 -19.9742
3 16 -1.949 -31.1078 -19.9742 -1.9275 -31.088 -18 -4.3543 -32.0985 -19.4946
3 16 -4.3543 -32.0985 -19.4946 -1.9275 -31.088 -18 -4.5069 -32.2486 -18
3 16 -7.7174 -38.5098 -18 -6.6824 -42.3724 -18 -7.7174 -38.5099 -18.4374
3 16 -7.7174 -38.5099 -18.4374 -6.6824 -42.3724 -18 -6.6824 -42.3724 -18.8372
3 16 -9.9619 -48 -17.3377 -9.9619 -38.2863 -17.3377 -6.6824 -42.3724 -18.8372
3 16 -6.6824 -42.3724 -18.8372 -9.9619 -38.2863 -17.3377 -7.7174 -38.5099 -18.4374
3 16 -5.4025 -48 -19.2512 -3.8549 -45.2 -19.6107 0 -48 -20
3 16 0 -48 -20 -3.8549 -45.2 -19.6107 0 -46.25 -19.9986
3 16 -3.8549 -45.2 -18 0 -46.25 -18 -3.8549 -45.2 -19.6107
3 16 -3.8549 -45.2 -19.6107 0 -46.25 -18 0 -46.25 -19.9986
3 16 -6.6824 -42.3724 -18 -3.8549 -45.2 -18 -6.6824 -42.3724 -18.8372
3 16 -6.6824 -42.3724 -18.8372 -3.8549 -45.2 -18 -3.8549 -45.2 -19.6107
3 16 -7.75 -28.5683 0 -7.75 -48 0 -7.75 -28.5965 -2.25
3 16 -7.75 -28.5965 -2.25 -7.75 -48 0 -7.75 -48 -2.25
3 16 0 -48 -2.25 0 -44.6849 -2.25 -3.5016 -48 -2.25
3 16 -3.5016 -48 -2.25 0 -44.6849 -2.25 -3.0799 -43.8576 -2.25
3 16 -6.1674 -48 -2.25 -5.3401 -41.5974 -2.25 -7.75 -48 -2.25
3 16 -7.75 -48 -2.25 -5.3401 -41.5974 -2.25 -6.1674 -38.5099 -2.25
3 16 -3.5016 -48 -2.25 -3.0799 -43.8576 -2.25 -6.1674 -48 -2.25
3 16 -6.1674 -48 -2.25 -3.0799 -43.8576 -2.25 -5.3401 -41.5974 -2.25
3 16 -3.5016 -48 -2.25 -5.4025 -48 -19.2512 0 -48 -2.25
3 16 0 -48 -2.25 -5.4025 -48 -19.2512 0 -48 -20
3 16 -7.75 -48 0 -20 -48 0 -7.75 -48 -2.25
3 16 -7.75 -48 -2.25 -20 -48 0 -19.355 -48 -5.038
3 16 -17.3229 -48 -9.9873 -14.1421 -47.9974 -14.1421 -6.1674 -48 -2.25
3 16 -9.9619 -48 -17.3377 -5.4025 -48 -19.2512 -3.5016 -48 -2.25
3 16 0 -28.5034 -20 0 -30.8742 -20 -2.3389 -28.7679 -19.8583
3 16 -2.3389 -28.7679 -19.8583 0 -30.8742 -20 -1.949 -31.1078 -19.9742
3 16 -1.9275 -31.088 -18 -1.949 -31.1078 -19.9742 0 -30.8742 -18
3 16 0 -30.8742 -18 -1.949 -31.1078 -19.9742 0 -30.8742 -20
3 16 -0.875 -28.5378 -16.4768 -0.875 -28.5378 -8.125 -0.875 -8 -16.4768
3 16 -0.875 -8 -16.4768 -0.875 -28.5378 -8.125 -0.875 0 -8.125
3 16 0 -8 -20 -0.875 -8 -19.986 0 0 -8.125
3 16 0 0 -8.125 -0.875 -8 -19.986 -0.875 0 -8.125
3 16 -5.4025 -29.1143 -19.2512 -5.4025 -8 -19.2512 -2.3389 -28.7679 -19.8583
3 16 -2.3389 -28.7679 -19.8583 -5.4025 -8 -19.2512 -2.3889 -8.0028 -19.8503
3 16 -2.3389 -28.7679 -19.8583 -2.3889 -8.0028 -19.8503 0 -28.5034 -20
3 16 -2.3889 -8.0028 -19.8503 -0.875 -8 -19.986 0 -28.5034 -20
3 16 0 -28.5034 -20 -0.875 -8 -19.986 0 -8 -20
3 16 -9.8344 -45.25 -0.875 -16.351 -45.25 -0.875 -9.4773 -38.6403 -0.875
3 16 -9.8344 -45.25 0.875 -9.4773 -38.6403 0.875 -16.3378 -45.25 0.875
3 16 0 -32.3349 2.25 -3.0799 -33.1622 2.25 0 -28.5965 2.25
3 16 0 -28.5965 2.25 -3.0799 -33.1622 2.25 -7.75 -28.5965 2.25
3 16 -3.0799 -33.1622 2.25 -5.3401 -35.4224 2.25 -7.75 -28.5965 2.25
3 16 -5.3401 -35.4224 2.25 -6.1674 -38.5099 2.25 -7.75 -28.5965 2.25
3 16 -8.2472 -32.8343 14.2194 -9.1362 -36.0863 13.6086 -11.6786 -37.6067 11.6657
3 16 -11.6786 -37.6067 11.6657 -9.1362 -36.0863 13.6086 -9.8344 -38.6403 13.129
3 16 -6.9482 -31.3166 4.2181 -8.2472 -32.8343 14.2194 -4.144 -29.4329 6.9712
3 16 -4.144 -29.4329 6.9712 -8.2472 -32.8343 14.2194 -4.0166 -29.3878 15.9984
3 16 -4.144 -29.4329 6.9712 -4.0166 -29.3878 15.9984 -0.875 -28.5378 8.125
3 16 -0.875 -28.5378 8.125 -4.0166 -29.3878 15.9984 -0.875 -28.5378 16.4768
3 16 0 -28.5965 0 0 -28.5965 2.25 -7.75 -28.5683 0
3 16 -7.75 -28.5683 0 0 -28.5965 2.25 -7.75 -28.5965 2.25
3 16 -20 -48 0 -19.355 -48 5.038 -20 -38.2893 0
3 16 -20 -38.2893 0 -19.355 -48 5.038 -19.355 -38.2893 5.038
3 16 -19.355 -48 5.038 -17.3229 -48 9.9872 -19.355 -38.2893 5.038
3 16 -19.355 -38.2893 5.038 -17.3229 -48 9.9872 -17.3229 -38.2893 9.9872
3 16 -9.9619 -48 17.3377 -3.5016 -48 2.25 -5.4025 -48 19.2512
3 16 -3.5016 -48 2.25 0 -48 2.25 -5.4025 -48 19.2512
3 16 -5.4025 -48 19.2512 0 -48 2.25 0 -48 20
3 16 -11.6786 -37.6067 11.6657 -9.8344 -38.6403 13.129 -11.6786 -45.25 11.6657
3 16 -11.6786 -45.25 11.6657 -9.8344 -38.6403 13.129 -9.8344 -45.25 13.129
3 16 -14.2563 -37.6066 8.1986 -11.6786 -37.6067 11.6657 -14.2563 -45.25 8.1986
3 16 -14.2563 -45.25 8.1986 -11.6786 -37.6067 11.6657 -11.6786 -45.25 11.6657
3 16 -15.9127 -45.2724 4.2245 -14.2563 -37.6066 8.1986 -14.2563 -45.25 8.1986
3 16 -14.1421 -38.2893 14.1421 -9.9619 -38.2863 17.3377 -14.1421 -29.3871 14.1421
3 16 -14.1421 -29.3871 14.1421 -9.9619 -38.2863 17.3377 -9.9619 -29.3809 17.3377
3 16 -14.1421 -29.3871 14.1421 -17.3229 -29.3871 9.9872 -14.1421 -38.2893 14.1421
3 16 -14.1421 -38.2893 14.1421 -17.3229 -29.3871 9.9872 -17.3229 -38.2893 9.9872
3 16 -17.3229 -29.3871 9.9872 -19.355 -29.3871 5.038 -17.3229 -38.2893 9.9872
3 16 -17.3229 -38.2893 9.9872 -19.355 -29.3871 5.038 -19.355 -38.2893 5.038
3 16 -19.355 -29.3871 5.038 -20 -29.3871 0 -19.355 -38.2893 5.038
3 16 -19.355 -38.2893 5.038 -20 -29.3871 0 -20 -38.2893 0
3 16 -17.3229 -48 9.9872 -6.1674 -48 2.25 -14.1421 -47.9974 14.1421
3 16 -17.3229 -48 9.9872 -14.1421 -47.9974 14.1421 -17.3229 -38.2893 9.9872
3 16 -17.3229 -38.2893 9.9872 -14.1421 -47.9974 14.1421 -14.1421 -38.2893 14.1421
3 16 -14.1421 -47.9974 14.1421 -9.9619 -48 17.3377 -14.1421 -38.2893 14.1421
3 16 -14.1421 -38.2893 14.1421 -9.9619 -48 17.3377 -9.9619 -38.2863 17.3377
3 16 -5.4025 -8 19.2512 -9.9619 -8 17.3377 -5.4025 -29.1143 19.2512
3 16 -5.4025 -29.1143 19.2512 -9.9619 -8 17.3377 -9.9619 -29.3809 17.3377
3 16 -9.9619 -8 17.3377 -14.1421 -8 14.1421 -9.9619 -29.3809 17.3377
3 16 -9.9619 -29.3809 17.3377 -14.1421 -8 14.1421 -14.1421 -29.3871 14.1421
3 16 -14.1421 -8 14.1421 -17.3229 -8 9.9872 -14.1421 -29.3871 14.1421
3 16 -14.1421 -29.3871 14.1421 -17.3229 -8 9.9872 -17.3229 -29.3871 9.9872
3 16 -17.3229 -8 9.9872 -19.355 -8 5.038 -17.3229 -29.3871 9.9872
3 16 -17.3229 -29.3871 9.9872 -19.355 -8 5.038 -19.355 -29.3871 5.038
3 16 -19.355 -8 5.038 -20 -8 0 -19.355 -29.3871 5.038
3 16 -19.355 -29.3871 5.038 -20 -8 0 -20 -29.3871 0
3 16 -2.3889 -8.0028 19.8503 -5.4025 -8 19.2512 -2.3389 -28.7679 19.8583
3 16 -2.3389 -28.7679 19.8583 -5.4025 -8 19.2512 -5.4025 -29.1143 19.2512
3 16 -0.875 -8 19.986 -0.875 0 8.125 -0.875 -8 16.4768
3 16 0 -32.2424 18 -3.0799 -33.0696 18 0 -32.3349 2.25
3 16 0 -32.3349 2.25 -3.0799 -33.0696 18 -3.0799 -33.1622 2.25
3 16 -3.0799 -33.0696 18 -5.3401 -35.4224 18 -3.0799 -33.1622 2.25
3 16 -3.0799 -33.1622 2.25 -5.3401 -35.4224 18 -5.3401 -35.4224 2.25
3 16 -5.3401 -35.4224 18 -6.1674 -38.5099 18 -5.3401 -35.4224 2.25
3 16 -5.3401 -35.4224 2.25 -6.1674 -38.5099 18 -6.1674 -38.5099 2.25
3 16 -3.0799 -43.8576 18 -3.8549 -45.2 18 0 -44.6849 18
3 16 0 -44.6849 18 -3.8549 -45.2 18 0 -46.25 18
3 16 -3.0799 -33.0696 18 -4.5069 -32.2486 18 -5.3401 -35.4224 18
3 16 -5.3401 -35.4224 18 -4.5069 -32.2486 18 -6.6824 -34.6474 18
3 16 -6.1674 -38.5099 18 -5.3401 -35.4224 18 -7.7174 -38.5098 18
3 16 -7.7174 -38.5098 18 -5.3401 -35.4224 18 -6.6824 -34.6474 18
3 16 -6.1674 -38.5099 18 -5.3401 -41.5974 18 -6.1674 -38.5099 2.25
3 16 -6.1674 -38.5099 2.25 -5.3401 -41.5974 18 -5.3401 -41.5974 2.25
3 16 -5.3401 -41.5974 18 -3.0799 -43.8576 18 -5.3401 -41.5974 2.25
3 16 -5.3401 -41.5974 2.25 -3.0799 -43.8576 18 -3.0799 -43.8576 2.25
3 16 -3.0799 -43.8576 18 0 -44.6849 18 -3.0799 -43.8576 2.25
3 16 -3.0799 -43.8576 2.25 0 -44.6849 18 0 -44.6849 2.25
3 16 -5.3401 -41.5974 18 -6.1674 -38.5099 18 -6.6824 -42.3724 18
3 16 -6.6824 -42.3724 18 -6.1674 -38.5099 18 -7.7174 -38.5098 18
3 16 -3.0799 -43.8576 18 -5.3401 -41.5974 18 -3.8549 -45.2 18
3 16 -3.8549 -45.2 18 -5.3401 -41.5974 18 -6.6824 -42.3724 18
3 16 -1.949 -31.1078 19.9742 -4.3543 -32.0985 19.4946 -1.9275 -31.088 18
3 16 -1.9275 -31.088 18 -4.3543 -32.0985 19.4946 -4.5069 -32.2486 18
3 16 0 -46.25 19.9986 0 -46.25 18 -3.8549 -45.2 19.6107
3 16 -3.8549 -45.2 19.6107 0 -46.25 18 -3.8549 -45.2 18
3 16 0 -46.25 19.9986 -3.8549 -45.2 19.6107 0 -48 20
3 16 0 -48 20 -3.8549 -45.2 19.6107 -5.4025 -48 19.2512
3 16 -3.8549 -45.2 19.6107 -6.6824 -42.3724 18.8372 -5.4025 -48 19.2512
3 16 -5.4025 -48 19.2512 -6.6824 -42.3724 18.8372 -9.9619 -48 17.3377
3 16 -1.949 -31.1078 19.9742 -2.3389 -28.7679 19.8583 -4.3543 -32.0985 19.4946
3 16 -4.3543 -32.0985 19.4946 -2.3389 -28.7679 19.8583 -5.4025 -29.1143 19.2512
3 16 -4.3543 -32.0985 19.4946 -5.4025 -29.1143 19.2512 -6.6824 -34.6474 18.8425
3 16 -6.6824 -34.6474 18.8425 -5.4025 -29.1143 19.2512 -9.9619 -29.3809 17.3377
3 16 -7.7174 -38.5099 18.4374 -6.6824 -34.6474 18.8425 -9.9619 -38.2863 17.3377
3 16 -9.9619 -38.2863 17.3377 -6.6824 -34.6474 18.8425 -9.9619 -29.3809 17.3377
3 16 -3.8549 -45.2 19.6107 -3.8549 -45.2 18 -6.6824 -42.3724 18.8372
3 16 -6.6824 -42.3724 18.8372 -3.8549 -45.2 18 -6.6824 -42.3724 18
3 16 -6.6824 -42.3724 18.8372 -6.6824 -42.3724 18 -7.7174 -38.5099 18.4374
3 16 -7.7174 -38.5099 18.4374 -6.6824 -42.3724 18 -7.7174 -38.5098 18
3 16 -6.6824 -34.6474 18.8425 -7.7174 -38.5099 18.4374 -6.6824 -34.6474 18
3 16 -6.6824 -34.6474 18 -7.7174 -38.5099 18.4374 -7.7174 -38.5098 18
3 16 -4.3543 -32.0985 19.4946 -6.6824 -34.6474 18.8425 -4.5069 -32.2486 18
3 16 -4.5069 -32.2486 18 -6.6824 -34.6474 18.8425 -6.6824 -34.6474 18
3 16 -6.1674 -38.5099 2.25 -7.75 -48 2.25 -7.75 -28.5965 2.25
3 16 -7.75 -28.5683 0 -7.75 -28.5965 2.25 -7.75 -48 0
3 16 -7.75 -48 0 -7.75 -28.5965 2.25 -7.75 -48 2.25
3 16 -19.355 -48 5.038 -20 -48 0 -7.75 -48 2.25
3 16 -7.75 -48 2.25 -20 -48 0 -7.75 -48 0
3 16 -19.355 -48 5.038 -7.75 -48 2.25 -17.3229 -48 9.9872
3 16 -17.3229 -48 9.9872 -7.75 -48 2.25 -6.1674 -48 2.25
3 16 -3.0799 -43.8576 2.25 0 -44.6849 2.25 -3.5016 -48 2.25
3 16 -3.5016 -48 2.25 0 -44.6849 2.25 0 -48 2.25
3 16 -5.3401 -41.5974 2.25 -3.0799 -43.8576 2.25 -6.1674 -48 2.25
3 16 -6.1674 -48 2.25 -3.0799 -43.8576 2.25 -3.5016 -48 2.25
3 16 -14.1421 -47.9974 14.1421 -6.1674 -48 2.25 -9.9619 -48 17.3377
3 16 -9.9619 -48 17.3377 -6.1674 -48 2.25 -3.5016 -48 2.25
3 16 -0.875 0 8.125 -0.875 -28.5378 8.125 -0.875 -8 16.4768
3 16 -0.875 -8 16.4768 -0.875 -28.5378 8.125 -0.875 -28.5378 16.4768
3 16 -1.949 -31.1078 19.9742 0 -30.8742 20 -2.3389 -28.7679 19.8583
3 16 -2.3389 -28.7679 19.8583 0 -30.8742 20 0 -28.5034 20
3 16 -2.3389 -28.7679 19.8583 -0.875 -8 19.986 -2.3889 -8.0028 19.8503
3 16 0 -30.8742 20 -1.949 -31.1078 19.9742 0 -30.8742 18
3 16 0 -30.8742 18 -1.949 -31.1078 19.9742 -1.9275 -31.088 18
3 16 0 -30.8742 18 -1.9275 -31.088 18 0 -32.2424 18
3 16 -0.875 0 8.125 -0.875 -8 19.986 0 0 8.125
3 16 0 0 8.125 -0.875 -8 19.986 0 -8 20
3 16 -9.1203 -35.5099 -0.7625 -8.593 -33.1788 -0.875 -9.1586 -36.1682 -13.5933
3 16 -8.593 -33.1788 -0.875 -6.9482 -31.3166 -4.2182 -9.1586 -36.1682 -13.5933
3 16 -6.9482 -31.3166 -4.2182 -8.2472 -32.8343 -14.2194 -9.1586 -36.1682 -13.5933
3 16 -9.4773 -38.6403 -0.875 -9.8344 -38.6403 -13.129 -9.8344 -45.25 -0.875
3 16 -9.8344 -45.25 -0.875 -9.8344 -38.6403 -13.129 -9.8344 -45.25 -1.9079
3 16 -9.8344 -45.25 -1.9079 -9.8344 -38.6403 -13.129 -9.8344 -45.25 -13.129
3 16 -9.8344 -45.25 0.875 -9.8344 -45.25 13.129 -9.4773 -38.6403 0.875
3 16 -9.4773 -38.6403 0.875 -9.8344 -45.25 13.129 -9.8344 -38.6403 13.129
3 16 -9.1362 -36.0863 13.6086 -9.1203 -35.4773 0.875 -9.8344 -38.6403 13.129
3 16 -9.8344 -38.6403 13.129 -9.1203 -35.4773 0.875 -9.4773 -38.6403 0.875
3 16 -14.2563 -45.25 8.1986 -9.8344 -45.25 0.875 -15.9127 -45.2724 4.2245
3 16 -15.9127 -45.2724 4.2245 -9.8344 -45.25 0.875 -16.3378 -45.25 0.875
3 16 -9.8344 -45.25 0.875 -14.2563 -45.25 8.1986 -11.6786 -45.25 11.6657
3 16 -11.6786 -45.25 11.6657 -9.8344 -45.25 13.129 -9.8344 -45.25 0.875
3 16 -9.8344 -45.25 -1.9079 -9.8344 -45.25 -13.129 -11.6786 -45.25 -11.6658
3 16 -9.1203 -35.4773 0.875 -16.3378 -8.0004 0.875 -16.3378 -45.25 0.875
3 16 -9.1203 -35.5099 -0.7625 -9.4773 -38.6403 -0.875 -16.351 -45.25 -0.875
3 16 -9.1203 -35.4773 0.875 -16.3378 -45.25 0.875 -9.4773 -38.6403 0.875
3 16 -9.1203 -35.5099 -0.7625 -16.351 -8.0004 -0.875 -8.593 -33.1788 -0.875
3 16 -8.593 -33.1788 -0.875 -16.351 -8.0004 -0.875 -7.921 -7.9681 -0.875
3 16 -15.9127 -45.2724 -4.2245 -15.9168 -8 -4.2279 -16.351 -45.25 -0.875
3 16 -16.351 -45.25 -0.875 -15.9168 -8 -4.2279 -16.351 -8.0004 -0.875
3 16 -16.3782 -8 0 -8.038 -7.9919 0 -16.351 -8.0004 -0.875
3 16 -16.351 -8.0004 -0.875 -8.038 -7.9919 0 -7.921 -7.9681 -0.875
3 16 -20 -8 0 -16.351 -8.0004 -0.875 -19.355 -8 -5.038
3 16 -19.355 -8 -5.038 -16.351 -8.0004 -0.875 -15.9168 -8 -4.2279
3 16 -4.0166 -29.3878 -15.9984 -0.875 -28.5378 -16.4768 -4.0166 -8 -15.9984
3 16 -4.0166 -8 -15.9984 -0.875 -28.5378 -16.4768 -0.875 -8 -16.4768
3 16 -8.2472 -32.8343 -14.2194 -4.0166 -29.3878 -15.9984 -8.2472 -8 -14.2194
3 16 -8.2472 -8 -14.2194 -4.0166 -29.3878 -15.9984 -4.0166 -8 -15.9984
3 16 -11.6786 -37.6067 -11.6658 -8.2472 -32.8343 -14.2194 -11.6786 -8 -11.6658
3 16 -11.6786 -8 -11.6658 -8.2472 -32.8343 -14.2194 -8.2472 -8 -14.2194
3 16 -14.2563 -8 -8.1986 -14.2563 -37.6066 -8.1986 -11.6786 -8 -11.6658
3 16 -11.6786 -8 -11.6658 -14.2563 -37.6066 -8.1986 -11.6786 -37.6067 -11.6658
3 16 -15.9127 -45.2724 -4.2245 -14.2563 -37.6066 -8.1986 -15.9168 -8 -4.2279
3 16 -15.9168 -8 -4.2279 -14.2563 -37.6066 -8.1986 -14.2563 -8 -8.1986
3 16 -14.2563 -8 -8.1986 -17.3229 -8 -9.9873 -15.9168 -8 -4.2279
3 16 -15.9168 -8 -4.2279 -17.3229 -8 -9.9873 -19.355 -8 -5.038
3 16 -14.1421 -8 -14.1421 -17.3229 -8 -9.9873 -11.6786 -8 -11.6658
3 16 -11.6786 -8 -11.6658 -17.3229 -8 -9.9873 -14.2563 -8 -8.1986
3 16 -9.9619 -8 -17.3377 -14.1421 -8 -14.1421 -8.2472 -8 -14.2194
3 16 -8.2472 -8 -14.2194 -14.1421 -8 -14.1421 -11.6786 -8 -11.6658
3 16 -4.1811 0 -6.9597 -4.144 -29.4329 -6.9712 -6.9597 0 -4.1811
3 16 -6.9597 0 -4.1811 -4.144 -29.4329 -6.9712 -6.9482 -31.3166 -4.2182
3 16 -0.875 0 -8.125 -0.875 -28.5378 -8.125 -4.1811 0 -6.9597
3 16 -4.1811 0 -6.9597 -0.875 -28.5378 -8.125 -4.144 -29.4329 -6.9712
3 16 -20 -8 0 -19.355 -8 5.038 -16.3378 -8.0004 0.875
3 16 -16.3378 -8.0004 0.875 -19.355 -8 5.038 -15.9168 -8 4.2279
3 16 -8.038 -7.9919 0 -8.0532 0 0 -7.921 -7.9681 -0.875
3 16 -7.921 -7.9681 -0.875 -8.0532 0 0 -6.9597 0 -4.1811
3 16 -6.9597 0 4.1811 -7.9242 -8.0096 0.8751 -6.9482 -31.3166 4.2181
3 16 -6.9482 -31.3166 4.2181 -7.9242 -8.0096 0.8751 -8.5847 -33.1625 0.875
3 16 -16.3378 -8.0004 0.875 -15.9168 -8 4.2279 -16.3378 -45.25 0.875
3 16 -16.3378 -45.25 0.875 -15.9168 -8 4.2279 -15.9127 -45.2724 4.2245
3 16 -19.355 -8 5.038 -17.3229 -8 9.9872 -15.9168 -8 4.2279
3 16 -15.9168 -8 4.2279 -17.3229 -8 9.9872 -14.2563 -8 8.1986
3 16 -14.1421 -8 14.1421 -11.6786 -8 11.6657 -17.3229 -8 9.9872
3 16 -17.3229 -8 9.9872 -11.6786 -8 11.6657 -14.2563 -8 8.1986
3 16 -14.2563 -8 8.1986 -14.2563 -37.6066 8.1986 -15.9168 -8 4.2279
3 16 -15.9168 -8 4.2279 -14.2563 -37.6066 8.1986 -15.9127 -45.2724 4.2245
3 16 -15.9127 -45.2724 -4.2245 -16.351 -45.25 -0.875 -9.8344 -45.25 -0.875
3 16 -9.8344 -45.25 -0.875 -14.2563 -45.25 -8.1986 -15.9127 -45.2724 -4.2245
3 16 -4.0166 -8 -15.9984 -5.4025 -8 -19.2512 -8.2472 -8 -14.2194
3 16 -8.2472 -8 -14.2194 -5.4025 -8 -19.2512 -9.9619 -8 -17.3377
3 16 -5.4025 -8 -19.2512 -4.0166 -8 -15.9984 -2.3889 -8.0028 -19.8503
3 16 -4.0166 -8 -15.9984 -0.875 -8 -16.4768 -2.3889 -8.0028 -19.8503
3 16 -0.875 -8 -16.4768 -0.875 -8 -19.986 -2.3889 -8.0028 -19.8503
3 16 -4.1811 0 6.9597 -6.9597 0 4.1811 -4.144 -29.4329 6.9712
3 16 -4.144 -29.4329 6.9712 -6.9597 0 4.1811 -6.9482 -31.3166 4.2181
3 16 -0.875 0 8.125 -4.1811 0 6.9597 -0.875 -28.5378 8.125
3 16 -0.875 -28.5378 8.125 -4.1811 0 6.9597 -4.144 -29.4329 6.9712
3 16 -11.6786 -8 11.6657 -11.6786 -37.6067 11.6657 -14.2563 -8 8.1986
3 16 -14.2563 -8 8.1986 -11.6786 -37.6067 11.6657 -14.2563 -37.6066 8.1986
3 16 -8.2472 -8 14.2194 -8.2472 -32.8343 14.2194 -11.6786 -8 11.6657
3 16 -11.6786 -8 11.6657 -8.2472 -32.8343 14.2194 -11.6786 -37.6067 11.6657
3 16 -4.0166 -8 15.9984 -4.0166 -29.3878 15.9984 -8.2472 -8 14.2194
3 16 -8.2472 -8 14.2194 -4.0166 -29.3878 15.9984 -8.2472 -32.8343 14.2194
3 16 -4.0166 -29.3878 15.9984 -4.0166 -8 15.9984 -0.875 -28.5378 16.4768
3 16 -0.875 -28.5378 16.4768 -4.0166 -8 15.9984 -0.875 -8 16.4768
3 16 -9.9619 -8 17.3377 -8.2472 -8 14.2194 -14.1421 -8 14.1421
3 16 -14.1421 -8 14.1421 -8.2472 -8 14.2194 -11.6786 -8 11.6657
3 16 -9.9619 -8 17.3377 -5.4025 -8 19.2512 -8.2472 -8 14.2194
3 16 -8.2472 -8 14.2194 -5.4025 -8 19.2512 -4.0166 -8 15.9984
3 16 -0.875 -8 16.4768 -2.3889 -8.0028 19.8503 -0.875 -8 19.986
3 16 -9.4773 -38.6403 -0.875 -9.1203 -35.5099 -0.7625 -9.8344 -38.6403 -13.129
3 16 -9.8344 -38.6403 -13.129 -9.1203 -35.5099 -0.7625 -9.1586 -36.1682 -13.5933
3 16 -9.1203 -35.4773 0.875 -9.1362 -36.0863 13.6086 -8.5847 -33.1625 0.875
3 16 -8.5847 -33.1625 0.875 -9.1362 -36.0863 13.6086 -6.9482 -31.3166 4.2181
3 16 -6.9482 -31.3166 4.2181 -9.1362 -36.0863 13.6086 -8.2472 -32.8343 14.2194
3 16 -9.8344 -45.25 -0.875 -9.8344 -45.25 -1.9079 -14.2563 -45.25 -8.1986
3 16 -14.2563 -45.25 -8.1986 -9.8344 -45.25 -1.9079 -11.6786 -45.25 -11.6658
3 16 -0.875 -8 16.4768 -4.0166 -8 15.9984 -2.3889 -8.0028 19.8503
3 16 -2.3889 -8.0028 19.8503 -4.0166 -8 15.9984 -5.4025 -8 19.2512
3 16 -2.3389 -28.7679 19.8583 0 -28.5034 20 -0.875 -8 19.986
3 16 -0.875 -8 19.986 0 -28.5034 20 0 -8 20
3 16 -6.9597 0 4.1811 -8.0532 0 0 -7.9242 -8.0096 0.8751
3 16 -7.9242 -8.0096 0.8751 -8.0532 0 0 -8.038 -7.9919 0
3 16 -6.9597 0 -4.1811 -6.9482 -31.3166 -4.2182 -7.921 -7.9681 -0.875
3 16 -7.921 -7.9681 -0.875 -6.9482 -31.3166 -4.2182 -8.593 -33.1788 -0.875
3 16 -16.3782 -8 0 -16.3378 -8.0004 0.875 -8.038 -7.9919 0
3 16 -8.038 -7.9919 0 -16.3378 -8.0004 0.875 -7.9242 -8.0096 0.8751
3 16 -20 -8 0 -16.3782 -8 0 -16.351 -8.0004 -0.875
3 16 -16.3782 -8 0 -20 -8 0 -16.3378 -8.0004 0.875
3 16 -9.1203 -35.5099 -0.7625 -16.351 -45.25 -0.875 -16.351 -8.0004 -0.875
3 16 -9.1203 -35.4773 0.875 -8.5847 -33.1625 0.875 -16.3378 -8.0004 0.875
3 16 -16.3378 -8.0004 0.875 -8.5847 -33.1625 0.875 -7.9242 -8.0096 0.8751
3 16 -6.1674 -48 -2.25 -7.75 -48 -2.25 -17.3229 -48 -9.9873
3 16 -17.3229 -48 -9.9873 -7.75 -48 -2.25 -19.355 -48 -5.038
3 16 -3.5016 -48 -2.25 -6.1674 -48 -2.25 -9.9619 -48 -17.3377
3 16 -9.9619 -48 -17.3377 -6.1674 -48 -2.25 -14.1421 -47.9974 -14.1421
3 16 -6.1674 -38.5099 -2.25 -7.75 -28.5965 -2.25 -7.75 -48 -2.25
3 16 -6.1674 -38.5099 2.25 -5.3401 -41.5974 2.25 -7.75 -48 2.25
3 16 -7.75 -48 2.25 -5.3401 -41.5974 2.25 -6.1674 -48 2.25
3 16 -0.875 0 -8.125 -0.875 -8 -19.986 -0.875 -8 -16.4768
3 16 0 -32.3349 -2.25 3.0799 -33.1622 -2.25 0 -28.5965 -2.25
3 16 0 -28.5965 -2.25 3.0799 -33.1622 -2.25 7.75 -28.5965 -2.25
3 16 3.0799 -33.1622 -2.25 5.3401 -35.4224 -2.25 7.75 -28.5965 -2.25
3 16 5.3401 -35.4224 -2.25 6.1674 -38.5099 -2.25 7.75 -28.5965 -2.25
3 16 8.2472 -32.8343 -14.2194 9.1586 -36.1682 -13.5933 11.6786 -37.6067 -11.6658
3 16 11.6786 -37.6067 -11.6658 9.1586 -36.1682 -13.5933 9.8344 -38.6403 -13.129
3 16 6.9482 -31.3166 -4.2182 8.2472 -32.8343 -14.2194 4.144 -29.4329 -6.9712
3 16 4.144 -29.4329 -6.9712 8.2472 -32.8343 -14.2194 4.0166 -29.3878 -15.9984
3 16 4.144 -29.4329 -6.9712 4.0166 -29.3878 -15.9984 0.875 -28.5378 -8.125
3 16 0.875 -28.5378 -8.125 4.0166 -29.3878 -15.9984 0.875 -28.5378 -16.4768
3 16 0 -28.5965 0 0 -28.5965 -2.25 7.75 -28.5683 0
3 16 7.75 -28.5683 0 0 -28.5965 -2.25 7.75 -28.5965 -2.25
3 16 20 -48 0 19.355 -48 -5.038 20 -38.2893 0
3 16 20 -38.2893 0 19.355 -48 -5.038 19.355 -38.2893 -5.038
3 16 19.355 -48 -5.038 17.3229 -48 -9.9873 19.355 -38.2893 -5.038
3 16 19.355 -38.2893 -5.038 17.3229 -48 -9.9873 17.3229 -38.2893 -9.9873
3 16 11.6786 -37.6067 -11.6658 9.8344 -38.6403 -13.129 11.6786 -45.25 -11.6658
3 16 11.6786 -45.25 -11.6658 9.8344 -38.6403 -13.129 9.8344 -45.25 -13.129
3 16 14.2563 -37.6066 -8.1986 11.6786 -37.6067 -11.6658 14.2563 -45.25 -8.1986
3 16 14.2563 -45.25 -8.1986 11.6786 -37.6067 -11.6658 11.6786 -45.25 -11.6658
3 16 15.9127 -45.2724 -4.2245 14.2563 -37.6066 -8.1986 14.2563 -45.25 -8.1986
3 16 14.1421 -38.2893 -14.1421 9.9619 -38.2863 -17.3377 14.1421 -29.3871 -14.1421
3 16 14.1421 -29.3871 -14.1421 9.9619 -38.2863 -17.3377 9.9619 -29.3809 -17.3377
3 16 14.1421 -29.3871 -14.1421 17.3229 -29.3871 -9.9873 14.1421 -38.2893 -14.1421
3 16 14.1421 -38.2893 -14.1421 17.3229 -29.3871 -9.9873 17.3229 -38.2893 -9.9873
3 16 17.3229 -29.3871 -9.9873 19.355 -29.3871 -5.038 17.3229 -38.2893 -9.9873
3 16 17.3229 -38.2893 -9.9873 19.355 -29.3871 -5.038 19.355 -38.2893 -5.038
3 16 19.355 -29.3871 -5.038 20 -29.3871 0 19.355 -38.2893 -5.038
3 16 19.355 -38.2893 -5.038 20 -29.3871 0 20 -38.2893 0
3 16 14.1421 -47.9974 -14.1421 9.9619 -48 -17.3377 14.1421 -38.2893 -14.1421
3 16 14.1421 -38.2893 -14.1421 9.9619 -48 -17.3377 9.9619 -38.2863 -17.3377
3 16 17.3229 -48 -9.9873 14.1421 -47.9974 -14.1421 17.3229 -38.2893 -9.9873
3 16 17.3229 -38.2893 -9.9873 14.1421 -47.9974 -14.1421 14.1421 -38.2893 -14.1421
3 16 19.355 -8 -5.038 20 -8 0 19.355 -29.3871 -5.038
3 16 19.355 -29.3871 -5.038 20 -8 0 20 -29.3871 0
3 16 17.3229 -8 -9.9873 19.355 -8 -5.038 17.3229 -29.3871 -9.9873
3 16 17.3229 -29.3871 -9.9873 19.355 -8 -5.038 19.355 -29.3871 -5.038
3 16 9.9619 -8 -17.3377 14.1421 -8 -14.1421 9.9619 -29.3809 -17.3377
3 16 9.9619 -29.3809 -17.3377 14.1421 -8 -14.1421 14.1421 -29.3871 -14.1421
3 16 5.4025 -8 -19.2512 9.9619 -8 -17.3377 5.4025 -29.1143 -19.2512
3 16 5.4025 -29.1143 -19.2512 9.9619 -8 -17.3377 9.9619 -29.3809 -17.3377
3 16 14.1421 -8 -14.1421 17.3229 -8 -9.9873 14.1421 -29.3871 -14.1421
3 16 14.1421 -29.3871 -14.1421 17.3229 -8 -9.9873 17.3229 -29.3871 -9.9873
3 16 0 -32.2424 -18 3.0799 -33.0696 -18 0 -32.3349 -2.25
3 16 0 -32.3349 -2.25 3.0799 -33.0696 -18 3.0799 -33.1622 -2.25
3 16 0 -46.25 -18 0 -44.6849 -18 3.8549 -45.2 -18
3 16 3.8549 -45.2 -18 0 -44.6849 -18 3.0799 -43.8576 -18
3 16 3.0799 -43.8576 -18 0 -44.6849 -18 3.0799 -43.8576 -2.25
3 16 3.0799 -43.8576 -2.25 0 -44.6849 -18 0 -44.6849 -2.25
3 16 3.0799 -33.0696 -18 5.3401 -35.4224 -18 3.0799 -33.1622 -2.25
3 16 3.0799 -33.1622 -2.25 5.3401 -35.4224 -18 5.3401 -35.4224 -2.25
3 16 3.0799 -33.0696 -18 4.5069 -32.2486 -18 5.3401 -35.4224 -18
3 16 5.3401 -35.4224 -18 4.5069 -32.2486 -18 6.6824 -34.6474 -18
3 16 5.3401 -35.4224 -18 6.1674 -38.5099 -18 5.3401 -35.4224 -2.25
3 16 5.3401 -35.4224 -2.25 6.1674 -38.5099 -18 6.1674 -38.5099 -2.25
3 16 6.1674 -38.5099 -18 5.3401 -35.4224 -18 7.7174 -38.5098 -18
3 16 7.7174 -38.5098 -18 5.3401 -35.4224 -18 6.6824 -34.6474 -18
3 16 6.1674 -38.5099 -18 5.3401 -41.5974 -18 6.1674 -38.5099 -2.25
3 16 6.1674 -38.5099 -2.25 5.3401 -41.5974 -18 5.3401 -41.5974 -2.25
3 16 5.3401 -41.5974 -18 6.1674 -38.5099 -18 6.6824 -42.3724 -18
3 16 6.6824 -42.3724 -18 6.1674 -38.5099 -18 7.7174 -38.5098 -18
3 16 3.0799 -43.8576 -18 5.3401 -41.5974 -18 3.8549 -45.2 -18
3 16 3.8549 -45.2 -18 5.3401 -41.5974 -18 6.6824 -42.3724 -18
3 16 5.3401 -41.5974 -18 3.0799 -43.8576 -18 5.3401 -41.5974 -2.25
3 16 5.3401 -41.5974 -2.25 3.0799 -43.8576 -18 3.0799 -43.8576 -2.25
3 16 4.3543 -32.0985 -19.4946 5.4025 -29.1143 -19.2512 6.6824 -34.6474 -18.8426
3 16 6.6824 -34.6474 -18.8426 5.4025 -29.1143 -19.2512 9.9619 -29.3809 -17.3377
3 16 4.3543 -32.0985 -19.4946 6.6824 -34.6474 -18.8426 4.5069 -32.2486 -18
3 16 4.5069 -32.2486 -18 6.6824 -34.6474 -18.8426 6.6824 -34.6474 -18
3 16 6.6824 -34.6474 -18.8426 7.7174 -38.5099 -18.4374 6.6824 -34.6474 -18
3 16 6.6824 -34.6474 -18 7.7174 -38.5099 -18.4374 7.7174 -38.5098 -18
3 16 7.7174 -38.5099 -18.4374 6.6824 -34.6474 -18.8426 9.9619 -38.2863 -17.3377
3 16 9.9619 -38.2863 -17.3377 6.6824 -34.6474 -18.8426 9.9619 -29.3809 -17.3377
3 16 1.949 -31.1078 -19.9742 2.3389 -28.7679 -19.8583 4.3543 -32.0985 -19.4946
3 16 4.3543 -32.0985 -19.4946 2.3389 -28.7679 -19.8583 5.4025 -29.1143 -19.2512
3 16 1.949 -31.1078 -19.9742 4.3543 -32.0985 -19.4946 1.9275 -31.088 -18
3 16 1.9275 -31.088 -18 4.3543 -32.0985 -19.4946 4.5069 -32.2486 -18
3 16 6.6824 -42.3724 -18.8372 6.6824 -42.3724 -18 7.7174 -38.5099 -18.4374
3 16 7.7174 -38.5099 -18.4374 6.6824 -42.3724 -18 7.7174 -38.5098 -18
3 16 0 -46.25 -19.9986 3.8549 -45.2 -19.6107 0 -48 -20
3 16 0 -48 -20 3.8549 -45.2 -19.6107 5.4025 -48 -19.2512
3 16 0 -46.25 -19.9986 0 -46.25 -18 3.8549 -45.2 -19.6107
3 16 3.8549 -45.2 -19.6107 0 -46.25 -18 3.8549 -45.2 -18
3 16 3.8549 -45.2 -19.6107 6.6824 -42.3724 -18.8372 5.4025 -48 -19.2512
3 16 5.4025 -48 -19.2512 6.6824 -42.3724 -18.8372 9.9619 -48 -17.3377
3 16 3.8549 -45.2 -19.6107 3.8549 -45.2 -18 6.6824 -42.3724 -18.8372
3 16 6.6824 -42.3724 -18.8372 3.8549 -45.2 -18 6.6824 -42.3724 -18
3 16 7.75 -28.5683 0 7.75 -28.5965 -2.25 7.75 -48 0
3 16 7.75 -48 0 7.75 -28.5965 -2.25 7.75 -48 -2.25
3 16 3.0799 -43.8576 -2.25 0 -44.6849 -2.25 3.5016 -48 -2.25
3 16 3.5016 -48 -2.25 0 -44.6849 -2.25 0 -48 -2.25
3 16 6.1674 -38.5099 -2.25 5.3401 -41.5974 -2.25 7.75 -48 -2.25
3 16 7.75 -48 -2.25 5.3401 -41.5974 -2.25 6.1674 -48 -2.25
3 16 5.3401 -41.5974 -2.25 3.0799 -43.8576 -2.25 6.1674 -48 -2.25
3 16 6.1674 -48 -2.25 3.0799 -43.8576 -2.25 3.5016 -48 -2.25
3 16 3.5016 -48 -2.25 0 -48 -2.25 5.4025 -48 -19.2512
3 16 5.4025 -48 -19.2512 0 -48 -2.25 0 -48 -20
3 16 19.355 -48 -5.038 20 -48 0 7.75 -48 -2.25
3 16 7.75 -48 -2.25 20 -48 0 7.75 -48 0
3 16 17.3229 -48 -9.9873 6.1674 -48 -2.25 14.1421 -47.9974 -14.1421
3 16 9.9619 -48 -17.3377 3.5016 -48 -2.25 5.4025 -48 -19.2512
3 16 1.949 -31.1078 -19.9742 0 -30.8742 -20 2.3389 -28.7679 -19.8583
3 16 2.3389 -28.7679 -19.8583 0 -30.8742 -20 0 -28.5034 -20
3 16 0 -30.8742 -20 1.949 -31.1078 -19.9742 0 -30.8742 -18
3 16 0 -30.8742 -18 1.949 -31.1078 -19.9742 1.9275 -31.088 -18
3 16 0 -30.8742 -18 1.9275 -31.088 -18 0 -32.2424 -18
3 16 0.875 -28.5378 -16.4768 0.875 -8 -16.4768 0.875 -28.5378 -8.125
3 16 0.875 -28.5378 -8.125 0.875 -8 -16.4768 0.875 0 -8.125
3 16 0 -8 -20 0 0 -8.125 0.875 -8 -19.986
3 16 0.875 -8 -19.986 0 0 -8.125 0.875 0 -8.125
3 16 2.3889 -8.0028 -19.8503 5.4025 -8 -19.2512 2.3389 -28.7679 -19.8583
3 16 2.3389 -28.7679 -19.8583 5.4025 -8 -19.2512 5.4025 -29.1143 -19.2512
3 16 2.3389 -28.7679 -19.8583 0 -28.5034 -20 2.3889 -8.0028 -19.8503
3 16 2.3889 -8.0028 -19.8503 0 -28.5034 -20 0.875 -8 -19.986
3 16 0 -28.5034 -20 0 -8 -20 0.875 -8 -19.986
3 16 9.8344 -45.25 -0.875 9.4773 -38.6403 -0.875 16.351 -45.25 -0.875
3 16 9.8344 -45.25 0.875 16.3378 -45.25 0.875 9.4773 -38.6403 0.875
3 16 0 -32.3349 2.25 0 -28.5965 2.25 3.0799 -33.1622 2.25
3 16 3.0799 -33.1622 2.25 0 -28.5965 2.25 7.75 -28.5965 2.25
3 16 3.0799 -33.1622 2.25 7.75 -28.5965 2.25 5.3401 -35.4224 2.25
3 16 5.3401 -35.4224 2.25 7.75 -28.5965 2.25 6.1674 -38.5099 2.25
3 16 8.2472 -32.8343 14.2194 11.6786 -37.6067 11.6657 9.1362 -36.0863 13.6086
3 16 9.1362 -36.0863 13.6086 11.6786 -37.6067 11.6657 9.8344 -38.6403 13.129
3 16 4.0166 -29.3878 15.9984 8.2472 -32.8343 14.2194 4.144 -29.4329 6.9712
3 16 4.144 -29.4329 6.9712 8.2472 -32.8343 14.2194 6.9482 -31.3166 4.2181
3 16 0.875 -28.5378 16.4768 4.0166 -29.3878 15.9984 0.875 -28.5378 8.125
3 16 0.875 -28.5378 8.125 4.0166 -29.3878 15.9984 4.144 -29.4329 6.9712
3 16 0 -28.5965 0 7.75 -28.5683 0 0 -28.5965 2.25
3 16 0 -28.5965 2.25 7.75 -28.5683 0 7.75 -28.5965 2.25
3 16 20 -48 0 20 -38.2893 0 19.355 -48 5.038
3 16 19.355 -48 5.038 20 -38.2893 0 19.355 -38.2893 5.038
3 16 19.355 -48 5.038 19.355 -38.2893 5.038 17.3229 -48 9.9872
3 16 17.3229 -48 9.9872 19.355 -38.2893 5.038 17.3229 -38.2893 9.9872
3 16 9.9619 -48 17.3377 5.4025 -48 19.2512 3.5016 -48 2.25
3 16 3.5016 -48 2.25 5.4025 -48 19.2512 0 -48 2.25
3 16 0 -48 2.25 5.4025 -48 19.2512 0 -48 20
3 16 9.8344 -45.25 13.129 9.8344 -38.6403 13.129 11.6786 -45.25 11.6657
3 16 11.6786 -45.25 11.6657 9.8344 -38.6403 13.129 11.6786 -37.6067 11.6657
3 16 14.2563 -37.6066 8.1986 14.2563 -45.25 8.1986 11.6786 -37.6067 11.6657
3 16 11.6786 -37.6067 11.6657 14.2563 -45.25 8.1986 11.6786 -45.25 11.6657
3 16 15.9127 -45.2724 4.2245 14.2563 -45.25 8.1986 14.2563 -37.6066 8.1986
3 16 14.1421 -38.2893 14.1421 14.1421 -29.3871 14.1421 9.9619 -38.2863 17.3377
3 16 9.9619 -38.2863 17.3377 14.1421 -29.3871 14.1421 9.9619 -29.3809 17.3377
3 16 14.1421 -29.3871 14.1421 14.1421 -38.2893 14.1421 17.3229 -29.3871 9.9872
3 16 17.3229 -29.3871 9.9872 14.1421 -38.2893 14.1421 17.3229 -38.2893 9.9872
3 16 17.3229 -29.3871 9.9872 17.3229 -38.2893 9.9872 19.355 -29.3871 5.038
3 16 19.355 -29.3871 5.038 17.3229 -38.2893 9.9872 19.355 -38.2893 5.038
3 16 19.355 -29.3871 5.038 19.355 -38.2893 5.038 20 -29.3871 0
3 16 20 -29.3871 0 19.355 -38.2893 5.038 20 -38.2893 0
3 16 17.3229 -48 9.9872 14.1421 -47.9974 14.1421 6.1674 -48 2.25
3 16 17.3229 -48 9.9872 17.3229 -38.2893 9.9872 14.1421 -47.9974 14.1421
3 16 14.1421 -47.9974 14.1421 17.3229 -38.2893 9.9872 14.1421 -38.2893 14.1421
3 16 14.1421 -47.9974 14.1421 14.1421 -38.2893 14.1421 9.9619 -48 17.3377
3 16 9.9619 -48 17.3377 14.1421 -38.2893 14.1421 9.9619 -38.2863 17.3377
3 16 9.9619 -29.3809 17.3377 9.9619 -8 17.3377 5.4025 -29.1143 19.2512
3 16 5.4025 -29.1143 19.2512 9.9619 -8 17.3377 5.4025 -8 19.2512
3 16 9.9619 -8 17.3377 9.9619 -29.3809 17.3377 14.1421 -8 14.1421
3 16 14.1421 -8 14.1421 9.9619 -29.3809 17.3377 14.1421 -29.3871 14.1421
3 16 14.1421 -8 14.1421 14.1421 -29.3871 14.1421 17.3229 -8 9.9872
3 16 17.3229 -8 9.9872 14.1421 -29.3871 14.1421 17.3229 -29.3871 9.9872
3 16 17.3229 -8 9.9872 17.3229 -29.3871 9.9872 19.355 -8 5.038
3 16 19.355 -8 5.038 17.3229 -29.3871 9.9872 19.355 -29.3871 5.038
3 16 19.355 -8 5.038 19.355 -29.3871 5.038 20 -8 0
3 16 20 -8 0 19.355 -29.3871 5.038 20 -29.3871 0
3 16 5.4025 -29.1143 19.2512 5.4025 -8 19.2512 2.3389 -28.7679 19.8583
3 16 2.3389 -28.7679 19.8583 5.4025 -8 19.2512 2.3889 -8.0028 19.8503
3 16 0.875 -8 19.986 0.875 -8 16.4768 0.875 0 8.125
3 16 0 -32.2424 18 0 -32.3349 2.25 3.0799 -33.0696 18
3 16 3.0799 -33.0696 18 0 -32.3349 2.25 3.0799 -33.1622 2.25
3 16 3.0799 -33.0696 18 3.0799 -33.1622 2.25 5.3401 -35.4224 18
3 16 5.3401 -35.4224 18 3.0799 -33.1622 2.25 5.3401 -35.4224 2.25
3 16 5.3401 -35.4224 18 5.3401 -35.4224 2.25 6.1674 -38.5099 18
3 16 6.1674 -38.5099 18 5.3401 -35.4224 2.25 6.1674 -38.5099 2.25
3 16 0 -46.25 18 3.8549 -45.2 18 0 -44.6849 18
3 16 0 -44.6849 18 3.8549 -45.2 18 3.0799 -43.8576 18
3 16 0 -30.8742 18 0 -32.2424 18 1.9275 -31.088 18
3 16 6.6824 -34.6474 18 4.5069 -32.2486 18 5.3401 -35.4224 18
3 16 5.3401 -35.4224 18 4.5069 -32.2486 18 3.0799 -33.0696 18
3 16 6.1674 -38.5099 18 7.7174 -38.5098 18 5.3401 -35.4224 18
3 16 5.3401 -35.4224 18 7.7174 -38.5098 18 6.6824 -34.6474 18
3 16 6.1674 -38.5099 18 6.1674 -38.5099 2.25 5.3401 -41.5974 18
3 16 5.3401 -41.5974 18 6.1674 -38.5099 2.25 5.3401 -41.5974 2.25
3 16 5.3401 -41.5974 18 5.3401 -41.5974 2.25 3.0799 -43.8576 18
3 16 3.0799 -43.8576 18 5.3401 -41.5974 2.25 3.0799 -43.8576 2.25
3 16 3.0799 -43.8576 18 3.0799 -43.8576 2.25 0 -44.6849 18
3 16 0 -44.6849 18 3.0799 -43.8576 2.25 0 -44.6849 2.25
3 16 5.3401 -41.5974 18 6.6824 -42.3724 18 6.1674 -38.5099 18
3 16 6.1674 -38.5099 18 6.6824 -42.3724 18 7.7174 -38.5098 18
3 16 3.0799 -43.8576 18 3.8549 -45.2 18 5.3401 -41.5974 18
3 16 5.3401 -41.5974 18 3.8549 -45.2 18 6.6824 -42.3724 18
3 16 1.949 -31.1078 19.9742 1.9275 -31.088 18 4.3543 -32.0985 19.4946
3 16 4.3543 -32.0985 19.4946 1.9275 -31.088 18 4.5069 -32.2486 18
3 16 3.8549 -45.2 18 0 -46.25 18 3.8549 -45.2 19.6107
3 16 3.8549 -45.2 19.6107 0 -46.25 18 0 -46.25 19.9986
3 16 0 -46.25 19.9986 0 -48 20 3.8549 -45.2 19.6107
3 16 3.8549 -45.2 19.6107 0 -48 20 5.4025 -48 19.2512
3 16 3.8549 -45.2 19.6107 5.4025 -48 19.2512 6.6824 -42.3724 18.8372
3 16 6.6824 -42.3724 18.8372 5.4025 -48 19.2512 9.9619 -48 17.3377
3 16 5.4025 -29.1143 19.2512 2.3389 -28.7679 19.8583 4.3543 -32.0985 19.4946
3 16 4.3543 -32.0985 19.4946 2.3389 -28.7679 19.8583 1.949 -31.1078 19.9742
3 16 9.9619 -29.3809 17.3377 5.4025 -29.1143 19.2512 6.6824 -34.6474 18.8425
3 16 6.6824 -34.6474 18.8425 5.4025 -29.1143 19.2512 4.3543 -32.0985 19.4946
3 16 7.7174 -38.5099 18.4374 9.9619 -38.2863 17.3377 6.6824 -34.6474 18.8425
3 16 6.6824 -34.6474 18.8425 9.9619 -38.2863 17.3377 9.9619 -29.3809 17.3377
3 16 9.9619 -48 17.3377 9.9619 -38.2863 17.3377 6.6824 -42.3724 18.8372
3 16 6.6824 -42.3724 18.8372 9.9619 -38.2863 17.3377 7.7174 -38.5099 18.4374
3 16 6.6824 -42.3724 18 3.8549 -45.2 18 6.6824 -42.3724 18.8372
3 16 6.6824 -42.3724 18.8372 3.8549 -45.2 18 3.8549 -45.2 19.6107
3 16 7.7174 -38.5098 18 6.6824 -42.3724 18 7.7174 -38.5099 18.4374
3 16 7.7174 -38.5099 18.4374 6.6824 -42.3724 18 6.6824 -42.3724 18.8372
3 16 6.6824 -34.6474 18.8425 6.6824 -34.6474 18 7.7174 -38.5099 18.4374
3 16 7.7174 -38.5099 18.4374 6.6824 -34.6474 18 7.7174 -38.5098 18
3 16 4.3543 -32.0985 19.4946 4.5069 -32.2486 18 6.6824 -34.6474 18.8425
3 16 6.6824 -34.6474 18.8425 4.5069 -32.2486 18 6.6824 -34.6474 18
3 16 6.1674 -38.5099 2.25 7.75 -28.5965 2.25 7.75 -48 2.25
3 16 7.75 -28.5683 0 7.75 -48 0 7.75 -28.5965 2.25
3 16 7.75 -28.5965 2.25 7.75 -48 0 7.75 -48 2.25
3 16 7.75 -48 0 20 -48 0 7.75 -48 2.25
3 16 7.75 -48 2.25 20 -48 0 19.355 -48 5.038
3 16 6.1674 -48 2.25 7.75 -48 2.25 17.3229 -48 9.9872
3 16 17.3229 -48 9.9872 7.75 -48 2.25 19.355 -48 5.038
3 16 0 -48 2.25 0 -44.6849 2.25 3.5016 -48 2.25
3 16 3.5016 -48 2.25 0 -44.6849 2.25 3.0799 -43.8576 2.25
3 16 3.5016 -48 2.25 3.0799 -43.8576 2.25 6.1674 -48 2.25
3 16 6.1674 -48 2.25 3.0799 -43.8576 2.25 5.3401 -41.5974 2.25
3 16 3.5016 -48 2.25 6.1674 -48 2.25 9.9619 -48 17.3377
3 16 9.9619 -48 17.3377 6.1674 -48 2.25 14.1421 -47.9974 14.1421
3 16 0.875 -28.5378 16.4768 0.875 -28.5378 8.125 0.875 -8 16.4768
3 16 0.875 -8 16.4768 0.875 -28.5378 8.125 0.875 0 8.125
3 16 0 -28.5034 20 0 -30.8742 20 2.3389 -28.7679 19.8583
3 16 2.3389 -28.7679 19.8583 0 -30.8742 20 1.949 -31.1078 19.9742
3 16 2.3389 -28.7679 19.8583 2.3889 -8.0028 19.8503 0.875 -8 19.986
3 16 0 -30.8742 20 0 -30.8742 18 1.949 -31.1078 19.9742
3 16 1.949 -31.1078 19.9742 0 -30.8742 18 1.9275 -31.088 18
3 16 0 -8 20 0.875 -8 19.986 0 0 8.125
3 16 0 0 8.125 0.875 -8 19.986 0.875 0 8.125
3 16 9.1203 -35.5099 -0.7625 9.1586 -36.1682 -13.5933 8.593 -33.1788 -0.875
3 16 8.593 -33.1788 -0.875 9.1586 -36.1682 -13.5933 6.9482 -31.3166 -4.2182
3 16 6.9482 -31.3166 -4.2182 9.1586 -36.1682 -13.5933 8.2472 -32.8343 -14.2194
3 16 9.4773 -38.6403 -0.875 9.8344 -45.25 -0.875 9.8344 -38.6403 -13.129
3 16 9.8344 -45.25 -0.875 9.8344 -45.25 -1.9079 9.8344 -38.6403 -13.129
3 16 9.8344 -45.25 -1.9079 9.8344 -45.25 -13.129 9.8344 -38.6403 -13.129
3 16 9.8344 -45.25 0.875 9.4773 -38.6403 0.875 9.8344 -45.25 13.129
3 16 9.8344 -45.25 13.129 9.4773 -38.6403 0.875 9.8344 -38.6403 13.129
3 16 9.4773 -38.6403 0.875 9.1203 -35.4773 0.875 9.8344 -38.6403 13.129
3 16 9.8344 -38.6403 13.129 9.1203 -35.4773 0.875 9.1362 -36.0863 13.6086
3 16 16.3378 -45.25 0.875 9.8344 -45.25 0.875 15.9127 -45.2724 4.2245
3 16 15.9127 -45.2724 4.2245 9.8344 -45.25 0.875 14.2563 -45.25 8.1986
3 16 9.8344 -45.25 0.875 11.6786 -45.25 11.6657 14.2563 -45.25 8.1986
3 16 11.6786 -45.25 11.6657 9.8344 -45.25 0.875 9.8344 -45.25 13.129
3 16 9.8344 -45.25 -1.9079 11.6786 -45.25 -11.6658 9.8344 -45.25 -13.129
3 16 9.1203 -35.4773 0.875 16.3378 -45.25 0.875 16.3378 -8.0004 0.875
3 16 9.1203 -35.5099 -0.7625 16.351 -45.25 -0.875 9.4773 -38.6403 -0.875
3 16 9.1203 -35.4773 0.875 9.4773 -38.6403 0.875 16.3378 -45.25 0.875
3 16 9.1203 -35.5099 -0.7625 8.593 -33.1788 -0.875 16.351 -8.0004 -0.875
3 16 16.351 -8.0004 -0.875 8.593 -33.1788 -0.875 7.921 -7.9681 -0.875
3 16 15.9127 -45.2724 -4.2245 16.351 -45.25 -0.875 15.9168 -8 -4.2279
3 16 15.9168 -8 -4.2279 16.351 -45.25 -0.875 16.351 -8.0004 -0.875
3 16 7.921 -7.9681 -0.875 8.038 -7.9919 0 16.351 -8.0004 -0.875
3 16 16.351 -8.0004 -0.875 8.038 -7.9919 0 16.3782 -8 0
3 16 20 -8 0 19.355 -8 -5.038 16.351 -8.0004 -0.875
3 16 16.351 -8.0004 -0.875 19.355 -8 -5.038 15.9168 -8 -4.2279
3 16 0.875 -8 -16.4768 0.875 -28.5378 -16.4768 4.0166 -8 -15.9984
3 16 4.0166 -8 -15.9984 0.875 -28.5378 -16.4768 4.0166 -29.3878 -15.9984
3 16 4.0166 -8 -15.9984 4.0166 -29.3878 -15.9984 8.2472 -8 -14.2194
3 16 8.2472 -8 -14.2194 4.0166 -29.3878 -15.9984 8.2472 -32.8343 -14.2194
3 16 8.2472 -8 -14.2194 8.2472 -32.8343 -14.2194 11.6786 -8 -11.6658
3 16 11.6786 -8 -11.6658 8.2472 -32.8343 -14.2194 11.6786 -37.6067 -11.6658
3 16 14.2563 -8 -8.1986 11.6786 -8 -11.6658 14.2563 -37.6066 -8.1986
3 16 14.2563 -37.6066 -8.1986 11.6786 -8 -11.6658 11.6786 -37.6067 -11.6658
3 16 15.9127 -45.2724 -4.2245 15.9168 -8 -4.2279 14.2563 -37.6066 -8.1986
3 16 14.2563 -37.6066 -8.1986 15.9168 -8 -4.2279 14.2563 -8 -8.1986
3 16 14.2563 -8 -8.1986 15.9168 -8 -4.2279 17.3229 -8 -9.9873
3 16 17.3229 -8 -9.9873 15.9168 -8 -4.2279 19.355 -8 -5.038
3 16 14.2563 -8 -8.1986 17.3229 -8 -9.9873 11.6786 -8 -11.6658
3 16 11.6786 -8 -11.6658 17.3229 -8 -9.9873 14.1421 -8 -14.1421
3 16 11.6786 -8 -11.6658 14.1421 -8 -14.1421 8.2472 -8 -14.2194
3 16 8.2472 -8 -14.2194 14.1421 -8 -14.1421 9.9619 -8 -17.3377
3 16 6.9482 -31.3166 -4.2182 4.144 -29.4329 -6.9712 6.9597 0 -4.1811
3 16 6.9597 0 -4.1811 4.144 -29.4329 -6.9712 4.1811 0 -6.9597
3 16 4.144 -29.4329 -6.9712 0.875 -28.5378 -8.125 4.1811 0 -6.9597
3 16 4.1811 0 -6.9597 0.875 -28.5378 -8.125 0.875 0 -8.125
3 16 20 -8 0 16.3378 -8.0004 0.875 19.355 -8 5.038
3 16 19.355 -8 5.038 16.3378 -8.0004 0.875 15.9168 -8 4.2279
3 16 6.9597 0 -4.1811 8.0532 0 0 7.921 -7.9681 -0.875
3 16 7.921 -7.9681 -0.875 8.0532 0 0 8.038 -7.9919 0
3 16 6.9597 0 4.1811 6.9482 -31.3166 4.2181 7.9242 -8.0096 0.8751
3 16 7.9242 -8.0096 0.8751 6.9482 -31.3166 4.2181 8.5847 -33.1625 0.875
3 16 15.9127 -45.2724 4.2245 15.9168 -8 4.2279 16.3378 -45.25 0.875
3 16 16.3378 -45.25 0.875 15.9168 -8 4.2279 16.3378 -8.0004 0.875
3 16 19.355 -8 5.038 15.9168 -8 4.2279 17.3229 -8 9.9872
3 16 17.3229 -8 9.9872 15.9168 -8 4.2279 14.2563 -8 8.1986
3 16 14.2563 -8 8.1986 11.6786 -8 11.6657 17.3229 -8 9.9872
3 16 17.3229 -8 9.9872 11.6786 -8 11.6657 14.1421 -8 14.1421
3 16 14.2563 -8 8.1986 15.9168 -8 4.2279 14.2563 -37.6066 8.1986
3 16 14.2563 -37.6066 8.1986 15.9168 -8 4.2279 15.9127 -45.2724 4.2245
3 16 15.9127 -45.2724 -4.2245 9.8344 -45.25 -0.875 16.351 -45.25 -0.875
3 16 9.8344 -45.25 -0.875 15.9127 -45.2724 -4.2245 14.2563 -45.25 -8.1986
3 16 4.0166 -8 -15.9984 8.2472 -8 -14.2194 5.4025 -8 -19.2512
3 16 5.4025 -8 -19.2512 8.2472 -8 -14.2194 9.9619 -8 -17.3377
3 16 5.4025 -8 -19.2512 2.3889 -8.0028 -19.8503 4.0166 -8 -15.9984
3 16 4.0166 -8 -15.9984 2.3889 -8.0028 -19.8503 0.875 -8 -16.4768
3 16 0.875 -8 -16.4768 2.3889 -8.0028 -19.8503 0.875 -8 -19.986
3 16 6.9482 -31.3166 4.2181 6.9597 0 4.1811 4.144 -29.4329 6.9712
3 16 4.144 -29.4329 6.9712 6.9597 0 4.1811 4.1811 0 6.9597
3 16 4.144 -29.4329 6.9712 4.1811 0 6.9597 0.875 -28.5378 8.125
3 16 0.875 -28.5378 8.125 4.1811 0 6.9597 0.875 0 8.125
3 16 11.6786 -8 11.6657 14.2563 -8 8.1986 11.6786 -37.6067 11.6657
3 16 11.6786 -37.6067 11.6657 14.2563 -8 8.1986 14.2563 -37.6066 8.1986
3 16 8.2472 -8 14.2194 11.6786 -8 11.6657 8.2472 -32.8343 14.2194
3 16 8.2472 -32.8343 14.2194 11.6786 -8 11.6657 11.6786 -37.6067 11.6657
3 16 4.0166 -8 15.9984 8.2472 -8 14.2194 4.0166 -29.3878 15.9984
3 16 4.0166 -29.3878 15.9984 8.2472 -8 14.2194 8.2472 -32.8343 14.2194
3 16 0.875 -8 16.4768 4.0166 -8 15.9984 0.875 -28.5378 16.4768
3 16 0.875 -28.5378 16.4768 4.0166 -8 15.9984 4.0166 -29.3878 15.9984
3 16 11.6786 -8 11.6657 8.2472 -8 14.2194 14.1421 -8 14.1421
3 16 14.1421 -8 14.1421 8.2472 -8 14.2194 9.9619 -8 17.3377
3 16 9.9619 -8 17.3377 8.2472 -8 14.2194 5.4025 -8 19.2512
3 16 5.4025 -8 19.2512 8.2472 -8 14.2194 4.0166 -8 15.9984
3 16 0.875 -8 16.4768 0.875 -8 19.986 2.3889 -8.0028 19.8503
3 16 9.1586 -36.1682 -13.5933 9.1203 -35.5099 -0.7625 9.8344 -38.6403 -13.129
3 16 9.8344 -38.6403 -13.129 9.1203 -35.5099 -0.7625 9.4773 -38.6403 -0.875
3 16 9.1203 -35.4773 0.875 8.5847 -33.1625 0.875 9.1362 -36.0863 13.6086
3 16 8.5847 -33.1625 0.875 6.9482 -31.3166 4.2181 9.1362 -36.0863 13.6086
3 16 6.9482 -31.3166 4.2181 8.2472 -32.8343 14.2194 9.1362 -36.0863 13.6086
3 16 9.8344 -45.25 -0.875 14.2563 -45.25 -8.1986 9.8344 -45.25 -1.9079
3 16 9.8344 -45.25 -1.9079 14.2563 -45.25 -8.1986 11.6786 -45.25 -11.6658
3 16 0.875 -8 16.4768 2.3889 -8.0028 19.8503 4.0166 -8 15.9984
3 16 4.0166 -8 15.9984 2.3889 -8.0028 19.8503 5.4025 -8 19.2512
3 16 2.3389 -28.7679 19.8583 0.875 -8 19.986 0 -28.5034 20
3 16 0 -28.5034 20 0.875 -8 19.986 0 -8 20
3 16 8.038 -7.9919 0 8.0532 0 0 7.9242 -8.0096 0.8751
3 16 7.9242 -8.0096 0.8751 8.0532 0 0 6.9597 0 4.1811
3 16 6.9597 0 -4.1811 7.921 -7.9681 -0.875 6.9482 -31.3166 -4.2182
3 16 6.9482 -31.3166 -4.2182 7.921 -7.9681 -0.875 8.593 -33.1788 -0.875
3 16 7.9242 -8.0096 0.8751 16.3378 -8.0004 0.875 8.038 -7.9919 0
3 16 8.038 -7.9919 0 16.3378 -8.0004 0.875 16.3782 -8 0
3 16 20 -8 0 16.351 -8.0004 -0.875 16.3782 -8 0
3 16 16.3782 -8 0 16.3378 -8.0004 0.875 20 -8 0
3 16 9.1203 -35.5099 -0.7625 16.351 -8.0004 -0.875 16.351 -45.25 -0.875
3 16 7.9242 -8.0096 0.8751 8.5847 -33.1625 0.875 16.3378 -8.0004 0.875
3 16 16.3378 -8.0004 0.875 8.5847 -33.1625 0.875 9.1203 -35.4773 0.875
3 16 6.1674 -48 -2.25 17.3229 -48 -9.9873 7.75 -48 -2.25
3 16 7.75 -48 -2.25 17.3229 -48 -9.9873 19.355 -48 -5.038
3 16 3.5016 -48 -2.25 9.9619 -48 -17.3377 6.1674 -48 -2.25
3 16 6.1674 -48 -2.25 9.9619 -48 -17.3377 14.1421 -47.9974 -14.1421
3 16 6.1674 -38.5099 -2.25 7.75 -48 -2.25 7.75 -28.5965 -2.25
3 16 6.1674 -38.5099 2.25 7.75 -48 2.25 5.3401 -41.5974 2.25
3 16 5.3401 -41.5974 2.25 7.75 -48 2.25 6.1674 -48 2.25
3 16 0.875 0 -8.125 0.875 -8 -16.4768 0.875 -8 -19.986
3 16 0 -32.2424 -18 1.9275 -31.088 -18 3.0799 -33.0696 -18
3 16 3.0799 -33.0696 -18 1.9275 -31.088 -18 4.5069 -32.2486 -18
3 16 0 -32.2424 -18 -3.0799 -33.0696 -18 -1.9275 -31.088 -18
3 16 -1.9275 -31.088 -18 -3.0799 -33.0696 -18 -4.5069 -32.2486 -18
3 16 0 -32.2424 18 -1.9275 -31.088 18 -3.0799 -33.0696 18
3 16 -3.0799 -33.0696 18 -1.9275 -31.088 18 -4.5069 -32.2486 18
3 16 0 -32.2424 18 3.0799 -33.0696 18 1.9275 -31.088 18
3 16 1.9275 -31.088 18 3.0799 -33.0696 18 4.5069 -32.2486 18
3 16 9.9619 -48 -17.3377 6.6824 -42.3724 -18.8372 9.9619 -38.2863 -17.3377
3 16 9.9619 -38.2863 -17.3377 6.6824 -42.3724 -18.8372 7.7174 -38.5099 -18.4374
3 16 -3.8549 -45.2 -19.6107 -5.4025 -48 -19.2512 -6.6824 -42.3724 -18.8372
3 16 -6.6824 -42.3724 -18.8372 -5.4025 -48 -19.2512 -9.9619 -48 -17.3377
3 16 -9.9619 -48 17.3377 -6.6824 -42.3724 18.8372 -9.9619 -38.2863 17.3377
3 16 -9.9619 -38.2863 17.3377 -6.6824 -42.3724 18.8372 -7.7174 -38.5099 18.4374
3 16 11.5133 -48 -15.7836 15.7835 -48 -11.563 11.5133 -52.45 -15.7836
3 16 11.5133 -52.45 -15.7836 15.7835 -48 -11.563 15.7835 -52.45 -11.5133
3 16 15.4144 -48 -6.874 13.126 -48 -4.5856 15.4144 -52.45 -6.874
3 16 15.4144 -52.45 -6.874 13.126 -48 -4.5856 13.126 -52.45 -4.5856
3 16 13.126 -48 -4.5856 10 -48 -3.748 13.126 -52.45 -4.5856
3 16 13.126 -52.45 -4.5856 10 -48 -3.748 10 -52.45 -3.748
3 16 10 -48 -3.748 6.874 -48 -4.5856 10 -52.45 -3.748
3 16 10 -52.45 -3.748 6.874 -48 -4.5856 6.874 -52.45 -4.5856
3 16 6.874 -48 -4.5856 4.5856 -48 -6.874 6.874 -52.45 -4.5856
3 16 6.874 -52.45 -4.5856 4.5856 -48 -6.874 4.5856 -52.45 -6.874
3 16 4.5856 -48 -6.874 3.748 -48 -10 4.5856 -52.45 -6.874
3 16 4.5856 -52.45 -6.874 3.748 -48 -10 3.748 -52.45 -10
3 16 3.748 -48 -10 4.5856 -48 -13.126 3.748 -52.45 -10
3 16 3.748 -52.45 -10 4.5856 -48 -13.126 4.5856 -52.45 -13.126
3 16 4.5856 -48 -13.126 6.874 -48 -15.4144 4.5856 -52.45 -13.126
3 16 4.5856 -52.45 -13.126 6.874 -48 -15.4144 6.874 -52.45 -15.4144
3 16 6.874 -48 -15.4144 10 -48 -16.252 6.874 -52.45 -15.4144
3 16 6.874 -52.45 -15.4144 10 -48 -16.252 10 -52.45 -16.252
3 16 16.252 -48 -10 15.4144 -48 -6.874 16.252 -52.45 -10
3 16 16.252 -52.45 -10 15.4144 -48 -6.874 15.4144 -52.45 -6.874
3 16 15.4144 -52.45 -6.874 13.126 -52.45 -4.5856 13.5295 -52.45 -7.9622
3 16 13.5295 -52.45 -7.9622 13.126 -52.45 -4.5856 12.0377 -52.45 -6.4705
3 16 13.126 -52.45 -4.5856 10 -52.45 -3.748 12.0377 -52.45 -6.4705
3 16 12.0377 -52.45 -6.4705 10 -52.45 -3.748 10 -52.45 -5.9245
3 16 10 -52.45 -3.748 6.874 -52.45 -4.5856 10 -52.45 -5.9245
3 16 10 -52.45 -5.9245 6.874 -52.45 -4.5856 7.9622 -52.45 -6.4705
3 16 6.874 -52.45 -4.5856 4.5856 -52.45 -6.874 7.9622 -52.45 -6.4705
3 16 7.9622 -52.45 -6.4705 4.5856 -52.45 -6.874 6.4705 -52.45 -7.9622
3 16 4.5856 -52.45 -6.874 3.748 -52.45 -10 6.4705 -52.45 -7.9622
3 16 6.4705 -52.45 -7.9622 3.748 -52.45 -10 5.9245 -52.45 -10
3 16 3.748 -52.45 -10 4.5856 -52.45 -13.126 5.9245 -52.45 -10
3 16 5.9245 -52.45 -10 4.5856 -52.45 -13.126 6.4705 -52.45 -12.0378
3 16 4.5856 -52.45 -13.126 6.874 -52.45 -15.4144 6.4705 -52.45 -12.0378
3 16 6.4705 -52.45 -12.0378 6.874 -52.45 -15.4144 7.9622 -52.45 -13.5295
3 16 6.874 -52.45 -15.4144 10 -52.45 -16.252 7.9622 -52.45 -13.5295
3 16 7.9622 -52.45 -13.5295 10 -52.45 -16.252 10 -52.45 -14.0755
3 16 12.0378 -52.45 -13.5295 11.5133 -52.45 -15.7836 13.5295 -52.45 -12.0378
3 16 13.5295 -52.45 -12.0378 11.5133 -52.45 -15.7836 15.7835 -52.45 -11.5133
3 16 16.252 -52.45 -10 14.0755 -52.45 -10 15.7835 -52.45 -11.5133
3 16 15.7835 -52.45 -11.5133 14.0755 -52.45 -10 13.5295 -52.45 -12.0378
3 16 16.252 -52.45 -10 15.4144 -52.45 -6.874 14.0755 -52.45 -10
3 16 14.0755 -52.45 -10 15.4144 -52.45 -6.874 13.5295 -52.45 -7.9622
3 16 13.5295 -52.45 -7.9622 12.0377 -52.45 -6.4705 13.5295 -48 -7.9622
3 16 13.5295 -48 -7.9622 12.0377 -52.45 -6.4705 12.0377 -48 -6.4705
3 16 12.0377 -52.45 -6.4705 10 -52.45 -5.9245 12.0377 -48 -6.4705
3 16 12.0377 -48 -6.4705 10 -52.45 -5.9245 10 -48 -5.9245
3 16 10 -52.45 -5.9245 7.9622 -52.45 -6.4705 10 -48 -5.9245
3 16 10 -48 -5.9245 7.9622 -52.45 -6.4705 7.9622 -48 -6.4705
3 16 7.9622 -52.45 -6.4705 6.4705 -52.45 -7.9622 7.9622 -48 -6.4705
3 16 7.9622 -48 -6.4705 6.4705 -52.45 -7.9622 6.4705 -48 -7.9622
3 16 6.4705 -52.45 -7.9622 5.9245 -52.45 -10 6.4705 -48 -7.9622
3 16 6.4705 -48 -7.9622 5.9245 -52.45 -10 5.9245 -48 -10
3 16 5.9245 -52.45 -10 6.4705 -52.45 -12.0378 5.9245 -48 -10
3 16 5.9245 -48 -10 6.4705 -52.45 -12.0378 6.4705 -48 -12.0378
3 16 6.4705 -52.45 -12.0378 7.9622 -52.45 -13.5295 6.4705 -48 -12.0378
3 16 6.4705 -48 -12.0378 7.9622 -52.45 -13.5295 7.9622 -48 -13.5295
3 16 7.9622 -52.45 -13.5295 10 -52.45 -14.0755 7.9622 -48 -13.5295
3 16 7.9622 -48 -13.5295 10 -52.45 -14.0755 10 -48 -14.0755
3 16 13.5295 -48 -12.0378 12.0378 -48 -13.5295 13.5295 -52.45 -12.0378
3 16 13.5295 -52.45 -12.0378 12.0378 -48 -13.5295 12.0378 -52.45 -13.5295
3 16 13.5295 -52.45 -12.0378 14.0755 -52.45 -10 13.5295 -48 -12.0378
3 16 13.5295 -48 -12.0378 14.0755 -52.45 -10 14.0755 -48 -10
3 16 14.0755 -52.45 -10 13.5295 -52.45 -7.9622 14.0755 -48 -10
3 16 14.0755 -48 -10 13.5295 -52.45 -7.9622 13.5295 -48 -7.9622
3 16 10 -52.45 -14.0755 12.0378 -52.45 -13.5295 10 -48 -14.0755
3 16 10 -48 -14.0755 12.0378 -52.45 -13.5295 12.0378 -48 -13.5295
3 16 10 -52.45 -16.252 11.5133 -52.45 -15.7836 10 -52.45 -14.0755
3 16 10 -52.45 -14.0755 11.5133 -52.45 -15.7836 12.0378 -52.45 -13.5295
3 16 10 -48 -16.252 11.5133 -48 -15.7836 10 -52.45 -16.252
3 16 10 -52.45 -16.252 11.5133 -48 -15.7836 11.5133 -52.45 -15.7836
3 16 15.7835 -48 -11.563 16.252 -48 -10 15.7835 -52.45 -11.5133
3 16 15.7835 -52.45 -11.5133 16.252 -48 -10 16.252 -52.45 -10
3 16 -11.5194 -48 15.7896 -15.7896 -48 11.569 -11.5194 -52.45 15.7896
3 16 -11.5194 -52.45 15.7896 -15.7896 -48 11.569 -15.7896 -52.45 11.5193
3 16 -15.4204 -48 6.88 -13.132 -48 4.5916 -15.4204 -52.45 6.88
3 16 -15.4204 -52.45 6.88 -13.132 -48 4.5916 -13.132 -52.45 4.5916
3 16 -13.132 -48 4.5916 -10.006 -48 3.754 -13.132 -52.45 4.5916
3 16 -13.132 -52.45 4.5916 -10.006 -48 3.754 -10.006 -52.45 3.754
3 16 -10.006 -48 3.754 -6.88 -48 4.5916 -10.006 -52.45 3.754
3 16 -10.006 -52.45 3.754 -6.88 -48 4.5916 -6.88 -52.45 4.5916
3 16 -6.88 -48 4.5916 -4.5916 -48 6.88 -6.88 -52.45 4.5916
3 16 -6.88 -52.45 4.5916 -4.5916 -48 6.88 -4.5916 -52.45 6.88
3 16 -4.5916 -48 6.88 -3.754 -48 10.006 -4.5916 -52.45 6.88
3 16 -4.5916 -52.45 6.88 -3.754 -48 10.006 -3.754 -52.45 10.006
3 16 -3.754 -48 10.006 -4.5916 -48 13.132 -3.754 -52.45 10.006
3 16 -3.754 -52.45 10.006 -4.5916 -48 13.132 -4.5916 -52.45 13.132
3 16 -4.5916 -48 13.132 -6.88 -48 15.4204 -4.5916 -52.45 13.132
3 16 -4.5916 -52.45 13.132 -6.88 -48 15.4204 -6.88 -52.45 15.4204
3 16 -6.88 -48 15.4204 -10.006 -48 16.258 -6.88 -52.45 15.4204
3 16 -6.88 -52.45 15.4204 -10.006 -48 16.258 -10.006 -52.45 16.258
3 16 -16.258 -48 10.006 -15.4204 -48 6.88 -16.258 -52.45 10.006
3 16 -16.258 -52.45 10.006 -15.4204 -48 6.88 -15.4204 -52.45 6.88
3 16 -15.4204 -52.45 6.88 -13.132 -52.45 4.5916 -13.5355 -52.45 7.9682
3 16 -13.5355 -52.45 7.9682 -13.132 -52.45 4.5916 -12.0438 -52.45 6.4765
3 16 -13.132 -52.45 4.5916 -10.006 -52.45 3.754 -12.0438 -52.45 6.4765
3 16 -12.0438 -52.45 6.4765 -10.006 -52.45 3.754 -10.006 -52.45 5.9305
3 16 -10.006 -52.45 3.754 -6.88 -52.45 4.5916 -10.006 -52.45 5.9305
3 16 -10.006 -52.45 5.9305 -6.88 -52.45 4.5916 -7.9683 -52.45 6.4765
3 16 -6.88 -52.45 4.5916 -4.5916 -52.45 6.88 -7.9683 -52.45 6.4765
3 16 -7.9683 -52.45 6.4765 -4.5916 -52.45 6.88 -6.4765 -52.45 7.9682
3 16 -4.5916 -52.45 6.88 -3.754 -52.45 10.006 -6.4765 -52.45 7.9682
3 16 -6.4765 -52.45 7.9682 -3.754 -52.45 10.006 -5.9305 -52.45 10.006
3 16 -3.754 -52.45 10.006 -4.5916 -52.45 13.132 -5.9305 -52.45 10.006
3 16 -5.9305 -52.45 10.006 -4.5916 -52.45 13.132 -6.4765 -52.45 12.0438
3 16 -4.5916 -52.45 13.132 -6.88 -52.45 15.4204 -6.4765 -52.45 12.0438
3 16 -6.4765 -52.45 12.0438 -6.88 -52.45 15.4204 -7.9683 -52.45 13.5355
3 16 -6.88 -52.45 15.4204 -10.006 -52.45 16.258 -7.9683 -52.45 13.5355
3 16 -7.9683 -52.45 13.5355 -10.006 -52.45 16.258 -10.006 -52.45 14.0815
3 16 -12.0438 -52.45 13.5355 -11.5194 -52.45 15.7896 -13.5355 -52.45 12.0438
3 16 -13.5355 -52.45 12.0438 -11.5194 -52.45 15.7896 -15.7896 -52.45 11.5193
3 16 -16.258 -52.45 10.006 -14.0815 -52.45 10.006 -15.7896 -52.45 11.5193
3 16 -15.7896 -52.45 11.5193 -14.0815 -52.45 10.006 -13.5355 -52.45 12.0438
3 16 -16.258 -52.45 10.006 -15.4204 -52.45 6.88 -14.0815 -52.45 10.006
3 16 -14.0815 -52.45 10.006 -15.4204 -52.45 6.88 -13.5355 -52.45 7.9682
3 16 -13.5355 -52.45 7.9682 -12.0438 -52.45 6.4765 -13.5355 -48 7.9682
3 16 -13.5355 -48 7.9682 -12.0438 -52.45 6.4765 -12.0438 -48 6.4765
3 16 -12.0438 -52.45 6.4765 -10.006 -52.45 5.9305 -12.0438 -48 6.4765
3 16 -12.0438 -48 6.4765 -10.006 -52.45 5.9305 -10.006 -48 5.9305
3 16 -10.006 -52.45 5.9305 -7.9683 -52.45 6.4765 -10.006 -48 5.9305
3 16 -10.006 -48 5.9305 -7.9683 -52.45 6.4765 -7.9683 -48 6.4765
3 16 -7.9683 -52.45 6.4765 -6.4765 -52.45 7.9682 -7.9683 -48 6.4765
3 16 -7.9683 -48 6.4765 -6.4765 -52.45 7.9682 -6.4765 -48 7.9682
3 16 -6.4765 -52.45 7.9682 -5.9305 -52.45 10.006 -6.4765 -48 7.9682
3 16 -6.4765 -48 7.9682 -5.9305 -52.45 10.006 -5.9305 -48 10.006
3 16 -5.9305 -52.45 10.006 -6.4765 -52.45 12.0438 -5.9305 -48 10.006
3 16 -5.9305 -48 10.006 -6.4765 -52.45 12.0438 -6.4765 -48 12.0438
3 16 -6.4765 -52.45 12.0438 -7.9683 -52.45 13.5355 -6.4765 -48 12.0438
3 16 -6.4765 -48 12.0438 -7.9683 -52.45 13.5355 -7.9683 -48 13.5355
3 16 -7.9683 -52.45 13.5355 -10.006 -52.45 14.0815 -7.9683 -48 13.5355
3 16 -7.9683 -48 13.5355 -10.006 -52.45 14.0815 -10.006 -48 14.0815
3 16 -13.5355 -48 12.0438 -12.0438 -48 13.5355 -13.5355 -52.45 12.0438
3 16 -13.5355 -52.45 12.0438 -12.0438 -48 13.5355 -12.0438 -52.45 13.5355
3 16 -13.5355 -52.45 12.0438 -14.0815 -52.45 10.006 -13.5355 -48 12.0438
3 16 -13.5355 -48 12.0438 -14.0815 -52.45 10.006 -14.0815 -48 10.006
3 16 -14.0815 -52.45 10.006 -13.5355 -52.45 7.9682 -14.0815 -48 10.006
3 16 -14.0815 -48 10.006 -13.5355 -52.45 7.9682 -13.5355 -48 7.9682
3 16 -10.006 -52.45 14.0815 -12.0438 -52.45 13.5355 -10.006 -48 14.0815
3 16 -10.006 -48 14.0815 -12.0438 -52.45 13.5355 -12.0438 -48 13.5355
3 16 -10.006 -52.45 16.258 -11.5194 -52.45 15.7896 -10.006 -52.45 14.0815
3 16 -10.006 -52.45 14.0815 -11.5194 -52.45 15.7896 -12.0438 -52.45 13.5355
3 16 -10.006 -48 16.258 -11.5194 -48 15.7896 -10.006 -52.45 16.258
3 16 -10.006 -52.45 16.258 -11.5194 -48 15.7896 -11.5194 -52.45 15.7896
3 16 -15.7896 -48 11.569 -16.258 -48 10.006 -15.7896 -52.45 11.5193
3 16 -15.7896 -52.45 11.5193 -16.258 -48 10.006 -16.258 -52.45 10.006
3 16 -16.0979 -48.0001 -11.5133 -11.8774 -48.0001 -15.7835 -16.0979 -52.4501 -11.5133
3 16 -16.0979 -52.4501 -11.5133 -11.8774 -48.0001 -15.7835 -11.8277 -52.4501 -15.7835
3 16 -7.1884 -48.0001 -15.4144 -4.9 -48.0001 -13.126 -7.1884 -52.4501 -15.4144
3 16 -7.1884 -52.4501 -15.4144 -4.9 -48.0001 -13.126 -4.9 -52.4501 -13.126
3 16 -4.9 -48.0001 -13.126 -4.0624 -48.0001 -10 -4.9 -52.4501 -13.126
3 16 -4.9 -52.4501 -13.126 -4.0624 -48.0001 -10 -4.0624 -52.4501 -10
3 16 -4.0624 -48.0001 -10 -4.9 -48.0001 -6.874 -4.0624 -52.4501 -10
3 16 -4.0624 -52.4501 -10 -4.9 -48.0001 -6.874 -4.9 -52.4501 -6.874
3 16 -4.9 -48.0001 -6.874 -7.1884 -48.0001 -4.5856 -4.9 -52.4501 -6.874
3 16 -4.9 -52.4501 -6.874 -7.1884 -48.0001 -4.5856 -7.1884 -52.4501 -4.5856
3 16 -7.1884 -48.0001 -4.5856 -10.3144 -48.0001 -3.748 -7.1884 -52.4501 -4.5856
3 16 -7.1884 -52.4501 -4.5856 -10.3144 -48.0001 -3.748 -10.3144 -52.4501 -3.748
3 16 -10.3144 -48.0001 -3.748 -13.4404 -48.0001 -4.5856 -10.3144 -52.4501 -3.748
3 16 -10.3144 -52.4501 -3.748 -13.4404 -48.0001 -4.5856 -13.4404 -52.4501 -4.5856
3 16 -13.4404 -48.0001 -4.5856 -15.7288 -48.0001 -6.874 -13.4404 -52.4501 -4.5856
3 16 -13.4404 -52.4501 -4.5856 -15.7288 -48.0001 -6.874 -15.7288 -52.4501 -6.874
3 16 -15.7288 -48.0001 -6.874 -16.5664 -48.0001 -10 -15.7288 -52.4501 -6.874
3 16 -15.7288 -52.4501 -6.874 -16.5664 -48.0001 -10 -16.5664 -52.4501 -10
3 16 -10.3144 -48.0001 -16.252 -7.1884 -48.0001 -15.4144 -10.3144 -52.4501 -16.252
3 16 -10.3144 -52.4501 -16.252 -7.1884 -48.0001 -15.4144 -7.1884 -52.4501 -15.4144
3 16 -7.1884 -52.4501 -15.4144 -4.9 -52.4501 -13.126 -8.2766 -52.4501 -13.5295
3 16 -8.2766 -52.4501 -13.5295 -4.9 -52.4501 -13.126 -6.7849 -52.4501 -12.0377
3 16 -4.9 -52.4501 -13.126 -4.0624 -52.4501 -10 -6.7849 -52.4501 -12.0377
3 16 -6.7849 -52.4501 -12.0377 -4.0624 -52.4501 -10 -6.2389 -52.4501 -10
3 16 -4.0624 -52.4501 -10 -4.9 -52.4501 -6.874 -6.2389 -52.4501 -10
3 16 -6.2389 -52.4501 -10 -4.9 -52.4501 -6.874 -6.7849 -52.4501 -7.9622
3 16 -4.9 -52.4501 -6.874 -7.1884 -52.4501 -4.5856 -6.7849 -52.4501 -7.9622
3 16 -6.7849 -52.4501 -7.9622 -7.1884 -52.4501 -4.5856 -8.2766 -52.4501 -6.4705
3 16 -7.1884 -52.4501 -4.5856 -10.3144 -52.4501 -3.748 -8.2766 -52.4501 -6.4705
3 16 -8.2766 -52.4501 -6.4705 -10.3144 -52.4501 -3.748 -10.3144 -52.4501 -5.9245
3 16 -10.3144 -52.4501 -3.748 -13.4404 -52.4501 -4.5856 -10.3144 -52.4501 -5.9245
3 16 -10.3144 -52.4501 -5.9245 -13.4404 -52.4501 -4.5856 -12.3522 -52.4501 -6.4705
3 16 -13.4404 -52.4501 -4.5856 -15.7288 -52.4501 -6.874 -12.3522 -52.4501 -6.4705
3 16 -12.3522 -52.4501 -6.4705 -15.7288 -52.4501 -6.874 -13.8439 -52.4501 -7.9622
3 16 -15.7288 -52.4501 -6.874 -16.5664 -52.4501 -10 -13.8439 -52.4501 -7.9622
3 16 -13.8439 -52.4501 -7.9622 -16.5664 -52.4501 -10 -14.3899 -52.4501 -10
3 16 -13.8439 -52.4501 -12.0378 -16.0979 -52.4501 -11.5133 -12.3521 -52.4501 -13.5295
3 16 -12.3521 -52.4501 -13.5295 -16.0979 -52.4501 -11.5133 -11.8277 -52.4501 -15.7835
3 16 -10.3144 -52.4501 -16.252 -10.3144 -52.4501 -14.0755 -11.8277 -52.4501 -15.7835
3 16 -11.8277 -52.4501 -15.7835 -10.3144 -52.4501 -14.0755 -12.3521 -52.4501 -13.5295
3 16 -10.3144 -52.4501 -16.252 -7.1884 -52.4501 -15.4144 -10.3144 -52.4501 -14.0755
3 16 -10.3144 -52.4501 -14.0755 -7.1884 -52.4501 -15.4144 -8.2766 -52.4501 -13.5295
3 16 -8.2766 -52.4501 -13.5295 -6.7849 -52.4501 -12.0377 -8.2766 -48.0001 -13.5295
3 16 -8.2766 -48.0001 -13.5295 -6.7849 -52.4501 -12.0377 -6.7849 -48.0001 -12.0377
3 16 -6.7849 -52.4501 -12.0377 -6.2389 -52.4501 -10 -6.7849 -48.0001 -12.0377
3 16 -6.7849 -48.0001 -12.0377 -6.2389 -52.4501 -10 -6.2389 -48.0001 -10
3 16 -6.2389 -52.4501 -10 -6.7849 -52.4501 -7.9622 -6.2389 -48.0001 -10
3 16 -6.2389 -48.0001 -10 -6.7849 -52.4501 -7.9622 -6.7849 -48.0001 -7.9622
3 16 -6.7849 -52.4501 -7.9622 -8.2766 -52.4501 -6.4705 -6.7849 -48.0001 -7.9622
3 16 -6.7849 -48.0001 -7.9622 -8.2766 -52.4501 -6.4705 -8.2766 -48.0001 -6.4705
3 16 -8.2766 -52.4501 -6.4705 -10.3144 -52.4501 -5.9245 -8.2766 -48.0001 -6.4705
3 16 -8.2766 -48.0001 -6.4705 -10.3144 -52.4501 -5.9245 -10.3144 -48.0001 -5.9245
3 16 -10.3144 -52.4501 -5.9245 -12.3522 -52.4501 -6.4705 -10.3144 -48.0001 -5.9245
3 16 -10.3144 -48.0001 -5.9245 -12.3522 -52.4501 -6.4705 -12.3522 -48.0001 -6.4705
3 16 -12.3522 -52.4501 -6.4705 -13.8439 -52.4501 -7.9622 -12.3522 -48.0001 -6.4705
3 16 -12.3522 -48.0001 -6.4705 -13.8439 -52.4501 -7.9622 -13.8439 -48.0001 -7.9622
3 16 -13.8439 -52.4501 -7.9622 -14.3899 -52.4501 -10 -13.8439 -48.0001 -7.9622
3 16 -13.8439 -48.0001 -7.9622 -14.3899 -52.4501 -10 -14.3899 -48.0001 -10
3 16 -12.3521 -48.0001 -13.5295 -13.8439 -48.0001 -12.0378 -12.3521 -52.4501 -13.5295
3 16 -12.3521 -52.4501 -13.5295 -13.8439 -48.0001 -12.0378 -13.8439 -52.4501 -12.0378
3 16 -12.3521 -52.4501 -13.5295 -10.3144 -52.4501 -14.0755 -12.3521 -48.0001 -13.5295
3 16 -12.3521 -48.0001 -13.5295 -10.3144 -52.4501 -14.0755 -10.3144 -48.0001 -14.0755
3 16 -10.3144 -52.4501 -14.0755 -8.2766 -52.4501 -13.5295 -10.3144 -48.0001 -14.0755
3 16 -10.3144 -48.0001 -14.0755 -8.2766 -52.4501 -13.5295 -8.2766 -48.0001 -13.5295
3 16 -14.3899 -52.4501 -10 -13.8439 -52.4501 -12.0378 -14.3899 -48.0001 -10
3 16 -14.3899 -48.0001 -10 -13.8439 -52.4501 -12.0378 -13.8439 -48.0001 -12.0378
3 16 -16.5664 -52.4501 -10 -16.0979 -52.4501 -11.5133 -14.3899 -52.4501 -10
3 16 -14.3899 -52.4501 -10 -16.0979 -52.4501 -11.5133 -13.8439 -52.4501 -12.0378
3 16 -16.5664 -48.0001 -10 -16.0979 -48.0001 -11.5133 -16.5664 -52.4501 -10
3 16 -16.5664 -52.4501 -10 -16.0979 -48.0001 -11.5133 -16.0979 -52.4501 -11.5133
3 16 -11.8774 -48.0001 -15.7835 -10.3144 -48.0001 -16.252 -11.8277 -52.4501 -15.7835
3 16 -11.8277 -52.4501 -15.7835 -10.3144 -48.0001 -16.252 -10.3144 -52.4501 -16.252
3 16 15.7836 -48.0054 11.5493 11.563 -48.0054 15.8195 15.7836 -52.4554 11.5493
3 16 15.7836 -52.4554 11.5493 11.563 -48.0054 15.8195 11.5133 -52.4554 15.8195
3 16 6.874 -48.0054 15.4504 4.5856 -48.0054 13.162 6.874 -52.4554 15.4504
3 16 6.874 -52.4554 15.4504 4.5856 -48.0054 13.162 4.5856 -52.4554 13.162
3 16 4.5856 -48.0054 13.162 3.748 -48.0054 10.036 4.5856 -52.4554 13.162
3 16 4.5856 -52.4554 13.162 3.748 -48.0054 10.036 3.748 -52.4554 10.036
3 16 3.748 -48.0054 10.036 4.5856 -48.0054 6.91 3.748 -52.4554 10.036
3 16 3.748 -52.4554 10.036 4.5856 -48.0054 6.91 4.5856 -52.4554 6.91
3 16 4.5856 -48.0054 6.91 6.874 -48.0054 4.6216 4.5856 -52.4554 6.91
3 16 4.5856 -52.4554 6.91 6.874 -48.0054 4.6216 6.874 -52.4554 4.6216
3 16 6.874 -48.0054 4.6216 10 -48.0054 3.7839 6.874 -52.4554 4.6216
3 16 6.874 -52.4554 4.6216 10 -48.0054 3.7839 10 -52.4554 3.7839
3 16 10 -48.0054 3.7839 13.126 -48.0054 4.6216 10 -52.4554 3.7839
3 16 10 -52.4554 3.7839 13.126 -48.0054 4.6216 13.126 -52.4554 4.6216
3 16 13.126 -48.0054 4.6216 15.4144 -48.0054 6.91 13.126 -52.4554 4.6216
3 16 13.126 -52.4554 4.6216 15.4144 -48.0054 6.91 15.4144 -52.4554 6.91
3 16 15.4144 -48.0054 6.91 16.252 -48.0054 10.036 15.4144 -52.4554 6.91
3 16 15.4144 -52.4554 6.91 16.252 -48.0054 10.036 16.252 -52.4554 10.036
3 16 10 -48.0054 16.288 6.874 -48.0054 15.4504 10 -52.4554 16.288
3 16 10 -52.4554 16.288 6.874 -48.0054 15.4504 6.874 -52.4554 15.4504
3 16 6.874 -52.4554 15.4504 4.5856 -52.4554 13.162 7.9622 -52.4554 13.5655
3 16 7.9622 -52.4554 13.5655 4.5856 -52.4554 13.162 6.4705 -52.4554 12.0737
3 16 4.5856 -52.4554 13.162 3.748 -52.4554 10.036 6.4705 -52.4554 12.0737
3 16 6.4705 -52.4554 12.0737 3.748 -52.4554 10.036 5.9245 -52.4554 10.036
3 16 3.748 -52.4554 10.036 4.5856 -52.4554 6.91 5.9245 -52.4554 10.036
3 16 5.9245 -52.4554 10.036 4.5856 -52.4554 6.91 6.4705 -52.4554 7.9982
3 16 4.5856 -52.4554 6.91 6.874 -52.4554 4.6216 6.4705 -52.4554 7.9982
3 16 6.4705 -52.4554 7.9982 6.874 -52.4554 4.6216 7.9622 -52.4554 6.5065
3 16 6.874 -52.4554 4.6216 10 -52.4554 3.7839 7.9622 -52.4554 6.5065
3 16 7.9622 -52.4554 6.5065 10 -52.4554 3.7839 10 -52.4554 5.9605
3 16 10 -52.4554 3.7839 13.126 -52.4554 4.6216 10 -52.4554 5.9605
3 16 10 -52.4554 5.9605 13.126 -52.4554 4.6216 12.0378 -52.4554 6.5065
3 16 13.126 -52.4554 4.6216 15.4144 -52.4554 6.91 12.0378 -52.4554 6.5065
3 16 12.0378 -52.4554 6.5065 15.4144 -52.4554 6.91 13.5295 -52.4554 7.9982
3 16 15.4144 -52.4554 6.91 16.252 -52.4554 10.036 13.5295 -52.4554 7.9982
3 16 13.5295 -52.4554 7.9982 16.252 -52.4554 10.036 14.0755 -52.4554 10.036
3 16 13.5295 -52.4554 12.0737 15.7836 -52.4554 11.5493 12.0378 -52.4554 13.5655
3 16 12.0378 -52.4554 13.5655 15.7836 -52.4554 11.5493 11.5133 -52.4554 15.8195
3 16 10 -52.4554 16.288 10 -52.4554 14.1115 11.5133 -52.4554 15.8195
3 16 11.5133 -52.4554 15.8195 10 -52.4554 14.1115 12.0378 -52.4554 13.5655
3 16 10 -52.4554 16.288 6.874 -52.4554 15.4504 10 -52.4554 14.1115
3 16 10 -52.4554 14.1115 6.874 -52.4554 15.4504 7.9622 -52.4554 13.5655
3 16 7.9622 -52.4554 13.5655 6.4705 -52.4554 12.0737 7.9622 -48.0054 13.5655
3 16 7.9622 -48.0054 13.5655 6.4705 -52.4554 12.0737 6.4705 -48.0054 12.0737
3 16 6.4705 -52.4554 12.0737 5.9245 -52.4554 10.036 6.4705 -48.0054 12.0737
3 16 6.4705 -48.0054 12.0737 5.9245 -52.4554 10.036 5.9245 -48.0054 10.036
3 16 5.9245 -52.4554 10.036 6.4705 -52.4554 7.9982 5.9245 -48.0054 10.036
3 16 5.9245 -48.0054 10.036 6.4705 -52.4554 7.9982 6.4705 -48.0054 7.9982
3 16 6.4705 -52.4554 7.9982 7.9622 -52.4554 6.5065 6.4705 -48.0054 7.9982
3 16 6.4705 -48.0054 7.9982 7.9622 -52.4554 6.5065 7.9622 -48.0054 6.5065
3 16 7.9622 -52.4554 6.5065 10 -52.4554 5.9605 7.9622 -48.0054 6.5065
3 16 7.9622 -48.0054 6.5065 10 -52.4554 5.9605 10 -48.0054 5.9605
3 16 10 -52.4554 5.9605 12.0378 -52.4554 6.5065 10 -48.0054 5.9605
3 16 10 -48.0054 5.9605 12.0378 -52.4554 6.5065 12.0378 -48.0054 6.5065
3 16 12.0378 -52.4554 6.5065 13.5295 -52.4554 7.9982 12.0378 -48.0054 6.5065
3 16 12.0378 -48.0054 6.5065 13.5295 -52.4554 7.9982 13.5295 -48.0054 7.9982
3 16 13.5295 -52.4554 7.9982 14.0755 -52.4554 10.036 13.5295 -48.0054 7.9982
3 16 13.5295 -48.0054 7.9982 14.0755 -52.4554 10.036 14.0755 -48.0054 10.036
3 16 12.0378 -48.0054 13.5655 13.5295 -48.0054 12.0737 12.0378 -52.4554 13.5655
3 16 12.0378 -52.4554 13.5655 13.5295 -48.0054 12.0737 13.5295 -52.4554 12.0737
3 16 12.0378 -52.4554 13.5655 10 -52.4554 14.1115 12.0378 -48.0054 13.5655
3 16 12.0378 -48.0054 13.5655 10 -52.4554 14.1115 10 -48.0054 14.1115
3 16 10 -52.4554 14.1115 7.9622 -52.4554 13.5655 10 -48.0054 14.1115
3 16 10 -48.0054 14.1115 7.9622 -52.4554 13.5655 7.9622 -48.0054 13.5655
3 16 14.0755 -52.4554 10.036 13.5295 -52.4554 12.0737 14.0755 -48.0054 10.036
3 16 14.0755 -48.0054 10.036 13.5295 -52.4554 12.0737 13.5295 -48.0054 12.0737
3 16 16.252 -52.4554 10.036 15.7836 -52.4554 11.5493 14.0755 -52.4554 10.036
3 16 14.0755 -52.4554 10.036 15.7836 -52.4554 11.5493 13.5295 -52.4554 12.0737
3 16 16.252 -48.0054 10.036 15.7836 -48.0054 11.5493 16.252 -52.4554 10.036
3 16 16.252 -52.4554 10.036 15.7836 -48.0054 11.5493 15.7836 -52.4554 11.5493
3 16 11.563 -48.0054 15.8195 10 -48.0054 16.288 11.5133 -52.4554 15.8195
3 16 11.5133 -52.4554 15.8195 10 -48.0054 16.288 10 -52.4554 16.288
2 24 -2.25 -8.5 -5.6207 -2.25 -8.5 -2.25
2 24 -2.25 -8.5 -5.6207 -2.25 -26.375 -5.6207
2 24 -2.25 -8.5 -2.25 -2.25 -26.375 -2.25
2 24 -2.25 -26.375 -5.6207 -2.25 -26.375 -2.25
2 24 -2.25 -26.375 -2.25 -2.25 -8.5 -2.25
2 24 -2.25 -26.375 -2.25 -5.6398 -26.375 -2.25
2 24 -2.25 -8.5 -2.25 -5.8309 -8.5 -2.25
2 24 -5.6398 -26.375 -2.25 -5.8309 -8.5 -2.25
2 24 -5.3389 -8.4421 -3.1737 -3.2304 -8.4421 -5.3212
2 24 -2.25 -8.5 -2.25 -5.8309 -8.5 -2.25
2 24 -5.3389 -8.4421 -3.1737 -5.8309 -8.5 -2.25
2 24 -2.25 -8.5 -2.25 -2.25 -8.5 -5.6207
2 24 -3.2304 -8.4421 -5.3212 -2.25 -8.5 -5.6207
2 24 -6.2225 -26.375 0 -5.6398 -26.375 -2.25
2 24 -5.8309 -8.5 -2.25 -5.6398 -26.375 -2.25
2 24 -6.2225 0 0 -5.3389 0 -3.1737
2 24 -8.0532 0 0 -6.9597 0 -4.1811
2 24 -5.8309 -8.5 -2.25 -5.3389 -8.4421 -3.1737
2 24 -6.2225 0 0 -5.3389 0 -3.1737
2 24 -5.3389 0 -3.1737 -3.2304 0 -5.3212
2 24 -5.3389 -8.4421 -3.1737 -3.2304 -8.4421 -5.3212
2 24 -6.9597 0 -4.1811 -4.1811 0 -6.9597
2 24 -5.3389 0 -3.1737 -3.2304 0 -5.3212
2 24 -2.25 -26.375 -2.25 -5.6398 -26.375 -2.25
2 24 -6.2225 -26.375 0 -5.6398 -26.375 -2.25
2 24 -4.1811 0 -6.9597 -0.875 0 -8.125
2 24 -3.2304 0 -5.3212 0 0 -5.9975
2 24 -2.25 -26.375 -5.6207 0 -26.375 -5.9975
2 24 -2.25 -26.375 -5.6207 -2.25 -8.5 -5.6207
2 24 -2.25 -26.375 -2.25 -2.25 -26.375 -5.6207
2 24 -2.25 -26.375 -5.6207 0 -26.375 -5.9975
2 24 -2.25 -8.5 5.6207 -2.25 -26.375 5.6207
2 24 -2.25 -8.5 5.6207 -2.25 -8.5 2.25
2 24 -2.25 -26.375 5.6207 -2.25 -26.375 2.25
2 24 -2.25 -8.5 2.25 -2.25 -26.375 2.25
2 24 -5.8309 -8.5 2.25 -2.25 -8.5 2.25
2 24 -5.8309 -8.5 2.25 -5.6398 -26.375 2.25
2 24 -2.25 -8.5 2.25 -2.25 -26.375 2.25
2 24 -5.6398 -26.375 2.25 -2.25 -26.375 2.25
2 24 -5.3389 -8.4421 3.1737 -3.2304 -8.4421 5.3212
2 24 -5.3389 -8.4421 3.1737 -5.8309 -8.5 2.25
2 24 -2.25 -8.5 2.25 -5.8309 -8.5 2.25
2 24 -2.25 -8.5 2.25 -2.25 -8.5 5.6207
2 24 -3.2304 -8.4421 5.3212 -2.25 -8.5 5.6207
2 24 -5.8309 -8.5 2.25 -5.6398 -26.375 2.25
2 24 -6.2225 -26.375 0 -5.6398 -26.375 2.25
2 24 -8.0532 0 0 -6.9597 0 4.1811
2 24 -6.2225 0 0 -5.3389 0 3.1737
2 24 -6.9597 0 4.1811 -4.1811 0 6.9597
2 24 -5.3389 0 3.1737 -3.2304 0 5.3212
2 24 -5.3389 0 3.1737 -3.2304 0 5.3212
2 24 -5.3389 -8.4421 3.1737 -3.2304 -8.4421 5.3212
2 24 -6.2225 0 0 -5.3389 0 3.1737
2 24 -5.8309 -8.5 2.25 -5.3389 -8.4421 3.1737
2 24 -6.2225 -26.375 0 -5.6398 -26.375 2.25
2 24 -2.25 -26.375 2.25 -5.6398 -26.375 2.25
2 24 -2.25 -26.375 5.6207 -2.25 -8.5 5.6207
2 24 -2.25 -26.375 5.6207 0 -26.375 5.9975
2 24 -2.25 -26.375 2.25 -2.25 -26.375 5.6207
2 24 0 -26.375 5.9975 -2.25 -26.375 5.6207
2 24 -3.2304 0 5.3212 0 0 5.9975
2 24 -3.2304 -8.4421 5.3212 -2.25 -8.5 5.6207
2 24 -0.875 0 8.125 0 0 8.125
2 24 -0.875 0 -8.125 0 0 -8.125
2 24 -3.2304 0 5.3212 0 0 5.9975
2 24 -4.1811 0 6.9597 -0.875 0 8.125
2 24 -3.2304 0 -5.3212 0 0 -5.9975
2 24 -3.2304 -8.4421 -5.3212 -2.25 -8.5 -5.6207
2 24 2.25 -8.5 -5.6207 2.25 -26.375 -5.6207
2 24 2.25 -8.5 -5.6207 2.25 -8.5 -2.25
2 24 2.25 -26.375 -5.6207 2.25 -26.375 -2.25
2 24 2.25 -8.5 -2.25 2.25 -26.375 -2.25
2 24 5.8309 -8.5 -2.25 2.25 -8.5 -2.25
2 24 5.8309 -8.5 -2.25 5.6398 -26.375 -2.25
2 24 2.25 -8.5 -2.25 2.25 -26.375 -2.25
2 24 5.6398 -26.375 -2.25 2.25 -26.375 -2.25
2 24 5.3389 -8.4421 -3.1737 3.2304 -8.4421 -5.3212
2 24 5.3389 -8.4421 -3.1737 5.8309 -8.5 -2.25
2 24 2.25 -8.5 -2.25 5.8309 -8.5 -2.25
2 24 2.25 -8.5 -2.25 2.25 -8.5 -5.6207
2 24 3.2304 -8.4421 -5.3212 2.25 -8.5 -5.6207
2 24 5.8309 -8.5 -2.25 5.6398 -26.375 -2.25
2 24 6.2225 -26.375 0 5.6398 -26.375 -2.25
2 24 6.9597 0 -4.1811 8.0532 0 0
2 24 5.3389 0 -3.1737 6.2225 0 0
2 24 6.2225 0 0 5.3389 0 -3.1737
2 24 5.8309 -8.5 -2.25 5.3389 -8.4421 -3.1737
2 24 5.3389 0 -3.1737 3.2304 0 -5.3212
2 24 5.3389 -8.4421 -3.1737 3.2304 -8.4421 -5.3212
2 24 5.3389 0 -3.1737 3.2304 0 -5.3212
2 24 6.9597 0 -4.1811 4.1811 0 -6.9597
2 24 6.2225 -26.375 0 5.6398 -26.375 -2.25
2 24 2.25 -26.375 -2.25 5.6398 -26.375 -2.25
2 24 0 0 -5.9975 3.2304 0 -5.3212
2 24 4.1811 0 -6.9597 0.875 0 -8.125
2 24 2.25 -26.375 -5.6207 2.25 -8.5 -5.6207
2 24 0 -26.375 -5.9975 2.25 -26.375 -5.6207
2 24 2.25 -26.375 -2.25 2.25 -26.375 -5.6207
2 24 0 -26.375 -5.9975 2.25 -26.375 -5.6207
2 24 2.25 -8.5 5.6207 2.25 -8.5 2.25
2 24 2.25 -8.5 5.6207 2.25 -26.375 5.6207
2 24 2.25 -8.5 2.25 2.25 -26.375 2.25
2 24 2.25 -26.375 5.6207 2.25 -26.375 2.25
2 24 2.25 -26.375 2.25 2.25 -8.5 2.25
2 24 2.25 -26.375 2.25 5.6398 -26.375 2.25
2 24 2.25 -8.5 2.25 5.8309 -8.5 2.25
2 24 5.6398 -26.375 2.25 5.8309 -8.5 2.25
2 24 5.3389 -8.4421 3.1737 3.2304 -8.4421 5.3212
2 24 2.25 -8.5 2.25 5.8309 -8.5 2.25
2 24 5.3389 -8.4421 3.1737 5.8309 -8.5 2.25
2 24 2.25 -8.5 2.25 2.25 -8.5 5.6207
2 24 3.2304 -8.4421 5.3212 2.25 -8.5 5.6207
2 24 6.2225 -26.375 0 5.6398 -26.375 2.25
2 24 5.8309 -8.5 2.25 5.6398 -26.375 2.25
2 24 6.2225 0 0 5.3389 0 3.1737
2 24 8.0532 0 0 6.9597 0 4.1811
2 24 6.9597 0 4.1811 4.1811 0 6.9597
2 24 5.3389 0 3.1737 3.2304 0 5.3212
2 24 5.3389 0 3.1737 3.2304 0 5.3212
2 24 5.3389 -8.4421 3.1737 3.2304 -8.4421 5.3212
2 24 6.2225 0 0 5.3389 0 3.1737
2 24 5.8309 -8.5 2.25 5.3389 -8.4421 3.1737
2 24 2.25 -26.375 2.25 5.6398 -26.375 2.25
2 24 6.2225 -26.375 0 5.6398 -26.375 2.25
2 24 0 -26.375 5.9975 2.25 -26.375 5.6207
2 24 2.25 -26.375 5.6207 2.25 -8.5 5.6207
2 24 2.25 -26.375 2.25 2.25 -26.375 5.6207
2 24 0 -26.375 5.9975 2.25 -26.375 5.6207
2 24 0 0 5.9975 3.2304 0 5.3212
2 24 3.2304 -8.4421 5.3212 2.25 -8.5 5.6207
2 24 0 0 8.125 0.875 0 8.125
2 24 0 0 -8.125 0.875 0 -8.125
2 24 4.1811 0 6.9597 0.875 0 8.125
2 24 0 0 5.9975 3.2304 0 5.3212
2 24 0 0 -5.9975 3.2304 0 -5.3212
2 24 3.2304 -8.4421 -5.3212 2.25 -8.5 -5.6207
2 24 0 -32.3349 -2.25 -3.0799 -33.1622 -2.25
2 24 0 -28.5965 -2.25 -7.75 -28.5965 -2.25
2 24 -3.0799 -33.1622 -2.25 -5.3401 -35.4224 -2.25
2 24 -5.3401 -35.4224 -2.25 -6.1674 -38.5099 -2.25
2 24 -8.2472 -32.8343 -14.2194 -9.1586 -36.1682 -13.5933
2 24 -9.1586 -36.1682 -13.5933 -9.8344 -38.6403 -13.129
2 24 -4.0166 -29.3878 -15.9984 -8.2472 -32.8343 -14.2194
2 24 -4.144 -29.4329 -6.9712 -6.9482 -31.3166 -4.2182
2 24 -4.0166 -29.3878 -15.9984 -0.875 -28.5378 -16.4768
2 24 -0.875 -28.5378 -16.4768 -0.875 -28.5378 -8.125
2 24 -4.144 -29.4329 -6.9712 -0.875 -28.5378 -8.125
2 24 -7.75 -28.5683 0 -7.75 -28.5965 -2.25
2 24 0 -28.5965 -2.25 -7.75 -28.5965 -2.25
2 24 -20 -48 0 -19.355 -48 -5.038
2 24 -19.355 -48 -5.038 -17.3229 -48 -9.9873
2 24 -9.8344 -38.6403 -13.129 -9.8344 -45.25 -13.129
2 24 -9.8344 -45.25 -13.129 -11.6786 -45.25 -11.6658
2 24 -11.6786 -45.25 -11.6658 -14.2563 -45.25 -8.1986
2 24 -14.2563 -45.25 -8.1986 -15.9127 -45.2724 -4.2245
2 24 -14.1421 -47.9974 -14.1421 -9.9619 -48 -17.3377
2 24 -17.3229 -48 -9.9873 -14.1421 -47.9974 -14.1421
2 24 -19.355 -8 -5.038 -20 -8 0
2 24 -19.355 -8 -5.038 -17.3229 -8 -9.9873
2 24 -9.9619 -8 -17.3377 -14.1421 -8 -14.1421
2 24 -9.9619 -8 -17.3377 -5.4025 -8 -19.2512
2 24 -17.3229 -8 -9.9873 -14.1421 -8 -14.1421
2 24 -3.0799 -33.1622 -2.25 0 -32.3349 -2.25
2 24 -3.0799 -33.0696 -18 0 -32.2424 -18
2 24 0 -30.8742 -18 -1.9275 -31.088 -18
2 24 0 -46.25 -18 -3.8549 -45.2 -18
2 24 0 -44.6849 -18 -3.0799 -43.8576 -18
2 24 -3.0799 -43.8576 -18 0 -44.6849 -18
2 24 -3.0799 -43.8576 -2.25 0 -44.6849 -2.25
2 24 -3.0799 -33.0696 -18 -5.3401 -35.4224 -18
2 24 -3.0799 -33.1622 -2.25 -5.3401 -35.4224 -2.25
2 24 -6.6824 -34.6474 -18 -4.5069 -32.2486 -18
2 24 -5.3401 -35.4224 -18 -3.0799 -33.0696 -18
2 24 -5.3401 -35.4224 -18 -6.1674 -38.5099 -18
2 24 -5.3401 -35.4224 -2.25 -6.1674 -38.5099 -2.25
2 24 -5.3401 -35.4224 -18 -6.1674 -38.5099 -18
2 24 -6.6824 -34.6474 -18 -7.7174 -38.5098 -18
2 24 -6.1674 -38.5099 -18 -5.3401 -41.5974 -18
2 24 -6.1674 -38.5099 -2.25 -5.3401 -41.5974 -2.25
2 24 -6.1674 -38.5099 -18 -5.3401 -41.5974 -18
2 24 -7.7174 -38.5098 -18 -6.6824 -42.3724 -18
2 24 -3.0799 -43.8576 -18 -5.3401 -41.5974 -18
2 24 -3.8549 -45.2 -18 -6.6824 -42.3724 -18
2 24 -3.0799 -43.8576 -18 -5.3401 -41.5974 -18
2 24 -3.0799 -43.8576 -2.25 -5.3401 -41.5974 -2.25
2 24 -6.6824 -34.6474 -18.8426 -4.3543 -32.0985 -19.4946
2 24 -4.3543 -32.0985 -19.4946 -6.6824 -34.6474 -18.8426
2 24 -4.5069 -32.2486 -18 -6.6824 -34.6474 -18
2 24 -6.6824 -34.6474 -18.8426 -7.7174 -38.5099 -18.4374
2 24 -6.6824 -34.6474 -18 -7.7174 -38.5098 -18
2 24 -6.6824 -34.6474 -18.8426 -7.7174 -38.5099 -18.4374
2 24 -4.3543 -32.0985 -19.4946 -1.949 -31.1078 -19.9742
2 24 -4.3543 -32.0985 -19.4946 -1.949 -31.1078 -19.9742
2 24 -4.5069 -32.2486 -18 -1.9275 -31.088 -18
2 24 -7.7174 -38.5098 -18 -6.6824 -42.3724 -18
2 24 -7.7174 -38.5099 -18.4374 -6.6824 -42.3724 -18.8372
2 24 -7.7174 -38.5099 -18.4374 -6.6824 -42.3724 -18.8372
2 24 -5.4025 -48 -19.2512 0 -48 -20
2 24 -3.8549 -45.2 -19.6107 0 -46.25 -19.9986
2 24 -3.8549 -45.2 -18 0 -46.25 -18
2 24 -3.8549 -45.2 -19.6107 0 -46.25 -19.9986
2 24 -6.6824 -42.3724 -18 -3.8549 -45.2 -18
2 24 -6.6824 -42.3724 -18.8372 -3.8549 -45.2 -19.6107
2 24 -7.75 -28.5683 0 -7.75 -28.5965 -2.25
2 24 -7.75 -48 0 -7.75 -48 -2.25
2 24 -7.75 -28.5965 -2.25 -7.75 -48 -2.25
2 24 0 -48 -2.25 -3.5016 -48 -2.25
2 24 0 -44.6849 -2.25 -3.0799 -43.8576 -2.25
2 24 -6.1674 -48 -2.25 -7.75 -48 -2.25
2 24 -6.1674 -38.5099 -2.25 -5.3401 -41.5974 -2.25
2 24 -3.5016 -48 -2.25 -6.1674 -48 -2.25
2 24 -3.0799 -43.8576 -2.25 -5.3401 -41.5974 -2.25
2 24 -3.5016 -48 -2.25 0 -48 -2.25
2 24 -5.4025 -48 -19.2512 0 -48 -20
2 24 -7.75 -48 0 -7.75 -48 -2.25
2 24 -20 -48 0 -19.355 -48 -5.038
2 24 -17.3229 -48 -9.9873 -14.1421 -47.9974 -14.1421
2 24 -5.4025 -48 -19.2512 -9.9619 -48 -17.3377
2 24 -1.949 -31.1078 -19.9742 0 -30.8742 -20
2 24 -1.9275 -31.088 -18 0 -30.8742 -18
2 24 -1.949 -31.1078 -19.9742 0 -30.8742 -20
2 24 -0.875 -28.5378 -16.4768 -0.875 -28.5378 -8.125
2 24 -0.875 -28.5378 -16.4768 -0.875 -8 -16.4768
2 24 -0.875 -28.5378 -8.125 -0.875 0 -8.125
2 24 0 -8 -20 -0.875 -8 -19.986
2 24 -0.875 -8 -19.986 -0.875 0 -8.125
2 24 0 0 -8.125 -0.875 0 -8.125
2 24 -5.4025 -8 -19.2512 -2.3889 -8.0028 -19.8503
2 24 -2.3889 -8.0028 -19.8503 -0.875 -8 -19.986
2 24 -0.875 -8 -19.986 0 -8 -20
2 24 -9.8344 -45.25 -0.875 -16.351 -45.25 -0.875
2 24 -9.8344 -45.25 -0.875 -9.4773 -38.6403 -0.875
2 24 -9.8344 -45.25 0.875 -9.4773 -38.6403 0.875
2 24 -9.8344 -45.25 0.875 -16.3378 -45.25 0.875
2 24 0 -32.3349 2.25 -3.0799 -33.1622 2.25
2 24 0 -28.5965 2.25 -7.75 -28.5965 2.25
2 24 -3.0799 -33.1622 2.25 -5.3401 -35.4224 2.25
2 24 -5.3401 -35.4224 2.25 -6.1674 -38.5099 2.25
2 24 -8.2472 -32.8343 14.2194 -9.1362 -36.0863 13.6086
2 24 -9.1362 -36.0863 13.6086 -9.8344 -38.6403 13.129
2 24 -6.9482 -31.3166 4.2181 -4.144 -29.4329 6.9712
2 24 -8.2472 -32.8343 14.2194 -4.0166 -29.3878 15.9984
2 24 -4.144 -29.4329 6.9712 -0.875 -28.5378 8.125
2 24 -4.0166 -29.3878 15.9984 -0.875 -28.5378 16.4768
2 24 -0.875 -28.5378 8.125 -0.875 -28.5378 16.4768
2 24 0 -28.5965 2.25 -7.75 -28.5965 2.25
2 24 -7.75 -28.5683 0 -7.75 -28.5965 2.25
2 24 -20 -48 0 -19.355 -48 5.038
2 24 -19.355 -48 5.038 -17.3229 -48 9.9872
2 24 -9.9619 -48 17.3377 -5.4025 -48 19.2512
2 24 -3.5016 -48 2.25 0 -48 2.25
2 24 -5.4025 -48 19.2512 0 -48 20
2 24 -9.8344 -38.6403 13.129 -9.8344 -45.25 13.129
2 24 -11.6786 -45.25 11.6657 -9.8344 -45.25 13.129
2 24 -11.6786 -45.25 11.6657 -14.2563 -45.25 8.1986
2 24 -14.2563 -45.25 8.1986 -15.9127 -45.2724 4.2245
2 24 -17.3229 -48 9.9872 -14.1421 -47.9974 14.1421
2 24 -17.3229 -48 9.9872 -14.1421 -47.9974 14.1421
2 24 -14.1421 -47.9974 14.1421 -9.9619 -48 17.3377
2 24 -5.4025 -8 19.2512 -9.9619 -8 17.3377
2 24 -9.9619 -8 17.3377 -14.1421 -8 14.1421
2 24 -14.1421 -8 14.1421 -17.3229 -8 9.9872
2 24 -17.3229 -8 9.9872 -19.355 -8 5.038
2 24 -20 -8 0 -19.355 -8 5.038
2 24 -5.4025 -8 19.2512 -2.3889 -8.0028 19.8503
2 24 -0.875 -8 19.986 -0.875 0 8.125
2 24 -0.875 -8 19.986 -0.875 -8 16.4768
2 24 0 -32.2424 18 -3.0799 -33.0696 18
2 24 0 -32.3349 2.25 -3.0799 -33.1622 2.25
2 24 -3.0799 -33.0696 18 -5.3401 -35.4224 18
2 24 -3.0799 -33.1622 2.25 -5.3401 -35.4224 2.25
2 24 -5.3401 -35.4224 18 -6.1674 -38.5099 18
2 24 -5.3401 -35.4224 2.25 -6.1674 -38.5099 2.25
2 24 -3.0799 -43.8576 18 0 -44.6849 18
2 24 -3.8549 -45.2 18 0 -46.25 18
2 24 -3.0799 -33.0696 18 -5.3401 -35.4224 18
2 24 -4.5069 -32.2486 18 -6.6824 -34.6474 18
2 24 -5.3401 -35.4224 18 -6.1674 -38.5099 18
2 24 -6.6824 -34.6474 18 -7.7174 -38.5098 18
2 24 -6.1674 -38.5099 18 -5.3401 -41.5974 18
2 24 -6.1674 -38.5099 2.25 -5.3401 -41.5974 2.25
2 24 -5.3401 -41.5974 18 -3.0799 -43.8576 18
2 24 -5.3401 -41.5974 2.25 -3.0799 -43.8576 2.25
2 24 -3.0799 -43.8576 18 0 -44.6849 18
2 24 -3.0799 -43.8576 2.25 0 -44.6849 2.25
2 24 -6.1674 -38.5099 18 -5.3401 -41.5974 18
2 24 -7.7174 -38.5098 18 -6.6824 -42.3724 18
2 24 -3.0799 -43.8576 18 -5.3401 -41.5974 18
2 24 -3.8549 -45.2 18 -6.6824 -42.3724 18
2 24 -1.949 -31.1078 19.9742 -4.3543 -32.0985 19.4946
2 24 -1.9275 -31.088 18 -4.5069 -32.2486 18
2 24 0 -46.25 19.9986 -3.8549 -45.2 19.6107
2 24 0 -46.25 18 -3.8549 -45.2 18
2 24 0 -46.25 19.9986 -3.8549 -45.2 19.6107
2 24 0 -48 20 -5.4025 -48 19.2512
2 24 -3.8549 -45.2 19.6107 -6.6824 -42.3724 18.8372
2 24 -9.9619 -48 17.3377 -5.4025 -48 19.2512
2 24 -1.949 -31.1078 19.9742 -4.3543 -32.0985 19.4946
2 24 -4.3543 -32.0985 19.4946 -6.6824 -34.6474 18.8425
2 24 -6.6824 -34.6474 18.8425 -7.7174 -38.5099 18.4374
2 24 -3.8549 -45.2 19.6107 -6.6824 -42.3724 18.8372
2 24 -3.8549 -45.2 18 -6.6824 -42.3724 18
2 24 -6.6824 -42.3724 18.8372 -7.7174 -38.5099 18.4374
2 24 -6.6824 -42.3724 18 -7.7174 -38.5098 18
2 24 -7.7174 -38.5099 18.4374 -6.6824 -34.6474 18.8425
2 24 -7.7174 -38.5098 18 -6.6824 -34.6474 18
2 24 -4.3543 -32.0985 19.4946 -6.6824 -34.6474 18.8425
2 24 -4.5069 -32.2486 18 -6.6824 -34.6474 18
2 24 -7.75 -28.5965 2.25 -7.75 -48 2.25
2 24 -7.75 -28.5683 0 -7.75 -28.5965 2.25
2 24 -7.75 -28.5965 2.25 -7.75 -48 2.25
2 24 -7.75 -48 0 -7.75 -48 2.25
2 24 -20 -48 0 -19.355 -48 5.038
2 24 -7.75 -48 0 -7.75 -48 2.25
2 24 -17.3229 -48 9.9872 -19.355 -48 5.038
2 24 -6.1674 -48 2.25 -7.75 -48 2.25
2 24 -3.0799 -43.8576 2.25 0 -44.6849 2.25
2 24 -3.5016 -48 2.25 0 -48 2.25
2 24 -3.0799 -43.8576 2.25 -5.3401 -41.5974 2.25
2 24 -3.5016 -48 2.25 -6.1674 -48 2.25
2 24 -9.9619 -48 17.3377 -14.1421 -47.9974 14.1421
2 24 -3.5016 -48 2.25 -6.1674 -48 2.25
2 24 -0.875 0 8.125 -0.875 -28.5378 8.125
2 24 -0.875 -28.5378 8.125 -0.875 -28.5378 16.4768
2 24 -0.875 -8 16.4768 -0.875 -28.5378 16.4768
2 24 -1.949 -31.1078 19.9742 0 -30.8742 20
2 24 -2.3889 -8.0028 19.8503 -0.875 -8 19.986
2 24 -1.949 -31.1078 19.9742 0 -30.8742 20
2 24 -1.9275 -31.088 18 0 -30.8742 18
2 24 0 -30.8742 18 -1.9275 -31.088 18
2 24 -0.875 0 8.125 -0.875 -8 19.986
2 24 -0.875 0 8.125 0 0 8.125
2 24 -0.875 -8 19.986 0 -8 20
2 24 -9.1203 -35.5099 -0.7625 -8.593 -33.1788 -0.875
2 24 -6.9482 -31.3166 -4.2182 -8.593 -33.1788 -0.875
2 24 -8.2472 -32.8343 -14.2194 -9.1586 -36.1682 -13.5933
2 24 -9.4773 -38.6403 -0.875 -9.8344 -45.25 -0.875
2 24 -9.8344 -45.25 -0.875 -9.8344 -45.25 -1.9079
2 24 -9.8344 -38.6403 -13.129 -9.8344 -45.25 -13.129
2 24 -9.8344 -45.25 -1.9079 -9.8344 -45.25 -13.129
2 24 -9.8344 -45.25 0.875 -9.8344 -45.25 13.129
2 24 -9.8344 -45.25 0.875 -9.4773 -38.6403 0.875
2 24 -9.8344 -45.25 13.129 -9.8344 -38.6403 13.129
2 24 -9.8344 -38.6403 13.129 -9.1362 -36.0863 13.6086
2 24 -9.4773 -38.6403 0.875 -9.1203 -35.4773 0.875
2 24 -14.2563 -45.25 8.1986 -15.9127 -45.2724 4.2245
2 24 -9.8344 -45.25 0.875 -16.3378 -45.25 0.875
2 24 -15.9127 -45.2724 4.2245 -16.3378 -45.25 0.875
2 24 -14.2563 -45.25 8.1986 -11.6786 -45.25 11.6657
2 24 -9.8344 -45.25 0.875 -9.8344 -45.25 13.129
2 24 -11.6786 -45.25 11.6657 -9.8344 -45.25 13.129
2 24 -9.8344 -45.25 -13.129 -11.6786 -45.25 -11.6658
2 24 -9.8344 -45.25 -1.9079 -9.8344 -45.25 -13.129
2 24 -16.3378 -45.25 0.875 -16.3378 -8.0004 0.875
2 24 -9.4773 -38.6403 -0.875 -9.1203 -35.5099 -0.7625
2 24 -9.4773 -38.6403 0.875 -9.1203 -35.4773 0.875
2 24 -9.1203 -35.5099 -0.7625 -8.593 -33.1788 -0.875
2 24 -16.351 -8.0004 -0.875 -7.921 -7.9681 -0.875
2 24 -8.593 -33.1788 -0.875 -7.921 -7.9681 -0.875
2 24 -15.9127 -45.2724 -4.2245 -16.351 -45.25 -0.875
2 24 -15.9168 -8 -4.2279 -16.351 -8.0004 -0.875
2 24 -16.351 -45.25 -0.875 -16.351 -8.0004 -0.875
2 24 -8.038 -7.9919 0 -7.921 -7.9681 -0.875
2 24 -16.351 -8.0004 -0.875 -7.921 -7.9681 -0.875
2 24 -20 -8 0 -19.355 -8 -5.038
2 24 -16.351 -8.0004 -0.875 -15.9168 -8 -4.2279
2 24 -4.0166 -29.3878 -15.9984 -0.875 -28.5378 -16.4768
2 24 -0.875 -28.5378 -16.4768 -0.875 -8 -16.4768
2 24 -4.0166 -8 -15.9984 -0.875 -8 -16.4768
2 24 -8.2472 -32.8343 -14.2194 -4.0166 -29.3878 -15.9984
2 24 -4.0166 -8 -15.9984 -8.2472 -8 -14.2194
2 24 -8.2472 -8 -14.2194 -11.6786 -8 -11.6658
2 24 -11.6786 -8 -11.6658 -14.2563 -8 -8.1986
2 24 -15.9168 -8 -4.2279 -14.2563 -8 -8.1986
2 24 -15.9168 -8 -4.2279 -14.2563 -8 -8.1986
2 24 -19.355 -8 -5.038 -17.3229 -8 -9.9873
2 24 -17.3229 -8 -9.9873 -14.1421 -8 -14.1421
2 24 -14.2563 -8 -8.1986 -11.6786 -8 -11.6658
2 24 -14.1421 -8 -14.1421 -9.9619 -8 -17.3377
2 24 -11.6786 -8 -11.6658 -8.2472 -8 -14.2194
2 24 -4.1811 0 -6.9597 -6.9597 0 -4.1811
2 24 -4.144 -29.4329 -6.9712 -6.9482 -31.3166 -4.2182
2 24 -0.875 0 -8.125 -0.875 -28.5378 -8.125
2 24 -4.1811 0 -6.9597 -0.875 0 -8.125
2 24 -4.144 -29.4329 -6.9712 -0.875 -28.5378 -8.125
2 24 -20 -8 0 -19.355 -8 5.038
2 24 -16.3378 -8.0004 0.875 -15.9168 -8 4.2279
2 24 -8.038 -7.9919 0 -7.921 -7.9681 -0.875
2 24 -6.9597 0 -4.1811 -8.0532 0 0
2 24 -7.9242 -8.0096 0.8751 -8.5847 -33.1625 0.875
2 24 -6.9482 -31.3166 4.2181 -8.5847 -33.1625 0.875
2 24 -16.3378 -8.0004 0.875 -15.9168 -8 4.2279
2 24 -16.3378 -8.0004 0.875 -16.3378 -45.25 0.875
2 24 -15.9127 -45.2724 4.2245 -16.3378 -45.25 0.875
2 24 -19.355 -8 5.038 -17.3229 -8 9.9872
2 24 -15.9168 -8 4.2279 -14.2563 -8 8.1986
2 24 -17.3229 -8 9.9872 -14.1421 -8 14.1421
2 24 -14.2563 -8 8.1986 -11.6786 -8 11.6657
2 24 -15.9168 -8 4.2279 -14.2563 -8 8.1986
2 24 -16.351 -45.25 -0.875 -9.8344 -45.25 -0.875
2 24 -15.9127 -45.2724 -4.2245 -16.351 -45.25 -0.875
2 24 -15.9127 -45.2724 -4.2245 -14.2563 -45.25 -8.1986
2 24 -8.2472 -8 -14.2194 -4.0166 -8 -15.9984
2 24 -9.9619 -8 -17.3377 -5.4025 -8 -19.2512
2 24 -5.4025 -8 -19.2512 -2.3889 -8.0028 -19.8503
2 24 -4.0166 -8 -15.9984 -0.875 -8 -16.4768
2 24 -2.3889 -8.0028 -19.8503 -0.875 -8 -19.986
2 24 -0.875 -8 -16.4768 -0.875 -8 -19.986
2 24 -6.9597 0 4.1811 -4.1811 0 6.9597
2 24 -6.9482 -31.3166 4.2181 -4.144 -29.4329 6.9712
2 24 -4.1811 0 6.9597 -0.875 0 8.125
2 24 -0.875 0 8.125 -0.875 -28.5378 8.125
2 24 -4.144 -29.4329 6.9712 -0.875 -28.5378 8.125
2 24 -14.2563 -8 8.1986 -11.6786 -8 11.6657
2 24 -11.6786 -8 11.6657 -8.2472 -8 14.2194
2 24 -8.2472 -8 14.2194 -4.0166 -8 15.9984
2 24 -8.2472 -32.8343 14.2194 -4.0166 -29.3878 15.9984
2 24 -4.0166 -29.3878 15.9984 -0.875 -28.5378 16.4768
2 24 -4.0166 -8 15.9984 -0.875 -8 16.4768
2 24 -0.875 -28.5378 16.4768 -0.875 -8 16.4768
2 24 -14.1421 -8 14.1421 -9.9619 -8 17.3377
2 24 -11.6786 -8 11.6657 -8.2472 -8 14.2194
2 24 -9.9619 -8 17.3377 -5.4025 -8 19.2512
2 24 -8.2472 -8 14.2194 -4.0166 -8 15.9984
2 24 -2.3889 -8.0028 19.8503 -0.875 -8 19.986
2 24 -0.875 -8 16.4768 -0.875 -8 19.986
2 24 -9.1203 -35.5099 -0.7625 -9.4773 -38.6403 -0.875
2 24 -9.1586 -36.1682 -13.5933 -9.8344 -38.6403 -13.129
2 24 -9.1203 -35.4773 0.875 -8.5847 -33.1625 0.875
2 24 -6.9482 -31.3166 4.2181 -8.5847 -33.1625 0.875
2 24 -8.2472 -32.8343 14.2194 -9.1362 -36.0863 13.6086
2 24 -9.8344 -45.25 -1.9079 -9.8344 -45.25 -0.875
2 24 -11.6786 -45.25 -11.6658 -14.2563 -45.25 -8.1986
2 24 -4.0166 -8 15.9984 -0.875 -8 16.4768
2 24 -5.4025 -8 19.2512 -2.3889 -8.0028 19.8503
2 24 -0.875 -8 19.986 0 -8 20
2 24 -8.0532 0 0 -6.9597 0 4.1811
2 24 -8.038 -7.9919 0 -7.9242 -8.0096 0.8751
2 24 -6.9482 -31.3166 -4.2182 -8.593 -33.1788 -0.875
2 24 -7.921 -7.9681 -0.875 -8.593 -33.1788 -0.875
2 24 -16.3378 -8.0004 0.875 -7.9242 -8.0096 0.8751
2 24 -8.038 -7.9919 0 -7.9242 -8.0096 0.8751
2 24 -16.351 -45.25 -0.875 -16.351 -8.0004 -0.875
2 24 -9.1203 -35.4773 0.875 -8.5847 -33.1625 0.875
2 24 -8.5847 -33.1625 0.875 -7.9242 -8.0096 0.8751
2 24 -16.3378 -8.0004 0.875 -7.9242 -8.0096 0.8751
2 24 -7.75 -48 -2.25 -6.1674 -48 -2.25
2 24 -19.355 -48 -5.038 -17.3229 -48 -9.9873
2 24 -3.5016 -48 -2.25 -6.1674 -48 -2.25
2 24 -14.1421 -47.9974 -14.1421 -9.9619 -48 -17.3377
2 24 -7.75 -28.5965 -2.25 -7.75 -48 -2.25
2 24 -6.1674 -38.5099 2.25 -5.3401 -41.5974 2.25
2 24 -7.75 -48 2.25 -6.1674 -48 2.25
2 24 -0.875 -8 -16.4768 -0.875 -8 -19.986
2 24 -0.875 0 -8.125 -0.875 -8 -19.986
2 24 0 -32.3349 -2.25 3.0799 -33.1622 -2.25
2 24 0 -28.5965 -2.25 7.75 -28.5965 -2.25
2 24 3.0799 -33.1622 -2.25 5.3401 -35.4224 -2.25
2 24 5.3401 -35.4224 -2.25 6.1674 -38.5099 -2.25
2 24 8.2472 -32.8343 -14.2194 9.1586 -36.1682 -13.5933
2 24 9.1586 -36.1682 -13.5933 9.8344 -38.6403 -13.129
2 24 6.9482 -31.3166 -4.2182 4.144 -29.4329 -6.9712
2 24 8.2472 -32.8343 -14.2194 4.0166 -29.3878 -15.9984
2 24 4.144 -29.4329 -6.9712 0.875 -28.5378 -8.125
2 24 4.0166 -29.3878 -15.9984 0.875 -28.5378 -16.4768
2 24 0.875 -28.5378 -8.125 0.875 -28.5378 -16.4768
2 24 0 -28.5965 -2.25 7.75 -28.5965 -2.25
2 24 7.75 -28.5683 0 7.75 -28.5965 -2.25
2 24 20 -48 0 19.355 -48 -5.038
2 24 19.355 -48 -5.038 17.3229 -48 -9.9873
2 24 9.8344 -38.6403 -13.129 9.8344 -45.25 -13.129
2 24 11.6786 -45.25 -11.6658 9.8344 -45.25 -13.129
2 24 11.6786 -45.25 -11.6658 14.2563 -45.25 -8.1986
2 24 14.2563 -45.25 -8.1986 15.9127 -45.2724 -4.2245
2 24 14.1421 -47.9974 -14.1421 9.9619 -48 -17.3377
2 24 17.3229 -48 -9.9873 14.1421 -47.9974 -14.1421
2 24 19.355 -8 -5.038 20 -8 0
2 24 19.355 -8 -5.038 17.3229 -8 -9.9873
2 24 9.9619 -8 -17.3377 14.1421 -8 -14.1421
2 24 9.9619 -8 -17.3377 5.4025 -8 -19.2512
2 24 17.3229 -8 -9.9873 14.1421 -8 -14.1421
2 24 0 -32.2424 -18 3.0799 -33.0696 -18
2 24 0 -32.3349 -2.25 3.0799 -33.1622 -2.25
2 24 0 -46.25 -18 3.8549 -45.2 -18
2 24 0 -44.6849 -18 3.0799 -43.8576 -18
2 24 0 -44.6849 -18 3.0799 -43.8576 -18
2 24 0 -44.6849 -2.25 3.0799 -43.8576 -2.25
2 24 3.0799 -33.0696 -18 5.3401 -35.4224 -18
2 24 3.0799 -33.1622 -2.25 5.3401 -35.4224 -2.25
2 24 3.0799 -33.0696 -18 5.3401 -35.4224 -18
2 24 4.5069 -32.2486 -18 6.6824 -34.6474 -18
2 24 5.3401 -35.4224 -18 6.1674 -38.5099 -18
2 24 5.3401 -35.4224 -2.25 6.1674 -38.5099 -2.25
2 24 5.3401 -35.4224 -18 6.1674 -38.5099 -18
2 24 6.6824 -34.6474 -18 7.7174 -38.5098 -18
2 24 6.1674 -38.5099 -18 5.3401 -41.5974 -18
2 24 6.1674 -38.5099 -2.25 5.3401 -41.5974 -2.25
2 24 6.1674 -38.5099 -18 5.3401 -41.5974 -18
2 24 7.7174 -38.5098 -18 6.6824 -42.3724 -18
2 24 3.0799 -43.8576 -18 5.3401 -41.5974 -18
2 24 3.8549 -45.2 -18 6.6824 -42.3724 -18
2 24 3.0799 -43.8576 -18 5.3401 -41.5974 -18
2 24 3.0799 -43.8576 -2.25 5.3401 -41.5974 -2.25
2 24 4.3543 -32.0985 -19.4946 6.6824 -34.6474 -18.8426
2 24 4.3543 -32.0985 -19.4946 6.6824 -34.6474 -18.8426
2 24 4.5069 -32.2486 -18 6.6824 -34.6474 -18
2 24 6.6824 -34.6474 -18.8426 7.7174 -38.5099 -18.4374
2 24 6.6824 -34.6474 -18 7.7174 -38.5098 -18
2 24 6.6824 -34.6474 -18.8426 7.7174 -38.5099 -18.4374
2 24 4.3543 -32.0985 -19.4946 1.949 -31.1078 -19.9742
2 24 4.3543 -32.0985 -19.4946 1.949 -31.1078 -19.9742
2 24 4.5069 -32.2486 -18 1.9275 -31.088 -18
2 24 7.7174 -38.5099 -18.4374 6.6824 -42.3724 -18.8372
2 24 7.7174 -38.5098 -18 6.6824 -42.3724 -18
2 24 0 -46.25 -19.9986 3.8549 -45.2 -19.6107
2 24 0 -48 -20 5.4025 -48 -19.2512
2 24 0 -46.25 -19.9986 3.8549 -45.2 -19.6107
2 24 0 -46.25 -18 3.8549 -45.2 -18
2 24 3.8549 -45.2 -19.6107 6.6824 -42.3724 -18.8372
2 24 9.9619 -48 -17.3377 5.4025 -48 -19.2512
2 24 6.6824 -42.3724 -18.8372 3.8549 -45.2 -19.6107
2 24 6.6824 -42.3724 -18 3.8549 -45.2 -18
2 24 7.75 -28.5683 0 7.75 -28.5965 -2.25
2 24 7.75 -28.5965 -2.25 7.75 -48 -2.25
2 24 7.75 -48 0 7.75 -48 -2.25
2 24 0 -44.6849 -2.25 3.0799 -43.8576 -2.25
2 24 0 -48 -2.25 3.5016 -48 -2.25
2 24 6.1674 -38.5099 -2.25 5.3401 -41.5974 -2.25
2 24 7.75 -48 -2.25 6.1674 -48 -2.25
2 24 3.0799 -43.8576 -2.25 5.3401 -41.5974 -2.25
2 24 3.5016 -48 -2.25 6.1674 -48 -2.25
2 24 0 -48 -2.25 3.5016 -48 -2.25
2 24 0 -48 -20 5.4025 -48 -19.2512
2 24 19.355 -48 -5.038 20 -48 0
2 24 7.75 -48 -2.25 7.75 -48 0
2 24 17.3229 -48 -9.9873 14.1421 -47.9974 -14.1421
2 24 5.4025 -48 -19.2512 9.9619 -48 -17.3377
2 24 0 -30.8742 -20 1.949 -31.1078 -19.9742
2 24 0 -30.8742 -20 1.949 -31.1078 -19.9742
2 24 0 -30.8742 -18 1.9275 -31.088 -18
2 24 0 -30.8742 -18 1.9275 -31.088 -18
2 24 0.875 -28.5378 -16.4768 0.875 -8 -16.4768
2 24 0.875 -28.5378 -16.4768 0.875 -28.5378 -8.125
2 24 0.875 -28.5378 -8.125 0.875 0 -8.125
2 24 0 -8 -20 0.875 -8 -19.986
2 24 0 0 -8.125 0.875 0 -8.125
2 24 0.875 -8 -19.986 0.875 0 -8.125
2 24 5.4025 -8 -19.2512 2.3889 -8.0028 -19.8503
2 24 2.3889 -8.0028 -19.8503 0.875 -8 -19.986
2 24 0 -8 -20 0.875 -8 -19.986
2 24 9.8344 -45.25 -0.875 9.4773 -38.6403 -0.875
2 24 9.8344 -45.25 -0.875 16.351 -45.25 -0.875
2 24 9.8344 -45.25 0.875 16.3378 -45.25 0.875
2 24 9.8344 -45.25 0.875 9.4773 -38.6403 0.875
2 24 0 -32.3349 2.25 3.0799 -33.1622 2.25
2 24 0 -28.5965 2.25 7.75 -28.5965 2.25
2 24 3.0799 -33.1622 2.25 5.3401 -35.4224 2.25
2 24 5.3401 -35.4224 2.25 6.1674 -38.5099 2.25
2 24 8.2472 -32.8343 14.2194 9.1362 -36.0863 13.6086
2 24 9.1362 -36.0863 13.6086 9.8344 -38.6403 13.129
2 24 4.0166 -29.3878 15.9984 8.2472 -32.8343 14.2194
2 24 4.144 -29.4329 6.9712 6.9482 -31.3166 4.2181
2 24 4.0166 -29.3878 15.9984 0.875 -28.5378 16.4768
2 24 0.875 -28.5378 16.4768 0.875 -28.5378 8.125
2 24 4.144 -29.4329 6.9712 0.875 -28.5378 8.125
2 24 7.75 -28.5683 0 7.75 -28.5965 2.25
2 24 0 -28.5965 2.25 7.75 -28.5965 2.25
2 24 20 -48 0 19.355 -48 5.038
2 24 19.355 -48 5.038 17.3229 -48 9.9872
2 24 9.9619 -48 17.3377 5.4025 -48 19.2512
2 24 0 -48 2.25 3.5016 -48 2.25
2 24 0 -48 20 5.4025 -48 19.2512
2 24 9.8344 -38.6403 13.129 9.8344 -45.25 13.129
2 24 9.8344 -45.25 13.129 11.6786 -45.25 11.6657
2 24 11.6786 -45.25 11.6657 14.2563 -45.25 8.1986
2 24 14.2563 -45.25 8.1986 15.9127 -45.2724 4.2245
2 24 17.3229 -48 9.9872 14.1421 -47.9974 14.1421
2 24 17.3229 -48 9.9872 14.1421 -47.9974 14.1421
2 24 14.1421 -47.9974 14.1421 9.9619 -48 17.3377
2 24 9.9619 -8 17.3377 5.4025 -8 19.2512
2 24 9.9619 -8 17.3377 14.1421 -8 14.1421
2 24 14.1421 -8 14.1421 17.3229 -8 9.9872
2 24 17.3229 -8 9.9872 19.355 -8 5.038
2 24 20 -8 0 19.355 -8 5.038
2 24 5.4025 -8 19.2512 2.3889 -8.0028 19.8503
2 24 0.875 -8 19.986 0.875 -8 16.4768
2 24 0.875 -8 19.986 0.875 0 8.125
2 24 0 -32.2424 18 3.0799 -33.0696 18
2 24 0 -32.3349 2.25 3.0799 -33.1622 2.25
2 24 3.0799 -33.0696 18 5.3401 -35.4224 18
2 24 3.0799 -33.1622 2.25 5.3401 -35.4224 2.25
2 24 5.3401 -35.4224 18 6.1674 -38.5099 18
2 24 5.3401 -35.4224 2.25 6.1674 -38.5099 2.25
2 24 0 -46.25 18 3.8549 -45.2 18
2 24 0 -44.6849 18 3.0799 -43.8576 18
2 24 0 -30.8742 18 1.9275 -31.088 18
2 24 6.6824 -34.6474 18 4.5069 -32.2486 18
2 24 5.3401 -35.4224 18 3.0799 -33.0696 18
2 24 5.3401 -35.4224 18 6.1674 -38.5099 18
2 24 6.6824 -34.6474 18 7.7174 -38.5098 18
2 24 6.1674 -38.5099 18 5.3401 -41.5974 18
2 24 6.1674 -38.5099 2.25 5.3401 -41.5974 2.25
2 24 5.3401 -41.5974 18 3.0799 -43.8576 18
2 24 5.3401 -41.5974 2.25 3.0799 -43.8576 2.25
2 24 0 -44.6849 18 3.0799 -43.8576 18
2 24 0 -44.6849 2.25 3.0799 -43.8576 2.25
2 24 6.1674 -38.5099 18 5.3401 -41.5974 18
2 24 7.7174 -38.5098 18 6.6824 -42.3724 18
2 24 3.0799 -43.8576 18 5.3401 -41.5974 18
2 24 3.8549 -45.2 18 6.6824 -42.3724 18
2 24 1.949 -31.1078 19.9742 4.3543 -32.0985 19.4946
2 24 1.9275 -31.088 18 4.5069 -32.2486 18
2 24 0 -46.25 18 3.8549 -45.2 18
2 24 0 -46.25 19.9986 3.8549 -45.2 19.6107
2 24 0 -46.25 19.9986 3.8549 -45.2 19.6107
2 24 0 -48 20 5.4025 -48 19.2512
2 24 3.8549 -45.2 19.6107 6.6824 -42.3724 18.8372
2 24 9.9619 -48 17.3377 5.4025 -48 19.2512
2 24 4.3543 -32.0985 19.4946 1.949 -31.1078 19.9742
2 24 4.3543 -32.0985 19.4946 6.6824 -34.6474 18.8425
2 24 6.6824 -34.6474 18.8425 7.7174 -38.5099 18.4374
2 24 6.6824 -42.3724 18.8372 7.7174 -38.5099 18.4374
2 24 3.8549 -45.2 18 6.6824 -42.3724 18
2 24 3.8549 -45.2 19.6107 6.6824 -42.3724 18.8372
2 24 6.6824 -42.3724 18 7.7174 -38.5098 18
2 24 6.6824 -42.3724 18.8372 7.7174 -38.5099 18.4374
2 24 7.7174 -38.5099 18.4374 6.6824 -34.6474 18.8425
2 24 7.7174 -38.5098 18 6.6824 -34.6474 18
2 24 4.3543 -32.0985 19.4946 6.6824 -34.6474 18.8425
2 24 4.5069 -32.2486 18 6.6824 -34.6474 18
2 24 7.75 -28.5965 2.25 7.75 -48 2.25
2 24 7.75 -28.5683 0 7.75 -28.5965 2.25
2 24 7.75 -48 0 7.75 -48 2.25
2 24 7.75 -28.5965 2.25 7.75 -48 2.25
2 24 7.75 -48 0 7.75 -48 2.25
2 24 20 -48 0 19.355 -48 5.038
2 24 6.1674 -48 2.25 7.75 -48 2.25
2 24 17.3229 -48 9.9872 19.355 -48 5.038
2 24 0 -48 2.25 3.5016 -48 2.25
2 24 0 -44.6849 2.25 3.0799 -43.8576 2.25
2 24 3.5016 -48 2.25 6.1674 -48 2.25
2 24 3.0799 -43.8576 2.25 5.3401 -41.5974 2.25
2 24 3.5016 -48 2.25 6.1674 -48 2.25
2 24 9.9619 -48 17.3377 14.1421 -47.9974 14.1421
2 24 0.875 -28.5378 16.4768 0.875 -28.5378 8.125
2 24 0.875 -8 16.4768 0.875 -28.5378 16.4768
2 24 0.875 0 8.125 0.875 -28.5378 8.125
2 24 0 -30.8742 20 1.949 -31.1078 19.9742
2 24 2.3889 -8.0028 19.8503 0.875 -8 19.986
2 24 0 -30.8742 20 1.949 -31.1078 19.9742
2 24 0 -30.8742 18 1.9275 -31.088 18
2 24 0 -8 20 0.875 -8 19.986
2 24 0.875 -8 19.986 0.875 0 8.125
2 24 0 0 8.125 0.875 0 8.125
2 24 9.1203 -35.5099 -0.7625 8.593 -33.1788 -0.875
2 24 6.9482 -31.3166 -4.2182 8.593 -33.1788 -0.875
2 24 8.2472 -32.8343 -14.2194 9.1586 -36.1682 -13.5933
2 24 9.4773 -38.6403 -0.875 9.8344 -45.25 -0.875
2 24 9.8344 -45.25 -0.875 9.8344 -45.25 -1.9079
2 24 9.8344 -38.6403 -13.129 9.8344 -45.25 -13.129
2 24 9.8344 -45.25 -1.9079 9.8344 -45.25 -13.129
2 24 9.8344 -45.25 0.875 9.4773 -38.6403 0.875
2 24 9.8344 -45.25 0.875 9.8344 -45.25 13.129
2 24 9.8344 -45.25 13.129 9.8344 -38.6403 13.129
2 24 9.4773 -38.6403 0.875 9.1203 -35.4773 0.875
2 24 9.8344 -38.6403 13.129 9.1362 -36.0863 13.6086
2 24 16.3378 -45.25 0.875 9.8344 -45.25 0.875
2 24 16.3378 -45.25 0.875 15.9127 -45.2724 4.2245
2 24 15.9127 -45.2724 4.2245 14.2563 -45.25 8.1986
2 24 14.2563 -45.25 8.1986 11.6786 -45.25 11.6657
2 24 9.8344 -45.25 0.875 9.8344 -45.25 13.129
2 24 11.6786 -45.25 11.6657 9.8344 -45.25 13.129
2 24 11.6786 -45.25 -11.6658 9.8344 -45.25 -13.129
2 24 9.8344 -45.25 -1.9079 9.8344 -45.25 -13.129
2 24 16.3378 -45.25 0.875 16.3378 -8.0004 0.875
2 24 9.4773 -38.6403 -0.875 9.1203 -35.5099 -0.7625
2 24 9.4773 -38.6403 0.875 9.1203 -35.4773 0.875
2 24 9.1203 -35.5099 -0.7625 8.593 -33.1788 -0.875
2 24 8.593 -33.1788 -0.875 7.921 -7.9681 -0.875
2 24 16.351 -8.0004 -0.875 7.921 -7.9681 -0.875
2 24 15.9127 -45.2724 -4.2245 16.351 -45.25 -0.875
2 24 16.351 -45.25 -0.875 16.351 -8.0004 -0.875
2 24 15.9168 -8 -4.2279 16.351 -8.0004 -0.875
2 24 7.921 -7.9681 -0.875 8.038 -7.9919 0
2 24 7.921 -7.9681 -0.875 16.351 -8.0004 -0.875
2 24 20 -8 0 19.355 -8 -5.038
2 24 16.351 -8.0004 -0.875 15.9168 -8 -4.2279
2 24 0.875 -8 -16.4768 0.875 -28.5378 -16.4768
2 24 0.875 -8 -16.4768 4.0166 -8 -15.9984
2 24 0.875 -28.5378 -16.4768 4.0166 -29.3878 -15.9984
2 24 4.0166 -8 -15.9984 8.2472 -8 -14.2194
2 24 8.2472 -32.8343 -14.2194 4.0166 -29.3878 -15.9984
2 24 8.2472 -8 -14.2194 11.6786 -8 -11.6658
2 24 11.6786 -8 -11.6658 14.2563 -8 -8.1986
2 24 15.9168 -8 -4.2279 14.2563 -8 -8.1986
2 24 15.9168 -8 -4.2279 14.2563 -8 -8.1986
2 24 19.355 -8 -5.038 17.3229 -8 -9.9873
2 24 14.2563 -8 -8.1986 11.6786 -8 -11.6658
2 24 17.3229 -8 -9.9873 14.1421 -8 -14.1421
2 24 11.6786 -8 -11.6658 8.2472 -8 -14.2194
2 24 14.1421 -8 -14.1421 9.9619 -8 -17.3377
2 24 6.9482 -31.3166 -4.2182 4.144 -29.4329 -6.9712
2 24 6.9597 0 -4.1811 4.1811 0 -6.9597
2 24 4.144 -29.4329 -6.9712 0.875 -28.5378 -8.125
2 24 0.875 -28.5378 -8.125 0.875 0 -8.125
2 24 4.1811 0 -6.9597 0.875 0 -8.125
2 24 20 -8 0 19.355 -8 5.038
2 24 16.3378 -8.0004 0.875 15.9168 -8 4.2279
2 24 6.9597 0 -4.1811 8.0532 0 0
2 24 7.921 -7.9681 -0.875 8.038 -7.9919 0
2 24 6.9482 -31.3166 4.2181 8.5847 -33.1625 0.875
2 24 7.9242 -8.0096 0.8751 8.5847 -33.1625 0.875
2 24 15.9127 -45.2724 4.2245 16.3378 -45.25 0.875
2 24 15.9168 -8 4.2279 16.3378 -8.0004 0.875
2 24 16.3378 -45.25 0.875 16.3378 -8.0004 0.875
2 24 19.355 -8 5.038 17.3229 -8 9.9872
2 24 15.9168 -8 4.2279 14.2563 -8 8.1986
2 24 14.2563 -8 8.1986 11.6786 -8 11.6657
2 24 17.3229 -8 9.9872 14.1421 -8 14.1421
2 24 15.9168 -8 4.2279 14.2563 -8 8.1986
2 24 9.8344 -45.25 -0.875 16.351 -45.25 -0.875
2 24 15.9127 -45.2724 -4.2245 16.351 -45.25 -0.875
2 24 15.9127 -45.2724 -4.2245 14.2563 -45.25 -8.1986
2 24 8.2472 -8 -14.2194 4.0166 -8 -15.9984
2 24 9.9619 -8 -17.3377 5.4025 -8 -19.2512
2 24 5.4025 -8 -19.2512 2.3889 -8.0028 -19.8503
2 24 4.0166 -8 -15.9984 0.875 -8 -16.4768
2 24 2.3889 -8.0028 -19.8503 0.875 -8 -19.986
2 24 0.875 -8 -16.4768 0.875 -8 -19.986
2 24 6.9482 -31.3166 4.2181 4.144 -29.4329 6.9712
2 24 6.9597 0 4.1811 4.1811 0 6.9597
2 24 4.144 -29.4329 6.9712 0.875 -28.5378 8.125
2 24 4.1811 0 6.9597 0.875 0 8.125
2 24 0.875 -28.5378 8.125 0.875 0 8.125
2 24 14.2563 -8 8.1986 11.6786 -8 11.6657
2 24 11.6786 -8 11.6657 8.2472 -8 14.2194
2 24 8.2472 -8 14.2194 4.0166 -8 15.9984
2 24 8.2472 -32.8343 14.2194 4.0166 -29.3878 15.9984
2 24 4.0166 -8 15.9984 0.875 -8 16.4768
2 24 0.875 -8 16.4768 0.875 -28.5378 16.4768
2 24 4.0166 -29.3878 15.9984 0.875 -28.5378 16.4768
2 24 11.6786 -8 11.6657 8.2472 -8 14.2194
2 24 14.1421 -8 14.1421 9.9619 -8 17.3377
2 24 9.9619 -8 17.3377 5.4025 -8 19.2512
2 24 8.2472 -8 14.2194 4.0166 -8 15.9984
2 24 0.875 -8 19.986 2.3889 -8.0028 19.8503
2 24 0.875 -8 16.4768 0.875 -8 19.986
2 24 9.1586 -36.1682 -13.5933 9.8344 -38.6403 -13.129
2 24 9.1203 -35.5099 -0.7625 9.4773 -38.6403 -0.875
2 24 9.1203 -35.4773 0.875 8.5847 -33.1625 0.875
2 24 6.9482 -31.3166 4.2181 8.5847 -33.1625 0.875
2 24 8.2472 -32.8343 14.2194 9.1362 -36.0863 13.6086
2 24 9.8344 -45.25 -1.9079 9.8344 -45.25 -0.875
2 24 11.6786 -45.25 -11.6658 14.2563 -45.25 -8.1986
2 24 4.0166 -8 15.9984 0.875 -8 16.4768
2 24 5.4025 -8 19.2512 2.3889 -8.0028 19.8503
2 24 0 -8 20 0.875 -8 19.986
2 24 8.038 -7.9919 0 7.9242 -8.0096 0.8751
2 24 8.0532 0 0 6.9597 0 4.1811
2 24 7.921 -7.9681 -0.875 8.593 -33.1788 -0.875
2 24 6.9482 -31.3166 -4.2182 8.593 -33.1788 -0.875
2 24 16.3378 -8.0004 0.875 7.9242 -8.0096 0.8751
2 24 8.038 -7.9919 0 7.9242 -8.0096 0.8751
2 24 16.351 -45.25 -0.875 16.351 -8.0004 -0.875
2 24 7.9242 -8.0096 0.8751 8.5847 -33.1625 0.875
2 24 16.3378 -8.0004 0.875 7.9242 -8.0096 0.8751
2 24 9.1203 -35.4773 0.875 8.5847 -33.1625 0.875
2 24 7.75 -48 -2.25 6.1674 -48 -2.25
2 24 19.355 -48 -5.038 17.3229 -48 -9.9873
2 24 3.5016 -48 -2.25 6.1674 -48 -2.25
2 24 14.1421 -47.9974 -14.1421 9.9619 -48 -17.3377
2 24 7.75 -28.5965 -2.25 7.75 -48 -2.25
2 24 6.1674 -38.5099 2.25 5.3401 -41.5974 2.25
2 24 7.75 -48 2.25 6.1674 -48 2.25
2 24 0.875 -8 -16.4768 0.875 -8 -19.986
2 24 0.875 0 -8.125 0.875 -8 -19.986
2 24 0 -32.2424 -18 3.0799 -33.0696 -18
2 24 4.5069 -32.2486 -18 1.9275 -31.088 -18
2 24 0 -32.2424 -18 -3.0799 -33.0696 -18
2 24 -1.9275 -31.088 -18 -4.5069 -32.2486 -18
2 24 -3.0799 -33.0696 18 0 -32.2424 18
2 24 -4.5069 -32.2486 18 -1.9275 -31.088 18
2 24 0 -32.2424 18 3.0799 -33.0696 18
2 24 1.9275 -31.088 18 4.5069 -32.2486 18
2 24 7.7174 -38.5099 -18.4374 6.6824 -42.3724 -18.8372
2 24 -6.6824 -42.3724 -18.8372 -3.8549 -45.2 -19.6107
2 24 -9.9619 -48 -17.3377 -5.4025 -48 -19.2512
2 24 -6.6824 -42.3724 18.8372 -7.7174 -38.5099 18.4374
2 24 11.5133 -48 -15.7836 15.7835 -48 -11.563
2 24 11.5133 -48 -15.7836 11.5133 -52.45 -15.7836
2 24 15.7835 -48 -11.563 15.7835 -52.45 -11.5133
2 24 11.5133 -52.45 -15.7836 15.7835 -52.45 -11.5133
2 24 15.4144 -48 -6.874 13.126 -48 -4.5856
2 24 15.4144 -52.45 -6.874 13.126 -52.45 -4.5856
2 24 13.126 -48 -4.5856 10 -48 -3.748
2 24 13.126 -52.45 -4.5856 10 -52.45 -3.748
2 24 10 -48 -3.748 6.874 -48 -4.5856
2 24 10 -52.45 -3.748 6.874 -52.45 -4.5856
2 24 6.874 -48 -4.5856 4.5856 -48 -6.874
2 24 6.874 -52.45 -4.5856 4.5856 -52.45 -6.874
2 24 4.5856 -48 -6.874 3.748 -48 -10
2 24 4.5856 -52.45 -6.874 3.748 -52.45 -10
2 24 3.748 -48 -10 4.5856 -48 -13.126
2 24 3.748 -52.45 -10 4.5856 -52.45 -13.126
2 24 4.5856 -48 -13.126 6.874 -48 -15.4144
2 24 4.5856 -52.45 -13.126 6.874 -52.45 -15.4144
2 24 6.874 -48 -15.4144 10 -48 -16.252
2 24 6.874 -52.45 -15.4144 10 -52.45 -16.252
2 24 15.4144 -48 -6.874 16.252 -48 -10
2 24 15.4144 -52.45 -6.874 16.252 -52.45 -10
2 24 15.4144 -52.45 -6.874 13.126 -52.45 -4.5856
2 24 13.5295 -52.45 -7.9622 12.0377 -52.45 -6.4705
2 24 13.126 -52.45 -4.5856 10 -52.45 -3.748
2 24 12.0377 -52.45 -6.4705 10 -52.45 -5.9245
2 24 10 -52.45 -3.748 6.874 -52.45 -4.5856
2 24 10 -52.45 -5.9245 7.9622 -52.45 -6.4705
2 24 6.874 -52.45 -4.5856 4.5856 -52.45 -6.874
2 24 7.9622 -52.45 -6.4705 6.4705 -52.45 -7.9622
2 24 4.5856 -52.45 -6.874 3.748 -52.45 -10
2 24 6.4705 -52.45 -7.9622 5.9245 -52.45 -10
2 24 3.748 -52.45 -10 4.5856 -52.45 -13.126
2 24 5.9245 -52.45 -10 6.4705 -52.45 -12.0378
2 24 4.5856 -52.45 -13.126 6.874 -52.45 -15.4144
2 24 6.4705 -52.45 -12.0378 7.9622 -52.45 -13.5295
2 24 6.874 -52.45 -15.4144 10 -52.45 -16.252
2 24 7.9622 -52.45 -13.5295 10 -52.45 -14.0755
2 24 12.0378 -52.45 -13.5295 13.5295 -52.45 -12.0378
2 24 11.5133 -52.45 -15.7836 15.7835 -52.45 -11.5133
2 24 15.7835 -52.45 -11.5133 16.252 -52.45 -10
2 24 13.5295 -52.45 -12.0378 14.0755 -52.45 -10
2 24 15.4144 -52.45 -6.874 16.252 -52.45 -10
2 24 13.5295 -52.45 -7.9622 14.0755 -52.45 -10
2 24 13.5295 -52.45 -7.9622 12.0377 -52.45 -6.4705
2 24 13.5295 -48 -7.9622 12.0377 -48 -6.4705
2 24 12.0377 -52.45 -6.4705 10 -52.45 -5.9245
2 24 12.0377 -48 -6.4705 10 -48 -5.9245
2 24 10 -52.45 -5.9245 7.9622 -52.45 -6.4705
2 24 10 -48 -5.9245 7.9622 -48 -6.4705
2 24 7.9622 -52.45 -6.4705 6.4705 -52.45 -7.9622
2 24 7.9622 -48 -6.4705 6.4705 -48 -7.9622
2 24 6.4705 -52.45 -7.9622 5.9245 -52.45 -10
2 24 6.4705 -48 -7.9622 5.9245 -48 -10
2 24 5.9245 -52.45 -10 6.4705 -52.45 -12.0378
2 24 5.9245 -48 -10 6.4705 -48 -12.0378
2 24 6.4705 -52.45 -12.0378 7.9622 -52.45 -13.5295
2 24 6.4705 -48 -12.0378 7.9622 -48 -13.5295
2 24 7.9622 -52.45 -13.5295 10 -52.45 -14.0755
2 24 7.9622 -48 -13.5295 10 -48 -14.0755
2 24 13.5295 -48 -12.0378 12.0378 -48 -13.5295
2 24 13.5295 -52.45 -12.0378 12.0378 -52.45 -13.5295
2 24 13.5295 -52.45 -12.0378 14.0755 -52.45 -10
2 24 13.5295 -48 -12.0378 14.0755 -48 -10
2 24 13.5295 -52.45 -7.9622 14.0755 -52.45 -10
2 24 13.5295 -48 -7.9622 14.0755 -48 -10
2 24 10 -52.45 -14.0755 12.0378 -52.45 -13.5295
2 24 10 -48 -14.0755 12.0378 -48 -13.5295
2 24 10 -52.45 -16.252 11.5133 -52.45 -15.7836
2 24 10 -52.45 -14.0755 12.0378 -52.45 -13.5295
2 24 10 -48 -16.252 11.5133 -48 -15.7836
2 24 11.5133 -48 -15.7836 11.5133 -52.45 -15.7836
2 24 10 -52.45 -16.252 11.5133 -52.45 -15.7836
2 24 16.252 -48 -10 15.7835 -48 -11.563
2 24 15.7835 -48 -11.563 15.7835 -52.45 -11.5133
2 24 16.252 -52.45 -10 15.7835 -52.45 -11.5133
2 24 -11.5194 -48 15.7896 -15.7896 -48 11.569
2 24 -11.5194 -48 15.7896 -11.5194 -52.45 15.7896
2 24 -15.7896 -48 11.569 -15.7896 -52.45 11.5193
2 24 -11.5194 -52.45 15.7896 -15.7896 -52.45 11.5193
2 24 -15.4204 -48 6.88 -13.132 -48 4.5916
2 24 -15.4204 -52.45 6.88 -13.132 -52.45 4.5916
2 24 -13.132 -48 4.5916 -10.006 -48 3.754
2 24 -13.132 -52.45 4.5916 -10.006 -52.45 3.754
2 24 -10.006 -48 3.754 -6.88 -48 4.5916
2 24 -10.006 -52.45 3.754 -6.88 -52.45 4.5916
2 24 -6.88 -48 4.5916 -4.5916 -48 6.88
2 24 -6.88 -52.45 4.5916 -4.5916 -52.45 6.88
2 24 -4.5916 -48 6.88 -3.754 -48 10.006
2 24 -4.5916 -52.45 6.88 -3.754 -52.45 10.006
2 24 -3.754 -48 10.006 -4.5916 -48 13.132
2 24 -3.754 -52.45 10.006 -4.5916 -52.45 13.132
2 24 -4.5916 -48 13.132 -6.88 -48 15.4204
2 24 -4.5916 -52.45 13.132 -6.88 -52.45 15.4204
2 24 -6.88 -48 15.4204 -10.006 -48 16.258
2 24 -6.88 -52.45 15.4204 -10.006 -52.45 16.258
2 24 -15.4204 -48 6.88 -16.258 -48 10.006
2 24 -15.4204 -52.45 6.88 -16.258 -52.45 10.006
2 24 -15.4204 -52.45 6.88 -13.132 -52.45 4.5916
2 24 -13.5355 -52.45 7.9682 -12.0438 -52.45 6.4765
2 24 -13.132 -52.45 4.5916 -10.006 -52.45 3.754
2 24 -12.0438 -52.45 6.4765 -10.006 -52.45 5.9305
2 24 -10.006 -52.45 3.754 -6.88 -52.45 4.5916
2 24 -10.006 -52.45 5.9305 -7.9683 -52.45 6.4765
2 24 -6.88 -52.45 4.5916 -4.5916 -52.45 6.88
2 24 -7.9683 -52.45 6.4765 -6.4765 -52.45 7.9682
2 24 -4.5916 -52.45 6.88 -3.754 -52.45 10.006
2 24 -6.4765 -52.45 7.9682 -5.9305 -52.45 10.006
2 24 -3.754 -52.45 10.006 -4.5916 -52.45 13.132
2 24 -5.9305 -52.45 10.006 -6.4765 -52.45 12.0438
2 24 -4.5916 -52.45 13.132 -6.88 -52.45 15.4204
2 24 -6.4765 -52.45 12.0438 -7.9683 -52.45 13.5355
2 24 -6.88 -52.45 15.4204 -10.006 -52.45 16.258
2 24 -7.9683 -52.45 13.5355 -10.006 -52.45 14.0815
2 24 -12.0438 -52.45 13.5355 -13.5355 -52.45 12.0438
2 24 -11.5194 -52.45 15.7896 -15.7896 -52.45 11.5193
2 24 -15.7896 -52.45 11.5193 -16.258 -52.45 10.006
2 24 -13.5355 -52.45 12.0438 -14.0815 -52.45 10.006
2 24 -15.4204 -52.45 6.88 -16.258 -52.45 10.006
2 24 -13.5355 -52.45 7.9682 -14.0815 -52.45 10.006
2 24 -13.5355 -52.45 7.9682 -12.0438 -52.45 6.4765
2 24 -13.5355 -48 7.9682 -12.0438 -48 6.4765
2 24 -12.0438 -52.45 6.4765 -10.006 -52.45 5.9305
2 24 -12.0438 -48 6.4765 -10.006 -48 5.9305
2 24 -10.006 -52.45 5.9305 -7.9683 -52.45 6.4765
2 24 -10.006 -48 5.9305 -7.9683 -48 6.4765
2 24 -7.9683 -52.45 6.4765 -6.4765 -52.45 7.9682
2 24 -7.9683 -48 6.4765 -6.4765 -48 7.9682
2 24 -6.4765 -52.45 7.9682 -5.9305 -52.45 10.006
2 24 -6.4765 -48 7.9682 -5.9305 -48 10.006
2 24 -5.9305 -52.45 10.006 -6.4765 -52.45 12.0438
2 24 -5.9305 -48 10.006 -6.4765 -48 12.0438
2 24 -6.4765 -52.45 12.0438 -7.9683 -52.45 13.5355
2 24 -6.4765 -48 12.0438 -7.9683 -48 13.5355
2 24 -7.9683 -52.45 13.5355 -10.006 -52.45 14.0815
2 24 -7.9683 -48 13.5355 -10.006 -48 14.0815
2 24 -13.5355 -48 12.0438 -12.0438 -48 13.5355
2 24 -13.5355 -52.45 12.0438 -12.0438 -52.45 13.5355
2 24 -13.5355 -52.45 12.0438 -14.0815 -52.45 10.006
2 24 -13.5355 -48 12.0438 -14.0815 -48 10.006
2 24 -13.5355 -52.45 7.9682 -14.0815 -52.45 10.006
2 24 -13.5355 -48 7.9682 -14.0815 -48 10.006
2 24 -10.006 -52.45 14.0815 -12.0438 -52.45 13.5355
2 24 -10.006 -48 14.0815 -12.0438 -48 13.5355
2 24 -10.006 -52.45 16.258 -11.5194 -52.45 15.7896
2 24 -10.006 -52.45 14.0815 -12.0438 -52.45 13.5355
2 24 -10.006 -48 16.258 -11.5194 -48 15.7896
2 24 -11.5194 -48 15.7896 -11.5194 -52.45 15.7896
2 24 -10.006 -52.45 16.258 -11.5194 -52.45 15.7896
2 24 -16.258 -48 10.006 -15.7896 -48 11.569
2 24 -15.7896 -48 11.569 -15.7896 -52.45 11.5193
2 24 -16.258 -52.45 10.006 -15.7896 -52.45 11.5193
2 24 -16.0979 -48.0001 -11.5133 -11.8774 -48.0001 -15.7835
2 24 -16.0979 -48.0001 -11.5133 -16.0979 -52.4501 -11.5133
2 24 -11.8774 -48.0001 -15.7835 -11.8277 -52.4501 -15.7835
2 24 -16.0979 -52.4501 -11.5133 -11.8277 -52.4501 -15.7835
2 24 -7.1884 -48.0001 -15.4144 -4.9 -48.0001 -13.126
2 24 -7.1884 -52.4501 -15.4144 -4.9 -52.4501 -13.126
2 24 -4.9 -48.0001 -13.126 -4.0624 -48.0001 -10
2 24 -4.9 -52.4501 -13.126 -4.0624 -52.4501 -10
2 24 -4.0624 -48.0001 -10 -4.9 -48.0001 -6.874
2 24 -4.0624 -52.4501 -10 -4.9 -52.4501 -6.874
2 24 -4.9 -48.0001 -6.874 -7.1884 -48.0001 -4.5856
2 24 -4.9 -52.4501 -6.874 -7.1884 -52.4501 -4.5856
2 24 -7.1884 -48.0001 -4.5856 -10.3144 -48.0001 -3.748
2 24 -7.1884 -52.4501 -4.5856 -10.3144 -52.4501 -3.748
2 24 -10.3144 -48.0001 -3.748 -13.4404 -48.0001 -4.5856
2 24 -10.3144 -52.4501 -3.748 -13.4404 -52.4501 -4.5856
2 24 -13.4404 -48.0001 -4.5856 -15.7288 -48.0001 -6.874
2 24 -13.4404 -52.4501 -4.5856 -15.7288 -52.4501 -6.874
2 24 -15.7288 -48.0001 -6.874 -16.5664 -48.0001 -10
2 24 -15.7288 -52.4501 -6.874 -16.5664 -52.4501 -10
2 24 -7.1884 -48.0001 -15.4144 -10.3144 -48.0001 -16.252
2 24 -7.1884 -52.4501 -15.4144 -10.3144 -52.4501 -16.252
2 24 -7.1884 -52.4501 -15.4144 -4.9 -52.4501 -13.126
2 24 -8.2766 -52.4501 -13.5295 -6.7849 -52.4501 -12.0377
2 24 -4.9 -52.4501 -13.126 -4.0624 -52.4501 -10
2 24 -6.7849 -52.4501 -12.0377 -6.2389 -52.4501 -10
2 24 -4.0624 -52.4501 -10 -4.9 -52.4501 -6.874
2 24 -6.2389 -52.4501 -10 -6.7849 -52.4501 -7.9622
2 24 -4.9 -52.4501 -6.874 -7.1884 -52.4501 -4.5856
2 24 -6.7849 -52.4501 -7.9622 -8.2766 -52.4501 -6.4705
2 24 -7.1884 -52.4501 -4.5856 -10.3144 -52.4501 -3.748
2 24 -8.2766 -52.4501 -6.4705 -10.3144 -52.4501 -5.9245
2 24 -10.3144 -52.4501 -3.748 -13.4404 -52.4501 -4.5856
2 24 -10.3144 -52.4501 -5.9245 -12.3522 -52.4501 -6.4705
2 24 -13.4404 -52.4501 -4.5856 -15.7288 -52.4501 -6.874
2 24 -12.3522 -52.4501 -6.4705 -13.8439 -52.4501 -7.9622
2 24 -15.7288 -52.4501 -6.874 -16.5664 -52.4501 -10
2 24 -13.8439 -52.4501 -7.9622 -14.3899 -52.4501 -10
2 24 -13.8439 -52.4501 -12.0378 -12.3521 -52.4501 -13.5295
2 24 -16.0979 -52.4501 -11.5133 -11.8277 -52.4501 -15.7835
2 24 -11.8277 -52.4501 -15.7835 -10.3144 -52.4501 -16.252
2 24 -12.3521 -52.4501 -13.5295 -10.3144 -52.4501 -14.0755
2 24 -7.1884 -52.4501 -15.4144 -10.3144 -52.4501 -16.252
2 24 -8.2766 -52.4501 -13.5295 -10.3144 -52.4501 -14.0755
2 24 -8.2766 -52.4501 -13.5295 -6.7849 -52.4501 -12.0377
2 24 -8.2766 -48.0001 -13.5295 -6.7849 -48.0001 -12.0377
2 24 -6.7849 -52.4501 -12.0377 -6.2389 -52.4501 -10
2 24 -6.7849 -48.0001 -12.0377 -6.2389 -48.0001 -10
2 24 -6.2389 -52.4501 -10 -6.7849 -52.4501 -7.9622
2 24 -6.2389 -48.0001 -10 -6.7849 -48.0001 -7.9622
2 24 -6.7849 -52.4501 -7.9622 -8.2766 -52.4501 -6.4705
2 24 -6.7849 -48.0001 -7.9622 -8.2766 -48.0001 -6.4705
2 24 -8.2766 -52.4501 -6.4705 -10.3144 -52.4501 -5.9245
2 24 -8.2766 -48.0001 -6.4705 -10.3144 -48.0001 -5.9245
2 24 -10.3144 -52.4501 -5.9245 -12.3522 -52.4501 -6.4705
2 24 -10.3144 -48.0001 -5.9245 -12.3522 -48.0001 -6.4705
2 24 -12.3522 -52.4501 -6.4705 -13.8439 -52.4501 -7.9622
2 24 -12.3522 -48.0001 -6.4705 -13.8439 -48.0001 -7.9622
2 24 -13.8439 -52.4501 -7.9622 -14.3899 -52.4501 -10
2 24 -13.8439 -48.0001 -7.9622 -14.3899 -48.0001 -10
2 24 -12.3521 -48.0001 -13.5295 -13.8439 -48.0001 -12.0378
2 24 -12.3521 -52.4501 -13.5295 -13.8439 -52.4501 -12.0378
2 24 -12.3521 -52.4501 -13.5295 -10.3144 -52.4501 -14.0755
2 24 -12.3521 -48.0001 -13.5295 -10.3144 -48.0001 -14.0755
2 24 -8.2766 -52.4501 -13.5295 -10.3144 -52.4501 -14.0755
2 24 -8.2766 -48.0001 -13.5295 -10.3144 -48.0001 -14.0755
2 24 -14.3899 -52.4501 -10 -13.8439 -52.4501 -12.0378
2 24 -14.3899 -48.0001 -10 -13.8439 -48.0001 -12.0378
2 24 -16.5664 -52.4501 -10 -16.0979 -52.4501 -11.5133
2 24 -14.3899 -52.4501 -10 -13.8439 -52.4501 -12.0378
2 24 -16.5664 -48.0001 -10 -16.0979 -48.0001 -11.5133
2 24 -16.0979 -48.0001 -11.5133 -16.0979 -52.4501 -11.5133
2 24 -16.5664 -52.4501 -10 -16.0979 -52.4501 -11.5133
2 24 -10.3144 -48.0001 -16.252 -11.8774 -48.0001 -15.7835
2 24 -11.8774 -48.0001 -15.7835 -11.8277 -52.4501 -15.7835
2 24 -10.3144 -52.4501 -16.252 -11.8277 -52.4501 -15.7835
2 24 15.7836 -48.0054 11.5493 11.563 -48.0054 15.8195
2 24 15.7836 -48.0054 11.5493 15.7836 -52.4554 11.5493
2 24 11.563 -48.0054 15.8195 11.5133 -52.4554 15.8195
2 24 15.7836 -52.4554 11.5493 11.5133 -52.4554 15.8195
2 24 6.874 -48.0054 15.4504 4.5856 -48.0054 13.162
2 24 6.874 -52.4554 15.4504 4.5856 -52.4554 13.162
2 24 4.5856 -48.0054 13.162 3.748 -48.0054 10.036
2 24 4.5856 -52.4554 13.162 3.748 -52.4554 10.036
2 24 3.748 -48.0054 10.036 4.5856 -48.0054 6.91
2 24 3.748 -52.4554 10.036 4.5856 -52.4554 6.91
2 24 4.5856 -48.0054 6.91 6.874 -48.0054 4.6216
2 24 4.5856 -52.4554 6.91 6.874 -52.4554 4.6216
2 24 6.874 -48.0054 4.6216 10 -48.0054 3.7839
2 24 6.874 -52.4554 4.6216 10 -52.4554 3.7839
2 24 10 -48.0054 3.7839 13.126 -48.0054 4.6216
2 24 10 -52.4554 3.7839 13.126 -52.4554 4.6216
2 24 13.126 -48.0054 4.6216 15.4144 -48.0054 6.91
2 24 13.126 -52.4554 4.6216 15.4144 -52.4554 6.91
2 24 15.4144 -48.0054 6.91 16.252 -48.0054 10.036
2 24 15.4144 -52.4554 6.91 16.252 -52.4554 10.036
2 24 6.874 -48.0054 15.4504 10 -48.0054 16.288
2 24 6.874 -52.4554 15.4504 10 -52.4554 16.288
2 24 6.874 -52.4554 15.4504 4.5856 -52.4554 13.162
2 24 7.9622 -52.4554 13.5655 6.4705 -52.4554 12.0737
2 24 4.5856 -52.4554 13.162 3.748 -52.4554 10.036
2 24 6.4705 -52.4554 12.0737 5.9245 -52.4554 10.036
2 24 3.748 -52.4554 10.036 4.5856 -52.4554 6.91
2 24 5.9245 -52.4554 10.036 6.4705 -52.4554 7.9982
2 24 4.5856 -52.4554 6.91 6.874 -52.4554 4.6216
2 24 6.4705 -52.4554 7.9982 7.9622 -52.4554 6.5065
2 24 6.874 -52.4554 4.6216 10 -52.4554 3.7839
2 24 7.9622 -52.4554 6.5065 10 -52.4554 5.9605
2 24 10 -52.4554 3.7839 13.126 -52.4554 4.6216
2 24 10 -52.4554 5.9605 12.0378 -52.4554 6.5065
2 24 13.126 -52.4554 4.6216 15.4144 -52.4554 6.91
2 24 12.0378 -52.4554 6.5065 13.5295 -52.4554 7.9982
2 24 15.4144 -52.4554 6.91 16.252 -52.4554 10.036
2 24 13.5295 -52.4554 7.9982 14.0755 -52.4554 10.036
2 24 13.5295 -52.4554 12.0737 12.0378 -52.4554 13.5655
2 24 15.7836 -52.4554 11.5493 11.5133 -52.4554 15.8195
2 24 11.5133 -52.4554 15.8195 10 -52.4554 16.288
2 24 12.0378 -52.4554 13.5655 10 -52.4554 14.1115
2 24 6.874 -52.4554 15.4504 10 -52.4554 16.288
2 24 7.9622 -52.4554 13.5655 10 -52.4554 14.1115
2 24 7.9622 -52.4554 13.5655 6.4705 -52.4554 12.0737
2 24 7.9622 -48.0054 13.5655 6.4705 -48.0054 12.0737
2 24 6.4705 -52.4554 12.0737 5.9245 -52.4554 10.036
2 24 6.4705 -48.0054 12.0737 5.9245 -48.0054 10.036
2 24 5.9245 -52.4554 10.036 6.4705 -52.4554 7.9982
2 24 5.9245 -48.0054 10.036 6.4705 -48.0054 7.9982
2 24 6.4705 -52.4554 7.9982 7.9622 -52.4554 6.5065
2 24 6.4705 -48.0054 7.9982 7.9622 -48.0054 6.5065
2 24 7.9622 -52.4554 6.5065 10 -52.4554 5.9605
2 24 7.9622 -48.0054 6.5065 10 -48.0054 5.9605
2 24 10 -52.4554 5.9605 12.0378 -52.4554 6.5065
2 24 10 -48.0054 5.9605 12.0378 -48.0054 6.5065
2 24 12.0378 -52.4554 6.5065 13.5295 -52.4554 7.9982
2 24 12.0378 -48.0054 6.5065 13.5295 -48.0054 7.9982
2 24 13.5295 -52.4554 7.9982 14.0755 -52.4554 10.036
2 24 13.5295 -48.0054 7.9982 14.0755 -48.0054 10.036
2 24 12.0378 -48.0054 13.5655 13.5295 -48.0054 12.0737
2 24 12.0378 -52.4554 13.5655 13.5295 -52.4554 12.0737
2 24 12.0378 -52.4554 13.5655 10 -52.4554 14.1115
2 24 12.0378 -48.0054 13.5655 10 -48.0054 14.1115
2 24 7.9622 -52.4554 13.5655 10 -52.4554 14.1115
2 24 7.9622 -48.0054 13.5655 10 -48.0054 14.1115
2 24 14.0755 -52.4554 10.036 13.5295 -52.4554 12.0737
2 24 14.0755 -48.0054 10.036 13.5295 -48.0054 12.0737
2 24 16.252 -52.4554 10.036 15.7836 -52.4554 11.5493
2 24 14.0755 -52.4554 10.036 13.5295 -52.4554 12.0737
2 24 16.252 -48.0054 10.036 15.7836 -48.0054 11.5493
2 24 15.7836 -48.0054 11.5493 15.7836 -52.4554 11.5493
2 24 16.252 -52.4554 10.036 15.7836 -52.4554 11.5493
2 24 10 -48.0054 16.288 11.563 -48.0054 15.8195
2 24 11.563 -48.0054 15.8195 11.5133 -52.4554 15.8195
2 24 10 -52.4554 16.288 11.5133 -52.4554 15.8195
2 24 20.025 -48 0 19.3792 -48 -5.0445
2 24 19.3792 -48 -5.0445 17.3446 -48 -9.9997
2 24 9.9757 -38.2863 -17.3585 9.9747 -29.3809 -17.3592
2 24 14.1598 -47.9974 -14.1598 9.9752 -48.0001 -17.3589
2 24 9.9757 -38.2863 -17.3585 9.9752 -48.0001 -17.3589
2 24 17.3446 -48 -9.9997 14.1598 -47.9974 -14.1598
2 24 19.3792 -8 -5.0445 20.025 -8 0
2 24 19.3792 -8 -5.0445 17.3446 -8 -9.9997
2 24 9.9745 -8 -17.3593 14.1598 -8 -14.1598
2 24 9.9747 -29.3809 -17.3592 9.9745 -8 -17.3593
2 24 17.3446 -8 -9.9997 14.1598 -8 -14.1598
2 24 20.025 -48 0 19.3792 -48 5.0445
2 24 19.3792 -48 5.0445 17.3446 -48 9.9997
2 24 9.9757 -38.2863 17.3585 9.9747 -29.3809 17.3592
2 24 17.3446 -48 9.9997 14.1598 -47.9974 14.1598
2 24 14.1598 -47.9974 14.1598 9.9752 -48.0001 17.3588
2 24 9.9757 -38.2863 17.3585 9.9752 -48.0001 17.3588
2 24 9.9747 -29.3809 17.3592 9.9745 -8 17.3593
2 24 9.9745 -8 17.3593 14.1598 -8 14.1598
2 24 14.1598 -8 14.1598 17.3446 -8 9.9997
2 24 17.3446 -8 9.9997 19.3792 -8 5.0445
2 24 20.025 -8 0 19.3792 -8 5.0445
2 24 -20.025 -48 0 -19.3792 -48 -5.0445
2 24 -19.3792 -48 -5.0445 -17.3446 -48 -9.9997
2 24 -9.9757 -38.2863 -17.3585 -9.9747 -29.3809 -17.3592
2 24 -14.1598 -47.9974 -14.1598 -9.9752 -48.0001 -17.3588
2 24 -9.9757 -38.2863 -17.3585 -9.9752 -48.0001 -17.3588
2 24 -17.3446 -48 -9.9997 -14.1598 -47.9974 -14.1598
2 24 -19.3792 -8 -5.0445 -20.025 -8 0
2 24 -19.3792 -8 -5.0445 -17.3446 -8 -9.9997
2 24 -9.9747 -29.3809 -17.3592 -9.9745 -8 -17.3593
2 24 -9.9745 -8 -17.3593 -14.1598 -8 -14.1598
2 24 -17.3446 -8 -9.9997 -14.1598 -8 -14.1598
2 24 -20.025 -48 0 -19.3792 -48 5.0445
2 24 -19.3792 -48 5.0445 -17.3446 -48 9.9997
2 24 -9.9757 -38.2863 17.3585 -9.9747 -29.3809 17.3591
2 24 -17.3446 -48 9.9997 -14.1598 -47.9974 14.1598
2 24 -14.1598 -47.9974 14.1598 -9.9752 -48.0001 17.3588
2 24 -9.9757 -38.2863 17.3585 -9.9752 -48.0001 17.3588
2 24 -9.9745 -8 17.3593 -14.1598 -8 14.1598
2 24 -9.9747 -29.3809 17.3591 -9.9745 -8 17.3593
2 24 -14.1598 -8 14.1598 -17.3446 -8 9.9997
2 24 -17.3446 -8 9.9997 -19.3792 -8 5.0445
2 24 -20.025 -8 0 -19.3792 -8 5.0445
0 STEP
