0 Untitled Model
0 Name: Untitled Model
0 Author: 
0 BFC CERTIFY CCW
3 16 -23.4653 -14.2284 10.0212 -23.5523 -14.9973 11.3798 -22.4624 -12.8492 10.0212
3 16 -22.4624 -12.8492 10.0212 -23.5523 -14.9973 11.3798 -22.9965 -14.8511 12.7541
3 16 -23.5523 -14.9973 11.3798 -23.3903 -16.4792 12.3661 -22.9965 -14.8511 12.7541
3 16 -22.9965 -14.8511 12.7541 -23.3903 -16.4792 12.3661 -22.4025 -16.8529 14.3553
3 16 -23.3903 -16.4792 12.3661 -23.5523 -14.9973 11.3798 -24.0971 -15.8337 10.0212
3 16 -24.0971 -15.8337 10.0212 -23.5523 -14.9973 11.3798 -23.4653 -14.2284 10.0212
3 16 -22.4025 -16.8529 14.3553 -21.6775 -14.0983 13.0502 -22.9965 -14.8511 12.7541
3 16 -22.9965 -14.8511 12.7541 -21.6775 -14.0983 13.0502 -22.4624 -12.8492 10.0212
3 16 -20.9982 -16.7253 15.6899 -20.3391 -15.0874 15.2893 -22.4025 -16.8529 14.3553
3 16 -22.4025 -16.8529 14.3553 -20.3391 -15.0874 15.2893 -21.6775 -14.0983 13.0502
3 16 -18.2157 -15.7343 16.9939 -20.3391 -15.0874 15.2893 -19.2425 -16.2184 16.6864
3 16 -19.2425 -16.2184 16.6864 -20.3391 -15.0874 15.2893 -20.9982 -16.7253 15.6899
3 16 -21.6775 -14.0983 13.0502 -20.6114 -13.4736 12.4742 -22.4624 -12.8492 10.0212
3 16 -22.4624 -12.8492 10.0212 -20.6114 -13.4736 12.4742 -21.4334 -12.8224 10.0212
3 16 -20.3391 -15.0874 15.2893 -19.1928 -14.0933 14.6481 -21.6775 -14.0983 13.0502
3 16 -21.6775 -14.0983 13.0502 -19.1928 -14.0933 14.6481 -20.6114 -13.4736 12.4742
3 16 -17.4086 -14.4187 15.8613 -19.1928 -14.0933 14.6481 -18.2157 -15.7343 16.9939
3 16 -18.2157 -15.7343 16.9939 -19.1928 -14.0933 14.6481 -20.3391 -15.0874 15.2893
3 16 -24.0971 -15.8337 10.0212 -25.303 -16.9658 10.0212 -23.3903 -16.4792 12.3661
3 16 -23.3903 -16.4792 12.3661 -25.303 -16.9658 10.0212 -24.3465 -17.6472 12.9844
3 16 -22.5669 -17.7093 15.3885 -22.4025 -16.8529 14.3553 -24.3465 -17.6472 12.9844
3 16 -24.3465 -17.6472 12.9844 -22.4025 -16.8529 14.3553 -23.3903 -16.4792 12.3661
3 16 -22.5669 -17.7093 15.3885 -20.9982 -16.7253 15.6899 -22.4025 -16.8529 14.3553
3 16 -19.2425 -16.2184 16.6864 -20.9982 -16.7253 15.6899 -19.9013 -17.0453 17.4133
3 16 -19.9013 -17.0453 17.4133 -20.9982 -16.7253 15.6899 -22.5669 -17.7093 15.3885
3 16 -24.0695 -23.3771 12.8006 -23.9436 -20.3354 13.5401 -25.5975 -21.4123 10.0212
3 16 -25.5975 -21.4123 10.0212 -23.9436 -20.3354 13.5401 -25.5715 -19.2671 10.0212
3 16 -23.9436 -20.3354 13.5401 -24.0695 -23.3771 12.8006 -21.3723 -21.216 16.7663
3 16 -21.3723 -21.216 16.7663 -24.0695 -23.3771 12.8006 -22.1505 -25.2116 15.3495
3 16 -23.9436 -20.3354 13.5401 -24.3465 -17.6472 12.9844 -25.5715 -19.2671 10.0212
3 16 -25.5715 -19.2671 10.0212 -24.3465 -17.6472 12.9844 -25.303 -16.9658 10.0212
3 16 -23.9436 -20.3354 13.5401 -22.5669 -17.7093 15.3885 -24.3465 -17.6472 12.9844
3 16 -19.9013 -17.0453 17.4133 -22.5669 -17.7093 15.3885 -21.3723 -21.216 16.7663
3 16 -21.3723 -21.216 16.7663 -22.5669 -17.7093 15.3885 -23.9436 -20.3354 13.5401
3 16 -21.6856 -25.5683 13.492 -24.0695 -23.3771 12.8006 -24.0012 -23.1249 10.0212
3 16 -24.0012 -23.1249 10.0212 -24.0695 -23.3771 12.8006 -25.5975 -21.4123 10.0212
3 16 -21.6856 -25.5683 13.492 -22.1505 -25.2116 15.3495 -24.0695 -23.3771 12.8006
3 16 -21.6856 -25.5683 13.492 -18.9267 -27.5195 15.6045 -22.1505 -25.2116 15.3495
3 16 -22.1505 -25.2116 15.3495 -18.9267 -27.5195 15.6045 -19.4742 -26.8769 16.7289
3 16 -21.3391 -27.677 12.2293 -21.5782 -28.3598 10.0212 -19.1442 -30.6824 12.8732
3 16 -19.1442 -30.6824 12.8732 -21.5782 -28.3598 10.0212 -19.1137 -32.6064 10.0212
3 16 -21.3391 -27.677 12.2293 -21.6856 -25.5683 13.492 -21.5782 -28.3598 10.0212
3 16 -21.5782 -28.3598 10.0212 -21.6856 -25.5683 13.492 -24.0012 -23.1249 10.0212
3 16 -21.6856 -25.5683 13.492 -21.3391 -27.677 12.2293 -18.9267 -27.5195 15.6045
3 16 -18.9267 -27.5195 15.6045 -21.3391 -27.677 12.2293 -19.1442 -30.6824 12.8732
3 16 -17.3843 -28.2141 16.1661 -17.7781 -27.6272 17.4849 -18.9267 -27.5195 15.6045
3 16 -18.9267 -27.5195 15.6045 -17.7781 -27.6272 17.4849 -19.4742 -26.8769 16.7289
3 16 -17.7781 -27.6272 17.4849 -17.3843 -28.2141 16.1661 -16.8024 -27.7678 17.944
3 16 -16.8024 -27.7678 17.944 -17.3843 -28.2141 16.1661 -16.3444 -28.4611 16.2299
3 16 -16.8024 -27.7678 17.944 -16.3444 -28.4611 16.2299 -14.6543 -28.9472 18.8619
3 16 -14.6543 -28.9472 18.8619 -16.3444 -28.4611 16.2299 -14.337 -29.5977 17.0989
3 16 -18.9267 -27.5195 15.6045 -16.6015 -27.5059 14.7792 -17.3843 -28.2141 16.1661
3 16 -17.3843 -28.2141 16.1661 -16.6015 -27.5059 14.7792 -16.3444 -28.4611 16.2299
3 16 -14.337 -29.5977 17.0989 -16.3444 -28.4611 16.2299 -13.4344 -29.8692 16.5617
3 16 -13.4344 -29.8692 16.5617 -16.3444 -28.4611 16.2299 -16.6015 -27.5059 14.7792
3 16 -16.21 -29.552 12.6014 -16.6015 -27.5059 14.7792 -19.1442 -30.6824 12.8732
3 16 -19.1442 -30.6824 12.8732 -16.6015 -27.5059 14.7792 -18.9267 -27.5195 15.6045
3 16 -16.21 -29.552 12.6014 -19.1442 -30.6824 12.8732 -15.9019 -31.4526 10.0212
3 16 -15.9019 -31.4526 10.0212 -19.1442 -30.6824 12.8732 -19.1137 -32.6064 10.0212
3 16 -19.2425 -16.2184 16.6864 -19.9013 -17.0453 17.4133 -16.6865 -18.589 18.0673
3 16 -16.6865 -18.589 18.0673 -19.9013 -17.0453 17.4133 -17.3905 -19.2867 18.7409
3 16 -1.5194 -20.055 18.0875 -6.34 -19.1208 20.8527 -1.8537 -21.5608 23.2632
3 16 -1.8537 -21.5608 23.2632 -6.34 -19.1208 20.8527 -5.5695 -20.2683 23.049
3 16 -1.8537 -21.5608 23.2632 -0.4677 -21.5862 18.6853 -1.5194 -20.055 18.0875
3 16 -5.5695 -20.2683 23.049 -6.34 -19.1208 20.8527 -9.5561 -21.1318 22.1084
3 16 -9.5561 -21.1318 22.1084 -6.34 -19.1208 20.8527 -9.3162 -19.7648 20.1575
3 16 -9.5561 -21.1318 22.1084 -9.3162 -19.7648 20.1575 -13.7639 -21.1399 20.622
3 16 -13.7639 -21.1399 20.622 -9.3162 -19.7648 20.1575 -13.0058 -19.9064 19.1869
3 16 -13.7639 -21.1399 20.622 -13.0058 -19.9064 19.1869 -17.3905 -19.2867 18.7409
3 16 -17.3905 -19.2867 18.7409 -13.0058 -19.9064 19.1869 -16.6865 -18.589 18.0673
3 16 -21.3723 -21.216 16.7663 -22.1505 -25.2116 15.3495 -18.1594 -23.2104 18.409
3 16 -18.1594 -23.2104 18.409 -22.1505 -25.2116 15.3495 -19.4742 -26.8769 16.7289
3 16 -18.1594 -23.2104 18.409 -17.3905 -19.2867 18.7409 -21.3723 -21.216 16.7663
3 16 -21.3723 -21.216 16.7663 -17.3905 -19.2867 18.7409 -19.9013 -17.0453 17.4133
3 16 -18.1594 -23.2104 18.409 -19.4742 -26.8769 16.7289 -17.7781 -27.6272 17.4849
3 16 -14.5933 -24.9467 20.0741 -18.1594 -23.2104 18.409 -16.8024 -27.7678 17.944
3 16 -16.8024 -27.7678 17.944 -18.1594 -23.2104 18.409 -17.7781 -27.6272 17.4849
3 16 -14.5933 -24.9467 20.0741 -13.7639 -21.1399 20.622 -18.1594 -23.2104 18.409
3 16 -18.1594 -23.2104 18.409 -13.7639 -21.1399 20.622 -17.3905 -19.2867 18.7409
3 16 -14.5933 -24.9467 20.0741 -16.8024 -27.7678 17.944 -14.6543 -28.9472 18.8619
3 16 -9.5561 -21.1318 22.1084 -13.7639 -21.1399 20.622 -10.9721 -26.3229 21.4975
3 16 -10.9721 -26.3229 21.4975 -13.7639 -21.1399 20.622 -14.5933 -24.9467 20.0741
3 16 -11.4824 -30.7965 19.6865 -10.9721 -26.3229 21.4975 -14.6543 -28.9472 18.8619
3 16 -14.6543 -28.9472 18.8619 -10.9721 -26.3229 21.4975 -14.5933 -24.9467 20.0741
3 16 -14.6543 -28.9472 18.8619 -14.337 -29.5977 17.0989 -11.4824 -30.7965 19.6865
3 16 -11.4824 -30.7965 19.6865 -14.337 -29.5977 17.0989 -11.1516 -31.217 18.3581
3 16 -13.4344 -29.8692 16.5617 -11.1516 -31.217 18.3581 -14.337 -29.5977 17.0989
3 16 -10.3117 -31.1401 18.0963 -11.1516 -31.217 18.3581 -10.7801 -31.3556 17.4719
3 16 -10.7801 -31.3556 17.4719 -11.1516 -31.217 18.3581 -13.4344 -29.8692 16.5617
3 16 -11.4824 -30.7965 19.6865 -11.1516 -31.217 18.3581 -10.4265 -30.7118 20.1121
3 16 -10.4265 -30.7118 20.1121 -11.1516 -31.217 18.3581 -10.3117 -31.1401 18.0963
3 16 -5.921 -28.1289 22.4214 -10.9721 -26.3229 21.4975 -10.4265 -30.7118 20.1121
3 16 -10.4265 -30.7118 20.1121 -10.9721 -26.3229 21.4975 -11.4824 -30.7965 19.6865
3 16 -5.921 -28.1289 22.4214 -5.5657 -23.9594 23.1394 -10.9721 -26.3229 21.4975
3 16 -10.9721 -26.3229 21.4975 -5.5657 -23.9594 23.1394 -9.5561 -21.1318 22.1084
3 16 -5.5695 -20.2683 23.049 -9.5561 -21.1318 22.1084 -5.5657 -23.9594 23.1394
3 16 -6.0315 -32.1412 21.1858 -10.4265 -30.7118 20.1121 -5.7852 -32.8394 19.2079
3 16 -5.7852 -32.8394 19.2079 -10.4265 -30.7118 20.1121 -10.3117 -31.1401 18.0963
3 16 -5.921 -28.1289 22.4214 -10.4265 -30.7118 20.1121 -6.0315 -32.1412 21.1858
3 16 -5.5695 -20.2683 23.049 -5.5657 -23.9594 23.1394 -1.8537 -21.5608 23.2632
3 16 -1.8537 -21.5608 23.2632 -5.5657 -23.9594 23.1394 -2.0816 -25.453 23.1211
3 16 -1.2963 -33.3155 21.807 -6.0315 -32.1412 21.1858 -1.2955 -33.8405 19.9722
3 16 -1.2955 -33.8405 19.9722 -6.0315 -32.1412 21.1858 -5.7852 -32.8394 19.2079
3 16 -5.921 -28.1289 22.4214 -6.0315 -32.1412 21.1858 -1.1439 -30.9412 22.4957
3 16 -1.1439 -30.9412 22.4957 -6.0315 -32.1412 21.1858 -1.2963 -33.3155 21.807
3 16 -5.5657 -23.9594 23.1394 -5.921 -28.1289 22.4214 -2.0816 -25.453 23.1211
3 16 -2.0816 -25.453 23.1211 -5.921 -28.1289 22.4214 -1.1439 -30.9412 22.4957
3 16 -2.0816 -25.453 23.1211 -0.2369 -24.5874 18.3836 -1.8537 -21.5608 23.2632
3 16 -1.8537 -21.5608 23.2632 -0.2369 -24.5874 18.3836 -0.4677 -21.5862 18.6853
3 16 -1.1439 -30.9412 22.4957 0.2877 -28.3257 17.2293 -2.0816 -25.453 23.1211
3 16 -2.0816 -25.453 23.1211 0.2877 -28.3257 17.2293 -0.2369 -24.5874 18.3836
3 16 -1.2963 -33.3155 21.807 0.2877 -28.3257 17.2293 -1.1439 -30.9412 22.4957
3 16 -1.2955 -33.8405 19.9722 0.0117 -31.3143 16.1863 -1.2963 -33.3155 21.807
3 16 -1.2963 -33.3155 21.807 0.0117 -31.3143 16.1863 0.2877 -28.3257 17.2293
3 16 -0.2099 -31.2644 15.2568 0.0117 -31.3143 16.1863 -2.3907 -33.1699 18.543
3 16 -2.3907 -33.1699 18.543 0.0117 -31.3143 16.1863 -1.2955 -33.8405 19.9722
3 16 -3.4872 -35.5751 14.2364 -0.7638 -31.8682 13.3991 -2.9589 -34.6164 16.4707
3 16 -2.9589 -34.6164 16.4707 -0.7638 -31.8682 13.3991 -0.6744 -31.742 14.0486
3 16 -10.3117 -31.1401 18.0963 -10.7801 -31.3556 17.4719 -9.5821 -30.6894 16.3843
3 16 -5.7852 -32.8394 19.2079 -10.3117 -31.1401 18.0963 -6.6873 -31.8631 17.5741
3 16 -6.6873 -31.8631 17.5741 -10.3117 -31.1401 18.0963 -9.5821 -30.6894 16.3843
3 16 -6.6873 -31.8631 17.5741 -2.3907 -33.1699 18.543 -5.7852 -32.8394 19.2079
3 16 -5.7852 -32.8394 19.2079 -2.3907 -33.1699 18.543 -1.2955 -33.8405 19.9722
3 16 -16.6015 -27.5059 14.7792 -16.21 -29.552 12.6014 -13.4344 -29.8692 16.5617
3 16 -13.4344 -29.8692 16.5617 -16.21 -29.552 12.6014 -13.7022 -32.2926 13.6156
3 16 -10.9842 -34.6635 13.9988 -10.7801 -31.3556 17.4719 -13.7022 -32.2926 13.6156
3 16 -13.7022 -32.2926 13.6156 -10.7801 -31.3556 17.4719 -13.4344 -29.8692 16.5617
3 16 -9.5821 -30.6894 16.3843 -10.7801 -31.3556 17.4719 -9.5627 -31.6505 15.0514
3 16 -9.5627 -31.6505 15.0514 -10.7801 -31.3556 17.4719 -10.9842 -34.6635 13.9988
3 16 -10.9842 -34.6635 13.9988 -8.3183 -32.9807 13.4883 -9.5627 -31.6505 15.0514
3 16 -8.3183 -32.9807 13.4883 -10.9842 -34.6635 13.9988 -7.7789 -34.5987 11.6395
3 16 -6.2164 -33.5654 15.849 -6.6873 -31.8631 17.5741 -9.5627 -31.6505 15.0514
3 16 -9.5627 -31.6505 15.0514 -6.6873 -31.8631 17.5741 -9.5821 -30.6894 16.3843
3 16 -5.7788 -34.3908 14.6967 -6.2164 -33.5654 15.849 -8.3183 -32.9807 13.4883
3 16 -8.3183 -32.9807 13.4883 -6.2164 -33.5654 15.849 -9.5627 -31.6505 15.0514
3 16 -5.0953 -36.3055 12.4244 -5.7788 -34.3908 14.6967 -7.7789 -34.5987 11.6395
3 16 -7.7789 -34.5987 11.6395 -5.7788 -34.3908 14.6967 -8.3183 -32.9807 13.4883
3 16 -2.9589 -34.6164 16.4707 -2.3907 -33.1699 18.543 -6.2164 -33.5654 15.849
3 16 -6.2164 -33.5654 15.849 -2.3907 -33.1699 18.543 -6.6873 -31.8631 17.5741
3 16 -0.6744 -31.742 14.0486 -0.2099 -31.2644 15.2568 -2.9589 -34.6164 16.4707
3 16 -2.9589 -34.6164 16.4707 -0.2099 -31.2644 15.2568 -2.3907 -33.1699 18.543
3 16 -6.2164 -33.5654 15.849 -5.7788 -34.3908 14.6967 -2.9589 -34.6164 16.4707
3 16 -2.9589 -34.6164 16.4707 -5.7788 -34.3908 14.6967 -3.4872 -35.5751 14.2364
3 16 -0.7638 -31.8682 13.3991 -3.4872 -35.5751 14.2364 -0.2758 -33.6831 11.8082
3 16 -0.2758 -33.6831 11.8082 -3.4872 -35.5751 14.2364 -2.4211 -37.7885 12.2104
3 16 -5.7788 -34.3908 14.6967 -5.0953 -36.3055 12.4244 -3.4872 -35.5751 14.2364
3 16 -3.4872 -35.5751 14.2364 -5.0953 -36.3055 12.4244 -2.4211 -37.7885 12.2104
3 16 -16.6865 -18.589 18.0673 -18.2157 -15.7343 16.9939 -19.2425 -16.2184 16.6864
3 16 -16.6865 -18.589 18.0673 -15.8802 -16.0147 18.1469 -18.2157 -15.7343 16.9939
3 16 -13.0058 -19.9064 19.1869 -12.7875 -15.7565 19.0325 -16.6865 -18.589 18.0673
3 16 -16.6865 -18.589 18.0673 -12.7875 -15.7565 19.0325 -15.8802 -16.0147 18.1469
3 16 -6.859 -16.7381 20.4901 -9.3093 -15.5173 19.8975 -9.3162 -19.7648 20.1575
3 16 -15.0247 -14.3005 16.7023 -17.4086 -14.4187 15.8613 -15.8802 -16.0147 18.1469
3 16 -15.8802 -16.0147 18.1469 -17.4086 -14.4187 15.8613 -18.2157 -15.7343 16.9939
3 16 -12.0238 -13.1722 17.067 -15.0247 -14.3005 16.7023 -12.7875 -15.7565 19.0325
3 16 -12.7875 -15.7565 19.0325 -15.0247 -14.3005 16.7023 -15.8802 -16.0147 18.1469
3 16 -8.5928 -12.0576 16.8867 -12.0238 -13.1722 17.067 -9.3093 -15.5173 19.8975
3 16 -9.3093 -15.5173 19.8975 -12.0238 -13.1722 17.067 -12.7875 -15.7565 19.0325
3 16 -6.859 -16.7381 20.4901 -5.7587 -12.4117 17.2249 -9.3093 -15.5173 19.8975
3 16 -9.3093 -15.5173 19.8975 -5.7587 -12.4117 17.2249 -8.5928 -12.0576 16.8867
3 16 -1.5194 -20.055 18.0875 -1.6382 -17.3307 18.2629 -6.34 -19.1208 20.8527
3 16 -6.34 -19.1208 20.8527 -1.6382 -17.3307 18.2629 -6.3122 -18.0595 20.6613
3 16 -6.859 -16.7381 20.4901 -3.2495 -14.1777 17.6478 -5.7587 -12.4117 17.2249
3 16 -9.3093 -15.5173 19.8975 -12.7875 -15.7565 19.0325 -9.3162 -19.7648 20.1575
3 16 -9.3162 -19.7648 20.1575 -12.7875 -15.7565 19.0325 -13.0058 -19.9064 19.1869
3 16 -6.3122 -18.0595 20.6613 -1.6382 -17.3307 18.2629 -6.859 -16.7381 20.4901
3 16 -6.859 -16.7381 20.4901 -1.6382 -17.3307 18.2629 -3.2495 -14.1777 17.6478
3 16 -12.0238 -13.1722 17.067 -11.9392 -13.0184 11.9075 -13.5534 -13.6655 13.1144
3 16 -5.7587 -12.4117 17.2249 -5.6924 -12.2112 11.9146 -8.5928 -12.0576 16.8867
3 16 -8.5928 -12.0576 16.8867 -5.6924 -12.2112 11.9146 -9.2562 -12.2009 11.9147
3 16 -3.2495 -14.1777 17.6478 -3.0767 -14.1379 11.8978 -5.7587 -12.4117 17.2249
3 16 -5.7587 -12.4117 17.2249 -3.0767 -14.1379 11.8978 -5.6924 -12.2112 11.9146
3 16 -2.1978 -15.5633 14.9486 -3.2495 -14.1777 17.6478 -1.6382 -17.3307 18.2629
3 16 -2.1978 -15.5633 14.9486 -1.6382 -17.3307 18.2629 -1.51 -16.9671 14.9647
3 16 -1.51 -16.9671 14.9647 -1.6382 -17.3307 18.2629 -1.5194 -20.055 18.0875
3 16 -0.7638 -31.8682 13.3991 -0.2758 -33.6831 11.8082 3.347 -34.343 14.388
3 16 3.347 -34.343 14.388 -0.2758 -33.6831 11.8082 3.8561 -36.7254 12.2884
3 16 8.9397 -39.2739 12.5824 7.9678 -36.5687 15.0004 3.8561 -36.7254 12.2884
3 16 3.8561 -36.7254 12.2884 7.9678 -36.5687 15.0004 3.347 -34.343 14.388
3 16 3.2051 -33.4498 15.663 -0.6744 -31.742 14.0486 3.347 -34.343 14.388
3 16 3.347 -34.343 14.388 -0.6744 -31.742 14.0486 -0.7638 -31.8682 13.3991
3 16 3.1438 -32.4825 16.7177 -0.2099 -31.2644 15.2568 3.2051 -33.4498 15.663
3 16 3.2051 -33.4498 15.663 -0.2099 -31.2644 15.2568 -0.6744 -31.742 14.0486
3 16 3.2051 -33.4498 15.663 3.347 -34.343 14.388 8.2254 -36.2358 16.6071
3 16 8.2254 -36.2358 16.6071 3.347 -34.343 14.388 7.9678 -36.5687 15.0004
3 16 3.1438 -32.4825 16.7177 3.2051 -33.4498 15.663 7.0874 -33.6916 18.2522
3 16 7.0874 -33.6916 18.2522 3.2051 -33.4498 15.663 8.2254 -36.2358 16.6071
3 16 6.588 -34.0307 19.6014 0.0117 -31.3143 16.1863 3.1438 -32.4825 16.7177
3 16 3.1438 -32.4825 16.7177 0.0117 -31.3143 16.1863 -0.2099 -31.2644 15.2568
3 16 3.1438 -32.4825 16.7177 7.0874 -33.6916 18.2522 6.588 -34.0307 19.6014
3 16 6.588 -34.0307 19.6014 7.1384 -31.5136 20.9114 0.0117 -31.3143 16.1863
3 16 0.0117 -31.3143 16.1863 7.1384 -31.5136 20.9114 0.2877 -28.3257 17.2293
3 16 6.588 -34.0307 19.6014 7.0874 -33.6916 18.2522 8.0408 -30.8088 17.8154
3 16 8.283 -30.07 18.659 7.1384 -31.5136 20.9114 8.0408 -30.8088 17.8154
3 16 8.0408 -30.8088 17.8154 7.1384 -31.5136 20.9114 6.588 -34.0307 19.6014
3 16 8.283 -30.07 18.659 0.2877 -28.3257 17.2293 7.1384 -31.5136 20.9114
3 16 0.2877 -28.3257 17.2293 8.283 -30.07 18.659 3.2873 -25.877 20.1561
3 16 3.2873 -25.877 20.1561 8.283 -30.07 18.659 10.3972 -29.5903 19.8476
3 16 8.0408 -30.8088 17.8154 9.1902 -30.7543 18.0204 8.283 -30.07 18.659
3 16 8.283 -30.07 18.659 9.1902 -30.7543 18.0204 10.3972 -29.5903 19.8476
3 16 8.0408 -30.8088 17.8154 7.0874 -33.6916 18.2522 8.7805 -31.5995 16.6323
3 16 8.7805 -31.5995 16.6323 7.0874 -33.6916 18.2522 8.2254 -36.2358 16.6071
3 16 10.3272 -32.5897 16.6552 9.1902 -30.7543 18.0204 8.7805 -31.5995 16.6323
3 16 8.7805 -31.5995 16.6323 9.1902 -30.7543 18.0204 8.0408 -30.8088 17.8154
3 16 -0.2369 -24.5874 18.3836 1.4678 -23.5052 19.6851 -0.4677 -21.5862 18.6853
3 16 -0.4677 -21.5862 18.6853 1.4678 -23.5052 19.6851 1.2333 -20.9 19.4319
3 16 1.2333 -20.9 19.4319 1.4168 -19.201 18.6276 -0.4677 -21.5862 18.6853
3 16 -0.4677 -21.5862 18.6853 1.4168 -19.201 18.6276 -1.5194 -20.055 18.0875
3 16 -1.5194 -20.055 18.0875 1.4168 -19.201 18.6276 -1.51 -16.9671 14.9647
3 16 -1.51 -16.9671 14.9647 1.4168 -19.201 18.6276 1.9824 -16.2607 15.0419
3 16 11.2516 -29.8103 21.3604 4.1413 -26.3491 22.1186 10.3972 -29.5903 19.8476
3 16 10.3972 -29.5903 19.8476 4.1413 -26.3491 22.1186 3.2873 -25.877 20.1561
3 16 1.4678 -23.5052 19.6851 3.2873 -25.877 20.1561 1.7846 -24.1706 22.0441
3 16 1.7846 -24.1706 22.0441 3.2873 -25.877 20.1561 4.1413 -26.3491 22.1186
3 16 1.2333 -20.9 19.4319 1.4678 -23.5052 19.6851 1.4082 -19.7136 21.5091
3 16 1.4082 -19.7136 21.5091 1.4678 -23.5052 19.6851 1.7846 -24.1706 22.0441
3 16 1.4082 -19.7136 21.5091 1.4168 -19.201 18.6276 1.2333 -20.9 19.4319
3 16 2.2089 -14.8019 16.5704 1.4168 -19.201 18.6276 2.3473 -14.7094 21.1522
3 16 2.3473 -14.7094 21.1522 1.4168 -19.201 18.6276 1.4082 -19.7136 21.5091
3 16 2.2089 -14.8019 16.5704 1.9824 -16.2607 15.0419 1.4168 -19.201 18.6276
3 16 0.1162 -11.2576 16.9668 0.1365 -11.1126 21.6097 -3.2582 -8.4056 16.3405
3 16 -3.2582 -8.4056 16.3405 0.1365 -11.1126 21.6097 -3.6622 -8.0113 22.1333
3 16 2.2089 -14.8019 16.5704 2.3473 -14.7094 21.1522 0.1162 -11.2576 16.9668
3 16 0.1162 -11.2576 16.9668 2.3473 -14.7094 21.1522 0.1365 -11.1126 21.6097
3 16 -6.2036 -7.1905 16.7441 -8.3254 -5.5309 16.6455 -6.6016 -7.791 16.2523
3 16 -6.2036 -7.1905 16.7441 -6.6016 -7.791 16.2523 -3.2582 -8.4056 16.3405
3 16 -5.9777 -6.9667 22.0212 -6.2036 -7.1905 16.7441 -3.6622 -8.0113 22.1333
3 16 -3.6622 -8.0113 22.1333 -6.2036 -7.1905 16.7441 -3.2582 -8.4056 16.3405
3 16 -5.9777 -6.9667 22.0212 -8.0106 -5.7999 22.055 -6.2036 -7.1905 16.7441
3 16 -6.2036 -7.1905 16.7441 -8.0106 -5.7999 22.055 -8.3254 -5.5309 16.6455
3 16 -9.4113 -3.7031 22.6998 -9.8236 -3.6945 18.1573 -8.0106 -5.7999 22.055
3 16 -8.0106 -5.7999 22.055 -9.8236 -3.6945 18.1573 -8.3254 -5.5309 16.6455
3 16 -6.6458 -5.6846 23.2979 -7.9466 -3.5194 24.0436 -8.0106 -5.7999 22.055
3 16 -8.0106 -5.7999 22.055 -7.9466 -3.5194 24.0436 -9.4113 -3.7031 22.6998
3 16 -3.6622 -8.0113 22.1333 -6.6458 -5.6846 23.2979 -5.9777 -6.9667 22.0212
3 16 -5.9777 -6.9667 22.0212 -6.6458 -5.6846 23.2979 -8.0106 -5.7999 22.055
3 16 11.2516 -29.8103 21.3604 12.7678 -29.1003 22.3094 11.9274 -28.0085 23.9413
3 16 1.7846 -24.1706 22.0441 4.1413 -26.3491 22.1186 3.2893 -23.2169 25.2342
3 16 3.2893 -23.2169 25.2342 4.1413 -26.3491 22.1186 5.7208 -25.2607 24.928
3 16 3.8964 -19.6088 25.2236 1.4082 -19.7136 21.5091 3.2893 -23.2169 25.2342
3 16 3.2893 -23.2169 25.2342 1.4082 -19.7136 21.5091 1.7846 -24.1706 22.0441
3 16 2.3473 -14.7094 21.1522 1.4082 -19.7136 21.5091 4.9261 -15.156 24.6215
3 16 4.9261 -15.156 24.6215 1.4082 -19.7136 21.5091 3.8964 -19.6088 25.2236
3 16 0.1365 -11.1126 21.6097 2.3473 -14.7094 21.1522 1.4014 -9.8627 25.6871
3 16 1.4014 -9.8627 25.6871 2.3473 -14.7094 21.1522 4.9261 -15.156 24.6215
3 16 -2.3152 -6.8827 26.1983 -3.6622 -8.0113 22.1333 1.4014 -9.8627 25.6871
3 16 1.4014 -9.8627 25.6871 -3.6622 -8.0113 22.1333 0.1365 -11.1126 21.6097
3 16 -4.8631 -5.4133 26.7496 -6.6458 -5.6846 23.2979 -2.3152 -6.8827 26.1983
3 16 -2.3152 -6.8827 26.1983 -6.6458 -5.6846 23.2979 -3.6622 -8.0113 22.1333
3 16 -7.9466 -3.5194 24.0436 -6.6458 -5.6846 23.2979 -6.6756 -3.1386 26.8147
3 16 -6.6756 -3.1386 26.8147 -6.6458 -5.6846 23.2979 -4.8631 -5.4133 26.7496
3 16 -2.3152 -6.8827 26.1983 -1.7489 -4.4671 28.1346 -4.8631 -5.4133 26.7496
3 16 -4.8631 -5.4133 26.7496 -1.7489 -4.4671 28.1346 -4.5102 -4.001 27.6609
3 16 1.4014 -9.8627 25.6871 0.7757 -4.7896 28.2341 -2.3152 -6.8827 26.1983
3 16 -2.3152 -6.8827 26.1983 0.7757 -4.7896 28.2341 -1.7489 -4.4671 28.1346
3 16 1.4014 -9.8627 25.6871 4.5665 -4.2998 27.3319 0.7757 -4.7896 28.2341
3 16 -6.6756 -3.1386 26.8147 -4.8631 -5.4133 26.7496 -4.5102 -4.001 27.6609
3 16 6.5399 -10.7024 25.9186 7.1582 -7.084 25.8279 1.4014 -9.8627 25.6871
3 16 1.4014 -9.8627 25.6871 7.1582 -7.084 25.8279 4.5665 -4.2998 27.3319
3 16 7.5739 -14.7959 25.0105 6.5399 -10.7024 25.9186 4.9261 -15.156 24.6215
3 16 4.9261 -15.156 24.6215 6.5399 -10.7024 25.9186 1.4014 -9.8627 25.6871
3 16 10.6038 -10.9972 25.3697 10.2336 -8.5011 25.6791 6.5399 -10.7024 25.9186
3 16 6.5399 -10.7024 25.9186 10.2336 -8.5011 25.6791 7.1582 -7.084 25.8279
3 16 11.5659 -13.8413 25.0824 10.6038 -10.9972 25.3697 7.5739 -14.7959 25.0105
3 16 7.5739 -14.7959 25.0105 10.6038 -10.9972 25.3697 6.5399 -10.7024 25.9186
3 16 9.8692 -4.9612 23.632 8.2467 -1.8666 24.0934 7.1582 -7.084 25.8279
3 16 7.1582 -7.084 25.8279 8.2467 -1.8666 24.0934 4.5665 -4.2998 27.3319
3 16 7.1582 -7.084 25.8279 10.2336 -8.5011 25.6791 9.8692 -4.9612 23.632
3 16 9.8692 -4.9612 23.632 10.2336 -8.5011 25.6791 12.2565 -7.0522 22.6041
3 16 11.5659 -13.8413 25.0824 13.784 -12.5035 22.5735 10.6038 -10.9972 25.3697
3 16 10.6038 -10.9972 25.3697 13.784 -12.5035 22.5735 12.6383 -9.9347 22.4505
3 16 12.2565 -7.0522 22.6041 10.2336 -8.5011 25.6791 12.6383 -9.9347 22.4505
3 16 12.6383 -9.9347 22.4505 10.2336 -8.5011 25.6791 10.6038 -10.9972 25.3697
3 16 5.7208 -25.2607 24.928 7.6077 -21.4326 26.0604 3.2893 -23.2169 25.2342
3 16 3.2893 -23.2169 25.2342 7.6077 -21.4326 26.0604 3.8964 -19.6088 25.2236
3 16 11.9274 -28.0085 23.9413 13.6921 -23.752 24.8873 5.7208 -25.2607 24.928
3 16 5.7208 -25.2607 24.928 13.6921 -23.752 24.8873 7.6077 -21.4326 26.0604
3 16 15.1379 -19.2124 25.3507 13.5608 -16.1003 25.3432 13.6921 -23.752 24.8873
3 16 13.6921 -23.752 24.8873 13.5608 -16.1003 25.3432 7.6077 -21.4326 26.0604
3 16 4.9261 -15.156 24.6215 3.8964 -19.6088 25.2236 7.5739 -14.7959 25.0105
3 16 7.5739 -14.7959 25.0105 3.8964 -19.6088 25.2236 7.6077 -21.4326 26.0604
3 16 11.5659 -13.8413 25.0824 7.5739 -14.7959 25.0105 13.5608 -16.1003 25.3432
3 16 13.5608 -16.1003 25.3432 7.5739 -14.7959 25.0105 7.6077 -21.4326 26.0604
3 16 14.8579 -28.4832 21.4886 14.9462 -27.9185 21.6561 12.7678 -29.1003 22.3094
3 16 12.7678 -29.1003 22.3094 14.9462 -27.9185 21.6561 11.9274 -28.0085 23.9413
3 16 16.719 -24.5211 22.292 13.6921 -23.752 24.8873 14.9462 -27.9185 21.6561
3 16 14.9462 -27.9185 21.6561 13.6921 -23.752 24.8873 11.9274 -28.0085 23.9413
3 16 13.6921 -23.752 24.8873 16.719 -24.5211 22.292 15.1379 -19.2124 25.3507
3 16 15.1379 -19.2124 25.3507 16.719 -24.5211 22.292 17.9747 -19.2958 23.1293
3 16 13.5608 -16.1003 25.3432 15.1379 -19.2124 25.3507 16.0292 -15.4305 23.1095
3 16 16.0292 -15.4305 23.1095 15.1379 -19.2124 25.3507 17.9747 -19.2958 23.1293
3 16 16.0292 -15.4305 23.1095 13.784 -12.5035 22.5735 13.5608 -16.1003 25.3432
3 16 13.5608 -16.1003 25.3432 13.784 -12.5035 22.5735 11.5659 -13.8413 25.0824
3 16 14.8579 -28.4832 21.4886 15.157 -28.2944 21.1755 14.9462 -27.9185 21.6561
3 16 14.9462 -27.9185 21.6561 15.157 -28.2944 21.1755 15.2999 -27.7819 21.2994
3 16 14.9462 -27.9185 21.6561 15.2999 -27.7819 21.2994 16.719 -24.5211 22.292
3 16 16.719 -24.5211 22.292 15.2999 -27.7819 21.2994 16.9077 -24.4866 21.982
3 16 18.1645 -19.2703 21.7569 17.9747 -19.2958 23.1293 16.9077 -24.4866 21.982
3 16 16.9077 -24.4866 21.982 17.9747 -19.2958 23.1293 16.719 -24.5211 22.292
3 16 15.8761 -14.9144 20.729 16.0292 -15.4305 23.1095 18.1645 -19.2703 21.7569
3 16 18.1645 -19.2703 21.7569 16.0292 -15.4305 23.1095 17.9747 -19.2958 23.1293
3 16 14.6916 -13.4097 19.09 13.784 -12.5035 22.5735 15.8761 -14.9144 20.729
3 16 15.8761 -14.9144 20.729 13.784 -12.5035 22.5735 16.0292 -15.4305 23.1095
3 16 14.6916 -13.4097 19.09 12.7368 -10.1581 19.6749 13.784 -12.5035 22.5735
3 16 13.784 -12.5035 22.5735 12.7368 -10.1581 19.6749 12.6383 -9.9347 22.4505
3 16 14.6916 -13.4097 19.09 13.2665 -10.9127 16.3791 12.7368 -10.1581 19.6749
3 16 12.7368 -10.1581 19.6749 13.2665 -10.9127 16.3791 12.6174 -9.2967 15.8389
3 16 12.2565 -7.0522 22.6041 12.6383 -9.9347 22.4505 12.2396 -7.0305 19.726
3 16 12.2396 -7.0305 19.726 12.6383 -9.9347 22.4505 12.7368 -10.1581 19.6749
3 16 21.4436 -20.0169 21.1654 21.4476 -15.7451 20.0849 18.1645 -19.2703 21.7569
3 16 18.1645 -19.2703 21.7569 21.4476 -15.7451 20.0849 15.8761 -14.9144 20.729
3 16 21.4476 -15.7451 20.0849 21.8474 -13.8616 18.2091 15.8761 -14.9144 20.729
3 16 15.8761 -14.9144 20.729 21.8474 -13.8616 18.2091 14.6916 -13.4097 19.09
3 16 16.3161 -10.6229 16.5276 13.2665 -10.9127 16.3791 14.6916 -13.4097 19.09
3 16 21.8474 -13.8616 18.2091 23.5695 -12.8725 16.5836 19.658 -11.2063 16.4924
3 16 23.5695 -12.8725 16.5836 23.0361 -13.0502 15.8061 19.658 -11.2063 16.4924
3 16 19.658 -11.2063 16.4924 23.0361 -13.0502 15.8061 19.8066 -11.1374 15.8228
3 16 16.3161 -10.6229 16.5276 19.658 -11.2063 16.4924 16.2746 -10.5006 15.8284
3 16 16.2746 -10.5006 15.8284 19.658 -11.2063 16.4924 19.8066 -11.1374 15.8228
3 16 13.1658 -10.8352 15.8255 13.2665 -10.9127 16.3791 16.2746 -10.5006 15.8284
3 16 16.2746 -10.5006 15.8284 13.2665 -10.9127 16.3791 16.3161 -10.6229 16.5276
3 16 21.4436 -20.0169 21.1654 16.9077 -24.4866 21.982 21.475 -26.1982 21.5692
3 16 21.475 -26.1982 21.5692 16.9077 -24.4866 21.982 17.947 -28.3797 21.3792
3 16 16.9077 -24.4866 21.982 21.4436 -20.0169 21.1654 18.1645 -19.2703 21.7569
3 16 21.475 -26.1982 21.5692 17.947 -28.3797 21.3792 21.8985 -28.6506 21.251
3 16 21.8985 -28.6506 21.251 17.947 -28.3797 21.3792 19.6168 -30.5702 20.8177
3 16 19.6168 -30.5702 20.8177 22.405 -30.53 20.5827 21.8985 -28.6506 21.251
3 16 9.8692 -4.9612 23.632 12.2565 -7.0522 22.6041 9.9617 -4.9621 19.8282
3 16 9.9617 -4.9621 19.8282 12.2565 -7.0522 22.6041 12.2396 -7.0305 19.726
3 16 8.2467 -1.8666 24.0934 9.8692 -4.9612 23.632 8.3533 -1.89 19.6269
3 16 8.3533 -1.89 19.6269 9.8692 -4.9612 23.632 9.9617 -4.9621 19.8282
3 16 8.7805 -31.5995 16.6323 8.2254 -36.2358 16.6071 8.9513 -34.5677 15.2424
3 16 8.9513 -34.5677 15.2424 8.2254 -36.2358 16.6071 7.9678 -36.5687 15.0004
3 16 8.9513 -34.5677 15.2424 7.9678 -36.5687 15.0004 10.3449 -36.796 12.6775
3 16 10.3449 -36.796 12.6775 7.9678 -36.5687 15.0004 8.9397 -39.2739 12.5824
3 16 12.6207 -38.5664 12.0939 11.3604 -36.0589 15.2238 10.3449 -36.796 12.6775
3 16 10.3449 -36.796 12.6775 11.3604 -36.0589 15.2238 8.9513 -34.5677 15.2424
3 16 14.6936 -37.5896 16.184 16.2645 -39.1704 14.4333 17.7099 -37.5344 18.2156
3 16 17.7099 -37.5344 18.2156 16.2645 -39.1704 14.4333 20.2171 -40.2233 15.1619
3 16 18.8392 -36.8908 19.2403 17.7099 -37.5344 18.2156 22.0054 -37.8527 19.3674
3 16 22.0054 -37.8527 19.3674 17.7099 -37.5344 18.2156 20.2171 -40.2233 15.1619
3 16 22.0054 -37.8527 19.3674 20.2171 -40.2233 15.1619 23.2548 -39.8093 17.4238
3 16 23.2548 -39.8093 17.4238 20.2171 -40.2233 15.1619 23.5467 -40.8888 15.3501
3 16 16.5347 -40.5738 12.5466 16.2645 -39.1704 14.4333 12.6207 -38.5664 12.0939
3 16 16.5186 -41.4458 10.0212 16.5347 -40.5738 12.5466 12.5912 -39.1371 10.0212
3 16 12.5912 -39.1371 10.0212 16.5347 -40.5738 12.5466 12.6207 -38.5664 12.0939
3 16 20.3649 -41.9935 12.8899 20.2171 -40.2233 15.1619 16.5347 -40.5738 12.5466
3 16 16.5347 -40.5738 12.5466 20.2171 -40.2233 15.1619 16.2645 -39.1704 14.4333
3 16 20.6987 -43.3145 10.0212 20.3649 -41.9935 12.8899 16.5186 -41.4458 10.0212
3 16 16.5186 -41.4458 10.0212 20.3649 -41.9935 12.8899 16.5347 -40.5738 12.5466
3 16 20.2171 -40.2233 15.1619 20.3649 -41.9935 12.8899 23.5467 -40.8888 15.3501
3 16 23.5467 -40.8888 15.3501 20.3649 -41.9935 12.8899 24.5721 -43.0956 13.2684
3 16 25.2959 -44.8735 10.0212 24.5721 -43.0956 13.2684 20.6987 -43.3145 10.0212
3 16 20.6987 -43.3145 10.0212 24.5721 -43.0956 13.2684 20.3649 -41.9935 12.8899
3 16 22.5662 -36.2663 19.6392 18.9345 -35.6297 19.4974 22.0054 -37.8527 19.3674
3 16 22.0054 -37.8527 19.3674 18.9345 -35.6297 19.4974 18.8392 -36.8908 19.2403
3 16 23.7314 -35.3004 18.6853 22.0054 -37.8527 19.3674 24.0498 -36.9952 17.3439
3 16 24.0498 -36.9952 17.3439 22.0054 -37.8527 19.3674 23.2548 -39.8093 17.4238
3 16 23.5467 -40.8888 15.3501 24.4749 -38.516 15.6745 23.2548 -39.8093 17.4238
3 16 23.2548 -39.8093 17.4238 24.4749 -38.516 15.6745 24.0498 -36.9952 17.3439
3 16 24.5721 -43.0956 13.2684 25.7297 -39.7061 14.1419 23.5467 -40.8888 15.3501
3 16 23.5467 -40.8888 15.3501 25.7297 -39.7061 14.1419 24.4749 -38.516 15.6745
3 16 25.2959 -44.8735 10.0212 26.633 -41.447 11.9822 24.5721 -43.0956 13.2684
3 16 24.5721 -43.0956 13.2684 26.633 -41.447 11.9822 25.7297 -39.7061 14.1419
3 16 27.094 -42.4684 10.0212 26.633 -41.447 11.9822 25.2959 -44.8735 10.0212
3 16 18.9345 -35.6297 19.4974 17.3437 -36.7103 18.3164 18.8392 -36.8908 19.2403
3 16 18.8392 -36.8908 19.2403 17.3437 -36.7103 18.3164 17.7099 -37.5344 18.2156
3 16 17.7099 -37.5344 18.2156 17.3437 -36.7103 18.3164 14.6936 -37.5896 16.184
3 16 14.6936 -37.5896 16.184 17.3437 -36.7103 18.3164 15.0765 -35.3958 16.8023
3 16 15.0765 -35.3958 16.8023 12.5265 -34.561 16.2249 14.6936 -37.5896 16.184
3 16 14.6936 -37.5896 16.184 12.5265 -34.561 16.2249 11.3604 -36.0589 15.2238
3 16 11.3604 -36.0589 15.2238 12.5265 -34.561 16.2249 8.9513 -34.5677 15.2424
3 16 8.9513 -34.5677 15.2424 12.5265 -34.561 16.2249 10.3272 -32.5897 16.6552
3 16 8.9513 -34.5677 15.2424 10.3272 -32.5897 16.6552 8.7805 -31.5995 16.6323
3 16 24.8549 -38.9947 23.5904 23.962 -37.3025 20.9535 26.1466 -36.8834 24.1763
3 16 26.1466 -36.8834 24.1763 23.962 -37.3025 20.9535 25.0763 -35.5321 21.5568
3 16 28.7268 -39.1107 28.1757 26.9951 -41.4446 27.1864 26.1466 -36.8834 24.1763
3 16 26.1466 -36.8834 24.1763 26.9951 -41.4446 27.1864 24.8549 -38.9947 23.5904
3 16 32.1897 -41.1994 31.5914 29.7601 -43.7867 30.4304 28.7268 -39.1107 28.1757
3 16 28.7268 -39.1107 28.1757 29.7601 -43.7867 30.4304 26.9951 -41.4446 27.1864
3 16 33.8479 -42.5454 33.7571 33.0552 -44.05 32.7142 32.1897 -41.1994 31.5914
3 16 33.6387 -44.8524 33.3766 33.0552 -44.05 32.7142 33.8649 -43.1446 34.7027
3 16 33.8649 -43.1446 34.7027 33.0552 -44.05 32.7142 33.8479 -42.5454 33.7571
3 16 31.8099 -45.2256 32.4509 29.7601 -43.7867 30.4304 33.0552 -44.05 32.7142
3 16 33.0552 -44.05 32.7142 29.7601 -43.7867 30.4304 32.1897 -41.1994 31.5914
3 16 32.0626 -45.991 32.9155 31.8099 -45.2256 32.4509 33.6387 -44.8524 33.3766
3 16 33.6387 -44.8524 33.3766 31.8099 -45.2256 32.4509 33.0552 -44.05 32.7142
3 16 23.962 -37.3025 20.9535 23.7314 -35.3004 18.6853 24.3777 -35.2884 19.3867
3 16 23.962 -37.3025 20.9535 24.3777 -35.2884 19.3867 25.0763 -35.5321 21.5568
3 16 25.0763 -35.5321 21.5568 24.3777 -35.2884 19.3867 25.1676 -34.594 19.8381
3 16 29.7601 -43.7867 30.4304 31.8099 -45.2256 32.4509 26.9073 -45.5967 32.7638
3 16 12.8954 -44.5867 31.2943 14.7817 -42.6271 28.6224 17.004 -45.2141 32.1675
3 16 22.5662 -36.2663 19.6392 23.962 -37.3025 20.9535 18.9345 -35.6297 19.4974
3 16 18.9345 -35.6297 19.4974 23.962 -37.3025 20.9535 17.7611 -37.709 22.5817
3 16 22.5662 -36.2663 19.6392 23.7314 -35.3004 18.6853 23.962 -37.3025 20.9535
3 16 16.7278 -40.3604 25.5584 17.7611 -37.709 22.5817 24.8549 -38.9947 23.5904
3 16 24.8549 -38.9947 23.5904 17.7611 -37.709 22.5817 23.962 -37.3025 20.9535
3 16 21.723 -45.5977 32.7926 16.7278 -40.3604 25.5584 26.9951 -41.4446 27.1864
3 16 26.9951 -41.4446 27.1864 16.7278 -40.3604 25.5584 24.8549 -38.9947 23.5904
3 16 29.7601 -43.7867 30.4304 26.9073 -45.5967 32.7638 26.9951 -41.4446 27.1864
3 16 26.9951 -41.4446 27.1864 26.9073 -45.5967 32.7638 21.723 -45.5977 32.7926
3 16 14.7817 -42.6271 28.6224 16.7278 -40.3604 25.5584 17.004 -45.2141 32.1675
3 16 17.004 -45.2141 32.1675 16.7278 -40.3604 25.5584 21.723 -45.5977 32.7926
3 16 32.0626 -45.991 32.9155 27.2146 -47.2126 33.097 31.8099 -45.2256 32.4509
3 16 31.8099 -45.2256 32.4509 27.2146 -47.2126 33.097 26.9073 -45.5967 32.7638
3 16 21.723 -45.5977 32.7926 26.9073 -45.5967 32.7638 21.7574 -47.5853 33.1154
3 16 21.7574 -47.5853 33.1154 26.9073 -45.5967 32.7638 27.2146 -47.2126 33.097
3 16 17.004 -45.2141 32.1675 21.723 -45.5977 32.7926 16.9843 -47.2871 32.5989
3 16 16.9843 -47.2871 32.5989 21.723 -45.5977 32.7926 21.7574 -47.5853 33.1154
3 16 17.004 -45.2141 32.1675 16.9843 -47.2871 32.5989 12.8954 -44.5867 31.2943
3 16 12.8954 -44.5867 31.2943 16.9843 -47.2871 32.5989 11.2996 -46.0398 31.3816
3 16 16.4298 -38.9306 21.1918 17.3437 -36.7103 18.3164 17.7611 -37.709 22.5817
3 16 17.7611 -37.709 22.5817 17.3437 -36.7103 18.3164 18.9345 -35.6297 19.4974
3 16 15.3348 -41.3109 24.8073 16.4298 -38.9306 21.1918 16.7278 -40.3604 25.5584
3 16 16.7278 -40.3604 25.5584 16.4298 -38.9306 21.1918 17.7611 -37.709 22.5817
3 16 16.7278 -40.3604 25.5584 14.7817 -42.6271 28.6224 15.3348 -41.3109 24.8073
3 16 15.3348 -41.3109 24.8073 14.7817 -42.6271 28.6224 13.3317 -43.7248 28.7026
3 16 11.2996 -46.0398 31.3816 13.3317 -43.7248 28.7026 12.8954 -44.5867 31.2943
3 16 12.8954 -44.5867 31.2943 13.3317 -43.7248 28.7026 14.7817 -42.6271 28.6224
3 16 14.7567 -38.0467 20.094 13.0835 -37.1629 18.9962 15.0765 -35.3958 16.8023
3 16 15.0765 -35.3958 16.8023 13.0835 -37.1629 18.9962 12.5265 -34.561 16.2249
3 16 15.3348 -41.3109 24.8073 14.0106 -41.1131 24.9759 14.7567 -38.0467 20.094
3 16 14.7567 -38.0467 20.094 14.0106 -41.1131 24.9759 13.0835 -37.1629 18.9962
3 16 13.3317 -43.7248 28.7026 11.2996 -46.0398 31.3816 12.0906 -43.6957 28.8335
3 16 12.0906 -43.6957 28.8335 11.2996 -46.0398 31.3816 10.2598 -45.7233 31.9548
3 16 15.3348 -41.3109 24.8073 13.3317 -43.7248 28.7026 14.0106 -41.1131 24.9759
3 16 14.0106 -41.1131 24.9759 13.3317 -43.7248 28.7026 12.0906 -43.6957 28.8335
3 16 10.3272 -32.5897 16.6552 12.5265 -34.561 16.2249 10.6495 -33.5373 21.3834
3 16 10.6495 -33.5373 21.3834 12.5265 -34.561 16.2249 13.0835 -37.1629 18.9962
3 16 14.0106 -41.1131 24.9759 11.9501 -38.2465 27.445 13.0835 -37.1629 18.9962
3 16 13.0835 -37.1629 18.9962 11.9501 -38.2465 27.445 10.6495 -33.5373 21.3834
3 16 10.2561 -40.8544 30.7977 11.9501 -38.2465 27.445 12.0906 -43.6957 28.8335
3 16 12.0906 -43.6957 28.8335 11.9501 -38.2465 27.445 14.0106 -41.1131 24.9759
3 16 8.4179 -43.1381 33.9973 10.2561 -40.8544 30.7977 10.2598 -45.7233 31.9548
3 16 10.2598 -45.7233 31.9548 10.2561 -40.8544 30.7977 12.0906 -43.6957 28.8335
3 16 9.1902 -30.7543 18.0204 10.3272 -32.5897 16.6552 10.6495 -33.5373 21.3834
3 16 11.2996 -46.0398 31.3816 16.9843 -47.2871 32.5989 14.1943 -46.6562 33.9337
3 16 14.1943 -46.6562 33.9337 16.9843 -47.2871 32.5989 17.4975 -47.0414 34.6007
3 16 16.9843 -47.2871 32.5989 21.7574 -47.5853 33.1154 17.4975 -47.0414 34.6007
3 16 17.4975 -47.0414 34.6007 21.7574 -47.5853 33.1154 22.175 -47.2351 35.025
3 16 21.7574 -47.5853 33.1154 27.2146 -47.2126 33.097 22.175 -47.2351 35.025
3 16 22.175 -47.2351 35.025 27.2146 -47.2126 33.097 27.3799 -46.9008 34.5282
3 16 27.3799 -46.9008 34.5282 27.2146 -47.2126 33.097 31.7114 -46.0661 33.5344
3 16 31.7114 -46.0661 33.5344 27.2146 -47.2126 33.097 32.0626 -45.991 32.9155
3 16 22.175 -47.2351 35.025 18.5265 -49.6322 38.4594 17.4975 -47.0414 34.6007
3 16 17.4975 -47.0414 34.6007 18.5265 -49.6322 38.4594 16.1869 -48.0059 36.1065
3 16 22.175 -47.2351 35.025 21.6225 -51.6401 41.0867 18.5265 -49.6322 38.4594
3 16 24.5812 -53.1746 43.1064 21.6225 -51.6401 41.0867 22.175 -47.2351 35.025
3 16 22.175 -47.2351 35.025 28.1221 -52.3384 42.4171 24.5812 -53.1746 43.1064
3 16 24.5812 -53.1746 43.1064 28.1221 -52.3384 42.4171 28.6881 -54.1522 45.1128
3 16 22.175 -47.2351 35.025 28.1965 -50.4272 39.7644 28.1221 -52.3384 42.4171
3 16 22.175 -47.2351 35.025 27.3799 -46.9008 34.5282 28.1965 -50.4272 39.7644
3 16 28.1965 -50.4272 39.7644 27.3799 -46.9008 34.5282 29.2082 -48.3451 37.0215
3 16 27.3799 -46.9008 34.5282 31.7114 -46.0661 33.5344 29.2082 -48.3451 37.0215
3 16 29.5917 -52.455 45.8781 29.3352 -53.3081 45.3608 29.0556 -50.7365 43.9296
3 16 29.0556 -50.7365 43.9296 29.3352 -53.3081 45.3608 28.1221 -52.3384 42.4171
3 16 28.1965 -50.4272 39.7644 29.1392 -48.6696 41.1495 28.1221 -52.3384 42.4171
3 16 28.1221 -52.3384 42.4171 29.1392 -48.6696 41.1495 29.0556 -50.7365 43.9296
3 16 28.1965 -50.4272 39.7644 29.2082 -48.3451 37.0215 29.1392 -48.6696 41.1495
3 16 29.1392 -48.6696 41.1495 29.2082 -48.3451 37.0215 30.2393 -46.6951 38.2554
3 16 29.2082 -48.3451 37.0215 31.7114 -46.0661 33.5344 30.2393 -46.6951 38.2554
3 16 30.2393 -46.6951 38.2554 31.7114 -46.0661 33.5344 32.6753 -44.5616 35.552
3 16 29.3352 -53.3081 45.3608 28.6881 -54.1522 45.1128 28.1221 -52.3384 42.4171
3 16 32.0626 -45.991 32.9155 33.6387 -44.8524 33.3766 31.7114 -46.0661 33.5344
3 16 31.7114 -46.0661 33.5344 33.6387 -44.8524 33.3766 32.6753 -44.5616 35.552
3 16 32.6753 -44.5616 35.552 33.6387 -44.8524 33.3766 33.8649 -43.1446 34.7027
3 16 28.9505 -54.904 45.4416 24.2399 -54.3048 43.262 28.6881 -54.1522 45.1128
3 16 28.6881 -54.1522 45.1128 24.2399 -54.3048 43.262 24.5812 -53.1746 43.1064
3 16 21.6225 -51.6401 41.0867 24.5812 -53.1746 43.1064 21.0704 -53.172 41.0377
3 16 21.0704 -53.172 41.0377 24.5812 -53.1746 43.1064 24.2399 -54.3048 43.262
3 16 18.5265 -49.6322 38.4594 21.6225 -51.6401 41.0867 17.9236 -51.5901 38.4004
3 16 17.9236 -51.5901 38.4004 21.6225 -51.6401 41.0867 21.0704 -53.172 41.0377
3 16 16.1869 -48.0059 36.1065 18.5265 -49.6322 38.4594 15.1586 -49.5549 35.6463
3 16 15.1586 -49.5549 35.6463 18.5265 -49.6322 38.4594 17.9236 -51.5901 38.4004
3 16 16.1869 -48.0059 36.1065 15.1586 -49.5549 35.6463 14.1943 -46.6562 33.9337
3 16 14.1943 -46.6562 33.9337 15.1586 -49.5549 35.6463 11.2996 -46.0398 31.3816
3 16 28.6881 -54.1522 45.1128 29.3352 -53.3081 45.3608 28.9505 -54.904 45.4416
3 16 28.9505 -54.904 45.4416 29.3352 -53.3081 45.3608 29.848 -53.9673 46.357
3 16 29.848 -53.9673 46.357 29.3352 -53.3081 45.3608 29.9913 -53.072 46.8032
3 16 29.9913 -53.072 46.8032 29.3352 -53.3081 45.3608 29.5917 -52.455 45.8781
3 16 29.848 -53.9673 46.357 28.9778 -54.7706 47.1523 28.9505 -54.904 45.4416
3 16 28.8863 -53.7906 48.1725 28.9778 -54.7706 47.1523 29.9913 -53.072 46.8032
3 16 29.9913 -53.072 46.8032 28.9778 -54.7706 47.1523 29.848 -53.9673 46.357
3 16 24.2018 -33.7885 22.3034 24.5501 -33.3962 20.0106 24.0282 -32.3633 21.4822
3 16 24.0282 -32.3633 21.4822 24.5501 -33.3962 20.0106 24.607 -32.8603 20.0603
3 16 22.9892 -32.7044 23.8413 24.2018 -33.7885 22.3034 23.0669 -31.5247 22.1313
3 16 23.0669 -31.5247 22.1313 24.2018 -33.7885 22.3034 24.0282 -32.3633 21.4822
3 16 24.2018 -33.7885 22.3034 25.0763 -35.5321 21.5568 24.5501 -33.3962 20.0106
3 16 24.5501 -33.3962 20.0106 25.0763 -35.5321 21.5568 25.1676 -34.594 19.8381
3 16 23.9773 -34.7542 26.9423 24.2018 -33.7885 22.3034 22.9892 -32.7044 23.8413
3 16 28.7268 -39.1107 28.1757 26.1466 -36.8834 24.1763 25.9794 -37.3297 30.3529
3 16 25.9794 -37.3297 30.3529 26.1466 -36.8834 24.1763 23.9773 -34.7542 26.9423
3 16 32.1897 -41.1994 31.5914 28.7268 -39.1107 28.1757 29.0703 -39.7629 33.3061
3 16 29.0703 -39.7629 33.3061 28.7268 -39.1107 28.1757 25.9794 -37.3297 30.3529
3 16 29.0703 -39.7629 33.3061 32.7402 -41.6736 35.6671 32.1897 -41.1994 31.5914
3 16 32.1897 -41.1994 31.5914 32.7402 -41.6736 35.6671 33.8479 -42.5454 33.7571
3 16 33.8479 -42.5454 33.7571 32.7402 -41.6736 35.6671 33.6153 -42.3631 35.3234
3 16 32.7402 -41.6736 35.6671 31.8086 -42.4712 36.6775 33.6153 -42.3631 35.3234
3 16 33.6153 -42.3631 35.3234 31.8086 -42.4712 36.6775 32.6753 -44.5616 35.552
3 16 30.2393 -46.6951 38.2554 32.6753 -44.5616 35.552 29.5498 -44.4346 39.1108
3 16 29.5498 -44.4346 39.1108 32.6753 -44.5616 35.552 31.8086 -42.4712 36.6775
3 16 29.1392 -48.6696 41.1495 30.2393 -46.6951 38.2554 28.4093 -46.8049 41.8824
3 16 28.4093 -46.8049 41.8824 30.2393 -46.6951 38.2554 29.5498 -44.4346 39.1108
3 16 29.0556 -50.7365 43.9296 29.1392 -48.6696 41.1495 28.1736 -49.4143 45.0769
3 16 28.1736 -49.4143 45.0769 29.1392 -48.6696 41.1495 28.4093 -46.8049 41.8824
3 16 28.1736 -49.4143 45.0769 28.547 -51.0908 47.0358 29.2975 -51.7071 46.4497
3 16 29.2975 -51.7071 46.4497 28.547 -51.0908 47.0358 29.6151 -52.3368 47.8912
3 16 29.6151 -52.3368 47.8912 28.547 -51.0908 47.0358 28.726 -51.4112 48.3769
3 16 33.8649 -43.1446 34.7027 33.8479 -42.5454 33.7571 33.6153 -42.3631 35.3234
3 16 32.6753 -44.5616 35.552 33.8649 -43.1446 34.7027 33.6153 -42.3631 35.3234
3 16 28.1736 -49.4143 45.0769 29.2975 -51.7071 46.4497 29.0556 -50.7365 43.9296
3 16 29.0556 -50.7365 43.9296 29.2975 -51.7071 46.4497 29.5917 -52.455 45.8781
3 16 29.5917 -52.455 45.8781 29.2975 -51.7071 46.4497 29.9913 -53.072 46.8032
3 16 29.9913 -53.072 46.8032 29.2975 -51.7071 46.4497 29.6151 -52.3368 47.8912
3 16 10.8149 -46.563 38.4815 12.5923 -48.8212 36.88 14.0792 -49.4418 41.5235
3 16 14.0792 -49.4418 41.5235 12.5923 -48.8212 36.88 15.8099 -51.2344 39.9474
3 16 14.0792 -49.4418 41.5235 15.8099 -51.2344 39.9474 17.8902 -51.4063 44.4975
3 16 17.8902 -51.4063 44.4975 15.8099 -51.2344 39.9474 19.2466 -52.9434 42.7316
3 16 17.8902 -51.4063 44.4975 19.2466 -52.9434 42.7316 22.1701 -52.785 46.798
3 16 22.1701 -52.785 46.798 19.2466 -52.9434 42.7316 23.0335 -54.1513 45.0612
3 16 19.2466 -52.9434 42.7316 21.0704 -53.172 41.0377 23.0335 -54.1513 45.0612
3 16 23.0335 -54.1513 45.0612 21.0704 -53.172 41.0377 24.2399 -54.3048 43.262
3 16 15.8099 -51.2344 39.9474 17.9236 -51.5901 38.4004 19.2466 -52.9434 42.7316
3 16 19.2466 -52.9434 42.7316 17.9236 -51.5901 38.4004 21.0704 -53.172 41.0377
3 16 12.5923 -48.8212 36.88 15.1586 -49.5549 35.6463 15.8099 -51.2344 39.9474
3 16 15.8099 -51.2344 39.9474 15.1586 -49.5549 35.6463 17.9236 -51.5901 38.4004
3 16 15.1586 -49.5549 35.6463 12.5923 -48.8212 36.88 11.2996 -46.0398 31.3816
3 16 11.2996 -46.0398 31.3816 12.5923 -48.8212 36.88 10.2598 -45.7233 31.9548
3 16 12.5923 -48.8212 36.88 10.8149 -46.563 38.4815 10.2598 -45.7233 31.9548
3 16 10.2598 -45.7233 31.9548 10.8149 -46.563 38.4815 8.4179 -43.1381 33.9973
3 16 28.9778 -54.7706 47.1523 23.0335 -54.1513 45.0612 28.9505 -54.904 45.4416
3 16 28.9505 -54.904 45.4416 23.0335 -54.1513 45.0612 24.2399 -54.3048 43.262
3 16 22.1701 -52.785 46.798 23.0335 -54.1513 45.0612 28.8863 -53.7906 48.1725
3 16 28.8863 -53.7906 48.1725 23.0335 -54.1513 45.0612 28.9778 -54.7706 47.1523
3 16 22.721 -51.0222 47.3012 22.1701 -52.785 46.798 28.7394 -52.6937 48.5923
3 16 28.7394 -52.6937 48.5923 22.1701 -52.785 46.798 28.8863 -53.7906 48.1725
3 16 17.8902 -51.4063 44.4975 22.1701 -52.785 46.798 18.4387 -49.2916 45.2367
3 16 18.4387 -49.2916 45.2367 22.1701 -52.785 46.798 22.721 -51.0222 47.3012
3 16 14.0792 -49.4418 41.5235 17.8902 -51.4063 44.4975 14.6677 -47.1216 42.5067
3 16 14.6677 -47.1216 42.5067 17.8902 -51.4063 44.4975 18.4387 -49.2916 45.2367
3 16 11.7413 -44.5133 39.3716 10.8149 -46.563 38.4815 14.6677 -47.1216 42.5067
3 16 14.6677 -47.1216 42.5067 10.8149 -46.563 38.4815 14.0792 -49.4418 41.5235
3 16 8.4179 -43.1381 33.9973 10.8149 -46.563 38.4815 9.6295 -41.7195 34.8992
3 16 9.6295 -41.7195 34.8992 10.8149 -46.563 38.4815 11.7413 -44.5133 39.3716
3 16 11.2348 -39.5527 31.9017 10.2561 -40.8544 30.7977 9.6295 -41.7195 34.8992
3 16 9.6295 -41.7195 34.8992 10.2561 -40.8544 30.7977 8.4179 -43.1381 33.9973
3 16 10.2561 -40.8544 30.7977 11.2348 -39.5527 31.9017 11.9501 -38.2465 27.445
3 16 11.9501 -38.2465 27.445 11.2348 -39.5527 31.9017 12.6522 -36.8064 28.4494
3 16 10.6495 -33.5373 21.3834 11.9501 -38.2465 27.445 11.4585 -32.468 23.257
3 16 11.4585 -32.468 23.257 11.9501 -38.2465 27.445 12.6522 -36.8064 28.4494
3 16 11.4585 -32.468 23.257 12.6522 -36.8064 28.4494 13.249 -31.3928 25.1678
3 16 13.249 -31.3928 25.1678 12.6522 -36.8064 28.4494 13.8421 -35.2012 29.5828
3 16 11.2348 -39.5527 31.9017 12.5833 -38.1137 33.2083 12.6522 -36.8064 28.4494
3 16 12.6522 -36.8064 28.4494 12.5833 -38.1137 33.2083 13.8421 -35.2012 29.5828
3 16 12.5833 -38.1137 33.2083 11.2348 -39.5527 31.9017 11.2411 -40.1072 35.9186
3 16 11.2411 -40.1072 35.9186 11.2348 -39.5527 31.9017 9.6295 -41.7195 34.8992
3 16 13.6858 -42.409 39.5557 11.2411 -40.1072 35.9186 11.7413 -44.5133 39.3716
3 16 11.7413 -44.5133 39.3716 11.2411 -40.1072 35.9186 9.6295 -41.7195 34.8992
3 16 13.6858 -42.409 39.5557 11.7413 -44.5133 39.3716 16.3736 -44.58 42.4082
3 16 16.3736 -44.58 42.4082 11.7413 -44.5133 39.3716 14.6677 -47.1216 42.5067
3 16 16.3736 -44.58 42.4082 14.6677 -47.1216 42.5067 19.7461 -46.912 44.9904
3 16 19.7461 -46.912 44.9904 14.6677 -47.1216 42.5067 18.4387 -49.2916 45.2367
3 16 19.7461 -46.912 44.9904 18.4387 -49.2916 45.2367 23.7239 -49.0647 46.8438
3 16 23.7239 -49.0647 46.8438 18.4387 -49.2916 45.2367 22.721 -51.0222 47.3012
3 16 23.7239 -49.0647 46.8438 22.721 -51.0222 47.3012 28.726 -51.4112 48.3769
3 16 28.726 -51.4112 48.3769 22.721 -51.0222 47.3012 28.7394 -52.6937 48.5923
3 16 11.2516 -29.8103 21.3604 11.4585 -32.468 23.257 12.7678 -29.1003 22.3094
3 16 12.7678 -29.1003 22.3094 11.4585 -32.468 23.257 13.249 -31.3928 25.1678
3 16 11.4585 -32.468 23.257 10.3972 -29.5903 19.8476 10.6495 -33.5373 21.3834
3 16 10.6495 -33.5373 21.3834 10.3972 -29.5903 19.8476 9.1902 -30.7543 18.0204
3 16 11.2516 -29.8103 21.3604 10.3972 -29.5903 19.8476 11.4585 -32.468 23.257
3 16 28.7394 -52.6937 48.5923 28.8863 -53.7906 48.1725 29.6151 -52.3368 47.8912
3 16 29.6151 -52.3368 47.8912 28.8863 -53.7906 48.1725 29.9913 -53.072 46.8032
3 16 28.7394 -52.6937 48.5923 29.6151 -52.3368 47.8912 28.726 -51.4112 48.3769
3 16 11.2411 -40.1072 35.9186 13.6858 -42.409 39.5557 14.7298 -42.5967 37.4848
3 16 14.7298 -42.5967 37.4848 13.6858 -42.409 39.5557 15.401 -43.3218 38.5259
3 16 11.2411 -40.1072 35.9186 17.2037 -40.9493 37.53 12.9716 -40.256 34.6145
3 16 12.9716 -40.256 34.6145 17.2037 -40.9493 37.53 17.0906 -40.9569 35.3977
3 16 17.3112 -42.7888 37.7863 17.2037 -40.9493 37.53 14.7298 -42.5967 37.4848
3 16 14.7298 -42.5967 37.4848 17.2037 -40.9493 37.53 11.2411 -40.1072 35.9186
3 16 22.5999 -41.4167 37.8819 22.3654 -41.3257 35.7184 17.2037 -40.9493 37.53
3 16 17.2037 -40.9493 37.53 22.3654 -41.3257 35.7184 17.0906 -40.9569 35.3977
3 16 22.3654 -41.3257 35.7184 22.5999 -41.4167 37.8819 27.0179 -41.418 35.8006
3 16 27.0179 -41.418 35.8006 22.5999 -41.4167 37.8819 27.2851 -41.5554 37.652
3 16 27.0179 -41.418 35.8006 27.2851 -41.5554 37.652 30.8928 -41.4482 35.8286
3 16 30.8928 -41.4482 35.8286 27.2851 -41.5554 37.652 31.1671 -41.5987 36.7389
3 16 31.1671 -41.5987 36.7389 31.8757 -41.8833 36.2373 30.8928 -41.4482 35.8286
3 16 31.1671 -41.5987 36.7389 31.487 -42.1663 36.8199 31.8757 -41.8833 36.2373
3 16 31.487 -42.1663 36.8199 31.1671 -41.5987 36.7389 27.1829 -42.8953 37.6631
3 16 27.1829 -42.8953 37.6631 31.1671 -41.5987 36.7389 27.2851 -41.5554 37.652
3 16 27.2851 -41.5554 37.652 22.5999 -41.4167 37.8819 27.1829 -42.8953 37.6631
3 16 27.1829 -42.8953 37.6631 22.5999 -41.4167 37.8819 22.5269 -43.0941 37.9928
3 16 22.5269 -43.0941 37.9928 22.5999 -41.4167 37.8819 17.3112 -42.7888 37.7863
3 16 17.3112 -42.7888 37.7863 22.5999 -41.4167 37.8819 17.2037 -40.9493 37.53
3 16 31.487 -42.1663 36.8199 31.8086 -42.4712 36.6775 31.8757 -41.8833 36.2373
3 16 31.8757 -41.8833 36.2373 31.8086 -42.4712 36.6775 32.7402 -41.6736 35.6671
3 16 27.1829 -42.8953 37.6631 29.5498 -44.4346 39.1108 31.487 -42.1663 36.8199
3 16 31.487 -42.1663 36.8199 29.5498 -44.4346 39.1108 31.8086 -42.4712 36.6775
3 16 31.8757 -41.8833 36.2373 32.7402 -41.6736 35.6671 30.8928 -41.4482 35.8286
3 16 30.8928 -41.4482 35.8286 32.7402 -41.6736 35.6671 29.0703 -39.7629 33.3061
3 16 30.8928 -41.4482 35.8286 29.0703 -39.7629 33.3061 27.0179 -41.418 35.8006
3 16 27.0179 -41.418 35.8006 29.0703 -39.7629 33.3061 16.5469 -36.0833 29.5554
3 16 16.5469 -36.0833 29.5554 29.0703 -39.7629 33.3061 25.9794 -37.3297 30.3529
3 16 16.5469 -36.0833 29.5554 22.3654 -41.3257 35.7184 27.0179 -41.418 35.8006
3 16 25.9794 -37.3297 30.3529 23.9773 -34.7542 26.9423 16.5469 -36.0833 29.5554
3 16 16.5469 -36.0833 29.5554 23.9773 -34.7542 26.9423 18.4095 -32.4163 23.7996
3 16 18.4095 -32.4163 23.7996 23.9773 -34.7542 26.9423 22.9892 -32.7044 23.8413
3 16 18.4095 -32.4163 23.7996 22.9892 -32.7044 23.8413 23.0669 -31.5247 22.1313
3 16 18.4095 -32.4163 23.7996 23.0669 -31.5247 22.1313 19.6168 -30.5702 20.8177
3 16 19.6168 -30.5702 20.8177 23.0669 -31.5247 22.1313 22.405 -30.53 20.5827
3 16 17.947 -28.3797 21.3792 15.157 -28.2944 21.1755 16.9349 -30.703 24.8618
3 16 14.8579 -28.4832 21.4886 12.7678 -29.1003 22.3094 13.249 -31.3928 25.1678
3 16 19.6168 -30.5702 20.8177 17.947 -28.3797 21.3792 18.4095 -32.4163 23.7996
3 16 18.4095 -32.4163 23.7996 17.947 -28.3797 21.3792 16.9349 -30.703 24.8618
3 16 13.8421 -35.2012 29.5828 15.5204 -35.0342 29.8625 13.249 -31.3928 25.1678
3 16 13.249 -31.3928 25.1678 15.5204 -35.0342 29.8625 16.9349 -30.703 24.8618
3 16 12.869 -38.9136 34.1585 15.5204 -35.0342 29.8625 12.5833 -38.1137 33.2083
3 16 12.5833 -38.1137 33.2083 15.5204 -35.0342 29.8625 13.8421 -35.2012 29.5828
3 16 12.9716 -40.256 34.6145 12.869 -38.9136 34.1585 11.2411 -40.1072 35.9186
3 16 12.9716 -40.256 34.6145 16.5469 -36.0833 29.5554 12.869 -38.9136 34.1585
3 16 12.869 -38.9136 34.1585 16.5469 -36.0833 29.5554 15.5204 -35.0342 29.8625
3 16 15.5204 -35.0342 29.8625 16.5469 -36.0833 29.5554 16.9349 -30.703 24.8618
3 16 16.9349 -30.703 24.8618 16.5469 -36.0833 29.5554 18.4095 -32.4163 23.7996
3 16 12.9716 -40.256 34.6145 17.0906 -40.9569 35.3977 16.5469 -36.0833 29.5554
3 16 17.0906 -40.9569 35.3977 22.3654 -41.3257 35.7184 16.5469 -36.0833 29.5554
3 16 13.6858 -42.409 39.5557 16.3736 -44.58 42.4082 15.401 -43.3218 38.5259
3 16 15.401 -43.3218 38.5259 16.3736 -44.58 42.4082 17.7262 -45.2216 40.7015
3 16 16.3736 -44.58 42.4082 19.7461 -46.912 44.9904 17.7262 -45.2216 40.7015
3 16 17.7262 -45.2216 40.7015 19.7461 -46.912 44.9904 20.898 -47.3783 43.193
3 16 19.7461 -46.912 44.9904 23.7239 -49.0647 46.8438 20.898 -47.3783 43.193
3 16 20.898 -47.3783 43.193 23.7239 -49.0647 46.8438 24.4861 -49.376 45.5126
3 16 24.4861 -49.376 45.5126 23.7239 -49.0647 46.8438 28.547 -51.0908 47.0358
3 16 28.547 -51.0908 47.0358 23.7239 -49.0647 46.8438 28.726 -51.4112 48.3769
3 16 29.5498 -44.4346 39.1108 27.1829 -42.8953 37.6631 22.5269 -43.0941 37.9928
3 16 22.5269 -43.0941 37.9928 28.4093 -46.8049 41.8824 29.5498 -44.4346 39.1108
3 16 22.5269 -43.0941 37.9928 28.1736 -49.4143 45.0769 28.4093 -46.8049 41.8824
3 16 22.5269 -43.0941 37.9928 24.4861 -49.376 45.5126 28.1736 -49.4143 45.0769
3 16 28.1736 -49.4143 45.0769 24.4861 -49.376 45.5126 28.547 -51.0908 47.0358
3 16 24.4861 -49.376 45.5126 22.5269 -43.0941 37.9928 20.898 -47.3783 43.193
3 16 17.3112 -42.7888 37.7863 15.401 -43.3218 38.5259 17.7262 -45.2216 40.7015
3 16 17.3112 -42.7888 37.7863 17.7262 -45.2216 40.7015 22.5269 -43.0941 37.9928
3 16 22.5269 -43.0941 37.9928 17.7262 -45.2216 40.7015 20.898 -47.3783 43.193
3 16 17.3112 -42.7888 37.7863 14.7298 -42.5967 37.4848 15.401 -43.3218 38.5259
3 16 21.514 -15.8207 23.7922 22.0428 -13.6904 23.8336 21.4476 -15.7451 20.0849
3 16 21.4476 -15.7451 20.0849 22.0428 -13.6904 23.8336 21.8474 -13.8616 18.2091
3 16 21.4902 -19.6555 23.4591 21.514 -15.8207 23.7922 21.4436 -20.0169 21.1654
3 16 21.4436 -20.0169 21.1654 21.514 -15.8207 23.7922 21.4476 -15.7451 20.0849
3 16 21.4902 -19.6555 23.4591 21.4436 -20.0169 21.1654 21.4817 -25.9229 23.1793
3 16 21.4817 -25.9229 23.1793 21.4436 -20.0169 21.1654 21.475 -26.1982 21.5692
3 16 21.4817 -25.9229 23.1793 21.475 -26.1982 21.5692 21.9588 -29.1422 22.8148
3 16 21.9588 -29.1422 22.8148 21.475 -26.1982 21.5692 21.8985 -28.6506 21.251
3 16 21.8985 -28.6506 21.251 22.405 -30.53 20.5827 21.9588 -29.1422 22.8148
3 16 21.9588 -29.1422 22.8148 22.405 -30.53 20.5827 23.0669 -31.5247 22.1313
3 16 27.4724 -33.0918 21.4366 24.0282 -32.3633 21.4822 26.7375 -33.3374 20.5912
3 16 26.7375 -33.3374 20.5912 24.0282 -32.3633 21.4822 24.607 -32.8603 20.0603
3 16 27.4724 -33.0918 21.4366 28.7422 -33.4198 20.0764 31.2229 -32.2433 20.9793
3 16 31.2229 -32.2433 20.9793 28.7422 -33.4198 20.0764 29.9455 -32.9743 19.3158
3 16 32.4467 -32.0999 19.4742 31.2229 -32.2433 20.9793 29.9455 -32.9743 19.3158
3 16 31.2229 -32.2433 20.9793 32.4467 -32.0999 19.4742 35.1191 -30.6157 20.8209
3 16 35.1191 -30.6157 20.8209 32.4467 -32.0999 19.4742 35.103 -30.6462 18.6068
3 16 35.1191 -30.6157 20.8209 35.103 -30.6462 18.6068 36.4398 -29.3624 20.4128
3 16 36.4398 -29.3624 20.4128 35.103 -30.6462 18.6068 36.3899 -29.4757 17.7232
3 16 36.4398 -29.3624 20.4128 36.3899 -29.4757 17.7232 36.6892 -27.0725 20.4956
3 16 36.6892 -27.0725 20.4956 36.3899 -29.4757 17.7232 36.7429 -26.7965 16.671
3 16 36.6892 -27.0725 20.4956 36.7429 -26.7965 16.671 36.3143 -24.0146 20.5854
3 16 36.3143 -24.0146 20.5854 36.7429 -26.7965 16.671 36.5108 -24.0369 13.7506
3 16 36.5108 -24.0369 13.7506 36.6613 -22.3439 20.7299 36.3143 -24.0146 20.5854
3 16 33.5255 -29.2409 24.0437 35.1191 -30.6157 20.8209 34.4573 -28.3499 23.8799
3 16 34.4573 -28.3499 23.8799 35.1191 -30.6157 20.8209 36.4398 -29.3624 20.4128
3 16 36.4398 -29.3624 20.4128 36.6892 -27.0725 20.4956 34.4573 -28.3499 23.8799
3 16 34.4573 -28.3499 23.8799 36.6892 -27.0725 20.4956 34.4943 -26.1189 24.0182
3 16 34.2246 -23.1115 24.3909 36.3143 -24.0146 20.5854 35.3616 -21.9727 22.82
3 16 35.3616 -21.9727 22.82 36.3143 -24.0146 20.5854 36.6613 -22.3439 20.7299
3 16 36.6892 -27.0725 20.4956 36.3143 -24.0146 20.5854 34.4943 -26.1189 24.0182
3 16 34.4943 -26.1189 24.0182 36.3143 -24.0146 20.5854 34.2246 -23.1115 24.3909
3 16 35.3616 -21.9727 22.82 34.6149 -18.4998 25.4839 34.2246 -23.1115 24.3909
3 16 22.0428 -13.6904 23.8336 21.514 -15.8207 23.7922 24.741 -15.9375 26.4637
3 16 24.741 -15.9375 26.4637 21.514 -15.8207 23.7922 24.422 -17.42 26.461
3 16 21.514 -15.8207 23.7922 21.4902 -19.6555 23.4591 24.422 -17.42 26.461
3 16 24.422 -17.42 26.461 21.4902 -19.6555 23.4591 24.4775 -20.1749 26.2588
3 16 24.6445 -23.8241 25.937 21.4817 -25.9229 23.1793 24.9077 -28.0414 25.5836
3 16 24.9077 -28.0414 25.5836 21.4817 -25.9229 23.1793 21.9588 -29.1422 22.8148
3 16 24.9077 -28.0414 25.5836 21.9588 -29.1422 22.8148 25.2589 -29.8082 25.1836
3 16 25.2589 -29.8082 25.1836 21.9588 -29.1422 22.8148 23.0669 -31.5247 22.1313
3 16 25.2589 -29.8082 25.1836 23.0669 -31.5247 22.1313 26.3619 -30.8909 24.7785
3 16 26.3619 -30.8909 24.7785 23.0669 -31.5247 22.1313 24.0282 -32.3633 21.4822
3 16 24.0282 -32.3633 21.4822 27.4724 -33.0918 21.4366 26.3619 -30.8909 24.7785
3 16 26.3619 -30.8909 24.7785 27.4724 -33.0918 21.4366 27.689 -31.1464 24.6438
3 16 30.2986 -30.5424 24.4457 31.2229 -32.2433 20.9793 33.5255 -29.2409 24.0437
3 16 33.5255 -29.2409 24.0437 31.2229 -32.2433 20.9793 35.1191 -30.6157 20.8209
3 16 31.2229 -32.2433 20.9793 30.2986 -30.5424 24.4457 27.4724 -33.0918 21.4366
3 16 27.4724 -33.0918 21.4366 30.2986 -30.5424 24.4457 27.689 -31.1464 24.6438
3 16 21.4817 -25.9229 23.1793 24.6445 -23.8241 25.937 21.4902 -19.6555 23.4591
3 16 21.4902 -19.6555 23.4591 24.6445 -23.8241 25.937 24.4775 -20.1749 26.2588
3 16 25.7391 -15.062 26.4498 23.6284 -12.8364 23.528 24.741 -15.9375 26.4637
3 16 24.741 -15.9375 26.4637 23.6284 -12.8364 23.528 22.0428 -13.6904 23.8336
3 16 22.0428 -13.6904 23.8336 23.6284 -12.8364 23.528 21.8474 -13.8616 18.2091
3 16 21.8474 -13.8616 18.2091 23.6284 -12.8364 23.528 23.5695 -12.8725 16.5836
3 16 25.7899 -11.9931 15.814 23.0361 -13.0502 15.8061 23.5695 -12.8725 16.5836
3 16 28.5098 -14.7379 26.373 27.5181 -12.055 23.0235 25.7391 -15.062 26.4498
3 16 25.7391 -15.062 26.4498 27.5181 -12.055 23.0235 23.6284 -12.8364 23.528
3 16 32.0174 -14.5959 25.8915 31.0657 -12.2642 22.474 28.5098 -14.7379 26.373
3 16 28.5098 -14.7379 26.373 31.0657 -12.2642 22.474 27.5181 -12.055 23.0235
3 16 24.9077 -28.0414 25.5836 25.2589 -29.8082 25.1836 29.9575 -27.4222 25.5055
3 16 29.9575 -27.4222 25.5055 25.2589 -29.8082 25.1836 26.3619 -30.8909 24.7785
3 16 29.9575 -27.4222 25.5055 26.3619 -30.8909 24.7785 27.689 -31.1464 24.6438
3 16 29.9575 -27.4222 25.5055 27.689 -31.1464 24.6438 30.2986 -30.5424 24.4457
3 16 29.9575 -27.4222 25.5055 30.2986 -30.5424 24.4457 33.5255 -29.2409 24.0437
3 16 29.9575 -27.4222 25.5055 33.5255 -29.2409 24.0437 34.4943 -26.1189 24.0182
3 16 34.4943 -26.1189 24.0182 33.5255 -29.2409 24.0437 34.4573 -28.3499 23.8799
3 16 29.9575 -27.4222 25.5055 29.5811 -23.8119 26.0798 24.9077 -28.0414 25.5836
3 16 24.9077 -28.0414 25.5836 29.5811 -23.8119 26.0798 24.6445 -23.8241 25.937
3 16 29.9575 -27.4222 25.5055 34.4943 -26.1189 24.0182 29.5811 -23.8119 26.0798
3 16 29.5811 -23.8119 26.0798 34.4943 -26.1189 24.0182 34.2246 -23.1115 24.3909
3 16 29.1268 -18.8305 26.63 24.4775 -20.1749 26.2588 29.5811 -23.8119 26.0798
3 16 29.5811 -23.8119 26.0798 24.4775 -20.1749 26.2588 24.6445 -23.8241 25.937
3 16 34.6149 -18.4998 25.4839 29.1268 -18.8305 26.63 34.2246 -23.1115 24.3909
3 16 34.2246 -23.1115 24.3909 29.1268 -18.8305 26.63 29.5811 -23.8119 26.0798
3 16 25.7391 -15.062 26.4498 24.741 -15.9375 26.4637 29.1268 -18.8305 26.63
3 16 24.422 -17.42 26.461 29.1268 -18.8305 26.63 24.741 -15.9375 26.4637
3 16 29.1268 -18.8305 26.63 24.422 -17.42 26.461 24.4775 -20.1749 26.2588
3 16 29.1268 -18.8305 26.63 28.5098 -14.7379 26.373 25.7391 -15.062 26.4498
3 16 34.6149 -18.4998 25.4839 32.0174 -14.5959 25.8915 29.1268 -18.8305 26.63
3 16 29.1268 -18.8305 26.63 32.0174 -14.5959 25.8915 28.5098 -14.7379 26.373
3 16 35.3616 -21.9727 22.82 36.6613 -22.3439 20.7299 38.3752 -19.9456 23.2357
3 16 38.3752 -19.9456 23.2357 36.6613 -22.3439 20.7299 38.867 -20.9866 20.4
3 16 35.9514 -17.0117 25.3662 34.6149 -18.4998 25.4839 38.3752 -19.9456 23.2357
3 16 38.3752 -19.9456 23.2357 34.6149 -18.4998 25.4839 35.3616 -21.9727 22.82
3 16 34.7314 -13.7546 25.5388 32.0174 -14.5959 25.8915 35.9514 -17.0117 25.3662
3 16 35.9514 -17.0117 25.3662 32.0174 -14.5959 25.8915 34.6149 -18.4998 25.4839
3 16 36.5406 -11.5946 25.8254 34.7314 -13.7546 25.5388 38.7846 -14.1095 25.5856
3 16 38.7846 -14.1095 25.5856 34.7314 -13.7546 25.5388 35.9514 -17.0117 25.3662
3 16 38.7846 -14.1095 25.5856 35.9514 -17.0117 25.3662 38.3752 -19.9456 23.2357
3 16 38.3752 -19.9456 23.2357 38.867 -20.9866 20.4 41.4234 -18.588 22.8581
3 16 41.4234 -18.588 22.8581 38.867 -20.9866 20.4 42.282 -19.4703 19.8843
3 16 42.3701 -15.1933 24.8846 38.7846 -14.1095 25.5856 41.4234 -18.588 22.8581
3 16 41.4234 -18.588 22.8581 38.7846 -14.1095 25.5856 38.3752 -19.9456 23.2357
3 16 44.6439 -12.1062 25.5521 40.762 -9.61 26.4565 42.3701 -15.1933 24.8846
3 16 42.3701 -15.1933 24.8846 40.762 -9.61 26.4565 38.7846 -14.1095 25.5856
3 16 42.3701 -15.1933 24.8846 41.4234 -18.588 22.8581 43.7111 -16.2584 21.5389
3 16 43.7111 -16.2584 21.5389 41.4234 -18.588 22.8581 42.282 -19.4703 19.8843
3 16 44.6439 -12.1062 25.5521 42.3701 -15.1933 24.8846 46.416 -12.3921 22.002
3 16 46.416 -12.3921 22.002 42.3701 -15.1933 24.8846 43.7111 -16.2584 21.5389
3 16 44.3486 -8.2593 26.4781 44.6439 -12.1062 25.5521 46.6884 -7.8944 23.0125
3 16 46.6884 -7.8944 23.0125 44.6439 -12.1062 25.5521 46.416 -12.3921 22.002
3 16 48.5964 -4.4249 24.7661 45.1776 -4.9669 27.7402 46.6884 -7.8944 23.0125
3 16 46.6884 -7.8944 23.0125 45.1776 -4.9669 27.7402 44.3486 -8.2593 26.4781
3 16 38.7846 -14.1095 25.5856 40.762 -9.61 26.4565 36.5406 -11.5946 25.8254
3 16 36.5406 -11.5946 25.8254 40.762 -9.61 26.4565 37.6114 -7.955 26.8147
3 16 35.7931 -5.9741 27.5539 37.6114 -7.955 26.8147 41.1132 -7.2722 27.2415
3 16 41.1132 -7.2722 27.2415 37.6114 -7.955 26.8147 40.762 -9.61 26.4565
3 16 41.1132 -7.2722 27.2415 40.762 -9.61 26.4565 44.3486 -8.2593 26.4781
3 16 44.3486 -8.2593 26.4781 40.762 -9.61 26.4565 44.6439 -12.1062 25.5521
3 16 41.1132 -7.2722 27.2415 39.7853 -4.831 28.504 35.7931 -5.9741 27.5539
3 16 35.7931 -5.9741 27.5539 39.7853 -4.831 28.504 33.5206 -3.962 27.6775
3 16 44.3486 -8.2593 26.4781 45.1776 -4.9669 27.7402 41.1132 -7.2722 27.2415
3 16 41.1132 -7.2722 27.2415 45.1776 -4.9669 27.7402 39.7853 -4.831 28.504
3 16 35.7931 -5.9741 27.5539 33.5206 -3.962 27.6775 33.9758 -6.2062 24.4054
3 16 33.9758 -6.2062 24.4054 33.5206 -3.962 27.6775 32.3372 -3.9474 24.7461
3 16 37.6114 -7.955 26.8147 35.7931 -5.9741 27.5539 35.1054 -7.8455 24.0427
3 16 35.1054 -7.8455 24.0427 35.7931 -5.9741 27.5539 33.9758 -6.2062 24.4054
3 16 34.7314 -13.7546 25.5388 33.5732 -11.6145 22.2951 32.0174 -14.5959 25.8915
3 16 32.0174 -14.5959 25.8915 33.5732 -11.6145 22.2951 31.0657 -12.2642 22.474
3 16 34.4045 -9.8562 22.6035 33.5732 -11.6145 22.2951 36.5406 -11.5946 25.8254
3 16 36.5406 -11.5946 25.8254 33.5732 -11.6145 22.2951 34.7314 -13.7546 25.5388
3 16 36.5406 -11.5946 25.8254 37.6114 -7.955 26.8147 35.1054 -7.8455 24.0427
3 16 36.5406 -11.5946 25.8254 35.1054 -7.8455 24.0427 34.4045 -9.8562 22.6035
3 16 34.4045 -9.8562 22.6035 35.1054 -7.8455 24.0427 34.5253 -8.0006 23.0811
3 16 33.9758 -6.2062 24.4054 32.3372 -3.9474 24.7461 32.171 -6.0083 23.2818
3 16 32.171 -6.0083 23.2818 32.3372 -3.9474 24.7461 29.6945 -3.1762 22.817
3 16 32.171 -6.0083 23.2818 34.5253 -8.0006 23.0811 33.9758 -6.2062 24.4054
3 16 33.9758 -6.2062 24.4054 34.5253 -8.0006 23.0811 35.1054 -7.8455 24.0427
3 16 33.2273 -11.62 11.9213 31.3107 -12.1443 11.9164 33.5732 -11.6145 22.2951
3 16 33.5732 -11.6145 22.2951 31.3107 -12.1443 11.9164 31.0657 -12.2642 22.474
3 16 34.4045 -9.8562 22.6035 34.0971 -10.0657 11.9333 33.5732 -11.6145 22.2951
3 16 33.5732 -11.6145 22.2951 34.0971 -10.0657 11.9333 33.2273 -11.62 11.9213
3 16 34.0971 -10.0657 11.9333 34.4045 -9.8562 22.6035 34.4027 -8.0943 17.0591
3 16 34.5009 -8.123 17.6173 34.4027 -8.0943 17.0591 34.4045 -9.8562 22.6035
3 16 32.171 -6.0083 23.2818 32.3879 -6.3802 17.5629 34.5253 -8.0006 23.0811
3 16 34.5253 -8.0006 23.0811 32.3879 -6.3802 17.5629 34.5009 -8.123 17.6173
3 16 34.4027 -8.0943 17.0591 34.5009 -8.123 17.6173 32.2125 -7.0109 17.0686
3 16 32.2125 -7.0109 17.0686 34.5009 -8.123 17.6173 32.3879 -6.3802 17.5629
3 16 32.2125 -7.0109 17.0686 32.3879 -6.3802 17.5629 30.5307 -4.952 17.2172
3 16 30.5307 -4.952 17.2172 32.3879 -6.3802 17.5629 30.5501 -4.5025 17.6702
3 16 32.171 -6.0083 23.2818 30.5501 -4.5025 17.6702 32.3879 -6.3802 17.5629
3 16 29.7271 -3.163 17.6943 30.5501 -4.5025 17.6702 29.6945 -3.1762 22.817
3 16 29.6945 -3.1762 22.817 30.5501 -4.5025 17.6702 32.171 -6.0083 23.2818
3 16 25.7899 -11.9931 15.814 25.4774 -34.6793 15.6174 23.0361 -13.0502 15.8061
3 16 23.0361 -13.0502 15.8061 25.4774 -34.6793 15.6174 22.8968 -34.6489 15.6176
3 16 25.7899 -11.9931 15.814 27.9978 -11.8627 14.5705 25.4774 -34.6793 15.6174
3 16 25.4774 -34.6793 15.6174 27.9978 -11.8627 14.5705 27.9824 -36.0026 14.2023
3 16 27.9978 -11.8627 14.5705 28.6498 -11.8653 11.9176 27.9824 -36.0026 14.2023
3 16 27.9824 -36.0026 14.2023 28.6498 -11.8653 11.9176 28.0771 -38.7837 11.6826
3 16 22.8968 -34.6489 15.6176 17.8566 -34.1945 15.6216 23.0361 -13.0502 15.8061
3 16 23.0361 -13.0502 15.8061 17.8566 -34.1945 15.6216 19.8066 -11.1374 15.8228
3 16 16.2746 -10.5006 15.8284 19.8066 -11.1374 15.8228 14.9763 -32.0439 15.6467
3 16 14.9763 -32.0439 15.6467 19.8066 -11.1374 15.8228 17.8566 -34.1945 15.6216
3 16 13.1658 -10.8352 15.8255 16.2746 -10.5006 15.8284 12.7984 -25.8496 15.6944
3 16 12.7984 -25.8496 15.6944 16.2746 -10.5006 15.8284 14.9763 -32.0439 15.6467
3 16 -19.0354 -14.0036 10.0212 -18.3654 -14.1898 12.1651 -19.0354 -22.4788 10.0212
3 16 -19.0354 -22.4788 10.0212 -18.3654 -14.1898 12.1651 -18.3654 -22.5433 12.1651
3 16 -18.3654 -22.5433 12.1651 -18.3654 -14.1898 12.1651 -16.9625 -22.3203 13.2341
3 16 -16.9625 -22.3203 13.2341 -18.3654 -14.1898 12.1651 -16.9626 -14.327 13.2341
3 16 -16.9626 -14.327 13.2341 -15.2827 -14.165 13.6075 -16.9625 -22.3203 13.2341
3 16 -16.9625 -22.3203 13.2341 -15.2827 -14.165 13.6075 -14.9919 -22.4907 13.6721
3 16 -15.2827 -14.165 13.6075 -13.5534 -13.6655 13.1144 -14.9919 -22.4907 13.6721
3 16 -14.9919 -22.4907 13.6721 -13.5534 -13.6655 13.1144 -13.4229 -23.191 13.0772
3 16 -13.5534 -13.6655 13.1144 -11.9392 -13.0184 11.9075 -13.4229 -23.191 13.0772
3 16 -13.4229 -23.191 13.0772 -11.9392 -13.0184 11.9075 -11.9392 -25.1858 11.8014
3 16 -11.9392 -13.0184 11.9075 -9.2562 -12.2009 11.9147 -11.9392 -25.1858 11.8014
3 16 -11.9392 -25.1858 11.8014 -9.2562 -12.2009 11.9147 -9.9269 -26.9664 11.7858
3 16 -9.2562 -12.2009 11.9147 -5.6924 -12.2112 11.9146 -9.9269 -26.9664 11.7858
3 16 -9.9269 -26.9664 11.7858 -5.6924 -12.2112 11.9146 -5.3737 -27.9317 11.7774
3 16 -5.6924 -12.2112 11.9146 -3.0767 -14.1379 11.8978 -5.3737 -27.9317 11.7774
3 16 -5.3737 -27.9317 11.7774 -3.0767 -14.1379 11.8978 -2.4802 -26.7149 11.788
3 16 -11.9392 -25.1858 11.8014 -9.9269 -26.9664 11.7858 -11.9392 -25.0631 10.0212
3 16 -11.9392 -25.0631 10.0212 -9.9269 -26.9664 11.7858 -8.3663 -27.69 10.0212
3 16 -9.9269 -26.9664 11.7858 -5.3737 -27.9317 11.7774 -8.3663 -27.69 10.0212
3 16 -8.3663 -27.69 10.0212 -5.3737 -27.9317 11.7774 -4.9749 -28.4566 10.0212
3 16 -5.3737 -27.9317 11.7774 -2.4802 -26.7149 11.788 -4.9749 -28.4566 10.0212
3 16 -4.9749 -28.4566 10.0212 -2.4802 -26.7149 11.788 -2.3445 -27.0225 10.0212
3 16 -2.3445 -27.0225 10.0212 -2.4802 -26.7149 11.788 0.9922 -26.7682 10.0212
3 16 0.9922 -26.7682 10.0212 -2.4802 -26.7149 11.788 0.9393 -27.0795 12.2854
3 16 3.68 -27.3502 11.7825 3.68 -0.0323 12.0209 5.6179 -26.7903 12.8111
3 16 5.6179 -26.7903 12.8111 3.68 -0.0323 12.0209 5.6179 -0.0338 12.9548
3 16 5.6179 -26.7903 12.8111 5.6179 -0.0338 12.9548 7.4263 -25.2043 14.3111
3 16 7.4263 -25.2043 14.3111 5.6179 -0.0338 12.9548 7.2449 -0.0338 14.4397
3 16 7.2449 -0.0338 14.4397 8.4207 -1.8843 15.9036 7.4263 -25.2043 14.3111
3 16 7.4263 -25.2043 14.3111 8.4207 -1.8843 15.9036 8.9339 -24.0717 15.71
3 16 12.6174 -9.2967 15.8389 13.1658 -10.8352 15.8255 8.9339 -24.0717 15.71
3 16 8.9339 -24.0717 15.71 13.1658 -10.8352 15.8255 12.7984 -25.8496 15.6944
3 16 0.9393 -27.0795 12.2854 3.68 -27.3502 11.7825 0.9922 -26.7682 10.0212
3 16 0.9922 -26.7682 10.0212 3.68 -27.3502 11.7825 3.6632 -28.5443 10.0212
3 16 3.68 -27.3502 11.7825 5.4411 -28.3413 12.0522 3.6632 -28.5443 10.0212
3 16 3.6632 -28.5443 10.0212 5.4411 -28.3413 12.0522 5.2056 -30.5239 10.0212
3 16 7.1273 -31.7596 10.0212 5.2056 -30.5239 10.0212 6.5649 -29.7018 11.112
3 16 6.5649 -29.7018 11.112 5.2056 -30.5239 10.0212 5.4411 -28.3413 12.0522
3 16 10.1739 -28.8141 11.2976 5.4411 -28.3413 12.0522 5.6179 -26.7903 12.8111
3 16 5.6179 -26.7903 12.8111 5.4411 -28.3413 12.0522 3.68 -27.3502 11.7825
3 16 13.3145 -27.8941 13.191 10.224 -26.427 13.1361 12.7984 -25.8496 15.6944
3 16 12.7984 -25.8496 15.6944 10.224 -26.427 13.1361 8.9339 -24.0717 15.71
3 16 7.4263 -25.2043 14.3111 8.9339 -24.0717 15.71 10.224 -26.427 13.1361
3 16 10.1739 -28.8141 11.2976 5.6179 -26.7903 12.8111 10.224 -26.427 13.1361
3 16 10.224 -26.427 13.1361 5.6179 -26.7903 12.8111 7.4263 -25.2043 14.3111
3 16 11.066 -31.1696 10.0212 7.1273 -31.7596 10.0212 10.1739 -28.8141 11.2976
3 16 10.1739 -28.8141 11.2976 7.1273 -31.7596 10.0212 6.5649 -29.7018 11.112
3 16 15.2839 -32.9511 10.0212 11.066 -31.1696 10.0212 14.3486 -30.6288 11.7107
3 16 14.3486 -30.6288 11.7107 11.066 -31.1696 10.0212 10.1739 -28.8141 11.2976
3 16 5.4411 -28.3413 12.0522 10.1739 -28.8141 11.2976 6.5649 -29.7018 11.112
3 16 14.3486 -30.6288 11.7107 10.1739 -28.8141 11.2976 13.3145 -27.8941 13.191
3 16 13.3145 -27.8941 13.191 10.1739 -28.8141 11.2976 10.224 -26.427 13.1361
3 16 17.8566 -34.1945 15.6216 15.5917 -34.3219 14.1847 14.9763 -32.0439 15.6467
3 16 15.5917 -34.3219 14.1847 13.3145 -27.8941 13.191 14.9763 -32.0439 15.6467
3 16 14.9763 -32.0439 15.6467 13.3145 -27.8941 13.191 12.7984 -25.8496 15.6944
3 16 18.7279 -35.7469 15.6081 16.3579 -36.5461 13.3607 17.8566 -34.1945 15.6216
3 16 17.8566 -34.1945 15.6216 16.3579 -36.5461 13.3607 15.5917 -34.3219 14.1847
3 16 14.3486 -30.6288 11.7107 16.3579 -36.5461 13.3607 15.2839 -32.9511 10.0212
3 16 15.2839 -32.9511 10.0212 16.3579 -36.5461 13.3607 17.1186 -38.5636 10.0212
3 16 13.3145 -27.8941 13.191 15.5917 -34.3219 14.1847 14.3486 -30.6288 11.7107
3 16 14.3486 -30.6288 11.7107 15.5917 -34.3219 14.1847 16.3579 -36.5461 13.3607
3 16 24.0189 -40.738 10.0212 22.9568 -39.1952 12.3235 25.5212 -39.1032 10.0212
3 16 25.5212 -39.1032 10.0212 22.9568 -39.1952 12.3235 24.7848 -37.6672 12.4035
3 16 27.9824 -36.0026 14.2023 28.0771 -38.7837 11.6826 24.7848 -37.6672 12.4035
3 16 24.7848 -37.6672 12.4035 28.0771 -38.7837 11.6826 25.5212 -39.1032 10.0212
3 16 27.9824 -36.0026 14.2023 24.7848 -37.6672 12.4035 25.4774 -34.6793 15.6174
3 16 25.4774 -34.6793 15.6174 24.7848 -37.6672 12.4035 22.8968 -34.6489 15.6176
3 16 22.8968 -34.6489 15.6176 24.7848 -37.6672 12.4035 21.3589 -36.5374 15.6012
3 16 21.3589 -36.5374 15.6012 24.7848 -37.6672 12.4035 22.9568 -39.1952 12.3235
3 16 18.7279 -35.7469 15.6081 21.3589 -36.5374 15.6012 16.3579 -36.5461 13.3607
3 16 16.3579 -36.5461 13.3607 21.3589 -36.5374 15.6012 22.9568 -39.1952 12.3235
3 16 16.3579 -36.5461 13.3607 22.9568 -39.1952 12.3235 17.1186 -38.5636 10.0212
3 16 17.1186 -38.5636 10.0212 22.9568 -39.1952 12.3235 24.0189 -40.738 10.0212
3 16 25.5212 -39.1032 10.0212 28.0771 -38.7837 11.6826 32.2233 -40.8042 10.1985
3 16 32.2233 -40.8042 10.1985 28.0771 -38.7837 11.6826 32.8966 -40.009 11.6772
3 16 28.6498 -11.8653 11.9176 31.3107 -12.1443 11.9164 28.0771 -38.7837 11.6826
3 16 28.0771 -38.7837 11.6826 31.3107 -12.1443 11.9164 32.8966 -40.009 11.6772
3 16 31.3107 -12.1443 11.9164 36.9188 -24.0998 11.8109 32.8966 -40.009 11.6772
3 16 -18.3654 -14.1898 12.1651 -19.0354 -14.0036 10.0212 -20.6114 -13.4736 12.4742
3 16 -20.6114 -13.4736 12.4742 -19.0354 -14.0036 10.0212 -21.4334 -12.8224 10.0212
3 16 -3.0767 -14.1379 11.8978 -2.1978 -15.5633 14.9486 -1.4009 -16.7848 11.8747
3 16 -1.4009 -16.7848 11.8747 -2.1978 -15.5633 14.9486 -1.51 -16.9671 14.9647
3 16 -9.8236 -3.6945 18.1573 -9.4113 -3.7031 22.6998 -9.7384 -0.0338 18.4168
3 16 -9.7384 -0.0338 18.4168 -9.4113 -3.7031 22.6998 -9.4565 -0.0338 22.7215
3 16 -8.4111 -5.6824 11.9715 -8.3254 -5.5309 16.6455 -8.1863 -0.0309 12.0209
3 16 -8.1863 -0.0309 12.0209 -8.3254 -5.5309 16.6455 -8.2578 -0.0338 17.0241
3 16 8.4207 -1.8843 15.9036 7.2449 -0.0338 14.4397 8.039 -0.0338 15.5635
3 16 25.7899 -11.9931 15.814 27.5181 -12.055 23.0235 27.9978 -11.8627 14.5705
3 16 42.3507 -19.4807 11.8512 42.282 -19.4703 19.8843 38.864 -21.2237 11.8359
3 16 38.864 -21.2237 11.8359 42.282 -19.4703 19.8843 38.867 -20.9866 20.4
3 16 46.416 -12.3921 22.002 43.7111 -16.2584 21.5389 46.4759 -12.5723 11.9115
3 16 46.4759 -12.5723 11.9115 43.7111 -16.2584 21.5389 43.9762 -16.4396 11.8777
3 16 47.5946 -0.0338 24.798 48.5964 -4.4249 24.7661 47.6989 -0.0347 12.0209
3 16 47.6989 -0.0347 12.0209 48.5964 -4.4249 24.7661 48.6551 -4.4561 11.9823
3 16 29.7271 -3.163 17.6943 29.6945 -3.1762 22.817 29.7049 -0.0338 17.8072
3 16 29.7049 -0.0338 17.8072 29.6945 -3.1762 22.817 29.9179 -0.0338 22.7652
3 16 34.4027 -8.0943 17.0591 34.3983 -8.3344 11.9484 34.0971 -10.0657 11.9333
3 16 48.6551 -4.4561 11.9823 30.4429 -4.8102 11.9795 47.6989 -0.0347 12.0209
3 16 47.6989 -0.0347 12.0209 30.4429 -4.8102 11.9795 30.5659 -0.0302 12.0234
3 16 -15.2827 -14.165 13.6075 -17.4086 -14.4187 15.8613 -15.0247 -14.3005 16.7023
3 16 12.7368 -10.1581 19.6749 12.6174 -9.2967 15.8389 12.2396 -7.0305 19.726
3 16 12.2396 -7.0305 19.726 12.6174 -9.2967 15.8389 12.2656 -6.9481 15.8594
3 16 -2.4802 -26.7149 11.788 -3.0767 -14.1379 11.8978 -1.4009 -16.7848 11.8747
3 16 2.0127 -14.7455 11.8925 0.1377 -11.7546 11.9186 3.68 -0.0323 12.0209
3 16 3.68 -0.0323 12.0209 0.1377 -11.7546 11.9186 0.1377 -0.0331 12.0209
3 16 3.68 -27.3502 11.7825 0.9393 -27.0795 12.2854 1.8798 -16.2368 11.8795
3 16 30.4429 -4.8102 11.9795 48.6551 -4.4561 11.9823 32.1374 -7.1554 11.9587
3 16 32.1374 -7.1554 11.9587 48.6551 -4.4561 11.9823 47.1352 -8.0435 11.951
3 16 -20.6114 -13.4736 12.4742 -19.1928 -14.0933 14.6481 -18.3654 -14.1898 12.1651
3 16 -18.3654 -14.1898 12.1651 -19.1928 -14.0933 14.6481 -16.9626 -14.327 13.2341
3 16 -15.2827 -14.165 13.6075 -16.9626 -14.327 13.2341 -17.4086 -14.4187 15.8613
3 16 -17.4086 -14.4187 15.8613 -16.9626 -14.327 13.2341 -19.1928 -14.0933 14.6481
3 16 -15.2827 -14.165 13.6075 -15.0247 -14.3005 16.7023 -13.5534 -13.6655 13.1144
3 16 -13.5534 -13.6655 13.1144 -15.0247 -14.3005 16.7023 -12.0238 -13.1722 17.067
3 16 -8.5928 -12.0576 16.8867 -9.2562 -12.2009 11.9147 -12.0238 -13.1722 17.067
3 16 -12.0238 -13.1722 17.067 -9.2562 -12.2009 11.9147 -11.9392 -13.0184 11.9075
3 16 1.9824 -16.2607 15.0419 1.8798 -16.2368 11.8795 -1.51 -16.9671 14.9647
3 16 -1.51 -16.9671 14.9647 1.8798 -16.2368 11.8795 -1.4009 -16.7848 11.8747
3 16 1.8798 -16.2368 11.8795 0.9393 -27.0795 12.2854 -1.4009 -16.7848 11.8747
3 16 -1.4009 -16.7848 11.8747 0.9393 -27.0795 12.2854 -2.4802 -26.7149 11.788
3 16 -3.0767 -14.1379 11.8978 -3.2495 -14.1777 17.6478 -2.1978 -15.5633 14.9486
3 16 1.8798 -16.2368 11.8795 1.9824 -16.2607 15.0419 2.0127 -14.7455 11.8925
3 16 2.0127 -14.7455 11.8925 1.9824 -16.2607 15.0419 2.2089 -14.8019 16.5704
3 16 2.0127 -14.7455 11.8925 2.2089 -14.8019 16.5704 0.1377 -11.7546 11.9186
3 16 0.1377 -11.7546 11.9186 2.2089 -14.8019 16.5704 0.1162 -11.2576 16.9668
3 16 0.1377 -11.7546 11.9186 0.1162 -11.2576 16.9668 -3.0682 -8.648 11.9457
3 16 -3.0682 -8.648 11.9457 0.1162 -11.2576 16.9668 -3.2582 -8.4056 16.3405
3 16 -4.553 -0.0328 12.0209 0.1377 -0.0331 12.0209 -3.0682 -8.648 11.9457
3 16 -3.0682 -8.648 11.9457 0.1377 -0.0331 12.0209 0.1377 -11.7546 11.9186
3 16 -3.0682 -8.648 11.9457 -3.2582 -8.4056 16.3405 -6.4833 -8.0041 11.9513
3 16 -6.4833 -8.0041 11.9513 -3.2582 -8.4056 16.3405 -6.6016 -7.791 16.2523
3 16 -6.4833 -8.0041 11.9513 -4.553 -0.0328 12.0209 -3.0682 -8.648 11.9457
3 16 -6.4833 -8.0041 11.9513 -6.6016 -7.791 16.2523 -8.4111 -5.6824 11.9715
3 16 -8.4111 -5.6824 11.9715 -6.6016 -7.791 16.2523 -8.3254 -5.5309 16.6455
3 16 -8.1863 -0.0309 12.0209 -4.553 -0.0328 12.0209 -8.4111 -5.6824 11.9715
3 16 -8.4111 -5.6824 11.9715 -4.553 -0.0328 12.0209 -6.4833 -8.0041 11.9513
3 16 -9.4113 -3.7031 22.6998 -7.9466 -3.5194 24.0436 -9.4565 -0.0338 22.7215
3 16 -9.4565 -0.0338 22.7215 -7.9466 -3.5194 24.0436 -7.8267 -0.0338 24.0526
3 16 -7.9466 -3.5194 24.0436 -6.6756 -3.1386 26.8147 -7.8267 -0.0338 24.0526
3 16 -7.8267 -0.0338 24.0526 -6.6756 -3.1386 26.8147 -6.5439 -0.0338 26.8185
3 16 -8.3254 -5.5309 16.6455 -9.8236 -3.6945 18.1573 -8.2578 -0.0338 17.0241
3 16 -8.2578 -0.0338 17.0241 -9.8236 -3.6945 18.1573 -9.7384 -0.0338 18.4168
3 16 -6.5439 -0.0338 26.8185 -6.6756 -3.1386 26.8147 -4.2132 -0.0338 27.6644
3 16 -4.2132 -0.0338 27.6644 -6.6756 -3.1386 26.8147 -4.5102 -4.001 27.6609
3 16 -4.5102 -4.001 27.6609 -1.7489 -4.4671 28.1346 -4.2132 -0.0338 27.6644
3 16 -4.2132 -0.0338 27.6644 -1.7489 -4.4671 28.1346 -1.2902 -0.0338 28.0864
3 16 -1.7489 -4.4671 28.1346 0.7757 -4.7896 28.2341 -1.2902 -0.0338 28.0864
3 16 -1.2902 -0.0338 28.0864 0.7757 -4.7896 28.2341 1.1557 -0.0338 28.1153
3 16 0.7757 -4.7896 28.2341 4.5665 -4.2998 27.3319 1.1557 -0.0338 28.1153
3 16 1.1557 -0.0338 28.1153 4.5665 -4.2998 27.3319 3.9689 -0.0338 27.4974
3 16 4.5665 -4.2998 27.3319 8.2467 -1.8666 24.0934 3.9689 -0.0338 27.4974
3 16 3.9689 -0.0338 27.4974 8.2467 -1.8666 24.0934 7.853 -0.0338 24.1916
3 16 7.853 -0.0338 24.1916 8.2467 -1.8666 24.0934 7.9494 -0.0338 19.7423
3 16 7.9494 -0.0338 19.7423 8.2467 -1.8666 24.0934 8.3533 -1.89 19.6269
3 16 9.9617 -4.9621 19.8282 12.2396 -7.0305 19.726 9.9444 -4.932 15.877
3 16 9.9444 -4.932 15.877 12.2396 -7.0305 19.726 12.2656 -6.9481 15.8594
3 16 8.4207 -1.8843 15.9036 8.3533 -1.89 19.6269 9.9444 -4.932 15.877
3 16 9.9444 -4.932 15.877 8.3533 -1.89 19.6269 9.9617 -4.9621 19.8282
3 16 8.3533 -1.89 19.6269 8.4207 -1.8843 15.9036 7.9494 -0.0338 19.7423
3 16 7.9494 -0.0338 19.7423 8.4207 -1.8843 15.9036 8.039 -0.0338 15.5635
3 16 36.6613 -22.3439 20.7299 36.5108 -24.0369 13.7506 36.8 -22.5123 11.8247
3 16 36.8 -22.5123 11.8247 36.5108 -24.0369 13.7506 36.9188 -24.0998 11.8109
3 16 36.8 -22.5123 11.8247 33.2273 -11.62 11.9213 38.864 -21.2237 11.8359
3 16 38.864 -21.2237 11.8359 33.2273 -11.62 11.9213 34.0971 -10.0657 11.9333
3 16 38.864 -21.2237 11.8359 38.867 -20.9866 20.4 36.8 -22.5123 11.8247
3 16 36.8 -22.5123 11.8247 38.867 -20.9866 20.4 36.6613 -22.3439 20.7299
3 16 31.3107 -12.1443 11.9164 27.9978 -11.8627 14.5705 31.0657 -12.2642 22.474
3 16 31.0657 -12.2642 22.474 27.9978 -11.8627 14.5705 27.5181 -12.055 23.0235
3 16 38.864 -21.2237 11.8359 34.0971 -10.0657 11.9333 42.3507 -19.4807 11.8512
3 16 42.3507 -19.4807 11.8512 34.0971 -10.0657 11.9333 43.9762 -16.4396 11.8777
3 16 43.7111 -16.2584 21.5389 42.282 -19.4703 19.8843 43.9762 -16.4396 11.8777
3 16 43.9762 -16.4396 11.8777 42.282 -19.4703 19.8843 42.3507 -19.4807 11.8512
3 16 46.6884 -7.8944 23.0125 46.416 -12.3921 22.002 47.1352 -8.0435 11.951
3 16 47.1352 -8.0435 11.951 46.416 -12.3921 22.002 46.4759 -12.5723 11.9115
3 16 44.6153 -0.0338 27.7311 45.1776 -4.9669 27.7402 47.5946 -0.0338 24.798
3 16 47.5946 -0.0338 24.798 45.1776 -4.9669 27.7402 48.5964 -4.4249 24.7661
3 16 48.5964 -4.4249 24.7661 46.6884 -7.8944 23.0125 48.6551 -4.4561 11.9823
3 16 48.6551 -4.4561 11.9823 46.6884 -7.8944 23.0125 47.1352 -8.0435 11.951
3 16 39.6772 -0.0338 28.2976 39.7853 -4.831 28.504 44.6153 -0.0338 27.7311
3 16 44.6153 -0.0338 27.7311 39.7853 -4.831 28.504 45.1776 -4.9669 27.7402
3 16 33.6194 -0.0338 27.5634 33.5206 -3.962 27.6775 39.6772 -0.0338 28.2976
3 16 39.6772 -0.0338 28.2976 33.5206 -3.962 27.6775 39.7853 -4.831 28.504
3 16 32.4946 -0.0338 24.5884 32.3372 -3.9474 24.7461 33.6194 -0.0338 27.5634
3 16 33.6194 -0.0338 27.5634 32.3372 -3.9474 24.7461 33.5206 -3.962 27.6775
3 16 29.9179 -0.0338 22.7652 29.6945 -3.1762 22.817 32.4946 -0.0338 24.5884
3 16 32.4946 -0.0338 24.5884 29.6945 -3.1762 22.817 32.3372 -3.9474 24.7461
3 16 34.3983 -8.3344 11.9484 34.4027 -8.0943 17.0591 32.1374 -7.1554 11.9587
3 16 32.1374 -7.1554 11.9587 34.4027 -8.0943 17.0591 32.2125 -7.0109 17.0686
3 16 32.1374 -7.1554 11.9587 32.2125 -7.0109 17.0686 30.4429 -4.8102 11.9795
3 16 30.4429 -4.8102 11.9795 32.2125 -7.0109 17.0686 30.5307 -4.952 17.2172
3 16 30.4429 -4.8102 11.9795 30.5307 -4.952 17.2172 30.5501 -4.5025 17.6702
3 16 30.6651 -0.0344 17.7115 30.5659 -0.0302 12.0234 30.5501 -4.5025 17.6702
3 16 30.5501 -4.5025 17.6702 30.5659 -0.0302 12.0234 30.4429 -4.8102 11.9795
3 16 30.5501 -4.5025 17.6702 29.7271 -3.163 17.6943 30.6651 -0.0344 17.7115
3 16 30.6651 -0.0344 17.7115 29.7271 -3.163 17.6943 29.7049 -0.0338 17.8072
3 16 13.1658 -10.8352 15.8255 12.6174 -9.2967 15.8389 13.2665 -10.9127 16.3791
3 16 15.157 -28.2944 21.1755 14.8579 -28.4832 21.4886 16.9349 -30.703 24.8618
3 16 16.9349 -30.703 24.8618 14.8579 -28.4832 21.4886 13.249 -31.3928 25.1678
3 16 -4.717 -37.2406 10.0212 -5.0953 -36.3055 12.4244 -7.365 -35.3726 10.0212
3 16 -7.365 -35.3726 10.0212 -5.0953 -36.3055 12.4244 -7.7789 -34.5987 11.6395
3 16 -10.9842 -34.6635 13.9988 -10.3849 -37.7535 10.0212 -7.7789 -34.5987 11.6395
3 16 -7.7789 -34.5987 11.6395 -10.3849 -37.7535 10.0212 -7.365 -35.3726 10.0212
3 16 -1.4204 -38.8738 10.0212 -2.4211 -37.7885 12.2104 -4.717 -37.2406 10.0212
3 16 -4.717 -37.2406 10.0212 -2.4211 -37.7885 12.2104 -5.0953 -36.3055 12.4244
3 16 -0.1998 -6.8181 23.6388 2.8031 -9.7979 23.0993 -0.1998 -6.8181 19.4405
3 16 -0.1998 -6.8181 19.4405 2.8031 -9.7979 23.0993 2.8031 -9.7979 19.4952
3 16 -6.25 -0.0338 20.0424 -9.7384 -0.0338 18.4168 -9.4565 -0.0338 22.7215
3 16 -8.2578 -0.0338 17.0241 -5.4127 -0.0338 16.9174 -8.1863 -0.0309 12.0209
3 16 7.2449 -0.0338 14.4397 5.4127 -0.0338 16.9174 8.039 -0.0338 15.5635
3 16 -9.7384 -0.0338 18.4168 -6.25 -0.0338 20.0424 -8.2578 -0.0338 17.0241
3 16 -8.2578 -0.0338 17.0241 -6.25 -0.0338 20.0424 -5.4127 -0.0338 16.9174
3 16 -4.2132 -0.0338 27.6644 -3.125 -0.0338 25.455 -6.5439 -0.0338 26.8185
3 16 0 -0.0338 26.2924 -3.125 -0.0338 25.455 -1.2902 -0.0338 28.0864
3 16 -1.2902 -0.0338 28.0864 -3.125 -0.0338 25.455 -4.2132 -0.0338 27.6644
3 16 1.1557 -0.0338 28.1153 0 -0.0338 26.2924 -1.2902 -0.0338 28.0864
3 16 6.25 -0.0338 20.0424 5.4127 -0.0338 23.1674 7.9494 -0.0338 19.7423
3 16 7.9494 -0.0338 19.7423 5.4127 -0.0338 23.1674 7.853 -0.0338 24.1916
3 16 8.039 -0.0338 15.5635 5.4127 -0.0338 16.9174 7.9494 -0.0338 19.7423
3 16 7.9494 -0.0338 19.7423 5.4127 -0.0338 16.9174 6.25 -0.0338 20.0424
3 16 -8.1863 -0.0309 12.0209 -5.4127 -0.0338 16.9174 -4.553 -0.0328 12.0209
3 16 -4.553 -0.0328 12.0209 -5.4127 -0.0338 16.9174 -3.125 -0.0338 14.6297
3 16 -4.553 -0.0328 12.0209 -3.125 -0.0338 14.6297 0.1377 -0.0331 12.0209
3 16 0.1377 -0.0331 12.0209 -3.125 -0.0338 14.6297 0 -0.0338 13.7924
3 16 5.6179 -0.0338 12.9548 5.4127 -0.0338 16.9174 7.2449 -0.0338 14.4397
3 16 3.68 -0.0323 12.0209 3.125 -0.0338 14.6297 5.6179 -0.0338 12.9548
3 16 5.6179 -0.0338 12.9548 3.125 -0.0338 14.6297 5.4127 -0.0338 16.9174
3 16 3.68 -0.0323 12.0209 0.1377 -0.0331 12.0209 3.125 -0.0338 14.6297
3 16 3.125 -0.0338 14.6297 0.1377 -0.0331 12.0209 0 -0.0338 13.7924
3 16 5.4127 -0.0338 23.1674 3.9689 -0.0338 27.4974 7.853 -0.0338 24.1916
3 16 33.6194 -0.0338 27.5634 39.6772 -0.0338 28.2976 36.875 -0.0338 25.455
3 16 36.875 -0.0338 25.455 39.6772 -0.0338 28.2976 40 -0.0338 26.2924
3 16 40 -5.25 26.2924 36.875 -5.25 25.455 40 -0.0338 26.2924
3 16 40 -0.0338 26.2924 36.875 -5.25 25.455 36.875 -0.0338 25.455
3 16 29.7049 -0.0338 17.8072 29.9179 -0.0338 22.7652 30.6651 -0.0344 17.7115
3 16 30.6651 -0.0344 17.7115 29.9179 -0.0338 22.7652 32.4946 -0.0338 24.5884
3 16 33.75 -5.25 20.0424 34.5873 -5.25 16.9174 33.75 -0.0338 20.0424
3 16 33.75 -0.0338 20.0424 34.5873 -5.25 16.9174 34.5873 -0.0338 16.9174
3 16 30.5659 -0.0302 12.0234 30.6651 -0.0344 17.7115 34.5873 -0.0338 16.9174
3 16 34.5873 -0.0338 16.9174 30.6651 -0.0344 17.7115 33.75 -0.0338 20.0424
3 16 40 -0.0338 13.7924 43.125 -0.0338 14.6297 47.6989 -0.0347 12.0209
3 16 43.125 -0.0338 14.6297 45.4127 -0.0338 16.9174 47.6989 -0.0347 12.0209
3 16 45.4127 -0.0338 16.9174 46.25 -0.0338 20.0424 47.6989 -0.0347 12.0209
3 16 47.6989 -0.0347 12.0209 46.25 -0.0338 20.0424 47.5946 -0.0338 24.798
3 16 46.25 -0.0338 20.0424 45.4127 -0.0338 23.1674 47.5946 -0.0338 24.798
3 16 45.4127 -5.25 23.1674 43.125 -5.25 25.455 45.4127 -0.0338 23.1674
3 16 45.4127 -0.0338 23.1674 43.125 -5.25 25.455 43.125 -0.0338 25.455
3 16 44.6153 -0.0338 27.7311 47.5946 -0.0338 24.798 43.125 -0.0338 25.455
3 16 43.125 -0.0338 25.455 47.5946 -0.0338 24.798 45.4127 -0.0338 23.1674
3 16 40 -0.0338 26.2924 39.6772 -0.0338 28.2976 43.125 -0.0338 25.455
3 16 43.125 -0.0338 25.455 39.6772 -0.0338 28.2976 44.6153 -0.0338 27.7311
3 16 3.9689 -0.0338 27.4974 5.4127 -0.0338 23.1674 3.125 -0.0338 25.455
3 16 14.1943 -46.6562 33.9337 17.4975 -47.0414 34.6007 16.1869 -48.0059 36.1065
3 16 16.4298 -38.9306 21.1918 15.3348 -41.3109 24.8073 14.7567 -38.0467 20.094
3 16 15.0765 -35.3958 16.8023 17.3437 -36.7103 18.3164 14.7567 -38.0467 20.094
3 16 14.7567 -38.0467 20.094 17.3437 -36.7103 18.3164 16.4298 -38.9306 21.1918
3 16 16.2645 -39.1704 14.4333 14.6936 -37.5896 16.184 12.6207 -38.5664 12.0939
3 16 12.6207 -38.5664 12.0939 14.6936 -37.5896 16.184 11.3604 -36.0589 15.2238
3 16 10.3449 -36.796 12.6775 11.1176 -38.2802 10.0212 12.6207 -38.5664 12.0939
3 16 12.6207 -38.5664 12.0939 11.1176 -38.2802 10.0212 12.5912 -39.1371 10.0212
3 16 9.4778 -40.3987 10.0212 11.1176 -38.2802 10.0212 8.9397 -39.2739 12.5824
3 16 8.9397 -39.2739 12.5824 11.1176 -38.2802 10.0212 10.3449 -36.796 12.6775
3 16 9.4778 -40.3987 10.0212 8.9397 -39.2739 12.5824 4.2673 -37.8123 10.0212
3 16 4.2673 -37.8123 10.0212 8.9397 -39.2739 12.5824 3.8561 -36.7254 12.2884
3 16 -10.3849 -37.7535 10.0212 -10.9842 -34.6635 13.9988 -13.1739 -34.7057 10.0212
3 16 -13.1739 -34.7057 10.0212 -10.9842 -34.6635 13.9988 -13.7022 -32.2926 13.6156
3 16 -13.1739 -34.7057 10.0212 -13.7022 -32.2926 13.6156 -15.9019 -31.4526 10.0212
3 16 -15.9019 -31.4526 10.0212 -13.7022 -32.2926 13.6156 -16.21 -29.552 12.6014
3 16 -0.2758 -33.6831 11.8082 0.1658 -34.8506 10.0212 3.8561 -36.7254 12.2884
3 16 3.8561 -36.7254 12.2884 0.1658 -34.8506 10.0212 4.2673 -37.8123 10.0212
3 16 -0.2758 -33.6831 11.8082 -2.4211 -37.7885 12.2104 0.1658 -34.8506 10.0212
3 16 0.1658 -34.8506 10.0212 -2.4211 -37.7885 12.2104 -1.4204 -38.8738 10.0212
3 16 44.1483 -7.3346 16.0302 44.1544 -7.3346 21.6376 44.971 -5.25 16.9953
3 16 44.971 -5.25 16.9953 44.1544 -7.3346 21.6376 44.971 -5.25 21.0174
3 16 44.1544 -7.3346 21.6376 44.0192 -5.25 21.9049 44.971 -5.25 21.0174
3 16 38.3094 -17.0916 18.413 37.9888 -5.25 18.5238 39.7618 -16.7628 18.7718
3 16 39.7618 -16.7628 18.7718 37.9888 -5.25 18.5238 39.0394 -5.25 18.7936
3 16 39.7618 -16.7628 18.7718 39.7041 -16.8244 17.0893 38.3094 -17.0916 18.413
3 16 38.3094 -17.0916 18.413 39.7041 -16.8244 17.0893 37.645 -17.1164 17.5996
3 16 39.7618 -16.7628 18.7718 40.4687 -15.3397 19.381 39.7041 -16.8244 17.0893
3 16 39.7041 -16.8244 17.0893 40.4687 -15.3397 19.381 40.3535 -15.8302 15.143
3 16 39.9489 -5.25 14.8692 38.8144 -5.25 15.4803 40.3535 -15.8302 15.143
3 16 40.3535 -15.8302 15.143 38.8144 -5.25 15.4803 39.6464 -16.886 15.4067
3 16 37.9888 -5.25 18.5238 34.5873 -5.25 23.1674 39.0394 -5.25 18.7936
3 16 39.0394 -5.25 18.7936 34.5873 -5.25 23.1674 36.875 -5.25 25.455
3 16 40.7767 -5.25 21.2343 40 -5.25 26.2924 41.952 -5.25 22.8632
3 16 41.952 -5.25 22.8632 40 -5.25 26.2924 43.125 -5.25 25.455
3 16 33.75 -5.25 20.0424 37.3506 -5.25 17.641 34.5873 -5.25 16.9174
3 16 34.5873 -5.25 16.9174 37.3506 -5.25 17.641 37.9301 -5.25 16.2366
3 16 46.25 -5.25 20.0424 44.971 -5.25 21.0174 45.4127 -5.25 23.1674
3 16 45.4127 -5.25 23.1674 44.971 -5.25 21.0174 44.0192 -5.25 21.9049
3 16 44.971 -5.25 16.9953 43.9976 -5.25 15.8388 44.1483 -7.3346 16.0302
3 16 43.2535 -11.7026 22.4081 42.7886 -5.25 22.6755 44.1544 -7.3346 21.6376
3 16 44.1544 -7.3346 21.6376 42.7886 -5.25 22.6755 44.0192 -5.25 21.9049
3 16 43.9976 -5.25 15.8388 42.8724 -5.25 15.0742 44.1483 -7.3346 16.0302
3 16 44.1483 -7.3346 16.0302 42.8724 -5.25 15.0742 43.2893 -11.6307 15.3168
3 16 43.2535 -11.7026 22.4081 44.1544 -7.3346 21.6376 43.2893 -11.6307 15.3168
3 16 43.2893 -11.6307 15.3168 44.1544 -7.3346 21.6376 44.1483 -7.3346 16.0302
3 16 42.2706 -13.0405 22.7249 41.952 -5.25 22.8632 43.2535 -11.7026 22.4081
3 16 43.2535 -11.7026 22.4081 41.952 -5.25 22.8632 42.7886 -5.25 22.6755
3 16 41.3119 -14.1545 21.0459 40.7767 -5.25 21.2343 42.2706 -13.0405 22.7249
3 16 42.2706 -13.0405 22.7249 40.7767 -5.25 21.2343 41.952 -5.25 22.8632
3 16 42.8724 -5.25 15.0742 41.5868 -5.25 14.7641 43.2893 -11.6307 15.3168
3 16 43.2893 -11.6307 15.3168 41.5868 -5.25 14.7641 41.7593 -13.5127 14.9336
3 16 41.7593 -13.5127 14.9336 42.2706 -13.0405 22.7249 43.2893 -11.6307 15.3168
3 16 43.2893 -11.6307 15.3168 42.2706 -13.0405 22.7249 43.2535 -11.7026 22.4081
3 16 41.3119 -14.1545 21.0459 42.2706 -13.0405 22.7249 41.7593 -13.5127 14.9336
3 16 40.4687 -15.3397 19.381 40.2315 -5.25 19.6138 41.3119 -14.1545 21.0459
3 16 41.3119 -14.1545 21.0459 40.2315 -5.25 19.6138 40.7767 -5.25 21.2343
3 16 40.3535 -15.8302 15.143 40.4687 -15.3397 19.381 41.7593 -13.5127 14.9336
3 16 41.7593 -13.5127 14.9336 40.4687 -15.3397 19.381 41.3119 -14.1545 21.0459
3 16 41.5868 -5.25 14.7641 39.9489 -5.25 14.8692 41.7593 -13.5127 14.9336
3 16 41.7593 -13.5127 14.9336 39.9489 -5.25 14.8692 40.3535 -15.8302 15.143
3 16 39.7618 -16.7628 18.7718 39.0394 -5.25 18.7936 40.4687 -15.3397 19.381
3 16 40.4687 -15.3397 19.381 39.0394 -5.25 18.7936 40.2315 -5.25 19.6138
3 16 37.645 -17.1164 17.5996 37.3506 -5.25 17.641 38.3094 -17.0916 18.413
3 16 38.3094 -17.0916 18.413 37.3506 -5.25 17.641 37.9888 -5.25 18.5238
3 16 37.9301 -5.25 16.2366 37.3506 -5.25 17.641 38.1933 -17.0975 16.4731
3 16 38.1933 -17.0975 16.4731 37.3506 -5.25 17.641 37.645 -17.1164 17.5996
3 16 38.8144 -5.25 15.4803 37.9301 -5.25 16.2366 39.6464 -16.886 15.4067
3 16 39.6464 -16.886 15.4067 37.9301 -5.25 16.2366 38.1933 -17.0975 16.4731
3 16 39.9489 -5.25 14.8692 40 -5.25 13.7924 38.8144 -5.25 15.4803
3 16 38.8144 -5.25 15.4803 40 -5.25 13.7924 36.875 -5.25 14.6297
3 16 40 -5.25 13.7924 39.9489 -5.25 14.8692 41.5868 -5.25 14.7641
3 16 40 -5.25 13.7924 41.5868 -5.25 14.7641 43.125 -5.25 14.6297
3 16 43.125 -5.25 14.6297 41.5868 -5.25 14.7641 42.8724 -5.25 15.0742
3 16 43.125 -5.25 14.6297 42.8724 -5.25 15.0742 43.9976 -5.25 15.8388
3 16 43.125 -5.25 25.455 45.4127 -5.25 23.1674 42.7886 -5.25 22.6755
3 16 42.7886 -5.25 22.6755 45.4127 -5.25 23.1674 44.0192 -5.25 21.9049
3 16 41.952 -5.25 22.8632 43.125 -5.25 25.455 42.7886 -5.25 22.6755
3 16 40.2315 -5.25 19.6138 36.875 -5.25 25.455 40.7767 -5.25 21.2343
3 16 40.7767 -5.25 21.2343 36.875 -5.25 25.455 40 -5.25 26.2924
3 16 39.0394 -5.25 18.7936 36.875 -5.25 25.455 40.2315 -5.25 19.6138
3 16 44.971 -5.25 21.0174 46.25 -5.25 20.0424 44.971 -5.25 16.9953
3 16 44.971 -5.25 16.9953 46.25 -5.25 20.0424 45.4127 -5.25 16.9174
3 16 45.4127 -0.0338 16.9174 45.4127 -5.25 16.9174 46.25 -0.0338 20.0424
3 16 46.25 -0.0338 20.0424 45.4127 -5.25 16.9174 46.25 -5.25 20.0424
3 16 43.125 -0.0338 14.6297 43.125 -5.25 14.6297 45.4127 -0.0338 16.9174
3 16 45.4127 -0.0338 16.9174 43.125 -5.25 14.6297 45.4127 -5.25 16.9174
3 16 40 -0.0338 13.7924 40 -5.25 13.7924 43.125 -0.0338 14.6297
3 16 43.125 -0.0338 14.6297 40 -5.25 13.7924 43.125 -5.25 14.6297
3 16 30.5659 -0.0302 12.0234 36.875 -0.0338 14.6297 40 -0.0338 13.7924
3 16 36.875 -0.0338 14.6297 36.875 -5.25 14.6297 40 -0.0338 13.7924
3 16 40 -0.0338 13.7924 36.875 -5.25 14.6297 40 -5.25 13.7924
3 16 30.5659 -0.0302 12.0234 34.5873 -0.0338 16.9174 36.875 -0.0338 14.6297
3 16 34.5873 -0.0338 16.9174 34.5873 -5.25 16.9174 36.875 -0.0338 14.6297
3 16 36.875 -0.0338 14.6297 34.5873 -5.25 16.9174 36.875 -5.25 14.6297
3 16 34.5873 -5.25 16.9174 37.9301 -5.25 16.2366 36.875 -5.25 14.6297
3 16 36.875 -5.25 14.6297 37.9301 -5.25 16.2366 38.8144 -5.25 15.4803
3 16 34.5873 -0.0338 23.1674 34.5873 -5.25 23.1674 33.75 -0.0338 20.0424
3 16 33.75 -0.0338 20.0424 34.5873 -5.25 23.1674 33.75 -5.25 20.0424
3 16 34.5873 -5.25 23.1674 37.9888 -5.25 18.5238 33.75 -5.25 20.0424
3 16 33.75 -5.25 20.0424 37.9888 -5.25 18.5238 37.3506 -5.25 17.641
3 16 33.6194 -0.0338 27.5634 36.875 -0.0338 25.455 32.4946 -0.0338 24.5884
3 16 32.4946 -0.0338 24.5884 36.875 -0.0338 25.455 34.5873 -0.0338 23.1674
3 16 36.875 -0.0338 25.455 36.875 -5.25 25.455 34.5873 -0.0338 23.1674
3 16 34.5873 -0.0338 23.1674 36.875 -5.25 25.455 34.5873 -5.25 23.1674
3 16 43.125 -0.0338 25.455 43.125 -5.25 25.455 40 -0.0338 26.2924
3 16 40 -0.0338 26.2924 43.125 -5.25 25.455 40 -5.25 26.2924
3 16 46.25 -0.0338 20.0424 46.25 -5.25 20.0424 45.4127 -0.0338 23.1674
3 16 45.4127 -0.0338 23.1674 46.25 -5.25 20.0424 45.4127 -5.25 23.1674
3 16 43.125 -5.25 14.6297 43.9976 -5.25 15.8388 45.4127 -5.25 16.9174
3 16 45.4127 -5.25 16.9174 43.9976 -5.25 15.8388 44.971 -5.25 16.9953
3 16 0 -0.0338 26.2924 1.1557 -0.0338 28.1153 3.125 -0.0338 25.455
3 16 3.125 -0.0338 25.455 1.1557 -0.0338 28.1153 3.9689 -0.0338 27.4974
3 16 0 -5.25 26.2924 3.125 -5.25 25.455 0.566 -5.398 24.3085
3 16 0.566 -5.398 24.3085 3.125 -5.25 25.455 4.4194 -5.2138 24.4618
3 16 2.8031 -9.7979 23.0993 -0.1998 -6.8181 23.6388 4.4194 -5.2138 24.4618
3 16 4.4194 -5.2138 24.4618 -0.1998 -6.8181 23.6388 0.566 -5.398 24.3085
3 16 -2.9453 -5.25 19.4401 -0.1998 -6.8181 19.4405 -2.9453 -5.25 15.0012
3 16 -2.9453 -5.25 15.0012 -0.1998 -6.8181 19.4405 -0.1998 -6.8181 15.0012
3 16 0.2238 -5.4079 15.0012 -2.9453 -5.25 15.0012 -0.1998 -6.8181 15.0012
3 16 2.8031 -9.7979 19.4952 4.5369 -12.5658 18.298 3.7161 -10.8563 15.0833
3 16 3.7161 -10.8563 15.0833 4.5369 -12.5658 18.298 5.4127 -12.5352 16.9174
3 16 -5.4127 -0.0338 23.1674 -5.4127 -5.25 23.1674 -6.25 -0.0338 20.0424
3 16 -6.25 -0.0338 20.0424 -5.4127 -5.25 23.1674 -6.25 -5.25 20.0424
3 16 -6.25 -0.0338 20.0424 -6.25 -5.25 20.0424 -5.4127 -0.0338 16.9174
3 16 -5.4127 -0.0338 16.9174 -6.25 -5.25 20.0424 -5.4127 -5.25 16.9174
3 16 -5.4127 -5.25 16.9174 -3.125 -5.25 14.6297 -5.4127 -0.0338 16.9174
3 16 -5.4127 -0.0338 16.9174 -3.125 -5.25 14.6297 -3.125 -0.0338 14.6297
3 16 -3.125 -0.0338 14.6297 -3.125 -5.25 14.6297 0 -0.0338 13.7924
3 16 0 -0.0338 13.7924 -3.125 -5.25 14.6297 0 -5.25 13.7924
3 16 -5.4127 -5.25 23.1674 -5.4127 -0.0338 23.1674 -3.125 -5.25 25.455
3 16 -3.125 -5.25 25.455 -5.4127 -0.0338 23.1674 -3.125 -0.0338 25.455
3 16 -3.125 -5.25 25.455 -2.9453 -5.25 24.1509 -5.4127 -5.25 23.1674
3 16 -3.125 -5.25 25.455 -3.125 -0.0338 25.455 0 -5.25 26.2924
3 16 0 -5.25 26.2924 -3.125 -0.0338 25.455 0 -0.0338 26.2924
3 16 0.566 -5.398 24.3085 -2.9453 -5.25 24.1509 0 -5.25 26.2924
3 16 0 -5.25 26.2924 -2.9453 -5.25 24.1509 -3.125 -5.25 25.455
3 16 -6.25 -5.25 20.0424 -5.4127 -5.25 23.1674 -2.9453 -5.25 19.4401
3 16 -2.9453 -5.25 19.4401 -5.4127 -5.25 23.1674 -2.9453 -5.25 24.1509
3 16 0.566 -5.398 24.3085 -0.1998 -6.8181 23.6388 -2.9453 -5.25 24.1509
3 16 5.4127 -0.0338 23.1674 4.4194 -5.2138 24.4618 3.125 -0.0338 25.455
3 16 3.125 -0.0338 25.455 4.4194 -5.2138 24.4618 3.125 -5.25 25.455
3 16 0 -5.25 26.2924 0 -0.0338 26.2924 3.125 -5.25 25.455
3 16 3.125 -5.25 25.455 0 -0.0338 26.2924 3.125 -0.0338 25.455
3 16 -2.9453 -5.25 24.1509 -0.1998 -6.8181 23.6388 -2.9453 -5.25 19.4401
3 16 -2.9453 -5.25 19.4401 -0.1998 -6.8181 23.6388 -0.1998 -6.8181 19.4405
3 16 -6.25 -5.25 20.0424 -2.9453 -5.25 19.4401 -5.4127 -5.25 16.9174
3 16 3.7161 -10.8563 15.0833 3.7952 -5.3482 15.144 -0.1998 -6.8181 15.0012
3 16 -0.1998 -6.8181 15.0012 3.7952 -5.3482 15.144 0.2238 -5.4079 15.0012
3 16 5.4127 -12.5352 16.9174 6.25 -12.4771 20.0424 5.4127 -0.0338 16.9174
3 16 5.4127 -0.0338 16.9174 6.25 -12.4771 20.0424 6.25 -0.0338 20.0424
3 16 5.4127 -0.0338 23.1674 6.25 -0.0338 20.0424 5.4127 -8.2755 23.1674
3 16 5.4127 -8.2755 23.1674 6.25 -0.0338 20.0424 6.25 -12.4771 20.0424
3 16 5.4127 -8.2755 23.1674 2.8031 -9.7979 23.0993 4.4194 -5.2138 24.4618
3 16 -0.1998 -6.8181 19.4405 2.8031 -9.7979 19.4952 -0.1998 -6.8181 15.0012
3 16 -0.1998 -6.8181 15.0012 2.8031 -9.7979 19.4952 3.7161 -10.8563 15.0833
3 16 5.4127 -8.2755 23.1674 5.3911 -12.4487 22.4321 2.8031 -9.7979 23.0993
3 16 2.8031 -9.7979 23.0993 5.3911 -12.4487 22.4321 4.9446 -12.6282 22.3823
3 16 2.8031 -9.7979 19.4952 2.8031 -9.7979 23.0993 4.5761 -12.6054 21.0591
3 16 4.5761 -12.6054 21.0591 2.8031 -9.7979 23.0993 4.9446 -12.6282 22.3823
3 16 5.4127 -0.0338 16.9174 3.7952 -5.3482 15.144 5.4127 -12.5352 16.9174
3 16 5.4127 -12.5352 16.9174 3.7952 -5.3482 15.144 3.7161 -10.8563 15.0833
3 16 4.9446 -12.6282 22.3823 5.3911 -12.4487 22.4321 4.5761 -12.6054 21.0591
3 16 4.5761 -12.6054 21.0591 5.3911 -12.4487 22.4321 6.25 -12.4771 20.0424
3 16 4.586 -12.6154 19.4436 2.8031 -9.7979 19.4952 4.5761 -12.6054 21.0591
3 16 5.4127 -12.5352 16.9174 4.5369 -12.5658 18.298 6.25 -12.4771 20.0424
3 16 6.25 -12.4771 20.0424 4.5369 -12.5658 18.298 4.586 -12.6154 19.4436
3 16 4.5369 -12.5658 18.298 2.8031 -9.7979 19.4952 4.586 -12.6154 19.4436
3 16 0 -5.25 13.7924 3.1176 -5.25 14.624 0 -0.0338 13.7924
3 16 0 -0.0338 13.7924 3.1176 -5.25 14.624 3.125 -0.0338 14.6297
3 16 5.4127 -0.0338 16.9174 3.125 -0.0338 14.6297 3.7952 -5.3482 15.144
3 16 3.7952 -5.3482 15.144 3.125 -0.0338 14.6297 3.1176 -5.25 14.624
3 16 5.4127 -0.0338 23.1674 5.4127 -8.2755 23.1674 4.4194 -5.2138 24.4618
3 16 -3.125 -5.25 14.6297 -5.4127 -5.25 16.9174 -2.9453 -5.25 15.0012
3 16 -5.4127 -5.25 16.9174 -2.9453 -5.25 19.4401 -2.9453 -5.25 15.0012
3 16 0.2238 -5.4079 15.0012 0 -5.25 13.7924 -2.9453 -5.25 15.0012
3 16 -2.9453 -5.25 15.0012 0 -5.25 13.7924 -3.125 -5.25 14.6297
3 16 -6.859 -16.7381 20.4901 -9.3162 -19.7648 20.1575 -6.3122 -18.0595 20.6613
3 16 -6.3122 -18.0595 20.6613 -9.3162 -19.7648 20.1575 -6.34 -19.1208 20.8527
3 16 1.4678 -23.5052 19.6851 -0.2369 -24.5874 18.3836 3.2873 -25.877 20.1561
3 16 3.2873 -25.877 20.1561 -0.2369 -24.5874 18.3836 0.2877 -28.3257 17.2293
3 16 4.1413 -26.3491 22.1186 11.2516 -29.8103 21.3604 5.7208 -25.2607 24.928
3 16 5.7208 -25.2607 24.928 11.2516 -29.8103 21.3604 11.9274 -28.0085 23.9413
3 16 0 -5.25 13.7924 0.2238 -5.4079 15.0012 3.1176 -5.25 14.624
3 16 3.1176 -5.25 14.624 0.2238 -5.4079 15.0012 3.7952 -5.3482 15.144
3 16 -3.125 -0.0338 25.455 -5.4127 -0.0338 23.1674 -6.5439 -0.0338 26.8185
3 16 -6.5439 -0.0338 26.8185 -5.4127 -0.0338 23.1674 -7.8267 -0.0338 24.0526
3 16 -7.8267 -0.0338 24.0526 -5.4127 -0.0338 23.1674 -9.4565 -0.0338 22.7215
3 16 -9.4565 -0.0338 22.7215 -5.4127 -0.0338 23.1674 -6.25 -0.0338 20.0424
3 16 5.4127 -8.2755 23.1674 6.25 -12.4771 20.0424 5.3911 -12.4487 22.4321
3 16 4.5761 -12.6054 21.0591 6.25 -12.4771 20.0424 4.586 -12.6154 19.4436
3 16 8.9339 -24.0717 15.71 9.9444 -4.932 15.877 12.6174 -9.2967 15.8389
3 16 12.6174 -9.2967 15.8389 9.9444 -4.932 15.877 12.2656 -6.9481 15.8594
3 16 8.4207 -1.8843 15.9036 9.9444 -4.932 15.877 8.9339 -24.0717 15.71
3 16 3.68 -27.3502 11.7825 1.8798 -16.2368 11.8795 3.68 -0.0323 12.0209
3 16 1.8798 -16.2368 11.8795 2.0127 -14.7455 11.8925 3.68 -0.0323 12.0209
3 16 18.7279 -35.7469 15.6081 17.8566 -34.1945 15.6216 21.3589 -36.5374 15.6012
3 16 21.3589 -36.5374 15.6012 17.8566 -34.1945 15.6216 22.8968 -34.6489 15.6176
3 16 21.8474 -13.8616 18.2091 19.658 -11.2063 16.4924 14.6916 -13.4097 19.09
3 16 14.6916 -13.4097 19.09 19.658 -11.2063 16.4924 16.3161 -10.6229 16.5276
3 16 16.9077 -24.4866 21.982 15.2999 -27.7819 21.2994 17.947 -28.3797 21.3792
3 16 17.947 -28.3797 21.3792 15.2999 -27.7819 21.2994 15.157 -28.2944 21.1755
3 16 33.2273 -11.62 11.9213 36.8 -22.5123 11.8247 31.3107 -12.1443 11.9164
3 16 31.3107 -12.1443 11.9164 36.8 -22.5123 11.8247 36.9188 -24.0998 11.8109
3 16 30.6651 -0.0344 17.7115 32.4946 -0.0338 24.5884 33.75 -0.0338 20.0424
3 16 33.75 -0.0338 20.0424 32.4946 -0.0338 24.5884 34.5873 -0.0338 23.1674
3 16 39.6464 -16.886 15.4067 38.1933 -17.0975 16.4731 39.7041 -16.8244 17.0893
3 16 39.7041 -16.8244 17.0893 38.1933 -17.0975 16.4731 37.645 -17.1164 17.5996
3 16 40.3535 -15.8302 15.143 39.6464 -16.886 15.4067 39.7041 -16.8244 17.0893
3 16 40 -0.0338 13.7924 47.6989 -0.0347 12.0209 30.5659 -0.0302 12.0234
3 16 46.4759 -12.5723 11.9115 34.3983 -8.3344 11.9484 47.1352 -8.0435 11.951
3 16 47.1352 -8.0435 11.951 34.3983 -8.3344 11.9484 32.1374 -7.1554 11.9587
3 16 34.0971 -10.0657 11.9333 34.3983 -8.3344 11.9484 43.9762 -16.4396 11.8777
3 16 43.9762 -16.4396 11.8777 34.3983 -8.3344 11.9484 46.4759 -12.5723 11.9115
3 16 34.4045 -9.8562 22.6035 34.5253 -8.0006 23.0811 34.5009 -8.123 17.6173
3 16 23.6284 -12.8364 23.528 27.5181 -12.055 23.0235 23.5695 -12.8725 16.5836
3 16 23.5695 -12.8725 16.5836 27.5181 -12.055 23.0235 25.7899 -11.9931 15.814
3 16 23.9773 -34.7542 26.9423 26.1466 -36.8834 24.1763 24.2018 -33.7885 22.3034
3 16 24.2018 -33.7885 22.3034 26.1466 -36.8834 24.1763 25.0763 -35.5321 21.5568
3 16 27.9978 -11.8627 14.5705 31.3107 -12.1443 11.9164 28.6498 -11.8653 11.9176
3 16 22.0054 -37.8527 19.3674 23.7314 -35.3004 18.6853 22.5662 -36.2663 19.6392
3 16 12.869 -38.9136 34.1585 12.5833 -38.1137 33.2083 11.2411 -40.1072 35.9186
3 16 -14.9919 -22.4907 13.6721 -13.4229 -23.191 13.0772 -13.7776 -23.9741 11.4477
3 16 -18.3654 -22.5433 12.1651 -16.9625 -22.3203 13.2341 -16.2283 -23.0536 11.6799
3 16 -19.0354 -22.4788 10.0212 -18.3654 -22.5433 12.1651 -16.2784 -23.1022 10.0212
3 16 -16.2784 -23.1022 10.0212 -18.3654 -22.5433 12.1651 -16.2283 -23.0536 11.6799
3 16 31.0034 -39.5646 16.9084 24.0498 -36.9952 17.3439 24.4749 -38.516 15.6745
3 16 33.0039 -44.379 9.0379 32.6575 -43.1831 11.5178 27.094 -42.4684 10.0212
3 16 27.094 -42.4684 10.0212 32.6575 -43.1831 11.5178 26.633 -41.447 11.9822
3 16 32.6575 -43.1831 11.5178 31.4194 -40.9611 14.7177 26.633 -41.447 11.9822
3 16 26.633 -41.447 11.9822 31.4194 -40.9611 14.7177 25.7297 -39.7061 14.1419
3 16 31.4194 -40.9611 14.7177 31.0034 -39.5646 16.9084 25.7297 -39.7061 14.1419
3 16 25.7297 -39.7061 14.1419 31.0034 -39.5646 16.9084 24.4749 -38.516 15.6745
3 16 31.0034 -39.5646 16.9084 30.5618 -37.1014 19.4928 24.0498 -36.9952 17.3439
3 16 24.0498 -36.9952 17.3439 30.5618 -37.1014 19.4928 23.7314 -35.3004 18.6853
3 16 38.9324 -40.4114 16.2445 38.1465 -38.5672 18.7802 31.0034 -39.5646 16.9084
3 16 31.0034 -39.5646 16.9084 38.1465 -38.5672 18.7802 30.5618 -37.1014 19.4928
3 16 39.1653 -41.6653 13.8602 38.9324 -40.4114 16.2445 31.4194 -40.9611 14.7177
3 16 31.4194 -40.9611 14.7177 38.9324 -40.4114 16.2445 31.0034 -39.5646 16.9084
3 16 40.5022 -44.0321 11.0007 39.1653 -41.6653 13.8602 32.6575 -43.1831 11.5178
3 16 32.6575 -43.1831 11.5178 39.1653 -41.6653 13.8602 31.4194 -40.9611 14.7177
3 16 41.146 -45.4256 8.2125 40.5022 -44.0321 11.0007 33.0039 -44.379 9.0379
3 16 33.0039 -44.379 9.0379 40.5022 -44.0321 11.0007 32.6575 -43.1831 11.5178
3 16 37.9715 -38.3773 20.3734 34.3132 -37.8792 20.4701 38.1465 -38.5672 18.7802
3 16 38.1465 -38.5672 18.7802 34.3132 -37.8792 20.4701 30.5618 -37.1014 19.4928
3 16 30.7132 -37.0801 20.2276 30.5618 -37.1014 19.4928 34.3132 -37.8792 20.4701
3 16 23.7314 -35.3004 18.6853 30.5618 -37.1014 19.4928 24.3777 -35.2884 19.3867
3 16 24.3777 -35.2884 19.3867 30.5618 -37.1014 19.4928 30.7132 -37.0801 20.2276
3 16 38.1559 -36.3224 20.948 37.9715 -38.3773 20.3734 38.8202 -35.7142 19.2839
3 16 38.8202 -35.7142 19.2839 37.9715 -38.3773 20.3734 38.1465 -38.5672 18.7802
3 16 34.1281 -35.2165 21.3542 34.3132 -37.8792 20.4701 38.1559 -36.3224 20.948
3 16 38.1559 -36.3224 20.948 34.3132 -37.8792 20.4701 37.9715 -38.3773 20.3734
3 16 28.9202 -33.988 20.9466 30.7132 -37.0801 20.2276 34.1281 -35.2165 21.3542
3 16 34.1281 -35.2165 21.3542 30.7132 -37.0801 20.2276 34.3132 -37.8792 20.4701
3 16 24.3777 -35.2884 19.3867 30.7132 -37.0801 20.2276 25.1676 -34.594 19.8381
3 16 28.9202 -33.988 20.9466 25.1676 -34.594 19.8381 30.7132 -37.0801 20.2276
3 16 24.607 -32.8603 20.0603 24.5501 -33.3962 20.0106 25.1676 -34.594 19.8381
3 16 34.1281 -35.2165 21.3542 33.94 -34.1713 19.9506 28.9202 -33.988 20.9466
3 16 28.9202 -33.988 20.9466 33.94 -34.1713 19.9506 28.7422 -33.4198 20.0764
3 16 28.7422 -33.4198 20.0764 33.94 -34.1713 19.9506 29.9455 -32.9743 19.3158
3 16 29.9455 -32.9743 19.3158 33.94 -34.1713 19.9506 33.7686 -33.4878 18.8271
3 16 38.8202 -35.7142 19.2839 33.94 -34.1713 19.9506 38.1559 -36.3224 20.948
3 16 38.1559 -36.3224 20.948 33.94 -34.1713 19.9506 34.1281 -35.2165 21.3542
3 16 33.94 -34.1713 19.9506 38.8202 -35.7142 19.2839 33.7686 -33.4878 18.8271
3 16 33.7686 -33.4878 18.8271 38.8202 -35.7142 19.2839 39.0572 -34.5711 17.1177
3 16 41.5088 -42.0097 10.908 40.5022 -44.0321 11.0007 42.1558 -42.8564 8.5862
3 16 42.1558 -42.8564 8.5862 40.5022 -44.0321 11.0007 41.146 -45.4256 8.2125
3 16 46.9252 -44.1862 9.8372 45.0293 -42.7658 11.6317 42.1558 -42.8564 8.5862
3 16 42.1558 -42.8564 8.5862 45.0293 -42.7658 11.6317 41.5088 -42.0097 10.908
3 16 52.8197 -45.1494 10.9671 51.0501 -43.7361 12.8254 46.9252 -44.1862 9.8372
3 16 46.9252 -44.1862 9.8372 51.0501 -43.7361 12.8254 45.0293 -42.7658 11.6317
3 16 51.0501 -43.7361 12.8254 52.8197 -45.1494 10.9671 52.4788 -43.1504 12.8006
3 16 52.4788 -43.1504 12.8006 52.8197 -45.1494 10.9671 53.286 -44.2017 11.0913
3 16 51.0501 -43.7361 12.8254 49.5172 -42.0513 14.9902 45.0293 -42.7658 11.6317
3 16 45.0293 -42.7658 11.6317 49.5172 -42.0513 14.9902 44.2113 -41.1985 13.9198
3 16 49.3751 -39.7546 16.0584 49.5172 -42.0513 14.9902 50.988 -41.9837 14.4559
3 16 50.988 -41.9837 14.4559 49.5172 -42.0513 14.9902 51.0501 -43.7361 12.8254
3 16 51.0501 -43.7361 12.8254 52.4788 -43.1504 12.8006 50.988 -41.9837 14.4559
3 16 49.3751 -39.7546 16.0584 50.988 -41.9837 14.4559 53.6641 -40.9524 16.6321
3 16 53.6641 -40.9524 16.6321 50.988 -41.9837 14.4559 54.9084 -42.6974 14.8411
3 16 50.988 -41.9837 14.4559 52.4788 -43.1504 12.8006 54.9084 -42.6974 14.8411
3 16 54.9084 -42.6974 14.8411 52.4788 -43.1504 12.8006 55.5048 -43.395 13.2916
3 16 57.482 -42.3096 16.6789 53.6641 -40.9524 16.6321 54.9084 -42.6974 14.8411
3 16 58.455 -43.7453 13.5018 58.413 -43.2935 14.917 55.5048 -43.395 13.2916
3 16 55.5048 -43.395 13.2916 58.413 -43.2935 14.917 54.9084 -42.6974 14.8411
3 16 58.413 -43.2935 14.917 58.455 -43.7453 13.5018 59.7793 -43.2044 15.5299
3 16 59.7793 -43.2044 15.5299 58.455 -43.7453 13.5018 61.0118 -43.9772 13.9141
3 16 59.7793 -43.2044 15.5299 57.482 -42.3096 16.6789 58.413 -43.2935 14.917
3 16 58.413 -43.2935 14.917 57.482 -42.3096 16.6789 54.9084 -42.6974 14.8411
3 16 55.5048 -43.395 13.2916 55.9713 -45.1012 10.8576 58.455 -43.7453 13.5018
3 16 58.455 -43.7453 13.5018 55.9713 -45.1012 10.8576 58.9356 -45.9358 10.4834
3 16 58.455 -43.7453 13.5018 58.9356 -45.9358 10.4834 61.0118 -43.9772 13.9141
3 16 61.0118 -43.9772 13.9141 58.9356 -45.9358 10.4834 61.1019 -46.2575 10.0473
3 16 61.1019 -46.2575 10.0473 62.104 -44.9717 12.3251 61.0118 -43.9772 13.9141
3 16 55.9713 -45.1012 10.8576 55.5048 -43.395 13.2916 53.286 -44.2017 11.0913
3 16 53.286 -44.2017 11.0913 55.5048 -43.395 13.2916 52.4788 -43.1504 12.8006
3 16 62.8813 -46.2031 9.819 62.8744 -45.8872 11.0213 61.1019 -46.2575 10.0473
3 16 61.1019 -46.2575 10.0473 62.8744 -45.8872 11.0213 62.104 -44.9717 12.3251
3 16 49.0244 -39.4094 16.662 49.3751 -39.7546 16.0584 53.206 -41.0136 17.709
3 16 53.206 -41.0136 17.709 49.3751 -39.7546 16.0584 53.6641 -40.9524 16.6321
3 16 53.206 -41.0136 17.709 53.6641 -40.9524 16.6321 56.5556 -42.1249 18.1656
3 16 56.5556 -42.1249 18.1656 53.6641 -40.9524 16.6321 57.482 -42.3096 16.6789
3 16 49.0244 -39.4094 16.662 49.0789 -41.348 16.4095 49.3751 -39.7546 16.0584
3 16 49.3751 -39.7546 16.0584 49.0789 -41.348 16.4095 49.5172 -42.0513 14.9902
3 16 49.0789 -41.348 16.4095 49.0244 -39.4094 16.662 47.8635 -40.2776 17.4264
3 16 47.8635 -40.2776 17.4264 49.0244 -39.4094 16.662 48.7431 -37.8344 16.9295
3 16 43.0452 -38.7698 16.8978 43.7141 -40.2119 15.5884 47.8635 -40.2776 17.4264
3 16 47.8635 -40.2776 17.4264 43.7141 -40.2119 15.5884 49.0789 -41.348 16.4095
3 16 43.7141 -40.2119 15.5884 44.2113 -41.1985 13.9198 49.0789 -41.348 16.4095
3 16 49.0789 -41.348 16.4095 44.2113 -41.1985 13.9198 49.5172 -42.0513 14.9902
3 16 39.8127 -39.3728 14.2196 40.6011 -40.4616 12.6841 43.7141 -40.2119 15.5884
3 16 43.7141 -40.2119 15.5884 40.6011 -40.4616 12.6841 44.2113 -41.1985 13.9198
3 16 39.3136 -37.8691 16.2106 39.8127 -39.3728 14.2196 43.0452 -38.7698 16.8978
3 16 43.0452 -38.7698 16.8978 39.8127 -39.3728 14.2196 43.7141 -40.2119 15.5884
3 16 39.8127 -39.3728 14.2196 39.1653 -41.6653 13.8602 40.6011 -40.4616 12.6841
3 16 40.6011 -40.4616 12.6841 39.1653 -41.6653 13.8602 40.5022 -44.0321 11.0007
3 16 39.1653 -41.6653 13.8602 39.8127 -39.3728 14.2196 38.9324 -40.4114 16.2445
3 16 38.9324 -40.4114 16.2445 39.8127 -39.3728 14.2196 39.3136 -37.8691 16.2106
3 16 39.09 -37.5424 17.0912 38.1465 -38.5672 18.7802 39.3136 -37.8691 16.2106
3 16 39.3136 -37.8691 16.2106 38.1465 -38.5672 18.7802 38.9324 -40.4114 16.2445
3 16 39.1836 -35.6952 17.6828 38.8202 -35.7142 19.2839 39.09 -37.5424 17.0912
3 16 39.09 -37.5424 17.0912 38.8202 -35.7142 19.2839 38.1465 -38.5672 18.7802
3 16 39.09 -37.5424 17.0912 39.3136 -37.8691 16.2106 42.8453 -38.7847 18.0755
3 16 42.8453 -38.7847 18.0755 39.3136 -37.8691 16.2106 43.0452 -38.7698 16.8978
3 16 42.8453 -38.7847 18.0755 43.0452 -38.7698 16.8978 45.4213 -39.6821 18.9084
3 16 45.4213 -39.6821 18.9084 43.0452 -38.7698 16.8978 47.8635 -40.2776 17.4264
3 16 46.6741 -39.7759 19.2329 45.4213 -39.6821 18.9084 47.8635 -40.2776 17.4264
3 16 46.6741 -39.7759 19.2329 47.8635 -40.2776 17.4264 47.1586 -37.6462 19.7224
3 16 47.1586 -37.6462 19.7224 47.8635 -40.2776 17.4264 48.7431 -37.8344 16.9295
3 16 45.4213 -39.6821 18.9084 46.6741 -39.7759 19.2329 45.5882 -37.3232 19.7013
3 16 45.5882 -37.3232 19.7013 46.6741 -39.7759 19.2329 47.1586 -37.6462 19.7224
3 16 42.6716 -36.6612 18.6551 42.8453 -38.7847 18.0755 45.5882 -37.3232 19.7013
3 16 45.5882 -37.3232 19.7013 42.8453 -38.7847 18.0755 45.4213 -39.6821 18.9084
3 16 42.8453 -38.7847 18.0755 42.6716 -36.6612 18.6551 39.09 -37.5424 17.0912
3 16 39.09 -37.5424 17.0912 42.6716 -36.6612 18.6551 39.1836 -35.6952 17.6828
3 16 48.5885 -36.3913 16.6283 46.5059 -35.6188 16.4949 47.1586 -37.6462 19.7224
3 16 47.1586 -37.6462 19.7224 46.5059 -35.6188 16.4949 45.5882 -37.3232 19.7013
3 16 46.5059 -35.6188 16.4949 43.9935 -35.1314 16.3753 45.5882 -37.3232 19.7013
3 16 45.5882 -37.3232 19.7013 43.9935 -35.1314 16.3753 42.6716 -36.6612 18.6551
3 16 42.6716 -36.6612 18.6551 43.9935 -35.1314 16.3753 41.0096 -34.7529 16.5484
3 16 48.7431 -37.8344 16.9295 49.0244 -39.4094 16.662 53.186 -39.2332 18.3041
3 16 53.186 -39.2332 18.3041 49.0244 -39.4094 16.662 53.206 -41.0136 17.709
3 16 53.186 -39.2332 18.3041 53.206 -41.0136 17.709 57.568 -40.7963 18.4526
3 16 57.568 -40.7963 18.4526 53.206 -41.0136 17.709 56.5556 -42.1249 18.1656
3 16 58.2947 -40.4263 17.5461 57.568 -40.7963 18.4526 57.482 -42.3096 16.6789
3 16 57.482 -42.3096 16.6789 57.568 -40.7963 18.4526 56.5556 -42.1249 18.1656
3 16 58.9731 -39.9061 15.0931 58.6089 -39.9299 16.4054 57.482 -42.3096 16.6789
3 16 57.482 -42.3096 16.6789 58.6089 -39.9299 16.4054 58.2947 -40.4263 17.5461
3 16 59.43 -39.2459 14.1674 59.0605 -39.0584 14.4435 58.9731 -39.9061 15.0931
3 16 58.9731 -39.9061 15.0931 59.0605 -39.0584 14.4435 58.6089 -39.9299 16.4054
3 16 49.2478 -37.2997 16.3866 48.7431 -37.8344 16.9295 52.1688 -37.727 16.4836
3 16 52.1688 -37.727 16.4836 48.7431 -37.8344 16.9295 53.186 -39.2332 18.3041
3 16 52.1688 -37.727 16.4836 53.186 -39.2332 18.3041 55.6577 -39.2309 17.2667
3 16 55.6577 -39.2309 17.2667 53.186 -39.2332 18.3041 57.568 -40.7963 18.4526
3 16 57.1267 -39.5639 16.8751 56.3082 -38.495 15.7943 55.6577 -39.2309 17.2667
3 16 55.6577 -39.2309 17.2667 56.3082 -38.495 15.7943 52.1688 -37.727 16.4836
3 16 59.0605 -39.0584 14.4435 56.3082 -38.495 15.7943 58.6089 -39.9299 16.4054
3 16 58.6089 -39.9299 16.4054 56.3082 -38.495 15.7943 57.1267 -39.5639 16.8751
3 16 58.2947 -40.4263 17.5461 57.1267 -39.5639 16.8751 57.568 -40.7963 18.4526
3 16 57.568 -40.7963 18.4526 57.1267 -39.5639 16.8751 55.6577 -39.2309 17.2667
3 16 58.2947 -40.4263 17.5461 58.6089 -39.9299 16.4054 57.1267 -39.5639 16.8751
3 16 57.482 -42.3096 16.6789 59.7793 -43.2044 15.5299 58.9731 -39.9061 15.0931
3 16 58.9731 -39.9061 15.0931 59.7793 -43.2044 15.5299 60.6273 -40.8128 14.2313
3 16 60.3764 -39.9657 13.5794 59.43 -39.2459 14.1674 60.6273 -40.8128 14.2313
3 16 60.6273 -40.8128 14.2313 59.43 -39.2459 14.1674 58.9731 -39.9061 15.0931
3 16 59.7793 -43.2044 15.5299 61.0118 -43.9772 13.9141 60.6273 -40.8128 14.2313
3 16 60.6273 -40.8128 14.2313 61.0118 -43.9772 13.9141 61.6107 -41.725 13.2734
3 16 61.6107 -41.725 13.2734 61.4673 -40.8007 12.7425 60.6273 -40.8128 14.2313
3 16 60.6273 -40.8128 14.2313 61.4673 -40.8007 12.7425 60.3764 -39.9657 13.5794
3 16 61.6107 -41.725 13.2734 61.0118 -43.9772 13.9141 62.9279 -43.3183 11.9036
3 16 62.9279 -43.3183 11.9036 61.0118 -43.9772 13.9141 62.104 -44.9717 12.3251
3 16 62.9279 -43.3183 11.9036 62.7842 -42.3558 11.2858 61.6107 -41.725 13.2734
3 16 61.6107 -41.725 13.2734 62.7842 -42.3558 11.2858 61.4673 -40.8007 12.7425
3 16 62.9279 -43.3183 11.9036 62.104 -44.9717 12.3251 63.5503 -44.424 10.495
3 16 63.5503 -44.424 10.495 62.104 -44.9717 12.3251 62.8744 -45.8872 11.0213
3 16 63.5503 -44.424 10.495 63.2068 -43.1889 10.4718 62.9279 -43.3183 11.9036
3 16 62.9279 -43.3183 11.9036 63.2068 -43.1889 10.4718 62.7842 -42.3558 11.2858
3 16 40.4144 -25.8059 13.1727 40.7529 -28.2986 15.9752 45.3697 -27.5196 13.2421
3 16 45.3697 -27.5196 13.2421 40.7529 -28.2986 15.9752 45.7868 -29.8158 15.8299
3 16 40.7529 -28.2986 15.9752 40.4144 -25.8059 13.1727 36.7429 -26.7965 16.671
3 16 36.7429 -26.7965 16.671 40.4144 -25.8059 13.1727 36.5108 -24.0369 13.7506
3 16 58.8567 -37.425 14.963 58.4755 -35.2613 15.286 56.1639 -36.3849 16.0807
3 16 56.1639 -36.3849 16.0807 58.4755 -35.2613 15.286 55.538 -33.4002 16.0987
3 16 61.5435 -38.3964 13.1624 58.4755 -35.2613 15.286 58.8567 -37.425 14.963
3 16 51.2194 -31.4027 16.3088 51.8382 -35.6861 16.6361 55.538 -33.4002 16.0987
3 16 55.538 -33.4002 16.0987 51.8382 -35.6861 16.6361 56.1639 -36.3849 16.0807
3 16 51.8382 -35.6861 16.6361 51.2194 -31.4027 16.3088 48.8941 -33.6245 16.5278
3 16 51.2194 -31.4027 16.3088 45.7868 -29.8158 15.8299 48.8941 -33.6245 16.5278
3 16 48.8941 -33.6245 16.5278 45.7868 -29.8158 15.8299 45.1264 -32.5907 16.3709
3 16 45.1264 -32.5907 16.3709 45.7868 -29.8158 15.8299 41.1141 -31.7739 16.7502
3 16 41.1141 -31.7739 16.7502 45.7868 -29.8158 15.8299 40.7529 -28.2986 15.9752
3 16 43.9935 -35.1314 16.3753 46.5059 -35.6188 16.4949 45.1264 -32.5907 16.3709
3 16 45.1264 -32.5907 16.3709 46.5059 -35.6188 16.4949 48.8941 -33.6245 16.5278
3 16 41.0096 -34.7529 16.5484 43.9935 -35.1314 16.3753 41.1141 -31.7739 16.7502
3 16 41.1141 -31.7739 16.7502 43.9935 -35.1314 16.3753 45.1264 -32.5907 16.3709
3 16 61.4673 -40.8007 12.7425 62.7842 -42.3558 11.2858 62.9753 -40.7498 11.6015
3 16 62.9753 -40.7498 11.6015 62.7842 -42.3558 11.2858 63.2372 -42.4075 10.6212
3 16 60.3764 -39.9657 13.5794 61.4673 -40.8007 12.7425 61.5435 -38.3964 13.1624
3 16 61.5435 -38.3964 13.1624 61.4673 -40.8007 12.7425 62.9753 -40.7498 11.6015
3 16 60.3764 -39.9657 13.5794 61.5435 -38.3964 13.1624 59.43 -39.2459 14.1674
3 16 61.5435 -38.3964 13.1624 58.8567 -37.425 14.963 59.43 -39.2459 14.1674
3 16 58.8567 -37.425 14.963 59.0605 -39.0584 14.4435 59.43 -39.2459 14.1674
3 16 59.0605 -39.0584 14.4435 58.8567 -37.425 14.963 56.3082 -38.495 15.7943
3 16 56.3082 -38.495 15.7943 58.8567 -37.425 14.963 56.1639 -36.3849 16.0807
3 16 51.8382 -35.6861 16.6361 52.1688 -37.727 16.4836 56.1639 -36.3849 16.0807
3 16 56.1639 -36.3849 16.0807 52.1688 -37.727 16.4836 56.3082 -38.495 15.7943
3 16 48.5885 -36.3913 16.6283 49.2478 -37.2997 16.3866 51.8382 -35.6861 16.6361
3 16 51.8382 -35.6861 16.6361 49.2478 -37.2997 16.3866 52.1688 -37.727 16.4836
3 16 47.1586 -37.6462 19.7224 48.7431 -37.8344 16.9295 48.5885 -36.3913 16.6283
3 16 48.5885 -36.3913 16.6283 48.7431 -37.8344 16.9295 49.2478 -37.2997 16.3866
3 16 51.8382 -35.6861 16.6361 48.8941 -33.6245 16.5278 48.5885 -36.3913 16.6283
3 16 48.5885 -36.3913 16.6283 48.8941 -33.6245 16.5278 46.5059 -35.6188 16.4949
3 16 41.1141 -31.7739 16.7502 40.7529 -28.2986 15.9752 36.3899 -29.4757 17.7232
3 16 36.3899 -29.4757 17.7232 40.7529 -28.2986 15.9752 36.7429 -26.7965 16.671
3 16 35.103 -30.6462 18.6068 36.5813 -32.0077 17.7104 36.3899 -29.4757 17.7232
3 16 36.3899 -29.4757 17.7232 36.5813 -32.0077 17.7104 41.1141 -31.7739 16.7502
3 16 36.5813 -32.0077 17.7104 39.0572 -34.5711 17.1177 41.1141 -31.7739 16.7502
3 16 41.1141 -31.7739 16.7502 39.0572 -34.5711 17.1177 41.0096 -34.7529 16.5484
3 16 32.4467 -32.0999 19.4742 36.5813 -32.0077 17.7104 35.103 -30.6462 18.6068
3 16 32.4467 -32.0999 19.4742 33.7686 -33.4878 18.8271 36.5813 -32.0077 17.7104
3 16 36.5813 -32.0077 17.7104 33.7686 -33.4878 18.8271 39.0572 -34.5711 17.1177
3 16 29.9455 -32.9743 19.3158 33.7686 -33.4878 18.8271 32.4467 -32.0999 19.4742
3 16 -23.4653 -14.2284 10.0212 -22.4624 -12.8492 10.0212 -23.5523 -14.9973 8.6626
3 16 -23.5523 -14.9973 8.6626 -22.4624 -12.8492 10.0212 -22.9965 -14.8511 7.2882
3 16 -22.4025 -16.8529 5.6871 -23.3903 -16.4792 7.6763 -22.9965 -14.8511 7.2882
3 16 -22.9965 -14.8511 7.2882 -23.3903 -16.4792 7.6763 -23.5523 -14.9973 8.6626
3 16 -23.3903 -16.4792 7.6763 -24.0971 -15.8337 10.0212 -23.5523 -14.9973 8.6626
3 16 -23.5523 -14.9973 8.6626 -24.0971 -15.8337 10.0212 -23.4653 -14.2284 10.0212
3 16 -22.4624 -12.8492 10.0212 -21.6775 -14.0983 6.9922 -22.9965 -14.8511 7.2882
3 16 -22.9965 -14.8511 7.2882 -21.6775 -14.0983 6.9922 -22.4025 -16.8529 5.6871
3 16 -20.9982 -16.7253 4.3525 -22.4025 -16.8529 5.6871 -20.3391 -15.0874 4.7531
3 16 -20.3391 -15.0874 4.7531 -22.4025 -16.8529 5.6871 -21.6775 -14.0983 6.9922
3 16 -20.9982 -16.7253 4.3525 -20.3391 -15.0874 4.7531 -19.2425 -16.2184 3.356
3 16 -19.2425 -16.2184 3.356 -20.3391 -15.0874 4.7531 -18.2157 -15.7343 3.0484
3 16 -21.6775 -14.0983 6.9922 -22.4624 -12.8492 10.0212 -20.6114 -13.4736 7.5682
3 16 -20.6114 -13.4736 7.5682 -22.4624 -12.8492 10.0212 -21.4334 -12.8224 10.0212
3 16 -20.3391 -15.0874 4.7531 -21.6775 -14.0983 6.9922 -19.1928 -14.0933 5.3943
3 16 -19.1928 -14.0933 5.3943 -21.6775 -14.0983 6.9922 -20.6114 -13.4736 7.5682
3 16 -20.3391 -15.0874 4.7531 -19.1928 -14.0933 5.3943 -18.2157 -15.7343 3.0484
3 16 -18.2157 -15.7343 3.0484 -19.1928 -14.0933 5.3943 -17.4086 -14.4187 4.1811
3 16 -24.0971 -15.8337 10.0212 -23.3903 -16.4792 7.6763 -25.303 -16.9658 10.0212
3 16 -25.303 -16.9658 10.0212 -23.3903 -16.4792 7.6763 -24.3465 -17.6472 7.0579
3 16 -22.5669 -17.7093 4.6539 -24.3465 -17.6472 7.0579 -22.4025 -16.8529 5.6871
3 16 -22.4025 -16.8529 5.6871 -24.3465 -17.6472 7.0579 -23.3903 -16.4792 7.6763
3 16 -22.5669 -17.7093 4.6539 -22.4025 -16.8529 5.6871 -20.9982 -16.7253 4.3525
3 16 -22.5669 -17.7093 4.6539 -20.9982 -16.7253 4.3525 -19.9013 -17.0453 2.6291
3 16 -19.9013 -17.0453 2.6291 -20.9982 -16.7253 4.3525 -19.2425 -16.2184 3.356
3 16 -25.5715 -19.2671 10.0212 -23.9436 -20.3354 6.5023 -25.5975 -21.4123 10.0212
3 16 -25.5975 -21.4123 10.0212 -23.9436 -20.3354 6.5023 -24.0695 -23.3771 7.2418
3 16 -23.9436 -20.3354 6.5023 -21.3723 -21.216 3.2761 -24.0695 -23.3771 7.2418
3 16 -24.0695 -23.3771 7.2418 -21.3723 -21.216 3.2761 -22.1505 -25.2116 4.6929
3 16 -23.9436 -20.3354 6.5023 -25.5715 -19.2671 10.0212 -24.3465 -17.6472 7.0579
3 16 -24.3465 -17.6472 7.0579 -25.5715 -19.2671 10.0212 -25.303 -16.9658 10.0212
3 16 -23.9436 -20.3354 6.5023 -24.3465 -17.6472 7.0579 -22.5669 -17.7093 4.6539
3 16 -23.9436 -20.3354 6.5023 -22.5669 -17.7093 4.6539 -21.3723 -21.216 3.2761
3 16 -21.3723 -21.216 3.2761 -22.5669 -17.7093 4.6539 -19.9013 -17.0453 2.6291
3 16 -25.5975 -21.4123 10.0212 -24.0695 -23.3771 7.2418 -24.0012 -23.1249 10.0212
3 16 -24.0012 -23.1249 10.0212 -24.0695 -23.3771 7.2418 -21.6856 -25.5683 6.5504
3 16 -21.6856 -25.5683 6.5504 -24.0695 -23.3771 7.2418 -22.1505 -25.2116 4.6929
3 16 -19.4742 -26.8769 3.3134 -18.9267 -27.5195 4.4379 -22.1505 -25.2116 4.6929
3 16 -22.1505 -25.2116 4.6929 -18.9267 -27.5195 4.4379 -21.6856 -25.5683 6.5504
3 16 -21.3391 -27.677 7.8131 -19.1442 -30.6824 7.1692 -21.5782 -28.3598 10.0212
3 16 -21.5782 -28.3598 10.0212 -19.1442 -30.6824 7.1692 -19.1137 -32.6064 10.0212
3 16 -24.0012 -23.1249 10.0212 -21.6856 -25.5683 6.5504 -21.5782 -28.3598 10.0212
3 16 -21.5782 -28.3598 10.0212 -21.6856 -25.5683 6.5504 -21.3391 -27.677 7.8131
3 16 -19.1442 -30.6824 7.1692 -21.3391 -27.677 7.8131 -18.9267 -27.5195 4.4379
3 16 -18.9267 -27.5195 4.4379 -21.3391 -27.677 7.8131 -21.6856 -25.5683 6.5504
3 16 -17.3843 -28.2141 3.8763 -18.9267 -27.5195 4.4379 -17.7781 -27.6272 2.5575
3 16 -17.7781 -27.6272 2.5575 -18.9267 -27.5195 4.4379 -19.4742 -26.8769 3.3134
3 16 -16.3444 -28.4611 3.8125 -17.3843 -28.2141 3.8763 -16.8024 -27.7678 2.0984
3 16 -16.8024 -27.7678 2.0984 -17.3843 -28.2141 3.8763 -17.7781 -27.6272 2.5575
3 16 -16.8024 -27.7678 2.0984 -14.6543 -28.9472 1.1805 -16.3444 -28.4611 3.8125
3 16 -16.3444 -28.4611 3.8125 -14.6543 -28.9472 1.1805 -14.337 -29.5977 2.9435
3 16 -18.9267 -27.5195 4.4379 -17.3843 -28.2141 3.8763 -16.6015 -27.5059 5.2632
3 16 -16.6015 -27.5059 5.2632 -17.3843 -28.2141 3.8763 -16.3444 -28.4611 3.8125
3 16 -16.6015 -27.5059 5.2632 -16.3444 -28.4611 3.8125 -13.4344 -29.8692 3.4807
3 16 -13.4344 -29.8692 3.4807 -16.3444 -28.4611 3.8125 -14.337 -29.5977 2.9435
3 16 -16.21 -29.552 7.441 -19.1442 -30.6824 7.1692 -16.6015 -27.5059 5.2632
3 16 -16.6015 -27.5059 5.2632 -19.1442 -30.6824 7.1692 -18.9267 -27.5195 4.4379
3 16 -19.1137 -32.6064 10.0212 -19.1442 -30.6824 7.1692 -15.9019 -31.4526 10.0212
3 16 -15.9019 -31.4526 10.0212 -19.1442 -30.6824 7.1692 -16.21 -29.552 7.441
3 16 -19.2425 -16.2184 3.356 -16.6865 -18.589 1.9751 -19.9013 -17.0453 2.6291
3 16 -19.9013 -17.0453 2.6291 -16.6865 -18.589 1.9751 -17.3905 -19.2867 1.3015
3 16 -1.5194 -20.055 1.9549 -1.8537 -21.5608 -3.2209 -6.34 -19.1208 -0.8104
3 16 -6.34 -19.1208 -0.8104 -1.8537 -21.5608 -3.2209 -5.5695 -20.2683 -3.0066
3 16 -1.8537 -21.5608 -3.2209 -1.5194 -20.055 1.9549 -0.4677 -21.5862 1.3571
3 16 -9.3162 -19.7648 -0.1152 -6.34 -19.1208 -0.8104 -9.5561 -21.1318 -2.066
3 16 -9.5561 -21.1318 -2.066 -6.34 -19.1208 -0.8104 -5.5695 -20.2683 -3.0066
3 16 -9.5561 -21.1318 -2.066 -13.7639 -21.1399 -0.5796 -9.3162 -19.7648 -0.1152
3 16 -9.3162 -19.7648 -0.1152 -13.7639 -21.1399 -0.5796 -13.0058 -19.9064 0.8555
3 16 -13.7639 -21.1399 -0.5796 -17.3905 -19.2867 1.3015 -13.0058 -19.9064 0.8555
3 16 -13.0058 -19.9064 0.8555 -17.3905 -19.2867 1.3015 -16.6865 -18.589 1.9751
3 16 -21.3723 -21.216 3.2761 -18.1594 -23.2104 1.6334 -22.1505 -25.2116 4.6929
3 16 -22.1505 -25.2116 4.6929 -18.1594 -23.2104 1.6334 -19.4742 -26.8769 3.3134
3 16 -18.1594 -23.2104 1.6334 -21.3723 -21.216 3.2761 -17.3905 -19.2867 1.3015
3 16 -17.3905 -19.2867 1.3015 -21.3723 -21.216 3.2761 -19.9013 -17.0453 2.6291
3 16 -18.1594 -23.2104 1.6334 -17.7781 -27.6272 2.5575 -19.4742 -26.8769 3.3134
3 16 -14.5933 -24.9467 -0.0317 -16.8024 -27.7678 2.0984 -18.1594 -23.2104 1.6334
3 16 -18.1594 -23.2104 1.6334 -16.8024 -27.7678 2.0984 -17.7781 -27.6272 2.5575
3 16 -14.5933 -24.9467 -0.0317 -18.1594 -23.2104 1.6334 -13.7639 -21.1399 -0.5796
3 16 -13.7639 -21.1399 -0.5796 -18.1594 -23.2104 1.6334 -17.3905 -19.2867 1.3015
3 16 -14.5933 -24.9467 -0.0317 -14.6543 -28.9472 1.1805 -16.8024 -27.7678 2.0984
3 16 -14.5933 -24.9467 -0.0317 -13.7639 -21.1399 -0.5796 -10.9721 -26.3229 -1.4551
3 16 -10.9721 -26.3229 -1.4551 -13.7639 -21.1399 -0.5796 -9.5561 -21.1318 -2.066
3 16 -11.4824 -30.7965 0.3559 -14.6543 -28.9472 1.1805 -10.9721 -26.3229 -1.4551
3 16 -10.9721 -26.3229 -1.4551 -14.6543 -28.9472 1.1805 -14.5933 -24.9467 -0.0317
3 16 -14.6543 -28.9472 1.1805 -11.4824 -30.7965 0.3559 -14.337 -29.5977 2.9435
3 16 -14.337 -29.5977 2.9435 -11.4824 -30.7965 0.3559 -11.1516 -31.217 1.6843
3 16 -13.4344 -29.8692 3.4807 -14.337 -29.5977 2.9435 -11.1516 -31.217 1.6843
3 16 -13.4344 -29.8692 3.4807 -11.1516 -31.217 1.6843 -10.7801 -31.3556 2.5704
3 16 -10.7801 -31.3556 2.5704 -11.1516 -31.217 1.6843 -10.3117 -31.1401 1.9461
3 16 -10.3117 -31.1401 1.9461 -11.1516 -31.217 1.6843 -10.4265 -30.7118 -0.0697
3 16 -10.4265 -30.7118 -0.0697 -11.1516 -31.217 1.6843 -11.4824 -30.7965 0.3559
3 16 -5.921 -28.1289 -2.3791 -10.4265 -30.7118 -0.0697 -10.9721 -26.3229 -1.4551
3 16 -10.9721 -26.3229 -1.4551 -10.4265 -30.7118 -0.0697 -11.4824 -30.7965 0.3559
3 16 -5.921 -28.1289 -2.3791 -10.9721 -26.3229 -1.4551 -5.5657 -23.9594 -3.0971
3 16 -5.5657 -23.9594 -3.0971 -10.9721 -26.3229 -1.4551 -9.5561 -21.1318 -2.066
3 16 -5.5695 -20.2683 -3.0066 -5.5657 -23.9594 -3.0971 -9.5561 -21.1318 -2.066
3 16 -10.3117 -31.1401 1.9461 -10.4265 -30.7118 -0.0697 -5.7852 -32.8394 0.8344
3 16 -5.7852 -32.8394 0.8344 -10.4265 -30.7118 -0.0697 -6.0315 -32.1412 -1.1434
3 16 -5.921 -28.1289 -2.3791 -6.0315 -32.1412 -1.1434 -10.4265 -30.7118 -0.0697
3 16 -5.5695 -20.2683 -3.0066 -1.8537 -21.5608 -3.2209 -5.5657 -23.9594 -3.0971
3 16 -5.5657 -23.9594 -3.0971 -1.8537 -21.5608 -3.2209 -2.0816 -25.453 -3.0788
3 16 -5.7852 -32.8394 0.8344 -6.0315 -32.1412 -1.1434 -1.2955 -33.8405 0.0702
3 16 -1.2955 -33.8405 0.0702 -6.0315 -32.1412 -1.1434 -1.2963 -33.3155 -1.7646
3 16 -5.921 -28.1289 -2.3791 -1.1439 -30.9412 -2.4533 -6.0315 -32.1412 -1.1434
3 16 -6.0315 -32.1412 -1.1434 -1.1439 -30.9412 -2.4533 -1.2963 -33.3155 -1.7646
3 16 -1.1439 -30.9412 -2.4533 -5.921 -28.1289 -2.3791 -2.0816 -25.453 -3.0788
3 16 -2.0816 -25.453 -3.0788 -5.921 -28.1289 -2.3791 -5.5657 -23.9594 -3.0971
3 16 -2.0816 -25.453 -3.0788 -1.8537 -21.5608 -3.2209 -0.2369 -24.5874 1.6588
3 16 -0.2369 -24.5874 1.6588 -1.8537 -21.5608 -3.2209 -0.4677 -21.5862 1.3571
3 16 -1.1439 -30.9412 -2.4533 -2.0816 -25.453 -3.0788 0.2877 -28.3257 2.813
3 16 0.2877 -28.3257 2.813 -2.0816 -25.453 -3.0788 -0.2369 -24.5874 1.6588
3 16 -1.2963 -33.3155 -1.7646 -1.1439 -30.9412 -2.4533 0.2877 -28.3257 2.813
3 16 -1.2955 -33.8405 0.0702 -1.2963 -33.3155 -1.7646 0.0117 -31.3143 3.8561
3 16 0.0117 -31.3143 3.8561 -1.2963 -33.3155 -1.7646 0.2877 -28.3257 2.813
3 16 -1.2955 -33.8405 0.0702 0.0117 -31.3143 3.8561 -2.3907 -33.1699 1.4994
3 16 -2.3907 -33.1699 1.4994 0.0117 -31.3143 3.8561 -0.2099 -31.2644 4.7856
3 16 -3.4872 -35.5751 5.806 -2.9589 -34.6164 3.5716 -0.7638 -31.8682 6.6433
3 16 -0.7638 -31.8682 6.6433 -2.9589 -34.6164 3.5716 -0.6744 -31.742 5.9937
3 16 -10.3117 -31.1401 1.9461 -9.5821 -30.6894 3.6581 -10.7801 -31.3556 2.5704
3 16 -9.5821 -30.6894 3.6581 -10.3117 -31.1401 1.9461 -6.6873 -31.8631 2.4683
3 16 -6.6873 -31.8631 2.4683 -10.3117 -31.1401 1.9461 -5.7852 -32.8394 0.8344
3 16 -6.6873 -31.8631 2.4683 -5.7852 -32.8394 0.8344 -2.3907 -33.1699 1.4994
3 16 -2.3907 -33.1699 1.4994 -5.7852 -32.8394 0.8344 -1.2955 -33.8405 0.0702
3 16 -16.6015 -27.5059 5.2632 -13.4344 -29.8692 3.4807 -16.21 -29.552 7.441
3 16 -16.21 -29.552 7.441 -13.4344 -29.8692 3.4807 -13.7022 -32.2926 6.4268
3 16 -13.4344 -29.8692 3.4807 -10.7801 -31.3556 2.5704 -13.7022 -32.2926 6.4268
3 16 -13.7022 -32.2926 6.4268 -10.7801 -31.3556 2.5704 -10.9842 -34.6635 6.0436
3 16 -9.5821 -30.6894 3.6581 -9.5627 -31.6505 4.991 -10.7801 -31.3556 2.5704
3 16 -10.7801 -31.3556 2.5704 -9.5627 -31.6505 4.991 -10.9842 -34.6635 6.0436
3 16 -10.9842 -34.6635 6.0436 -9.5627 -31.6505 4.991 -8.3183 -32.9807 6.5541
3 16 -8.3183 -32.9807 6.5541 -7.7789 -34.5987 8.4029 -10.9842 -34.6635 6.0436
3 16 -9.5821 -30.6894 3.6581 -6.6873 -31.8631 2.4683 -9.5627 -31.6505 4.991
3 16 -9.5627 -31.6505 4.991 -6.6873 -31.8631 2.4683 -6.2164 -33.5654 4.1934
3 16 -9.5627 -31.6505 4.991 -6.2164 -33.5654 4.1934 -8.3183 -32.9807 6.5541
3 16 -8.3183 -32.9807 6.5541 -6.2164 -33.5654 4.1934 -5.7788 -34.3908 5.3457
3 16 -8.3183 -32.9807 6.5541 -5.7788 -34.3908 5.3457 -7.7789 -34.5987 8.4029
3 16 -7.7789 -34.5987 8.4029 -5.7788 -34.3908 5.3457 -5.0953 -36.3055 7.618
3 16 -6.6873 -31.8631 2.4683 -2.3907 -33.1699 1.4994 -6.2164 -33.5654 4.1934
3 16 -6.2164 -33.5654 4.1934 -2.3907 -33.1699 1.4994 -2.9589 -34.6164 3.5716
3 16 -2.3907 -33.1699 1.4994 -0.2099 -31.2644 4.7856 -2.9589 -34.6164 3.5716
3 16 -2.9589 -34.6164 3.5716 -0.2099 -31.2644 4.7856 -0.6744 -31.742 5.9937
3 16 -6.2164 -33.5654 4.1934 -2.9589 -34.6164 3.5716 -5.7788 -34.3908 5.3457
3 16 -5.7788 -34.3908 5.3457 -2.9589 -34.6164 3.5716 -3.4872 -35.5751 5.806
3 16 -2.4211 -37.7885 7.8319 -3.4872 -35.5751 5.806 -0.2758 -33.6831 8.2342
3 16 -0.2758 -33.6831 8.2342 -3.4872 -35.5751 5.806 -0.7638 -31.8682 6.6433
3 16 -5.7788 -34.3908 5.3457 -3.4872 -35.5751 5.806 -5.0953 -36.3055 7.618
3 16 -5.0953 -36.3055 7.618 -3.4872 -35.5751 5.806 -2.4211 -37.7885 7.8319
3 16 -16.6865 -18.589 1.9751 -19.2425 -16.2184 3.356 -18.2157 -15.7343 3.0484
3 16 -16.6865 -18.589 1.9751 -18.2157 -15.7343 3.0484 -15.8802 -16.0147 1.8955
3 16 -13.0058 -19.9064 0.8555 -16.6865 -18.589 1.9751 -12.7875 -15.7565 1.0099
3 16 -12.7875 -15.7565 1.0099 -16.6865 -18.589 1.9751 -15.8802 -16.0147 1.8955
3 16 -6.859 -16.7381 -0.4477 -9.3162 -19.7648 -0.1152 -9.3093 -15.5173 0.1449
3 16 -18.2157 -15.7343 3.0484 -17.4086 -14.4187 4.1811 -15.8802 -16.0147 1.8955
3 16 -15.8802 -16.0147 1.8955 -17.4086 -14.4187 4.1811 -15.0247 -14.3005 3.3401
3 16 -15.8802 -16.0147 1.8955 -15.0247 -14.3005 3.3401 -12.7875 -15.7565 1.0099
3 16 -12.7875 -15.7565 1.0099 -15.0247 -14.3005 3.3401 -12.0238 -13.1722 2.9754
3 16 -12.7875 -15.7565 1.0099 -12.0238 -13.1722 2.9754 -9.3093 -15.5173 0.1449
3 16 -9.3093 -15.5173 0.1449 -12.0238 -13.1722 2.9754 -8.5928 -12.0576 3.1557
3 16 -6.859 -16.7381 -0.4477 -9.3093 -15.5173 0.1449 -5.7587 -12.4117 2.8175
3 16 -5.7587 -12.4117 2.8175 -9.3093 -15.5173 0.1449 -8.5928 -12.0576 3.1557
3 16 -1.5194 -20.055 1.9549 -6.34 -19.1208 -0.8104 -1.6382 -17.3307 1.7795
3 16 -1.6382 -17.3307 1.7795 -6.34 -19.1208 -0.8104 -6.3122 -18.0595 -0.6189
3 16 -6.859 -16.7381 -0.4477 -5.7587 -12.4117 2.8175 -3.2495 -14.1777 2.3946
3 16 -9.3093 -15.5173 0.1449 -9.3162 -19.7648 -0.1152 -12.7875 -15.7565 1.0099
3 16 -12.7875 -15.7565 1.0099 -9.3162 -19.7648 -0.1152 -13.0058 -19.9064 0.8555
3 16 -6.3122 -18.0595 -0.6189 -6.859 -16.7381 -0.4477 -1.6382 -17.3307 1.7795
3 16 -1.6382 -17.3307 1.7795 -6.859 -16.7381 -0.4477 -3.2495 -14.1777 2.3946
3 16 -12.0238 -13.1722 2.9754 -13.5534 -13.6655 6.9279 -11.9392 -13.0184 8.1349
3 16 -5.7587 -12.4117 2.8175 -8.5928 -12.0576 3.1557 -5.6924 -12.2112 8.1278
3 16 -5.6924 -12.2112 8.1278 -8.5928 -12.0576 3.1557 -9.2562 -12.2009 8.1277
3 16 -3.2495 -14.1777 2.3946 -5.7587 -12.4117 2.8175 -3.0767 -14.1379 8.1446
3 16 -3.0767 -14.1379 8.1446 -5.7587 -12.4117 2.8175 -5.6924 -12.2112 8.1278
3 16 -2.1978 -15.5633 5.0938 -1.6382 -17.3307 1.7795 -3.2495 -14.1777 2.3946
3 16 -1.5194 -20.055 1.9549 -1.6382 -17.3307 1.7795 -1.51 -16.9671 5.0777
3 16 -1.51 -16.9671 5.0777 -1.6382 -17.3307 1.7795 -2.1978 -15.5633 5.0938
3 16 -0.7638 -31.8682 6.6433 3.347 -34.343 5.6544 -0.2758 -33.6831 8.2342
3 16 -0.2758 -33.6831 8.2342 3.347 -34.343 5.6544 3.8561 -36.7254 7.754
3 16 3.347 -34.343 5.6544 7.9678 -36.5687 5.042 3.8561 -36.7254 7.754
3 16 3.8561 -36.7254 7.754 7.9678 -36.5687 5.042 8.9397 -39.2739 7.46
3 16 -0.7638 -31.8682 6.6433 -0.6744 -31.742 5.9937 3.347 -34.343 5.6544
3 16 3.347 -34.343 5.6544 -0.6744 -31.742 5.9937 3.2051 -33.4498 4.3794
3 16 -0.6744 -31.742 5.9937 -0.2099 -31.2644 4.7856 3.2051 -33.4498 4.3794
3 16 3.2051 -33.4498 4.3794 -0.2099 -31.2644 4.7856 3.1438 -32.4825 3.3247
3 16 3.2051 -33.4498 4.3794 8.2254 -36.2358 3.4353 3.347 -34.343 5.6544
3 16 3.347 -34.343 5.6544 8.2254 -36.2358 3.4353 7.9678 -36.5687 5.042
3 16 3.1438 -32.4825 3.3247 7.0874 -33.6916 1.7901 3.2051 -33.4498 4.3794
3 16 3.2051 -33.4498 4.3794 7.0874 -33.6916 1.7901 8.2254 -36.2358 3.4353
3 16 -0.2099 -31.2644 4.7856 0.0117 -31.3143 3.8561 3.1438 -32.4825 3.3247
3 16 3.1438 -32.4825 3.3247 0.0117 -31.3143 3.8561 6.588 -34.0307 0.441
3 16 3.1438 -32.4825 3.3247 6.588 -34.0307 0.441 7.0874 -33.6916 1.7901
3 16 6.588 -34.0307 0.441 0.0117 -31.3143 3.8561 7.1384 -31.5136 -0.869
3 16 7.1384 -31.5136 -0.869 0.0117 -31.3143 3.8561 0.2877 -28.3257 2.813
3 16 6.588 -34.0307 0.441 8.0408 -30.8088 2.227 7.0874 -33.6916 1.7901
3 16 6.588 -34.0307 0.441 7.1384 -31.5136 -0.869 8.0408 -30.8088 2.227
3 16 8.0408 -30.8088 2.227 7.1384 -31.5136 -0.869 8.283 -30.07 1.3833
3 16 8.283 -30.07 1.3833 7.1384 -31.5136 -0.869 0.2877 -28.3257 2.813
3 16 10.3972 -29.5903 0.1948 8.283 -30.07 1.3833 3.2873 -25.877 -0.1137
3 16 3.2873 -25.877 -0.1137 8.283 -30.07 1.3833 0.2877 -28.3257 2.813
3 16 10.3972 -29.5903 0.1948 9.1902 -30.7543 2.022 8.283 -30.07 1.3833
3 16 8.283 -30.07 1.3833 9.1902 -30.7543 2.022 8.0408 -30.8088 2.227
3 16 8.2254 -36.2358 3.4353 7.0874 -33.6916 1.7901 8.7805 -31.5995 3.4101
3 16 8.7805 -31.5995 3.4101 7.0874 -33.6916 1.7901 8.0408 -30.8088 2.227
3 16 8.0408 -30.8088 2.227 9.1902 -30.7543 2.022 8.7805 -31.5995 3.4101
3 16 8.7805 -31.5995 3.4101 9.1902 -30.7543 2.022 10.3272 -32.5897 3.3872
3 16 -0.2369 -24.5874 1.6588 -0.4677 -21.5862 1.3571 1.4678 -23.5052 0.3573
3 16 1.4678 -23.5052 0.3573 -0.4677 -21.5862 1.3571 1.2333 -20.9 0.6105
3 16 -1.5194 -20.055 1.9549 1.4168 -19.201 1.4148 -0.4677 -21.5862 1.3571
3 16 -0.4677 -21.5862 1.3571 1.4168 -19.201 1.4148 1.2333 -20.9 0.6105
3 16 -1.5194 -20.055 1.9549 -1.51 -16.9671 5.0777 1.4168 -19.201 1.4148
3 16 1.4168 -19.201 1.4148 -1.51 -16.9671 5.0777 1.9824 -16.2607 5.0005
3 16 11.2516 -29.8103 -1.3181 10.3972 -29.5903 0.1948 4.1413 -26.3491 -2.0762
3 16 4.1413 -26.3491 -2.0762 10.3972 -29.5903 0.1948 3.2873 -25.877 -0.1137
3 16 4.1413 -26.3491 -2.0762 3.2873 -25.877 -0.1137 1.7846 -24.1706 -2.0017
3 16 1.7846 -24.1706 -2.0017 3.2873 -25.877 -0.1137 1.4678 -23.5052 0.3573
3 16 1.7846 -24.1706 -2.0017 1.4678 -23.5052 0.3573 1.4082 -19.7136 -1.4667
3 16 1.4082 -19.7136 -1.4667 1.4678 -23.5052 0.3573 1.2333 -20.9 0.6105
3 16 1.4082 -19.7136 -1.4667 1.2333 -20.9 0.6105 1.4168 -19.201 1.4148
3 16 1.4082 -19.7136 -1.4667 1.4168 -19.201 1.4148 2.3473 -14.7094 -1.1098
3 16 2.3473 -14.7094 -1.1098 1.4168 -19.201 1.4148 2.2089 -14.8019 3.472
3 16 2.2089 -14.8019 3.472 1.4168 -19.201 1.4148 1.9824 -16.2607 5.0005
3 16 0.1162 -11.2576 3.0756 -3.2582 -8.4056 3.7018 0.1365 -11.1126 -1.5673
3 16 0.1365 -11.1126 -1.5673 -3.2582 -8.4056 3.7018 -3.6622 -8.0113 -2.0909
3 16 0.1365 -11.1126 -1.5673 2.3473 -14.7094 -1.1098 0.1162 -11.2576 3.0756
3 16 0.1162 -11.2576 3.0756 2.3473 -14.7094 -1.1098 2.2089 -14.8019 3.472
3 16 -6.2036 -7.1905 3.2983 -6.6016 -7.791 3.7901 -8.3254 -5.5309 3.3969
3 16 -6.2036 -7.1905 3.2983 -3.2582 -8.4056 3.7018 -6.6016 -7.791 3.7901
3 16 -3.2582 -8.4056 3.7018 -6.2036 -7.1905 3.2983 -3.6622 -8.0113 -2.0909
3 16 -3.6622 -8.0113 -2.0909 -6.2036 -7.1905 3.2983 -5.9777 -6.9667 -1.9789
3 16 -5.9777 -6.9667 -1.9789 -6.2036 -7.1905 3.2983 -8.0106 -5.7999 -2.0126
3 16 -8.0106 -5.7999 -2.0126 -6.2036 -7.1905 3.2983 -8.3254 -5.5309 3.3969
3 16 -8.3254 -5.5309 3.3969 -9.8236 -3.6945 1.885 -8.0106 -5.7999 -2.0126
3 16 -8.0106 -5.7999 -2.0126 -9.8236 -3.6945 1.885 -9.4113 -3.7031 -2.6574
3 16 -9.4113 -3.7031 -2.6574 -7.9466 -3.5194 -4.0012 -8.0106 -5.7999 -2.0126
3 16 -8.0106 -5.7999 -2.0126 -7.9466 -3.5194 -4.0012 -6.6458 -5.6846 -3.2555
3 16 -8.0106 -5.7999 -2.0126 -6.6458 -5.6846 -3.2555 -5.9777 -6.9667 -1.9789
3 16 -5.9777 -6.9667 -1.9789 -6.6458 -5.6846 -3.2555 -3.6622 -8.0113 -2.0909
3 16 11.2516 -29.8103 -1.3181 11.9274 -28.0085 -3.8989 12.7678 -29.1003 -2.267
3 16 5.7208 -25.2607 -4.8856 4.1413 -26.3491 -2.0762 3.2893 -23.2169 -5.1918
3 16 3.2893 -23.2169 -5.1918 4.1413 -26.3491 -2.0762 1.7846 -24.1706 -2.0017
3 16 3.8964 -19.6088 -5.1812 3.2893 -23.2169 -5.1918 1.4082 -19.7136 -1.4667
3 16 1.4082 -19.7136 -1.4667 3.2893 -23.2169 -5.1918 1.7846 -24.1706 -2.0017
3 16 3.8964 -19.6088 -5.1812 1.4082 -19.7136 -1.4667 4.9261 -15.156 -4.5791
3 16 4.9261 -15.156 -4.5791 1.4082 -19.7136 -1.4667 2.3473 -14.7094 -1.1098
3 16 4.9261 -15.156 -4.5791 2.3473 -14.7094 -1.1098 1.4014 -9.8627 -5.6448
3 16 1.4014 -9.8627 -5.6448 2.3473 -14.7094 -1.1098 0.1365 -11.1126 -1.5673
3 16 -2.3152 -6.8827 -6.1559 1.4014 -9.8627 -5.6448 -3.6622 -8.0113 -2.0909
3 16 -3.6622 -8.0113 -2.0909 1.4014 -9.8627 -5.6448 0.1365 -11.1126 -1.5673
3 16 -4.8631 -5.4133 -6.7073 -2.3152 -6.8827 -6.1559 -6.6458 -5.6846 -3.2555
3 16 -6.6458 -5.6846 -3.2555 -2.3152 -6.8827 -6.1559 -3.6622 -8.0113 -2.0909
3 16 -4.8631 -5.4133 -6.7073 -6.6458 -5.6846 -3.2555 -6.6756 -3.1386 -6.7723
3 16 -6.6756 -3.1386 -6.7723 -6.6458 -5.6846 -3.2555 -7.9466 -3.5194 -4.0012
3 16 -2.3152 -6.8827 -6.1559 -4.8631 -5.4133 -6.7073 -1.7489 -4.4671 -8.0922
3 16 -1.7489 -4.4671 -8.0922 -4.8631 -5.4133 -6.7073 -4.5102 -4.001 -7.6185
3 16 1.4014 -9.8627 -5.6448 -2.3152 -6.8827 -6.1559 0.7757 -4.7896 -8.1917
3 16 0.7757 -4.7896 -8.1917 -2.3152 -6.8827 -6.1559 -1.7489 -4.4671 -8.0922
3 16 1.4014 -9.8627 -5.6448 0.7757 -4.7896 -8.1917 4.5665 -4.2998 -7.2895
3 16 -6.6756 -3.1386 -6.7723 -4.5102 -4.001 -7.6185 -4.8631 -5.4133 -6.7073
3 16 4.5665 -4.2998 -7.2895 7.1582 -7.084 -5.7855 1.4014 -9.8627 -5.6448
3 16 1.4014 -9.8627 -5.6448 7.1582 -7.084 -5.7855 6.5399 -10.7024 -5.8762
3 16 1.4014 -9.8627 -5.6448 6.5399 -10.7024 -5.8762 4.9261 -15.156 -4.5791
3 16 4.9261 -15.156 -4.5791 6.5399 -10.7024 -5.8762 7.5739 -14.7959 -4.9682
3 16 10.6038 -10.9972 -5.3273 6.5399 -10.7024 -5.8762 10.2336 -8.5011 -5.6367
3 16 10.2336 -8.5011 -5.6367 6.5399 -10.7024 -5.8762 7.1582 -7.084 -5.7855
3 16 11.5659 -13.8413 -5.04 7.5739 -14.7959 -4.9682 10.6038 -10.9972 -5.3273
3 16 10.6038 -10.9972 -5.3273 7.5739 -14.7959 -4.9682 6.5399 -10.7024 -5.8762
3 16 9.8692 -4.9612 -3.5896 7.1582 -7.084 -5.7855 8.2467 -1.8666 -4.051
3 16 8.2467 -1.8666 -4.051 7.1582 -7.084 -5.7855 4.5665 -4.2998 -7.2895
3 16 12.2565 -7.0522 -2.5617 10.2336 -8.5011 -5.6367 9.8692 -4.9612 -3.5896
3 16 9.8692 -4.9612 -3.5896 10.2336 -8.5011 -5.6367 7.1582 -7.084 -5.7855
3 16 12.6383 -9.9347 -2.4082 13.784 -12.5035 -2.5311 10.6038 -10.9972 -5.3273
3 16 10.6038 -10.9972 -5.3273 13.784 -12.5035 -2.5311 11.5659 -13.8413 -5.04
3 16 10.6038 -10.9972 -5.3273 10.2336 -8.5011 -5.6367 12.6383 -9.9347 -2.4082
3 16 12.6383 -9.9347 -2.4082 10.2336 -8.5011 -5.6367 12.2565 -7.0522 -2.5617
3 16 3.8964 -19.6088 -5.1812 7.6077 -21.4326 -6.018 3.2893 -23.2169 -5.1918
3 16 3.2893 -23.2169 -5.1918 7.6077 -21.4326 -6.018 5.7208 -25.2607 -4.8856
3 16 11.9274 -28.0085 -3.8989 5.7208 -25.2607 -4.8856 13.6921 -23.752 -4.845
3 16 13.6921 -23.752 -4.845 5.7208 -25.2607 -4.8856 7.6077 -21.4326 -6.018
3 16 15.1379 -19.2124 -5.3083 13.6921 -23.752 -4.845 13.5608 -16.1003 -5.3008
3 16 13.5608 -16.1003 -5.3008 13.6921 -23.752 -4.845 7.6077 -21.4326 -6.018
3 16 4.9261 -15.156 -4.5791 7.5739 -14.7959 -4.9682 3.8964 -19.6088 -5.1812
3 16 3.8964 -19.6088 -5.1812 7.5739 -14.7959 -4.9682 7.6077 -21.4326 -6.018
3 16 7.6077 -21.4326 -6.018 7.5739 -14.7959 -4.9682 13.5608 -16.1003 -5.3008
3 16 13.5608 -16.1003 -5.3008 7.5739 -14.7959 -4.9682 11.5659 -13.8413 -5.04
3 16 14.8579 -28.4832 -1.4462 12.7678 -29.1003 -2.267 14.9462 -27.9185 -1.6137
3 16 14.9462 -27.9185 -1.6137 12.7678 -29.1003 -2.267 11.9274 -28.0085 -3.8989
3 16 11.9274 -28.0085 -3.8989 13.6921 -23.752 -4.845 14.9462 -27.9185 -1.6137
3 16 14.9462 -27.9185 -1.6137 13.6921 -23.752 -4.845 16.719 -24.5211 -2.2497
3 16 17.9747 -19.2958 -3.0869 16.719 -24.5211 -2.2497 15.1379 -19.2124 -5.3083
3 16 15.1379 -19.2124 -5.3083 16.719 -24.5211 -2.2497 13.6921 -23.752 -4.845
3 16 17.9747 -19.2958 -3.0869 15.1379 -19.2124 -5.3083 16.0292 -15.4305 -3.0671
3 16 16.0292 -15.4305 -3.0671 15.1379 -19.2124 -5.3083 13.5608 -16.1003 -5.3008
3 16 16.0292 -15.4305 -3.0671 13.5608 -16.1003 -5.3008 13.784 -12.5035 -2.5311
3 16 13.784 -12.5035 -2.5311 13.5608 -16.1003 -5.3008 11.5659 -13.8413 -5.04
3 16 15.2999 -27.7819 -1.257 15.157 -28.2944 -1.1331 14.9462 -27.9185 -1.6137
3 16 14.9462 -27.9185 -1.6137 15.157 -28.2944 -1.1331 14.8579 -28.4832 -1.4462
3 16 14.9462 -27.9185 -1.6137 16.719 -24.5211 -2.2497 15.2999 -27.7819 -1.257
3 16 15.2999 -27.7819 -1.257 16.719 -24.5211 -2.2497 16.9077 -24.4866 -1.9396
3 16 18.1645 -19.2703 -1.7145 16.9077 -24.4866 -1.9396 17.9747 -19.2958 -3.0869
3 16 17.9747 -19.2958 -3.0869 16.9077 -24.4866 -1.9396 16.719 -24.5211 -2.2497
3 16 15.8761 -14.9144 -0.6866 18.1645 -19.2703 -1.7145 16.0292 -15.4305 -3.0671
3 16 16.0292 -15.4305 -3.0671 18.1645 -19.2703 -1.7145 17.9747 -19.2958 -3.0869
3 16 14.6916 -13.4097 0.9524 15.8761 -14.9144 -0.6866 13.784 -12.5035 -2.5311
3 16 13.784 -12.5035 -2.5311 15.8761 -14.9144 -0.6866 16.0292 -15.4305 -3.0671
3 16 14.6916 -13.4097 0.9524 13.784 -12.5035 -2.5311 12.7368 -10.1581 0.3675
3 16 12.7368 -10.1581 0.3675 13.784 -12.5035 -2.5311 12.6383 -9.9347 -2.4082
3 16 12.6174 -9.2967 4.2035 13.2665 -10.9127 3.6633 12.7368 -10.1581 0.3675
3 16 12.7368 -10.1581 0.3675 13.2665 -10.9127 3.6633 14.6916 -13.4097 0.9524
3 16 12.2565 -7.0522 -2.5617 12.2396 -7.0305 0.3164 12.6383 -9.9347 -2.4082
3 16 12.6383 -9.9347 -2.4082 12.2396 -7.0305 0.3164 12.7368 -10.1581 0.3675
3 16 15.8761 -14.9144 -0.6866 21.4476 -15.7451 -0.0425 18.1645 -19.2703 -1.7145
3 16 18.1645 -19.2703 -1.7145 21.4476 -15.7451 -0.0425 21.4436 -20.0169 -1.1231
3 16 14.6916 -13.4097 0.9524 21.8474 -13.8616 1.8332 15.8761 -14.9144 -0.6866
3 16 15.8761 -14.9144 -0.6866 21.8474 -13.8616 1.8332 21.4476 -15.7451 -0.0425
3 16 16.3161 -10.6229 3.5148 14.6916 -13.4097 0.9524 13.2665 -10.9127 3.6633
3 16 21.8474 -13.8616 1.8332 19.658 -11.2063 3.55 23.5695 -12.8725 3.4588
3 16 19.8066 -11.1374 4.2195 23.0361 -13.0502 4.2362 19.658 -11.2063 3.55
3 16 19.658 -11.2063 3.55 23.0361 -13.0502 4.2362 23.5695 -12.8725 3.4588
3 16 19.8066 -11.1374 4.2195 19.658 -11.2063 3.55 16.2746 -10.5006 4.214
3 16 16.2746 -10.5006 4.214 19.658 -11.2063 3.55 16.3161 -10.6229 3.5148
3 16 13.1658 -10.8352 4.2169 16.2746 -10.5006 4.214 13.2665 -10.9127 3.6633
3 16 13.2665 -10.9127 3.6633 16.2746 -10.5006 4.214 16.3161 -10.6229 3.5148
3 16 17.947 -28.3797 -1.3368 16.9077 -24.4866 -1.9396 21.475 -26.1982 -1.5268
3 16 21.475 -26.1982 -1.5268 16.9077 -24.4866 -1.9396 21.4436 -20.0169 -1.1231
3 16 16.9077 -24.4866 -1.9396 18.1645 -19.2703 -1.7145 21.4436 -20.0169 -1.1231
3 16 21.475 -26.1982 -1.5268 21.8985 -28.6506 -1.2086 17.947 -28.3797 -1.3368
3 16 17.947 -28.3797 -1.3368 21.8985 -28.6506 -1.2086 19.6168 -30.5702 -0.7753
3 16 19.6168 -30.5702 -0.7753 21.8985 -28.6506 -1.2086 22.405 -30.53 -0.5403
3 16 9.8692 -4.9612 -3.5896 9.9617 -4.9621 0.2141 12.2565 -7.0522 -2.5617
3 16 12.2565 -7.0522 -2.5617 9.9617 -4.9621 0.2141 12.2396 -7.0305 0.3164
3 16 8.2467 -1.8666 -4.051 8.3533 -1.89 0.4155 9.8692 -4.9612 -3.5896
3 16 9.8692 -4.9612 -3.5896 8.3533 -1.89 0.4155 9.9617 -4.9621 0.2141
3 16 8.7805 -31.5995 3.4101 8.9513 -34.5677 4.8 8.2254 -36.2358 3.4353
3 16 8.2254 -36.2358 3.4353 8.9513 -34.5677 4.8 7.9678 -36.5687 5.042
3 16 8.9513 -34.5677 4.8 10.3449 -36.796 7.3649 7.9678 -36.5687 5.042
3 16 7.9678 -36.5687 5.042 10.3449 -36.796 7.3649 8.9397 -39.2739 7.46
3 16 8.9513 -34.5677 4.8 11.3604 -36.0589 4.8186 10.3449 -36.796 7.3649
3 16 10.3449 -36.796 7.3649 11.3604 -36.0589 4.8186 12.6207 -38.5664 7.9485
3 16 20.2171 -40.2233 4.8805 16.2645 -39.1704 5.6091 17.7099 -37.5344 1.8267
3 16 17.7099 -37.5344 1.8267 16.2645 -39.1704 5.6091 14.6936 -37.5896 3.8584
3 16 18.8392 -36.8908 0.802 22.0054 -37.8527 0.675 17.7099 -37.5344 1.8267
3 16 17.7099 -37.5344 1.8267 22.0054 -37.8527 0.675 20.2171 -40.2233 4.8805
3 16 23.5467 -40.8888 4.6922 20.2171 -40.2233 4.8805 23.2548 -39.8093 2.6185
3 16 23.2548 -39.8093 2.6185 20.2171 -40.2233 4.8805 22.0054 -37.8527 0.675
3 16 16.5347 -40.5738 7.4957 12.6207 -38.5664 7.9485 16.2645 -39.1704 5.6091
3 16 16.5186 -41.4458 10.0212 12.5912 -39.1371 10.0212 16.5347 -40.5738 7.4957
3 16 16.5347 -40.5738 7.4957 12.5912 -39.1371 10.0212 12.6207 -38.5664 7.9485
3 16 16.2645 -39.1704 5.6091 20.2171 -40.2233 4.8805 16.5347 -40.5738 7.4957
3 16 16.5347 -40.5738 7.4957 20.2171 -40.2233 4.8805 20.3649 -41.9935 7.1524
3 16 16.5347 -40.5738 7.4957 20.3649 -41.9935 7.1524 16.5186 -41.4458 10.0212
3 16 16.5186 -41.4458 10.0212 20.3649 -41.9935 7.1524 20.6987 -43.3145 10.0212
3 16 24.5721 -43.0956 6.774 20.3649 -41.9935 7.1524 23.5467 -40.8888 4.6922
3 16 23.5467 -40.8888 4.6922 20.3649 -41.9935 7.1524 20.2171 -40.2233 4.8805
3 16 20.3649 -41.9935 7.1524 24.5721 -43.0956 6.774 20.6987 -43.3145 10.0212
3 16 20.6987 -43.3145 10.0212 24.5721 -43.0956 6.774 25.2959 -44.8735 10.0212
3 16 18.8392 -36.8908 0.802 18.9345 -35.6297 0.545 22.0054 -37.8527 0.675
3 16 22.0054 -37.8527 0.675 18.9345 -35.6297 0.545 22.5662 -36.2663 0.4032
3 16 23.2548 -39.8093 2.6185 22.0054 -37.8527 0.675 24.0977 -37.4046 2.7342
3 16 24.0977 -37.4046 2.7342 22.0054 -37.8527 0.675 23.7057 -35.6184 1.4286
3 16 23.5467 -40.8888 4.6922 23.2548 -39.8093 2.6185 24.4012 -38.5912 4.3644
3 16 24.4012 -38.5912 4.3644 23.2548 -39.8093 2.6185 24.0977 -37.4046 2.7342
3 16 24.4012 -38.5912 4.3644 25.5779 -39.8197 5.7826 23.5467 -40.8888 4.6922
3 16 23.5467 -40.8888 4.6922 25.5779 -39.8197 5.7826 24.5721 -43.0956 6.774
3 16 25.5779 -39.8197 5.7826 26.4484 -41.6758 7.9107 24.5721 -43.0956 6.774
3 16 24.5721 -43.0956 6.774 26.4484 -41.6758 7.9107 25.2959 -44.8735 10.0212
3 16 27.094 -42.4684 10.0212 25.2959 -44.8735 10.0212 26.4484 -41.6758 7.9107
3 16 29.8064 -39.3449 1.5954 24.0977 -37.4046 2.7342 29.2841 -37.2045 -0.5363
3 16 29.2841 -37.2045 -0.5363 24.0977 -37.4046 2.7342 23.7057 -35.6184 1.4286
3 16 29.8064 -39.3449 1.5954 24.4012 -38.5912 4.3644 24.0977 -37.4046 2.7342
3 16 24.4012 -38.5912 4.3644 29.8064 -39.3449 1.5954 25.5779 -39.8197 5.7826
3 16 25.5779 -39.8197 5.7826 29.8064 -39.3449 1.5954 30.7217 -40.9623 3.9344
3 16 25.5779 -39.8197 5.7826 30.7217 -40.9623 3.9344 26.4484 -41.6758 7.9107
3 16 26.4484 -41.6758 7.9107 30.7217 -40.9623 3.9344 31.8977 -43.1102 6.5157
3 16 29.2841 -37.2045 -0.5363 35.1844 -38.4798 -1.1503 29.8064 -39.3449 1.5954
3 16 29.8064 -39.3449 1.5954 35.1844 -38.4798 -1.1503 36.1505 -40.2624 0.379
3 16 29.8064 -39.3449 1.5954 36.1505 -40.2624 0.379 30.7217 -40.9623 3.9344
3 16 30.7217 -40.9623 3.9344 36.1505 -40.2624 0.379 36.9566 -41.4792 2.5632
3 16 30.7217 -40.9623 3.9344 36.9566 -41.4792 2.5632 31.8977 -43.1102 6.5157
3 16 31.8977 -43.1102 6.5157 36.9566 -41.4792 2.5632 39.4419 -43.9125 5.3494
3 16 17.7099 -37.5344 1.8267 17.3437 -36.7103 1.726 18.8392 -36.8908 0.802
3 16 18.8392 -36.8908 0.802 17.3437 -36.7103 1.726 18.9345 -35.6297 0.545
3 16 17.7099 -37.5344 1.8267 14.6936 -37.5896 3.8584 17.3437 -36.7103 1.726
3 16 17.3437 -36.7103 1.726 14.6936 -37.5896 3.8584 15.0765 -35.3958 3.24
3 16 11.3604 -36.0589 4.8186 12.5265 -34.561 3.8175 14.6936 -37.5896 3.8584
3 16 14.6936 -37.5896 3.8584 12.5265 -34.561 3.8175 15.0765 -35.3958 3.24
3 16 11.3604 -36.0589 4.8186 8.9513 -34.5677 4.8 12.5265 -34.561 3.8175
3 16 12.5265 -34.561 3.8175 8.9513 -34.5677 4.8 10.3272 -32.5897 3.3872
3 16 8.9513 -34.5677 4.8 8.7805 -31.5995 3.4101 10.3272 -32.5897 3.3872
3 16 29.2841 -37.2045 -0.5363 31.8075 -37.8863 -2.2886 35.1844 -38.4798 -1.1503
3 16 35.1844 -38.4798 -1.1503 31.8075 -37.8863 -2.2886 34.8138 -38.4686 -2.5128
3 16 29.1602 -37.2201 -1.326 31.8075 -37.8863 -2.2886 29.2841 -37.2045 -0.5363
3 16 29.1602 -37.2201 -1.326 29.2841 -37.2045 -0.5363 24.3323 -35.479 0.5554
3 16 24.3323 -35.479 0.5554 29.2841 -37.2045 -0.5363 23.7057 -35.6184 1.4286
3 16 36.6536 -34.1115 1.0622 35.1844 -38.4798 -1.1503 34.8327 -35.9578 -3.2441
3 16 34.8327 -35.9578 -3.2441 35.1844 -38.4798 -1.1503 34.8138 -38.4686 -2.5128
3 16 31.8534 -35.6163 -3.1887 34.8327 -35.9578 -3.2441 31.8075 -37.8863 -2.2886
3 16 31.8075 -37.8863 -2.2886 34.8327 -35.9578 -3.2441 34.8138 -38.4686 -2.5128
3 16 28.0586 -34.4976 -1.682 31.8534 -35.6163 -3.1887 29.1602 -37.2201 -1.326
3 16 29.1602 -37.2201 -1.326 31.8534 -35.6163 -3.1887 31.8075 -37.8863 -2.2886
3 16 24.3323 -35.479 0.5554 25.1672 -34.909 -0.0952 29.1602 -37.2201 -1.326
3 16 28.0586 -34.4976 -1.682 29.1602 -37.2201 -1.326 25.1672 -34.909 -0.0952
3 16 28.0586 -34.4976 -1.682 25.1672 -34.909 -0.0952 24.3487 -33.3498 -0.2405
3 16 25.0763 -35.5321 -1.5144 23.962 -37.3025 -0.9111 26.1466 -36.8834 -4.1339
3 16 26.1466 -36.8834 -4.1339 23.962 -37.3025 -0.9111 24.8549 -38.9947 -3.5481
3 16 28.7268 -39.1107 -8.1333 26.1466 -36.8834 -4.1339 26.9951 -41.4446 -7.144
3 16 26.9951 -41.4446 -7.144 26.1466 -36.8834 -4.1339 24.8549 -38.9947 -3.5481
3 16 32.1897 -41.1994 -11.549 28.7268 -39.1107 -8.1333 29.7601 -43.7867 -10.388
3 16 29.7601 -43.7867 -10.388 28.7268 -39.1107 -8.1333 26.9951 -41.4446 -7.144
3 16 33.8479 -42.5454 -13.7147 32.1897 -41.1994 -11.549 33.0552 -44.05 -12.6718
3 16 33.8479 -42.5454 -13.7147 33.0552 -44.05 -12.6718 33.8649 -43.1446 -14.6603
3 16 33.8649 -43.1446 -14.6603 33.0552 -44.05 -12.6718 33.6387 -44.8524 -13.3342
3 16 31.8099 -45.2256 -12.4085 33.0552 -44.05 -12.6718 29.7601 -43.7867 -10.388
3 16 29.7601 -43.7867 -10.388 33.0552 -44.05 -12.6718 32.1897 -41.1994 -11.549
3 16 32.0626 -45.991 -12.8731 33.6387 -44.8524 -13.3342 31.8099 -45.2256 -12.4085
3 16 31.8099 -45.2256 -12.4085 33.6387 -44.8524 -13.3342 33.0552 -44.05 -12.6718
3 16 23.962 -37.3025 -0.9111 24.3323 -35.479 0.5554 23.7057 -35.6184 1.4286
3 16 25.1672 -34.909 -0.0952 24.3323 -35.479 0.5554 25.0763 -35.5321 -1.5144
3 16 25.0763 -35.5321 -1.5144 24.3323 -35.479 0.5554 23.962 -37.3025 -0.9111
3 16 29.7601 -43.7867 -10.388 26.9073 -45.5967 -12.7215 31.8099 -45.2256 -12.4085
3 16 12.8954 -44.5867 -11.2519 17.004 -45.2141 -12.1251 14.7817 -42.6271 -8.5801
3 16 22.5662 -36.2663 0.4032 18.9345 -35.6297 0.545 23.962 -37.3025 -0.9111
3 16 23.962 -37.3025 -0.9111 18.9345 -35.6297 0.545 17.7611 -37.709 -2.5393
3 16 22.5662 -36.2663 0.4032 23.962 -37.3025 -0.9111 23.7057 -35.6184 1.4286
3 16 23.962 -37.3025 -0.9111 17.7611 -37.709 -2.5393 24.8549 -38.9947 -3.5481
3 16 24.8549 -38.9947 -3.5481 17.7611 -37.709 -2.5393 16.7278 -40.3604 -5.516
3 16 21.723 -45.5977 -12.7502 26.9951 -41.4446 -7.144 16.7278 -40.3604 -5.516
3 16 16.7278 -40.3604 -5.516 26.9951 -41.4446 -7.144 24.8549 -38.9947 -3.5481
3 16 21.723 -45.5977 -12.7502 26.9073 -45.5967 -12.7215 26.9951 -41.4446 -7.144
3 16 26.9951 -41.4446 -7.144 26.9073 -45.5967 -12.7215 29.7601 -43.7867 -10.388
3 16 21.723 -45.5977 -12.7502 16.7278 -40.3604 -5.516 17.004 -45.2141 -12.1251
3 16 17.004 -45.2141 -12.1251 16.7278 -40.3604 -5.516 14.7817 -42.6271 -8.5801
3 16 26.9073 -45.5967 -12.7215 27.2146 -47.2126 -13.0546 31.8099 -45.2256 -12.4085
3 16 31.8099 -45.2256 -12.4085 27.2146 -47.2126 -13.0546 32.0626 -45.991 -12.8731
3 16 27.2146 -47.2126 -13.0546 26.9073 -45.5967 -12.7215 21.7574 -47.5853 -13.0731
3 16 21.7574 -47.5853 -13.0731 26.9073 -45.5967 -12.7215 21.723 -45.5977 -12.7502
3 16 21.7574 -47.5853 -13.0731 21.723 -45.5977 -12.7502 16.9843 -47.2871 -12.5565
3 16 16.9843 -47.2871 -12.5565 21.723 -45.5977 -12.7502 17.004 -45.2141 -12.1251
3 16 17.004 -45.2141 -12.1251 12.8954 -44.5867 -11.2519 16.9843 -47.2871 -12.5565
3 16 16.9843 -47.2871 -12.5565 12.8954 -44.5867 -11.2519 11.2996 -46.0398 -11.3392
3 16 18.9345 -35.6297 0.545 17.3437 -36.7103 1.726 17.7611 -37.709 -2.5393
3 16 17.7611 -37.709 -2.5393 17.3437 -36.7103 1.726 16.4298 -38.9306 -1.1494
3 16 17.7611 -37.709 -2.5393 16.4298 -38.9306 -1.1494 16.7278 -40.3604 -5.516
3 16 16.7278 -40.3604 -5.516 16.4298 -38.9306 -1.1494 15.3348 -41.3109 -4.7649
3 16 13.3317 -43.7248 -8.6603 14.7817 -42.6271 -8.5801 15.3348 -41.3109 -4.7649
3 16 15.3348 -41.3109 -4.7649 14.7817 -42.6271 -8.5801 16.7278 -40.3604 -5.516
3 16 14.7817 -42.6271 -8.5801 13.3317 -43.7248 -8.6603 12.8954 -44.5867 -11.2519
3 16 12.8954 -44.5867 -11.2519 13.3317 -43.7248 -8.6603 11.2996 -46.0398 -11.3392
3 16 12.5265 -34.561 3.8175 13.0835 -37.1629 1.0462 15.0765 -35.3958 3.24
3 16 15.0765 -35.3958 3.24 13.0835 -37.1629 1.0462 14.7567 -38.0467 -0.0516
3 16 15.3348 -41.3109 -4.7649 14.7567 -38.0467 -0.0516 14.0106 -41.1131 -4.9335
3 16 14.0106 -41.1131 -4.9335 14.7567 -38.0467 -0.0516 13.0835 -37.1629 1.0462
3 16 10.2598 -45.7233 -11.9124 11.2996 -46.0398 -11.3392 12.0906 -43.6957 -8.7911
3 16 12.0906 -43.6957 -8.7911 11.2996 -46.0398 -11.3392 13.3317 -43.7248 -8.6603
3 16 15.3348 -41.3109 -4.7649 14.0106 -41.1131 -4.9335 13.3317 -43.7248 -8.6603
3 16 13.3317 -43.7248 -8.6603 14.0106 -41.1131 -4.9335 12.0906 -43.6957 -8.7911
3 16 10.3272 -32.5897 3.3872 10.6495 -33.5373 -1.341 12.5265 -34.561 3.8175
3 16 12.5265 -34.561 3.8175 10.6495 -33.5373 -1.341 13.0835 -37.1629 1.0462
3 16 14.0106 -41.1131 -4.9335 13.0835 -37.1629 1.0462 11.9501 -38.2465 -7.4026
3 16 11.9501 -38.2465 -7.4026 13.0835 -37.1629 1.0462 10.6495 -33.5373 -1.341
3 16 14.0106 -41.1131 -4.9335 11.9501 -38.2465 -7.4026 12.0906 -43.6957 -8.7911
3 16 12.0906 -43.6957 -8.7911 11.9501 -38.2465 -7.4026 10.2561 -40.8544 -10.7553
3 16 12.0906 -43.6957 -8.7911 10.2561 -40.8544 -10.7553 10.2598 -45.7233 -11.9124
3 16 10.2598 -45.7233 -11.9124 10.2561 -40.8544 -10.7553 8.4179 -43.1381 -13.9549
3 16 9.1902 -30.7543 2.022 10.6495 -33.5373 -1.341 10.3272 -32.5897 3.3872
3 16 11.2996 -46.0398 -11.3392 14.1943 -46.6562 -13.8913 16.9843 -47.2871 -12.5565
3 16 16.9843 -47.2871 -12.5565 14.1943 -46.6562 -13.8913 17.4975 -47.0414 -14.5584
3 16 22.175 -47.2351 -14.9826 21.7574 -47.5853 -13.0731 17.4975 -47.0414 -14.5584
3 16 17.4975 -47.0414 -14.5584 21.7574 -47.5853 -13.0731 16.9843 -47.2871 -12.5565
3 16 27.3799 -46.9008 -14.4858 27.2146 -47.2126 -13.0546 22.175 -47.2351 -14.9826
3 16 22.175 -47.2351 -14.9826 27.2146 -47.2126 -13.0546 21.7574 -47.5853 -13.0731
3 16 27.3799 -46.9008 -14.4858 31.7114 -46.0661 -13.492 27.2146 -47.2126 -13.0546
3 16 27.2146 -47.2126 -13.0546 31.7114 -46.0661 -13.492 32.0626 -45.991 -12.8731
3 16 22.175 -47.2351 -14.9826 17.4975 -47.0414 -14.5584 18.5265 -49.6322 -18.417
3 16 18.5265 -49.6322 -18.417 17.4975 -47.0414 -14.5584 16.1869 -48.0059 -16.0641
3 16 22.175 -47.2351 -14.9826 18.5265 -49.6322 -18.417 21.6225 -51.6401 -21.0443
3 16 24.5812 -53.1746 -23.064 22.175 -47.2351 -14.9826 21.6225 -51.6401 -21.0443
3 16 28.6881 -54.1522 -25.0705 28.1221 -52.3384 -22.3747 24.5812 -53.1746 -23.064
3 16 24.5812 -53.1746 -23.064 28.1221 -52.3384 -22.3747 22.175 -47.2351 -14.9826
3 16 22.175 -47.2351 -14.9826 28.1221 -52.3384 -22.3747 28.1965 -50.4272 -19.722
3 16 22.175 -47.2351 -14.9826 28.1965 -50.4272 -19.722 27.3799 -46.9008 -14.4858
3 16 27.3799 -46.9008 -14.4858 28.1965 -50.4272 -19.722 29.2082 -48.3451 -16.9792
3 16 27.3799 -46.9008 -14.4858 29.2082 -48.3451 -16.9792 31.7114 -46.0661 -13.492
3 16 29.5917 -52.455 -25.8358 29.0556 -50.7365 -23.8872 29.3352 -53.3081 -25.3185
3 16 29.3352 -53.3081 -25.3185 29.0556 -50.7365 -23.8872 28.1221 -52.3384 -22.3747
3 16 29.0556 -50.7365 -23.8872 29.1392 -48.6696 -21.1071 28.1221 -52.3384 -22.3747
3 16 28.1221 -52.3384 -22.3747 29.1392 -48.6696 -21.1071 28.1965 -50.4272 -19.722
3 16 28.1965 -50.4272 -19.722 29.1392 -48.6696 -21.1071 29.2082 -48.3451 -16.9792
3 16 29.2082 -48.3451 -16.9792 29.1392 -48.6696 -21.1071 30.2393 -46.6951 -18.213
3 16 29.2082 -48.3451 -16.9792 30.2393 -46.6951 -18.213 31.7114 -46.0661 -13.492
3 16 31.7114 -46.0661 -13.492 30.2393 -46.6951 -18.213 32.6753 -44.5616 -15.5096
3 16 29.3352 -53.3081 -25.3185 28.1221 -52.3384 -22.3747 28.6881 -54.1522 -25.0705
3 16 32.6753 -44.5616 -15.5096 33.6387 -44.8524 -13.3342 31.7114 -46.0661 -13.492
3 16 31.7114 -46.0661 -13.492 33.6387 -44.8524 -13.3342 32.0626 -45.991 -12.8731
3 16 32.6753 -44.5616 -15.5096 33.8649 -43.1446 -14.6603 33.6387 -44.8524 -13.3342
3 16 24.5812 -53.1746 -23.064 24.2399 -54.3048 -23.2197 28.6881 -54.1522 -25.0705
3 16 28.6881 -54.1522 -25.0705 24.2399 -54.3048 -23.2197 28.9505 -54.904 -25.3992
3 16 24.2399 -54.3048 -23.2197 24.5812 -53.1746 -23.064 21.0704 -53.172 -20.9953
3 16 21.0704 -53.172 -20.9953 24.5812 -53.1746 -23.064 21.6225 -51.6401 -21.0443
3 16 21.0704 -53.172 -20.9953 21.6225 -51.6401 -21.0443 17.9236 -51.5901 -18.358
3 16 17.9236 -51.5901 -18.358 21.6225 -51.6401 -21.0443 18.5265 -49.6322 -18.417
3 16 17.9236 -51.5901 -18.358 18.5265 -49.6322 -18.417 15.1586 -49.5549 -15.6039
3 16 15.1586 -49.5549 -15.6039 18.5265 -49.6322 -18.417 16.1869 -48.0059 -16.0641
3 16 16.1869 -48.0059 -16.0641 14.1943 -46.6562 -13.8913 15.1586 -49.5549 -15.6039
3 16 15.1586 -49.5549 -15.6039 14.1943 -46.6562 -13.8913 11.2996 -46.0398 -11.3392
3 16 29.848 -53.9673 -26.3146 29.3352 -53.3081 -25.3185 28.9505 -54.904 -25.3992
3 16 28.9505 -54.904 -25.3992 29.3352 -53.3081 -25.3185 28.6881 -54.1522 -25.0705
3 16 29.848 -53.9673 -26.3146 29.9913 -53.072 -26.7609 29.3352 -53.3081 -25.3185
3 16 29.3352 -53.3081 -25.3185 29.9913 -53.072 -26.7609 29.5917 -52.455 -25.8358
3 16 29.848 -53.9673 -26.3146 28.9505 -54.904 -25.3992 28.9778 -54.7706 -27.1099
3 16 28.8863 -53.7906 -28.1302 29.9913 -53.072 -26.7609 28.9778 -54.7706 -27.1099
3 16 28.9778 -54.7706 -27.1099 29.9913 -53.072 -26.7609 29.848 -53.9673 -26.3146
3 16 24.5746 -32.8483 0.0454 27.7423 -33.3489 -0.4234 24.3487 -33.3498 -0.2405
3 16 24.3487 -33.3498 -0.2405 27.7423 -33.3489 -0.4234 28.0586 -34.4976 -1.682
3 16 31.8534 -35.6163 -3.1887 29.9669 -32.8906 0.5006 32.4688 -33.2576 0.7957
3 16 36.6536 -34.1115 1.0622 34.8327 -35.9578 -3.2441 32.4688 -33.2576 0.7957
3 16 32.4688 -33.2576 0.7957 34.8327 -35.9578 -3.2441 31.8534 -35.6163 -3.1887
3 16 24.5746 -32.8483 0.0454 24.3487 -33.3498 -0.2405 24.0282 -32.3633 -1.4399
3 16 24.0282 -32.3633 -1.4399 24.3487 -33.3498 -0.2405 24.2018 -33.7885 -2.261
3 16 24.0282 -32.3633 -1.4399 24.2018 -33.7885 -2.261 23.0669 -31.5247 -2.089
3 16 23.0669 -31.5247 -2.089 24.2018 -33.7885 -2.261 22.9892 -32.7044 -3.7989
3 16 24.3487 -33.3498 -0.2405 25.1672 -34.909 -0.0952 24.2018 -33.7885 -2.261
3 16 24.2018 -33.7885 -2.261 25.1672 -34.909 -0.0952 25.0763 -35.5321 -1.5144
3 16 23.9773 -34.7542 -6.9 22.9892 -32.7044 -3.7989 24.2018 -33.7885 -2.261
3 16 23.9773 -34.7542 -6.9 26.1466 -36.8834 -4.1339 25.9794 -37.3297 -10.3105
3 16 25.9794 -37.3297 -10.3105 26.1466 -36.8834 -4.1339 28.7268 -39.1107 -8.1333
3 16 25.9794 -37.3297 -10.3105 28.7268 -39.1107 -8.1333 29.0703 -39.7629 -13.2638
3 16 29.0703 -39.7629 -13.2638 28.7268 -39.1107 -8.1333 32.1897 -41.1994 -11.549
3 16 29.0703 -39.7629 -13.2638 32.1897 -41.1994 -11.549 32.7402 -41.6736 -15.6248
3 16 33.6153 -42.3631 -15.281 32.7402 -41.6736 -15.6248 33.8479 -42.5454 -13.7147
3 16 33.8479 -42.5454 -13.7147 32.7402 -41.6736 -15.6248 32.1897 -41.1994 -11.549
3 16 32.7402 -41.6736 -15.6248 33.6153 -42.3631 -15.281 31.8086 -42.4712 -16.6351
3 16 31.8086 -42.4712 -16.6351 33.6153 -42.3631 -15.281 32.6753 -44.5616 -15.5096
3 16 31.8086 -42.4712 -16.6351 32.6753 -44.5616 -15.5096 29.5498 -44.4346 -19.0684
3 16 29.5498 -44.4346 -19.0684 32.6753 -44.5616 -15.5096 30.2393 -46.6951 -18.213
3 16 29.5498 -44.4346 -19.0684 30.2393 -46.6951 -18.213 28.4093 -46.8049 -21.84
3 16 28.4093 -46.8049 -21.84 30.2393 -46.6951 -18.213 29.1392 -48.6696 -21.1071
3 16 28.4093 -46.8049 -21.84 29.1392 -48.6696 -21.1071 28.1736 -49.4143 -25.0345
3 16 28.1736 -49.4143 -25.0345 29.1392 -48.6696 -21.1071 29.0556 -50.7365 -23.8872
3 16 28.1736 -49.4143 -25.0345 29.2975 -51.7071 -26.4074 28.547 -51.0908 -26.9934
3 16 29.2975 -51.7071 -26.4074 29.6151 -52.3368 -27.8489 28.547 -51.0908 -26.9934
3 16 28.547 -51.0908 -26.9934 29.6151 -52.3368 -27.8489 28.726 -51.4112 -28.3346
3 16 33.8649 -43.1446 -14.6603 33.6153 -42.3631 -15.281 33.8479 -42.5454 -13.7147
3 16 32.6753 -44.5616 -15.5096 33.6153 -42.3631 -15.281 33.8649 -43.1446 -14.6603
3 16 29.5917 -52.455 -25.8358 29.2975 -51.7071 -26.4074 29.0556 -50.7365 -23.8872
3 16 29.0556 -50.7365 -23.8872 29.2975 -51.7071 -26.4074 28.1736 -49.4143 -25.0345
3 16 29.6151 -52.3368 -27.8489 29.2975 -51.7071 -26.4074 29.9913 -53.072 -26.7609
3 16 29.9913 -53.072 -26.7609 29.2975 -51.7071 -26.4074 29.5917 -52.455 -25.8358
3 16 15.8099 -51.2344 -19.9051 12.5923 -48.8212 -16.8376 14.0792 -49.4418 -21.4812
3 16 14.0792 -49.4418 -21.4812 12.5923 -48.8212 -16.8376 10.8149 -46.563 -18.4391
3 16 19.2466 -52.9434 -22.6892 15.8099 -51.2344 -19.9051 17.8902 -51.4063 -24.4551
3 16 17.8902 -51.4063 -24.4551 15.8099 -51.2344 -19.9051 14.0792 -49.4418 -21.4812
3 16 23.0335 -54.1513 -25.0188 19.2466 -52.9434 -22.6892 22.1701 -52.785 -26.7556
3 16 22.1701 -52.785 -26.7556 19.2466 -52.9434 -22.6892 17.8902 -51.4063 -24.4551
3 16 19.2466 -52.9434 -22.6892 23.0335 -54.1513 -25.0188 21.0704 -53.172 -20.9953
3 16 21.0704 -53.172 -20.9953 23.0335 -54.1513 -25.0188 24.2399 -54.3048 -23.2197
3 16 15.8099 -51.2344 -19.9051 19.2466 -52.9434 -22.6892 17.9236 -51.5901 -18.358
3 16 17.9236 -51.5901 -18.358 19.2466 -52.9434 -22.6892 21.0704 -53.172 -20.9953
3 16 12.5923 -48.8212 -16.8376 15.8099 -51.2344 -19.9051 15.1586 -49.5549 -15.6039
3 16 15.1586 -49.5549 -15.6039 15.8099 -51.2344 -19.9051 17.9236 -51.5901 -18.358
3 16 15.1586 -49.5549 -15.6039 11.2996 -46.0398 -11.3392 12.5923 -48.8212 -16.8376
3 16 12.5923 -48.8212 -16.8376 11.2996 -46.0398 -11.3392 10.2598 -45.7233 -11.9124
3 16 12.5923 -48.8212 -16.8376 10.2598 -45.7233 -11.9124 10.8149 -46.563 -18.4391
3 16 10.8149 -46.563 -18.4391 10.2598 -45.7233 -11.9124 8.4179 -43.1381 -13.9549
3 16 24.2399 -54.3048 -23.2197 23.0335 -54.1513 -25.0188 28.9505 -54.904 -25.3992
3 16 28.9505 -54.904 -25.3992 23.0335 -54.1513 -25.0188 28.9778 -54.7706 -27.1099
3 16 22.1701 -52.785 -26.7556 28.8863 -53.7906 -28.1302 23.0335 -54.1513 -25.0188
3 16 23.0335 -54.1513 -25.0188 28.8863 -53.7906 -28.1302 28.9778 -54.7706 -27.1099
3 16 22.721 -51.0222 -27.2588 28.7394 -52.6937 -28.5499 22.1701 -52.785 -26.7556
3 16 22.1701 -52.785 -26.7556 28.7394 -52.6937 -28.5499 28.8863 -53.7906 -28.1302
3 16 22.721 -51.0222 -27.2588 22.1701 -52.785 -26.7556 18.4387 -49.2916 -25.1944
3 16 18.4387 -49.2916 -25.1944 22.1701 -52.785 -26.7556 17.8902 -51.4063 -24.4551
3 16 18.4387 -49.2916 -25.1944 17.8902 -51.4063 -24.4551 14.6677 -47.1216 -22.4643
3 16 14.6677 -47.1216 -22.4643 17.8902 -51.4063 -24.4551 14.0792 -49.4418 -21.4812
3 16 11.7413 -44.5133 -19.3293 14.6677 -47.1216 -22.4643 10.8149 -46.563 -18.4391
3 16 10.8149 -46.563 -18.4391 14.6677 -47.1216 -22.4643 14.0792 -49.4418 -21.4812
3 16 11.7413 -44.5133 -19.3293 10.8149 -46.563 -18.4391 9.6295 -41.7195 -14.8568
3 16 9.6295 -41.7195 -14.8568 10.8149 -46.563 -18.4391 8.4179 -43.1381 -13.9549
3 16 11.2348 -39.5527 -11.8593 9.6295 -41.7195 -14.8568 10.2561 -40.8544 -10.7553
3 16 10.2561 -40.8544 -10.7553 9.6295 -41.7195 -14.8568 8.4179 -43.1381 -13.9549
3 16 12.6522 -36.8064 -8.4071 11.2348 -39.5527 -11.8593 11.9501 -38.2465 -7.4026
3 16 11.9501 -38.2465 -7.4026 11.2348 -39.5527 -11.8593 10.2561 -40.8544 -10.7553
3 16 12.6522 -36.8064 -8.4071 11.9501 -38.2465 -7.4026 11.4585 -32.468 -3.2146
3 16 11.4585 -32.468 -3.2146 11.9501 -38.2465 -7.4026 10.6495 -33.5373 -1.341
3 16 13.8421 -35.2012 -9.5405 12.6522 -36.8064 -8.4071 13.249 -31.3928 -5.1254
3 16 13.249 -31.3928 -5.1254 12.6522 -36.8064 -8.4071 11.4585 -32.468 -3.2146
3 16 11.2348 -39.5527 -11.8593 12.6522 -36.8064 -8.4071 12.5833 -38.1137 -13.1659
3 16 12.5833 -38.1137 -13.1659 12.6522 -36.8064 -8.4071 13.8421 -35.2012 -9.5405
3 16 9.6295 -41.7195 -14.8568 11.2348 -39.5527 -11.8593 11.2411 -40.1072 -15.8763
3 16 11.2411 -40.1072 -15.8763 11.2348 -39.5527 -11.8593 12.5833 -38.1137 -13.1659
3 16 13.6858 -42.409 -19.5133 11.7413 -44.5133 -19.3293 11.2411 -40.1072 -15.8763
3 16 11.2411 -40.1072 -15.8763 11.7413 -44.5133 -19.3293 9.6295 -41.7195 -14.8568
3 16 14.6677 -47.1216 -22.4643 11.7413 -44.5133 -19.3293 16.3736 -44.58 -22.3658
3 16 16.3736 -44.58 -22.3658 11.7413 -44.5133 -19.3293 13.6858 -42.409 -19.5133
3 16 18.4387 -49.2916 -25.1944 14.6677 -47.1216 -22.4643 19.7461 -46.912 -24.948
3 16 19.7461 -46.912 -24.948 14.6677 -47.1216 -22.4643 16.3736 -44.58 -22.3658
3 16 19.7461 -46.912 -24.948 23.7239 -49.0647 -26.8015 18.4387 -49.2916 -25.1944
3 16 18.4387 -49.2916 -25.1944 23.7239 -49.0647 -26.8015 22.721 -51.0222 -27.2588
3 16 23.7239 -49.0647 -26.8015 28.726 -51.4112 -28.3346 22.721 -51.0222 -27.2588
3 16 22.721 -51.0222 -27.2588 28.726 -51.4112 -28.3346 28.7394 -52.6937 -28.5499
3 16 13.249 -31.3928 -5.1254 11.4585 -32.468 -3.2146 12.7678 -29.1003 -2.267
3 16 12.7678 -29.1003 -2.267 11.4585 -32.468 -3.2146 11.2516 -29.8103 -1.3181
3 16 11.4585 -32.468 -3.2146 10.6495 -33.5373 -1.341 10.3972 -29.5903 0.1948
3 16 10.3972 -29.5903 0.1948 10.6495 -33.5373 -1.341 9.1902 -30.7543 2.022
3 16 11.2516 -29.8103 -1.3181 11.4585 -32.468 -3.2146 10.3972 -29.5903 0.1948
3 16 28.7394 -52.6937 -28.5499 29.6151 -52.3368 -27.8489 28.8863 -53.7906 -28.1302
3 16 28.8863 -53.7906 -28.1302 29.6151 -52.3368 -27.8489 29.9913 -53.072 -26.7609
3 16 28.7394 -52.6937 -28.5499 28.726 -51.4112 -28.3346 29.6151 -52.3368 -27.8489
3 16 11.2411 -40.1072 -15.8763 14.7298 -42.5967 -17.4425 13.6858 -42.409 -19.5133
3 16 13.6858 -42.409 -19.5133 14.7298 -42.5967 -17.4425 15.401 -43.3218 -18.4835
3 16 17.0906 -40.9569 -15.3553 17.2037 -40.9493 -17.4876 12.9716 -40.256 -14.5722
3 16 12.9716 -40.256 -14.5722 17.2037 -40.9493 -17.4876 11.2411 -40.1072 -15.8763
3 16 11.2411 -40.1072 -15.8763 17.2037 -40.9493 -17.4876 14.7298 -42.5967 -17.4425
3 16 14.7298 -42.5967 -17.4425 17.2037 -40.9493 -17.4876 17.3112 -42.7888 -17.7439
3 16 17.0906 -40.9569 -15.3553 22.3654 -41.3257 -15.676 17.2037 -40.9493 -17.4876
3 16 17.2037 -40.9493 -17.4876 22.3654 -41.3257 -15.676 22.5999 -41.4167 -17.8395
3 16 22.3654 -41.3257 -15.676 27.0179 -41.418 -15.7582 22.5999 -41.4167 -17.8395
3 16 22.5999 -41.4167 -17.8395 27.0179 -41.418 -15.7582 27.2851 -41.5554 -17.6097
3 16 27.0179 -41.418 -15.7582 30.8928 -41.4482 -15.7862 27.2851 -41.5554 -17.6097
3 16 27.2851 -41.5554 -17.6097 30.8928 -41.4482 -15.7862 31.1671 -41.5987 -16.6965
3 16 31.1671 -41.5987 -16.6965 30.8928 -41.4482 -15.7862 31.8757 -41.8833 -16.1949
3 16 31.1671 -41.5987 -16.6965 31.8757 -41.8833 -16.1949 31.487 -42.1663 -16.7776
3 16 31.487 -42.1663 -16.7776 27.1829 -42.8953 -17.6207 31.1671 -41.5987 -16.6965
3 16 31.1671 -41.5987 -16.6965 27.1829 -42.8953 -17.6207 27.2851 -41.5554 -17.6097
3 16 22.5269 -43.0941 -17.9504 22.5999 -41.4167 -17.8395 27.1829 -42.8953 -17.6207
3 16 27.1829 -42.8953 -17.6207 22.5999 -41.4167 -17.8395 27.2851 -41.5554 -17.6097
3 16 17.2037 -40.9493 -17.4876 22.5999 -41.4167 -17.8395 17.3112 -42.7888 -17.7439
3 16 17.3112 -42.7888 -17.7439 22.5999 -41.4167 -17.8395 22.5269 -43.0941 -17.9504
3 16 32.7402 -41.6736 -15.6248 31.8086 -42.4712 -16.6351 31.8757 -41.8833 -16.1949
3 16 31.8757 -41.8833 -16.1949 31.8086 -42.4712 -16.6351 31.487 -42.1663 -16.7776
3 16 27.1829 -42.8953 -17.6207 31.487 -42.1663 -16.7776 29.5498 -44.4346 -19.0684
3 16 29.5498 -44.4346 -19.0684 31.487 -42.1663 -16.7776 31.8086 -42.4712 -16.6351
3 16 31.8757 -41.8833 -16.1949 30.8928 -41.4482 -15.7862 32.7402 -41.6736 -15.6248
3 16 32.7402 -41.6736 -15.6248 30.8928 -41.4482 -15.7862 29.0703 -39.7629 -13.2638
3 16 16.5469 -36.0833 -9.513 29.0703 -39.7629 -13.2638 27.0179 -41.418 -15.7582
3 16 27.0179 -41.418 -15.7582 29.0703 -39.7629 -13.2638 30.8928 -41.4482 -15.7862
3 16 16.5469 -36.0833 -9.513 25.9794 -37.3297 -10.3105 29.0703 -39.7629 -13.2638
3 16 16.5469 -36.0833 -9.513 27.0179 -41.418 -15.7582 22.3654 -41.3257 -15.676
3 16 18.4095 -32.4163 -3.7572 23.9773 -34.7542 -6.9 16.5469 -36.0833 -9.513
3 16 16.5469 -36.0833 -9.513 23.9773 -34.7542 -6.9 25.9794 -37.3297 -10.3105
3 16 18.4095 -32.4163 -3.7572 22.9892 -32.7044 -3.7989 23.9773 -34.7542 -6.9
3 16 18.4095 -32.4163 -3.7572 23.0669 -31.5247 -2.089 22.9892 -32.7044 -3.7989
3 16 18.4095 -32.4163 -3.7572 19.6168 -30.5702 -0.7753 23.0669 -31.5247 -2.089
3 16 23.0669 -31.5247 -2.089 19.6168 -30.5702 -0.7753 22.405 -30.53 -0.5403
3 16 17.947 -28.3797 -1.3368 16.9349 -30.703 -4.8194 15.157 -28.2944 -1.1331
3 16 14.8579 -28.4832 -1.4462 13.249 -31.3928 -5.1254 12.7678 -29.1003 -2.267
3 16 19.6168 -30.5702 -0.7753 18.4095 -32.4163 -3.7572 17.947 -28.3797 -1.3368
3 16 17.947 -28.3797 -1.3368 18.4095 -32.4163 -3.7572 16.9349 -30.703 -4.8194
3 16 16.9349 -30.703 -4.8194 15.5204 -35.0342 -9.8201 13.249 -31.3928 -5.1254
3 16 13.249 -31.3928 -5.1254 15.5204 -35.0342 -9.8201 13.8421 -35.2012 -9.5405
3 16 13.8421 -35.2012 -9.5405 15.5204 -35.0342 -9.8201 12.5833 -38.1137 -13.1659
3 16 12.5833 -38.1137 -13.1659 15.5204 -35.0342 -9.8201 12.869 -38.9136 -14.1161
3 16 12.9716 -40.256 -14.5722 11.2411 -40.1072 -15.8763 12.869 -38.9136 -14.1161
3 16 12.9716 -40.256 -14.5722 12.869 -38.9136 -14.1161 16.5469 -36.0833 -9.513
3 16 16.5469 -36.0833 -9.513 12.869 -38.9136 -14.1161 15.5204 -35.0342 -9.8201
3 16 15.5204 -35.0342 -9.8201 16.9349 -30.703 -4.8194 16.5469 -36.0833 -9.513
3 16 16.5469 -36.0833 -9.513 16.9349 -30.703 -4.8194 18.4095 -32.4163 -3.7572
3 16 12.9716 -40.256 -14.5722 16.5469 -36.0833 -9.513 17.0906 -40.9569 -15.3553
3 16 17.0906 -40.9569 -15.3553 16.5469 -36.0833 -9.513 22.3654 -41.3257 -15.676
3 16 17.7262 -45.2216 -20.6591 16.3736 -44.58 -22.3658 15.401 -43.3218 -18.4835
3 16 15.401 -43.3218 -18.4835 16.3736 -44.58 -22.3658 13.6858 -42.409 -19.5133
3 16 20.898 -47.3783 -23.1507 19.7461 -46.912 -24.948 17.7262 -45.2216 -20.6591
3 16 17.7262 -45.2216 -20.6591 19.7461 -46.912 -24.948 16.3736 -44.58 -22.3658
3 16 24.4861 -49.376 -25.4702 23.7239 -49.0647 -26.8015 20.898 -47.3783 -23.1507
3 16 20.898 -47.3783 -23.1507 23.7239 -49.0647 -26.8015 19.7461 -46.912 -24.948
3 16 24.4861 -49.376 -25.4702 28.547 -51.0908 -26.9934 23.7239 -49.0647 -26.8015
3 16 23.7239 -49.0647 -26.8015 28.547 -51.0908 -26.9934 28.726 -51.4112 -28.3346
3 16 29.5498 -44.4346 -19.0684 22.5269 -43.0941 -17.9504 27.1829 -42.8953 -17.6207
3 16 22.5269 -43.0941 -17.9504 29.5498 -44.4346 -19.0684 28.4093 -46.8049 -21.84
3 16 22.5269 -43.0941 -17.9504 28.4093 -46.8049 -21.84 28.1736 -49.4143 -25.0345
3 16 28.547 -51.0908 -26.9934 24.4861 -49.376 -25.4702 28.1736 -49.4143 -25.0345
3 16 28.1736 -49.4143 -25.0345 24.4861 -49.376 -25.4702 22.5269 -43.0941 -17.9504
3 16 24.4861 -49.376 -25.4702 20.898 -47.3783 -23.1507 22.5269 -43.0941 -17.9504
3 16 17.3112 -42.7888 -17.7439 17.7262 -45.2216 -20.6591 15.401 -43.3218 -18.4835
3 16 17.3112 -42.7888 -17.7439 22.5269 -43.0941 -17.9504 17.7262 -45.2216 -20.6591
3 16 17.7262 -45.2216 -20.6591 22.5269 -43.0941 -17.9504 20.898 -47.3783 -23.1507
3 16 17.3112 -42.7888 -17.7439 15.401 -43.3218 -18.4835 14.7298 -42.5967 -17.4425
3 16 41.3544 -41.8439 6.9727 39.4419 -43.9125 5.3494 40.4254 -40.6388 5.6371
3 16 46.3975 -42.7561 7.1575 41.3544 -41.8439 6.9727 45.6536 -41.3265 5.3533
3 16 45.6536 -41.3265 5.3533 41.3544 -41.8439 6.9727 40.4254 -40.6388 5.6371
3 16 52.8197 -45.1494 10.9671 46.9252 -44.1862 9.8372 51.9416 -43.6848 7.859
3 16 51.9416 -43.6848 7.859 46.9252 -44.1862 9.8372 46.3975 -42.7561 7.1575
3 16 53.286 -44.2017 11.0913 52.8197 -45.1494 10.9671 53.1949 -43.2581 9.2474
3 16 53.1949 -43.2581 9.2474 52.8197 -45.1494 10.9671 51.9416 -43.6848 7.859
3 16 45.6536 -41.3265 5.3533 51.0501 -41.9952 5.8384 46.3975 -42.7561 7.1575
3 16 46.3975 -42.7561 7.1575 51.0501 -41.9952 5.8384 51.9416 -43.6848 7.859
3 16 51.5256 -40.7192 5.9788 52.4781 -42.1794 7.3459 51.0501 -41.9952 5.8384
3 16 51.0501 -41.9952 5.8384 52.4781 -42.1794 7.3459 51.9416 -43.6848 7.859
3 16 51.9416 -43.6848 7.859 52.4781 -42.1794 7.3459 53.1949 -43.2581 9.2474
3 16 55.3939 -42.7796 6.7408 52.4781 -42.1794 7.3459 53.3148 -41.1719 5.6381
3 16 53.3148 -41.1719 5.6381 52.4781 -42.1794 7.3459 51.5256 -40.7192 5.9788
3 16 55.9025 -43.4172 8.311 53.1949 -43.2581 9.2474 55.3939 -42.7796 6.7408
3 16 55.3939 -42.7796 6.7408 53.1949 -43.2581 9.2474 52.4781 -42.1794 7.3459
3 16 56.3265 -42.1859 5.1892 55.3939 -42.7796 6.7408 53.3148 -41.1719 5.6381
3 16 58.4888 -43.6837 7.4506 55.9025 -43.4172 8.311 57.9366 -43.2788 6.4143
3 16 57.9366 -43.2788 6.4143 55.9025 -43.4172 8.311 55.3939 -42.7796 6.7408
3 16 60.1123 -43.8462 6.9402 58.4888 -43.6837 7.4506 58.6271 -42.9432 5.7357
3 16 58.6271 -42.9432 5.7357 58.4888 -43.6837 7.4506 57.9366 -43.2788 6.4143
3 16 55.3939 -42.7796 6.7408 56.3265 -42.1859 5.1892 57.9366 -43.2788 6.4143
3 16 57.9366 -43.2788 6.4143 56.3265 -42.1859 5.1892 58.6271 -42.9432 5.7357
3 16 58.9356 -45.9358 10.4834 55.9713 -45.1012 10.8576 58.4888 -43.6837 7.4506
3 16 58.4888 -43.6837 7.4506 55.9713 -45.1012 10.8576 55.9025 -43.4172 8.311
3 16 61.1019 -46.2575 10.0473 58.9356 -45.9358 10.4834 60.1123 -43.8462 6.9402
3 16 60.1123 -43.8462 6.9402 58.9356 -45.9358 10.4834 58.4888 -43.6837 7.4506
3 16 61.1019 -46.2575 10.0473 60.1123 -43.8462 6.9402 61.7338 -45.1429 7.9382
3 16 55.9025 -43.4172 8.311 55.9713 -45.1012 10.8576 53.1949 -43.2581 9.2474
3 16 53.1949 -43.2581 9.2474 55.9713 -45.1012 10.8576 53.286 -44.2017 11.0913
3 16 61.7338 -45.1429 7.9382 62.58 -45.9314 8.7857 61.1019 -46.2575 10.0473
3 16 61.1019 -46.2575 10.0473 62.58 -45.9314 8.7857 62.8813 -46.2031 9.819
3 16 53.3148 -41.1719 5.6381 51.5256 -40.7192 5.9788 53.1043 -41.2753 4.407
3 16 53.1043 -41.2753 4.407 51.5256 -40.7192 5.9788 51.1414 -40.5817 4.9692
3 16 56.3265 -42.1859 5.1892 53.3148 -41.1719 5.6381 55.6451 -42.1319 4.1486
3 16 55.6451 -42.1319 4.1486 53.3148 -41.1719 5.6381 53.1043 -41.2753 4.407
3 16 51.5256 -40.7192 5.9788 51.0501 -41.9952 5.8384 51.1414 -40.5817 4.9692
3 16 51.1414 -40.5817 4.9692 51.0501 -41.9952 5.8384 50.6858 -41.2946 4.1635
3 16 50.1395 -40.0448 2.7329 51.0217 -39.0018 4.3849 50.6858 -41.2946 4.1635
3 16 50.6858 -41.2946 4.1635 51.0217 -39.0018 4.3849 51.1414 -40.5817 4.9692
3 16 51.5615 -37.1373 6.4376 51.0217 -39.0018 4.3849 51.169 -36.3231 6.031
3 16 51.169 -36.3231 6.031 51.0217 -39.0018 4.3849 50.0115 -38.0169 0.3544
3 16 51.0217 -39.0018 4.3849 50.1395 -40.0448 2.7329 50.0115 -38.0169 0.3544
3 16 51.0501 -41.9952 5.8384 45.6536 -41.3265 5.3533 50.6858 -41.2946 4.1635
3 16 50.6858 -41.2946 4.1635 45.6536 -41.3265 5.3533 44.4058 -40.2166 3.6241
3 16 50.6858 -41.2946 4.1635 44.4058 -40.2166 3.6241 50.1395 -40.0448 2.7329
3 16 50.1395 -40.0448 2.7329 44.4058 -40.2166 3.6241 43.9263 -38.5061 1.7985
3 16 45.6536 -41.3265 5.3533 40.4254 -40.6388 5.6371 44.4058 -40.2166 3.6241
3 16 44.4058 -40.2166 3.6241 40.4254 -40.6388 5.6371 38.82 -38.9685 3.7806
3 16 37.3263 -36.8678 1.9131 43.9263 -38.5061 1.7985 38.82 -38.9685 3.7806
3 16 38.82 -38.9685 3.7806 43.9263 -38.5061 1.7985 44.4058 -40.2166 3.6241
3 16 38.82 -38.9685 3.7806 40.4254 -40.6388 5.6371 36.9566 -41.4792 2.5632
3 16 36.9566 -41.4792 2.5632 40.4254 -40.6388 5.6371 39.4419 -43.9125 5.3494
3 16 37.3263 -36.8678 1.9131 38.82 -38.9685 3.7806 36.1505 -40.2624 0.379
3 16 36.1505 -40.2624 0.379 38.82 -38.9685 3.7806 36.9566 -41.4792 2.5632
3 16 37.3263 -36.8678 1.9131 36.1505 -40.2624 0.379 36.7454 -36.3704 1.1462
3 16 36.7454 -36.3704 1.1462 36.1505 -40.2624 0.379 35.1844 -38.4798 -1.1503
3 16 36.7454 -36.3704 1.1462 41.3496 -37.6866 0.6297 37.3263 -36.8678 1.9131
3 16 37.3263 -36.8678 1.9131 41.3496 -37.6866 0.6297 43.9263 -38.5061 1.7985
3 16 41.3496 -37.6866 0.6297 46.0724 -39.2283 0.4924 43.9263 -38.5061 1.7985
3 16 48.4743 -39.9782 0.5849 50.1395 -40.0448 2.7329 46.0724 -39.2283 0.4924
3 16 46.0724 -39.2283 0.4924 50.1395 -40.0448 2.7329 43.9263 -38.5061 1.7985
3 16 49.6881 -39.9826 1.0161 50.1395 -40.0448 2.7329 48.4743 -39.9782 0.5849
3 16 50.0115 -38.0169 0.3544 50.1395 -40.0448 2.7329 49.6881 -39.9826 1.0161
3 16 48.8141 -37.6935 -0.1761 50.0115 -38.0169 0.3544 48.4743 -39.9782 0.5849
3 16 48.4743 -39.9782 0.5849 50.0115 -38.0169 0.3544 49.6881 -39.9826 1.0161
3 16 46.0741 -36.9667 -0.1768 48.8141 -37.6935 -0.1761 46.0724 -39.2283 0.4924
3 16 46.0724 -39.2283 0.4924 48.8141 -37.6935 -0.1761 48.4743 -39.9782 0.5849
3 16 41.3429 -35.6759 0.1142 46.0741 -36.9667 -0.1768 41.3496 -37.6866 0.6297
3 16 41.3496 -37.6866 0.6297 46.0741 -36.9667 -0.1768 46.0724 -39.2283 0.4924
3 16 36.6536 -34.1115 1.0622 41.3429 -35.6759 0.1142 36.7454 -36.3704 1.1462
3 16 36.7454 -36.3704 1.1462 41.3429 -35.6759 0.1142 41.3496 -37.6866 0.6297
3 16 48.8141 -37.6935 -0.1761 48.12 -35.1133 4.4485 50.0115 -38.0169 0.3544
3 16 50.0115 -38.0169 0.3544 48.12 -35.1133 4.4485 51.169 -36.3231 6.031
3 16 48.8141 -37.6935 -0.1761 46.0741 -36.9667 -0.1768 48.12 -35.1133 4.4485
3 16 48.12 -35.1133 4.4485 46.0741 -36.9667 -0.1768 45.3306 -34.7534 3.221
3 16 46.0741 -36.9667 -0.1768 41.3429 -35.6759 0.1142 45.3306 -34.7534 3.221
3 16 45.3306 -34.7534 3.221 41.3429 -35.6759 0.1142 41.2393 -34.3569 1.8571
3 16 41.3429 -35.6759 0.1142 36.6536 -34.1115 1.0622 41.2393 -34.3569 1.8571
3 16 53.1043 -41.2753 4.407 51.1414 -40.5817 4.9692 53.2774 -39.756 3.7548
3 16 53.2774 -39.756 3.7548 51.1414 -40.5817 4.9692 51.0217 -39.0018 4.3849
3 16 55.6451 -42.1319 4.1486 53.1043 -41.2753 4.407 56.1941 -40.5944 3.4072
3 16 56.1941 -40.5944 3.4072 53.1043 -41.2753 4.407 53.2774 -39.756 3.7548
3 16 57.4227 -39.77 5.0736 56.3265 -42.1859 5.1892 56.1941 -40.5944 3.4072
3 16 56.1941 -40.5944 3.4072 56.3265 -42.1859 5.1892 55.6451 -42.1319 4.1486
3 16 56.3265 -42.1859 5.1892 57.4227 -39.77 5.0736 58.0157 -39.7039 6.3611
3 16 58.0157 -39.7039 6.3611 57.4227 -39.77 5.0736 57.884 -39.2976 6.1892
3 16 58.0157 -39.7039 6.3611 57.884 -39.2976 6.1892 58.6123 -38.848 7.7624
3 16 58.6123 -38.848 7.7624 57.884 -39.2976 6.1892 58.2918 -38.571 7.7478
3 16 51.5615 -37.1373 6.4376 53.282 -37.3516 6.9423 51.0217 -39.0018 4.3849
3 16 51.0217 -39.0018 4.3849 53.282 -37.3516 6.9423 53.2774 -39.756 3.7548
3 16 56.1941 -40.5944 3.4072 53.2774 -39.756 3.7548 54.8377 -38.7889 5.3554
3 16 54.8377 -38.7889 5.3554 53.2774 -39.756 3.7548 53.282 -37.3516 6.9423
3 16 56.1899 -38.7445 6.0619 54.8377 -38.7889 5.3554 55.9775 -37.8708 7.384
3 16 55.9775 -37.8708 7.384 54.8377 -38.7889 5.3554 53.282 -37.3516 6.9423
3 16 56.1899 -38.7445 6.0619 55.9775 -37.8708 7.384 57.884 -39.2976 6.1892
3 16 57.884 -39.2976 6.1892 55.9775 -37.8708 7.384 58.2918 -38.571 7.7478
3 16 56.1941 -40.5944 3.4072 54.8377 -38.7889 5.3554 57.4227 -39.77 5.0736
3 16 57.4227 -39.77 5.0736 54.8377 -38.7889 5.3554 56.1899 -38.7445 6.0619
3 16 57.4227 -39.77 5.0736 56.1899 -38.7445 6.0619 57.884 -39.2976 6.1892
3 16 56.3265 -42.1859 5.1892 58.0157 -39.7039 6.3611 58.6271 -42.9432 5.7357
3 16 58.6271 -42.9432 5.7357 58.0157 -39.7039 6.3611 59.4507 -40.7504 6.5964
3 16 58.0157 -39.7039 6.3611 58.6123 -38.848 7.7624 59.4507 -40.7504 6.5964
3 16 59.4507 -40.7504 6.5964 58.6123 -38.848 7.7624 60.1418 -39.7172 8.0504
3 16 59.4507 -40.7504 6.5964 61.0344 -42.2965 7.3235 58.6271 -42.9432 5.7357
3 16 58.6271 -42.9432 5.7357 61.0344 -42.2965 7.3235 60.1123 -43.8462 6.9402
3 16 61.0344 -42.2965 7.3235 59.4507 -40.7504 6.5964 61.3797 -40.9042 8.3269
3 16 61.3797 -40.9042 8.3269 59.4507 -40.7504 6.5964 60.1418 -39.7172 8.0504
3 16 61.0344 -42.2965 7.3235 62.5105 -43.5977 8.0672 60.1123 -43.8462 6.9402
3 16 60.1123 -43.8462 6.9402 62.5105 -43.5977 8.0672 61.7338 -45.1429 7.9382
3 16 62.5105 -43.5977 8.0672 61.0344 -42.2965 7.3235 62.41 -42.2607 8.6924
3 16 62.41 -42.2607 8.6924 61.0344 -42.2965 7.3235 61.3797 -40.9042 8.3269
3 16 62.58 -45.9314 8.7857 61.7338 -45.1429 7.9382 63.2931 -44.4386 8.9203
3 16 63.2931 -44.4386 8.9203 61.7338 -45.1429 7.9382 62.5105 -43.5977 8.0672
3 16 62.8813 -46.2031 9.819 62.58 -45.9314 8.7857 63.6732 -44.8402 9.7498
3 16 63.6732 -44.8402 9.7498 62.58 -45.9314 8.7857 63.2931 -44.4386 8.9203
3 16 63.2931 -44.4386 8.9203 62.5105 -43.5977 8.0672 62.9129 -43.0215 9.0246
3 16 62.9129 -43.0215 9.0246 62.5105 -43.5977 8.0672 62.41 -42.2607 8.6924
3 16 63.2931 -44.4386 8.9203 62.9129 -43.0215 9.0246 63.198 -43.3271 9.5453
3 16 63.2731 -43.3422 10.0939 63.6732 -44.8402 9.7498 63.198 -43.3271 9.5453
3 16 63.198 -43.3271 9.5453 63.6732 -44.8402 9.7498 63.2931 -44.4386 8.9203
3 16 62.7052 -42.1571 8.8089 63.2196 -42.0357 9.2797 62.9129 -43.0215 9.0246
3 16 62.9129 -43.0215 9.0246 63.2196 -42.0357 9.2797 63.198 -43.3271 9.5453
3 16 63.2372 -42.4075 10.6212 63.2731 -43.3422 10.0939 63.4572 -42.3781 10.0236
3 16 63.4572 -42.3781 10.0236 63.2731 -43.3422 10.0939 63.198 -43.3271 9.5453
3 16 62.8126 -40.1422 9.2916 63.2196 -42.0357 9.2797 62.226 -40.5916 8.5515
3 16 62.226 -40.5916 8.5515 63.2196 -42.0357 9.2797 62.7052 -42.1571 8.8089
3 16 62.226 -40.5916 8.5515 60.8367 -38.0349 8.4318 62.8126 -40.1422 9.2916
3 16 62.8126 -40.1422 9.2916 60.8367 -38.0349 8.4318 61.0552 -37.2578 9.6904
3 16 58.3549 -34.2277 9.8825 61.0552 -37.2578 9.6904 58.3446 -35.3114 8.2742
3 16 58.3446 -35.3114 8.2742 61.0552 -37.2578 9.6904 60.8367 -38.0349 8.4318
3 16 55.9393 -32.2214 9.5806 58.3549 -34.2277 9.8825 55.7072 -33.4759 7.6867
3 16 55.7072 -33.4759 7.6867 58.3549 -34.2277 9.8825 58.3446 -35.3114 8.2742
3 16 55.9393 -32.2214 9.5806 55.7072 -33.4759 7.6867 53.0697 -30.3932 8.9433
3 16 53.0697 -30.3932 8.9433 55.7072 -33.4759 7.6867 52.6779 -31.9995 6.5769
3 16 49.8077 -30.8238 5.4548 49.962 -29.0049 7.8346 52.6779 -31.9995 6.5769
3 16 52.6779 -31.9995 6.5769 49.962 -29.0049 7.8346 53.0697 -30.3932 8.9433
3 16 46.5385 -29.9346 4.1686 46.7977 -27.8561 6.7189 49.8077 -30.8238 5.4548
3 16 49.8077 -30.8238 5.4548 46.7977 -27.8561 6.7189 49.962 -29.0049 7.8346
3 16 46.7977 -27.8561 6.7189 46.5385 -29.9346 4.1686 41.5018 -26.0166 5.6018
3 16 41.5018 -26.0166 5.6018 46.5385 -29.9346 4.1686 41.36 -28.602 2.8162
3 16 36.4333 -23.947 5.1533 41.5018 -26.0166 5.6018 36.6722 -27.0576 1.9701
3 16 36.6722 -27.0576 1.9701 41.5018 -26.0166 5.6018 41.36 -28.602 2.8162
3 16 55.9393 -32.2214 9.5806 53.0697 -30.3932 8.9433 54.6759 -31.3705 12.044
3 16 54.6759 -31.3705 12.044 53.0697 -30.3932 8.9433 52.4928 -30.1279 10.9173
3 16 55.3087 -31.9057 14.3756 54.6759 -31.3705 12.044 50.4721 -29.536 14.1913
3 16 50.4721 -29.536 14.1913 54.6759 -31.3705 12.044 49.6863 -29.0134 12.7962
3 16 49.6863 -29.0134 12.7962 54.6759 -31.3705 12.044 50.9532 -29.5034 11.7359
3 16 54.6759 -31.3705 12.044 52.4928 -30.1279 10.9173 50.9532 -29.5034 11.7359
3 16 62.9753 -40.7498 11.6015 63.2372 -42.4075 10.6212 63.2296 -40.3171 10.7299
3 16 63.2296 -40.3171 10.7299 63.2372 -42.4075 10.6212 63.4572 -42.3781 10.0236
3 16 63.065 -40.2068 10.0019 63.2296 -40.3171 10.7299 63.3866 -42.0808 9.7217
3 16 63.3866 -42.0808 9.7217 63.2296 -40.3171 10.7299 63.4572 -42.3781 10.0236
3 16 62.9753 -40.7498 11.6015 63.2296 -40.3171 10.7299 61.5435 -38.3964 13.1624
3 16 61.5435 -38.3964 13.1624 63.2296 -40.3171 10.7299 61.5194 -37.5353 12.0007
3 16 61.5194 -37.5353 12.0007 63.2296 -40.3171 10.7299 61.3103 -37.376 10.8469
3 16 61.3103 -37.376 10.8469 63.2296 -40.3171 10.7299 63.065 -40.2068 10.0019
3 16 61.5435 -38.3964 13.1624 61.5194 -37.5353 12.0007 58.4755 -35.2613 15.286
3 16 58.4755 -35.2613 15.286 61.5194 -37.5353 12.0007 58.3397 -33.955 13.5917
3 16 61.3103 -37.376 10.8469 58.1645 -33.7977 11.8145 61.5194 -37.5353 12.0007
3 16 61.5194 -37.5353 12.0007 58.1645 -33.7977 11.8145 58.3397 -33.955 13.5917
3 16 58.4755 -35.2613 15.286 58.3397 -33.955 13.5917 55.538 -33.4002 16.0987
3 16 55.538 -33.4002 16.0987 58.3397 -33.955 13.5917 55.3087 -31.9057 14.3756
3 16 62.8126 -40.1422 9.2916 63.065 -40.2068 10.0019 63.2196 -42.0357 9.2797
3 16 63.2196 -42.0357 9.2797 63.065 -40.2068 10.0019 63.3866 -42.0808 9.7217
3 16 63.065 -40.2068 10.0019 62.8126 -40.1422 9.2916 61.3103 -37.376 10.8469
3 16 61.3103 -37.376 10.8469 62.8126 -40.1422 9.2916 61.0552 -37.2578 9.6904
3 16 58.1645 -33.7977 11.8145 61.3103 -37.376 10.8469 58.3549 -34.2277 9.8825
3 16 58.3549 -34.2277 9.8825 61.3103 -37.376 10.8469 61.0552 -37.2578 9.6904
3 16 63.2196 -42.0357 9.2797 63.3866 -42.0808 9.7217 63.198 -43.3271 9.5453
3 16 63.3866 -42.0808 9.7217 63.4572 -42.3781 10.0236 63.198 -43.3271 9.5453
3 16 54.6759 -31.3705 12.044 58.1645 -33.7977 11.8145 55.9393 -32.2214 9.5806
3 16 55.9393 -32.2214 9.5806 58.1645 -33.7977 11.8145 58.3549 -34.2277 9.8825
3 16 58.3397 -33.955 13.5917 58.1645 -33.7977 11.8145 55.3087 -31.9057 14.3756
3 16 55.3087 -31.9057 14.3756 58.1645 -33.7977 11.8145 54.6759 -31.3705 12.044
3 16 55.538 -33.4002 16.0987 55.3087 -31.9057 14.3756 51.2194 -31.4027 16.3088
3 16 51.2194 -31.4027 16.3088 55.3087 -31.9057 14.3756 50.4721 -29.536 14.1913
3 16 62.7052 -42.1571 8.8089 62.41 -42.2607 8.6924 62.226 -40.5916 8.5515
3 16 62.226 -40.5916 8.5515 62.41 -42.2607 8.6924 61.3797 -40.9042 8.3269
3 16 60.8367 -38.0349 8.4318 62.226 -40.5916 8.5515 60.1418 -39.7172 8.0504
3 16 60.1418 -39.7172 8.0504 62.226 -40.5916 8.5515 61.3797 -40.9042 8.3269
3 16 58.3264 -37.1098 7.9203 55.8555 -35.9092 7.5011 58.3446 -35.3114 8.2742
3 16 58.3446 -35.3114 8.2742 55.8555 -35.9092 7.5011 55.7072 -33.4759 7.6867
3 16 60.8367 -38.0349 8.4318 58.3264 -37.1098 7.9203 58.3446 -35.3114 8.2742
3 16 55.8555 -35.9092 7.5011 52.3401 -34.5028 6.2664 55.7072 -33.4759 7.6867
3 16 55.7072 -33.4759 7.6867 52.3401 -34.5028 6.2664 52.6779 -31.9995 6.5769
3 16 52.3401 -34.5028 6.2664 48.9729 -33.1579 4.7117 52.6779 -31.9995 6.5769
3 16 52.6779 -31.9995 6.5769 48.9729 -33.1579 4.7117 49.8077 -30.8238 5.4548
3 16 45.9779 -32.5397 3.4061 46.5385 -29.9346 4.1686 48.9729 -33.1579 4.7117
3 16 48.9729 -33.1579 4.7117 46.5385 -29.9346 4.1686 49.8077 -30.8238 5.4548
3 16 45.9779 -32.5397 3.4061 41.3826 -31.6901 1.959 46.5385 -29.9346 4.1686
3 16 46.5385 -29.9346 4.1686 41.3826 -31.6901 1.959 41.36 -28.602 2.8162
3 16 48.12 -35.1133 4.4485 48.9729 -33.1579 4.7117 51.169 -36.3231 6.031
3 16 51.169 -36.3231 6.031 48.9729 -33.1579 4.7117 52.3401 -34.5028 6.2664
3 16 45.3306 -34.7534 3.221 45.9779 -32.5397 3.4061 48.12 -35.1133 4.4485
3 16 48.12 -35.1133 4.4485 45.9779 -32.5397 3.4061 48.9729 -33.1579 4.7117
3 16 41.2393 -34.3569 1.8571 41.3826 -31.6901 1.959 45.3306 -34.7534 3.221
3 16 45.3306 -34.7534 3.221 41.3826 -31.6901 1.959 45.9779 -32.5397 3.4061
3 16 60.1418 -39.7172 8.0504 58.6123 -38.848 7.7624 60.8367 -38.0349 8.4318
3 16 58.6123 -38.848 7.7624 58.2918 -38.571 7.7478 60.8367 -38.0349 8.4318
3 16 58.3264 -37.1098 7.9203 60.8367 -38.0349 8.4318 58.2918 -38.571 7.7478
3 16 55.8555 -35.9092 7.5011 58.3264 -37.1098 7.9203 55.9775 -37.8708 7.384
3 16 55.9775 -37.8708 7.384 58.3264 -37.1098 7.9203 58.2918 -38.571 7.7478
3 16 52.3401 -34.5028 6.2664 55.8555 -35.9092 7.5011 53.282 -37.3516 6.9423
3 16 53.282 -37.3516 6.9423 55.8555 -35.9092 7.5011 55.9775 -37.8708 7.384
3 16 52.3401 -34.5028 6.2664 53.282 -37.3516 6.9423 51.169 -36.3231 6.031
3 16 51.169 -36.3231 6.031 53.282 -37.3516 6.9423 51.5615 -37.1373 6.4376
3 16 62.41 -42.2607 8.6924 62.7052 -42.1571 8.8089 62.9129 -43.0215 9.0246
3 16 41.3826 -31.6901 1.959 36.5149 -29.2899 1.1887 41.36 -28.602 2.8162
3 16 41.36 -28.602 2.8162 36.5149 -29.2899 1.1887 36.6722 -27.0576 1.9701
3 16 41.3826 -31.6901 1.959 36.7174 -32.0477 0.9423 36.5149 -29.2899 1.1887
3 16 36.5149 -29.2899 1.1887 36.7174 -32.0477 0.9423 35.5262 -30.6163 0.8437
3 16 41.3826 -31.6901 1.959 41.2393 -34.3569 1.8571 36.7174 -32.0477 0.9423
3 16 36.7174 -32.0477 0.9423 41.2393 -34.3569 1.8571 36.6536 -34.1115 1.0622
3 16 32.447 -32.1005 0.5671 35.5262 -30.6163 0.8437 36.7174 -32.0477 0.9423
3 16 32.447 -32.1005 0.5671 36.7174 -32.0477 0.9423 32.4688 -33.2576 0.7957
3 16 32.4688 -33.2576 0.7957 36.7174 -32.0477 0.9423 36.6536 -34.1115 1.0622
3 16 29.9669 -32.8906 0.5006 32.447 -32.1005 0.5671 32.4688 -33.2576 0.7957
3 16 21.514 -15.8207 -3.7498 21.4476 -15.7451 -0.0425 22.0428 -13.6904 -3.7912
3 16 22.0428 -13.6904 -3.7912 21.4476 -15.7451 -0.0425 21.8474 -13.8616 1.8332
3 16 21.4902 -19.6555 -3.4167 21.4436 -20.0169 -1.1231 21.514 -15.8207 -3.7498
3 16 21.514 -15.8207 -3.7498 21.4436 -20.0169 -1.1231 21.4476 -15.7451 -0.0425
3 16 21.4902 -19.6555 -3.4167 21.4817 -25.9229 -3.1369 21.4436 -20.0169 -1.1231
3 16 21.4436 -20.0169 -1.1231 21.4817 -25.9229 -3.1369 21.475 -26.1982 -1.5268
3 16 21.4817 -25.9229 -3.1369 21.9588 -29.1422 -2.7724 21.475 -26.1982 -1.5268
3 16 21.475 -26.1982 -1.5268 21.9588 -29.1422 -2.7724 21.8985 -28.6506 -1.2086
3 16 23.0669 -31.5247 -2.089 22.405 -30.53 -0.5403 21.9588 -29.1422 -2.7724
3 16 21.9588 -29.1422 -2.7724 22.405 -30.53 -0.5403 21.8985 -28.6506 -1.2086
3 16 27.7423 -33.3489 -0.4234 24.5746 -32.8483 0.0454 27.4724 -33.0918 -1.3943
3 16 27.4724 -33.0918 -1.3943 24.5746 -32.8483 0.0454 24.0282 -32.3633 -1.4399
3 16 31.2229 -32.2433 -0.9369 29.9669 -32.8906 0.5006 27.4724 -33.0918 -1.3943
3 16 27.4724 -33.0918 -1.3943 29.9669 -32.8906 0.5006 27.7423 -33.3489 -0.4234
3 16 32.447 -32.1005 0.5671 29.9669 -32.8906 0.5006 31.2229 -32.2433 -0.9369
3 16 31.2229 -32.2433 -0.9369 35.1191 -30.6157 -0.7785 32.447 -32.1005 0.5671
3 16 32.447 -32.1005 0.5671 35.1191 -30.6157 -0.7785 35.5262 -30.6163 0.8437
3 16 35.1191 -30.6157 -0.7785 36.4398 -29.3624 -0.3704 35.5262 -30.6163 0.8437
3 16 35.5262 -30.6163 0.8437 36.4398 -29.3624 -0.3704 36.5149 -29.2899 1.1887
3 16 36.4398 -29.3624 -0.3704 36.6892 -27.0725 -0.4533 36.5149 -29.2899 1.1887
3 16 36.5149 -29.2899 1.1887 36.6892 -27.0725 -0.4533 36.6722 -27.0576 1.9701
3 16 36.6892 -27.0725 -0.4533 36.3143 -24.0146 -0.543 36.6722 -27.0576 1.9701
3 16 36.6722 -27.0576 1.9701 36.3143 -24.0146 -0.543 36.4333 -23.947 5.1533
3 16 36.4333 -23.947 5.1533 36.3143 -24.0146 -0.543 36.6613 -22.3439 -0.6875
3 16 33.5255 -29.2409 -4.0013 34.4573 -28.3499 -3.8376 35.1191 -30.6157 -0.7785
3 16 35.1191 -30.6157 -0.7785 34.4573 -28.3499 -3.8376 36.4398 -29.3624 -0.3704
3 16 34.4943 -26.1189 -3.9758 36.6892 -27.0725 -0.4533 34.4573 -28.3499 -3.8376
3 16 34.4573 -28.3499 -3.8376 36.6892 -27.0725 -0.4533 36.4398 -29.3624 -0.3704
3 16 34.2246 -23.1115 -4.3485 35.3616 -21.9727 -2.7776 36.3143 -24.0146 -0.543
3 16 36.3143 -24.0146 -0.543 35.3616 -21.9727 -2.7776 36.6613 -22.3439 -0.6875
3 16 34.2246 -23.1115 -4.3485 36.3143 -24.0146 -0.543 34.4943 -26.1189 -3.9758
3 16 34.4943 -26.1189 -3.9758 36.3143 -24.0146 -0.543 36.6892 -27.0725 -0.4533
3 16 35.3616 -21.9727 -2.7776 34.2246 -23.1115 -4.3485 34.6149 -18.4998 -5.4415
3 16 24.422 -17.42 -6.4186 21.514 -15.8207 -3.7498 24.741 -15.9375 -6.4213
3 16 24.741 -15.9375 -6.4213 21.514 -15.8207 -3.7498 22.0428 -13.6904 -3.7912
3 16 24.4775 -20.1749 -6.2164 21.4902 -19.6555 -3.4167 24.422 -17.42 -6.4186
3 16 24.422 -17.42 -6.4186 21.4902 -19.6555 -3.4167 21.514 -15.8207 -3.7498
3 16 24.6445 -23.8241 -5.8946 24.9077 -28.0414 -5.5412 21.4817 -25.9229 -3.1369
3 16 21.4817 -25.9229 -3.1369 24.9077 -28.0414 -5.5412 21.9588 -29.1422 -2.7724
3 16 24.9077 -28.0414 -5.5412 25.2589 -29.8082 -5.1413 21.9588 -29.1422 -2.7724
3 16 21.9588 -29.1422 -2.7724 25.2589 -29.8082 -5.1413 23.0669 -31.5247 -2.089
3 16 25.2589 -29.8082 -5.1413 26.3619 -30.8909 -4.7361 23.0669 -31.5247 -2.089
3 16 23.0669 -31.5247 -2.089 26.3619 -30.8909 -4.7361 24.0282 -32.3633 -1.4399
3 16 27.689 -31.1464 -4.6014 27.4724 -33.0918 -1.3943 26.3619 -30.8909 -4.7361
3 16 26.3619 -30.8909 -4.7361 27.4724 -33.0918 -1.3943 24.0282 -32.3633 -1.4399
3 16 30.2986 -30.5424 -4.4033 33.5255 -29.2409 -4.0013 31.2229 -32.2433 -0.9369
3 16 31.2229 -32.2433 -0.9369 33.5255 -29.2409 -4.0013 35.1191 -30.6157 -0.7785
3 16 27.689 -31.1464 -4.6014 30.2986 -30.5424 -4.4033 27.4724 -33.0918 -1.3943
3 16 27.4724 -33.0918 -1.3943 30.2986 -30.5424 -4.4033 31.2229 -32.2433 -0.9369
3 16 24.4775 -20.1749 -6.2164 24.6445 -23.8241 -5.8946 21.4902 -19.6555 -3.4167
3 16 21.4902 -19.6555 -3.4167 24.6445 -23.8241 -5.8946 21.4817 -25.9229 -3.1369
3 16 22.0428 -13.6904 -3.7912 23.6284 -12.8364 -3.4856 24.741 -15.9375 -6.4213
3 16 24.741 -15.9375 -6.4213 23.6284 -12.8364 -3.4856 25.7391 -15.062 -6.4074
3 16 22.0428 -13.6904 -3.7912 21.8474 -13.8616 1.8332 23.6284 -12.8364 -3.4856
3 16 23.6284 -12.8364 -3.4856 21.8474 -13.8616 1.8332 23.5695 -12.8725 3.4588
3 16 25.7899 -11.9931 4.2284 23.5695 -12.8725 3.4588 23.0361 -13.0502 4.2362
3 16 23.6284 -12.8364 -3.4856 27.5181 -12.055 -2.9811 25.7391 -15.062 -6.4074
3 16 25.7391 -15.062 -6.4074 27.5181 -12.055 -2.9811 28.5098 -14.7379 -6.3306
3 16 27.5181 -12.055 -2.9811 31.0657 -12.2642 -2.4317 28.5098 -14.7379 -6.3306
3 16 28.5098 -14.7379 -6.3306 31.0657 -12.2642 -2.4317 32.0174 -14.5959 -5.8492
3 16 24.9077 -28.0414 -5.5412 29.9575 -27.4222 -5.4631 25.2589 -29.8082 -5.1413
3 16 29.9575 -27.4222 -5.4631 26.3619 -30.8909 -4.7361 25.2589 -29.8082 -5.1413
3 16 29.9575 -27.4222 -5.4631 27.689 -31.1464 -4.6014 26.3619 -30.8909 -4.7361
3 16 29.9575 -27.4222 -5.4631 30.2986 -30.5424 -4.4033 27.689 -31.1464 -4.6014
3 16 29.9575 -27.4222 -5.4631 33.5255 -29.2409 -4.0013 30.2986 -30.5424 -4.4033
3 16 34.4573 -28.3499 -3.8376 33.5255 -29.2409 -4.0013 34.4943 -26.1189 -3.9758
3 16 34.4943 -26.1189 -3.9758 33.5255 -29.2409 -4.0013 29.9575 -27.4222 -5.4631
3 16 29.9575 -27.4222 -5.4631 24.9077 -28.0414 -5.5412 29.5811 -23.8119 -6.0374
3 16 29.5811 -23.8119 -6.0374 24.9077 -28.0414 -5.5412 24.6445 -23.8241 -5.8946
3 16 29.9575 -27.4222 -5.4631 29.5811 -23.8119 -6.0374 34.4943 -26.1189 -3.9758
3 16 34.4943 -26.1189 -3.9758 29.5811 -23.8119 -6.0374 34.2246 -23.1115 -4.3485
3 16 24.6445 -23.8241 -5.8946 24.4775 -20.1749 -6.2164 29.5811 -23.8119 -6.0374
3 16 29.5811 -23.8119 -6.0374 24.4775 -20.1749 -6.2164 29.1268 -18.8305 -6.5876
3 16 29.5811 -23.8119 -6.0374 29.1268 -18.8305 -6.5876 34.2246 -23.1115 -4.3485
3 16 34.2246 -23.1115 -4.3485 29.1268 -18.8305 -6.5876 34.6149 -18.4998 -5.4415
3 16 25.7391 -15.062 -6.4074 29.1268 -18.8305 -6.5876 24.741 -15.9375 -6.4213
3 16 24.422 -17.42 -6.4186 24.741 -15.9375 -6.4213 29.1268 -18.8305 -6.5876
3 16 29.1268 -18.8305 -6.5876 24.4775 -20.1749 -6.2164 24.422 -17.42 -6.4186
3 16 29.1268 -18.8305 -6.5876 25.7391 -15.062 -6.4074 28.5098 -14.7379 -6.3306
3 16 28.5098 -14.7379 -6.3306 32.0174 -14.5959 -5.8492 29.1268 -18.8305 -6.5876
3 16 29.1268 -18.8305 -6.5876 32.0174 -14.5959 -5.8492 34.6149 -18.4998 -5.4415
3 16 38.867 -20.9866 -0.3576 36.6613 -22.3439 -0.6875 38.3752 -19.9456 -3.1933
3 16 38.3752 -19.9456 -3.1933 36.6613 -22.3439 -0.6875 35.3616 -21.9727 -2.7776
3 16 35.9514 -17.0117 -5.3238 38.3752 -19.9456 -3.1933 34.6149 -18.4998 -5.4415
3 16 34.6149 -18.4998 -5.4415 38.3752 -19.9456 -3.1933 35.3616 -21.9727 -2.7776
3 16 34.6149 -18.4998 -5.4415 32.0174 -14.5959 -5.8492 35.9514 -17.0117 -5.3238
3 16 35.9514 -17.0117 -5.3238 32.0174 -14.5959 -5.8492 34.7314 -13.7546 -5.4964
3 16 35.9514 -17.0117 -5.3238 34.7314 -13.7546 -5.4964 38.7846 -14.1095 -5.5432
3 16 38.7846 -14.1095 -5.5432 34.7314 -13.7546 -5.4964 36.5406 -11.5946 -5.783
3 16 38.7846 -14.1095 -5.5432 38.3752 -19.9456 -3.1933 35.9514 -17.0117 -5.3238
3 16 42.282 -19.4703 0.1581 38.867 -20.9866 -0.3576 41.4234 -18.588 -2.8157
3 16 41.4234 -18.588 -2.8157 38.867 -20.9866 -0.3576 38.3752 -19.9456 -3.1933
3 16 42.3701 -15.1933 -4.8422 41.4234 -18.588 -2.8157 38.7846 -14.1095 -5.5432
3 16 38.7846 -14.1095 -5.5432 41.4234 -18.588 -2.8157 38.3752 -19.9456 -3.1933
3 16 38.7846 -14.1095 -5.5432 40.762 -9.61 -6.4141 42.3701 -15.1933 -4.8422
3 16 42.3701 -15.1933 -4.8422 40.762 -9.61 -6.4141 44.6439 -12.1062 -5.5097
3 16 42.282 -19.4703 0.1581 41.4234 -18.588 -2.8157 43.7111 -16.2584 -1.4966
3 16 43.7111 -16.2584 -1.4966 41.4234 -18.588 -2.8157 42.3701 -15.1933 -4.8422
3 16 44.6439 -12.1062 -5.5097 46.416 -12.3921 -1.9597 42.3701 -15.1933 -4.8422
3 16 42.3701 -15.1933 -4.8422 46.416 -12.3921 -1.9597 43.7111 -16.2584 -1.4966
3 16 46.416 -12.3921 -1.9597 44.6439 -12.1062 -5.5097 46.6884 -7.8944 -2.9701
3 16 46.6884 -7.8944 -2.9701 44.6439 -12.1062 -5.5097 44.3486 -8.2593 -6.4357
3 16 44.3486 -8.2593 -6.4357 45.1776 -4.9669 -7.6978 46.6884 -7.8944 -2.9701
3 16 46.6884 -7.8944 -2.9701 45.1776 -4.9669 -7.6978 48.5964 -4.4249 -4.7237
3 16 37.6114 -7.955 -6.7723 40.762 -9.61 -6.4141 36.5406 -11.5946 -5.783
3 16 36.5406 -11.5946 -5.783 40.762 -9.61 -6.4141 38.7846 -14.1095 -5.5432
3 16 35.7931 -5.9741 -7.5116 41.1132 -7.2722 -7.1991 37.6114 -7.955 -6.7723
3 16 37.6114 -7.955 -6.7723 41.1132 -7.2722 -7.1991 40.762 -9.61 -6.4141
3 16 44.6439 -12.1062 -5.5097 40.762 -9.61 -6.4141 44.3486 -8.2593 -6.4357
3 16 44.3486 -8.2593 -6.4357 40.762 -9.61 -6.4141 41.1132 -7.2722 -7.1991
3 16 41.1132 -7.2722 -7.1991 35.7931 -5.9741 -7.5116 39.7853 -4.831 -8.4616
3 16 39.7853 -4.831 -8.4616 35.7931 -5.9741 -7.5116 33.5206 -3.962 -7.6351
3 16 44.3486 -8.2593 -6.4357 41.1132 -7.2722 -7.1991 45.1776 -4.9669 -7.6978
3 16 45.1776 -4.9669 -7.6978 41.1132 -7.2722 -7.1991 39.7853 -4.831 -8.4616
3 16 35.7931 -5.9741 -7.5116 33.9758 -6.2062 -4.363 33.5206 -3.962 -7.6351
3 16 33.5206 -3.962 -7.6351 33.9758 -6.2062 -4.363 32.3372 -3.9474 -4.7037
3 16 37.6114 -7.955 -6.7723 35.1054 -7.8455 -4.0003 35.7931 -5.9741 -7.5116
3 16 35.7931 -5.9741 -7.5116 35.1054 -7.8455 -4.0003 33.9758 -6.2062 -4.363
3 16 34.7314 -13.7546 -5.4964 32.0174 -14.5959 -5.8492 33.5732 -11.6145 -2.2527
3 16 33.5732 -11.6145 -2.2527 32.0174 -14.5959 -5.8492 31.0657 -12.2642 -2.4317
3 16 34.7314 -13.7546 -5.4964 33.5732 -11.6145 -2.2527 36.5406 -11.5946 -5.783
3 16 36.5406 -11.5946 -5.783 33.5732 -11.6145 -2.2527 34.4045 -9.8562 -2.5612
3 16 36.5406 -11.5946 -5.783 35.1054 -7.8455 -4.0003 37.6114 -7.955 -6.7723
3 16 34.5253 -8.0006 -3.0387 35.1054 -7.8455 -4.0003 34.4045 -9.8562 -2.5612
3 16 34.4045 -9.8562 -2.5612 35.1054 -7.8455 -4.0003 36.5406 -11.5946 -5.783
3 16 33.9758 -6.2062 -4.363 32.171 -6.0083 -3.2395 32.3372 -3.9474 -4.7037
3 16 32.3372 -3.9474 -4.7037 32.171 -6.0083 -3.2395 29.6945 -3.1762 -2.7746
3 16 35.1054 -7.8455 -4.0003 34.5253 -8.0006 -3.0387 33.9758 -6.2062 -4.363
3 16 33.9758 -6.2062 -4.363 34.5253 -8.0006 -3.0387 32.171 -6.0083 -3.2395
3 16 31.0657 -12.2642 -2.4317 31.3107 -12.1443 8.126 33.5732 -11.6145 -2.2527
3 16 33.5732 -11.6145 -2.2527 31.3107 -12.1443 8.126 33.2273 -11.62 8.1211
3 16 34.4045 -9.8562 -2.5612 33.5732 -11.6145 -2.2527 34.0971 -10.0657 8.1091
3 16 34.0971 -10.0657 8.1091 33.5732 -11.6145 -2.2527 33.2273 -11.62 8.1211
3 16 34.0971 -10.0657 8.1091 34.4027 -8.0943 2.9833 34.4045 -9.8562 -2.5612
3 16 34.5009 -8.123 2.425 34.4045 -9.8562 -2.5612 34.4027 -8.0943 2.9833
3 16 34.5009 -8.123 2.425 32.3879 -6.3802 2.4795 34.5253 -8.0006 -3.0387
3 16 34.5253 -8.0006 -3.0387 32.3879 -6.3802 2.4795 32.171 -6.0083 -3.2395
3 16 34.4027 -8.0943 2.9833 32.2125 -7.0109 2.9738 34.5009 -8.123 2.425
3 16 34.5009 -8.123 2.425 32.2125 -7.0109 2.9738 32.3879 -6.3802 2.4795
3 16 32.2125 -7.0109 2.9738 30.5307 -4.952 2.8251 32.3879 -6.3802 2.4795
3 16 32.3879 -6.3802 2.4795 30.5307 -4.952 2.8251 30.5501 -4.5025 2.3722
3 16 32.171 -6.0083 -3.2395 32.3879 -6.3802 2.4795 30.5501 -4.5025 2.3722
3 16 29.7271 -3.163 2.3481 29.6945 -3.1762 -2.7746 30.5501 -4.5025 2.3722
3 16 30.5501 -4.5025 2.3722 29.6945 -3.1762 -2.7746 32.171 -6.0083 -3.2395
3 16 62.8813 -46.2031 9.819 63.6732 -44.8402 9.7498 62.8744 -45.8872 11.0213
3 16 62.8744 -45.8872 11.0213 63.6732 -44.8402 9.7498 63.5503 -44.424 10.495
3 16 63.2068 -43.1889 10.4718 63.5503 -44.424 10.495 63.2731 -43.3422 10.0939
3 16 63.2731 -43.3422 10.0939 63.5503 -44.424 10.495 63.6732 -44.8402 9.7498
3 16 62.7842 -42.3558 11.2858 63.2068 -43.1889 10.4718 63.2372 -42.4075 10.6212
3 16 63.2372 -42.4075 10.6212 63.2068 -43.1889 10.4718 63.2731 -43.3422 10.0939
3 16 45.3697 -27.5196 13.2421 45.7868 -29.8158 15.8299 50.4721 -29.536 14.1913
3 16 50.4721 -29.536 14.1913 45.7868 -29.8158 15.8299 51.2194 -31.4027 16.3088
3 16 49.6863 -29.0134 12.7962 45.3697 -27.5196 13.2421 50.4721 -29.536 14.1913
3 16 22.8968 -34.6489 4.4247 25.4774 -34.6793 4.425 23.0361 -13.0502 4.2362
3 16 23.0361 -13.0502 4.2362 25.4774 -34.6793 4.425 25.7899 -11.9931 4.2284
3 16 27.9824 -36.0026 5.84 27.9978 -11.8627 5.4718 25.4774 -34.6793 4.425
3 16 25.4774 -34.6793 4.425 27.9978 -11.8627 5.4718 25.7899 -11.9931 4.2284
3 16 28.0771 -38.7837 8.3598 28.6498 -11.8653 8.1248 27.9824 -36.0026 5.84
3 16 27.9824 -36.0026 5.84 28.6498 -11.8653 8.1248 27.9978 -11.8627 5.4718
3 16 19.8066 -11.1374 4.2195 17.8566 -34.1945 4.4208 23.0361 -13.0502 4.2362
3 16 23.0361 -13.0502 4.2362 17.8566 -34.1945 4.4208 22.8968 -34.6489 4.4247
3 16 17.8566 -34.1945 4.4208 19.8066 -11.1374 4.2195 14.9763 -32.0439 4.3956
3 16 14.9763 -32.0439 4.3956 19.8066 -11.1374 4.2195 16.2746 -10.5006 4.214
3 16 14.9763 -32.0439 4.3956 16.2746 -10.5006 4.214 12.7984 -25.8496 4.3479
3 16 12.7984 -25.8496 4.3479 16.2746 -10.5006 4.214 13.1658 -10.8352 4.2169
3 16 -18.3654 -22.5866 7.8773 -18.3654 -14.1898 7.8773 -19.0354 -22.4788 10.0212
3 16 -19.0354 -22.4788 10.0212 -18.3654 -14.1898 7.8773 -19.0354 -14.0036 10.0212
3 16 -18.3654 -22.5866 7.8773 -16.9625 -22.4373 6.8083 -18.3654 -14.1898 7.8773
3 16 -18.3654 -14.1898 7.8773 -16.9625 -22.4373 6.8083 -16.9626 -14.327 6.8083
3 16 -15.2827 -22.7614 6.4349 -15.2827 -14.165 6.4349 -16.9625 -22.4373 6.8083
3 16 -16.9625 -22.4373 6.8083 -15.2827 -14.165 6.4349 -16.9626 -14.327 6.8083
3 16 -13.5534 -23.551 6.9279 -13.5534 -13.6655 6.9279 -15.2827 -22.7614 6.4349
3 16 -15.2827 -22.7614 6.4349 -13.5534 -13.6655 6.9279 -15.2827 -14.165 6.4349
3 16 -11.9392 -25.3322 8.2423 -11.9392 -13.0184 8.1349 -13.5534 -23.551 6.9279
3 16 -13.5534 -23.551 6.9279 -11.9392 -13.0184 8.1349 -13.5534 -13.6655 6.9279
3 16 -9.9269 -26.9664 8.2566 -9.2562 -12.2009 8.1277 -11.9392 -25.3322 8.2423
3 16 -11.9392 -25.3322 8.2423 -9.2562 -12.2009 8.1277 -11.9392 -13.0184 8.1349
3 16 -5.3737 -27.9317 8.265 -5.6924 -12.2112 8.1278 -9.9269 -26.9664 8.2566
3 16 -9.9269 -26.9664 8.2566 -5.6924 -12.2112 8.1278 -9.2562 -12.2009 8.1277
3 16 -2.4802 -26.7149 8.2543 -3.0767 -14.1379 8.1446 -5.3737 -27.9317 8.265
3 16 -5.3737 -27.9317 8.265 -3.0767 -14.1379 8.1446 -5.6924 -12.2112 8.1278
3 16 -8.3663 -27.69 10.0212 -9.9269 -26.9664 8.2566 -11.9392 -25.0631 10.0212
3 16 -11.9392 -25.0631 10.0212 -9.9269 -26.9664 8.2566 -11.9392 -25.3322 8.2423
3 16 -15.2827 -22.7614 6.4349 -13.7776 -24.1044 8.1289 -13.5534 -23.551 6.9279
3 16 -13.5534 -23.551 6.9279 -13.7776 -24.1044 8.1289 -11.9392 -25.3322 8.2423
3 16 -18.3654 -22.5866 7.8773 -16.2283 -23.0623 7.9345 -16.9625 -22.4373 6.8083
3 16 -9.9269 -26.9664 8.2566 -8.3663 -27.69 10.0212 -5.3737 -27.9317 8.265
3 16 -5.3737 -27.9317 8.265 -8.3663 -27.69 10.0212 -4.9749 -28.4566 10.0212
3 16 -2.3445 -27.0225 10.0212 -2.4802 -26.7149 8.2543 -4.9749 -28.4566 10.0212
3 16 -4.9749 -28.4566 10.0212 -2.4802 -26.7149 8.2543 -5.3737 -27.9317 8.265
3 16 -2.3445 -27.0225 10.0212 0.9922 -26.7682 10.0212 -2.4802 -26.7149 8.2543
3 16 -2.4802 -26.7149 8.2543 0.9922 -26.7682 10.0212 0.9393 -27.0795 7.757
3 16 3.68 -27.3502 8.2599 5.6179 -26.7903 7.2313 3.68 -0.0323 8.0215
3 16 3.68 -0.0323 8.0215 5.6179 -26.7903 7.2313 5.6179 -0.0338 7.0876
3 16 5.6179 -26.7903 7.2313 7.4263 -25.2043 5.7312 5.6179 -0.0338 7.0876
3 16 5.6179 -0.0338 7.0876 7.4263 -25.2043 5.7312 7.2449 -0.0338 5.6027
3 16 8.9339 -24.0717 4.3324 8.4207 -1.8843 4.1388 7.4263 -25.2043 5.7312
3 16 7.4263 -25.2043 5.7312 8.4207 -1.8843 4.1388 7.2449 -0.0338 5.6027
3 16 12.7984 -25.8496 4.3479 13.1658 -10.8352 4.2169 8.9339 -24.0717 4.3324
3 16 8.9339 -24.0717 4.3324 13.1658 -10.8352 4.2169 12.6174 -9.2967 4.2035
3 16 3.6632 -28.5443 10.0212 3.68 -27.3502 8.2599 0.9922 -26.7682 10.0212
3 16 0.9922 -26.7682 10.0212 3.68 -27.3502 8.2599 0.9393 -27.0795 7.757
3 16 3.68 -27.3502 8.2599 3.6632 -28.5443 10.0212 5.4411 -28.3413 7.9902
3 16 5.4411 -28.3413 7.9902 3.6632 -28.5443 10.0212 5.2056 -30.5239 10.0212
3 16 5.4411 -28.3413 7.9902 5.2056 -30.5239 10.0212 6.5649 -29.7018 8.9304
3 16 6.5649 -29.7018 8.9304 5.2056 -30.5239 10.0212 7.1273 -31.7596 10.0212
3 16 3.68 -27.3502 8.2599 5.4411 -28.3413 7.9902 5.6179 -26.7903 7.2313
3 16 5.6179 -26.7903 7.2313 5.4411 -28.3413 7.9902 10.1739 -28.8141 8.7448
3 16 8.9339 -24.0717 4.3324 10.224 -26.427 6.9063 12.7984 -25.8496 4.3479
3 16 12.7984 -25.8496 4.3479 10.224 -26.427 6.9063 13.3145 -27.8941 6.8514
3 16 7.4263 -25.2043 5.7312 10.224 -26.427 6.9063 8.9339 -24.0717 4.3324
3 16 10.1739 -28.8141 8.7448 10.224 -26.427 6.9063 5.6179 -26.7903 7.2313
3 16 5.6179 -26.7903 7.2313 10.224 -26.427 6.9063 7.4263 -25.2043 5.7312
3 16 6.5649 -29.7018 8.9304 7.1273 -31.7596 10.0212 10.1739 -28.8141 8.7448
3 16 10.1739 -28.8141 8.7448 7.1273 -31.7596 10.0212 11.066 -31.1696 10.0212
3 16 10.1739 -28.8141 8.7448 11.066 -31.1696 10.0212 14.3486 -30.6288 8.3317
3 16 14.3486 -30.6288 8.3317 11.066 -31.1696 10.0212 15.2839 -32.9511 10.0212
3 16 5.4411 -28.3413 7.9902 6.5649 -29.7018 8.9304 10.1739 -28.8141 8.7448
3 16 10.224 -26.427 6.9063 10.1739 -28.8141 8.7448 13.3145 -27.8941 6.8514
3 16 13.3145 -27.8941 6.8514 10.1739 -28.8141 8.7448 14.3486 -30.6288 8.3317
3 16 17.8566 -34.1945 4.4208 14.9763 -32.0439 4.3956 15.5917 -34.3219 5.8577
3 16 12.7984 -25.8496 4.3479 13.3145 -27.8941 6.8514 14.9763 -32.0439 4.3956
3 16 14.9763 -32.0439 4.3956 13.3145 -27.8941 6.8514 15.5917 -34.3219 5.8577
3 16 15.5917 -34.3219 5.8577 16.3579 -36.5461 6.6817 17.8566 -34.1945 4.4208
3 16 17.8566 -34.1945 4.4208 16.3579 -36.5461 6.6817 18.7279 -35.7469 4.4343
3 16 17.1186 -38.5636 10.0212 16.3579 -36.5461 6.6817 15.2839 -32.9511 10.0212
3 16 15.2839 -32.9511 10.0212 16.3579 -36.5461 6.6817 14.3486 -30.6288 8.3317
3 16 16.3579 -36.5461 6.6817 15.5917 -34.3219 5.8577 14.3486 -30.6288 8.3317
3 16 14.3486 -30.6288 8.3317 15.5917 -34.3219 5.8577 13.3145 -27.8941 6.8514
3 16 24.0189 -40.738 10.0212 25.5212 -39.1032 10.0212 22.9568 -39.1952 7.7189
3 16 22.9568 -39.1952 7.7189 25.5212 -39.1032 10.0212 24.7848 -37.6672 7.6389
3 16 25.5212 -39.1032 10.0212 28.0771 -38.7837 8.3598 24.7848 -37.6672 7.6389
3 16 24.7848 -37.6672 7.6389 28.0771 -38.7837 8.3598 27.9824 -36.0026 5.84
3 16 27.9824 -36.0026 5.84 25.4774 -34.6793 4.425 24.7848 -37.6672 7.6389
3 16 24.7848 -37.6672 7.6389 25.4774 -34.6793 4.425 22.8968 -34.6489 4.4247
3 16 22.9568 -39.1952 7.7189 24.7848 -37.6672 7.6389 21.3589 -36.5374 4.4412
3 16 21.3589 -36.5374 4.4412 24.7848 -37.6672 7.6389 22.8968 -34.6489 4.4247
3 16 18.7279 -35.7469 4.4343 16.3579 -36.5461 6.6817 21.3589 -36.5374 4.4412
3 16 21.3589 -36.5374 4.4412 16.3579 -36.5461 6.6817 22.9568 -39.1952 7.7189
3 16 16.3579 -36.5461 6.6817 17.1186 -38.5636 10.0212 22.9568 -39.1952 7.7189
3 16 22.9568 -39.1952 7.7189 17.1186 -38.5636 10.0212 24.0189 -40.738 10.0212
3 16 25.5212 -39.1032 10.0212 32.2233 -40.8042 10.1985 28.0771 -38.7837 8.3598
3 16 28.0771 -38.7837 8.3598 32.2233 -40.8042 10.1985 31.9248 -40.3693 8.3685
3 16 31.9248 -40.3693 8.3685 32.2233 -40.8042 10.1985 34.5825 -37.5332 8.3488
3 16 34.5825 -37.5332 8.3488 32.2233 -40.8042 10.1985 35.8879 -36.546 9.9306
3 16 36.322 -35.4705 11.7117 35.8879 -36.546 9.9306 32.8966 -40.009 11.6772
3 16 32.8966 -40.009 11.6772 35.8879 -36.546 9.9306 32.2233 -40.8042 10.1985
3 16 49.2653 -35.6556 10.0372 48.8009 -35.7055 8.4863 47.4431 -35.5472 10.0825
3 16 47.4431 -35.5472 10.0825 48.8009 -35.7055 8.4863 46.4784 -35.6051 8.332
3 16 49.229 -35.4259 11.496 49.2653 -35.6556 10.0372 47.4431 -35.5472 10.0825
3 16 47.4431 -35.5472 10.0825 46.4784 -35.6051 8.332 43.5146 -35.3433 10.0363
3 16 43.5146 -35.3433 10.0363 46.4784 -35.6051 8.332 40.5317 -35.6654 8.3325
3 16 34.5825 -37.5332 8.3488 35.8879 -36.546 9.9306 40.5317 -35.6654 8.3325
3 16 40.5317 -35.6654 8.3325 35.8879 -36.546 9.9306 39.6184 -35.6219 10.0481
3 16 35.8879 -36.546 9.9306 36.322 -35.4705 11.7117 39.6184 -35.6219 10.0481
3 16 39.6184 -35.6219 10.0481 36.322 -35.4705 11.7117 40.0359 -35.1185 11.7148
3 16 39.6184 -35.6219 10.0481 43.5146 -35.3433 10.0363 40.5317 -35.6654 8.3325
3 16 44.1935 -35.1065 11.7149 43.5146 -35.3433 10.0363 40.0359 -35.1185 11.7148
3 16 40.0359 -35.1185 11.7148 43.5146 -35.3433 10.0363 39.6184 -35.6219 10.0481
3 16 49.229 -35.4259 11.496 47.4431 -35.5472 10.0825 44.1935 -35.1065 11.7149
3 16 44.1935 -35.1065 11.7149 47.4431 -35.5472 10.0825 43.5146 -35.3433 10.0363
3 16 49.229 -35.4259 11.496 50.0772 -35.4888 10.7552 49.2653 -35.6556 10.0372
3 16 49.2653 -35.6556 10.0372 50.0772 -35.4888 10.7552 50.1961 -35.6884 9.8911
3 16 48.8009 -35.7055 8.4863 49.2653 -35.6556 10.0372 49.9129 -35.7263 9.0481
3 16 49.9129 -35.7263 9.0481 49.2653 -35.6556 10.0372 50.1961 -35.6884 9.8911
3 16 31.9248 -40.3693 8.3685 31.3107 -12.1443 8.126 28.0771 -38.7837 8.3598
3 16 28.0771 -38.7837 8.3598 31.3107 -12.1443 8.126 28.6498 -11.8653 8.1248
3 16 42.6716 -36.6612 18.6551 41.0096 -34.7529 16.5484 39.1836 -35.6952 17.6828
3 16 39.1836 -35.6952 17.6828 41.0096 -34.7529 16.5484 39.0572 -34.5711 17.1177
3 16 41.3544 -41.8439 6.9727 46.3975 -42.7561 7.1575 42.1558 -42.8564 8.5862
3 16 42.1558 -42.8564 8.5862 46.3975 -42.7561 7.1575 46.9252 -44.1862 9.8372
3 16 42.1558 -42.8564 8.5862 41.146 -45.4256 8.2125 41.3544 -41.8439 6.9727
3 16 41.3544 -41.8439 6.9727 41.146 -45.4256 8.2125 39.4419 -43.9125 5.3494
3 16 31.8977 -43.1102 6.5157 39.4419 -43.9125 5.3494 33.0039 -44.379 9.0379
3 16 33.0039 -44.379 9.0379 39.4419 -43.9125 5.3494 41.146 -45.4256 8.2125
3 16 26.4484 -41.6758 7.9107 31.8977 -43.1102 6.5157 27.094 -42.4684 10.0212
3 16 27.094 -42.4684 10.0212 31.8977 -43.1102 6.5157 33.0039 -44.379 9.0379
3 16 45.0293 -42.7658 11.6317 44.2113 -41.1985 13.9198 41.5088 -42.0097 10.908
3 16 41.5088 -42.0097 10.908 44.2113 -41.1985 13.9198 40.6011 -40.4616 12.6841
3 16 40.5022 -44.0321 11.0007 41.5088 -42.0097 10.908 40.6011 -40.4616 12.6841
3 16 31.3107 -12.1443 8.126 31.9248 -40.3693 8.3685 36.5645 -23.7958 8.2289
3 16 36.5645 -23.7958 8.2289 31.9248 -40.3693 8.3685 34.5825 -37.5332 8.3488
3 16 -21.4334 -12.8224 10.0212 -19.0354 -14.0036 10.0212 -20.6114 -13.4736 7.5682
3 16 -20.6114 -13.4736 7.5682 -19.0354 -14.0036 10.0212 -18.3654 -14.1898 7.8773
3 16 -3.0767 -14.1379 8.1446 -1.4009 -16.7848 8.1677 -2.1978 -15.5633 5.0938
3 16 -2.1978 -15.5633 5.0938 -1.4009 -16.7848 8.1677 -1.51 -16.9671 5.0777
3 16 -9.4565 -0.0338 -2.6791 -9.4113 -3.7031 -2.6574 -9.7384 -0.0338 1.6256
3 16 -9.7384 -0.0338 1.6256 -9.4113 -3.7031 -2.6574 -9.8236 -3.6945 1.885
3 16 -8.4111 -5.6824 8.0708 -8.1863 -0.0309 8.0215 -8.3254 -5.5309 3.3969
3 16 -8.3254 -5.5309 3.3969 -8.1863 -0.0309 8.0215 -8.2578 -0.0338 3.0183
3 16 8.4207 -1.8843 4.1388 8.039 -0.0338 4.4789 7.2449 -0.0338 5.6027
3 16 41.242 -25.8649 8.2469 41.5018 -26.0166 5.6018 36.5645 -23.7958 8.2289
3 16 36.5645 -23.7958 8.2289 41.5018 -26.0166 5.6018 36.4333 -23.947 5.1533
3 16 41.242 -25.8649 8.2469 36.5645 -23.7958 8.2289 40.5317 -35.6654 8.3325
3 16 40.5317 -35.6654 8.3325 36.5645 -23.7958 8.2289 34.5825 -37.5332 8.3488
3 16 25.7899 -11.9931 4.2284 27.9978 -11.8627 5.4718 27.5181 -12.055 -2.9811
3 16 42.3507 -19.4807 8.1912 38.864 -21.2237 8.2064 42.282 -19.4703 0.1581
3 16 42.282 -19.4703 0.1581 38.864 -21.2237 8.2064 38.867 -20.9866 -0.3576
3 16 43.9762 -16.4396 8.1647 43.7111 -16.2584 -1.4966 46.4759 -12.5723 8.1309
3 16 46.4759 -12.5723 8.1309 43.7111 -16.2584 -1.4966 46.416 -12.3921 -1.9597
3 16 48.6551 -4.4561 8.06 48.5964 -4.4249 -4.7237 47.6989 -0.0347 8.0215
3 16 47.6989 -0.0347 8.0215 48.5964 -4.4249 -4.7237 47.5946 -0.0338 -4.7556
3 16 29.9179 -0.0338 -2.7228 29.6945 -3.1762 -2.7746 29.7049 -0.0338 2.2352
3 16 29.7049 -0.0338 2.2352 29.6945 -3.1762 -2.7746 29.7271 -3.163 2.3481
3 16 34.4027 -8.0943 2.9833 34.0971 -10.0657 8.1091 34.3983 -8.3344 8.0939
3 16 30.5659 -0.0302 8.0189 30.4429 -4.8102 8.0628 47.6989 -0.0347 8.0215
3 16 47.6989 -0.0347 8.0215 30.4429 -4.8102 8.0628 48.6551 -4.4561 8.06
3 16 -15.2827 -14.165 6.4349 -15.0247 -14.3005 3.3401 -17.4086 -14.4187 4.1811
3 16 12.7368 -10.1581 0.3675 12.2396 -7.0305 0.3164 12.6174 -9.2967 4.2035
3 16 12.6174 -9.2967 4.2035 12.2396 -7.0305 0.3164 12.2656 -6.9481 4.183
3 16 -2.4802 -26.7149 8.2543 -1.4009 -16.7848 8.1677 -3.0767 -14.1379 8.1446
3 16 2.0127 -14.7455 8.1499 3.68 -0.0323 8.0215 0.1377 -11.7546 8.1238
3 16 0.1377 -11.7546 8.1238 3.68 -0.0323 8.0215 0.1377 -0.0331 8.0215
3 16 3.68 -27.3502 8.2599 1.8798 -16.2368 8.1629 0.9393 -27.0795 7.757
3 16 30.4429 -4.8102 8.0628 32.1374 -7.1554 8.0837 48.6551 -4.4561 8.06
3 16 48.6551 -4.4561 8.06 32.1374 -7.1554 8.0837 47.1352 -8.0435 8.0914
3 16 -16.9626 -14.327 6.8083 -19.1928 -14.0933 5.3943 -18.3654 -14.1898 7.8773
3 16 -18.3654 -14.1898 7.8773 -19.1928 -14.0933 5.3943 -20.6114 -13.4736 7.5682
3 16 -19.1928 -14.0933 5.3943 -16.9626 -14.327 6.8083 -17.4086 -14.4187 4.1811
3 16 -17.4086 -14.4187 4.1811 -16.9626 -14.327 6.8083 -15.2827 -14.165 6.4349
3 16 -15.2827 -14.165 6.4349 -13.5534 -13.6655 6.9279 -15.0247 -14.3005 3.3401
3 16 -15.0247 -14.3005 3.3401 -13.5534 -13.6655 6.9279 -12.0238 -13.1722 2.9754
3 16 -11.9392 -13.0184 8.1349 -9.2562 -12.2009 8.1277 -12.0238 -13.1722 2.9754
3 16 -12.0238 -13.1722 2.9754 -9.2562 -12.2009 8.1277 -8.5928 -12.0576 3.1557
3 16 1.9824 -16.2607 5.0005 -1.51 -16.9671 5.0777 1.8798 -16.2368 8.1629
3 16 1.8798 -16.2368 8.1629 -1.51 -16.9671 5.0777 -1.4009 -16.7848 8.1677
3 16 -2.4802 -26.7149 8.2543 0.9393 -27.0795 7.757 -1.4009 -16.7848 8.1677
3 16 -1.4009 -16.7848 8.1677 0.9393 -27.0795 7.757 1.8798 -16.2368 8.1629
3 16 -3.0767 -14.1379 8.1446 -2.1978 -15.5633 5.0938 -3.2495 -14.1777 2.3946
3 16 1.8798 -16.2368 8.1629 2.0127 -14.7455 8.1499 1.9824 -16.2607 5.0005
3 16 1.9824 -16.2607 5.0005 2.0127 -14.7455 8.1499 2.2089 -14.8019 3.472
3 16 2.0127 -14.7455 8.1499 0.1377 -11.7546 8.1238 2.2089 -14.8019 3.472
3 16 2.2089 -14.8019 3.472 0.1377 -11.7546 8.1238 0.1162 -11.2576 3.0756
3 16 0.1377 -11.7546 8.1238 -3.0682 -8.648 8.0967 0.1162 -11.2576 3.0756
3 16 0.1162 -11.2576 3.0756 -3.0682 -8.648 8.0967 -3.2582 -8.4056 3.7018
3 16 0.1377 -11.7546 8.1238 0.1377 -0.0331 8.0215 -3.0682 -8.648 8.0967
3 16 -3.0682 -8.648 8.0967 0.1377 -0.0331 8.0215 -4.553 -0.0328 8.0215
3 16 -3.0682 -8.648 8.0967 -6.4833 -8.0041 8.0911 -3.2582 -8.4056 3.7018
3 16 -3.2582 -8.4056 3.7018 -6.4833 -8.0041 8.0911 -6.6016 -7.791 3.7901
3 16 -6.4833 -8.0041 8.0911 -3.0682 -8.648 8.0967 -4.553 -0.0328 8.0215
3 16 -6.4833 -8.0041 8.0911 -8.4111 -5.6824 8.0708 -6.6016 -7.791 3.7901
3 16 -6.6016 -7.791 3.7901 -8.4111 -5.6824 8.0708 -8.3254 -5.5309 3.3969
3 16 -6.4833 -8.0041 8.0911 -4.553 -0.0328 8.0215 -8.4111 -5.6824 8.0708
3 16 -8.4111 -5.6824 8.0708 -4.553 -0.0328 8.0215 -8.1863 -0.0309 8.0215
3 16 -7.8267 -0.0338 -4.0103 -7.9466 -3.5194 -4.0012 -9.4565 -0.0338 -2.6791
3 16 -9.4565 -0.0338 -2.6791 -7.9466 -3.5194 -4.0012 -9.4113 -3.7031 -2.6574
3 16 -6.5439 -0.0338 -6.7761 -6.6756 -3.1386 -6.7723 -7.8267 -0.0338 -4.0103
3 16 -7.8267 -0.0338 -4.0103 -6.6756 -3.1386 -6.7723 -7.9466 -3.5194 -4.0012
3 16 -9.7384 -0.0338 1.6256 -9.8236 -3.6945 1.885 -8.2578 -0.0338 3.0183
3 16 -8.2578 -0.0338 3.0183 -9.8236 -3.6945 1.885 -8.3254 -5.5309 3.3969
3 16 -6.5439 -0.0338 -6.7761 -4.2132 -0.0338 -7.622 -6.6756 -3.1386 -6.7723
3 16 -6.6756 -3.1386 -6.7723 -4.2132 -0.0338 -7.622 -4.5102 -4.001 -7.6185
3 16 -1.2902 -0.0338 -8.044 -1.7489 -4.4671 -8.0922 -4.2132 -0.0338 -7.622
3 16 -4.2132 -0.0338 -7.622 -1.7489 -4.4671 -8.0922 -4.5102 -4.001 -7.6185
3 16 1.1557 -0.0338 -8.073 0.7757 -4.7896 -8.1917 -1.2902 -0.0338 -8.044
3 16 -1.2902 -0.0338 -8.044 0.7757 -4.7896 -8.1917 -1.7489 -4.4671 -8.0922
3 16 3.9689 -0.0338 -7.4551 4.5665 -4.2998 -7.2895 1.1557 -0.0338 -8.073
3 16 1.1557 -0.0338 -8.073 4.5665 -4.2998 -7.2895 0.7757 -4.7896 -8.1917
3 16 7.853 -0.0338 -4.1492 8.2467 -1.8666 -4.051 3.9689 -0.0338 -7.4551
3 16 3.9689 -0.0338 -7.4551 8.2467 -1.8666 -4.051 4.5665 -4.2998 -7.2895
3 16 7.853 -0.0338 -4.1492 7.9494 -0.0338 0.3 8.2467 -1.8666 -4.051
3 16 8.2467 -1.8666 -4.051 7.9494 -0.0338 0.3 8.3533 -1.89 0.4155
3 16 12.2656 -6.9481 4.183 12.2396 -7.0305 0.3164 9.9444 -4.932 4.1654
3 16 9.9444 -4.932 4.1654 12.2396 -7.0305 0.3164 9.9617 -4.9621 0.2141
3 16 8.4207 -1.8843 4.1388 9.9444 -4.932 4.1654 8.3533 -1.89 0.4155
3 16 8.3533 -1.89 0.4155 9.9444 -4.932 4.1654 9.9617 -4.9621 0.2141
3 16 8.039 -0.0338 4.4789 8.4207 -1.8843 4.1388 7.9494 -0.0338 0.3
3 16 7.9494 -0.0338 0.3 8.4207 -1.8843 4.1388 8.3533 -1.89 0.4155
3 16 41.242 -25.8649 8.2469 46.62 -27.786 8.2637 41.5018 -26.0166 5.6018
3 16 41.5018 -26.0166 5.6018 46.62 -27.786 8.2637 46.7977 -27.8561 6.7189
3 16 41.242 -25.8649 8.2469 40.5317 -35.6654 8.3325 46.62 -27.786 8.2637
3 16 46.62 -27.786 8.2637 40.5317 -35.6654 8.3325 46.4784 -35.6051 8.332
3 16 46.62 -27.786 8.2637 49.0905 -28.6549 8.2468 46.7977 -27.8561 6.7189
3 16 46.7977 -27.8561 6.7189 49.0905 -28.6549 8.2468 49.962 -29.0049 7.8346
3 16 46.62 -27.786 8.2637 46.4784 -35.6051 8.332 49.0905 -28.6549 8.2468
3 16 49.0905 -28.6549 8.2468 46.4784 -35.6051 8.332 48.8009 -35.7055 8.4863
3 16 49.0905 -28.6549 8.2468 50.2306 -29.0861 8.9983 49.962 -29.0049 7.8346
3 16 49.962 -29.0049 7.8346 50.2306 -29.0861 8.9983 53.0697 -30.3932 8.9433
3 16 49.0905 -28.6549 8.2468 48.8009 -35.7055 8.4863 50.2306 -29.0861 8.9983
3 16 50.2306 -29.0861 8.9983 48.8009 -35.7055 8.4863 49.9129 -35.7263 9.0481
3 16 50.2306 -29.0861 8.9983 50.4846 -29.194 9.9859 53.0697 -30.3932 8.9433
3 16 53.0697 -30.3932 8.9433 50.4846 -29.194 9.9859 52.4928 -30.1279 10.9173
3 16 50.2306 -29.0861 8.9983 49.9129 -35.7263 9.0481 50.4846 -29.194 9.9859
3 16 50.4846 -29.194 9.9859 49.9129 -35.7263 9.0481 50.1961 -35.6884 9.8911
3 16 52.4928 -30.1279 10.9173 50.4846 -29.194 9.9859 50.9532 -29.5034 11.7359
3 16 50.9532 -29.5034 11.7359 50.4846 -29.194 9.9859 50.203 -29.1333 11.0713
3 16 50.203 -29.1333 11.0713 50.4846 -29.194 9.9859 50.0772 -35.4888 10.7552
3 16 50.0772 -35.4888 10.7552 50.4846 -29.194 9.9859 50.1961 -35.6884 9.8911
3 16 49.0742 -28.7271 11.6654 50.203 -29.1333 11.0713 49.229 -35.4259 11.496
3 16 49.229 -35.4259 11.496 50.203 -29.1333 11.0713 50.0772 -35.4888 10.7552
3 16 45.0514 -27.3075 11.7829 45.3697 -27.5196 13.2421 49.0742 -28.7271 11.6654
3 16 49.0742 -28.7271 11.6654 45.3697 -27.5196 13.2421 49.6863 -29.0134 12.7962
3 16 45.0514 -27.3075 11.7829 49.0742 -28.7271 11.6654 44.1935 -35.1065 11.7149
3 16 44.1935 -35.1065 11.7149 49.0742 -28.7271 11.6654 49.229 -35.4259 11.496
3 16 36.5645 -23.7958 8.2289 36.4333 -23.947 5.1533 36.8 -22.5123 8.2177
3 16 36.8 -22.5123 8.2177 36.4333 -23.947 5.1533 36.6613 -22.3439 -0.6875
3 16 36.8 -22.5123 8.2177 38.864 -21.2237 8.2064 33.2273 -11.62 8.1211
3 16 33.2273 -11.62 8.1211 38.864 -21.2237 8.2064 34.0971 -10.0657 8.1091
3 16 38.864 -21.2237 8.2064 36.8 -22.5123 8.2177 38.867 -20.9866 -0.3576
3 16 38.867 -20.9866 -0.3576 36.8 -22.5123 8.2177 36.6613 -22.3439 -0.6875
3 16 27.5181 -12.055 -2.9811 27.9978 -11.8627 5.4718 31.0657 -12.2642 -2.4317
3 16 31.0657 -12.2642 -2.4317 27.9978 -11.8627 5.4718 31.3107 -12.1443 8.126
3 16 38.864 -21.2237 8.2064 42.3507 -19.4807 8.1912 34.0971 -10.0657 8.1091
3 16 42.3507 -19.4807 8.1912 43.9762 -16.4396 8.1647 34.0971 -10.0657 8.1091
3 16 42.3507 -19.4807 8.1912 42.282 -19.4703 0.1581 43.9762 -16.4396 8.1647
3 16 43.9762 -16.4396 8.1647 42.282 -19.4703 0.1581 43.7111 -16.2584 -1.4966
3 16 46.4759 -12.5723 8.1309 46.416 -12.3921 -1.9597 47.1352 -8.0435 8.0914
3 16 47.1352 -8.0435 8.0914 46.416 -12.3921 -1.9597 46.6884 -7.8944 -2.9701
3 16 44.6153 -0.0338 -7.6887 47.5946 -0.0338 -4.7556 45.1776 -4.9669 -7.6978
3 16 45.1776 -4.9669 -7.6978 47.5946 -0.0338 -4.7556 48.5964 -4.4249 -4.7237
3 16 47.1352 -8.0435 8.0914 46.6884 -7.8944 -2.9701 48.6551 -4.4561 8.06
3 16 48.6551 -4.4561 8.06 46.6884 -7.8944 -2.9701 48.5964 -4.4249 -4.7237
3 16 39.6772 -0.0338 -8.2552 44.6153 -0.0338 -7.6887 39.7853 -4.831 -8.4616
3 16 39.7853 -4.831 -8.4616 44.6153 -0.0338 -7.6887 45.1776 -4.9669 -7.6978
3 16 33.6194 -0.0338 -7.521 39.6772 -0.0338 -8.2552 33.5206 -3.962 -7.6351
3 16 33.5206 -3.962 -7.6351 39.6772 -0.0338 -8.2552 39.7853 -4.831 -8.4616
3 16 32.4946 -0.0338 -4.546 33.6194 -0.0338 -7.521 32.3372 -3.9474 -4.7037
3 16 32.3372 -3.9474 -4.7037 33.6194 -0.0338 -7.521 33.5206 -3.962 -7.6351
3 16 29.9179 -0.0338 -2.7228 32.4946 -0.0338 -4.546 29.6945 -3.1762 -2.7746
3 16 29.6945 -3.1762 -2.7746 32.4946 -0.0338 -4.546 32.3372 -3.9474 -4.7037
3 16 34.3983 -8.3344 8.0939 32.1374 -7.1554 8.0837 34.4027 -8.0943 2.9833
3 16 34.4027 -8.0943 2.9833 32.1374 -7.1554 8.0837 32.2125 -7.0109 2.9738
3 16 32.1374 -7.1554 8.0837 30.4429 -4.8102 8.0628 32.2125 -7.0109 2.9738
3 16 32.2125 -7.0109 2.9738 30.4429 -4.8102 8.0628 30.5307 -4.952 2.8251
3 16 30.4429 -4.8102 8.0628 30.5501 -4.5025 2.3722 30.5307 -4.952 2.8251
3 16 30.6651 -0.0344 2.3309 30.5501 -4.5025 2.3722 30.5659 -0.0302 8.0189
3 16 30.5659 -0.0302 8.0189 30.5501 -4.5025 2.3722 30.4429 -4.8102 8.0628
3 16 29.7049 -0.0338 2.2352 29.7271 -3.163 2.3481 30.6651 -0.0344 2.3309
3 16 30.6651 -0.0344 2.3309 29.7271 -3.163 2.3481 30.5501 -4.5025 2.3722
3 16 40.16 -25.5259 11.7985 40.0359 -35.1185 11.7148 36.322 -35.4705 11.7117
3 16 40.16 -25.5259 11.7985 45.0514 -27.3075 11.7829 40.0359 -35.1185 11.7148
3 16 40.0359 -35.1185 11.7148 45.0514 -27.3075 11.7829 44.1935 -35.1065 11.7149
3 16 40.16 -25.5259 11.7985 40.4144 -25.8059 13.1727 45.0514 -27.3075 11.7829
3 16 45.0514 -27.3075 11.7829 40.4144 -25.8059 13.1727 45.3697 -27.5196 13.2421
3 16 40.16 -25.5259 11.7985 36.9188 -24.0998 11.8109 40.4144 -25.8059 13.1727
3 16 40.4144 -25.8059 13.1727 36.9188 -24.0998 11.8109 36.5108 -24.0369 13.7506
3 16 13.1658 -10.8352 4.2169 13.2665 -10.9127 3.6633 12.6174 -9.2967 4.2035
3 16 15.157 -28.2944 -1.1331 16.9349 -30.703 -4.8194 14.8579 -28.4832 -1.4462
3 16 16.9349 -30.703 -4.8194 13.249 -31.3928 -5.1254 14.8579 -28.4832 -1.4462
3 16 -4.717 -37.2406 10.0212 -7.365 -35.3726 10.0212 -5.0953 -36.3055 7.618
3 16 -5.0953 -36.3055 7.618 -7.365 -35.3726 10.0212 -7.7789 -34.5987 8.4029
3 16 -10.9842 -34.6635 6.0436 -7.7789 -34.5987 8.4029 -10.3849 -37.7535 10.0212
3 16 -10.3849 -37.7535 10.0212 -7.7789 -34.5987 8.4029 -7.365 -35.3726 10.0212
3 16 -1.4204 -38.8738 10.0212 -4.717 -37.2406 10.0212 -2.4211 -37.7885 7.8319
3 16 -2.4211 -37.7885 7.8319 -4.717 -37.2406 10.0212 -5.0953 -36.3055 7.618
3 16 38.8202 -35.7142 19.2839 39.1836 -35.6952 17.6828 39.0572 -34.5711 17.1177
3 16 36.7454 -36.3704 1.1462 35.1844 -38.4798 -1.1503 36.6536 -34.1115 1.0622
3 16 -13.4229 -23.191 13.0772 -11.9392 -25.1858 11.8014 -13.7776 -23.9741 11.4477
3 16 -13.7776 -24.1018 10.0212 -13.7776 -23.9741 11.4477 -11.9392 -25.0631 10.0212
3 16 -11.9392 -25.0631 10.0212 -13.7776 -23.9741 11.4477 -11.9392 -25.1858 11.8014
3 16 -13.7776 -24.1018 10.0212 -11.9392 -25.0631 10.0212 -13.7776 -24.1044 8.1289
3 16 -13.7776 -24.1044 8.1289 -11.9392 -25.0631 10.0212 -11.9392 -25.3322 8.2423
3 16 -16.9625 -22.3203 13.2341 -14.9919 -22.4907 13.6721 -16.2283 -23.0536 11.6799
3 16 -16.2283 -23.0536 11.6799 -14.9919 -22.4907 13.6721 -13.7776 -23.9741 11.4477
3 16 -13.7776 -24.1018 10.0212 -16.2784 -23.1022 10.0212 -13.7776 -23.9741 11.4477
3 16 -13.7776 -23.9741 11.4477 -16.2784 -23.1022 10.0212 -16.2283 -23.0536 11.6799
3 16 -13.7776 -24.1018 10.0212 -13.7776 -24.1044 8.1289 -16.2784 -23.1022 10.0212
3 16 -16.2784 -23.1022 10.0212 -13.7776 -24.1044 8.1289 -16.2283 -23.0623 7.9345
3 16 -13.7776 -24.1044 8.1289 -15.2827 -22.7614 6.4349 -16.2283 -23.0623 7.9345
3 16 -16.2283 -23.0623 7.9345 -15.2827 -22.7614 6.4349 -16.9625 -22.4373 6.8083
3 16 -19.0354 -22.4788 10.0212 -16.2784 -23.1022 10.0212 -18.3654 -22.5866 7.8773
3 16 -18.3654 -22.5866 7.8773 -16.2784 -23.1022 10.0212 -16.2283 -23.0623 7.9345
3 16 2.8031 -9.7979 0.5471 2.8031 -9.7979 -3.057 -0.1998 -6.8181 0.6019
3 16 -0.1998 -6.8181 0.6019 2.8031 -9.7979 -3.057 -0.1998 -6.8181 -3.5964
3 16 -6.25 -0.0338 0 -9.4565 -0.0338 -2.6791 -9.7384 -0.0338 1.6256
3 16 -8.2578 -0.0338 3.0183 -8.1863 -0.0309 8.0215 -5.4127 -0.0338 3.125
3 16 7.2449 -0.0338 5.6027 8.039 -0.0338 4.4789 5.4127 -0.0338 3.125
3 16 -9.7384 -0.0338 1.6256 -8.2578 -0.0338 3.0183 -6.25 -0.0338 0
3 16 -6.25 -0.0338 0 -8.2578 -0.0338 3.0183 -5.4127 -0.0338 3.125
3 16 -4.2132 -0.0338 -7.622 -6.5439 -0.0338 -6.7761 -3.125 -0.0338 -5.4127
3 16 -4.2132 -0.0338 -7.622 -3.125 -0.0338 -5.4127 -1.2902 -0.0338 -8.044
3 16 -1.2902 -0.0338 -8.044 -3.125 -0.0338 -5.4127 0 -0.0338 -6.25
3 16 1.1557 -0.0338 -8.073 -1.2902 -0.0338 -8.044 0 -0.0338 -6.25
3 16 7.853 -0.0338 -4.1492 5.4127 -0.0338 -3.125 7.9494 -0.0338 0.3
3 16 7.9494 -0.0338 0.3 5.4127 -0.0338 -3.125 6.25 -0.0338 0
3 16 8.039 -0.0338 4.4789 7.9494 -0.0338 0.3 5.4127 -0.0338 3.125
3 16 5.4127 -0.0338 3.125 7.9494 -0.0338 0.3 6.25 -0.0338 0
3 16 -8.1863 -0.0309 8.0215 -4.553 -0.0328 8.0215 -5.4127 -0.0338 3.125
3 16 -5.4127 -0.0338 3.125 -4.553 -0.0328 8.0215 -3.125 -0.0338 5.4127
3 16 -4.553 -0.0328 8.0215 0.1377 -0.0331 8.0215 -3.125 -0.0338 5.4127
3 16 -3.125 -0.0338 5.4127 0.1377 -0.0331 8.0215 0 -0.0338 6.25
3 16 5.6179 -0.0338 7.0876 7.2449 -0.0338 5.6027 5.4127 -0.0338 3.125
3 16 3.68 -0.0323 8.0215 5.6179 -0.0338 7.0876 3.125 -0.0338 5.4127
3 16 3.125 -0.0338 5.4127 5.6179 -0.0338 7.0876 5.4127 -0.0338 3.125
3 16 3.68 -0.0323 8.0215 3.125 -0.0338 5.4127 0.1377 -0.0331 8.0215
3 16 0.1377 -0.0331 8.0215 3.125 -0.0338 5.4127 0 -0.0338 6.25
3 16 5.4127 -0.0338 -3.125 7.853 -0.0338 -4.1492 3.9689 -0.0338 -7.4551
3 16 33.6194 -0.0338 -7.521 36.875 -0.0338 -5.4127 39.6772 -0.0338 -8.2552
3 16 39.6772 -0.0338 -8.2552 36.875 -0.0338 -5.4127 40 -0.0338 -6.25
3 16 40 -5.25 -6.25 40 -0.0338 -6.25 36.875 -5.25 -5.4127
3 16 36.875 -5.25 -5.4127 40 -0.0338 -6.25 36.875 -0.0338 -5.4127
3 16 32.4946 -0.0338 -4.546 29.9179 -0.0338 -2.7228 30.6651 -0.0344 2.3309
3 16 30.6651 -0.0344 2.3309 29.9179 -0.0338 -2.7228 29.7049 -0.0338 2.2352
3 16 33.75 -5.25 0 33.75 -0.0338 0 34.5873 -5.25 3.125
3 16 34.5873 -5.25 3.125 33.75 -0.0338 0 34.5873 -0.0338 3.125
3 16 30.5659 -0.0302 8.0189 34.5873 -0.0338 3.125 30.6651 -0.0344 2.3309
3 16 30.6651 -0.0344 2.3309 34.5873 -0.0338 3.125 33.75 -0.0338 0
3 16 40 -0.0338 6.25 47.6989 -0.0347 8.0215 43.125 -0.0338 5.4127
3 16 43.125 -0.0338 5.4127 47.6989 -0.0347 8.0215 45.4127 -0.0338 3.125
3 16 45.4127 -0.0338 3.125 47.6989 -0.0347 8.0215 46.25 -0.0338 0
3 16 46.25 -0.0338 0 47.6989 -0.0347 8.0215 47.5946 -0.0338 -4.7556
3 16 46.25 -0.0338 0 47.5946 -0.0338 -4.7556 45.4127 -0.0338 -3.125
3 16 45.4127 -5.25 -3.125 45.4127 -0.0338 -3.125 43.125 -5.25 -5.4127
3 16 43.125 -5.25 -5.4127 45.4127 -0.0338 -3.125 43.125 -0.0338 -5.4127
3 16 44.6153 -0.0338 -7.6887 43.125 -0.0338 -5.4127 47.5946 -0.0338 -4.7556
3 16 47.5946 -0.0338 -4.7556 43.125 -0.0338 -5.4127 45.4127 -0.0338 -3.125
3 16 44.6153 -0.0338 -7.6887 39.6772 -0.0338 -8.2552 43.125 -0.0338 -5.4127
3 16 43.125 -0.0338 -5.4127 39.6772 -0.0338 -8.2552 40 -0.0338 -6.25
3 16 3.9689 -0.0338 -7.4551 3.125 -0.0338 -5.4127 5.4127 -0.0338 -3.125
3 16 14.1943 -46.6562 -13.8913 16.1869 -48.0059 -16.0641 17.4975 -47.0414 -14.5584
3 16 16.4298 -38.9306 -1.1494 14.7567 -38.0467 -0.0516 15.3348 -41.3109 -4.7649
3 16 15.0765 -35.3958 3.24 14.7567 -38.0467 -0.0516 17.3437 -36.7103 1.726
3 16 17.3437 -36.7103 1.726 14.7567 -38.0467 -0.0516 16.4298 -38.9306 -1.1494
3 16 16.2645 -39.1704 5.6091 12.6207 -38.5664 7.9485 14.6936 -37.5896 3.8584
3 16 14.6936 -37.5896 3.8584 12.6207 -38.5664 7.9485 11.3604 -36.0589 4.8186
3 16 10.3449 -36.796 7.3649 12.6207 -38.5664 7.9485 11.1176 -38.2802 10.0212
3 16 11.1176 -38.2802 10.0212 12.6207 -38.5664 7.9485 12.5912 -39.1371 10.0212
3 16 10.3449 -36.796 7.3649 11.1176 -38.2802 10.0212 8.9397 -39.2739 7.46
3 16 8.9397 -39.2739 7.46 11.1176 -38.2802 10.0212 9.4778 -40.3987 10.0212
3 16 3.8561 -36.7254 7.754 8.9397 -39.2739 7.46 4.2673 -37.8123 10.0212
3 16 4.2673 -37.8123 10.0212 8.9397 -39.2739 7.46 9.4778 -40.3987 10.0212
3 16 -13.7022 -32.2926 6.4268 -10.9842 -34.6635 6.0436 -13.1739 -34.7057 10.0212
3 16 -13.1739 -34.7057 10.0212 -10.9842 -34.6635 6.0436 -10.3849 -37.7535 10.0212
3 16 -13.1739 -34.7057 10.0212 -15.9019 -31.4526 10.0212 -13.7022 -32.2926 6.4268
3 16 -13.7022 -32.2926 6.4268 -15.9019 -31.4526 10.0212 -16.21 -29.552 7.441
3 16 -0.2758 -33.6831 8.2342 3.8561 -36.7254 7.754 0.1658 -34.8506 10.0212
3 16 0.1658 -34.8506 10.0212 3.8561 -36.7254 7.754 4.2673 -37.8123 10.0212
3 16 -1.4204 -38.8738 10.0212 -2.4211 -37.7885 7.8319 0.1658 -34.8506 10.0212
3 16 0.1658 -34.8506 10.0212 -2.4211 -37.7885 7.8319 -0.2758 -33.6831 8.2342
3 16 44.971 -5.25 -0.975 44.1544 -7.3346 -1.5953 44.971 -5.25 3.0471
3 16 44.971 -5.25 3.0471 44.1544 -7.3346 -1.5953 44.1483 -7.3346 4.0122
3 16 44.1544 -7.3346 -1.5953 44.971 -5.25 -0.975 44.0192 -5.25 -1.8626
3 16 38.3094 -17.0916 1.6294 39.7618 -16.7628 1.2705 37.9888 -5.25 1.5186
3 16 37.9888 -5.25 1.5186 39.7618 -16.7628 1.2705 39.0394 -5.25 1.2488
3 16 39.7618 -16.7628 1.2705 38.3094 -17.0916 1.6294 39.7041 -16.8244 2.9531
3 16 39.7041 -16.8244 2.9531 38.3094 -17.0916 1.6294 37.645 -17.1164 2.4428
3 16 39.7618 -16.7628 1.2705 39.7041 -16.8244 2.9531 40.4687 -15.3397 0.6614
3 16 40.4687 -15.3397 0.6614 39.7041 -16.8244 2.9531 40.3535 -15.8302 4.8994
3 16 39.6464 -16.886 4.6357 38.8144 -5.25 4.5621 40.3535 -15.8302 4.8994
3 16 40.3535 -15.8302 4.8994 38.8144 -5.25 4.5621 39.9489 -5.25 5.1732
3 16 37.9888 -5.25 1.5186 39.0394 -5.25 1.2488 34.5873 -5.25 -3.125
3 16 34.5873 -5.25 -3.125 39.0394 -5.25 1.2488 36.875 -5.25 -5.4127
3 16 40.7767 -5.25 -1.1919 41.952 -5.25 -2.8208 40 -5.25 -6.25
3 16 40 -5.25 -6.25 41.952 -5.25 -2.8208 43.125 -5.25 -5.4127
3 16 37.9301 -5.25 3.8058 37.3506 -5.25 2.4014 34.5873 -5.25 3.125
3 16 34.5873 -5.25 3.125 37.3506 -5.25 2.4014 33.75 -5.25 0
3 16 46.25 -5.25 0 45.4127 -5.25 -3.125 44.971 -5.25 -0.975
3 16 44.971 -5.25 -0.975 45.4127 -5.25 -3.125 44.0192 -5.25 -1.8626
3 16 44.971 -5.25 3.0471 44.1483 -7.3346 4.0122 43.9976 -5.25 4.2036
3 16 43.2535 -11.7026 -2.3657 44.1544 -7.3346 -1.5953 42.7886 -5.25 -2.6331
3 16 42.7886 -5.25 -2.6331 44.1544 -7.3346 -1.5953 44.0192 -5.25 -1.8626
3 16 43.2893 -11.6307 4.7256 42.8724 -5.25 4.9682 44.1483 -7.3346 4.0122
3 16 44.1483 -7.3346 4.0122 42.8724 -5.25 4.9682 43.9976 -5.25 4.2036
3 16 44.1483 -7.3346 4.0122 44.1544 -7.3346 -1.5953 43.2893 -11.6307 4.7256
3 16 43.2893 -11.6307 4.7256 44.1544 -7.3346 -1.5953 43.2535 -11.7026 -2.3657
3 16 42.2706 -13.0405 -2.6825 43.2535 -11.7026 -2.3657 41.952 -5.25 -2.8208
3 16 41.952 -5.25 -2.8208 43.2535 -11.7026 -2.3657 42.7886 -5.25 -2.6331
3 16 41.3119 -14.1545 -1.0035 42.2706 -13.0405 -2.6825 40.7767 -5.25 -1.1919
3 16 40.7767 -5.25 -1.1919 42.2706 -13.0405 -2.6825 41.952 -5.25 -2.8208
3 16 41.7593 -13.5127 5.1088 41.5868 -5.25 5.2783 43.2893 -11.6307 4.7256
3 16 43.2893 -11.6307 4.7256 41.5868 -5.25 5.2783 42.8724 -5.25 4.9682
3 16 41.7593 -13.5127 5.1088 43.2893 -11.6307 4.7256 42.2706 -13.0405 -2.6825
3 16 42.2706 -13.0405 -2.6825 43.2893 -11.6307 4.7256 43.2535 -11.7026 -2.3657
3 16 41.3119 -14.1545 -1.0035 41.7593 -13.5127 5.1088 42.2706 -13.0405 -2.6825
3 16 40.4687 -15.3397 0.6614 41.3119 -14.1545 -1.0035 40.2315 -5.25 0.4285
3 16 40.2315 -5.25 0.4285 41.3119 -14.1545 -1.0035 40.7767 -5.25 -1.1919
3 16 40.3535 -15.8302 4.8994 41.7593 -13.5127 5.1088 40.4687 -15.3397 0.6614
3 16 40.4687 -15.3397 0.6614 41.7593 -13.5127 5.1088 41.3119 -14.1545 -1.0035
3 16 40.3535 -15.8302 4.8994 39.9489 -5.25 5.1732 41.7593 -13.5127 5.1088
3 16 41.7593 -13.5127 5.1088 39.9489 -5.25 5.1732 41.5868 -5.25 5.2783
3 16 39.7618 -16.7628 1.2705 40.4687 -15.3397 0.6614 39.0394 -5.25 1.2488
3 16 39.0394 -5.25 1.2488 40.4687 -15.3397 0.6614 40.2315 -5.25 0.4285
3 16 37.645 -17.1164 2.4428 38.3094 -17.0916 1.6294 37.3506 -5.25 2.4014
3 16 37.3506 -5.25 2.4014 38.3094 -17.0916 1.6294 37.9888 -5.25 1.5186
3 16 37.645 -17.1164 2.4428 37.3506 -5.25 2.4014 38.1933 -17.0975 3.5693
3 16 38.1933 -17.0975 3.5693 37.3506 -5.25 2.4014 37.9301 -5.25 3.8058
3 16 38.1933 -17.0975 3.5693 37.9301 -5.25 3.8058 39.6464 -16.886 4.6357
3 16 39.6464 -16.886 4.6357 37.9301 -5.25 3.8058 38.8144 -5.25 4.5621
3 16 39.9489 -5.25 5.1732 38.8144 -5.25 4.5621 40 -5.25 6.25
3 16 40 -5.25 6.25 38.8144 -5.25 4.5621 36.875 -5.25 5.4127
3 16 40 -5.25 6.25 41.5868 -5.25 5.2783 39.9489 -5.25 5.1732
3 16 40 -5.25 6.25 43.125 -5.25 5.4127 41.5868 -5.25 5.2783
3 16 41.5868 -5.25 5.2783 43.125 -5.25 5.4127 42.8724 -5.25 4.9682
3 16 43.125 -5.25 5.4127 43.9976 -5.25 4.2036 42.8724 -5.25 4.9682
3 16 44.0192 -5.25 -1.8626 45.4127 -5.25 -3.125 42.7886 -5.25 -2.6331
3 16 42.7886 -5.25 -2.6331 45.4127 -5.25 -3.125 43.125 -5.25 -5.4127
3 16 41.952 -5.25 -2.8208 42.7886 -5.25 -2.6331 43.125 -5.25 -5.4127
3 16 40.2315 -5.25 0.4285 40.7767 -5.25 -1.1919 36.875 -5.25 -5.4127
3 16 36.875 -5.25 -5.4127 40.7767 -5.25 -1.1919 40 -5.25 -6.25
3 16 39.0394 -5.25 1.2488 40.2315 -5.25 0.4285 36.875 -5.25 -5.4127
3 16 45.4127 -5.25 3.125 46.25 -5.25 0 44.971 -5.25 3.0471
3 16 44.971 -5.25 3.0471 46.25 -5.25 0 44.971 -5.25 -0.975
3 16 45.4127 -0.0338 3.125 46.25 -0.0338 0 45.4127 -5.25 3.125
3 16 45.4127 -5.25 3.125 46.25 -0.0338 0 46.25 -5.25 0
3 16 43.125 -0.0338 5.4127 45.4127 -0.0338 3.125 43.125 -5.25 5.4127
3 16 43.125 -5.25 5.4127 45.4127 -0.0338 3.125 45.4127 -5.25 3.125
3 16 40 -0.0338 6.25 43.125 -0.0338 5.4127 40 -5.25 6.25
3 16 40 -5.25 6.25 43.125 -0.0338 5.4127 43.125 -5.25 5.4127
3 16 30.5659 -0.0302 8.0189 40 -0.0338 6.25 36.875 -0.0338 5.4127
3 16 36.875 -0.0338 5.4127 40 -0.0338 6.25 36.875 -5.25 5.4127
3 16 36.875 -5.25 5.4127 40 -0.0338 6.25 40 -5.25 6.25
3 16 30.5659 -0.0302 8.0189 36.875 -0.0338 5.4127 34.5873 -0.0338 3.125
3 16 34.5873 -0.0338 3.125 36.875 -0.0338 5.4127 34.5873 -5.25 3.125
3 16 34.5873 -5.25 3.125 36.875 -0.0338 5.4127 36.875 -5.25 5.4127
3 16 34.5873 -5.25 3.125 36.875 -5.25 5.4127 37.9301 -5.25 3.8058
3 16 37.9301 -5.25 3.8058 36.875 -5.25 5.4127 38.8144 -5.25 4.5621
3 16 34.5873 -0.0338 -3.125 33.75 -0.0338 0 34.5873 -5.25 -3.125
3 16 34.5873 -5.25 -3.125 33.75 -0.0338 0 33.75 -5.25 0
3 16 34.5873 -5.25 -3.125 33.75 -5.25 0 37.9888 -5.25 1.5186
3 16 37.9888 -5.25 1.5186 33.75 -5.25 0 37.3506 -5.25 2.4014
3 16 34.5873 -0.0338 -3.125 36.875 -0.0338 -5.4127 32.4946 -0.0338 -4.546
3 16 32.4946 -0.0338 -4.546 36.875 -0.0338 -5.4127 33.6194 -0.0338 -7.521
3 16 36.875 -0.0338 -5.4127 34.5873 -0.0338 -3.125 36.875 -5.25 -5.4127
3 16 36.875 -5.25 -5.4127 34.5873 -0.0338 -3.125 34.5873 -5.25 -3.125
3 16 43.125 -0.0338 -5.4127 40 -0.0338 -6.25 43.125 -5.25 -5.4127
3 16 43.125 -5.25 -5.4127 40 -0.0338 -6.25 40 -5.25 -6.25
3 16 46.25 -0.0338 0 45.4127 -0.0338 -3.125 46.25 -5.25 0
3 16 46.25 -5.25 0 45.4127 -0.0338 -3.125 45.4127 -5.25 -3.125
3 16 44.971 -5.25 3.0471 43.9976 -5.25 4.2036 45.4127 -5.25 3.125
3 16 45.4127 -5.25 3.125 43.9976 -5.25 4.2036 43.125 -5.25 5.4127
3 16 0 -0.0338 -6.25 3.125 -0.0338 -5.4127 1.1557 -0.0338 -8.073
3 16 1.1557 -0.0338 -8.073 3.125 -0.0338 -5.4127 3.9689 -0.0338 -7.4551
3 16 4.4194 -5.2138 -4.4194 3.125 -5.25 -5.4127 0.566 -5.398 -4.2662
3 16 0.566 -5.398 -4.2662 3.125 -5.25 -5.4127 0 -5.25 -6.25
3 16 0.566 -5.398 -4.2662 -0.1998 -6.8181 -3.5964 4.4194 -5.2138 -4.4194
3 16 4.4194 -5.2138 -4.4194 -0.1998 -6.8181 -3.5964 2.8031 -9.7979 -3.057
3 16 -2.9453 -5.25 0.6022 -2.9453 -5.25 5.0412 -0.1998 -6.8181 0.6019
3 16 -0.1998 -6.8181 0.6019 -2.9453 -5.25 5.0412 -0.1998 -6.8181 5.0412
3 16 0.2238 -5.4079 5.0412 -0.1998 -6.8181 5.0412 -2.9453 -5.25 5.0412
3 16 2.8031 -9.7979 0.5471 3.7161 -10.8563 4.9591 4.5369 -12.5658 1.7443
3 16 4.5369 -12.5658 1.7443 3.7161 -10.8563 4.9591 5.4127 -12.5352 3.125
3 16 -5.4127 -0.0338 -3.125 -6.25 -0.0338 0 -5.4127 -5.25 -3.125
3 16 -5.4127 -5.25 -3.125 -6.25 -0.0338 0 -6.25 -5.25 0
3 16 -6.25 -0.0338 0 -5.4127 -0.0338 3.125 -6.25 -5.25 0
3 16 -6.25 -5.25 0 -5.4127 -0.0338 3.125 -5.4127 -5.25 3.125
3 16 -5.4127 -5.25 3.125 -5.4127 -0.0338 3.125 -3.125 -5.25 5.4127
3 16 -3.125 -5.25 5.4127 -5.4127 -0.0338 3.125 -3.125 -0.0338 5.4127
3 16 -3.125 -0.0338 5.4127 0 -0.0338 6.25 -3.125 -5.25 5.4127
3 16 -3.125 -5.25 5.4127 0 -0.0338 6.25 0 -5.25 6.25
3 16 -5.4127 -5.25 -3.125 -3.125 -5.25 -5.4127 -5.4127 -0.0338 -3.125
3 16 -5.4127 -0.0338 -3.125 -3.125 -5.25 -5.4127 -3.125 -0.0338 -5.4127
3 16 -3.125 -5.25 -5.4127 -5.4127 -5.25 -3.125 -2.9453 -5.25 -4.1086
3 16 -3.125 -5.25 -5.4127 0 -5.25 -6.25 -3.125 -0.0338 -5.4127
3 16 -3.125 -0.0338 -5.4127 0 -5.25 -6.25 0 -0.0338 -6.25
3 16 -3.125 -5.25 -5.4127 -2.9453 -5.25 -4.1086 0 -5.25 -6.25
3 16 0 -5.25 -6.25 -2.9453 -5.25 -4.1086 0.566 -5.398 -4.2662
3 16 -2.9453 -5.25 -4.1086 -5.4127 -5.25 -3.125 -2.9453 -5.25 0.6022
3 16 -2.9453 -5.25 0.6022 -5.4127 -5.25 -3.125 -6.25 -5.25 0
3 16 0.566 -5.398 -4.2662 -2.9453 -5.25 -4.1086 -0.1998 -6.8181 -3.5964
3 16 3.125 -5.25 -5.4127 4.4194 -5.2138 -4.4194 3.125 -0.0338 -5.4127
3 16 3.125 -0.0338 -5.4127 4.4194 -5.2138 -4.4194 5.4127 -0.0338 -3.125
3 16 0 -5.25 -6.25 3.125 -5.25 -5.4127 0 -0.0338 -6.25
3 16 0 -0.0338 -6.25 3.125 -5.25 -5.4127 3.125 -0.0338 -5.4127
3 16 -0.1998 -6.8181 0.6019 -0.1998 -6.8181 -3.5964 -2.9453 -5.25 0.6022
3 16 -2.9453 -5.25 0.6022 -0.1998 -6.8181 -3.5964 -2.9453 -5.25 -4.1086
3 16 -6.25 -5.25 0 -5.4127 -5.25 3.125 -2.9453 -5.25 0.6022
3 16 0.2238 -5.4079 5.0412 3.7952 -5.3482 4.8984 -0.1998 -6.8181 5.0412
3 16 -0.1998 -6.8181 5.0412 3.7952 -5.3482 4.8984 3.7161 -10.8563 4.9591
3 16 6.25 -0.0338 0 6.25 -12.4771 0 5.4127 -0.0338 3.125
3 16 5.4127 -0.0338 3.125 6.25 -12.4771 0 5.4127 -12.5352 3.125
3 16 5.4127 -0.0338 -3.125 5.4127 -8.2755 -3.125 6.25 -0.0338 0
3 16 6.25 -0.0338 0 5.4127 -8.2755 -3.125 6.25 -12.4771 0
3 16 5.4127 -8.2755 -3.125 4.4194 -5.2138 -4.4194 2.8031 -9.7979 -3.057
3 16 -0.1998 -6.8181 0.6019 -0.1998 -6.8181 5.0412 2.8031 -9.7979 0.5471
3 16 2.8031 -9.7979 0.5471 -0.1998 -6.8181 5.0412 3.7161 -10.8563 4.9591
3 16 4.9446 -12.6282 -2.34 5.3911 -12.4487 -2.3897 2.8031 -9.7979 -3.057
3 16 2.8031 -9.7979 -3.057 5.3911 -12.4487 -2.3897 5.4127 -8.2755 -3.125
3 16 4.9446 -12.6282 -2.34 2.8031 -9.7979 -3.057 4.5761 -12.6054 -1.0167
3 16 4.5761 -12.6054 -1.0167 2.8031 -9.7979 -3.057 2.8031 -9.7979 0.5471
3 16 5.4127 -0.0338 3.125 5.4127 -12.5352 3.125 3.7952 -5.3482 4.8984
3 16 3.7952 -5.3482 4.8984 5.4127 -12.5352 3.125 3.7161 -10.8563 4.9591
3 16 6.25 -12.4771 0 5.3911 -12.4487 -2.3897 4.5761 -12.6054 -1.0167
3 16 4.5761 -12.6054 -1.0167 5.3911 -12.4487 -2.3897 4.9446 -12.6282 -2.34
3 16 4.586 -12.6154 0.5988 4.5761 -12.6054 -1.0167 2.8031 -9.7979 0.5471
3 16 5.4127 -12.5352 3.125 6.25 -12.4771 0 4.5369 -12.5658 1.7443
3 16 4.5369 -12.5658 1.7443 6.25 -12.4771 0 4.586 -12.6154 0.5988
3 16 4.5369 -12.5658 1.7443 4.586 -12.6154 0.5988 2.8031 -9.7979 0.5471
3 16 3.125 -0.0338 5.4127 3.1176 -5.25 5.4184 0 -0.0338 6.25
3 16 0 -0.0338 6.25 3.1176 -5.25 5.4184 0 -5.25 6.25
3 16 5.4127 -0.0338 3.125 3.7952 -5.3482 4.8984 3.125 -0.0338 5.4127
3 16 3.125 -0.0338 5.4127 3.7952 -5.3482 4.8984 3.1176 -5.25 5.4184
3 16 5.4127 -0.0338 -3.125 4.4194 -5.2138 -4.4194 5.4127 -8.2755 -3.125
3 16 -3.125 -5.25 5.4127 -2.9453 -5.25 5.0412 -5.4127 -5.25 3.125
3 16 -5.4127 -5.25 3.125 -2.9453 -5.25 5.0412 -2.9453 -5.25 0.6022
3 16 0.2238 -5.4079 5.0412 -2.9453 -5.25 5.0412 0 -5.25 6.25
3 16 0 -5.25 6.25 -2.9453 -5.25 5.0412 -3.125 -5.25 5.4127
3 16 -6.859 -16.7381 -0.4477 -6.3122 -18.0595 -0.6189 -9.3162 -19.7648 -0.1152
3 16 -6.3122 -18.0595 -0.6189 -6.34 -19.1208 -0.8104 -9.3162 -19.7648 -0.1152
3 16 0.2877 -28.3257 2.813 -0.2369 -24.5874 1.6588 3.2873 -25.877 -0.1137
3 16 3.2873 -25.877 -0.1137 -0.2369 -24.5874 1.6588 1.4678 -23.5052 0.3573
3 16 4.1413 -26.3491 -2.0762 5.7208 -25.2607 -4.8856 11.2516 -29.8103 -1.3181
3 16 11.2516 -29.8103 -1.3181 5.7208 -25.2607 -4.8856 11.9274 -28.0085 -3.8989
3 16 3.7952 -5.3482 4.8984 0.2238 -5.4079 5.0412 3.1176 -5.25 5.4184
3 16 3.1176 -5.25 5.4184 0.2238 -5.4079 5.0412 0 -5.25 6.25
3 16 -7.8267 -0.0338 -4.0103 -5.4127 -0.0338 -3.125 -6.5439 -0.0338 -6.7761
3 16 -6.5439 -0.0338 -6.7761 -5.4127 -0.0338 -3.125 -3.125 -0.0338 -5.4127
3 16 -6.25 -0.0338 0 -5.4127 -0.0338 -3.125 -9.4565 -0.0338 -2.6791
3 16 -9.4565 -0.0338 -2.6791 -5.4127 -0.0338 -3.125 -7.8267 -0.0338 -4.0103
3 16 5.4127 -8.2755 -3.125 5.3911 -12.4487 -2.3897 6.25 -12.4771 0
3 16 4.5761 -12.6054 -1.0167 4.586 -12.6154 0.5988 6.25 -12.4771 0
3 16 8.9339 -24.0717 4.3324 12.6174 -9.2967 4.2035 9.9444 -4.932 4.1654
3 16 12.6174 -9.2967 4.2035 12.2656 -6.9481 4.183 9.9444 -4.932 4.1654
3 16 8.4207 -1.8843 4.1388 8.9339 -24.0717 4.3324 9.9444 -4.932 4.1654
3 16 3.68 -27.3502 8.2599 3.68 -0.0323 8.0215 1.8798 -16.2368 8.1629
3 16 3.68 -0.0323 8.0215 2.0127 -14.7455 8.1499 1.8798 -16.2368 8.1629
3 16 18.7279 -35.7469 4.4343 21.3589 -36.5374 4.4412 17.8566 -34.1945 4.4208
3 16 17.8566 -34.1945 4.4208 21.3589 -36.5374 4.4412 22.8968 -34.6489 4.4247
3 16 16.3161 -10.6229 3.5148 19.658 -11.2063 3.55 14.6916 -13.4097 0.9524
3 16 14.6916 -13.4097 0.9524 19.658 -11.2063 3.55 21.8474 -13.8616 1.8332
3 16 15.157 -28.2944 -1.1331 15.2999 -27.7819 -1.257 17.947 -28.3797 -1.3368
3 16 17.947 -28.3797 -1.3368 15.2999 -27.7819 -1.257 16.9077 -24.4866 -1.9396
3 16 32.8966 -40.009 11.6772 36.9188 -24.0998 11.8109 36.322 -35.4705 11.7117
3 16 36.322 -35.4705 11.7117 36.9188 -24.0998 11.8109 40.16 -25.5259 11.7985
3 16 36.5645 -23.7958 8.2289 36.8 -22.5123 8.2177 31.3107 -12.1443 8.126
3 16 31.3107 -12.1443 8.126 36.8 -22.5123 8.2177 33.2273 -11.62 8.1211
3 16 34.5873 -0.0338 -3.125 32.4946 -0.0338 -4.546 33.75 -0.0338 0
3 16 33.75 -0.0338 0 32.4946 -0.0338 -4.546 30.6651 -0.0344 2.3309
3 16 37.645 -17.1164 2.4428 38.1933 -17.0975 3.5693 39.7041 -16.8244 2.9531
3 16 39.7041 -16.8244 2.9531 38.1933 -17.0975 3.5693 39.6464 -16.886 4.6357
3 16 40.3535 -15.8302 4.8994 39.7041 -16.8244 2.9531 39.6464 -16.886 4.6357
3 16 40 -0.0338 6.25 30.5659 -0.0302 8.0189 47.6989 -0.0347 8.0215
3 16 32.1374 -7.1554 8.0837 34.3983 -8.3344 8.0939 47.1352 -8.0435 8.0914
3 16 47.1352 -8.0435 8.0914 34.3983 -8.3344 8.0939 46.4759 -12.5723 8.1309
3 16 46.4759 -12.5723 8.1309 34.3983 -8.3344 8.0939 43.9762 -16.4396 8.1647
3 16 43.9762 -16.4396 8.1647 34.3983 -8.3344 8.0939 34.0971 -10.0657 8.1091
3 16 34.4045 -9.8562 -2.5612 34.5009 -8.123 2.425 34.5253 -8.0006 -3.0387
3 16 25.7899 -11.9931 4.2284 27.5181 -12.055 -2.9811 23.5695 -12.8725 3.4588
3 16 23.5695 -12.8725 3.4588 27.5181 -12.055 -2.9811 23.6284 -12.8364 -3.4856
3 16 23.9773 -34.7542 -6.9 24.2018 -33.7885 -2.261 26.1466 -36.8834 -4.1339
3 16 26.1466 -36.8834 -4.1339 24.2018 -33.7885 -2.261 25.0763 -35.5321 -1.5144
3 16 27.9978 -11.8627 5.4718 28.6498 -11.8653 8.1248 31.3107 -12.1443 8.126
3 16 22.0054 -37.8527 0.675 22.5662 -36.2663 0.4032 23.7057 -35.6184 1.4286
3 16 49.0742 -28.7271 11.6654 49.6863 -29.0134 12.7962 50.203 -29.1333 11.0713
3 16 50.203 -29.1333 11.0713 49.6863 -29.0134 12.7962 50.9532 -29.5034 11.7359
3 16 31.8534 -35.6163 -3.1887 28.0586 -34.4976 -1.682 29.9669 -32.8906 0.5006
3 16 29.9669 -32.8906 0.5006 28.0586 -34.4976 -1.682 27.7423 -33.3489 -0.4234
3 16 12.869 -38.9136 -14.1161 11.2411 -40.1072 -15.8763 12.5833 -38.1137 -13.1659
3 16 24.607 -32.8603 20.0603 25.1676 -34.594 19.8381 26.7375 -33.3374 20.5912
3 16 26.7375 -33.3374 20.5912 25.1676 -34.594 19.8381 28.9202 -33.988 20.9466
3 16 26.7375 -33.3374 20.5912 28.9202 -33.988 20.9466 28.7422 -33.4198 20.0764
3 16 28.7422 -33.4198 20.0764 27.4724 -33.0918 21.4366 26.7375 -33.3374 20.5912
2 24 -23.4653 -14.2284 10.0212 -22.4624 -12.8492 10.0212
2 24 -22.4624 -12.8492 10.0212 -22.9965 -14.8511 12.7541
2 24 -23.3903 -16.4792 12.3661 -22.4025 -16.8529 14.3553
2 24 -22.9965 -14.8511 12.7541 -22.4025 -16.8529 14.3553
2 24 -23.3903 -16.4792 12.3661 -24.0971 -15.8337 10.0212
2 24 -23.4653 -14.2284 10.0212 -24.0971 -15.8337 10.0212
2 24 -22.4025 -16.8529 14.3553 -22.9965 -14.8511 12.7541
2 24 -21.6775 -14.0983 13.0502 -22.4624 -12.8492 10.0212
2 24 -22.9965 -14.8511 12.7541 -22.4624 -12.8492 10.0212
2 24 -22.4025 -16.8529 14.3553 -20.9982 -16.7253 15.6899
2 24 -21.6775 -14.0983 13.0502 -20.3391 -15.0874 15.2893
2 24 -20.3391 -15.0874 15.2893 -18.2157 -15.7343 16.9939
2 24 -20.9982 -16.7253 15.6899 -19.2425 -16.2184 16.6864
2 24 -21.6775 -14.0983 13.0502 -22.4624 -12.8492 10.0212
2 24 -20.6114 -13.4736 12.4742 -21.4334 -12.8224 10.0212
2 24 -21.6775 -14.0983 13.0502 -20.3391 -15.0874 15.2893
2 24 -20.6114 -13.4736 12.4742 -19.1928 -14.0933 14.6481
2 24 -19.1928 -14.0933 14.6481 -17.4086 -14.4187 15.8613
2 24 -20.3391 -15.0874 15.2893 -18.2157 -15.7343 16.9939
2 24 -24.0971 -15.8337 10.0212 -25.303 -16.9658 10.0212
2 24 -24.0971 -15.8337 10.0212 -23.3903 -16.4792 12.3661
2 24 -25.303 -16.9658 10.0212 -24.3465 -17.6472 12.9844
2 24 -24.3465 -17.6472 12.9844 -22.5669 -17.7093 15.3885
2 24 -23.3903 -16.4792 12.3661 -22.4025 -16.8529 14.3553
2 24 -22.4025 -16.8529 14.3553 -20.9982 -16.7253 15.6899
2 24 -20.9982 -16.7253 15.6899 -19.2425 -16.2184 16.6864
2 24 -19.2425 -16.2184 16.6864 -19.9013 -17.0453 17.4133
2 24 -22.5669 -17.7093 15.3885 -19.9013 -17.0453 17.4133
2 24 -24.0695 -23.3771 12.8006 -25.5975 -21.4123 10.0212
2 24 -25.5975 -21.4123 10.0212 -25.5715 -19.2671 10.0212
2 24 -24.0695 -23.3771 12.8006 -22.1505 -25.2116 15.3495
2 24 -21.3723 -21.216 16.7663 -22.1505 -25.2116 15.3495
2 24 -24.3465 -17.6472 12.9844 -25.303 -16.9658 10.0212
2 24 -25.5715 -19.2671 10.0212 -25.303 -16.9658 10.0212
2 24 -24.3465 -17.6472 12.9844 -22.5669 -17.7093 15.3885
2 24 -22.5669 -17.7093 15.3885 -19.9013 -17.0453 17.4133
2 24 -21.3723 -21.216 16.7663 -19.9013 -17.0453 17.4133
2 24 -21.6856 -25.5683 13.492 -24.0012 -23.1249 10.0212
2 24 -24.0695 -23.3771 12.8006 -25.5975 -21.4123 10.0212
2 24 -24.0695 -23.3771 12.8006 -22.1505 -25.2116 15.3495
2 24 -21.6856 -25.5683 13.492 -18.9267 -27.5195 15.6045
2 24 -22.1505 -25.2116 15.3495 -19.4742 -26.8769 16.7289
2 24 -21.5782 -28.3598 10.0212 -19.1137 -32.6064 10.0212
2 24 -19.1442 -30.6824 12.8732 -19.1137 -32.6064 10.0212
2 24 -21.6856 -25.5683 13.492 -24.0012 -23.1249 10.0212
2 24 -21.5782 -28.3598 10.0212 -24.0012 -23.1249 10.0212
2 24 -21.6856 -25.5683 13.492 -18.9267 -27.5195 15.6045
2 24 -19.1442 -30.6824 12.8732 -18.9267 -27.5195 15.6045
2 24 -17.3843 -28.2141 16.1661 -17.7781 -27.6272 17.4849
2 24 -18.9267 -27.5195 15.6045 -17.3843 -28.2141 16.1661
2 24 -19.4742 -26.8769 16.7289 -17.7781 -27.6272 17.4849
2 24 -17.7781 -27.6272 17.4849 -17.3843 -28.2141 16.1661
2 24 -17.7781 -27.6272 17.4849 -16.8024 -27.7678 17.944
2 24 -17.3843 -28.2141 16.1661 -16.3444 -28.4611 16.2299
2 24 -16.8024 -27.7678 17.944 -16.3444 -28.4611 16.2299
2 24 -16.8024 -27.7678 17.944 -16.3444 -28.4611 16.2299
2 24 -16.8024 -27.7678 17.944 -14.6543 -28.9472 18.8619
2 24 -16.3444 -28.4611 16.2299 -14.337 -29.5977 17.0989
2 24 -18.9267 -27.5195 15.6045 -16.6015 -27.5059 14.7792
2 24 -18.9267 -27.5195 15.6045 -17.3843 -28.2141 16.1661
2 24 -17.3843 -28.2141 16.1661 -16.3444 -28.4611 16.2299
2 24 -16.3444 -28.4611 16.2299 -14.337 -29.5977 17.0989
2 24 -16.6015 -27.5059 14.7792 -13.4344 -29.8692 16.5617
2 24 -16.21 -29.552 12.6014 -16.6015 -27.5059 14.7792
2 24 -16.6015 -27.5059 14.7792 -18.9267 -27.5195 15.6045
2 24 -19.1442 -30.6824 12.8732 -18.9267 -27.5195 15.6045
2 24 -16.21 -29.552 12.6014 -15.9019 -31.4526 10.0212
2 24 -19.1442 -30.6824 12.8732 -19.1137 -32.6064 10.0212
2 24 -15.9019 -31.4526 10.0212 -19.1137 -32.6064 10.0212
2 24 -19.2425 -16.2184 16.6864 -19.9013 -17.0453 17.4133
2 24 -19.2425 -16.2184 16.6864 -16.6865 -18.589 18.0673
2 24 -19.9013 -17.0453 17.4133 -17.3905 -19.2867 18.7409
2 24 -1.5194 -20.055 18.0875 -6.34 -19.1208 20.8527
2 24 -6.34 -19.1208 20.8527 -5.5695 -20.2683 23.049
2 24 -1.8537 -21.5608 23.2632 -5.5695 -20.2683 23.049
2 24 -1.5194 -20.055 18.0875 -0.4677 -21.5862 18.6853
2 24 -1.8537 -21.5608 23.2632 -0.4677 -21.5862 18.6853
2 24 -5.5695 -20.2683 23.049 -6.34 -19.1208 20.8527
2 24 -5.5695 -20.2683 23.049 -9.5561 -21.1318 22.1084
2 24 -6.34 -19.1208 20.8527 -9.3162 -19.7648 20.1575
2 24 -9.5561 -21.1318 22.1084 -13.7639 -21.1399 20.622
2 24 -9.3162 -19.7648 20.1575 -13.0058 -19.9064 19.1869
2 24 -17.3905 -19.2867 18.7409 -13.7639 -21.1399 20.622
2 24 -16.6865 -18.589 18.0673 -13.0058 -19.9064 19.1869
2 24 -21.3723 -21.216 16.7663 -22.1505 -25.2116 15.3495
2 24 -22.1505 -25.2116 15.3495 -19.4742 -26.8769 16.7289
2 24 -17.3905 -19.2867 18.7409 -19.9013 -17.0453 17.4133
2 24 -21.3723 -21.216 16.7663 -19.9013 -17.0453 17.4133
2 24 -19.4742 -26.8769 16.7289 -17.7781 -27.6272 17.4849
2 24 -17.7781 -27.6272 17.4849 -16.8024 -27.7678 17.944
2 24 -17.3905 -19.2867 18.7409 -13.7639 -21.1399 20.622
2 24 -16.8024 -27.7678 17.944 -14.6543 -28.9472 18.8619
2 24 -13.7639 -21.1399 20.622 -9.5561 -21.1318 22.1084
2 24 -14.6543 -28.9472 18.8619 -11.4824 -30.7965 19.6865
2 24 -14.6543 -28.9472 18.8619 -11.4824 -30.7965 19.6865
2 24 -14.337 -29.5977 17.0989 -11.1516 -31.217 18.3581
2 24 -11.4824 -30.7965 19.6865 -11.1516 -31.217 18.3581
2 24 -14.337 -29.5977 17.0989 -11.1516 -31.217 18.3581
2 24 -11.1516 -31.217 18.3581 -10.3117 -31.1401 18.0963
2 24 -13.4344 -29.8692 16.5617 -10.7801 -31.3556 17.4719
2 24 -11.4824 -30.7965 19.6865 -11.1516 -31.217 18.3581
2 24 -11.4824 -30.7965 19.6865 -10.4265 -30.7118 20.1121
2 24 -11.1516 -31.217 18.3581 -10.3117 -31.1401 18.0963
2 24 -10.4265 -30.7118 20.1121 -10.3117 -31.1401 18.0963
2 24 -11.4824 -30.7965 19.6865 -10.4265 -30.7118 20.1121
2 24 -9.5561 -21.1318 22.1084 -5.5695 -20.2683 23.049
2 24 -6.0315 -32.1412 21.1858 -10.4265 -30.7118 20.1121
2 24 -10.4265 -30.7118 20.1121 -10.3117 -31.1401 18.0963
2 24 -5.7852 -32.8394 19.2079 -10.3117 -31.1401 18.0963
2 24 -10.4265 -30.7118 20.1121 -6.0315 -32.1412 21.1858
2 24 -5.5695 -20.2683 23.049 -1.8537 -21.5608 23.2632
2 24 -1.8537 -21.5608 23.2632 -2.0816 -25.453 23.1211
2 24 -6.0315 -32.1412 21.1858 -1.2963 -33.3155 21.807
2 24 -1.2963 -33.3155 21.807 -1.2955 -33.8405 19.9722
2 24 -5.7852 -32.8394 19.2079 -1.2955 -33.8405 19.9722
2 24 -6.0315 -32.1412 21.1858 -1.2963 -33.3155 21.807
2 24 -1.1439 -30.9412 22.4957 -1.2963 -33.3155 21.807
2 24 -2.0816 -25.453 23.1211 -1.1439 -30.9412 22.4957
2 24 -2.0816 -25.453 23.1211 -1.8537 -21.5608 23.2632
2 24 -0.2369 -24.5874 18.3836 -0.4677 -21.5862 18.6853
2 24 -1.8537 -21.5608 23.2632 -0.4677 -21.5862 18.6853
2 24 -2.0816 -25.453 23.1211 -1.1439 -30.9412 22.4957
2 24 -0.2369 -24.5874 18.3836 0.2877 -28.3257 17.2293
2 24 -1.1439 -30.9412 22.4957 -1.2963 -33.3155 21.807
2 24 -1.2955 -33.8405 19.9722 0.0117 -31.3143 16.1863
2 24 -1.2963 -33.3155 21.807 -1.2955 -33.8405 19.9722
2 24 0.2877 -28.3257 17.2293 0.0117 -31.3143 16.1863
2 24 -0.2099 -31.2644 15.2568 0.0117 -31.3143 16.1863
2 24 -0.2099 -31.2644 15.2568 -2.3907 -33.1699 18.543
2 24 0.0117 -31.3143 16.1863 -1.2955 -33.8405 19.9722
2 24 -3.4872 -35.5751 14.2364 -0.7638 -31.8682 13.3991
2 24 -3.4872 -35.5751 14.2364 -2.9589 -34.6164 16.4707
2 24 -0.7638 -31.8682 13.3991 -0.6744 -31.742 14.0486
2 24 -10.7801 -31.3556 17.4719 -9.5821 -30.6894 16.3843
2 24 -10.3117 -31.1401 18.0963 -5.7852 -32.8394 19.2079
2 24 -9.5821 -30.6894 16.3843 -6.6873 -31.8631 17.5741
2 24 -2.3907 -33.1699 18.543 -6.6873 -31.8631 17.5741
2 24 -1.2955 -33.8405 19.9722 -5.7852 -32.8394 19.2079
2 24 -16.6015 -27.5059 14.7792 -16.21 -29.552 12.6014
2 24 -16.6015 -27.5059 14.7792 -13.4344 -29.8692 16.5617
2 24 -10.9842 -34.6635 13.9988 -10.7801 -31.3556 17.4719
2 24 -13.4344 -29.8692 16.5617 -10.7801 -31.3556 17.4719
2 24 -9.5821 -30.6894 16.3843 -10.7801 -31.3556 17.4719
2 24 -9.5821 -30.6894 16.3843 -9.5627 -31.6505 15.0514
2 24 -10.7801 -31.3556 17.4719 -10.9842 -34.6635 13.9988
2 24 -9.5627 -31.6505 15.0514 -8.3183 -32.9807 13.4883
2 24 -8.3183 -32.9807 13.4883 -7.7789 -34.5987 11.6395
2 24 -6.6873 -31.8631 17.5741 -9.5821 -30.6894 16.3843
2 24 -9.5627 -31.6505 15.0514 -9.5821 -30.6894 16.3843
2 24 -5.7788 -34.3908 14.6967 -8.3183 -32.9807 13.4883
2 24 -9.5627 -31.6505 15.0514 -8.3183 -32.9807 13.4883
2 24 -5.7788 -34.3908 14.6967 -8.3183 -32.9807 13.4883
2 24 -7.7789 -34.5987 11.6395 -8.3183 -32.9807 13.4883
2 24 -2.9589 -34.6164 16.4707 -2.3907 -33.1699 18.543
2 24 -6.6873 -31.8631 17.5741 -2.3907 -33.1699 18.543
2 24 -0.6744 -31.742 14.0486 -0.2099 -31.2644 15.2568
2 24 -0.2099 -31.2644 15.2568 -2.3907 -33.1699 18.543
2 24 -2.9589 -34.6164 16.4707 -2.3907 -33.1699 18.543
2 24 -2.9589 -34.6164 16.4707 -3.4872 -35.5751 14.2364
2 24 -0.7638 -31.8682 13.3991 -3.4872 -35.5751 14.2364
2 24 -0.7638 -31.8682 13.3991 -0.2758 -33.6831 11.8082
2 24 -3.4872 -35.5751 14.2364 -2.4211 -37.7885 12.2104
2 24 -3.4872 -35.5751 14.2364 -2.4211 -37.7885 12.2104
2 24 -19.2425 -16.2184 16.6864 -16.6865 -18.589 18.0673
2 24 -18.2157 -15.7343 16.9939 -15.8802 -16.0147 18.1469
2 24 -16.6865 -18.589 18.0673 -13.0058 -19.9064 19.1869
2 24 -15.8802 -16.0147 18.1469 -12.7875 -15.7565 19.0325
2 24 -6.859 -16.7381 20.4901 -9.3093 -15.5173 19.8975
2 24 -17.4086 -14.4187 15.8613 -15.0247 -14.3005 16.7023
2 24 -18.2157 -15.7343 16.9939 -15.8802 -16.0147 18.1469
2 24 -15.0247 -14.3005 16.7023 -12.0238 -13.1722 17.067
2 24 -15.8802 -16.0147 18.1469 -12.7875 -15.7565 19.0325
2 24 -12.0238 -13.1722 17.067 -8.5928 -12.0576 16.8867
2 24 -12.7875 -15.7565 19.0325 -9.3093 -15.5173 19.8975
2 24 -9.3093 -15.5173 19.8975 -6.859 -16.7381 20.4901
2 24 -8.5928 -12.0576 16.8867 -5.7587 -12.4117 17.2249
2 24 -1.5194 -20.055 18.0875 -1.6382 -17.3307 18.2629
2 24 -1.5194 -20.055 18.0875 -6.34 -19.1208 20.8527
2 24 -6.34 -19.1208 20.8527 -6.3122 -18.0595 20.6613
2 24 -5.7587 -12.4117 17.2249 -3.2495 -14.1777 17.6478
2 24 -12.7875 -15.7565 19.0325 -9.3093 -15.5173 19.8975
2 24 -13.0058 -19.9064 19.1869 -9.3162 -19.7648 20.1575
2 24 -6.859 -16.7381 20.4901 -6.3122 -18.0595 20.6613
2 24 -1.6382 -17.3307 18.2629 -3.2495 -14.1777 17.6478
2 24 -11.9392 -13.0184 11.9075 -13.5534 -13.6655 13.1144
2 24 -5.7587 -12.4117 17.2249 -8.5928 -12.0576 16.8867
2 24 -5.6924 -12.2112 11.9146 -9.2562 -12.2009 11.9147
2 24 -5.7587 -12.4117 17.2249 -3.2495 -14.1777 17.6478
2 24 -5.6924 -12.2112 11.9146 -3.0767 -14.1379 11.8978
2 24 -3.2495 -14.1777 17.6478 -1.6382 -17.3307 18.2629
2 24 -1.6382 -17.3307 18.2629 -1.5194 -20.055 18.0875
2 24 -1.51 -16.9671 14.9647 -1.5194 -20.055 18.0875
2 24 -0.7638 -31.8682 13.3991 -0.2758 -33.6831 11.8082
2 24 -0.7638 -31.8682 13.3991 3.347 -34.343 14.388
2 24 8.9397 -39.2739 12.5824 7.9678 -36.5687 15.0004
2 24 3.347 -34.343 14.388 7.9678 -36.5687 15.0004
2 24 -0.6744 -31.742 14.0486 -0.7638 -31.8682 13.3991
2 24 3.347 -34.343 14.388 -0.7638 -31.8682 13.3991
2 24 3.1438 -32.4825 16.7177 -0.2099 -31.2644 15.2568
2 24 -0.6744 -31.742 14.0486 -0.2099 -31.2644 15.2568
2 24 3.347 -34.343 14.388 7.9678 -36.5687 15.0004
2 24 8.2254 -36.2358 16.6071 7.9678 -36.5687 15.0004
2 24 3.1438 -32.4825 16.7177 7.0874 -33.6916 18.2522
2 24 8.2254 -36.2358 16.6071 7.0874 -33.6916 18.2522
2 24 6.588 -34.0307 19.6014 0.0117 -31.3143 16.1863
2 24 0.0117 -31.3143 16.1863 -0.2099 -31.2644 15.2568
2 24 3.1438 -32.4825 16.7177 -0.2099 -31.2644 15.2568
2 24 6.588 -34.0307 19.6014 7.0874 -33.6916 18.2522
2 24 3.1438 -32.4825 16.7177 7.0874 -33.6916 18.2522
2 24 6.588 -34.0307 19.6014 7.1384 -31.5136 20.9114
2 24 6.588 -34.0307 19.6014 0.0117 -31.3143 16.1863
2 24 7.1384 -31.5136 20.9114 0.2877 -28.3257 17.2293
2 24 0.0117 -31.3143 16.1863 0.2877 -28.3257 17.2293
2 24 7.0874 -33.6916 18.2522 8.0408 -30.8088 17.8154
2 24 6.588 -34.0307 19.6014 7.0874 -33.6916 18.2522
2 24 8.283 -30.07 18.659 7.1384 -31.5136 20.9114
2 24 8.0408 -30.8088 17.8154 8.283 -30.07 18.659
2 24 6.588 -34.0307 19.6014 7.1384 -31.5136 20.9114
2 24 0.2877 -28.3257 17.2293 7.1384 -31.5136 20.9114
2 24 8.283 -30.07 18.659 0.2877 -28.3257 17.2293
2 24 8.283 -30.07 18.659 7.1384 -31.5136 20.9114
2 24 0.2877 -28.3257 17.2293 8.283 -30.07 18.659
2 24 3.2873 -25.877 20.1561 10.3972 -29.5903 19.8476
2 24 8.283 -30.07 18.659 8.0408 -30.8088 17.8154
2 24 10.3972 -29.5903 19.8476 9.1902 -30.7543 18.0204
2 24 8.0408 -30.8088 17.8154 7.0874 -33.6916 18.2522
2 24 8.0408 -30.8088 17.8154 8.7805 -31.5995 16.6323
2 24 7.0874 -33.6916 18.2522 8.2254 -36.2358 16.6071
2 24 9.1902 -30.7543 18.0204 10.3272 -32.5897 16.6552
2 24 8.0408 -30.8088 17.8154 8.7805 -31.5995 16.6323
2 24 -0.2369 -24.5874 18.3836 -0.4677 -21.5862 18.6853
2 24 1.4678 -23.5052 19.6851 1.2333 -20.9 19.4319
2 24 1.2333 -20.9 19.4319 1.4168 -19.201 18.6276
2 24 -0.4677 -21.5862 18.6853 -1.5194 -20.055 18.0875
2 24 -1.5194 -20.055 18.0875 -1.51 -16.9671 14.9647
2 24 1.4168 -19.201 18.6276 1.9824 -16.2607 15.0419
2 24 -1.51 -16.9671 14.9647 1.9824 -16.2607 15.0419
2 24 11.2516 -29.8103 21.3604 4.1413 -26.3491 22.1186
2 24 11.2516 -29.8103 21.3604 10.3972 -29.5903 19.8476
2 24 10.3972 -29.5903 19.8476 3.2873 -25.877 20.1561
2 24 3.2873 -25.877 20.1561 1.4678 -23.5052 19.6851
2 24 1.4678 -23.5052 19.6851 1.7846 -24.1706 22.0441
2 24 4.1413 -26.3491 22.1186 1.7846 -24.1706 22.0441
2 24 1.2333 -20.9 19.4319 1.4678 -23.5052 19.6851
2 24 1.4678 -23.5052 19.6851 1.7846 -24.1706 22.0441
2 24 1.4082 -19.7136 21.5091 1.7846 -24.1706 22.0441
2 24 1.2333 -20.9 19.4319 1.4168 -19.201 18.6276
2 24 2.2089 -14.8019 16.5704 2.3473 -14.7094 21.1522
2 24 1.4082 -19.7136 21.5091 2.3473 -14.7094 21.1522
2 24 1.4168 -19.201 18.6276 1.9824 -16.2607 15.0419
2 24 0.1365 -11.1126 21.6097 -3.6622 -8.0113 22.1333
2 24 2.2089 -14.8019 16.5704 2.3473 -14.7094 21.1522
2 24 0.1365 -11.1126 21.6097 2.3473 -14.7094 21.1522
2 24 -8.3254 -5.5309 16.6455 -6.6016 -7.791 16.2523
2 24 -6.2036 -7.1905 16.7441 -8.3254 -5.5309 16.6455
2 24 -6.6016 -7.791 16.2523 -3.2582 -8.4056 16.3405
2 24 -6.2036 -7.1905 16.7441 -3.2582 -8.4056 16.3405
2 24 -3.6622 -8.0113 22.1333 -5.9777 -6.9667 22.0212
2 24 -3.2582 -8.4056 16.3405 -6.2036 -7.1905 16.7441
2 24 -5.9777 -6.9667 22.0212 -8.0106 -5.7999 22.055
2 24 -6.2036 -7.1905 16.7441 -8.3254 -5.5309 16.6455
2 24 -9.4113 -3.7031 22.6998 -9.8236 -3.6945 18.1573
2 24 -8.0106 -5.7999 22.055 -9.4113 -3.7031 22.6998
2 24 -8.3254 -5.5309 16.6455 -9.8236 -3.6945 18.1573
2 24 -6.6458 -5.6846 23.2979 -7.9466 -3.5194 24.0436
2 24 -7.9466 -3.5194 24.0436 -9.4113 -3.7031 22.6998
2 24 -8.0106 -5.7999 22.055 -9.4113 -3.7031 22.6998
2 24 -6.6458 -5.6846 23.2979 -3.6622 -8.0113 22.1333
2 24 -3.6622 -8.0113 22.1333 -5.9777 -6.9667 22.0212
2 24 -8.0106 -5.7999 22.055 -5.9777 -6.9667 22.0212
2 24 12.7678 -29.1003 22.3094 11.9274 -28.0085 23.9413
2 24 11.2516 -29.8103 21.3604 12.7678 -29.1003 22.3094
2 24 1.7846 -24.1706 22.0441 4.1413 -26.3491 22.1186
2 24 1.7846 -24.1706 22.0441 3.2893 -23.2169 25.2342
2 24 3.2893 -23.2169 25.2342 5.7208 -25.2607 24.928
2 24 3.8964 -19.6088 25.2236 3.2893 -23.2169 25.2342
2 24 1.4082 -19.7136 21.5091 1.7846 -24.1706 22.0441
2 24 3.2893 -23.2169 25.2342 1.7846 -24.1706 22.0441
2 24 1.4082 -19.7136 21.5091 2.3473 -14.7094 21.1522
2 24 2.3473 -14.7094 21.1522 4.9261 -15.156 24.6215
2 24 3.8964 -19.6088 25.2236 4.9261 -15.156 24.6215
2 24 0.1365 -11.1126 21.6097 2.3473 -14.7094 21.1522
2 24 2.3473 -14.7094 21.1522 4.9261 -15.156 24.6215
2 24 1.4014 -9.8627 25.6871 4.9261 -15.156 24.6215
2 24 1.4014 -9.8627 25.6871 -2.3152 -6.8827 26.1983
2 24 0.1365 -11.1126 21.6097 -3.6622 -8.0113 22.1333
2 24 -2.3152 -6.8827 26.1983 -4.8631 -5.4133 26.7496
2 24 -6.6458 -5.6846 23.2979 -3.6622 -8.0113 22.1333
2 24 -6.6458 -5.6846 23.2979 -7.9466 -3.5194 24.0436
2 24 -7.9466 -3.5194 24.0436 -6.6756 -3.1386 26.8147
2 24 -4.8631 -5.4133 26.7496 -6.6756 -3.1386 26.8147
2 24 -2.3152 -6.8827 26.1983 -4.8631 -5.4133 26.7496
2 24 -1.7489 -4.4671 28.1346 -4.5102 -4.001 27.6609
2 24 -2.3152 -6.8827 26.1983 1.4014 -9.8627 25.6871
2 24 -1.7489 -4.4671 28.1346 0.7757 -4.7896 28.2341
2 24 0.7757 -4.7896 28.2341 4.5665 -4.2998 27.3319
2 24 -4.8631 -5.4133 26.7496 -6.6756 -3.1386 26.8147
2 24 -4.5102 -4.001 27.6609 -6.6756 -3.1386 26.8147
2 24 4.5665 -4.2998 27.3319 7.1582 -7.084 25.8279
2 24 7.5739 -14.7959 25.0105 4.9261 -15.156 24.6215
2 24 1.4014 -9.8627 25.6871 4.9261 -15.156 24.6215
2 24 10.6038 -10.9972 25.3697 10.2336 -8.5011 25.6791
2 24 7.1582 -7.084 25.8279 10.2336 -8.5011 25.6791
2 24 10.6038 -10.9972 25.3697 11.5659 -13.8413 25.0824
2 24 7.5739 -14.7959 25.0105 11.5659 -13.8413 25.0824
2 24 9.8692 -4.9612 23.632 8.2467 -1.8666 24.0934
2 24 7.1582 -7.084 25.8279 4.5665 -4.2998 27.3319
2 24 7.1582 -7.084 25.8279 10.2336 -8.5011 25.6791
2 24 10.2336 -8.5011 25.6791 12.2565 -7.0522 22.6041
2 24 9.8692 -4.9612 23.632 12.2565 -7.0522 22.6041
2 24 11.5659 -13.8413 25.0824 10.6038 -10.9972 25.3697
2 24 13.784 -12.5035 22.5735 12.6383 -9.9347 22.4505
2 24 12.2565 -7.0522 22.6041 10.2336 -8.5011 25.6791
2 24 12.6383 -9.9347 22.4505 12.2565 -7.0522 22.6041
2 24 10.6038 -10.9972 25.3697 10.2336 -8.5011 25.6791
2 24 5.7208 -25.2607 24.928 3.2893 -23.2169 25.2342
2 24 3.2893 -23.2169 25.2342 3.8964 -19.6088 25.2236
2 24 11.9274 -28.0085 23.9413 13.6921 -23.752 24.8873
2 24 5.7208 -25.2607 24.928 11.9274 -28.0085 23.9413
2 24 15.1379 -19.2124 25.3507 13.5608 -16.1003 25.3432
2 24 13.6921 -23.752 24.8873 15.1379 -19.2124 25.3507
2 24 3.8964 -19.6088 25.2236 4.9261 -15.156 24.6215
2 24 4.9261 -15.156 24.6215 7.5739 -14.7959 25.0105
2 24 11.5659 -13.8413 25.0824 7.5739 -14.7959 25.0105
2 24 11.5659 -13.8413 25.0824 13.5608 -16.1003 25.3432
2 24 14.8579 -28.4832 21.4886 14.9462 -27.9185 21.6561
2 24 14.8579 -28.4832 21.4886 12.7678 -29.1003 22.3094
2 24 12.7678 -29.1003 22.3094 11.9274 -28.0085 23.9413
2 24 14.9462 -27.9185 21.6561 16.719 -24.5211 22.292
2 24 11.9274 -28.0085 23.9413 13.6921 -23.752 24.8873
2 24 13.6921 -23.752 24.8873 15.1379 -19.2124 25.3507
2 24 16.719 -24.5211 22.292 17.9747 -19.2958 23.1293
2 24 15.1379 -19.2124 25.3507 17.9747 -19.2958 23.1293
2 24 13.5608 -16.1003 25.3432 15.1379 -19.2124 25.3507
2 24 15.1379 -19.2124 25.3507 17.9747 -19.2958 23.1293
2 24 16.0292 -15.4305 23.1095 17.9747 -19.2958 23.1293
2 24 13.784 -12.5035 22.5735 16.0292 -15.4305 23.1095
2 24 11.5659 -13.8413 25.0824 13.5608 -16.1003 25.3432
2 24 14.8579 -28.4832 21.4886 15.157 -28.2944 21.1755
2 24 14.8579 -28.4832 21.4886 14.9462 -27.9185 21.6561
2 24 15.157 -28.2944 21.1755 15.2999 -27.7819 21.2994
2 24 14.9462 -27.9185 21.6561 16.719 -24.5211 22.292
2 24 15.2999 -27.7819 21.2994 16.9077 -24.4866 21.982
2 24 18.1645 -19.2703 21.7569 17.9747 -19.2958 23.1293
2 24 16.9077 -24.4866 21.982 18.1645 -19.2703 21.7569
2 24 16.719 -24.5211 22.292 17.9747 -19.2958 23.1293
2 24 15.8761 -14.9144 20.729 18.1645 -19.2703 21.7569
2 24 16.0292 -15.4305 23.1095 17.9747 -19.2958 23.1293
2 24 18.1645 -19.2703 21.7569 17.9747 -19.2958 23.1293
2 24 15.8761 -14.9144 20.729 14.6916 -13.4097 19.09
2 24 16.0292 -15.4305 23.1095 13.784 -12.5035 22.5735
2 24 13.784 -12.5035 22.5735 12.6383 -9.9347 22.4505
2 24 14.6916 -13.4097 19.09 13.2665 -10.9127 16.3791
2 24 12.6383 -9.9347 22.4505 12.2565 -7.0522 22.6041
2 24 12.2565 -7.0522 22.6041 12.2396 -7.0305 19.726
2 24 21.4436 -20.0169 21.1654 21.4476 -15.7451 20.0849
2 24 18.1645 -19.2703 21.7569 15.8761 -14.9144 20.729
2 24 21.4476 -15.7451 20.0849 21.8474 -13.8616 18.2091
2 24 15.8761 -14.9144 20.729 14.6916 -13.4097 19.09
2 24 14.6916 -13.4097 19.09 13.2665 -10.9127 16.3791
2 24 16.3161 -10.6229 16.5276 13.2665 -10.9127 16.3791
2 24 23.5695 -12.8725 16.5836 19.658 -11.2063 16.4924
2 24 21.8474 -13.8616 18.2091 23.5695 -12.8725 16.5836
2 24 23.5695 -12.8725 16.5836 23.0361 -13.0502 15.8061
2 24 23.5695 -12.8725 16.5836 19.658 -11.2063 16.4924
2 24 23.0361 -13.0502 15.8061 19.8066 -11.1374 15.8228
2 24 19.658 -11.2063 16.4924 16.3161 -10.6229 16.5276
2 24 19.8066 -11.1374 15.8228 16.2746 -10.5006 15.8284
2 24 13.1658 -10.8352 15.8255 13.2665 -10.9127 16.3791
2 24 16.2746 -10.5006 15.8284 13.1658 -10.8352 15.8255
2 24 16.3161 -10.6229 16.5276 13.2665 -10.9127 16.3791
2 24 21.4436 -20.0169 21.1654 21.475 -26.1982 21.5692
2 24 18.1645 -19.2703 21.7569 16.9077 -24.4866 21.982
2 24 21.475 -26.1982 21.5692 21.8985 -28.6506 21.251
2 24 17.947 -28.3797 21.3792 19.6168 -30.5702 20.8177
2 24 21.8985 -28.6506 21.251 22.405 -30.53 20.5827
2 24 19.6168 -30.5702 20.8177 22.405 -30.53 20.5827
2 24 9.8692 -4.9612 23.632 12.2565 -7.0522 22.6041
2 24 12.2565 -7.0522 22.6041 12.2396 -7.0305 19.726
2 24 9.8692 -4.9612 23.632 8.2467 -1.8666 24.0934
2 24 8.7805 -31.5995 16.6323 8.9513 -34.5677 15.2424
2 24 8.2254 -36.2358 16.6071 7.9678 -36.5687 15.0004
2 24 8.9513 -34.5677 15.2424 7.9678 -36.5687 15.0004
2 24 8.9513 -34.5677 15.2424 7.9678 -36.5687 15.0004
2 24 8.9513 -34.5677 15.2424 10.3449 -36.796 12.6775
2 24 7.9678 -36.5687 15.0004 8.9397 -39.2739 12.5824
2 24 11.3604 -36.0589 15.2238 8.9513 -34.5677 15.2424
2 24 10.3449 -36.796 12.6775 8.9513 -34.5677 15.2424
2 24 14.6936 -37.5896 16.184 17.7099 -37.5344 18.2156
2 24 17.7099 -37.5344 18.2156 18.8392 -36.8908 19.2403
2 24 18.8392 -36.8908 19.2403 22.0054 -37.8527 19.3674
2 24 22.0054 -37.8527 19.3674 23.2548 -39.8093 17.4238
2 24 20.2171 -40.2233 15.1619 23.5467 -40.8888 15.3501
2 24 23.2548 -39.8093 17.4238 23.5467 -40.8888 15.3501
2 24 16.5186 -41.4458 10.0212 12.5912 -39.1371 10.0212
2 24 16.5186 -41.4458 10.0212 20.6987 -43.3145 10.0212
2 24 20.2171 -40.2233 15.1619 23.5467 -40.8888 15.3501
2 24 23.5467 -40.8888 15.3501 24.5721 -43.0956 13.2684
2 24 24.5721 -43.0956 13.2684 25.2959 -44.8735 10.0212
2 24 20.6987 -43.3145 10.0212 25.2959 -44.8735 10.0212
2 24 22.5662 -36.2663 19.6392 18.9345 -35.6297 19.4974
2 24 22.5662 -36.2663 19.6392 22.0054 -37.8527 19.3674
2 24 18.9345 -35.6297 19.4974 18.8392 -36.8908 19.2403
2 24 22.0054 -37.8527 19.3674 18.8392 -36.8908 19.2403
2 24 23.7314 -35.3004 18.6853 24.0498 -36.9952 17.3439
2 24 22.0054 -37.8527 19.3674 23.2548 -39.8093 17.4238
2 24 23.5467 -40.8888 15.3501 24.4749 -38.516 15.6745
2 24 23.2548 -39.8093 17.4238 23.5467 -40.8888 15.3501
2 24 24.0498 -36.9952 17.3439 24.4749 -38.516 15.6745
2 24 24.5721 -43.0956 13.2684 23.5467 -40.8888 15.3501
2 24 25.7297 -39.7061 14.1419 24.4749 -38.516 15.6745
2 24 23.5467 -40.8888 15.3501 24.4749 -38.516 15.6745
2 24 24.5721 -43.0956 13.2684 25.2959 -44.8735 10.0212
2 24 25.7297 -39.7061 14.1419 26.633 -41.447 11.9822
2 24 26.633 -41.447 11.9822 27.094 -42.4684 10.0212
2 24 25.2959 -44.8735 10.0212 27.094 -42.4684 10.0212
2 24 18.9345 -35.6297 19.4974 17.3437 -36.7103 18.3164
2 24 18.9345 -35.6297 19.4974 18.8392 -36.8908 19.2403
2 24 18.8392 -36.8908 19.2403 17.7099 -37.5344 18.2156
2 24 17.7099 -37.5344 18.2156 14.6936 -37.5896 16.184
2 24 17.3437 -36.7103 18.3164 15.0765 -35.3958 16.8023
2 24 15.0765 -35.3958 16.8023 12.5265 -34.561 16.2249
2 24 14.6936 -37.5896 16.184 11.3604 -36.0589 15.2238
2 24 11.3604 -36.0589 15.2238 8.9513 -34.5677 15.2424
2 24 10.3272 -32.5897 16.6552 12.5265 -34.561 16.2249
2 24 8.7805 -31.5995 16.6323 8.9513 -34.5677 15.2424
2 24 24.8549 -38.9947 23.5904 23.962 -37.3025 20.9535
2 24 26.1466 -36.8834 24.1763 25.0763 -35.5321 21.5568
2 24 26.1466 -36.8834 24.1763 28.7268 -39.1107 28.1757
2 24 24.8549 -38.9947 23.5904 26.9951 -41.4446 27.1864
2 24 28.7268 -39.1107 28.1757 32.1897 -41.1994 31.5914
2 24 26.9951 -41.4446 27.1864 29.7601 -43.7867 30.4304
2 24 32.1897 -41.1994 31.5914 33.8479 -42.5454 33.7571
2 24 33.0552 -44.05 32.7142 33.6387 -44.8524 33.3766
2 24 33.6387 -44.8524 33.3766 33.8649 -43.1446 34.7027
2 24 33.8479 -42.5454 33.7571 33.8649 -43.1446 34.7027
2 24 29.7601 -43.7867 30.4304 31.8099 -45.2256 32.4509
2 24 33.6387 -44.8524 33.3766 32.0626 -45.991 32.9155
2 24 23.7314 -35.3004 18.6853 24.3777 -35.2884 19.3867
2 24 23.962 -37.3025 20.9535 23.7314 -35.3004 18.6853
2 24 24.3777 -35.2884 19.3867 25.1676 -34.594 19.8381
2 24 25.0763 -35.5321 21.5568 25.1676 -34.594 19.8381
2 24 31.8099 -45.2256 32.4509 26.9073 -45.5967 32.7638
2 24 29.7601 -43.7867 30.4304 31.8099 -45.2256 32.4509
2 24 12.8954 -44.5867 31.2943 14.7817 -42.6271 28.6224
2 24 12.8954 -44.5867 31.2943 17.004 -45.2141 32.1675
2 24 22.5662 -36.2663 19.6392 18.9345 -35.6297 19.4974
2 24 18.9345 -35.6297 19.4974 17.7611 -37.709 22.5817
2 24 23.962 -37.3025 20.9535 23.7314 -35.3004 18.6853
2 24 22.5662 -36.2663 19.6392 23.7314 -35.3004 18.6853
2 24 17.7611 -37.709 22.5817 16.7278 -40.3604 25.5584
2 24 23.962 -37.3025 20.9535 24.8549 -38.9947 23.5904
2 24 24.8549 -38.9947 23.5904 26.9951 -41.4446 27.1864
2 24 29.7601 -43.7867 30.4304 26.9951 -41.4446 27.1864
2 24 26.9073 -45.5967 32.7638 21.723 -45.5977 32.7926
2 24 14.7817 -42.6271 28.6224 16.7278 -40.3604 25.5584
2 24 17.004 -45.2141 32.1675 21.723 -45.5977 32.7926
2 24 32.0626 -45.991 32.9155 27.2146 -47.2126 33.097
2 24 31.8099 -45.2256 32.4509 26.9073 -45.5967 32.7638
2 24 26.9073 -45.5967 32.7638 21.723 -45.5977 32.7926
2 24 27.2146 -47.2126 33.097 21.7574 -47.5853 33.1154
2 24 21.723 -45.5977 32.7926 17.004 -45.2141 32.1675
2 24 21.7574 -47.5853 33.1154 16.9843 -47.2871 32.5989
2 24 17.004 -45.2141 32.1675 12.8954 -44.5867 31.2943
2 24 16.9843 -47.2871 32.5989 11.2996 -46.0398 31.3816
2 24 12.8954 -44.5867 31.2943 11.2996 -46.0398 31.3816
2 24 16.4298 -38.9306 21.1918 17.3437 -36.7103 18.3164
2 24 17.3437 -36.7103 18.3164 18.9345 -35.6297 19.4974
2 24 17.7611 -37.709 22.5817 18.9345 -35.6297 19.4974
2 24 16.4298 -38.9306 21.1918 15.3348 -41.3109 24.8073
2 24 17.7611 -37.709 22.5817 16.7278 -40.3604 25.5584
2 24 16.7278 -40.3604 25.5584 14.7817 -42.6271 28.6224
2 24 15.3348 -41.3109 24.8073 13.3317 -43.7248 28.7026
2 24 13.3317 -43.7248 28.7026 11.2996 -46.0398 31.3816
2 24 11.2996 -46.0398 31.3816 12.8954 -44.5867 31.2943
2 24 14.7817 -42.6271 28.6224 12.8954 -44.5867 31.2943
2 24 13.0835 -37.1629 18.9962 12.5265 -34.561 16.2249
2 24 15.0765 -35.3958 16.8023 12.5265 -34.561 16.2249
2 24 13.0835 -37.1629 18.9962 14.0106 -41.1131 24.9759
2 24 13.3317 -43.7248 28.7026 11.2996 -46.0398 31.3816
2 24 11.2996 -46.0398 31.3816 10.2598 -45.7233 31.9548
2 24 12.0906 -43.6957 28.8335 10.2598 -45.7233 31.9548
2 24 15.3348 -41.3109 24.8073 13.3317 -43.7248 28.7026
2 24 14.0106 -41.1131 24.9759 12.0906 -43.6957 28.8335
2 24 10.3272 -32.5897 16.6552 12.5265 -34.561 16.2249
2 24 12.5265 -34.561 16.2249 13.0835 -37.1629 18.9962
2 24 14.0106 -41.1131 24.9759 11.9501 -38.2465 27.445
2 24 13.0835 -37.1629 18.9962 14.0106 -41.1131 24.9759
2 24 10.6495 -33.5373 21.3834 11.9501 -38.2465 27.445
2 24 10.2561 -40.8544 30.7977 11.9501 -38.2465 27.445
2 24 11.9501 -38.2465 27.445 14.0106 -41.1131 24.9759
2 24 12.0906 -43.6957 28.8335 14.0106 -41.1131 24.9759
2 24 10.2561 -40.8544 30.7977 8.4179 -43.1381 33.9973
2 24 8.4179 -43.1381 33.9973 10.2598 -45.7233 31.9548
2 24 12.0906 -43.6957 28.8335 10.2598 -45.7233 31.9548
2 24 10.3272 -32.5897 16.6552 9.1902 -30.7543 18.0204
2 24 10.6495 -33.5373 21.3834 9.1902 -30.7543 18.0204
2 24 11.2996 -46.0398 31.3816 16.9843 -47.2871 32.5989
2 24 11.2996 -46.0398 31.3816 14.1943 -46.6562 33.9337
2 24 14.1943 -46.6562 33.9337 17.4975 -47.0414 34.6007
2 24 16.9843 -47.2871 32.5989 21.7574 -47.5853 33.1154
2 24 17.4975 -47.0414 34.6007 22.175 -47.2351 35.025
2 24 21.7574 -47.5853 33.1154 27.2146 -47.2126 33.097
2 24 22.175 -47.2351 35.025 27.3799 -46.9008 34.5282
2 24 27.3799 -46.9008 34.5282 31.7114 -46.0661 33.5344
2 24 27.2146 -47.2126 33.097 32.0626 -45.991 32.9155
2 24 22.175 -47.2351 35.025 17.4975 -47.0414 34.6007
2 24 18.5265 -49.6322 38.4594 16.1869 -48.0059 36.1065
2 24 18.5265 -49.6322 38.4594 21.6225 -51.6401 41.0867
2 24 21.6225 -51.6401 41.0867 24.5812 -53.1746 43.1064
2 24 28.1221 -52.3384 42.4171 28.6881 -54.1522 45.1128
2 24 24.5812 -53.1746 43.1064 28.6881 -54.1522 45.1128
2 24 28.1221 -52.3384 42.4171 28.1965 -50.4272 39.7644
2 24 22.175 -47.2351 35.025 27.3799 -46.9008 34.5282
2 24 28.1965 -50.4272 39.7644 29.2082 -48.3451 37.0215
2 24 29.2082 -48.3451 37.0215 31.7114 -46.0661 33.5344
2 24 27.3799 -46.9008 34.5282 31.7114 -46.0661 33.5344
2 24 29.5917 -52.455 45.8781 29.3352 -53.3081 45.3608
2 24 29.5917 -52.455 45.8781 29.0556 -50.7365 43.9296
2 24 28.1221 -52.3384 42.4171 28.1965 -50.4272 39.7644
2 24 29.0556 -50.7365 43.9296 29.1392 -48.6696 41.1495
2 24 28.1965 -50.4272 39.7644 29.2082 -48.3451 37.0215
2 24 29.1392 -48.6696 41.1495 30.2393 -46.6951 38.2554
2 24 31.7114 -46.0661 33.5344 29.2082 -48.3451 37.0215
2 24 30.2393 -46.6951 38.2554 32.6753 -44.5616 35.552
2 24 28.1221 -52.3384 42.4171 28.6881 -54.1522 45.1128
2 24 29.3352 -53.3081 45.3608 28.6881 -54.1522 45.1128
2 24 32.0626 -45.991 32.9155 33.6387 -44.8524 33.3766
2 24 33.6387 -44.8524 33.3766 33.8649 -43.1446 34.7027
2 24 32.6753 -44.5616 35.552 33.8649 -43.1446 34.7027
2 24 28.9505 -54.904 45.4416 24.2399 -54.3048 43.262
2 24 28.6881 -54.1522 45.1128 24.5812 -53.1746 43.1064
2 24 24.5812 -53.1746 43.1064 21.6225 -51.6401 41.0867
2 24 24.2399 -54.3048 43.262 21.0704 -53.172 41.0377
2 24 21.6225 -51.6401 41.0867 18.5265 -49.6322 38.4594
2 24 21.0704 -53.172 41.0377 17.9236 -51.5901 38.4004
2 24 18.5265 -49.6322 38.4594 16.1869 -48.0059 36.1065
2 24 17.9236 -51.5901 38.4004 15.1586 -49.5549 35.6463
2 24 16.1869 -48.0059 36.1065 14.1943 -46.6562 33.9337
2 24 15.1586 -49.5549 35.6463 11.2996 -46.0398 31.3816
2 24 14.1943 -46.6562 33.9337 11.2996 -46.0398 31.3816
2 24 28.6881 -54.1522 45.1128 29.3352 -53.3081 45.3608
2 24 28.9505 -54.904 45.4416 29.848 -53.9673 46.357
2 24 29.848 -53.9673 46.357 29.9913 -53.072 46.8032
2 24 29.3352 -53.3081 45.3608 29.5917 -52.455 45.8781
2 24 28.9778 -54.7706 47.1523 28.9505 -54.904 45.4416
2 24 29.848 -53.9673 46.357 28.9505 -54.904 45.4416
2 24 28.9778 -54.7706 47.1523 28.8863 -53.7906 48.1725
2 24 29.848 -53.9673 46.357 29.9913 -53.072 46.8032
2 24 24.5501 -33.3962 20.0106 24.607 -32.8603 20.0603
2 24 24.0282 -32.3633 21.4822 24.607 -32.8603 20.0603
2 24 22.9892 -32.7044 23.8413 23.0669 -31.5247 22.1313
2 24 24.0282 -32.3633 21.4822 23.0669 -31.5247 22.1313
2 24 25.0763 -35.5321 21.5568 25.1676 -34.594 19.8381
2 24 24.5501 -33.3962 20.0106 25.1676 -34.594 19.8381
2 24 22.9892 -32.7044 23.8413 23.9773 -34.7542 26.9423
2 24 28.7268 -39.1107 28.1757 26.1466 -36.8834 24.1763
2 24 23.9773 -34.7542 26.9423 25.9794 -37.3297 30.3529
2 24 28.7268 -39.1107 28.1757 32.1897 -41.1994 31.5914
2 24 25.9794 -37.3297 30.3529 29.0703 -39.7629 33.3061
2 24 29.0703 -39.7629 33.3061 32.7402 -41.6736 35.6671
2 24 32.1897 -41.1994 31.5914 33.8479 -42.5454 33.7571
2 24 32.7402 -41.6736 35.6671 33.6153 -42.3631 35.3234
2 24 32.7402 -41.6736 35.6671 31.8086 -42.4712 36.6775
2 24 32.7402 -41.6736 35.6671 33.6153 -42.3631 35.3234
2 24 32.6753 -44.5616 35.552 30.2393 -46.6951 38.2554
2 24 31.8086 -42.4712 36.6775 29.5498 -44.4346 39.1108
2 24 30.2393 -46.6951 38.2554 29.1392 -48.6696 41.1495
2 24 29.5498 -44.4346 39.1108 28.4093 -46.8049 41.8824
2 24 29.1392 -48.6696 41.1495 29.0556 -50.7365 43.9296
2 24 28.4093 -46.8049 41.8824 28.1736 -49.4143 45.0769
2 24 28.547 -51.0908 47.0358 29.2975 -51.7071 46.4497
2 24 28.1736 -49.4143 45.0769 28.547 -51.0908 47.0358
2 24 29.2975 -51.7071 46.4497 28.547 -51.0908 47.0358
2 24 29.6151 -52.3368 47.8912 28.726 -51.4112 48.3769
2 24 33.8479 -42.5454 33.7571 33.8649 -43.1446 34.7027
2 24 33.6153 -42.3631 35.3234 33.8649 -43.1446 34.7027
2 24 33.6153 -42.3631 35.3234 33.8649 -43.1446 34.7027
2 24 32.6753 -44.5616 35.552 33.8649 -43.1446 34.7027
2 24 29.2975 -51.7071 46.4497 29.5917 -52.455 45.8781
2 24 29.0556 -50.7365 43.9296 29.5917 -52.455 45.8781
2 24 29.5917 -52.455 45.8781 29.2975 -51.7071 46.4497
2 24 29.9913 -53.072 46.8032 29.6151 -52.3368 47.8912
2 24 10.8149 -46.563 38.4815 14.0792 -49.4418 41.5235
2 24 14.0792 -49.4418 41.5235 17.8902 -51.4063 44.4975
2 24 17.8902 -51.4063 44.4975 22.1701 -52.785 46.798
2 24 21.0704 -53.172 41.0377 24.2399 -54.3048 43.262
2 24 21.0704 -53.172 41.0377 17.9236 -51.5901 38.4004
2 24 17.9236 -51.5901 38.4004 15.1586 -49.5549 35.6463
2 24 15.1586 -49.5549 35.6463 11.2996 -46.0398 31.3816
2 24 11.2996 -46.0398 31.3816 10.2598 -45.7233 31.9548
2 24 10.8149 -46.563 38.4815 8.4179 -43.1381 33.9973
2 24 10.2598 -45.7233 31.9548 8.4179 -43.1381 33.9973
2 24 28.9778 -54.7706 47.1523 28.9505 -54.904 45.4416
2 24 24.2399 -54.3048 43.262 28.9505 -54.904 45.4416
2 24 22.1701 -52.785 46.798 28.8863 -53.7906 48.1725
2 24 28.9778 -54.7706 47.1523 28.8863 -53.7906 48.1725
2 24 22.1701 -52.785 46.798 28.8863 -53.7906 48.1725
2 24 28.7394 -52.6937 48.5923 28.8863 -53.7906 48.1725
2 24 22.1701 -52.785 46.798 17.8902 -51.4063 44.4975
2 24 17.8902 -51.4063 44.4975 14.0792 -49.4418 41.5235
2 24 14.0792 -49.4418 41.5235 10.8149 -46.563 38.4815
2 24 10.8149 -46.563 38.4815 8.4179 -43.1381 33.9973
2 24 8.4179 -43.1381 33.9973 9.6295 -41.7195 34.8992
2 24 10.2561 -40.8544 30.7977 8.4179 -43.1381 33.9973
2 24 9.6295 -41.7195 34.8992 8.4179 -43.1381 33.9973
2 24 10.2561 -40.8544 30.7977 11.9501 -38.2465 27.445
2 24 11.9501 -38.2465 27.445 12.6522 -36.8064 28.4494
2 24 10.6495 -33.5373 21.3834 11.9501 -38.2465 27.445
2 24 11.9501 -38.2465 27.445 12.6522 -36.8064 28.4494
2 24 12.6522 -36.8064 28.4494 13.8421 -35.2012 29.5828
2 24 13.249 -31.3928 25.1678 13.8421 -35.2012 29.5828
2 24 12.5833 -38.1137 33.2083 13.8421 -35.2012 29.5828
2 24 12.6522 -36.8064 28.4494 13.8421 -35.2012 29.5828
2 24 12.5833 -38.1137 33.2083 11.2411 -40.1072 35.9186
2 24 9.6295 -41.7195 34.8992 11.2411 -40.1072 35.9186
2 24 13.6858 -42.409 39.5557 11.2411 -40.1072 35.9186
2 24 9.6295 -41.7195 34.8992 11.2411 -40.1072 35.9186
2 24 13.6858 -42.409 39.5557 16.3736 -44.58 42.4082
2 24 16.3736 -44.58 42.4082 19.7461 -46.912 44.9904
2 24 19.7461 -46.912 44.9904 23.7239 -49.0647 46.8438
2 24 23.7239 -49.0647 46.8438 28.726 -51.4112 48.3769
2 24 28.7394 -52.6937 48.5923 28.726 -51.4112 48.3769
2 24 11.2516 -29.8103 21.3604 12.7678 -29.1003 22.3094
2 24 13.249 -31.3928 25.1678 12.7678 -29.1003 22.3094
2 24 10.3972 -29.5903 19.8476 9.1902 -30.7543 18.0204
2 24 10.6495 -33.5373 21.3834 9.1902 -30.7543 18.0204
2 24 11.2516 -29.8103 21.3604 10.3972 -29.5903 19.8476
2 24 28.8863 -53.7906 48.1725 28.7394 -52.6937 48.5923
2 24 29.9913 -53.072 46.8032 29.6151 -52.3368 47.8912
2 24 29.6151 -52.3368 47.8912 28.726 -51.4112 48.3769
2 24 28.7394 -52.6937 48.5923 28.726 -51.4112 48.3769
2 24 11.2411 -40.1072 35.9186 13.6858 -42.409 39.5557
2 24 11.2411 -40.1072 35.9186 14.7298 -42.5967 37.4848
2 24 14.7298 -42.5967 37.4848 15.401 -43.3218 38.5259
2 24 11.2411 -40.1072 35.9186 17.2037 -40.9493 37.53
2 24 11.2411 -40.1072 35.9186 12.9716 -40.256 34.6145
2 24 12.9716 -40.256 34.6145 17.0906 -40.9569 35.3977
2 24 17.3112 -42.7888 37.7863 14.7298 -42.5967 37.4848
2 24 17.2037 -40.9493 37.53 11.2411 -40.1072 35.9186
2 24 14.7298 -42.5967 37.4848 11.2411 -40.1072 35.9186
2 24 17.2037 -40.9493 37.53 22.5999 -41.4167 37.8819
2 24 17.0906 -40.9569 35.3977 22.3654 -41.3257 35.7184
2 24 22.3654 -41.3257 35.7184 27.0179 -41.418 35.8006
2 24 22.5999 -41.4167 37.8819 27.2851 -41.5554 37.652
2 24 27.0179 -41.418 35.8006 30.8928 -41.4482 35.8286
2 24 27.2851 -41.5554 37.652 31.1671 -41.5987 36.7389
2 24 30.8928 -41.4482 35.8286 31.8757 -41.8833 36.2373
2 24 31.1671 -41.5987 36.7389 31.8757 -41.8833 36.2373
2 24 31.487 -42.1663 36.8199 31.8757 -41.8833 36.2373
2 24 31.1671 -41.5987 36.7389 31.8757 -41.8833 36.2373
2 24 31.487 -42.1663 36.8199 27.1829 -42.8953 37.6631
2 24 31.1671 -41.5987 36.7389 27.2851 -41.5554 37.652
2 24 27.2851 -41.5554 37.652 22.5999 -41.4167 37.8819
2 24 27.1829 -42.8953 37.6631 22.5269 -43.0941 37.9928
2 24 17.3112 -42.7888 37.7863 22.5269 -43.0941 37.9928
2 24 17.2037 -40.9493 37.53 22.5999 -41.4167 37.8819
2 24 31.487 -42.1663 36.8199 31.8757 -41.8833 36.2373
2 24 31.8086 -42.4712 36.6775 32.7402 -41.6736 35.6671
2 24 31.487 -42.1663 36.8199 27.1829 -42.8953 37.6631
2 24 31.8086 -42.4712 36.6775 29.5498 -44.4346 39.1108
2 24 31.8757 -41.8833 36.2373 30.8928 -41.4482 35.8286
2 24 32.7402 -41.6736 35.6671 29.0703 -39.7629 33.3061
2 24 30.8928 -41.4482 35.8286 27.0179 -41.418 35.8006
2 24 29.0703 -39.7629 33.3061 25.9794 -37.3297 30.3529
2 24 27.0179 -41.418 35.8006 22.3654 -41.3257 35.7184
2 24 25.9794 -37.3297 30.3529 23.9773 -34.7542 26.9423
2 24 16.5469 -36.0833 29.5554 18.4095 -32.4163 23.7996
2 24 23.9773 -34.7542 26.9423 22.9892 -32.7044 23.8413
2 24 22.9892 -32.7044 23.8413 23.0669 -31.5247 22.1313
2 24 18.4095 -32.4163 23.7996 19.6168 -30.5702 20.8177
2 24 23.0669 -31.5247 22.1313 22.405 -30.53 20.5827
2 24 19.6168 -30.5702 20.8177 22.405 -30.53 20.5827
2 24 17.947 -28.3797 21.3792 15.157 -28.2944 21.1755
2 24 17.947 -28.3797 21.3792 16.9349 -30.703 24.8618
2 24 12.7678 -29.1003 22.3094 13.249 -31.3928 25.1678
2 24 14.8579 -28.4832 21.4886 12.7678 -29.1003 22.3094
2 24 19.6168 -30.5702 20.8177 17.947 -28.3797 21.3792
2 24 19.6168 -30.5702 20.8177 18.4095 -32.4163 23.7996
2 24 17.947 -28.3797 21.3792 16.9349 -30.703 24.8618
2 24 13.249 -31.3928 25.1678 13.8421 -35.2012 29.5828
2 24 16.9349 -30.703 24.8618 15.5204 -35.0342 29.8625
2 24 15.5204 -35.0342 29.8625 12.869 -38.9136 34.1585
2 24 13.8421 -35.2012 29.5828 12.5833 -38.1137 33.2083
2 24 12.9716 -40.256 34.6145 11.2411 -40.1072 35.9186
2 24 12.9716 -40.256 34.6145 16.5469 -36.0833 29.5554
2 24 12.869 -38.9136 34.1585 15.5204 -35.0342 29.8625
2 24 16.9349 -30.703 24.8618 15.5204 -35.0342 29.8625
2 24 18.4095 -32.4163 23.7996 16.5469 -36.0833 29.5554
2 24 12.9716 -40.256 34.6145 17.0906 -40.9569 35.3977
2 24 16.5469 -36.0833 29.5554 12.9716 -40.256 34.6145
2 24 22.3654 -41.3257 35.7184 17.0906 -40.9569 35.3977
2 24 13.6858 -42.409 39.5557 16.3736 -44.58 42.4082
2 24 15.401 -43.3218 38.5259 17.7262 -45.2216 40.7015
2 24 16.3736 -44.58 42.4082 19.7461 -46.912 44.9904
2 24 17.7262 -45.2216 40.7015 20.898 -47.3783 43.193
2 24 19.7461 -46.912 44.9904 23.7239 -49.0647 46.8438
2 24 20.898 -47.3783 43.193 24.4861 -49.376 45.5126
2 24 28.547 -51.0908 47.0358 24.4861 -49.376 45.5126
2 24 28.726 -51.4112 48.3769 23.7239 -49.0647 46.8438
2 24 27.1829 -42.8953 37.6631 22.5269 -43.0941 37.9928
2 24 29.5498 -44.4346 39.1108 28.4093 -46.8049 41.8824
2 24 28.4093 -46.8049 41.8824 28.1736 -49.4143 45.0769
2 24 24.4861 -49.376 45.5126 28.547 -51.0908 47.0358
2 24 28.1736 -49.4143 45.0769 28.547 -51.0908 47.0358
2 24 24.4861 -49.376 45.5126 20.898 -47.3783 43.193
2 24 15.401 -43.3218 38.5259 17.7262 -45.2216 40.7015
2 24 22.5269 -43.0941 37.9928 17.3112 -42.7888 37.7863
2 24 20.898 -47.3783 43.193 17.7262 -45.2216 40.7015
2 24 15.401 -43.3218 38.5259 14.7298 -42.5967 37.4848
2 24 17.3112 -42.7888 37.7863 14.7298 -42.5967 37.4848
2 24 21.514 -15.8207 23.7922 22.0428 -13.6904 23.8336
2 24 22.0428 -13.6904 23.8336 21.8474 -13.8616 18.2091
2 24 21.4476 -15.7451 20.0849 21.8474 -13.8616 18.2091
2 24 21.514 -15.8207 23.7922 21.4902 -19.6555 23.4591
2 24 21.4476 -15.7451 20.0849 21.4436 -20.0169 21.1654
2 24 21.4902 -19.6555 23.4591 21.4817 -25.9229 23.1793
2 24 21.4436 -20.0169 21.1654 21.475 -26.1982 21.5692
2 24 21.4817 -25.9229 23.1793 21.9588 -29.1422 22.8148
2 24 21.475 -26.1982 21.5692 21.8985 -28.6506 21.251
2 24 21.8985 -28.6506 21.251 22.405 -30.53 20.5827
2 24 22.405 -30.53 20.5827 23.0669 -31.5247 22.1313
2 24 21.9588 -29.1422 22.8148 23.0669 -31.5247 22.1313
2 24 27.4724 -33.0918 21.4366 24.0282 -32.3633 21.4822
2 24 24.0282 -32.3633 21.4822 24.607 -32.8603 20.0603
2 24 26.7375 -33.3374 20.5912 24.607 -32.8603 20.0603
2 24 27.4724 -33.0918 21.4366 31.2229 -32.2433 20.9793
2 24 28.7422 -33.4198 20.0764 29.9455 -32.9743 19.3158
2 24 29.9455 -32.9743 19.3158 32.4467 -32.0999 19.4742
2 24 31.2229 -32.2433 20.9793 35.1191 -30.6157 20.8209
2 24 32.4467 -32.0999 19.4742 35.103 -30.6462 18.6068
2 24 35.1191 -30.6157 20.8209 36.4398 -29.3624 20.4128
2 24 35.103 -30.6462 18.6068 36.3899 -29.4757 17.7232
2 24 36.4398 -29.3624 20.4128 36.3899 -29.4757 17.7232
2 24 36.4398 -29.3624 20.4128 36.3899 -29.4757 17.7232
2 24 36.4398 -29.3624 20.4128 36.6892 -27.0725 20.4956
2 24 36.3899 -29.4757 17.7232 36.7429 -26.7965 16.671
2 24 36.6892 -27.0725 20.4956 36.3143 -24.0146 20.5854
2 24 36.7429 -26.7965 16.671 36.5108 -24.0369 13.7506
2 24 36.3143 -24.0146 20.5854 36.6613 -22.3439 20.7299
2 24 33.5255 -29.2409 24.0437 34.4573 -28.3499 23.8799
2 24 35.1191 -30.6157 20.8209 36.4398 -29.3624 20.4128
2 24 34.4573 -28.3499 23.8799 36.4398 -29.3624 20.4128
2 24 36.4398 -29.3624 20.4128 36.6892 -27.0725 20.4956
2 24 36.4398 -29.3624 20.4128 34.4573 -28.3499 23.8799
2 24 34.4573 -28.3499 23.8799 34.4943 -26.1189 24.0182
2 24 36.3143 -24.0146 20.5854 36.6613 -22.3439 20.7299
2 24 35.3616 -21.9727 22.82 36.6613 -22.3439 20.7299
2 24 36.6892 -27.0725 20.4956 36.3143 -24.0146 20.5854
2 24 34.4943 -26.1189 24.0182 34.2246 -23.1115 24.3909
2 24 34.2246 -23.1115 24.3909 34.6149 -18.4998 25.4839
2 24 35.3616 -21.9727 22.82 34.6149 -18.4998 25.4839
2 24 22.0428 -13.6904 23.8336 21.514 -15.8207 23.7922
2 24 24.741 -15.9375 26.4637 24.422 -17.42 26.461
2 24 21.514 -15.8207 23.7922 21.4902 -19.6555 23.4591
2 24 24.422 -17.42 26.461 24.4775 -20.1749 26.2588
2 24 24.6445 -23.8241 25.937 24.9077 -28.0414 25.5836
2 24 21.4817 -25.9229 23.1793 21.9588 -29.1422 22.8148
2 24 24.9077 -28.0414 25.5836 25.2589 -29.8082 25.1836
2 24 21.9588 -29.1422 22.8148 23.0669 -31.5247 22.1313
2 24 25.2589 -29.8082 25.1836 26.3619 -30.8909 24.7785
2 24 23.0669 -31.5247 22.1313 24.0282 -32.3633 21.4822
2 24 24.0282 -32.3633 21.4822 27.4724 -33.0918 21.4366
2 24 26.3619 -30.8909 24.7785 27.689 -31.1464 24.6438
2 24 33.5255 -29.2409 24.0437 30.2986 -30.5424 24.4457
2 24 35.1191 -30.6157 20.8209 31.2229 -32.2433 20.9793
2 24 27.4724 -33.0918 21.4366 31.2229 -32.2433 20.9793
2 24 27.689 -31.1464 24.6438 30.2986 -30.5424 24.4457
2 24 21.4902 -19.6555 23.4591 21.4817 -25.9229 23.1793
2 24 24.4775 -20.1749 26.2588 24.6445 -23.8241 25.937
2 24 24.741 -15.9375 26.4637 25.7391 -15.062 26.4498
2 24 22.0428 -13.6904 23.8336 23.6284 -12.8364 23.528
2 24 22.0428 -13.6904 23.8336 23.6284 -12.8364 23.528
2 24 22.0428 -13.6904 23.8336 21.8474 -13.8616 18.2091
2 24 21.8474 -13.8616 18.2091 23.5695 -12.8725 16.5836
2 24 23.5695 -12.8725 16.5836 23.0361 -13.0502 15.8061
2 24 25.7899 -11.9931 15.814 23.0361 -13.0502 15.8061
2 24 25.7391 -15.062 26.4498 28.5098 -14.7379 26.373
2 24 23.6284 -12.8364 23.528 27.5181 -12.055 23.0235
2 24 28.5098 -14.7379 26.373 32.0174 -14.5959 25.8915
2 24 27.5181 -12.055 23.0235 31.0657 -12.2642 22.474
2 24 24.9077 -28.0414 25.5836 25.2589 -29.8082 25.1836
2 24 25.2589 -29.8082 25.1836 26.3619 -30.8909 24.7785
2 24 26.3619 -30.8909 24.7785 27.689 -31.1464 24.6438
2 24 27.689 -31.1464 24.6438 30.2986 -30.5424 24.4457
2 24 30.2986 -30.5424 24.4457 33.5255 -29.2409 24.0437
2 24 33.5255 -29.2409 24.0437 34.4573 -28.3499 23.8799
2 24 34.4943 -26.1189 24.0182 34.4573 -28.3499 23.8799
2 24 24.9077 -28.0414 25.5836 24.6445 -23.8241 25.937
2 24 34.4943 -26.1189 24.0182 34.2246 -23.1115 24.3909
2 24 24.6445 -23.8241 25.937 24.4775 -20.1749 26.2588
2 24 34.2246 -23.1115 24.3909 34.6149 -18.4998 25.4839
2 24 25.7391 -15.062 26.4498 24.741 -15.9375 26.4637
2 24 24.741 -15.9375 26.4637 24.422 -17.42 26.461
2 24 24.4775 -20.1749 26.2588 24.422 -17.42 26.461
2 24 25.7391 -15.062 26.4498 28.5098 -14.7379 26.373
2 24 28.5098 -14.7379 26.373 32.0174 -14.5959 25.8915
2 24 35.3616 -21.9727 22.82 36.6613 -22.3439 20.7299
2 24 35.3616 -21.9727 22.82 38.3752 -19.9456 23.2357
2 24 36.6613 -22.3439 20.7299 38.867 -20.9866 20.4
2 24 34.6149 -18.4998 25.4839 35.3616 -21.9727 22.82
2 24 38.3752 -19.9456 23.2357 35.3616 -21.9727 22.82
2 24 32.0174 -14.5959 25.8915 34.7314 -13.7546 25.5388
2 24 34.7314 -13.7546 25.5388 36.5406 -11.5946 25.8254
2 24 38.3752 -19.9456 23.2357 41.4234 -18.588 22.8581
2 24 38.867 -20.9866 20.4 42.282 -19.4703 19.8843
2 24 41.4234 -18.588 22.8581 42.282 -19.4703 19.8843
2 24 42.3701 -15.1933 24.8846 41.4234 -18.588 22.8581
2 24 38.3752 -19.9456 23.2357 41.4234 -18.588 22.8581
2 24 42.3701 -15.1933 24.8846 44.6439 -12.1062 25.5521
2 24 42.3701 -15.1933 24.8846 41.4234 -18.588 22.8581
2 24 41.4234 -18.588 22.8581 42.282 -19.4703 19.8843
2 24 43.7111 -16.2584 21.5389 42.282 -19.4703 19.8843
2 24 42.3701 -15.1933 24.8846 44.6439 -12.1062 25.5521
2 24 44.6439 -12.1062 25.5521 46.416 -12.3921 22.002
2 24 43.7111 -16.2584 21.5389 46.416 -12.3921 22.002
2 24 44.3486 -8.2593 26.4781 44.6439 -12.1062 25.5521
2 24 44.6439 -12.1062 25.5521 46.416 -12.3921 22.002
2 24 46.6884 -7.8944 23.0125 46.416 -12.3921 22.002
2 24 48.5964 -4.4249 24.7661 45.1776 -4.9669 27.7402
2 24 46.6884 -7.8944 23.0125 48.5964 -4.4249 24.7661
2 24 44.3486 -8.2593 26.4781 45.1776 -4.9669 27.7402
2 24 36.5406 -11.5946 25.8254 37.6114 -7.955 26.8147
2 24 37.6114 -7.955 26.8147 35.7931 -5.9741 27.5539
2 24 44.6439 -12.1062 25.5521 44.3486 -8.2593 26.4781
2 24 39.7853 -4.831 28.504 33.5206 -3.962 27.6775
2 24 35.7931 -5.9741 27.5539 33.5206 -3.962 27.6775
2 24 44.3486 -8.2593 26.4781 45.1776 -4.9669 27.7402
2 24 39.7853 -4.831 28.504 45.1776 -4.9669 27.7402
2 24 35.7931 -5.9741 27.5539 33.5206 -3.962 27.6775
2 24 33.5206 -3.962 27.6775 32.3372 -3.9474 24.7461
2 24 33.9758 -6.2062 24.4054 32.3372 -3.9474 24.7461
2 24 35.7931 -5.9741 27.5539 37.6114 -7.955 26.8147
2 24 37.6114 -7.955 26.8147 35.1054 -7.8455 24.0427
2 24 33.9758 -6.2062 24.4054 35.1054 -7.8455 24.0427
2 24 32.0174 -14.5959 25.8915 34.7314 -13.7546 25.5388
2 24 31.0657 -12.2642 22.474 33.5732 -11.6145 22.2951
2 24 33.5732 -11.6145 22.2951 34.4045 -9.8562 22.6035
2 24 34.7314 -13.7546 25.5388 36.5406 -11.5946 25.8254
2 24 37.6114 -7.955 26.8147 35.1054 -7.8455 24.0427
2 24 36.5406 -11.5946 25.8254 37.6114 -7.955 26.8147
2 24 35.1054 -7.8455 24.0427 34.5253 -8.0006 23.0811
2 24 34.4045 -9.8562 22.6035 34.5253 -8.0006 23.0811
2 24 33.9758 -6.2062 24.4054 32.3372 -3.9474 24.7461
2 24 32.171 -6.0083 23.2818 29.6945 -3.1762 22.817
2 24 32.171 -6.0083 23.2818 34.5253 -8.0006 23.0811
2 24 34.5253 -8.0006 23.0811 35.1054 -7.8455 24.0427
2 24 33.9758 -6.2062 24.4054 35.1054 -7.8455 24.0427
2 24 33.2273 -11.62 11.9213 31.3107 -12.1443 11.9164
2 24 33.2273 -11.62 11.9213 33.5732 -11.6145 22.2951
2 24 33.5732 -11.6145 22.2951 31.0657 -12.2642 22.474
2 24 33.5732 -11.6145 22.2951 34.4045 -9.8562 22.6035
2 24 33.2273 -11.62 11.9213 34.0971 -10.0657 11.9333
2 24 34.4027 -8.0943 17.0591 34.5009 -8.123 17.6173
2 24 32.171 -6.0083 23.2818 34.5253 -8.0006 23.0811
2 24 32.3879 -6.3802 17.5629 34.5009 -8.123 17.6173
2 24 34.5253 -8.0006 23.0811 34.5009 -8.123 17.6173
2 24 34.5009 -8.123 17.6173 32.2125 -7.0109 17.0686
2 24 34.4027 -8.0943 17.0591 34.5009 -8.123 17.6173
2 24 34.4027 -8.0943 17.0591 32.2125 -7.0109 17.0686
2 24 34.5009 -8.123 17.6173 32.3879 -6.3802 17.5629
2 24 32.2125 -7.0109 17.0686 30.5307 -4.952 17.2172
2 24 32.3879 -6.3802 17.5629 30.5501 -4.5025 17.6702
2 24 30.5307 -4.952 17.2172 30.5501 -4.5025 17.6702
2 24 32.3879 -6.3802 17.5629 30.5501 -4.5025 17.6702
2 24 30.5501 -4.5025 17.6702 29.7271 -3.163 17.6943
2 24 29.7271 -3.163 17.6943 29.6945 -3.1762 22.817
2 24 32.171 -6.0083 23.2818 29.6945 -3.1762 22.817
2 24 25.7899 -11.9931 15.814 23.0361 -13.0502 15.8061
2 24 25.4774 -34.6793 15.6174 22.8968 -34.6489 15.6176
2 24 25.7899 -11.9931 15.814 27.9978 -11.8627 14.5705
2 24 27.9978 -11.8627 14.5705 27.9824 -36.0026 14.2023
2 24 25.4774 -34.6793 15.6174 27.9824 -36.0026 14.2023
2 24 27.9978 -11.8627 14.5705 28.6498 -11.8653 11.9176
2 24 28.6498 -11.8653 11.9176 28.0771 -38.7837 11.6826
2 24 27.9824 -36.0026 14.2023 28.0771 -38.7837 11.6826
2 24 23.0361 -13.0502 15.8061 19.8066 -11.1374 15.8228
2 24 19.8066 -11.1374 15.8228 16.2746 -10.5006 15.8284
2 24 17.8566 -34.1945 15.6216 14.9763 -32.0439 15.6467
2 24 16.2746 -10.5006 15.8284 13.1658 -10.8352 15.8255
2 24 14.9763 -32.0439 15.6467 12.7984 -25.8496 15.6944
2 24 -19.0354 -14.0036 10.0212 -18.3654 -14.1898 12.1651
2 24 -19.0354 -22.4788 10.0212 -18.3654 -22.5433 12.1651
2 24 -18.3654 -22.5433 12.1651 -16.9625 -22.3203 13.2341
2 24 -18.3654 -14.1898 12.1651 -16.9626 -14.327 13.2341
2 24 -16.9626 -14.327 13.2341 -15.2827 -14.165 13.6075
2 24 -16.9625 -22.3203 13.2341 -14.9919 -22.4907 13.6721
2 24 -15.2827 -14.165 13.6075 -13.5534 -13.6655 13.1144
2 24 -14.9919 -22.4907 13.6721 -13.4229 -23.191 13.0772
2 24 -13.5534 -13.6655 13.1144 -11.9392 -13.0184 11.9075
2 24 -11.9392 -13.0184 11.9075 -11.9392 -25.1858 11.8014
2 24 -13.4229 -23.191 13.0772 -11.9392 -25.1858 11.8014
2 24 -11.9392 -13.0184 11.9075 -9.2562 -12.2009 11.9147
2 24 -11.9392 -13.0184 11.9075 -11.9392 -25.1858 11.8014
2 24 -11.9392 -25.1858 11.8014 -9.9269 -26.9664 11.7858
2 24 -9.2562 -12.2009 11.9147 -5.6924 -12.2112 11.9146
2 24 -9.9269 -26.9664 11.7858 -5.3737 -27.9317 11.7774
2 24 -5.6924 -12.2112 11.9146 -3.0767 -14.1379 11.8978
2 24 -5.3737 -27.9317 11.7774 -2.4802 -26.7149 11.788
2 24 -11.9392 -25.1858 11.8014 -9.9269 -26.9664 11.7858
2 24 -11.9392 -25.1858 11.8014 -11.9392 -25.0631 10.0212
2 24 -9.9269 -26.9664 11.7858 -8.3663 -27.69 10.0212
2 24 -9.9269 -26.9664 11.7858 -5.3737 -27.9317 11.7774
2 24 -9.9269 -26.9664 11.7858 -8.3663 -27.69 10.0212
2 24 -5.3737 -27.9317 11.7774 -4.9749 -28.4566 10.0212
2 24 -5.3737 -27.9317 11.7774 -2.4802 -26.7149 11.788
2 24 -5.3737 -27.9317 11.7774 -4.9749 -28.4566 10.0212
2 24 -2.4802 -26.7149 11.788 0.9393 -27.0795 12.2854
2 24 3.68 -27.3502 11.7825 5.6179 -26.7903 12.8111
2 24 3.68 -0.0323 12.0209 5.6179 -0.0338 12.9548
2 24 5.6179 -26.7903 12.8111 7.4263 -25.2043 14.3111
2 24 5.6179 -0.0338 12.9548 7.2449 -0.0338 14.4397
2 24 8.4207 -1.8843 15.9036 8.9339 -24.0717 15.71
2 24 7.4263 -25.2043 14.3111 8.9339 -24.0717 15.71
2 24 13.1658 -10.8352 15.8255 12.6174 -9.2967 15.8389
2 24 12.7984 -25.8496 15.6944 8.9339 -24.0717 15.71
2 24 0.9922 -26.7682 10.0212 3.68 -27.3502 11.7825
2 24 0.9393 -27.0795 12.2854 3.68 -27.3502 11.7825
2 24 0.9922 -26.7682 10.0212 3.6632 -28.5443 10.0212
2 24 3.68 -27.3502 11.7825 5.4411 -28.3413 12.0522
2 24 3.6632 -28.5443 10.0212 5.2056 -30.5239 10.0212
2 24 5.2056 -30.5239 10.0212 7.1273 -31.7596 10.0212
2 24 7.1273 -31.7596 10.0212 6.5649 -29.7018 11.112
2 24 5.4411 -28.3413 12.0522 6.5649 -29.7018 11.112
2 24 5.4411 -28.3413 12.0522 3.68 -27.3502 11.7825
2 24 5.6179 -26.7903 12.8111 3.68 -27.3502 11.7825
2 24 13.3145 -27.8941 13.191 12.7984 -25.8496 15.6944
2 24 12.7984 -25.8496 15.6944 8.9339 -24.0717 15.71
2 24 8.9339 -24.0717 15.71 7.4263 -25.2043 14.3111
2 24 5.6179 -26.7903 12.8111 7.4263 -25.2043 14.3111
2 24 11.066 -31.1696 10.0212 7.1273 -31.7596 10.0212
2 24 7.1273 -31.7596 10.0212 6.5649 -29.7018 11.112
2 24 11.066 -31.1696 10.0212 15.2839 -32.9511 10.0212
2 24 15.2839 -32.9511 10.0212 14.3486 -30.6288 11.7107
2 24 5.4411 -28.3413 12.0522 6.5649 -29.7018 11.112
2 24 13.3145 -27.8941 13.191 14.3486 -30.6288 11.7107
2 24 15.5917 -34.3219 14.1847 14.9763 -32.0439 15.6467
2 24 17.8566 -34.1945 15.6216 14.9763 -32.0439 15.6467
2 24 15.5917 -34.3219 14.1847 14.9763 -32.0439 15.6467
2 24 13.3145 -27.8941 13.191 12.7984 -25.8496 15.6944
2 24 14.9763 -32.0439 15.6467 12.7984 -25.8496 15.6944
2 24 18.7279 -35.7469 15.6081 16.3579 -36.5461 13.3607
2 24 17.8566 -34.1945 15.6216 18.7279 -35.7469 15.6081
2 24 15.5917 -34.3219 14.1847 16.3579 -36.5461 13.3607
2 24 14.3486 -30.6288 11.7107 15.2839 -32.9511 10.0212
2 24 16.3579 -36.5461 13.3607 17.1186 -38.5636 10.0212
2 24 13.3145 -27.8941 13.191 14.3486 -30.6288 11.7107
2 24 15.5917 -34.3219 14.1847 16.3579 -36.5461 13.3607
2 24 24.0189 -40.738 10.0212 22.9568 -39.1952 12.3235
2 24 24.0189 -40.738 10.0212 25.5212 -39.1032 10.0212
2 24 25.5212 -39.1032 10.0212 24.7848 -37.6672 12.4035
2 24 27.9824 -36.0026 14.2023 28.0771 -38.7837 11.6826
2 24 24.7848 -37.6672 12.4035 25.5212 -39.1032 10.0212
2 24 27.9824 -36.0026 14.2023 25.4774 -34.6793 15.6174
2 24 24.7848 -37.6672 12.4035 22.8968 -34.6489 15.6176
2 24 25.4774 -34.6793 15.6174 22.8968 -34.6489 15.6176
2 24 24.7848 -37.6672 12.4035 22.8968 -34.6489 15.6176
2 24 22.8968 -34.6489 15.6176 21.3589 -36.5374 15.6012
2 24 22.9568 -39.1952 12.3235 21.3589 -36.5374 15.6012
2 24 18.7279 -35.7469 15.6081 21.3589 -36.5374 15.6012
2 24 18.7279 -35.7469 15.6081 16.3579 -36.5461 13.3607
2 24 21.3589 -36.5374 15.6012 22.9568 -39.1952 12.3235
2 24 16.3579 -36.5461 13.3607 17.1186 -38.5636 10.0212
2 24 22.9568 -39.1952 12.3235 24.0189 -40.738 10.0212
2 24 17.1186 -38.5636 10.0212 24.0189 -40.738 10.0212
2 24 25.5212 -39.1032 10.0212 32.2233 -40.8042 10.1985
2 24 28.0771 -38.7837 11.6826 32.8966 -40.009 11.6772
2 24 32.2233 -40.8042 10.1985 32.8966 -40.009 11.6772
2 24 28.6498 -11.8653 11.9176 31.3107 -12.1443 11.9164
2 24 28.6498 -11.8653 11.9176 28.0771 -38.7837 11.6826
2 24 28.0771 -38.7837 11.6826 32.8966 -40.009 11.6772
2 24 -18.3654 -14.1898 12.1651 -19.0354 -14.0036 10.0212
2 24 -20.6114 -13.4736 12.4742 -21.4334 -12.8224 10.0212
2 24 -3.0767 -14.1379 11.8978 -1.4009 -16.7848 11.8747
2 24 -1.51 -16.9671 14.9647 -1.4009 -16.7848 11.8747
2 24 -9.8236 -3.6945 18.1573 -9.4113 -3.7031 22.6998
2 24 -9.8236 -3.6945 18.1573 -9.7384 -0.0338 18.4168
2 24 -9.4113 -3.7031 22.6998 -9.4565 -0.0338 22.7215
2 24 -9.7384 -0.0338 18.4168 -9.4565 -0.0338 22.7215
2 24 -8.4111 -5.6824 11.9715 -8.3254 -5.5309 16.6455
2 24 -8.4111 -5.6824 11.9715 -8.1863 -0.0309 12.0209
2 24 -8.3254 -5.5309 16.6455 -8.2578 -0.0338 17.0241
2 24 -8.1863 -0.0309 12.0209 -8.2578 -0.0338 17.0241
2 24 7.2449 -0.0338 14.4397 8.039 -0.0338 15.5635
2 24 8.4207 -1.8843 15.9036 8.039 -0.0338 15.5635
2 24 25.7899 -11.9931 15.814 27.9978 -11.8627 14.5705
2 24 42.3507 -19.4807 11.8512 42.282 -19.4703 19.8843
2 24 42.3507 -19.4807 11.8512 38.864 -21.2237 11.8359
2 24 42.282 -19.4703 19.8843 38.867 -20.9866 20.4
2 24 46.416 -12.3921 22.002 43.7111 -16.2584 21.5389
2 24 46.416 -12.3921 22.002 46.4759 -12.5723 11.9115
2 24 46.4759 -12.5723 11.9115 43.9762 -16.4396 11.8777
2 24 47.5946 -0.0338 24.798 48.5964 -4.4249 24.7661
2 24 47.5946 -0.0338 24.798 47.6989 -0.0347 12.0209
2 24 48.5964 -4.4249 24.7661 48.6551 -4.4561 11.9823
2 24 47.6989 -0.0347 12.0209 48.6551 -4.4561 11.9823
2 24 29.7271 -3.163 17.6943 29.6945 -3.1762 22.817
2 24 29.7271 -3.163 17.6943 29.7049 -0.0338 17.8072
2 24 29.6945 -3.1762 22.817 29.9179 -0.0338 22.7652
2 24 29.7049 -0.0338 17.8072 29.9179 -0.0338 22.7652
2 24 34.0971 -10.0657 11.9333 34.3983 -8.3344 11.9484
2 24 34.4027 -8.0943 17.0591 34.3983 -8.3344 11.9484
2 24 48.6551 -4.4561 11.9823 47.6989 -0.0347 12.0209
2 24 30.4429 -4.8102 11.9795 30.5659 -0.0302 12.0234
2 24 47.6989 -0.0347 12.0209 30.5659 -0.0302 12.0234
2 24 -17.4086 -14.4187 15.8613 -15.0247 -14.3005 16.7023
2 24 12.6174 -9.2967 15.8389 12.2656 -6.9481 15.8594
2 24 12.2396 -7.0305 19.726 12.2656 -6.9481 15.8594
2 24 -3.0767 -14.1379 11.8978 -1.4009 -16.7848 11.8747
2 24 2.0127 -14.7455 11.8925 0.1377 -11.7546 11.9186
2 24 3.68 -0.0323 12.0209 0.1377 -0.0331 12.0209
2 24 3.68 -27.3502 11.7825 0.9393 -27.0795 12.2854
2 24 30.4429 -4.8102 11.9795 32.1374 -7.1554 11.9587
2 24 48.6551 -4.4561 11.9823 47.1352 -8.0435 11.951
2 24 -20.6114 -13.4736 12.4742 -19.1928 -14.0933 14.6481
2 24 -18.3654 -14.1898 12.1651 -16.9626 -14.327 13.2341
2 24 -15.2827 -14.165 13.6075 -16.9626 -14.327 13.2341
2 24 -17.4086 -14.4187 15.8613 -19.1928 -14.0933 14.6481
2 24 -13.5534 -13.6655 13.1144 -15.2827 -14.165 13.6075
2 24 -12.0238 -13.1722 17.067 -15.0247 -14.3005 16.7023
2 24 -12.0238 -13.1722 17.067 -8.5928 -12.0576 16.8867
2 24 -11.9392 -13.0184 11.9075 -9.2562 -12.2009 11.9147
2 24 1.9824 -16.2607 15.0419 1.8798 -16.2368 11.8795
2 24 1.9824 -16.2607 15.0419 -1.51 -16.9671 14.9647
2 24 1.8798 -16.2368 11.8795 -1.4009 -16.7848 11.8747
2 24 -1.51 -16.9671 14.9647 -1.4009 -16.7848 11.8747
2 24 -1.4009 -16.7848 11.8747 1.8798 -16.2368 11.8795
2 24 -2.4802 -26.7149 11.788 0.9393 -27.0795 12.2854
2 24 1.9824 -16.2607 15.0419 1.8798 -16.2368 11.8795
2 24 1.8798 -16.2368 11.8795 2.0127 -14.7455 11.8925
2 24 2.2089 -14.8019 16.5704 2.0127 -14.7455 11.8925
2 24 2.2089 -14.8019 16.5704 2.0127 -14.7455 11.8925
2 24 2.0127 -14.7455 11.8925 0.1377 -11.7546 11.9186
2 24 0.1377 -11.7546 11.9186 -3.0682 -8.648 11.9457
2 24 -3.2582 -8.4056 16.3405 -3.0682 -8.648 11.9457
2 24 0.1377 -0.0331 12.0209 -4.553 -0.0328 12.0209
2 24 0.1377 -11.7546 11.9186 -3.0682 -8.648 11.9457
2 24 -3.0682 -8.648 11.9457 -3.2582 -8.4056 16.3405
2 24 -3.0682 -8.648 11.9457 -6.4833 -8.0041 11.9513
2 24 -3.2582 -8.4056 16.3405 -6.6016 -7.791 16.2523
2 24 -6.4833 -8.0041 11.9513 -6.6016 -7.791 16.2523
2 24 -3.0682 -8.648 11.9457 -6.4833 -8.0041 11.9513
2 24 -6.4833 -8.0041 11.9513 -6.6016 -7.791 16.2523
2 24 -6.4833 -8.0041 11.9513 -8.4111 -5.6824 11.9715
2 24 -6.6016 -7.791 16.2523 -8.3254 -5.5309 16.6455
2 24 -8.4111 -5.6824 11.9715 -8.3254 -5.5309 16.6455
2 24 -4.553 -0.0328 12.0209 -8.1863 -0.0309 12.0209
2 24 -8.1863 -0.0309 12.0209 -8.4111 -5.6824 11.9715
2 24 -6.4833 -8.0041 11.9513 -8.4111 -5.6824 11.9715
2 24 -9.4113 -3.7031 22.6998 -7.9466 -3.5194 24.0436
2 24 -9.4113 -3.7031 22.6998 -9.4565 -0.0338 22.7215
2 24 -7.9466 -3.5194 24.0436 -7.8267 -0.0338 24.0526
2 24 -9.4565 -0.0338 22.7215 -7.8267 -0.0338 24.0526
2 24 -7.9466 -3.5194 24.0436 -6.6756 -3.1386 26.8147
2 24 -7.9466 -3.5194 24.0436 -7.8267 -0.0338 24.0526
2 24 -6.6756 -3.1386 26.8147 -6.5439 -0.0338 26.8185
2 24 -7.8267 -0.0338 24.0526 -6.5439 -0.0338 26.8185
2 24 -8.3254 -5.5309 16.6455 -9.8236 -3.6945 18.1573
2 24 -8.3254 -5.5309 16.6455 -8.2578 -0.0338 17.0241
2 24 -9.8236 -3.6945 18.1573 -9.7384 -0.0338 18.4168
2 24 -8.2578 -0.0338 17.0241 -9.7384 -0.0338 18.4168
2 24 -6.5439 -0.0338 26.8185 -6.6756 -3.1386 26.8147
2 24 -6.5439 -0.0338 26.8185 -4.2132 -0.0338 27.6644
2 24 -6.6756 -3.1386 26.8147 -4.5102 -4.001 27.6609
2 24 -4.5102 -4.001 27.6609 -1.7489 -4.4671 28.1346
2 24 -4.2132 -0.0338 27.6644 -1.2902 -0.0338 28.0864
2 24 -1.7489 -4.4671 28.1346 0.7757 -4.7896 28.2341
2 24 -1.2902 -0.0338 28.0864 1.1557 -0.0338 28.1153
2 24 0.7757 -4.7896 28.2341 4.5665 -4.2998 27.3319
2 24 4.5665 -4.2998 27.3319 3.9689 -0.0338 27.4974
2 24 1.1557 -0.0338 28.1153 3.9689 -0.0338 27.4974
2 24 4.5665 -4.2998 27.3319 3.9689 -0.0338 27.4974
2 24 8.2467 -1.8666 24.0934 7.853 -0.0338 24.1916
2 24 3.9689 -0.0338 27.4974 7.853 -0.0338 24.1916
2 24 8.2467 -1.8666 24.0934 7.853 -0.0338 24.1916
2 24 7.853 -0.0338 24.1916 7.9494 -0.0338 19.7423
2 24 12.2396 -7.0305 19.726 12.2656 -6.9481 15.8594
2 24 9.9444 -4.932 15.877 12.2656 -6.9481 15.8594
2 24 9.9444 -4.932 15.877 8.4207 -1.8843 15.9036
2 24 8.4207 -1.8843 15.9036 8.039 -0.0338 15.5635
2 24 7.9494 -0.0338 19.7423 8.039 -0.0338 15.5635
2 24 36.6613 -22.3439 20.7299 36.8 -22.5123 11.8247
2 24 36.5108 -24.0369 13.7506 36.9188 -24.0998 11.8109
2 24 36.8 -22.5123 11.8247 36.9188 -24.0998 11.8109
2 24 36.8 -22.5123 11.8247 38.864 -21.2237 11.8359
2 24 33.2273 -11.62 11.9213 34.0971 -10.0657 11.9333
2 24 38.864 -21.2237 11.8359 36.8 -22.5123 11.8247
2 24 38.867 -20.9866 20.4 36.6613 -22.3439 20.7299
2 24 36.8 -22.5123 11.8247 36.6613 -22.3439 20.7299
2 24 31.0657 -12.2642 22.474 27.5181 -12.055 23.0235
2 24 38.864 -21.2237 11.8359 42.3507 -19.4807 11.8512
2 24 42.3507 -19.4807 11.8512 43.9762 -16.4396 11.8777
2 24 43.7111 -16.2584 21.5389 42.282 -19.4703 19.8843
2 24 42.282 -19.4703 19.8843 42.3507 -19.4807 11.8512
2 24 43.9762 -16.4396 11.8777 42.3507 -19.4807 11.8512
2 24 46.6884 -7.8944 23.0125 46.416 -12.3921 22.002
2 24 46.416 -12.3921 22.002 46.4759 -12.5723 11.9115
2 24 47.1352 -8.0435 11.951 46.4759 -12.5723 11.9115
2 24 44.6153 -0.0338 27.7311 45.1776 -4.9669 27.7402
2 24 44.6153 -0.0338 27.7311 47.5946 -0.0338 24.798
2 24 45.1776 -4.9669 27.7402 48.5964 -4.4249 24.7661
2 24 47.5946 -0.0338 24.798 48.5964 -4.4249 24.7661
2 24 46.6884 -7.8944 23.0125 48.5964 -4.4249 24.7661
2 24 48.5964 -4.4249 24.7661 48.6551 -4.4561 11.9823
2 24 47.1352 -8.0435 11.951 48.6551 -4.4561 11.9823
2 24 39.6772 -0.0338 28.2976 44.6153 -0.0338 27.7311
2 24 39.7853 -4.831 28.504 45.1776 -4.9669 27.7402
2 24 44.6153 -0.0338 27.7311 45.1776 -4.9669 27.7402
2 24 33.6194 -0.0338 27.5634 33.5206 -3.962 27.6775
2 24 39.6772 -0.0338 28.2976 33.6194 -0.0338 27.5634
2 24 39.7853 -4.831 28.504 33.5206 -3.962 27.6775
2 24 32.4946 -0.0338 24.5884 32.3372 -3.9474 24.7461
2 24 32.4946 -0.0338 24.5884 33.6194 -0.0338 27.5634
2 24 32.3372 -3.9474 24.7461 33.5206 -3.962 27.6775
2 24 33.6194 -0.0338 27.5634 33.5206 -3.962 27.6775
2 24 29.6945 -3.1762 22.817 29.9179 -0.0338 22.7652
2 24 29.9179 -0.0338 22.7652 32.4946 -0.0338 24.5884
2 24 32.3372 -3.9474 24.7461 32.4946 -0.0338 24.5884
2 24 34.4027 -8.0943 17.0591 34.3983 -8.3344 11.9484
2 24 34.3983 -8.3344 11.9484 32.1374 -7.1554 11.9587
2 24 34.4027 -8.0943 17.0591 32.2125 -7.0109 17.0686
2 24 32.1374 -7.1554 11.9587 30.4429 -4.8102 11.9795
2 24 32.2125 -7.0109 17.0686 30.5307 -4.952 17.2172
2 24 30.4429 -4.8102 11.9795 30.5307 -4.952 17.2172
2 24 30.5307 -4.952 17.2172 30.5501 -4.5025 17.6702
2 24 30.4429 -4.8102 11.9795 30.5307 -4.952 17.2172
2 24 30.6651 -0.0344 17.7115 30.5659 -0.0302 12.0234
2 24 30.5501 -4.5025 17.6702 30.6651 -0.0344 17.7115
2 24 30.4429 -4.8102 11.9795 30.5659 -0.0302 12.0234
2 24 30.5501 -4.5025 17.6702 29.7271 -3.163 17.6943
2 24 30.5501 -4.5025 17.6702 30.6651 -0.0344 17.7115
2 24 29.7271 -3.163 17.6943 29.7049 -0.0338 17.8072
2 24 30.6651 -0.0344 17.7115 29.7049 -0.0338 17.8072
2 24 12.6174 -9.2967 15.8389 13.1658 -10.8352 15.8255
2 24 13.2665 -10.9127 16.3791 13.1658 -10.8352 15.8255
2 24 15.157 -28.2944 21.1755 14.8579 -28.4832 21.4886
2 24 -4.717 -37.2406 10.0212 -7.365 -35.3726 10.0212
2 24 -7.7789 -34.5987 11.6395 -7.365 -35.3726 10.0212
2 24 -10.9842 -34.6635 13.9988 -10.3849 -37.7535 10.0212
2 24 -10.3849 -37.7535 10.0212 -7.365 -35.3726 10.0212
2 24 -7.7789 -34.5987 11.6395 -7.365 -35.3726 10.0212
2 24 -2.4211 -37.7885 12.2104 -1.4204 -38.8738 10.0212
2 24 -4.717 -37.2406 10.0212 -1.4204 -38.8738 10.0212
2 24 -0.1998 -6.8181 23.6388 2.8031 -9.7979 23.0993
2 24 -9.7384 -0.0338 18.4168 -9.4565 -0.0338 22.7215
2 24 -8.2578 -0.0338 17.0241 -8.1863 -0.0309 12.0209
2 24 7.2449 -0.0338 14.4397 8.039 -0.0338 15.5635
2 24 -9.7384 -0.0338 18.4168 -8.2578 -0.0338 17.0241
2 24 -6.25 -0.0338 20.0424 -5.4127 -0.0338 16.9174
2 24 -4.2132 -0.0338 27.6644 -6.5439 -0.0338 26.8185
2 24 -3.125 -0.0338 25.455 0 -0.0338 26.2924
2 24 -4.2132 -0.0338 27.6644 -1.2902 -0.0338 28.0864
2 24 -1.2902 -0.0338 28.0864 1.1557 -0.0338 28.1153
2 24 6.25 -0.0338 20.0424 5.4127 -0.0338 23.1674
2 24 7.9494 -0.0338 19.7423 7.853 -0.0338 24.1916
2 24 8.039 -0.0338 15.5635 7.9494 -0.0338 19.7423
2 24 5.4127 -0.0338 16.9174 6.25 -0.0338 20.0424
2 24 -8.1863 -0.0309 12.0209 -4.553 -0.0328 12.0209
2 24 -5.4127 -0.0338 16.9174 -3.125 -0.0338 14.6297
2 24 -4.553 -0.0328 12.0209 0.1377 -0.0331 12.0209
2 24 -3.125 -0.0338 14.6297 0 -0.0338 13.7924
2 24 7.2449 -0.0338 14.4397 5.6179 -0.0338 12.9548
2 24 5.6179 -0.0338 12.9548 3.68 -0.0323 12.0209
2 24 5.4127 -0.0338 16.9174 3.125 -0.0338 14.6297
2 24 0.1377 -0.0331 12.0209 3.68 -0.0323 12.0209
2 24 0 -0.0338 13.7924 3.125 -0.0338 14.6297
2 24 7.853 -0.0338 24.1916 3.9689 -0.0338 27.4974
2 24 33.6194 -0.0338 27.5634 39.6772 -0.0338 28.2976
2 24 36.875 -0.0338 25.455 40 -0.0338 26.2924
2 24 40 -5.25 26.2924 36.875 -5.25 25.455
2 24 40 -0.0338 26.2924 36.875 -0.0338 25.455
2 24 29.7049 -0.0338 17.8072 29.9179 -0.0338 22.7652
2 24 29.7049 -0.0338 17.8072 30.6651 -0.0344 17.7115
2 24 29.9179 -0.0338 22.7652 32.4946 -0.0338 24.5884
2 24 33.75 -5.25 20.0424 34.5873 -5.25 16.9174
2 24 33.75 -0.0338 20.0424 34.5873 -0.0338 16.9174
2 24 30.6651 -0.0344 17.7115 30.5659 -0.0302 12.0234
2 24 34.5873 -0.0338 16.9174 33.75 -0.0338 20.0424
2 24 40 -0.0338 13.7924 43.125 -0.0338 14.6297
2 24 43.125 -0.0338 14.6297 45.4127 -0.0338 16.9174
2 24 45.4127 -0.0338 16.9174 46.25 -0.0338 20.0424
2 24 47.6989 -0.0347 12.0209 47.5946 -0.0338 24.798
2 24 46.25 -0.0338 20.0424 45.4127 -0.0338 23.1674
2 24 45.4127 -5.25 23.1674 43.125 -5.25 25.455
2 24 45.4127 -0.0338 23.1674 43.125 -0.0338 25.455
2 24 47.5946 -0.0338 24.798 44.6153 -0.0338 27.7311
2 24 45.4127 -0.0338 23.1674 43.125 -0.0338 25.455
2 24 40 -0.0338 26.2924 43.125 -0.0338 25.455
2 24 39.6772 -0.0338 28.2976 44.6153 -0.0338 27.7311
2 24 5.4127 -0.0338 23.1674 3.125 -0.0338 25.455
2 24 17.4975 -47.0414 34.6007 14.1943 -46.6562 33.9337
2 24 16.1869 -48.0059 36.1065 14.1943 -46.6562 33.9337
2 24 15.3348 -41.3109 24.8073 16.4298 -38.9306 21.1918
2 24 15.0765 -35.3958 16.8023 17.3437 -36.7103 18.3164
2 24 16.4298 -38.9306 21.1918 17.3437 -36.7103 18.3164
2 24 11.3604 -36.0589 15.2238 14.6936 -37.5896 16.184
2 24 10.3449 -36.796 12.6775 11.1176 -38.2802 10.0212
2 24 12.5912 -39.1371 10.0212 11.1176 -38.2802 10.0212
2 24 9.4778 -40.3987 10.0212 11.1176 -38.2802 10.0212
2 24 8.9397 -39.2739 12.5824 9.4778 -40.3987 10.0212
2 24 10.3449 -36.796 12.6775 11.1176 -38.2802 10.0212
2 24 8.9397 -39.2739 12.5824 9.4778 -40.3987 10.0212
2 24 9.4778 -40.3987 10.0212 4.2673 -37.8123 10.0212
2 24 -10.9842 -34.6635 13.9988 -10.3849 -37.7535 10.0212
2 24 -10.3849 -37.7535 10.0212 -13.1739 -34.7057 10.0212
2 24 -13.1739 -34.7057 10.0212 -15.9019 -31.4526 10.0212
2 24 -16.21 -29.552 12.6014 -15.9019 -31.4526 10.0212
2 24 -0.2758 -33.6831 11.8082 0.1658 -34.8506 10.0212
2 24 4.2673 -37.8123 10.0212 0.1658 -34.8506 10.0212
2 24 -0.2758 -33.6831 11.8082 0.1658 -34.8506 10.0212
2 24 -2.4211 -37.7885 12.2104 -1.4204 -38.8738 10.0212
2 24 0.1658 -34.8506 10.0212 -1.4204 -38.8738 10.0212
2 24 44.1483 -7.3346 16.0302 44.971 -5.25 16.9953
2 24 44.1544 -7.3346 21.6376 44.971 -5.25 21.0174
2 24 44.971 -5.25 16.9953 44.971 -5.25 21.0174
2 24 44.0192 -5.25 21.9049 44.971 -5.25 21.0174
2 24 44.1544 -7.3346 21.6376 44.971 -5.25 21.0174
2 24 38.3094 -17.0916 18.413 37.9888 -5.25 18.5238
2 24 38.3094 -17.0916 18.413 39.7618 -16.7628 18.7718
2 24 37.9888 -5.25 18.5238 39.0394 -5.25 18.7936
2 24 39.7618 -16.7628 18.7718 39.7041 -16.8244 17.0893
2 24 39.7618 -16.7628 18.7718 38.3094 -17.0916 18.413
2 24 38.3094 -17.0916 18.413 37.645 -17.1164 17.5996
2 24 39.7618 -16.7628 18.7718 40.4687 -15.3397 19.381
2 24 39.7618 -16.7628 18.7718 39.7041 -16.8244 17.0893
2 24 39.9489 -5.25 14.8692 38.8144 -5.25 15.4803
2 24 40.3535 -15.8302 15.143 39.6464 -16.886 15.4067
2 24 37.9888 -5.25 18.5238 39.0394 -5.25 18.7936
2 24 34.5873 -5.25 23.1674 36.875 -5.25 25.455
2 24 40.7767 -5.25 21.2343 41.952 -5.25 22.8632
2 24 40 -5.25 26.2924 43.125 -5.25 25.455
2 24 33.75 -5.25 20.0424 34.5873 -5.25 16.9174
2 24 37.3506 -5.25 17.641 37.9301 -5.25 16.2366
2 24 46.25 -5.25 20.0424 45.4127 -5.25 23.1674
2 24 44.971 -5.25 21.0174 44.0192 -5.25 21.9049
2 24 44.971 -5.25 16.9953 43.9976 -5.25 15.8388
2 24 44.971 -5.25 16.9953 44.1483 -7.3346 16.0302
2 24 44.1544 -7.3346 21.6376 43.2535 -11.7026 22.4081
2 24 44.0192 -5.25 21.9049 42.7886 -5.25 22.6755
2 24 43.9976 -5.25 15.8388 42.8724 -5.25 15.0742
2 24 44.1483 -7.3346 16.0302 43.2893 -11.6307 15.3168
2 24 44.1544 -7.3346 21.6376 43.2535 -11.7026 22.4081
2 24 43.2535 -11.7026 22.4081 43.2893 -11.6307 15.3168
2 24 44.1483 -7.3346 16.0302 43.2893 -11.6307 15.3168
2 24 42.2706 -13.0405 22.7249 41.952 -5.25 22.8632
2 24 43.2535 -11.7026 22.4081 42.2706 -13.0405 22.7249
2 24 42.7886 -5.25 22.6755 41.952 -5.25 22.8632
2 24 41.3119 -14.1545 21.0459 42.2706 -13.0405 22.7249
2 24 40.7767 -5.25 21.2343 41.952 -5.25 22.8632
2 24 42.2706 -13.0405 22.7249 41.952 -5.25 22.8632
2 24 42.8724 -5.25 15.0742 41.5868 -5.25 14.7641
2 24 43.2893 -11.6307 15.3168 41.7593 -13.5127 14.9336
2 24 41.7593 -13.5127 14.9336 43.2893 -11.6307 15.3168
2 24 42.2706 -13.0405 22.7249 43.2535 -11.7026 22.4081
2 24 43.2893 -11.6307 15.3168 43.2535 -11.7026 22.4081
2 24 42.2706 -13.0405 22.7249 41.3119 -14.1545 21.0459
2 24 41.3119 -14.1545 21.0459 40.4687 -15.3397 19.381
2 24 40.7767 -5.25 21.2343 40.2315 -5.25 19.6138
2 24 40.3535 -15.8302 15.143 41.7593 -13.5127 14.9336
2 24 40.4687 -15.3397 19.381 41.3119 -14.1545 21.0459
2 24 39.9489 -5.25 14.8692 41.5868 -5.25 14.7641
2 24 40.3535 -15.8302 15.143 41.7593 -13.5127 14.9336
2 24 39.7618 -16.7628 18.7718 40.4687 -15.3397 19.381
2 24 39.0394 -5.25 18.7936 40.2315 -5.25 19.6138
2 24 37.645 -17.1164 17.5996 37.3506 -5.25 17.641
2 24 37.645 -17.1164 17.5996 38.3094 -17.0916 18.413
2 24 37.3506 -5.25 17.641 37.9888 -5.25 18.5238
2 24 38.3094 -17.0916 18.413 37.9888 -5.25 18.5238
2 24 37.3506 -5.25 17.641 37.9301 -5.25 16.2366
2 24 37.645 -17.1164 17.5996 38.1933 -17.0975 16.4731
2 24 38.8144 -5.25 15.4803 37.9301 -5.25 16.2366
2 24 39.6464 -16.886 15.4067 38.1933 -17.0975 16.4731
2 24 39.9489 -5.25 14.8692 38.8144 -5.25 15.4803
2 24 40 -5.25 13.7924 36.875 -5.25 14.6297
2 24 39.9489 -5.25 14.8692 41.5868 -5.25 14.7641
2 24 40 -5.25 13.7924 43.125 -5.25 14.6297
2 24 41.5868 -5.25 14.7641 42.8724 -5.25 15.0742
2 24 42.8724 -5.25 15.0742 43.9976 -5.25 15.8388
2 24 43.125 -5.25 25.455 45.4127 -5.25 23.1674
2 24 44.0192 -5.25 21.9049 42.7886 -5.25 22.6755
2 24 41.952 -5.25 22.8632 42.7886 -5.25 22.6755
2 24 40.7767 -5.25 21.2343 40.2315 -5.25 19.6138
2 24 36.875 -5.25 25.455 40 -5.25 26.2924
2 24 39.0394 -5.25 18.7936 40.2315 -5.25 19.6138
2 24 44.971 -5.25 21.0174 44.971 -5.25 16.9953
2 24 46.25 -5.25 20.0424 45.4127 -5.25 16.9174
2 24 45.4127 -0.0338 16.9174 46.25 -0.0338 20.0424
2 24 45.4127 -5.25 16.9174 46.25 -5.25 20.0424
2 24 45.4127 -0.0338 16.9174 43.125 -0.0338 14.6297
2 24 45.4127 -5.25 16.9174 43.125 -5.25 14.6297
2 24 43.125 -0.0338 14.6297 40 -0.0338 13.7924
2 24 43.125 -5.25 14.6297 40 -5.25 13.7924
2 24 40 -0.0338 13.7924 36.875 -0.0338 14.6297
2 24 40 -0.0338 13.7924 36.875 -0.0338 14.6297
2 24 40 -5.25 13.7924 36.875 -5.25 14.6297
2 24 34.5873 -0.0338 16.9174 36.875 -0.0338 14.6297
2 24 34.5873 -0.0338 16.9174 36.875 -0.0338 14.6297
2 24 34.5873 -5.25 16.9174 36.875 -5.25 14.6297
2 24 34.5873 -5.25 16.9174 36.875 -5.25 14.6297
2 24 37.9301 -5.25 16.2366 38.8144 -5.25 15.4803
2 24 33.75 -0.0338 20.0424 34.5873 -0.0338 23.1674
2 24 33.75 -5.25 20.0424 34.5873 -5.25 23.1674
2 24 34.5873 -5.25 23.1674 33.75 -5.25 20.0424
2 24 37.9888 -5.25 18.5238 37.3506 -5.25 17.641
2 24 33.6194 -0.0338 27.5634 32.4946 -0.0338 24.5884
2 24 36.875 -0.0338 25.455 34.5873 -0.0338 23.1674
2 24 36.875 -0.0338 25.455 34.5873 -0.0338 23.1674
2 24 36.875 -5.25 25.455 34.5873 -5.25 23.1674
2 24 40 -0.0338 26.2924 43.125 -0.0338 25.455
2 24 40 -5.25 26.2924 43.125 -5.25 25.455
2 24 45.4127 -0.0338 23.1674 46.25 -0.0338 20.0424
2 24 45.4127 -5.25 23.1674 46.25 -5.25 20.0424
2 24 43.125 -5.25 14.6297 45.4127 -5.25 16.9174
2 24 43.9976 -5.25 15.8388 44.971 -5.25 16.9953
2 24 0 -0.0338 26.2924 3.125 -0.0338 25.455
2 24 1.1557 -0.0338 28.1153 3.9689 -0.0338 27.4974
2 24 0 -5.25 26.2924 3.125 -5.25 25.455
2 24 3.125 -5.25 25.455 4.4194 -5.2138 24.4618
2 24 0.566 -5.398 24.3085 4.4194 -5.2138 24.4618
2 24 2.8031 -9.7979 23.0993 -0.1998 -6.8181 23.6388
2 24 4.4194 -5.2138 24.4618 0.566 -5.398 24.3085
2 24 -2.9453 -5.25 19.4401 -2.9453 -5.25 15.0012
2 24 -2.9453 -5.25 15.0012 -0.1998 -6.8181 15.0012
2 24 -2.9453 -5.25 15.0012 -0.1998 -6.8181 15.0012
2 24 0.2238 -5.4079 15.0012 -2.9453 -5.25 15.0012
2 24 4.5369 -12.5658 18.298 5.4127 -12.5352 16.9174
2 24 3.7161 -10.8563 15.0833 5.4127 -12.5352 16.9174
2 24 -5.4127 -0.0338 23.1674 -6.25 -0.0338 20.0424
2 24 -5.4127 -5.25 23.1674 -6.25 -5.25 20.0424
2 24 -6.25 -0.0338 20.0424 -5.4127 -0.0338 16.9174
2 24 -6.25 -5.25 20.0424 -5.4127 -5.25 16.9174
2 24 -5.4127 -5.25 16.9174 -3.125 -5.25 14.6297
2 24 -5.4127 -0.0338 16.9174 -3.125 -0.0338 14.6297
2 24 -3.125 -0.0338 14.6297 0 -0.0338 13.7924
2 24 -3.125 -5.25 14.6297 0 -5.25 13.7924
2 24 -5.4127 -5.25 23.1674 -3.125 -5.25 25.455
2 24 -5.4127 -0.0338 23.1674 -3.125 -0.0338 25.455
2 24 -3.125 -5.25 25.455 -5.4127 -5.25 23.1674
2 24 -3.125 -5.25 25.455 0 -5.25 26.2924
2 24 -3.125 -0.0338 25.455 0 -0.0338 26.2924
2 24 0.566 -5.398 24.3085 -2.9453 -5.25 24.1509
2 24 0 -5.25 26.2924 -3.125 -5.25 25.455
2 24 -5.4127 -5.25 23.1674 -6.25 -5.25 20.0424
2 24 -2.9453 -5.25 24.1509 -2.9453 -5.25 19.4401
2 24 -0.1998 -6.8181 23.6388 -2.9453 -5.25 24.1509
2 24 0.566 -5.398 24.3085 -2.9453 -5.25 24.1509
2 24 5.4127 -0.0338 23.1674 3.125 -0.0338 25.455
2 24 4.4194 -5.2138 24.4618 3.125 -5.25 25.455
2 24 0 -5.25 26.2924 3.125 -5.25 25.455
2 24 0 -0.0338 26.2924 3.125 -0.0338 25.455
2 24 -0.1998 -6.8181 23.6388 -2.9453 -5.25 24.1509
2 24 -2.9453 -5.25 19.4401 -2.9453 -5.25 24.1509
2 24 -6.25 -5.25 20.0424 -5.4127 -5.25 16.9174
2 24 3.7161 -10.8563 15.0833 3.7952 -5.3482 15.144
2 24 -0.1998 -6.8181 15.0012 3.7161 -10.8563 15.0833
2 24 0.2238 -5.4079 15.0012 3.7952 -5.3482 15.144
2 24 5.4127 -12.5352 16.9174 6.25 -12.4771 20.0424
2 24 5.4127 -0.0338 16.9174 6.25 -0.0338 20.0424
2 24 5.4127 -0.0338 23.1674 6.25 -0.0338 20.0424
2 24 4.4194 -5.2138 24.4618 5.4127 -8.2755 23.1674
2 24 -0.1998 -6.8181 15.0012 3.7161 -10.8563 15.0833
2 24 5.4127 -8.2755 23.1674 5.3911 -12.4487 22.4321
2 24 5.3911 -12.4487 22.4321 4.9446 -12.6282 22.3823
2 24 2.8031 -9.7979 23.0993 4.9446 -12.6282 22.3823
2 24 2.8031 -9.7979 23.0993 4.9446 -12.6282 22.3823
2 24 4.5761 -12.6054 21.0591 4.9446 -12.6282 22.3823
2 24 3.7952 -5.3482 15.144 3.7161 -10.8563 15.0833
2 24 5.4127 -12.5352 16.9174 3.7161 -10.8563 15.0833
2 24 4.9446 -12.6282 22.3823 5.3911 -12.4487 22.4321
2 24 4.9446 -12.6282 22.3823 4.5761 -12.6054 21.0591
2 24 5.3911 -12.4487 22.4321 6.25 -12.4771 20.0424
2 24 4.5761 -12.6054 21.0591 4.586 -12.6154 19.4436
2 24 5.4127 -12.5352 16.9174 4.5369 -12.5658 18.298
2 24 6.25 -12.4771 20.0424 5.4127 -12.5352 16.9174
2 24 4.5369 -12.5658 18.298 4.586 -12.6154 19.4436
2 24 4.5369 -12.5658 18.298 4.586 -12.6154 19.4436
2 24 0 -5.25 13.7924 3.1176 -5.25 14.624
2 24 0 -0.0338 13.7924 3.125 -0.0338 14.6297
2 24 5.4127 -0.0338 16.9174 3.125 -0.0338 14.6297
2 24 3.7952 -5.3482 15.144 3.1176 -5.25 14.624
2 24 4.4194 -5.2138 24.4618 5.4127 -8.2755 23.1674
2 24 -5.4127 -5.25 16.9174 -3.125 -5.25 14.6297
2 24 -2.9453 -5.25 19.4401 -2.9453 -5.25 15.0012
2 24 -2.9453 -5.25 15.0012 0.2238 -5.4079 15.0012
2 24 -3.125 -5.25 14.6297 0 -5.25 13.7924
2 24 -6.859 -16.7381 20.4901 -6.3122 -18.0595 20.6613
2 24 -9.3162 -19.7648 20.1575 -6.34 -19.1208 20.8527
2 24 -6.3122 -18.0595 20.6613 -6.34 -19.1208 20.8527
2 24 3.2873 -25.877 20.1561 1.4678 -23.5052 19.6851
2 24 0.2877 -28.3257 17.2293 -0.2369 -24.5874 18.3836
2 24 11.2516 -29.8103 21.3604 4.1413 -26.3491 22.1186
2 24 11.9274 -28.0085 23.9413 5.7208 -25.2607 24.928
2 24 0 -5.25 13.7924 3.1176 -5.25 14.624
2 24 0.2238 -5.4079 15.0012 3.7952 -5.3482 15.144
2 24 3.1176 -5.25 14.624 3.7952 -5.3482 15.144
2 24 -3.125 -0.0338 25.455 -5.4127 -0.0338 23.1674
2 24 -6.5439 -0.0338 26.8185 -7.8267 -0.0338 24.0526
2 24 -9.4565 -0.0338 22.7215 -7.8267 -0.0338 24.0526
2 24 -6.25 -0.0338 20.0424 -5.4127 -0.0338 23.1674
2 24 6.25 -12.4771 20.0424 5.3911 -12.4487 22.4321
2 24 5.4127 -8.2755 23.1674 5.3911 -12.4487 22.4321
2 24 4.5761 -12.6054 21.0591 4.586 -12.6154 19.4436
2 24 9.9444 -4.932 15.877 12.2656 -6.9481 15.8594
2 24 12.6174 -9.2967 15.8389 12.2656 -6.9481 15.8594
2 24 9.9444 -4.932 15.877 8.4207 -1.8843 15.9036
2 24 8.9339 -24.0717 15.71 8.4207 -1.8843 15.9036
2 24 2.0127 -14.7455 11.8925 1.8798 -16.2368 11.8795
2 24 17.8566 -34.1945 15.6216 18.7279 -35.7469 15.6081
2 24 18.7279 -35.7469 15.6081 21.3589 -36.5374 15.6012
2 24 22.8968 -34.6489 15.6176 21.3589 -36.5374 15.6012
2 24 16.3161 -10.6229 16.5276 19.658 -11.2063 16.4924
2 24 16.9077 -24.4866 21.982 15.2999 -27.7819 21.2994
2 24 15.2999 -27.7819 21.2994 15.157 -28.2944 21.1755
2 24 17.947 -28.3797 21.3792 15.157 -28.2944 21.1755
2 24 31.3107 -12.1443 11.9164 33.2273 -11.62 11.9213
2 24 36.9188 -24.0998 11.8109 36.8 -22.5123 11.8247
2 24 33.75 -0.0338 20.0424 34.5873 -0.0338 23.1674
2 24 39.6464 -16.886 15.4067 38.1933 -17.0975 16.4731
2 24 39.7041 -16.8244 17.0893 39.6464 -16.886 15.4067
2 24 37.645 -17.1164 17.5996 38.1933 -17.0975 16.4731
2 24 39.7041 -16.8244 17.0893 39.6464 -16.886 15.4067
2 24 40.3535 -15.8302 15.143 39.6464 -16.886 15.4067
2 24 30.5659 -0.0302 12.0234 47.6989 -0.0347 12.0209
2 24 47.1352 -8.0435 11.951 46.4759 -12.5723 11.9115
2 24 32.1374 -7.1554 11.9587 34.3983 -8.3344 11.9484
2 24 34.0971 -10.0657 11.9333 34.3983 -8.3344 11.9484
2 24 43.9762 -16.4396 11.8777 46.4759 -12.5723 11.9115
2 24 34.5009 -8.123 17.6173 34.5253 -8.0006 23.0811
2 24 34.4045 -9.8562 22.6035 34.5253 -8.0006 23.0811
2 24 23.6284 -12.8364 23.528 27.5181 -12.055 23.0235
2 24 25.0763 -35.5321 21.5568 26.1466 -36.8834 24.1763
2 24 31.3107 -12.1443 11.9164 28.6498 -11.8653 11.9176
2 24 27.9978 -11.8627 14.5705 28.6498 -11.8653 11.9176
2 24 23.7314 -35.3004 18.6853 22.5662 -36.2663 19.6392
2 24 22.0054 -37.8527 19.3674 22.5662 -36.2663 19.6392
2 24 12.5833 -38.1137 33.2083 11.2411 -40.1072 35.9186
2 24 -14.9919 -22.4907 13.6721 -13.4229 -23.191 13.0772
2 24 -18.3654 -22.5433 12.1651 -16.9625 -22.3203 13.2341
2 24 -18.3654 -22.5433 12.1651 -16.2283 -23.0536 11.6799
2 24 -19.0354 -22.4788 10.0212 -18.3654 -22.5433 12.1651
2 24 -18.3654 -22.5433 12.1651 -16.2283 -23.0536 11.6799
2 24 24.0498 -36.9952 17.3439 24.4749 -38.516 15.6745
2 24 33.0039 -44.379 9.0379 27.094 -42.4684 10.0212
2 24 27.094 -42.4684 10.0212 26.633 -41.447 11.9822
2 24 26.633 -41.447 11.9822 25.7297 -39.7061 14.1419
2 24 24.4749 -38.516 15.6745 25.7297 -39.7061 14.1419
2 24 30.5618 -37.1014 19.4928 23.7314 -35.3004 18.6853
2 24 24.0498 -36.9952 17.3439 23.7314 -35.3004 18.6853
2 24 38.9324 -40.4114 16.2445 38.1465 -38.5672 18.7802
2 24 30.5618 -37.1014 19.4928 38.1465 -38.5672 18.7802
2 24 38.9324 -40.4114 16.2445 39.1653 -41.6653 13.8602
2 24 31.4194 -40.9611 14.7177 39.1653 -41.6653 13.8602
2 24 40.5022 -44.0321 11.0007 39.1653 -41.6653 13.8602
2 24 31.4194 -40.9611 14.7177 39.1653 -41.6653 13.8602
2 24 40.5022 -44.0321 11.0007 41.146 -45.4256 8.2125
2 24 33.0039 -44.379 9.0379 41.146 -45.4256 8.2125
2 24 37.9715 -38.3773 20.3734 34.3132 -37.8792 20.4701
2 24 37.9715 -38.3773 20.3734 38.1465 -38.5672 18.7802
2 24 38.1465 -38.5672 18.7802 30.5618 -37.1014 19.4928
2 24 34.3132 -37.8792 20.4701 30.7132 -37.0801 20.2276
2 24 30.5618 -37.1014 19.4928 23.7314 -35.3004 18.6853
2 24 23.7314 -35.3004 18.6853 24.3777 -35.2884 19.3867
2 24 30.7132 -37.0801 20.2276 24.3777 -35.2884 19.3867
2 24 38.1559 -36.3224 20.948 37.9715 -38.3773 20.3734
2 24 38.1559 -36.3224 20.948 38.8202 -35.7142 19.2839
2 24 37.9715 -38.3773 20.3734 38.1465 -38.5672 18.7802
2 24 34.1281 -35.2165 21.3542 38.1559 -36.3224 20.948
2 24 34.3132 -37.8792 20.4701 37.9715 -38.3773 20.3734
2 24 38.1559 -36.3224 20.948 37.9715 -38.3773 20.3734
2 24 34.1281 -35.2165 21.3542 28.9202 -33.988 20.9466
2 24 34.3132 -37.8792 20.4701 30.7132 -37.0801 20.2276
2 24 30.7132 -37.0801 20.2276 24.3777 -35.2884 19.3867
2 24 24.3777 -35.2884 19.3867 25.1676 -34.594 19.8381
2 24 25.1676 -34.594 19.8381 24.5501 -33.3962 20.0106
2 24 24.607 -32.8603 20.0603 24.5501 -33.3962 20.0106
2 24 34.1281 -35.2165 21.3542 28.9202 -33.988 20.9466
2 24 28.7422 -33.4198 20.0764 29.9455 -32.9743 19.3158
2 24 29.9455 -32.9743 19.3158 33.7686 -33.4878 18.8271
2 24 38.8202 -35.7142 19.2839 38.1559 -36.3224 20.948
2 24 34.1281 -35.2165 21.3542 38.1559 -36.3224 20.948
2 24 38.8202 -35.7142 19.2839 39.0572 -34.5711 17.1177
2 24 33.7686 -33.4878 18.8271 39.0572 -34.5711 17.1177
2 24 41.5088 -42.0097 10.908 42.1558 -42.8564 8.5862
2 24 40.5022 -44.0321 11.0007 41.146 -45.4256 8.2125
2 24 42.1558 -42.8564 8.5862 41.146 -45.4256 8.2125
2 24 46.9252 -44.1862 9.8372 42.1558 -42.8564 8.5862
2 24 42.1558 -42.8564 8.5862 41.5088 -42.0097 10.908
2 24 52.8197 -45.1494 10.9671 51.0501 -43.7361 12.8254
2 24 46.9252 -44.1862 9.8372 52.8197 -45.1494 10.9671
2 24 51.0501 -43.7361 12.8254 52.8197 -45.1494 10.9671
2 24 52.8197 -45.1494 10.9671 53.286 -44.2017 11.0913
2 24 52.4788 -43.1504 12.8006 53.286 -44.2017 11.0913
2 24 51.0501 -43.7361 12.8254 49.5172 -42.0513 14.9902
2 24 49.5172 -42.0513 14.9902 44.2113 -41.1985 13.9198
2 24 49.3751 -39.7546 16.0584 49.5172 -42.0513 14.9902
2 24 49.3751 -39.7546 16.0584 50.988 -41.9837 14.4559
2 24 51.0501 -43.7361 12.8254 49.5172 -42.0513 14.9902
2 24 52.4788 -43.1504 12.8006 50.988 -41.9837 14.4559
2 24 49.3751 -39.7546 16.0584 50.988 -41.9837 14.4559
2 24 49.3751 -39.7546 16.0584 53.6641 -40.9524 16.6321
2 24 50.988 -41.9837 14.4559 52.4788 -43.1504 12.8006
2 24 52.4788 -43.1504 12.8006 55.5048 -43.395 13.2916
2 24 53.6641 -40.9524 16.6321 57.482 -42.3096 16.6789
2 24 55.5048 -43.395 13.2916 58.455 -43.7453 13.5018
2 24 58.455 -43.7453 13.5018 61.0118 -43.9772 13.9141
2 24 59.7793 -43.2044 15.5299 61.0118 -43.9772 13.9141
2 24 57.482 -42.3096 16.6789 59.7793 -43.2044 15.5299
2 24 55.5048 -43.395 13.2916 58.455 -43.7453 13.5018
2 24 55.9713 -45.1012 10.8576 58.9356 -45.9358 10.4834
2 24 58.455 -43.7453 13.5018 61.0118 -43.9772 13.9141
2 24 58.9356 -45.9358 10.4834 61.1019 -46.2575 10.0473
2 24 61.0118 -43.9772 13.9141 62.104 -44.9717 12.3251
2 24 55.9713 -45.1012 10.8576 53.286 -44.2017 11.0913
2 24 55.5048 -43.395 13.2916 52.4788 -43.1504 12.8006
2 24 53.286 -44.2017 11.0913 52.4788 -43.1504 12.8006
2 24 62.8813 -46.2031 9.819 62.8744 -45.8872 11.0213
2 24 61.1019 -46.2575 10.0473 62.8813 -46.2031 9.819
2 24 62.104 -44.9717 12.3251 62.8744 -45.8872 11.0213
2 24 49.0244 -39.4094 16.662 49.3751 -39.7546 16.0584
2 24 49.0244 -39.4094 16.662 53.206 -41.0136 17.709
2 24 49.3751 -39.7546 16.0584 53.6641 -40.9524 16.6321
2 24 53.206 -41.0136 17.709 56.5556 -42.1249 18.1656
2 24 53.6641 -40.9524 16.6321 57.482 -42.3096 16.6789
2 24 56.5556 -42.1249 18.1656 57.482 -42.3096 16.6789
2 24 49.3751 -39.7546 16.0584 49.0244 -39.4094 16.662
2 24 49.5172 -42.0513 14.9902 49.0789 -41.348 16.4095
2 24 49.0789 -41.348 16.4095 47.8635 -40.2776 17.4264
2 24 49.0244 -39.4094 16.662 48.7431 -37.8344 16.9295
2 24 43.0452 -38.7698 16.8978 47.8635 -40.2776 17.4264
2 24 47.8635 -40.2776 17.4264 49.0789 -41.348 16.4095
2 24 44.2113 -41.1985 13.9198 49.5172 -42.0513 14.9902
2 24 49.0789 -41.348 16.4095 49.5172 -42.0513 14.9902
2 24 39.8127 -39.3728 14.2196 40.6011 -40.4616 12.6841
2 24 39.8127 -39.3728 14.2196 39.3136 -37.8691 16.2106
2 24 43.0452 -38.7698 16.8978 39.3136 -37.8691 16.2106
2 24 39.8127 -39.3728 14.2196 40.6011 -40.4616 12.6841
2 24 40.5022 -44.0321 11.0007 39.1653 -41.6653 13.8602
2 24 39.1653 -41.6653 13.8602 38.9324 -40.4114 16.2445
2 24 39.8127 -39.3728 14.2196 39.3136 -37.8691 16.2106
2 24 39.3136 -37.8691 16.2106 39.09 -37.5424 17.0912
2 24 38.1465 -38.5672 18.7802 38.9324 -40.4114 16.2445
2 24 39.09 -37.5424 17.0912 39.1836 -35.6952 17.6828
2 24 39.09 -37.5424 17.0912 39.3136 -37.8691 16.2106
2 24 39.09 -37.5424 17.0912 42.8453 -38.7847 18.0755
2 24 39.3136 -37.8691 16.2106 43.0452 -38.7698 16.8978
2 24 42.8453 -38.7847 18.0755 45.4213 -39.6821 18.9084
2 24 43.0452 -38.7698 16.8978 47.8635 -40.2776 17.4264
2 24 45.4213 -39.6821 18.9084 46.6741 -39.7759 19.2329
2 24 47.8635 -40.2776 17.4264 46.6741 -39.7759 19.2329
2 24 47.8635 -40.2776 17.4264 46.6741 -39.7759 19.2329
2 24 46.6741 -39.7759 19.2329 47.1586 -37.6462 19.7224
2 24 45.4213 -39.6821 18.9084 46.6741 -39.7759 19.2329
2 24 46.6741 -39.7759 19.2329 47.1586 -37.6462 19.7224
2 24 45.5882 -37.3232 19.7013 47.1586 -37.6462 19.7224
2 24 45.5882 -37.3232 19.7013 42.6716 -36.6612 18.6551
2 24 45.4213 -39.6821 18.9084 42.8453 -38.7847 18.0755
2 24 42.8453 -38.7847 18.0755 39.09 -37.5424 17.0912
2 24 42.6716 -36.6612 18.6551 39.1836 -35.6952 17.6828
2 24 39.09 -37.5424 17.0912 39.1836 -35.6952 17.6828
2 24 48.5885 -36.3913 16.6283 46.5059 -35.6188 16.4949
2 24 48.5885 -36.3913 16.6283 47.1586 -37.6462 19.7224
2 24 47.1586 -37.6462 19.7224 45.5882 -37.3232 19.7013
2 24 46.5059 -35.6188 16.4949 43.9935 -35.1314 16.3753
2 24 45.5882 -37.3232 19.7013 42.6716 -36.6612 18.6551
2 24 43.9935 -35.1314 16.3753 41.0096 -34.7529 16.5484
2 24 48.7431 -37.8344 16.9295 49.0244 -39.4094 16.662
2 24 48.7431 -37.8344 16.9295 53.186 -39.2332 18.3041
2 24 49.0244 -39.4094 16.662 53.206 -41.0136 17.709
2 24 53.186 -39.2332 18.3041 57.568 -40.7963 18.4526
2 24 53.206 -41.0136 17.709 56.5556 -42.1249 18.1656
2 24 57.568 -40.7963 18.4526 56.5556 -42.1249 18.1656
2 24 58.2947 -40.4263 17.5461 57.568 -40.7963 18.4526
2 24 57.568 -40.7963 18.4526 56.5556 -42.1249 18.1656
2 24 57.482 -42.3096 16.6789 56.5556 -42.1249 18.1656
2 24 57.482 -42.3096 16.6789 58.9731 -39.9061 15.0931
2 24 58.2947 -40.4263 17.5461 58.6089 -39.9299 16.4054
2 24 59.43 -39.2459 14.1674 59.0605 -39.0584 14.4435
2 24 58.9731 -39.9061 15.0931 59.43 -39.2459 14.1674
2 24 58.6089 -39.9299 16.4054 59.0605 -39.0584 14.4435
2 24 49.2478 -37.2997 16.3866 48.7431 -37.8344 16.9295
2 24 49.2478 -37.2997 16.3866 52.1688 -37.727 16.4836
2 24 48.7431 -37.8344 16.9295 53.186 -39.2332 18.3041
2 24 53.186 -39.2332 18.3041 57.568 -40.7963 18.4526
2 24 52.1688 -37.727 16.4836 56.3082 -38.495 15.7943
2 24 56.3082 -38.495 15.7943 59.0605 -39.0584 14.4435
2 24 59.0605 -39.0584 14.4435 58.6089 -39.9299 16.4054
2 24 57.568 -40.7963 18.4526 58.2947 -40.4263 17.5461
2 24 58.6089 -39.9299 16.4054 58.2947 -40.4263 17.5461
2 24 57.482 -42.3096 16.6789 59.7793 -43.2044 15.5299
2 24 57.482 -42.3096 16.6789 58.9731 -39.9061 15.0931
2 24 58.9731 -39.9061 15.0931 60.6273 -40.8128 14.2313
2 24 60.3764 -39.9657 13.5794 59.43 -39.2459 14.1674
2 24 59.43 -39.2459 14.1674 58.9731 -39.9061 15.0931
2 24 60.6273 -40.8128 14.2313 58.9731 -39.9061 15.0931
2 24 59.7793 -43.2044 15.5299 61.0118 -43.9772 13.9141
2 24 60.6273 -40.8128 14.2313 61.6107 -41.725 13.2734
2 24 60.6273 -40.8128 14.2313 61.6107 -41.725 13.2734
2 24 60.3764 -39.9657 13.5794 61.4673 -40.8007 12.7425
2 24 61.6107 -41.725 13.2734 62.9279 -43.3183 11.9036
2 24 61.0118 -43.9772 13.9141 62.104 -44.9717 12.3251
2 24 61.6107 -41.725 13.2734 62.9279 -43.3183 11.9036
2 24 61.4673 -40.8007 12.7425 62.7842 -42.3558 11.2858
2 24 62.9279 -43.3183 11.9036 63.5503 -44.424 10.495
2 24 62.104 -44.9717 12.3251 62.8744 -45.8872 11.0213
2 24 62.9279 -43.3183 11.9036 63.5503 -44.424 10.495
2 24 62.7842 -42.3558 11.2858 63.2068 -43.1889 10.4718
2 24 40.4144 -25.8059 13.1727 45.3697 -27.5196 13.2421
2 24 40.7529 -28.2986 15.9752 45.7868 -29.8158 15.8299
2 24 40.7529 -28.2986 15.9752 36.7429 -26.7965 16.671
2 24 40.4144 -25.8059 13.1727 36.5108 -24.0369 13.7506
2 24 36.7429 -26.7965 16.671 36.5108 -24.0369 13.7506
2 24 58.4755 -35.2613 15.286 55.538 -33.4002 16.0987
2 24 58.4755 -35.2613 15.286 61.5435 -38.3964 13.1624
2 24 55.538 -33.4002 16.0987 51.2194 -31.4027 16.3088
2 24 51.2194 -31.4027 16.3088 45.7868 -29.8158 15.8299
2 24 45.7868 -29.8158 15.8299 40.7529 -28.2986 15.9752
2 24 43.9935 -35.1314 16.3753 46.5059 -35.6188 16.4949
2 24 43.9935 -35.1314 16.3753 41.0096 -34.7529 16.5484
2 24 61.4673 -40.8007 12.7425 62.7842 -42.3558 11.2858
2 24 62.9753 -40.7498 11.6015 63.2372 -42.4075 10.6212
2 24 61.4673 -40.8007 12.7425 60.3764 -39.9657 13.5794
2 24 61.5435 -38.3964 13.1624 62.9753 -40.7498 11.6015
2 24 60.3764 -39.9657 13.5794 59.43 -39.2459 14.1674
2 24 59.43 -39.2459 14.1674 59.0605 -39.0584 14.4435
2 24 59.0605 -39.0584 14.4435 56.3082 -38.495 15.7943
2 24 56.3082 -38.495 15.7943 52.1688 -37.727 16.4836
2 24 48.5885 -36.3913 16.6283 49.2478 -37.2997 16.3866
2 24 52.1688 -37.727 16.4836 49.2478 -37.2997 16.3866
2 24 47.1586 -37.6462 19.7224 48.5885 -36.3913 16.6283
2 24 48.7431 -37.8344 16.9295 49.2478 -37.2997 16.3866
2 24 48.5885 -36.3913 16.6283 49.2478 -37.2997 16.3866
2 24 46.5059 -35.6188 16.4949 48.5885 -36.3913 16.6283
2 24 40.7529 -28.2986 15.9752 36.7429 -26.7965 16.671
2 24 36.3899 -29.4757 17.7232 36.7429 -26.7965 16.671
2 24 36.3899 -29.4757 17.7232 35.103 -30.6462 18.6068
2 24 41.0096 -34.7529 16.5484 39.0572 -34.5711 17.1177
2 24 35.103 -30.6462 18.6068 32.4467 -32.0999 19.4742
2 24 39.0572 -34.5711 17.1177 33.7686 -33.4878 18.8271
2 24 33.7686 -33.4878 18.8271 29.9455 -32.9743 19.3158
2 24 32.4467 -32.0999 19.4742 29.9455 -32.9743 19.3158
2 24 -23.4653 -14.2284 10.0212 -22.4624 -12.8492 10.0212
2 24 -22.4624 -12.8492 10.0212 -22.9965 -14.8511 7.2882
2 24 -22.4025 -16.8529 5.6871 -23.3903 -16.4792 7.6763
2 24 -22.9965 -14.8511 7.2882 -22.4025 -16.8529 5.6871
2 24 -23.3903 -16.4792 7.6763 -24.0971 -15.8337 10.0212
2 24 -23.4653 -14.2284 10.0212 -24.0971 -15.8337 10.0212
2 24 -22.4624 -12.8492 10.0212 -21.6775 -14.0983 6.9922
2 24 -22.4624 -12.8492 10.0212 -22.9965 -14.8511 7.2882
2 24 -22.9965 -14.8511 7.2882 -22.4025 -16.8529 5.6871
2 24 -22.4025 -16.8529 5.6871 -20.9982 -16.7253 4.3525
2 24 -21.6775 -14.0983 6.9922 -20.3391 -15.0874 4.7531
2 24 -20.9982 -16.7253 4.3525 -19.2425 -16.2184 3.356
2 24 -20.3391 -15.0874 4.7531 -18.2157 -15.7343 3.0484
2 24 -22.4624 -12.8492 10.0212 -21.6775 -14.0983 6.9922
2 24 -21.4334 -12.8224 10.0212 -20.6114 -13.4736 7.5682
2 24 -21.6775 -14.0983 6.9922 -20.3391 -15.0874 4.7531
2 24 -20.6114 -13.4736 7.5682 -19.1928 -14.0933 5.3943
2 24 -20.3391 -15.0874 4.7531 -18.2157 -15.7343 3.0484
2 24 -19.1928 -14.0933 5.3943 -17.4086 -14.4187 4.1811
2 24 -24.0971 -15.8337 10.0212 -23.3903 -16.4792 7.6763
2 24 -24.0971 -15.8337 10.0212 -25.303 -16.9658 10.0212
2 24 -25.303 -16.9658 10.0212 -24.3465 -17.6472 7.0579
2 24 -24.3465 -17.6472 7.0579 -22.5669 -17.7093 4.6539
2 24 -23.3903 -16.4792 7.6763 -22.4025 -16.8529 5.6871
2 24 -22.4025 -16.8529 5.6871 -20.9982 -16.7253 4.3525
2 24 -22.5669 -17.7093 4.6539 -19.9013 -17.0453 2.6291
2 24 -20.9982 -16.7253 4.3525 -19.2425 -16.2184 3.356
2 24 -19.9013 -17.0453 2.6291 -19.2425 -16.2184 3.356
2 24 -25.5715 -19.2671 10.0212 -25.5975 -21.4123 10.0212
2 24 -25.5975 -21.4123 10.0212 -24.0695 -23.3771 7.2418
2 24 -21.3723 -21.216 3.2761 -22.1505 -25.2116 4.6929
2 24 -24.0695 -23.3771 7.2418 -22.1505 -25.2116 4.6929
2 24 -25.5715 -19.2671 10.0212 -25.303 -16.9658 10.0212
2 24 -24.3465 -17.6472 7.0579 -25.303 -16.9658 10.0212
2 24 -24.3465 -17.6472 7.0579 -22.5669 -17.7093 4.6539
2 24 -22.5669 -17.7093 4.6539 -19.9013 -17.0453 2.6291
2 24 -21.3723 -21.216 3.2761 -19.9013 -17.0453 2.6291
2 24 -25.5975 -21.4123 10.0212 -24.0695 -23.3771 7.2418
2 24 -24.0012 -23.1249 10.0212 -21.6856 -25.5683 6.5504
2 24 -24.0695 -23.3771 7.2418 -22.1505 -25.2116 4.6929
2 24 -22.1505 -25.2116 4.6929 -19.4742 -26.8769 3.3134
2 24 -21.6856 -25.5683 6.5504 -18.9267 -27.5195 4.4379
2 24 -19.1442 -30.6824 7.1692 -19.1137 -32.6064 10.0212
2 24 -21.5782 -28.3598 10.0212 -19.1137 -32.6064 10.0212
2 24 -24.0012 -23.1249 10.0212 -21.6856 -25.5683 6.5504
2 24 -21.5782 -28.3598 10.0212 -24.0012 -23.1249 10.0212
2 24 -19.1442 -30.6824 7.1692 -18.9267 -27.5195 4.4379
2 24 -21.6856 -25.5683 6.5504 -18.9267 -27.5195 4.4379
2 24 -18.9267 -27.5195 4.4379 -17.3843 -28.2141 3.8763
2 24 -17.3843 -28.2141 3.8763 -17.7781 -27.6272 2.5575
2 24 -19.4742 -26.8769 3.3134 -17.7781 -27.6272 2.5575
2 24 -16.3444 -28.4611 3.8125 -17.3843 -28.2141 3.8763
2 24 -16.3444 -28.4611 3.8125 -16.8024 -27.7678 2.0984
2 24 -17.3843 -28.2141 3.8763 -17.7781 -27.6272 2.5575
2 24 -16.8024 -27.7678 2.0984 -17.7781 -27.6272 2.5575
2 24 -16.8024 -27.7678 2.0984 -14.6543 -28.9472 1.1805
2 24 -16.8024 -27.7678 2.0984 -16.3444 -28.4611 3.8125
2 24 -16.3444 -28.4611 3.8125 -14.337 -29.5977 2.9435
2 24 -18.9267 -27.5195 4.4379 -17.3843 -28.2141 3.8763
2 24 -18.9267 -27.5195 4.4379 -16.6015 -27.5059 5.2632
2 24 -17.3843 -28.2141 3.8763 -16.3444 -28.4611 3.8125
2 24 -16.6015 -27.5059 5.2632 -13.4344 -29.8692 3.4807
2 24 -16.3444 -28.4611 3.8125 -14.337 -29.5977 2.9435
2 24 -16.21 -29.552 7.441 -16.6015 -27.5059 5.2632
2 24 -19.1442 -30.6824 7.1692 -18.9267 -27.5195 4.4379
2 24 -16.6015 -27.5059 5.2632 -18.9267 -27.5195 4.4379
2 24 -19.1442 -30.6824 7.1692 -19.1137 -32.6064 10.0212
2 24 -19.1137 -32.6064 10.0212 -15.9019 -31.4526 10.0212
2 24 -16.21 -29.552 7.441 -15.9019 -31.4526 10.0212
2 24 -19.2425 -16.2184 3.356 -16.6865 -18.589 1.9751
2 24 -19.2425 -16.2184 3.356 -19.9013 -17.0453 2.6291
2 24 -19.9013 -17.0453 2.6291 -17.3905 -19.2867 1.3015
2 24 -1.5194 -20.055 1.9549 -6.34 -19.1208 -0.8104
2 24 -1.8537 -21.5608 -3.2209 -5.5695 -20.2683 -3.0066
2 24 -6.34 -19.1208 -0.8104 -5.5695 -20.2683 -3.0066
2 24 -1.5194 -20.055 1.9549 -0.4677 -21.5862 1.3571
2 24 -1.8537 -21.5608 -3.2209 -0.4677 -21.5862 1.3571
2 24 -9.3162 -19.7648 -0.1152 -6.34 -19.1208 -0.8104
2 24 -6.34 -19.1208 -0.8104 -5.5695 -20.2683 -3.0066
2 24 -9.5561 -21.1318 -2.066 -5.5695 -20.2683 -3.0066
2 24 -9.5561 -21.1318 -2.066 -13.7639 -21.1399 -0.5796
2 24 -9.3162 -19.7648 -0.1152 -13.0058 -19.9064 0.8555
2 24 -17.3905 -19.2867 1.3015 -13.7639 -21.1399 -0.5796
2 24 -16.6865 -18.589 1.9751 -13.0058 -19.9064 0.8555
2 24 -21.3723 -21.216 3.2761 -22.1505 -25.2116 4.6929
2 24 -22.1505 -25.2116 4.6929 -19.4742 -26.8769 3.3134
2 24 -21.3723 -21.216 3.2761 -19.9013 -17.0453 2.6291
2 24 -17.3905 -19.2867 1.3015 -19.9013 -17.0453 2.6291
2 24 -19.4742 -26.8769 3.3134 -17.7781 -27.6272 2.5575
2 24 -17.7781 -27.6272 2.5575 -16.8024 -27.7678 2.0984
2 24 -17.3905 -19.2867 1.3015 -13.7639 -21.1399 -0.5796
2 24 -16.8024 -27.7678 2.0984 -14.6543 -28.9472 1.1805
2 24 -13.7639 -21.1399 -0.5796 -9.5561 -21.1318 -2.066
2 24 -14.6543 -28.9472 1.1805 -11.4824 -30.7965 0.3559
2 24 -14.6543 -28.9472 1.1805 -11.4824 -30.7965 0.3559
2 24 -11.4824 -30.7965 0.3559 -11.1516 -31.217 1.6843
2 24 -14.337 -29.5977 2.9435 -11.1516 -31.217 1.6843
2 24 -14.337 -29.5977 2.9435 -11.1516 -31.217 1.6843
2 24 -13.4344 -29.8692 3.4807 -10.7801 -31.3556 2.5704
2 24 -11.1516 -31.217 1.6843 -10.3117 -31.1401 1.9461
2 24 -10.3117 -31.1401 1.9461 -11.1516 -31.217 1.6843
2 24 -10.3117 -31.1401 1.9461 -10.4265 -30.7118 -0.0697
2 24 -11.1516 -31.217 1.6843 -11.4824 -30.7965 0.3559
2 24 -10.4265 -30.7118 -0.0697 -11.4824 -30.7965 0.3559
2 24 -11.4824 -30.7965 0.3559 -10.4265 -30.7118 -0.0697
2 24 -9.5561 -21.1318 -2.066 -5.5695 -20.2683 -3.0066
2 24 -10.3117 -31.1401 1.9461 -10.4265 -30.7118 -0.0697
2 24 -10.3117 -31.1401 1.9461 -5.7852 -32.8394 0.8344
2 24 -10.4265 -30.7118 -0.0697 -6.0315 -32.1412 -1.1434
2 24 -10.4265 -30.7118 -0.0697 -6.0315 -32.1412 -1.1434
2 24 -5.5695 -20.2683 -3.0066 -1.8537 -21.5608 -3.2209
2 24 -1.8537 -21.5608 -3.2209 -2.0816 -25.453 -3.0788
2 24 -5.7852 -32.8394 0.8344 -1.2955 -33.8405 0.0702
2 24 -6.0315 -32.1412 -1.1434 -1.2963 -33.3155 -1.7646
2 24 -1.2955 -33.8405 0.0702 -1.2963 -33.3155 -1.7646
2 24 -1.1439 -30.9412 -2.4533 -1.2963 -33.3155 -1.7646
2 24 -6.0315 -32.1412 -1.1434 -1.2963 -33.3155 -1.7646
2 24 -2.0816 -25.453 -3.0788 -1.1439 -30.9412 -2.4533
2 24 -2.0816 -25.453 -3.0788 -1.8537 -21.5608 -3.2209
2 24 -1.8537 -21.5608 -3.2209 -0.4677 -21.5862 1.3571
2 24 -0.2369 -24.5874 1.6588 -0.4677 -21.5862 1.3571
2 24 -2.0816 -25.453 -3.0788 -1.1439 -30.9412 -2.4533
2 24 -0.2369 -24.5874 1.6588 0.2877 -28.3257 2.813
2 24 -1.1439 -30.9412 -2.4533 -1.2963 -33.3155 -1.7646
2 24 -1.2963 -33.3155 -1.7646 -1.2955 -33.8405 0.0702
2 24 -1.2955 -33.8405 0.0702 0.0117 -31.3143 3.8561
2 24 0.2877 -28.3257 2.813 0.0117 -31.3143 3.8561
2 24 -1.2955 -33.8405 0.0702 0.0117 -31.3143 3.8561
2 24 0.0117 -31.3143 3.8561 -0.2099 -31.2644 4.7856
2 24 -2.3907 -33.1699 1.4994 -0.2099 -31.2644 4.7856
2 24 -3.4872 -35.5751 5.806 -2.9589 -34.6164 3.5716
2 24 -3.4872 -35.5751 5.806 -0.7638 -31.8682 6.6433
2 24 -0.7638 -31.8682 6.6433 -0.6744 -31.742 5.9937
2 24 -10.7801 -31.3556 2.5704 -9.5821 -30.6894 3.6581
2 24 -9.5821 -30.6894 3.6581 -6.6873 -31.8631 2.4683
2 24 -10.3117 -31.1401 1.9461 -5.7852 -32.8394 0.8344
2 24 -2.3907 -33.1699 1.4994 -6.6873 -31.8631 2.4683
2 24 -1.2955 -33.8405 0.0702 -5.7852 -32.8394 0.8344
2 24 -16.6015 -27.5059 5.2632 -13.4344 -29.8692 3.4807
2 24 -16.6015 -27.5059 5.2632 -16.21 -29.552 7.441
2 24 -13.4344 -29.8692 3.4807 -10.7801 -31.3556 2.5704
2 24 -10.7801 -31.3556 2.5704 -10.9842 -34.6635 6.0436
2 24 -9.5821 -30.6894 3.6581 -9.5627 -31.6505 4.991
2 24 -9.5821 -30.6894 3.6581 -10.7801 -31.3556 2.5704
2 24 -10.7801 -31.3556 2.5704 -10.9842 -34.6635 6.0436
2 24 -9.5627 -31.6505 4.991 -8.3183 -32.9807 6.5541
2 24 -8.3183 -32.9807 6.5541 -7.7789 -34.5987 8.4029
2 24 -9.5821 -30.6894 3.6581 -6.6873 -31.8631 2.4683
2 24 -9.5821 -30.6894 3.6581 -9.5627 -31.6505 4.991
2 24 -9.5627 -31.6505 4.991 -8.3183 -32.9807 6.5541
2 24 -8.3183 -32.9807 6.5541 -5.7788 -34.3908 5.3457
2 24 -5.7788 -34.3908 5.3457 -8.3183 -32.9807 6.5541
2 24 -8.3183 -32.9807 6.5541 -7.7789 -34.5987 8.4029
2 24 -6.6873 -31.8631 2.4683 -2.3907 -33.1699 1.4994
2 24 -2.3907 -33.1699 1.4994 -2.9589 -34.6164 3.5716
2 24 -2.3907 -33.1699 1.4994 -0.2099 -31.2644 4.7856
2 24 -2.9589 -34.6164 3.5716 -2.3907 -33.1699 1.4994
2 24 -0.6744 -31.742 5.9937 -0.2099 -31.2644 4.7856
2 24 -2.9589 -34.6164 3.5716 -3.4872 -35.5751 5.806
2 24 -2.4211 -37.7885 7.8319 -3.4872 -35.5751 5.806
2 24 -3.4872 -35.5751 5.806 -0.7638 -31.8682 6.6433
2 24 -0.2758 -33.6831 8.2342 -0.7638 -31.8682 6.6433
2 24 -3.4872 -35.5751 5.806 -2.4211 -37.7885 7.8319
2 24 -19.2425 -16.2184 3.356 -16.6865 -18.589 1.9751
2 24 -18.2157 -15.7343 3.0484 -15.8802 -16.0147 1.8955
2 24 -16.6865 -18.589 1.9751 -13.0058 -19.9064 0.8555
2 24 -15.8802 -16.0147 1.8955 -12.7875 -15.7565 1.0099
2 24 -6.859 -16.7381 -0.4477 -9.3093 -15.5173 0.1449
2 24 -18.2157 -15.7343 3.0484 -15.8802 -16.0147 1.8955
2 24 -17.4086 -14.4187 4.1811 -15.0247 -14.3005 3.3401
2 24 -15.8802 -16.0147 1.8955 -12.7875 -15.7565 1.0099
2 24 -15.0247 -14.3005 3.3401 -12.0238 -13.1722 2.9754
2 24 -12.7875 -15.7565 1.0099 -9.3093 -15.5173 0.1449
2 24 -12.0238 -13.1722 2.9754 -8.5928 -12.0576 3.1557
2 24 -9.3093 -15.5173 0.1449 -6.859 -16.7381 -0.4477
2 24 -8.5928 -12.0576 3.1557 -5.7587 -12.4117 2.8175
2 24 -1.5194 -20.055 1.9549 -6.34 -19.1208 -0.8104
2 24 -1.5194 -20.055 1.9549 -1.6382 -17.3307 1.7795
2 24 -6.34 -19.1208 -0.8104 -6.3122 -18.0595 -0.6189
2 24 -5.7587 -12.4117 2.8175 -3.2495 -14.1777 2.3946
2 24 -12.7875 -15.7565 1.0099 -9.3093 -15.5173 0.1449
2 24 -13.0058 -19.9064 0.8555 -9.3162 -19.7648 -0.1152
2 24 -6.859 -16.7381 -0.4477 -6.3122 -18.0595 -0.6189
2 24 -1.6382 -17.3307 1.7795 -3.2495 -14.1777 2.3946
2 24 -13.5534 -13.6655 6.9279 -11.9392 -13.0184 8.1349
2 24 -5.7587 -12.4117 2.8175 -8.5928 -12.0576 3.1557
2 24 -5.6924 -12.2112 8.1278 -9.2562 -12.2009 8.1277
2 24 -5.7587 -12.4117 2.8175 -3.2495 -14.1777 2.3946
2 24 -5.6924 -12.2112 8.1278 -3.0767 -14.1379 8.1446
2 24 -3.2495 -14.1777 2.3946 -1.6382 -17.3307 1.7795
2 24 -1.6382 -17.3307 1.7795 -1.5194 -20.055 1.9549
2 24 -1.5194 -20.055 1.9549 -1.51 -16.9671 5.0777
2 24 -0.7638 -31.8682 6.6433 3.347 -34.343 5.6544
2 24 -0.7638 -31.8682 6.6433 -0.2758 -33.6831 8.2342
2 24 3.347 -34.343 5.6544 7.9678 -36.5687 5.042
2 24 7.9678 -36.5687 5.042 8.9397 -39.2739 7.46
2 24 -0.7638 -31.8682 6.6433 -0.6744 -31.742 5.9937
2 24 3.347 -34.343 5.6544 -0.7638 -31.8682 6.6433
2 24 -0.6744 -31.742 5.9937 -0.2099 -31.2644 4.7856
2 24 -0.2099 -31.2644 4.7856 3.1438 -32.4825 3.3247
2 24 8.2254 -36.2358 3.4353 7.9678 -36.5687 5.042
2 24 3.347 -34.343 5.6544 7.9678 -36.5687 5.042
2 24 3.1438 -32.4825 3.3247 7.0874 -33.6916 1.7901
2 24 8.2254 -36.2358 3.4353 7.0874 -33.6916 1.7901
2 24 -0.2099 -31.2644 4.7856 0.0117 -31.3143 3.8561
2 24 -0.2099 -31.2644 4.7856 3.1438 -32.4825 3.3247
2 24 0.0117 -31.3143 3.8561 6.588 -34.0307 0.441
2 24 6.588 -34.0307 0.441 7.0874 -33.6916 1.7901
2 24 3.1438 -32.4825 3.3247 7.0874 -33.6916 1.7901
2 24 6.588 -34.0307 0.441 0.0117 -31.3143 3.8561
2 24 6.588 -34.0307 0.441 7.1384 -31.5136 -0.869
2 24 0.0117 -31.3143 3.8561 0.2877 -28.3257 2.813
2 24 7.1384 -31.5136 -0.869 0.2877 -28.3257 2.813
2 24 8.0408 -30.8088 2.227 7.0874 -33.6916 1.7901
2 24 6.588 -34.0307 0.441 7.0874 -33.6916 1.7901
2 24 6.588 -34.0307 0.441 7.1384 -31.5136 -0.869
2 24 7.1384 -31.5136 -0.869 8.283 -30.07 1.3833
2 24 8.0408 -30.8088 2.227 8.283 -30.07 1.3833
2 24 7.1384 -31.5136 -0.869 0.2877 -28.3257 2.813
2 24 8.283 -30.07 1.3833 7.1384 -31.5136 -0.869
2 24 8.283 -30.07 1.3833 0.2877 -28.3257 2.813
2 24 10.3972 -29.5903 0.1948 3.2873 -25.877 -0.1137
2 24 8.283 -30.07 1.3833 0.2877 -28.3257 2.813
2 24 10.3972 -29.5903 0.1948 9.1902 -30.7543 2.022
2 24 8.283 -30.07 1.3833 8.0408 -30.8088 2.227
2 24 8.2254 -36.2358 3.4353 7.0874 -33.6916 1.7901
2 24 7.0874 -33.6916 1.7901 8.0408 -30.8088 2.227
2 24 8.7805 -31.5995 3.4101 8.0408 -30.8088 2.227
2 24 8.0408 -30.8088 2.227 8.7805 -31.5995 3.4101
2 24 9.1902 -30.7543 2.022 10.3272 -32.5897 3.3872
2 24 -0.2369 -24.5874 1.6588 -0.4677 -21.5862 1.3571
2 24 1.4678 -23.5052 0.3573 1.2333 -20.9 0.6105
2 24 -0.4677 -21.5862 1.3571 -1.5194 -20.055 1.9549
2 24 1.2333 -20.9 0.6105 1.4168 -19.201 1.4148
2 24 -1.5194 -20.055 1.9549 -1.51 -16.9671 5.0777
2 24 -1.51 -16.9671 5.0777 1.9824 -16.2607 5.0005
2 24 1.4168 -19.201 1.4148 1.9824 -16.2607 5.0005
2 24 11.2516 -29.8103 -1.3181 10.3972 -29.5903 0.1948
2 24 11.2516 -29.8103 -1.3181 4.1413 -26.3491 -2.0762
2 24 10.3972 -29.5903 0.1948 3.2873 -25.877 -0.1137
2 24 4.1413 -26.3491 -2.0762 1.7846 -24.1706 -2.0017
2 24 3.2873 -25.877 -0.1137 1.4678 -23.5052 0.3573
2 24 1.7846 -24.1706 -2.0017 1.4678 -23.5052 0.3573
2 24 1.7846 -24.1706 -2.0017 1.4678 -23.5052 0.3573
2 24 1.7846 -24.1706 -2.0017 1.4082 -19.7136 -1.4667
2 24 1.4678 -23.5052 0.3573 1.2333 -20.9 0.6105
2 24 1.2333 -20.9 0.6105 1.4168 -19.201 1.4148
2 24 1.4082 -19.7136 -1.4667 2.3473 -14.7094 -1.1098
2 24 2.3473 -14.7094 -1.1098 2.2089 -14.8019 3.472
2 24 1.4168 -19.201 1.4148 1.9824 -16.2607 5.0005
2 24 0.1365 -11.1126 -1.5673 -3.6622 -8.0113 -2.0909
2 24 0.1365 -11.1126 -1.5673 2.3473 -14.7094 -1.1098
2 24 2.3473 -14.7094 -1.1098 2.2089 -14.8019 3.472
2 24 -6.6016 -7.791 3.7901 -8.3254 -5.5309 3.3969
2 24 -6.2036 -7.1905 3.2983 -8.3254 -5.5309 3.3969
2 24 -6.6016 -7.791 3.7901 -3.2582 -8.4056 3.7018
2 24 -6.2036 -7.1905 3.2983 -3.2582 -8.4056 3.7018
2 24 -3.2582 -8.4056 3.7018 -6.2036 -7.1905 3.2983
2 24 -3.6622 -8.0113 -2.0909 -5.9777 -6.9667 -1.9789
2 24 -5.9777 -6.9667 -1.9789 -8.0106 -5.7999 -2.0126
2 24 -6.2036 -7.1905 3.2983 -8.3254 -5.5309 3.3969
2 24 -8.3254 -5.5309 3.3969 -9.8236 -3.6945 1.885
2 24 -9.8236 -3.6945 1.885 -9.4113 -3.7031 -2.6574
2 24 -8.0106 -5.7999 -2.0126 -9.4113 -3.7031 -2.6574
2 24 -9.4113 -3.7031 -2.6574 -7.9466 -3.5194 -4.0012
2 24 -9.4113 -3.7031 -2.6574 -8.0106 -5.7999 -2.0126
2 24 -7.9466 -3.5194 -4.0012 -6.6458 -5.6846 -3.2555
2 24 -8.0106 -5.7999 -2.0126 -5.9777 -6.9667 -1.9789
2 24 -6.6458 -5.6846 -3.2555 -3.6622 -8.0113 -2.0909
2 24 -5.9777 -6.9667 -1.9789 -3.6622 -8.0113 -2.0909
2 24 11.9274 -28.0085 -3.8989 12.7678 -29.1003 -2.267
2 24 11.2516 -29.8103 -1.3181 12.7678 -29.1003 -2.267
2 24 5.7208 -25.2607 -4.8856 3.2893 -23.2169 -5.1918
2 24 4.1413 -26.3491 -2.0762 1.7846 -24.1706 -2.0017
2 24 3.2893 -23.2169 -5.1918 1.7846 -24.1706 -2.0017
2 24 3.8964 -19.6088 -5.1812 3.2893 -23.2169 -5.1918
2 24 3.2893 -23.2169 -5.1918 1.7846 -24.1706 -2.0017
2 24 1.4082 -19.7136 -1.4667 1.7846 -24.1706 -2.0017
2 24 3.8964 -19.6088 -5.1812 4.9261 -15.156 -4.5791
2 24 1.4082 -19.7136 -1.4667 2.3473 -14.7094 -1.1098
2 24 4.9261 -15.156 -4.5791 2.3473 -14.7094 -1.1098
2 24 4.9261 -15.156 -4.5791 2.3473 -14.7094 -1.1098
2 24 4.9261 -15.156 -4.5791 1.4014 -9.8627 -5.6448
2 24 2.3473 -14.7094 -1.1098 0.1365 -11.1126 -1.5673
2 24 1.4014 -9.8627 -5.6448 -2.3152 -6.8827 -6.1559
2 24 0.1365 -11.1126 -1.5673 -3.6622 -8.0113 -2.0909
2 24 -2.3152 -6.8827 -6.1559 -4.8631 -5.4133 -6.7073
2 24 -6.6458 -5.6846 -3.2555 -3.6622 -8.0113 -2.0909
2 24 -4.8631 -5.4133 -6.7073 -6.6756 -3.1386 -6.7723
2 24 -6.6458 -5.6846 -3.2555 -7.9466 -3.5194 -4.0012
2 24 -6.6756 -3.1386 -6.7723 -7.9466 -3.5194 -4.0012
2 24 -2.3152 -6.8827 -6.1559 -4.8631 -5.4133 -6.7073
2 24 -1.7489 -4.4671 -8.0922 -4.5102 -4.001 -7.6185
2 24 -2.3152 -6.8827 -6.1559 1.4014 -9.8627 -5.6448
2 24 -1.7489 -4.4671 -8.0922 0.7757 -4.7896 -8.1917
2 24 0.7757 -4.7896 -8.1917 4.5665 -4.2998 -7.2895
2 24 -4.5102 -4.001 -7.6185 -6.6756 -3.1386 -6.7723
2 24 -4.8631 -5.4133 -6.7073 -6.6756 -3.1386 -6.7723
2 24 4.5665 -4.2998 -7.2895 7.1582 -7.084 -5.7855
2 24 1.4014 -9.8627 -5.6448 4.9261 -15.156 -4.5791
2 24 4.9261 -15.156 -4.5791 7.5739 -14.7959 -4.9682
2 24 10.6038 -10.9972 -5.3273 10.2336 -8.5011 -5.6367
2 24 7.1582 -7.084 -5.7855 10.2336 -8.5011 -5.6367
2 24 7.5739 -14.7959 -4.9682 11.5659 -13.8413 -5.04
2 24 10.6038 -10.9972 -5.3273 11.5659 -13.8413 -5.04
2 24 9.8692 -4.9612 -3.5896 8.2467 -1.8666 -4.051
2 24 7.1582 -7.084 -5.7855 4.5665 -4.2998 -7.2895
2 24 12.2565 -7.0522 -2.5617 10.2336 -8.5011 -5.6367
2 24 9.8692 -4.9612 -3.5896 12.2565 -7.0522 -2.5617
2 24 7.1582 -7.084 -5.7855 10.2336 -8.5011 -5.6367
2 24 12.6383 -9.9347 -2.4082 13.784 -12.5035 -2.5311
2 24 10.6038 -10.9972 -5.3273 11.5659 -13.8413 -5.04
2 24 10.6038 -10.9972 -5.3273 10.2336 -8.5011 -5.6367
2 24 10.2336 -8.5011 -5.6367 12.2565 -7.0522 -2.5617
2 24 12.6383 -9.9347 -2.4082 12.2565 -7.0522 -2.5617
2 24 3.8964 -19.6088 -5.1812 3.2893 -23.2169 -5.1918
2 24 3.2893 -23.2169 -5.1918 5.7208 -25.2607 -4.8856
2 24 5.7208 -25.2607 -4.8856 11.9274 -28.0085 -3.8989
2 24 11.9274 -28.0085 -3.8989 13.6921 -23.752 -4.845
2 24 13.6921 -23.752 -4.845 15.1379 -19.2124 -5.3083
2 24 15.1379 -19.2124 -5.3083 13.5608 -16.1003 -5.3008
2 24 4.9261 -15.156 -4.5791 7.5739 -14.7959 -4.9682
2 24 3.8964 -19.6088 -5.1812 4.9261 -15.156 -4.5791
2 24 11.5659 -13.8413 -5.04 7.5739 -14.7959 -4.9682
2 24 11.5659 -13.8413 -5.04 13.5608 -16.1003 -5.3008
2 24 14.8579 -28.4832 -1.4462 12.7678 -29.1003 -2.267
2 24 14.8579 -28.4832 -1.4462 14.9462 -27.9185 -1.6137
2 24 12.7678 -29.1003 -2.267 11.9274 -28.0085 -3.8989
2 24 11.9274 -28.0085 -3.8989 13.6921 -23.752 -4.845
2 24 14.9462 -27.9185 -1.6137 16.719 -24.5211 -2.2497
2 24 16.719 -24.5211 -2.2497 17.9747 -19.2958 -3.0869
2 24 17.9747 -19.2958 -3.0869 15.1379 -19.2124 -5.3083
2 24 13.6921 -23.752 -4.845 15.1379 -19.2124 -5.3083
2 24 17.9747 -19.2958 -3.0869 15.1379 -19.2124 -5.3083
2 24 17.9747 -19.2958 -3.0869 16.0292 -15.4305 -3.0671
2 24 15.1379 -19.2124 -5.3083 13.5608 -16.1003 -5.3008
2 24 13.784 -12.5035 -2.5311 16.0292 -15.4305 -3.0671
2 24 11.5659 -13.8413 -5.04 13.5608 -16.1003 -5.3008
2 24 15.2999 -27.7819 -1.257 15.157 -28.2944 -1.1331
2 24 15.157 -28.2944 -1.1331 14.8579 -28.4832 -1.4462
2 24 14.9462 -27.9185 -1.6137 14.8579 -28.4832 -1.4462
2 24 14.9462 -27.9185 -1.6137 16.719 -24.5211 -2.2497
2 24 15.2999 -27.7819 -1.257 16.9077 -24.4866 -1.9396
2 24 16.9077 -24.4866 -1.9396 18.1645 -19.2703 -1.7145
2 24 18.1645 -19.2703 -1.7145 17.9747 -19.2958 -3.0869
2 24 16.719 -24.5211 -2.2497 17.9747 -19.2958 -3.0869
2 24 15.8761 -14.9144 -0.6866 18.1645 -19.2703 -1.7145
2 24 18.1645 -19.2703 -1.7145 17.9747 -19.2958 -3.0869
2 24 16.0292 -15.4305 -3.0671 17.9747 -19.2958 -3.0869
2 24 15.8761 -14.9144 -0.6866 14.6916 -13.4097 0.9524
2 24 16.0292 -15.4305 -3.0671 13.784 -12.5035 -2.5311
2 24 13.784 -12.5035 -2.5311 12.6383 -9.9347 -2.4082
2 24 14.6916 -13.4097 0.9524 13.2665 -10.9127 3.6633
2 24 12.2565 -7.0522 -2.5617 12.2396 -7.0305 0.3164
2 24 12.6383 -9.9347 -2.4082 12.2565 -7.0522 -2.5617
2 24 15.8761 -14.9144 -0.6866 18.1645 -19.2703 -1.7145
2 24 21.4476 -15.7451 -0.0425 21.4436 -20.0169 -1.1231
2 24 15.8761 -14.9144 -0.6866 14.6916 -13.4097 0.9524
2 24 21.4476 -15.7451 -0.0425 21.8474 -13.8616 1.8332
2 24 14.6916 -13.4097 0.9524 13.2665 -10.9127 3.6633
2 24 16.3161 -10.6229 3.5148 13.2665 -10.9127 3.6633
2 24 19.658 -11.2063 3.55 23.5695 -12.8725 3.4588
2 24 21.8474 -13.8616 1.8332 23.5695 -12.8725 3.4588
2 24 19.8066 -11.1374 4.2195 23.0361 -13.0502 4.2362
2 24 23.0361 -13.0502 4.2362 23.5695 -12.8725 3.4588
2 24 19.658 -11.2063 3.55 23.5695 -12.8725 3.4588
2 24 19.8066 -11.1374 4.2195 16.2746 -10.5006 4.214
2 24 19.658 -11.2063 3.55 16.3161 -10.6229 3.5148
2 24 16.2746 -10.5006 4.214 13.1658 -10.8352 4.2169
2 24 13.1658 -10.8352 4.2169 13.2665 -10.9127 3.6633
2 24 16.3161 -10.6229 3.5148 13.2665 -10.9127 3.6633
2 24 21.4436 -20.0169 -1.1231 21.475 -26.1982 -1.5268
2 24 18.1645 -19.2703 -1.7145 16.9077 -24.4866 -1.9396
2 24 21.475 -26.1982 -1.5268 21.8985 -28.6506 -1.2086
2 24 17.947 -28.3797 -1.3368 19.6168 -30.5702 -0.7753
2 24 21.8985 -28.6506 -1.2086 22.405 -30.53 -0.5403
2 24 19.6168 -30.5702 -0.7753 22.405 -30.53 -0.5403
2 24 9.8692 -4.9612 -3.5896 12.2565 -7.0522 -2.5617
2 24 12.2565 -7.0522 -2.5617 12.2396 -7.0305 0.3164
2 24 9.8692 -4.9612 -3.5896 8.2467 -1.8666 -4.051
2 24 8.7805 -31.5995 3.4101 8.9513 -34.5677 4.8
2 24 8.9513 -34.5677 4.8 7.9678 -36.5687 5.042
2 24 8.2254 -36.2358 3.4353 7.9678 -36.5687 5.042
2 24 8.9513 -34.5677 4.8 10.3449 -36.796 7.3649
2 24 8.9513 -34.5677 4.8 7.9678 -36.5687 5.042
2 24 7.9678 -36.5687 5.042 8.9397 -39.2739 7.46
2 24 8.9513 -34.5677 4.8 11.3604 -36.0589 4.8186
2 24 8.9513 -34.5677 4.8 10.3449 -36.796 7.3649
2 24 17.7099 -37.5344 1.8267 14.6936 -37.5896 3.8584
2 24 18.8392 -36.8908 0.802 22.0054 -37.8527 0.675
2 24 17.7099 -37.5344 1.8267 18.8392 -36.8908 0.802
2 24 20.2171 -40.2233 4.8805 23.5467 -40.8888 4.6922
2 24 23.5467 -40.8888 4.6922 23.2548 -39.8093 2.6185
2 24 22.0054 -37.8527 0.675 23.2548 -39.8093 2.6185
2 24 16.5186 -41.4458 10.0212 12.5912 -39.1371 10.0212
2 24 16.5186 -41.4458 10.0212 20.6987 -43.3145 10.0212
2 24 24.5721 -43.0956 6.774 23.5467 -40.8888 4.6922
2 24 20.2171 -40.2233 4.8805 23.5467 -40.8888 4.6922
2 24 24.5721 -43.0956 6.774 25.2959 -44.8735 10.0212
2 24 20.6987 -43.3145 10.0212 25.2959 -44.8735 10.0212
2 24 18.8392 -36.8908 0.802 18.9345 -35.6297 0.545
2 24 18.8392 -36.8908 0.802 22.0054 -37.8527 0.675
2 24 18.9345 -35.6297 0.545 22.5662 -36.2663 0.4032
2 24 22.0054 -37.8527 0.675 22.5662 -36.2663 0.4032
2 24 23.2548 -39.8093 2.6185 22.0054 -37.8527 0.675
2 24 24.0977 -37.4046 2.7342 23.7057 -35.6184 1.4286
2 24 23.2548 -39.8093 2.6185 23.5467 -40.8888 4.6922
2 24 23.5467 -40.8888 4.6922 24.4012 -38.5912 4.3644
2 24 24.0977 -37.4046 2.7342 24.4012 -38.5912 4.3644
2 24 24.4012 -38.5912 4.3644 25.5779 -39.8197 5.7826
2 24 24.4012 -38.5912 4.3644 23.5467 -40.8888 4.6922
2 24 23.5467 -40.8888 4.6922 24.5721 -43.0956 6.774
2 24 25.5779 -39.8197 5.7826 26.4484 -41.6758 7.9107
2 24 24.5721 -43.0956 6.774 25.2959 -44.8735 10.0212
2 24 25.2959 -44.8735 10.0212 27.094 -42.4684 10.0212
2 24 26.4484 -41.6758 7.9107 27.094 -42.4684 10.0212
2 24 24.0977 -37.4046 2.7342 23.7057 -35.6184 1.4286
2 24 29.2841 -37.2045 -0.5363 23.7057 -35.6184 1.4286
2 24 24.0977 -37.4046 2.7342 24.4012 -38.5912 4.3644
2 24 24.4012 -38.5912 4.3644 25.5779 -39.8197 5.7826
2 24 25.5779 -39.8197 5.7826 26.4484 -41.6758 7.9107
2 24 29.2841 -37.2045 -0.5363 35.1844 -38.4798 -1.1503
2 24 35.1844 -38.4798 -1.1503 36.1505 -40.2624 0.379
2 24 36.1505 -40.2624 0.379 36.9566 -41.4792 2.5632
2 24 30.7217 -40.9623 3.9344 36.9566 -41.4792 2.5632
2 24 30.7217 -40.9623 3.9344 36.9566 -41.4792 2.5632
2 24 36.9566 -41.4792 2.5632 39.4419 -43.9125 5.3494
2 24 17.7099 -37.5344 1.8267 18.8392 -36.8908 0.802
2 24 17.3437 -36.7103 1.726 18.9345 -35.6297 0.545
2 24 18.8392 -36.8908 0.802 18.9345 -35.6297 0.545
2 24 17.7099 -37.5344 1.8267 14.6936 -37.5896 3.8584
2 24 17.3437 -36.7103 1.726 15.0765 -35.3958 3.24
2 24 14.6936 -37.5896 3.8584 11.3604 -36.0589 4.8186
2 24 15.0765 -35.3958 3.24 12.5265 -34.561 3.8175
2 24 11.3604 -36.0589 4.8186 8.9513 -34.5677 4.8
2 24 10.3272 -32.5897 3.3872 12.5265 -34.561 3.8175
2 24 8.7805 -31.5995 3.4101 8.9513 -34.5677 4.8
2 24 29.2841 -37.2045 -0.5363 35.1844 -38.4798 -1.1503
2 24 31.8075 -37.8863 -2.2886 34.8138 -38.4686 -2.5128
2 24 35.1844 -38.4798 -1.1503 34.8138 -38.4686 -2.5128
2 24 31.8075 -37.8863 -2.2886 29.1602 -37.2201 -1.326
2 24 29.1602 -37.2201 -1.326 24.3323 -35.479 0.5554
2 24 29.2841 -37.2045 -0.5363 23.7057 -35.6184 1.4286
2 24 24.3323 -35.479 0.5554 23.7057 -35.6184 1.4286
2 24 36.6536 -34.1115 1.0622 34.8327 -35.9578 -3.2441
2 24 35.1844 -38.4798 -1.1503 34.8138 -38.4686 -2.5128
2 24 34.8327 -35.9578 -3.2441 34.8138 -38.4686 -2.5128
2 24 31.8534 -35.6163 -3.1887 34.8327 -35.9578 -3.2441
2 24 34.8327 -35.9578 -3.2441 34.8138 -38.4686 -2.5128
2 24 31.8075 -37.8863 -2.2886 34.8138 -38.4686 -2.5128
2 24 31.8534 -35.6163 -3.1887 28.0586 -34.4976 -1.682
2 24 31.8075 -37.8863 -2.2886 29.1602 -37.2201 -1.326
2 24 24.3323 -35.479 0.5554 25.1672 -34.909 -0.0952
2 24 29.1602 -37.2201 -1.326 24.3323 -35.479 0.5554
2 24 25.1672 -34.909 -0.0952 24.3487 -33.3498 -0.2405
2 24 28.0586 -34.4976 -1.682 24.3487 -33.3498 -0.2405
2 24 25.0763 -35.5321 -1.5144 26.1466 -36.8834 -4.1339
2 24 23.962 -37.3025 -0.9111 24.8549 -38.9947 -3.5481
2 24 26.1466 -36.8834 -4.1339 28.7268 -39.1107 -8.1333
2 24 24.8549 -38.9947 -3.5481 26.9951 -41.4446 -7.144
2 24 28.7268 -39.1107 -8.1333 32.1897 -41.1994 -11.549
2 24 26.9951 -41.4446 -7.144 29.7601 -43.7867 -10.388
2 24 32.1897 -41.1994 -11.549 33.8479 -42.5454 -13.7147
2 24 33.8479 -42.5454 -13.7147 33.8649 -43.1446 -14.6603
2 24 33.0552 -44.05 -12.6718 33.6387 -44.8524 -13.3342
2 24 33.8649 -43.1446 -14.6603 33.6387 -44.8524 -13.3342
2 24 29.7601 -43.7867 -10.388 31.8099 -45.2256 -12.4085
2 24 33.6387 -44.8524 -13.3342 32.0626 -45.991 -12.8731
2 24 24.3323 -35.479 0.5554 23.7057 -35.6184 1.4286
2 24 23.962 -37.3025 -0.9111 23.7057 -35.6184 1.4286
2 24 24.3323 -35.479 0.5554 25.1672 -34.909 -0.0952
2 24 25.0763 -35.5321 -1.5144 25.1672 -34.909 -0.0952
2 24 26.9073 -45.5967 -12.7215 31.8099 -45.2256 -12.4085
2 24 29.7601 -43.7867 -10.388 31.8099 -45.2256 -12.4085
2 24 12.8954 -44.5867 -11.2519 17.004 -45.2141 -12.1251
2 24 12.8954 -44.5867 -11.2519 14.7817 -42.6271 -8.5801
2 24 22.5662 -36.2663 0.4032 18.9345 -35.6297 0.545
2 24 18.9345 -35.6297 0.545 17.7611 -37.709 -2.5393
2 24 23.962 -37.3025 -0.9111 23.7057 -35.6184 1.4286
2 24 22.5662 -36.2663 0.4032 23.7057 -35.6184 1.4286
2 24 23.962 -37.3025 -0.9111 24.8549 -38.9947 -3.5481
2 24 17.7611 -37.709 -2.5393 16.7278 -40.3604 -5.516
2 24 24.8549 -38.9947 -3.5481 26.9951 -41.4446 -7.144
2 24 26.9073 -45.5967 -12.7215 21.723 -45.5977 -12.7502
2 24 29.7601 -43.7867 -10.388 26.9951 -41.4446 -7.144
2 24 17.004 -45.2141 -12.1251 21.723 -45.5977 -12.7502
2 24 14.7817 -42.6271 -8.5801 16.7278 -40.3604 -5.516
2 24 31.8099 -45.2256 -12.4085 26.9073 -45.5967 -12.7215
2 24 32.0626 -45.991 -12.8731 27.2146 -47.2126 -13.0546
2 24 27.2146 -47.2126 -13.0546 21.7574 -47.5853 -13.0731
2 24 26.9073 -45.5967 -12.7215 21.723 -45.5977 -12.7502
2 24 21.7574 -47.5853 -13.0731 16.9843 -47.2871 -12.5565
2 24 21.723 -45.5977 -12.7502 17.004 -45.2141 -12.1251
2 24 17.004 -45.2141 -12.1251 12.8954 -44.5867 -11.2519
2 24 12.8954 -44.5867 -11.2519 11.2996 -46.0398 -11.3392
2 24 16.9843 -47.2871 -12.5565 11.2996 -46.0398 -11.3392
2 24 18.9345 -35.6297 0.545 17.3437 -36.7103 1.726
2 24 18.9345 -35.6297 0.545 17.7611 -37.709 -2.5393
2 24 17.3437 -36.7103 1.726 16.4298 -38.9306 -1.1494
2 24 17.7611 -37.709 -2.5393 16.7278 -40.3604 -5.516
2 24 16.4298 -38.9306 -1.1494 15.3348 -41.3109 -4.7649
2 24 15.3348 -41.3109 -4.7649 13.3317 -43.7248 -8.6603
2 24 16.7278 -40.3604 -5.516 14.7817 -42.6271 -8.5801
2 24 14.7817 -42.6271 -8.5801 12.8954 -44.5867 -11.2519
2 24 13.3317 -43.7248 -8.6603 11.2996 -46.0398 -11.3392
2 24 12.8954 -44.5867 -11.2519 11.2996 -46.0398 -11.3392
2 24 12.5265 -34.561 3.8175 13.0835 -37.1629 1.0462
2 24 12.5265 -34.561 3.8175 15.0765 -35.3958 3.24
2 24 13.0835 -37.1629 1.0462 14.0106 -41.1131 -4.9335
2 24 10.2598 -45.7233 -11.9124 11.2996 -46.0398 -11.3392
2 24 10.2598 -45.7233 -11.9124 12.0906 -43.6957 -8.7911
2 24 11.2996 -46.0398 -11.3392 13.3317 -43.7248 -8.6603
2 24 15.3348 -41.3109 -4.7649 13.3317 -43.7248 -8.6603
2 24 14.0106 -41.1131 -4.9335 12.0906 -43.6957 -8.7911
2 24 10.3272 -32.5897 3.3872 12.5265 -34.561 3.8175
2 24 12.5265 -34.561 3.8175 13.0835 -37.1629 1.0462
2 24 13.0835 -37.1629 1.0462 14.0106 -41.1131 -4.9335
2 24 14.0106 -41.1131 -4.9335 11.9501 -38.2465 -7.4026
2 24 10.6495 -33.5373 -1.341 11.9501 -38.2465 -7.4026
2 24 14.0106 -41.1131 -4.9335 11.9501 -38.2465 -7.4026
2 24 14.0106 -41.1131 -4.9335 12.0906 -43.6957 -8.7911
2 24 11.9501 -38.2465 -7.4026 10.2561 -40.8544 -10.7553
2 24 12.0906 -43.6957 -8.7911 10.2598 -45.7233 -11.9124
2 24 10.2561 -40.8544 -10.7553 8.4179 -43.1381 -13.9549
2 24 10.2598 -45.7233 -11.9124 8.4179 -43.1381 -13.9549
2 24 10.6495 -33.5373 -1.341 9.1902 -30.7543 2.022
2 24 10.3272 -32.5897 3.3872 9.1902 -30.7543 2.022
2 24 11.2996 -46.0398 -11.3392 14.1943 -46.6562 -13.8913
2 24 11.2996 -46.0398 -11.3392 16.9843 -47.2871 -12.5565
2 24 14.1943 -46.6562 -13.8913 17.4975 -47.0414 -14.5584
2 24 17.4975 -47.0414 -14.5584 22.175 -47.2351 -14.9826
2 24 16.9843 -47.2871 -12.5565 21.7574 -47.5853 -13.0731
2 24 22.175 -47.2351 -14.9826 27.3799 -46.9008 -14.4858
2 24 21.7574 -47.5853 -13.0731 27.2146 -47.2126 -13.0546
2 24 27.3799 -46.9008 -14.4858 31.7114 -46.0661 -13.492
2 24 27.2146 -47.2126 -13.0546 32.0626 -45.991 -12.8731
2 24 22.175 -47.2351 -14.9826 17.4975 -47.0414 -14.5584
2 24 18.5265 -49.6322 -18.417 16.1869 -48.0059 -16.0641
2 24 18.5265 -49.6322 -18.417 21.6225 -51.6401 -21.0443
2 24 21.6225 -51.6401 -21.0443 24.5812 -53.1746 -23.064
2 24 28.6881 -54.1522 -25.0705 28.1221 -52.3384 -22.3747
2 24 24.5812 -53.1746 -23.064 28.6881 -54.1522 -25.0705
2 24 28.1221 -52.3384 -22.3747 28.1965 -50.4272 -19.722
2 24 22.175 -47.2351 -14.9826 27.3799 -46.9008 -14.4858
2 24 28.1965 -50.4272 -19.722 29.2082 -48.3451 -16.9792
2 24 29.2082 -48.3451 -16.9792 31.7114 -46.0661 -13.492
2 24 27.3799 -46.9008 -14.4858 31.7114 -46.0661 -13.492
2 24 29.5917 -52.455 -25.8358 29.0556 -50.7365 -23.8872
2 24 29.5917 -52.455 -25.8358 29.3352 -53.3081 -25.3185
2 24 29.0556 -50.7365 -23.8872 29.1392 -48.6696 -21.1071
2 24 28.1221 -52.3384 -22.3747 28.1965 -50.4272 -19.722
2 24 28.1965 -50.4272 -19.722 29.2082 -48.3451 -16.9792
2 24 29.1392 -48.6696 -21.1071 30.2393 -46.6951 -18.213
2 24 31.7114 -46.0661 -13.492 29.2082 -48.3451 -16.9792
2 24 30.2393 -46.6951 -18.213 32.6753 -44.5616 -15.5096
2 24 28.1221 -52.3384 -22.3747 28.6881 -54.1522 -25.0705
2 24 29.3352 -53.3081 -25.3185 28.6881 -54.1522 -25.0705
2 24 32.0626 -45.991 -12.8731 33.6387 -44.8524 -13.3342
2 24 33.6387 -44.8524 -13.3342 33.8649 -43.1446 -14.6603
2 24 32.6753 -44.5616 -15.5096 33.8649 -43.1446 -14.6603
2 24 24.5812 -53.1746 -23.064 28.6881 -54.1522 -25.0705
2 24 24.2399 -54.3048 -23.2197 28.9505 -54.904 -25.3992
2 24 24.2399 -54.3048 -23.2197 21.0704 -53.172 -20.9953
2 24 24.5812 -53.1746 -23.064 21.6225 -51.6401 -21.0443
2 24 21.0704 -53.172 -20.9953 17.9236 -51.5901 -18.358
2 24 21.6225 -51.6401 -21.0443 18.5265 -49.6322 -18.417
2 24 17.9236 -51.5901 -18.358 15.1586 -49.5549 -15.6039
2 24 18.5265 -49.6322 -18.417 16.1869 -48.0059 -16.0641
2 24 16.1869 -48.0059 -16.0641 14.1943 -46.6562 -13.8913
2 24 14.1943 -46.6562 -13.8913 11.2996 -46.0398 -11.3392
2 24 15.1586 -49.5549 -15.6039 11.2996 -46.0398 -11.3392
2 24 28.9505 -54.904 -25.3992 29.848 -53.9673 -26.3146
2 24 28.6881 -54.1522 -25.0705 29.3352 -53.3081 -25.3185
2 24 29.848 -53.9673 -26.3146 29.9913 -53.072 -26.7609
2 24 29.3352 -53.3081 -25.3185 29.5917 -52.455 -25.8358
2 24 28.9505 -54.904 -25.3992 28.9778 -54.7706 -27.1099
2 24 29.848 -53.9673 -26.3146 28.9505 -54.904 -25.3992
2 24 28.9778 -54.7706 -27.1099 28.8863 -53.7906 -28.1302
2 24 29.848 -53.9673 -26.3146 29.9913 -53.072 -26.7609
2 24 24.5746 -32.8483 0.0454 27.7423 -33.3489 -0.4234
2 24 24.5746 -32.8483 0.0454 24.3487 -33.3498 -0.2405
2 24 24.3487 -33.3498 -0.2405 28.0586 -34.4976 -1.682
2 24 29.9669 -32.8906 0.5006 32.4688 -33.2576 0.7957
2 24 36.6536 -34.1115 1.0622 34.8327 -35.9578 -3.2441
2 24 32.4688 -33.2576 0.7957 36.6536 -34.1115 1.0622
2 24 31.8534 -35.6163 -3.1887 34.8327 -35.9578 -3.2441
2 24 24.5746 -32.8483 0.0454 24.3487 -33.3498 -0.2405
2 24 24.5746 -32.8483 0.0454 24.0282 -32.3633 -1.4399
2 24 24.0282 -32.3633 -1.4399 23.0669 -31.5247 -2.089
2 24 23.0669 -31.5247 -2.089 22.9892 -32.7044 -3.7989
2 24 24.3487 -33.3498 -0.2405 25.1672 -34.909 -0.0952
2 24 25.1672 -34.909 -0.0952 25.0763 -35.5321 -1.5144
2 24 22.9892 -32.7044 -3.7989 23.9773 -34.7542 -6.9
2 24 23.9773 -34.7542 -6.9 25.9794 -37.3297 -10.3105
2 24 26.1466 -36.8834 -4.1339 28.7268 -39.1107 -8.1333
2 24 25.9794 -37.3297 -10.3105 29.0703 -39.7629 -13.2638
2 24 28.7268 -39.1107 -8.1333 32.1897 -41.1994 -11.549
2 24 29.0703 -39.7629 -13.2638 32.7402 -41.6736 -15.6248
2 24 32.7402 -41.6736 -15.6248 33.6153 -42.3631 -15.281
2 24 32.1897 -41.1994 -11.549 33.8479 -42.5454 -13.7147
2 24 32.7402 -41.6736 -15.6248 33.6153 -42.3631 -15.281
2 24 32.7402 -41.6736 -15.6248 31.8086 -42.4712 -16.6351
2 24 31.8086 -42.4712 -16.6351 29.5498 -44.4346 -19.0684
2 24 32.6753 -44.5616 -15.5096 30.2393 -46.6951 -18.213
2 24 29.5498 -44.4346 -19.0684 28.4093 -46.8049 -21.84
2 24 30.2393 -46.6951 -18.213 29.1392 -48.6696 -21.1071
2 24 28.4093 -46.8049 -21.84 28.1736 -49.4143 -25.0345
2 24 29.1392 -48.6696 -21.1071 29.0556 -50.7365 -23.8872
2 24 29.2975 -51.7071 -26.4074 28.547 -51.0908 -26.9934
2 24 28.1736 -49.4143 -25.0345 28.547 -51.0908 -26.9934
2 24 29.2975 -51.7071 -26.4074 28.547 -51.0908 -26.9934
2 24 29.6151 -52.3368 -27.8489 28.726 -51.4112 -28.3346
2 24 33.6153 -42.3631 -15.281 33.8649 -43.1446 -14.6603
2 24 33.8479 -42.5454 -13.7147 33.8649 -43.1446 -14.6603
2 24 33.6153 -42.3631 -15.281 33.8649 -43.1446 -14.6603
2 24 32.6753 -44.5616 -15.5096 33.8649 -43.1446 -14.6603
2 24 29.2975 -51.7071 -26.4074 29.5917 -52.455 -25.8358
2 24 29.0556 -50.7365 -23.8872 29.5917 -52.455 -25.8358
2 24 29.9913 -53.072 -26.7609 29.6151 -52.3368 -27.8489
2 24 29.5917 -52.455 -25.8358 29.2975 -51.7071 -26.4074
2 24 14.0792 -49.4418 -21.4812 10.8149 -46.563 -18.4391
2 24 14.0792 -49.4418 -21.4812 17.8902 -51.4063 -24.4551
2 24 17.8902 -51.4063 -24.4551 22.1701 -52.785 -26.7556
2 24 21.0704 -53.172 -20.9953 24.2399 -54.3048 -23.2197
2 24 21.0704 -53.172 -20.9953 17.9236 -51.5901 -18.358
2 24 17.9236 -51.5901 -18.358 15.1586 -49.5549 -15.6039
2 24 15.1586 -49.5549 -15.6039 11.2996 -46.0398 -11.3392
2 24 11.2996 -46.0398 -11.3392 10.2598 -45.7233 -11.9124
2 24 10.2598 -45.7233 -11.9124 8.4179 -43.1381 -13.9549
2 24 10.8149 -46.563 -18.4391 8.4179 -43.1381 -13.9549
2 24 24.2399 -54.3048 -23.2197 28.9505 -54.904 -25.3992
2 24 28.9505 -54.904 -25.3992 28.9778 -54.7706 -27.1099
2 24 22.1701 -52.785 -26.7556 28.8863 -53.7906 -28.1302
2 24 28.9778 -54.7706 -27.1099 28.8863 -53.7906 -28.1302
2 24 28.7394 -52.6937 -28.5499 28.8863 -53.7906 -28.1302
2 24 22.1701 -52.785 -26.7556 28.8863 -53.7906 -28.1302
2 24 22.1701 -52.785 -26.7556 17.8902 -51.4063 -24.4551
2 24 17.8902 -51.4063 -24.4551 14.0792 -49.4418 -21.4812
2 24 14.0792 -49.4418 -21.4812 10.8149 -46.563 -18.4391
2 24 10.8149 -46.563 -18.4391 8.4179 -43.1381 -13.9549
2 24 9.6295 -41.7195 -14.8568 8.4179 -43.1381 -13.9549
2 24 9.6295 -41.7195 -14.8568 8.4179 -43.1381 -13.9549
2 24 10.2561 -40.8544 -10.7553 8.4179 -43.1381 -13.9549
2 24 12.6522 -36.8064 -8.4071 11.9501 -38.2465 -7.4026
2 24 10.2561 -40.8544 -10.7553 11.9501 -38.2465 -7.4026
2 24 12.6522 -36.8064 -8.4071 11.9501 -38.2465 -7.4026
2 24 11.9501 -38.2465 -7.4026 10.6495 -33.5373 -1.341
2 24 12.6522 -36.8064 -8.4071 13.8421 -35.2012 -9.5405
2 24 13.8421 -35.2012 -9.5405 13.249 -31.3928 -5.1254
2 24 12.6522 -36.8064 -8.4071 13.8421 -35.2012 -9.5405
2 24 12.5833 -38.1137 -13.1659 13.8421 -35.2012 -9.5405
2 24 9.6295 -41.7195 -14.8568 11.2411 -40.1072 -15.8763
2 24 12.5833 -38.1137 -13.1659 11.2411 -40.1072 -15.8763
2 24 13.6858 -42.409 -19.5133 11.2411 -40.1072 -15.8763
2 24 9.6295 -41.7195 -14.8568 11.2411 -40.1072 -15.8763
2 24 13.6858 -42.409 -19.5133 16.3736 -44.58 -22.3658
2 24 16.3736 -44.58 -22.3658 19.7461 -46.912 -24.948
2 24 19.7461 -46.912 -24.948 23.7239 -49.0647 -26.8015
2 24 23.7239 -49.0647 -26.8015 28.726 -51.4112 -28.3346
2 24 28.7394 -52.6937 -28.5499 28.726 -51.4112 -28.3346
2 24 13.249 -31.3928 -5.1254 12.7678 -29.1003 -2.267
2 24 12.7678 -29.1003 -2.267 11.2516 -29.8103 -1.3181
2 24 10.6495 -33.5373 -1.341 9.1902 -30.7543 2.022
2 24 10.3972 -29.5903 0.1948 9.1902 -30.7543 2.022
2 24 11.2516 -29.8103 -1.3181 10.3972 -29.5903 0.1948
2 24 28.8863 -53.7906 -28.1302 28.7394 -52.6937 -28.5499
2 24 29.9913 -53.072 -26.7609 29.6151 -52.3368 -27.8489
2 24 29.6151 -52.3368 -27.8489 28.726 -51.4112 -28.3346
2 24 28.7394 -52.6937 -28.5499 28.726 -51.4112 -28.3346
2 24 11.2411 -40.1072 -15.8763 14.7298 -42.5967 -17.4425
2 24 11.2411 -40.1072 -15.8763 13.6858 -42.409 -19.5133
2 24 14.7298 -42.5967 -17.4425 15.401 -43.3218 -18.4835
2 24 17.0906 -40.9569 -15.3553 12.9716 -40.256 -14.5722
2 24 17.2037 -40.9493 -17.4876 11.2411 -40.1072 -15.8763
2 24 12.9716 -40.256 -14.5722 11.2411 -40.1072 -15.8763
2 24 11.2411 -40.1072 -15.8763 17.2037 -40.9493 -17.4876
2 24 11.2411 -40.1072 -15.8763 14.7298 -42.5967 -17.4425
2 24 14.7298 -42.5967 -17.4425 17.3112 -42.7888 -17.7439
2 24 17.0906 -40.9569 -15.3553 22.3654 -41.3257 -15.676
2 24 17.2037 -40.9493 -17.4876 22.5999 -41.4167 -17.8395
2 24 22.3654 -41.3257 -15.676 27.0179 -41.418 -15.7582
2 24 22.5999 -41.4167 -17.8395 27.2851 -41.5554 -17.6097
2 24 27.0179 -41.418 -15.7582 30.8928 -41.4482 -15.7862
2 24 27.2851 -41.5554 -17.6097 31.1671 -41.5987 -16.6965
2 24 30.8928 -41.4482 -15.7862 31.8757 -41.8833 -16.1949
2 24 31.1671 -41.5987 -16.6965 31.8757 -41.8833 -16.1949
2 24 31.8757 -41.8833 -16.1949 31.487 -42.1663 -16.7776
2 24 31.1671 -41.5987 -16.6965 31.8757 -41.8833 -16.1949
2 24 31.487 -42.1663 -16.7776 27.1829 -42.8953 -17.6207
2 24 31.1671 -41.5987 -16.6965 27.2851 -41.5554 -17.6097
2 24 27.1829 -42.8953 -17.6207 22.5269 -43.0941 -17.9504
2 24 27.2851 -41.5554 -17.6097 22.5999 -41.4167 -17.8395
2 24 17.2037 -40.9493 -17.4876 22.5999 -41.4167 -17.8395
2 24 17.3112 -42.7888 -17.7439 22.5269 -43.0941 -17.9504
2 24 32.7402 -41.6736 -15.6248 31.8086 -42.4712 -16.6351
2 24 31.8757 -41.8833 -16.1949 31.487 -42.1663 -16.7776
2 24 31.487 -42.1663 -16.7776 27.1829 -42.8953 -17.6207
2 24 31.8086 -42.4712 -16.6351 29.5498 -44.4346 -19.0684
2 24 31.8757 -41.8833 -16.1949 30.8928 -41.4482 -15.7862
2 24 32.7402 -41.6736 -15.6248 29.0703 -39.7629 -13.2638
2 24 30.8928 -41.4482 -15.7862 27.0179 -41.418 -15.7582
2 24 29.0703 -39.7629 -13.2638 25.9794 -37.3297 -10.3105
2 24 27.0179 -41.418 -15.7582 22.3654 -41.3257 -15.676
2 24 16.5469 -36.0833 -9.513 18.4095 -32.4163 -3.7572
2 24 25.9794 -37.3297 -10.3105 23.9773 -34.7542 -6.9
2 24 23.9773 -34.7542 -6.9 22.9892 -32.7044 -3.7989
2 24 22.9892 -32.7044 -3.7989 23.0669 -31.5247 -2.089
2 24 18.4095 -32.4163 -3.7572 19.6168 -30.5702 -0.7753
2 24 19.6168 -30.5702 -0.7753 22.405 -30.53 -0.5403
2 24 23.0669 -31.5247 -2.089 22.405 -30.53 -0.5403
2 24 17.947 -28.3797 -1.3368 16.9349 -30.703 -4.8194
2 24 17.947 -28.3797 -1.3368 15.157 -28.2944 -1.1331
2 24 13.249 -31.3928 -5.1254 12.7678 -29.1003 -2.267
2 24 14.8579 -28.4832 -1.4462 12.7678 -29.1003 -2.267
2 24 19.6168 -30.5702 -0.7753 18.4095 -32.4163 -3.7572
2 24 19.6168 -30.5702 -0.7753 17.947 -28.3797 -1.3368
2 24 17.947 -28.3797 -1.3368 16.9349 -30.703 -4.8194
2 24 16.9349 -30.703 -4.8194 15.5204 -35.0342 -9.8201
2 24 13.249 -31.3928 -5.1254 13.8421 -35.2012 -9.5405
2 24 13.8421 -35.2012 -9.5405 12.5833 -38.1137 -13.1659
2 24 15.5204 -35.0342 -9.8201 12.869 -38.9136 -14.1161
2 24 12.9716 -40.256 -14.5722 11.2411 -40.1072 -15.8763
2 24 12.9716 -40.256 -14.5722 16.5469 -36.0833 -9.513
2 24 12.869 -38.9136 -14.1161 15.5204 -35.0342 -9.8201
2 24 16.9349 -30.703 -4.8194 15.5204 -35.0342 -9.8201
2 24 18.4095 -32.4163 -3.7572 16.5469 -36.0833 -9.513
2 24 16.5469 -36.0833 -9.513 12.9716 -40.256 -14.5722
2 24 12.9716 -40.256 -14.5722 17.0906 -40.9569 -15.3553
2 24 22.3654 -41.3257 -15.676 17.0906 -40.9569 -15.3553
2 24 15.401 -43.3218 -18.4835 17.7262 -45.2216 -20.6591
2 24 13.6858 -42.409 -19.5133 16.3736 -44.58 -22.3658
2 24 17.7262 -45.2216 -20.6591 20.898 -47.3783 -23.1507
2 24 16.3736 -44.58 -22.3658 19.7461 -46.912 -24.948
2 24 20.898 -47.3783 -23.1507 24.4861 -49.376 -25.4702
2 24 19.7461 -46.912 -24.948 23.7239 -49.0647 -26.8015
2 24 28.547 -51.0908 -26.9934 24.4861 -49.376 -25.4702
2 24 28.726 -51.4112 -28.3346 23.7239 -49.0647 -26.8015
2 24 27.1829 -42.8953 -17.6207 22.5269 -43.0941 -17.9504
2 24 29.5498 -44.4346 -19.0684 28.4093 -46.8049 -21.84
2 24 28.4093 -46.8049 -21.84 28.1736 -49.4143 -25.0345
2 24 28.547 -51.0908 -26.9934 24.4861 -49.376 -25.4702
2 24 28.1736 -49.4143 -25.0345 28.547 -51.0908 -26.9934
2 24 24.4861 -49.376 -25.4702 20.898 -47.3783 -23.1507
2 24 17.7262 -45.2216 -20.6591 15.401 -43.3218 -18.4835
2 24 22.5269 -43.0941 -17.9504 17.3112 -42.7888 -17.7439
2 24 20.898 -47.3783 -23.1507 17.7262 -45.2216 -20.6591
2 24 15.401 -43.3218 -18.4835 14.7298 -42.5967 -17.4425
2 24 17.3112 -42.7888 -17.7439 14.7298 -42.5967 -17.4425
2 24 41.3544 -41.8439 6.9727 40.4254 -40.6388 5.6371
2 24 41.3544 -41.8439 6.9727 40.4254 -40.6388 5.6371
2 24 45.6536 -41.3265 5.3533 40.4254 -40.6388 5.6371
2 24 52.8197 -45.1494 10.9671 46.9252 -44.1862 9.8372
2 24 52.8197 -45.1494 10.9671 51.9416 -43.6848 7.859
2 24 53.286 -44.2017 11.0913 52.8197 -45.1494 10.9671
2 24 53.286 -44.2017 11.0913 53.1949 -43.2581 9.2474
2 24 52.8197 -45.1494 10.9671 51.9416 -43.6848 7.859
2 24 45.6536 -41.3265 5.3533 51.0501 -41.9952 5.8384
2 24 51.9416 -43.6848 7.859 51.0501 -41.9952 5.8384
2 24 51.5256 -40.7192 5.9788 52.4781 -42.1794 7.3459
2 24 51.9416 -43.6848 7.859 51.0501 -41.9952 5.8384
2 24 53.1949 -43.2581 9.2474 52.4781 -42.1794 7.3459
2 24 52.4781 -42.1794 7.3459 51.5256 -40.7192 5.9788
2 24 53.3148 -41.1719 5.6381 51.5256 -40.7192 5.9788
2 24 55.9025 -43.4172 8.311 53.1949 -43.2581 9.2474
2 24 52.4781 -42.1794 7.3459 53.1949 -43.2581 9.2474
2 24 53.3148 -41.1719 5.6381 56.3265 -42.1859 5.1892
2 24 55.9025 -43.4172 8.311 58.4888 -43.6837 7.4506
2 24 58.4888 -43.6837 7.4506 60.1123 -43.8462 6.9402
2 24 60.1123 -43.8462 6.9402 58.6271 -42.9432 5.7357
2 24 56.3265 -42.1859 5.1892 58.6271 -42.9432 5.7357
2 24 58.9356 -45.9358 10.4834 55.9713 -45.1012 10.8576
2 24 58.4888 -43.6837 7.4506 55.9025 -43.4172 8.311
2 24 58.9356 -45.9358 10.4834 61.1019 -46.2575 10.0473
2 24 58.4888 -43.6837 7.4506 60.1123 -43.8462 6.9402
2 24 60.1123 -43.8462 6.9402 61.7338 -45.1429 7.9382
2 24 55.9025 -43.4172 8.311 53.1949 -43.2581 9.2474
2 24 55.9713 -45.1012 10.8576 53.286 -44.2017 11.0913
2 24 53.1949 -43.2581 9.2474 53.286 -44.2017 11.0913
2 24 61.7338 -45.1429 7.9382 62.58 -45.9314 8.7857
2 24 62.58 -45.9314 8.7857 62.8813 -46.2031 9.819
2 24 61.1019 -46.2575 10.0473 62.8813 -46.2031 9.819
2 24 53.3148 -41.1719 5.6381 51.5256 -40.7192 5.9788
2 24 51.5256 -40.7192 5.9788 51.1414 -40.5817 4.9692
2 24 53.1043 -41.2753 4.407 51.1414 -40.5817 4.9692
2 24 53.3148 -41.1719 5.6381 56.3265 -42.1859 5.1892
2 24 56.3265 -42.1859 5.1892 55.6451 -42.1319 4.1486
2 24 53.1043 -41.2753 4.407 55.6451 -42.1319 4.1486
2 24 51.5256 -40.7192 5.9788 51.1414 -40.5817 4.9692
2 24 51.0501 -41.9952 5.8384 50.6858 -41.2946 4.1635
2 24 50.6858 -41.2946 4.1635 50.1395 -40.0448 2.7329
2 24 51.1414 -40.5817 4.9692 51.0217 -39.0018 4.3849
2 24 51.0217 -39.0018 4.3849 51.5615 -37.1373 6.4376
2 24 51.5615 -37.1373 6.4376 51.169 -36.3231 6.031
2 24 51.169 -36.3231 6.031 50.0115 -38.0169 0.3544
2 24 51.0501 -41.9952 5.8384 45.6536 -41.3265 5.3533
2 24 51.0501 -41.9952 5.8384 50.6858 -41.2946 4.1635
2 24 50.6858 -41.2946 4.1635 50.1395 -40.0448 2.7329
2 24 50.1395 -40.0448 2.7329 43.9263 -38.5061 1.7985
2 24 40.4254 -40.6388 5.6371 45.6536 -41.3265 5.3533
2 24 40.4254 -40.6388 5.6371 38.82 -38.9685 3.7806
2 24 43.9263 -38.5061 1.7985 37.3263 -36.8678 1.9131
2 24 38.82 -38.9685 3.7806 37.3263 -36.8678 1.9131
2 24 40.4254 -40.6388 5.6371 38.82 -38.9685 3.7806
2 24 39.4419 -43.9125 5.3494 36.9566 -41.4792 2.5632
2 24 38.82 -38.9685 3.7806 37.3263 -36.8678 1.9131
2 24 36.9566 -41.4792 2.5632 36.1505 -40.2624 0.379
2 24 37.3263 -36.8678 1.9131 36.7454 -36.3704 1.1462
2 24 35.1844 -38.4798 -1.1503 36.1505 -40.2624 0.379
2 24 36.7454 -36.3704 1.1462 41.3496 -37.6866 0.6297
2 24 36.7454 -36.3704 1.1462 37.3263 -36.8678 1.9131
2 24 37.3263 -36.8678 1.9131 43.9263 -38.5061 1.7985
2 24 41.3496 -37.6866 0.6297 46.0724 -39.2283 0.4924
2 24 46.0724 -39.2283 0.4924 48.4743 -39.9782 0.5849
2 24 43.9263 -38.5061 1.7985 50.1395 -40.0448 2.7329
2 24 50.1395 -40.0448 2.7329 49.6881 -39.9826 1.0161
2 24 48.4743 -39.9782 0.5849 49.6881 -39.9826 1.0161
2 24 50.1395 -40.0448 2.7329 49.6881 -39.9826 1.0161
2 24 50.0115 -38.0169 0.3544 49.6881 -39.9826 1.0161
2 24 48.8141 -37.6935 -0.1761 50.0115 -38.0169 0.3544
2 24 50.0115 -38.0169 0.3544 49.6881 -39.9826 1.0161
2 24 48.4743 -39.9782 0.5849 49.6881 -39.9826 1.0161
2 24 48.8141 -37.6935 -0.1761 46.0741 -36.9667 -0.1768
2 24 48.4743 -39.9782 0.5849 46.0724 -39.2283 0.4924
2 24 46.0741 -36.9667 -0.1768 41.3429 -35.6759 0.1142
2 24 46.0724 -39.2283 0.4924 41.3496 -37.6866 0.6297
2 24 41.3429 -35.6759 0.1142 36.6536 -34.1115 1.0622
2 24 36.6536 -34.1115 1.0622 36.7454 -36.3704 1.1462
2 24 41.3496 -37.6866 0.6297 36.7454 -36.3704 1.1462
2 24 48.8141 -37.6935 -0.1761 50.0115 -38.0169 0.3544
2 24 48.12 -35.1133 4.4485 51.169 -36.3231 6.031
2 24 50.0115 -38.0169 0.3544 51.169 -36.3231 6.031
2 24 48.8141 -37.6935 -0.1761 46.0741 -36.9667 -0.1768
2 24 48.12 -35.1133 4.4485 45.3306 -34.7534 3.221
2 24 46.0741 -36.9667 -0.1768 41.3429 -35.6759 0.1142
2 24 45.3306 -34.7534 3.221 41.2393 -34.3569 1.8571
2 24 36.6536 -34.1115 1.0622 41.2393 -34.3569 1.8571
2 24 36.6536 -34.1115 1.0622 41.3429 -35.6759 0.1142
2 24 53.1043 -41.2753 4.407 51.1414 -40.5817 4.9692
2 24 51.1414 -40.5817 4.9692 51.0217 -39.0018 4.3849
2 24 53.2774 -39.756 3.7548 51.0217 -39.0018 4.3849
2 24 53.1043 -41.2753 4.407 55.6451 -42.1319 4.1486
2 24 55.6451 -42.1319 4.1486 56.1941 -40.5944 3.4072
2 24 53.2774 -39.756 3.7548 56.1941 -40.5944 3.4072
2 24 57.4227 -39.77 5.0736 56.1941 -40.5944 3.4072
2 24 56.3265 -42.1859 5.1892 55.6451 -42.1319 4.1486
2 24 56.1941 -40.5944 3.4072 55.6451 -42.1319 4.1486
2 24 56.3265 -42.1859 5.1892 58.0157 -39.7039 6.3611
2 24 57.4227 -39.77 5.0736 57.884 -39.2976 6.1892
2 24 58.0157 -39.7039 6.3611 58.6123 -38.848 7.7624
2 24 57.884 -39.2976 6.1892 58.2918 -38.571 7.7478
2 24 58.6123 -38.848 7.7624 58.2918 -38.571 7.7478
2 24 51.5615 -37.1373 6.4376 53.282 -37.3516 6.9423
2 24 51.5615 -37.1373 6.4376 51.0217 -39.0018 4.3849
2 24 51.0217 -39.0018 4.3849 53.2774 -39.756 3.7548
2 24 53.2774 -39.756 3.7548 56.1941 -40.5944 3.4072
2 24 53.282 -37.3516 6.9423 55.9775 -37.8708 7.384
2 24 55.9775 -37.8708 7.384 58.2918 -38.571 7.7478
2 24 57.884 -39.2976 6.1892 58.2918 -38.571 7.7478
2 24 56.1941 -40.5944 3.4072 57.4227 -39.77 5.0736
2 24 57.884 -39.2976 6.1892 57.4227 -39.77 5.0736
2 24 56.3265 -42.1859 5.1892 58.0157 -39.7039 6.3611
2 24 56.3265 -42.1859 5.1892 58.6271 -42.9432 5.7357
2 24 58.0157 -39.7039 6.3611 59.4507 -40.7504 6.5964
2 24 58.0157 -39.7039 6.3611 58.6123 -38.848 7.7624
2 24 58.0157 -39.7039 6.3611 59.4507 -40.7504 6.5964
2 24 58.6123 -38.848 7.7624 60.1418 -39.7172 8.0504
2 24 59.4507 -40.7504 6.5964 61.0344 -42.2965 7.3235
2 24 58.6271 -42.9432 5.7357 60.1123 -43.8462 6.9402
2 24 59.4507 -40.7504 6.5964 61.0344 -42.2965 7.3235
2 24 60.1418 -39.7172 8.0504 61.3797 -40.9042 8.3269
2 24 61.0344 -42.2965 7.3235 62.5105 -43.5977 8.0672
2 24 60.1123 -43.8462 6.9402 61.7338 -45.1429 7.9382
2 24 61.0344 -42.2965 7.3235 62.5105 -43.5977 8.0672
2 24 61.3797 -40.9042 8.3269 62.41 -42.2607 8.6924
2 24 61.7338 -45.1429 7.9382 62.58 -45.9314 8.7857
2 24 62.5105 -43.5977 8.0672 63.2931 -44.4386 8.9203
2 24 62.58 -45.9314 8.7857 62.8813 -46.2031 9.819
2 24 63.2931 -44.4386 8.9203 63.6732 -44.8402 9.7498
2 24 62.5105 -43.5977 8.0672 63.2931 -44.4386 8.9203
2 24 62.41 -42.2607 8.6924 62.9129 -43.0215 9.0246
2 24 62.9129 -43.0215 9.0246 63.198 -43.3271 9.5453
2 24 63.198 -43.3271 9.5453 63.2731 -43.3422 10.0939
2 24 63.2931 -44.4386 8.9203 63.6732 -44.8402 9.7498
2 24 62.7052 -42.1571 8.8089 62.9129 -43.0215 9.0246
2 24 63.2196 -42.0357 9.2797 63.198 -43.3271 9.5453
2 24 62.9129 -43.0215 9.0246 63.198 -43.3271 9.5453
2 24 63.2372 -42.4075 10.6212 63.2731 -43.3422 10.0939
2 24 63.2731 -43.3422 10.0939 63.198 -43.3271 9.5453
2 24 63.4572 -42.3781 10.0236 63.198 -43.3271 9.5453
2 24 63.2196 -42.0357 9.2797 62.8126 -40.1422 9.2916
2 24 62.7052 -42.1571 8.8089 62.226 -40.5916 8.5515
2 24 62.226 -40.5916 8.5515 60.8367 -38.0349 8.4318
2 24 62.8126 -40.1422 9.2916 61.0552 -37.2578 9.6904
2 24 61.0552 -37.2578 9.6904 58.3549 -34.2277 9.8825
2 24 60.8367 -38.0349 8.4318 58.3446 -35.3114 8.2742
2 24 58.3549 -34.2277 9.8825 55.9393 -32.2214 9.5806
2 24 58.3446 -35.3114 8.2742 55.7072 -33.4759 7.6867
2 24 55.9393 -32.2214 9.5806 53.0697 -30.3932 8.9433
2 24 55.7072 -33.4759 7.6867 52.6779 -31.9995 6.5769
2 24 52.6779 -31.9995 6.5769 49.8077 -30.8238 5.4548
2 24 53.0697 -30.3932 8.9433 49.962 -29.0049 7.8346
2 24 49.8077 -30.8238 5.4548 46.5385 -29.9346 4.1686
2 24 49.962 -29.0049 7.8346 46.7977 -27.8561 6.7189
2 24 46.7977 -27.8561 6.7189 41.5018 -26.0166 5.6018
2 24 46.5385 -29.9346 4.1686 41.36 -28.602 2.8162
2 24 41.5018 -26.0166 5.6018 36.4333 -23.947 5.1533
2 24 36.4333 -23.947 5.1533 36.6722 -27.0576 1.9701
2 24 41.36 -28.602 2.8162 36.6722 -27.0576 1.9701
2 24 55.9393 -32.2214 9.5806 53.0697 -30.3932 8.9433
2 24 55.3087 -31.9057 14.3756 50.4721 -29.536 14.1913
2 24 63.2372 -42.4075 10.6212 62.9753 -40.7498 11.6015
2 24 63.4572 -42.3781 10.0236 63.2296 -40.3171 10.7299
2 24 63.2296 -40.3171 10.7299 63.4572 -42.3781 10.0236
2 24 62.9753 -40.7498 11.6015 61.5435 -38.3964 13.1624
2 24 63.2296 -40.3171 10.7299 61.5194 -37.5353 12.0007
2 24 63.2296 -40.3171 10.7299 61.5194 -37.5353 12.0007
2 24 61.5435 -38.3964 13.1624 58.4755 -35.2613 15.286
2 24 61.5194 -37.5353 12.0007 58.3397 -33.955 13.5917
2 24 61.5194 -37.5353 12.0007 58.3397 -33.955 13.5917
2 24 58.4755 -35.2613 15.286 55.538 -33.4002 16.0987
2 24 58.3397 -33.955 13.5917 55.3087 -31.9057 14.3756
2 24 62.8126 -40.1422 9.2916 63.2196 -42.0357 9.2797
2 24 62.8126 -40.1422 9.2916 61.0552 -37.2578 9.6904
2 24 61.0552 -37.2578 9.6904 58.3549 -34.2277 9.8825
2 24 63.2196 -42.0357 9.2797 63.198 -43.3271 9.5453
2 24 63.4572 -42.3781 10.0236 63.198 -43.3271 9.5453
2 24 55.9393 -32.2214 9.5806 58.3549 -34.2277 9.8825
2 24 55.3087 -31.9057 14.3756 58.3397 -33.955 13.5917
2 24 55.538 -33.4002 16.0987 51.2194 -31.4027 16.3088
2 24 55.3087 -31.9057 14.3756 50.4721 -29.536 14.1913
2 24 62.7052 -42.1571 8.8089 62.226 -40.5916 8.5515
2 24 62.41 -42.2607 8.6924 61.3797 -40.9042 8.3269
2 24 62.226 -40.5916 8.5515 60.8367 -38.0349 8.4318
2 24 61.3797 -40.9042 8.3269 60.1418 -39.7172 8.0504
2 24 58.3446 -35.3114 8.2742 55.7072 -33.4759 7.6867
2 24 60.8367 -38.0349 8.4318 58.3446 -35.3114 8.2742
2 24 55.7072 -33.4759 7.6867 52.6779 -31.9995 6.5769
2 24 52.6779 -31.9995 6.5769 49.8077 -30.8238 5.4548
2 24 49.8077 -30.8238 5.4548 46.5385 -29.9346 4.1686
2 24 46.5385 -29.9346 4.1686 41.36 -28.602 2.8162
2 24 48.12 -35.1133 4.4485 51.169 -36.3231 6.031
2 24 48.12 -35.1133 4.4485 45.3306 -34.7534 3.221
2 24 45.3306 -34.7534 3.221 41.2393 -34.3569 1.8571
2 24 60.1418 -39.7172 8.0504 58.6123 -38.848 7.7624
2 24 58.6123 -38.848 7.7624 58.2918 -38.571 7.7478
2 24 58.2918 -38.571 7.7478 55.9775 -37.8708 7.384
2 24 55.9775 -37.8708 7.384 53.282 -37.3516 6.9423
2 24 53.282 -37.3516 6.9423 51.5615 -37.1373 6.4376
2 24 51.169 -36.3231 6.031 51.5615 -37.1373 6.4376
2 24 62.7052 -42.1571 8.8089 62.9129 -43.0215 9.0246
2 24 62.41 -42.2607 8.6924 62.9129 -43.0215 9.0246
2 24 36.5149 -29.2899 1.1887 36.6722 -27.0576 1.9701
2 24 41.36 -28.602 2.8162 36.6722 -27.0576 1.9701
2 24 36.5149 -29.2899 1.1887 35.5262 -30.6163 0.8437
2 24 41.2393 -34.3569 1.8571 36.6536 -34.1115 1.0622
2 24 35.5262 -30.6163 0.8437 32.447 -32.1005 0.5671
2 24 36.6536 -34.1115 1.0622 32.4688 -33.2576 0.7957
2 24 32.447 -32.1005 0.5671 29.9669 -32.8906 0.5006
2 24 32.4688 -33.2576 0.7957 29.9669 -32.8906 0.5006
2 24 21.514 -15.8207 -3.7498 22.0428 -13.6904 -3.7912
2 24 21.4476 -15.7451 -0.0425 21.8474 -13.8616 1.8332
2 24 22.0428 -13.6904 -3.7912 21.8474 -13.8616 1.8332
2 24 21.514 -15.8207 -3.7498 21.4902 -19.6555 -3.4167
2 24 21.4476 -15.7451 -0.0425 21.4436 -20.0169 -1.1231
2 24 21.4902 -19.6555 -3.4167 21.4817 -25.9229 -3.1369
2 24 21.4436 -20.0169 -1.1231 21.475 -26.1982 -1.5268
2 24 21.4817 -25.9229 -3.1369 21.9588 -29.1422 -2.7724
2 24 21.475 -26.1982 -1.5268 21.8985 -28.6506 -1.2086
2 24 23.0669 -31.5247 -2.089 22.405 -30.53 -0.5403
2 24 21.9588 -29.1422 -2.7724 23.0669 -31.5247 -2.089
2 24 21.8985 -28.6506 -1.2086 22.405 -30.53 -0.5403
2 24 27.7423 -33.3489 -0.4234 24.5746 -32.8483 0.0454
2 24 24.5746 -32.8483 0.0454 24.0282 -32.3633 -1.4399
2 24 27.4724 -33.0918 -1.3943 24.0282 -32.3633 -1.4399
2 24 27.4724 -33.0918 -1.3943 31.2229 -32.2433 -0.9369
2 24 27.7423 -33.3489 -0.4234 29.9669 -32.8906 0.5006
2 24 29.9669 -32.8906 0.5006 32.447 -32.1005 0.5671
2 24 31.2229 -32.2433 -0.9369 35.1191 -30.6157 -0.7785
2 24 32.447 -32.1005 0.5671 35.5262 -30.6163 0.8437
2 24 35.1191 -30.6157 -0.7785 36.4398 -29.3624 -0.3704
2 24 36.4398 -29.3624 -0.3704 36.5149 -29.2899 1.1887
2 24 35.5262 -30.6163 0.8437 36.5149 -29.2899 1.1887
2 24 36.4398 -29.3624 -0.3704 36.6892 -27.0725 -0.4533
2 24 36.4398 -29.3624 -0.3704 36.5149 -29.2899 1.1887
2 24 36.5149 -29.2899 1.1887 36.6722 -27.0576 1.9701
2 24 36.6892 -27.0725 -0.4533 36.3143 -24.0146 -0.543
2 24 36.6722 -27.0576 1.9701 36.4333 -23.947 5.1533
2 24 36.3143 -24.0146 -0.543 36.6613 -22.3439 -0.6875
2 24 33.5255 -29.2409 -4.0013 34.4573 -28.3499 -3.8376
2 24 34.4573 -28.3499 -3.8376 36.4398 -29.3624 -0.3704
2 24 35.1191 -30.6157 -0.7785 36.4398 -29.3624 -0.3704
2 24 34.4943 -26.1189 -3.9758 34.4573 -28.3499 -3.8376
2 24 36.6892 -27.0725 -0.4533 36.4398 -29.3624 -0.3704
2 24 34.4573 -28.3499 -3.8376 36.4398 -29.3624 -0.3704
2 24 35.3616 -21.9727 -2.7776 36.6613 -22.3439 -0.6875
2 24 36.3143 -24.0146 -0.543 36.6613 -22.3439 -0.6875
2 24 34.4943 -26.1189 -3.9758 34.2246 -23.1115 -4.3485
2 24 36.6892 -27.0725 -0.4533 36.3143 -24.0146 -0.543
2 24 34.2246 -23.1115 -4.3485 34.6149 -18.4998 -5.4415
2 24 35.3616 -21.9727 -2.7776 34.6149 -18.4998 -5.4415
2 24 24.422 -17.42 -6.4186 24.741 -15.9375 -6.4213
2 24 21.514 -15.8207 -3.7498 22.0428 -13.6904 -3.7912
2 24 24.422 -17.42 -6.4186 24.4775 -20.1749 -6.2164
2 24 21.514 -15.8207 -3.7498 21.4902 -19.6555 -3.4167
2 24 24.6445 -23.8241 -5.8946 24.9077 -28.0414 -5.5412
2 24 21.4817 -25.9229 -3.1369 21.9588 -29.1422 -2.7724
2 24 24.9077 -28.0414 -5.5412 25.2589 -29.8082 -5.1413
2 24 21.9588 -29.1422 -2.7724 23.0669 -31.5247 -2.089
2 24 25.2589 -29.8082 -5.1413 26.3619 -30.8909 -4.7361
2 24 23.0669 -31.5247 -2.089 24.0282 -32.3633 -1.4399
2 24 26.3619 -30.8909 -4.7361 27.689 -31.1464 -4.6014
2 24 24.0282 -32.3633 -1.4399 27.4724 -33.0918 -1.3943
2 24 33.5255 -29.2409 -4.0013 30.2986 -30.5424 -4.4033
2 24 35.1191 -30.6157 -0.7785 31.2229 -32.2433 -0.9369
2 24 27.689 -31.1464 -4.6014 30.2986 -30.5424 -4.4033
2 24 27.4724 -33.0918 -1.3943 31.2229 -32.2433 -0.9369
2 24 24.4775 -20.1749 -6.2164 24.6445 -23.8241 -5.8946
2 24 21.4902 -19.6555 -3.4167 21.4817 -25.9229 -3.1369
2 24 22.0428 -13.6904 -3.7912 23.6284 -12.8364 -3.4856
2 24 24.741 -15.9375 -6.4213 25.7391 -15.062 -6.4074
2 24 22.0428 -13.6904 -3.7912 21.8474 -13.8616 1.8332
2 24 22.0428 -13.6904 -3.7912 23.6284 -12.8364 -3.4856
2 24 21.8474 -13.8616 1.8332 23.5695 -12.8725 3.4588
2 24 23.5695 -12.8725 3.4588 23.0361 -13.0502 4.2362
2 24 25.7899 -11.9931 4.2284 23.0361 -13.0502 4.2362
2 24 23.6284 -12.8364 -3.4856 27.5181 -12.055 -2.9811
2 24 25.7391 -15.062 -6.4074 28.5098 -14.7379 -6.3306
2 24 27.5181 -12.055 -2.9811 31.0657 -12.2642 -2.4317
2 24 28.5098 -14.7379 -6.3306 32.0174 -14.5959 -5.8492
2 24 24.9077 -28.0414 -5.5412 25.2589 -29.8082 -5.1413
2 24 25.2589 -29.8082 -5.1413 26.3619 -30.8909 -4.7361
2 24 26.3619 -30.8909 -4.7361 27.689 -31.1464 -4.6014
2 24 27.689 -31.1464 -4.6014 30.2986 -30.5424 -4.4033
2 24 30.2986 -30.5424 -4.4033 33.5255 -29.2409 -4.0013
2 24 33.5255 -29.2409 -4.0013 34.4573 -28.3499 -3.8376
2 24 34.4573 -28.3499 -3.8376 34.4943 -26.1189 -3.9758
2 24 24.9077 -28.0414 -5.5412 24.6445 -23.8241 -5.8946
2 24 34.4943 -26.1189 -3.9758 34.2246 -23.1115 -4.3485
2 24 24.6445 -23.8241 -5.8946 24.4775 -20.1749 -6.2164
2 24 34.2246 -23.1115 -4.3485 34.6149 -18.4998 -5.4415
2 24 25.7391 -15.062 -6.4074 24.741 -15.9375 -6.4213
2 24 24.741 -15.9375 -6.4213 24.422 -17.42 -6.4186
2 24 24.4775 -20.1749 -6.2164 24.422 -17.42 -6.4186
2 24 25.7391 -15.062 -6.4074 28.5098 -14.7379 -6.3306
2 24 28.5098 -14.7379 -6.3306 32.0174 -14.5959 -5.8492
2 24 38.867 -20.9866 -0.3576 36.6613 -22.3439 -0.6875
2 24 36.6613 -22.3439 -0.6875 35.3616 -21.9727 -2.7776
2 24 38.3752 -19.9456 -3.1933 35.3616 -21.9727 -2.7776
2 24 38.3752 -19.9456 -3.1933 35.3616 -21.9727 -2.7776
2 24 34.6149 -18.4998 -5.4415 35.3616 -21.9727 -2.7776
2 24 32.0174 -14.5959 -5.8492 34.7314 -13.7546 -5.4964
2 24 34.7314 -13.7546 -5.4964 36.5406 -11.5946 -5.783
2 24 38.867 -20.9866 -0.3576 42.282 -19.4703 0.1581
2 24 42.282 -19.4703 0.1581 41.4234 -18.588 -2.8157
2 24 38.3752 -19.9456 -3.1933 41.4234 -18.588 -2.8157
2 24 42.3701 -15.1933 -4.8422 41.4234 -18.588 -2.8157
2 24 38.3752 -19.9456 -3.1933 41.4234 -18.588 -2.8157
2 24 42.3701 -15.1933 -4.8422 44.6439 -12.1062 -5.5097
2 24 42.282 -19.4703 0.1581 41.4234 -18.588 -2.8157
2 24 42.282 -19.4703 0.1581 43.7111 -16.2584 -1.4966
2 24 41.4234 -18.588 -2.8157 42.3701 -15.1933 -4.8422
2 24 44.6439 -12.1062 -5.5097 46.416 -12.3921 -1.9597
2 24 42.3701 -15.1933 -4.8422 44.6439 -12.1062 -5.5097
2 24 43.7111 -16.2584 -1.4966 46.416 -12.3921 -1.9597
2 24 46.416 -12.3921 -1.9597 44.6439 -12.1062 -5.5097
2 24 46.416 -12.3921 -1.9597 46.6884 -7.8944 -2.9701
2 24 44.6439 -12.1062 -5.5097 44.3486 -8.2593 -6.4357
2 24 44.3486 -8.2593 -6.4357 45.1776 -4.9669 -7.6978
2 24 45.1776 -4.9669 -7.6978 48.5964 -4.4249 -4.7237
2 24 46.6884 -7.8944 -2.9701 48.5964 -4.4249 -4.7237
2 24 36.5406 -11.5946 -5.783 37.6114 -7.955 -6.7723
2 24 37.6114 -7.955 -6.7723 35.7931 -5.9741 -7.5116
2 24 44.6439 -12.1062 -5.5097 44.3486 -8.2593 -6.4357
2 24 35.7931 -5.9741 -7.5116 33.5206 -3.962 -7.6351
2 24 39.7853 -4.831 -8.4616 33.5206 -3.962 -7.6351
2 24 44.3486 -8.2593 -6.4357 45.1776 -4.9669 -7.6978
2 24 39.7853 -4.831 -8.4616 45.1776 -4.9669 -7.6978
2 24 35.7931 -5.9741 -7.5116 33.5206 -3.962 -7.6351
2 24 33.9758 -6.2062 -4.363 32.3372 -3.9474 -4.7037
2 24 33.5206 -3.962 -7.6351 32.3372 -3.9474 -4.7037
2 24 37.6114 -7.955 -6.7723 35.1054 -7.8455 -4.0003
2 24 35.7931 -5.9741 -7.5116 37.6114 -7.955 -6.7723
2 24 33.9758 -6.2062 -4.363 35.1054 -7.8455 -4.0003
2 24 32.0174 -14.5959 -5.8492 34.7314 -13.7546 -5.4964
2 24 31.0657 -12.2642 -2.4317 33.5732 -11.6145 -2.2527
2 24 34.7314 -13.7546 -5.4964 36.5406 -11.5946 -5.783
2 24 33.5732 -11.6145 -2.2527 34.4045 -9.8562 -2.5612
2 24 35.1054 -7.8455 -4.0003 37.6114 -7.955 -6.7723
2 24 36.5406 -11.5946 -5.783 37.6114 -7.955 -6.7723
2 24 35.1054 -7.8455 -4.0003 34.5253 -8.0006 -3.0387
2 24 34.4045 -9.8562 -2.5612 34.5253 -8.0006 -3.0387
2 24 33.9758 -6.2062 -4.363 32.3372 -3.9474 -4.7037
2 24 32.171 -6.0083 -3.2395 29.6945 -3.1762 -2.7746
2 24 35.1054 -7.8455 -4.0003 34.5253 -8.0006 -3.0387
2 24 33.9758 -6.2062 -4.363 35.1054 -7.8455 -4.0003
2 24 32.171 -6.0083 -3.2395 34.5253 -8.0006 -3.0387
2 24 31.0657 -12.2642 -2.4317 33.5732 -11.6145 -2.2527
2 24 31.3107 -12.1443 8.126 33.2273 -11.62 8.1211
2 24 33.5732 -11.6145 -2.2527 33.2273 -11.62 8.1211
2 24 33.5732 -11.6145 -2.2527 34.4045 -9.8562 -2.5612
2 24 33.2273 -11.62 8.1211 34.0971 -10.0657 8.1091
2 24 34.4027 -8.0943 2.9833 34.5009 -8.123 2.425
2 24 34.5009 -8.123 2.425 32.3879 -6.3802 2.4795
2 24 34.5009 -8.123 2.425 34.5253 -8.0006 -3.0387
2 24 34.5253 -8.0006 -3.0387 32.171 -6.0083 -3.2395
2 24 32.2125 -7.0109 2.9738 34.5009 -8.123 2.425
2 24 34.4027 -8.0943 2.9833 32.2125 -7.0109 2.9738
2 24 34.4027 -8.0943 2.9833 34.5009 -8.123 2.425
2 24 34.5009 -8.123 2.425 32.3879 -6.3802 2.4795
2 24 32.2125 -7.0109 2.9738 30.5307 -4.952 2.8251
2 24 30.5307 -4.952 2.8251 30.5501 -4.5025 2.3722
2 24 32.3879 -6.3802 2.4795 30.5501 -4.5025 2.3722
2 24 32.3879 -6.3802 2.4795 30.5501 -4.5025 2.3722
2 24 29.7271 -3.163 2.3481 29.6945 -3.1762 -2.7746
2 24 30.5501 -4.5025 2.3722 29.7271 -3.163 2.3481
2 24 32.171 -6.0083 -3.2395 29.6945 -3.1762 -2.7746
2 24 62.8744 -45.8872 11.0213 62.8813 -46.2031 9.819
2 24 63.5503 -44.424 10.495 63.6732 -44.8402 9.7498
2 24 63.2068 -43.1889 10.4718 63.2731 -43.3422 10.0939
2 24 63.5503 -44.424 10.495 63.6732 -44.8402 9.7498
2 24 62.7842 -42.3558 11.2858 63.2068 -43.1889 10.4718
2 24 63.2068 -43.1889 10.4718 63.2731 -43.3422 10.0939
2 24 63.2372 -42.4075 10.6212 63.2731 -43.3422 10.0939
2 24 45.3697 -27.5196 13.2421 50.4721 -29.536 14.1913
2 24 45.7868 -29.8158 15.8299 51.2194 -31.4027 16.3088
2 24 50.4721 -29.536 14.1913 45.3697 -27.5196 13.2421
2 24 22.8968 -34.6489 4.4247 25.4774 -34.6793 4.425
2 24 23.0361 -13.0502 4.2362 25.7899 -11.9931 4.2284
2 24 27.9824 -36.0026 5.84 27.9978 -11.8627 5.4718
2 24 25.4774 -34.6793 4.425 27.9824 -36.0026 5.84
2 24 25.7899 -11.9931 4.2284 27.9978 -11.8627 5.4718
2 24 28.0771 -38.7837 8.3598 28.6498 -11.8653 8.1248
2 24 27.9824 -36.0026 5.84 28.0771 -38.7837 8.3598
2 24 27.9978 -11.8627 5.4718 28.6498 -11.8653 8.1248
2 24 23.0361 -13.0502 4.2362 19.8066 -11.1374 4.2195
2 24 17.8566 -34.1945 4.4208 14.9763 -32.0439 4.3956
2 24 19.8066 -11.1374 4.2195 16.2746 -10.5006 4.214
2 24 14.9763 -32.0439 4.3956 12.7984 -25.8496 4.3479
2 24 16.2746 -10.5006 4.214 13.1658 -10.8352 4.2169
2 24 -19.0354 -22.4788 10.0212 -18.3654 -22.5866 7.8773
2 24 -19.0354 -14.0036 10.0212 -18.3654 -14.1898 7.8773
2 24 -18.3654 -22.5866 7.8773 -16.9625 -22.4373 6.8083
2 24 -18.3654 -14.1898 7.8773 -16.9626 -14.327 6.8083
2 24 -16.9625 -22.4373 6.8083 -15.2827 -22.7614 6.4349
2 24 -16.9626 -14.327 6.8083 -15.2827 -14.165 6.4349
2 24 -15.2827 -22.7614 6.4349 -13.5534 -23.551 6.9279
2 24 -15.2827 -14.165 6.4349 -13.5534 -13.6655 6.9279
2 24 -11.9392 -25.3322 8.2423 -11.9392 -13.0184 8.1349
2 24 -13.5534 -23.551 6.9279 -11.9392 -25.3322 8.2423
2 24 -13.5534 -13.6655 6.9279 -11.9392 -13.0184 8.1349
2 24 -9.9269 -26.9664 8.2566 -11.9392 -25.3322 8.2423
2 24 -9.2562 -12.2009 8.1277 -11.9392 -13.0184 8.1349
2 24 -11.9392 -25.3322 8.2423 -11.9392 -13.0184 8.1349
2 24 -9.9269 -26.9664 8.2566 -5.3737 -27.9317 8.265
2 24 -9.2562 -12.2009 8.1277 -5.6924 -12.2112 8.1278
2 24 -5.3737 -27.9317 8.265 -2.4802 -26.7149 8.2543
2 24 -5.6924 -12.2112 8.1278 -3.0767 -14.1379 8.1446
2 24 -8.3663 -27.69 10.0212 -9.9269 -26.9664 8.2566
2 24 -9.9269 -26.9664 8.2566 -11.9392 -25.3322 8.2423
2 24 -11.9392 -25.0631 10.0212 -11.9392 -25.3322 8.2423
2 24 -15.2827 -22.7614 6.4349 -13.5534 -23.551 6.9279
2 24 -13.7776 -24.1044 8.1289 -11.9392 -25.3322 8.2423
2 24 -13.5534 -23.551 6.9279 -11.9392 -25.3322 8.2423
2 24 -18.3654 -22.5866 7.8773 -16.2283 -23.0623 7.9345
2 24 -18.3654 -22.5866 7.8773 -16.9625 -22.4373 6.8083
2 24 -8.3663 -27.69 10.0212 -9.9269 -26.9664 8.2566
2 24 -9.9269 -26.9664 8.2566 -5.3737 -27.9317 8.265
2 24 -4.9749 -28.4566 10.0212 -5.3737 -27.9317 8.265
2 24 -2.4802 -26.7149 8.2543 -5.3737 -27.9317 8.265
2 24 -4.9749 -28.4566 10.0212 -5.3737 -27.9317 8.265
2 24 -2.4802 -26.7149 8.2543 0.9393 -27.0795 7.757
2 24 3.68 -27.3502 8.2599 5.6179 -26.7903 7.2313
2 24 3.68 -0.0323 8.0215 5.6179 -0.0338 7.0876
2 24 5.6179 -26.7903 7.2313 7.4263 -25.2043 5.7312
2 24 5.6179 -0.0338 7.0876 7.2449 -0.0338 5.6027
2 24 8.9339 -24.0717 4.3324 8.4207 -1.8843 4.1388
2 24 7.4263 -25.2043 5.7312 8.9339 -24.0717 4.3324
2 24 12.7984 -25.8496 4.3479 8.9339 -24.0717 4.3324
2 24 13.1658 -10.8352 4.2169 12.6174 -9.2967 4.2035
2 24 0.9922 -26.7682 10.0212 3.68 -27.3502 8.2599
2 24 0.9393 -27.0795 7.757 3.68 -27.3502 8.2599
2 24 3.68 -27.3502 8.2599 5.4411 -28.3413 7.9902
2 24 5.4411 -28.3413 7.9902 6.5649 -29.7018 8.9304
2 24 7.1273 -31.7596 10.0212 6.5649 -29.7018 8.9304
2 24 3.68 -27.3502 8.2599 5.4411 -28.3413 7.9902
2 24 3.68 -27.3502 8.2599 5.6179 -26.7903 7.2313
2 24 8.9339 -24.0717 4.3324 12.7984 -25.8496 4.3479
2 24 12.7984 -25.8496 4.3479 13.3145 -27.8941 6.8514
2 24 8.9339 -24.0717 4.3324 7.4263 -25.2043 5.7312
2 24 5.6179 -26.7903 7.2313 7.4263 -25.2043 5.7312
2 24 6.5649 -29.7018 8.9304 7.1273 -31.7596 10.0212
2 24 7.1273 -31.7596 10.0212 11.066 -31.1696 10.0212
2 24 11.066 -31.1696 10.0212 15.2839 -32.9511 10.0212
2 24 14.3486 -30.6288 8.3317 15.2839 -32.9511 10.0212
2 24 5.4411 -28.3413 7.9902 6.5649 -29.7018 8.9304
2 24 13.3145 -27.8941 6.8514 14.3486 -30.6288 8.3317
2 24 14.9763 -32.0439 4.3956 15.5917 -34.3219 5.8577
2 24 17.8566 -34.1945 4.4208 14.9763 -32.0439 4.3956
2 24 12.7984 -25.8496 4.3479 13.3145 -27.8941 6.8514
2 24 12.7984 -25.8496 4.3479 14.9763 -32.0439 4.3956
2 24 14.9763 -32.0439 4.3956 15.5917 -34.3219 5.8577
2 24 15.5917 -34.3219 5.8577 16.3579 -36.5461 6.6817
2 24 16.3579 -36.5461 6.6817 18.7279 -35.7469 4.4343
2 24 17.8566 -34.1945 4.4208 18.7279 -35.7469 4.4343
2 24 17.1186 -38.5636 10.0212 16.3579 -36.5461 6.6817
2 24 15.2839 -32.9511 10.0212 14.3486 -30.6288 8.3317
2 24 15.5917 -34.3219 5.8577 16.3579 -36.5461 6.6817
2 24 13.3145 -27.8941 6.8514 14.3486 -30.6288 8.3317
2 24 24.0189 -40.738 10.0212 22.9568 -39.1952 7.7189
2 24 25.5212 -39.1032 10.0212 24.7848 -37.6672 7.6389
2 24 25.5212 -39.1032 10.0212 24.7848 -37.6672 7.6389
2 24 28.0771 -38.7837 8.3598 27.9824 -36.0026 5.84
2 24 27.9824 -36.0026 5.84 25.4774 -34.6793 4.425
2 24 25.4774 -34.6793 4.425 22.8968 -34.6489 4.4247
2 24 24.7848 -37.6672 7.6389 22.8968 -34.6489 4.4247
2 24 22.9568 -39.1952 7.7189 21.3589 -36.5374 4.4412
2 24 24.7848 -37.6672 7.6389 22.8968 -34.6489 4.4247
2 24 21.3589 -36.5374 4.4412 22.8968 -34.6489 4.4247
2 24 18.7279 -35.7469 4.4343 16.3579 -36.5461 6.6817
2 24 18.7279 -35.7469 4.4343 21.3589 -36.5374 4.4412
2 24 21.3589 -36.5374 4.4412 22.9568 -39.1952 7.7189
2 24 17.1186 -38.5636 10.0212 16.3579 -36.5461 6.6817
2 24 24.0189 -40.738 10.0212 22.9568 -39.1952 7.7189
2 24 32.2233 -40.8042 10.1985 31.9248 -40.3693 8.3685
2 24 28.0771 -38.7837 8.3598 31.9248 -40.3693 8.3685
2 24 31.9248 -40.3693 8.3685 32.2233 -40.8042 10.1985
2 24 31.9248 -40.3693 8.3685 34.5825 -37.5332 8.3488
2 24 34.5825 -37.5332 8.3488 35.8879 -36.546 9.9306
2 24 35.8879 -36.546 9.9306 36.322 -35.4705 11.7117
2 24 36.322 -35.4705 11.7117 32.8966 -40.009 11.6772
2 24 32.2233 -40.8042 10.1985 32.8966 -40.009 11.6772
2 24 48.8009 -35.7055 8.4863 46.4784 -35.6051 8.332
2 24 46.4784 -35.6051 8.332 40.5317 -35.6654 8.3325
2 24 34.5825 -37.5332 8.3488 35.8879 -36.546 9.9306
2 24 40.5317 -35.6654 8.3325 34.5825 -37.5332 8.3488
2 24 35.8879 -36.546 9.9306 36.322 -35.4705 11.7117
2 24 36.322 -35.4705 11.7117 40.0359 -35.1185 11.7148
2 24 40.0359 -35.1185 11.7148 44.1935 -35.1065 11.7149
2 24 49.229 -35.4259 11.496 44.1935 -35.1065 11.7149
2 24 49.229 -35.4259 11.496 50.0772 -35.4888 10.7552
2 24 50.0772 -35.4888 10.7552 50.1961 -35.6884 9.8911
2 24 48.8009 -35.7055 8.4863 49.9129 -35.7263 9.0481
2 24 50.1961 -35.6884 9.8911 49.9129 -35.7263 9.0481
2 24 31.9248 -40.3693 8.3685 28.0771 -38.7837 8.3598
2 24 31.3107 -12.1443 8.126 28.6498 -11.8653 8.1248
2 24 28.0771 -38.7837 8.3598 28.6498 -11.8653 8.1248
2 24 42.6716 -36.6612 18.6551 39.1836 -35.6952 17.6828
2 24 41.0096 -34.7529 16.5484 39.0572 -34.5711 17.1177
2 24 39.1836 -35.6952 17.6828 39.0572 -34.5711 17.1177
2 24 41.3544 -41.8439 6.9727 42.1558 -42.8564 8.5862
2 24 46.9252 -44.1862 9.8372 42.1558 -42.8564 8.5862
2 24 42.1558 -42.8564 8.5862 41.146 -45.4256 8.2125
2 24 41.3544 -41.8439 6.9727 42.1558 -42.8564 8.5862
2 24 39.4419 -43.9125 5.3494 41.146 -45.4256 8.2125
2 24 39.4419 -43.9125 5.3494 41.146 -45.4256 8.2125
2 24 33.0039 -44.379 9.0379 41.146 -45.4256 8.2125
2 24 26.4484 -41.6758 7.9107 27.094 -42.4684 10.0212
2 24 33.0039 -44.379 9.0379 27.094 -42.4684 10.0212
2 24 41.5088 -42.0097 10.908 40.6011 -40.4616 12.6841
2 24 41.5088 -42.0097 10.908 40.6011 -40.4616 12.6841
2 24 31.9248 -40.3693 8.3685 34.5825 -37.5332 8.3488
2 24 -21.4334 -12.8224 10.0212 -20.6114 -13.4736 7.5682
2 24 -19.0354 -14.0036 10.0212 -18.3654 -14.1898 7.8773
2 24 -3.0767 -14.1379 8.1446 -1.4009 -16.7848 8.1677
2 24 -1.51 -16.9671 5.0777 -1.4009 -16.7848 8.1677
2 24 -9.4565 -0.0338 -2.6791 -9.4113 -3.7031 -2.6574
2 24 -9.4565 -0.0338 -2.6791 -9.7384 -0.0338 1.6256
2 24 -9.4113 -3.7031 -2.6574 -9.8236 -3.6945 1.885
2 24 -9.7384 -0.0338 1.6256 -9.8236 -3.6945 1.885
2 24 -8.4111 -5.6824 8.0708 -8.1863 -0.0309 8.0215
2 24 -8.4111 -5.6824 8.0708 -8.3254 -5.5309 3.3969
2 24 -8.1863 -0.0309 8.0215 -8.2578 -0.0338 3.0183
2 24 -8.3254 -5.5309 3.3969 -8.2578 -0.0338 3.0183
2 24 7.2449 -0.0338 5.6027 8.039 -0.0338 4.4789
2 24 8.4207 -1.8843 4.1388 8.039 -0.0338 4.4789
2 24 41.242 -25.8649 8.2469 36.5645 -23.7958 8.2289
2 24 41.5018 -26.0166 5.6018 36.4333 -23.947 5.1533
2 24 36.5645 -23.7958 8.2289 36.4333 -23.947 5.1533
2 24 36.5645 -23.7958 8.2289 41.242 -25.8649 8.2469
2 24 34.5825 -37.5332 8.3488 40.5317 -35.6654 8.3325
2 24 25.7899 -11.9931 4.2284 27.9978 -11.8627 5.4718
2 24 42.3507 -19.4807 8.1912 38.864 -21.2237 8.2064
2 24 42.3507 -19.4807 8.1912 42.282 -19.4703 0.1581
2 24 42.282 -19.4703 0.1581 38.867 -20.9866 -0.3576
2 24 43.9762 -16.4396 8.1647 46.4759 -12.5723 8.1309
2 24 43.7111 -16.2584 -1.4966 46.416 -12.3921 -1.9597
2 24 46.4759 -12.5723 8.1309 46.416 -12.3921 -1.9597
2 24 48.6551 -4.4561 8.06 48.5964 -4.4249 -4.7237
2 24 48.6551 -4.4561 8.06 47.6989 -0.0347 8.0215
2 24 48.5964 -4.4249 -4.7237 47.5946 -0.0338 -4.7556
2 24 47.6989 -0.0347 8.0215 47.5946 -0.0338 -4.7556
2 24 29.9179 -0.0338 -2.7228 29.6945 -3.1762 -2.7746
2 24 29.9179 -0.0338 -2.7228 29.7049 -0.0338 2.2352
2 24 29.6945 -3.1762 -2.7746 29.7271 -3.163 2.3481
2 24 29.7049 -0.0338 2.2352 29.7271 -3.163 2.3481
2 24 34.0971 -10.0657 8.1091 34.3983 -8.3344 8.0939
2 24 34.4027 -8.0943 2.9833 34.3983 -8.3344 8.0939
2 24 30.5659 -0.0302 8.0189 30.4429 -4.8102 8.0628
2 24 30.5659 -0.0302 8.0189 47.6989 -0.0347 8.0215
2 24 47.6989 -0.0347 8.0215 48.6551 -4.4561 8.06
2 24 -15.0247 -14.3005 3.3401 -17.4086 -14.4187 4.1811
2 24 12.2396 -7.0305 0.3164 12.2656 -6.9481 4.183
2 24 12.6174 -9.2967 4.2035 12.2656 -6.9481 4.183
2 24 -3.0767 -14.1379 8.1446 -1.4009 -16.7848 8.1677
2 24 2.0127 -14.7455 8.1499 0.1377 -11.7546 8.1238
2 24 3.68 -0.0323 8.0215 0.1377 -0.0331 8.0215
2 24 3.68 -27.3502 8.2599 0.9393 -27.0795 7.757
2 24 30.4429 -4.8102 8.0628 32.1374 -7.1554 8.0837
2 24 48.6551 -4.4561 8.06 47.1352 -8.0435 8.0914
2 24 -18.3654 -14.1898 7.8773 -16.9626 -14.327 6.8083
2 24 -20.6114 -13.4736 7.5682 -19.1928 -14.0933 5.3943
2 24 -17.4086 -14.4187 4.1811 -19.1928 -14.0933 5.3943
2 24 -15.2827 -14.165 6.4349 -16.9626 -14.327 6.8083
2 24 -13.5534 -13.6655 6.9279 -15.2827 -14.165 6.4349
2 24 -12.0238 -13.1722 2.9754 -15.0247 -14.3005 3.3401
2 24 -11.9392 -13.0184 8.1349 -9.2562 -12.2009 8.1277
2 24 -12.0238 -13.1722 2.9754 -8.5928 -12.0576 3.1557
2 24 1.9824 -16.2607 5.0005 -1.51 -16.9671 5.0777
2 24 1.9824 -16.2607 5.0005 1.8798 -16.2368 8.1629
2 24 -1.51 -16.9671 5.0777 -1.4009 -16.7848 8.1677
2 24 1.8798 -16.2368 8.1629 -1.4009 -16.7848 8.1677
2 24 -2.4802 -26.7149 8.2543 0.9393 -27.0795 7.757
2 24 -1.4009 -16.7848 8.1677 1.8798 -16.2368 8.1629
2 24 1.8798 -16.2368 8.1629 2.0127 -14.7455 8.1499
2 24 1.9824 -16.2607 5.0005 1.8798 -16.2368 8.1629
2 24 2.2089 -14.8019 3.472 2.0127 -14.7455 8.1499
2 24 2.0127 -14.7455 8.1499 0.1377 -11.7546 8.1238
2 24 2.2089 -14.8019 3.472 2.0127 -14.7455 8.1499
2 24 0.1377 -11.7546 8.1238 -3.0682 -8.648 8.0967
2 24 -3.2582 -8.4056 3.7018 -3.0682 -8.648 8.0967
2 24 0.1377 -11.7546 8.1238 -3.0682 -8.648 8.0967
2 24 0.1377 -0.0331 8.0215 -4.553 -0.0328 8.0215
2 24 -3.0682 -8.648 8.0967 -6.4833 -8.0041 8.0911
2 24 -3.0682 -8.648 8.0967 -3.2582 -8.4056 3.7018
2 24 -6.4833 -8.0041 8.0911 -6.6016 -7.791 3.7901
2 24 -3.2582 -8.4056 3.7018 -6.6016 -7.791 3.7901
2 24 -3.0682 -8.648 8.0967 -6.4833 -8.0041 8.0911
2 24 -6.4833 -8.0041 8.0911 -8.4111 -5.6824 8.0708
2 24 -6.4833 -8.0041 8.0911 -6.6016 -7.791 3.7901
2 24 -8.4111 -5.6824 8.0708 -8.3254 -5.5309 3.3969
2 24 -6.6016 -7.791 3.7901 -8.3254 -5.5309 3.3969
2 24 -6.4833 -8.0041 8.0911 -8.4111 -5.6824 8.0708
2 24 -4.553 -0.0328 8.0215 -8.1863 -0.0309 8.0215
2 24 -8.4111 -5.6824 8.0708 -8.1863 -0.0309 8.0215
2 24 -7.8267 -0.0338 -4.0103 -7.9466 -3.5194 -4.0012
2 24 -7.8267 -0.0338 -4.0103 -9.4565 -0.0338 -2.6791
2 24 -7.9466 -3.5194 -4.0012 -9.4113 -3.7031 -2.6574
2 24 -9.4565 -0.0338 -2.6791 -9.4113 -3.7031 -2.6574
2 24 -6.5439 -0.0338 -6.7761 -6.6756 -3.1386 -6.7723
2 24 -6.5439 -0.0338 -6.7761 -7.8267 -0.0338 -4.0103
2 24 -6.6756 -3.1386 -6.7723 -7.9466 -3.5194 -4.0012
2 24 -7.8267 -0.0338 -4.0103 -7.9466 -3.5194 -4.0012
2 24 -9.7384 -0.0338 1.6256 -9.8236 -3.6945 1.885
2 24 -9.7384 -0.0338 1.6256 -8.2578 -0.0338 3.0183
2 24 -9.8236 -3.6945 1.885 -8.3254 -5.5309 3.3969
2 24 -8.2578 -0.0338 3.0183 -8.3254 -5.5309 3.3969
2 24 -6.5439 -0.0338 -6.7761 -4.2132 -0.0338 -7.622
2 24 -6.5439 -0.0338 -6.7761 -6.6756 -3.1386 -6.7723
2 24 -6.6756 -3.1386 -6.7723 -4.5102 -4.001 -7.6185
2 24 -4.2132 -0.0338 -7.622 -1.2902 -0.0338 -8.044
2 24 -4.5102 -4.001 -7.6185 -1.7489 -4.4671 -8.0922
2 24 -1.2902 -0.0338 -8.044 1.1557 -0.0338 -8.073
2 24 -1.7489 -4.4671 -8.0922 0.7757 -4.7896 -8.1917
2 24 3.9689 -0.0338 -7.4551 4.5665 -4.2998 -7.2895
2 24 1.1557 -0.0338 -8.073 3.9689 -0.0338 -7.4551
2 24 0.7757 -4.7896 -8.1917 4.5665 -4.2998 -7.2895
2 24 8.2467 -1.8666 -4.051 7.853 -0.0338 -4.1492
2 24 7.853 -0.0338 -4.1492 3.9689 -0.0338 -7.4551
2 24 4.5665 -4.2998 -7.2895 3.9689 -0.0338 -7.4551
2 24 7.853 -0.0338 -4.1492 7.9494 -0.0338 0.3
2 24 8.2467 -1.8666 -4.051 7.853 -0.0338 -4.1492
2 24 12.2396 -7.0305 0.3164 12.2656 -6.9481 4.183
2 24 12.2656 -6.9481 4.183 9.9444 -4.932 4.1654
2 24 9.9444 -4.932 4.1654 8.4207 -1.8843 4.1388
2 24 8.4207 -1.8843 4.1388 8.039 -0.0338 4.4789
2 24 7.9494 -0.0338 0.3 8.039 -0.0338 4.4789
2 24 41.242 -25.8649 8.2469 46.62 -27.786 8.2637
2 24 41.5018 -26.0166 5.6018 46.7977 -27.8561 6.7189
2 24 41.242 -25.8649 8.2469 46.62 -27.786 8.2637
2 24 40.5317 -35.6654 8.3325 46.4784 -35.6051 8.332
2 24 46.62 -27.786 8.2637 49.0905 -28.6549 8.2468
2 24 46.7977 -27.8561 6.7189 49.962 -29.0049 7.8346
2 24 46.62 -27.786 8.2637 49.0905 -28.6549 8.2468
2 24 46.4784 -35.6051 8.332 48.8009 -35.7055 8.4863
2 24 49.0905 -28.6549 8.2468 50.2306 -29.0861 8.9983
2 24 53.0697 -30.3932 8.9433 49.962 -29.0049 7.8346
2 24 49.0905 -28.6549 8.2468 50.2306 -29.0861 8.9983
2 24 48.8009 -35.7055 8.4863 49.9129 -35.7263 9.0481
2 24 50.2306 -29.0861 8.9983 49.9129 -35.7263 9.0481
2 24 50.2306 -29.0861 8.9983 50.4846 -29.194 9.9859
2 24 50.2306 -29.0861 8.9983 50.4846 -29.194 9.9859
2 24 49.9129 -35.7263 9.0481 50.1961 -35.6884 9.8911
2 24 50.4846 -29.194 9.9859 50.203 -29.1333 11.0713
2 24 50.4846 -29.194 9.9859 50.203 -29.1333 11.0713
2 24 50.1961 -35.6884 9.8911 50.0772 -35.4888 10.7552
2 24 50.203 -29.1333 11.0713 49.0742 -28.7271 11.6654
2 24 50.0772 -35.4888 10.7552 49.229 -35.4259 11.496
2 24 45.0514 -27.3075 11.7829 49.0742 -28.7271 11.6654
2 24 49.0742 -28.7271 11.6654 45.0514 -27.3075 11.7829
2 24 49.229 -35.4259 11.496 44.1935 -35.1065 11.7149
2 24 36.4333 -23.947 5.1533 36.5645 -23.7958 8.2289
2 24 36.5645 -23.7958 8.2289 36.8 -22.5123 8.2177
2 24 36.6613 -22.3439 -0.6875 36.8 -22.5123 8.2177
2 24 36.8 -22.5123 8.2177 38.864 -21.2237 8.2064
2 24 33.2273 -11.62 8.1211 34.0971 -10.0657 8.1091
2 24 38.864 -21.2237 8.2064 36.8 -22.5123 8.2177
2 24 36.8 -22.5123 8.2177 36.6613 -22.3439 -0.6875
2 24 38.867 -20.9866 -0.3576 36.6613 -22.3439 -0.6875
2 24 31.0657 -12.2642 -2.4317 27.5181 -12.055 -2.9811
2 24 38.864 -21.2237 8.2064 42.3507 -19.4807 8.1912
2 24 42.3507 -19.4807 8.1912 43.9762 -16.4396 8.1647
2 24 42.3507 -19.4807 8.1912 42.282 -19.4703 0.1581
2 24 43.9762 -16.4396 8.1647 42.3507 -19.4807 8.1912
2 24 43.7111 -16.2584 -1.4966 42.282 -19.4703 0.1581
2 24 46.4759 -12.5723 8.1309 46.416 -12.3921 -1.9597
2 24 46.4759 -12.5723 8.1309 47.1352 -8.0435 8.0914
2 24 46.416 -12.3921 -1.9597 46.6884 -7.8944 -2.9701
2 24 44.6153 -0.0338 -7.6887 47.5946 -0.0338 -4.7556
2 24 44.6153 -0.0338 -7.6887 45.1776 -4.9669 -7.6978
2 24 47.5946 -0.0338 -4.7556 48.5964 -4.4249 -4.7237
2 24 45.1776 -4.9669 -7.6978 48.5964 -4.4249 -4.7237
2 24 47.1352 -8.0435 8.0914 48.6551 -4.4561 8.06
2 24 46.6884 -7.8944 -2.9701 48.5964 -4.4249 -4.7237
2 24 48.6551 -4.4561 8.06 48.5964 -4.4249 -4.7237
2 24 39.6772 -0.0338 -8.2552 44.6153 -0.0338 -7.6887
2 24 44.6153 -0.0338 -7.6887 45.1776 -4.9669 -7.6978
2 24 39.7853 -4.831 -8.4616 45.1776 -4.9669 -7.6978
2 24 39.6772 -0.0338 -8.2552 33.6194 -0.0338 -7.521
2 24 33.6194 -0.0338 -7.521 33.5206 -3.962 -7.6351
2 24 39.7853 -4.831 -8.4616 33.5206 -3.962 -7.6351
2 24 32.4946 -0.0338 -4.546 33.6194 -0.0338 -7.521
2 24 32.4946 -0.0338 -4.546 32.3372 -3.9474 -4.7037
2 24 33.6194 -0.0338 -7.521 33.5206 -3.962 -7.6351
2 24 32.3372 -3.9474 -4.7037 33.5206 -3.962 -7.6351
2 24 29.9179 -0.0338 -2.7228 32.4946 -0.0338 -4.546
2 24 29.6945 -3.1762 -2.7746 29.9179 -0.0338 -2.7228
2 24 32.3372 -3.9474 -4.7037 32.4946 -0.0338 -4.546
2 24 34.3983 -8.3344 8.0939 32.1374 -7.1554 8.0837
2 24 34.4027 -8.0943 2.9833 34.3983 -8.3344 8.0939
2 24 34.4027 -8.0943 2.9833 32.2125 -7.0109 2.9738
2 24 32.1374 -7.1554 8.0837 30.4429 -4.8102 8.0628
2 24 30.4429 -4.8102 8.0628 30.5307 -4.952 2.8251
2 24 32.2125 -7.0109 2.9738 30.5307 -4.952 2.8251
2 24 30.5501 -4.5025 2.3722 30.5307 -4.952 2.8251
2 24 30.4429 -4.8102 8.0628 30.5307 -4.952 2.8251
2 24 30.5501 -4.5025 2.3722 30.6651 -0.0344 2.3309
2 24 30.6651 -0.0344 2.3309 30.5659 -0.0302 8.0189
2 24 30.4429 -4.8102 8.0628 30.5659 -0.0302 8.0189
2 24 29.7049 -0.0338 2.2352 29.7271 -3.163 2.3481
2 24 29.7049 -0.0338 2.2352 30.6651 -0.0344 2.3309
2 24 29.7271 -3.163 2.3481 30.5501 -4.5025 2.3722
2 24 30.6651 -0.0344 2.3309 30.5501 -4.5025 2.3722
2 24 40.0359 -35.1185 11.7148 36.322 -35.4705 11.7117
2 24 45.0514 -27.3075 11.7829 40.16 -25.5259 11.7985
2 24 44.1935 -35.1065 11.7149 40.0359 -35.1185 11.7148
2 24 45.0514 -27.3075 11.7829 40.16 -25.5259 11.7985
2 24 45.3697 -27.5196 13.2421 40.4144 -25.8059 13.1727
2 24 40.16 -25.5259 11.7985 36.9188 -24.0998 11.8109
2 24 36.9188 -24.0998 11.8109 36.5108 -24.0369 13.7506
2 24 40.4144 -25.8059 13.1727 36.5108 -24.0369 13.7506
2 24 13.2665 -10.9127 3.6633 13.1658 -10.8352 4.2169
2 24 12.6174 -9.2967 4.2035 13.1658 -10.8352 4.2169
2 24 15.157 -28.2944 -1.1331 14.8579 -28.4832 -1.4462
2 24 -4.717 -37.2406 10.0212 -7.365 -35.3726 10.0212
2 24 -7.7789 -34.5987 8.4029 -7.365 -35.3726 10.0212
2 24 -10.9842 -34.6635 6.0436 -10.3849 -37.7535 10.0212
2 24 -7.7789 -34.5987 8.4029 -7.365 -35.3726 10.0212
2 24 -10.3849 -37.7535 10.0212 -7.365 -35.3726 10.0212
2 24 -4.717 -37.2406 10.0212 -1.4204 -38.8738 10.0212
2 24 -2.4211 -37.7885 7.8319 -1.4204 -38.8738 10.0212
2 24 39.1836 -35.6952 17.6828 39.0572 -34.5711 17.1177
2 24 38.8202 -35.7142 19.2839 39.0572 -34.5711 17.1177
2 24 36.6536 -34.1115 1.0622 36.7454 -36.3704 1.1462
2 24 -13.7776 -23.9741 11.4477 -11.9392 -25.1858 11.8014
2 24 -13.4229 -23.191 13.0772 -11.9392 -25.1858 11.8014
2 24 -13.7776 -23.9741 11.4477 -11.9392 -25.1858 11.8014
2 24 -11.9392 -25.0631 10.0212 -11.9392 -25.1858 11.8014
2 24 -11.9392 -25.0631 10.0212 -11.9392 -25.3322 8.2423
2 24 -13.7776 -24.1044 8.1289 -11.9392 -25.3322 8.2423
2 24 -14.9919 -22.4907 13.6721 -16.9625 -22.3203 13.2341
2 24 -13.7776 -23.9741 11.4477 -16.2283 -23.0536 11.6799
2 24 -16.2283 -23.0536 11.6799 -13.7776 -23.9741 11.4477
2 24 -13.7776 -24.1044 8.1289 -16.2283 -23.0623 7.9345
2 24 -13.7776 -24.1044 8.1289 -16.2283 -23.0623 7.9345
2 24 -15.2827 -22.7614 6.4349 -16.9625 -22.4373 6.8083
2 24 -19.0354 -22.4788 10.0212 -18.3654 -22.5866 7.8773
2 24 -16.2283 -23.0623 7.9345 -18.3654 -22.5866 7.8773
2 24 2.8031 -9.7979 -3.057 -0.1998 -6.8181 -3.5964
2 24 -9.4565 -0.0338 -2.6791 -9.7384 -0.0338 1.6256
2 24 -8.2578 -0.0338 3.0183 -8.1863 -0.0309 8.0215
2 24 7.2449 -0.0338 5.6027 8.039 -0.0338 4.4789
2 24 -9.7384 -0.0338 1.6256 -8.2578 -0.0338 3.0183
2 24 -6.25 -0.0338 0 -5.4127 -0.0338 3.125
2 24 -4.2132 -0.0338 -7.622 -6.5439 -0.0338 -6.7761
2 24 -4.2132 -0.0338 -7.622 -1.2902 -0.0338 -8.044
2 24 -3.125 -0.0338 -5.4127 0 -0.0338 -6.25
2 24 -1.2902 -0.0338 -8.044 1.1557 -0.0338 -8.073
2 24 7.853 -0.0338 -4.1492 7.9494 -0.0338 0.3
2 24 5.4127 -0.0338 -3.125 6.25 -0.0338 0
2 24 8.039 -0.0338 4.4789 7.9494 -0.0338 0.3
2 24 5.4127 -0.0338 3.125 6.25 -0.0338 0
2 24 -8.1863 -0.0309 8.0215 -4.553 -0.0328 8.0215
2 24 -5.4127 -0.0338 3.125 -3.125 -0.0338 5.4127
2 24 -4.553 -0.0328 8.0215 0.1377 -0.0331 8.0215
2 24 -3.125 -0.0338 5.4127 0 -0.0338 6.25
2 24 7.2449 -0.0338 5.6027 5.6179 -0.0338 7.0876
2 24 5.6179 -0.0338 7.0876 3.68 -0.0323 8.0215
2 24 5.4127 -0.0338 3.125 3.125 -0.0338 5.4127
2 24 0.1377 -0.0331 8.0215 3.68 -0.0323 8.0215
2 24 0 -0.0338 6.25 3.125 -0.0338 5.4127
2 24 7.853 -0.0338 -4.1492 3.9689 -0.0338 -7.4551
2 24 33.6194 -0.0338 -7.521 39.6772 -0.0338 -8.2552
2 24 36.875 -0.0338 -5.4127 40 -0.0338 -6.25
2 24 40 -5.25 -6.25 36.875 -5.25 -5.4127
2 24 40 -0.0338 -6.25 36.875 -0.0338 -5.4127
2 24 32.4946 -0.0338 -4.546 29.9179 -0.0338 -2.7228
2 24 29.9179 -0.0338 -2.7228 29.7049 -0.0338 2.2352
2 24 30.6651 -0.0344 2.3309 29.7049 -0.0338 2.2352
2 24 33.75 -5.25 0 34.5873 -5.25 3.125
2 24 33.75 -0.0338 0 34.5873 -0.0338 3.125
2 24 30.6651 -0.0344 2.3309 30.5659 -0.0302 8.0189
2 24 34.5873 -0.0338 3.125 33.75 -0.0338 0
2 24 40 -0.0338 6.25 43.125 -0.0338 5.4127
2 24 43.125 -0.0338 5.4127 45.4127 -0.0338 3.125
2 24 45.4127 -0.0338 3.125 46.25 -0.0338 0
2 24 47.6989 -0.0347 8.0215 47.5946 -0.0338 -4.7556
2 24 46.25 -0.0338 0 45.4127 -0.0338 -3.125
2 24 45.4127 -5.25 -3.125 43.125 -5.25 -5.4127
2 24 45.4127 -0.0338 -3.125 43.125 -0.0338 -5.4127
2 24 47.5946 -0.0338 -4.7556 44.6153 -0.0338 -7.6887
2 24 45.4127 -0.0338 -3.125 43.125 -0.0338 -5.4127
2 24 39.6772 -0.0338 -8.2552 44.6153 -0.0338 -7.6887
2 24 40 -0.0338 -6.25 43.125 -0.0338 -5.4127
2 24 5.4127 -0.0338 -3.125 3.125 -0.0338 -5.4127
2 24 16.1869 -48.0059 -16.0641 14.1943 -46.6562 -13.8913
2 24 17.4975 -47.0414 -14.5584 14.1943 -46.6562 -13.8913
2 24 15.3348 -41.3109 -4.7649 16.4298 -38.9306 -1.1494
2 24 15.0765 -35.3958 3.24 17.3437 -36.7103 1.726
2 24 16.4298 -38.9306 -1.1494 17.3437 -36.7103 1.726
2 24 11.3604 -36.0589 4.8186 14.6936 -37.5896 3.8584
2 24 10.3449 -36.796 7.3649 11.1176 -38.2802 10.0212
2 24 12.5912 -39.1371 10.0212 11.1176 -38.2802 10.0212
2 24 10.3449 -36.796 7.3649 11.1176 -38.2802 10.0212
2 24 11.1176 -38.2802 10.0212 9.4778 -40.3987 10.0212
2 24 8.9397 -39.2739 7.46 9.4778 -40.3987 10.0212
2 24 8.9397 -39.2739 7.46 9.4778 -40.3987 10.0212
2 24 4.2673 -37.8123 10.0212 9.4778 -40.3987 10.0212
2 24 -10.9842 -34.6635 6.0436 -10.3849 -37.7535 10.0212
2 24 -13.1739 -34.7057 10.0212 -10.3849 -37.7535 10.0212
2 24 -13.1739 -34.7057 10.0212 -15.9019 -31.4526 10.0212
2 24 -16.21 -29.552 7.441 -15.9019 -31.4526 10.0212
2 24 -0.2758 -33.6831 8.2342 0.1658 -34.8506 10.0212
2 24 4.2673 -37.8123 10.0212 0.1658 -34.8506 10.0212
2 24 -2.4211 -37.7885 7.8319 -1.4204 -38.8738 10.0212
2 24 -1.4204 -38.8738 10.0212 0.1658 -34.8506 10.0212
2 24 -0.2758 -33.6831 8.2342 0.1658 -34.8506 10.0212
2 24 44.971 -5.25 -0.975 44.1544 -7.3346 -1.5953
2 24 44.971 -5.25 -0.975 44.971 -5.25 3.0471
2 24 44.971 -5.25 3.0471 44.1483 -7.3346 4.0122
2 24 44.971 -5.25 -0.975 44.0192 -5.25 -1.8626
2 24 44.1544 -7.3346 -1.5953 44.971 -5.25 -0.975
2 24 38.3094 -17.0916 1.6294 39.7618 -16.7628 1.2705
2 24 38.3094 -17.0916 1.6294 37.9888 -5.25 1.5186
2 24 37.9888 -5.25 1.5186 39.0394 -5.25 1.2488
2 24 39.7618 -16.7628 1.2705 38.3094 -17.0916 1.6294
2 24 39.7618 -16.7628 1.2705 39.7041 -16.8244 2.9531
2 24 38.3094 -17.0916 1.6294 37.645 -17.1164 2.4428
2 24 39.7618 -16.7628 1.2705 39.7041 -16.8244 2.9531
2 24 39.7618 -16.7628 1.2705 40.4687 -15.3397 0.6614
2 24 39.6464 -16.886 4.6357 40.3535 -15.8302 4.8994
2 24 38.8144 -5.25 4.5621 39.9489 -5.25 5.1732
2 24 37.9888 -5.25 1.5186 39.0394 -5.25 1.2488
2 24 34.5873 -5.25 -3.125 36.875 -5.25 -5.4127
2 24 40.7767 -5.25 -1.1919 41.952 -5.25 -2.8208
2 24 40 -5.25 -6.25 43.125 -5.25 -5.4127
2 24 37.9301 -5.25 3.8058 37.3506 -5.25 2.4014
2 24 34.5873 -5.25 3.125 33.75 -5.25 0
2 24 46.25 -5.25 0 45.4127 -5.25 -3.125
2 24 44.971 -5.25 -0.975 44.0192 -5.25 -1.8626
2 24 44.971 -5.25 3.0471 44.1483 -7.3346 4.0122
2 24 44.971 -5.25 3.0471 43.9976 -5.25 4.2036
2 24 44.1544 -7.3346 -1.5953 43.2535 -11.7026 -2.3657
2 24 44.0192 -5.25 -1.8626 42.7886 -5.25 -2.6331
2 24 44.1483 -7.3346 4.0122 43.2893 -11.6307 4.7256
2 24 43.9976 -5.25 4.2036 42.8724 -5.25 4.9682
2 24 44.1483 -7.3346 4.0122 43.2893 -11.6307 4.7256
2 24 44.1544 -7.3346 -1.5953 43.2535 -11.7026 -2.3657
2 24 43.2893 -11.6307 4.7256 43.2535 -11.7026 -2.3657
2 24 43.2535 -11.7026 -2.3657 42.2706 -13.0405 -2.6825
2 24 42.2706 -13.0405 -2.6825 41.952 -5.25 -2.8208
2 24 42.7886 -5.25 -2.6331 41.952 -5.25 -2.8208
2 24 41.3119 -14.1545 -1.0035 42.2706 -13.0405 -2.6825
2 24 42.2706 -13.0405 -2.6825 41.952 -5.25 -2.8208
2 24 40.7767 -5.25 -1.1919 41.952 -5.25 -2.8208
2 24 43.2893 -11.6307 4.7256 41.7593 -13.5127 5.1088
2 24 42.8724 -5.25 4.9682 41.5868 -5.25 5.2783
2 24 41.7593 -13.5127 5.1088 43.2893 -11.6307 4.7256
2 24 43.2893 -11.6307 4.7256 43.2535 -11.7026 -2.3657
2 24 42.2706 -13.0405 -2.6825 43.2535 -11.7026 -2.3657
2 24 42.2706 -13.0405 -2.6825 41.3119 -14.1545 -1.0035
2 24 41.3119 -14.1545 -1.0035 40.4687 -15.3397 0.6614
2 24 40.7767 -5.25 -1.1919 40.2315 -5.25 0.4285
2 24 40.3535 -15.8302 4.8994 41.7593 -13.5127 5.1088
2 24 40.4687 -15.3397 0.6614 41.3119 -14.1545 -1.0035
2 24 40.3535 -15.8302 4.8994 41.7593 -13.5127 5.1088
2 24 39.9489 -5.25 5.1732 41.5868 -5.25 5.2783
2 24 39.7618 -16.7628 1.2705 40.4687 -15.3397 0.6614
2 24 39.0394 -5.25 1.2488 40.2315 -5.25 0.4285
2 24 37.645 -17.1164 2.4428 38.3094 -17.0916 1.6294
2 24 37.645 -17.1164 2.4428 37.3506 -5.25 2.4014
2 24 38.3094 -17.0916 1.6294 37.9888 -5.25 1.5186
2 24 37.3506 -5.25 2.4014 37.9888 -5.25 1.5186
2 24 37.645 -17.1164 2.4428 38.1933 -17.0975 3.5693
2 24 37.3506 -5.25 2.4014 37.9301 -5.25 3.8058
2 24 39.6464 -16.886 4.6357 38.1933 -17.0975 3.5693
2 24 38.8144 -5.25 4.5621 37.9301 -5.25 3.8058
2 24 39.9489 -5.25 5.1732 38.8144 -5.25 4.5621
2 24 40 -5.25 6.25 36.875 -5.25 5.4127
2 24 39.9489 -5.25 5.1732 41.5868 -5.25 5.2783
2 24 40 -5.25 6.25 43.125 -5.25 5.4127
2 24 41.5868 -5.25 5.2783 42.8724 -5.25 4.9682
2 24 42.8724 -5.25 4.9682 43.9976 -5.25 4.2036
2 24 44.0192 -5.25 -1.8626 42.7886 -5.25 -2.6331
2 24 43.125 -5.25 -5.4127 45.4127 -5.25 -3.125
2 24 41.952 -5.25 -2.8208 42.7886 -5.25 -2.6331
2 24 40.7767 -5.25 -1.1919 40.2315 -5.25 0.4285
2 24 36.875 -5.25 -5.4127 40 -5.25 -6.25
2 24 39.0394 -5.25 1.2488 40.2315 -5.25 0.4285
2 24 46.25 -5.25 0 45.4127 -5.25 3.125
2 24 44.971 -5.25 -0.975 44.971 -5.25 3.0471
2 24 45.4127 -0.0338 3.125 46.25 -0.0338 0
2 24 45.4127 -5.25 3.125 46.25 -5.25 0
2 24 45.4127 -0.0338 3.125 43.125 -0.0338 5.4127
2 24 45.4127 -5.25 3.125 43.125 -5.25 5.4127
2 24 43.125 -0.0338 5.4127 40 -0.0338 6.25
2 24 43.125 -5.25 5.4127 40 -5.25 6.25
2 24 40 -0.0338 6.25 36.875 -0.0338 5.4127
2 24 40 -0.0338 6.25 36.875 -0.0338 5.4127
2 24 40 -5.25 6.25 36.875 -5.25 5.4127
2 24 34.5873 -0.0338 3.125 36.875 -0.0338 5.4127
2 24 34.5873 -0.0338 3.125 36.875 -0.0338 5.4127
2 24 34.5873 -5.25 3.125 36.875 -5.25 5.4127
2 24 34.5873 -5.25 3.125 36.875 -5.25 5.4127
2 24 37.9301 -5.25 3.8058 38.8144 -5.25 4.5621
2 24 33.75 -0.0338 0 34.5873 -0.0338 -3.125
2 24 33.75 -5.25 0 34.5873 -5.25 -3.125
2 24 34.5873 -5.25 -3.125 33.75 -5.25 0
2 24 37.9888 -5.25 1.5186 37.3506 -5.25 2.4014
2 24 36.875 -0.0338 -5.4127 34.5873 -0.0338 -3.125
2 24 33.6194 -0.0338 -7.521 32.4946 -0.0338 -4.546
2 24 36.875 -0.0338 -5.4127 34.5873 -0.0338 -3.125
2 24 36.875 -5.25 -5.4127 34.5873 -5.25 -3.125
2 24 40 -0.0338 -6.25 43.125 -0.0338 -5.4127
2 24 40 -5.25 -6.25 43.125 -5.25 -5.4127
2 24 45.4127 -0.0338 -3.125 46.25 -0.0338 0
2 24 45.4127 -5.25 -3.125 46.25 -5.25 0
2 24 43.9976 -5.25 4.2036 44.971 -5.25 3.0471
2 24 43.125 -5.25 5.4127 45.4127 -5.25 3.125
2 24 0 -0.0338 -6.25 3.125 -0.0338 -5.4127
2 24 1.1557 -0.0338 -8.073 3.9689 -0.0338 -7.4551
2 24 4.4194 -5.2138 -4.4194 3.125 -5.25 -5.4127
2 24 4.4194 -5.2138 -4.4194 0.566 -5.398 -4.2662
2 24 3.125 -5.25 -5.4127 0 -5.25 -6.25
2 24 0.566 -5.398 -4.2662 4.4194 -5.2138 -4.4194
2 24 -0.1998 -6.8181 -3.5964 2.8031 -9.7979 -3.057
2 24 -2.9453 -5.25 0.6022 -2.9453 -5.25 5.0412
2 24 -2.9453 -5.25 5.0412 -0.1998 -6.8181 5.0412
2 24 -0.1998 -6.8181 5.0412 -2.9453 -5.25 5.0412
2 24 0.2238 -5.4079 5.0412 -2.9453 -5.25 5.0412
2 24 3.7161 -10.8563 4.9591 5.4127 -12.5352 3.125
2 24 4.5369 -12.5658 1.7443 5.4127 -12.5352 3.125
2 24 -5.4127 -0.0338 -3.125 -6.25 -0.0338 0
2 24 -5.4127 -5.25 -3.125 -6.25 -5.25 0
2 24 -6.25 -0.0338 0 -5.4127 -0.0338 3.125
2 24 -6.25 -5.25 0 -5.4127 -5.25 3.125
2 24 -5.4127 -5.25 3.125 -3.125 -5.25 5.4127
2 24 -5.4127 -0.0338 3.125 -3.125 -0.0338 5.4127
2 24 -3.125 -0.0338 5.4127 0 -0.0338 6.25
2 24 -3.125 -5.25 5.4127 0 -5.25 6.25
2 24 -5.4127 -5.25 -3.125 -3.125 -5.25 -5.4127
2 24 -5.4127 -0.0338 -3.125 -3.125 -0.0338 -5.4127
2 24 -3.125 -5.25 -5.4127 -5.4127 -5.25 -3.125
2 24 -3.125 -5.25 -5.4127 0 -5.25 -6.25
2 24 -3.125 -0.0338 -5.4127 0 -0.0338 -6.25
2 24 0 -5.25 -6.25 -3.125 -5.25 -5.4127
2 24 0.566 -5.398 -4.2662 -2.9453 -5.25 -4.1086
2 24 -2.9453 -5.25 -4.1086 -2.9453 -5.25 0.6022
2 24 -5.4127 -5.25 -3.125 -6.25 -5.25 0
2 24 -0.1998 -6.8181 -3.5964 -2.9453 -5.25 -4.1086
2 24 0.566 -5.398 -4.2662 -2.9453 -5.25 -4.1086
2 24 3.125 -5.25 -5.4127 4.4194 -5.2138 -4.4194
2 24 3.125 -0.0338 -5.4127 5.4127 -0.0338 -3.125
2 24 0 -5.25 -6.25 3.125 -5.25 -5.4127
2 24 0 -0.0338 -6.25 3.125 -0.0338 -5.4127
2 24 -0.1998 -6.8181 -3.5964 -2.9453 -5.25 -4.1086
2 24 -2.9453 -5.25 0.6022 -2.9453 -5.25 -4.1086
2 24 -6.25 -5.25 0 -5.4127 -5.25 3.125
2 24 0.2238 -5.4079 5.0412 3.7952 -5.3482 4.8984
2 24 3.7952 -5.3482 4.8984 3.7161 -10.8563 4.9591
2 24 -0.1998 -6.8181 5.0412 3.7161 -10.8563 4.9591
2 24 6.25 -0.0338 0 5.4127 -0.0338 3.125
2 24 6.25 -12.4771 0 5.4127 -12.5352 3.125
2 24 5.4127 -0.0338 -3.125 6.25 -0.0338 0
2 24 4.4194 -5.2138 -4.4194 5.4127 -8.2755 -3.125
2 24 -0.1998 -6.8181 5.0412 3.7161 -10.8563 4.9591
2 24 4.9446 -12.6282 -2.34 5.3911 -12.4487 -2.3897
2 24 2.8031 -9.7979 -3.057 4.9446 -12.6282 -2.34
2 24 5.4127 -8.2755 -3.125 5.3911 -12.4487 -2.3897
2 24 2.8031 -9.7979 -3.057 4.9446 -12.6282 -2.34
2 24 4.9446 -12.6282 -2.34 4.5761 -12.6054 -1.0167
2 24 5.4127 -12.5352 3.125 3.7161 -10.8563 4.9591
2 24 3.7952 -5.3482 4.8984 3.7161 -10.8563 4.9591
2 24 6.25 -12.4771 0 5.3911 -12.4487 -2.3897
2 24 5.3911 -12.4487 -2.3897 4.9446 -12.6282 -2.34
2 24 4.5761 -12.6054 -1.0167 4.9446 -12.6282 -2.34
2 24 4.5761 -12.6054 -1.0167 4.586 -12.6154 0.5988
2 24 6.25 -12.4771 0 5.4127 -12.5352 3.125
2 24 5.4127 -12.5352 3.125 4.5369 -12.5658 1.7443
2 24 4.5369 -12.5658 1.7443 4.586 -12.6154 0.5988
2 24 4.5369 -12.5658 1.7443 4.586 -12.6154 0.5988
2 24 0 -0.0338 6.25 3.125 -0.0338 5.4127
2 24 0 -5.25 6.25 3.1176 -5.25 5.4184
2 24 5.4127 -0.0338 3.125 3.125 -0.0338 5.4127
2 24 3.7952 -5.3482 4.8984 3.1176 -5.25 5.4184
2 24 4.4194 -5.2138 -4.4194 5.4127 -8.2755 -3.125
2 24 -5.4127 -5.25 3.125 -3.125 -5.25 5.4127
2 24 -2.9453 -5.25 0.6022 -2.9453 -5.25 5.0412
2 24 -2.9453 -5.25 5.0412 0.2238 -5.4079 5.0412
2 24 -3.125 -5.25 5.4127 0 -5.25 6.25
2 24 -6.859 -16.7381 -0.4477 -6.3122 -18.0595 -0.6189
2 24 -9.3162 -19.7648 -0.1152 -6.34 -19.1208 -0.8104
2 24 -6.3122 -18.0595 -0.6189 -6.34 -19.1208 -0.8104
2 24 0.2877 -28.3257 2.813 -0.2369 -24.5874 1.6588
2 24 3.2873 -25.877 -0.1137 1.4678 -23.5052 0.3573
2 24 11.2516 -29.8103 -1.3181 4.1413 -26.3491 -2.0762
2 24 11.9274 -28.0085 -3.8989 5.7208 -25.2607 -4.8856
2 24 0.2238 -5.4079 5.0412 3.7952 -5.3482 4.8984
2 24 3.7952 -5.3482 4.8984 3.1176 -5.25 5.4184
2 24 0 -5.25 6.25 3.1176 -5.25 5.4184
2 24 -6.5439 -0.0338 -6.7761 -7.8267 -0.0338 -4.0103
2 24 -3.125 -0.0338 -5.4127 -5.4127 -0.0338 -3.125
2 24 -6.25 -0.0338 0 -5.4127 -0.0338 -3.125
2 24 -9.4565 -0.0338 -2.6791 -7.8267 -0.0338 -4.0103
2 24 6.25 -12.4771 0 5.3911 -12.4487 -2.3897
2 24 5.4127 -8.2755 -3.125 5.3911 -12.4487 -2.3897
2 24 4.5761 -12.6054 -1.0167 4.586 -12.6154 0.5988
2 24 9.9444 -4.932 4.1654 12.2656 -6.9481 4.183
2 24 12.6174 -9.2967 4.2035 12.2656 -6.9481 4.183
2 24 8.9339 -24.0717 4.3324 8.4207 -1.8843 4.1388
2 24 9.9444 -4.932 4.1654 8.4207 -1.8843 4.1388
2 24 2.0127 -14.7455 8.1499 1.8798 -16.2368 8.1629
2 24 18.7279 -35.7469 4.4343 21.3589 -36.5374 4.4412
2 24 17.8566 -34.1945 4.4208 18.7279 -35.7469 4.4343
2 24 22.8968 -34.6489 4.4247 21.3589 -36.5374 4.4412
2 24 16.3161 -10.6229 3.5148 19.658 -11.2063 3.55
2 24 15.157 -28.2944 -1.1331 15.2999 -27.7819 -1.257
2 24 17.947 -28.3797 -1.3368 15.157 -28.2944 -1.1331
2 24 16.9077 -24.4866 -1.9396 15.2999 -27.7819 -1.257
2 24 32.8966 -40.009 11.6772 36.322 -35.4705 11.7117
2 24 36.9188 -24.0998 11.8109 40.16 -25.5259 11.7985
2 24 36.5645 -23.7958 8.2289 36.8 -22.5123 8.2177
2 24 31.3107 -12.1443 8.126 33.2273 -11.62 8.1211
2 24 33.75 -0.0338 0 34.5873 -0.0338 -3.125
2 24 37.645 -17.1164 2.4428 38.1933 -17.0975 3.5693
2 24 38.1933 -17.0975 3.5693 39.6464 -16.886 4.6357
2 24 39.7041 -16.8244 2.9531 39.6464 -16.886 4.6357
2 24 39.7041 -16.8244 2.9531 39.6464 -16.886 4.6357
2 24 40.3535 -15.8302 4.8994 39.6464 -16.886 4.6357
2 24 30.5659 -0.0302 8.0189 47.6989 -0.0347 8.0215
2 24 32.1374 -7.1554 8.0837 34.3983 -8.3344 8.0939
2 24 47.1352 -8.0435 8.0914 46.4759 -12.5723 8.1309
2 24 43.9762 -16.4396 8.1647 46.4759 -12.5723 8.1309
2 24 34.0971 -10.0657 8.1091 34.3983 -8.3344 8.0939
2 24 34.5009 -8.123 2.425 34.5253 -8.0006 -3.0387
2 24 34.4045 -9.8562 -2.5612 34.5253 -8.0006 -3.0387
2 24 23.6284 -12.8364 -3.4856 27.5181 -12.055 -2.9811
2 24 25.0763 -35.5321 -1.5144 26.1466 -36.8834 -4.1339
2 24 31.3107 -12.1443 8.126 28.6498 -11.8653 8.1248
2 24 27.9978 -11.8627 5.4718 28.6498 -11.8653 8.1248
2 24 23.7057 -35.6184 1.4286 22.5662 -36.2663 0.4032
2 24 22.0054 -37.8527 0.675 22.5662 -36.2663 0.4032
2 24 50.203 -29.1333 11.0713 49.0742 -28.7271 11.6654
2 24 28.0586 -34.4976 -1.682 31.8534 -35.6163 -3.1887
2 24 27.7423 -33.3489 -0.4234 29.9669 -32.8906 0.5006
2 24 12.5833 -38.1137 -13.1659 11.2411 -40.1072 -15.8763
2 24 24.607 -32.8603 20.0603 26.7375 -33.3374 20.5912
2 24 28.9202 -33.988 20.9466 26.7375 -33.3374 20.5912
2 24 28.9202 -33.988 20.9466 26.7375 -33.3374 20.5912
2 24 28.7422 -33.4198 20.0764 26.7375 -33.3374 20.5912
2 24 26.7375 -33.3374 20.5912 28.7422 -33.4198 20.0764
2 24 -23.4867 -14.2155 10.0212 -22.4776 -12.8294 10.0212
2 24 -22.4776 -12.8294 10.0212 -23.0144 -14.8393 12.767
2 24 -23.4104 -16.4685 12.3766 -22.4206 -16.8421 14.3688
2 24 -23.0144 -14.8393 12.767 -22.4206 -16.8421 14.3688
2 24 -23.4104 -16.4685 12.3766 -24.1188 -15.8212 10.0212
2 24 -23.4867 -14.2155 10.0212 -24.1188 -15.8212 10.0212
2 24 -22.4206 -16.8421 14.3688 -23.0144 -14.8393 12.767
2 24 -21.6885 -14.0802 13.0634 -22.4776 -12.8294 10.0212
2 24 -23.0144 -14.8393 12.767 -22.4776 -12.8294 10.0212
2 24 -22.4206 -16.8421 14.3688 -21.0125 -16.711 15.7045
2 24 -21.6885 -14.0802 13.0634 -20.3511 -15.0722 15.3051
2 24 -20.3511 -15.0722 15.3051 -18.2244 -15.7225 17.0142
2 24 -21.0125 -16.711 15.7045 -19.2496 -16.2031 16.7048
2 24 -21.6885 -14.0802 13.0634 -22.4776 -12.8294 10.0212
2 24 -20.6101 -13.4494 12.4805 -21.4281 -12.798 10.0212
2 24 -21.6885 -14.0802 13.0634 -20.3511 -15.0722 15.3051
2 24 -20.6101 -13.4494 12.4805 -19.1944 -14.0699 14.6565
2 24 -19.1944 -14.0699 14.6565 -17.4122 -14.3958 15.8706
2 24 -20.3511 -15.0722 15.3051 -18.2244 -15.7225 17.0142
2 24 -24.1188 -15.8212 10.0212 -25.3253 -16.9545 10.0212
2 24 -24.1188 -15.8212 10.0212 -23.4104 -16.4685 12.3766
2 24 -25.3253 -16.9545 10.0212 -24.3666 -17.6379 12.996
2 24 -24.3666 -17.6379 12.996 -22.5839 -17.6997 15.404
2 24 -23.4104 -16.4685 12.3766 -22.4206 -16.8421 14.3688
2 24 -22.4206 -16.8421 14.3688 -21.0125 -16.711 15.7045
2 24 -21.0125 -16.711 15.7045 -19.2496 -16.2031 16.7048
2 24 -19.2496 -16.2031 16.7048 -19.9114 -17.035 17.4337
2 24 -22.5839 -17.6997 15.404 -19.9114 -17.035 17.4337
2 24 -24.0908 -23.3885 12.8072 -25.6204 -21.4222 10.0212
2 24 -25.6204 -21.4222 10.0212 -25.5965 -19.2665 10.0212
2 24 -24.0908 -23.3885 12.8072 -22.1693 -25.2213 15.3629
2 24 -21.3882 -21.2173 16.7855 -22.1693 -25.2213 15.3629
2 24 -24.3666 -17.6379 12.996 -25.3253 -16.9545 10.0212
2 24 -25.5965 -19.2665 10.0212 -25.3253 -16.9545 10.0212
2 24 -24.3666 -17.6379 12.996 -22.5839 -17.6997 15.404
2 24 -22.5839 -17.6997 15.404 -19.9114 -17.035 17.4337
2 24 -21.3882 -21.2173 16.7855 -19.9114 -17.035 17.4337
2 24 -21.7047 -25.5838 13.4964 -24.0216 -23.1393 10.0212
2 24 -24.0908 -23.3885 12.8072 -25.6204 -21.4222 10.0212
2 24 -24.0908 -23.3885 12.8072 -22.1693 -25.2213 15.3629
2 24 -21.7047 -25.5838 13.4964 -18.9364 -27.5414 15.6117
2 24 -22.1693 -25.2213 15.3629 -19.4891 -26.891 16.7433
2 24 -21.6003 -28.3714 10.0212 -19.1234 -32.6294 10.0212
2 24 -19.1517 -30.7005 12.8887 -19.1234 -32.6294 10.0212
2 24 -21.7047 -25.5838 13.4964 -24.0216 -23.1393 10.0212
2 24 -21.6003 -28.3714 10.0212 -24.0216 -23.1393 10.0212
2 24 -21.7047 -25.5838 13.4964 -18.9364 -27.5414 15.6117
2 24 -19.1517 -30.7005 12.8887 -18.9364 -27.5414 15.6117
2 24 -17.3924 -28.2377 16.1663 -17.7893 -27.6453 17.498
2 24 -18.9364 -27.5414 15.6117 -17.3924 -28.2377 16.1663
2 24 -19.4891 -26.891 16.7433 -17.7893 -27.6453 17.498
2 24 -17.7893 -27.6453 17.498 -17.3924 -28.2377 16.1663
2 24 -17.7893 -27.6453 17.498 -16.8143 -27.786 17.9564
2 24 -17.3924 -28.2377 16.1663 -16.3541 -28.4841 16.2301
2 24 -16.8143 -27.786 17.9564 -16.3541 -28.4841 16.2301
2 24 -16.8143 -27.786 17.9564 -16.3541 -28.4841 16.2301
2 24 -16.8143 -27.786 17.9564 -14.6677 -28.9624 18.8765
2 24 -16.3541 -28.4841 16.2301 -14.3489 -29.6197 17.0987
2 24 -18.9364 -27.5414 15.6117 -16.6089 -27.5288 14.7862
2 24 -18.9364 -27.5414 15.6117 -17.3924 -28.2377 16.1663
2 24 -17.3924 -28.2377 16.1663 -16.3541 -28.4841 16.2301
2 24 -16.3541 -28.4841 16.2301 -14.3489 -29.6197 17.0987
2 24 -16.6089 -27.5288 14.7862 -13.4485 -29.8894 16.5655
2 24 -16.2159 -29.5707 12.6169 -16.6089 -27.5288 14.7862
2 24 -16.6089 -27.5288 14.7862 -18.9364 -27.5414 15.6117
2 24 -19.1517 -30.7005 12.8887 -18.9364 -27.5414 15.6117
2 24 -16.2159 -29.5707 12.6169 -15.9094 -31.4765 10.0212
2 24 -19.1517 -30.7005 12.8887 -19.1234 -32.6294 10.0212
2 24 -15.9094 -31.4765 10.0212 -19.1234 -32.6294 10.0212
2 24 -19.2496 -16.2031 16.7048 -19.9114 -17.035 17.4337
2 24 -19.2496 -16.2031 16.7048 -16.6896 -18.5794 18.0901
2 24 -19.9114 -17.035 17.4337 -17.3957 -19.2772 18.7634
2 24 -1.5054 -20.0428 18.1042 -6.3382 -19.1061 20.8729
2 24 -6.3382 -19.1061 20.8729 -5.5711 -20.2515 23.0674
2 24 -1.8393 -21.5514 23.2814 -5.5711 -20.2515 23.0674
2 24 -1.5054 -20.0428 18.1042 -0.4519 -21.5771 18.7024
2 24 -1.8393 -21.5514 23.2814 -0.4519 -21.5771 18.7024
2 24 -5.5711 -20.2515 23.0674 -6.3382 -19.1061 20.8729
2 24 -5.5711 -20.2515 23.0674 -9.5637 -21.1207 22.1295
2 24 -6.3382 -19.1061 20.8729 -9.3228 -19.7529 20.1785
2 24 -9.5637 -21.1207 22.1295 -13.7706 -21.1292 20.6436
2 24 -9.3228 -19.7529 20.1785 -13.0105 -19.8951 19.2087
2 24 -17.3957 -19.2772 18.7634 -13.7706 -21.1292 20.6436
2 24 -16.6896 -18.5794 18.0901 -13.0105 -19.8951 19.2087
2 24 -21.3882 -21.2173 16.7855 -22.1693 -25.2213 15.3629
2 24 -22.1693 -25.2213 15.3629 -19.4891 -26.891 16.7433
2 24 -17.3957 -19.2772 18.7634 -19.9114 -17.035 17.4337
2 24 -21.3882 -21.2173 16.7855 -19.9114 -17.035 17.4337
2 24 -19.4891 -26.891 16.7433 -17.7893 -27.6453 17.498
2 24 -17.7893 -27.6453 17.498 -16.8143 -27.786 17.9564
2 24 -17.3957 -19.2772 18.7634 -13.7706 -21.1292 20.6436
2 24 -16.8143 -27.786 17.9564 -14.6677 -28.9624 18.8765
2 24 -13.7706 -21.1292 20.6436 -9.5637 -21.1207 22.1295
2 24 -14.6677 -28.9624 18.8765 -11.4912 -30.8163 19.699
2 24 -14.6677 -28.9624 18.8765 -11.4912 -30.8163 19.699
2 24 -14.3489 -29.6197 17.0987 -11.1585 -31.2408 18.361
2 24 -11.4912 -30.8163 19.699 -11.1585 -31.2408 18.361
2 24 -14.3489 -29.6197 17.0987 -11.1585 -31.2408 18.361
2 24 -11.1585 -31.2408 18.361 -10.3148 -31.1649 18.0971
2 24 -13.4485 -29.8894 16.5655 -10.7798 -31.3782 17.4825
2 24 -11.4912 -30.8163 19.699 -11.1585 -31.2408 18.361
2 24 -11.4912 -30.8163 19.699 -10.4326 -30.7324 20.125
2 24 -11.1585 -31.2408 18.361 -10.3148 -31.1649 18.0971
2 24 -10.4326 -30.7324 20.125 -10.3148 -31.1649 18.0971
2 24 -11.4912 -30.8163 19.699 -10.4326 -30.7324 20.125
2 24 -9.5637 -21.1207 22.1295 -5.5711 -20.2515 23.0674
2 24 -6.0392 -32.1578 21.2027 -10.4326 -30.7324 20.125
2 24 -10.4326 -30.7324 20.125 -10.3148 -31.1649 18.0971
2 24 -5.7918 -32.8634 19.206 -10.3148 -31.1649 18.0971
2 24 -10.4326 -30.7324 20.125 -6.0392 -32.1578 21.2027
2 24 -5.5711 -20.2515 23.0674 -1.8393 -21.5514 23.2814
2 24 -1.8393 -21.5514 23.2814 -2.0678 -25.4543 23.142
2 24 -6.0392 -32.1578 21.2027 -1.2898 -33.3324 21.8242
2 24 -1.2898 -33.3324 21.8242 -1.2877 -33.8642 19.9714
2 24 -5.7918 -32.8634 19.206 -1.2877 -33.8642 19.9714
2 24 -6.0392 -32.1578 21.2027 -1.2898 -33.3324 21.8242
2 24 -1.1303 -30.9443 22.5164 -1.2898 -33.3324 21.8242
2 24 -2.0678 -25.4543 23.142 -1.1303 -30.9443 22.5164
2 24 -2.0678 -25.4543 23.142 -1.8393 -21.5514 23.2814
2 24 -0.2287 -24.5925 18.4066 -0.4519 -21.5771 18.7024
2 24 -1.8393 -21.5514 23.2814 -0.4519 -21.5771 18.7024
2 24 -2.0678 -25.4543 23.142 -1.1303 -30.9443 22.5164
2 24 -0.2287 -24.5925 18.4066 0.2892 -28.3249 17.2543
2 24 -1.1303 -30.9443 22.5164 -1.2898 -33.3324 21.8242
2 24 -1.2877 -33.8642 19.9714 0.0169 -31.3377 16.1936
2 24 -1.2898 -33.3324 21.8242 -1.2877 -33.8642 19.9714
2 24 0.2892 -28.3249 17.2543 0.0169 -31.3377 16.1936
2 24 -0.2066 -31.289 15.2602 0.0169 -31.3377 16.1936
2 24 -0.2066 -31.289 15.2602 -2.3859 -33.1941 18.547
2 24 0.0169 -31.3377 16.1936 -1.2877 -33.8642 19.9714
2 24 -3.4806 -35.5948 14.2503 -0.76 -31.8893 13.4119
2 24 -3.4806 -35.5948 14.2503 -2.9517 -34.6379 16.4812
2 24 -0.76 -31.8893 13.4119 -0.6702 -31.7659 14.0548
2 24 -10.7798 -31.3782 17.4825 -9.5819 -30.7135 16.3908
2 24 -10.3148 -31.1649 18.0971 -5.7918 -32.8634 19.206
2 24 -9.5819 -30.7135 16.3908 -6.6967 -31.8861 17.5765
2 24 -2.3859 -33.1941 18.547 -6.6967 -31.8861 17.5765
2 24 -1.2877 -33.8642 19.9714 -5.7918 -32.8634 19.206
2 24 -16.6089 -27.5288 14.7862 -16.2159 -29.5707 12.6169
2 24 -16.6089 -27.5288 14.7862 -13.4485 -29.8894 16.5655
2 24 -10.9861 -34.6823 14.0151 -10.7798 -31.3782 17.4825
2 24 -13.4485 -29.8894 16.5655 -10.7798 -31.3782 17.4825
2 24 -9.5819 -30.7135 16.3908 -10.7798 -31.3782 17.4825
2 24 -9.5819 -30.7135 16.3908 -9.5604 -31.6702 15.0666
2 24 -10.7798 -31.3782 17.4825 -10.9861 -34.6823 14.0151
2 24 -9.5604 -31.6702 15.0666 -8.3246 -33.0006 13.5021
2 24 -8.3246 -33.0006 13.5021 -7.7804 -34.6193 11.6535
2 24 -6.6967 -31.8861 17.5765 -9.5819 -30.7135 16.3908
2 24 -9.5604 -31.6702 15.0666 -9.5819 -30.7135 16.3908
2 24 -5.7904 -34.41 14.7077 -8.3246 -33.0006 13.5021
2 24 -9.5604 -31.6702 15.0666 -8.3246 -33.0006 13.5021
2 24 -5.7904 -34.41 14.7077 -8.3246 -33.0006 13.5021
2 24 -7.7804 -34.6193 11.6535 -8.3246 -33.0006 13.5021
2 24 -2.9517 -34.6379 16.4812 -2.3859 -33.1941 18.547
2 24 -6.6967 -31.8861 17.5765 -2.3859 -33.1941 18.547
2 24 -0.6702 -31.7659 14.0548 -0.2066 -31.289 15.2602
2 24 -0.2066 -31.289 15.2602 -2.3859 -33.1941 18.547
2 24 -2.9517 -34.6379 16.4812 -2.3859 -33.1941 18.547
2 24 -2.9517 -34.6379 16.4812 -3.4806 -35.5948 14.2503
2 24 -0.76 -31.8893 13.4119 -3.4806 -35.5948 14.2503
2 24 -0.76 -31.8893 13.4119 -0.2727 -33.7001 11.8263
2 24 -3.4806 -35.5948 14.2503 -2.4157 -37.8075 12.2257
2 24 -3.4806 -35.5948 14.2503 -2.4157 -37.8075 12.2257
2 24 -19.2496 -16.2031 16.7048 -16.6896 -18.5794 18.0901
2 24 -18.2244 -15.7225 17.0142 -15.8881 -16.0044 18.1683
2 24 -16.6896 -18.5794 18.0901 -13.0105 -19.8951 19.2087
2 24 -15.8881 -16.0044 18.1683 -12.7944 -15.7473 19.0547
2 24 -6.8583 -16.7311 20.5141 -9.3131 -15.5081 19.9205
2 24 -17.4122 -14.3958 15.8706 -15.0319 -14.2786 16.7119
2 24 -18.2244 -15.7225 17.0142 -15.8881 -16.0044 18.1683
2 24 -15.0319 -14.2786 16.7119 -12.0314 -13.1506 17.077
2 24 -15.8881 -16.0044 18.1683 -12.7944 -15.7473 19.0547
2 24 -12.0314 -13.1506 17.077 -8.5955 -12.035 16.897
2 24 -12.7944 -15.7473 19.0547 -9.3131 -15.5081 19.9205
2 24 -9.3131 -15.5081 19.9205 -6.8583 -16.7311 20.5141
2 24 -8.5955 -12.035 16.897 -5.7513 -12.3907 17.2364
2 24 -1.5054 -20.0428 18.1042 -1.6179 -17.3248 18.2763
2 24 -1.5054 -20.0428 18.1042 -6.3382 -19.1061 20.8729
2 24 -6.3382 -19.1061 20.8729 -6.3095 -18.0554 20.6858
2 24 -5.7513 -12.3907 17.2364 -3.2349 -14.1615 17.66
2 24 -12.7944 -15.7473 19.0547 -9.3131 -15.5081 19.9205
2 24 -13.0105 -19.8951 19.2087 -9.3228 -19.7529 20.1785
2 24 -6.8583 -16.7311 20.5141 -6.3095 -18.0554 20.6858
2 24 -1.6179 -17.3248 18.2763 -3.2349 -14.1615 17.66
2 24 -11.9496 -13.0076 11.8875 -13.5672 -13.6501 13.1005
2 24 -5.7513 -12.3907 17.2364 -8.5955 -12.035 16.897
2 24 -5.6864 -12.1943 11.8971 -9.2589 -12.1834 11.897
2 24 -5.7513 -12.3907 17.2364 -3.2349 -14.1615 17.66
2 24 -5.6864 -12.1943 11.8971 -3.0644 -14.1248 11.8804
2 24 -3.2349 -14.1615 17.66 -1.6179 -17.3248 18.2763
2 24 -1.6179 -17.3248 18.2763 -1.5054 -20.0428 18.1042
2 24 -1.504 -16.9442 14.9728 -1.5054 -20.0428 18.1042
2 24 -0.76 -31.8893 13.4119 -0.2727 -33.7001 11.8263
2 24 -0.76 -31.8893 13.4119 3.3348 -34.3604 14.4011
2 24 8.9442 -39.2934 12.5974 7.9738 -36.5892 15.0134
2 24 3.3348 -34.3604 14.4011 7.9738 -36.5892 15.0134
2 24 -0.6702 -31.7659 14.0548 -0.76 -31.8893 13.4119
2 24 3.3348 -34.3604 14.4011 -0.76 -31.8893 13.4119
2 24 3.1332 -32.5043 16.724 -0.2066 -31.289 15.2602
2 24 -0.6702 -31.7659 14.0548 -0.2066 -31.289 15.2602
2 24 3.3348 -34.3604 14.4011 7.9738 -36.5892 15.0134
2 24 8.2331 -36.2529 16.6237 7.9738 -36.5892 15.0134
2 24 3.1332 -32.5043 16.724 7.0977 -33.7107 18.2647
2 24 8.2331 -36.2529 16.6237 7.0977 -33.7107 18.2647
2 24 6.5909 -34.053 19.6122 0.0169 -31.3377 16.1936
2 24 0.0169 -31.3377 16.1936 -0.2066 -31.289 15.2602
2 24 3.1332 -32.5043 16.724 -0.2066 -31.289 15.2602
2 24 6.5909 -34.053 19.6122 7.0977 -33.7107 18.2647
2 24 3.1332 -32.5043 16.724 7.0977 -33.7107 18.2647
2 24 6.5909 -34.053 19.6122 7.1455 -31.5103 20.9351
2 24 6.5909 -34.053 19.6122 0.0169 -31.3377 16.1936
2 24 7.1455 -31.5103 20.9351 0.2892 -28.3249 17.2543
2 24 0.0169 -31.3377 16.1936 0.2892 -28.3249 17.2543
2 24 7.0977 -33.7107 18.2647 8.057 -30.8219 17.8291
2 24 6.5909 -34.053 19.6122 7.0977 -33.7107 18.2647
2 24 8.2935 -30.0739 18.6814 7.1455 -31.5103 20.9351
2 24 8.057 -30.8219 17.8291 8.2935 -30.0739 18.6814
2 24 6.5909 -34.053 19.6122 7.1455 -31.5103 20.9351
2 24 0.2892 -28.3249 17.2543 7.1455 -31.5103 20.9351
2 24 8.2935 -30.0739 18.6814 0.2892 -28.3249 17.2543
2 24 8.2935 -30.0739 18.6814 7.1455 -31.5103 20.9351
2 24 0.2892 -28.3249 17.2543 8.2935 -30.0739 18.6814
2 24 3.2746 -25.8955 20.1672 10.3811 -29.6043 19.8606
2 24 8.2935 -30.0739 18.6814 8.057 -30.8219 17.8291
2 24 10.3811 -29.6043 19.8606 9.1707 -30.7659 18.0309
2 24 8.057 -30.8219 17.8291 7.0977 -33.7107 18.2647
2 24 8.057 -30.8219 17.8291 8.7878 -31.6112 16.6531
2 24 7.0977 -33.7107 18.2647 8.2331 -36.2529 16.6237
2 24 9.1707 -30.7659 18.0309 10.312 -32.6061 16.6664
2 24 8.057 -30.8219 17.8291 8.7878 -31.6112 16.6531
2 24 -0.2287 -24.5925 18.4066 -0.4519 -21.5771 18.7024
2 24 1.4458 -23.5132 19.6938 1.2125 -20.8968 19.4453
2 24 1.2125 -20.8968 19.4453 1.3981 -19.1885 18.6384
2 24 -0.4519 -21.5771 18.7024 -1.5054 -20.0428 18.1042
2 24 -1.5054 -20.0428 18.1042 -1.504 -16.9442 14.9728
2 24 1.3981 -19.1885 18.6384 1.9683 -16.2411 15.0485
2 24 -1.504 -16.9442 14.9728 1.9683 -16.2411 15.0485
2 24 11.2364 -29.8246 21.3742 4.1294 -26.37 22.1254
2 24 11.2364 -29.8246 21.3742 10.3811 -29.6043 19.8606
2 24 10.3811 -29.6043 19.8606 3.2746 -25.8955 20.1672
2 24 3.2746 -25.8955 20.1672 1.4458 -23.5132 19.6938
2 24 1.4458 -23.5132 19.6938 1.7625 -24.18 22.051
2 24 4.1294 -26.37 22.1254 1.7625 -24.18 22.051
2 24 1.2125 -20.8968 19.4453 1.4458 -23.5132 19.6938
2 24 1.4458 -23.5132 19.6938 1.7625 -24.18 22.051
2 24 1.3846 -19.7102 21.5168 1.7625 -24.18 22.051
2 24 1.2125 -20.8968 19.4453 1.3981 -19.1885 18.6384
2 24 2.1843 -14.8065 16.5711 2.324 -14.7142 21.1598
2 24 1.3846 -19.7102 21.5168 2.324 -14.7142 21.1598
2 24 1.3981 -19.1885 18.6384 1.9683 -16.2411 15.0485
2 24 0.1187 -11.1294 21.615 -3.6744 -8.0314 22.1416
2 24 2.1843 -14.8065 16.5711 2.324 -14.7142 21.1598
2 24 0.1187 -11.1294 21.615 2.324 -14.7142 21.1598
2 24 -8.3479 -5.5417 16.6463 -6.6132 -7.8113 16.2609
2 24 -6.2136 -7.21 16.756 -8.3479 -5.5417 16.6463
2 24 -6.6132 -7.8113 16.2609 -3.2665 -8.4277 16.3487
2 24 -6.2136 -7.21 16.756 -3.2665 -8.4277 16.3487
2 24 -3.6744 -8.0314 22.1416 -5.9884 -6.9879 22.0291
2 24 -3.2665 -8.4277 16.3487 -6.2136 -7.21 16.756
2 24 -5.9884 -6.9879 22.0291 -8.0262 -5.8174 22.0637
2 24 -6.2136 -7.21 16.756 -8.3479 -5.5417 16.6463
2 24 -9.4324 -3.7111 22.7105 -9.8473 -3.6998 18.1514
2 24 -8.0262 -5.8174 22.0637 -9.4324 -3.7111 22.7105
2 24 -8.3479 -5.5417 16.6463 -9.8473 -3.6998 18.1514
2 24 -6.6589 -5.702 23.3102 -7.9654 -3.5266 24.0584
2 24 -7.9654 -3.5266 24.0584 -9.4324 -3.7111 22.7105
2 24 -8.0262 -5.8174 22.0637 -9.4324 -3.7111 22.7105
2 24 -6.6589 -5.702 23.3102 -3.6744 -8.0314 22.1416
2 24 -3.6744 -8.0314 22.1416 -5.9884 -6.9879 22.0291
2 24 -8.0262 -5.8174 22.0637 -5.9884 -6.9879 22.0291
2 24 12.7662 -29.1021 22.3343 11.9309 -28.0216 23.9623
2 24 11.2364 -29.8246 21.3742 12.7662 -29.1021 22.3343
2 24 1.7625 -24.18 22.051 4.1294 -26.37 22.1254
2 24 1.7625 -24.18 22.051 3.2744 -23.2237 25.2531
2 24 3.2744 -23.2237 25.2531 5.7161 -25.2747 24.9482
2 24 3.883 -19.6044 25.2442 3.2744 -23.2237 25.2531
2 24 1.3846 -19.7102 21.5168 1.7625 -24.18 22.051
2 24 3.2744 -23.2237 25.2531 1.7625 -24.18 22.051
2 24 1.3846 -19.7102 21.5168 2.324 -14.7142 21.1598
2 24 2.324 -14.7142 21.1598 4.9135 -15.159 24.6429
2 24 3.883 -19.6044 25.2442 4.9135 -15.159 24.6429
2 24 0.1187 -11.1294 21.615 2.324 -14.7142 21.1598
2 24 2.324 -14.7142 21.1598 4.9135 -15.159 24.6429
2 24 1.3925 -9.8762 25.7062 4.9135 -15.159 24.6429
2 24 1.3925 -9.8762 25.7062 -2.3247 -6.8996 26.2141
2 24 0.1187 -11.1294 21.615 -3.6744 -8.0314 22.1416
2 24 -2.3247 -6.8996 26.2141 -4.8738 -5.43 26.7648
2 24 -6.6589 -5.702 23.3102 -3.6744 -8.0314 22.1416
2 24 -6.6589 -5.702 23.3102 -7.9654 -3.5266 24.0584
2 24 -7.9654 -3.5266 24.0584 -6.6923 -3.1448 26.8322
2 24 -4.8738 -5.43 26.7648 -6.6923 -3.1448 26.8322
2 24 -2.3247 -6.8996 26.2141 -4.8738 -5.43 26.7648
2 24 -1.752 -4.4746 28.1582 -4.5176 -4.0066 27.6841
2 24 -2.3247 -6.8996 26.2141 1.3925 -9.8762 25.7062
2 24 -1.752 -4.4746 28.1582 0.778 -4.7954 28.2583
2 24 0.778 -4.7954 28.2583 4.5756 -4.3023 27.355
2 24 -4.8738 -5.43 26.7648 -6.6923 -3.1448 26.8322
2 24 -4.5176 -4.0066 27.6841 -6.6923 -3.1448 26.8322
2 24 4.5756 -4.3023 27.355 7.1659 -7.0828 25.8516
2 24 7.5731 -14.7964 25.0355 4.9135 -15.159 24.6429
2 24 1.3925 -9.8762 25.7062 4.9135 -15.159 24.6429
2 24 10.6154 -10.9969 25.3919 10.2459 -8.4966 25.7004
2 24 7.1659 -7.0828 25.8516 10.2459 -8.4966 25.7004
2 24 10.6154 -10.9969 25.3919 11.571 -13.8383 25.1067
2 24 7.5731 -14.7964 25.0355 11.571 -13.8383 25.1067
2 24 9.8878 -4.9487 23.6432 8.268 -1.8599 24.1045
2 24 7.1659 -7.0828 25.8516 4.5756 -4.3023 27.355
2 24 7.1659 -7.0828 25.8516 10.2459 -8.4966 25.7004
2 24 10.2459 -8.4966 25.7004 12.2781 -7.0427 22.6125
2 24 9.8878 -4.9487 23.6432 12.2781 -7.0427 22.6125
2 24 11.571 -13.8383 25.1067 10.6154 -10.9969 25.3919
2 24 13.8033 -12.4911 22.5835 12.6612 -9.9286 22.4585
2 24 12.2781 -7.0427 22.6125 10.2459 -8.4966 25.7004
2 24 12.6612 -9.9286 22.4585 12.2781 -7.0427 22.6125
2 24 10.6154 -10.9969 25.3919 10.2459 -8.4966 25.7004
2 24 5.7161 -25.2747 24.9482 3.2744 -23.2237 25.2531
2 24 3.2744 -23.2237 25.2531 3.883 -19.6044 25.2442
2 24 11.9309 -28.0216 23.9623 13.7009 -23.7583 24.9099
2 24 5.7161 -25.2747 24.9482 11.9309 -28.0216 23.9623
2 24 15.1477 -19.2126 25.3737 13.5687 -16.0941 25.3661
2 24 13.7009 -23.7583 24.9099 15.1477 -19.2126 25.3737
2 24 3.883 -19.6044 25.2442 4.9135 -15.159 24.6429
2 24 4.9135 -15.159 24.6429 7.5731 -14.7964 25.0355
2 24 11.571 -13.8383 25.1067 7.5731 -14.7964 25.0355
2 24 11.571 -13.8383 25.1067 13.5687 -16.0941 25.3661
2 24 14.8703 -28.481 21.5102 14.9621 -27.9293 21.6721
2 24 14.8703 -28.481 21.5102 12.7662 -29.1021 22.3343
2 24 12.7662 -29.1021 22.3343 11.9309 -28.0216 23.9623
2 24 14.9621 -27.9293 21.6721 16.7365 -24.53 22.3075
2 24 11.9309 -28.0216 23.9623 13.7009 -23.7583 24.9099
2 24 13.7009 -23.7583 24.9099 15.1477 -19.2126 25.3737
2 24 16.7365 -24.53 22.3075 17.9962 -19.294 23.1418
2 24 15.1477 -19.2126 25.3737 17.9962 -19.294 23.1418
2 24 13.5687 -16.0941 25.3661 15.1477 -19.2126 25.3737
2 24 15.1477 -19.2126 25.3737 17.9962 -19.294 23.1418
2 24 16.048 -15.4182 23.1202 17.9962 -19.294 23.1418
2 24 13.8033 -12.4911 22.5835 16.048 -15.4182 23.1202
2 24 11.571 -13.8383 25.1067 13.5687 -16.0941 25.3661
2 24 14.8703 -28.481 21.5102 15.1645 -28.2909 21.1991
2 24 14.8703 -28.481 21.5102 14.9621 -27.9293 21.6721
2 24 15.1645 -28.2909 21.1991 15.3091 -27.7909 21.3208
2 24 14.9621 -27.9293 21.6721 16.7365 -24.53 22.3075
2 24 15.3091 -27.7909 21.3208 16.9218 -24.4916 22.002
2 24 18.1858 -19.2661 21.7694 17.9962 -19.294 23.1418
2 24 16.9218 -24.4916 22.002 18.1858 -19.2661 21.7694
2 24 16.7365 -24.53 22.3075 17.9962 -19.294 23.1418
2 24 15.89 -14.8976 20.7412 18.1858 -19.2661 21.7694
2 24 16.048 -15.4182 23.1202 17.9962 -19.294 23.1418
2 24 18.1858 -19.2661 21.7694 17.9962 -19.294 23.1418
2 24 15.89 -14.8976 20.7412 14.7049 -13.3916 19.101
2 24 16.048 -15.4182 23.1202 13.8033 -12.4911 22.5835
2 24 13.8033 -12.4911 22.5835 12.6612 -9.9286 22.4585
2 24 14.7049 -13.3916 19.101 13.2735 -10.8906 16.3883
2 24 12.6612 -9.9286 22.4585 12.2781 -7.0427 22.6125
2 24 12.2781 -7.0427 22.6125 12.2616 -7.0187 19.7262
2 24 21.4276 -20.0148 21.1846 21.4325 -15.734 20.1015
2 24 18.1858 -19.2661 21.7694 15.89 -14.8976 20.7412
2 24 21.4325 -15.734 20.1015 21.8335 -13.8425 18.2173
2 24 15.89 -14.8976 20.7412 14.7049 -13.3916 19.101
2 24 14.7049 -13.3916 19.101 13.2735 -10.8906 16.3883
2 24 16.3173 -10.6011 16.5397 13.2735 -10.8906 16.3883
2 24 23.5725 -12.8479 16.5866 19.6644 -11.1852 16.5042
2 24 21.8335 -13.8425 18.2173 23.5725 -12.8479 16.5866
2 24 23.5725 -12.8479 16.5866 23.0362 -13.0304 15.7909
2 24 23.5725 -12.8479 16.5866 19.6644 -11.1852 16.5042
2 24 23.0362 -13.0304 15.7909 19.8137 -11.1196 15.8069
2 24 19.6644 -11.1852 16.5042 16.3173 -10.6011 16.5397
2 24 19.8137 -11.1196 15.8069 16.2753 -10.4815 15.8123
2 24 13.177 -10.8172 15.8123 13.2735 -10.8906 16.3883
2 24 16.2753 -10.4815 15.8123 13.177 -10.8172 15.8123
2 24 16.3173 -10.6011 16.5397 13.2735 -10.8906 16.3883
2 24 21.4276 -20.0148 21.1846 21.4582 -26.1998 21.5876
2 24 18.1858 -19.2661 21.7694 16.9218 -24.4916 22.002
2 24 21.4582 -26.1998 21.5876 21.8817 -28.6578 21.268
2 24 17.9546 -28.3687 21.4003 19.625 -30.5598 20.839
2 24 21.8817 -28.6578 21.268 22.3935 -30.5279 20.6047
2 24 19.625 -30.5598 20.839 22.3935 -30.5279 20.6047
2 24 9.8878 -4.9487 23.6432 12.2781 -7.0427 22.6125
2 24 12.2781 -7.0427 22.6125 12.2616 -7.0187 19.7262
2 24 9.8878 -4.9487 23.6432 8.268 -1.8599 24.1045
2 24 8.7878 -31.6112 16.6531 8.9583 -34.5825 15.2613
2 24 8.2331 -36.2529 16.6237 7.9738 -36.5892 15.0134
2 24 8.9583 -34.5825 15.2613 7.9738 -36.5892 15.0134
2 24 8.9583 -34.5825 15.2613 7.9738 -36.5892 15.0134
2 24 8.9583 -34.5825 15.2613 10.3478 -36.8151 12.6934
2 24 7.9738 -36.5892 15.0134 8.9442 -39.2934 12.5974
2 24 11.3499 -36.0737 15.241 8.9583 -34.5825 15.2613
2 24 10.3478 -36.8151 12.6934 8.9583 -34.5825 15.2613
2 24 14.6822 -37.6033 16.2016 17.6996 -37.5494 18.2328
2 24 17.6996 -37.5494 18.2328 18.8315 -36.9 19.2623
2 24 18.8315 -36.9 19.2623 22.0096 -37.8646 19.389
2 24 22.0096 -37.8646 19.389 23.2633 -39.8262 17.4402
2 24 20.2105 -40.2432 15.1755 23.5544 -40.9066 15.3659
2 24 23.2633 -39.8262 17.4402 23.5544 -40.9066 15.3659
2 24 16.5075 -41.4682 10.0212 12.5789 -39.1589 10.0212
2 24 16.5075 -41.4682 10.0212 20.69 -43.338 10.0212
2 24 20.2105 -40.2432 15.1755 23.5544 -40.9066 15.3659
2 24 23.5544 -40.9066 15.3659 24.5781 -43.1145 13.2836
2 24 24.5781 -43.1145 13.2836 25.303 -44.8975 10.0212
2 24 20.69 -43.338 10.0212 25.303 -44.8975 10.0212
2 24 22.5752 -36.2852 19.6529 18.9338 -35.6516 19.5094
2 24 22.5752 -36.2852 19.6529 22.0096 -37.8646 19.389
2 24 18.9338 -35.6516 19.5094 18.8315 -36.9 19.2623
2 24 22.0096 -37.8646 19.389 18.8315 -36.9 19.2623
2 24 23.7381 -35.3244 18.6881 24.0577 -37.0094 17.3628
2 24 22.0096 -37.8646 19.389 23.2633 -39.8262 17.4402
2 24 23.5544 -40.9066 15.3659 24.487 -38.53 15.6913
2 24 23.2633 -39.8262 17.4402 23.5544 -40.9066 15.3659
2 24 24.0577 -37.0094 17.3628 24.487 -38.53 15.6913
2 24 24.5781 -43.1145 13.2836 23.5544 -40.9066 15.3659
2 24 25.7313 -39.7251 14.158 24.487 -38.53 15.6913
2 24 23.5544 -40.9066 15.3659 24.487 -38.53 15.6913
2 24 24.5781 -43.1145 13.2836 25.303 -44.8975 10.0212
2 24 25.7313 -39.7251 14.158 26.64 -41.466 11.9968
2 24 26.64 -41.466 11.9968 27.1014 -42.4922 10.0225
2 24 25.303 -44.8975 10.0212 27.1014 -42.4922 10.0225
2 24 18.9338 -35.6516 19.5094 17.3454 -36.7352 18.3156
2 24 18.9338 -35.6516 19.5094 18.8315 -36.9 19.2623
2 24 18.8315 -36.9 19.2623 17.6996 -37.5494 18.2328
2 24 17.6996 -37.5494 18.2328 14.6822 -37.6033 16.2016
2 24 17.3454 -36.7352 18.3156 15.065 -35.4173 16.8077
2 24 15.065 -35.4173 16.8077 12.5118 -34.5813 16.2254
2 24 14.6822 -37.6033 16.2016 11.3499 -36.0737 15.241
2 24 11.3499 -36.0737 15.241 8.9583 -34.5825 15.2613
2 24 10.312 -32.6061 16.6664 12.5118 -34.5813 16.2254
2 24 8.7878 -31.6112 16.6531 8.9583 -34.5825 15.2613
2 24 24.8654 -39.0106 23.5742 23.9726 -37.32 20.939
2 24 26.1697 -36.8776 24.1688 25.1005 -35.5311 21.5507
2 24 26.1697 -36.8776 24.1688 28.7474 -39.1009 28.1654
2 24 24.8654 -39.0106 23.5742 27.0051 -41.4593 27.1688
2 24 28.7474 -39.1009 28.1654 32.208 -41.1875 31.5793
2 24 27.0051 -41.4593 27.1688 29.7688 -43.8007 30.4116
2 24 32.208 -41.1875 31.5793 33.8699 -42.5359 33.75
2 24 33.0717 -44.0536 32.6958 33.6607 -44.8632 33.3718
2 24 33.6607 -44.8632 33.3718 33.8888 -43.1486 34.7084
2 24 33.8699 -42.5359 33.75 33.8888 -43.1486 34.7084
2 24 29.7688 -43.8007 30.4116 31.8144 -45.2412 32.4319
2 24 33.6607 -44.8632 33.3718 32.0713 -46.0116 32.9042
2 24 23.7381 -35.3244 18.6881 24.3809 -35.3113 19.3963
2 24 23.9726 -37.32 20.939 23.7381 -35.3244 18.6881
2 24 24.3809 -35.3113 19.3963 25.1875 -34.6017 19.8511
2 24 25.1005 -35.5311 21.5507 25.1875 -34.6017 19.8511
2 24 31.8144 -45.2412 32.4319 26.9071 -45.6101 32.7427
2 24 29.7688 -43.8007 30.4116 31.8144 -45.2412 32.4319
2 24 12.9033 -44.6039 31.2779 14.7897 -42.6485 28.6121
2 24 12.9033 -44.6039 31.2779 17.006 -45.2276 32.1466
2 24 22.5752 -36.2852 19.6529 18.9338 -35.6516 19.5094
2 24 18.9338 -35.6516 19.5094 17.7709 -37.7285 22.5695
2 24 23.9726 -37.32 20.939 23.7381 -35.3244 18.6881
2 24 22.5752 -36.2852 19.6529 23.7381 -35.3244 18.6881
2 24 17.7709 -37.7285 22.5695 16.7368 -40.3808 25.5471
2 24 23.9726 -37.32 20.939 24.8654 -39.0106 23.5742
2 24 24.8654 -39.0106 23.5742 27.0051 -41.4593 27.1688
2 24 29.7688 -43.8007 30.4116 27.0051 -41.4593 27.1688
2 24 26.9071 -45.6101 32.7427 21.7238 -45.6108 32.7713
2 24 14.7897 -42.6485 28.6121 16.7368 -40.3808 25.5471
2 24 17.006 -45.2276 32.1466 21.7238 -45.6108 32.7713
2 24 32.0713 -46.0116 32.9042 27.2168 -47.2333 33.0832
2 24 31.8144 -45.2412 32.4319 26.9071 -45.6101 32.7427
2 24 26.9071 -45.6101 32.7427 21.7238 -45.6108 32.7713
2 24 27.2168 -47.2333 33.0832 21.7582 -47.6057 33.101
2 24 21.7238 -45.6108 32.7713 17.006 -45.2276 32.1466
2 24 21.7582 -47.6057 33.101 16.9843 -47.3073 32.5842
2 24 17.006 -45.2276 32.1466 12.9033 -44.6039 31.2779
2 24 16.9843 -47.3073 32.5842 11.3014 -46.0594 31.3662
2 24 12.9033 -44.6039 31.2779 11.3014 -46.0594 31.3662
2 24 16.4398 -38.9505 21.1804 17.3454 -36.7352 18.3156
2 24 17.3454 -36.7352 18.3156 18.9338 -35.6516 19.5094
2 24 17.7709 -37.7285 22.5695 18.9338 -35.6516 19.5094
2 24 16.4398 -38.9505 21.1804 15.3411 -41.3326 24.7964
2 24 17.7709 -37.7285 22.5695 16.7368 -40.3808 25.5471
2 24 16.7368 -40.3808 25.5471 14.7897 -42.6485 28.6121
2 24 15.3411 -41.3326 24.7964 13.3386 -43.7463 28.692
2 24 13.3386 -43.7463 28.692 11.3014 -46.0594 31.3662
2 24 11.3014 -46.0594 31.3662 12.9033 -44.6039 31.2779
2 24 14.7897 -42.6485 28.6121 12.9033 -44.6039 31.2779
2 24 13.0704 -37.1807 18.9846 12.5118 -34.5813 16.2254
2 24 15.065 -35.4173 16.8077 12.5118 -34.5813 16.2254
2 24 13.0704 -37.1807 18.9846 13.9931 -41.1265 24.9641
2 24 13.3386 -43.7463 28.692 11.3014 -46.0594 31.3662
2 24 11.3014 -46.0594 31.3662 10.2412 -45.7353 31.9431
2 24 12.0772 -43.7084 28.8166 10.2412 -45.7353 31.9431
2 24 15.3411 -41.3326 24.7964 13.3386 -43.7463 28.692
2 24 13.9931 -41.1265 24.9641 12.0772 -43.7084 28.8166
2 24 10.312 -32.6061 16.6664 12.5118 -34.5813 16.2254
2 24 12.5118 -34.5813 16.2254 13.0704 -37.1807 18.9846
2 24 13.9931 -41.1265 24.9641 11.9252 -38.2462 27.4425
2 24 13.0704 -37.1807 18.9846 13.9931 -41.1265 24.9641
2 24 10.6251 -33.5424 21.386 11.9252 -38.2462 27.4425
2 24 10.2331 -40.848 30.7902 11.9252 -38.2462 27.4425
2 24 11.9252 -38.2462 27.4425 13.9931 -41.1265 24.9641
2 24 12.0772 -43.7084 28.8166 13.9931 -41.1265 24.9641
2 24 10.2331 -40.848 30.7902 8.3929 -43.1365 33.9977
2 24 8.3929 -43.1365 33.9977 10.2412 -45.7353 31.9431
2 24 12.0772 -43.7084 28.8166 10.2412 -45.7353 31.9431
2 24 10.312 -32.6061 16.6664 9.1707 -30.7659 18.0309
2 24 10.6251 -33.5424 21.386 9.1707 -30.7659 18.0309
2 24 11.3014 -46.0594 31.3662 16.9843 -47.3073 32.5842
2 24 11.3014 -46.0594 31.3662 14.1986 -46.6772 33.9209
2 24 14.1986 -46.6772 33.9209 17.4964 -47.0658 34.5953
2 24 16.9843 -47.3073 32.5842 21.7582 -47.6057 33.101
2 24 17.4964 -47.0658 34.5953 22.1754 -47.2595 35.0196
2 24 21.7582 -47.6057 33.101 27.2168 -47.2333 33.0832
2 24 22.1754 -47.2595 35.0196 27.3821 -46.9252 34.5234
2 24 27.3821 -46.9252 34.5234 31.7202 -46.0889 33.5294
2 24 27.2168 -47.2333 33.0832 32.0713 -46.0116 32.9042
2 24 22.1754 -47.2595 35.0196 17.4964 -47.0658 34.5953
2 24 18.5348 -49.646 38.4403 16.1957 -48.0206 36.0883
2 24 18.5348 -49.646 38.4403 21.6299 -51.6536 41.067
2 24 21.6299 -51.6536 41.067 24.5879 -53.1885 43.0867
2 24 28.1365 -52.3542 42.4041 28.6996 -54.166 45.0954
2 24 24.5879 -53.1885 43.0867 28.6996 -54.166 45.0954
2 24 28.1365 -52.3542 42.4041 28.2105 -50.4453 39.7541
2 24 22.1754 -47.2595 35.0196 27.3821 -46.9252 34.5234
2 24 28.2105 -50.4453 39.7541 29.2215 -48.3651 37.0146
2 24 29.2215 -48.3651 37.0146 31.7202 -46.0889 33.5294
2 24 27.3821 -46.9252 34.5234 31.7202 -46.0889 33.5294
2 24 29.6159 -52.451 45.8733 29.3567 -53.3127 45.3489
2 24 29.6159 -52.451 45.8733 29.0805 -50.7343 43.9282
2 24 28.1365 -52.3542 42.4041 28.2105 -50.4453 39.7541
2 24 29.0805 -50.7343 43.9282 29.1638 -48.6721 41.1527
2 24 28.2105 -50.4453 39.7541 29.2215 -48.3651 37.0146
2 24 29.1638 -48.6721 41.1527 30.2615 -46.7024 38.2642
2 24 31.7202 -46.0889 33.5294 29.2215 -48.3651 37.0146
2 24 30.2615 -46.7024 38.2642 32.6947 -44.5714 35.5642
2 24 28.1365 -52.3542 42.4041 28.6996 -54.166 45.0954
2 24 29.3567 -53.3127 45.3489 28.6996 -54.166 45.0954
2 24 32.0713 -46.0116 32.9042 33.6607 -44.8632 33.3718
2 24 33.6607 -44.8632 33.3718 33.8888 -43.1486 34.7084
2 24 32.6947 -44.5714 35.5642 33.8888 -43.1486 34.7084
2 24 28.9621 -54.9248 45.434 24.2439 -54.3246 43.2474
2 24 28.6996 -54.166 45.0954 24.5879 -53.1885 43.0867
2 24 24.5879 -53.1885 43.0867 21.6299 -51.6536 41.067
2 24 24.2439 -54.3246 43.2474 21.0749 -53.1906 41.0216
2 24 21.6299 -51.6536 41.067 18.5348 -49.646 38.4403
2 24 21.0749 -53.1906 41.0216 17.9281 -51.6079 38.3835
2 24 18.5348 -49.646 38.4403 16.1957 -48.0206 36.0883
2 24 17.9281 -51.6079 38.3835 15.1625 -49.5725 35.629
2 24 16.1957 -48.0206 36.0883 14.1986 -46.6772 33.9209
2 24 15.1625 -49.5725 35.629 11.3014 -46.0594 31.3662
2 24 14.1986 -46.6772 33.9209 11.3014 -46.0594 31.3662
2 24 28.6996 -54.166 45.0954 29.3567 -53.3127 45.3489
2 24 28.9621 -54.9248 45.434 29.8711 -53.9765 46.3539
2 24 29.8711 -53.9765 46.3539 30.0159 -53.0729 46.8072
2 24 29.3567 -53.3127 45.3489 29.6159 -52.451 45.8733
2 24 28.9861 -54.7916 47.163 28.9621 -54.9248 45.434
2 24 29.8711 -53.9765 46.3539 28.9621 -54.9248 45.434
2 24 28.9861 -54.7916 47.163 28.8891 -53.8051 48.1927
2 24 29.8711 -53.9765 46.3539 30.0159 -53.0729 46.8072
2 24 24.5658 -33.393 20.0297 24.6115 -32.8758 20.0794
2 24 24.0336 -32.3822 21.4976 24.6115 -32.8758 20.0794
2 24 23.0007 -32.6849 23.8519 23.0596 -31.5216 22.1551
2 24 24.0336 -32.3822 21.4976 23.0596 -31.5216 22.1551
2 24 25.1005 -35.5311 21.5507 25.1875 -34.6017 19.8511
2 24 24.5658 -33.393 20.0297 25.1875 -34.6017 19.8511
2 24 23.0007 -32.6849 23.8519 23.9886 -34.7339 26.9516
2 24 28.7474 -39.1009 28.1654 26.1697 -36.8776 24.1688
2 24 23.9886 -34.7339 26.9516 25.9886 -37.3082 30.3619
2 24 28.7474 -39.1009 28.1654 32.208 -41.1875 31.5793
2 24 25.9886 -37.3082 30.3619 29.0775 -39.7406 33.3148
2 24 29.0775 -39.7406 33.3148 32.7515 -41.6547 35.6791
2 24 32.208 -41.1875 31.5793 33.8699 -42.5359 33.75
2 24 32.7515 -41.6547 35.6791 33.6357 -42.3545 35.3351
2 24 32.7515 -41.6547 35.6791 31.8251 -42.4679 36.696
2 24 32.7515 -41.6547 35.6791 33.6357 -42.3545 35.3351
2 24 32.6947 -44.5714 35.5642 30.2615 -46.7024 38.2642
2 24 31.8251 -42.4679 36.696 29.5623 -44.4234 39.1293
2 24 30.2615 -46.7024 38.2642 29.1638 -48.6721 41.1527
2 24 29.5623 -44.4234 39.1293 28.4235 -46.7909 41.8974
2 24 29.1638 -48.6721 41.1527 29.0805 -50.7343 43.9282
2 24 28.4235 -46.7909 41.8974 28.1875 -49.3977 45.0893
2 24 28.5584 -51.0709 47.0458 29.3185 -51.6939 46.4525
2 24 28.1875 -49.3977 45.0893 28.5584 -51.0709 47.0458
2 24 29.3185 -51.6939 46.4525 28.5584 -51.0709 47.0458
2 24 29.6372 -52.3308 47.9012 28.7353 -51.3988 48.3966
2 24 33.8699 -42.5359 33.75 33.8888 -43.1486 34.7084
2 24 33.6357 -42.3545 35.3351 33.8888 -43.1486 34.7084
2 24 33.6357 -42.3545 35.3351 33.8888 -43.1486 34.7084
2 24 32.6947 -44.5714 35.5642 33.8888 -43.1486 34.7084
2 24 29.3185 -51.6939 46.4525 29.6159 -52.451 45.8733
2 24 29.0805 -50.7343 43.9282 29.6159 -52.451 45.8733
2 24 29.6159 -52.451 45.8733 29.3185 -51.6939 46.4525
2 24 30.0159 -53.0729 46.8072 29.6372 -52.3308 47.9012
2 24 10.7929 -46.5706 38.4906 14.0608 -49.4537 41.5356
2 24 14.0608 -49.4537 41.5356 17.875 -51.4192 44.5125
2 24 17.875 -51.4192 44.5125 22.1602 -52.7984 46.8167
2 24 21.0749 -53.1906 41.0216 24.2439 -54.3246 43.2474
2 24 21.0749 -53.1906 41.0216 17.9281 -51.6079 38.3835
2 24 17.9281 -51.6079 38.3835 15.1625 -49.5725 35.629
2 24 15.1625 -49.5725 35.629 11.3014 -46.0594 31.3662
2 24 11.3014 -46.0594 31.3662 10.2412 -45.7353 31.9431
2 24 10.7929 -46.5706 38.4906 8.3929 -43.1365 33.9977
2 24 10.2412 -45.7353 31.9431 8.3929 -43.1365 33.9977
2 24 28.9861 -54.7916 47.163 28.9621 -54.9248 45.434
2 24 24.2439 -54.3246 43.2474 28.9621 -54.9248 45.434
2 24 22.1602 -52.7984 46.8167 28.8891 -53.8051 48.1927
2 24 28.9861 -54.7916 47.163 28.8891 -53.8051 48.1927
2 24 22.1602 -52.7984 46.8167 28.8891 -53.8051 48.1927
2 24 28.7452 -52.6964 48.6165 28.8891 -53.8051 48.1927
2 24 22.1602 -52.7984 46.8167 17.875 -51.4192 44.5125
2 24 17.875 -51.4192 44.5125 14.0608 -49.4537 41.5356
2 24 14.0608 -49.4537 41.5356 10.7929 -46.5706 38.4906
2 24 10.7929 -46.5706 38.4906 8.3929 -43.1365 33.9977
2 24 8.3929 -43.1365 33.9977 9.6095 -41.707 34.9075
2 24 10.2331 -40.848 30.7902 8.3929 -43.1365 33.9977
2 24 9.6095 -41.707 34.9075 8.3929 -43.1365 33.9977
2 24 10.2331 -40.848 30.7902 11.9252 -38.2462 27.4425
2 24 11.9252 -38.2462 27.4425 12.6302 -36.7963 28.4557
2 24 10.6251 -33.5424 21.386 11.9252 -38.2462 27.4425
2 24 11.9252 -38.2462 27.4425 12.6302 -36.7963 28.4557
2 24 12.6302 -36.7963 28.4557 13.8251 -35.1863 29.5935
2 24 13.2371 -31.3768 25.1829 13.8251 -35.1863 29.5935
2 24 12.5715 -38.0945 33.219 13.8251 -35.1863 29.5935
2 24 12.6302 -36.7963 28.4557 13.8251 -35.1863 29.5935
2 24 12.5715 -38.0945 33.219 11.2382 -40.087 35.9331
2 24 9.6095 -41.707 34.9075 11.2382 -40.087 35.9331
2 24 13.6856 -42.3886 39.5701 11.2382 -40.087 35.9331
2 24 9.6095 -41.707 34.9075 11.2382 -40.087 35.9331
2 24 13.6856 -42.3886 39.5701 16.3747 -44.5602 42.4235
2 24 16.3747 -44.5602 42.4235 19.7481 -46.8928 45.0063
2 24 19.7481 -46.8928 45.0063 23.7272 -49.0454 46.8593
2 24 23.7272 -49.0454 46.8593 28.7353 -51.3988 48.3966
2 24 28.7452 -52.6964 48.6165 28.7353 -51.3988 48.3966
2 24 11.2364 -29.8246 21.3742 12.7662 -29.1021 22.3343
2 24 13.2371 -31.3768 25.1829 12.7662 -29.1021 22.3343
2 24 10.3811 -29.6043 19.8606 9.1707 -30.7659 18.0309
2 24 10.6251 -33.5424 21.386 9.1707 -30.7659 18.0309
2 24 11.2364 -29.8246 21.3742 10.3811 -29.6043 19.8606
2 24 28.8891 -53.8051 48.1927 28.7452 -52.6964 48.6165
2 24 30.0159 -53.0729 46.8072 29.6372 -52.3308 47.9012
2 24 29.6372 -52.3308 47.9012 28.7353 -51.3988 48.3966
2 24 28.7452 -52.6964 48.6165 28.7353 -51.3988 48.3966
2 24 11.2382 -40.087 35.9331 13.6856 -42.3886 39.5701
2 24 11.2382 -40.087 35.9331 14.7329 -42.5782 37.5013
2 24 14.7329 -42.5782 37.5013 15.4084 -43.3002 38.5361
2 24 11.2382 -40.087 35.9331 17.2035 -40.9301 37.546
2 24 11.2382 -40.087 35.9331 12.9817 -40.239 34.6299
2 24 12.9817 -40.239 34.6299 17.0923 -40.9334 35.4061
2 24 17.3106 -42.7767 37.8082 14.7329 -42.5782 37.5013
2 24 17.2035 -40.9301 37.546 11.2382 -40.087 35.9331
2 24 14.7329 -42.5782 37.5013 11.2382 -40.087 35.9331
2 24 17.2035 -40.9301 37.546 22.6009 -41.3988 37.8993
2 24 17.0923 -40.9334 35.4061 22.3662 -41.3023 35.7273
2 24 22.3662 -41.3023 35.7273 27.0187 -41.3946 35.8092
2 24 22.6009 -41.3988 37.8993 27.2878 -41.5385 37.6702
2 24 27.0187 -41.3946 35.8092 30.8945 -41.4246 35.8366
2 24 27.2878 -41.5385 37.6702 31.1719 -41.5808 36.7557
2 24 30.8945 -41.4246 35.8366 31.8873 -41.8646 36.2491
2 24 31.1719 -41.5808 36.7557 31.8873 -41.8646 36.2491
2 24 31.4924 -42.1549 36.8416 31.8873 -41.8646 36.2491
2 24 31.1719 -41.5808 36.7557 31.8873 -41.8646 36.2491
2 24 31.4924 -42.1549 36.8416 27.1848 -42.8857 37.6861
2 24 31.1719 -41.5808 36.7557 27.2878 -41.5385 37.6702
2 24 27.2878 -41.5385 37.6702 22.6009 -41.3988 37.8993
2 24 27.1848 -42.8857 37.6861 22.5275 -43.0828 38.0151
2 24 17.3106 -42.7767 37.8082 22.5275 -43.0828 38.0151
2 24 17.2035 -40.9301 37.546 22.6009 -41.3988 37.8993
2 24 31.4924 -42.1549 36.8416 31.8873 -41.8646 36.2491
2 24 31.8251 -42.4679 36.696 32.7515 -41.6547 35.6791
2 24 31.4924 -42.1549 36.8416 27.1848 -42.8857 37.6861
2 24 31.8251 -42.4679 36.696 29.5623 -44.4234 39.1293
2 24 31.8873 -41.8646 36.2491 30.8945 -41.4246 35.8366
2 24 32.7515 -41.6547 35.6791 29.0775 -39.7406 33.3148
2 24 30.8945 -41.4246 35.8366 27.0187 -41.3946 35.8092
2 24 29.0775 -39.7406 33.3148 25.9886 -37.3082 30.3619
2 24 27.0187 -41.3946 35.8092 22.3662 -41.3023 35.7273
2 24 25.9886 -37.3082 30.3619 23.9886 -34.7339 26.9516
2 24 16.5563 -36.067 29.5718 18.4209 -32.3994 23.814
2 24 23.9886 -34.7339 26.9516 23.0007 -32.6849 23.8519
2 24 23.0007 -32.6849 23.8519 23.0596 -31.5216 22.1551
2 24 18.4209 -32.3994 23.814 19.625 -30.5598 20.839
2 24 23.0596 -31.5216 22.1551 22.3935 -30.5279 20.6047
2 24 19.625 -30.5598 20.839 22.3935 -30.5279 20.6047
2 24 17.9546 -28.3687 21.4003 15.1645 -28.2909 21.1991
2 24 17.9546 -28.3687 21.4003 16.9449 -30.6864 24.8775
2 24 12.7662 -29.1021 22.3343 13.2371 -31.3768 25.1829
2 24 14.8703 -28.481 21.5102 12.7662 -29.1021 22.3343
2 24 19.625 -30.5598 20.839 17.9546 -28.3687 21.4003
2 24 19.625 -30.5598 20.839 18.4209 -32.3994 23.814
2 24 17.9546 -28.3687 21.4003 16.9449 -30.6864 24.8775
2 24 13.2371 -31.3768 25.1829 13.8251 -35.1863 29.5935
2 24 16.9449 -30.6864 24.8775 15.5272 -35.0178 29.8801
2 24 15.5272 -35.0178 29.8801 12.8813 -38.9019 34.1768
2 24 13.8251 -35.1863 29.5935 12.5715 -38.0945 33.219
2 24 12.9817 -40.239 34.6299 11.2382 -40.087 35.9331
2 24 12.9817 -40.239 34.6299 16.5563 -36.067 29.5718
2 24 12.8813 -38.9019 34.1768 15.5272 -35.0178 29.8801
2 24 16.9449 -30.6864 24.8775 15.5272 -35.0178 29.8801
2 24 18.4209 -32.3994 23.814 16.5563 -36.067 29.5718
2 24 12.9817 -40.239 34.6299 17.0923 -40.9334 35.4061
2 24 16.5563 -36.067 29.5718 12.9817 -40.239 34.6299
2 24 22.3662 -41.3023 35.7273 17.0923 -40.9334 35.4061
2 24 13.6856 -42.3886 39.5701 16.3747 -44.5602 42.4235
2 24 15.4084 -43.3002 38.5361 17.7336 -45.1999 40.7115
2 24 16.3747 -44.5602 42.4235 19.7481 -46.8928 45.0063
2 24 17.7336 -45.1999 40.7115 20.9047 -47.3562 43.2027
2 24 19.7481 -46.8928 45.0063 23.7272 -49.0454 46.8593
2 24 20.9047 -47.3562 43.2027 24.4926 -49.3535 45.5214
2 24 28.5584 -51.0709 47.0458 24.4926 -49.3535 45.5214
2 24 28.7353 -51.3988 48.3966 23.7272 -49.0454 46.8593
2 24 27.1848 -42.8857 37.6861 22.5275 -43.0828 38.0151
2 24 29.5623 -44.4234 39.1293 28.4235 -46.7909 41.8974
2 24 28.4235 -46.7909 41.8974 28.1875 -49.3977 45.0893
2 24 24.4926 -49.3535 45.5214 28.5584 -51.0709 47.0458
2 24 28.1875 -49.3977 45.0893 28.5584 -51.0709 47.0458
2 24 24.4926 -49.3535 45.5214 20.9047 -47.3562 43.2027
2 24 15.4084 -43.3002 38.5361 17.7336 -45.1999 40.7115
2 24 22.5275 -43.0828 38.0151 17.3106 -42.7767 37.8082
2 24 20.9047 -47.3562 43.2027 17.7336 -45.1999 40.7115
2 24 15.4084 -43.3002 38.5361 14.7329 -42.5782 37.5013
2 24 17.3106 -42.7767 37.8082 14.7329 -42.5782 37.5013
2 24 21.4913 -15.819 23.8026 22.0244 -13.6755 23.8415
2 24 22.0244 -13.6755 23.8415 21.8335 -13.8425 18.2173
2 24 21.4325 -15.734 20.1015 21.8335 -13.8425 18.2173
2 24 21.4913 -15.819 23.8026 21.4674 -19.6562 23.4694
2 24 21.4325 -15.734 20.1015 21.4276 -20.0148 21.1846
2 24 21.4674 -19.6562 23.4694 21.4592 -25.9247 23.1901
2 24 21.4276 -20.0148 21.1846 21.4582 -26.1998 21.5876
2 24 21.4592 -25.9247 23.1901 21.9373 -29.1499 22.8249
2 24 21.4582 -26.1998 21.5876 21.8817 -28.6578 21.268
2 24 21.8817 -28.6578 21.268 22.3935 -30.5279 20.6047
2 24 22.3935 -30.5279 20.6047 23.0596 -31.5216 22.1551
2 24 21.9373 -29.1499 22.8249 23.0596 -31.5216 22.1551
2 24 27.4737 -33.1142 21.4478 24.0336 -32.3822 21.4976
2 24 24.0336 -32.3822 21.4976 24.6115 -32.8758 20.0794
2 24 26.7344 -33.342 20.6156 24.6115 -32.8758 20.0794
2 24 27.4737 -33.1142 21.4478 31.2312 -32.2651 20.9883
2 24 28.7523 -33.4216 20.0992 29.9533 -32.9813 19.3385
2 24 29.9533 -32.9813 19.3385 32.4556 -32.1167 19.4903
2 24 31.2312 -32.2651 20.9883 35.1322 -30.6357 20.8283
2 24 32.4556 -32.1167 19.4903 35.1186 -30.6601 18.6205
2 24 35.1322 -30.6357 20.8283 36.4616 -29.3724 20.4199
2 24 35.1186 -30.6601 18.6205 36.4113 -29.4831 17.7337
2 24 36.4616 -29.3724 20.4199 36.4113 -29.4831 17.7337
2 24 36.4616 -29.3724 20.4199 36.4113 -29.4831 17.7337
2 24 36.4616 -29.3724 20.4199 36.7132 -27.0723 20.5025
2 24 36.4113 -29.4831 17.7337 36.7595 -26.7857 16.6862
2 24 36.7132 -27.0723 20.5025 36.3383 -24.015 20.5923
2 24 36.7595 -26.7857 16.6862 36.5292 -24.0216 13.7577
2 24 36.3383 -24.015 20.5923 36.6808 -22.358 20.7368
2 24 33.5352 -29.2531 24.0632 34.4729 -28.3561 23.8985
2 24 35.1322 -30.6357 20.8283 36.4616 -29.3724 20.4199
2 24 34.4729 -28.3561 23.8985 36.4616 -29.3724 20.4199
2 24 36.4616 -29.3724 20.4199 36.7132 -27.0723 20.5025
2 24 36.4616 -29.3724 20.4199 34.4729 -28.3561 23.8985
2 24 34.4729 -28.3561 23.8985 34.5103 -26.1199 24.0373
2 24 36.3383 -24.015 20.5923 36.6808 -22.358 20.7368
2 24 35.3758 -21.9863 22.8355 36.6808 -22.358 20.7368
2 24 36.7132 -27.0723 20.5025 36.3383 -24.015 20.5923
2 24 34.5103 -26.1199 24.0373 34.2403 -23.1144 24.4101
2 24 34.2403 -23.1144 24.4101 34.6297 -18.505 25.5034
2 24 35.3758 -21.9863 22.8355 34.6297 -18.505 25.5034
2 24 22.0244 -13.6755 23.8415 21.4913 -15.819 23.8026
2 24 24.7336 -15.9329 26.4871 24.4123 -17.4207 26.4841
2 24 21.4913 -15.819 23.8026 21.4674 -19.6562 23.4694
2 24 24.4123 -17.4207 26.4841 24.4677 -20.1773 26.2817
2 24 24.6356 -23.8261 25.9602 24.8997 -28.0456 25.6069
2 24 21.4592 -25.9247 23.1901 21.9373 -29.1499 22.8249
2 24 24.8997 -28.0456 25.6069 25.2526 -29.8177 25.2059
2 24 21.9373 -29.1499 22.8249 23.0596 -31.5216 22.1551
2 24 25.2526 -29.8177 25.2059 26.3596 -30.9051 24.7989
2 24 23.0596 -31.5216 22.1551 24.0336 -32.3822 21.4976
2 24 24.0336 -32.3822 21.4976 27.4737 -33.1142 21.4478
2 24 26.3596 -30.9051 24.7989 27.6917 -31.1615 24.6635
2 24 33.5352 -29.2531 24.0632 30.3052 -30.5573 24.4647
2 24 35.1322 -30.6357 20.8283 31.2312 -32.2651 20.9883
2 24 27.4737 -33.1142 21.4478 31.2312 -32.2651 20.9883
2 24 27.6917 -31.1615 24.6635 30.3052 -30.5573 24.4647
2 24 21.4674 -19.6562 23.4694 21.4592 -25.9247 23.1901
2 24 24.4677 -20.1773 26.2817 24.6356 -23.8261 25.9602
2 24 24.7336 -15.9329 26.4871 25.7369 -15.0516 26.4724
2 24 22.0244 -13.6755 23.8415 23.6226 -12.8139 23.5371
2 24 22.0244 -13.6755 23.8415 23.6226 -12.8139 23.5371
2 24 22.0244 -13.6755 23.8415 21.8335 -13.8425 18.2173
2 24 21.8335 -13.8425 18.2173 23.5725 -12.8479 16.5866
2 24 23.5725 -12.8479 16.5866 23.0362 -13.0304 15.7909
2 24 25.7817 -11.9757 15.7981 23.0362 -13.0304 15.7909
2 24 25.7369 -15.0516 26.4724 28.5112 -14.7259 26.3949
2 24 23.6226 -12.8139 23.5371 27.5175 -12.0314 23.0319
2 24 28.5112 -14.7259 26.3949 32.019 -14.5839 25.9134
2 24 27.5175 -12.0314 23.0319 31.0647 -12.2405 22.4819
2 24 24.8997 -28.0456 25.6069 25.2526 -29.8177 25.2059
2 24 25.2526 -29.8177 25.2059 26.3596 -30.9051 24.7989
2 24 26.3596 -30.9051 24.7989 27.6917 -31.1615 24.6635
2 24 27.6917 -31.1615 24.6635 30.3052 -30.5573 24.4647
2 24 30.3052 -30.5573 24.4647 33.5352 -29.2531 24.0632
2 24 33.5352 -29.2531 24.0632 34.4729 -28.3561 23.8985
2 24 34.5103 -26.1199 24.0373 34.4729 -28.3561 23.8985
2 24 24.8997 -28.0456 25.6069 24.6356 -23.8261 25.9602
2 24 34.5103 -26.1199 24.0373 34.2403 -23.1144 24.4101
2 24 24.6356 -23.8261 25.9602 24.4677 -20.1773 26.2817
2 24 34.2403 -23.1144 24.4101 34.6297 -18.505 25.5034
2 24 25.7369 -15.0516 26.4724 24.7336 -15.9329 26.4871
2 24 24.7336 -15.9329 26.4871 24.4123 -17.4207 26.4841
2 24 24.4677 -20.1773 26.2817 24.4123 -17.4207 26.4841
2 24 25.7369 -15.0516 26.4724 28.5112 -14.7259 26.3949
2 24 28.5112 -14.7259 26.3949 32.019 -14.5839 25.9134
2 24 35.3758 -21.9863 22.8355 36.6808 -22.358 20.7368
2 24 35.3758 -21.9863 22.8355 38.385 -19.9618 23.2521
2 24 36.6808 -22.358 20.7368 38.8788 -21.0081 20.405
2 24 34.6297 -18.505 25.5034 35.3758 -21.9863 22.8355
2 24 38.385 -19.9618 23.2521 35.3758 -21.9863 22.8355
2 24 32.019 -14.5839 25.9134 34.7259 -13.7457 25.5615
2 24 34.7259 -13.7457 25.5615 36.5293 -11.5943 25.8478
2 24 38.385 -19.9618 23.2521 41.4357 -18.6037 22.8731
2 24 38.8788 -21.0081 20.405 42.2986 -19.4882 19.8896
2 24 41.4357 -18.6037 22.8731 42.2986 -19.4882 19.8896
2 24 42.3807 -15.2058 24.9034 41.4357 -18.6037 22.8731
2 24 38.385 -19.9618 23.2521 41.4357 -18.6037 22.8731
2 24 42.3807 -15.2058 24.9034 44.6592 -12.1153 25.5697
2 24 42.3807 -15.2058 24.9034 41.4357 -18.6037 22.8731
2 24 41.4357 -18.6037 22.8731 42.2986 -19.4882 19.8896
2 24 43.7314 -16.2717 21.5449 42.2986 -19.4882 19.8896
2 24 42.3807 -15.2058 24.9034 44.6592 -12.1153 25.5697
2 24 44.6592 -12.1153 25.5697 46.4385 -12.4013 22.0082
2 24 43.7314 -16.2717 21.5449 46.4385 -12.4013 22.0082
2 24 44.3611 -8.2668 26.4984 44.6592 -12.1153 25.5697
2 24 44.6592 -12.1153 25.5697 46.4385 -12.4013 22.0082
2 24 46.7108 -7.9027 23.0197 46.4385 -12.4013 22.0082
2 24 48.6189 -4.4302 24.7758 45.1886 -4.9722 27.7621
2 24 46.7108 -7.9027 23.0197 48.6189 -4.4302 24.7758
2 24 44.3611 -8.2668 26.4984 45.1886 -4.9722 27.7621
2 24 36.5293 -11.5943 25.8478 37.5989 -7.964 26.8344
2 24 37.5989 -7.964 26.8344 35.7833 -5.9876 27.5726
2 24 44.6592 -12.1153 25.5697 44.3611 -8.2668 26.4984
2 24 39.7851 -4.8361 28.5284 33.5067 -3.9681 27.6974
2 24 35.7833 -5.9876 27.5726 33.5067 -3.9681 27.6974
2 24 44.3611 -8.2668 26.4984 45.1886 -4.9722 27.7621
2 24 39.7851 -4.8361 28.5284 45.1886 -4.9722 27.7621
2 24 35.7833 -5.9876 27.5726 33.5067 -3.9681 27.6974
2 24 33.5067 -3.9681 27.6974 32.3168 -3.9539 24.759
2 24 33.9608 -6.2211 24.4187 32.3168 -3.9539 24.759
2 24 35.7833 -5.9876 27.5726 37.5989 -7.964 26.8344
2 24 37.5989 -7.964 26.8344 35.0872 -7.856 24.0562
2 24 33.9608 -6.2211 24.4187 35.0872 -7.856 24.0562
2 24 32.019 -14.5839 25.9134 34.7259 -13.7457 25.5615
2 24 31.0647 -12.2405 22.4819 33.5591 -11.5957 22.3037
2 24 33.5591 -11.5957 22.3037 34.3812 -9.8516 22.6113
2 24 34.7259 -13.7457 25.5615 36.5293 -11.5943 25.8478
2 24 37.5989 -7.964 26.8344 35.0872 -7.856 24.0562
2 24 36.5293 -11.5943 25.8478 37.5989 -7.964 26.8344
2 24 35.0872 -7.856 24.0562 34.5038 -8.0104 23.0891
2 24 34.3812 -9.8516 22.6113 34.5038 -8.0104 23.0891
2 24 33.9608 -6.2211 24.4187 32.3168 -3.9539 24.759
2 24 32.1544 -6.0243 23.2914 29.6718 -3.1825 22.8253
2 24 32.1544 -6.0243 23.2914 34.5038 -8.0104 23.0891
2 24 34.5038 -8.0104 23.0891 35.0872 -7.856 24.0562
2 24 33.9608 -6.2211 24.4187 35.0872 -7.856 24.0562
2 24 33.2167 -11.6055 11.9038 31.3093 -12.1265 11.8989
2 24 33.2167 -11.6055 11.9038 33.5591 -11.5957 22.3037
2 24 33.5591 -11.5957 22.3037 31.0647 -12.2405 22.4819
2 24 33.5591 -11.5957 22.3037 34.3812 -9.8516 22.6113
2 24 33.2167 -11.6055 11.9038 34.0804 -10.0591 11.9159
2 24 34.3841 -8.111 17.06 34.4801 -8.1364 17.621
2 24 32.1544 -6.0243 23.2914 34.5038 -8.0104 23.0891
2 24 32.3723 -6.3967 17.5734 34.4801 -8.1364 17.621
2 24 34.5038 -8.0104 23.0891 34.4801 -8.1364 17.621
2 24 34.4801 -8.1364 17.621 32.1976 -7.0282 17.0788
2 24 34.3841 -8.111 17.06 34.4801 -8.1364 17.621
2 24 34.3841 -8.111 17.06 32.1976 -7.0282 17.0788
2 24 34.4801 -8.1364 17.621 32.3723 -6.3967 17.5734
2 24 32.1976 -7.0282 17.0788 30.509 -4.9629 17.2232
2 24 32.3723 -6.3967 17.5734 30.528 -4.5137 17.6667
2 24 30.509 -4.9629 17.2232 30.528 -4.5137 17.6667
2 24 32.3723 -6.3967 17.5734 30.528 -4.5137 17.6667
2 24 30.528 -4.5137 17.6667 29.7057 -3.1689 17.6827
2 24 29.7057 -3.1689 17.6827 29.6718 -3.1825 22.8253
2 24 32.1544 -6.0243 23.2914 29.6718 -3.1825 22.8253
2 24 25.7817 -11.9757 15.7981 23.0362 -13.0304 15.7909
2 24 25.4733 -34.6691 15.5949 22.892 -34.6381 15.5956
2 24 25.7817 -11.9757 15.7981 27.9842 -11.8444 14.5603
2 24 27.9842 -11.8444 14.5603 27.9682 -35.9911 14.1853
2 24 25.4733 -34.6691 15.5949 27.9682 -35.9911 14.1853
2 24 27.9842 -11.8444 14.5603 28.6376 -11.8512 11.9008
2 24 28.6376 -11.8512 11.9008 28.0669 -38.7733 11.6623
2 24 27.9682 -35.9911 14.1853 28.0669 -38.7733 11.6623
2 24 23.0362 -13.0304 15.7909 19.8137 -11.1196 15.8069
2 24 19.8137 -11.1196 15.8069 16.2753 -10.4815 15.8123
2 24 17.8651 -34.1859 15.5997 14.9903 -32.0346 15.6282
2 24 16.2753 -10.4815 15.8123 13.177 -10.8172 15.8123
2 24 14.9903 -32.0346 15.6282 12.8122 -25.8378 15.6773
2 24 -19.0146 -13.9897 10.0212 -18.3477 -14.1742 12.1569
2 24 -19.0158 -22.4632 10.0211 -18.3531 -22.5239 12.1554
2 24 -18.3531 -22.5239 12.1554 -16.9541 -22.3065 13.215
2 24 -18.3477 -14.1742 12.1569 -16.9546 -14.3093 13.2184
2 24 -16.9546 -14.3093 13.2184 -15.2868 -14.1473 13.5903
2 24 -16.9541 -22.3065 13.215 -14.9899 -22.4775 13.651
2 24 -15.2868 -14.1473 13.5903 -13.5672 -13.6501 13.1005
2 24 -14.9899 -22.4775 13.651 -13.4267 -23.1777 13.0564
2 24 -13.5672 -13.6501 13.1005 -11.9496 -13.0076 11.8875
2 24 -11.9496 -13.0076 11.8875 -11.9309 -25.1685 11.7855
2 24 -13.4267 -23.1777 13.0564 -11.9309 -25.1685 11.7855
2 24 -11.9496 -13.0076 11.8875 -9.2589 -12.1834 11.897
2 24 -11.9496 -13.0076 11.8875 -11.9309 -25.1685 11.7855
2 24 -11.9309 -25.1685 11.7855 -9.9178 -26.9464 11.7739
2 24 -9.2589 -12.1834 11.897 -5.6864 -12.1943 11.8971
2 24 -9.9178 -26.9464 11.7739 -5.3753 -27.9128 11.7612
2 24 -5.6864 -12.1943 11.8971 -3.0644 -14.1248 11.8804
2 24 -5.3753 -27.9128 11.7612 -2.4826 -26.6986 11.7692
2 24 -11.9309 -25.1685 11.7855 -9.9178 -26.9464 11.7739
2 24 -11.9309 -25.1685 11.7855 -11.925 -25.0426 10.0206
2 24 -9.9178 -26.9464 11.7739 -8.356 -27.6672 10.0212
2 24 -9.9178 -26.9464 11.7739 -5.3753 -27.9128 11.7612
2 24 -9.9178 -26.9464 11.7739 -8.356 -27.6672 10.0212
2 24 -5.3753 -27.9128 11.7612 -4.9775 -28.4317 10.0212
2 24 -5.3753 -27.9128 11.7612 -2.4826 -26.6986 11.7692
2 24 -5.3753 -27.9128 11.7612 -4.9775 -28.4317 10.0212
2 24 -2.4826 -26.6986 11.7692 0.9408 -27.0609 12.2688
2 24 3.6893 -27.3389 11.7623 5.6252 -26.7827 12.7884
2 24 3.6846 -0.0146 12.0039 5.6277 -0.0161 12.9402
2 24 5.6252 -26.7827 12.7884 7.4358 -25.1941 14.2904
2 24 5.6277 -0.0161 12.9402 7.2574 -0.0161 14.4273
2 24 8.4387 -1.8804 15.8867 8.9425 -24.0641 15.6878
2 24 7.4358 -25.1941 14.2904 8.9425 -24.0641 15.6878
2 24 13.177 -10.8172 15.8123 12.6348 -9.2927 15.8214
2 24 12.8122 -25.8378 15.6773 8.9425 -24.0641 15.6878
2 24 0.9962 -26.7436 10.0212 3.6893 -27.3389 11.7623
2 24 0.9408 -27.0609 12.2688 3.6893 -27.3389 11.7623
2 24 0.9962 -26.7436 10.0212 3.6794 -28.5253 10.0212
2 24 3.6893 -27.3389 11.7623 5.4476 -28.3272 12.0325
2 24 3.6794 -28.5253 10.0212 5.2216 -30.5046 10.0212
2 24 5.2216 -30.5046 10.0212 7.1329 -31.7352 10.0212
2 24 7.1329 -31.7352 10.0212 6.5671 -29.688 11.0912
2 24 5.4476 -28.3272 12.0325 6.5671 -29.688 11.0912
2 24 5.4476 -28.3272 12.0325 3.6893 -27.3389 11.7623
2 24 5.6252 -26.7827 12.7884 3.6893 -27.3389 11.7623
2 24 13.3324 -27.8805 13.1802 12.8122 -25.8378 15.6773
2 24 12.8122 -25.8378 15.6773 8.9425 -24.0641 15.6878
2 24 8.9425 -24.0641 15.6878 7.4358 -25.1941 14.2904
2 24 5.6252 -26.7827 12.7884 7.4358 -25.1941 14.2904
2 24 11.0731 -31.1456 10.0212 7.1329 -31.7352 10.0212
2 24 7.1329 -31.7352 10.0212 6.5671 -29.688 11.0912
2 24 11.0731 -31.1456 10.0212 15.3009 -32.9328 10.0212
2 24 15.3009 -32.9328 10.0212 14.3668 -30.6152 11.7001
2 24 5.4476 -28.3272 12.0325 6.5671 -29.688 11.0912
2 24 13.3324 -27.8805 13.1802 14.3668 -30.6152 11.7001
2 24 15.6085 -34.3095 14.1709 14.9903 -32.0346 15.6282
2 24 17.8651 -34.1859 15.5997 14.9903 -32.0346 15.6282
2 24 15.6085 -34.3095 14.1709 14.9903 -32.0346 15.6282
2 24 13.3324 -27.8805 13.1802 12.8122 -25.8378 15.6773
2 24 14.9903 -32.0346 15.6282 12.8122 -25.8378 15.6773
2 24 18.7356 -35.7362 15.5868 16.3743 -36.5312 13.349
2 24 17.8651 -34.1859 15.5997 18.7356 -35.7362 15.5868
2 24 15.6085 -34.3095 14.1709 16.3743 -36.5312 13.349
2 24 14.3668 -30.6152 11.7001 15.3009 -32.9328 10.0212
2 24 16.3743 -36.5312 13.349 17.1362 -38.5458 10.0212
2 24 13.3324 -27.8805 13.1802 14.3668 -30.6152 11.7001
2 24 15.6085 -34.3095 14.1709 16.3743 -36.5312 13.349
2 24 24.0125 -40.7138 10.0212 22.9537 -39.1757 12.3081
2 24 24.0125 -40.7138 10.0212 25.5147 -39.0791 10.0213
2 24 25.5147 -39.0791 10.0213 24.7793 -37.6499 12.3864
2 24 27.9682 -35.9911 14.1853 28.0669 -38.7733 11.6623
2 24 24.7793 -37.6499 12.3864 25.5147 -39.0791 10.0213
2 24 27.9682 -35.9911 14.1853 25.4733 -34.6691 15.5949
2 24 24.7793 -37.6499 12.3864 22.892 -34.6381 15.5956
2 24 25.4733 -34.6691 15.5949 22.892 -34.6381 15.5956
2 24 24.7793 -37.6499 12.3864 22.892 -34.6381 15.5956
2 24 22.892 -34.6381 15.5956 21.3563 -36.525 15.5796
2 24 22.9537 -39.1757 12.3081 21.3563 -36.525 15.5796
2 24 18.7356 -35.7362 15.5868 21.3563 -36.525 15.5796
2 24 18.7356 -35.7362 15.5868 16.3743 -36.5312 13.349
2 24 21.3563 -36.525 15.5796 22.9537 -39.1757 12.3081
2 24 16.3743 -36.5312 13.349 17.1362 -38.5458 10.0212
2 24 22.9537 -39.1757 12.3081 24.0125 -40.7138 10.0212
2 24 17.1362 -38.5458 10.0212 24.0125 -40.7138 10.0212
2 24 25.5147 -39.0791 10.0213 32.2164 -40.7802 10.1976
2 24 28.0669 -38.7733 11.6623 32.8903 -39.9925 11.6595
2 24 32.2164 -40.7802 10.1976 32.8903 -39.9925 11.6595
2 24 28.6376 -11.8512 11.9008 31.3093 -12.1265 11.8989
2 24 28.6376 -11.8512 11.9008 28.0669 -38.7733 11.6623
2 24 28.0669 -38.7733 11.6623 32.8903 -39.9925 11.6595
2 24 -18.3477 -14.1742 12.1569 -19.0146 -13.9897 10.0212
2 24 -20.6101 -13.4494 12.4805 -21.4281 -12.798 10.0212
2 24 -3.0644 -14.1248 11.8804 -1.3916 -16.7651 11.8624
2 24 -1.504 -16.9442 14.9728 -1.3916 -16.7651 11.8624
2 24 -9.8473 -3.6998 18.1514 -9.4324 -3.7111 22.7105
2 24 -9.8473 -3.6998 18.1514 -9.7584 -0.021 18.4091
2 24 -9.4324 -3.7111 22.7105 -9.4761 -0.0219 22.7314
2 24 -9.7584 -0.021 18.4091 -9.4761 -0.0219 22.7314
2 24 -8.4322 -5.6893 11.9601 -8.3479 -5.5417 16.6463
2 24 -8.4322 -5.6893 11.9601 -8.2005 -0.0161 12.0066
2 24 -8.3479 -5.5417 16.6463 -8.2775 -0.0212 17.0153
2 24 -8.2005 -0.0161 12.0066 -8.2775 -0.0212 17.0153
2 24 7.2574 -0.0161 14.4273 8.0588 -0.0198 15.5573
2 24 8.4387 -1.8804 15.8867 8.0588 -0.0198 15.5573
2 24 25.7817 -11.9757 15.7981 27.9842 -11.8444 14.5603
2 24 42.3662 -19.4966 11.8396 42.2986 -19.4882 19.8896
2 24 42.3662 -19.4966 11.8396 38.8725 -21.2393 11.8183
2 24 42.2986 -19.4882 19.8896 38.8788 -21.0081 20.405
2 24 46.4385 -12.4013 22.0082 43.7314 -16.2717 21.5449
2 24 46.4385 -12.4013 22.0082 46.4969 -12.5802 11.9004
2 24 46.4969 -12.5802 11.9004 43.9916 -16.4486 11.8602
2 24 47.613 -0.019 24.8062 48.6189 -4.4302 24.7758
2 24 47.613 -0.019 24.8062 47.712 -0.0183 12.0075
2 24 48.6189 -4.4302 24.7758 48.6773 -4.4584 11.971
2 24 47.712 -0.0183 12.0075 48.6773 -4.4584 11.971
2 24 29.7057 -3.1689 17.6827 29.6718 -3.1825 22.8253
2 24 29.7057 -3.1689 17.6827 29.6898 -0.0193 17.7937
2 24 29.6718 -3.1825 22.8253 29.8993 -0.0205 22.7753
2 24 29.6898 -0.0193 17.7937 29.8993 -0.0205 22.7753
2 24 34.0804 -10.0591 11.9159 34.379 -8.3438 11.9356
2 24 34.3841 -8.111 17.06 34.379 -8.3438 11.9356
2 24 48.6773 -4.4584 11.971 47.712 -0.0183 12.0075
2 24 30.4216 -4.8169 11.9682 30.5515 -0.0154 12.0094
2 24 47.712 -0.0183 12.0075 30.5515 -0.0154 12.0094
2 24 -17.4122 -14.3958 15.8706 -15.0319 -14.2786 16.7119
2 24 12.6348 -9.2927 15.8214 12.285 -6.9373 15.8479
2 24 12.2616 -7.0187 19.7262 12.285 -6.9373 15.8479
2 24 -3.0644 -14.1248 11.8804 -1.3916 -16.7651 11.8624
2 24 1.9909 -14.7506 11.8814 0.1236 -11.7659 11.9014
2 24 3.6846 -0.0146 12.0039 0.1377 -0.0154 12.0033
2 24 3.6893 -27.3389 11.7623 0.9408 -27.0609 12.2688
2 24 30.4216 -4.8169 11.9682 32.1254 -7.1687 11.9413
2 24 48.6773 -4.4584 11.971 47.1526 -8.0479 11.9336
2 24 -20.6101 -13.4494 12.4805 -19.1944 -14.0699 14.6565
2 24 -18.3477 -14.1742 12.1569 -16.9546 -14.3093 13.2184
2 24 -15.2868 -14.1473 13.5903 -16.9546 -14.3093 13.2184
2 24 -17.4122 -14.3958 15.8706 -19.1944 -14.0699 14.6565
2 24 -13.5672 -13.6501 13.1005 -15.2868 -14.1473 13.5903
2 24 -12.0314 -13.1506 17.077 -15.0319 -14.2786 16.7119
2 24 -12.0314 -13.1506 17.077 -8.5955 -12.035 16.897
2 24 -11.9496 -13.0076 11.8875 -9.2589 -12.1834 11.897
2 24 1.9683 -16.2411 15.0485 1.8638 -16.2224 11.8668
2 24 1.9683 -16.2411 15.0485 -1.504 -16.9442 14.9728
2 24 1.8638 -16.2224 11.8668 -1.3916 -16.7651 11.8624
2 24 -1.504 -16.9442 14.9728 -1.3916 -16.7651 11.8624
2 24 -1.3916 -16.7651 11.8624 1.8638 -16.2224 11.8668
2 24 -2.4826 -26.6986 11.7692 0.9408 -27.0609 12.2688
2 24 1.9683 -16.2411 15.0485 1.8638 -16.2224 11.8668
2 24 1.8638 -16.2224 11.8668 1.9909 -14.7506 11.8814
2 24 2.1843 -14.8065 16.5711 1.9909 -14.7506 11.8814
2 24 2.1843 -14.8065 16.5711 1.9909 -14.7506 11.8814
2 24 1.9909 -14.7506 11.8814 0.1236 -11.7659 11.9014
2 24 0.1236 -11.7659 11.9014 -3.0783 -8.6681 11.935
2 24 -3.2665 -8.4277 16.3487 -3.0783 -8.6681 11.935
2 24 0.1377 -0.0154 12.0033 -4.553 -0.015 12.0033
2 24 0.1236 -11.7659 11.9014 -3.0783 -8.6681 11.935
2 24 -3.0783 -8.6681 11.935 -3.2665 -8.4277 16.3487
2 24 -3.0783 -8.6681 11.935 -6.4947 -8.0233 11.94
2 24 -3.2665 -8.4277 16.3487 -6.6132 -7.8113 16.2609
2 24 -6.4947 -8.0233 11.94 -6.6132 -7.8113 16.2609
2 24 -3.0783 -8.6681 11.935 -6.4947 -8.0233 11.94
2 24 -6.4947 -8.0233 11.94 -6.6132 -7.8113 16.2609
2 24 -6.4947 -8.0233 11.94 -8.4322 -5.6893 11.9601
2 24 -6.6132 -7.8113 16.2609 -8.3479 -5.5417 16.6463
2 24 -8.4322 -5.6893 11.9601 -8.3479 -5.5417 16.6463
2 24 -4.553 -0.015 12.0033 -8.2005 -0.0161 12.0066
2 24 -8.2005 -0.0161 12.0066 -8.4322 -5.6893 11.9601
2 24 -6.4947 -8.0233 11.94 -8.4322 -5.6893 11.9601
2 24 -9.4324 -3.7111 22.7105 -7.9654 -3.5266 24.0584
2 24 -9.4324 -3.7111 22.7105 -9.4761 -0.0219 22.7314
2 24 -7.9654 -3.5266 24.0584 -7.8441 -0.0219 24.0661
2 24 -9.4761 -0.0219 22.7314 -7.8441 -0.0219 24.0661
2 24 -7.9654 -3.5266 24.0584 -6.6923 -3.1448 26.8322
2 24 -7.9654 -3.5266 24.0584 -7.8441 -0.0219 24.0661
2 24 -6.6923 -3.1448 26.8322 -6.5586 -0.0215 26.8345
2 24 -7.8441 -0.0219 24.0661 -6.5586 -0.0215 26.8345
2 24 -8.3479 -5.5417 16.6463 -9.8473 -3.6998 18.1514
2 24 -8.3479 -5.5417 16.6463 -8.2775 -0.0212 17.0153
2 24 -9.8473 -3.6998 18.1514 -9.7584 -0.021 18.4091
2 24 -8.2775 -0.0212 17.0153 -9.7584 -0.021 18.4091
2 24 -6.5586 -0.0215 26.8345 -6.6923 -3.1448 26.8322
2 24 -6.5586 -0.0215 26.8345 -4.2171 -0.016 27.6814
2 24 -6.6923 -3.1448 26.8322 -4.5176 -4.0066 27.6841
2 24 -4.5176 -4.0066 27.6841 -1.752 -4.4746 28.1582
2 24 -4.2171 -0.016 27.6814 -1.2916 -0.0159 28.1038
2 24 -1.752 -4.4746 28.1582 0.778 -4.7954 28.2583
2 24 -1.2916 -0.0159 28.1038 1.1579 -0.0161 28.1328
2 24 0.778 -4.7954 28.2583 4.5756 -4.3023 27.355
2 24 4.5756 -4.3023 27.355 3.9785 -0.0219 27.5172
2 24 1.1579 -0.0161 28.1328 3.9785 -0.0219 27.5172
2 24 4.5756 -4.3023 27.355 3.9785 -0.0219 27.5172
2 24 8.268 -1.8599 24.1045 7.8713 -0.0191 24.2004
2 24 3.9785 -0.0219 27.5172 7.8713 -0.0191 24.2004
2 24 8.268 -1.8599 24.1045 7.8713 -0.0191 24.2004
2 24 7.8713 -0.0191 24.2004 7.9651 -0.0144 19.7427
2 24 12.2616 -7.0187 19.7262 12.285 -6.9373 15.8479
2 24 9.9585 -4.9211 15.8595 12.285 -6.9373 15.8479
2 24 9.9585 -4.9211 15.8595 8.4387 -1.8804 15.8867
2 24 8.4387 -1.8804 15.8867 8.0588 -0.0198 15.5573
2 24 7.9651 -0.0144 19.7427 8.0588 -0.0198 15.5573
2 24 36.6808 -22.358 20.7368 36.8188 -22.5241 11.8133
2 24 36.5292 -24.0216 13.7577 36.9375 -24.0865 11.8011
2 24 36.8188 -22.5241 11.8133 36.9375 -24.0865 11.8011
2 24 36.8188 -22.5241 11.8133 38.8725 -21.2393 11.8183
2 24 33.2167 -11.6055 11.9038 34.0804 -10.0591 11.9159
2 24 38.8725 -21.2393 11.8183 36.8188 -22.5241 11.8133
2 24 38.8788 -21.0081 20.405 36.6808 -22.358 20.7368
2 24 36.8188 -22.5241 11.8133 36.6808 -22.358 20.7368
2 24 31.0647 -12.2405 22.4819 27.5175 -12.0314 23.0319
2 24 38.8725 -21.2393 11.8183 42.3662 -19.4966 11.8396
2 24 42.3662 -19.4966 11.8396 43.9916 -16.4486 11.8602
2 24 43.7314 -16.2717 21.5449 42.2986 -19.4882 19.8896
2 24 42.2986 -19.4882 19.8896 42.3662 -19.4966 11.8396
2 24 43.9916 -16.4486 11.8602 42.3662 -19.4966 11.8396
2 24 46.7108 -7.9027 23.0197 46.4385 -12.4013 22.0082
2 24 46.4385 -12.4013 22.0082 46.4969 -12.5802 11.9004
2 24 47.1526 -8.0479 11.9336 46.4969 -12.5802 11.9004
2 24 44.6247 -0.0212 27.7505 45.1886 -4.9722 27.7621
2 24 44.6247 -0.0212 27.7505 47.613 -0.019 24.8062
2 24 45.1886 -4.9722 27.7621 48.6189 -4.4302 24.7758
2 24 47.613 -0.019 24.8062 48.6189 -4.4302 24.7758
2 24 46.7108 -7.9027 23.0197 48.6189 -4.4302 24.7758
2 24 48.6189 -4.4302 24.7758 48.6773 -4.4584 11.971
2 24 47.1526 -8.0479 11.9336 48.6773 -4.4584 11.971
2 24 39.677 -0.0158 28.3149 44.6247 -0.0212 27.7505
2 24 39.7851 -4.8361 28.5284 45.1886 -4.9722 27.7621
2 24 44.6247 -0.0212 27.7505 45.1886 -4.9722 27.7621
2 24 33.6064 -0.0205 27.5801 33.5067 -3.9681 27.6974
2 24 39.677 -0.0158 28.3149 33.6064 -0.0205 27.5801
2 24 39.7851 -4.8361 28.5284 33.5067 -3.9681 27.6974
2 24 32.4775 -0.0213 24.6016 32.3168 -3.9539 24.759
2 24 32.4775 -0.0213 24.6016 33.6064 -0.0205 27.5801
2 24 32.3168 -3.9539 24.759 33.5067 -3.9681 27.6974
2 24 33.6064 -0.0205 27.5801 33.5067 -3.9681 27.6974
2 24 29.6718 -3.1825 22.8253 29.8993 -0.0205 22.7753
2 24 29.8993 -0.0205 22.7753 32.4775 -0.0213 24.6016
2 24 32.3168 -3.9539 24.759 32.4775 -0.0213 24.6016
2 24 34.3841 -8.111 17.06 34.379 -8.3438 11.9356
2 24 34.379 -8.3438 11.9356 32.1254 -7.1687 11.9413
2 24 34.3841 -8.111 17.06 32.1976 -7.0282 17.0788
2 24 32.1254 -7.1687 11.9413 30.4216 -4.8169 11.9682
2 24 32.1976 -7.0282 17.0788 30.509 -4.9629 17.2232
2 24 30.4216 -4.8169 11.9682 30.509 -4.9629 17.2232
2 24 30.509 -4.9629 17.2232 30.528 -4.5137 17.6667
2 24 30.4216 -4.8169 11.9682 30.509 -4.9629 17.2232
2 24 30.6501 -0.0198 17.6979 30.5515 -0.0154 12.0094
2 24 30.528 -4.5137 17.6667 30.6501 -0.0198 17.6979
2 24 30.4216 -4.8169 11.9682 30.5515 -0.0154 12.0094
2 24 30.528 -4.5137 17.6667 29.7057 -3.1689 17.6827
2 24 30.528 -4.5137 17.6667 30.6501 -0.0198 17.6979
2 24 29.7057 -3.1689 17.6827 29.6898 -0.0193 17.7937
2 24 30.6501 -0.0198 17.6979 29.6898 -0.0193 17.7937
2 24 12.6348 -9.2927 15.8214 13.177 -10.8172 15.8123
2 24 13.2735 -10.8906 16.3883 13.177 -10.8172 15.8123
2 24 15.1645 -28.2909 21.1991 14.8703 -28.481 21.5102
2 24 -4.7297 -37.2621 10.0212 -7.3653 -35.3976 10.0212
2 24 -7.7804 -34.6193 11.6535 -7.3653 -35.3976 10.0212
2 24 -10.9861 -34.6823 14.0151 -10.389 -37.7782 10.0212
2 24 -10.389 -37.7782 10.0212 -7.3653 -35.3976 10.0212
2 24 -7.7804 -34.6193 11.6535 -7.3653 -35.3976 10.0212
2 24 -2.4157 -37.8075 12.2257 -1.413 -38.8977 10.0212
2 24 -4.7297 -37.2621 10.0212 -1.413 -38.8977 10.0212
2 24 -0.1893 -6.8009 23.624 2.8153 -9.7831 23.0833
2 24 -9.7584 -0.021 18.4091 -9.4761 -0.0219 22.7314
2 24 -8.2775 -0.0212 17.0153 -8.2005 -0.0161 12.0066
2 24 7.2574 -0.0161 14.4273 8.0588 -0.0198 15.5573
2 24 -9.7584 -0.021 18.4091 -8.2775 -0.0212 17.0153
2 24 -6.2323 -0.0161 20.0424 -5.3973 -0.0162 16.9262
2 24 -4.2171 -0.016 27.6814 -6.5586 -0.0215 26.8345
2 24 -3.1162 -0.0161 25.4397 0 -0.0161 26.2747
2 24 -4.2171 -0.016 27.6814 -1.2916 -0.0159 28.1038
2 24 -1.2916 -0.0159 28.1038 1.1579 -0.0161 28.1328
2 24 6.2277 -0.0226 20.0433 5.3966 -0.0163 23.1596
2 24 7.9651 -0.0144 19.7427 7.8713 -0.0191 24.2004
2 24 8.0588 -0.0198 15.5573 7.9651 -0.0144 19.7427
2 24 5.3966 -0.0162 16.9248 6.2277 -0.0226 20.0433
2 24 -8.2005 -0.0161 12.0066 -4.553 -0.015 12.0033
2 24 -5.3973 -0.0162 16.9262 -3.1162 -0.0162 14.645
2 24 -4.553 -0.015 12.0033 0.1377 -0.0154 12.0033
2 24 -3.1162 -0.0162 14.645 0 -0.0162 13.8101
2 24 7.2574 -0.0161 14.4273 5.6277 -0.0161 12.9402
2 24 5.6277 -0.0161 12.9402 3.6846 -0.0146 12.0039
2 24 5.3966 -0.0162 16.9248 3.1163 -0.0162 14.6452
2 24 0.1377 -0.0154 12.0033 3.6846 -0.0146 12.0039
2 24 0 -0.0162 13.8101 3.1163 -0.0162 14.6452
2 24 7.8713 -0.0191 24.2004 3.9785 -0.0219 27.5172
2 24 33.6064 -0.0205 27.5801 39.677 -0.0158 28.3149
2 24 36.8862 -0.0226 25.4357 40 -0.0161 26.2747
2 24 40 -5.2323 26.2747 36.8862 -5.2388 25.4357
2 24 40 -0.0161 26.2747 36.8862 -0.0226 25.4357
2 24 29.6898 -0.0193 17.7937 29.8993 -0.0205 22.7753
2 24 29.6898 -0.0193 17.7937 30.6501 -0.0198 17.6979
2 24 29.8993 -0.0205 22.7753 32.4775 -0.0213 24.6016
2 24 33.7677 -5.2323 20.0424 34.6027 -5.2323 16.9262
2 24 33.7677 -0.0161 20.0424 34.6027 -0.0162 16.9262
2 24 30.6501 -0.0198 17.6979 30.5515 -0.0154 12.0094
2 24 34.6027 -0.0162 16.9262 33.7677 -0.0161 20.0424
2 24 40 -0.0162 13.8101 43.1162 -0.0161 14.645
2 24 43.1162 -0.0161 14.645 45.3974 -0.0161 16.9262
2 24 45.3974 -0.0161 16.9262 46.2323 -0.0161 20.0424
2 24 47.712 -0.0183 12.0075 47.613 -0.019 24.8062
2 24 46.2323 -0.0161 20.0424 45.3974 -0.0161 23.1585
2 24 45.3974 -5.2323 23.1585 43.1162 -5.2323 25.4397
2 24 45.3974 -0.0161 23.1585 43.1162 -0.0161 25.4397
2 24 47.613 -0.019 24.8062 44.6247 -0.0212 27.7505
2 24 45.3974 -0.0161 23.1585 43.1162 -0.0161 25.4397
2 24 40 -0.0161 26.2747 43.1162 -0.0161 25.4397
2 24 39.677 -0.0158 28.3149 44.6247 -0.0212 27.7505
2 24 5.3966 -0.0163 23.1596 3.1164 -0.0163 25.4394
2 24 17.4964 -47.0658 34.5953 14.1986 -46.6772 33.9209
2 24 16.1957 -48.0206 36.0883 14.1986 -46.6772 33.9209
2 24 15.3411 -41.3326 24.7964 16.4398 -38.9505 21.1804
2 24 15.065 -35.4173 16.8077 17.3454 -36.7352 18.3156
2 24 16.4398 -38.9505 21.1804 17.3454 -36.7352 18.3156
2 24 11.3499 -36.0737 15.241 14.6822 -37.6033 16.2016
2 24 10.3478 -36.8151 12.6934 11.1218 -38.3048 10.0212
2 24 12.5789 -39.1589 10.0212 11.1218 -38.3048 10.0212
2 24 9.483 -40.4231 10.0212 11.1218 -38.3048 10.0212
2 24 8.9442 -39.2934 12.5974 9.483 -40.4231 10.0212
2 24 10.3478 -36.8151 12.6934 11.1218 -38.3048 10.0212
2 24 8.9442 -39.2934 12.5974 9.483 -40.4231 10.0212
2 24 9.483 -40.4231 10.0212 4.2547 -37.8339 10.0212
2 24 -10.9861 -34.6823 14.0151 -10.389 -37.7782 10.0212
2 24 -10.389 -37.7782 10.0212 -13.1923 -34.7226 10.0212
2 24 -13.1923 -34.7226 10.0212 -15.9094 -31.4765 10.0212
2 24 -16.2159 -29.5707 12.6169 -15.9094 -31.4765 10.0212
2 24 -0.2727 -33.7001 11.8263 0.1708 -34.8751 10.0212
2 24 4.2547 -37.8339 10.0212 0.1708 -34.8751 10.0212
2 24 -0.2727 -33.7001 11.8263 0.1708 -34.8751 10.0212
2 24 -2.4157 -37.8075 12.2257 -1.413 -38.8977 10.0212
2 24 0.1708 -34.8751 10.0212 -1.413 -38.8977 10.0212
2 24 44.126 -7.3313 16.0412 44.9523 -5.2349 17.0024
2 24 44.1322 -7.3314 21.6266 44.9532 -5.2344 21.0093
2 24 44.9523 -5.2349 17.0024 44.9532 -5.2344 21.0093
2 24 44.009 -5.2318 21.8912 44.9532 -5.2344 21.0093
2 24 44.1322 -7.3314 21.6266 44.9532 -5.2344 21.0093
2 24 38.3197 -17.0791 18.3939 38.0011 -5.2379 18.5057
2 24 38.3197 -17.0791 18.3939 39.7514 -16.7439 18.7592
2 24 38.0011 -5.2379 18.5057 39.0467 -5.2321 18.7778
2 24 39.7514 -16.7439 18.7592 39.6898 -16.8039 17.0886
2 24 39.7514 -16.7439 18.7592 38.3197 -17.0791 18.3939
2 24 38.3197 -17.0791 18.3939 37.6611 -17.0973 17.5988
2 24 39.7514 -16.7439 18.7592 40.4658 -15.3237 19.362
2 24 39.7514 -16.7439 18.7592 39.6898 -16.8039 17.0886
2 24 39.9537 -5.232 14.8859 38.8242 -5.232 15.4946
2 24 40.3416 -15.8191 15.162 39.6403 -16.8644 15.4178
2 24 38.0011 -5.2379 18.5057 39.0467 -5.2321 18.7778
2 24 34.6027 -5.2323 23.1585 36.8862 -5.2388 25.4357
2 24 40.7961 -5.2378 21.2244 41.9593 -5.2365 22.8435
2 24 40 -5.2323 26.2747 43.1162 -5.2323 25.4397
2 24 33.7677 -5.2323 20.0424 34.6027 -5.2323 16.9262
2 24 37.368 -5.232 17.6405 37.9443 -5.232 16.2465
2 24 46.2323 -5.2323 20.0424 45.3974 -5.2323 23.1585
2 24 44.9532 -5.2344 21.0093 44.009 -5.2318 21.8912
2 24 44.9523 -5.2349 17.0024 43.9859 -5.2321 15.8518
2 24 44.9523 -5.2349 17.0024 44.126 -7.3313 16.0412
2 24 44.1322 -7.3314 21.6266 43.2318 -11.6945 22.3986
2 24 44.009 -5.2318 21.8912 42.7814 -5.2321 22.6595
2 24 43.9859 -5.2321 15.8518 42.8658 -5.2322 15.0905
2 24 44.126 -7.3313 16.0412 43.2681 -11.622 15.3268
2 24 44.1322 -7.3314 21.6266 43.2318 -11.6945 22.3986
2 24 43.2318 -11.6945 22.3986 43.2681 -11.622 15.3268
2 24 44.126 -7.3313 16.0412 43.2681 -11.622 15.3268
2 24 42.2667 -13.0302 22.7025 41.9593 -5.2365 22.8435
2 24 43.2318 -11.6945 22.3986 42.2667 -13.0302 22.7025
2 24 42.7814 -5.2321 22.6595 41.9593 -5.2365 22.8435
2 24 41.3278 -14.1429 21.0304 42.2667 -13.0302 22.7025
2 24 40.7961 -5.2378 21.2244 41.9593 -5.2365 22.8435
2 24 42.2667 -13.0302 22.7025 41.9593 -5.2365 22.8435
2 24 42.8658 -5.2322 15.0905 41.5858 -5.2321 14.7815
2 24 43.2681 -11.622 15.3268 41.7455 -13.5017 14.9513
2 24 41.7455 -13.5017 14.9513 43.2681 -11.622 15.3268
2 24 42.2667 -13.0302 22.7025 43.2318 -11.6945 22.3986
2 24 43.2681 -11.622 15.3268 43.2318 -11.6945 22.3986
2 24 42.2667 -13.0302 22.7025 41.3278 -14.1429 21.0304
2 24 41.3278 -14.1429 21.0304 40.4658 -15.3237 19.362
2 24 40.7961 -5.2378 21.2244 40.2453 -5.2319 19.6034
2 24 40.3416 -15.8191 15.162 41.7455 -13.5017 14.9513
2 24 40.4658 -15.3237 19.362 41.3278 -14.1429 21.0304
2 24 39.9537 -5.232 14.8859 41.5858 -5.2321 14.7815
2 24 40.3416 -15.8191 15.162 41.7455 -13.5017 14.9513
2 24 39.7514 -16.7439 18.7592 40.4658 -15.3237 19.362
2 24 39.0467 -5.2321 18.7778 40.2453 -5.2319 19.6034
2 24 37.6611 -17.0973 17.5988 37.368 -5.232 17.6405
2 24 37.6611 -17.0973 17.5988 38.3197 -17.0791 18.3939
2 24 37.368 -5.232 17.6405 38.0011 -5.2379 18.5057
2 24 38.3197 -17.0791 18.3939 38.0011 -5.2379 18.5057
2 24 37.368 -5.232 17.6405 37.9443 -5.232 16.2465
2 24 37.6611 -17.0973 17.5988 38.2044 -17.0783 16.4847
2 24 38.8242 -5.232 15.4946 37.9443 -5.232 16.2465
2 24 39.6403 -16.8644 15.4178 38.2044 -17.0783 16.4847
2 24 39.9537 -5.232 14.8859 38.8242 -5.232 15.4946
2 24 40 -5.2323 13.8101 36.8838 -5.2323 14.645
2 24 39.9537 -5.232 14.8859 41.5858 -5.2321 14.7815
2 24 40 -5.2323 13.8101 43.1162 -5.2323 14.645
2 24 41.5858 -5.2321 14.7815 42.8658 -5.2322 15.0905
2 24 42.8658 -5.2322 15.0905 43.9859 -5.2321 15.8518
2 24 43.1162 -5.2323 25.4397 45.3974 -5.2323 23.1585
2 24 44.009 -5.2318 21.8912 42.7814 -5.2321 22.6595
2 24 41.9593 -5.2365 22.8435 42.7814 -5.2321 22.6595
2 24 40.7961 -5.2378 21.2244 40.2453 -5.2319 19.6034
2 24 36.8862 -5.2388 25.4357 40 -5.2323 26.2747
2 24 39.0467 -5.2321 18.7778 40.2453 -5.2319 19.6034
2 24 44.9532 -5.2344 21.0093 44.9523 -5.2349 17.0024
2 24 46.2323 -5.2323 20.0424 45.3974 -5.2323 16.9262
2 24 45.3974 -0.0161 16.9262 46.2323 -0.0161 20.0424
2 24 45.3974 -5.2323 16.9262 46.2323 -5.2323 20.0424
2 24 45.3974 -0.0161 16.9262 43.1162 -0.0161 14.645
2 24 45.3974 -5.2323 16.9262 43.1162 -5.2323 14.645
2 24 43.1162 -0.0161 14.645 40 -0.0162 13.8101
2 24 43.1162 -5.2323 14.645 40 -5.2323 13.8101
2 24 40 -0.0162 13.8101 36.8838 -0.0162 14.645
2 24 40 -0.0162 13.8101 36.8838 -0.0162 14.645
2 24 40 -5.2323 13.8101 36.8838 -5.2323 14.645
2 24 34.6027 -0.0162 16.9262 36.8838 -0.0162 14.645
2 24 34.6027 -0.0162 16.9262 36.8838 -0.0162 14.645
2 24 34.6027 -5.2323 16.9262 36.8838 -5.2323 14.645
2 24 34.6027 -5.2323 16.9262 36.8838 -5.2323 14.645
2 24 37.9443 -5.232 16.2465 38.8242 -5.232 15.4946
2 24 33.7677 -0.0161 20.0424 34.6027 -0.0161 23.1585
2 24 33.7677 -5.2323 20.0424 34.6027 -5.2323 23.1585
2 24 34.6027 -5.2323 23.1585 33.7677 -5.2323 20.0424
2 24 38.0011 -5.2379 18.5057 37.368 -5.232 17.6405
2 24 33.6064 -0.0205 27.5801 32.4775 -0.0213 24.6016
2 24 36.8862 -0.0226 25.4357 34.6027 -0.0161 23.1585
2 24 36.8862 -0.0226 25.4357 34.6027 -0.0161 23.1585
2 24 36.8862 -5.2388 25.4357 34.6027 -5.2323 23.1585
2 24 40 -0.0161 26.2747 43.1162 -0.0161 25.4397
2 24 40 -5.2323 26.2747 43.1162 -5.2323 25.4397
2 24 45.3974 -0.0161 23.1585 46.2323 -0.0161 20.0424
2 24 45.3974 -5.2323 23.1585 46.2323 -5.2323 20.0424
2 24 43.1162 -5.2323 14.645 45.3974 -5.2323 16.9262
2 24 43.9859 -5.2321 15.8518 44.9523 -5.2349 17.0024
2 24 0 -0.0161 26.2747 3.1164 -0.0163 25.4394
2 24 1.1579 -0.0161 28.1328 3.9785 -0.0219 27.5172
2 24 0.0003 -5.2329 26.2742 3.1178 -5.2328 25.4384
2 24 3.1178 -5.2328 25.4384 4.4107 -5.1995 24.4433
2 24 0.5666 -5.3774 24.2943 4.4107 -5.1995 24.4433
2 24 2.8153 -9.7831 23.0833 -0.1893 -6.8009 23.624
2 24 4.4107 -5.1995 24.4433 0.5666 -5.3774 24.2943
2 24 -2.9389 -5.2258 19.4401 -2.9396 -5.2286 15.0128
2 24 -2.9396 -5.2286 15.0128 -0.1889 -6.8044 15.019
2 24 -2.9396 -5.2286 15.0128 -0.1889 -6.8044 15.019
2 24 0.2235 -5.3913 15.0199 -2.9396 -5.2286 15.0128
2 24 4.5477 -12.5433 18.2993 5.4064 -12.5125 16.9258
2 24 3.7159 -10.8472 15.1066 5.4064 -12.5125 16.9258
2 24 -5.3974 -0.0161 23.1585 -6.2323 -0.0161 20.0424
2 24 -5.3974 -5.2323 23.1585 -6.2323 -5.2323 20.0424
2 24 -6.2323 -0.0161 20.0424 -5.3973 -0.0162 16.9262
2 24 -6.2323 -5.2323 20.0424 -5.3974 -5.2323 16.9262
2 24 -5.3974 -5.2323 16.9262 -3.1162 -5.2323 14.645
2 24 -5.3973 -0.0162 16.9262 -3.1162 -0.0162 14.645
2 24 -3.1162 -0.0162 14.645 0 -0.0162 13.8101
2 24 -3.1162 -5.2323 14.645 0.0002 -5.2335 13.8111
2 24 -5.3974 -5.2323 23.1585 -3.1162 -5.2323 25.4397
2 24 -5.3974 -0.0161 23.1585 -3.1162 -0.0161 25.4397
2 24 -3.1162 -5.2323 25.4397 -5.3974 -5.2323 23.1585
2 24 -3.1162 -5.2323 25.4397 0.0003 -5.2329 26.2742
2 24 -3.1162 -0.0161 25.4397 0 -0.0161 26.2747
2 24 0.5666 -5.3774 24.2943 -2.9397 -5.2274 24.1418
2 24 0.0003 -5.2329 26.2742 -3.1162 -5.2323 25.4397
2 24 -5.3974 -5.2323 23.1585 -6.2323 -5.2323 20.0424
2 24 -2.9397 -5.2274 24.1418 -2.9389 -5.2258 19.4401
2 24 -0.1893 -6.8009 23.624 -2.9397 -5.2274 24.1418
2 24 0.5666 -5.3774 24.2943 -2.9397 -5.2274 24.1418
2 24 5.3966 -0.0163 23.1596 3.1164 -0.0163 25.4394
2 24 4.4107 -5.1995 24.4433 3.1178 -5.2328 25.4384
2 24 0.0003 -5.2329 26.2742 3.1178 -5.2328 25.4384
2 24 0 -0.0161 26.2747 3.1164 -0.0163 25.4394
2 24 -0.1893 -6.8009 23.624 -2.9397 -5.2274 24.1418
2 24 -2.9389 -5.2258 19.4401 -2.9397 -5.2274 24.1418
2 24 -6.2323 -5.2323 20.0424 -5.3974 -5.2323 16.9262
2 24 3.7159 -10.8472 15.1066 3.7866 -5.3376 15.1649
2 24 -0.1889 -6.8044 15.019 3.7159 -10.8472 15.1066
2 24 0.2235 -5.3913 15.0199 3.7866 -5.3376 15.1649
2 24 5.4064 -12.5125 16.9258 6.2275 -12.4662 20.0437
2 24 5.3966 -0.0162 16.9248 6.2277 -0.0226 20.0433
2 24 5.3966 -0.0163 23.1596 6.2277 -0.0226 20.0433
2 24 4.4107 -5.1995 24.4433 5.3963 -8.2714 23.1489
2 24 -0.1889 -6.8044 15.019 3.7159 -10.8472 15.1066
2 24 5.3963 -8.2714 23.1489 5.3777 -12.4343 22.4166
2 24 5.3777 -12.4343 22.4166 4.9491 -12.607 22.3699
2 24 2.8153 -9.7831 23.0833 4.9491 -12.607 22.3699
2 24 2.8153 -9.7831 23.0833 4.9491 -12.607 22.3699
2 24 4.5866 -12.5827 21.0579 4.9491 -12.607 22.3699
2 24 3.7866 -5.3376 15.1649 3.7159 -10.8472 15.1066
2 24 5.4064 -12.5125 16.9258 3.7159 -10.8472 15.1066
2 24 4.9491 -12.607 22.3699 5.3777 -12.4343 22.4166
2 24 4.9491 -12.607 22.3699 4.5866 -12.5827 21.0579
2 24 5.3777 -12.4343 22.4166 6.2275 -12.4662 20.0437
2 24 4.5866 -12.5827 21.0579 4.5971 -12.593 19.4438
2 24 5.4064 -12.5125 16.9258 4.5477 -12.5433 18.2993
2 24 6.2275 -12.4662 20.0437 5.4064 -12.5125 16.9258
2 24 4.5477 -12.5433 18.2993 4.5971 -12.593 19.4438
2 24 4.5477 -12.5433 18.2993 4.5971 -12.593 19.4438
2 24 0.0002 -5.2335 13.8111 3.1116 -5.2341 14.6424
2 24 0 -0.0162 13.8101 3.1163 -0.0162 14.6452
2 24 5.3966 -0.0162 16.9248 3.1163 -0.0162 14.6452
2 24 3.7866 -5.3376 15.1649 3.1116 -5.2341 14.6424
2 24 4.4107 -5.1995 24.4433 5.3963 -8.2714 23.1489
2 24 -5.3974 -5.2323 16.9262 -3.1162 -5.2323 14.645
2 24 -2.9389 -5.2258 19.4401 -2.9396 -5.2286 15.0128
2 24 -2.9396 -5.2286 15.0128 0.2235 -5.3913 15.0199
2 24 -3.1162 -5.2323 14.645 0.0002 -5.2335 13.8111
2 24 -6.8583 -16.7311 20.5141 -6.3095 -18.0554 20.6858
2 24 -9.3228 -19.7529 20.1785 -6.3382 -19.1061 20.8729
2 24 -6.3095 -18.0554 20.6858 -6.3382 -19.1061 20.8729
2 24 3.2746 -25.8955 20.1672 1.4458 -23.5132 19.6938
2 24 0.2892 -28.3249 17.2543 -0.2287 -24.5925 18.4066
2 24 11.2364 -29.8246 21.3742 4.1294 -26.37 22.1254
2 24 11.9309 -28.0216 23.9623 5.7161 -25.2747 24.9482
2 24 0.0002 -5.2335 13.8111 3.1116 -5.2341 14.6424
2 24 0.2235 -5.3913 15.0199 3.7866 -5.3376 15.1649
2 24 3.1116 -5.2341 14.6424 3.7866 -5.3376 15.1649
2 24 -3.1162 -0.0161 25.4397 -5.3974 -0.0161 23.1585
2 24 -6.5586 -0.0215 26.8345 -7.8441 -0.0219 24.0661
2 24 -9.4761 -0.0219 22.7314 -7.8441 -0.0219 24.0661
2 24 -6.2323 -0.0161 20.0424 -5.3974 -0.0161 23.1585
2 24 6.2275 -12.4662 20.0437 5.3777 -12.4343 22.4166
2 24 5.3963 -8.2714 23.1489 5.3777 -12.4343 22.4166
2 24 4.5866 -12.5827 21.0579 4.5971 -12.593 19.4438
2 24 9.9585 -4.9211 15.8595 12.285 -6.9373 15.8479
2 24 12.6348 -9.2927 15.8214 12.285 -6.9373 15.8479
2 24 9.9585 -4.9211 15.8595 8.4387 -1.8804 15.8867
2 24 8.9425 -24.0641 15.6878 8.4387 -1.8804 15.8867
2 24 1.9909 -14.7506 11.8814 1.8638 -16.2224 11.8668
2 24 17.8651 -34.1859 15.5997 18.7356 -35.7362 15.5868
2 24 18.7356 -35.7362 15.5868 21.3563 -36.525 15.5796
2 24 22.892 -34.6381 15.5956 21.3563 -36.525 15.5796
2 24 16.3173 -10.6011 16.5397 19.6644 -11.1852 16.5042
2 24 16.9218 -24.4916 22.002 15.3091 -27.7909 21.3208
2 24 15.3091 -27.7909 21.3208 15.1645 -28.2909 21.1991
2 24 17.9546 -28.3687 21.4003 15.1645 -28.2909 21.1991
2 24 31.3093 -12.1265 11.8989 33.2167 -11.6055 11.9038
2 24 36.9375 -24.0865 11.8011 36.8188 -22.5241 11.8133
2 24 33.7677 -0.0161 20.0424 34.6027 -0.0161 23.1585
2 24 39.6403 -16.8644 15.4178 38.2044 -17.0783 16.4847
2 24 39.6898 -16.8039 17.0886 39.6403 -16.8644 15.4178
2 24 37.6611 -17.0973 17.5988 38.2044 -17.0783 16.4847
2 24 39.6898 -16.8039 17.0886 39.6403 -16.8644 15.4178
2 24 40.3416 -15.8191 15.162 39.6403 -16.8644 15.4178
2 24 30.5515 -0.0154 12.0094 47.712 -0.0183 12.0075
2 24 47.1526 -8.0479 11.9336 46.4969 -12.5802 11.9004
2 24 32.1254 -7.1687 11.9413 34.379 -8.3438 11.9356
2 24 34.0804 -10.0591 11.9159 34.379 -8.3438 11.9356
2 24 43.9916 -16.4486 11.8602 46.4969 -12.5802 11.9004
2 24 34.4801 -8.1364 17.621 34.5038 -8.0104 23.0891
2 24 34.3812 -9.8516 22.6113 34.5038 -8.0104 23.0891
2 24 23.6226 -12.8139 23.5371 27.5175 -12.0314 23.0319
2 24 25.1005 -35.5311 21.5507 26.1697 -36.8776 24.1688
2 24 31.3093 -12.1265 11.8989 28.6376 -11.8512 11.9008
2 24 27.9842 -11.8444 14.5603 28.6376 -11.8512 11.9008
2 24 23.7381 -35.3244 18.6881 22.5752 -36.2852 19.6529
2 24 22.0096 -37.8646 19.389 22.5752 -36.2852 19.6529
2 24 12.5715 -38.0945 33.219 11.2382 -40.087 35.9331
2 24 -14.9899 -22.4775 13.651 -13.4267 -23.1777 13.0564
2 24 -18.3531 -22.5239 12.1554 -16.9541 -22.3065 13.215
2 24 -18.3531 -22.5239 12.1554 -16.2218 -23.0301 11.6744
2 24 -19.0158 -22.4632 10.0211 -18.3531 -22.5239 12.1554
2 24 -18.3531 -22.5239 12.1554 -16.2218 -23.0301 11.6744
2 24 24.0577 -37.0094 17.3628 24.487 -38.53 15.6913
2 24 32.9993 -44.4036 9.0387 27.1014 -42.4922 10.0225
2 24 27.1014 -42.4922 10.0225 26.64 -41.466 11.9968
2 24 26.64 -41.466 11.9968 25.7313 -39.7251 14.158
2 24 24.487 -38.53 15.6913 25.7313 -39.7251 14.158
2 24 30.5564 -37.1238 19.5025 23.7381 -35.3244 18.6881
2 24 24.0577 -37.0094 17.3628 23.7381 -35.3244 18.6881
2 24 38.9463 -40.4274 16.2578 38.1543 -38.5887 18.7904
2 24 30.5564 -37.1238 19.5025 38.1543 -38.5887 18.7904
2 24 38.9463 -40.4274 16.2578 39.1722 -41.6841 13.8751
2 24 31.4165 -40.9821 14.7308 39.1722 -41.6841 13.8751
2 24 40.5129 -44.0497 11.015 39.1722 -41.6841 13.8751
2 24 31.4165 -40.9821 14.7308 39.1722 -41.6841 13.8751
2 24 40.5129 -44.0497 11.015 41.1584 -45.4473 8.2112
2 24 32.9993 -44.4036 9.0387 41.1584 -45.4473 8.2112
2 24 37.9812 -38.3949 20.3884 34.3094 -37.8993 20.4845
2 24 37.9812 -38.3949 20.3884 38.1543 -38.5887 18.7904
2 24 38.1543 -38.5887 18.7904 30.5564 -37.1238 19.5025
2 24 34.3094 -37.8993 20.4845 30.707 -37.0991 20.2427
2 24 30.5564 -37.1238 19.5025 23.7381 -35.3244 18.6881
2 24 23.7381 -35.3244 18.6881 24.3809 -35.3113 19.3963
2 24 30.707 -37.0991 20.2427 24.3809 -35.3113 19.3963
2 24 38.1704 -36.3181 20.968 37.9812 -38.3949 20.3884
2 24 38.1704 -36.3181 20.968 38.84 -35.7041 19.2952
2 24 37.9812 -38.3949 20.3884 38.1543 -38.5887 18.7904
2 24 34.1301 -35.2089 21.3779 38.1704 -36.3181 20.968
2 24 34.3094 -37.8993 20.4845 37.9812 -38.3949 20.3884
2 24 38.1704 -36.3181 20.968 37.9812 -38.3949 20.3884
2 24 34.1301 -35.2089 21.3779 28.9193 -33.9798 20.9702
2 24 34.3094 -37.8993 20.4845 30.707 -37.0991 20.2427
2 24 30.707 -37.0991 20.2427 24.3809 -35.3113 19.3963
2 24 24.3809 -35.3113 19.3963 25.1875 -34.6017 19.8511
2 24 25.1875 -34.6017 19.8511 24.5658 -33.393 20.0297
2 24 24.6115 -32.8758 20.0794 24.5658 -33.393 20.0297
2 24 34.1301 -35.2089 21.3779 28.9193 -33.9798 20.9702
2 24 28.7523 -33.4216 20.0992 29.9533 -32.9813 19.3385
2 24 29.9533 -32.9813 19.3385 33.7772 -33.4765 18.8476
2 24 38.84 -35.7041 19.2952 38.1704 -36.3181 20.968
2 24 34.1301 -35.2089 21.3779 38.1704 -36.3181 20.968
2 24 38.84 -35.7041 19.2952 39.0704 -34.5602 17.1359
2 24 33.7772 -33.4765 18.8476 39.0704 -34.5602 17.1359
2 24 41.5162 -42.0286 10.9225 42.167 -42.8786 8.5831
2 24 40.5129 -44.0497 11.015 41.1584 -45.4473 8.2112
2 24 42.167 -42.8786 8.5831 41.1584 -45.4473 8.2112
2 24 46.9203 -44.2107 9.8369 42.167 -42.8786 8.5831
2 24 42.167 -42.8786 8.5831 41.5162 -42.0286 10.9225
2 24 52.8276 -45.173 10.97 51.0507 -43.7557 12.8408
2 24 46.9203 -44.2107 9.8369 52.8276 -45.173 10.97
2 24 51.0507 -43.7557 12.8408 52.8276 -45.173 10.97
2 24 52.8276 -45.173 10.97 53.2957 -44.2244 11.0951
2 24 52.4785 -43.1711 12.8145 53.2957 -44.2244 11.0951
2 24 51.0507 -43.7557 12.8408 49.5171 -42.0712 15.0053
2 24 49.5171 -42.0712 15.0053 44.2046 -41.2197 13.9312
2 24 49.3762 -39.7738 16.0744 49.5171 -42.0712 15.0053
2 24 49.3762 -39.7738 16.0744 50.9887 -42.0011 14.4737
2 24 51.0507 -43.7557 12.8408 49.5171 -42.0712 15.0053
2 24 52.4785 -43.1711 12.8145 50.9887 -42.0011 14.4737
2 24 49.3762 -39.7738 16.0744 50.9887 -42.0011 14.4737
2 24 49.3762 -39.7738 16.0744 53.6569 -40.9755 16.6384
2 24 50.9887 -42.0011 14.4737 52.4785 -43.1711 12.8145
2 24 52.4785 -43.1711 12.8145 55.5008 -43.4171 13.3027
2 24 53.6569 -40.9755 16.6384 57.4892 -42.3288 16.6932
2 24 55.5008 -43.4171 13.3027 58.4514 -43.7675 13.5128
2 24 58.4514 -43.7675 13.5128 61.0171 -43.9957 13.93
2 24 59.7882 -43.2176 15.5492 61.0171 -43.9957 13.93
2 24 57.4892 -42.3288 16.6932 59.7882 -43.2176 15.5492
2 24 55.5008 -43.4171 13.3027 58.4514 -43.7675 13.5128
2 24 55.9647 -45.1253 10.858 58.9301 -45.9602 10.4834
2 24 58.4514 -43.7675 13.5128 61.0171 -43.9957 13.93
2 24 58.9301 -45.9602 10.4834 61.098 -46.2822 10.0468
2 24 61.0171 -43.9957 13.93 62.1144 -44.9875 12.3415
2 24 55.9647 -45.1253 10.858 53.2957 -44.2244 11.0951
2 24 55.5008 -43.4171 13.3027 52.4785 -43.1711 12.8145
2 24 53.2957 -44.2244 11.0951 52.4785 -43.1711 12.8145
2 24 62.8901 -46.2265 9.818 62.8862 -45.9046 11.0349
2 24 61.098 -46.2822 10.0468 62.8901 -46.2265 9.818
2 24 62.1144 -44.9875 12.3415 62.8862 -45.9046 11.0349
2 24 49.023 -39.4222 16.6834 49.3762 -39.7738 16.0744
2 24 49.023 -39.4222 16.6834 53.1979 -41.0336 17.7215
2 24 49.3762 -39.7738 16.0744 53.6569 -40.9755 16.6384
2 24 53.1979 -41.0336 17.7215 56.5574 -42.144 18.1816
2 24 53.6569 -40.9755 16.6384 57.4892 -42.3288 16.6932
2 24 56.5574 -42.144 18.1816 57.4892 -42.3288 16.6932
2 24 49.3762 -39.7738 16.0744 49.023 -39.4222 16.6834
2 24 49.5171 -42.0712 15.0053 49.0892 -41.3641 16.4255
2 24 49.0892 -41.3641 16.4255 47.8662 -40.299 17.4389
2 24 49.023 -39.4222 16.6834 48.7493 -37.8288 16.9531
2 24 43.0374 -38.7925 16.9049 47.8662 -40.299 17.4389
2 24 47.8662 -40.299 17.4389 49.0892 -41.3641 16.4255
2 24 44.2046 -41.2197 13.9312 49.5171 -42.0712 15.0053
2 24 49.0892 -41.3641 16.4255 49.5171 -42.0712 15.0053
2 24 39.8223 -39.3905 14.2343 40.6018 -40.4812 12.6997
2 24 39.8223 -39.3905 14.2343 39.317 -37.8905 16.223
2 24 43.0374 -38.7925 16.9049 39.317 -37.8905 16.223
2 24 39.8223 -39.3905 14.2343 40.6018 -40.4812 12.6997
2 24 40.5129 -44.0497 11.015 39.1722 -41.6841 13.8751
2 24 39.1722 -41.6841 13.8751 38.9463 -40.4274 16.2578
2 24 39.8223 -39.3905 14.2343 39.317 -37.8905 16.223
2 24 39.317 -37.8905 16.223 39.0927 -37.5597 17.1091
2 24 38.1543 -38.5887 18.7904 38.9463 -40.4274 16.2578
2 24 39.0927 -37.5597 17.1091 39.1927 -35.6899 17.7055
2 24 39.0927 -37.5597 17.1091 39.317 -37.8905 16.223
2 24 39.0927 -37.5597 17.1091 42.8356 -38.8036 18.0886
2 24 39.317 -37.8905 16.223 43.0374 -38.7925 16.9049
2 24 42.8356 -38.8036 18.0886 45.4118 -39.7012 18.9214
2 24 43.0374 -38.7925 16.9049 47.8662 -40.299 17.4389
2 24 45.4118 -39.7012 18.9214 46.6789 -39.7922 19.2511
2 24 47.8662 -40.299 17.4389 46.6789 -39.7922 19.2511
2 24 47.8662 -40.299 17.4389 46.6789 -39.7922 19.2511
2 24 46.6789 -39.7922 19.2511 47.1695 -37.641 19.7443
2 24 45.4118 -39.7012 18.9214 46.6789 -39.7922 19.2511
2 24 46.6789 -39.7922 19.2511 47.1695 -37.641 19.7443
2 24 45.5849 -37.3138 19.7242 47.1695 -37.641 19.7443
2 24 45.5849 -37.3138 19.7242 42.6668 -36.653 18.6782
2 24 45.4118 -39.7012 18.9214 42.8356 -38.8036 18.0886
2 24 42.8356 -38.8036 18.0886 39.0927 -37.5597 17.1091
2 24 42.6668 -36.653 18.6782 39.1927 -35.6899 17.7055
2 24 39.0927 -37.5597 17.1091 39.1927 -35.6899 17.7055
2 24 48.5996 -36.381 16.6482 46.5081 -35.6062 16.5163
2 24 48.5996 -36.381 16.6482 47.1695 -37.641 19.7443
2 24 47.1695 -37.641 19.7443 45.5849 -37.3138 19.7242
2 24 46.5081 -35.6062 16.5163 43.9954 -35.1199 16.3975
2 24 45.5849 -37.3138 19.7242 42.6668 -36.653 18.6782
2 24 43.9954 -35.1199 16.3975 41.0127 -34.7434 16.5713
2 24 48.7493 -37.8288 16.9531 49.023 -39.4222 16.6834
2 24 48.7493 -37.8288 16.9531 53.1848 -39.2253 18.3278
2 24 49.023 -39.4222 16.6834 53.1979 -41.0336 17.7215
2 24 53.1848 -39.2253 18.3278 57.5777 -40.7957 18.4756
2 24 53.1979 -41.0336 17.7215 56.5574 -42.144 18.1816
2 24 57.5777 -40.7957 18.4756 56.5574 -42.144 18.1816
2 24 58.3153 -40.4203 17.5589 57.5777 -40.7957 18.4756
2 24 57.5777 -40.7957 18.4756 56.5574 -42.144 18.1816
2 24 57.4892 -42.3288 16.6932 56.5574 -42.144 18.1816
2 24 57.4892 -42.3288 16.6932 58.9919 -39.901 15.1088
2 24 58.3153 -40.4203 17.5589 58.6303 -39.9228 16.4162
2 24 59.4457 -39.2396 14.1858 59.0761 -39.0499 14.4611
2 24 58.9919 -39.901 15.1088 59.4457 -39.2396 14.1858
2 24 58.6303 -39.9228 16.4162 59.0761 -39.0499 14.4611
2 24 49.2541 -37.2929 16.4098 48.7493 -37.8288 16.9531
2 24 49.2541 -37.2929 16.4098 52.1715 -37.7167 16.5063
2 24 48.7493 -37.8288 16.9531 53.1848 -39.2253 18.3278
2 24 53.1848 -39.2253 18.3278 57.5777 -40.7957 18.4756
2 24 52.1715 -37.7167 16.5063 56.3163 -38.485 15.8158
2 24 56.3163 -38.485 15.8158 59.0761 -39.0499 14.4611
2 24 59.0761 -39.0499 14.4611 58.6303 -39.9228 16.4162
2 24 57.5777 -40.7957 18.4756 58.3153 -40.4203 17.5589
2 24 58.6303 -39.9228 16.4162 58.3153 -40.4203 17.5589
2 24 57.4892 -42.3288 16.6932 59.7882 -43.2176 15.5492
2 24 57.4892 -42.3288 16.6932 58.9919 -39.901 15.1088
2 24 58.9919 -39.901 15.1088 60.6448 -40.8046 14.2471
2 24 60.393 -39.9601 13.5972 59.4457 -39.2396 14.1858
2 24 59.4457 -39.2396 14.1858 58.9919 -39.901 15.1088
2 24 60.6448 -40.8046 14.2471 58.9919 -39.901 15.1088
2 24 59.7882 -43.2176 15.5492 61.0171 -43.9957 13.93
2 24 60.6448 -40.8046 14.2471 61.6307 -41.7201 13.2876
2 24 60.6448 -40.8046 14.2471 61.6307 -41.7201 13.2876
2 24 60.393 -39.9601 13.5972 61.486 -40.7976 12.7588
2 24 61.6307 -41.7201 13.2876 62.9495 -43.3159 11.9159
2 24 61.0171 -43.9957 13.93 62.1144 -44.9875 12.3415
2 24 61.6307 -41.7201 13.2876 62.9495 -43.3159 11.9159
2 24 61.486 -40.7976 12.7588 62.8052 -42.3541 11.2992
2 24 62.9495 -43.3159 11.9159 63.574 -44.4237 10.5031
2 24 62.1144 -44.9875 12.3415 62.8862 -45.9046 11.0349
2 24 62.9495 -43.3159 11.9159 63.574 -44.4237 10.5031
2 24 62.8052 -42.3541 11.2992 63.2307 -43.1868 10.4789
2 24 40.4233 -25.7846 13.182 45.3769 -27.4975 13.2513
2 24 40.7596 -28.2858 15.9956 45.7902 -29.8034 15.8514
2 24 40.7596 -28.2858 15.9956 36.7595 -26.7857 16.6862
2 24 40.4233 -25.7846 13.182 36.5292 -24.0216 13.7577
2 24 36.7595 -26.7857 16.6862 36.5292 -24.0216 13.7577
2 24 58.4904 -35.2533 15.3044 55.5465 -33.3898 16.1198
2 24 58.4904 -35.2533 15.3044 61.5621 -38.3919 13.1785
2 24 55.5465 -33.3898 16.1198 51.2237 -31.3908 16.3303
2 24 51.2237 -31.3908 16.3303 45.7902 -29.8034 15.8514
2 24 45.7902 -29.8034 15.8514 40.7596 -28.2858 15.9956
2 24 43.9954 -35.1199 16.3975 46.5081 -35.6062 16.5163
2 24 43.9954 -35.1199 16.3975 41.0127 -34.7434 16.5713
2 24 61.486 -40.7976 12.7588 62.8052 -42.3541 11.2992
2 24 62.9954 -40.75 11.6163 63.2594 -42.4102 10.6323
2 24 61.486 -40.7976 12.7588 60.393 -39.9601 13.5972
2 24 61.5621 -38.3919 13.1785 62.9954 -40.75 11.6163
2 24 60.393 -39.9601 13.5972 59.4457 -39.2396 14.1858
2 24 59.4457 -39.2396 14.1858 59.0761 -39.0499 14.4611
2 24 59.0761 -39.0499 14.4611 56.3163 -38.485 15.8158
2 24 56.3163 -38.485 15.8158 52.1715 -37.7167 16.5063
2 24 48.5996 -36.381 16.6482 49.2541 -37.2929 16.4098
2 24 52.1715 -37.7167 16.5063 49.2541 -37.2929 16.4098
2 24 47.1695 -37.641 19.7443 48.5996 -36.381 16.6482
2 24 48.7493 -37.8288 16.9531 49.2541 -37.2929 16.4098
2 24 48.5996 -36.381 16.6482 49.2541 -37.2929 16.4098
2 24 46.5081 -35.6062 16.5163 48.5996 -36.381 16.6482
2 24 40.7596 -28.2858 15.9956 36.7595 -26.7857 16.6862
2 24 36.4113 -29.4831 17.7337 36.7595 -26.7857 16.6862
2 24 36.4113 -29.4831 17.7337 35.1186 -30.6601 18.6205
2 24 41.0127 -34.7434 16.5713 39.0704 -34.5602 17.1359
2 24 35.1186 -30.6601 18.6205 32.4556 -32.1167 19.4903
2 24 39.0704 -34.5602 17.1359 33.7772 -33.4765 18.8476
2 24 33.7772 -33.4765 18.8476 29.9533 -32.9813 19.3385
2 24 32.4556 -32.1167 19.4903 29.9533 -32.9813 19.3385
2 24 -23.4867 -14.2155 10.0212 -22.4776 -12.8294 10.0212
2 24 -22.4776 -12.8294 10.0212 -23.0144 -14.8393 7.2754
2 24 -22.4206 -16.8421 5.6736 -23.4104 -16.4685 7.6658
2 24 -23.0144 -14.8393 7.2754 -22.4206 -16.8421 5.6736
2 24 -23.4104 -16.4685 7.6658 -24.1188 -15.8212 10.0212
2 24 -23.4867 -14.2155 10.0212 -24.1188 -15.8212 10.0212
2 24 -22.4776 -12.8294 10.0212 -21.6885 -14.0802 6.979
2 24 -22.4776 -12.8294 10.0212 -23.0144 -14.8393 7.2754
2 24 -23.0144 -14.8393 7.2754 -22.4206 -16.8421 5.6736
2 24 -22.4206 -16.8421 5.6736 -21.0125 -16.711 4.3379
2 24 -21.6885 -14.0802 6.979 -20.3511 -15.0722 4.7372
2 24 -21.0125 -16.711 4.3379 -19.2496 -16.2031 3.3376
2 24 -20.3511 -15.0722 4.7372 -18.2244 -15.7225 3.0282
2 24 -22.4776 -12.8294 10.0212 -21.6885 -14.0802 6.979
2 24 -21.4281 -12.798 10.0212 -20.6101 -13.4494 7.5619
2 24 -21.6885 -14.0802 6.979 -20.3511 -15.0722 4.7372
2 24 -20.6101 -13.4494 7.5619 -19.1944 -14.0699 5.3858
2 24 -20.3511 -15.0722 4.7372 -18.2244 -15.7225 3.0282
2 24 -19.1944 -14.0699 5.3858 -17.4122 -14.3958 4.1718
2 24 -24.1188 -15.8212 10.0212 -23.4104 -16.4685 7.6658
2 24 -24.1188 -15.8212 10.0212 -25.3253 -16.9545 10.0212
2 24 -25.3253 -16.9545 10.0212 -24.3666 -17.6379 7.0463
2 24 -24.3666 -17.6379 7.0463 -22.5839 -17.6997 4.6383
2 24 -23.4104 -16.4685 7.6658 -22.4206 -16.8421 5.6736
2 24 -22.4206 -16.8421 5.6736 -21.0125 -16.711 4.3379
2 24 -22.5839 -17.6997 4.6383 -19.9114 -17.035 2.6087
2 24 -21.0125 -16.711 4.3379 -19.2496 -16.2031 3.3376
2 24 -19.9114 -17.035 2.6087 -19.2496 -16.2031 3.3376
2 24 -25.5965 -19.2665 10.0212 -25.6204 -21.4222 10.0212
2 24 -25.6204 -21.4222 10.0212 -24.0908 -23.3885 7.2352
2 24 -21.3882 -21.2173 3.2569 -22.1693 -25.2213 4.6795
2 24 -24.0908 -23.3885 7.2352 -22.1693 -25.2213 4.6795
2 24 -25.5965 -19.2665 10.0212 -25.3253 -16.9545 10.0212
2 24 -24.3666 -17.6379 7.0463 -25.3253 -16.9545 10.0212
2 24 -24.3666 -17.6379 7.0463 -22.5839 -17.6997 4.6383
2 24 -22.5839 -17.6997 4.6383 -19.9114 -17.035 2.6087
2 24 -21.3882 -21.2173 3.2569 -19.9114 -17.035 2.6087
2 24 -25.6204 -21.4222 10.0212 -24.0908 -23.3885 7.2352
2 24 -24.0216 -23.1393 10.0212 -21.7047 -25.5838 6.5459
2 24 -24.0908 -23.3885 7.2352 -22.1693 -25.2213 4.6795
2 24 -22.1693 -25.2213 4.6795 -19.4891 -26.891 3.2991
2 24 -21.7047 -25.5838 6.5459 -18.9364 -27.5414 4.4307
2 24 -19.1517 -30.7005 7.1537 -19.1234 -32.6294 10.0212
2 24 -21.6003 -28.3714 10.0212 -19.1234 -32.6294 10.0212
2 24 -24.0216 -23.1393 10.0212 -21.7047 -25.5838 6.5459
2 24 -21.6003 -28.3714 10.0212 -24.0216 -23.1393 10.0212
2 24 -19.1517 -30.7005 7.1537 -18.9364 -27.5414 4.4307
2 24 -21.7047 -25.5838 6.5459 -18.9364 -27.5414 4.4307
2 24 -18.9364 -27.5414 4.4307 -17.3924 -28.2377 3.8761
2 24 -17.3924 -28.2377 3.8761 -17.7893 -27.6453 2.5444
2 24 -19.4891 -26.891 3.2991 -17.7893 -27.6453 2.5444
2 24 -16.3541 -28.4841 3.8123 -17.3924 -28.2377 3.8761
2 24 -16.3541 -28.4841 3.8123 -16.8143 -27.786 2.086
2 24 -17.3924 -28.2377 3.8761 -17.7893 -27.6453 2.5444
2 24 -16.8143 -27.786 2.086 -17.7893 -27.6453 2.5444
2 24 -16.8143 -27.786 2.086 -14.6677 -28.9624 1.1659
2 24 -16.8143 -27.786 2.086 -16.3541 -28.4841 3.8123
2 24 -16.3541 -28.4841 3.8123 -14.3489 -29.6197 2.9437
2 24 -18.9364 -27.5414 4.4307 -17.3924 -28.2377 3.8761
2 24 -18.9364 -27.5414 4.4307 -16.6089 -27.5288 5.2562
2 24 -17.3924 -28.2377 3.8761 -16.3541 -28.4841 3.8123
2 24 -16.6089 -27.5288 5.2562 -13.4485 -29.8894 3.4769
2 24 -16.3541 -28.4841 3.8123 -14.3489 -29.6197 2.9437
2 24 -16.2159 -29.5707 7.4255 -16.6089 -27.5288 5.2562
2 24 -19.1517 -30.7005 7.1537 -18.9364 -27.5414 4.4307
2 24 -16.6089 -27.5288 5.2562 -18.9364 -27.5414 4.4307
2 24 -19.1517 -30.7005 7.1537 -19.1234 -32.6294 10.0212
2 24 -19.1234 -32.6294 10.0212 -15.9094 -31.4765 10.0212
2 24 -16.2159 -29.5707 7.4255 -15.9094 -31.4765 10.0212
2 24 -19.2496 -16.2031 3.3376 -16.6896 -18.5794 1.9523
2 24 -19.2496 -16.2031 3.3376 -19.9114 -17.035 2.6087
2 24 -19.9114 -17.035 2.6087 -17.3957 -19.2772 1.279
2 24 -1.5054 -20.0428 1.9382 -6.3382 -19.1061 -0.8305
2 24 -1.8393 -21.5514 -3.239 -5.5711 -20.2515 -3.025
2 24 -6.3382 -19.1061 -0.8305 -5.5711 -20.2515 -3.025
2 24 -1.5054 -20.0428 1.9382 -0.4519 -21.5771 1.3399
2 24 -1.8393 -21.5514 -3.239 -0.4519 -21.5771 1.3399
2 24 -9.3228 -19.7529 -0.1361 -6.3382 -19.1061 -0.8305
2 24 -6.3382 -19.1061 -0.8305 -5.5711 -20.2515 -3.025
2 24 -9.5637 -21.1207 -2.0871 -5.5711 -20.2515 -3.025
2 24 -9.5637 -21.1207 -2.0871 -13.7706 -21.1292 -0.6012
2 24 -9.3228 -19.7529 -0.1361 -13.0105 -19.8951 0.8337
2 24 -17.3957 -19.2772 1.279 -13.7706 -21.1292 -0.6012
2 24 -16.6896 -18.5794 1.9523 -13.0105 -19.8951 0.8337
2 24 -21.3882 -21.2173 3.2569 -22.1693 -25.2213 4.6795
2 24 -22.1693 -25.2213 4.6795 -19.4891 -26.891 3.2991
2 24 -21.3882 -21.2173 3.2569 -19.9114 -17.035 2.6087
2 24 -17.3957 -19.2772 1.279 -19.9114 -17.035 2.6087
2 24 -19.4891 -26.891 3.2991 -17.7893 -27.6453 2.5444
2 24 -17.7893 -27.6453 2.5444 -16.8143 -27.786 2.086
2 24 -17.3957 -19.2772 1.279 -13.7706 -21.1292 -0.6012
2 24 -16.8143 -27.786 2.086 -14.6677 -28.9624 1.1659
2 24 -13.7706 -21.1292 -0.6012 -9.5637 -21.1207 -2.0871
2 24 -14.6677 -28.9624 1.1659 -11.4912 -30.8163 0.3434
2 24 -14.6677 -28.9624 1.1659 -11.4912 -30.8163 0.3434
2 24 -11.4912 -30.8163 0.3434 -11.1585 -31.2408 1.6814
2 24 -14.3489 -29.6197 2.9437 -11.1585 -31.2408 1.6814
2 24 -14.3489 -29.6197 2.9437 -11.1585 -31.2408 1.6814
2 24 -13.4485 -29.8894 3.4769 -10.7798 -31.3782 2.5599
2 24 -11.1585 -31.2408 1.6814 -10.3148 -31.1649 1.9453
2 24 -10.3148 -31.1649 1.9453 -11.1585 -31.2408 1.6814
2 24 -10.3148 -31.1649 1.9453 -10.4326 -30.7324 -0.0826
2 24 -11.1585 -31.2408 1.6814 -11.4912 -30.8163 0.3434
2 24 -10.4326 -30.7324 -0.0826 -11.4912 -30.8163 0.3434
2 24 -11.4912 -30.8163 0.3434 -10.4326 -30.7324 -0.0826
2 24 -9.5637 -21.1207 -2.0871 -5.5711 -20.2515 -3.025
2 24 -10.3148 -31.1649 1.9453 -10.4326 -30.7324 -0.0826
2 24 -10.3148 -31.1649 1.9453 -5.7918 -32.8634 0.8363
2 24 -10.4326 -30.7324 -0.0826 -6.0392 -32.1578 -1.1604
2 24 -10.4326 -30.7324 -0.0826 -6.0392 -32.1578 -1.1604
2 24 -5.5711 -20.2515 -3.025 -1.8393 -21.5514 -3.239
2 24 -1.8393 -21.5514 -3.239 -2.0678 -25.4543 -3.0996
2 24 -5.7918 -32.8634 0.8363 -1.2877 -33.8642 0.071
2 24 -6.0392 -32.1578 -1.1604 -1.2898 -33.3324 -1.7819
2 24 -1.2877 -33.8642 0.071 -1.2898 -33.3324 -1.7819
2 24 -1.1303 -30.9443 -2.474 -1.2898 -33.3324 -1.7819
2 24 -6.0392 -32.1578 -1.1604 -1.2898 -33.3324 -1.7819
2 24 -2.0678 -25.4543 -3.0996 -1.1303 -30.9443 -2.474
2 24 -2.0678 -25.4543 -3.0996 -1.8393 -21.5514 -3.239
2 24 -1.8393 -21.5514 -3.239 -0.4519 -21.5771 1.3399
2 24 -0.2287 -24.5925 1.6357 -0.4519 -21.5771 1.3399
2 24 -2.0678 -25.4543 -3.0996 -1.1303 -30.9443 -2.474
2 24 -0.2287 -24.5925 1.6357 0.2892 -28.3249 2.7881
2 24 -1.1303 -30.9443 -2.474 -1.2898 -33.3324 -1.7819
2 24 -1.2898 -33.3324 -1.7819 -1.2877 -33.8642 0.071
2 24 -1.2877 -33.8642 0.071 0.0169 -31.3377 3.8488
2 24 0.2892 -28.3249 2.7881 0.0169 -31.3377 3.8488
2 24 -1.2877 -33.8642 0.071 0.0169 -31.3377 3.8488
2 24 0.0169 -31.3377 3.8488 -0.2066 -31.289 4.7822
2 24 -2.3859 -33.1941 1.4954 -0.2066 -31.289 4.7822
2 24 -3.4806 -35.5948 5.7921 -2.9517 -34.6379 3.5611
2 24 -3.4806 -35.5948 5.7921 -0.76 -31.8893 6.6304
2 24 -0.76 -31.8893 6.6304 -0.6702 -31.7659 5.9876
2 24 -10.7798 -31.3782 2.5599 -9.5819 -30.7135 3.6515
2 24 -9.5819 -30.7135 3.6515 -6.6967 -31.8861 2.4659
2 24 -10.3148 -31.1649 1.9453 -5.7918 -32.8634 0.8363
2 24 -2.3859 -33.1941 1.4954 -6.6967 -31.8861 2.4659
2 24 -1.2877 -33.8642 0.071 -5.7918 -32.8634 0.8363
2 24 -16.6089 -27.5288 5.2562 -13.4485 -29.8894 3.4769
2 24 -16.6089 -27.5288 5.2562 -16.2159 -29.5707 7.4255
2 24 -13.4485 -29.8894 3.4769 -10.7798 -31.3782 2.5599
2 24 -10.7798 -31.3782 2.5599 -10.9861 -34.6823 6.0273
2 24 -9.5819 -30.7135 3.6515 -9.5604 -31.6702 4.9757
2 24 -9.5819 -30.7135 3.6515 -10.7798 -31.3782 2.5599
2 24 -10.7798 -31.3782 2.5599 -10.9861 -34.6823 6.0273
2 24 -9.5604 -31.6702 4.9757 -8.3246 -33.0006 6.5403
2 24 -8.3246 -33.0006 6.5403 -7.7804 -34.6193 8.3889
2 24 -9.5819 -30.7135 3.6515 -6.6967 -31.8861 2.4659
2 24 -9.5819 -30.7135 3.6515 -9.5604 -31.6702 4.9757
2 24 -9.5604 -31.6702 4.9757 -8.3246 -33.0006 6.5403
2 24 -8.3246 -33.0006 6.5403 -5.7904 -34.41 5.3347
2 24 -5.7904 -34.41 5.3347 -8.3246 -33.0006 6.5403
2 24 -8.3246 -33.0006 6.5403 -7.7804 -34.6193 8.3889
2 24 -6.6967 -31.8861 2.4659 -2.3859 -33.1941 1.4954
2 24 -2.3859 -33.1941 1.4954 -2.9517 -34.6379 3.5611
2 24 -2.3859 -33.1941 1.4954 -0.2066 -31.289 4.7822
2 24 -2.9517 -34.6379 3.5611 -2.3859 -33.1941 1.4954
2 24 -0.6702 -31.7659 5.9876 -0.2066 -31.289 4.7822
2 24 -2.9517 -34.6379 3.5611 -3.4806 -35.5948 5.7921
2 24 -2.4157 -37.8075 7.8167 -3.4806 -35.5948 5.7921
2 24 -3.4806 -35.5948 5.7921 -0.76 -31.8893 6.6304
2 24 -0.2727 -33.7001 8.2161 -0.76 -31.8893 6.6304
2 24 -3.4806 -35.5948 5.7921 -2.4157 -37.8075 7.8167
2 24 -19.2496 -16.2031 3.3376 -16.6896 -18.5794 1.9523
2 24 -18.2244 -15.7225 3.0282 -15.8881 -16.0044 1.8741
2 24 -16.6896 -18.5794 1.9523 -13.0105 -19.8951 0.8337
2 24 -15.8881 -16.0044 1.8741 -12.7944 -15.7473 0.9876
2 24 -6.8583 -16.7311 -0.4717 -9.3131 -15.5081 0.1219
2 24 -18.2244 -15.7225 3.0282 -15.8881 -16.0044 1.8741
2 24 -17.4122 -14.3958 4.1718 -15.0319 -14.2786 3.3305
2 24 -15.8881 -16.0044 1.8741 -12.7944 -15.7473 0.9876
2 24 -15.0319 -14.2786 3.3305 -12.0314 -13.1506 2.9654
2 24 -12.7944 -15.7473 0.9876 -9.3131 -15.5081 0.1219
2 24 -12.0314 -13.1506 2.9654 -8.5955 -12.035 3.1454
2 24 -9.3131 -15.5081 0.1219 -6.8583 -16.7311 -0.4717
2 24 -8.5955 -12.035 3.1454 -5.7513 -12.3907 2.806
2 24 -1.5054 -20.0428 1.9382 -6.3382 -19.1061 -0.8305
2 24 -1.5054 -20.0428 1.9382 -1.6179 -17.3248 1.7661
2 24 -6.3382 -19.1061 -0.8305 -6.3095 -18.0554 -0.6434
2 24 -5.7513 -12.3907 2.806 -3.2349 -14.1615 2.3823
2 24 -12.7944 -15.7473 0.9876 -9.3131 -15.5081 0.1219
2 24 -13.0105 -19.8951 0.8337 -9.3228 -19.7529 -0.1361
2 24 -6.8583 -16.7311 -0.4717 -6.3095 -18.0554 -0.6434
2 24 -1.6179 -17.3248 1.7661 -3.2349 -14.1615 2.3823
2 24 -13.5671 -13.65 6.9419 -11.9495 -13.0075 8.1549
2 24 -5.7513 -12.3907 2.806 -8.5955 -12.035 3.1454
2 24 -5.6864 -12.1943 8.1453 -9.2589 -12.1834 8.1454
2 24 -5.7513 -12.3907 2.806 -3.2349 -14.1615 2.3823
2 24 -5.6864 -12.1943 8.1453 -3.0644 -14.1248 8.162
2 24 -3.2349 -14.1615 2.3823 -1.6179 -17.3248 1.7661
2 24 -1.6179 -17.3248 1.7661 -1.5054 -20.0428 1.9382
2 24 -1.5054 -20.0428 1.9382 -1.504 -16.9442 5.0696
2 24 -0.76 -31.8893 6.6304 3.3348 -34.3604 5.6413
2 24 -0.76 -31.8893 6.6304 -0.2727 -33.7001 8.2161
2 24 3.3348 -34.3604 5.6413 7.9738 -36.5892 5.029
2 24 7.9738 -36.5892 5.029 8.9442 -39.2934 7.445
2 24 -0.76 -31.8893 6.6304 -0.6702 -31.7659 5.9876
2 24 3.3348 -34.3604 5.6413 -0.76 -31.8893 6.6304
2 24 -0.6702 -31.7659 5.9876 -0.2066 -31.289 4.7822
2 24 -0.2066 -31.289 4.7822 3.1332 -32.5043 3.3184
2 24 8.2331 -36.2529 3.4187 7.9738 -36.5892 5.029
2 24 3.3348 -34.3604 5.6413 7.9738 -36.5892 5.029
2 24 3.1332 -32.5043 3.3184 7.0977 -33.7107 1.7777
2 24 8.2331 -36.2529 3.4187 7.0977 -33.7107 1.7777
2 24 -0.2066 -31.289 4.7822 0.0169 -31.3377 3.8488
2 24 -0.2066 -31.289 4.7822 3.1332 -32.5043 3.3184
2 24 0.0169 -31.3377 3.8488 6.5909 -34.053 0.4301
2 24 6.5909 -34.053 0.4301 7.0977 -33.7107 1.7777
2 24 3.1332 -32.5043 3.3184 7.0977 -33.7107 1.7777
2 24 6.5909 -34.053 0.4301 0.0169 -31.3377 3.8488
2 24 6.5909 -34.053 0.4301 7.1455 -31.5103 -0.8927
2 24 0.0169 -31.3377 3.8488 0.2892 -28.3249 2.7881
2 24 7.1455 -31.5103 -0.8927 0.2892 -28.3249 2.7881
2 24 8.057 -30.8219 2.2133 7.0977 -33.7107 1.7777
2 24 6.5909 -34.053 0.4301 7.0977 -33.7107 1.7777
2 24 6.5909 -34.053 0.4301 7.1455 -31.5103 -0.8927
2 24 7.1455 -31.5103 -0.8927 8.2935 -30.0739 1.361
2 24 8.057 -30.8219 2.2133 8.2935 -30.0739 1.361
2 24 7.1455 -31.5103 -0.8927 0.2892 -28.3249 2.7881
2 24 8.2935 -30.0739 1.361 7.1455 -31.5103 -0.8927
2 24 8.2935 -30.0739 1.361 0.2892 -28.3249 2.7881
2 24 10.3811 -29.6043 0.1818 3.2746 -25.8955 -0.1248
2 24 8.2935 -30.0739 1.361 0.2892 -28.3249 2.7881
2 24 10.3811 -29.6043 0.1818 9.1707 -30.7659 2.0115
2 24 8.2935 -30.0739 1.361 8.057 -30.8219 2.2133
2 24 8.2331 -36.2529 3.4187 7.0977 -33.7107 1.7777
2 24 7.0977 -33.7107 1.7777 8.057 -30.8219 2.2133
2 24 8.7878 -31.6112 3.3892 8.057 -30.8219 2.2133
2 24 8.057 -30.8219 2.2133 8.7878 -31.6112 3.3892
2 24 9.1707 -30.7659 2.0115 10.312 -32.6061 3.376
2 24 -0.2287 -24.5925 1.6357 -0.4519 -21.5771 1.3399
2 24 1.4458 -23.5132 0.3486 1.2125 -20.8968 0.5971
2 24 -0.4519 -21.5771 1.3399 -1.5054 -20.0428 1.9382
2 24 1.2125 -20.8968 0.5971 1.3981 -19.1885 1.404
2 24 -1.5054 -20.0428 1.9382 -1.504 -16.9442 5.0696
2 24 -1.504 -16.9442 5.0696 1.9683 -16.2411 4.9939
2 24 1.3981 -19.1885 1.404 1.9683 -16.2411 4.9939
2 24 11.2364 -29.8246 -1.3318 10.3811 -29.6043 0.1818
2 24 11.2364 -29.8246 -1.3318 4.1294 -26.37 -2.083
2 24 10.3811 -29.6043 0.1818 3.2746 -25.8955 -0.1248
2 24 4.1294 -26.37 -2.083 1.7625 -24.18 -2.0086
2 24 3.2746 -25.8955 -0.1248 1.4458 -23.5132 0.3486
2 24 1.7625 -24.18 -2.0086 1.4458 -23.5132 0.3486
2 24 1.7625 -24.18 -2.0086 1.4458 -23.5132 0.3486
2 24 1.7625 -24.18 -2.0086 1.3846 -19.7102 -1.4744
2 24 1.4458 -23.5132 0.3486 1.2125 -20.8968 0.5971
2 24 1.2125 -20.8968 0.5971 1.3981 -19.1885 1.404
2 24 1.3846 -19.7102 -1.4744 2.324 -14.7142 -1.1175
2 24 2.324 -14.7142 -1.1175 2.1843 -14.8065 3.4713
2 24 1.3981 -19.1885 1.404 1.9683 -16.2411 4.9939
2 24 0.1187 -11.1294 -1.5727 -3.6744 -8.0314 -2.0992
2 24 0.1187 -11.1294 -1.5727 2.324 -14.7142 -1.1175
2 24 2.324 -14.7142 -1.1175 2.1843 -14.8065 3.4713
2 24 -6.6132 -7.8113 3.7815 -8.3479 -5.5417 3.3961
2 24 -6.2136 -7.21 3.2863 -8.3479 -5.5417 3.3961
2 24 -6.6132 -7.8113 3.7815 -3.2665 -8.4277 3.6937
2 24 -6.2136 -7.21 3.2863 -3.2665 -8.4277 3.6937
2 24 -3.2665 -8.4277 3.6937 -6.2136 -7.21 3.2863
2 24 -3.6744 -8.0314 -2.0992 -5.9884 -6.9879 -1.9867
2 24 -5.9884 -6.9879 -1.9867 -8.0262 -5.8174 -2.0213
2 24 -6.2136 -7.21 3.2863 -8.3479 -5.5417 3.3961
2 24 -8.3479 -5.5417 3.3961 -9.8473 -3.6998 1.891
2 24 -9.8473 -3.6998 1.891 -9.4324 -3.7111 -2.6682
2 24 -8.0262 -5.8174 -2.0213 -9.4324 -3.7111 -2.6682
2 24 -9.4324 -3.7111 -2.6682 -7.9654 -3.5266 -4.016
2 24 -9.4324 -3.7111 -2.6682 -8.0262 -5.8174 -2.0213
2 24 -7.9654 -3.5266 -4.016 -6.6589 -5.702 -3.2678
2 24 -8.0262 -5.8174 -2.0213 -5.9884 -6.9879 -1.9867
2 24 -6.6589 -5.702 -3.2678 -3.6744 -8.0314 -2.0992
2 24 -5.9884 -6.9879 -1.9867 -3.6744 -8.0314 -2.0992
2 24 11.9309 -28.0216 -3.9199 12.7662 -29.1021 -2.2919
2 24 11.2364 -29.8246 -1.3318 12.7662 -29.1021 -2.2919
2 24 5.7161 -25.2747 -4.9058 3.2744 -23.2237 -5.2107
2 24 4.1294 -26.37 -2.083 1.7625 -24.18 -2.0086
2 24 3.2744 -23.2237 -5.2107 1.7625 -24.18 -2.0086
2 24 3.883 -19.6044 -5.2019 3.2744 -23.2237 -5.2107
2 24 3.2744 -23.2237 -5.2107 1.7625 -24.18 -2.0086
2 24 1.3846 -19.7102 -1.4744 1.7625 -24.18 -2.0086
2 24 3.883 -19.6044 -5.2019 4.9135 -15.159 -4.6005
2 24 1.3846 -19.7102 -1.4744 2.324 -14.7142 -1.1175
2 24 4.9135 -15.159 -4.6005 2.324 -14.7142 -1.1175
2 24 4.9135 -15.159 -4.6005 2.324 -14.7142 -1.1175
2 24 4.9135 -15.159 -4.6005 1.3925 -9.8762 -5.6638
2 24 2.324 -14.7142 -1.1175 0.1187 -11.1294 -1.5727
2 24 1.3925 -9.8762 -5.6638 -2.3247 -6.8996 -6.1717
2 24 0.1187 -11.1294 -1.5727 -3.6744 -8.0314 -2.0992
2 24 -2.3247 -6.8996 -6.1717 -4.8738 -5.43 -6.7225
2 24 -6.6589 -5.702 -3.2678 -3.6744 -8.0314 -2.0992
2 24 -4.8738 -5.43 -6.7225 -6.6923 -3.1448 -6.7898
2 24 -6.6589 -5.702 -3.2678 -7.9654 -3.5266 -4.016
2 24 -6.6923 -3.1448 -6.7898 -7.9654 -3.5266 -4.016
2 24 -2.3247 -6.8996 -6.1717 -4.8738 -5.43 -6.7225
2 24 -1.752 -4.4746 -8.1158 -4.5176 -4.0066 -7.6417
2 24 -2.3247 -6.8996 -6.1717 1.3925 -9.8762 -5.6638
2 24 -1.752 -4.4746 -8.1158 0.778 -4.7954 -8.2159
2 24 0.778 -4.7954 -8.2159 4.5756 -4.3023 -7.3127
2 24 -4.5176 -4.0066 -7.6417 -6.6923 -3.1448 -6.7898
2 24 -4.8738 -5.43 -6.7225 -6.6923 -3.1448 -6.7898
2 24 4.5756 -4.3023 -7.3127 7.1659 -7.0828 -5.8093
2 24 1.3925 -9.8762 -5.6638 4.9135 -15.159 -4.6005
2 24 4.9135 -15.159 -4.6005 7.5731 -14.7964 -4.9931
2 24 10.6154 -10.9969 -5.3495 10.2459 -8.4966 -5.658
2 24 7.1659 -7.0828 -5.8093 10.2459 -8.4966 -5.658
2 24 7.5731 -14.7964 -4.9931 11.571 -13.8383 -5.0643
2 24 10.6154 -10.9969 -5.3495 11.571 -13.8383 -5.0643
2 24 9.8878 -4.9487 -3.6008 8.268 -1.8599 -4.0622
2 24 7.1659 -7.0828 -5.8093 4.5756 -4.3023 -7.3127
2 24 12.2781 -7.0427 -2.5701 10.2459 -8.4966 -5.658
2 24 9.8878 -4.9487 -3.6008 12.2781 -7.0427 -2.5701
2 24 7.1659 -7.0828 -5.8093 10.2459 -8.4966 -5.658
2 24 12.6612 -9.9286 -2.4162 13.8033 -12.4911 -2.5412
2 24 10.6154 -10.9969 -5.3495 11.571 -13.8383 -5.0643
2 24 10.6154 -10.9969 -5.3495 10.2459 -8.4966 -5.658
2 24 10.2459 -8.4966 -5.658 12.2781 -7.0427 -2.5701
2 24 12.6612 -9.9286 -2.4162 12.2781 -7.0427 -2.5701
2 24 3.883 -19.6044 -5.2019 3.2744 -23.2237 -5.2107
2 24 3.2744 -23.2237 -5.2107 5.7161 -25.2747 -4.9058
2 24 5.7161 -25.2747 -4.9058 11.9309 -28.0216 -3.9199
2 24 11.9309 -28.0216 -3.9199 13.7009 -23.7583 -4.8675
2 24 13.7009 -23.7583 -4.8675 15.1477 -19.2126 -5.3314
2 24 15.1477 -19.2126 -5.3314 13.5687 -16.0941 -5.3237
2 24 4.9135 -15.159 -4.6005 7.5731 -14.7964 -4.9931
2 24 3.883 -19.6044 -5.2019 4.9135 -15.159 -4.6005
2 24 11.571 -13.8383 -5.0643 7.5731 -14.7964 -4.9931
2 24 11.571 -13.8383 -5.0643 13.5687 -16.0941 -5.3237
2 24 14.8703 -28.481 -1.4678 12.7662 -29.1021 -2.2919
2 24 14.8703 -28.481 -1.4678 14.9621 -27.9293 -1.6297
2 24 12.7662 -29.1021 -2.2919 11.9309 -28.0216 -3.9199
2 24 11.9309 -28.0216 -3.9199 13.7009 -23.7583 -4.8675
2 24 14.9621 -27.9293 -1.6297 16.7365 -24.53 -2.2651
2 24 16.7365 -24.53 -2.2651 17.9962 -19.294 -3.0995
2 24 17.9962 -19.294 -3.0995 15.1477 -19.2126 -5.3314
2 24 13.7009 -23.7583 -4.8675 15.1477 -19.2126 -5.3314
2 24 17.9962 -19.294 -3.0995 15.1477 -19.2126 -5.3314
2 24 17.9962 -19.294 -3.0995 16.048 -15.4182 -3.0778
2 24 15.1477 -19.2126 -5.3314 13.5687 -16.0941 -5.3237
2 24 13.8033 -12.4911 -2.5412 16.048 -15.4182 -3.0778
2 24 11.571 -13.8383 -5.0643 13.5687 -16.0941 -5.3237
2 24 15.3091 -27.7909 -1.2785 15.1645 -28.2909 -1.1567
2 24 15.1645 -28.2909 -1.1567 14.8703 -28.481 -1.4678
2 24 14.9621 -27.9293 -1.6297 14.8703 -28.481 -1.4678
2 24 14.9621 -27.9293 -1.6297 16.7365 -24.53 -2.2651
2 24 15.3091 -27.7909 -1.2785 16.9218 -24.4916 -1.9597
2 24 16.9218 -24.4916 -1.9597 18.1858 -19.2661 -1.727
2 24 18.1858 -19.2661 -1.727 17.9962 -19.294 -3.0995
2 24 16.7365 -24.53 -2.2651 17.9962 -19.294 -3.0995
2 24 15.89 -14.8976 -0.6988 18.1858 -19.2661 -1.727
2 24 18.1858 -19.2661 -1.727 17.9962 -19.294 -3.0995
2 24 16.048 -15.4182 -3.0778 17.9962 -19.294 -3.0995
2 24 15.89 -14.8976 -0.6988 14.7049 -13.3916 0.9414
2 24 16.048 -15.4182 -3.0778 13.8033 -12.4911 -2.5412
2 24 13.8033 -12.4911 -2.5412 12.6612 -9.9286 -2.4162
2 24 14.7049 -13.3916 0.9414 13.2735 -10.8906 3.6541
2 24 12.2781 -7.0427 -2.5701 12.2616 -7.0187 0.3162
2 24 12.6612 -9.9286 -2.4162 12.2781 -7.0427 -2.5701
2 24 15.89 -14.8976 -0.6988 18.1858 -19.2661 -1.727
2 24 21.4325 -15.734 -0.0591 21.4276 -20.0148 -1.1422
2 24 15.89 -14.8976 -0.6988 14.7049 -13.3916 0.9414
2 24 21.4325 -15.734 -0.0591 21.8335 -13.8425 1.8251
2 24 14.7049 -13.3916 0.9414 13.2735 -10.8906 3.6541
2 24 16.3173 -10.6011 3.5026 13.2735 -10.8906 3.6541
2 24 19.6644 -11.1852 3.5382 23.5725 -12.8479 3.4558
2 24 21.8335 -13.8425 1.8251 23.5725 -12.8479 3.4558
2 24 19.8137 -11.1196 4.2355 23.0362 -13.0304 4.2515
2 24 23.0362 -13.0304 4.2515 23.5725 -12.8479 3.4558
2 24 19.6644 -11.1852 3.5382 23.5725 -12.8479 3.4558
2 24 19.8137 -11.1196 4.2355 16.2753 -10.4815 4.23
2 24 19.6644 -11.1852 3.5382 16.3173 -10.6011 3.5026
2 24 16.2753 -10.4815 4.23 13.177 -10.8172 4.2301
2 24 13.177 -10.8172 4.2301 13.2735 -10.8906 3.6541
2 24 16.3173 -10.6011 3.5026 13.2735 -10.8906 3.6541
2 24 21.4276 -20.0148 -1.1422 21.4582 -26.1998 -1.5453
2 24 18.1858 -19.2661 -1.727 16.9218 -24.4916 -1.9597
2 24 21.4582 -26.1998 -1.5453 21.8817 -28.6578 -1.2256
2 24 17.9546 -28.3687 -1.3579 19.625 -30.5598 -0.7966
2 24 21.8817 -28.6578 -1.2256 22.3935 -30.5279 -0.5624
2 24 19.625 -30.5598 -0.7966 22.3935 -30.5279 -0.5624
2 24 9.8878 -4.9487 -3.6008 12.2781 -7.0427 -2.5701
2 24 12.2781 -7.0427 -2.5701 12.2616 -7.0187 0.3162
2 24 9.8878 -4.9487 -3.6008 8.268 -1.8599 -4.0622
2 24 8.7878 -31.6112 3.3892 8.9583 -34.5825 4.7811
2 24 8.9583 -34.5825 4.7811 7.9738 -36.5892 5.029
2 24 8.2331 -36.2529 3.4187 7.9738 -36.5892 5.029
2 24 8.9583 -34.5825 4.7811 10.3478 -36.8151 7.349
2 24 8.9583 -34.5825 4.7811 7.9738 -36.5892 5.029
2 24 7.9738 -36.5892 5.029 8.9442 -39.2934 7.445
2 24 8.9583 -34.5825 4.7811 11.3499 -36.0737 4.8014
2 24 8.9583 -34.5825 4.7811 10.3478 -36.8151 7.349
2 24 17.6996 -37.5494 1.8096 14.6822 -37.6033 3.8408
2 24 18.8315 -36.9 0.7801 22.0093 -37.8647 0.6534
2 24 17.6996 -37.5494 1.8096 18.8315 -36.9 0.7801
2 24 20.2105 -40.2432 4.8669 23.5544 -40.9066 4.6765
2 24 23.5544 -40.9066 4.6765 23.2632 -39.8265 2.6024
2 24 22.0093 -37.8647 0.6534 23.2632 -39.8265 2.6024
2 24 16.5075 -41.4682 10.0212 12.5789 -39.1589 10.0212
2 24 16.5075 -41.4682 10.0212 20.69 -43.338 10.0212
2 24 24.5779 -43.1146 6.7587 23.5544 -40.9066 4.6765
2 24 20.2105 -40.2432 4.8669 23.5544 -40.9066 4.6765
2 24 24.5779 -43.1146 6.7587 25.303 -44.8975 10.0212
2 24 20.69 -43.338 10.0212 25.303 -44.8975 10.0212
2 24 18.8315 -36.9 0.7801 18.9338 -35.6516 0.533
2 24 18.8315 -36.9 0.7801 22.0093 -37.8647 0.6534
2 24 18.9338 -35.6516 0.533 22.5741 -36.2851 0.3888
2 24 22.0093 -37.8647 0.6534 22.5741 -36.2851 0.3888
2 24 23.2632 -39.8265 2.6024 22.0093 -37.8647 0.6534
2 24 24.1036 -37.4199 2.7152 23.7103 -35.6424 1.4231
2 24 23.2632 -39.8265 2.6024 23.5544 -40.9066 4.6765
2 24 23.5544 -40.9066 4.6765 24.4126 -38.6064 4.3481
2 24 24.1036 -37.4199 2.7152 24.4126 -38.6064 4.3481
2 24 24.4126 -38.6064 4.3481 25.5771 -39.8388 5.7665
2 24 24.4126 -38.6064 4.3481 23.5544 -40.9066 4.6765
2 24 23.5544 -40.9066 4.6765 24.5779 -43.1146 6.7587
2 24 25.5771 -39.8388 5.7665 26.4538 -41.6958 7.8967
2 24 24.5779 -43.1146 6.7587 25.303 -44.8975 10.0212
2 24 25.303 -44.8975 10.0212 27.1014 -42.4922 10.0225
2 24 26.4538 -41.6958 7.8967 27.1014 -42.4922 10.0225
2 24 24.1036 -37.4199 2.7152 23.7103 -35.6424 1.4231
2 24 29.2764 -37.2269 -0.5443 23.7103 -35.6424 1.4231
2 24 24.1036 -37.4199 2.7152 24.4126 -38.6064 4.3481
2 24 24.4126 -38.6064 4.3481 25.5771 -39.8388 5.7665
2 24 25.5771 -39.8388 5.7665 26.4538 -41.6958 7.8967
2 24 29.2764 -37.2269 -0.5443 35.1901 -38.5009 -1.1625
2 24 35.1901 -38.5009 -1.1625 36.1604 -40.277 0.3613
2 24 36.1604 -40.277 0.3613 36.9605 -41.4981 2.5474
2 24 30.715 -40.9828 3.9217 36.9605 -41.4981 2.5474
2 24 30.715 -40.9828 3.9217 36.9605 -41.4981 2.5474
2 24 36.9605 -41.4981 2.5474 39.4504 -43.9286 5.3322
2 24 17.6996 -37.5494 1.8096 18.8315 -36.9 0.7801
2 24 17.3454 -36.7352 1.7268 18.9338 -35.6516 0.533
2 24 18.8315 -36.9 0.7801 18.9338 -35.6516 0.533
2 24 17.6996 -37.5494 1.8096 14.6822 -37.6033 3.8408
2 24 17.3454 -36.7352 1.7268 15.065 -35.4173 3.2347
2 24 14.6822 -37.6033 3.8408 11.3499 -36.0737 4.8014
2 24 15.065 -35.4173 3.2347 12.5118 -34.5813 3.817
2 24 11.3499 -36.0737 4.8014 8.9583 -34.5825 4.7811
2 24 10.312 -32.6061 3.376 12.5118 -34.5813 3.817
2 24 8.7878 -31.6112 3.3892 8.9583 -34.5825 4.7811
2 24 29.2764 -37.2269 -0.5443 35.1901 -38.5009 -1.1625
2 24 31.8008 -37.9067 -2.3015 34.8223 -38.4863 -2.5282
2 24 35.1901 -38.5009 -1.1625 34.8223 -38.4863 -2.5282
2 24 31.8008 -37.9067 -2.3015 29.1495 -37.2392 -1.3381
2 24 29.1495 -37.2392 -1.3381 24.3318 -35.5012 0.544
2 24 29.2764 -37.2269 -0.5443 23.7103 -35.6424 1.4231
2 24 24.3318 -35.5012 0.544 23.7103 -35.6424 1.4231
2 24 36.6611 -34.1022 1.0403 34.8447 -35.9528 -3.2655
2 24 35.1901 -38.5009 -1.1625 34.8223 -38.4863 -2.5282
2 24 34.8447 -35.9528 -3.2655 34.8223 -38.4863 -2.5282
2 24 31.8504 -35.6081 -3.2122 34.8447 -35.9528 -3.2655
2 24 34.8447 -35.9528 -3.2655 34.8223 -38.4863 -2.5282
2 24 31.8008 -37.9067 -2.3015 34.8223 -38.4863 -2.5282
2 24 31.8504 -35.6081 -3.2122 28.0521 -34.4899 -1.7048
2 24 31.8008 -37.9067 -2.3015 29.1495 -37.2392 -1.3381
2 24 24.3318 -35.5012 0.544 25.1862 -34.9188 -0.1082
2 24 29.1495 -37.2392 -1.3381 24.3318 -35.5012 0.544
2 24 25.1862 -34.9188 -0.1082 24.3546 -33.342 -0.2635
2 24 28.0521 -34.4899 -1.7048 24.3546 -33.342 -0.2635
2 24 25.1005 -35.5311 -1.5081 26.1697 -36.8776 -4.1264
2 24 23.9725 -37.3201 -0.8967 24.8654 -39.0106 -3.5318
2 24 26.1697 -36.8776 -4.1264 28.7474 -39.1009 -8.123
2 24 24.8654 -39.0106 -3.5318 27.0051 -41.4593 -7.1265
2 24 28.7474 -39.1009 -8.123 32.208 -41.1875 -11.5369
2 24 27.0051 -41.4593 -7.1265 29.7688 -43.8007 -10.3692
2 24 32.208 -41.1875 -11.5369 33.8699 -42.5359 -13.7076
2 24 33.8699 -42.5359 -13.7076 33.8888 -43.1486 -14.666
2 24 33.0717 -44.0536 -12.6534 33.6607 -44.8632 -13.3295
2 24 33.8888 -43.1486 -14.666 33.6607 -44.8632 -13.3295
2 24 29.7688 -43.8007 -10.3692 31.8144 -45.2412 -12.3895
2 24 33.6607 -44.8632 -13.3295 32.0713 -46.0116 -12.8618
2 24 24.3318 -35.5012 0.544 23.7103 -35.6424 1.4231
2 24 23.9725 -37.3201 -0.8967 23.7103 -35.6424 1.4231
2 24 24.3318 -35.5012 0.544 25.1862 -34.9188 -0.1082
2 24 25.1005 -35.5311 -1.5081 25.1862 -34.9188 -0.1082
2 24 26.9071 -45.6101 -12.7003 31.8144 -45.2412 -12.3895
2 24 29.7688 -43.8007 -10.3692 31.8144 -45.2412 -12.3895
2 24 12.9033 -44.6039 -11.2356 17.006 -45.2276 -12.1042
2 24 12.9033 -44.6039 -11.2356 14.7897 -42.6485 -8.5697
2 24 22.5741 -36.2851 0.3888 18.9338 -35.6516 0.533
2 24 18.9338 -35.6516 0.533 17.7709 -37.7285 -2.5271
2 24 23.9725 -37.3201 -0.8967 23.7103 -35.6424 1.4231
2 24 22.5741 -36.2851 0.3888 23.7103 -35.6424 1.4231
2 24 23.9725 -37.3201 -0.8967 24.8654 -39.0106 -3.5318
2 24 17.7709 -37.7285 -2.5271 16.7368 -40.3808 -5.5047
2 24 24.8654 -39.0106 -3.5318 27.0051 -41.4593 -7.1265
2 24 26.9071 -45.6101 -12.7003 21.7238 -45.6108 -12.729
2 24 29.7688 -43.8007 -10.3692 27.0051 -41.4593 -7.1265
2 24 17.006 -45.2276 -12.1042 21.7238 -45.6108 -12.729
2 24 14.7897 -42.6485 -8.5697 16.7368 -40.3808 -5.5047
2 24 31.8144 -45.2412 -12.3895 26.9071 -45.6101 -12.7003
2 24 32.0713 -46.0116 -12.8618 27.2168 -47.2333 -13.0408
2 24 27.2168 -47.2333 -13.0408 21.7582 -47.6057 -13.0586
2 24 26.9071 -45.6101 -12.7003 21.7238 -45.6108 -12.729
2 24 21.7582 -47.6057 -13.0586 16.9843 -47.3073 -12.5419
2 24 21.7238 -45.6108 -12.729 17.006 -45.2276 -12.1042
2 24 17.006 -45.2276 -12.1042 12.9033 -44.6039 -11.2356
2 24 12.9033 -44.6039 -11.2356 11.3014 -46.0594 -11.3238
2 24 16.9843 -47.3073 -12.5419 11.3014 -46.0594 -11.3238
2 24 18.9338 -35.6516 0.533 17.3454 -36.7352 1.7268
2 24 18.9338 -35.6516 0.533 17.7709 -37.7285 -2.5271
2 24 17.3454 -36.7352 1.7268 16.4398 -38.9505 -1.138
2 24 17.7709 -37.7285 -2.5271 16.7368 -40.3808 -5.5047
2 24 16.4398 -38.9505 -1.138 15.3411 -41.3326 -4.754
2 24 15.3411 -41.3326 -4.754 13.3386 -43.7463 -8.6496
2 24 16.7368 -40.3808 -5.5047 14.7897 -42.6485 -8.5697
2 24 14.7897 -42.6485 -8.5697 12.9033 -44.6039 -11.2356
2 24 13.3386 -43.7463 -8.6496 11.3014 -46.0594 -11.3238
2 24 12.9033 -44.6039 -11.2356 11.3014 -46.0594 -11.3238
2 24 12.5118 -34.5813 3.817 13.0704 -37.1807 1.0578
2 24 12.5118 -34.5813 3.817 15.065 -35.4173 3.2347
2 24 13.0704 -37.1807 1.0578 13.9931 -41.1265 -4.9218
2 24 10.2412 -45.7353 -11.9007 11.3014 -46.0594 -11.3238
2 24 10.2412 -45.7353 -11.9007 12.0772 -43.7084 -8.7742
2 24 11.3014 -46.0594 -11.3238 13.3386 -43.7463 -8.6496
2 24 15.3411 -41.3326 -4.754 13.3386 -43.7463 -8.6496
2 24 13.9931 -41.1265 -4.9218 12.0772 -43.7084 -8.7742
2 24 10.312 -32.6061 3.376 12.5118 -34.5813 3.817
2 24 12.5118 -34.5813 3.817 13.0704 -37.1807 1.0578
2 24 13.0704 -37.1807 1.0578 13.9931 -41.1265 -4.9218
2 24 13.9931 -41.1265 -4.9218 11.9252 -38.2462 -7.4002
2 24 10.6251 -33.5424 -1.3436 11.9252 -38.2462 -7.4002
2 24 13.9931 -41.1265 -4.9218 11.9252 -38.2462 -7.4002
2 24 13.9931 -41.1265 -4.9218 12.0772 -43.7084 -8.7742
2 24 11.9252 -38.2462 -7.4002 10.2331 -40.848 -10.7478
2 24 12.0772 -43.7084 -8.7742 10.2412 -45.7353 -11.9007
2 24 10.2331 -40.848 -10.7478 8.3929 -43.1365 -13.9553
2 24 10.2412 -45.7353 -11.9007 8.3929 -43.1365 -13.9553
2 24 10.6251 -33.5424 -1.3436 9.1707 -30.7659 2.0115
2 24 10.312 -32.6061 3.376 9.1707 -30.7659 2.0115
2 24 11.3014 -46.0594 -11.3238 14.1986 -46.6772 -13.8785
2 24 11.3014 -46.0594 -11.3238 16.9843 -47.3073 -12.5419
2 24 14.1986 -46.6772 -13.8785 17.4964 -47.0658 -14.553
2 24 17.4964 -47.0658 -14.553 22.1754 -47.2595 -14.9773
2 24 16.9843 -47.3073 -12.5419 21.7582 -47.6057 -13.0586
2 24 22.1754 -47.2595 -14.9773 27.3821 -46.9252 -14.481
2 24 21.7582 -47.6057 -13.0586 27.2168 -47.2333 -13.0408
2 24 27.3821 -46.9252 -14.481 31.7202 -46.0889 -13.487
2 24 27.2168 -47.2333 -13.0408 32.0713 -46.0116 -12.8618
2 24 22.1754 -47.2595 -14.9773 17.4964 -47.0658 -14.553
2 24 18.5348 -49.646 -18.398 16.1957 -48.0206 -16.0459
2 24 18.5348 -49.646 -18.398 21.6299 -51.6536 -21.0246
2 24 21.6299 -51.6536 -21.0246 24.5879 -53.1885 -23.0443
2 24 28.6996 -54.166 -25.053 28.1365 -52.3542 -22.3617
2 24 24.5879 -53.1885 -23.0443 28.6996 -54.166 -25.053
2 24 28.1365 -52.3542 -22.3617 28.2105 -50.4453 -19.7118
2 24 22.1754 -47.2595 -14.9773 27.3821 -46.9252 -14.481
2 24 28.2105 -50.4453 -19.7118 29.2215 -48.3651 -16.9723
2 24 29.2215 -48.3651 -16.9723 31.7202 -46.0889 -13.487
2 24 27.3821 -46.9252 -14.481 31.7202 -46.0889 -13.487
2 24 29.6159 -52.451 -25.831 29.0805 -50.7343 -23.8859
2 24 29.6159 -52.451 -25.831 29.3567 -53.3127 -25.3065
2 24 29.0805 -50.7343 -23.8859 29.1638 -48.6721 -21.1104
2 24 28.1365 -52.3542 -22.3617 28.2105 -50.4453 -19.7118
2 24 28.2105 -50.4453 -19.7118 29.2215 -48.3651 -16.9723
2 24 29.1638 -48.6721 -21.1104 30.2615 -46.7024 -18.2219
2 24 31.7202 -46.0889 -13.487 29.2215 -48.3651 -16.9723
2 24 30.2615 -46.7024 -18.2219 32.6947 -44.5714 -15.5219
2 24 28.1365 -52.3542 -22.3617 28.6996 -54.166 -25.053
2 24 29.3567 -53.3127 -25.3065 28.6996 -54.166 -25.053
2 24 32.0713 -46.0116 -12.8618 33.6607 -44.8632 -13.3295
2 24 33.6607 -44.8632 -13.3295 33.8888 -43.1486 -14.666
2 24 32.6947 -44.5714 -15.5219 33.8888 -43.1486 -14.666
2 24 24.5879 -53.1885 -23.0443 28.6996 -54.166 -25.053
2 24 24.2439 -54.3246 -23.205 28.9621 -54.9248 -25.3917
2 24 24.2439 -54.3246 -23.205 21.0749 -53.1906 -20.9792
2 24 24.5879 -53.1885 -23.0443 21.6299 -51.6536 -21.0246
2 24 21.0749 -53.1906 -20.9792 17.9281 -51.6079 -18.3411
2 24 21.6299 -51.6536 -21.0246 18.5348 -49.646 -18.398
2 24 17.9281 -51.6079 -18.3411 15.1625 -49.5725 -15.5866
2 24 18.5348 -49.646 -18.398 16.1957 -48.0206 -16.0459
2 24 16.1957 -48.0206 -16.0459 14.1986 -46.6772 -13.8785
2 24 14.1986 -46.6772 -13.8785 11.3014 -46.0594 -11.3238
2 24 15.1625 -49.5725 -15.5866 11.3014 -46.0594 -11.3238
2 24 28.9621 -54.9248 -25.3917 29.8711 -53.9765 -26.3115
2 24 28.6996 -54.166 -25.053 29.3567 -53.3127 -25.3065
2 24 29.8711 -53.9765 -26.3115 30.0159 -53.0729 -26.7649
2 24 29.3567 -53.3127 -25.3065 29.6159 -52.451 -25.831
2 24 28.9621 -54.9248 -25.3917 28.9861 -54.7916 -27.1206
2 24 29.8711 -53.9765 -26.3115 28.9621 -54.9248 -25.3917
2 24 28.9861 -54.7916 -27.1206 28.8891 -53.8051 -28.1504
2 24 29.8711 -53.9765 -26.3115 30.0159 -53.0729 -26.7649
2 24 24.5841 -32.8573 0.0241 27.7447 -33.3546 -0.4476
2 24 24.5841 -32.8573 0.0241 24.3546 -33.342 -0.2635
2 24 24.3546 -33.342 -0.2635 28.0521 -34.4899 -1.7048
2 24 29.9729 -32.895 0.4767 32.4727 -33.247 0.7734
2 24 36.6611 -34.1022 1.0403 34.8447 -35.9528 -3.2655
2 24 32.4727 -33.247 0.7734 36.6611 -34.1022 1.0403
2 24 31.8504 -35.6081 -3.2122 34.8447 -35.9528 -3.2655
2 24 24.5841 -32.8573 0.0241 24.3546 -33.342 -0.2635
2 24 24.5841 -32.8573 0.0241 24.0343 -32.3826 -1.4546
2 24 24.0343 -32.3826 -1.4546 23.0596 -31.5216 -2.1127
2 24 23.0596 -31.5216 -2.1127 23.0007 -32.6849 -3.8095
2 24 24.3546 -33.342 -0.2635 25.1862 -34.9188 -0.1082
2 24 25.1862 -34.9188 -0.1082 25.1005 -35.5311 -1.5081
2 24 23.0007 -32.6849 -3.8095 23.9886 -34.7339 -6.9092
2 24 23.9886 -34.7339 -6.9092 25.9886 -37.3082 -10.3195
2 24 26.1697 -36.8776 -4.1264 28.7474 -39.1009 -8.123
2 24 25.9886 -37.3082 -10.3195 29.0775 -39.7406 -13.2724
2 24 28.7474 -39.1009 -8.123 32.208 -41.1875 -11.5369
2 24 29.0775 -39.7406 -13.2724 32.7515 -41.6547 -15.6368
2 24 32.7515 -41.6547 -15.6368 33.6357 -42.3545 -15.2928
2 24 32.208 -41.1875 -11.5369 33.8699 -42.5359 -13.7076
2 24 32.7515 -41.6547 -15.6368 33.6357 -42.3545 -15.2928
2 24 32.7515 -41.6547 -15.6368 31.8251 -42.4679 -16.6536
2 24 31.8251 -42.4679 -16.6536 29.5623 -44.4234 -19.0869
2 24 32.6947 -44.5714 -15.5219 30.2615 -46.7024 -18.2219
2 24 29.5623 -44.4234 -19.0869 28.4235 -46.7909 -21.855
2 24 30.2615 -46.7024 -18.2219 29.1638 -48.6721 -21.1104
2 24 28.4235 -46.7909 -21.855 28.1875 -49.3977 -25.0469
2 24 29.1638 -48.6721 -21.1104 29.0805 -50.7343 -23.8859
2 24 29.3185 -51.6939 -26.4101 28.5584 -51.0709 -27.0035
2 24 28.1875 -49.3977 -25.0469 28.5584 -51.0709 -27.0035
2 24 29.3185 -51.6939 -26.4101 28.5584 -51.0709 -27.0035
2 24 29.6372 -52.3308 -27.8589 28.7353 -51.3988 -28.3542
2 24 33.6357 -42.3545 -15.2928 33.8888 -43.1486 -14.666
2 24 33.8699 -42.5359 -13.7076 33.8888 -43.1486 -14.666
2 24 33.6357 -42.3545 -15.2928 33.8888 -43.1486 -14.666
2 24 32.6947 -44.5714 -15.5219 33.8888 -43.1486 -14.666
2 24 29.3185 -51.6939 -26.4101 29.6159 -52.451 -25.831
2 24 29.0805 -50.7343 -23.8859 29.6159 -52.451 -25.831
2 24 30.0159 -53.0729 -26.7649 29.6372 -52.3308 -27.8589
2 24 29.6159 -52.451 -25.831 29.3185 -51.6939 -26.4101
2 24 14.0608 -49.4537 -21.4932 10.7929 -46.5706 -18.4483
2 24 14.0608 -49.4537 -21.4932 17.875 -51.4192 -24.4701
2 24 17.875 -51.4192 -24.4701 22.1602 -52.7984 -26.7743
2 24 21.0749 -53.1906 -20.9792 24.2439 -54.3246 -23.205
2 24 21.0749 -53.1906 -20.9792 17.9281 -51.6079 -18.3411
2 24 17.9281 -51.6079 -18.3411 15.1625 -49.5725 -15.5866
2 24 15.1625 -49.5725 -15.5866 11.3014 -46.0594 -11.3238
2 24 11.3014 -46.0594 -11.3238 10.2412 -45.7353 -11.9007
2 24 10.2412 -45.7353 -11.9007 8.3929 -43.1365 -13.9553
2 24 10.7929 -46.5706 -18.4483 8.3929 -43.1365 -13.9553
2 24 24.2439 -54.3246 -23.205 28.9621 -54.9248 -25.3917
2 24 28.9621 -54.9248 -25.3917 28.9861 -54.7916 -27.1206
2 24 22.1602 -52.7984 -26.7743 28.8891 -53.8051 -28.1504
2 24 28.9861 -54.7916 -27.1206 28.8891 -53.8051 -28.1504
2 24 28.7452 -52.6964 -28.5741 28.8891 -53.8051 -28.1504
2 24 22.1602 -52.7984 -26.7743 28.8891 -53.8051 -28.1504
2 24 22.1602 -52.7984 -26.7743 17.875 -51.4192 -24.4701
2 24 17.875 -51.4192 -24.4701 14.0608 -49.4537 -21.4932
2 24 14.0608 -49.4537 -21.4932 10.7929 -46.5706 -18.4483
2 24 10.7929 -46.5706 -18.4483 8.3929 -43.1365 -13.9553
2 24 9.6095 -41.707 -14.8651 8.3929 -43.1365 -13.9553
2 24 9.6095 -41.707 -14.8651 8.3929 -43.1365 -13.9553
2 24 10.2331 -40.848 -10.7478 8.3929 -43.1365 -13.9553
2 24 12.6302 -36.7963 -8.4133 11.9252 -38.2462 -7.4002
2 24 10.2331 -40.848 -10.7478 11.9252 -38.2462 -7.4002
2 24 12.6302 -36.7963 -8.4133 11.9252 -38.2462 -7.4002
2 24 11.9252 -38.2462 -7.4002 10.6251 -33.5424 -1.3436
2 24 12.6302 -36.7963 -8.4133 13.8251 -35.1863 -9.5511
2 24 13.8251 -35.1863 -9.5511 13.2371 -31.3768 -5.1405
2 24 12.6302 -36.7963 -8.4133 13.8251 -35.1863 -9.5511
2 24 12.5715 -38.0945 -13.1766 13.8251 -35.1863 -9.5511
2 24 9.6095 -41.707 -14.8651 11.2382 -40.087 -15.8907
2 24 12.5715 -38.0945 -13.1766 11.2382 -40.087 -15.8907
2 24 13.6856 -42.3886 -19.5277 11.2382 -40.087 -15.8907
2 24 9.6095 -41.707 -14.8651 11.2382 -40.087 -15.8907
2 24 13.6856 -42.3886 -19.5277 16.3747 -44.5602 -22.3811
2 24 16.3747 -44.5602 -22.3811 19.7481 -46.8928 -24.9639
2 24 19.7481 -46.8928 -24.9639 23.7272 -49.0454 -26.817
2 24 23.7272 -49.0454 -26.817 28.7353 -51.3988 -28.3542
2 24 28.7452 -52.6964 -28.5741 28.7353 -51.3988 -28.3542
2 24 13.2371 -31.3768 -5.1405 12.7662 -29.1021 -2.2919
2 24 12.7662 -29.1021 -2.2919 11.2364 -29.8246 -1.3318
2 24 10.6251 -33.5424 -1.3436 9.1707 -30.7659 2.0115
2 24 10.3811 -29.6043 0.1818 9.1707 -30.7659 2.0115
2 24 11.2364 -29.8246 -1.3318 10.3811 -29.6043 0.1818
2 24 28.8891 -53.8051 -28.1504 28.7452 -52.6964 -28.5741
2 24 30.0159 -53.0729 -26.7649 29.6372 -52.3308 -27.8589
2 24 29.6372 -52.3308 -27.8589 28.7353 -51.3988 -28.3542
2 24 28.7452 -52.6964 -28.5741 28.7353 -51.3988 -28.3542
2 24 11.2382 -40.087 -15.8907 14.7329 -42.5782 -17.4589
2 24 11.2382 -40.087 -15.8907 13.6856 -42.3886 -19.5277
2 24 14.7329 -42.5782 -17.4589 15.4084 -43.3002 -18.4937
2 24 17.0923 -40.9334 -15.3637 12.9817 -40.239 -14.5875
2 24 17.2035 -40.9301 -17.5036 11.2382 -40.087 -15.8907
2 24 12.9817 -40.239 -14.5875 11.2382 -40.087 -15.8907
2 24 11.2382 -40.087 -15.8907 17.2035 -40.9301 -17.5036
2 24 11.2382 -40.087 -15.8907 14.7329 -42.5782 -17.4589
2 24 14.7329 -42.5782 -17.4589 17.3106 -42.7767 -17.7658
2 24 17.0923 -40.9334 -15.3637 22.3662 -41.3023 -15.6849
2 24 17.2035 -40.9301 -17.5036 22.6009 -41.3988 -17.8569
2 24 22.3662 -41.3023 -15.6849 27.0187 -41.3946 -15.7668
2 24 22.6009 -41.3988 -17.8569 27.2878 -41.5385 -17.6278
2 24 27.0187 -41.3946 -15.7668 30.8945 -41.4246 -15.7943
2 24 27.2878 -41.5385 -17.6278 31.1719 -41.5808 -16.7133
2 24 30.8945 -41.4246 -15.7943 31.8873 -41.8646 -16.2067
2 24 31.1719 -41.5808 -16.7133 31.8873 -41.8646 -16.2067
2 24 31.8873 -41.8646 -16.2067 31.4924 -42.1549 -16.7992
2 24 31.1719 -41.5808 -16.7133 31.8873 -41.8646 -16.2067
2 24 31.4924 -42.1549 -16.7992 27.1848 -42.8857 -17.6437
2 24 31.1719 -41.5808 -16.7133 27.2878 -41.5385 -17.6278
2 24 27.1848 -42.8857 -17.6437 22.5275 -43.0828 -17.9727
2 24 27.2878 -41.5385 -17.6278 22.6009 -41.3988 -17.8569
2 24 17.2035 -40.9301 -17.5036 22.6009 -41.3988 -17.8569
2 24 17.3106 -42.7767 -17.7658 22.5275 -43.0828 -17.9727
2 24 32.7515 -41.6547 -15.6368 31.8251 -42.4679 -16.6536
2 24 31.8873 -41.8646 -16.2067 31.4924 -42.1549 -16.7992
2 24 31.4924 -42.1549 -16.7992 27.1848 -42.8857 -17.6437
2 24 31.8251 -42.4679 -16.6536 29.5623 -44.4234 -19.0869
2 24 31.8873 -41.8646 -16.2067 30.8945 -41.4246 -15.7943
2 24 32.7515 -41.6547 -15.6368 29.0775 -39.7406 -13.2724
2 24 30.8945 -41.4246 -15.7943 27.0187 -41.3946 -15.7668
2 24 29.0775 -39.7406 -13.2724 25.9886 -37.3082 -10.3195
2 24 27.0187 -41.3946 -15.7668 22.3662 -41.3023 -15.6849
2 24 16.5563 -36.067 -9.5294 18.4209 -32.3994 -3.7717
2 24 25.9886 -37.3082 -10.3195 23.9886 -34.7339 -6.9092
2 24 23.9886 -34.7339 -6.9092 23.0007 -32.6849 -3.8095
2 24 23.0007 -32.6849 -3.8095 23.0596 -31.5216 -2.1127
2 24 18.4209 -32.3994 -3.7717 19.625 -30.5598 -0.7966
2 24 19.625 -30.5598 -0.7966 22.3935 -30.5279 -0.5624
2 24 23.0596 -31.5216 -2.1127 22.3935 -30.5279 -0.5624
2 24 17.9546 -28.3687 -1.3579 16.9449 -30.6864 -4.8351
2 24 17.9546 -28.3687 -1.3579 15.1645 -28.2909 -1.1567
2 24 13.2371 -31.3768 -5.1405 12.7662 -29.1021 -2.2919
2 24 14.8703 -28.481 -1.4678 12.7662 -29.1021 -2.2919
2 24 19.625 -30.5598 -0.7966 18.4209 -32.3994 -3.7717
2 24 19.625 -30.5598 -0.7966 17.9546 -28.3687 -1.3579
2 24 17.9546 -28.3687 -1.3579 16.9449 -30.6864 -4.8351
2 24 16.9449 -30.6864 -4.8351 15.5272 -35.0178 -9.8377
2 24 13.2371 -31.3768 -5.1405 13.8251 -35.1863 -9.5511
2 24 13.8251 -35.1863 -9.5511 12.5715 -38.0945 -13.1766
2 24 15.5272 -35.0178 -9.8377 12.8813 -38.9019 -14.1344
2 24 12.9817 -40.239 -14.5875 11.2382 -40.087 -15.8907
2 24 12.9817 -40.239 -14.5875 16.5563 -36.067 -9.5294
2 24 12.8813 -38.9019 -14.1344 15.5272 -35.0178 -9.8377
2 24 16.9449 -30.6864 -4.8351 15.5272 -35.0178 -9.8377
2 24 18.4209 -32.3994 -3.7717 16.5563 -36.067 -9.5294
2 24 16.5563 -36.067 -9.5294 12.9817 -40.239 -14.5875
2 24 12.9817 -40.239 -14.5875 17.0923 -40.9334 -15.3637
2 24 22.3662 -41.3023 -15.6849 17.0923 -40.9334 -15.3637
2 24 15.4084 -43.3002 -18.4937 17.7336 -45.1999 -20.6692
2 24 13.6856 -42.3886 -19.5277 16.3747 -44.5602 -22.3811
2 24 17.7336 -45.1999 -20.6692 20.9047 -47.3562 -23.1603
2 24 16.3747 -44.5602 -22.3811 19.7481 -46.8928 -24.9639
2 24 20.9047 -47.3562 -23.1603 24.4926 -49.3535 -25.479
2 24 19.7481 -46.8928 -24.9639 23.7272 -49.0454 -26.817
2 24 28.5584 -51.0709 -27.0035 24.4926 -49.3535 -25.479
2 24 28.7353 -51.3988 -28.3542 23.7272 -49.0454 -26.817
2 24 27.1848 -42.8857 -17.6437 22.5275 -43.0828 -17.9727
2 24 29.5623 -44.4234 -19.0869 28.4235 -46.7909 -21.855
2 24 28.4235 -46.7909 -21.855 28.1875 -49.3977 -25.0469
2 24 28.5584 -51.0709 -27.0035 24.4926 -49.3535 -25.479
2 24 28.1875 -49.3977 -25.0469 28.5584 -51.0709 -27.0035
2 24 24.4926 -49.3535 -25.479 20.9047 -47.3562 -23.1603
2 24 17.7336 -45.1999 -20.6692 15.4084 -43.3002 -18.4937
2 24 22.5275 -43.0828 -17.9727 17.3106 -42.7767 -17.7658
2 24 20.9047 -47.3562 -23.1603 17.7336 -45.1999 -20.6692
2 24 15.4084 -43.3002 -18.4937 14.7329 -42.5782 -17.4589
2 24 17.3106 -42.7767 -17.7658 14.7329 -42.5782 -17.4589
2 24 41.3638 -41.8592 6.9553 40.4289 -40.6557 5.6191
2 24 41.3638 -41.8592 6.9553 40.4289 -40.6557 5.6191
2 24 45.651 -41.3475 5.34 40.4289 -40.6557 5.6191
2 24 52.8276 -45.173 10.97 46.9203 -44.2107 9.8369
2 24 52.8276 -45.173 10.97 51.9503 -43.7036 7.845
2 24 53.2957 -44.2244 11.0951 52.8276 -45.173 10.97
2 24 53.2957 -44.2244 11.0951 53.1969 -43.2796 9.2347
2 24 52.8276 -45.173 10.97 51.9503 -43.7036 7.845
2 24 45.651 -41.3475 5.34 51.0561 -42.0142 5.8233
2 24 51.9503 -43.7036 7.845 51.0561 -42.0142 5.8233
2 24 51.5277 -40.7407 5.9663 52.4839 -42.1973 7.3295
2 24 51.9503 -43.7036 7.845 51.0561 -42.0142 5.8233
2 24 53.1969 -43.2796 9.2347 52.4839 -42.1973 7.3295
2 24 52.4839 -42.1973 7.3295 51.5277 -40.7407 5.9663
2 24 53.3072 -41.195 5.6322 51.5277 -40.7407 5.9663
2 24 55.897 -43.4392 8.3003 53.1969 -43.2796 9.2347
2 24 52.4839 -42.1973 7.3295 53.1969 -43.2796 9.2347
2 24 53.3072 -41.195 5.6322 56.3315 -42.2044 5.1731
2 24 55.897 -43.4392 8.3003 58.4832 -43.7054 7.4395
2 24 58.4832 -43.7054 7.4395 60.1126 -43.8638 6.9225
2 24 60.1126 -43.8638 6.9225 58.6312 -42.9546 5.7138
2 24 56.3315 -42.2044 5.1731 58.6312 -42.9546 5.7138
2 24 58.9301 -45.9602 10.4834 55.9647 -45.1253 10.858
2 24 58.4832 -43.7054 7.4395 55.897 -43.4392 8.3003
2 24 58.9301 -45.9602 10.4834 61.098 -46.2822 10.0468
2 24 58.4832 -43.7054 7.4395 60.1126 -43.8638 6.9225
2 24 60.1126 -43.8638 6.9225 61.7367 -45.1574 7.918
2 24 55.897 -43.4392 8.3003 53.1969 -43.2796 9.2347
2 24 55.9647 -45.1253 10.858 53.2957 -44.2244 11.0951
2 24 53.1969 -43.2796 9.2347 53.2957 -44.2244 11.0951
2 24 61.7367 -45.1574 7.918 62.5879 -45.9492 8.77
2 24 62.5879 -45.9492 8.77 62.8901 -46.2265 9.818
2 24 61.098 -46.2822 10.0468 62.8901 -46.2265 9.818
2 24 53.3072 -41.195 5.6322 51.5277 -40.7407 5.9663
2 24 51.5277 -40.7407 5.9663 51.1442 -40.6006 4.9531
2 24 53.0957 -41.2954 4.3949 51.1442 -40.6006 4.9531
2 24 53.3072 -41.195 5.6322 56.3315 -42.2044 5.1731
2 24 56.3315 -42.2044 5.1731 55.6474 -42.1523 4.1343
2 24 53.0957 -41.2954 4.3949 55.6474 -42.1523 4.1343
2 24 51.5277 -40.7407 5.9663 51.1442 -40.6006 4.9531
2 24 51.0561 -42.0142 5.8233 50.6989 -41.3105 4.1494
2 24 50.6989 -41.3105 4.1494 50.1462 -40.0669 2.7233
2 24 51.1442 -40.6006 4.9531 51.0311 -38.9962 4.3624
2 24 51.0311 -38.9962 4.3624 51.5753 -37.1319 6.4174
2 24 51.5753 -37.1319 6.4174 51.1872 -36.3151 6.0158
2 24 51.1872 -36.3151 6.0158 50.0301 -38.0126 0.3382
2 24 51.0561 -42.0142 5.8233 45.651 -41.3475 5.34
2 24 51.0561 -42.0142 5.8233 50.6989 -41.3105 4.1494
2 24 50.6989 -41.3105 4.1494 50.1462 -40.0669 2.7233
2 24 50.1462 -40.0669 2.7233 43.9205 -38.5289 1.79
2 24 40.4289 -40.6557 5.6191 45.651 -41.3475 5.34
2 24 40.4289 -40.6557 5.6191 38.8284 -38.9817 3.7611
2 24 43.9205 -38.5289 1.79 37.3297 -36.8855 1.8958
2 24 38.8284 -38.9817 3.7611 37.3297 -36.8855 1.8958
2 24 40.4289 -40.6557 5.6191 38.8284 -38.9817 3.7611
2 24 39.4504 -43.9286 5.3322 36.9605 -41.4981 2.5474
2 24 38.8284 -38.9817 3.7611 37.3297 -36.8855 1.8958
2 24 36.9605 -41.4981 2.5474 36.1604 -40.277 0.3613
2 24 37.3297 -36.8855 1.8958 36.7491 -36.3817 1.1242
2 24 35.1901 -38.5009 -1.1625 36.1604 -40.277 0.3613
2 24 36.7491 -36.3817 1.1242 41.3437 -37.7047 0.6134
2 24 36.7491 -36.3817 1.1242 37.3297 -36.8855 1.8958
2 24 37.3297 -36.8855 1.8958 43.9205 -38.5289 1.79
2 24 41.3437 -37.7047 0.6134 46.0665 -39.2485 0.4788
2 24 46.0665 -39.2485 0.4788 48.4708 -39.9994 0.5722
2 24 43.9205 -38.5289 1.79 50.1462 -40.0669 2.7233
2 24 50.1462 -40.0669 2.7233 49.7015 -39.9995 1.0036
2 24 48.4708 -39.9994 0.5722 49.7015 -39.9995 1.0036
2 24 50.1462 -40.0669 2.7233 49.7015 -39.9995 1.0036
2 24 50.0301 -38.0126 0.3382 49.7015 -39.9995 1.0036
2 24 48.8196 -37.6846 -0.1988 50.0301 -38.0126 0.3382
2 24 50.0301 -38.0126 0.3382 49.7015 -39.9995 1.0036
2 24 48.4708 -39.9994 0.5722 49.7015 -39.9995 1.0036
2 24 48.8196 -37.6846 -0.1988 46.076 -36.9574 -0.2
2 24 48.4708 -39.9994 0.5722 46.0665 -39.2485 0.4788
2 24 46.076 -36.9574 -0.2 41.3435 -35.6668 0.091
2 24 46.0665 -39.2485 0.4788 41.3437 -37.7047 0.6134
2 24 41.3435 -35.6668 0.091 36.6611 -34.1022 1.0403
2 24 36.6611 -34.1022 1.0403 36.7491 -36.3817 1.1242
2 24 41.3437 -37.7047 0.6134 36.7491 -36.3817 1.1242
2 24 48.8196 -37.6846 -0.1988 50.0301 -38.0126 0.3382
2 24 48.132 -35.1022 4.4296 51.1872 -36.3151 6.0158
2 24 50.0301 -38.0126 0.3382 51.1872 -36.3151 6.0158
2 24 48.8196 -37.6846 -0.1988 46.076 -36.9574 -0.2
2 24 48.132 -35.1022 4.4296 45.339 -34.7418 3.2005
2 24 46.076 -36.9574 -0.2 41.3435 -35.6668 0.091
2 24 45.339 -34.7418 3.2005 41.2458 -34.3459 1.8356
2 24 36.6611 -34.1022 1.0403 41.2458 -34.3459 1.8356
2 24 36.6611 -34.1022 1.0403 41.3435 -35.6668 0.091
2 24 53.0957 -41.2954 4.3949 51.1442 -40.6006 4.9531
2 24 51.1442 -40.6006 4.9531 51.0311 -38.9962 4.3624
2 24 53.2748 -39.7491 3.7309 51.0311 -38.9962 4.3624
2 24 53.0957 -41.2954 4.3949 55.6474 -42.1523 4.1343
2 24 55.6474 -42.1523 4.1343 56.2036 -40.5943 3.384
2 24 53.2748 -39.7491 3.7309 56.2036 -40.5943 3.384
2 24 57.4409 -39.7631 5.058 56.2036 -40.5943 3.384
2 24 56.3315 -42.2044 5.1731 55.6474 -42.1523 4.1343
2 24 56.2036 -40.5943 3.384 55.6474 -42.1523 4.1343
2 24 56.3315 -42.2044 5.1731 58.032 -39.6981 6.3431
2 24 57.4409 -39.7631 5.058 57.9007 -39.284 6.1764
2 24 58.032 -39.6981 6.3431 58.6246 -38.8362 7.7442
2 24 57.9007 -39.284 6.1764 58.3022 -38.5564 7.7304
2 24 58.6246 -38.8362 7.7442 58.3022 -38.5564 7.7304
2 24 51.5753 -37.1319 6.4174 53.2886 -37.3418 6.9202
2 24 51.5753 -37.1319 6.4174 51.0311 -38.9962 4.3624
2 24 51.0311 -38.9962 4.3624 53.2748 -39.7491 3.7309
2 24 53.2748 -39.7491 3.7309 56.2036 -40.5943 3.384
2 24 53.2886 -37.3418 6.9202 55.9839 -37.8582 7.3634
2 24 55.9839 -37.8582 7.3634 58.3022 -38.5564 7.7304
2 24 57.9007 -39.284 6.1764 58.3022 -38.5564 7.7304
2 24 56.2036 -40.5943 3.384 57.4409 -39.7631 5.058
2 24 57.9007 -39.284 6.1764 57.4409 -39.7631 5.058
2 24 56.3315 -42.2044 5.1731 58.032 -39.6981 6.3431
2 24 56.3315 -42.2044 5.1731 58.6312 -42.9546 5.7138
2 24 58.032 -39.6981 6.3431 59.4633 -40.7415 6.5768
2 24 58.032 -39.6981 6.3431 58.6246 -38.8362 7.7442
2 24 58.032 -39.6981 6.3431 59.4633 -40.7415 6.5768
2 24 58.6246 -38.8362 7.7442 60.1523 -39.7087 8.0294
2 24 59.4633 -40.7415 6.5768 61.0491 -42.2921 7.3037
2 24 58.6312 -42.9546 5.7138 60.1126 -43.8638 6.9225
2 24 59.4633 -40.7415 6.5768 61.0491 -42.2921 7.3037
2 24 60.1523 -39.7087 8.0294 61.3915 -40.8993 8.3054
2 24 61.0491 -42.2921 7.3037 62.5265 -43.5953 8.0481
2 24 60.1126 -43.8638 6.9225 61.7367 -45.1574 7.918
2 24 61.0491 -42.2921 7.3037 62.5265 -43.5953 8.0481
2 24 61.3915 -40.8993 8.3054 62.4234 -42.2571 8.6716
2 24 61.7367 -45.1574 7.918 62.5879 -45.9492 8.77
2 24 62.5265 -43.5953 8.0481 63.3136 -44.4387 8.9061
2 24 62.5879 -45.9492 8.77 62.8901 -46.2265 9.818
2 24 63.3136 -44.4387 8.9061 63.6978 -44.8423 9.7461
2 24 62.5265 -43.5953 8.0481 63.3136 -44.4387 8.9061
2 24 62.4234 -42.2571 8.6716 62.9308 -43.021 9.0072
2 24 62.9308 -43.021 9.0072 63.2217 -43.328 9.5372
2 24 63.2217 -43.328 9.5372 63.2981 -43.3421 10.0955
2 24 63.3136 -44.4387 8.9061 63.6978 -44.8423 9.7461
2 24 62.7186 -42.1574 8.7878 62.9308 -43.021 9.0072
2 24 63.2406 -42.0334 9.2664 63.2217 -43.328 9.5372
2 24 62.9308 -43.021 9.0072 63.2217 -43.328 9.5372
2 24 63.2594 -42.4102 10.6323 63.2981 -43.3421 10.0955
2 24 63.2981 -43.3421 10.0955 63.2217 -43.328 9.5372
2 24 63.4821 -42.3788 10.0248 63.2217 -43.328 9.5372
2 24 63.2406 -42.0334 9.2664 62.8325 -40.1322 9.2803
2 24 62.7186 -42.1574 8.7878 62.2382 -40.5878 8.53
2 24 62.2382 -40.5878 8.53 60.8496 -38.026 8.4123
2 24 62.8325 -40.1322 9.2803 61.0739 -37.2428 9.6833
2 24 61.0739 -37.2428 9.6833 58.3717 -34.2105 9.8756
2 24 60.8496 -38.026 8.4123 58.3568 -35.3006 8.2552
2 24 58.3717 -34.2105 9.8756 55.9539 -32.2023 9.5739
2 24 58.3568 -35.3006 8.2552 55.7193 -33.4658 7.6672
2 24 55.9539 -32.2023 9.5739 53.0827 -30.373 8.9363
2 24 55.7193 -33.4658 7.6672 52.69 -31.9896 6.5575
2 24 52.69 -31.9896 6.5575 49.8191 -30.8129 5.4354
2 24 53.0827 -30.373 8.9363 49.9732 -28.9839 7.827
2 24 49.8191 -30.8129 5.4354 46.5481 -29.923 4.1487
2 24 49.9732 -28.9839 7.827 46.8073 -27.8345 6.7109
2 24 46.8073 -27.8345 6.7109 41.5113 -25.9952 5.593
2 24 46.5481 -29.923 4.1487 41.3682 -28.5899 2.796
2 24 41.5113 -25.9952 5.593 36.4513 -23.9315 5.1456
2 24 36.4513 -23.9315 5.1456 36.6883 -27.047 1.9542
2 24 41.3682 -28.5899 2.796 36.6883 -27.047 1.9542
2 24 55.9539 -32.2023 9.5739 53.0827 -30.373 8.9363
2 24 55.3208 -31.8853 14.3834 50.4804 -29.5143 14.2005
2 24 63.2594 -42.4102 10.6323 62.9954 -40.75 11.6163
2 24 63.4821 -42.3788 10.0248 63.2528 -40.3084 10.7326
2 24 63.2528 -40.3084 10.7326 63.4821 -42.3788 10.0248
2 24 62.9954 -40.75 11.6163 61.5621 -38.3919 13.1785
2 24 63.2528 -40.3084 10.7326 61.5397 -37.5211 12.0043
2 24 63.2528 -40.3084 10.7326 61.5397 -37.5211 12.0043
2 24 61.5621 -38.3919 13.1785 58.4904 -35.2533 15.3044
2 24 61.5397 -37.5211 12.0043 58.3569 -33.9376 13.5971
2 24 61.5397 -37.5211 12.0043 58.3569 -33.9376 13.5971
2 24 58.4904 -35.2533 15.3044 55.5465 -33.3898 16.1198
2 24 58.3569 -33.9376 13.5971 55.3208 -31.8853 14.3834
2 24 62.8325 -40.1322 9.2803 63.2406 -42.0334 9.2664
2 24 62.8325 -40.1322 9.2803 61.0739 -37.2428 9.6833
2 24 61.0739 -37.2428 9.6833 58.3717 -34.2105 9.8756
2 24 63.2406 -42.0334 9.2664 63.2217 -43.328 9.5372
2 24 63.4821 -42.3788 10.0248 63.2217 -43.328 9.5372
2 24 55.9539 -32.2023 9.5739 58.3717 -34.2105 9.8756
2 24 55.3208 -31.8853 14.3834 58.3569 -33.9376 13.5971
2 24 55.5465 -33.3898 16.1198 51.2237 -31.3908 16.3303
2 24 55.3208 -31.8853 14.3834 50.4804 -29.5143 14.2005
2 24 62.7186 -42.1574 8.7878 62.2382 -40.5878 8.53
2 24 62.4234 -42.2571 8.6716 61.3915 -40.8993 8.3054
2 24 62.2382 -40.5878 8.53 60.8496 -38.026 8.4123
2 24 61.3915 -40.8993 8.3054 60.1523 -39.7087 8.0294
2 24 58.3568 -35.3006 8.2552 55.7193 -33.4658 7.6672
2 24 60.8496 -38.026 8.4123 58.3568 -35.3006 8.2552
2 24 55.7193 -33.4658 7.6672 52.69 -31.9896 6.5575
2 24 52.69 -31.9896 6.5575 49.8191 -30.8129 5.4354
2 24 49.8191 -30.8129 5.4354 46.5481 -29.923 4.1487
2 24 46.5481 -29.923 4.1487 41.3682 -28.5899 2.796
2 24 48.132 -35.1022 4.4296 51.1872 -36.3151 6.0158
2 24 48.132 -35.1022 4.4296 45.339 -34.7418 3.2005
2 24 45.339 -34.7418 3.2005 41.2458 -34.3459 1.8356
2 24 60.1523 -39.7087 8.0294 58.6246 -38.8362 7.7442
2 24 58.6246 -38.8362 7.7442 58.3022 -38.5564 7.7304
2 24 58.3022 -38.5564 7.7304 55.9839 -37.8582 7.3634
2 24 55.9839 -37.8582 7.3634 53.2886 -37.3418 6.9202
2 24 53.2886 -37.3418 6.9202 51.5753 -37.1319 6.4174
2 24 51.1872 -36.3151 6.0158 51.5753 -37.1319 6.4174
2 24 62.7186 -42.1574 8.7878 62.9308 -43.021 9.0072
2 24 62.4234 -42.2571 8.6716 62.9308 -43.021 9.0072
2 24 36.537 -29.295 1.1782 36.6883 -27.047 1.9542
2 24 41.3682 -28.5899 2.796 36.6883 -27.047 1.9542
2 24 36.537 -29.295 1.1782 35.5379 -30.629 0.8256
2 24 41.2458 -34.3459 1.8356 36.6611 -34.1022 1.0403
2 24 35.5379 -30.629 0.8256 32.454 -32.1166 0.5493
2 24 36.6611 -34.1022 1.0403 32.4727 -33.247 0.7734
2 24 32.454 -32.1166 0.5493 29.9729 -32.895 0.4767
2 24 32.4727 -33.247 0.7734 29.9729 -32.895 0.4767
2 24 21.4913 -15.819 -3.7602 22.0244 -13.6755 -3.7991
2 24 21.4325 -15.734 -0.0591 21.8335 -13.8425 1.8251
2 24 22.0244 -13.6755 -3.7991 21.8335 -13.8425 1.8251
2 24 21.4913 -15.819 -3.7602 21.4674 -19.6562 -3.427
2 24 21.4325 -15.734 -0.0591 21.4276 -20.0148 -1.1422
2 24 21.4674 -19.6562 -3.427 21.4592 -25.9247 -3.1477
2 24 21.4276 -20.0148 -1.1422 21.4582 -26.1998 -1.5453
2 24 21.4592 -25.9247 -3.1477 21.9373 -29.1499 -2.7826
2 24 21.4582 -26.1998 -1.5453 21.8817 -28.6578 -1.2256
2 24 23.0596 -31.5216 -2.1127 22.3935 -30.5279 -0.5624
2 24 21.9373 -29.1499 -2.7826 23.0596 -31.5216 -2.1127
2 24 21.8817 -28.6578 -1.2256 22.3935 -30.5279 -0.5624
2 24 27.7447 -33.3546 -0.4476 24.5841 -32.8573 0.0241
2 24 24.5841 -32.8573 0.0241 24.0343 -32.3826 -1.4546
2 24 27.473 -33.115 -1.4036 24.0343 -32.3826 -1.4546
2 24 27.473 -33.115 -1.4036 31.2308 -32.2654 -0.9456
2 24 27.7447 -33.3546 -0.4476 29.9729 -32.895 0.4767
2 24 29.9729 -32.895 0.4767 32.454 -32.1166 0.5493
2 24 31.2308 -32.2654 -0.9456 35.1315 -30.6356 -0.7872
2 24 32.454 -32.1166 0.5493 35.5379 -30.629 0.8256
2 24 35.1315 -30.6356 -0.7872 36.4616 -29.3717 -0.3784
2 24 36.4616 -29.3717 -0.3784 36.537 -29.295 1.1782
2 24 35.5379 -30.629 0.8256 36.537 -29.295 1.1782
2 24 36.4616 -29.3717 -0.3784 36.7133 -27.072 -0.46
2 24 36.4616 -29.3717 -0.3784 36.537 -29.295 1.1782
2 24 36.537 -29.295 1.1782 36.6883 -27.047 1.9542
2 24 36.7133 -27.072 -0.46 36.3384 -24.015 -0.5498
2 24 36.6883 -27.047 1.9542 36.4513 -23.9315 5.1456
2 24 36.3384 -24.015 -0.5498 36.6808 -22.3581 -0.6944
2 24 33.5352 -29.2531 -4.0209 34.4729 -28.3561 -3.8561
2 24 34.4729 -28.3561 -3.8561 36.4616 -29.3717 -0.3784
2 24 35.1315 -30.6356 -0.7872 36.4616 -29.3717 -0.3784
2 24 34.5103 -26.1199 -3.995 34.4729 -28.3561 -3.8561
2 24 36.7133 -27.072 -0.46 36.4616 -29.3717 -0.3784
2 24 34.4729 -28.3561 -3.8561 36.4616 -29.3717 -0.3784
2 24 35.3758 -21.9863 -2.7931 36.6808 -22.3581 -0.6944
2 24 36.3384 -24.015 -0.5498 36.6808 -22.3581 -0.6944
2 24 34.5103 -26.1199 -3.995 34.2403 -23.1144 -4.3677
2 24 36.7133 -27.072 -0.46 36.3384 -24.015 -0.5498
2 24 34.2403 -23.1144 -4.3677 34.6297 -18.505 -5.461
2 24 35.3758 -21.9863 -2.7931 34.6297 -18.505 -5.461
2 24 24.4123 -17.4207 -6.4417 24.7336 -15.9329 -6.4447
2 24 21.4913 -15.819 -3.7602 22.0244 -13.6755 -3.7991
2 24 24.4123 -17.4207 -6.4417 24.4677 -20.1773 -6.2393
2 24 21.4913 -15.819 -3.7602 21.4674 -19.6562 -3.427
2 24 24.6356 -23.8261 -5.9179 24.8997 -28.0456 -5.5645
2 24 21.4592 -25.9247 -3.1477 21.9373 -29.1499 -2.7826
2 24 24.8997 -28.0456 -5.5645 25.2526 -29.8177 -5.1635
2 24 21.9373 -29.1499 -2.7826 23.0596 -31.5216 -2.1127
2 24 25.2526 -29.8177 -5.1635 26.3596 -30.9051 -4.7565
2 24 23.0596 -31.5216 -2.1127 24.0343 -32.3826 -1.4546
2 24 26.3596 -30.9051 -4.7565 27.6917 -31.1615 -4.6211
2 24 24.0343 -32.3826 -1.4546 27.473 -33.115 -1.4036
2 24 33.5352 -29.2531 -4.0209 30.3052 -30.5573 -4.4223
2 24 35.1315 -30.6356 -0.7872 31.2308 -32.2654 -0.9456
2 24 27.6917 -31.1615 -4.6211 30.3052 -30.5573 -4.4223
2 24 27.473 -33.115 -1.4036 31.2308 -32.2654 -0.9456
2 24 24.4677 -20.1773 -6.2393 24.6356 -23.8261 -5.9179
2 24 21.4674 -19.6562 -3.427 21.4592 -25.9247 -3.1477
2 24 22.0244 -13.6755 -3.7991 23.6226 -12.8139 -3.4947
2 24 24.7336 -15.9329 -6.4447 25.7369 -15.0516 -6.43
2 24 22.0244 -13.6755 -3.7991 21.8335 -13.8425 1.8251
2 24 22.0244 -13.6755 -3.7991 23.6226 -12.8139 -3.4947
2 24 21.8335 -13.8425 1.8251 23.5725 -12.8479 3.4558
2 24 23.5725 -12.8479 3.4558 23.0362 -13.0304 4.2515
2 24 25.7817 -11.9757 4.2443 23.0362 -13.0304 4.2515
2 24 23.6226 -12.8139 -3.4947 27.5175 -12.0314 -2.9896
2 24 25.7369 -15.0516 -6.43 28.5112 -14.7259 -6.3525
2 24 27.5175 -12.0314 -2.9896 31.0647 -12.2405 -2.4396
2 24 28.5112 -14.7259 -6.3525 32.019 -14.5839 -5.871
2 24 24.8997 -28.0456 -5.5645 25.2526 -29.8177 -5.1635
2 24 25.2526 -29.8177 -5.1635 26.3596 -30.9051 -4.7565
2 24 26.3596 -30.9051 -4.7565 27.6917 -31.1615 -4.6211
2 24 27.6917 -31.1615 -4.6211 30.3052 -30.5573 -4.4223
2 24 30.3052 -30.5573 -4.4223 33.5352 -29.2531 -4.0209
2 24 33.5352 -29.2531 -4.0209 34.4729 -28.3561 -3.8561
2 24 34.4729 -28.3561 -3.8561 34.5103 -26.1199 -3.995
2 24 24.8997 -28.0456 -5.5645 24.6356 -23.8261 -5.9179
2 24 34.5103 -26.1199 -3.995 34.2403 -23.1144 -4.3677
2 24 24.6356 -23.8261 -5.9179 24.4677 -20.1773 -6.2393
2 24 34.2403 -23.1144 -4.3677 34.6297 -18.505 -5.461
2 24 25.7369 -15.0516 -6.43 24.7336 -15.9329 -6.4447
2 24 24.7336 -15.9329 -6.4447 24.4123 -17.4207 -6.4417
2 24 24.4677 -20.1773 -6.2393 24.4123 -17.4207 -6.4417
2 24 25.7369 -15.0516 -6.43 28.5112 -14.7259 -6.3525
2 24 28.5112 -14.7259 -6.3525 32.019 -14.5839 -5.871
2 24 38.8788 -21.0081 -0.3626 36.6808 -22.3581 -0.6944
2 24 36.6808 -22.3581 -0.6944 35.3758 -21.9863 -2.7931
2 24 38.385 -19.9618 -3.2097 35.3758 -21.9863 -2.7931
2 24 38.385 -19.9618 -3.2097 35.3758 -21.9863 -2.7931
2 24 34.6297 -18.505 -5.461 35.3758 -21.9863 -2.7931
2 24 32.019 -14.5839 -5.871 34.7259 -13.7457 -5.5191
2 24 34.7259 -13.7457 -5.5191 36.5293 -11.5943 -5.8054
2 24 38.8788 -21.0081 -0.3626 42.2986 -19.4882 0.1528
2 24 42.2986 -19.4882 0.1528 41.4357 -18.6037 -2.8307
2 24 38.385 -19.9618 -3.2097 41.4357 -18.6037 -2.8307
2 24 42.3807 -15.2058 -4.8611 41.4357 -18.6037 -2.8307
2 24 38.385 -19.9618 -3.2097 41.4357 -18.6037 -2.8307
2 24 42.3807 -15.2058 -4.8611 44.6592 -12.1153 -5.5273
2 24 42.2986 -19.4882 0.1528 41.4357 -18.6037 -2.8307
2 24 42.2986 -19.4882 0.1528 43.7314 -16.2717 -1.5025
2 24 41.4357 -18.6037 -2.8307 42.3807 -15.2058 -4.8611
2 24 44.6592 -12.1153 -5.5273 46.4385 -12.4013 -1.9658
2 24 42.3807 -15.2058 -4.8611 44.6592 -12.1153 -5.5273
2 24 43.7314 -16.2717 -1.5025 46.4385 -12.4013 -1.9658
2 24 46.4385 -12.4013 -1.9658 44.6592 -12.1153 -5.5273
2 24 46.4385 -12.4013 -1.9658 46.7108 -7.9027 -2.9773
2 24 44.6592 -12.1153 -5.5273 44.3611 -8.2668 -6.456
2 24 44.3611 -8.2668 -6.456 45.1886 -4.9722 -7.7197
2 24 45.1886 -4.9722 -7.7197 48.6189 -4.4302 -4.7334
2 24 46.7108 -7.9027 -2.9773 48.6189 -4.4302 -4.7334
2 24 36.5293 -11.5943 -5.8054 37.5989 -7.964 -6.792
2 24 37.5989 -7.964 -6.792 35.7833 -5.9876 -7.5302
2 24 44.6592 -12.1153 -5.5273 44.3611 -8.2668 -6.456
2 24 35.7833 -5.9876 -7.5302 33.5067 -3.9681 -7.655
2 24 39.7851 -4.8361 -8.4861 33.5067 -3.9681 -7.655
2 24 44.3611 -8.2668 -6.456 45.1886 -4.9722 -7.7197
2 24 39.7851 -4.8361 -8.4861 45.1886 -4.9722 -7.7197
2 24 35.7833 -5.9876 -7.5302 33.5067 -3.9681 -7.655
2 24 33.9608 -6.2211 -4.3763 32.3168 -3.9539 -4.7166
2 24 33.5067 -3.9681 -7.655 32.3168 -3.9539 -4.7166
2 24 37.5989 -7.964 -6.792 35.0872 -7.856 -4.0138
2 24 35.7833 -5.9876 -7.5302 37.5989 -7.964 -6.792
2 24 33.9608 -6.2211 -4.3763 35.0872 -7.856 -4.0138
2 24 32.019 -14.5839 -5.871 34.7259 -13.7457 -5.5191
2 24 31.0647 -12.2405 -2.4396 33.5591 -11.5957 -2.2613
2 24 34.7259 -13.7457 -5.5191 36.5293 -11.5943 -5.8054
2 24 33.5591 -11.5957 -2.2613 34.3812 -9.8516 -2.569
2 24 35.0872 -7.856 -4.0138 37.5989 -7.964 -6.792
2 24 36.5293 -11.5943 -5.8054 37.5989 -7.964 -6.792
2 24 35.0872 -7.856 -4.0138 34.5038 -8.0104 -3.0467
2 24 34.3812 -9.8516 -2.569 34.5038 -8.0104 -3.0467
2 24 33.9608 -6.2211 -4.3763 32.3168 -3.9539 -4.7166
2 24 32.1544 -6.0243 -3.249 29.6718 -3.1825 -2.7829
2 24 35.0872 -7.856 -4.0138 34.5038 -8.0104 -3.0467
2 24 33.9608 -6.2211 -4.3763 35.0872 -7.856 -4.0138
2 24 32.1544 -6.0243 -3.249 34.5038 -8.0104 -3.0467
2 24 31.0647 -12.2405 -2.4396 33.5591 -11.5957 -2.2613
2 24 31.3093 -12.1265 8.1435 33.2167 -11.6055 8.1385
2 24 33.5591 -11.5957 -2.2613 33.2167 -11.6055 8.1385
2 24 33.5591 -11.5957 -2.2613 34.3812 -9.8516 -2.569
2 24 33.2167 -11.6055 8.1385 34.0804 -10.0591 8.1265
2 24 34.3841 -8.111 2.9824 34.4801 -8.1364 2.4214
2 24 34.4801 -8.1364 2.4214 32.3723 -6.3967 2.4689
2 24 34.4801 -8.1364 2.4214 34.5038 -8.0104 -3.0467
2 24 34.5038 -8.0104 -3.0467 32.1544 -6.0243 -3.249
2 24 32.1976 -7.0282 2.9635 34.4801 -8.1364 2.4214
2 24 34.3841 -8.111 2.9824 32.1976 -7.0282 2.9635
2 24 34.3841 -8.111 2.9824 34.4801 -8.1364 2.4214
2 24 34.4801 -8.1364 2.4214 32.3723 -6.3967 2.4689
2 24 32.1976 -7.0282 2.9635 30.509 -4.9629 2.8192
2 24 30.509 -4.9629 2.8192 30.528 -4.5137 2.3757
2 24 32.3723 -6.3967 2.4689 30.528 -4.5137 2.3757
2 24 32.3723 -6.3967 2.4689 30.528 -4.5137 2.3757
2 24 29.7057 -3.1689 2.3596 29.6718 -3.1825 -2.7829
2 24 30.528 -4.5137 2.3757 29.7057 -3.1689 2.3596
2 24 32.1544 -6.0243 -3.249 29.6718 -3.1825 -2.7829
2 24 62.8862 -45.9046 11.0349 62.8901 -46.2265 9.818
2 24 63.574 -44.4237 10.5031 63.6978 -44.8423 9.7461
2 24 63.2307 -43.1868 10.4789 63.2981 -43.3421 10.0955
2 24 63.574 -44.4237 10.5031 63.6978 -44.8423 9.7461
2 24 62.8052 -42.3541 11.2992 63.2307 -43.1868 10.4789
2 24 63.2307 -43.1868 10.4789 63.2981 -43.3421 10.0955
2 24 63.2594 -42.4102 10.6323 63.2981 -43.3421 10.0955
2 24 45.3769 -27.4975 13.2513 50.4804 -29.5143 14.2005
2 24 45.7902 -29.8034 15.8514 51.2237 -31.3908 16.3303
2 24 50.4804 -29.5143 14.2005 45.3769 -27.4975 13.2513
2 24 22.892 -34.6381 4.4468 25.4733 -34.6691 4.4475
2 24 23.0362 -13.0304 4.2515 25.7817 -11.9757 4.2443
2 24 27.9682 -35.9911 5.8571 27.9842 -11.8444 5.4821
2 24 25.4733 -34.6691 4.4475 27.9682 -35.9911 5.8571
2 24 25.7817 -11.9757 4.2443 27.9842 -11.8444 5.4821
2 24 28.0668 -38.7729 8.3799 28.6376 -11.8512 8.1415
2 24 27.9682 -35.9911 5.8571 28.0668 -38.7729 8.3799
2 24 27.9842 -11.8444 5.4821 28.6376 -11.8512 8.1415
2 24 23.0362 -13.0304 4.2515 19.8137 -11.1196 4.2355
2 24 17.8651 -34.1859 4.4427 14.9903 -32.0346 4.4142
2 24 19.8137 -11.1196 4.2355 16.2753 -10.4815 4.23
2 24 14.9903 -32.0346 4.4142 12.8122 -25.8378 4.3651
2 24 16.2753 -10.4815 4.23 13.177 -10.8172 4.2301
2 24 -19.0158 -22.4632 10.0211 -18.3526 -22.5674 7.8869
2 24 -19.0146 -13.9897 10.0212 -18.3477 -14.1742 7.8855
2 24 -18.3526 -22.5674 7.8869 -16.9532 -22.4238 6.8272
2 24 -18.3477 -14.1742 7.8855 -16.9546 -14.3093 6.824
2 24 -16.9532 -22.4238 6.8272 -15.2795 -22.7481 6.4559
2 24 -16.9546 -14.3093 6.824 -15.287 -14.1473 6.452
2 24 -15.2795 -22.7481 6.4559 -13.5565 -23.5375 6.9488
2 24 -15.287 -14.1473 6.452 -13.5671 -13.65 6.9419
2 24 -11.9312 -25.314 8.2575 -11.9495 -13.0075 8.1549
2 24 -13.5565 -23.5375 6.9488 -11.9312 -25.314 8.2575
2 24 -13.5671 -13.65 6.9419 -11.9495 -13.0075 8.1549
2 24 -9.9179 -26.9463 8.2684 -11.9312 -25.314 8.2575
2 24 -9.2589 -12.1834 8.1454 -11.9495 -13.0075 8.1549
2 24 -11.9312 -25.314 8.2575 -11.9495 -13.0075 8.1549
2 24 -9.9179 -26.9463 8.2684 -5.3753 -27.9128 8.2812
2 24 -9.2589 -12.1834 8.1454 -5.6864 -12.1943 8.1453
2 24 -5.3753 -27.9128 8.2812 -2.4826 -26.6986 8.2732
2 24 -5.6864 -12.1943 8.1453 -3.0644 -14.1248 8.162
2 24 -8.356 -27.6672 10.0212 -9.9179 -26.9463 8.2684
2 24 -9.9179 -26.9463 8.2684 -11.9312 -25.314 8.2575
2 24 -11.925 -25.0426 10.0206 -11.9312 -25.314 8.2575
2 24 -15.2795 -22.7481 6.4559 -13.5565 -23.5375 6.9488
2 24 -13.7669 -24.0824 8.1341 -11.9312 -25.314 8.2575
2 24 -13.5565 -23.5375 6.9488 -11.9312 -25.314 8.2575
2 24 -18.3526 -22.5674 7.8869 -16.2208 -23.039 7.9395
2 24 -18.3526 -22.5674 7.8869 -16.9532 -22.4238 6.8272
2 24 -8.356 -27.6672 10.0212 -9.9179 -26.9463 8.2684
2 24 -9.9179 -26.9463 8.2684 -5.3753 -27.9128 8.2812
2 24 -4.9775 -28.4317 10.0212 -5.3753 -27.9128 8.2812
2 24 -2.4826 -26.6986 8.2732 -5.3753 -27.9128 8.2812
2 24 -4.9775 -28.4317 10.0212 -5.3753 -27.9128 8.2812
2 24 -2.4826 -26.6986 8.2732 0.9408 -27.0609 7.7736
2 24 3.6893 -27.3389 8.2801 5.6252 -26.7827 7.254
2 24 3.6846 -0.0146 8.0385 5.6277 -0.0161 7.1022
2 24 5.6252 -26.7827 7.254 7.4358 -25.1941 5.752
2 24 5.6277 -0.0161 7.1022 7.2574 -0.0161 5.615
2 24 8.9425 -24.0641 4.3546 8.4387 -1.8804 4.1557
2 24 7.4358 -25.1941 5.752 8.9425 -24.0641 4.3546
2 24 12.8122 -25.8378 4.3651 8.9425 -24.0641 4.3546
2 24 13.177 -10.8172 4.2301 12.6348 -9.2927 4.221
2 24 0.9962 -26.7436 10.0212 3.6893 -27.3389 8.2801
2 24 0.9408 -27.0609 7.7736 3.6893 -27.3389 8.2801
2 24 3.6893 -27.3389 8.2801 5.4476 -28.3272 8.0099
2 24 5.4476 -28.3272 8.0099 6.5671 -29.688 8.9511
2 24 7.1329 -31.7352 10.0212 6.5671 -29.688 8.9511
2 24 3.6893 -27.3389 8.2801 5.4476 -28.3272 8.0099
2 24 3.6893 -27.3389 8.2801 5.6252 -26.7827 7.254
2 24 8.9425 -24.0641 4.3546 12.8122 -25.8378 4.3651
2 24 12.8122 -25.8378 4.3651 13.3324 -27.8805 6.8622
2 24 8.9425 -24.0641 4.3546 7.4358 -25.1941 5.752
2 24 5.6252 -26.7827 7.254 7.4358 -25.1941 5.752
2 24 6.5671 -29.688 8.9511 7.1329 -31.7352 10.0212
2 24 7.1329 -31.7352 10.0212 11.0731 -31.1456 10.0212
2 24 11.0731 -31.1456 10.0212 15.3009 -32.9328 10.0212
2 24 14.3668 -30.6152 8.3423 15.3009 -32.9328 10.0212
2 24 5.4476 -28.3272 8.0099 6.5671 -29.688 8.9511
2 24 13.3324 -27.8805 6.8622 14.3668 -30.6152 8.3423
2 24 14.9903 -32.0346 4.4142 15.6085 -34.3095 5.8714
2 24 17.8651 -34.1859 4.4427 14.9903 -32.0346 4.4142
2 24 12.8122 -25.8378 4.3651 13.3324 -27.8805 6.8622
2 24 12.8122 -25.8378 4.3651 14.9903 -32.0346 4.4142
2 24 14.9903 -32.0346 4.4142 15.6085 -34.3095 5.8714
2 24 15.6085 -34.3095 5.8714 16.3743 -36.5312 6.6934
2 24 16.3743 -36.5312 6.6934 18.7356 -35.7362 4.4556
2 24 17.8651 -34.1859 4.4427 18.7356 -35.7362 4.4556
2 24 17.1362 -38.5458 10.0212 16.3743 -36.5312 6.6934
2 24 15.3009 -32.9328 10.0212 14.3668 -30.6152 8.3423
2 24 15.6085 -34.3095 5.8714 16.3743 -36.5312 6.6934
2 24 13.3324 -27.8805 6.8622 14.3668 -30.6152 8.3423
2 24 24.0125 -40.7138 10.0212 22.9537 -39.1757 7.7343
2 24 25.5147 -39.0791 10.0213 24.7793 -37.6499 7.656
2 24 25.5147 -39.0791 10.0213 24.7793 -37.6499 7.656
2 24 28.0668 -38.7729 8.3799 27.9682 -35.9911 5.8571
2 24 27.9682 -35.9911 5.8571 25.4733 -34.6691 4.4475
2 24 25.4733 -34.6691 4.4475 22.892 -34.6381 4.4468
2 24 24.7793 -37.6499 7.656 22.892 -34.6381 4.4468
2 24 22.9537 -39.1757 7.7343 21.3563 -36.525 4.4628
2 24 24.7793 -37.6499 7.656 22.892 -34.6381 4.4468
2 24 21.3563 -36.525 4.4628 22.892 -34.6381 4.4468
2 24 18.7356 -35.7362 4.4556 16.3743 -36.5312 6.6934
2 24 18.7356 -35.7362 4.4556 21.3563 -36.525 4.4628
2 24 21.3563 -36.525 4.4628 22.9537 -39.1757 7.7343
2 24 17.1362 -38.5458 10.0212 16.3743 -36.5312 6.6934
2 24 24.0125 -40.7138 10.0212 22.9537 -39.1757 7.7343
2 24 32.2164 -40.7802 10.1976 31.9211 -40.351 8.3851
2 24 28.0668 -38.7729 8.3799 31.9211 -40.351 8.3851
2 24 31.9211 -40.351 8.3851 32.2164 -40.7802 10.1976
2 24 31.9211 -40.351 8.3851 34.5702 -37.5143 8.3596
2 24 34.5702 -37.5143 8.3596 35.8742 -36.5258 9.9253
2 24 35.8742 -36.5258 9.9253 36.3119 -35.4549 11.695
2 24 36.3119 -35.4549 11.695 32.8903 -39.9925 11.6595
2 24 32.2164 -40.7802 10.1976 32.8903 -39.9925 11.6595
2 24 48.7982 -35.687 8.5029 46.4789 -35.5865 8.3487
2 24 46.4789 -35.5865 8.3487 40.5293 -35.6466 8.3488
2 24 34.5702 -37.5143 8.3596 35.8742 -36.5258 9.9253
2 24 40.5293 -35.6466 8.3488 34.5702 -37.5143 8.3596
2 24 35.8742 -36.5258 9.9253 36.3119 -35.4549 11.695
2 24 36.3119 -35.4549 11.695 40.0348 -35.1031 11.6951
2 24 40.0348 -35.1031 11.6951 44.1938 -35.0901 11.696
2 24 49.227 -35.4093 11.4774 44.1938 -35.0901 11.696
2 24 49.227 -35.4093 11.4774 50.0622 -35.472 10.7444
2 24 50.0622 -35.472 10.7444 50.1789 -35.6702 9.8908
2 24 48.7982 -35.687 8.5029 49.9009 -35.7078 9.06
2 24 50.1789 -35.6702 9.8908 49.9009 -35.7078 9.06
2 24 31.9211 -40.351 8.3851 28.0668 -38.7729 8.3799
2 24 31.3093 -12.1265 8.1435 28.6376 -11.8512 8.1415
2 24 28.0668 -38.7729 8.3799 28.6376 -11.8512 8.1415
2 24 42.6668 -36.653 18.6782 39.1927 -35.6899 17.7055
2 24 41.0127 -34.7434 16.5713 39.0704 -34.5602 17.1359
2 24 39.1927 -35.6899 17.7055 39.0704 -34.5602 17.1359
2 24 41.3638 -41.8592 6.9553 42.167 -42.8786 8.5831
2 24 46.9203 -44.2107 9.8369 42.167 -42.8786 8.5831
2 24 42.167 -42.8786 8.5831 41.1584 -45.4473 8.2112
2 24 41.3638 -41.8592 6.9553 42.167 -42.8786 8.5831
2 24 39.4504 -43.9286 5.3322 41.1584 -45.4473 8.2112
2 24 39.4504 -43.9286 5.3322 41.1584 -45.4473 8.2112
2 24 32.9993 -44.4036 9.0387 41.1584 -45.4473 8.2112
2 24 26.4538 -41.6958 7.8967 27.1014 -42.4922 10.0225
2 24 32.9993 -44.4036 9.0387 27.1014 -42.4922 10.0225
2 24 41.5162 -42.0286 10.9225 40.6018 -40.4812 12.6997
2 24 41.5162 -42.0286 10.9225 40.6018 -40.4812 12.6997
2 24 31.9211 -40.351 8.3851 34.5702 -37.5143 8.3596
2 24 -21.4281 -12.798 10.0212 -20.6101 -13.4494 7.5619
2 24 -19.0146 -13.9897 10.0212 -18.3477 -14.1742 7.8855
2 24 -3.0644 -14.1248 8.162 -1.3916 -16.7651 8.18
2 24 -1.504 -16.9442 5.0696 -1.3916 -16.7651 8.18
2 24 -9.4761 -0.0219 -2.689 -9.4324 -3.7111 -2.6682
2 24 -9.4761 -0.0219 -2.689 -9.7584 -0.021 1.6333
2 24 -9.4324 -3.7111 -2.6682 -9.8473 -3.6998 1.891
2 24 -9.7584 -0.021 1.6333 -9.8473 -3.6998 1.891
2 24 -8.4322 -5.6893 8.0823 -8.2005 -0.0161 8.0358
2 24 -8.4322 -5.6893 8.0823 -8.3479 -5.5417 3.3961
2 24 -8.2005 -0.0161 8.0358 -8.2775 -0.0212 3.0271
2 24 -8.3479 -5.5417 3.3961 -8.2775 -0.0212 3.0271
2 24 7.2574 -0.0161 5.615 8.0588 -0.0198 4.4851
2 24 8.4387 -1.8804 4.1557 8.0588 -0.0198 4.4851
2 24 41.2486 -25.8483 8.2644 36.5834 -23.7854 8.2416
2 24 41.5113 -25.9952 5.593 36.4513 -23.9315 5.1456
2 24 36.5834 -23.7854 8.2416 36.4513 -23.9315 5.1456
2 24 36.5834 -23.7854 8.2416 41.2486 -25.8483 8.2644
2 24 34.5702 -37.5143 8.3596 40.5293 -35.6466 8.3488
2 24 25.7817 -11.9757 4.2443 27.9842 -11.8444 5.4821
2 24 42.3662 -19.4966 8.2027 38.8725 -21.2393 8.224
2 24 42.3662 -19.4966 8.2027 42.2986 -19.4882 0.1528
2 24 42.2986 -19.4882 0.1528 38.8788 -21.0081 -0.3626
2 24 43.9916 -16.4486 8.1821 46.4969 -12.5802 8.142
2 24 43.7314 -16.2717 -1.5025 46.4385 -12.4013 -1.9658
2 24 46.4969 -12.5802 8.142 46.4385 -12.4013 -1.9658
2 24 48.6773 -4.4584 8.0714 48.6189 -4.4302 -4.7334
2 24 48.6773 -4.4584 8.0714 47.712 -0.0183 8.0349
2 24 48.6189 -4.4302 -4.7334 47.613 -0.019 -4.7638
2 24 47.712 -0.0183 8.0349 47.613 -0.019 -4.7638
2 24 29.8993 -0.0205 -2.733 29.6718 -3.1825 -2.7829
2 24 29.8993 -0.0205 -2.733 29.6898 -0.0193 2.2487
2 24 29.6718 -3.1825 -2.7829 29.7057 -3.1689 2.3596
2 24 29.6898 -0.0193 2.2487 29.7057 -3.1689 2.3596
2 24 34.0804 -10.0591 8.1265 34.379 -8.3438 8.1068
2 24 34.3841 -8.111 2.9824 34.379 -8.3438 8.1068
2 24 30.5515 -0.0154 8.033 30.4216 -4.8169 8.0742
2 24 30.5515 -0.0154 8.033 47.712 -0.0183 8.0349
2 24 47.712 -0.0183 8.0349 48.6773 -4.4584 8.0714
2 24 -15.0319 -14.2786 3.3305 -17.4122 -14.3958 4.1718
2 24 12.2616 -7.0187 0.3162 12.285 -6.9373 4.1944
2 24 12.6348 -9.2927 4.221 12.285 -6.9373 4.1944
2 24 -3.0644 -14.1248 8.162 -1.3916 -16.7651 8.18
2 24 1.9909 -14.7506 8.1609 0.1236 -11.7659 8.141
2 24 3.6846 -0.0146 8.0385 0.1377 -0.0154 8.0391
2 24 3.6893 -27.3389 8.2801 0.9408 -27.0609 7.7736
2 24 30.4216 -4.8169 8.0742 32.1254 -7.1687 8.1011
2 24 48.6773 -4.4584 8.0714 47.1526 -8.0479 8.1088
2 24 -18.3477 -14.1742 7.8855 -16.9546 -14.3093 6.824
2 24 -20.6101 -13.4494 7.5619 -19.1944 -14.0699 5.3858
2 24 -17.4122 -14.3958 4.1718 -19.1944 -14.0699 5.3858
2 24 -15.287 -14.1473 6.452 -16.9546 -14.3093 6.824
2 24 -13.5671 -13.65 6.9419 -15.287 -14.1473 6.452
2 24 -12.0314 -13.1506 2.9654 -15.0319 -14.2786 3.3305
2 24 -11.9495 -13.0075 8.1549 -9.2589 -12.1834 8.1454
2 24 -12.0314 -13.1506 2.9654 -8.5955 -12.035 3.1454
2 24 1.9683 -16.2411 4.9939 -1.504 -16.9442 5.0696
2 24 1.9683 -16.2411 4.9939 1.8638 -16.2224 8.1755
2 24 -1.504 -16.9442 5.0696 -1.3916 -16.7651 8.18
2 24 1.8638 -16.2224 8.1755 -1.3916 -16.7651 8.18
2 24 -2.4826 -26.6986 8.2732 0.9408 -27.0609 7.7736
2 24 -1.3916 -16.7651 8.18 1.8638 -16.2224 8.1755
2 24 1.8638 -16.2224 8.1755 1.9909 -14.7506 8.1609
2 24 1.9683 -16.2411 4.9939 1.8638 -16.2224 8.1755
2 24 2.1843 -14.8065 3.4713 1.9909 -14.7506 8.1609
2 24 1.9909 -14.7506 8.1609 0.1236 -11.7659 8.141
2 24 2.1843 -14.8065 3.4713 1.9909 -14.7506 8.1609
2 24 0.1236 -11.7659 8.141 -3.0783 -8.6681 8.1074
2 24 -3.2665 -8.4277 3.6937 -3.0783 -8.6681 8.1074
2 24 0.1236 -11.7659 8.141 -3.0783 -8.6681 8.1074
2 24 0.1377 -0.0154 8.0391 -4.553 -0.015 8.0391
2 24 -3.0783 -8.6681 8.1074 -6.4947 -8.0233 8.1023
2 24 -3.0783 -8.6681 8.1074 -3.2665 -8.4277 3.6937
2 24 -6.4947 -8.0233 8.1023 -6.6132 -7.8113 3.7815
2 24 -3.2665 -8.4277 3.6937 -6.6132 -7.8113 3.7815
2 24 -3.0783 -8.6681 8.1074 -6.4947 -8.0233 8.1023
2 24 -6.4947 -8.0233 8.1023 -8.4322 -5.6893 8.0823
2 24 -6.4947 -8.0233 8.1023 -6.6132 -7.8113 3.7815
2 24 -8.4322 -5.6893 8.0823 -8.3479 -5.5417 3.3961
2 24 -6.6132 -7.8113 3.7815 -8.3479 -5.5417 3.3961
2 24 -6.4947 -8.0233 8.1023 -8.4322 -5.6893 8.0823
2 24 -4.553 -0.015 8.0391 -8.2005 -0.0161 8.0358
2 24 -8.4322 -5.6893 8.0823 -8.2005 -0.0161 8.0358
2 24 -7.8441 -0.0219 -4.0237 -7.9654 -3.5266 -4.016
2 24 -7.8441 -0.0219 -4.0237 -9.4761 -0.0219 -2.689
2 24 -7.9654 -3.5266 -4.016 -9.4324 -3.7111 -2.6682
2 24 -9.4761 -0.0219 -2.689 -9.4324 -3.7111 -2.6682
2 24 -6.5586 -0.0215 -6.7921 -6.6923 -3.1448 -6.7898
2 24 -6.5586 -0.0215 -6.7921 -7.8441 -0.0219 -4.0237
2 24 -6.6923 -3.1448 -6.7898 -7.9654 -3.5266 -4.016
2 24 -7.8441 -0.0219 -4.0237 -7.9654 -3.5266 -4.016
2 24 -9.7584 -0.021 1.6333 -9.8473 -3.6998 1.891
2 24 -9.7584 -0.021 1.6333 -8.2775 -0.0212 3.0271
2 24 -9.8473 -3.6998 1.891 -8.3479 -5.5417 3.3961
2 24 -8.2775 -0.0212 3.0271 -8.3479 -5.5417 3.3961
2 24 -6.5586 -0.0215 -6.7921 -4.2171 -0.016 -7.639
2 24 -6.5586 -0.0215 -6.7921 -6.6923 -3.1448 -6.7898
2 24 -6.6923 -3.1448 -6.7898 -4.5176 -4.0066 -7.6417
2 24 -4.2171 -0.016 -7.639 -1.2916 -0.0159 -8.0614
2 24 -4.5176 -4.0066 -7.6417 -1.752 -4.4746 -8.1158
2 24 -1.2916 -0.0159 -8.0614 1.1579 -0.0161 -8.0904
2 24 -1.752 -4.4746 -8.1158 0.778 -4.7954 -8.2159
2 24 3.9785 -0.0219 -7.4748 4.5756 -4.3023 -7.3127
2 24 1.1579 -0.0161 -8.0904 3.9785 -0.0219 -7.4748
2 24 0.778 -4.7954 -8.2159 4.5756 -4.3023 -7.3127
2 24 8.268 -1.8599 -4.0622 7.8713 -0.0191 -4.158
2 24 7.8713 -0.0191 -4.158 3.9785 -0.0219 -7.4748
2 24 4.5756 -4.3023 -7.3127 3.9785 -0.0219 -7.4748
2 24 7.8713 -0.0191 -4.158 7.9651 -0.0144 0.2997
2 24 8.268 -1.8599 -4.0622 7.8713 -0.0191 -4.158
2 24 12.2616 -7.0187 0.3162 12.285 -6.9373 4.1944
2 24 12.285 -6.9373 4.1944 9.9585 -4.9211 4.1829
2 24 9.9585 -4.9211 4.1829 8.4387 -1.8804 4.1557
2 24 8.4387 -1.8804 4.1557 8.0588 -0.0198 4.4851
2 24 7.9651 -0.0144 0.2997 8.0588 -0.0198 4.4851
2 24 41.2486 -25.8483 8.2644 46.6259 -27.7692 8.2812
2 24 41.5113 -25.9952 5.593 46.8073 -27.8345 6.7109
2 24 41.2486 -25.8483 8.2644 46.6259 -27.7692 8.2812
2 24 40.5293 -35.6466 8.3488 46.4789 -35.5865 8.3487
2 24 46.6259 -27.7692 8.2812 49.0942 -28.6374 8.2643
2 24 46.8073 -27.8345 6.7109 49.9732 -28.9839 7.827
2 24 46.6259 -27.7692 8.2812 49.0942 -28.6374 8.2643
2 24 46.4789 -35.5865 8.3487 48.7982 -35.687 8.5029
2 24 49.0942 -28.6374 8.2643 50.2239 -29.0661 9.0118
2 24 53.0827 -30.373 8.9363 49.9732 -28.9839 7.827
2 24 49.0942 -28.6374 8.2643 50.2239 -29.0661 9.0118
2 24 48.7982 -35.687 8.5029 49.9009 -35.7078 9.06
2 24 50.2239 -29.0661 9.0118 49.9009 -35.7078 9.06
2 24 50.2239 -29.0661 9.0118 50.4715 -29.1727 9.9863
2 24 50.2239 -29.0661 9.0118 50.4715 -29.1727 9.9863
2 24 49.9009 -35.7078 9.06 50.1789 -35.6702 9.8908
2 24 50.4715 -29.1727 9.9863 50.1958 -29.1133 11.058
2 24 50.4715 -29.1727 9.9863 50.1958 -29.1133 11.058
2 24 50.1789 -35.6702 9.8908 50.0622 -35.472 10.7444
2 24 50.1958 -29.1133 11.058 49.0787 -28.7096 11.6482
2 24 50.0622 -35.472 10.7444 49.227 -35.4093 11.4774
2 24 45.0573 -27.2901 11.7659 49.0787 -28.7096 11.6482
2 24 49.0787 -28.7096 11.6482 45.0573 -27.2901 11.7659
2 24 49.227 -35.4093 11.4774 44.1938 -35.0901 11.696
2 24 36.4513 -23.9315 5.1456 36.5834 -23.7854 8.2416
2 24 36.5834 -23.7854 8.2416 36.8182 -22.5248 8.2292
2 24 36.6808 -22.3581 -0.6944 36.8182 -22.5248 8.2292
2 24 36.8182 -22.5248 8.2292 38.8725 -21.2393 8.224
2 24 33.2167 -11.6055 8.1385 34.0804 -10.0591 8.1265
2 24 38.8725 -21.2393 8.224 36.8182 -22.5248 8.2292
2 24 36.8182 -22.5248 8.2292 36.6808 -22.3581 -0.6944
2 24 38.8788 -21.0081 -0.3626 36.6808 -22.3581 -0.6944
2 24 31.0647 -12.2405 -2.4396 27.5175 -12.0314 -2.9896
2 24 38.8725 -21.2393 8.224 42.3662 -19.4966 8.2027
2 24 42.3662 -19.4966 8.2027 43.9916 -16.4486 8.1821
2 24 42.3662 -19.4966 8.2027 42.2986 -19.4882 0.1528
2 24 43.9916 -16.4486 8.1821 42.3662 -19.4966 8.2027
2 24 43.7314 -16.2717 -1.5025 42.2986 -19.4882 0.1528
2 24 46.4969 -12.5802 8.142 46.4385 -12.4013 -1.9658
2 24 46.4969 -12.5802 8.142 47.1526 -8.0479 8.1088
2 24 46.4385 -12.4013 -1.9658 46.7108 -7.9027 -2.9773
2 24 44.6247 -0.0212 -7.7081 47.613 -0.019 -4.7638
2 24 44.6247 -0.0212 -7.7081 45.1886 -4.9722 -7.7197
2 24 47.613 -0.019 -4.7638 48.6189 -4.4302 -4.7334
2 24 45.1886 -4.9722 -7.7197 48.6189 -4.4302 -4.7334
2 24 47.1526 -8.0479 8.1088 48.6773 -4.4584 8.0714
2 24 46.7108 -7.9027 -2.9773 48.6189 -4.4302 -4.7334
2 24 48.6773 -4.4584 8.0714 48.6189 -4.4302 -4.7334
2 24 39.677 -0.0158 -8.2726 44.6247 -0.0212 -7.7081
2 24 44.6247 -0.0212 -7.7081 45.1886 -4.9722 -7.7197
2 24 39.7851 -4.8361 -8.4861 45.1886 -4.9722 -7.7197
2 24 39.677 -0.0158 -8.2726 33.6064 -0.0205 -7.5378
2 24 33.6064 -0.0205 -7.5378 33.5067 -3.9681 -7.655
2 24 39.7851 -4.8361 -8.4861 33.5067 -3.9681 -7.655
2 24 32.4775 -0.0213 -4.5592 33.6064 -0.0205 -7.5378
2 24 32.4775 -0.0213 -4.5592 32.3168 -3.9539 -4.7166
2 24 33.6064 -0.0205 -7.5378 33.5067 -3.9681 -7.655
2 24 32.3168 -3.9539 -4.7166 33.5067 -3.9681 -7.655
2 24 29.8993 -0.0205 -2.733 32.4775 -0.0213 -4.5592
2 24 29.6718 -3.1825 -2.7829 29.8993 -0.0205 -2.733
2 24 32.3168 -3.9539 -4.7166 32.4775 -0.0213 -4.5592
2 24 34.379 -8.3438 8.1068 32.1254 -7.1687 8.1011
2 24 34.3841 -8.111 2.9824 34.379 -8.3438 8.1068
2 24 34.3841 -8.111 2.9824 32.1976 -7.0282 2.9635
2 24 32.1254 -7.1687 8.1011 30.4216 -4.8169 8.0742
2 24 30.4216 -4.8169 8.0742 30.509 -4.9629 2.8192
2 24 32.1976 -7.0282 2.9635 30.509 -4.9629 2.8192
2 24 30.528 -4.5137 2.3757 30.509 -4.9629 2.8192
2 24 30.4216 -4.8169 8.0742 30.509 -4.9629 2.8192
2 24 30.528 -4.5137 2.3757 30.6501 -0.0198 2.3445
2 24 30.6501 -0.0198 2.3445 30.5515 -0.0154 8.033
2 24 30.4216 -4.8169 8.0742 30.5515 -0.0154 8.033
2 24 29.6898 -0.0193 2.2487 29.7057 -3.1689 2.3596
2 24 29.6898 -0.0193 2.2487 30.6501 -0.0198 2.3445
2 24 29.7057 -3.1689 2.3596 30.528 -4.5137 2.3757
2 24 30.6501 -0.0198 2.3445 30.528 -4.5137 2.3757
2 24 40.0348 -35.1031 11.6951 36.3119 -35.4549 11.695
2 24 45.0573 -27.2901 11.7659 40.1669 -25.5085 11.782
2 24 44.1938 -35.0901 11.696 40.0348 -35.1031 11.6951
2 24 45.0573 -27.2901 11.7659 40.1669 -25.5085 11.782
2 24 45.3769 -27.4975 13.2513 40.4233 -25.7846 13.182
2 24 40.1669 -25.5085 11.782 36.9375 -24.0865 11.8011
2 24 36.9375 -24.0865 11.8011 36.5292 -24.0216 13.7577
2 24 40.4233 -25.7846 13.182 36.5292 -24.0216 13.7577
2 24 13.2735 -10.8906 3.6541 13.177 -10.8172 4.2301
2 24 12.6348 -9.2927 4.221 13.177 -10.8172 4.2301
2 24 15.1645 -28.2909 -1.1567 14.8703 -28.481 -1.4678
2 24 -4.7297 -37.2621 10.0212 -7.3653 -35.3976 10.0212
2 24 -7.7804 -34.6193 8.3889 -7.3653 -35.3976 10.0212
2 24 -10.9861 -34.6823 6.0273 -10.389 -37.7782 10.0212
2 24 -7.7804 -34.6193 8.3889 -7.3653 -35.3976 10.0212
2 24 -10.389 -37.7782 10.0212 -7.3653 -35.3976 10.0212
2 24 -4.7297 -37.2621 10.0212 -1.413 -38.8977 10.0212
2 24 -2.4157 -37.8075 7.8167 -1.413 -38.8977 10.0212
2 24 39.1927 -35.6899 17.7055 39.0704 -34.5602 17.1359
2 24 38.84 -35.7041 19.2952 39.0704 -34.5602 17.1359
2 24 36.6611 -34.1022 1.0403 36.7491 -36.3817 1.1242
2 24 -13.767 -23.9524 11.4415 -11.9309 -25.1685 11.7855
2 24 -13.4267 -23.1777 13.0564 -11.9309 -25.1685 11.7855
2 24 -13.767 -23.9524 11.4415 -11.9309 -25.1685 11.7855
2 24 -11.925 -25.0426 10.0206 -11.9309 -25.1685 11.7855
2 24 -11.925 -25.0426 10.0206 -11.9312 -25.314 8.2575
2 24 -13.7669 -24.0824 8.1341 -11.9312 -25.314 8.2575
2 24 -14.9899 -22.4775 13.651 -16.9541 -22.3065 13.215
2 24 -13.767 -23.9524 11.4415 -16.2218 -23.0301 11.6744
2 24 -16.2218 -23.0301 11.6744 -13.767 -23.9524 11.4415
2 24 -13.7669 -24.0824 8.1341 -16.2208 -23.039 7.9395
2 24 -13.7669 -24.0824 8.1341 -16.2208 -23.039 7.9395
2 24 -15.2795 -22.7481 6.4559 -16.9532 -22.4238 6.8272
2 24 -19.0158 -22.4632 10.0211 -18.3526 -22.5674 7.8869
2 24 -16.2208 -23.039 7.9395 -18.3526 -22.5674 7.8869
2 24 2.8153 -9.7831 -3.0409 -0.1893 -6.8009 -3.5817
2 24 -9.4761 -0.0219 -2.689 -9.7584 -0.021 1.6333
2 24 -8.2775 -0.0212 3.0271 -8.2005 -0.0161 8.0358
2 24 7.2574 -0.0161 5.615 8.0588 -0.0198 4.4851
2 24 -9.7584 -0.021 1.6333 -8.2775 -0.0212 3.0271
2 24 -6.2323 -0.0161 0 -5.3973 -0.0162 3.1162
2 24 -4.2171 -0.016 -7.639 -6.5586 -0.0215 -6.7921
2 24 -4.2171 -0.016 -7.639 -1.2916 -0.0159 -8.0614
2 24 -3.1162 -0.0161 -5.3973 0 -0.0161 -6.2323
2 24 -1.2916 -0.0159 -8.0614 1.1579 -0.0161 -8.0904
2 24 7.8713 -0.0191 -4.158 7.9651 -0.0144 0.2997
2 24 5.3966 -0.0163 -3.1173 6.2277 -0.0226 -0.0009
2 24 8.0588 -0.0198 4.4851 7.9651 -0.0144 0.2997
2 24 5.3966 -0.0162 3.1176 6.2277 -0.0226 -0.0009
2 24 -8.2005 -0.0161 8.0358 -4.553 -0.015 8.0391
2 24 -5.3973 -0.0162 3.1162 -3.1162 -0.0162 5.3973
2 24 -4.553 -0.015 8.0391 0.1377 -0.0154 8.0391
2 24 -3.1162 -0.0162 5.3973 0 -0.0162 6.2323
2 24 7.2574 -0.0161 5.615 5.6277 -0.0161 7.1022
2 24 5.6277 -0.0161 7.1022 3.6846 -0.0146 8.0385
2 24 5.3966 -0.0162 3.1176 3.1163 -0.0162 5.3972
2 24 0.1377 -0.0154 8.0391 3.6846 -0.0146 8.0385
2 24 0 -0.0162 6.2323 3.1163 -0.0162 5.3972
2 24 7.8713 -0.0191 -4.158 3.9785 -0.0219 -7.4748
2 24 33.6064 -0.0205 -7.5378 39.677 -0.0158 -8.2726
2 24 36.8838 -0.0161 -5.3973 40 -0.0161 -6.2323
2 24 40 -5.2323 -6.2323 36.8838 -5.2323 -5.3973
2 24 40 -0.0161 -6.2323 36.8838 -0.0161 -5.3973
2 24 32.4775 -0.0213 -4.5592 29.8993 -0.0205 -2.733
2 24 29.8993 -0.0205 -2.733 29.6898 -0.0193 2.2487
2 24 30.6501 -0.0198 2.3445 29.6898 -0.0193 2.2487
2 24 33.7677 -5.2323 0 34.6027 -5.2323 3.1162
2 24 33.7677 -0.0161 0 34.6027 -0.0162 3.1162
2 24 30.6501 -0.0198 2.3445 30.5515 -0.0154 8.033
2 24 34.6027 -0.0162 3.1162 33.7677 -0.0161 0
2 24 40 -0.0226 6.2276 43.1162 -0.0161 5.3974
2 24 43.1162 -0.0161 5.3974 45.3974 -0.0161 3.1162
2 24 45.3974 -0.0161 3.1162 46.2323 -0.0161 0
2 24 47.712 -0.0183 8.0349 47.613 -0.019 -4.7638
2 24 46.2323 -0.0161 0 45.3974 -0.0161 -3.1162
2 24 45.3974 -5.2323 -3.1162 43.1162 -5.2323 -5.3974
2 24 45.3974 -0.0161 -3.1162 43.1162 -0.0161 -5.3974
2 24 47.613 -0.019 -4.7638 44.6247 -0.0212 -7.7081
2 24 45.3974 -0.0161 -3.1162 43.1162 -0.0161 -5.3974
2 24 39.677 -0.0158 -8.2726 44.6247 -0.0212 -7.7081
2 24 40 -0.0161 -6.2323 43.1162 -0.0161 -5.3974
2 24 5.3966 -0.0163 -3.1173 3.1164 -0.0163 -5.397
2 24 16.1957 -48.0206 -16.0459 14.1986 -46.6772 -13.8785
2 24 17.4964 -47.0658 -14.553 14.1986 -46.6772 -13.8785
2 24 15.3411 -41.3326 -4.754 16.4398 -38.9505 -1.138
2 24 15.065 -35.4173 3.2347 17.3454 -36.7352 1.7268
2 24 16.4398 -38.9505 -1.138 17.3454 -36.7352 1.7268
2 24 11.3499 -36.0737 4.8014 14.6822 -37.6033 3.8408
2 24 10.3478 -36.8151 7.349 11.1218 -38.3048 10.0212
2 24 12.5789 -39.1589 10.0212 11.1218 -38.3048 10.0212
2 24 10.3478 -36.8151 7.349 11.1218 -38.3048 10.0212
2 24 11.1218 -38.3048 10.0212 9.483 -40.4231 10.0212
2 24 8.9442 -39.2934 7.445 9.483 -40.4231 10.0212
2 24 8.9442 -39.2934 7.445 9.483 -40.4231 10.0212
2 24 4.2547 -37.8339 10.0212 9.483 -40.4231 10.0212
2 24 -10.9861 -34.6823 6.0273 -10.389 -37.7782 10.0212
2 24 -13.1923 -34.7226 10.0212 -10.389 -37.7782 10.0212
2 24 -13.1923 -34.7226 10.0212 -15.9094 -31.4765 10.0212
2 24 -16.2159 -29.5707 7.4255 -15.9094 -31.4765 10.0212
2 24 -0.2727 -33.7001 8.2161 0.1708 -34.8751 10.0212
2 24 4.2547 -37.8339 10.0212 0.1708 -34.8751 10.0212
2 24 -2.4157 -37.8075 7.8167 -1.413 -38.8977 10.0212
2 24 -1.413 -38.8977 10.0212 0.1708 -34.8751 10.0212
2 24 -0.2727 -33.7001 8.2161 0.1708 -34.8751 10.0212
2 24 44.9532 -5.2344 -0.9669 44.1322 -7.3314 -1.5842
2 24 44.9532 -5.2344 -0.9669 44.9523 -5.2349 3.04
2 24 44.9523 -5.2349 3.04 44.126 -7.3313 4.0012
2 24 44.9532 -5.2344 -0.9669 44.009 -5.2318 -1.8489
2 24 44.1322 -7.3314 -1.5842 44.9532 -5.2344 -0.9669
2 24 38.3197 -17.0791 1.6485 39.7514 -16.7439 1.2832
2 24 38.3197 -17.0791 1.6485 38.0011 -5.2379 1.5367
2 24 38.0011 -5.2379 1.5367 39.0467 -5.2321 1.2646
2 24 39.7514 -16.7439 1.2832 38.3197 -17.0791 1.6485
2 24 39.7514 -16.7439 1.2832 39.6898 -16.8039 2.9538
2 24 38.3197 -17.0791 1.6485 37.6611 -17.0973 2.4436
2 24 39.7514 -16.7439 1.2832 39.6898 -16.8039 2.9538
2 24 39.7514 -16.7439 1.2832 40.4658 -15.3237 0.6803
2 24 39.6403 -16.8644 4.6246 40.3416 -15.8191 4.8804
2 24 38.8242 -5.232 4.5478 39.9537 -5.232 5.1565
2 24 38.0011 -5.2379 1.5367 39.0467 -5.2321 1.2646
2 24 34.6027 -5.2323 -3.1162 36.8838 -5.2323 -5.3973
2 24 40.7961 -5.2378 -1.182 41.9593 -5.2365 -2.8011
2 24 40 -5.2323 -6.2323 43.1162 -5.2323 -5.3974
2 24 37.9443 -5.232 3.7959 37.368 -5.232 2.4019
2 24 34.6027 -5.2323 3.1162 33.7677 -5.2323 0
2 24 46.2323 -5.2323 0 45.3974 -5.2323 -3.1162
2 24 44.9532 -5.2344 -0.9669 44.009 -5.2318 -1.8489
2 24 44.9523 -5.2349 3.04 44.126 -7.3313 4.0012
2 24 44.9523 -5.2349 3.04 43.9859 -5.2321 4.1906
2 24 44.1322 -7.3314 -1.5842 43.2318 -11.6945 -2.3563
2 24 44.009 -5.2318 -1.8489 42.7814 -5.2321 -2.6171
2 24 44.126 -7.3313 4.0012 43.2681 -11.622 4.7156
2 24 43.9859 -5.2321 4.1906 42.8658 -5.2322 4.9519
2 24 44.126 -7.3313 4.0012 43.2681 -11.622 4.7156
2 24 44.1322 -7.3314 -1.5842 43.2318 -11.6945 -2.3563
2 24 43.2681 -11.622 4.7156 43.2318 -11.6945 -2.3563
2 24 43.2318 -11.6945 -2.3563 42.2667 -13.0302 -2.6601
2 24 42.2667 -13.0302 -2.6601 41.9593 -5.2365 -2.8011
2 24 42.7814 -5.2321 -2.6171 41.9593 -5.2365 -2.8011
2 24 41.3278 -14.1429 -0.988 42.2667 -13.0302 -2.6601
2 24 42.2667 -13.0302 -2.6601 41.9593 -5.2365 -2.8011
2 24 40.7961 -5.2378 -1.182 41.9593 -5.2365 -2.8011
2 24 43.2681 -11.622 4.7156 41.7455 -13.5017 5.0911
2 24 42.8658 -5.2322 4.9519 41.5858 -5.2321 5.2609
2 24 41.7455 -13.5017 5.0911 43.2681 -11.622 4.7156
2 24 43.2681 -11.622 4.7156 43.2318 -11.6945 -2.3563
2 24 42.2667 -13.0302 -2.6601 43.2318 -11.6945 -2.3563
2 24 42.2667 -13.0302 -2.6601 41.3278 -14.1429 -0.988
2 24 41.3278 -14.1429 -0.988 40.4658 -15.3237 0.6803
2 24 40.7961 -5.2378 -1.182 40.2453 -5.2319 0.4389
2 24 40.3416 -15.8191 4.8804 41.7455 -13.5017 5.0911
2 24 40.4658 -15.3237 0.6803 41.3278 -14.1429 -0.988
2 24 40.3416 -15.8191 4.8804 41.7455 -13.5017 5.0911
2 24 39.9537 -5.232 5.1565 41.5858 -5.2321 5.2609
2 24 39.7514 -16.7439 1.2832 40.4658 -15.3237 0.6803
2 24 39.0467 -5.2321 1.2646 40.2453 -5.2319 0.4389
2 24 37.6611 -17.0973 2.4436 38.3197 -17.0791 1.6485
2 24 37.6611 -17.0973 2.4436 37.368 -5.232 2.4019
2 24 38.3197 -17.0791 1.6485 38.0011 -5.2379 1.5367
2 24 37.368 -5.232 2.4019 38.0011 -5.2379 1.5367
2 24 37.6611 -17.0973 2.4436 38.2044 -17.0783 3.5576
2 24 37.368 -5.232 2.4019 37.9443 -5.232 3.7959
2 24 39.6403 -16.8644 4.6246 38.2044 -17.0783 3.5576
2 24 38.8242 -5.232 4.5478 37.9443 -5.232 3.7959
2 24 39.9537 -5.232 5.1565 38.8242 -5.232 4.5478
2 24 40 -5.2388 6.2276 36.8838 -5.2323 5.3974
2 24 39.9537 -5.232 5.1565 41.5858 -5.2321 5.2609
2 24 40 -5.2388 6.2276 43.1162 -5.2323 5.3974
2 24 41.5858 -5.2321 5.2609 42.8658 -5.2322 4.9519
2 24 42.8658 -5.2322 4.9519 43.9859 -5.2321 4.1906
2 24 44.009 -5.2318 -1.8489 42.7814 -5.2321 -2.6171
2 24 43.1162 -5.2323 -5.3974 45.3974 -5.2323 -3.1162
2 24 41.9593 -5.2365 -2.8011 42.7814 -5.2321 -2.6171
2 24 40.7961 -5.2378 -1.182 40.2453 -5.2319 0.4389
2 24 36.8838 -5.2323 -5.3973 40 -5.2323 -6.2323
2 24 39.0467 -5.2321 1.2646 40.2453 -5.2319 0.4389
2 24 46.2323 -5.2323 0 45.3974 -5.2323 3.1162
2 24 44.9532 -5.2344 -0.9669 44.9523 -5.2349 3.04
2 24 45.3974 -0.0161 3.1162 46.2323 -0.0161 0
2 24 45.3974 -5.2323 3.1162 46.2323 -5.2323 0
2 24 45.3974 -0.0161 3.1162 43.1162 -0.0161 5.3974
2 24 45.3974 -5.2323 3.1162 43.1162 -5.2323 5.3974
2 24 43.1162 -0.0161 5.3974 40 -0.0226 6.2276
2 24 43.1162 -5.2323 5.3974 40 -5.2388 6.2276
2 24 40 -0.0226 6.2276 36.8838 -0.0162 5.3973
2 24 40 -0.0226 6.2276 36.8838 -0.0162 5.3973
2 24 40 -5.2388 6.2276 36.8838 -5.2323 5.3974
2 24 34.6027 -0.0162 3.1162 36.8838 -0.0162 5.3973
2 24 34.6027 -0.0162 3.1162 36.8838 -0.0162 5.3973
2 24 34.6027 -5.2323 3.1162 36.8838 -5.2323 5.3974
2 24 34.6027 -5.2323 3.1162 36.8838 -5.2323 5.3974
2 24 37.9443 -5.232 3.7959 38.8242 -5.232 4.5478
2 24 33.7677 -0.0161 0 34.6027 -0.0161 -3.1162
2 24 33.7677 -5.2323 0 34.6027 -5.2323 -3.1162
2 24 34.6027 -5.2323 -3.1162 33.7677 -5.2323 0
2 24 38.0011 -5.2379 1.5367 37.368 -5.232 2.4019
2 24 36.8838 -0.0161 -5.3973 34.6027 -0.0161 -3.1162
2 24 33.6064 -0.0205 -7.5378 32.4775 -0.0213 -4.5592
2 24 36.8838 -0.0161 -5.3973 34.6027 -0.0161 -3.1162
2 24 36.8838 -5.2323 -5.3973 34.6027 -5.2323 -3.1162
2 24 40 -0.0161 -6.2323 43.1162 -0.0161 -5.3974
2 24 40 -5.2323 -6.2323 43.1162 -5.2323 -5.3974
2 24 45.3974 -0.0161 -3.1162 46.2323 -0.0161 0
2 24 45.3974 -5.2323 -3.1162 46.2323 -5.2323 0
2 24 43.9859 -5.2321 4.1906 44.9523 -5.2349 3.04
2 24 43.1162 -5.2323 5.3974 45.3974 -5.2323 3.1162
2 24 0 -0.0161 -6.2323 3.1164 -0.0163 -5.397
2 24 1.1579 -0.0161 -8.0904 3.9785 -0.0219 -7.4748
2 24 4.4107 -5.1995 -4.4009 3.1178 -5.2328 -5.396
2 24 4.4107 -5.1995 -4.4009 0.5666 -5.3774 -4.2519
2 24 3.1178 -5.2328 -5.396 0.0003 -5.2329 -6.2318
2 24 0.5666 -5.3774 -4.2519 4.4107 -5.1995 -4.4009
2 24 -0.1893 -6.8009 -3.5817 2.8153 -9.7831 -3.0409
2 24 -2.9389 -5.2258 0.6022 -2.9396 -5.2286 5.0296
2 24 -2.9396 -5.2286 5.0296 -0.1889 -6.8044 5.0234
2 24 -0.1889 -6.8044 5.0234 -2.9396 -5.2286 5.0296
2 24 0.2235 -5.3913 5.0225 -2.9396 -5.2286 5.0296
2 24 3.7159 -10.8472 4.9358 5.4064 -12.5125 3.1166
2 24 4.5477 -12.5433 1.7431 5.4064 -12.5125 3.1166
2 24 -5.3974 -0.0161 -3.1162 -6.2323 -0.0161 0
2 24 -5.3974 -5.2323 -3.1162 -6.2323 -5.2323 0
2 24 -6.2323 -0.0161 0 -5.3973 -0.0162 3.1162
2 24 -6.2323 -5.2323 0 -5.3974 -5.2323 3.1162
2 24 -5.3974 -5.2323 3.1162 -3.1162 -5.2323 5.3974
2 24 -5.3973 -0.0162 3.1162 -3.1162 -0.0162 5.3973
2 24 -3.1162 -0.0162 5.3973 0 -0.0162 6.2323
2 24 -3.1162 -5.2323 5.3974 0.0002 -5.2335 6.2313
2 24 -5.3974 -5.2323 -3.1162 -3.1162 -5.2323 -5.3973
2 24 -5.3974 -0.0161 -3.1162 -3.1162 -0.0161 -5.3973
2 24 -3.1162 -5.2323 -5.3973 -5.3974 -5.2323 -3.1162
2 24 -3.1162 -5.2323 -5.3973 0.0003 -5.2329 -6.2318
2 24 -3.1162 -0.0161 -5.3973 0 -0.0161 -6.2323
2 24 0.0003 -5.2329 -6.2318 -3.1162 -5.2323 -5.3973
2 24 0.5666 -5.3774 -4.2519 -2.9397 -5.2274 -4.0994
2 24 -2.9397 -5.2274 -4.0994 -2.9389 -5.2258 0.6022
2 24 -5.3974 -5.2323 -3.1162 -6.2323 -5.2323 0
2 24 -0.1893 -6.8009 -3.5817 -2.9397 -5.2274 -4.0994
2 24 0.5666 -5.3774 -4.2519 -2.9397 -5.2274 -4.0994
2 24 3.1178 -5.2328 -5.396 4.4107 -5.1995 -4.4009
2 24 3.1164 -0.0163 -5.397 5.3966 -0.0163 -3.1173
2 24 0.0003 -5.2329 -6.2318 3.1178 -5.2328 -5.396
2 24 0 -0.0161 -6.2323 3.1164 -0.0163 -5.397
2 24 -0.1893 -6.8009 -3.5817 -2.9397 -5.2274 -4.0994
2 24 -2.9389 -5.2258 0.6022 -2.9397 -5.2274 -4.0994
2 24 -6.2323 -5.2323 0 -5.3974 -5.2323 3.1162
2 24 0.2235 -5.3913 5.0225 3.7866 -5.3376 4.8775
2 24 3.7866 -5.3376 4.8775 3.7159 -10.8472 4.9358
2 24 -0.1889 -6.8044 5.0234 3.7159 -10.8472 4.9358
2 24 6.2277 -0.0226 -0.0009 5.3966 -0.0162 3.1176
2 24 6.2317 -12.4601 -0.0009 5.4064 -12.5125 3.1166
2 24 5.3966 -0.0163 -3.1173 6.2277 -0.0226 -0.0009
2 24 4.4107 -5.1995 -4.4009 5.3963 -8.2714 -3.1065
2 24 -0.1889 -6.8044 5.0234 3.7159 -10.8472 4.9358
2 24 4.9491 -12.607 -2.3276 5.3777 -12.4343 -2.3742
2 24 2.8153 -9.7831 -3.0409 4.9491 -12.607 -2.3276
2 24 5.3963 -8.2714 -3.1065 5.3777 -12.4343 -2.3742
2 24 2.8153 -9.7831 -3.0409 4.9491 -12.607 -2.3276
2 24 4.9491 -12.607 -2.3276 4.5866 -12.5827 -1.0155
2 24 5.4064 -12.5125 3.1166 3.7159 -10.8472 4.9358
2 24 3.7866 -5.3376 4.8775 3.7159 -10.8472 4.9358
2 24 6.2317 -12.4601 -0.0009 5.3777 -12.4343 -2.3742
2 24 5.3777 -12.4343 -2.3742 4.9491 -12.607 -2.3276
2 24 4.5866 -12.5827 -1.0155 4.9491 -12.607 -2.3276
2 24 4.5866 -12.5827 -1.0155 4.5971 -12.593 0.5986
2 24 6.2317 -12.4601 -0.0009 5.4064 -12.5125 3.1166
2 24 5.4064 -12.5125 3.1166 4.5477 -12.5433 1.7431
2 24 4.5477 -12.5433 1.7431 4.5971 -12.593 0.5986
2 24 4.5477 -12.5433 1.7431 4.5971 -12.593 0.5986
2 24 0 -0.0162 6.2323 3.1163 -0.0162 5.3972
2 24 0.0002 -5.2335 6.2313 3.1116 -5.2341 5.4
2 24 5.3966 -0.0162 3.1176 3.1163 -0.0162 5.3972
2 24 3.7866 -5.3376 4.8775 3.1116 -5.2341 5.4
2 24 4.4107 -5.1995 -4.4009 5.3963 -8.2714 -3.1065
2 24 -5.3974 -5.2323 3.1162 -3.1162 -5.2323 5.3974
2 24 -2.9389 -5.2258 0.6022 -2.9396 -5.2286 5.0296
2 24 -2.9396 -5.2286 5.0296 0.2235 -5.3913 5.0225
2 24 -3.1162 -5.2323 5.3974 0.0002 -5.2335 6.2313
2 24 -6.8583 -16.7311 -0.4717 -6.3095 -18.0554 -0.6434
2 24 -9.3228 -19.7529 -0.1361 -6.3382 -19.1061 -0.8305
2 24 -6.3095 -18.0554 -0.6434 -6.3382 -19.1061 -0.8305
2 24 0.2892 -28.3249 2.7881 -0.2287 -24.5925 1.6357
2 24 3.2746 -25.8955 -0.1248 1.4458 -23.5132 0.3486
2 24 11.2364 -29.8246 -1.3318 4.1294 -26.37 -2.083
2 24 11.9309 -28.0216 -3.9199 5.7161 -25.2747 -4.9058
2 24 0.2235 -5.3913 5.0225 3.7866 -5.3376 4.8775
2 24 3.7866 -5.3376 4.8775 3.1116 -5.2341 5.4
2 24 0.0002 -5.2335 6.2313 3.1116 -5.2341 5.4
2 24 -6.5586 -0.0215 -6.7921 -7.8441 -0.0219 -4.0237
2 24 -3.1162 -0.0161 -5.3973 -5.3974 -0.0161 -3.1162
2 24 -6.2323 -0.0161 0 -5.3974 -0.0161 -3.1162
2 24 -9.4761 -0.0219 -2.689 -7.8441 -0.0219 -4.0237
2 24 6.2317 -12.4601 -0.0009 5.3777 -12.4343 -2.3742
2 24 5.3963 -8.2714 -3.1065 5.3777 -12.4343 -2.3742
2 24 4.5866 -12.5827 -1.0155 4.5971 -12.593 0.5986
2 24 9.9585 -4.9211 4.1829 12.285 -6.9373 4.1944
2 24 12.6348 -9.2927 4.221 12.285 -6.9373 4.1944
2 24 8.9425 -24.0641 4.3546 8.4387 -1.8804 4.1557
2 24 9.9585 -4.9211 4.1829 8.4387 -1.8804 4.1557
2 24 1.9909 -14.7506 8.1609 1.8638 -16.2224 8.1755
2 24 18.7356 -35.7362 4.4556 21.3563 -36.525 4.4628
2 24 17.8651 -34.1859 4.4427 18.7356 -35.7362 4.4556
2 24 22.892 -34.6381 4.4468 21.3563 -36.525 4.4628
2 24 16.3173 -10.6011 3.5026 19.6644 -11.1852 3.5382
2 24 15.1645 -28.2909 -1.1567 15.3091 -27.7909 -1.2785
2 24 17.9546 -28.3687 -1.3579 15.1645 -28.2909 -1.1567
2 24 16.9218 -24.4916 -1.9597 15.3091 -27.7909 -1.2785
2 24 32.8903 -39.9925 11.6595 36.3119 -35.4549 11.695
2 24 36.9375 -24.0865 11.8011 40.1669 -25.5085 11.782
2 24 36.5834 -23.7854 8.2416 36.8182 -22.5248 8.2292
2 24 31.3093 -12.1265 8.1435 33.2167 -11.6055 8.1385
2 24 33.7677 -0.0161 0 34.6027 -0.0161 -3.1162
2 24 37.6611 -17.0973 2.4436 38.2044 -17.0783 3.5576
2 24 38.2044 -17.0783 3.5576 39.6403 -16.8644 4.6246
2 24 39.6898 -16.8039 2.9538 39.6403 -16.8644 4.6246
2 24 39.6898 -16.8039 2.9538 39.6403 -16.8644 4.6246
2 24 40.3416 -15.8191 4.8804 39.6403 -16.8644 4.6246
2 24 30.5515 -0.0154 8.033 47.712 -0.0183 8.0349
2 24 32.1254 -7.1687 8.1011 34.379 -8.3438 8.1068
2 24 47.1526 -8.0479 8.1088 46.4969 -12.5802 8.142
2 24 43.9916 -16.4486 8.1821 46.4969 -12.5802 8.142
2 24 34.0804 -10.0591 8.1265 34.379 -8.3438 8.1068
2 24 34.4801 -8.1364 2.4214 34.5038 -8.0104 -3.0467
2 24 34.3812 -9.8516 -2.569 34.5038 -8.0104 -3.0467
2 24 23.6226 -12.8139 -3.4947 27.5175 -12.0314 -2.9896
2 24 25.1005 -35.5311 -1.5081 26.1697 -36.8776 -4.1264
2 24 31.3093 -12.1265 8.1435 28.6376 -11.8512 8.1415
2 24 27.9842 -11.8444 5.4821 28.6376 -11.8512 8.1415
2 24 23.7103 -35.6424 1.4231 22.5741 -36.2851 0.3888
2 24 22.0093 -37.8647 0.6534 22.5741 -36.2851 0.3888
2 24 50.1958 -29.1133 11.058 49.0787 -28.7096 11.6482
2 24 28.0521 -34.4899 -1.7048 31.8504 -35.6081 -3.2122
2 24 27.7447 -33.3546 -0.4476 29.9729 -32.895 0.4767
2 24 12.5715 -38.0945 -13.1766 11.2382 -40.087 -15.8907
2 24 24.6115 -32.8758 20.0794 26.7344 -33.342 20.6156
2 24 28.9193 -33.9798 20.9702 26.7344 -33.342 20.6156
2 24 28.9193 -33.9798 20.9702 26.7344 -33.342 20.6156
2 24 28.7523 -33.4216 20.0992 26.7344 -33.342 20.6156
2 24 26.7344 -33.342 20.6156 28.7523 -33.4216 20.0992
0 STEP
