0 Untitled Model
0 Name: Untitled Model
0 Author: 
0 BFC CERTIFY CCW
3 16 -19.3041 3.3182 14.1182 -16.317 7.1068 15.1239 -20.7842 8.505 14.2697 0.3725 0.3593 0.3601 0.3969 0.3289 0.3702
3 16 -20.7842 8.505 14.2697 -16.317 7.1068 15.1239 -16.5854 8.3897 15.083 0.3289 0.3702 0.3601 0.3969 0.3493 0.4003
3 16 -32.1607 9.2287 3.2286 -30.5676 0.7323 2.9176 -29.5283 9.0639 8.5337 0.2749 0.2362 0.3425 0.2296 0.2861 0.2873
3 16 -29.5283 9.0639 8.5337 -30.5676 0.7323 2.9176 -27.8511 1.1644 8.2796 0.2861 0.2873 0.3425 0.2296 0.3504 0.2761
3 16 -24.0781 1.9144 12.3678 -25.579 8.6941 12.2613 -27.8511 1.1644 8.2796 0.3613 0.3191 0.3059 0.3311 0.3504 0.2761
3 16 -27.8511 1.1644 8.2796 -25.579 8.6941 12.2613 -29.5283 9.0639 8.5337 0.3504 0.2761 0.3059 0.3311 0.2861 0.2873
3 16 -25.579 8.6941 12.2613 -24.0781 1.9144 12.3678 -20.7842 8.505 14.2697 0.3059 0.3311 0.3613 0.3191 0.3289 0.3702
3 16 -20.7842 8.505 14.2697 -24.0781 1.9144 12.3678 -19.3041 3.3182 14.1182 0.3289 0.3702 0.3613 0.3191 0.3725 0.3593
3 16 -19.9071 -0.5075 -13.7047 -24.2509 -4.2518 -9.6113 -28.1344 3.1406 -9.1707 0.3964 0.0739 0.4031 0.1288 0.3354 0.1286
3 16 -26.5291 -5.6202 2.3765 -30.5676 0.7323 2.9176 -26.8477 -5.0841 -3.6953 0.4025 0.2258 0.3425 0.2296 0.3979 0.1785
3 16 -26.8477 -5.0841 -3.6953 -30.5676 0.7323 2.9176 -30.6328 1.5199 -3.7343 0.3979 0.1785 0.3425 0.2296 0.3372 0.1776
3 16 -30.5676 0.7323 2.9176 -26.5291 -5.6202 2.3765 -27.8511 1.1644 8.2796 0.3425 0.2296 0.4025 0.2258 0.3504 0.2761
3 16 -27.8511 1.1644 8.2796 -26.5291 -5.6202 2.3765 -24.4706 -5.0517 7.4417 0.3504 0.2761 0.4025 0.2258 0.4074 0.2685
3 16 -21.1384 -3.8466 11.3918 -24.0781 1.9144 12.3678 -24.4706 -5.0517 7.4417 0.4134 0.3097 0.3613 0.3191 0.4074 0.2685
3 16 -24.4706 -5.0517 7.4417 -24.0781 1.9144 12.3678 -27.8511 1.1644 8.2796 0.4074 0.2685 0.3613 0.3191 0.3504 0.2761
3 16 -19.3041 3.3182 14.1182 -24.0781 1.9144 12.3678 -17.3233 -1.9138 13.2867 0.3725 0.3593 0.3613 0.3191 0.418 0.347
3 16 -17.3233 -1.9138 13.2867 -24.0781 1.9144 12.3678 -21.1384 -3.8466 11.3918 0.418 0.347 0.3613 0.3191 0.4134 0.3097
3 16 -19.9071 -0.5075 -13.7047 -28.1344 3.1406 -9.1707 -21.6944 5.9248 -14.1035 0.3964 0.0739 0.3354 0.1286 0.3429 0.0593
3 16 -21.6944 5.9248 -14.1035 -28.1344 3.1406 -9.1707 -26.3241 7.4544 -11.4941 0.3429 0.0593 0.3354 0.1286 0.3112 0.0957
3 16 -30.6328 1.5199 -3.7343 -28.1344 3.1406 -9.1707 -26.8477 -5.0841 -3.6953 0.3372 0.1776 0.3354 0.1286 0.3979 0.1785
3 16 -26.8477 -5.0841 -3.6953 -28.1344 3.1406 -9.1707 -24.2509 -4.2518 -9.6113 0.3979 0.1785 0.3354 0.1286 0.4031 0.1288
3 16 0 16.4053 -13.7791 0 5.9499 -14.3928 -5.8573 16.4327 -13.732 0.3235 0.5245 0.2382 0.5244 0.3237 0.4766
3 16 -5.8573 16.4327 -13.732 0 5.9499 -14.3928 -7.3095 5.8199 -14.41 0.3237 0.4766 0.2382 0.5244 0.2372 0.4649
3 16 -6.3046 -3.0223 -12.7074 -12.6009 -3.0217 -10.5746 -12.5674 -3.0206 -12.3208 0.6417 0.2107 0.6595 0.2619 0.6454 0.2618
3 16 -14.3085 6.4096 -13.8728 -12.6986 -1.9854 -13.1104 -14.5475 6.0445 -15.1015 0.396 0.8938 0.3263 0.8894 0.395 0.8831
3 16 -14.5475 6.0445 -15.1015 -12.6986 -1.9854 -13.1104 -12.9195 -2.9651 -13.6813 0.395 0.8831 0.3263 0.8894 0.3197 0.8827
3 16 -6.5913 -1.7256 -13.662 -12.6986 -1.9854 -13.1104 -7.3095 5.8199 -14.41 0.1751 0.4706 0.1734 0.4199 0.2372 0.4649
3 16 -7.3095 5.8199 -14.41 -12.6986 -1.9854 -13.1104 -14.3085 6.4096 -13.8728 0.2372 0.4649 0.1734 0.4199 0.2415 0.4078
3 16 -16.3324 16.7439 -13.1598 -12.2121 19.0742 -13.1807 -5.8573 16.4327 -13.732 0.3264 0.3913 0.3454 0.4247 0.3237 0.4766
3 16 5.9214 16.5954 -9.9893 0 16.4053 -13.7791 -5.9214 16.5954 -9.9893 0.8835 0.9864 0.9319 0.9592 0.9802 0.9864
3 16 -5.9214 16.5954 -9.9893 0 16.4053 -13.7791 -5.8573 16.4327 -13.732 0.9802 0.9864 0.9319 0.9592 0.9796 0.9596
3 16 -16.3324 16.7439 -13.1598 -16.2968 16.788 -9.987 -12.2121 19.0742 -13.1807 0.337 0.9339 0.3374 0.9118 0.3755 0.9339
3 16 -12.2121 19.0742 -13.1807 -16.2968 16.788 -9.987 -12.1956 19.1225 -9.9881 0.3755 0.9339 0.3374 0.9118 0.3757 0.9119
3 16 -27.6671 8.8163 -10.5037 -30.5092 9.0981 -6.9296 -25.4789 9.3354 -8.0175 0.3575 0.6321 0.3901 0.6499 0.3491 0.6579
3 16 -25.4789 9.3354 -8.0175 -30.5092 9.0981 -6.9296 -27.9615 9.6696 -5.0032 0.3491 0.6579 0.3901 0.6499 0.3774 0.6728
3 16 -25.4789 9.3354 -8.0175 -24.4708 7.6511 -8.605 -27.6671 8.8163 -10.5037 0.0552 0.9483 0.0709 0.9542 0.0464 0.974
3 16 -27.6671 8.8163 -10.5037 -24.4708 7.6511 -8.605 -26.3241 7.4544 -11.4941 0.0464 0.974 0.0709 0.9542 0.0626 0.9806
3 16 -28.1344 3.1406 -9.1707 -30.6328 1.5199 -3.7343 -30.5092 9.0981 -6.9296 0.3354 0.1286 0.3372 0.1776 0.2808 0.144
3 16 -30.5092 9.0981 -6.9296 -30.6328 1.5199 -3.7343 -32.0813 9.2432 -3.0085 0.2808 0.144 0.3372 0.1776 0.2737 0.1811
3 16 -32.1607 9.2287 3.2286 -32.0813 9.2432 -3.0085 -30.5676 0.7323 2.9176 0.2749 0.2362 0.2737 0.1811 0.3425 0.2296
3 16 -30.5676 0.7323 2.9176 -32.0813 9.2432 -3.0085 -30.6328 1.5199 -3.7343 0.3425 0.2296 0.2737 0.1811 0.3372 0.1776
3 16 -27.9615 9.6696 -5.0032 -30.5092 9.0981 -6.9296 -32.0813 9.2432 -3.0085 0.3774 0.6728 0.3901 0.6499 0.4146 0.6741
3 16 -27.9615 9.6696 -5.0032 -32.0813 9.2432 -3.0085 -29.4615 9.8611 1.0829 0.3774 0.6728 0.4146 0.6741 0.4085 0.7134
3 16 -29.4615 9.8611 1.0829 -32.0813 9.2432 -3.0085 -32.1607 9.2287 3.2286 0.4085 0.7134 0.4146 0.6741 0.436 0.7202
3 16 -29.4615 9.8611 1.0829 -32.1607 9.2287 3.2286 -27.6494 9.7276 5.9208 0.4085 0.7134 0.436 0.7202 0.4117 0.7555
3 16 -27.6494 9.7276 5.9208 -32.1607 9.2287 3.2286 -29.5283 9.0639 8.5337 0.4117 0.7555 0.436 0.7202 0.4349 0.7684
3 16 -27.6494 9.7276 5.9208 -29.5283 9.0639 8.5337 -23.4794 9.2318 9.0665 0.4117 0.7555 0.4349 0.7684 0.3926 0.7938
3 16 -23.4794 9.2318 9.0665 -29.5283 9.0639 8.5337 -25.579 8.6941 12.2613 0.3926 0.7938 0.4349 0.7684 0.4193 0.8099
3 16 -25.579 8.6941 12.2613 -20.7842 8.505 14.2697 -23.4794 9.2318 9.0665 0.4193 0.8099 0.3913 0.8417 0.3926 0.7938
3 16 -23.4794 9.2318 9.0665 -20.7842 8.505 14.2697 -19.6969 8.9229 10.1702 0.3926 0.7938 0.3913 0.8417 0.3688 0.8157
3 16 -19.6969 8.9229 10.1702 -20.7842 8.505 14.2697 -16.9643 9.0014 9.9889 0.3688 0.8157 0.3913 0.8417 0.3491 0.8264
3 16 -16.9643 9.0014 9.9889 -20.7842 8.505 14.2697 -16.5854 8.3897 15.083 0.3491 0.8264 0.3913 0.8417 0.3634 0.8628
3 16 -25.4789 9.3354 -8.0175 -24.6425 4.8846 -7.7816 -24.4708 7.6511 -8.605 0.8541 0.3864 0.8175 0.3912 0.838 0.3803
3 16 -25.4789 9.3354 -8.0175 -27.9615 9.6696 -5.0032 -24.6425 4.8846 -7.7816 0.8541 0.3864 0.8644 0.418 0.8175 0.3912
3 16 -24.6425 4.8846 -7.7816 -27.9615 9.6696 -5.0032 -26.3049 2.8351 -4.9775 0.8175 0.3912 0.8644 0.418 0.8072 0.42
3 16 -29.4615 9.8611 1.0829 -27.2775 2.4354 0.2821 -27.9615 9.6696 -5.0032 0.8685 0.4712 0.8071 0.462 0.8644 0.418
3 16 -27.9615 9.6696 -5.0032 -27.2775 2.4354 0.2821 -26.3049 2.8351 -4.9775 0.8644 0.418 0.8071 0.462 0.8072 0.42
3 16 -25.9252 2.2636 5.3001 -27.2775 2.4354 0.2821 -27.6494 9.7276 5.9208 0.7991 0.502 0.8071 0.462 0.8599 0.5143
3 16 -27.6494 9.7276 5.9208 -27.2775 2.4354 0.2821 -29.4615 9.8611 1.0829 0.8599 0.5143 0.8071 0.462 0.8685 0.4712
3 16 -22.5219 3.0952 8.462 -25.9252 2.2636 5.3001 -23.4794 9.2318 9.0665 0.791 0.5382 0.7991 0.502 0.8399 0.5542
3 16 -23.4794 9.2318 9.0665 -25.9252 2.2636 5.3001 -27.6494 9.7276 5.9208 0.8399 0.5542 0.7991 0.502 0.8599 0.5143
3 16 -19.3271 3.8348 9.5223 -22.5219 3.0952 8.462 -19.6969 8.9229 10.1702 0.7836 0.5649 0.791 0.5382 0.8227 0.5824
3 16 -19.6969 8.9229 10.1702 -22.5219 3.0952 8.462 -23.4794 9.2318 9.0665 0.8227 0.5824 0.791 0.5382 0.8399 0.5542
3 16 -16.0982 4.3236 9.975 -19.3271 3.8348 9.5223 -16.9643 9.0014 9.9889 0.6883 0.6017 0.6926 0.6286 0.6503 0.6086
3 16 -16.9643 9.0014 9.9889 -19.3271 3.8348 9.5223 -19.6969 8.9229 10.1702 0.6503 0.6086 0.6926 0.6286 0.6508 0.6311
3 16 -16.7894 9.765 9.9824 -9.5711 5.0661 9.975 -16.9643 9.0014 9.9889 0.645 0.6061 0.6823 0.5485 0.6503 0.6086
3 16 -9.5711 5.0661 9.975 -16.0982 4.3236 9.975 -16.9643 9.0014 9.9889 0.6823 0.5485 0.6883 0.6017 0.6503 0.6086
3 16 -9.5711 5.0661 9.975 -10.0133 16.5322 9.9823 -7.4256 16.4163 9.9825 0.6823 0.5485 0.5899 0.5523 0.5899 0.531
3 16 -10.0133 16.5322 9.9823 -9.5711 5.0661 9.975 -12.6109 16.0491 9.9823 0.5899 0.5523 0.6823 0.5485 0.5922 0.5728
3 16 -9.5711 5.0661 9.975 -14.8145 14.5937 9.9823 -12.6109 16.0491 9.9823 0.6823 0.5485 0.6053 0.5918 0.5922 0.5728
3 16 -9.9878 16.5888 13.8192 -7.3664 16.3287 13.6736 -10.0133 16.5322 9.9823 0.0372 0.3568 0.0359 0.3783 0.0097 0.3566
3 16 -10.0133 16.5322 9.9823 -7.3664 16.3287 13.6736 -7.4256 16.4163 9.9825 0.0097 0.3566 0.0359 0.3783 0.0097 0.3779
3 16 -7.4256 16.4163 9.9825 -7.3664 16.3287 13.6736 0 16.3237 13.6866 0.0097 0.3779 0.0359 0.3783 0.0359 0.4384
3 16 -14.8145 14.5937 9.9823 -9.5711 5.0661 9.975 -16.2886 12.3545 9.9823 0.6053 0.5918 0.6823 0.5485 0.6233 0.6035
3 16 -16.2886 12.3545 9.9823 -9.5711 5.0661 9.975 -16.7894 9.765 9.9824 0.6233 0.6035 0.6823 0.5485 0.645 0.6061
3 16 -9.1323 0.0177 9.9823 0 0.0112 8.064 -1.0937 0.0177 8.0364 0.2619 0.1321 0.2456 0.2081 0.2456 0.1981
3 16 -21.6944 5.9248 -14.1035 -26.3241 7.4544 -11.4941 -20.3887 6.1012 -10.0439 0.1061 0.9926 0.0626 0.9806 0.1083 0.9582
3 16 -20.3887 6.1012 -10.0439 -26.3241 7.4544 -11.4941 -24.4708 7.6511 -8.605 0.1083 0.9582 0.0626 0.9806 0.0709 0.9542
3 16 -21.4714 -3.6651 -5.1072 -19.5573 -1.9691 -8.5412 -26.3049 2.8351 -4.9775 0.7422 0.4131 0.7485 0.3775 0.8072 0.42
3 16 -26.3049 2.8351 -4.9775 -19.5573 -1.9691 -8.5412 -24.6425 4.8846 -7.7816 0.8072 0.42 0.7485 0.3775 0.8175 0.3912
3 16 -27.2775 2.4354 0.2821 -22.5373 -4.1293 -0.4201 -26.3049 2.8351 -4.9775 0.8071 0.462 0.7407 0.4542 0.8072 0.42
3 16 -26.3049 2.8351 -4.9775 -22.5373 -4.1293 -0.4201 -21.4714 -3.6651 -5.1072 0.8072 0.42 0.7407 0.4542 0.7422 0.4131
3 16 -21.2373 -3.2742 5.3384 -22.5373 -4.1293 -0.4201 -25.9252 2.2636 5.3001 0.7407 0.5051 0.7407 0.4542 0.7991 0.502
3 16 -25.9252 2.2636 5.3001 -22.5373 -4.1293 -0.4201 -27.2775 2.4354 0.2821 0.7991 0.502 0.7407 0.4542 0.8071 0.462
3 16 -22.5219 3.0952 8.462 -21.2373 -3.2742 5.3384 -25.9252 2.2636 5.3001 0.791 0.5382 0.7407 0.5051 0.7991 0.502
3 16 -19.3271 3.8348 9.5223 -18.8036 -1.1066 9.0078 -22.5219 3.0952 8.462 0.7836 0.5649 0.7458 0.5462 0.791 0.5382
3 16 -22.5219 3.0952 8.462 -18.8036 -1.1066 9.0078 -21.2373 -3.2742 5.3384 0.791 0.5382 0.7458 0.5462 0.7407 0.5051
3 16 -17.8971 -0.5396 8.5531 -20.3853 -1.0409 4.7468 -18.8036 -1.1066 9.0078 0.2456 0.0591 0.2137 0.0399 0.2493 0.0499
3 16 -18.8036 -1.1066 9.0078 -20.3853 -1.0409 4.7468 -21.2373 -3.2742 5.3384 0.2493 0.0499 0.2137 0.0399 0.22 0.0205
3 16 -20.3853 -1.0409 4.7468 -21.4152 -1.1165 -0.2908 -21.2373 -3.2742 5.3384 0.2137 0.0399 0.173 0.034 0.22 0.0205
3 16 -21.2373 -3.2742 5.3384 -21.4152 -1.1165 -0.2908 -22.5373 -4.1293 -0.4201 0.22 0.0205 0.173 0.034 0.1709 0.0078
3 16 -21.4152 -1.1165 -0.2908 -20.7035 -1.0022 -4.2947 -22.5373 -4.1293 -0.4201 0.173 0.034 0.1414 0.0401 0.1709 0.0078
3 16 -22.5373 -4.1293 -0.4201 -20.7035 -1.0022 -4.2947 -21.4714 -3.6651 -5.1072 0.1709 0.0078 0.1414 0.0401 0.1313 0.0191
3 16 -18.4864 -0.9564 -8.3279 -19.5573 -1.9691 -8.5412 -20.7035 -1.0022 -4.2947 0.1082 0.0568 0.1054 0.0446 0.1414 0.0401
3 16 -20.7035 -1.0022 -4.2947 -19.5573 -1.9691 -8.5412 -21.4714 -3.6651 -5.1072 0.1414 0.0401 0.1054 0.0446 0.1313 0.0191
3 16 -16.5116 -0.1831 9.7445 -17.8971 -0.5396 8.5531 -18.8036 -1.1066 9.0078 0.256 0.0706 0.2456 0.0591 0.2493 0.0499
3 16 -17.8971 -0.5396 8.5531 -16.5116 -0.1831 9.7445 -16.4753 0.025 7.9378 0.2456 0.0591 0.256 0.0706 0.2411 0.072
3 16 -16.4753 0.025 7.9378 -16.5116 -0.1831 9.7445 -14.432 0.0178 9.9825 0.2411 0.072 0.256 0.0706 0.2601 0.0879
3 16 -9.1323 0.0177 9.9823 -16.4753 0.025 7.9378 -14.432 0.0178 9.9825 0.2619 0.1321 0.2411 0.072 0.2601 0.0879
3 16 -16.4753 0.025 7.9378 -18.5777 0.0249 4.0946 -17.8971 -0.5396 8.5531 0.2411 0.072 0.2094 0.0569 0.2456 0.0591
3 16 -17.8971 -0.5396 8.5531 -18.5777 0.0249 4.0946 -20.3853 -1.0409 4.7468 0.2456 0.0591 0.2094 0.0569 0.2137 0.0399
3 16 -18.5777 0.0249 4.0946 -19.5057 0.0249 -0.1435 -20.3853 -1.0409 4.7468 0.2094 0.0569 0.1748 0.0515 0.2137 0.0399
3 16 -20.3853 -1.0409 4.7468 -19.5057 0.0249 -0.1435 -21.4152 -1.1165 -0.2908 0.2137 0.0399 0.1748 0.0515 0.173 0.034
3 16 -19.5057 0.0249 -0.1435 -19.0218 0.0249 -3.5605 -21.4152 -1.1165 -0.2908 0.1748 0.0515 0.1474 0.0554 0.173 0.034
3 16 -21.4152 -1.1165 -0.2908 -19.0218 0.0249 -3.5605 -20.7035 -1.0022 -4.2947 0.173 0.034 0.1474 0.0554 0.1414 0.0401
3 16 -20.7035 -1.0022 -4.2947 -19.0218 0.0249 -3.5605 -18.4864 -0.9564 -8.3279 0.1414 0.0401 0.1474 0.0554 0.1082 0.0568
3 16 -18.4864 -0.9564 -8.3279 -19.0218 0.0249 -3.5605 -16.6347 0.025 -7.8911 0.1082 0.0568 0.1474 0.0554 0.1125 0.0741
3 16 -18.4864 -0.9564 -8.3279 -16.6347 0.025 -7.8911 -17.4171 -0.4158 -9.6111 0.1082 0.0568 0.1125 0.0741 0.098 0.0673
3 16 -17.4171 -0.4158 -9.6111 -16.6347 0.025 -7.8911 -15.1892 0.0112 -9.9776 0.098 0.0673 0.1125 0.0741 0.094 0.0863
3 16 -16.0982 4.3236 9.975 -9.5711 5.0661 9.975 -14.432 0.0178 9.9825 0.6883 0.6017 0.6823 0.5485 0.7236 0.5881
3 16 -14.432 0.0178 9.9825 -9.5711 5.0661 9.975 -9.1323 0.0177 9.9823 0.7236 0.5881 0.6823 0.5485 0.7236 0.5449
3 16 -16.5116 -0.1831 9.7445 -16.0982 4.3236 9.975 -14.432 0.0178 9.9825 0.7254 0.6054 0.6883 0.6017 0.7236 0.5881
3 16 -16.0982 4.3236 9.975 -16.5116 -0.1831 9.7445 -19.3271 3.8348 9.5223 0.6883 0.6017 0.7254 0.6054 0.6926 0.6286
3 16 -19.3271 3.8348 9.5223 -16.5116 -0.1831 9.7445 -18.8036 -1.1066 9.0078 0.6926 0.6286 0.7254 0.6054 0.7333 0.6249
3 16 -17.4171 -0.4158 -9.6111 -20.3887 6.1012 -10.0439 -19.5573 -1.9691 -8.5412 0.7527 0.3543 0.8119 0.3515 0.7485 0.3775
3 16 -19.5573 -1.9691 -8.5412 -20.3887 6.1012 -10.0439 -24.6425 4.8846 -7.7816 0.7485 0.3775 0.8119 0.3515 0.8175 0.3912
3 16 -15.1892 0.0112 -9.9776 -14.802 6.7974 -9.9801 -17.4171 -0.4158 -9.6111 0.7476 0.336 0.7962 0.3082 0.7527 0.3543
3 16 -17.4171 -0.4158 -9.6111 -14.802 6.7974 -9.9801 -20.3887 6.1012 -10.0439 0.7527 0.3543 0.7962 0.3082 0.8119 0.3515
3 16 -5.8573 16.4327 -13.732 -12.2121 19.0742 -13.1807 -5.9214 16.5954 -9.9893 0.9003 0.8959 0.9566 0.8959 0.9035 0.9226
3 16 -5.9214 16.5954 -9.9893 -12.2121 19.0742 -13.1807 -12.1956 19.1225 -9.9881 0.9035 0.9226 0.9566 0.8959 0.9584 0.9178
3 16 -20.3887 6.1012 -10.0439 -14.802 6.7974 -9.9801 -14.3085 6.4096 -13.8728 0.1083 0.9582 0.1533 0.9483 0.1641 0.9759
3 16 -14.3085 6.4096 -13.8728 -14.802 6.7974 -9.9801 -16.3324 16.7439 -13.1598 0.924 0.6589 0.953 0.6648 0.924 0.745
3 16 -16.3324 16.7439 -13.1598 -14.802 6.7974 -9.9801 -16.2968 16.788 -9.987 0.924 0.745 0.953 0.6648 0.946 0.7468
3 16 -14.5475 6.0445 -15.1015 -21.6944 5.9248 -14.1035 -14.3085 6.4096 -13.8728 0.1645 0.9865 0.1061 0.9926 0.1641 0.9759
3 16 -14.3085 6.4096 -13.8728 -21.6944 5.9248 -14.1035 -20.3887 6.1012 -10.0439 0.1641 0.9759 0.1061 0.9926 0.1083 0.9582
3 16 -14.802 6.7974 -9.9801 -5.9214 16.5954 -9.9893 -16.2968 16.788 -9.987 0.5034 0.4109 0.4236 0.4832 0.422 0.3988
3 16 -16.2968 16.788 -9.987 -5.9214 16.5954 -9.9893 -12.1956 19.1225 -9.9881 0.422 0.3988 0.4236 0.4832 0.403 0.4321
3 16 -24.6425 4.8846 -7.7816 -20.3887 6.1012 -10.0439 -24.4708 7.6511 -8.605 0.8175 0.3912 0.8119 0.3515 0.838 0.3803
3 16 -26.3241 7.4544 -11.4941 -28.1344 3.1406 -9.1707 -27.6671 8.8163 -10.5037 0.3112 0.0957 0.3354 0.1286 0.2952 0.106
3 16 -27.6671 8.8163 -10.5037 -28.1344 3.1406 -9.1707 -30.5092 9.0981 -6.9296 0.2952 0.106 0.3354 0.1286 0.2808 0.144
3 16 -17.3233 -1.9138 13.2867 -21.1384 -3.8466 11.3918 -15.691 -4.5962 12.2902 0.418 0.347 0.4134 0.3097 0.4446 0.3411
3 16 -15.691 -4.5962 12.2902 -21.1384 -3.8466 11.3918 -18.7645 -6.1905 9.9086 0.4446 0.3411 0.4134 0.3097 0.442 0.3049
3 16 -24.4706 -5.0517 7.4417 -21.0871 -7.3782 6.2823 -21.1384 -3.8466 11.3918 0.4074 0.2685 0.4414 0.2657 0.4134 0.3097
3 16 -21.1384 -3.8466 11.3918 -21.0871 -7.3782 6.2823 -18.7645 -6.1905 9.9086 0.4134 0.3097 0.4414 0.2657 0.442 0.3049
3 16 -26.5291 -5.6202 2.3765 -22.381 -8.026 1.562 -24.4706 -5.0517 7.4417 0.4025 0.2258 0.4412 0.2216 0.4074 0.2685
3 16 -24.4706 -5.0517 7.4417 -22.381 -8.026 1.562 -21.0871 -7.3782 6.2823 0.4074 0.2685 0.4412 0.2216 0.4414 0.2657
3 16 -26.8477 -5.0841 -3.6953 -22.1057 -7.8888 -2.9577 -26.5291 -5.6202 2.3765 0.3979 0.1785 0.4425 0.1809 0.4025 0.2258
3 16 -26.5291 -5.6202 2.3765 -22.1057 -7.8888 -2.9577 -22.381 -8.026 1.562 0.4025 0.2258 0.4425 0.1809 0.4412 0.2216
3 16 -24.2509 -4.2518 -9.6113 -20.6968 -7.1845 -7.4791 -26.8477 -5.0841 -3.6953 0.4031 0.1288 0.4431 0.1379 0.3979 0.1785
3 16 -26.8477 -5.0841 -3.6953 -20.6968 -7.1845 -7.4791 -22.1057 -7.8888 -2.9577 0.3979 0.1785 0.4431 0.1379 0.4425 0.1809
3 16 -19.9071 -0.5075 -13.7047 -17.1299 -5.363 -11.686 -24.2509 -4.2518 -9.6113 0.3964 0.0739 0.4445 0.0863 0.4031 0.1288
3 16 -24.2509 -4.2518 -9.6113 -17.1299 -5.363 -11.686 -20.6968 -7.1845 -7.4791 0.4031 0.1288 0.4445 0.0863 0.4431 0.1379
3 16 -6.6061 -1.9396 13.5464 -12.5754 -2.2857 13.0789 -6.6024 -3.0233 12.3807 0.226 0.9095 0.2747 0.9142 0.226 0.9223
3 16 -6.6024 -3.0233 12.3807 -12.5754 -2.2857 13.0789 -12.4719 -3.021 12.4066 0.226 0.9223 0.2747 0.9142 0.2739 0.9222
3 16 -16.9465 -5.1759 7.8401 -14.7698 -4.064 9.5801 -18.7645 -6.1905 9.9086 0.2228 0.8294 0.2427 0.8436 0.2059 0.846
3 16 -18.7645 -6.1905 9.9086 -14.7698 -4.064 9.5801 -15.691 -4.5962 12.2902 0.2059 0.846 0.2427 0.8436 0.234 0.8655
3 16 -21.0871 -7.3782 6.2823 -18.6824 -6.0779 5.0697 -18.7645 -6.1905 9.9086 0.1847 0.8164 0.2069 0.8067 0.2059 0.846
3 16 -18.7645 -6.1905 9.9086 -18.6824 -6.0779 5.0697 -16.9465 -5.1759 7.8401 0.2059 0.846 0.2069 0.8067 0.2228 0.8294
3 16 -22.381 -8.026 1.562 -19.8782 -6.7115 1.453 -21.0871 -7.3782 6.2823 0.1731 0.7779 0.196 0.7771 0.1847 0.8164
3 16 -21.0871 -7.3782 6.2823 -19.8782 -6.7115 1.453 -18.6824 -6.0779 5.0697 0.1847 0.8164 0.196 0.7771 0.2069 0.8067
3 16 -22.1057 -7.8888 -2.9577 -19.621 -6.5531 -2.382 -22.381 -8.026 1.562 0.1757 0.7411 0.1985 0.7459 0.1731 0.7779
3 16 -22.381 -8.026 1.562 -19.621 -6.5531 -2.382 -19.8782 -6.7115 1.453 0.1731 0.7779 0.1985 0.7459 0.196 0.7771
3 16 -20.6968 -7.1845 -7.4791 -18.351 -5.9039 -5.9812 -22.1057 -7.8888 -2.9577 0.1887 0.7043 0.2103 0.7165 0.1757 0.7411
3 16 -22.1057 -7.8888 -2.9577 -18.351 -5.9039 -5.9812 -19.621 -6.5531 -2.382 0.1757 0.7411 0.2103 0.7165 0.1985 0.7459
3 16 -15.6476 -4.5405 -9.2239 -18.351 -5.9039 -5.9812 -17.1299 -5.363 -11.686 0.2351 0.6901 0.2103 0.7165 0.2214 0.6702
3 16 -17.1299 -5.363 -11.686 -18.351 -5.9039 -5.9812 -20.6968 -7.1845 -7.4791 0.2214 0.6702 0.2103 0.7165 0.1887 0.7043
3 16 -12.9195 -2.9651 -13.6813 -12.5674 -3.0206 -12.3208 -17.1299 -5.363 -11.686 0.2608 0.654 0.2632 0.6651 0.2214 0.6702
3 16 -17.1299 -5.363 -11.686 -12.5674 -3.0206 -12.3208 -15.6476 -4.5405 -9.2239 0.2214 0.6702 0.2632 0.6651 0.2351 0.6901
3 16 -12.5674 -3.0206 -12.3208 -12.6009 -3.0217 -10.5746 -15.6476 -4.5405 -9.2239 0.2632 0.6651 0.2629 0.6792 0.2351 0.6901
3 16 -12.6009 -3.0217 -10.5746 -5.5801 -3.0177 -3.2217 -12.75 -3.025 0 0.6595 0.2619 0.7188 0.204 0.7458 0.2621
3 16 -12.75 -3.025 0 -5.5801 -3.0177 -3.2217 -6.4434 -3.0177 0 0.7458 0.2621 0.7188 0.204 0.7453 0.2108
3 16 -12.75 -3.025 0 -18.0764 -3.0207 -3.9141 -12.6009 -3.0217 -10.5746 0.7458 0.2621 0.7142 0.306 0.6595 0.2619
3 16 -12.6009 -3.0217 -10.5746 -18.0764 -3.0207 -3.9141 -15.2008 -3.0207 -8.9255 0.6595 0.2619 0.7142 0.306 0.6731 0.283
3 16 -18.0764 -3.0207 -3.9141 -12.75 -3.025 0 -18.3709 -3.0206 2.7629 0.7142 0.306 0.7458 0.2621 0.7687 0.3079
3 16 0 -1.897 13.6985 -6.6061 -1.9396 13.5464 0 -3.0233 12.4774 0.1721 0.9083 0.226 0.9095 0.1721 0.9217
3 16 0 -3.0233 12.4774 -6.6061 -1.9396 13.5464 -6.6024 -3.0233 12.3807 0.1721 0.9217 0.226 0.9095 0.226 0.9223
3 16 -12.8501 -2.9776 13.4358 -15.691 -4.5962 12.2902 -12.4719 -3.021 12.4066 0.2605 0.8751 0.234 0.8655 0.2632 0.8666
3 16 -12.4719 -3.021 12.4066 -15.691 -4.5962 12.2902 -14.7698 -4.064 9.5801 0.2632 0.8666 0.234 0.8655 0.2427 0.8436
3 16 -12.6603 3.5121 13.7454 -12.5754 -2.2857 13.0789 -10.0294 2.8721 13.7657 0.4837 0.7131 0.4842 0.6661 0.5054 0.7079
3 16 -10.0294 2.8721 13.7657 -12.5754 -2.2857 13.0789 -6.6061 -1.9396 13.5464 0.5054 0.7079 0.4842 0.6661 0.533 0.6693
3 16 -6.5913 -1.7256 -13.662 0 -1.5877 -13.8633 -6.3046 -3.0223 -12.7074 0.1751 0.4706 0.1751 0.5244 0.1633 0.473
3 16 -6.3046 -3.0223 -12.7074 0 -1.5877 -13.8633 0 -3.0222 -12.8326 0.1633 0.473 0.1751 0.5244 0.1634 0.5244
3 16 -12.6986 -1.9854 -13.1104 -6.5913 -1.7256 -13.662 -12.5674 -3.0206 -12.3208 0.1734 0.4199 0.1751 0.4706 0.1629 0.4207
3 16 -12.5674 -3.0206 -12.3208 -6.5913 -1.7256 -13.662 -6.3046 -3.0223 -12.7074 0.1629 0.4207 0.1751 0.4706 0.1633 0.473
3 16 -7.3095 5.8199 -14.41 0 5.9499 -14.3928 -6.5913 -1.7256 -13.662 0.2372 0.4649 0.2382 0.5244 0.1751 0.4706
3 16 -6.5913 -1.7256 -13.662 0 5.9499 -14.3928 0 -1.5877 -13.8633 0.1751 0.4706 0.2382 0.5244 0.1751 0.5244
3 16 -12.9195 -2.9651 -13.6813 -12.6986 -1.9854 -13.1104 -12.5674 -3.0206 -12.3208 0.3197 0.8827 0.3263 0.8894 0.3167 0.8938
3 16 -15.2008 -3.0207 -8.9255 -15.6476 -4.5405 -9.2239 -12.6009 -3.0217 -10.5746 0.8801 0.1867 0.8931 0.1892 0.8719 0.2104
3 16 -15.6476 -4.5405 -9.2239 -15.2008 -3.0207 -8.9255 -18.351 -5.9039 -5.9812 0.8931 0.1892 0.8801 0.1867 0.9112 0.1579
3 16 -18.351 -5.9039 -5.9812 -15.2008 -3.0207 -8.9255 -18.0764 -3.0207 -3.9141 0.9112 0.1579 0.8801 0.1867 0.8882 0.1402
3 16 -18.0764 -3.0207 -3.9141 -19.621 -6.5531 -2.382 -18.351 -5.9039 -5.9812 0.8882 0.1402 0.9196 0.1275 0.9112 0.1579
3 16 -19.8782 -6.7115 1.453 -19.621 -6.5531 -2.382 -18.3709 -3.0206 2.7629 0.9213 0.0961 0.9196 0.1275 0.8887 0.0857
3 16 -18.3709 -3.0206 2.7629 -19.621 -6.5531 -2.382 -18.0764 -3.0207 -3.9141 0.8887 0.0857 0.9196 0.1275 0.8882 0.1402
3 16 -18.3709 -3.0206 2.7629 -18.6824 -6.0779 5.0697 -19.8782 -6.7115 1.453 0.8887 0.0857 0.9129 0.0658 0.9213 0.0961
3 16 -16.9465 -5.1759 7.8401 -18.6824 -6.0779 5.0697 -16.6472 -3.0204 7.1597 0.901 0.0408 0.9129 0.0658 0.8837 0.0475
3 16 -16.6472 -3.0204 7.1597 -18.6824 -6.0779 5.0697 -18.3709 -3.0206 2.7629 0.8837 0.0475 0.9129 0.0658 0.8887 0.0857
3 16 -12.7825 -3.0221 10.4429 -14.7698 -4.064 9.5801 -16.6472 -3.0204 7.1597 0.8719 0.0078 0.8863 0.0212 0.8837 0.0475
3 16 -16.6472 -3.0204 7.1597 -14.7698 -4.064 9.5801 -16.9465 -5.1759 7.8401 0.8837 0.0475 0.8863 0.0212 0.901 0.0408
3 16 -12.4719 -3.021 12.4066 -14.7698 -4.064 9.5801 -12.7825 -3.0221 10.4429 0.2632 0.8666 0.2427 0.8436 0.261 0.8507
3 16 -12.4719 -3.021 12.4066 -12.5754 -2.2857 13.0789 -12.8501 -2.9776 13.4358 0.4284 0.8793 0.4356 0.8828 0.4311 0.8878
3 16 -12.5754 -2.2857 13.0789 -13.3309 0.2482 14.3919 -12.8501 -2.9776 13.4358 0.4356 0.8828 0.4586 0.8898 0.4311 0.8878
3 16 -12.5754 -2.2857 13.0789 -13.4278 3.6509 13.8209 -13.3309 0.2482 14.3919 0.4356 0.8828 0.4848 0.8793 0.4586 0.8898
3 16 -13.3309 0.2482 14.3919 -13.4278 3.6509 13.8209 -13.6303 3.9422 14.8229 0.4586 0.8898 0.4848 0.8793 0.489 0.8869
3 16 -7.3664 16.3287 13.6736 -9.9878 16.5888 13.8192 -7.408 16.086 13.884 0.5268 0.8188 0.5053 0.8199 0.528 0.8165
3 16 -16.7894 9.7635 17.8031 -16.2886 12.3545 17.8031 -16.7894 9.765 9.9824 0.0688 0.2703 0.0689 0.2917 0.0081 0.2695
3 16 -16.7894 9.765 9.9824 -16.2886 12.3545 17.8031 -16.2886 12.3545 9.9823 0.0081 0.2695 0.0689 0.2917 0.0085 0.2914
3 16 -9.9878 16.5888 13.8192 -9.9877 16.5871 17.7966 -7.408 16.086 13.884 0.0634 0.0078 0.0949 0.0152 0.0588 0.0303
3 16 -7.408 16.086 13.884 -9.9877 16.5871 17.7966 -7.4076 16.0832 17.8031 0.0588 0.0303 0.0949 0.0152 0.0902 0.0361
3 16 -12.6109 16.0491 9.9823 -9.9878 16.5888 13.8192 -10.0133 16.5322 9.9823 0.0094 0.3359 0.0372 0.3568 0.0097 0.3566
3 16 -14.8145 14.5937 9.9823 -14.8144 14.5937 17.8031 -12.6109 16.0491 9.9823 0.0089 0.3128 0.069 0.3132 0.0094 0.3359
3 16 -12.6109 16.0491 9.9823 -14.8144 14.5937 17.8031 -12.6109 16.0491 17.8031 0.0094 0.3359 0.069 0.3132 0.0692 0.3346
3 16 -16.2886 12.3545 9.9823 -16.2886 12.3545 17.8031 -14.8145 14.5937 9.9823 0.0085 0.2914 0.0689 0.2917 0.0089 0.3128
3 16 -14.8145 14.5937 9.9823 -16.2886 12.3545 17.8031 -14.8144 14.5937 17.8031 0.0089 0.3128 0.0689 0.2917 0.069 0.3132
3 16 -16.317 7.1068 15.1239 -16.3157 7.1086 17.8031 -16.5854 8.3897 15.083 0.047 0.248 0.0688 0.2489 0.0466 0.2591
3 16 -16.5854 8.3897 15.083 -16.3157 7.1086 17.8031 -16.7894 9.7635 17.8031 0.0466 0.2591 0.0688 0.2489 0.0688 0.2703
3 16 -14.8518 4.9179 17.8033 -16.3157 7.1086 17.8031 -14.8534 4.9161 15.1336 0.0691 0.2275 0.0688 0.2489 0.0474 0.2274
3 16 -14.8534 4.9161 15.1336 -16.3157 7.1086 17.8031 -16.317 7.1068 15.1239 0.0474 0.2274 0.0688 0.2489 0.047 0.248
3 16 -12.662 3.5137 17.8033 -14.8518 4.9179 17.8033 -13.6303 3.9422 14.8229 0.0697 0.206 0.0691 0.2275 0.0451 0.2146
3 16 -13.6303 3.9422 14.8229 -14.8518 4.9179 17.8033 -14.8534 4.9161 15.1336 0.0451 0.2146 0.0691 0.2275 0.0474 0.2274
3 16 -13.4278 3.6509 13.8209 -12.6603 3.5121 13.7454 -13.6303 3.9422 14.8229 0.0368 0.2119 0.0366 0.2052 0.0451 0.2146
3 16 -13.6303 3.9422 14.8229 -12.6603 3.5121 13.7454 -12.662 3.5137 17.8033 0.0451 0.2146 0.0366 0.2052 0.0697 0.206
3 16 -10.0285 2.873 17.8031 -12.662 3.5137 17.8033 -10.0294 2.8721 13.7657 0.0706 0.1846 0.0697 0.206 0.0376 0.1829
3 16 -10.0294 2.8721 13.7657 -12.662 3.5137 17.8033 -12.6603 3.5121 13.7454 0.0376 0.1829 0.0697 0.206 0.0366 0.2052
3 16 -7.3934 3.397 17.8031 -10.0285 2.873 17.8031 -7.3936 3.3963 13.9146 0.0719 0.1632 0.0706 0.1846 0.0402 0.1605
3 16 -7.3936 3.3963 13.9146 -10.0285 2.873 17.8031 -10.0294 2.8721 13.7657 0.0402 0.1605 0.0706 0.1846 0.0376 0.1829
3 16 0 -1.897 13.6985 0 7.1576 13.8083 -5.1599 4.8891 13.9139 0.5869 0.6697 0.5869 0.7434 0.5456 0.7244
3 16 -5.1599 4.8891 13.9139 0 7.1576 13.8083 -3.6673 7.1227 13.9168 0.5456 0.7244 0.5869 0.7434 0.558 0.7429
3 16 0 16.3237 13.6866 -3.6672 12.3923 13.9173 0 9.7527 13.8359 0.5869 0.8181 0.5579 0.7863 0.5869 0.7646
3 16 0 9.7527 13.8359 -3.6672 12.3923 13.9173 -3.1432 9.7525 13.9157 0.5869 0.7646 0.5579 0.7863 0.5623 0.7646
3 16 0 16.3237 13.6866 -5.1598 14.6262 13.9167 -3.6672 12.3923 13.9173 0.5869 0.8181 0.5456 0.8048 0.5579 0.7863
3 16 -7.3664 16.3287 13.6736 -7.408 16.086 13.884 0 16.3237 13.6866 0.5268 0.8188 0.528 0.8165 0.5869 0.8181
3 16 -7.408 16.086 13.884 -5.1598 14.6262 13.9167 0 16.3237 13.6866 0.528 0.8165 0.5456 0.8048 0.5869 0.8181
3 16 -5.1599 4.8891 13.9139 -5.1599 4.8894 17.8031 -7.3936 3.3963 13.9146 0.0421 0.1388 0.0737 0.1419 0.0402 0.1605
3 16 -7.3936 3.3963 13.9146 -5.1599 4.8894 17.8031 -7.3934 3.397 17.8031 0.0402 0.1605 0.0737 0.1419 0.0719 0.1632
3 16 -3.6675 7.1229 17.8031 -5.1599 4.8894 17.8031 -3.6673 7.1227 13.9168 0.076 0.1206 0.0737 0.1419 0.0445 0.1168
3 16 -3.6673 7.1227 13.9168 -5.1599 4.8894 17.8031 -5.1599 4.8891 13.9139 0.0445 0.1168 0.0737 0.1419 0.0421 0.1388
3 16 -3.1432 9.7525 13.9157 -3.1435 9.7525 17.8031 -3.6673 7.1227 13.9168 0.0474 0.0948 0.0788 0.0993 0.0445 0.1168
3 16 -3.6673 7.1227 13.9168 -3.1435 9.7525 17.8031 -3.6675 7.1229 17.8031 0.0445 0.1168 0.0788 0.0993 0.076 0.1206
3 16 -3.6672 12.3923 13.9173 -3.6675 12.3921 17.8031 -3.1432 9.7525 13.9157 0.0508 0.0729 0.0821 0.0782 0.0474 0.0948
3 16 -3.1432 9.7525 13.9157 -3.6675 12.3921 17.8031 -3.1435 9.7525 17.8031 0.0474 0.0948 0.0821 0.0782 0.0788 0.0993
3 16 -5.1598 14.6262 13.9167 -5.16 14.6257 17.8031 -3.6672 12.3923 13.9173 0.0548 0.0511 0.0859 0.0571 0.0508 0.0729
3 16 -3.6672 12.3923 13.9173 -5.16 14.6257 17.8031 -3.6675 12.3921 17.8031 0.0508 0.0729 0.0859 0.0571 0.0821 0.0782
3 16 -7.408 16.086 13.884 -7.4076 16.0832 17.8031 -5.1598 14.6262 13.9167 0.0588 0.0303 0.0902 0.0361 0.0548 0.0511
3 16 -5.1598 14.6262 13.9167 -7.4076 16.0832 17.8031 -5.16 14.6257 17.8031 0.0548 0.0511 0.0902 0.0361 0.0859 0.0571
3 16 -6.6061 -1.9396 13.5464 -7.3936 3.3963 13.9146 -10.0294 2.8721 13.7657 0.533 0.6693 0.5276 0.7124 0.5054 0.7079
3 16 -16.7894 9.7635 17.8031 -16.7894 9.765 9.9824 -16.5854 8.3897 15.083 0.0688 0.2703 0.0081 0.2695 0.0466 0.2591
3 16 -16.5854 8.3897 15.083 -16.7894 9.765 9.9824 -16.9643 9.0014 9.9889 0.0466 0.2591 0.0081 0.2695 0.0078 0.2636
3 16 -3.1503 -3.0177 5.4356 -5.5803 -3.0177 3.2214 -3.1503 0.0177 5.4356 0.97 0.0462 0.97 0.0731 0.9455 0.0462
3 16 -3.1503 0.0177 5.4356 -5.5803 -3.0177 3.2214 -5.5803 0.0177 3.2214 0.9455 0.0462 0.97 0.0731 0.9455 0.0731
3 16 0 -3.0112 8.064 -1.0937 -3.0177 8.0364 0 0.0112 8.064 0.97 0.0078 0.97 0.0168 0.9455 0.0078
3 16 0 0.0112 8.064 -1.0937 -3.0177 8.0364 -1.0937 0.0177 8.0364 0.9455 0.0078 0.97 0.0168 0.9455 0.0168
3 16 -3.2217 -3.0177 -5.5801 0 -3.0177 -6.4434 -3.2217 0.0177 -5.5801 0.97 0.1549 0.97 0.1822 0.9455 0.1549
3 16 -3.2217 0.0177 -5.5801 0 -3.0177 -6.4434 0 0.0177 -6.4434 0.9455 0.1549 0.97 0.1822 0.9455 0.1822
3 16 -5.5801 0.0177 -3.2217 -5.5801 -3.0177 -3.2217 -3.2217 0.0177 -5.5801 0.9455 0.1276 0.97 0.1276 0.9455 0.1549
3 16 -3.2217 0.0177 -5.5801 -5.5801 -3.0177 -3.2217 -3.2217 -3.0177 -5.5801 0.9455 0.1549 0.97 0.1276 0.97 0.1549
3 16 -6.4434 -3.0177 0 -5.5801 -3.0177 -3.2217 -6.4434 0.0177 0 0.97 0.1004 0.97 0.1276 0.9455 0.1004
3 16 -6.4434 0.0177 0 -5.5801 -3.0177 -3.2217 -5.5801 0.0177 -3.2217 0.9455 0.1004 0.97 0.1276 0.9455 0.1276
3 16 -5.5803 -3.0177 3.2214 -6.4434 -3.0177 0 -5.5803 0.0177 3.2214 0.97 0.0731 0.97 0.1004 0.9455 0.0731
3 16 -5.5803 0.0177 3.2214 -6.4434 -3.0177 0 -6.4434 0.0177 0 0.9455 0.0731 0.97 0.1004 0.9455 0.1004
3 16 -2.4243 -3.0177 5.6393 -3.1503 -3.0177 5.4356 -2.4243 0.0177 5.6393 0.97 0.0401 0.97 0.0462 0.9455 0.0401
3 16 -2.4243 0.0177 5.6393 -3.1503 -3.0177 5.4356 -3.1503 0.0177 5.4356 0.9455 0.0401 0.97 0.0462 0.9455 0.0462
3 16 -1.6471 -3.0177 7.4042 -1.7005 -3.0177 6.5728 -1.6471 0.0177 7.4042 0.97 0.0237 0.97 0.0305 0.9455 0.0237
3 16 -1.6471 0.0177 7.4042 -1.7005 -3.0177 6.5728 -1.7005 0.0177 6.5728 0.9455 0.0237 0.97 0.0305 0.9455 0.0305
3 16 -1.6471 0.0177 7.4042 -1.0937 0.0177 8.0364 -1.6471 -3.0177 7.4042 0.9455 0.0237 0.9455 0.0168 0.97 0.0237
3 16 -1.6471 -3.0177 7.4042 -1.0937 0.0177 8.0364 -1.0937 -3.0177 8.0364 0.97 0.0237 0.9455 0.0168 0.97 0.0168
3 16 -1.7005 -3.0177 6.5728 -2.4243 -3.0177 5.6393 -1.7005 0.0177 6.5728 0.97 0.0305 0.97 0.0401 0.9455 0.0305
3 16 -1.7005 0.0177 6.5728 -2.4243 -3.0177 5.6393 -2.4243 0.0177 5.6393 0.9455 0.0305 0.97 0.0401 0.9455 0.0401
3 16 -5.5803 0.0177 3.2214 -6.4434 0.0177 0 -18.5777 0.0249 4.0946 0.2053 0.1633 0.1787 0.1566 0.2094 0.0569
3 16 -18.5777 0.0249 4.0946 -6.4434 0.0177 0 -19.5057 0.0249 -0.1435 0.2094 0.0569 0.1787 0.1566 0.1748 0.0515
3 16 -19.5057 0.0249 -0.1435 -6.4434 0.0177 0 -19.0218 0.0249 -3.5605 0.1748 0.0515 0.1787 0.1566 0.1474 0.0554
3 16 -19.0218 0.0249 -3.5605 -6.4434 0.0177 0 -5.5801 0.0177 -3.2217 0.1474 0.0554 0.1787 0.1566 0.1522 0.164
3 16 0 0.0177 -6.4434 -15.1892 0.0112 -9.9776 -3.2217 0.0177 -5.5801 0.1262 0.21 0.094 0.0863 0.133 0.1836
3 16 -3.2217 0.0177 -5.5801 -15.1892 0.0112 -9.9776 -16.6347 0.025 -7.8911 0.133 0.1836 0.094 0.0863 0.1125 0.0741
3 16 -6.3046 -3.0223 -12.7074 0 -3.0222 -12.8326 -3.2217 -3.0177 -5.5801 0.6417 0.2107 0.6401 0.1593 0.6994 0.1849
3 16 -3.2217 -3.0177 -5.5801 0 -3.0222 -12.8326 0 -3.0177 -6.4434 0.6994 0.1849 0.6401 0.1593 0.6921 0.1587
3 16 -12.6009 -3.0217 -10.5746 -6.3046 -3.0223 -12.7074 -5.5801 -3.0177 -3.2217 0.6595 0.2619 0.6417 0.2107 0.7188 0.204
3 16 -5.5801 -3.0177 -3.2217 -6.3046 -3.0223 -12.7074 -3.2217 -3.0177 -5.5801 0.7188 0.204 0.6417 0.2107 0.6994 0.1849
3 16 -19.3041 3.3182 14.1182 -14.8534 4.9161 15.1336 -16.317 7.1068 15.1239 0.3725 0.3593 0.3815 0.3977 0.3601 0.3969
3 16 -2.4243 0.0177 5.6393 -3.1503 0.0177 5.4356 -1.7005 0.0177 6.5728 0.2295 0.188 0.2238 0.183 0.2355 0.1914
3 16 -1.7005 0.0177 6.5728 -3.1503 0.0177 5.4356 -1.6471 0.0177 7.4042 0.2355 0.1914 0.2238 0.183 0.241 0.1925
3 16 -16.2886 12.3545 17.8031 -15.5537 12.9661 17.8031 -14.8144 14.5937 17.8031 0.2658 0.7929 0.2722 0.7969 0.281 0.8081
3 16 -14.8144 14.5937 17.8031 -15.5537 12.9661 17.8031 -13.2011 15.3187 17.8031 0.281 0.8081 0.2722 0.7969 0.2947 0.8119
3 16 -16.7894 9.7635 17.8031 -16.4148 9.7525 17.8031 -16.2886 12.3545 17.8031 0.2576 0.7731 0.2602 0.7726 0.2658 0.7929
3 16 -16.2886 12.3545 17.8031 -16.4148 9.7525 17.8031 -15.5537 12.9661 17.8031 0.2658 0.7929 0.2602 0.7726 0.2722 0.7969
3 16 -16.7894 9.7635 17.8031 -16.3157 7.1086 17.8031 -16.4148 9.7525 17.8031 0.2576 0.7731 0.2576 0.7517 0.2602 0.7726
3 16 -16.4148 9.7525 17.8031 -16.3157 7.1086 17.8031 -15.5537 6.5389 17.8031 0.2602 0.7726 0.2576 0.7517 0.262 0.7456
3 16 -16.3157 7.1086 17.8031 -14.8518 4.9179 17.8033 -15.5537 6.5389 17.8031 0.2576 0.7517 0.2658 0.7319 0.262 0.7456
3 16 -15.5537 6.5389 17.8031 -14.8518 4.9179 17.8033 -13.2011 4.1863 17.8031 0.262 0.7456 0.2658 0.7319 0.277 0.7231
3 16 -14.8518 4.9179 17.8033 -12.662 3.5137 17.8033 -13.2011 4.1863 17.8031 0.2658 0.7319 0.281 0.7168 0.277 0.7231
3 16 -10.0285 2.873 17.8031 -9.9875 3.3253 17.8031 -12.662 3.5137 17.8033 0.3008 0.7086 0.3013 0.7112 0.281 0.7168
3 16 -12.662 3.5137 17.8033 -9.9875 3.3253 17.8031 -13.2011 4.1863 17.8031 0.281 0.7168 0.3013 0.7112 0.277 0.7231
3 16 -10.0285 2.873 17.8031 -7.3934 3.397 17.8031 -9.9875 3.3253 17.8031 0.3008 0.7086 0.3222 0.7086 0.3013 0.7112
3 16 -9.9875 3.3253 17.8031 -7.3934 3.397 17.8031 -6.7739 4.1863 17.8031 0.3013 0.7112 0.3222 0.7086 0.3283 0.7129
3 16 -7.3934 3.397 17.8031 -5.1599 4.8894 17.8031 -6.7739 4.1863 17.8031 0.3222 0.7086 0.342 0.7168 0.3283 0.7129
3 16 -6.7739 4.1863 17.8031 -5.1599 4.8894 17.8031 -4.4213 6.5389 17.8031 0.3283 0.7129 0.342 0.7168 0.3508 0.728
3 16 -4.4213 6.5389 17.8031 -5.1599 4.8894 17.8031 -3.6675 7.1229 17.8031 0.3508 0.728 0.342 0.7168 0.3571 0.7319
3 16 -4.4213 6.5389 17.8031 -3.6675 7.1229 17.8031 -3.5602 9.7525 17.8031 0.3508 0.728 0.3571 0.7319 0.3627 0.7522
3 16 -3.5602 9.7525 17.8031 -3.6675 7.1229 17.8031 -3.1435 9.7525 17.8031 0.3627 0.7522 0.3571 0.7319 0.3653 0.7517
3 16 -4.4213 12.9661 17.8031 -3.5602 9.7525 17.8031 -3.6675 12.3921 17.8031 0.361 0.7792 0.3627 0.7522 0.3653 0.7731
3 16 -3.6675 12.3921 17.8031 -3.5602 9.7525 17.8031 -3.1435 9.7525 17.8031 0.3653 0.7731 0.3627 0.7522 0.3653 0.7517
3 16 -6.7739 15.3187 17.8031 -4.4213 12.9661 17.8031 -5.16 14.6257 17.8031 0.3459 0.8017 0.361 0.7792 0.3571 0.7929
3 16 -5.16 14.6257 17.8031 -4.4213 12.9661 17.8031 -3.6675 12.3921 17.8031 0.3571 0.7929 0.361 0.7792 0.3653 0.7731
3 16 -6.7739 15.3187 17.8031 -5.16 14.6257 17.8031 -7.4076 16.0832 17.8031 0.3459 0.8017 0.3571 0.7929 0.342 0.8081
3 16 -6.7739 15.3187 17.8031 -7.4076 16.0832 17.8031 -9.9875 16.1844 17.7966 0.3459 0.8017 0.342 0.8081 0.3217 0.8137
3 16 -9.9875 16.1844 17.7966 -7.4076 16.0832 17.8031 -9.9877 16.5871 17.7966 0.3217 0.8137 0.342 0.8081 0.3222 0.8163
3 16 -13.2011 15.3187 17.8031 -9.9875 16.1844 17.7966 -12.6109 16.0491 17.8031 0.2947 0.8119 0.3217 0.8137 0.3008 0.8163
3 16 -12.6109 16.0491 17.8031 -9.9875 16.1844 17.7966 -9.9877 16.5871 17.7966 0.3008 0.8163 0.3217 0.8137 0.3222 0.8163
3 16 -14.8144 14.5937 17.8031 -13.2011 15.3187 17.8031 -12.6109 16.0491 17.8031 0.281 0.8081 0.2947 0.8119 0.3008 0.8163
3 16 -15.5537 6.5388 22.2521 -13.2012 4.1863 22.2521 -13.7034 7.8797 22.2632 0.7253 0.8494 0.7389 0.8728 0.7111 0.8609
3 16 -13.7034 7.8797 22.2632 -13.2012 4.1863 22.2521 -11.8603 6.0366 22.2632 0.7111 0.8609 0.7389 0.8728 0.7217 0.8794
3 16 -14.2051 9.7525 22.2632 -16.4148 9.7525 22.2521 -13.7034 7.8797 22.2632 0.6973 0.853 0.7019 0.8359 0.7111 0.8609
3 16 -13.7034 7.8797 22.2632 -16.4148 9.7525 22.2521 -15.5537 6.5388 22.2521 0.7111 0.8609 0.7019 0.8359 0.7253 0.8494
3 16 -15.5537 12.9662 22.2521 -16.4148 9.7525 22.2521 -13.7034 11.6253 22.2632 0.6749 0.8359 0.7019 0.8359 0.6814 0.853
3 16 -13.7034 11.6253 22.2632 -16.4148 9.7525 22.2521 -14.2051 9.7525 22.2632 0.6814 0.853 0.7019 0.8359 0.6973 0.853
3 16 -11.8603 13.4684 22.2632 -13.2012 15.3187 22.2521 -13.7034 11.6253 22.2632 0.663 0.8637 0.6514 0.8494 0.6814 0.853
3 16 -13.7034 11.6253 22.2632 -13.2012 15.3187 22.2521 -15.5537 12.9662 22.2521 0.6814 0.853 0.6514 0.8494 0.6749 0.8359
3 16 -9.9875 13.9701 22.2632 -9.9875 16.1845 22.2457 -11.8603 13.4684 22.2632 0.655 0.8774 0.6379 0.8728 0.663 0.8637
3 16 -11.8603 13.4684 22.2632 -9.9875 16.1845 22.2457 -13.2012 15.3187 22.2521 0.663 0.8637 0.6379 0.8728 0.6514 0.8494
3 16 -6.7739 15.3187 22.2521 -9.9875 16.1845 22.2457 -8.1147 13.4684 22.2632 0.6379 0.8999 0.6379 0.8728 0.655 0.8933
3 16 -8.1147 13.4684 22.2632 -9.9875 16.1845 22.2457 -9.9875 13.9701 22.2632 0.655 0.8933 0.6379 0.8728 0.655 0.8774
3 16 -6.2716 11.6253 22.2632 -4.4213 12.9662 22.2521 -8.1147 13.4684 22.2632 0.6657 0.9118 0.6514 0.9233 0.655 0.8933
3 16 -8.1147 13.4684 22.2632 -4.4213 12.9662 22.2521 -6.7739 15.3187 22.2521 0.655 0.8933 0.6514 0.9233 0.6379 0.8999
3 16 -5.7699 9.7525 22.2632 -3.5602 9.7525 22.2521 -6.2716 11.6253 22.2632 0.6794 0.9197 0.6749 0.9368 0.6657 0.9118
3 16 -6.2716 11.6253 22.2632 -3.5602 9.7525 22.2521 -4.4213 12.9662 22.2521 0.6657 0.9118 0.6749 0.9368 0.6514 0.9233
3 16 -4.4213 6.5388 22.2521 -3.5602 9.7525 22.2521 -6.2716 7.8797 22.2632 0.7019 0.9368 0.6749 0.9368 0.6953 0.9197
3 16 -6.2716 7.8797 22.2632 -3.5602 9.7525 22.2521 -5.7699 9.7525 22.2632 0.6953 0.9197 0.6749 0.9368 0.6794 0.9197
3 16 -8.1147 6.0366 22.2632 -6.7739 4.1863 22.2521 -6.2716 7.8797 22.2632 0.7138 0.9091 0.7253 0.9233 0.6953 0.9197
3 16 -6.2716 7.8797 22.2632 -6.7739 4.1863 22.2521 -4.4213 6.5388 22.2521 0.6953 0.9197 0.7253 0.9233 0.7019 0.9368
3 16 -9.9875 5.5397 22.2567 -9.9875 3.3252 22.2521 -8.1147 6.0366 22.2632 0.7217 0.8953 0.7389 0.8999 0.7138 0.9091
3 16 -8.1147 6.0366 22.2632 -9.9875 3.3252 22.2521 -6.7739 4.1863 22.2521 0.7138 0.9091 0.7389 0.8999 0.7253 0.9233
3 16 -13.2012 4.1863 22.2521 -9.9875 3.3252 22.2521 -11.8603 6.0366 22.2632 0.7389 0.8728 0.7389 0.8999 0.7217 0.8794
3 16 -11.8603 6.0366 22.2632 -9.9875 3.3252 22.2521 -9.9875 5.5397 22.2567 0.7217 0.8794 0.7389 0.8999 0.7217 0.8953
3 16 -4.4213 6.5389 17.8031 -4.4213 6.5388 22.2521 -6.7739 4.1863 17.8031 0.9136 0.6463 0.8773 0.6463 0.9136 0.6193
3 16 -6.7739 4.1863 17.8031 -4.4213 6.5388 22.2521 -6.7739 4.1863 22.2521 0.9136 0.6193 0.8773 0.6463 0.8773 0.6193
3 16 -3.5602 9.7525 17.8031 -3.5602 9.7525 22.2521 -4.4213 6.5389 17.8031 0.9136 0.6734 0.8773 0.6734 0.9136 0.6463
3 16 -4.4213 6.5389 17.8031 -3.5602 9.7525 22.2521 -4.4213 6.5388 22.2521 0.9136 0.6463 0.8773 0.6734 0.8773 0.6463
3 16 -4.4213 12.9661 17.8031 -4.4213 12.9662 22.2521 -3.5602 9.7525 17.8031 0.9136 0.7004 0.8773 0.7004 0.9136 0.6734
3 16 -3.5602 9.7525 17.8031 -4.4213 12.9662 22.2521 -3.5602 9.7525 22.2521 0.9136 0.6734 0.8773 0.7004 0.8773 0.6734
3 16 -6.7739 15.3187 17.8031 -6.7739 15.3187 22.2521 -4.4213 12.9661 17.8031 0.9136 0.7275 0.8773 0.7275 0.9136 0.7004
3 16 -4.4213 12.9661 17.8031 -6.7739 15.3187 22.2521 -4.4213 12.9662 22.2521 0.9136 0.7004 0.8773 0.7275 0.8773 0.7004
3 16 -9.9875 16.1844 17.7966 -9.9875 16.1845 22.2457 -6.7739 15.3187 17.8031 0.9136 0.7545 0.8773 0.7545 0.9136 0.7275
3 16 -6.7739 15.3187 17.8031 -9.9875 16.1845 22.2457 -6.7739 15.3187 22.2521 0.9136 0.7275 0.8773 0.7545 0.8773 0.7275
3 16 -13.2011 15.3187 17.8031 -13.2012 15.3187 22.2521 -9.9875 16.1844 17.7966 0.9136 0.4569 0.8773 0.4569 0.9136 0.4299
3 16 -9.9875 16.1844 17.7966 -13.2012 15.3187 22.2521 -9.9875 16.1845 22.2457 0.9136 0.4299 0.8773 0.4569 0.8773 0.4299
3 16 -15.5537 12.9661 17.8031 -15.5537 12.9662 22.2521 -13.2011 15.3187 17.8031 0.9136 0.484 0.8773 0.484 0.9136 0.4569
3 16 -13.2011 15.3187 17.8031 -15.5537 12.9662 22.2521 -13.2012 15.3187 22.2521 0.9136 0.4569 0.8773 0.484 0.8773 0.4569
3 16 -16.4148 9.7525 17.8031 -16.4148 9.7525 22.2521 -15.5537 12.9661 17.8031 0.9136 0.511 0.8773 0.511 0.9136 0.484
3 16 -15.5537 12.9661 17.8031 -16.4148 9.7525 22.2521 -15.5537 12.9662 22.2521 0.9136 0.484 0.8773 0.511 0.8773 0.484
3 16 -15.5537 6.5389 17.8031 -15.5537 6.5388 22.2521 -16.4148 9.7525 17.8031 0.9136 0.5381 0.8773 0.5381 0.9136 0.511
3 16 -16.4148 9.7525 17.8031 -15.5537 6.5388 22.2521 -16.4148 9.7525 22.2521 0.9136 0.511 0.8773 0.5381 0.8773 0.511
3 16 -13.2011 4.1863 17.8031 -13.2012 4.1863 22.2521 -15.5537 6.5389 17.8031 0.9136 0.5652 0.8773 0.5652 0.9136 0.5381
3 16 -15.5537 6.5389 17.8031 -13.2012 4.1863 22.2521 -15.5537 6.5388 22.2521 0.9136 0.5381 0.8773 0.5652 0.8773 0.5381
3 16 -9.9875 3.3253 17.8031 -9.9875 3.3252 22.2521 -13.2011 4.1863 17.8031 0.9136 0.5922 0.8773 0.5922 0.9136 0.5652
3 16 -13.2011 4.1863 17.8031 -9.9875 3.3252 22.2521 -13.2012 4.1863 22.2521 0.9136 0.5652 0.8773 0.5922 0.8773 0.5652
3 16 -6.7739 4.1863 22.2521 -9.9875 3.3252 22.2521 -6.7739 4.1863 17.8031 0.8773 0.6193 0.8773 0.5922 0.9136 0.6193
3 16 -6.7739 4.1863 17.8031 -9.9875 3.3252 22.2521 -9.9875 3.3253 17.8031 0.9136 0.6193 0.8773 0.5922 0.9136 0.5922
3 16 -14.5475 6.0445 -15.1015 -12.9195 -2.9651 -13.6813 -19.9071 -0.5075 -13.7047 0.3762 0.0078 0.447 0.0418 0.3964 0.0739
3 16 -19.9071 -0.5075 -13.7047 -12.9195 -2.9651 -13.6813 -17.1299 -5.363 -11.686 0.3964 0.0739 0.447 0.0418 0.4445 0.0863
3 16 -14.5475 6.0445 -15.1015 -19.9071 -0.5075 -13.7047 -21.6944 5.9248 -14.1035 0.3762 0.0078 0.3964 0.0739 0.3429 0.0593
3 16 -6.9861 11.4853 13.7581 -8.2546 12.7539 13.7581 -9.9875 9.7525 13.765 0.0955 0.4049 0.1029 0.4176 0.0754 0.425
3 16 -8.2546 12.7539 13.7581 -9.9875 13.2182 13.7581 -9.9875 9.7525 13.765 0.1029 0.4176 0.1029 0.4323 0.0754 0.425
3 16 -9.9875 13.2182 13.7581 -11.7203 12.7539 13.7581 -9.9875 9.7525 13.765 0.1029 0.4323 0.0955 0.4451 0.0754 0.425
3 16 -11.7203 12.7539 13.7581 -12.9889 11.4854 13.7581 -9.9875 9.7525 13.765 0.0955 0.4451 0.0828 0.4524 0.0754 0.425
3 16 -12.9889 11.4854 13.7581 -13.4532 9.7525 13.7581 -9.9875 9.7525 13.765 0.0828 0.4524 0.0681 0.4524 0.0754 0.425
3 16 -13.4532 9.7525 13.7581 -12.9889 8.0197 13.7581 -9.9875 9.7525 13.765 0.0681 0.4524 0.0554 0.4451 0.0754 0.425
3 16 -12.9889 8.0197 13.7581 -11.7204 6.7511 13.7581 -9.9875 9.7525 13.765 0.0554 0.4451 0.048 0.4323 0.0754 0.425
3 16 -11.7204 6.7511 13.7581 -9.9875 6.2915 13.752 -9.9875 9.7525 13.765 0.048 0.4323 0.048 0.4176 0.0754 0.425
3 16 -9.9875 6.2915 13.752 -8.2547 6.7511 13.7581 -9.9875 9.7525 13.765 0.048 0.4176 0.0554 0.4049 0.0754 0.425
3 16 -8.2547 6.7511 13.7581 -6.9861 8.0196 13.7581 -9.9875 9.7525 13.765 0.0554 0.4049 0.0681 0.3975 0.0754 0.425
3 16 -6.9861 8.0196 13.7581 -6.5218 9.7525 13.7581 -9.9875 9.7525 13.765 0.0681 0.3975 0.0828 0.3975 0.0754 0.425
3 16 -6.5218 9.7525 13.7581 -6.9861 11.4853 13.7581 -9.9875 9.7525 13.765 0.0828 0.3975 0.0955 0.4049 0.0754 0.425
3 16 -13.7034 7.8797 17.2577 -14.205 9.7525 17.2577 -13.7034 7.8797 22.2632 0.9648 0.4707 0.9648 0.4866 0.924 0.4707
3 16 -13.7034 7.8797 22.2632 -14.205 9.7525 17.2577 -14.2051 9.7525 22.2632 0.924 0.4707 0.9648 0.4866 0.924 0.4866
3 16 -11.8603 6.0366 17.2577 -13.7034 7.8797 17.2577 -11.8603 6.0366 22.2632 0.9648 0.4494 0.9648 0.4707 0.924 0.4494
3 16 -11.8603 6.0366 22.2632 -13.7034 7.8797 17.2577 -13.7034 7.8797 22.2632 0.924 0.4494 0.9648 0.4707 0.924 0.4707
3 16 -9.9875 5.5397 17.2512 -11.8603 6.0366 17.2577 -9.9875 5.5397 22.2567 0.9648 0.4335 0.9648 0.4494 0.924 0.4335
3 16 -9.9875 5.5397 22.2567 -11.8603 6.0366 17.2577 -11.8603 6.0366 22.2632 0.924 0.4335 0.9648 0.4494 0.924 0.4494
3 16 -8.1147 6.0366 17.2577 -9.9875 5.5397 17.2512 -8.1147 6.0366 22.2632 0.9648 0.63 0.9648 0.6458 0.924 0.63
3 16 -8.1147 6.0366 22.2632 -9.9875 5.5397 17.2512 -9.9875 5.5397 22.2567 0.924 0.63 0.9648 0.6458 0.924 0.6458
3 16 -6.2716 7.8797 17.2577 -8.1147 6.0366 17.2577 -6.2716 7.8797 22.2632 0.9648 0.6086 0.9648 0.63 0.924 0.6086
3 16 -6.2716 7.8797 22.2632 -8.1147 6.0366 17.2577 -8.1147 6.0366 22.2632 0.924 0.6086 0.9648 0.63 0.924 0.63
3 16 -5.77 9.7525 17.2577 -6.2716 7.8797 17.2577 -5.7699 9.7525 22.2632 0.9648 0.5927 0.9648 0.6086 0.924 0.5927
3 16 -5.7699 9.7525 22.2632 -6.2716 7.8797 17.2577 -6.2716 7.8797 22.2632 0.924 0.5927 0.9648 0.6086 0.924 0.6086
3 16 -6.2716 11.6253 17.2577 -5.77 9.7525 17.2577 -6.2716 11.6253 22.2632 0.9648 0.5769 0.9648 0.5927 0.924 0.5769
3 16 -6.2716 11.6253 22.2632 -5.77 9.7525 17.2577 -5.7699 9.7525 22.2632 0.924 0.5769 0.9648 0.5927 0.924 0.5927
3 16 -8.1147 13.4684 17.2577 -6.2716 11.6253 17.2577 -8.1147 13.4684 22.2632 0.9648 0.5555 0.9648 0.5769 0.924 0.5555
3 16 -8.1147 13.4684 22.2632 -6.2716 11.6253 17.2577 -6.2716 11.6253 22.2632 0.924 0.5555 0.9648 0.5769 0.924 0.5769
3 16 -9.9875 13.97 17.2577 -8.1147 13.4684 17.2577 -9.9875 13.9701 22.2632 0.9648 0.5397 0.9648 0.5555 0.924 0.5397
3 16 -9.9875 13.9701 22.2632 -8.1147 13.4684 17.2577 -8.1147 13.4684 22.2632 0.924 0.5397 0.9648 0.5555 0.924 0.5555
3 16 -11.8603 13.4684 17.2577 -9.9875 13.97 17.2577 -11.8603 13.4684 22.2632 0.9648 0.5238 0.9648 0.5397 0.924 0.5238
3 16 -11.8603 13.4684 22.2632 -9.9875 13.97 17.2577 -9.9875 13.9701 22.2632 0.924 0.5238 0.9648 0.5397 0.924 0.5397
3 16 -13.7034 11.6253 17.2577 -11.8603 13.4684 17.2577 -13.7034 11.6253 22.2632 0.9648 0.5025 0.9648 0.5238 0.924 0.5025
3 16 -13.7034 11.6253 22.2632 -11.8603 13.4684 17.2577 -11.8603 13.4684 22.2632 0.924 0.5025 0.9648 0.5238 0.924 0.5238
3 16 -14.205 9.7525 17.2577 -13.7034 11.6253 17.2577 -14.2051 9.7525 22.2632 0.9648 0.4866 0.9648 0.5025 0.924 0.4866
3 16 -14.2051 9.7525 22.2632 -13.7034 11.6253 17.2577 -13.7034 11.6253 22.2632 0.924 0.4866 0.9648 0.5025 0.924 0.5025
3 16 -6.8378 11.571 17.2581 -8.169 12.9022 17.2581 -6.9861 11.4853 13.7581 0.0423 0.8467 0.0429 0.8621 0.0138 0.8481
3 16 -6.9861 11.4853 13.7581 -8.169 12.9022 17.2581 -8.2546 12.7539 13.7581 0.0138 0.8481 0.0429 0.8621 0.0143 0.8628
3 16 -8.169 12.9022 17.2581 -9.9875 13.3895 17.2581 -8.2546 12.7539 13.7581 0.0429 0.8621 0.0431 0.8775 0.0143 0.8628
3 16 -8.2546 12.7539 13.7581 -9.9875 13.3895 17.2581 -9.9875 13.2182 13.7581 0.0143 0.8628 0.0431 0.8775 0.0145 0.8775
3 16 -9.9875 13.3895 17.2581 -11.806 12.9022 17.2581 -9.9875 13.2182 13.7581 0.0431 0.8775 0.0429 0.8929 0.0145 0.8775
3 16 -9.9875 13.2182 13.7581 -11.806 12.9022 17.2581 -11.7203 12.7539 13.7581 0.0145 0.8775 0.0429 0.8929 0.0143 0.8922
3 16 -11.806 12.9022 17.2581 -13.1372 11.571 17.2581 -11.7203 12.7539 13.7581 0.0429 0.8929 0.0423 0.9083 0.0143 0.8922
3 16 -11.7203 12.7539 13.7581 -13.1372 11.571 17.2581 -12.9889 11.4854 13.7581 0.0143 0.8922 0.0423 0.9083 0.0138 0.9069
3 16 -13.1372 11.571 17.2581 -13.6245 9.7525 17.2581 -12.9889 11.4854 13.7581 0.0423 0.9083 0.0413 0.9237 0.0138 0.9069
3 16 -12.9889 11.4854 13.7581 -13.6245 9.7525 17.2581 -13.4532 9.7525 13.7581 0.0138 0.9069 0.0413 0.9237 0.0128 0.9215
3 16 -13.6245 9.7525 17.2581 -13.1372 7.934 17.2581 -13.4532 9.7525 13.7581 0.0413 0.9237 0.0399 0.9391 0.0128 0.9215
3 16 -13.4532 9.7525 13.7581 -13.1372 7.934 17.2581 -12.9889 8.0197 13.7581 0.0128 0.9215 0.0399 0.9391 0.0115 0.9362
3 16 -13.1372 7.934 17.2581 -11.806 6.6028 17.2581 -12.9889 8.0197 13.7581 0.0399 0.9391 0.0382 0.9544 0.0115 0.9362
3 16 -12.9889 8.0197 13.7581 -11.806 6.6028 17.2581 -11.7204 6.7511 13.7581 0.0115 0.9362 0.0382 0.9544 0.0099 0.9508
3 16 -11.806 6.6028 17.2581 -9.9875 6.1202 17.252 -11.7204 6.7511 13.7581 0.0382 0.9544 0.0361 0.9697 0.0099 0.9508
3 16 -11.7204 6.7511 13.7581 -9.9875 6.1202 17.252 -9.9875 6.2915 13.752 0.0099 0.9508 0.0361 0.9697 0.0078 0.9654
3 16 -9.9875 6.1202 17.252 -8.169 6.6028 17.2581 -9.9875 6.2915 13.752 0.0361 0.7853 0.0382 0.8006 0.0078 0.7896
3 16 -9.9875 6.2915 13.752 -8.169 6.6028 17.2581 -8.2547 6.7511 13.7581 0.0078 0.7896 0.0382 0.8006 0.0099 0.8042
3 16 -8.169 6.6028 17.2581 -6.8378 7.934 17.2581 -8.2547 6.7511 13.7581 0.0382 0.8006 0.0399 0.8159 0.0099 0.8042
3 16 -8.2547 6.7511 13.7581 -6.8378 7.934 17.2581 -6.9861 8.0196 13.7581 0.0099 0.8042 0.0399 0.8159 0.0115 0.8188
3 16 -6.8378 7.934 17.2581 -6.3505 9.7525 17.2581 -6.9861 8.0196 13.7581 0.0399 0.8159 0.0413 0.8313 0.0115 0.8188
3 16 -6.9861 8.0196 13.7581 -6.3505 9.7525 17.2581 -6.5218 9.7525 13.7581 0.0115 0.8188 0.0413 0.8313 0.0128 0.8334
3 16 -6.3505 9.7525 17.2581 -6.8378 11.571 17.2581 -6.5218 9.7525 13.7581 0.0413 0.8313 0.0423 0.8467 0.0128 0.8334
3 16 -6.5218 9.7525 13.7581 -6.8378 11.571 17.2581 -6.9861 11.4853 13.7581 0.0128 0.8334 0.0423 0.8467 0.0138 0.8481
3 16 -8.169 12.9022 17.2581 -6.8378 11.571 17.2581 -8.1147 13.4684 17.2577 0.2665 0.0325 0.2665 0.0479 0.2629 0.0295
3 16 -8.1147 13.4684 17.2577 -6.8378 11.571 17.2581 -6.2716 11.6253 17.2577 0.2629 0.0295 0.2665 0.0479 0.2629 0.0508
3 16 -6.8378 11.571 17.2581 -6.3505 9.7525 17.2581 -6.2716 11.6253 17.2577 0.2665 0.0479 0.2742 0.0612 0.2629 0.0508
3 16 -6.2716 11.6253 17.2577 -6.3505 9.7525 17.2581 -5.77 9.7525 17.2577 0.2629 0.0508 0.2742 0.0612 0.2708 0.0646
3 16 -6.8378 7.934 17.2581 -6.2716 7.8797 17.2577 -6.3505 9.7525 17.2581 0.2876 0.069 0.2846 0.0725 0.2742 0.0612
3 16 -6.3505 9.7525 17.2581 -6.2716 7.8797 17.2577 -5.77 9.7525 17.2577 0.2742 0.0612 0.2846 0.0725 0.2708 0.0646
3 16 -6.8378 7.934 17.2581 -8.169 6.6028 17.2581 -6.2716 7.8797 17.2577 0.2876 0.069 0.303 0.069 0.2846 0.0725
3 16 -6.2716 7.8797 17.2577 -8.169 6.6028 17.2581 -8.1147 6.0366 17.2577 0.2846 0.0725 0.303 0.069 0.3059 0.0725
3 16 -8.169 6.6028 17.2581 -9.9875 6.1202 17.252 -8.1147 6.0366 17.2577 0.303 0.069 0.3163 0.0612 0.3059 0.0725
3 16 -8.1147 6.0366 17.2577 -9.9875 6.1202 17.252 -9.9875 5.5397 17.2512 0.3059 0.0725 0.3163 0.0612 0.3197 0.0646
3 16 -11.806 6.6028 17.2581 -11.8603 6.0366 17.2577 -9.9875 6.1202 17.252 0.324 0.0479 0.3276 0.0508 0.3163 0.0612
3 16 -9.9875 6.1202 17.252 -11.8603 6.0366 17.2577 -9.9875 5.5397 17.2512 0.3163 0.0612 0.3276 0.0508 0.3197 0.0646
3 16 -11.806 6.6028 17.2581 -13.1372 7.934 17.2581 -11.8603 6.0366 17.2577 0.324 0.0479 0.324 0.0325 0.3276 0.0508
3 16 -11.8603 6.0366 17.2577 -13.1372 7.934 17.2581 -13.7034 7.8797 17.2577 0.3276 0.0508 0.324 0.0325 0.3276 0.0295
3 16 -13.1372 7.934 17.2581 -13.6245 9.7525 17.2581 -13.7034 7.8797 17.2577 0.324 0.0325 0.3163 0.0191 0.3276 0.0295
3 16 -13.7034 7.8797 17.2577 -13.6245 9.7525 17.2581 -14.205 9.7525 17.2577 0.3276 0.0295 0.3163 0.0191 0.3197 0.0158
3 16 -13.1372 11.571 17.2581 -13.7034 11.6253 17.2577 -13.6245 9.7525 17.2581 0.303 0.0114 0.3059 0.0078 0.3163 0.0191
3 16 -13.6245 9.7525 17.2581 -13.7034 11.6253 17.2577 -14.205 9.7525 17.2577 0.3163 0.0191 0.3059 0.0078 0.3197 0.0158
3 16 -13.1372 11.571 17.2581 -11.806 12.9022 17.2581 -13.7034 11.6253 17.2577 0.303 0.0114 0.2876 0.0114 0.3059 0.0078
3 16 -13.7034 11.6253 17.2577 -11.806 12.9022 17.2581 -11.8603 13.4684 17.2577 0.3059 0.0078 0.2876 0.0114 0.2846 0.0078
3 16 -11.806 12.9022 17.2581 -9.9875 13.3895 17.2581 -11.8603 13.4684 17.2577 0.2876 0.0114 0.2742 0.0191 0.2846 0.0078
3 16 -11.8603 13.4684 17.2577 -9.9875 13.3895 17.2581 -9.9875 13.97 17.2577 0.2846 0.0078 0.2742 0.0191 0.2708 0.0158
3 16 -8.169 12.9022 17.2581 -8.1147 13.4684 17.2577 -9.9875 13.3895 17.2581 0.2665 0.0325 0.2629 0.0295 0.2742 0.0191
3 16 -9.9875 13.3895 17.2581 -8.1147 13.4684 17.2577 -9.9875 13.97 17.2577 0.2742 0.0191 0.2629 0.0295 0.2708 0.0158
3 16 -15.691 -4.5962 12.2902 -12.8501 -2.9776 13.4358 -17.3233 -1.9138 13.2867 0.4446 0.3411 0.447 0.37 0.418 0.347
3 16 -17.3233 -1.9138 13.2867 -12.8501 -2.9776 13.4358 -13.3309 0.2482 14.3919 0.418 0.347 0.447 0.37 0.4222 0.3846
3 16 -12.7825 -3.0221 10.4429 -16.6472 -3.0204 7.1597 -12.75 -3.025 0 0.8308 0.2617 0.8044 0.2935 0.7458 0.2621
3 16 -12.75 -3.025 0 -16.6472 -3.0204 7.1597 -18.3709 -3.0206 2.7629 0.7458 0.2621 0.8044 0.2935 0.7687 0.3079
3 16 -6.4434 -3.0177 0 -5.5803 -3.0177 3.2214 -12.75 -3.025 0 0.7453 0.2108 0.7715 0.2034 0.7458 0.2621
3 16 -12.75 -3.025 0 -5.5803 -3.0177 3.2214 -12.7825 -3.0221 10.4429 0.7458 0.2621 0.7715 0.2034 0.8308 0.2617
3 16 -19.0218 0.0249 -3.5605 -5.5801 0.0177 -3.2217 -16.6347 0.025 -7.8911 0.1474 0.0554 0.1522 0.164 0.1125 0.0741
3 16 -16.6347 0.025 -7.8911 -5.5801 0.0177 -3.2217 -3.2217 0.0177 -5.5801 0.1125 0.0741 0.1522 0.164 0.133 0.1836
3 16 -13.6303 3.9422 14.8229 -19.3041 3.3182 14.1182 -13.3309 0.2482 14.3919 0.3947 0.4004 0.3725 0.3593 0.4222 0.3846
3 16 -13.3309 0.2482 14.3919 -19.3041 3.3182 14.1182 -17.3233 -1.9138 13.2867 0.4222 0.3846 0.3725 0.3593 0.418 0.347
3 16 -12.6603 3.5121 13.7454 -13.4278 3.6509 13.8209 -12.5754 -2.2857 13.0789 0.4837 0.7131 0.4773 0.7149 0.4842 0.6661
3 16 -19.3041 3.3182 14.1182 -13.6303 3.9422 14.8229 -14.8534 4.9161 15.1336 0.3725 0.3593 0.3947 0.4004 0.3815 0.3977
3 16 -18.4864 -0.9564 -8.3279 -17.4171 -0.4158 -9.6111 -19.5573 -1.9691 -8.5412 0.1082 0.0568 0.098 0.0673 0.1054 0.0446
3 16 -12.6109 16.0491 9.9823 -12.6109 16.0491 17.8031 -9.9878 16.5888 13.8192 0.0094 0.3359 0.0692 0.3346 0.0372 0.3568
3 16 -9.9878 16.5888 13.8192 -12.6109 16.0491 17.8031 -9.9877 16.5871 17.7966 0.0372 0.3568 0.0692 0.3346 0.0696 0.356
3 16 -7.3095 5.8199 -14.41 -14.3085 6.4096 -13.8728 -5.8573 16.4327 -13.732 0.2372 0.4649 0.2415 0.4078 0.3237 0.4766
3 16 -5.8573 16.4327 -13.732 -14.3085 6.4096 -13.8728 -16.3324 16.7439 -13.1598 0.3237 0.4766 0.2415 0.4078 0.3264 0.3913
3 16 0 -3.0112 8.064 0 -3.0233 12.4774 -1.0937 -3.0177 8.0364 0.8104 0.157 0.8466 0.1573 0.8104 0.1661
3 16 -1.0937 -3.0177 8.0364 0 -3.0233 12.4774 -6.6024 -3.0233 12.3807 0.8104 0.1661 0.8466 0.1573 0.846 0.2112
3 16 -1.6471 -3.0177 7.4042 -3.1503 -3.0177 5.4356 -1.7005 -3.0177 6.5728 0.8053 0.1709 0.7895 0.1834 0.7985 0.1715
3 16 -1.7005 -3.0177 6.5728 -3.1503 -3.0177 5.4356 -2.4243 -3.0177 5.6393 0.7985 0.1715 0.7895 0.1834 0.791 0.1774
3 16 -1.0937 -3.0177 8.0364 -6.6024 -3.0233 12.3807 -1.6471 -3.0177 7.4042 0.8104 0.1661 0.846 0.2112 0.8053 0.1709
3 16 -1.6471 -3.0177 7.4042 -6.6024 -3.0233 12.3807 -12.4719 -3.021 12.4066 0.8053 0.1709 0.846 0.2112 0.8466 0.2591
3 16 -3.1503 -3.0177 5.4356 -1.6471 -3.0177 7.4042 -12.7825 -3.0221 10.4429 0.7895 0.1834 0.8053 0.1709 0.8308 0.2617
3 16 -12.7825 -3.0221 10.4429 -1.6471 -3.0177 7.4042 -12.4719 -3.021 12.4066 0.8308 0.2617 0.8053 0.1709 0.8466 0.2591
3 16 -1.0937 0.0177 8.0364 -1.6471 0.0177 7.4042 -9.1323 0.0177 9.9823 0.2456 0.1981 0.241 0.1925 0.2619 0.1321
3 16 -1.6471 0.0177 7.4042 -3.1503 0.0177 5.4356 -9.1323 0.0177 9.9823 0.241 0.1925 0.2238 0.183 0.2619 0.1321
3 16 -9.1323 0.0177 9.9823 -3.1503 0.0177 5.4356 -16.4753 0.025 7.9378 0.2619 0.1321 0.2238 0.183 0.2411 0.072
3 16 19.3041 3.3182 14.1182 20.7842 8.505 14.2697 16.317 7.1068 15.1239 0.5313 0.3593 0.575 0.3702 0.5438 0.3969
3 16 16.317 7.1068 15.1239 20.7842 8.505 14.2697 16.5854 8.3897 15.083 0.5438 0.3969 0.575 0.3702 0.5546 0.4003
3 16 27.8511 1.1644 8.2796 30.5676 0.7323 2.9176 29.5283 9.0639 8.5337 0.5534 0.2761 0.5614 0.2296 0.6178 0.2873
3 16 29.5283 9.0639 8.5337 30.5676 0.7323 2.9176 32.1607 9.2287 3.2286 0.6178 0.2873 0.5614 0.2296 0.629 0.2362
3 16 24.0781 1.9144 12.3678 27.8511 1.1644 8.2796 25.579 8.6941 12.2613 0.5426 0.3191 0.5534 0.2761 0.598 0.3311
3 16 25.579 8.6941 12.2613 27.8511 1.1644 8.2796 29.5283 9.0639 8.5337 0.598 0.3311 0.5534 0.2761 0.6178 0.2873
3 16 19.3041 3.3182 14.1182 24.0781 1.9144 12.3678 20.7842 8.505 14.2697 0.5313 0.3593 0.5426 0.3191 0.575 0.3702
3 16 20.7842 8.505 14.2697 24.0781 1.9144 12.3678 25.579 8.6941 12.2613 0.575 0.3702 0.5426 0.3191 0.598 0.3311
3 16 19.9071 -0.5075 -13.7047 28.1344 3.1406 -9.1707 24.2509 -4.2518 -9.6113 0.5075 0.0739 0.5685 0.1286 0.5008 0.1288
3 16 26.5291 -5.6202 2.3765 26.8477 -5.0841 -3.6953 30.5676 0.7323 2.9176 0.5014 0.2258 0.506 0.1785 0.5614 0.2296
3 16 30.5676 0.7323 2.9176 26.8477 -5.0841 -3.6953 30.6328 1.5199 -3.7343 0.5614 0.2296 0.506 0.1785 0.5667 0.1776
3 16 24.4706 -5.0517 7.4417 26.5291 -5.6202 2.3765 27.8511 1.1644 8.2796 0.4965 0.2685 0.5014 0.2258 0.5534 0.2761
3 16 27.8511 1.1644 8.2796 26.5291 -5.6202 2.3765 30.5676 0.7323 2.9176 0.5534 0.2761 0.5014 0.2258 0.5614 0.2296
3 16 21.1384 -3.8466 11.3918 24.4706 -5.0517 7.4417 24.0781 1.9144 12.3678 0.4905 0.3097 0.4965 0.2685 0.5426 0.3191
3 16 24.0781 1.9144 12.3678 24.4706 -5.0517 7.4417 27.8511 1.1644 8.2796 0.5426 0.3191 0.4965 0.2685 0.5534 0.2761
3 16 21.1384 -3.8466 11.3918 24.0781 1.9144 12.3678 17.3233 -1.9138 13.2867 0.4905 0.3097 0.5426 0.3191 0.4858 0.347
3 16 17.3233 -1.9138 13.2867 24.0781 1.9144 12.3678 19.3041 3.3182 14.1182 0.4858 0.347 0.5426 0.3191 0.5313 0.3593
3 16 19.9071 -0.5075 -13.7047 21.6944 5.9248 -14.1035 28.1344 3.1406 -9.1707 0.5075 0.0739 0.561 0.0593 0.5685 0.1286
3 16 28.1344 3.1406 -9.1707 21.6944 5.9248 -14.1035 26.3241 7.4544 -11.4941 0.5685 0.1286 0.561 0.0593 0.5927 0.0957
3 16 30.6328 1.5199 -3.7343 26.8477 -5.0841 -3.6953 28.1344 3.1406 -9.1707 0.5667 0.1776 0.506 0.1785 0.5685 0.1286
3 16 28.1344 3.1406 -9.1707 26.8477 -5.0841 -3.6953 24.2509 -4.2518 -9.6113 0.5685 0.1286 0.506 0.1785 0.5008 0.1288
3 16 7.3095 5.8199 -14.41 0 5.9499 -14.3928 5.8573 16.4327 -13.732 0.2372 0.5839 0.2382 0.5244 0.3237 0.5723
3 16 5.8573 16.4327 -13.732 0 5.9499 -14.3928 0 16.4053 -13.7791 0.3237 0.5723 0.2382 0.5244 0.3235 0.5245
3 16 6.3046 -3.0223 -12.7074 12.5674 -3.0206 -12.3208 12.6009 -3.0217 -10.5746 0.6407 0.1078 0.6433 0.0566 0.6574 0.0562
3 16 14.3085 6.4096 -13.8728 14.5475 6.0445 -15.1015 12.6986 -1.9854 -13.1104 0.6808 0.7346 0.6915 0.7355 0.6852 0.8042
3 16 12.6986 -1.9854 -13.1104 14.5475 6.0445 -15.1015 12.9195 -2.9651 -13.6813 0.6852 0.8042 0.6915 0.7355 0.6919 0.8109
3 16 14.3085 6.4096 -13.8728 12.6986 -1.9854 -13.1104 7.3095 5.8199 -14.41 0.2418 0.6411 0.174 0.6291 0.2372 0.5839
3 16 7.3095 5.8199 -14.41 12.6986 -1.9854 -13.1104 6.5913 -1.7256 -13.662 0.2372 0.5839 0.174 0.6291 0.1751 0.578
3 16 16.3324 16.7439 -13.1598 5.8573 16.4327 -13.732 12.2121 19.0742 -13.1807 0.3263 0.6577 0.3237 0.5723 0.3453 0.6242
3 16 5.9214 16.5954 -9.9893 5.8573 16.4327 -13.732 0 16.4053 -13.7791 0.8835 0.9864 0.8841 0.9596 0.9319 0.9592
3 16 16.3324 16.7439 -13.1598 12.2121 19.0742 -13.1807 16.2968 16.788 -9.987 0.7271 0.1454 0.7656 0.1454 0.7275 0.1676
3 16 16.2968 16.788 -9.987 12.2121 19.0742 -13.1807 12.1956 19.1225 -9.9881 0.7275 0.1676 0.7656 0.1454 0.7658 0.1675
3 16 27.6671 8.8163 -10.5037 25.4789 9.3354 -8.0175 30.5092 9.0981 -6.9296 0.169 0.6363 0.1773 0.6622 0.1363 0.6542
3 16 30.5092 9.0981 -6.9296 25.4789 9.3354 -8.0175 27.9615 9.6696 -5.0032 0.1363 0.6542 0.1773 0.6622 0.1491 0.6771
3 16 25.4789 9.3354 -8.0175 27.6671 8.8163 -10.5037 24.4708 7.6511 -8.605 0.294 0.9493 0.3029 0.975 0.2783 0.9551
3 16 24.4708 7.6511 -8.605 27.6671 8.8163 -10.5037 26.3241 7.4544 -11.4941 0.2783 0.9551 0.3029 0.975 0.2867 0.9816
3 16 32.0813 9.2432 -3.0085 30.6328 1.5199 -3.7343 30.5092 9.0981 -6.9296 0.6302 0.1811 0.5667 0.1776 0.623 0.144
3 16 30.5092 9.0981 -6.9296 30.6328 1.5199 -3.7343 28.1344 3.1406 -9.1707 0.623 0.144 0.5667 0.1776 0.5685 0.1286
3 16 30.6328 1.5199 -3.7343 32.0813 9.2432 -3.0085 30.5676 0.7323 2.9176 0.5667 0.1776 0.6302 0.1811 0.5614 0.2296
3 16 30.5676 0.7323 2.9176 32.0813 9.2432 -3.0085 32.1607 9.2287 3.2286 0.5614 0.2296 0.6302 0.1811 0.629 0.2362
3 16 27.9615 9.6696 -5.0032 32.0813 9.2432 -3.0085 30.5092 9.0981 -6.9296 0.1491 0.6771 0.1119 0.6784 0.1363 0.6542
3 16 27.9615 9.6696 -5.0032 29.4615 9.8611 1.0829 32.0813 9.2432 -3.0085 0.1491 0.6771 0.118 0.7177 0.1119 0.6784
3 16 32.0813 9.2432 -3.0085 29.4615 9.8611 1.0829 32.1607 9.2287 3.2286 0.1119 0.6784 0.118 0.7177 0.0904 0.7244
3 16 29.4615 9.8611 1.0829 27.6494 9.7276 5.9208 32.1607 9.2287 3.2286 0.118 0.7177 0.1147 0.7597 0.0904 0.7244
3 16 32.1607 9.2287 3.2286 27.6494 9.7276 5.9208 29.5283 9.0639 8.5337 0.0904 0.7244 0.1147 0.7597 0.0916 0.7727
3 16 27.6494 9.7276 5.9208 23.4794 9.2318 9.0665 29.5283 9.0639 8.5337 0.1147 0.7597 0.1339 0.798 0.0916 0.7727
3 16 29.5283 9.0639 8.5337 23.4794 9.2318 9.0665 25.579 8.6941 12.2613 0.0916 0.7727 0.1339 0.798 0.1072 0.8141
3 16 19.6969 8.9229 10.1702 20.7842 8.505 14.2697 23.4794 9.2318 9.0665 0.1576 0.8199 0.1351 0.846 0.1339 0.798
3 16 23.4794 9.2318 9.0665 20.7842 8.505 14.2697 25.579 8.6941 12.2613 0.1339 0.798 0.1351 0.846 0.1072 0.8141
3 16 19.6969 8.9229 10.1702 16.9643 9.0014 9.9889 20.7842 8.505 14.2697 0.1576 0.8199 0.1773 0.8307 0.1351 0.846
3 16 20.7842 8.505 14.2697 16.9643 9.0014 9.9889 16.5854 8.3897 15.083 0.1351 0.846 0.1773 0.8307 0.163 0.8671
3 16 25.4789 9.3354 -8.0175 24.4708 7.6511 -8.605 24.6425 4.8846 -7.7816 0.8505 0.7856 0.8344 0.7917 0.8139 0.7808
3 16 26.3049 2.8351 -4.9775 27.9615 9.6696 -5.0032 24.6425 4.8846 -7.7816 0.8036 0.752 0.8608 0.754 0.8139 0.7808
3 16 24.6425 4.8846 -7.7816 27.9615 9.6696 -5.0032 25.4789 9.3354 -8.0175 0.8139 0.7808 0.8608 0.754 0.8505 0.7856
3 16 29.4615 9.8611 1.0829 27.9615 9.6696 -5.0032 27.2775 2.4354 0.2821 0.8649 0.7008 0.8608 0.754 0.8035 0.71
3 16 27.2775 2.4354 0.2821 27.9615 9.6696 -5.0032 26.3049 2.8351 -4.9775 0.8035 0.71 0.8608 0.754 0.8036 0.752
3 16 29.4615 9.8611 1.0829 27.2775 2.4354 0.2821 27.6494 9.7276 5.9208 0.8649 0.7008 0.8035 0.71 0.8563 0.6577
3 16 27.6494 9.7276 5.9208 27.2775 2.4354 0.2821 25.9252 2.2636 5.3001 0.8563 0.6577 0.8035 0.71 0.7955 0.67
3 16 27.6494 9.7276 5.9208 25.9252 2.2636 5.3001 23.4794 9.2318 9.0665 0.8563 0.6577 0.7955 0.67 0.8363 0.6178
3 16 23.4794 9.2318 9.0665 25.9252 2.2636 5.3001 22.5219 3.0952 8.462 0.8363 0.6178 0.7955 0.67 0.7874 0.6338
3 16 23.4794 9.2318 9.0665 22.5219 3.0952 8.462 19.6969 8.9229 10.1702 0.8363 0.6178 0.7874 0.6338 0.8191 0.5896
3 16 19.6969 8.9229 10.1702 22.5219 3.0952 8.462 19.3271 3.8348 9.5223 0.8191 0.5896 0.7874 0.6338 0.78 0.6071
3 16 19.6969 8.9229 10.1702 19.3271 3.8348 9.5223 16.9643 9.0014 9.9889 0.6508 0.3098 0.6926 0.3123 0.6503 0.3322
3 16 16.9643 9.0014 9.9889 19.3271 3.8348 9.5223 16.0982 4.3236 9.975 0.6503 0.3322 0.6926 0.3123 0.6883 0.3392
3 16 16.7894 9.765 9.9824 16.9643 9.0014 9.9889 9.5711 5.0661 9.975 0.645 0.3348 0.6503 0.3322 0.6823 0.3924
3 16 16.9643 9.0014 9.9889 16.0982 4.3236 9.975 9.5711 5.0661 9.975 0.6503 0.3322 0.6883 0.3392 0.6823 0.3924
3 16 9.5711 5.0661 9.975 7.4256 16.4163 9.9825 10.0133 16.5322 9.9823 0.6823 0.3924 0.5899 0.4099 0.5899 0.3886
3 16 10.0133 16.5322 9.9823 12.6109 16.0491 9.9823 9.5711 5.0661 9.975 0.5899 0.3886 0.5922 0.3681 0.6823 0.3924
3 16 9.5711 5.0661 9.975 12.6109 16.0491 9.9823 14.8145 14.5937 9.9823 0.6823 0.3924 0.5922 0.3681 0.6053 0.349
3 16 9.9878 16.5888 13.8192 10.0133 16.5322 9.9823 7.3664 16.3287 13.6736 0.0372 0.52 0.0097 0.5202 0.0359 0.4985
3 16 7.3664 16.3287 13.6736 10.0133 16.5322 9.9823 7.4256 16.4163 9.9825 0.0359 0.4985 0.0097 0.5202 0.0097 0.4989
3 16 -9.5711 5.0661 9.975 -7.4256 16.4163 9.9825 9.5711 5.0661 9.975 0.6823 0.5485 0.5899 0.531 0.6823 0.3924
3 16 9.5711 5.0661 9.975 -7.4256 16.4163 9.9825 7.4256 16.4163 9.9825 0.6823 0.3924 0.5899 0.531 0.5899 0.4099
3 16 -7.4256 16.4163 9.9825 0 16.3237 13.6866 7.4256 16.4163 9.9825 0.0097 0.3779 0.0359 0.4384 0.0097 0.4989
3 16 7.4256 16.4163 9.9825 0 16.3237 13.6866 7.3664 16.3287 13.6736 0.0097 0.4989 0.0359 0.4384 0.0359 0.4985
3 16 14.8145 14.5937 9.9823 16.2886 12.3545 9.9823 9.5711 5.0661 9.975 0.6053 0.349 0.6233 0.3373 0.6823 0.3924
3 16 16.2886 12.3545 9.9823 16.7894 9.765 9.9824 9.5711 5.0661 9.975 0.6233 0.3373 0.645 0.3348 0.6823 0.3924
3 16 -9.1323 0.0177 9.9823 9.1323 0.0177 9.9823 0 0.0112 8.064 0.2619 0.1321 0.2636 0.2831 0.2456 0.2081
3 16 9.1323 0.0177 9.9823 1.0937 0.0177 8.0364 0 0.0112 8.064 0.2636 0.2831 0.2454 0.217 0.2456 0.2081
3 16 24.4708 7.6511 -8.605 26.3241 7.4544 -11.4941 20.3887 6.1012 -10.0439 0.2783 0.9551 0.2867 0.9816 0.241 0.9591
3 16 20.3887 6.1012 -10.0439 26.3241 7.4544 -11.4941 21.6944 5.9248 -14.1035 0.241 0.9591 0.2867 0.9816 0.2432 0.9936
3 16 24.6425 4.8846 -7.7816 19.5573 -1.9691 -8.5412 26.3049 2.8351 -4.9775 0.8139 0.7808 0.7449 0.7945 0.8036 0.752
3 16 26.3049 2.8351 -4.9775 19.5573 -1.9691 -8.5412 21.4714 -3.6651 -5.1072 0.8036 0.752 0.7449 0.7945 0.7386 0.7589
3 16 27.2775 2.4354 0.2821 26.3049 2.8351 -4.9775 22.5373 -4.1293 -0.4201 0.8035 0.71 0.8036 0.752 0.7372 0.7178
3 16 22.5373 -4.1293 -0.4201 26.3049 2.8351 -4.9775 21.4714 -3.6651 -5.1072 0.7372 0.7178 0.8036 0.752 0.7386 0.7589
3 16 27.2775 2.4354 0.2821 22.5373 -4.1293 -0.4201 25.9252 2.2636 5.3001 0.8035 0.71 0.7372 0.7178 0.7955 0.67
3 16 25.9252 2.2636 5.3001 22.5373 -4.1293 -0.4201 21.2373 -3.2742 5.3384 0.7955 0.67 0.7372 0.7178 0.7372 0.6669
3 16 22.5219 3.0952 8.462 25.9252 2.2636 5.3001 21.2373 -3.2742 5.3384 0.7874 0.6338 0.7955 0.67 0.7372 0.6669
3 16 19.3271 3.8348 9.5223 22.5219 3.0952 8.462 18.8036 -1.1066 9.0078 0.78 0.6071 0.7874 0.6338 0.7422 0.6258
3 16 18.8036 -1.1066 9.0078 22.5219 3.0952 8.462 21.2373 -3.2742 5.3384 0.7422 0.6258 0.7874 0.6338 0.7372 0.6669
3 16 17.8971 -0.5396 8.5531 18.8036 -1.1066 9.0078 20.3853 -1.0409 4.7468 0.2504 0.3563 0.2545 0.3652 0.2192 0.3767
3 16 20.3853 -1.0409 4.7468 18.8036 -1.1066 9.0078 21.2373 -3.2742 5.3384 0.2192 0.3767 0.2545 0.3652 0.2265 0.3958
3 16 20.3853 -1.0409 4.7468 21.2373 -3.2742 5.3384 21.4152 -1.1165 -0.2908 0.2192 0.3767 0.2265 0.3958 0.1788 0.3843
3 16 21.4152 -1.1165 -0.2908 21.2373 -3.2742 5.3384 22.5373 -4.1293 -0.4201 0.1788 0.3843 0.2265 0.3958 0.1779 0.4105
3 16 21.4152 -1.1165 -0.2908 22.5373 -4.1293 -0.4201 20.7035 -1.0022 -4.2947 0.1788 0.3843 0.1779 0.4105 0.147 0.3794
3 16 20.7035 -1.0022 -4.2947 22.5373 -4.1293 -0.4201 21.4714 -3.6651 -5.1072 0.147 0.3794 0.1779 0.4105 0.1378 0.4008
3 16 21.4714 -3.6651 -5.1072 19.5573 -1.9691 -8.5412 20.7035 -1.0022 -4.2947 0.1378 0.4008 0.1108 0.3763 0.147 0.3794
3 16 20.7035 -1.0022 -4.2947 19.5573 -1.9691 -8.5412 18.4864 -0.9564 -8.3279 0.147 0.3794 0.1108 0.3763 0.113 0.3639
3 16 16.5116 -0.1831 9.7445 18.8036 -1.1066 9.0078 17.8971 -0.5396 8.5531 0.2602 0.3443 0.2545 0.3652 0.2504 0.3563
3 16 17.8971 -0.5396 8.5531 16.4753 0.025 7.9378 16.5116 -0.1831 9.7445 0.2504 0.3563 0.2453 0.3436 0.2602 0.3443
3 16 16.5116 -0.1831 9.7445 16.4753 0.025 7.9378 14.432 0.0178 9.9825 0.2602 0.3443 0.2453 0.3436 0.2636 0.327
3 16 9.1323 0.0177 9.9823 14.432 0.0178 9.9825 16.4753 0.025 7.9378 0.2636 0.2831 0.2636 0.327 0.2453 0.3436
3 16 20.3853 -1.0409 4.7468 18.5777 0.0249 4.0946 17.8971 -0.5396 8.5531 0.2192 0.3767 0.2141 0.3599 0.2504 0.3563
3 16 17.8971 -0.5396 8.5531 18.5777 0.0249 4.0946 16.4753 0.025 7.9378 0.2504 0.3563 0.2141 0.3599 0.2453 0.3436
3 16 21.4152 -1.1165 -0.2908 19.5057 0.0249 -0.1435 20.3853 -1.0409 4.7468 0.1788 0.3843 0.1799 0.3667 0.2192 0.3767
3 16 20.3853 -1.0409 4.7468 19.5057 0.0249 -0.1435 18.5777 0.0249 4.0946 0.2192 0.3767 0.1799 0.3667 0.2141 0.3599
3 16 20.7035 -1.0022 -4.2947 19.0218 0.0249 -3.5605 21.4152 -1.1165 -0.2908 0.147 0.3794 0.1522 0.3638 0.1788 0.3843
3 16 21.4152 -1.1165 -0.2908 19.0218 0.0249 -3.5605 19.5057 0.0249 -0.1435 0.1788 0.3843 0.1522 0.3638 0.1799 0.3667
3 16 20.7035 -1.0022 -4.2947 18.4864 -0.9564 -8.3279 19.0218 0.0249 -3.5605 0.147 0.3794 0.113 0.3639 0.1522 0.3638
3 16 19.0218 0.0249 -3.5605 18.4864 -0.9564 -8.3279 16.6347 0.025 -7.8911 0.1522 0.3638 0.113 0.3639 0.1165 0.3464
3 16 18.4864 -0.9564 -8.3279 17.4171 -0.4158 -9.6111 16.6347 0.025 -7.8911 0.113 0.3639 0.1024 0.3537 0.1165 0.3464
3 16 16.6347 0.025 -7.8911 17.4171 -0.4158 -9.6111 15.1892 0.0112 -9.9776 0.1165 0.3464 0.1024 0.3537 0.0976 0.3347
3 16 9.1323 0.0177 9.9823 -9.1323 0.0177 9.9823 9.5711 5.0661 9.975 0.7236 0.396 0.7236 0.5449 0.6823 0.3924
3 16 9.5711 5.0661 9.975 -9.1323 0.0177 9.9823 -9.5711 5.0661 9.975 0.6823 0.3924 0.7236 0.5449 0.6823 0.5485
3 16 9.1323 0.0177 9.9823 9.5711 5.0661 9.975 14.432 0.0178 9.9825 0.7236 0.396 0.6823 0.3924 0.7236 0.3527
3 16 14.432 0.0178 9.9825 9.5711 5.0661 9.975 16.0982 4.3236 9.975 0.7236 0.3527 0.6823 0.3924 0.6883 0.3392
3 16 16.5116 -0.1831 9.7445 14.432 0.0178 9.9825 16.0982 4.3236 9.975 0.7254 0.3355 0.7236 0.3527 0.6883 0.3392
3 16 18.8036 -1.1066 9.0078 16.5116 -0.1831 9.7445 19.3271 3.8348 9.5223 0.7333 0.3159 0.7254 0.3355 0.6926 0.3123
3 16 19.3271 3.8348 9.5223 16.5116 -0.1831 9.7445 16.0982 4.3236 9.975 0.6926 0.3123 0.7254 0.3355 0.6883 0.3392
3 16 17.4171 -0.4158 -9.6111 19.5573 -1.9691 -8.5412 20.3887 6.1012 -10.0439 0.7491 0.8177 0.7449 0.7945 0.8083 0.8205
3 16 20.3887 6.1012 -10.0439 19.5573 -1.9691 -8.5412 24.6425 4.8846 -7.7816 0.8083 0.8205 0.7449 0.7945 0.8139 0.7808
3 16 15.1892 0.0112 -9.9776 17.4171 -0.4158 -9.6111 14.802 6.7974 -9.9801 0.744 0.836 0.7491 0.8177 0.7926 0.8638
3 16 14.802 6.7974 -9.9801 17.4171 -0.4158 -9.6111 20.3887 6.1012 -10.0439 0.7926 0.8638 0.7491 0.8177 0.8083 0.8205
3 16 -15.1892 0.0112 -9.9776 15.1892 0.0112 -9.9776 -14.802 6.7974 -9.9801 0.5588 0.4076 0.5588 0.6553 0.5034 0.4109
3 16 -14.802 6.7974 -9.9801 15.1892 0.0112 -9.9776 14.802 6.7974 -9.9801 0.5034 0.4109 0.5588 0.6553 0.5034 0.6521
3 16 3.1503 0.0177 5.4356 16.4753 0.025 7.9378 5.5803 0.0177 3.2214 0.2243 0.2343 0.2453 0.3436 0.2063 0.2544
3 16 5.5803 0.0177 3.2214 16.4753 0.025 7.9378 18.5777 0.0249 4.0946 0.2063 0.2544 0.2453 0.3436 0.2141 0.3599
3 16 19.5057 0.0249 -0.1435 19.0218 0.0249 -3.5605 6.4434 0.0177 0 0.1799 0.3667 0.1522 0.3638 0.1799 0.2617
3 16 6.4434 0.0177 0 19.0218 0.0249 -3.5605 5.5801 0.0177 -3.2217 0.1799 0.2617 0.1522 0.3638 0.1533 0.2552
3 16 16.6347 0.025 -7.8911 15.1892 0.0112 -9.9776 3.2217 0.0177 -5.5801 0.1165 0.3464 0.0976 0.3347 0.1337 0.2362
3 16 3.2217 0.0177 -5.5801 15.1892 0.0112 -9.9776 0 0.0177 -6.4434 0.1337 0.2362 0.0976 0.3347 0.1262 0.21
3 16 12.1956 19.1225 -9.9881 12.2121 19.0742 -13.1807 5.9214 16.5954 -9.9893 0.5744 0.0423 0.5762 0.0203 0.6294 0.047
3 16 5.9214 16.5954 -9.9893 12.2121 19.0742 -13.1807 5.8573 16.4327 -13.732 0.6294 0.047 0.5762 0.0203 0.6325 0.0203
3 16 -14.802 6.7974 -9.9801 14.802 6.7974 -9.9801 -5.9214 16.5954 -9.9893 0.5034 0.4109 0.5034 0.6521 0.4236 0.4832
3 16 -5.9214 16.5954 -9.9893 14.802 6.7974 -9.9801 5.9214 16.5954 -9.9893 0.4236 0.4832 0.5034 0.6521 0.4236 0.5798
3 16 20.3887 6.1012 -10.0439 14.3085 6.4096 -13.8728 14.802 6.7974 -9.9801 0.241 0.9591 0.1852 0.9768 0.196 0.9493
3 16 14.3085 6.4096 -13.8728 16.3324 16.7439 -13.1598 14.802 6.7974 -9.9801 0.7587 0.8933 0.8447 0.8933 0.7645 0.9223
3 16 14.802 6.7974 -9.9801 16.3324 16.7439 -13.1598 16.2968 16.788 -9.987 0.7645 0.9223 0.8447 0.8933 0.8466 0.9153
3 16 20.3887 6.1012 -10.0439 21.6944 5.9248 -14.1035 14.3085 6.4096 -13.8728 0.241 0.9591 0.2432 0.9936 0.1852 0.9768
3 16 14.3085 6.4096 -13.8728 21.6944 5.9248 -14.1035 14.5475 6.0445 -15.1015 0.1852 0.9768 0.2432 0.9936 0.1848 0.9875
3 16 12.1956 19.1225 -9.9881 5.9214 16.5954 -9.9893 16.2968 16.788 -9.987 0.403 0.6309 0.4236 0.5798 0.422 0.6642
3 16 16.2968 16.788 -9.987 5.9214 16.5954 -9.9893 14.802 6.7974 -9.9801 0.422 0.6642 0.4236 0.5798 0.5034 0.6521
3 16 24.6425 4.8846 -7.7816 24.4708 7.6511 -8.605 20.3887 6.1012 -10.0439 0.8139 0.7808 0.8344 0.7917 0.8083 0.8205
3 16 30.5092 9.0981 -6.9296 28.1344 3.1406 -9.1707 27.6671 8.8163 -10.5037 0.623 0.144 0.5685 0.1286 0.6087 0.106
3 16 27.6671 8.8163 -10.5037 28.1344 3.1406 -9.1707 26.3241 7.4544 -11.4941 0.6087 0.106 0.5685 0.1286 0.5927 0.0957
3 16 18.7645 -6.1905 9.9086 21.1384 -3.8466 11.3918 15.691 -4.5962 12.2902 0.4619 0.3049 0.4905 0.3097 0.4593 0.3411
3 16 15.691 -4.5962 12.2902 21.1384 -3.8466 11.3918 17.3233 -1.9138 13.2867 0.4593 0.3411 0.4905 0.3097 0.4858 0.347
3 16 18.7645 -6.1905 9.9086 21.0871 -7.3782 6.2823 21.1384 -3.8466 11.3918 0.4619 0.3049 0.4625 0.2657 0.4905 0.3097
3 16 21.1384 -3.8466 11.3918 21.0871 -7.3782 6.2823 24.4706 -5.0517 7.4417 0.4905 0.3097 0.4625 0.2657 0.4965 0.2685
3 16 21.0871 -7.3782 6.2823 22.381 -8.026 1.562 24.4706 -5.0517 7.4417 0.4625 0.2657 0.4627 0.2216 0.4965 0.2685
3 16 24.4706 -5.0517 7.4417 22.381 -8.026 1.562 26.5291 -5.6202 2.3765 0.4965 0.2685 0.4627 0.2216 0.5014 0.2258
3 16 22.381 -8.026 1.562 22.1057 -7.8888 -2.9577 26.5291 -5.6202 2.3765 0.4627 0.2216 0.4614 0.1809 0.5014 0.2258
3 16 26.5291 -5.6202 2.3765 22.1057 -7.8888 -2.9577 26.8477 -5.0841 -3.6953 0.5014 0.2258 0.4614 0.1809 0.506 0.1785
3 16 22.1057 -7.8888 -2.9577 20.6968 -7.1845 -7.4791 26.8477 -5.0841 -3.6953 0.4614 0.1809 0.4608 0.1379 0.506 0.1785
3 16 26.8477 -5.0841 -3.6953 20.6968 -7.1845 -7.4791 24.2509 -4.2518 -9.6113 0.506 0.1785 0.4608 0.1379 0.5008 0.1288
3 16 20.6968 -7.1845 -7.4791 17.1299 -5.363 -11.686 24.2509 -4.2518 -9.6113 0.4608 0.1379 0.4594 0.0863 0.5008 0.1288
3 16 24.2509 -4.2518 -9.6113 17.1299 -5.363 -11.686 19.9071 -0.5075 -13.7047 0.5008 0.1288 0.4594 0.0863 0.5075 0.0739
3 16 12.4719 -3.021 12.4066 12.5754 -2.2857 13.0789 6.6024 -3.0233 12.3807 0.0703 0.9222 0.0695 0.9142 0.1183 0.9223
3 16 6.6024 -3.0233 12.3807 12.5754 -2.2857 13.0789 6.6061 -1.9396 13.5464 0.1183 0.9223 0.0695 0.9142 0.1183 0.9095
3 16 15.691 -4.5962 12.2902 14.7698 -4.064 9.5801 18.7645 -6.1905 9.9086 0.9059 0.2146 0.9145 0.2365 0.8777 0.2341
3 16 18.7645 -6.1905 9.9086 14.7698 -4.064 9.5801 16.9465 -5.1759 7.8401 0.8777 0.2341 0.9145 0.2365 0.8946 0.2508
3 16 21.0871 -7.3782 6.2823 18.7645 -6.1905 9.9086 18.6824 -6.0779 5.0697 0.8566 0.2637 0.8777 0.2341 0.8788 0.2734
3 16 18.6824 -6.0779 5.0697 18.7645 -6.1905 9.9086 16.9465 -5.1759 7.8401 0.8788 0.2734 0.8777 0.2341 0.8946 0.2508
3 16 22.381 -8.026 1.562 21.0871 -7.3782 6.2823 19.8782 -6.7115 1.453 0.8449 0.3022 0.8566 0.2637 0.8678 0.303
3 16 19.8782 -6.7115 1.453 21.0871 -7.3782 6.2823 18.6824 -6.0779 5.0697 0.8678 0.303 0.8566 0.2637 0.8788 0.2734
3 16 22.1057 -7.8888 -2.9577 22.381 -8.026 1.562 19.621 -6.5531 -2.382 0.8476 0.339 0.8449 0.3022 0.8704 0.3343
3 16 19.621 -6.5531 -2.382 22.381 -8.026 1.562 19.8782 -6.7115 1.453 0.8704 0.3343 0.8449 0.3022 0.8678 0.303
3 16 20.6968 -7.1845 -7.4791 22.1057 -7.8888 -2.9577 18.351 -5.9039 -5.9812 0.8605 0.3758 0.8476 0.339 0.8821 0.3636
3 16 18.351 -5.9039 -5.9812 22.1057 -7.8888 -2.9577 19.621 -6.5531 -2.382 0.8821 0.3636 0.8476 0.339 0.8704 0.3343
3 16 20.6968 -7.1845 -7.4791 18.351 -5.9039 -5.9812 17.1299 -5.363 -11.686 0.8605 0.3758 0.8821 0.3636 0.8933 0.41
3 16 17.1299 -5.363 -11.686 18.351 -5.9039 -5.9812 15.6476 -4.5405 -9.2239 0.8933 0.41 0.8821 0.3636 0.9069 0.39
3 16 12.9195 -2.9651 -13.6813 17.1299 -5.363 -11.686 12.5674 -3.0206 -12.3208 0.9327 0.4262 0.8933 0.41 0.935 0.415
3 16 12.5674 -3.0206 -12.3208 17.1299 -5.363 -11.686 15.6476 -4.5405 -9.2239 0.935 0.415 0.8933 0.41 0.9069 0.39
3 16 12.5674 -3.0206 -12.3208 15.6476 -4.5405 -9.2239 12.6009 -3.0217 -10.5746 0.935 0.415 0.9069 0.39 0.9348 0.4009
3 16 18.0764 -3.0207 -3.9141 18.3709 -3.0206 2.7629 12.75 -3.025 0 0.7114 0.0108 0.7659 0.0078 0.7439 0.0541
3 16 18.3709 -3.0206 2.7629 16.6472 -3.0204 7.1597 12.75 -3.025 0 0.7659 0.0078 0.802 0.0214 0.7439 0.0541
3 16 12.75 -3.025 0 16.6472 -3.0204 7.1597 12.7825 -3.0221 10.4429 0.7439 0.0541 0.802 0.0214 0.8291 0.0527
3 16 0 -1.897 13.6985 0 -3.0233 12.4774 6.6061 -1.9396 13.5464 0.1721 0.9083 0.1721 0.9217 0.1183 0.9095
3 16 6.6061 -1.9396 13.5464 0 -3.0233 12.4774 6.6024 -3.0233 12.3807 0.1183 0.9095 0.1721 0.9217 0.1183 0.9223
3 16 14.7698 -4.064 9.5801 15.691 -4.5962 12.2902 12.4719 -3.021 12.4066 0.9145 0.2365 0.9059 0.2146 0.935 0.2135
3 16 12.4719 -3.021 12.4066 15.691 -4.5962 12.2902 12.8501 -2.9776 13.4358 0.935 0.2135 0.9059 0.2146 0.9324 0.205
3 16 12.6603 3.5121 13.7454 10.0294 2.8721 13.7657 12.5754 -2.2857 13.0789 0.6901 0.7131 0.6684 0.7079 0.6896 0.6661
3 16 12.5754 -2.2857 13.0789 10.0294 2.8721 13.7657 6.6061 -1.9396 13.5464 0.6896 0.6661 0.6684 0.7079 0.6408 0.6693
3 16 6.5913 -1.7256 -13.662 6.3046 -3.0223 -12.7074 0 -1.5877 -13.8633 0.1751 0.578 0.1632 0.5758 0.1751 0.5244
3 16 0 -1.5877 -13.8633 6.3046 -3.0223 -12.7074 0 -3.0222 -12.8326 0.1751 0.5244 0.1632 0.5758 0.1634 0.5244
3 16 6.3046 -3.0223 -12.7074 6.5913 -1.7256 -13.662 12.5674 -3.0206 -12.3208 0.1632 0.5758 0.1751 0.578 0.1629 0.6283
3 16 12.5674 -3.0206 -12.3208 6.5913 -1.7256 -13.662 12.6986 -1.9854 -13.1104 0.1629 0.6283 0.1751 0.578 0.174 0.6291
3 16 7.3095 5.8199 -14.41 6.5913 -1.7256 -13.662 0 5.9499 -14.3928 0.2372 0.5839 0.1751 0.578 0.2382 0.5244
3 16 0 5.9499 -14.3928 6.5913 -1.7256 -13.662 0 -1.5877 -13.8633 0.2382 0.5244 0.1751 0.578 0.1751 0.5244
3 16 12.9195 -2.9651 -13.6813 12.5674 -3.0206 -12.3208 12.6986 -1.9854 -13.1104 0.6919 0.8109 0.6808 0.8138 0.6852 0.8042
3 16 15.2008 -3.0207 -8.9255 12.6009 -3.0217 -10.5746 15.6476 -4.5405 -9.2239 0.1353 0.6026 0.1436 0.6263 0.1224 0.6051
3 16 18.0764 -3.0207 -3.9141 15.2008 -3.0207 -8.9255 18.351 -5.9039 -5.9812 0.1273 0.5561 0.1353 0.6026 0.1042 0.5738
3 16 18.351 -5.9039 -5.9812 15.2008 -3.0207 -8.9255 15.6476 -4.5405 -9.2239 0.1042 0.5738 0.1353 0.6026 0.1224 0.6051
3 16 18.0764 -3.0207 -3.9141 18.351 -5.9039 -5.9812 19.621 -6.5531 -2.382 0.1273 0.5561 0.1042 0.5738 0.0959 0.5434
3 16 18.0764 -3.0207 -3.9141 19.621 -6.5531 -2.382 18.3709 -3.0206 2.7629 0.1273 0.5561 0.0959 0.5434 0.1268 0.5016
3 16 18.3709 -3.0206 2.7629 19.621 -6.5531 -2.382 19.8782 -6.7115 1.453 0.1268 0.5016 0.0959 0.5434 0.0941 0.512
3 16 18.3709 -3.0206 2.7629 19.8782 -6.7115 1.453 18.6824 -6.0779 5.0697 0.1268 0.5016 0.0941 0.512 0.1025 0.4816
3 16 18.3709 -3.0206 2.7629 18.6824 -6.0779 5.0697 16.6472 -3.0204 7.1597 0.1268 0.5016 0.1025 0.4816 0.1318 0.4634
3 16 16.6472 -3.0204 7.1597 18.6824 -6.0779 5.0697 16.9465 -5.1759 7.8401 0.1318 0.4634 0.1025 0.4816 0.1144 0.4567
3 16 16.9465 -5.1759 7.8401 14.7698 -4.064 9.5801 16.6472 -3.0204 7.1597 0.1144 0.4567 0.1292 0.4371 0.1318 0.4634
3 16 16.6472 -3.0204 7.1597 14.7698 -4.064 9.5801 12.7825 -3.0221 10.4429 0.1318 0.4634 0.1292 0.4371 0.1436 0.4237
3 16 12.4719 -3.021 12.4066 12.7825 -3.0221 10.4429 14.7698 -4.064 9.5801 0.935 0.2135 0.9329 0.2294 0.9145 0.2365
3 16 12.4719 -3.021 12.4066 12.8501 -2.9776 13.4358 12.5754 -2.2857 13.0789 0.4322 0.9256 0.4349 0.9172 0.4394 0.9221
3 16 12.5754 -2.2857 13.0789 12.8501 -2.9776 13.4358 13.3309 0.2482 14.3919 0.4394 0.9221 0.4349 0.9172 0.4624 0.9151
3 16 12.5754 -2.2857 13.0789 13.3309 0.2482 14.3919 13.4278 3.6509 13.8209 0.4394 0.9221 0.4624 0.9151 0.4886 0.9256
3 16 13.4278 3.6509 13.8209 13.3309 0.2482 14.3919 13.6303 3.9422 14.8229 0.4886 0.9256 0.4624 0.9151 0.4928 0.9181
3 16 7.3664 16.3287 13.6736 7.408 16.086 13.884 9.9878 16.5888 13.8192 0.647 0.8188 0.6458 0.8165 0.6685 0.8199
3 16 16.7894 9.7635 17.8031 16.7894 9.765 9.9824 16.2886 12.3545 17.8031 0.0688 0.6065 0.0081 0.6073 0.0689 0.5851
3 16 16.2886 12.3545 17.8031 16.7894 9.765 9.9824 16.2886 12.3545 9.9823 0.0689 0.5851 0.0081 0.6073 0.0085 0.5854
3 16 9.9878 16.5888 13.8192 7.408 16.086 13.884 9.9877 16.5871 17.7966 0.0634 0.869 0.0588 0.8465 0.0949 0.8616
3 16 9.9877 16.5871 17.7966 7.408 16.086 13.884 7.4076 16.0832 17.8031 0.0949 0.8616 0.0588 0.8465 0.0902 0.8407
3 16 12.6109 16.0491 9.9823 10.0133 16.5322 9.9823 9.9878 16.5888 13.8192 0.0094 0.5409 0.0097 0.5202 0.0372 0.52
3 16 14.8145 14.5937 9.9823 12.6109 16.0491 9.9823 14.8144 14.5937 17.8031 0.0089 0.564 0.0094 0.5409 0.069 0.5636
3 16 14.8144 14.5937 17.8031 12.6109 16.0491 9.9823 12.6109 16.0491 17.8031 0.069 0.5636 0.0094 0.5409 0.0692 0.5422
3 16 16.2886 12.3545 9.9823 14.8145 14.5937 9.9823 16.2886 12.3545 17.8031 0.0085 0.5854 0.0089 0.564 0.0689 0.5851
3 16 16.2886 12.3545 17.8031 14.8145 14.5937 9.9823 14.8144 14.5937 17.8031 0.0689 0.5851 0.0089 0.564 0.069 0.5636
3 16 16.317 7.1068 15.1239 16.5854 8.3897 15.083 16.3157 7.1086 17.8031 0.047 0.6288 0.0466 0.6177 0.0688 0.6279
3 16 16.3157 7.1086 17.8031 16.5854 8.3897 15.083 16.7894 9.7635 17.8031 0.0688 0.6279 0.0466 0.6177 0.0688 0.6065
3 16 16.317 7.1068 15.1239 16.3157 7.1086 17.8031 14.8534 4.9161 15.1336 0.047 0.6288 0.0688 0.6279 0.0474 0.6494
3 16 14.8534 4.9161 15.1336 16.3157 7.1086 17.8031 14.8518 4.9179 17.8033 0.0474 0.6494 0.0688 0.6279 0.0691 0.6494
3 16 12.662 3.5137 17.8033 13.6303 3.9422 14.8229 14.8518 4.9179 17.8033 0.0697 0.6708 0.0451 0.6622 0.0691 0.6494
3 16 14.8518 4.9179 17.8033 13.6303 3.9422 14.8229 14.8534 4.9161 15.1336 0.0691 0.6494 0.0451 0.6622 0.0474 0.6494
3 16 13.4278 3.6509 13.8209 13.6303 3.9422 14.8229 12.6603 3.5121 13.7454 0.0368 0.6649 0.0451 0.6622 0.0366 0.6716
3 16 12.6603 3.5121 13.7454 13.6303 3.9422 14.8229 12.662 3.5137 17.8033 0.0366 0.6716 0.0451 0.6622 0.0697 0.6708
3 16 12.6603 3.5121 13.7454 12.662 3.5137 17.8033 10.0294 2.8721 13.7657 0.0366 0.6716 0.0697 0.6708 0.0376 0.6939
3 16 10.0294 2.8721 13.7657 12.662 3.5137 17.8033 10.0285 2.873 17.8031 0.0376 0.6939 0.0697 0.6708 0.0706 0.6922
3 16 10.0294 2.8721 13.7657 10.0285 2.873 17.8031 7.3936 3.3963 13.9146 0.0376 0.6939 0.0706 0.6922 0.0402 0.7163
3 16 7.3936 3.3963 13.9146 10.0285 2.873 17.8031 7.3934 3.397 17.8031 0.0402 0.7163 0.0706 0.6922 0.0719 0.7136
3 16 7.3936 3.3963 13.9146 5.1599 4.8891 13.9139 6.6061 -1.9396 13.5464 0.6462 0.7124 0.6282 0.7244 0.6408 0.6693
3 16 6.6061 -1.9396 13.5464 5.1599 4.8891 13.9139 0 -1.897 13.6985 0.6408 0.6693 0.6282 0.7244 0.5869 0.6697
3 16 0 -1.897 13.6985 5.1599 4.8891 13.9139 0 7.1576 13.8083 0.5869 0.6697 0.6282 0.7244 0.5869 0.7434
3 16 0 7.1576 13.8083 5.1599 4.8891 13.9139 3.6673 7.1227 13.9168 0.5869 0.7434 0.6282 0.7244 0.6158 0.7429
3 16 0 16.3237 13.6866 0 9.7527 13.8359 3.6672 12.3923 13.9173 0.5869 0.8181 0.5869 0.7646 0.6158 0.7863
3 16 3.6672 12.3923 13.9173 0 9.7527 13.8359 3.1432 9.7525 13.9157 0.6158 0.7863 0.5869 0.7646 0.6115 0.7646
3 16 0 16.3237 13.6866 3.6672 12.3923 13.9173 5.1598 14.6262 13.9167 0.5869 0.8181 0.6158 0.7863 0.6282 0.8048
3 16 7.3664 16.3287 13.6736 0 16.3237 13.6866 7.408 16.086 13.884 0.647 0.8188 0.5869 0.8181 0.6458 0.8165
3 16 0 16.3237 13.6866 5.1598 14.6262 13.9167 7.408 16.086 13.884 0.5869 0.8181 0.6282 0.8048 0.6458 0.8165
3 16 5.1599 4.8891 13.9139 7.3936 3.3963 13.9146 5.1599 4.8894 17.8031 0.0421 0.738 0.0402 0.7163 0.0737 0.7349
3 16 5.1599 4.8894 17.8031 7.3936 3.3963 13.9146 7.3934 3.397 17.8031 0.0737 0.7349 0.0402 0.7163 0.0719 0.7136
3 16 5.1599 4.8891 13.9139 5.1599 4.8894 17.8031 3.6673 7.1227 13.9168 0.0421 0.738 0.0737 0.7349 0.0445 0.76
3 16 3.6673 7.1227 13.9168 5.1599 4.8894 17.8031 3.6675 7.1229 17.8031 0.0445 0.76 0.0737 0.7349 0.076 0.7562
3 16 3.1432 9.7525 13.9157 3.6673 7.1227 13.9168 3.1435 9.7525 17.8031 0.0474 0.782 0.0445 0.76 0.0788 0.7775
3 16 3.1435 9.7525 17.8031 3.6673 7.1227 13.9168 3.6675 7.1229 17.8031 0.0788 0.7775 0.0445 0.76 0.076 0.7562
3 16 3.6672 12.3923 13.9173 3.1432 9.7525 13.9157 3.6675 12.3921 17.8031 0.0508 0.8039 0.0474 0.782 0.0821 0.7986
3 16 3.6675 12.3921 17.8031 3.1432 9.7525 13.9157 3.1435 9.7525 17.8031 0.0821 0.7986 0.0474 0.782 0.0788 0.7775
3 16 5.1598 14.6262 13.9167 3.6672 12.3923 13.9173 5.16 14.6257 17.8031 0.0548 0.8257 0.0508 0.8039 0.0859 0.8197
3 16 5.16 14.6257 17.8031 3.6672 12.3923 13.9173 3.6675 12.3921 17.8031 0.0859 0.8197 0.0508 0.8039 0.0821 0.7986
3 16 7.408 16.086 13.884 5.1598 14.6262 13.9167 7.4076 16.0832 17.8031 0.0588 0.8465 0.0548 0.8257 0.0902 0.8407
3 16 7.4076 16.0832 17.8031 5.1598 14.6262 13.9167 5.16 14.6257 17.8031 0.0902 0.8407 0.0548 0.8257 0.0859 0.8197
3 16 6.6061 -1.9396 13.5464 10.0294 2.8721 13.7657 7.3936 3.3963 13.9146 0.6408 0.6693 0.6684 0.7079 0.6462 0.7124
3 16 16.9643 9.0014 9.9889 16.7894 9.765 9.9824 16.5854 8.3897 15.083 0.0078 0.6132 0.0081 0.6073 0.0466 0.6177
3 16 16.5854 8.3897 15.083 16.7894 9.765 9.9824 16.7894 9.7635 17.8031 0.0466 0.6177 0.0081 0.6073 0.0688 0.6065
3 16 3.1503 -3.0177 5.4356 3.1503 0.0177 5.4356 5.5803 -3.0177 3.2214 0.97 0.3181 0.9455 0.3181 0.97 0.2913
3 16 5.5803 -3.0177 3.2214 3.1503 0.0177 5.4356 5.5803 0.0177 3.2214 0.97 0.2913 0.9455 0.3181 0.9455 0.2913
3 16 0 -3.0112 8.064 0 0.0112 8.064 1.0937 -3.0177 8.0364 0.97 0.3566 0.9455 0.3566 0.97 0.3476
3 16 1.0937 -3.0177 8.0364 0 0.0112 8.064 1.0937 0.0177 8.0364 0.97 0.3476 0.9455 0.3566 0.9455 0.3476
3 16 3.2217 -3.0177 -5.5801 3.2217 0.0177 -5.5801 0 -3.0177 -6.4434 0.97 0.2095 0.9455 0.2095 0.97 0.1822
3 16 0 -3.0177 -6.4434 3.2217 0.0177 -5.5801 0 0.0177 -6.4434 0.97 0.1822 0.9455 0.2095 0.9455 0.1822
3 16 5.5801 0.0177 -3.2217 3.2217 0.0177 -5.5801 5.5801 -3.0177 -3.2217 0.9455 0.2367 0.9455 0.2095 0.97 0.2367
3 16 5.5801 -3.0177 -3.2217 3.2217 0.0177 -5.5801 3.2217 -3.0177 -5.5801 0.97 0.2367 0.9455 0.2095 0.97 0.2095
3 16 6.4434 -3.0177 0 6.4434 0.0177 0 5.5801 -3.0177 -3.2217 0.97 0.264 0.9455 0.264 0.97 0.2367
3 16 5.5801 -3.0177 -3.2217 6.4434 0.0177 0 5.5801 0.0177 -3.2217 0.97 0.2367 0.9455 0.264 0.9455 0.2367
3 16 5.5803 -3.0177 3.2214 5.5803 0.0177 3.2214 6.4434 -3.0177 0 0.97 0.2913 0.9455 0.2913 0.97 0.264
3 16 6.4434 -3.0177 0 5.5803 0.0177 3.2214 6.4434 0.0177 0 0.97 0.264 0.9455 0.2913 0.9455 0.264
3 16 2.4243 -3.0177 5.6393 2.4243 0.0177 5.6393 3.1503 -3.0177 5.4356 0.97 0.3243 0.9455 0.3243 0.97 0.3181
3 16 3.1503 -3.0177 5.4356 2.4243 0.0177 5.6393 3.1503 0.0177 5.4356 0.97 0.3181 0.9455 0.3243 0.9455 0.3181
3 16 1.6471 -3.0177 7.4042 1.6471 0.0177 7.4042 1.7005 -3.0177 6.5728 0.97 0.3406 0.9455 0.3406 0.97 0.3338
3 16 1.7005 -3.0177 6.5728 1.6471 0.0177 7.4042 1.7005 0.0177 6.5728 0.97 0.3338 0.9455 0.3406 0.9455 0.3338
3 16 1.6471 0.0177 7.4042 1.6471 -3.0177 7.4042 1.0937 0.0177 8.0364 0.9455 0.3406 0.97 0.3406 0.9455 0.3476
3 16 1.0937 0.0177 8.0364 1.6471 -3.0177 7.4042 1.0937 -3.0177 8.0364 0.9455 0.3476 0.97 0.3406 0.97 0.3476
3 16 1.7005 -3.0177 6.5728 1.7005 0.0177 6.5728 2.4243 -3.0177 5.6393 0.97 0.3338 0.9455 0.3338 0.97 0.3243
3 16 2.4243 -3.0177 5.6393 1.7005 0.0177 6.5728 2.4243 0.0177 5.6393 0.97 0.3243 0.9455 0.3338 0.9455 0.3243
3 16 6.3046 -3.0223 -12.7074 3.2217 -3.0177 -5.5801 0 -3.0222 -12.8326 0.6407 0.1078 0.6989 0.1322 0.6401 0.1593
3 16 0 -3.0222 -12.8326 3.2217 -3.0177 -5.5801 0 -3.0177 -6.4434 0.6401 0.1593 0.6989 0.1322 0.6921 0.1587
3 16 3.2217 -3.0177 -5.5801 6.3046 -3.0223 -12.7074 5.5801 -3.0177 -3.2217 0.6989 0.1322 0.6407 0.1078 0.7181 0.1127
3 16 5.5801 -3.0177 -3.2217 6.3046 -3.0223 -12.7074 12.6009 -3.0217 -10.5746 0.7181 0.1127 0.6407 0.1078 0.6574 0.0562
3 16 19.3041 3.3182 14.1182 16.317 7.1068 15.1239 14.8534 4.9161 15.1336 0.5313 0.3593 0.5438 0.3969 0.5224 0.3977
3 16 2.4243 0.0177 5.6393 1.7005 0.0177 6.5728 3.1503 0.0177 5.4356 0.2259 0.2284 0.2334 0.2224 0.2243 0.2343
3 16 3.1503 0.0177 5.4356 1.7005 0.0177 6.5728 1.6471 0.0177 7.4042 0.2243 0.2343 0.2334 0.2224 0.2402 0.2218
3 16 13.2011 15.3187 17.8031 15.5537 12.9661 17.8031 14.8144 14.5937 17.8031 0.8538 0.8182 0.8591 0.8447 0.8521 0.8323
3 16 14.8144 14.5937 17.8031 15.5537 12.9661 17.8031 16.2886 12.3545 17.8031 0.8521 0.8323 0.8591 0.8447 0.8603 0.8521
3 16 15.5537 12.9661 17.8031 16.4148 9.7525 17.8031 16.2886 12.3545 17.8031 0.8591 0.8447 0.877 0.8651 0.8603 0.8521
3 16 16.2886 12.3545 17.8031 16.4148 9.7525 17.8031 16.7894 9.7635 17.8031 0.8603 0.8521 0.877 0.8651 0.8755 0.8673
3 16 16.7894 9.7635 17.8031 16.4148 9.7525 17.8031 16.3157 7.1086 17.8031 0.8755 0.8673 0.877 0.8651 0.8953 0.8755
3 16 16.3157 7.1086 17.8031 16.4148 9.7525 17.8031 15.5537 6.5389 17.8031 0.8953 0.8755 0.877 0.8651 0.9026 0.8738
3 16 16.3157 7.1086 17.8031 15.5537 6.5389 17.8031 14.8518 4.9179 17.8033 0.8953 0.8755 0.9026 0.8738 0.9167 0.8755
3 16 14.8518 4.9179 17.8033 15.5537 6.5389 17.8031 13.2011 4.1863 17.8031 0.9167 0.8755 0.9026 0.8738 0.9291 0.8685
3 16 14.8518 4.9179 17.8033 13.2011 4.1863 17.8031 12.662 3.5137 17.8033 0.9167 0.8755 0.9291 0.8685 0.9365 0.8673
3 16 13.2011 4.1863 17.8031 9.9875 3.3253 17.8031 12.662 3.5137 17.8033 0.9291 0.8685 0.9494 0.8507 0.9365 0.8673
3 16 12.662 3.5137 17.8033 9.9875 3.3253 17.8031 10.0285 2.873 17.8031 0.9365 0.8673 0.9494 0.8507 0.9517 0.8521
3 16 10.0285 2.873 17.8031 9.9875 3.3253 17.8031 7.3934 3.397 17.8031 0.9517 0.8521 0.9494 0.8507 0.9599 0.8323
3 16 7.3934 3.397 17.8031 9.9875 3.3253 17.8031 6.7739 4.1863 17.8031 0.9599 0.8323 0.9494 0.8507 0.9581 0.825
3 16 7.3934 3.397 17.8031 6.7739 4.1863 17.8031 5.1599 4.8894 17.8031 0.9599 0.8323 0.9581 0.825 0.9599 0.8109
3 16 3.6675 7.1229 17.8031 5.1599 4.8894 17.8031 4.4213 6.5389 17.8031 0.9517 0.7911 0.9599 0.8109 0.9529 0.7985
3 16 4.4213 6.5389 17.8031 5.1599 4.8894 17.8031 6.7739 4.1863 17.8031 0.9529 0.7985 0.9599 0.8109 0.9581 0.825
3 16 3.1435 9.7525 17.8031 3.6675 7.1229 17.8031 3.5602 9.7525 17.8031 0.9365 0.776 0.9517 0.7911 0.935 0.7782
3 16 3.5602 9.7525 17.8031 3.6675 7.1229 17.8031 4.4213 6.5389 17.8031 0.935 0.7782 0.9517 0.7911 0.9529 0.7985
3 16 4.4213 12.9661 17.8031 3.6675 12.3921 17.8031 3.5602 9.7525 17.8031 0.9094 0.7695 0.9167 0.7678 0.935 0.7782
3 16 3.5602 9.7525 17.8031 3.6675 12.3921 17.8031 3.1435 9.7525 17.8031 0.935 0.7782 0.9167 0.7678 0.9365 0.776
3 16 6.7739 15.3187 17.8031 5.16 14.6257 17.8031 4.4213 12.9661 17.8031 0.8829 0.7748 0.8953 0.7678 0.9094 0.7695
3 16 4.4213 12.9661 17.8031 5.16 14.6257 17.8031 3.6675 12.3921 17.8031 0.9094 0.7695 0.8953 0.7678 0.9167 0.7678
3 16 6.7739 15.3187 17.8031 7.4076 16.0832 17.8031 5.16 14.6257 17.8031 0.8829 0.7748 0.8755 0.776 0.8953 0.7678
3 16 9.9877 16.5871 17.7966 7.4076 16.0832 17.8031 9.9875 16.1844 17.7966 0.8603 0.7911 0.8755 0.776 0.8625 0.7926
3 16 9.9875 16.1844 17.7966 7.4076 16.0832 17.8031 6.7739 15.3187 17.8031 0.8625 0.7926 0.8755 0.776 0.8829 0.7748
3 16 13.2011 15.3187 17.8031 12.6109 16.0491 17.8031 9.9875 16.1844 17.7966 0.8538 0.8182 0.8521 0.8109 0.8625 0.7926
3 16 9.9875 16.1844 17.7966 12.6109 16.0491 17.8031 9.9877 16.5871 17.7966 0.8625 0.7926 0.8521 0.8109 0.8603 0.7911
3 16 14.8144 14.5937 17.8031 12.6109 16.0491 17.8031 13.2011 15.3187 17.8031 0.8521 0.8323 0.8521 0.8109 0.8538 0.8182
3 16 15.5537 6.5388 22.2521 13.7034 7.8797 22.2632 13.2012 4.1863 22.2521 0.5824 0.8329 0.5796 0.8511 0.5554 0.8329
3 16 13.2012 4.1863 22.2521 13.7034 7.8797 22.2632 11.8603 6.0366 22.2632 0.5554 0.8329 0.5796 0.8511 0.5582 0.8511
3 16 14.2051 9.7525 22.2632 13.7034 7.8797 22.2632 16.4148 9.7525 22.2521 0.5933 0.859 0.5796 0.8511 0.6059 0.8465
3 16 16.4148 9.7525 22.2521 13.7034 7.8797 22.2632 15.5537 6.5388 22.2521 0.6059 0.8465 0.5796 0.8511 0.5824 0.8329
3 16 14.2051 9.7525 22.2632 16.4148 9.7525 22.2521 13.7034 11.6253 22.2632 0.5933 0.859 0.6059 0.8465 0.6013 0.8728
3 16 13.7034 11.6253 22.2632 16.4148 9.7525 22.2521 15.5537 12.9662 22.2521 0.6013 0.8728 0.6059 0.8465 0.6194 0.8699
3 16 11.8603 13.4684 22.2632 13.7034 11.6253 22.2632 13.2012 15.3187 22.2521 0.6013 0.8941 0.6013 0.8728 0.6194 0.897
3 16 13.2012 15.3187 22.2521 13.7034 11.6253 22.2632 15.5537 12.9662 22.2521 0.6194 0.897 0.6013 0.8728 0.6194 0.8699
3 16 9.9875 13.9701 22.2632 11.8603 13.4684 22.2632 9.9875 16.1845 22.2457 0.5933 0.9078 0.6013 0.8941 0.6059 0.9204
3 16 9.9875 16.1845 22.2457 11.8603 13.4684 22.2632 13.2012 15.3187 22.2521 0.6059 0.9204 0.6013 0.8941 0.6194 0.897
3 16 9.9875 13.9701 22.2632 9.9875 16.1845 22.2457 8.1147 13.4684 22.2632 0.5933 0.9078 0.6059 0.9204 0.5796 0.9158
3 16 8.1147 13.4684 22.2632 9.9875 16.1845 22.2457 6.7739 15.3187 22.2521 0.5796 0.9158 0.6059 0.9204 0.5824 0.9339
3 16 6.2716 11.6253 22.2632 8.1147 13.4684 22.2632 4.4213 12.9662 22.2521 0.5582 0.9158 0.5796 0.9158 0.5554 0.9339
3 16 4.4213 12.9662 22.2521 8.1147 13.4684 22.2632 6.7739 15.3187 22.2521 0.5554 0.9339 0.5796 0.9158 0.5824 0.9339
3 16 5.7699 9.7525 22.2632 6.2716 11.6253 22.2632 3.5602 9.7525 22.2521 0.5445 0.9078 0.5582 0.9158 0.532 0.9204
3 16 3.5602 9.7525 22.2521 6.2716 11.6253 22.2632 4.4213 12.9662 22.2521 0.532 0.9204 0.5582 0.9158 0.5554 0.9339
3 16 5.7699 9.7525 22.2632 3.5602 9.7525 22.2521 6.2716 7.8797 22.2632 0.5445 0.9078 0.532 0.9204 0.5365 0.8941
3 16 6.2716 7.8797 22.2632 3.5602 9.7525 22.2521 4.4213 6.5388 22.2521 0.5365 0.8941 0.532 0.9204 0.5184 0.897
3 16 8.1147 6.0366 22.2632 6.2716 7.8797 22.2632 6.7739 4.1863 22.2521 0.5365 0.8728 0.5365 0.8941 0.5184 0.8699
3 16 6.7739 4.1863 22.2521 6.2716 7.8797 22.2632 4.4213 6.5388 22.2521 0.5184 0.8699 0.5365 0.8941 0.5184 0.897
3 16 9.9875 5.5397 22.2567 8.1147 6.0366 22.2632 9.9875 3.3252 22.2521 0.5445 0.859 0.5365 0.8728 0.532 0.8465
3 16 9.9875 3.3252 22.2521 8.1147 6.0366 22.2632 6.7739 4.1863 22.2521 0.532 0.8465 0.5365 0.8728 0.5184 0.8699
3 16 9.9875 5.5397 22.2567 9.9875 3.3252 22.2521 11.8603 6.0366 22.2632 0.5445 0.859 0.532 0.8465 0.5582 0.8511
3 16 11.8603 6.0366 22.2632 9.9875 3.3252 22.2521 13.2012 4.1863 22.2521 0.5582 0.8511 0.532 0.8465 0.5554 0.8329
3 16 4.4213 6.5389 17.8031 6.7739 4.1863 17.8031 4.4213 6.5388 22.2521 0.6416 0.9531 0.6686 0.9531 0.6416 0.9894
3 16 4.4213 6.5388 22.2521 6.7739 4.1863 17.8031 6.7739 4.1863 22.2521 0.6416 0.9894 0.6686 0.9531 0.6686 0.9894
3 16 3.5602 9.7525 17.8031 4.4213 6.5389 17.8031 3.5602 9.7525 22.2521 0.6145 0.9531 0.6416 0.9531 0.6145 0.9894
3 16 3.5602 9.7525 22.2521 4.4213 6.5389 17.8031 4.4213 6.5388 22.2521 0.6145 0.9894 0.6416 0.9531 0.6416 0.9894
3 16 4.4213 12.9661 17.8031 3.5602 9.7525 17.8031 4.4213 12.9662 22.2521 0.5875 0.9531 0.6145 0.9531 0.5875 0.9894
3 16 4.4213 12.9662 22.2521 3.5602 9.7525 17.8031 3.5602 9.7525 22.2521 0.5875 0.9894 0.6145 0.9531 0.6145 0.9894
3 16 6.7739 15.3187 17.8031 4.4213 12.9661 17.8031 6.7739 15.3187 22.2521 0.5604 0.9531 0.5875 0.9531 0.5604 0.9894
3 16 6.7739 15.3187 22.2521 4.4213 12.9661 17.8031 4.4213 12.9662 22.2521 0.5604 0.9894 0.5875 0.9531 0.5875 0.9894
3 16 9.9875 16.1844 17.7966 6.7739 15.3187 17.8031 9.9875 16.1845 22.2457 0.5334 0.9531 0.5604 0.9531 0.5334 0.9894
3 16 9.9875 16.1845 22.2457 6.7739 15.3187 17.8031 6.7739 15.3187 22.2521 0.5334 0.9894 0.5604 0.9531 0.5604 0.9894
3 16 13.2011 15.3187 17.8031 9.9875 16.1844 17.7966 13.2012 15.3187 22.2521 0.8309 0.9531 0.858 0.9531 0.8309 0.9894
3 16 13.2012 15.3187 22.2521 9.9875 16.1844 17.7966 9.9875 16.1845 22.2457 0.8309 0.9894 0.858 0.9531 0.858 0.9894
3 16 15.5537 12.9661 17.8031 13.2011 15.3187 17.8031 15.5537 12.9662 22.2521 0.8039 0.9531 0.8309 0.9531 0.8039 0.9894
3 16 15.5537 12.9662 22.2521 13.2011 15.3187 17.8031 13.2012 15.3187 22.2521 0.8039 0.9894 0.8309 0.9531 0.8309 0.9894
3 16 16.4148 9.7525 17.8031 15.5537 12.9661 17.8031 16.4148 9.7525 22.2521 0.7768 0.9531 0.8039 0.9531 0.7768 0.9894
3 16 16.4148 9.7525 22.2521 15.5537 12.9661 17.8031 15.5537 12.9662 22.2521 0.7768 0.9894 0.8039 0.9531 0.8039 0.9894
3 16 15.5537 6.5389 17.8031 16.4148 9.7525 17.8031 15.5537 6.5388 22.2521 0.7498 0.9531 0.7768 0.9531 0.7498 0.9894
3 16 15.5537 6.5388 22.2521 16.4148 9.7525 17.8031 16.4148 9.7525 22.2521 0.7498 0.9894 0.7768 0.9531 0.7768 0.9894
3 16 13.2011 4.1863 17.8031 15.5537 6.5389 17.8031 13.2012 4.1863 22.2521 0.7227 0.9531 0.7498 0.9531 0.7227 0.9894
3 16 13.2012 4.1863 22.2521 15.5537 6.5389 17.8031 15.5537 6.5388 22.2521 0.7227 0.9894 0.7498 0.9531 0.7498 0.9894
3 16 9.9875 3.3253 17.8031 13.2011 4.1863 17.8031 9.9875 3.3252 22.2521 0.6957 0.9531 0.7227 0.9531 0.6957 0.9894
3 16 9.9875 3.3252 22.2521 13.2011 4.1863 17.8031 13.2012 4.1863 22.2521 0.6957 0.9894 0.7227 0.9531 0.7227 0.9894
3 16 6.7739 4.1863 22.2521 6.7739 4.1863 17.8031 9.9875 3.3252 22.2521 0.6686 0.9894 0.6686 0.9531 0.6957 0.9894
3 16 9.9875 3.3252 22.2521 6.7739 4.1863 17.8031 9.9875 3.3253 17.8031 0.6957 0.9894 0.6686 0.9531 0.6957 0.9531
3 16 17.1299 -5.363 -11.686 12.9195 -2.9651 -13.6813 19.9071 -0.5075 -13.7047 0.4594 0.0863 0.4569 0.0418 0.5075 0.0739
3 16 19.9071 -0.5075 -13.7047 12.9195 -2.9651 -13.6813 14.5475 6.0445 -15.1015 0.5075 0.0739 0.4569 0.0418 0.5276 0.0078
3 16 14.5475 6.0445 -15.1015 21.6944 5.9248 -14.1035 19.9071 -0.5075 -13.7047 0.5276 0.0078 0.561 0.0593 0.5075 0.0739
3 16 6.9861 11.4853 13.7581 9.9875 9.7525 13.765 8.2546 12.7539 13.7581 0.1878 0.1772 0.1804 0.2046 0.1731 0.1772
3 16 8.2546 12.7539 13.7581 9.9875 9.7525 13.765 9.9875 13.2182 13.7581 0.1731 0.1772 0.1804 0.2046 0.1603 0.1845
3 16 9.9875 13.2182 13.7581 9.9875 9.7525 13.765 11.7203 12.7539 13.7581 0.1603 0.1845 0.1804 0.2046 0.153 0.1973
3 16 11.7203 12.7539 13.7581 9.9875 9.7525 13.765 12.9889 11.4854 13.7581 0.153 0.1973 0.1804 0.2046 0.153 0.212
3 16 12.9889 11.4854 13.7581 9.9875 9.7525 13.765 13.4532 9.7525 13.7581 0.153 0.212 0.1804 0.2046 0.1603 0.2247
3 16 13.4532 9.7525 13.7581 9.9875 9.7525 13.765 12.9889 8.0197 13.7581 0.1603 0.2247 0.1804 0.2046 0.1731 0.232
3 16 12.9889 8.0197 13.7581 9.9875 9.7525 13.765 11.7204 6.7511 13.7581 0.1731 0.232 0.1804 0.2046 0.1878 0.232
3 16 11.7204 6.7511 13.7581 9.9875 9.7525 13.765 9.9875 6.2915 13.752 0.1878 0.232 0.1804 0.2046 0.2005 0.2247
3 16 9.9875 6.2915 13.752 9.9875 9.7525 13.765 8.2547 6.7511 13.7581 0.2005 0.2247 0.1804 0.2046 0.2078 0.212
3 16 8.2547 6.7511 13.7581 9.9875 9.7525 13.765 6.9861 8.0196 13.7581 0.2078 0.212 0.1804 0.2046 0.2078 0.1973
3 16 6.9861 8.0196 13.7581 9.9875 9.7525 13.765 6.5218 9.7525 13.7581 0.2078 0.1973 0.1804 0.2046 0.2005 0.1845
3 16 6.5218 9.7525 13.7581 9.9875 9.7525 13.765 6.9861 11.4853 13.7581 0.2005 0.1845 0.1804 0.2046 0.1878 0.1772
3 16 13.7034 7.8797 17.2577 13.7034 7.8797 22.2632 14.205 9.7525 17.2577 0.3527 0.4449 0.3935 0.4449 0.3527 0.4608
3 16 14.205 9.7525 17.2577 13.7034 7.8797 22.2632 14.2051 9.7525 22.2632 0.3527 0.4608 0.3935 0.4449 0.3935 0.4608
3 16 11.8603 6.0366 17.2577 11.8603 6.0366 22.2632 13.7034 7.8797 17.2577 0.3527 0.4236 0.3935 0.4236 0.3527 0.4449
3 16 13.7034 7.8797 17.2577 11.8603 6.0366 22.2632 13.7034 7.8797 22.2632 0.3527 0.4449 0.3935 0.4236 0.3935 0.4449
3 16 9.9875 5.5397 17.2512 9.9875 5.5397 22.2567 11.8603 6.0366 17.2577 0.3527 0.4077 0.3935 0.4077 0.3527 0.4236
3 16 11.8603 6.0366 17.2577 9.9875 5.5397 22.2567 11.8603 6.0366 22.2632 0.3527 0.4236 0.3935 0.4077 0.3935 0.4236
3 16 8.1147 6.0366 17.2577 8.1147 6.0366 22.2632 9.9875 5.5397 17.2512 0.3527 0.6042 0.3935 0.6042 0.3527 0.62
3 16 9.9875 5.5397 17.2512 8.1147 6.0366 22.2632 9.9875 5.5397 22.2567 0.3527 0.62 0.3935 0.6042 0.3935 0.62
3 16 6.2716 7.8797 17.2577 6.2716 7.8797 22.2632 8.1147 6.0366 17.2577 0.3527 0.5828 0.3935 0.5828 0.3527 0.6042
3 16 8.1147 6.0366 17.2577 6.2716 7.8797 22.2632 8.1147 6.0366 22.2632 0.3527 0.6042 0.3935 0.5828 0.3935 0.6042
3 16 5.77 9.7525 17.2577 5.7699 9.7525 22.2632 6.2716 7.8797 17.2577 0.3527 0.567 0.3935 0.567 0.3527 0.5828
3 16 6.2716 7.8797 17.2577 5.7699 9.7525 22.2632 6.2716 7.8797 22.2632 0.3527 0.5828 0.3935 0.567 0.3935 0.5828
3 16 6.2716 11.6253 17.2577 6.2716 11.6253 22.2632 5.77 9.7525 17.2577 0.3527 0.5511 0.3935 0.5511 0.3527 0.567
3 16 5.77 9.7525 17.2577 6.2716 11.6253 22.2632 5.7699 9.7525 22.2632 0.3527 0.567 0.3935 0.5511 0.3935 0.567
3 16 8.1147 13.4684 17.2577 8.1147 13.4684 22.2632 6.2716 11.6253 17.2577 0.3527 0.5298 0.3935 0.5298 0.3527 0.5511
3 16 6.2716 11.6253 17.2577 8.1147 13.4684 22.2632 6.2716 11.6253 22.2632 0.3527 0.5511 0.3935 0.5298 0.3935 0.5511
3 16 9.9875 13.97 17.2577 9.9875 13.9701 22.2632 8.1147 13.4684 17.2577 0.3527 0.5139 0.3935 0.5139 0.3527 0.5298
3 16 8.1147 13.4684 17.2577 9.9875 13.9701 22.2632 8.1147 13.4684 22.2632 0.3527 0.5298 0.3935 0.5139 0.3935 0.5298
3 16 11.8603 13.4684 17.2577 11.8603 13.4684 22.2632 9.9875 13.97 17.2577 0.3527 0.498 0.3935 0.498 0.3527 0.5139
3 16 9.9875 13.97 17.2577 11.8603 13.4684 22.2632 9.9875 13.9701 22.2632 0.3527 0.5139 0.3935 0.498 0.3935 0.5139
3 16 13.7034 11.6253 17.2577 13.7034 11.6253 22.2632 11.8603 13.4684 17.2577 0.3527 0.4767 0.3935 0.4767 0.3527 0.498
3 16 11.8603 13.4684 17.2577 13.7034 11.6253 22.2632 11.8603 13.4684 22.2632 0.3527 0.498 0.3935 0.4767 0.3935 0.498
3 16 14.205 9.7525 17.2577 14.2051 9.7525 22.2632 13.7034 11.6253 17.2577 0.3527 0.4608 0.3935 0.4608 0.3527 0.4767
3 16 13.7034 11.6253 17.2577 14.2051 9.7525 22.2632 13.7034 11.6253 22.2632 0.3527 0.4767 0.3935 0.4608 0.3935 0.4767
3 16 6.8378 11.571 17.2581 6.9861 11.4853 13.7581 8.169 12.9022 17.2581 0.4567 0.9587 0.4545 0.9871 0.4413 0.9576
3 16 8.169 12.9022 17.2581 6.9861 11.4853 13.7581 8.2546 12.7539 13.7581 0.4413 0.9576 0.4545 0.9871 0.4398 0.9862
3 16 8.169 12.9022 17.2581 8.2546 12.7539 13.7581 9.9875 13.3895 17.2581 0.4413 0.9576 0.4398 0.9862 0.4259 0.957
3 16 9.9875 13.3895 17.2581 8.2546 12.7539 13.7581 9.9875 13.2182 13.7581 0.4259 0.957 0.4398 0.9862 0.4251 0.9856
3 16 9.9875 13.3895 17.2581 9.9875 13.2182 13.7581 11.806 12.9022 17.2581 0.4259 0.957 0.4251 0.9856 0.4105 0.9568
3 16 11.806 12.9022 17.2581 9.9875 13.2182 13.7581 11.7203 12.7539 13.7581 0.4105 0.9568 0.4251 0.9856 0.4104 0.9854
3 16 11.806 12.9022 17.2581 11.7203 12.7539 13.7581 13.1372 11.571 17.2581 0.4105 0.9568 0.4104 0.9854 0.3951 0.957
3 16 13.1372 11.571 17.2581 11.7203 12.7539 13.7581 12.9889 11.4854 13.7581 0.3951 0.957 0.4104 0.9854 0.3957 0.9855
3 16 13.1372 11.571 17.2581 12.9889 11.4854 13.7581 13.6245 9.7525 17.2581 0.3951 0.957 0.3957 0.9855 0.3796 0.9575
3 16 13.6245 9.7525 17.2581 12.9889 11.4854 13.7581 13.4532 9.7525 13.7581 0.3796 0.9575 0.3957 0.9855 0.381 0.986
3 16 13.6245 9.7525 17.2581 13.4532 9.7525 13.7581 13.1372 7.934 17.2581 0.3796 0.9575 0.381 0.986 0.3642 0.9584
3 16 13.1372 7.934 17.2581 13.4532 9.7525 13.7581 12.9889 8.0197 13.7581 0.3642 0.9584 0.381 0.986 0.3664 0.9869
3 16 13.1372 7.934 17.2581 12.9889 8.0197 13.7581 11.806 6.6028 17.2581 0.3642 0.9584 0.3664 0.9869 0.3489 0.9598
3 16 11.806 6.6028 17.2581 12.9889 8.0197 13.7581 11.7204 6.7511 13.7581 0.3489 0.9598 0.3664 0.9869 0.3517 0.9882
3 16 11.806 6.6028 17.2581 11.7204 6.7511 13.7581 9.9875 6.1202 17.252 0.3489 0.9598 0.3517 0.9882 0.3336 0.9615
3 16 9.9875 6.1202 17.252 11.7204 6.7511 13.7581 9.9875 6.2915 13.752 0.3336 0.9615 0.3517 0.9882 0.3371 0.9898
3 16 9.9875 6.1202 17.252 9.9875 6.2915 13.752 8.169 6.6028 17.2581 0.5179 0.9666 0.5128 0.9947 0.5026 0.964
3 16 8.169 6.6028 17.2581 9.9875 6.2915 13.752 8.2547 6.7511 13.7581 0.5026 0.964 0.5128 0.9947 0.4983 0.9923
3 16 8.169 6.6028 17.2581 8.2547 6.7511 13.7581 6.8378 7.934 17.2581 0.5026 0.964 0.4983 0.9923 0.4874 0.9618
3 16 6.8378 7.934 17.2581 8.2547 6.7511 13.7581 6.9861 8.0196 13.7581 0.4874 0.9618 0.4983 0.9923 0.4837 0.9902
3 16 6.8378 7.934 17.2581 6.9861 8.0196 13.7581 6.3505 9.7525 17.2581 0.4874 0.9618 0.4837 0.9902 0.4721 0.9601
3 16 6.3505 9.7525 17.2581 6.9861 8.0196 13.7581 6.5218 9.7525 13.7581 0.4721 0.9601 0.4837 0.9902 0.4691 0.9885
3 16 6.3505 9.7525 17.2581 6.5218 9.7525 13.7581 6.8378 11.571 17.2581 0.4721 0.9601 0.4691 0.9885 0.4567 0.9587
3 16 6.8378 11.571 17.2581 6.5218 9.7525 13.7581 6.9861 11.4853 13.7581 0.4567 0.9587 0.4691 0.9885 0.4545 0.9871
3 16 8.169 12.9022 17.2581 8.1147 13.4684 17.2577 6.8378 11.571 17.2581 0.4366 0.8398 0.4331 0.8428 0.4366 0.8244
3 16 6.8378 11.571 17.2581 8.1147 13.4684 17.2577 6.2716 11.6253 17.2577 0.4366 0.8244 0.4331 0.8428 0.4331 0.8215
3 16 6.8378 11.571 17.2581 6.2716 11.6253 17.2577 6.3505 9.7525 17.2581 0.4366 0.8244 0.4331 0.8215 0.4443 0.8111
3 16 6.3505 9.7525 17.2581 6.2716 11.6253 17.2577 5.77 9.7525 17.2577 0.4443 0.8111 0.4331 0.8215 0.441 0.8077
3 16 5.77 9.7525 17.2577 6.2716 7.8797 17.2577 6.3505 9.7525 17.2581 0.441 0.8077 0.4548 0.7998 0.4443 0.8111
3 16 6.3505 9.7525 17.2581 6.2716 7.8797 17.2577 6.8378 7.934 17.2581 0.4443 0.8111 0.4548 0.7998 0.4577 0.8033
3 16 6.8378 7.934 17.2581 6.2716 7.8797 17.2577 8.169 6.6028 17.2581 0.4577 0.8033 0.4548 0.7998 0.4731 0.8033
3 16 8.169 6.6028 17.2581 6.2716 7.8797 17.2577 8.1147 6.0366 17.2577 0.4731 0.8033 0.4548 0.7998 0.4761 0.7998
3 16 8.169 6.6028 17.2581 8.1147 6.0366 17.2577 9.9875 6.1202 17.252 0.4731 0.8033 0.4761 0.7998 0.4865 0.8111
3 16 9.9875 6.1202 17.252 8.1147 6.0366 17.2577 9.9875 5.5397 17.2512 0.4865 0.8111 0.4761 0.7998 0.4898 0.8077
3 16 9.9875 5.5397 17.2512 11.8603 6.0366 17.2577 9.9875 6.1202 17.252 0.4898 0.8077 0.4978 0.8215 0.4865 0.8111
3 16 9.9875 6.1202 17.252 11.8603 6.0366 17.2577 11.806 6.6028 17.2581 0.4865 0.8111 0.4978 0.8215 0.4942 0.8244
3 16 11.806 6.6028 17.2581 11.8603 6.0366 17.2577 13.1372 7.934 17.2581 0.4942 0.8244 0.4978 0.8215 0.4942 0.8398
3 16 13.1372 7.934 17.2581 11.8603 6.0366 17.2577 13.7034 7.8797 17.2577 0.4942 0.8398 0.4978 0.8215 0.4978 0.8428
3 16 13.1372 7.934 17.2581 13.7034 7.8797 17.2577 13.6245 9.7525 17.2581 0.4942 0.8398 0.4978 0.8428 0.4865 0.8532
3 16 13.6245 9.7525 17.2581 13.7034 7.8797 17.2577 14.205 9.7525 17.2577 0.4865 0.8532 0.4978 0.8428 0.4898 0.8565
3 16 14.205 9.7525 17.2577 13.7034 11.6253 17.2577 13.6245 9.7525 17.2581 0.4898 0.8565 0.4761 0.8645 0.4865 0.8532
3 16 13.6245 9.7525 17.2581 13.7034 11.6253 17.2577 13.1372 11.571 17.2581 0.4865 0.8532 0.4761 0.8645 0.4731 0.8609
3 16 13.1372 11.571 17.2581 13.7034 11.6253 17.2577 11.806 12.9022 17.2581 0.4731 0.8609 0.4761 0.8645 0.4577 0.8609
3 16 11.806 12.9022 17.2581 13.7034 11.6253 17.2577 11.8603 13.4684 17.2577 0.4577 0.8609 0.4761 0.8645 0.4548 0.8645
3 16 11.806 12.9022 17.2581 11.8603 13.4684 17.2577 9.9875 13.3895 17.2581 0.4577 0.8609 0.4548 0.8645 0.4443 0.8532
3 16 9.9875 13.3895 17.2581 11.8603 13.4684 17.2577 9.9875 13.97 17.2577 0.4443 0.8532 0.4548 0.8645 0.441 0.8565
3 16 9.9875 13.97 17.2577 8.1147 13.4684 17.2577 9.9875 13.3895 17.2581 0.441 0.8565 0.4331 0.8428 0.4443 0.8532
3 16 9.9875 13.3895 17.2581 8.1147 13.4684 17.2577 8.169 12.9022 17.2581 0.4443 0.8532 0.4331 0.8428 0.4366 0.8398
3 16 13.3309 0.2482 14.3919 12.8501 -2.9776 13.4358 17.3233 -1.9138 13.2867 0.4817 0.3846 0.4569 0.37 0.4858 0.347
3 16 17.3233 -1.9138 13.2867 12.8501 -2.9776 13.4358 15.691 -4.5962 12.2902 0.4858 0.347 0.4569 0.37 0.4593 0.3411
3 16 6.4434 -3.0177 0 5.5801 -3.0177 -3.2217 12.75 -3.025 0 0.7444 0.1055 0.7181 0.1127 0.7439 0.0541
3 16 12.75 -3.025 0 5.5801 -3.0177 -3.2217 12.6009 -3.0217 -10.5746 0.7439 0.0541 0.7181 0.1127 0.6574 0.0562
3 16 19.0218 0.0249 -3.5605 16.6347 0.025 -7.8911 5.5801 0.0177 -3.2217 0.1522 0.3638 0.1165 0.3464 0.1533 0.2552
3 16 5.5801 0.0177 -3.2217 16.6347 0.025 -7.8911 3.2217 0.0177 -5.5801 0.1533 0.2552 0.1165 0.3464 0.1337 0.2362
3 16 17.3233 -1.9138 13.2867 19.3041 3.3182 14.1182 13.3309 0.2482 14.3919 0.4858 0.347 0.5313 0.3593 0.4817 0.3846
3 16 13.3309 0.2482 14.3919 19.3041 3.3182 14.1182 13.6303 3.9422 14.8229 0.4817 0.3846 0.5313 0.3593 0.5092 0.4004
3 16 12.6603 3.5121 13.7454 12.5754 -2.2857 13.0789 13.4278 3.6509 13.8209 0.6901 0.7131 0.6896 0.6661 0.6965 0.7149
3 16 19.3041 3.3182 14.1182 14.8534 4.9161 15.1336 13.6303 3.9422 14.8229 0.5313 0.3593 0.5224 0.3977 0.5092 0.4004
3 16 18.4864 -0.9564 -8.3279 19.5573 -1.9691 -8.5412 17.4171 -0.4158 -9.6111 0.113 0.3639 0.1108 0.3763 0.1024 0.3537
3 16 3.1503 -3.0177 5.4356 5.5803 -3.0177 3.2214 12.7825 -3.0221 10.4429 0.7894 0.1323 0.771 0.1124 0.8291 0.0527
3 16 12.75 -3.025 0 12.6009 -3.0217 -10.5746 18.0764 -3.0207 -3.9141 0.7439 0.0541 0.6574 0.0562 0.7114 0.0108
3 16 18.0764 -3.0207 -3.9141 12.6009 -3.0217 -10.5746 15.2008 -3.0207 -8.9255 0.7114 0.0108 0.6574 0.0562 0.6707 0.0348
3 16 12.6109 16.0491 9.9823 9.9878 16.5888 13.8192 12.6109 16.0491 17.8031 0.0094 0.5409 0.0372 0.52 0.0692 0.5422
3 16 12.6109 16.0491 17.8031 9.9878 16.5888 13.8192 9.9877 16.5871 17.7966 0.0692 0.5422 0.0372 0.52 0.0696 0.5208
3 16 16.3324 16.7439 -13.1598 14.3085 6.4096 -13.8728 5.8573 16.4327 -13.732 0.3263 0.6577 0.2418 0.6411 0.3237 0.5723
3 16 5.8573 16.4327 -13.732 14.3085 6.4096 -13.8728 7.3095 5.8199 -14.41 0.3237 0.5723 0.2418 0.6411 0.2372 0.5839
3 16 6.6024 -3.0233 12.3807 0 -3.0233 12.4774 1.0937 -3.0177 8.0364 0.846 0.1027 0.8466 0.1573 0.8109 0.1476
3 16 1.0937 -3.0177 8.0364 0 -3.0233 12.4774 0 -3.0112 8.064 0.8109 0.1476 0.8466 0.1573 0.8104 0.157
3 16 2.4243 -3.0177 5.6393 3.1503 -3.0177 5.4356 1.7005 -3.0177 6.5728 0.7949 0.1374 0.7894 0.1323 0.8008 0.1408
3 16 1.7005 -3.0177 6.5728 3.1503 -3.0177 5.4356 1.6471 -3.0177 7.4042 0.8008 0.1408 0.7894 0.1323 0.8064 0.142
3 16 12.4719 -3.021 12.4066 6.6024 -3.0233 12.3807 1.6471 -3.0177 7.4042 0.8451 0.0552 0.846 0.1027 0.8064 0.142
3 16 1.6471 -3.0177 7.4042 6.6024 -3.0233 12.3807 1.0937 -3.0177 8.0364 0.8064 0.142 0.846 0.1027 0.8109 0.1476
3 16 3.1503 -3.0177 5.4356 12.7825 -3.0221 10.4429 1.6471 -3.0177 7.4042 0.7894 0.1323 0.8291 0.0527 0.8064 0.142
3 16 1.6471 -3.0177 7.4042 12.7825 -3.0221 10.4429 12.4719 -3.021 12.4066 0.8064 0.142 0.8291 0.0527 0.8451 0.0552
3 16 1.0937 0.0177 8.0364 9.1323 0.0177 9.9823 1.6471 0.0177 7.4042 0.2454 0.217 0.2636 0.2831 0.2402 0.2218
3 16 19.5057 0.0249 -0.1435 6.4434 0.0177 0 18.5777 0.0249 4.0946 0.1799 0.3667 0.1799 0.2617 0.2141 0.3599
3 16 18.5777 0.0249 4.0946 6.4434 0.0177 0 5.5803 0.0177 3.2214 0.2141 0.3599 0.1799 0.2617 0.2063 0.2544
3 16 0 9.7527 13.8359 0 7.1576 13.8083 3.1432 9.7525 13.9157 0.5869 0.7646 0.5869 0.7434 0.6115 0.7646
3 16 3.1432 9.7525 13.9157 0 7.1576 13.8083 3.6673 7.1227 13.9168 0.6115 0.7646 0.5869 0.7434 0.6158 0.7429
3 16 0 9.7527 13.8359 -3.1432 9.7525 13.9157 0 7.1576 13.8083 0.5869 0.7646 0.5623 0.7646 0.5869 0.7434
3 16 0 7.1576 13.8083 -3.1432 9.7525 13.9157 -3.6673 7.1227 13.9168 0.5869 0.7434 0.5623 0.7646 0.558 0.7429
3 16 0 -1.897 13.6985 -5.1599 4.8891 13.9139 -6.6061 -1.9396 13.5464 0.5869 0.6697 0.5456 0.7244 0.533 0.6693
3 16 -6.6061 -1.9396 13.5464 -5.1599 4.8891 13.9139 -7.3936 3.3963 13.9146 0.533 0.6693 0.5456 0.7244 0.5276 0.7124
3 16 -3.1503 -3.0177 5.4356 -12.7825 -3.0221 10.4429 -5.5803 -3.0177 3.2214 0.7895 0.1834 0.8308 0.2617 0.7715 0.2034
3 16 12.7825 -3.0221 10.4429 5.5803 -3.0177 3.2214 12.75 -3.025 0 0.8291 0.0527 0.771 0.1124 0.7439 0.0541
3 16 12.75 -3.025 0 5.5803 -3.0177 3.2214 6.4434 -3.0177 0 0.7439 0.0541 0.771 0.1124 0.7444 0.1055
3 16 16.4753 0.025 7.9378 3.1503 0.0177 5.4356 9.1323 0.0177 9.9823 0.2453 0.3436 0.2243 0.2343 0.2636 0.2831
3 16 9.1323 0.0177 9.9823 3.1503 0.0177 5.4356 1.6471 0.0177 7.4042 0.2636 0.2831 0.2243 0.2343 0.2402 0.2218
3 16 -3.1503 0.0177 5.4356 -5.5803 0.0177 3.2214 -16.4753 0.025 7.9378 0.2238 0.183 0.2053 0.1633 0.2411 0.072
3 16 -16.4753 0.025 7.9378 -5.5803 0.0177 3.2214 -18.5777 0.0249 4.0946 0.2411 0.072 0.2053 0.1633 0.2094 0.0569
3 16 15.1892 0.0112 -9.9776 -15.1892 0.0112 -9.9776 0 0.0177 -6.4434 0.0976 0.3347 0.094 0.0863 0.1262 0.21
0 STEP
