0 Untitled Model
0 Name: Untitled Model
0 Author: 
0 BFC CERTIFY CCW
3 16 -50 -48 -10 -42.4516 -48 -9.5054 -50 -48 0.651
3 16 -50 -48 -10 -9.9927 -4.8181 -9.9766 -42.4516 -48 -9.5054
3 16 -42.4516 -48 -9.5054 -9.9927 -4.8181 -9.9766 -3.0043 -4.8182 -9.613
3 16 30.0424 -48 70 10 -48 70 29.6148 -48 62.1586
3 16 29.6148 -48 62.1586 10 -48 70 7.9556 -48 54.5195
3 16 -42.4516 -48 -9.5054 -3.0043 -4.8182 -9.613 -30.587 -48 -7.458
3 16 -30.587 -48 -7.458 -3.0043 -4.8182 -9.613 6.7662 -4.8198 -8.1144
3 16 -25.2807 -48 15.4303 -40.731 -48 10.7878 -30.587 -48 -7.458
3 16 -30.587 -48 -7.458 -40.731 -48 10.7878 -42.4516 -48 -9.5054
3 16 -25.2807 -48 15.4303 -30.587 -48 -7.458 -15.8368 -48 -2.232
3 16 -15.8368 -48 -2.232 -2.4254 -48 5.6592 -25.2807 -48 15.4303
3 16 9.2047 -48 16.34 -10.524 -48 24.9862 -2.4254 -48 5.6592
3 16 -2.4254 -48 5.6592 -10.524 -48 24.9862 -25.2807 -48 15.4303
3 16 17.4566 -48 27.1786 0.8669 -48 38.4002 9.2047 -48 16.34
3 16 9.2047 -48 16.34 0.8669 -48 38.4002 -10.524 -48 24.9862
3 16 26.5552 -48 46.7772 7.9556 -48 54.5195 21.7568 -48 34.8518
3 16 21.7568 -48 34.8518 7.9556 -48 54.5195 0.8669 -48 38.4002
3 16 28.3758 -48 54.6898 29.6148 -48 62.1586 7.9556 -48 54.5195
3 16 40.7515 -4.8181 8.1592 -2.4254 -48 5.6592 34.4456 -4.8181 3.4824
3 16 -2.4254 -48 5.6592 40.7515 -4.8181 8.1592 9.2047 -48 16.34
3 16 9.2047 -48 16.34 40.7515 -4.8181 8.1592 46.5685 -4.8181 13.4315
3 16 51.8408 -4.8181 19.2485 9.2047 -48 16.34 46.5685 -4.8181 13.4315
3 16 9.2047 -48 16.34 51.8408 -4.8181 19.2485 17.4566 -48 27.1786
3 16 17.4566 -48 27.1786 51.8408 -4.8181 19.2485 56.5176 -4.8181 25.5544
3 16 28.3758 -48 54.6898 68.0633 -4.8171 53.4491 29.6148 -48 62.1586
3 16 29.6148 -48 62.1586 68.0633 -4.8171 53.4491 69.5407 -4.8181 61.4162
3 16 70.0202 -4.8181 70 30.0424 -48 70 69.5407 -4.8181 61.4162
3 16 69.5407 -4.8181 61.4162 30.0424 -48 70 29.6148 -48 62.1586
3 16 11.5577 -8 -1.787 24.39 -8 3.9668 13.6831 -8.0002 14.8675
3 16 13.6831 -8.0002 14.8675 24.39 -8 3.9668 19.8522 -8.0002 18.0827
3 16 11.5577 -8 -1.787 13.6831 -8.0002 14.8675 6.6803 -8 12.3123
3 16 46.4442 -8 23.6562 32.4373 -8 27.5905 36.477 -8 13.0202
3 16 36.477 -8 13.0202 32.4373 -8 27.5905 19.8522 -8.0002 18.0827
3 16 53.9438 -8 36.1415 41.4204 -8 39.1108 46.4442 -8 23.6562
3 16 46.4442 -8 23.6562 41.4204 -8 39.1108 32.4373 -8 27.5905
3 16 53.9438 -8 36.1415 47.0998 -8 51.7125 41.4204 -8 39.1108
3 16 53.9438 -8 36.1415 59.9447 -8 53.7256 47.0998 -8 51.7125
3 16 59.9447 -8 53.7256 61.9135 -8 70 49.4877 -8 62.9279
3 16 49.4877 -8 62.9279 61.9135 -8 70 49.9994 -8 70
3 16 66.25 0 53.75 51.7811 0 53.7372 65.993 -5.2461 53.7509
3 16 65.993 -5.2461 53.7509 51.7811 0 53.7372 51.7811 -5.25 53.7372
3 16 6.25 -5.25 7.8673 6.25 0 7.7509 6.25 -5.25 -4.3476
3 16 6.25 -5.25 -4.3476 6.25 0 7.7509 6.25 0 -4.3476
3 16 2.2522 0 6.25 -1.2615 0 6.25 2.2522 0 6.8448
3 16 -1.2615 0 6.25 -0.5672 0 10.6382 2.2522 0 6.8448
3 16 -1.2615 0 6.25 -1.2615 -5.25 6.25 -0.5672 0 10.6382
3 16 -0.5672 0 10.6382 -1.2615 -5.25 6.25 -0.5672 -8 10.6382
3 16 -1.2615 -5.25 6.25 -1.2615 0 6.25 2.2522 -5.25 6.25
3 16 2.2522 -5.25 6.25 -1.2615 0 6.25 2.2522 0 6.25
3 16 -6.25 0 -6.25 -6.25 0 1.1752 -6.25 -5.25 -6.25
3 16 -6.25 -5.25 -6.25 -6.25 0 1.1752 -6.25 -5.25 1.1752
3 16 65.993 -5.2461 53.7509 66.25 -5.25 61.4553 66.25 0 53.75
3 16 66.25 0 53.75 66.25 -5.25 61.4553 66.25 0 61.4553
3 16 53.2486 -5.25 61.523 53.8064 -5.25 70 53.749 -5.25 61.4912
3 16 53.8064 -5.25 70 66.25 -5.25 70 53.749 -5.25 61.4912
3 16 53.8064 0 70 53.8064 -5.25 70 53.2486 0 61.523
3 16 53.2486 0 61.523 53.8064 -5.25 70 53.2486 -5.25 61.523
3 16 -3.5189 -5.25 2.9768 6.25 -5.25 -4.3476 2.4952 -5.25 -6.25
3 16 2.4952 -5.25 -6.25 -6.25 -5.25 -6.25 -3.5189 -5.25 2.9768
3 16 -3.5189 -5.25 2.9768 -6.25 -5.25 -6.25 -6.25 -5.25 1.1752
3 16 32.4373 -8 27.5905 41.4204 -8 39.1108 38.8719 -5.2455 35.1954
3 16 38.8719 -5.2455 35.1954 41.4204 -8 39.1108 41.4204 -5.25 39.1108
3 16 -47.3522 0 -6.25 -10.0375 0 -6.25 -47.3586 0 -10
3 16 -47.3586 0 -10 -10.0375 0 -6.25 -9.9907 0 -9.9974
3 16 -10.0375 0 -6.25 -10.0375 -8 -6.25 -10.0375 0 0.3875
3 16 -10.0375 0 0.3875 -10.0375 -8 -6.25 -10.0375 -8 0.3875
3 16 -10.0375 0 -6.25 -10.0375 0 0.3875 -6.25 0 -6.25
3 16 -6.25 0 -6.25 -10.0375 0 0.3875 -6.25 0 1.1752
3 16 -10.0375 -8 0.3875 -10.0375 -8 -6.25 -2.3144 -8 -5.3048
3 16 66.25 0 61.4553 66.25 0 70 69.5406 0 61.4162
3 16 69.5406 0 61.4162 66.25 0 70 70.0202 0 70
3 16 49.4877 0 62.9279 52.7691 0 58.5001 47.0998 0 51.7125
3 16 47.0998 0 51.7125 52.7691 0 58.5001 51.7811 0 53.7372
3 16 49.4877 0 62.9279 53.2486 0 61.523 52.7691 0 58.5001
3 16 49.9994 0 70 53.8064 0 70 49.4877 0 62.9279
3 16 49.4877 0 62.9279 53.8064 0 70 53.2486 0 61.523
3 16 6.6803 0 12.3123 9.2514 0 8.6127 6.25 0 7.7509
3 16 -0.5672 -8 10.6382 6.6803 -8 12.3123 -0.5672 0 10.6382
3 16 -0.5672 0 10.6382 6.6803 -8 12.3123 6.6803 0 12.3123
3 16 6.25 0 -4.3476 6.25 0 7.7509 9.2514 0 -3.5821
3 16 9.2514 0 -3.5821 6.25 0 7.7509 9.2514 0 8.6127
3 16 -10.0375 -8 0.3875 -6.25 -5.25 1.1752 -10.0375 0 0.3875
3 16 -10.0375 0 0.3875 -6.25 -5.25 1.1752 -6.25 0 1.1752
3 16 66.25 0 61.4553 66.25 -5.25 61.4553 66.25 0 70
3 16 66.25 0 70 66.25 -5.25 61.4553 66.25 -5.25 70
3 16 66.25 -5.25 70 66.25 -5.25 61.4553 53.749 -5.25 61.4912
3 16 52.7691 -5.25 58.5001 53.75 -5.25 58.5 51.7811 -5.25 53.7372
3 16 53.75 -5.25 58.5 65.993 -5.2461 53.7509 51.7811 -5.25 53.7372
3 16 52.7691 0 58.5001 52.7691 -5.25 58.5001 51.7811 0 53.7372
3 16 51.7811 0 53.7372 52.7691 -5.25 58.5001 51.7811 -5.25 53.7372
3 16 53.749 -5.25 61.4912 53.75 -5.25 58.5 53.749 0 61.4912
3 16 53.749 0 61.4912 53.75 -5.25 58.5 53.75 0 58.5
3 16 -0.5672 -8 10.6382 -3.5189 -8 2.9768 11.5577 -8 -1.787
3 16 11.5577 -8 -1.787 -3.5189 -8 2.9768 -2.3144 -8 -5.3048
3 16 -0.5672 -8 10.6382 -1.2615 -5.25 6.25 -3.5189 -8 2.9768
3 16 -3.5189 -8 2.9768 -1.2615 -5.25 6.25 -3.5189 -5.25 2.9768
3 16 -3.5189 -5.25 2.9768 -6.25 -5.25 1.1752 -3.5189 -8 2.9768
3 16 -3.5189 -8 2.9768 -6.25 -5.25 1.1752 -10.0375 -8 0.3875
3 16 -3.5189 -8 2.9768 -10.0375 -8 0.3875 -2.3144 -8 -5.3048
3 16 -0.5672 -8 10.6382 11.5577 -8 -1.787 6.6803 -8 12.3123
3 16 32.4373 -8 27.5905 24.9675 -4.8574 21.247 19.8522 -8.0002 18.0827
3 16 24.1351 -5.2526 20.656 19.8522 -8.0002 18.0827 24.9675 -4.8574 21.247
3 16 43.8153 -5.2499 43.4745 47.0998 -8 51.7125 44.2645 -4.8534 44.3857
3 16 32.4373 -8 27.5905 38.8719 -5.2455 35.1954 38.2797 -4.8514 34.3683
3 16 47.0998 -8 51.7125 49.4877 -8 62.9279 47.0998 0 51.7125
3 16 47.0998 0 51.7125 49.4877 -8 62.9279 49.4877 0 62.9279
3 16 59.9447 -8 53.7256 49.4877 -8 62.9279 47.0998 -8 51.7125
3 16 49.4877 -8 62.9279 49.9994 -8 70 49.4877 0 62.9279
3 16 49.4877 0 62.9279 49.9994 -8 70 49.9994 0 70
3 16 41.4204 -5.25 39.1108 41.4204 -8 39.1108 43.8153 -5.2499 43.4745
3 16 43.8153 -5.2499 43.4745 41.4204 -8 39.1108 47.0998 -8 51.7125
3 16 66.25 0 53.75 63.3014 0.0039 50.7029 51.7811 0 53.7372
3 16 51.7811 0 53.7372 63.3014 0.0039 50.7029 50.9477 0 50.7475
3 16 66.25 0 53.75 66.25 0 61.4553 68.0688 0 53.4709
3 16 68.0688 0 53.4709 66.25 0 61.4553 69.5406 0 61.4162
3 16 2.2522 -5.25 6.25 2.2522 0 6.25 2.2522 -5.25 6.8472
3 16 2.2522 -5.25 6.8472 2.2522 0 6.25 2.2522 0 6.8448
3 16 2.2522 -5.25 6.8472 6.25 -5.25 7.8673 2.2522 -5.25 6.25
3 16 6.25 -5.25 -4.3476 2.2522 -5.25 6.25 6.25 -5.25 7.8673
3 16 44.4758 -1.3696 44.8638 44.4659 -3.8774 44.8268 47.0998 -8 51.7125
3 16 37.9929 -3.8759 33.9794 38.2797 -4.8514 34.3683 42.8832 -5.2566 31.1015
3 16 39.3395 0 29.4955 37.018 0.0115 32.7843 42.7972 0.0573 30.9913
3 16 32.4373 0 27.5905 37.018 0.0115 32.7843 39.3395 0 29.4955
3 16 38.8719 -5.2455 35.1954 41.4204 -5.25 39.1108 42.8832 -5.2566 31.1015
3 16 42.8832 -5.2566 31.1015 41.4204 -5.25 39.1108 51.632 -5.0857 34.2982
3 16 44.4659 -3.8774 44.8268 44.2645 -4.8534 44.3857 47.0998 -8 51.7125
3 16 45.091 0.0001 46.2465 47.0998 0 51.7125 49.7714 0 47.2611
3 16 47.0998 0 51.7125 45.091 0.0001 46.2465 47.0998 -8 51.7125
3 16 45.091 0.0001 46.2465 44.6632 -0.3941 45.3129 47.0998 -8 51.7125
3 16 47.0998 -8 51.7125 44.6632 -0.3941 45.3129 44.4758 -1.3696 44.8638
3 16 37.9693 -1.3582 33.9573 32.4373 -1.5126 27.5905 37.9929 -3.8759 33.9794
3 16 37.9929 -3.8759 33.9794 32.4373 -1.5126 27.5905 32.4373 -8 27.5905
3 16 37.9693 -1.3582 33.9573 37.9929 -3.8759 33.9794 42.7892 -1.4167 30.9799
3 16 42.7892 -1.4167 30.9799 37.9929 -3.8759 33.9794 42.8832 -5.2566 31.1015
3 16 37.6646 -0.3827 33.5789 37.9693 -1.3582 33.9573 42.7972 0.0573 30.9913
3 16 42.7972 0.0573 30.9913 37.9693 -1.3582 33.9573 42.7892 -1.4167 30.9799
3 16 37.9693 -1.3582 33.9573 37.6646 -0.3827 33.5789 32.4373 -1.5126 27.5905
3 16 37.6646 -0.3827 33.5789 37.018 0.0115 32.7843 32.4373 -1.5126 27.5905
3 16 37.018 0.0115 32.7843 37.6646 -0.3827 33.5789 42.7972 0.0573 30.9913
3 16 19.8522 -8.0002 18.0827 16.5039 -5.253 16.1724 13.6831 -8.0002 14.8675
3 16 13.6831 -8.0002 14.8675 16.5039 -5.253 16.1724 15.5741 -4.858 15.7123
3 16 19.8522 -8.0002 18.0827 24.39 -8 3.9668 36.477 -8 13.0202
3 16 16.5039 -5.253 16.1724 19.8522 -8.0002 18.0827 24.1351 -5.2526 20.656
3 16 35.1632 0 24.8769 32.4373 0 27.5905 39.3395 0 29.4955
3 16 30.504 -5.25 20.6534 39.1743 -5.25 11.9896 30.504 0 20.6534
3 16 30.504 0 20.6534 39.1743 -5.25 11.9896 39.1743 0 11.9896
3 16 39.1743 0 11.9896 41.2758 0 13.84 40.7515 0 8.1592
3 16 48.0098 0 20.8317 48.0098 -5.25 20.8317 39.3395 0 29.4955
3 16 39.3395 0 29.4955 48.0098 -5.25 20.8317 39.3395 -5.25 29.4955
3 16 46.1225 -5.25 18.6867 39.3395 -5.25 29.4955 48.0098 -5.25 20.8317
3 16 39.1743 0 11.9896 39.1743 -5.25 11.9896 41.2758 0 13.84
3 16 41.2758 0 13.84 39.1743 -5.25 11.9896 41.2758 -5.25 13.84
3 16 30.504 -5.25 20.6534 41.2758 -5.25 13.84 39.1743 -5.25 11.9896
3 16 48.0098 0 20.8317 46.1225 0 18.6867 48.0098 -5.25 20.8317
3 16 48.0098 -5.25 20.8317 46.1225 0 18.6867 46.1225 -5.25 18.6867
3 16 46.1225 -5.25 18.6867 46.1225 0 18.6867 44.4063 -5.25 15.5562
3 16 44.4063 -5.25 15.5562 46.1225 0 18.6867 44.4063 0 15.5562
3 16 44.4063 0 15.5562 46.1225 0 18.6867 46.5685 0 13.4315
3 16 46.5685 0 13.4315 46.1225 0 18.6867 51.8408 0 19.2485
3 16 35.1632 0 24.8769 39.3395 0 29.4955 35.1632 -5.25 24.8769
3 16 35.1632 -5.25 24.8769 39.3395 0 29.4955 39.3395 -5.25 29.4955
3 16 30.504 0 20.6534 32.4373 0 27.5905 35.1632 0 24.8769
3 16 30.504 0 20.6534 35.1632 0 24.8769 30.504 -5.25 20.6534
3 16 30.504 -5.25 20.6534 35.1632 0 24.8769 35.1632 -5.25 24.8769
3 16 41.2758 0 13.84 41.2758 -5.25 13.84 44.4063 0 15.5562
3 16 44.4063 0 15.5562 41.2758 -5.25 13.84 44.4063 -5.25 15.5562
3 16 44.4063 0 15.5562 46.5685 0 13.4315 41.2758 0 13.84
3 16 41.2758 0 13.84 46.5685 0 13.4315 40.7515 0 8.1592
3 16 39.3395 -5.25 29.4955 46.1225 -5.25 18.6867 35.1632 -5.25 24.8769
3 16 35.1632 -5.25 24.8769 46.1225 -5.25 18.6867 44.4063 -5.25 15.5562
3 16 44.4063 -5.25 15.5562 41.2758 -5.25 13.84 35.1632 -5.25 24.8769
3 16 35.1632 -5.25 24.8769 41.2758 -5.25 13.84 30.504 -5.25 20.6534
3 16 29.6871 0.0006 18.4655 26.5804 0.0006 22.4515 30.504 0 20.6534
3 16 30.1227 0 5.3922 36.4367 0 9.7741 34.4456 0 3.4824
3 16 34.4456 0 3.4824 36.4367 0 9.7741 40.7515 0 8.1592
3 16 36.4367 -5.25 9.7741 29.648 -4.0928 16.3501 36.4367 0 9.7741
3 16 36.4367 0 9.7741 29.648 -4.0928 16.3501 29.8571 -0.0398 16.6096
3 16 36.4367 0 9.7741 30.1227 0 5.3922 36.4367 -5.25 9.7741
3 16 36.4367 -5.25 9.7741 30.1227 0 5.3922 30.1227 -5.25 5.3922
3 16 30.1227 -5.25 5.3922 30.1227 0 5.3922 24.5904 -5.2352 8.1859
3 16 24.5904 -5.2352 8.1859 30.1227 0 5.3922 24.3907 -0.0001 8.1265
3 16 29.4966 -4.9079 16.1901 29.648 -4.0928 16.3501 36.4367 -5.25 9.7741
3 16 -6.25 0 -6.25 2.4952 0 -6.25 -3.0126 0 -9.6169
3 16 6.25 0 -4.3476 6.7439 0 -8.1034 2.4952 0 -6.25
3 16 2.4952 0 -6.25 6.7439 0 -8.1034 -3.0126 0 -9.6169
3 16 2.4952 -5.25 -6.25 2.4952 0 -6.25 -6.25 -5.25 -6.25
3 16 -6.25 -5.25 -6.25 2.4952 0 -6.25 -6.25 0 -6.25
3 16 2.4952 0 -6.25 2.4952 -5.25 -6.25 6.25 0 -4.3476
3 16 6.25 0 -4.3476 2.4952 -5.25 -6.25 6.25 -5.25 -4.3476
3 16 50.2232 0 23.571 50.2232 -5.25 23.571 53.903 0 28.7857
3 16 53.903 0 28.7857 50.2232 -5.25 23.571 53.903 -5.25 28.7857
3 16 56.5176 0 25.5544 53.903 0 28.7857 59.9491 0 31.3001
3 16 59.9491 0 31.3001 53.903 0 28.7857 54.4181 0 33.6822
3 16 53.903 -5.25 28.7857 51.632 -5.0857 34.2982 53.903 0 28.7857
3 16 53.903 0 28.7857 51.632 -5.0857 34.2982 51.6788 0 34.8622
3 16 64.9252 -5.2463 43.1924 61.0947 -5.2464 34.2414 61.3581 -5.243 44.5582
3 16 61.3581 -5.243 44.5582 61.0947 -5.2464 34.2414 55.1133 -5.2464 36.7819
3 16 49.7714 -5.25 47.2611 61.3581 -5.243 44.5582 55.1133 -5.2464 36.7819
3 16 14.2647 -5.25 10.3268 14.2686 0 10.3773 19.2179 -5.161 7.6611
3 16 19.2179 -5.161 7.6611 14.2686 0 10.3773 19.6681 -0.0021 7.4474
3 16 19.6681 -0.0021 7.4474 14.2686 0 10.3773 18.4976 0.0018 9.5566
3 16 14.2647 -5.25 10.3268 9.3002 -5.25 8.5802 14.2686 0 10.3773
3 16 14.2686 0 10.3773 9.3002 -5.25 8.5802 9.2514 0 8.6127
3 16 19.543 -0.0516 10.3776 18.4976 0.0018 9.5566 16.9498 -0.0869 11.5713
3 16 16.9498 -0.0869 11.5713 18.4976 0.0018 9.5566 15.9092 0.0036 11.1441
3 16 63.3014 -5.2461 50.7029 50.9477 -5.25 50.7475 63.3014 0.0039 50.7029
3 16 63.3014 0.0039 50.7029 50.9477 -5.25 50.7475 50.9477 0 50.7475
3 16 50.9477 0 50.7475 50.9477 -5.25 50.7475 49.7714 0 47.2611
3 16 49.7714 0 47.2611 50.9477 -5.25 50.7475 49.7714 -5.25 47.2611
3 16 50.9477 0 50.7475 49.7714 0 47.2611 47.0998 0 51.7125
3 16 51.6788 0 34.8622 54.4181 0 33.6822 53.903 0 28.7857
3 16 25.8772 -5.2345 -1.2443 -2.4254 -48 5.6592 16.9607 -5.2345 -5.18
3 16 16.9607 -5.2345 -5.18 -2.4254 -48 5.6592 -15.8368 -48 -2.232
3 16 23.8858 -5.2346 3.4867 25.8772 -5.2345 -1.2443 15.4737 -5.2345 -1.6604
3 16 15.4737 -5.2345 -1.6604 25.8772 -5.2345 -1.2443 16.9607 -5.2345 -5.18
3 16 64.9252 -5.2463 43.1924 26.5552 -48 46.7772 61.0947 -5.2464 34.2414
3 16 61.0947 -5.2464 34.2414 26.5552 -48 46.7772 21.7568 -48 34.8518
3 16 28.661 0 0.0746 34.4456 0 3.4824 34.4456 -4.8181 3.4824
3 16 27.3315 -3.8164 -0.6962 27.2504 -1.4624 -0.746 34.4456 -4.8181 3.4824
3 16 56.5176 -4.8181 25.5544 60.787 -1.4864 32.7331 60.7663 -3.8785 32.7414
3 16 48.0098 0 20.8317 51.8408 0 19.2485 46.1225 0 18.6867
3 16 28.3758 -48 54.6898 64.9252 -5.2463 43.1924 68.0633 -4.8171 53.4491
3 16 68.0633 -4.8171 53.4491 64.9252 -5.2463 43.1924 65.653 -4.8506 43.9733
3 16 34.4456 0 3.4824 40.7515 0 8.1592 34.4456 -4.8181 3.4824
3 16 34.4456 -4.8181 3.4824 40.7515 0 8.1592 40.7515 -4.8181 8.1592
3 16 40.7515 0 8.1592 46.5685 0 13.4315 40.7515 -4.8181 8.1592
3 16 40.7515 -4.8181 8.1592 46.5685 0 13.4315 46.5685 -4.8181 13.4315
3 16 46.5685 0 13.4315 51.8408 0 19.2485 46.5685 -4.8181 13.4315
3 16 46.5685 -4.8181 13.4315 51.8408 0 19.2485 51.8408 -4.8181 19.2485
3 16 51.8408 0 19.2485 56.5176 0 25.5544 51.8408 -4.8181 19.2485
3 16 51.8408 -4.8181 19.2485 56.5176 0 25.5544 56.5176 -4.8181 25.5544
3 16 53.903 0 28.7857 56.5176 0 25.5544 50.2232 0 23.571
3 16 50.2232 0 23.571 56.5176 0 25.5544 51.8408 0 19.2485
3 16 56.5176 0 25.5544 59.9491 0 31.3001 56.5176 -4.8181 25.5544
3 16 69.5406 0 61.4162 69.5407 -4.8181 61.4162 68.0688 0 53.4709
3 16 68.0688 0 53.4709 69.5407 -4.8181 61.4162 68.0633 -4.8171 53.4491
3 16 69.5406 0 61.4162 70.0202 0 70 69.5407 -4.8181 61.4162
3 16 69.5407 -4.8181 61.4162 70.0202 0 70 70.0202 -4.8181 70
3 16 27.7128 -0.4197 -0.4829 34.4456 -4.8181 3.4824 27.2504 -1.4624 -0.746
3 16 56.5176 -4.8181 25.5544 60.5188 -0.4265 32.2626 60.787 -1.4864 32.7331
3 16 60.5188 -0.4265 32.2626 56.5176 -4.8181 25.5544 59.9491 0 31.3001
3 16 16.9607 -5.2345 -5.18 16.013 -4.8244 -5.6318 15.4737 -5.2345 -1.6604
3 16 15.4737 -5.2345 -1.6604 16.013 -4.8244 -5.6318 14.4842 -4.8267 -2.0115
3 16 16.013 -4.8244 -5.6318 15.5536 -3.8117 -5.8101 14.4842 -4.8267 -2.0115
3 16 14.4842 -4.8267 -2.0115 15.5536 -3.8117 -5.8101 14.0094 -3.8176 -2.1572
3 16 34.4456 -4.8181 3.4824 26.8788 -4.8267 -0.9132 27.3315 -3.8164 -0.6962
3 16 -2.4254 -48 5.6592 25.8772 -5.2345 -1.2443 34.4456 -4.8181 3.4824
3 16 25.8772 -5.2345 -1.2443 26.8788 -4.8267 -0.9132 34.4456 -4.8181 3.4824
3 16 60.9716 -4.853 33.1803 17.4566 -48 27.1786 56.5176 -4.8181 25.5544
3 16 61.8887 -3.8754 45.9723 65.8139 -3.8733 44.4244 61.7196 -4.8491 45.5274
3 16 61.7196 -4.8491 45.5274 65.8139 -3.8733 44.4244 65.653 -4.8506 43.9733
3 16 65.653 -4.8506 43.9733 65.8139 -3.8733 44.4244 68.0633 -4.8171 53.4491
3 16 61.3581 -5.243 44.5582 61.7196 -4.8491 45.5274 64.9252 -5.2463 43.1924
3 16 64.9252 -5.2463 43.1924 61.7196 -4.8491 45.5274 65.653 -4.8506 43.9733
3 16 32.4373 0 27.5905 32.4373 -1.5126 27.5905 37.018 0.0115 32.7843
3 16 6.7662 -4.8198 -8.1144 6.7439 0 -8.1034 13.9693 0 -6.2749
3 16 6.7662 -4.8198 -8.1144 -3.0043 -4.8182 -9.613 6.7439 0 -8.1034
3 16 6.7439 0 -8.1034 -3.0043 -4.8182 -9.613 -3.0126 0 -9.6169
3 16 -9.9927 -4.8181 -9.9766 -47.3586 0 -10 -9.9907 0 -9.9974
3 16 9.2514 0 -3.5821 9.2514 0 8.6127 9.298 -5.25 -3.5225
3 16 9.298 -5.25 -3.5225 9.2514 0 8.6127 9.3002 -5.25 8.5802
3 16 15.4737 -5.2345 -1.6604 9.3002 -5.25 8.5802 14.2647 -5.25 10.3268
3 16 60.9716 -4.853 33.1803 56.5176 -4.8181 25.5544 60.7663 -3.8785 32.7414
3 16 63.3014 -5.2461 50.7029 61.3581 -5.243 44.5582 50.9477 -5.25 50.7475
3 16 50.9477 -5.25 50.7475 61.3581 -5.243 44.5582 49.7714 -5.25 47.2611
3 16 63.3014 -5.2461 50.7029 61.7196 -4.8491 45.5274 61.3581 -5.243 44.5582
3 16 63.3014 -5.2461 50.7029 61.8887 -3.8754 45.9723 61.7196 -4.8491 45.5274
3 16 51.6788 0 34.8622 48.3123 -0.3925 42.7993 48.5695 0 43.8434
3 16 48.3123 -0.3925 42.7993 44.6632 -0.3941 45.3129 48.5695 0 43.8434
3 16 48.5695 0 43.8434 44.6632 -0.3941 45.3129 45.091 0.0001 46.2465
3 16 41.4204 -5.25 39.1108 47.7654 -5.2567 40.693 51.632 -5.0857 34.2982
3 16 48.4788 -4.0613 42.189 51.632 -5.0857 34.2982 48.3866 -4.8561 41.8631
3 16 48.3866 -4.8561 41.8631 44.2645 -4.8534 44.3857 48.4788 -4.0613 42.189
3 16 48.4788 -4.0613 42.189 44.2645 -4.8534 44.3857 44.4659 -3.8774 44.8268
3 16 48.269 -1.4747 42.3625 48.3123 -0.3925 42.7993 51.6788 0 34.8622
3 16 48.269 -1.4747 42.3625 44.4758 -1.3696 44.8638 48.3123 -0.3925 42.7993
3 16 48.3123 -0.3925 42.7993 44.4758 -1.3696 44.8638 44.6632 -0.3941 45.3129
3 16 38.8719 -5.2455 35.1954 42.8832 -5.2566 31.1015 38.2797 -4.8514 34.3683
3 16 25.7091 -0.4232 4.2281 26.7925 0 4.4716 27.7128 -0.4197 -0.4829
3 16 27.7128 -0.4197 -0.4829 26.7925 0 4.4716 28.661 0 0.0746
3 16 25.1741 -3.8145 4.4249 27.3315 -3.8164 -0.6962 24.7317 -4.8232 4.1814
3 16 24.7317 -4.8232 4.1814 27.3315 -3.8164 -0.6962 26.8788 -4.8267 -0.9132
3 16 24.7317 -4.8232 4.1814 26.8788 -4.8267 -0.9132 23.8858 -5.2346 3.4867
3 16 23.8858 -5.2346 3.4867 26.8788 -4.8267 -0.9132 25.8772 -5.2345 -1.2443
3 16 30.1227 0 5.3922 26.7925 0 4.4716 24.3907 -0.0001 8.1265
3 16 24.3907 -0.0001 8.1265 26.7925 0 4.4716 23.4315 -0.2645 5.4418
3 16 25.171 -1.4741 4.1716 25.7091 -0.4232 4.2281 27.2504 -1.4624 -0.746
3 16 27.2504 -1.4624 -0.746 25.7091 -0.4232 4.2281 27.7128 -0.4197 -0.4829
3 16 23.4315 -0.2645 5.4418 22.9348 -3.8378 5.6483 19.6681 -0.0021 7.4474
3 16 19.6681 -0.0021 7.4474 22.9348 -3.8378 5.6483 19.2179 -5.161 7.6611
3 16 25.1741 -3.8145 4.4249 25.171 -1.4741 4.1716 27.3315 -3.8164 -0.6962
3 16 27.3315 -3.8164 -0.6962 25.171 -1.4741 4.1716 27.2504 -1.4624 -0.746
3 16 19.2179 -5.161 7.6611 22.9348 -3.8378 5.6483 22.5731 -4.9554 5.5437
3 16 19.2179 -5.161 7.6611 22.5731 -4.9554 5.5437 21.7932 -5.178 4.7347
3 16 26.7925 0 4.4716 30.1227 0 5.3922 28.661 0 0.0746
3 16 28.661 0 0.0746 30.1227 0 5.3922 34.4456 0 3.4824
3 16 6.7662 -4.8198 -8.1144 15.5302 -1.468 -5.8391 15.5536 -3.8117 -5.8101
3 16 19.6661 -1.4972 10.4619 19.543 -0.0516 10.3776 17.2867 -1.5895 11.6182
3 16 17.2867 -1.5895 11.6182 19.543 -0.0516 10.3776 16.9498 -0.0869 11.5713
3 16 18.6543 -5.2501 12.251 17.7467 -4.8564 11.8275 16.5039 -5.253 16.1724
3 16 16.5039 -5.253 16.1724 17.7467 -4.8564 11.8275 15.5741 -4.858 15.7123
3 16 20.7509 -5.2501 11.2107 19.9928 -5.0034 10.6206 18.6543 -5.2501 12.251
3 16 18.6543 -5.2501 12.251 19.9928 -5.0034 10.6206 17.7467 -4.8564 11.8275
3 16 55.1133 -5.2464 36.7819 54.5258 -4.8503 35.9309 49.7714 -5.25 47.2611
3 16 55.1133 -5.2464 36.7819 61.0947 -5.2464 34.2414 54.5258 -4.8503 35.9309
3 16 54.5258 -4.8503 35.9309 61.0947 -5.2464 34.2414 60.9716 -4.853 33.1803
3 16 54.5043 -1.4996 35.4274 54.5004 -0.4301 34.8572 49.7714 0 47.2611
3 16 54.5043 -1.4996 35.4274 60.787 -1.4864 32.7331 54.5004 -0.4301 34.8572
3 16 54.5004 -0.4301 34.8572 60.787 -1.4864 32.7331 60.5188 -0.4265 32.2626
3 16 54.3135 -3.8756 35.4964 60.7663 -3.8785 32.7414 54.5043 -1.4996 35.4274
3 16 54.5043 -1.4996 35.4274 60.7663 -3.8785 32.7414 60.787 -1.4864 32.7331
3 16 54.5043 -1.4996 35.4274 49.7714 0 47.2611 54.3135 -3.8756 35.4964
3 16 54.3135 -3.8756 35.4964 49.7714 0 47.2611 49.7714 -5.25 47.2611
3 16 54.4181 0 33.6822 51.6788 0 34.8622 54.5004 -0.4301 34.8572
3 16 54.5004 -0.4301 34.8572 51.6788 0 34.8622 48.5695 0 43.8434
3 16 54.5004 -0.4301 34.8572 60.5188 -0.4265 32.2626 54.4181 0 33.6822
3 16 54.4181 0 33.6822 60.5188 -0.4265 32.2626 59.9491 0 31.3001
3 16 54.5258 -4.8503 35.9309 54.3135 -3.8756 35.4964 49.7714 -5.25 47.2611
3 16 60.9716 -4.853 33.1803 60.7663 -3.8785 32.7414 54.5258 -4.8503 35.9309
3 16 54.5258 -4.8503 35.9309 60.7663 -3.8785 32.7414 54.3135 -3.8756 35.4964
3 16 -49.8183 -4.8181 -10 -49.8097 -2.4488 -6.25 -49.8143 -2.4507 -10
3 16 -47.3522 0 -6.25 -10.0375 -8 -6.25 -10.0375 0 -6.25
3 16 -49.0869 -0.7167 -6.25 -10.0375 -8 -6.25 -47.3522 0 -6.25
3 16 -49.0933 -0.7175 -10 -49.0869 -0.7167 -6.25 -47.3586 0 -10
3 16 -47.3586 0 -10 -49.0869 -0.7167 -6.25 -47.3522 0 -6.25
3 16 -49.0869 -0.7167 -6.25 -49.8097 -2.4488 -6.25 -10.0375 -8 -6.25
3 16 -49.8143 -2.4507 -10 -49.8097 -2.4488 -6.25 -49.0933 -0.7175 -10
3 16 -49.0933 -0.7175 -10 -49.8097 -2.4488 -6.25 -49.0869 -0.7167 -6.25
3 16 7.9556 -43.5 54.5195 10 -43.5 70 27.3283 -43.5 54.5566
3 16 27.3283 -43.5 54.5566 10 -43.5 70 29.0564 -43.5 70
3 16 -25.2807 -43.5 15.4303 -10.524 -43.5 24.9862 -17.5449 -43.5 -0.1106
3 16 -17.5449 -43.5 -0.1106 -10.524 -43.5 24.9862 1.5511 -43.5 11.2718
3 16 -10.524 -43.5 24.9862 0.8669 -43.5 38.4002 1.5511 -43.5 11.2718
3 16 1.5511 -43.5 11.2718 0.8669 -43.5 38.4002 16.5081 -43.5 28.6492
3 16 0.8669 -43.5 38.4002 7.9556 -43.5 54.5195 16.5081 -43.5 28.6492
3 16 16.5081 -43.5 28.6492 7.9556 -43.5 54.5195 27.3283 -43.5 54.5566
3 16 -50 -43.5 -6.25 -50 -43.5 0.651 -35.774 -43.5 -5.5939
3 16 -50 -43.5 0.651 -50 -43.5 -6.25 -50 -48 0.651
3 16 -50 -48 0.651 -50 -43.5 -6.25 -50 -48 -10
3 16 -17.5449 -43.5 -0.1106 -35.774 -43.5 -5.5939 -25.2807 -43.5 15.4303
3 16 -25.2807 -43.5 15.4303 -35.774 -43.5 -5.5939 -40.731 -43.5 10.7878
3 16 -35.774 -43.5 -5.5939 -45.3635 -43.5 9.2333 -40.731 -43.5 10.7878
3 16 -45.3635 -43.5 9.2333 -35.774 -43.5 -5.5939 -48.7955 -43.5 5.5734
3 16 -50 -43.5 0.651 -48.7955 -43.5 5.5734 -35.774 -43.5 -5.5939
3 16 7.9556 -48 54.5195 10 -48 70 7.9556 -43.5 54.5195
3 16 7.9556 -43.5 54.5195 10 -48 70 10 -43.5 70
3 16 -25.2807 -48 15.4303 -10.524 -48 24.9862 -25.2807 -43.5 15.4303
3 16 -25.2807 -43.5 15.4303 -10.524 -48 24.9862 -10.524 -43.5 24.9862
3 16 -10.524 -48 24.9862 0.8669 -48 38.4002 -10.524 -43.5 24.9862
3 16 -10.524 -43.5 24.9862 0.8669 -48 38.4002 0.8669 -43.5 38.4002
3 16 0.8669 -48 38.4002 7.9556 -48 54.5195 0.8669 -43.5 38.4002
3 16 0.8669 -43.5 38.4002 7.9556 -48 54.5195 7.9556 -43.5 54.5195
3 16 -25.2807 -43.5 15.4303 -40.731 -43.5 10.7878 -25.2807 -48 15.4303
3 16 -25.2807 -48 15.4303 -40.731 -43.5 10.7878 -40.731 -48 10.7878
3 16 -42.4516 -48 -9.5054 -40.731 -48 10.7878 -45.3635 -48 9.2333
3 16 -40.731 -48 10.7878 -40.731 -43.5 10.7878 -45.3635 -48 9.2333
3 16 -45.3635 -48 9.2333 -40.731 -43.5 10.7878 -45.3635 -43.5 9.2333
3 16 -45.3635 -48 9.2333 -45.3635 -43.5 9.2333 -48.7955 -48 5.5734
3 16 -48.7955 -48 5.5734 -45.3635 -43.5 9.2333 -48.7955 -43.5 5.5734
3 16 -45.3635 -48 9.2333 -48.7955 -48 5.5734 -42.4516 -48 -9.5054
3 16 -48.7955 -48 5.5734 -48.7955 -43.5 5.5734 -50 -48 0.651
3 16 -50 -48 0.651 -48.7955 -43.5 5.5734 -50 -43.5 0.651
3 16 -48.7955 -48 5.5734 -50 -48 0.651 -42.4516 -48 -9.5054
3 16 -49.0933 -0.7175 -10 -47.3586 0 -10 -9.9927 -4.8181 -9.9766
3 16 -50 -48 -10 -49.8183 -4.8181 -10 -9.9927 -4.8181 -9.9766
3 16 -3.0126 0 -9.6169 -9.9907 0 -9.9974 -6.25 0 -6.25
3 16 -6.25 0 -6.25 -9.9907 0 -9.9974 -10.0375 0 -6.25
3 16 -49.8143 -2.4507 -10 -49.0933 -0.7175 -10 -9.9927 -4.8181 -9.9766
3 16 -0.5672 0 10.6382 6.6803 0 12.3123 2.2522 0 6.8448
3 16 2.2522 0 6.8448 6.6803 0 12.3123 6.25 0 7.7509
3 16 6.25 -5.25 7.8673 2.2522 -5.25 6.8472 6.25 0 7.7509
3 16 6.25 0 7.7509 2.2522 -5.25 6.8472 2.2522 0 6.8448
3 16 61.8817 -1.4905 45.9978 61.8887 -3.8754 45.9723 63.3014 -5.2461 50.7029
3 16 61.8817 -1.4905 45.9978 65.8113 -1.493 44.4375 61.8887 -3.8754 45.9723
3 16 61.8887 -3.8754 45.9723 65.8113 -1.493 44.4375 65.8139 -3.8733 44.4244
3 16 65.8113 -1.493 44.4375 61.8817 -1.4905 45.9978 65.9671 -0.4296 44.9443
3 16 65.9671 -0.4296 44.9443 61.8817 -1.4905 45.9978 62.0426 -0.4259 46.5001
3 16 63.3014 -5.2461 50.7029 62.3958 0.0039 47.5664 62.0426 -0.4259 46.5001
3 16 62.3958 0.0039 47.5664 66.2968 -0.0013 46.0563 62.0426 -0.4259 46.5001
3 16 62.0426 -0.4259 46.5001 66.2968 -0.0013 46.0563 65.9671 -0.4296 44.9443
3 16 63.3014 -5.2461 50.7029 63.3014 0.0039 50.7029 62.3958 0.0039 47.5664
3 16 9.298 -5.25 -3.5225 15.4737 -5.2345 -1.6604 14.4842 -4.8267 -2.0115
3 16 14.0094 -3.8176 -2.1572 15.5536 -3.8117 -5.8101 13.9611 -1.47 -2.176
3 16 13.9611 -1.47 -2.176 15.5536 -3.8117 -5.8101 15.5302 -1.468 -5.8391
3 16 14.0094 -3.8176 -2.1572 13.9611 -1.47 -2.176 9.298 -5.25 -3.5225
3 16 13.9611 -1.47 -2.176 13.4655 -0.4231 -2.3282 9.298 -5.25 -3.5225
3 16 15.5302 -1.468 -5.8391 15.0324 -0.4225 -5.9938 13.9611 -1.47 -2.176
3 16 13.9611 -1.47 -2.176 15.0324 -0.4225 -5.9938 13.4655 -0.4231 -2.3282
3 16 13.4655 -0.4231 -2.3282 12.4178 0.0001 -2.6467 9.298 -5.25 -3.5225
3 16 15.0324 -0.4225 -5.9938 13.9693 0 -6.2749 13.4655 -0.4231 -2.3282
3 16 13.4655 -0.4231 -2.3282 13.9693 0 -6.2749 12.4178 0.0001 -2.6467
3 16 12.4178 0.0001 -2.6467 9.2514 0 -3.5821 9.298 -5.25 -3.5225
3 16 9.298 -5.25 -3.5225 9.3002 -5.25 8.5802 15.4737 -5.2345 -1.6604
3 16 6.7439 0 -8.1034 9.2514 0 -3.5821 13.9693 0 -6.2749
3 16 13.9693 0 -6.2749 9.2514 0 -3.5821 12.4178 0.0001 -2.6467
3 16 -9.9907 0 -9.9974 -3.0126 0 -9.6169 -9.9927 -4.8181 -9.9766
3 16 -9.9927 -4.8181 -9.9766 -3.0126 0 -9.6169 -3.0043 -4.8182 -9.613
3 16 -9.9927 -4.8181 -9.9766 -49.8183 -4.8181 -10 -49.8143 -2.4507 -10
3 16 53.903 -5.25 28.7857 50.2232 -5.25 23.571 51.632 -5.0857 34.2982
3 16 51.632 -5.0857 34.2982 50.2232 -5.25 23.571 42.8832 -5.2566 31.1015
3 16 42.8832 -5.2566 31.1015 50.2232 -5.25 23.571 42.7892 -1.4167 30.9799
3 16 42.7892 -1.4167 30.9799 50.2232 -5.25 23.571 50.2232 0 23.571
3 16 42.7892 -1.4167 30.9799 50.2232 0 23.571 42.7972 0.0573 30.9913
3 16 51.8408 0 19.2485 48.0098 0 20.8317 50.2232 0 23.571
3 16 39.3395 0 29.4955 42.7972 0.0573 30.9913 48.0098 0 20.8317
3 16 48.0098 0 20.8317 42.7972 0.0573 30.9913 50.2232 0 23.571
3 16 49.7714 0 47.2611 48.5695 0 43.8434 45.091 0.0001 46.2465
3 16 7.9556 -48 54.5195 26.5552 -48 46.7772 28.3758 -48 54.6898
3 16 0.8669 -48 38.4002 17.4566 -48 27.1786 21.7568 -48 34.8518
3 16 -49.8097 -2.4488 -6.25 -49.8183 -4.8181 -10 -50 -43.5 -6.25
3 16 -50 -43.5 -6.25 -49.8183 -4.8181 -10 -50 -48 -10
3 16 27.3283 -43.5 54.5566 29.0564 -43.5 70 59.9447 -8 53.7256
3 16 59.9447 -8 53.7256 29.0564 -43.5 70 61.9135 -8 70
3 16 -35.774 -43.5 -5.5939 -17.5449 -43.5 -0.1106 -2.3144 -8 -5.3048
3 16 -2.3144 -8 -5.3048 -17.5449 -43.5 -0.1106 11.5577 -8 -1.787
3 16 -50 -43.5 -6.25 -35.774 -43.5 -5.5939 -10.0375 -8 -6.25
3 16 -10.0375 -8 -6.25 -35.774 -43.5 -5.5939 -2.3144 -8 -5.3048
3 16 11.5577 -8 -1.787 -17.5449 -43.5 -0.1106 24.39 -8 3.9668
3 16 -17.5449 -43.5 -0.1106 1.5511 -43.5 11.2718 24.39 -8 3.9668
3 16 24.39 -8 3.9668 1.5511 -43.5 11.2718 36.477 -8 13.0202
3 16 1.5511 -43.5 11.2718 16.5081 -43.5 28.6492 36.477 -8 13.0202
3 16 36.477 -8 13.0202 16.5081 -43.5 28.6492 46.4442 -8 23.6562
3 16 46.4442 -8 23.6562 16.5081 -43.5 28.6492 53.9438 -8 36.1415
3 16 16.5081 -43.5 28.6492 27.3283 -43.5 54.5566 53.9438 -8 36.1415
3 16 53.9438 -8 36.1415 27.3283 -43.5 54.5566 59.9447 -8 53.7256
3 16 15.9092 0.0036 11.1441 18.4976 0.0018 9.5566 14.2686 0 10.3773
3 16 15.4737 -5.2345 -1.6604 21.7932 -5.178 4.7347 23.8858 -5.2346 3.4867
3 16 17.4108 -3.9474 11.7051 17.2867 -1.5895 11.6182 15.1264 -3.8825 15.5225
3 16 15.1264 -3.8825 15.5225 17.2867 -1.5895 11.6182 15.1159 -1.3696 15.4863
3 16 19.7862 -3.9715 10.5294 19.6661 -1.4972 10.4619 17.4108 -3.9474 11.7051
3 16 17.4108 -3.9474 11.7051 19.6661 -1.4972 10.4619 17.2867 -1.5895 11.6182
3 16 24.1351 -5.2526 20.656 18.6543 -5.2501 12.251 16.5039 -5.253 16.1724
3 16 17.7467 -4.8564 11.8275 17.4108 -3.9474 11.7051 15.5741 -4.858 15.7123
3 16 15.5741 -4.858 15.7123 17.4108 -3.9474 11.7051 15.1264 -3.8825 15.5225
3 16 19.9928 -5.0034 10.6206 19.7862 -3.9715 10.5294 17.7467 -4.8564 11.8275
3 16 17.7467 -4.8564 11.8275 19.7862 -3.9715 10.5294 17.4108 -3.9474 11.7051
3 16 36.4367 0 9.7741 39.1743 0 11.9896 40.7515 0 8.1592
3 16 27.8862 -5.2499 16.5625 28.4665 -4.8574 17.1434 28.925 -5.2145 15.635
3 16 28.925 -5.2145 15.635 28.4665 -4.8574 17.1434 29.4966 -4.9079 16.1901
3 16 29.4966 -4.9079 16.1901 28.4665 -4.8574 17.1434 29.648 -4.0928 16.3501
3 16 29.648 -4.0928 16.3501 28.4665 -4.8574 17.1434 28.6409 -4.0552 17.3359
3 16 29.8571 -0.0398 16.6096 29.648 -4.0928 16.3501 28.7478 -1.183 17.5116
3 16 28.7478 -1.183 17.5116 29.648 -4.0928 16.3501 28.6409 -4.0552 17.3359
3 16 28.7478 -1.183 17.5116 28.8817 -0.0621 17.6676 29.8571 -0.0398 16.6096
3 16 29.8571 -0.0398 16.6096 28.8817 -0.0621 17.6676 29.6871 0.0006 18.4655
3 16 18.6543 -5.2501 12.251 24.1351 -5.2526 20.656 20.7509 -5.2501 11.2107
3 16 20.7509 -5.2501 11.2107 24.1351 -5.2526 20.656 27.8862 -5.2499 16.5625
3 16 24.5904 -5.2352 8.1859 19.9928 -5.0034 10.6206 20.7509 -5.2501 11.2107
3 16 24.5904 -5.2352 8.1859 19.7862 -3.9715 10.5294 19.9928 -5.0034 10.6206
3 16 19.6661 -1.4972 10.4619 19.7862 -3.9715 10.5294 24.3907 -0.0001 8.1265
3 16 24.3907 -0.0001 8.1265 19.7862 -3.9715 10.5294 24.5904 -5.2352 8.1859
3 16 24.3907 -0.0001 8.1265 19.543 -0.0516 10.3776 19.6661 -1.4972 10.4619
3 16 24.3907 -0.0001 8.1265 19.6681 -0.0021 7.4474 18.4976 0.0018 9.5566
3 16 52.7691 0 58.5001 53.2486 0 61.523 53.75 0 58.5
3 16 53.75 0 58.5 53.2486 0 61.523 53.749 0 61.4912
3 16 53.2486 0 61.523 53.2486 -5.25 61.523 53.749 0 61.4912
3 16 53.749 0 61.4912 53.2486 -5.25 61.523 53.749 -5.25 61.4912
3 16 53.75 -5.25 58.5 52.7691 -5.25 58.5001 53.75 0 58.5
3 16 53.75 0 58.5 52.7691 -5.25 58.5001 52.7691 0 58.5001
3 16 6.6803 -8 12.3123 13.6831 -8.0002 14.8675 6.6803 0 12.3123
3 16 6.6803 0 12.3123 13.6831 -8.0002 14.8675 13.7249 0 14.9
3 16 28.6409 -4.0552 17.3359 25.3576 -3.8804 21.5328 28.7478 -1.183 17.5116
3 16 28.7478 -1.183 17.5116 25.3576 -3.8804 21.5328 25.3912 -1.3707 21.5463
3 16 32.4373 0 27.5905 26.5804 0.0006 22.4515 32.4373 -1.5126 27.5905
3 16 26.5804 0.0006 22.4515 32.4373 0 27.5905 30.504 0 20.6534
3 16 24.1351 -5.2526 20.656 24.9675 -4.8574 21.247 27.8862 -5.2499 16.5625
3 16 27.8862 -5.2499 16.5625 24.9675 -4.8574 21.247 28.4665 -4.8574 17.1434
3 16 28.4665 -4.8574 17.1434 24.9675 -4.8574 21.247 28.6409 -4.0552 17.3359
3 16 28.6409 -4.0552 17.3359 24.9675 -4.8574 21.247 25.3576 -3.8804 21.5328
3 16 32.4373 -8 27.5905 32.4373 -1.5126 27.5905 25.3576 -3.8804 21.5328
3 16 25.3576 -3.8804 21.5328 32.4373 -1.5126 27.5905 25.3912 -1.3707 21.5463
3 16 25.3912 -1.3707 21.5463 25.779 -0.3944 21.8312 28.7478 -1.183 17.5116
3 16 28.7478 -1.183 17.5116 25.779 -0.3944 21.8312 28.8817 -0.0621 17.6676
3 16 28.8817 -0.0621 17.6676 25.779 -0.3944 21.8312 29.6871 0.0006 18.4655
3 16 29.6871 0.0006 18.4655 25.779 -0.3944 21.8312 26.5804 0.0006 22.4515
3 16 25.3912 -1.3707 21.5463 32.4373 -1.5126 27.5905 25.779 -0.3944 21.8312
3 16 32.4373 -1.5126 27.5905 26.5804 0.0006 22.4515 25.779 -0.3944 21.8312
3 16 28.925 -5.2145 15.635 24.5904 -5.2352 8.1859 27.8862 -5.2499 16.5625
3 16 27.8862 -5.2499 16.5625 24.5904 -5.2352 8.1859 20.7509 -5.2501 11.2107
3 16 47.7654 -5.2567 40.693 43.8153 -5.2499 43.4745 48.3866 -4.8561 41.8631
3 16 48.3866 -4.8561 41.8631 43.8153 -5.2499 43.4745 44.2645 -4.8534 44.3857
3 16 48.4788 -4.0613 42.189 44.4659 -3.8774 44.8268 48.269 -1.4747 42.3625
3 16 48.269 -1.4747 42.3625 44.4659 -3.8774 44.8268 44.4758 -1.3696 44.8638
3 16 51.632 -5.0857 34.2982 48.4788 -4.0613 42.189 51.6788 0 34.8622
3 16 51.6788 0 34.8622 48.4788 -4.0613 42.189 48.269 -1.4747 42.3625
3 16 48.3866 -4.8561 41.8631 51.632 -5.0857 34.2982 47.7654 -5.2567 40.693
3 16 24.3907 -0.0001 8.1265 23.4315 -0.2645 5.4418 19.6681 -0.0021 7.4474
3 16 14.4842 -4.8267 -2.0115 14.0094 -3.8176 -2.1572 9.298 -5.25 -3.5225
3 16 23.4315 -0.2645 5.4418 26.7925 0 4.4716 25.7091 -0.4232 4.2281
3 16 23.4315 -0.2645 5.4418 25.7091 -0.4232 4.2281 25.171 -1.4741 4.1716
3 16 25.1741 -3.8145 4.4249 22.9348 -3.8378 5.6483 25.171 -1.4741 4.1716
3 16 25.171 -1.4741 4.1716 22.9348 -3.8378 5.6483 23.4315 -0.2645 5.4418
3 16 25.1741 -3.8145 4.4249 24.7317 -4.8232 4.1814 22.9348 -3.8378 5.6483
3 16 22.9348 -3.8378 5.6483 24.7317 -4.8232 4.1814 22.5731 -4.9554 5.5437
3 16 24.7317 -4.8232 4.1814 23.8858 -5.2346 3.4867 22.5731 -4.9554 5.5437
3 16 22.5731 -4.9554 5.5437 23.8858 -5.2346 3.4867 21.7932 -5.178 4.7347
3 16 19.2179 -5.161 7.6611 21.7932 -5.178 4.7347 15.4737 -5.2345 -1.6604
3 16 14.2647 -5.25 10.3268 19.2179 -5.161 7.6611 15.4737 -5.2345 -1.6604
3 16 30.504 0 20.6534 29.8571 -0.0398 16.6096 29.6871 0.0006 18.4655
3 16 13.6831 -8.0002 14.8675 15.5741 -4.858 15.7123 15.1264 -3.8825 15.5225
3 16 14.6691 -0.3942 15.2963 15.1159 -1.3696 15.4863 16.9498 -0.0869 11.5713
3 16 16.9498 -0.0869 11.5713 15.1159 -1.3696 15.4863 17.2867 -1.5895 11.6182
3 16 13.7249 0 14.9 14.6691 -0.3942 15.2963 15.9092 0.0036 11.1441
3 16 15.9092 0.0036 11.1441 14.6691 -0.3942 15.2963 16.9498 -0.0869 11.5713
3 16 6.6803 0 12.3123 13.7249 0 14.9 14.2686 0 10.3773
3 16 14.2686 0 10.3773 13.7249 0 14.9 15.9092 0.0036 11.1441
3 16 13.6831 -8.0002 14.8675 15.1264 -3.8825 15.5225 15.1159 -1.3696 15.4863
3 16 13.7249 0 14.9 13.6831 -8.0002 14.8675 14.6691 -0.3942 15.2963
3 16 14.6691 -0.3942 15.2963 13.6831 -8.0002 14.8675 15.1159 -1.3696 15.4863
3 16 66.2968 -0.0013 46.0563 63.3014 0.0039 50.7029 68.0688 0 53.4709
3 16 68.0688 0 53.4709 63.3014 0.0039 50.7029 66.25 0 53.75
3 16 66.2968 -0.0013 46.0563 68.0688 0 53.4709 68.0633 -4.8171 53.4491
3 16 68.0633 -4.8171 53.4491 65.8139 -3.8733 44.4244 65.8113 -1.493 44.4375
3 16 68.0633 -4.8171 53.4491 65.9671 -0.4296 44.9443 66.2968 -0.0013 46.0563
3 16 53.749 -5.25 61.4912 66.25 -5.25 61.4553 53.75 -5.25 58.5
3 16 53.75 -5.25 58.5 66.25 -5.25 61.4553 65.993 -5.2461 53.7509
3 16 47.0998 0 51.7125 51.7811 0 53.7372 50.9477 0 50.7475
3 16 6.6803 0 12.3123 14.2686 0 10.3773 9.2514 0 8.6127
3 16 60.9716 -4.853 33.1803 61.0947 -5.2464 34.2414 17.4566 -48 27.1786
3 16 17.4566 -48 27.1786 61.0947 -5.2464 34.2414 21.7568 -48 34.8518
3 16 26.5552 -48 46.7772 64.9252 -5.2463 43.1924 28.3758 -48 54.6898
3 16 41.4204 -5.25 39.1108 43.8153 -5.2499 43.4745 47.7654 -5.2567 40.693
3 16 49.7714 0 47.2611 54.5004 -0.4301 34.8572 48.5695 0 43.8434
3 16 6.7662 -4.8198 -8.1144 16.013 -4.8244 -5.6318 -30.587 -48 -7.458
3 16 6.7662 -4.8198 -8.1144 15.5536 -3.8117 -5.8101 16.013 -4.8244 -5.6318
3 16 6.7662 -4.8198 -8.1144 15.0324 -0.4225 -5.9938 15.5302 -1.468 -5.8391
3 16 13.9693 0 -6.2749 15.0324 -0.4225 -5.9938 6.7662 -4.8198 -8.1144
3 16 27.7128 -0.4197 -0.4829 28.661 0 0.0746 34.4456 -4.8181 3.4824
3 16 25.3576 -3.8804 21.5328 24.9675 -4.8574 21.247 32.4373 -8 27.5905
3 16 37.9929 -3.8759 33.9794 32.4373 -8 27.5905 38.2797 -4.8514 34.3683
3 16 16.9607 -5.2345 -5.18 -15.8368 -48 -2.232 16.013 -4.8244 -5.6318
3 16 -30.587 -48 -7.458 16.013 -4.8244 -5.6318 -15.8368 -48 -2.232
3 16 -1.2615 -5.25 6.25 2.2522 -5.25 6.25 -3.5189 -5.25 2.9768
3 16 -3.5189 -5.25 2.9768 2.2522 -5.25 6.25 6.25 -5.25 -4.3476
3 16 -49.8097 -2.4488 -6.25 -50 -43.5 -6.25 -10.0375 -8 -6.25
3 16 63.3014 0.0039 50.7029 66.2968 -0.0013 46.0563 62.3958 0.0039 47.5664
3 16 30.504 0 20.6534 39.1743 0 11.9896 29.8571 -0.0398 16.6096
3 16 29.8571 -0.0398 16.6096 39.1743 0 11.9896 36.4367 0 9.7741
3 16 24.3907 -0.0001 8.1265 18.4976 0.0018 9.5566 19.543 -0.0516 10.3776
3 16 6.7439 0 -8.1034 6.25 0 -4.3476 9.2514 0 -3.5821
3 16 68.0633 -4.8171 53.4491 65.8113 -1.493 44.4375 65.9671 -0.4296 44.9443
3 16 63.3014 -5.2461 50.7029 62.0426 -0.4259 46.5001 61.8817 -1.4905 45.9978
3 16 24.5904 -5.2352 8.1859 28.925 -5.2145 15.635 30.1227 -5.25 5.3922
3 16 30.1227 -5.25 5.3922 28.925 -5.2145 15.635 36.4367 -5.25 9.7741
3 16 36.4367 -5.25 9.7741 28.925 -5.2145 15.635 29.4966 -4.9079 16.1901
3 16 -50 -48 150 -50 -48 139.349 -42.4516 -48 149.5054
3 16 -3.0043 -4.8182 149.613 -9.9927 -4.8181 149.9765 -42.4516 -48 149.5054
3 16 -42.4516 -48 149.5054 -9.9927 -4.8181 149.9765 -50 -48 150
3 16 7.9556 -48 85.4805 10 -48 70 29.6148 -48 77.8414
3 16 29.6148 -48 77.8414 10 -48 70 30.0424 -48 70
3 16 6.7662 -4.8198 148.1144 -3.0043 -4.8182 149.613 -30.587 -48 147.4579
3 16 -30.587 -48 147.4579 -3.0043 -4.8182 149.613 -42.4516 -48 149.5054
3 16 -42.4516 -48 149.5054 -40.731 -48 129.2122 -30.587 -48 147.4579
3 16 -30.587 -48 147.4579 -40.731 -48 129.2122 -25.2807 -48 124.5697
3 16 -25.2807 -48 124.5697 -15.8368 -48 142.232 -30.587 -48 147.4579
3 16 -15.8368 -48 142.232 -25.2807 -48 124.5697 -2.4254 -48 134.3408
3 16 -25.2807 -48 124.5697 -10.524 -48 115.0138 -2.4254 -48 134.3408
3 16 -2.4254 -48 134.3408 -10.524 -48 115.0138 9.2047 -48 123.66
3 16 -10.524 -48 115.0138 0.8669 -48 101.5998 9.2047 -48 123.66
3 16 9.2047 -48 123.66 0.8669 -48 101.5998 17.4566 -48 112.8214
3 16 26.5552 -48 93.2228 21.7568 -48 105.1482 7.9556 -48 85.4805
3 16 7.9556 -48 85.4805 21.7568 -48 105.1482 0.8669 -48 101.5998
3 16 28.3758 -48 85.3102 7.9556 -48 85.4805 29.6148 -48 77.8414
3 16 40.7515 -4.8181 131.8408 34.4456 -4.8181 136.5176 -2.4254 -48 134.3408
3 16 -2.4254 -48 134.3408 9.2047 -48 123.66 40.7515 -4.8181 131.8408
3 16 40.7515 -4.8181 131.8408 9.2047 -48 123.66 46.5685 -4.8181 126.5685
3 16 51.8408 -4.8181 120.7515 46.5685 -4.8181 126.5685 9.2047 -48 123.66
3 16 9.2047 -48 123.66 17.4566 -48 112.8214 51.8408 -4.8181 120.7515
3 16 51.8408 -4.8181 120.7515 17.4566 -48 112.8214 56.5176 -4.8181 114.4456
3 16 28.3758 -48 85.3102 29.6148 -48 77.8414 68.0633 -4.8171 86.5509
3 16 68.0633 -4.8171 86.5509 29.6148 -48 77.8414 69.5407 -4.8181 78.5838
3 16 29.6148 -48 77.8414 30.0424 -48 70 69.5407 -4.8181 78.5838
3 16 69.5407 -4.8181 78.5838 30.0424 -48 70 70.0202 -4.8181 70
3 16 11.5577 -8 141.787 13.6831 -8.0002 125.1325 24.39 -8 136.0332
3 16 24.39 -8 136.0332 13.6831 -8.0002 125.1325 19.8522 -8.0002 121.9173
3 16 11.5577 -8 141.787 6.6803 -8 127.6877 13.6831 -8.0002 125.1325
3 16 19.8522 -8.0002 121.9173 32.4373 -8 112.4095 36.477 -8 126.9798
3 16 36.477 -8 126.9798 32.4373 -8 112.4095 46.4442 -8 116.3438
3 16 32.4373 -8 112.4095 41.4204 -8 100.8892 46.4442 -8 116.3438
3 16 46.4442 -8 116.3438 41.4204 -8 100.8892 53.9438 -8 103.8585
3 16 53.9438 -8 103.8585 41.4204 -8 100.8892 47.0998 -8 88.2875
3 16 53.9438 -8 103.8585 47.0998 -8 88.2875 59.9447 -8 86.2744
3 16 59.9447 -8 86.2744 49.4877 -8 77.0721 61.9135 -8 70
3 16 61.9135 -8 70 49.4877 -8 77.0721 49.9994 -8 70
3 16 51.7811 -5.25 86.2628 51.7811 0 86.2628 65.993 -5.2461 86.2491
3 16 65.993 -5.2461 86.2491 51.7811 0 86.2628 66.25 0 86.25
3 16 6.25 -5.25 132.1327 6.25 -5.25 144.3475 6.25 0 132.249
3 16 6.25 0 132.249 6.25 -5.25 144.3475 6.25 0 144.3475
3 16 2.2522 0 133.75 2.2522 0 133.1552 -1.2615 0 133.75
3 16 2.2522 0 133.1552 -0.5672 0 129.3618 -1.2615 0 133.75
3 16 -0.5672 -8 129.3618 -1.2615 -5.25 133.75 -0.5672 0 129.3618
3 16 -0.5672 0 129.3618 -1.2615 -5.25 133.75 -1.2615 0 133.75
3 16 -1.2615 -5.25 133.75 2.2522 -5.25 133.75 -1.2615 0 133.75
3 16 -1.2615 0 133.75 2.2522 -5.25 133.75 2.2522 0 133.75
3 16 -6.25 0 146.25 -6.25 -5.25 146.25 -6.25 0 138.8248
3 16 -6.25 0 138.8248 -6.25 -5.25 146.25 -6.25 -5.25 138.8248
3 16 65.993 -5.2461 86.2491 66.25 0 86.25 66.25 -5.25 78.5447
3 16 66.25 -5.25 78.5447 66.25 0 86.25 66.25 0 78.5447
3 16 53.2486 -5.25 78.477 53.749 -5.25 78.5088 53.8064 -5.25 70
3 16 53.749 -5.25 78.5088 66.25 -5.25 70 53.8064 -5.25 70
3 16 53.8064 0 70 53.2486 0 78.477 53.8064 -5.25 70
3 16 53.8064 -5.25 70 53.2486 0 78.477 53.2486 -5.25 78.477
3 16 -3.5189 -5.25 137.0232 2.4952 -5.25 146.25 6.25 -5.25 144.3475
3 16 2.4952 -5.25 146.25 -3.5189 -5.25 137.0232 -6.25 -5.25 146.25
3 16 -6.25 -5.25 146.25 -3.5189 -5.25 137.0232 -6.25 -5.25 138.8248
3 16 32.4373 -8 112.4095 38.8719 -5.2455 104.8046 41.4204 -8 100.8892
3 16 41.4204 -8 100.8892 38.8719 -5.2455 104.8046 41.4204 -5.25 100.8892
3 16 -9.9907 0 149.9974 -10.0375 0 146.25 -47.3586 0 150
3 16 -47.3586 0 150 -10.0375 0 146.25 -47.3522 0 146.25
3 16 -10.0375 0 146.25 -10.0375 0 139.6125 -10.0375 -8 146.25
3 16 -10.0375 -8 146.25 -10.0375 0 139.6125 -10.0375 -8 139.6125
3 16 -6.25 0 138.8248 -10.0375 0 139.6125 -6.25 0 146.25
3 16 -6.25 0 146.25 -10.0375 0 139.6125 -10.0375 0 146.25
3 16 -10.0375 -8 139.6125 -2.3144 -8 145.3048 -10.0375 -8 146.25
3 16 66.25 0 78.5447 69.5406 0 78.5838 66.25 0 70
3 16 66.25 0 70 69.5406 0 78.5838 70.0202 0 70
3 16 51.7811 0 86.2628 52.7691 0 81.4999 47.0998 0 88.2875
3 16 47.0998 0 88.2875 52.7691 0 81.4999 49.4877 0 77.0721
3 16 49.4877 0 77.0721 52.7691 0 81.4999 53.2486 0 78.477
3 16 53.2486 0 78.477 53.8064 0 70 49.4877 0 77.0721
3 16 49.4877 0 77.0721 53.8064 0 70 49.9994 0 70
3 16 6.6803 0 127.6877 6.25 0 132.249 9.2514 0 131.3873
3 16 -0.5672 -8 129.3618 -0.5672 0 129.3618 6.6803 -8 127.6877
3 16 6.6803 -8 127.6877 -0.5672 0 129.3618 6.6803 0 127.6877
3 16 6.25 0 144.3475 9.2514 0 143.5821 6.25 0 132.249
3 16 6.25 0 132.249 9.2514 0 143.5821 9.2514 0 131.3873
3 16 -10.0375 -8 139.6125 -10.0375 0 139.6125 -6.25 -5.25 138.8248
3 16 -6.25 -5.25 138.8248 -10.0375 0 139.6125 -6.25 0 138.8248
3 16 66.25 0 78.5447 66.25 0 70 66.25 -5.25 78.5447
3 16 66.25 -5.25 78.5447 66.25 0 70 66.25 -5.25 70
3 16 66.25 -5.25 70 53.749 -5.25 78.5088 66.25 -5.25 78.5447
3 16 52.7691 -5.25 81.4999 51.7811 -5.25 86.2628 53.75 -5.25 81.5
3 16 53.75 -5.25 81.5 51.7811 -5.25 86.2628 65.993 -5.2461 86.2491
3 16 52.7691 0 81.4999 51.7811 0 86.2628 52.7691 -5.25 81.4999
3 16 52.7691 -5.25 81.4999 51.7811 0 86.2628 51.7811 -5.25 86.2628
3 16 53.749 -5.25 78.5088 53.749 0 78.5088 53.75 -5.25 81.5
3 16 53.75 -5.25 81.5 53.749 0 78.5088 53.75 0 81.5
3 16 -2.3144 -8 145.3048 -3.5189 -8 137.0232 11.5577 -8 141.787
3 16 11.5577 -8 141.787 -3.5189 -8 137.0232 -0.5672 -8 129.3618
3 16 -0.5672 -8 129.3618 -3.5189 -8 137.0232 -1.2615 -5.25 133.75
3 16 -1.2615 -5.25 133.75 -3.5189 -8 137.0232 -3.5189 -5.25 137.0232
3 16 -10.0375 -8 139.6125 -6.25 -5.25 138.8248 -3.5189 -8 137.0232
3 16 -3.5189 -8 137.0232 -6.25 -5.25 138.8248 -3.5189 -5.25 137.0232
3 16 -3.5189 -8 137.0232 -2.3144 -8 145.3048 -10.0375 -8 139.6125
3 16 -0.5672 -8 129.3618 6.6803 -8 127.6877 11.5577 -8 141.787
3 16 32.4373 -8 112.4095 19.8522 -8.0002 121.9173 24.9675 -4.8574 118.753
3 16 24.1351 -5.2526 119.344 24.9675 -4.8574 118.753 19.8522 -8.0002 121.9173
3 16 43.8153 -5.2499 96.5255 44.2645 -4.8534 95.6143 47.0998 -8 88.2875
3 16 32.4373 -8 112.4095 38.2797 -4.8514 105.6317 38.8719 -5.2455 104.8046
3 16 47.0998 -8 88.2875 47.0998 0 88.2875 49.4877 -8 77.0721
3 16 49.4877 -8 77.0721 47.0998 0 88.2875 49.4877 0 77.0721
3 16 59.9447 -8 86.2744 47.0998 -8 88.2875 49.4877 -8 77.0721
3 16 49.4877 -8 77.0721 49.4877 0 77.0721 49.9994 -8 70
3 16 49.9994 -8 70 49.4877 0 77.0721 49.9994 0 70
3 16 41.4204 -5.25 100.8892 43.8153 -5.2499 96.5255 41.4204 -8 100.8892
3 16 41.4204 -8 100.8892 43.8153 -5.2499 96.5255 47.0998 -8 88.2875
3 16 50.9477 0 89.2525 63.3014 0.0039 89.2971 51.7811 0 86.2628
3 16 51.7811 0 86.2628 63.3014 0.0039 89.2971 66.25 0 86.25
3 16 69.5406 0 78.5838 66.25 0 78.5447 68.0688 0 86.5291
3 16 68.0688 0 86.5291 66.25 0 78.5447 66.25 0 86.25
3 16 2.2522 -5.25 133.75 2.2522 -5.25 133.1528 2.2522 0 133.75
3 16 2.2522 0 133.75 2.2522 -5.25 133.1528 2.2522 0 133.1552
3 16 2.2522 -5.25 133.1528 2.2522 -5.25 133.75 6.25 -5.25 132.1327
3 16 6.25 -5.25 144.3475 6.25 -5.25 132.1327 2.2522 -5.25 133.75
3 16 44.4758 -1.3696 95.1362 47.0998 -8 88.2875 44.4659 -3.8774 95.1732
3 16 37.9929 -3.8759 106.0206 42.8832 -5.2566 108.8985 38.2797 -4.8514 105.6317
3 16 39.3395 0 110.5045 42.7972 0.0573 109.0087 37.018 0.0115 107.2157
3 16 32.4373 0 112.4095 39.3395 0 110.5045 37.018 0.0115 107.2157
3 16 51.632 -5.0857 105.7018 41.4204 -5.25 100.8892 42.8832 -5.2566 108.8985
3 16 42.8832 -5.2566 108.8985 41.4204 -5.25 100.8892 38.8719 -5.2455 104.8046
3 16 44.4659 -3.8774 95.1732 47.0998 -8 88.2875 44.2645 -4.8534 95.6143
3 16 45.091 0.0001 93.7535 49.7714 0 92.7389 47.0998 0 88.2875
3 16 47.0998 0 88.2875 47.0998 -8 88.2875 45.091 0.0001 93.7535
3 16 44.4758 -1.3696 95.1362 44.6632 -0.3941 94.6871 47.0998 -8 88.2875
3 16 47.0998 -8 88.2875 44.6632 -0.3941 94.6871 45.091 0.0001 93.7535
3 16 32.4373 -8 112.4095 32.4373 -1.5126 112.4095 37.9929 -3.8759 106.0206
3 16 37.9929 -3.8759 106.0206 32.4373 -1.5126 112.4095 37.9693 -1.3582 106.0427
3 16 37.9693 -1.3582 106.0427 42.7892 -1.4167 109.0201 37.9929 -3.8759 106.0206
3 16 37.9929 -3.8759 106.0206 42.7892 -1.4167 109.0201 42.8832 -5.2566 108.8985
3 16 37.6646 -0.3827 106.4211 42.7972 0.0573 109.0087 37.9693 -1.3582 106.0427
3 16 37.9693 -1.3582 106.0427 42.7972 0.0573 109.0087 42.7892 -1.4167 109.0201
3 16 37.9693 -1.3582 106.0427 32.4373 -1.5126 112.4095 37.6646 -0.3827 106.4211
3 16 37.6646 -0.3827 106.4211 32.4373 -1.5126 112.4095 37.018 0.0115 107.2157
3 16 37.018 0.0115 107.2157 42.7972 0.0573 109.0087 37.6646 -0.3827 106.4211
3 16 19.8522 -8.0002 121.9173 13.6831 -8.0002 125.1325 16.5039 -5.253 123.8276
3 16 16.5039 -5.253 123.8276 13.6831 -8.0002 125.1325 15.5741 -4.858 124.2877
3 16 19.8522 -8.0002 121.9173 36.477 -8 126.9798 24.39 -8 136.0332
3 16 16.5039 -5.253 123.8276 24.1351 -5.2526 119.344 19.8522 -8.0002 121.9173
3 16 35.1632 0 115.1231 39.3395 0 110.5045 32.4373 0 112.4095
3 16 30.504 -5.25 119.3466 30.504 0 119.3466 39.1743 -5.25 128.0104
3 16 39.1743 -5.25 128.0104 30.504 0 119.3466 39.1743 0 128.0104
3 16 39.1743 0 128.0104 40.7515 0 131.8408 41.2758 0 126.16
3 16 48.0098 0 119.1683 39.3395 0 110.5045 48.0098 -5.25 119.1683
3 16 48.0098 -5.25 119.1683 39.3395 0 110.5045 39.3395 -5.25 110.5045
3 16 46.1225 -5.25 121.3133 48.0098 -5.25 119.1683 39.3395 -5.25 110.5045
3 16 39.1743 0 128.0104 41.2758 0 126.16 39.1743 -5.25 128.0104
3 16 39.1743 -5.25 128.0104 41.2758 0 126.16 41.2758 -5.25 126.16
3 16 30.504 -5.25 119.3466 39.1743 -5.25 128.0104 41.2758 -5.25 126.16
3 16 48.0098 0 119.1683 48.0098 -5.25 119.1683 46.1225 0 121.3133
3 16 46.1225 0 121.3133 48.0098 -5.25 119.1683 46.1225 -5.25 121.3133
3 16 46.1225 -5.25 121.3133 44.4063 -5.25 124.4438 46.1225 0 121.3133
3 16 46.1225 0 121.3133 44.4063 -5.25 124.4438 44.4063 0 124.4438
3 16 51.8408 0 120.7515 46.1225 0 121.3133 46.5685 0 126.5685
3 16 46.5685 0 126.5685 46.1225 0 121.3133 44.4063 0 124.4438
3 16 35.1632 0 115.1231 35.1632 -5.25 115.1231 39.3395 0 110.5045
3 16 39.3395 0 110.5045 35.1632 -5.25 115.1231 39.3395 -5.25 110.5045
3 16 30.504 0 119.3466 35.1632 0 115.1231 32.4373 0 112.4095
3 16 30.504 0 119.3466 30.504 -5.25 119.3466 35.1632 0 115.1231
3 16 35.1632 0 115.1231 30.504 -5.25 119.3466 35.1632 -5.25 115.1231
3 16 41.2758 0 126.16 44.4063 0 124.4438 41.2758 -5.25 126.16
3 16 41.2758 -5.25 126.16 44.4063 0 124.4438 44.4063 -5.25 124.4438
3 16 40.7515 0 131.8408 46.5685 0 126.5685 41.2758 0 126.16
3 16 41.2758 0 126.16 46.5685 0 126.5685 44.4063 0 124.4438
3 16 44.4063 -5.25 124.4438 46.1225 -5.25 121.3133 35.1632 -5.25 115.1231
3 16 35.1632 -5.25 115.1231 46.1225 -5.25 121.3133 39.3395 -5.25 110.5045
3 16 30.504 -5.25 119.3466 41.2758 -5.25 126.16 35.1632 -5.25 115.1231
3 16 35.1632 -5.25 115.1231 41.2758 -5.25 126.16 44.4063 -5.25 124.4438
3 16 29.6871 0.0006 121.5346 30.504 0 119.3466 26.5804 0.0006 117.5485
3 16 40.7515 0 131.8408 36.4367 0 130.2258 34.4456 0 136.5176
3 16 34.4456 0 136.5176 36.4367 0 130.2258 30.1227 0 134.6078
3 16 29.8571 -0.0398 123.3904 29.648 -4.0928 123.6499 36.4367 0 130.2258
3 16 36.4367 0 130.2258 29.648 -4.0928 123.6499 36.4367 -5.25 130.2258
3 16 36.4367 0 130.2258 36.4367 -5.25 130.2258 30.1227 0 134.6078
3 16 30.1227 0 134.6078 36.4367 -5.25 130.2258 30.1227 -5.25 134.6078
3 16 30.1227 -5.25 134.6078 24.5904 -5.2352 131.8141 30.1227 0 134.6078
3 16 30.1227 0 134.6078 24.5904 -5.2352 131.8141 24.3907 -0.0001 131.8735
3 16 29.4966 -4.9079 123.8099 36.4367 -5.25 130.2258 29.648 -4.0928 123.6499
3 16 -6.25 0 146.25 -3.0126 0 149.6169 2.4952 0 146.25
3 16 -3.0126 0 149.6169 6.7439 0 148.1033 2.4952 0 146.25
3 16 2.4952 0 146.25 6.7439 0 148.1033 6.25 0 144.3475
3 16 2.4952 -5.25 146.25 -6.25 -5.25 146.25 2.4952 0 146.25
3 16 2.4952 0 146.25 -6.25 -5.25 146.25 -6.25 0 146.25
3 16 2.4952 0 146.25 6.25 0 144.3475 2.4952 -5.25 146.25
3 16 2.4952 -5.25 146.25 6.25 0 144.3475 6.25 -5.25 144.3475
3 16 50.2232 0 116.429 53.903 0 111.2143 50.2232 -5.25 116.429
3 16 50.2232 -5.25 116.429 53.903 0 111.2143 53.903 -5.25 111.2143
3 16 54.4181 0 106.3178 53.903 0 111.2143 59.9491 0 108.6999
3 16 59.9491 0 108.6999 53.903 0 111.2143 56.5176 0 114.4456
3 16 51.6788 0 105.1378 51.632 -5.0857 105.7018 53.903 0 111.2143
3 16 53.903 0 111.2143 51.632 -5.0857 105.7018 53.903 -5.25 111.2143
3 16 55.1133 -5.2464 103.2181 61.0947 -5.2464 105.7586 61.3581 -5.243 95.4418
3 16 61.3581 -5.243 95.4418 61.0947 -5.2464 105.7586 64.9252 -5.2463 96.8076
3 16 49.7714 -5.25 92.7389 55.1133 -5.2464 103.2181 61.3581 -5.243 95.4418
3 16 14.2647 -5.25 129.6732 19.2179 -5.161 132.3389 14.2686 0 129.6227
3 16 14.2686 0 129.6227 19.2179 -5.161 132.3389 19.6681 -0.0021 132.5526
3 16 19.6681 -0.0021 132.5526 18.4976 0.0018 130.4434 14.2686 0 129.6227
3 16 9.2514 0 131.3873 9.3002 -5.25 131.4198 14.2686 0 129.6227
3 16 14.2686 0 129.6227 9.3002 -5.25 131.4198 14.2647 -5.25 129.6732
3 16 19.543 -0.0516 129.6224 16.9498 -0.0869 128.4287 18.4976 0.0018 130.4434
3 16 18.4976 0.0018 130.4434 16.9498 -0.0869 128.4287 15.9092 0.0036 128.8559
3 16 63.3014 -5.2461 89.2971 63.3014 0.0039 89.2971 50.9477 -5.25 89.2525
3 16 50.9477 -5.25 89.2525 63.3014 0.0039 89.2971 50.9477 0 89.2525
3 16 50.9477 0 89.2525 49.7714 0 92.7389 50.9477 -5.25 89.2525
3 16 50.9477 -5.25 89.2525 49.7714 0 92.7389 49.7714 -5.25 92.7389
3 16 50.9477 0 89.2525 47.0998 0 88.2875 49.7714 0 92.7389
3 16 51.6788 0 105.1378 53.903 0 111.2143 54.4181 0 106.3178
3 16 25.8772 -5.2345 141.2442 16.9607 -5.2345 145.18 -2.4254 -48 134.3408
3 16 -2.4254 -48 134.3408 16.9607 -5.2345 145.18 -15.8368 -48 142.232
3 16 16.9607 -5.2345 145.18 25.8772 -5.2345 141.2442 15.4737 -5.2345 141.6604
3 16 15.4737 -5.2345 141.6604 25.8772 -5.2345 141.2442 23.8858 -5.2346 136.5133
3 16 21.7568 -48 105.1482 26.5552 -48 93.2228 61.0947 -5.2464 105.7586
3 16 61.0947 -5.2464 105.7586 26.5552 -48 93.2228 64.9252 -5.2463 96.8076
3 16 28.661 0 139.9254 34.4456 -4.8181 136.5176 34.4456 0 136.5176
3 16 27.3315 -3.8164 140.6962 34.4456 -4.8181 136.5176 27.2504 -1.4624 140.746
3 16 56.5176 -4.8181 114.4456 60.7663 -3.8785 107.2586 60.787 -1.4864 107.2669
3 16 48.0098 0 119.1683 46.1225 0 121.3133 51.8408 0 120.7515
3 16 28.3758 -48 85.3102 68.0633 -4.8171 86.5509 64.9252 -5.2463 96.8076
3 16 68.0633 -4.8171 86.5509 65.653 -4.8506 96.0268 64.9252 -5.2463 96.8076
3 16 34.4456 0 136.5176 34.4456 -4.8181 136.5176 40.7515 0 131.8408
3 16 40.7515 0 131.8408 34.4456 -4.8181 136.5176 40.7515 -4.8181 131.8408
3 16 40.7515 0 131.8408 40.7515 -4.8181 131.8408 46.5685 0 126.5685
3 16 46.5685 0 126.5685 40.7515 -4.8181 131.8408 46.5685 -4.8181 126.5685
3 16 46.5685 0 126.5685 46.5685 -4.8181 126.5685 51.8408 0 120.7515
3 16 51.8408 0 120.7515 46.5685 -4.8181 126.5685 51.8408 -4.8181 120.7515
3 16 51.8408 0 120.7515 51.8408 -4.8181 120.7515 56.5176 0 114.4456
3 16 56.5176 0 114.4456 51.8408 -4.8181 120.7515 56.5176 -4.8181 114.4456
3 16 53.903 0 111.2143 50.2232 0 116.429 56.5176 0 114.4456
3 16 56.5176 0 114.4456 50.2232 0 116.429 51.8408 0 120.7515
3 16 56.5176 0 114.4456 56.5176 -4.8181 114.4456 59.9491 0 108.6999
3 16 68.0633 -4.8171 86.5509 69.5407 -4.8181 78.5838 68.0688 0 86.5291
3 16 68.0688 0 86.5291 69.5407 -4.8181 78.5838 69.5406 0 78.5838
3 16 69.5406 0 78.5838 69.5407 -4.8181 78.5838 70.0202 0 70
3 16 70.0202 0 70 69.5407 -4.8181 78.5838 70.0202 -4.8181 70
3 16 27.7128 -0.4197 140.4829 27.2504 -1.4624 140.746 34.4456 -4.8181 136.5176
3 16 56.5176 -4.8181 114.4456 60.787 -1.4864 107.2669 60.5188 -0.4265 107.7374
3 16 60.5188 -0.4265 107.7374 59.9491 0 108.6999 56.5176 -4.8181 114.4456
3 16 16.9607 -5.2345 145.18 15.4737 -5.2345 141.6604 16.013 -4.8244 145.6318
3 16 16.013 -4.8244 145.6318 15.4737 -5.2345 141.6604 14.4842 -4.8267 142.0114
3 16 14.0094 -3.8176 142.1572 15.5536 -3.8117 145.8101 14.4842 -4.8267 142.0114
3 16 14.4842 -4.8267 142.0114 15.5536 -3.8117 145.8101 16.013 -4.8244 145.6318
3 16 34.4456 -4.8181 136.5176 27.3315 -3.8164 140.6962 26.8788 -4.8267 140.9132
3 16 -2.4254 -48 134.3408 34.4456 -4.8181 136.5176 25.8772 -5.2345 141.2442
3 16 25.8772 -5.2345 141.2442 34.4456 -4.8181 136.5176 26.8788 -4.8267 140.9132
3 16 60.9716 -4.853 106.8197 56.5176 -4.8181 114.4456 17.4566 -48 112.8214
3 16 65.653 -4.8506 96.0268 65.8139 -3.8733 95.5756 61.7196 -4.8491 94.4726
3 16 61.7196 -4.8491 94.4726 65.8139 -3.8733 95.5756 61.8887 -3.8754 94.0277
3 16 65.653 -4.8506 96.0268 68.0633 -4.8171 86.5509 65.8139 -3.8733 95.5756
3 16 61.3581 -5.243 95.4418 64.9252 -5.2463 96.8076 61.7196 -4.8491 94.4726
3 16 61.7196 -4.8491 94.4726 64.9252 -5.2463 96.8076 65.653 -4.8506 96.0268
3 16 32.4373 0 112.4095 37.018 0.0115 107.2157 32.4373 -1.5126 112.4095
3 16 6.7662 -4.8198 148.1144 13.9693 0 146.2749 6.7439 0 148.1033
3 16 6.7662 -4.8198 148.1144 6.7439 0 148.1033 -3.0043 -4.8182 149.613
3 16 -3.0043 -4.8182 149.613 6.7439 0 148.1033 -3.0126 0 149.6169
3 16 -9.9927 -4.8181 149.9765 -9.9907 0 149.9974 -47.3586 0 150
3 16 9.2514 0 143.5821 9.298 -5.25 143.5225 9.2514 0 131.3873
3 16 9.2514 0 131.3873 9.298 -5.25 143.5225 9.3002 -5.25 131.4198
3 16 15.4737 -5.2345 141.6604 14.2647 -5.25 129.6732 9.3002 -5.25 131.4198
3 16 60.9716 -4.853 106.8197 60.7663 -3.8785 107.2586 56.5176 -4.8181 114.4456
3 16 63.3014 -5.2461 89.2971 50.9477 -5.25 89.2525 61.3581 -5.243 95.4418
3 16 61.3581 -5.243 95.4418 50.9477 -5.25 89.2525 49.7714 -5.25 92.7389
3 16 63.3014 -5.2461 89.2971 61.3581 -5.243 95.4418 61.7196 -4.8491 94.4726
3 16 63.3014 -5.2461 89.2971 61.7196 -4.8491 94.4726 61.8887 -3.8754 94.0277
3 16 51.6788 0 105.1378 48.5695 0 96.1566 48.3123 -0.3925 97.2007
3 16 45.091 0.0001 93.7535 44.6632 -0.3941 94.6871 48.5695 0 96.1566
3 16 48.5695 0 96.1566 44.6632 -0.3941 94.6871 48.3123 -0.3925 97.2007
3 16 41.4204 -5.25 100.8892 51.632 -5.0857 105.7018 47.7654 -5.2567 99.307
3 16 48.4788 -4.0613 97.811 48.3866 -4.8561 98.1369 51.632 -5.0857 105.7018
3 16 44.4659 -3.8774 95.1732 44.2645 -4.8534 95.6143 48.4788 -4.0613 97.811
3 16 48.4788 -4.0613 97.811 44.2645 -4.8534 95.6143 48.3866 -4.8561 98.1369
3 16 48.269 -1.4747 97.6375 51.6788 0 105.1378 48.3123 -0.3925 97.2007
3 16 44.6632 -0.3941 94.6871 44.4758 -1.3696 95.1362 48.3123 -0.3925 97.2007
3 16 48.3123 -0.3925 97.2007 44.4758 -1.3696 95.1362 48.269 -1.4747 97.6375
3 16 38.8719 -5.2455 104.8046 38.2797 -4.8514 105.6317 42.8832 -5.2566 108.8985
3 16 25.7091 -0.4232 135.7719 27.7128 -0.4197 140.4829 26.7925 0 135.5284
3 16 26.7925 0 135.5284 27.7128 -0.4197 140.4829 28.661 0 139.9254
3 16 26.8788 -4.8267 140.9132 27.3315 -3.8164 140.6962 24.7317 -4.8232 135.8186
3 16 24.7317 -4.8232 135.8186 27.3315 -3.8164 140.6962 25.1741 -3.8145 135.5751
3 16 25.8772 -5.2345 141.2442 26.8788 -4.8267 140.9132 23.8858 -5.2346 136.5133
3 16 23.8858 -5.2346 136.5133 26.8788 -4.8267 140.9132 24.7317 -4.8232 135.8186
3 16 30.1227 0 134.6078 24.3907 -0.0001 131.8735 26.7925 0 135.5284
3 16 26.7925 0 135.5284 24.3907 -0.0001 131.8735 23.4315 -0.2645 134.5582
3 16 25.171 -1.4741 135.8284 27.2504 -1.4624 140.746 25.7091 -0.4232 135.7719
3 16 25.7091 -0.4232 135.7719 27.2504 -1.4624 140.746 27.7128 -0.4197 140.4829
3 16 23.4315 -0.2645 134.5582 19.6681 -0.0021 132.5526 22.9348 -3.8378 134.3517
3 16 22.9348 -3.8378 134.3517 19.6681 -0.0021 132.5526 19.2179 -5.161 132.3389
3 16 25.1741 -3.8145 135.5751 27.3315 -3.8164 140.6962 25.171 -1.4741 135.8284
3 16 25.171 -1.4741 135.8284 27.3315 -3.8164 140.6962 27.2504 -1.4624 140.746
3 16 19.2179 -5.161 132.3389 22.5731 -4.9554 134.4563 22.9348 -3.8378 134.3517
3 16 19.2179 -5.161 132.3389 21.7932 -5.178 135.2653 22.5731 -4.9554 134.4563
3 16 34.4456 0 136.5176 30.1227 0 134.6078 28.661 0 139.9254
3 16 28.661 0 139.9254 30.1227 0 134.6078 26.7925 0 135.5284
3 16 6.7662 -4.8198 148.1144 15.5536 -3.8117 145.8101 15.5302 -1.468 145.8391
3 16 19.6661 -1.4972 129.5381 17.2867 -1.5895 128.3818 19.543 -0.0516 129.6224
3 16 19.543 -0.0516 129.6224 17.2867 -1.5895 128.3818 16.9498 -0.0869 128.4287
3 16 18.6543 -5.2501 127.749 16.5039 -5.253 123.8276 17.7467 -4.8564 128.1725
3 16 17.7467 -4.8564 128.1725 16.5039 -5.253 123.8276 15.5741 -4.858 124.2877
3 16 20.7509 -5.2501 128.7893 18.6543 -5.2501 127.749 19.9928 -5.0034 129.3793
3 16 19.9928 -5.0034 129.3793 18.6543 -5.2501 127.749 17.7467 -4.8564 128.1725
3 16 55.1133 -5.2464 103.2181 49.7714 -5.25 92.7389 54.5258 -4.8503 104.0691
3 16 55.1133 -5.2464 103.2181 54.5258 -4.8503 104.0691 61.0947 -5.2464 105.7586
3 16 61.0947 -5.2464 105.7586 54.5258 -4.8503 104.0691 60.9716 -4.853 106.8197
3 16 54.5043 -1.4996 104.5726 49.7714 0 92.7389 54.5004 -0.4301 105.1428
3 16 54.5043 -1.4996 104.5726 54.5004 -0.4301 105.1428 60.787 -1.4864 107.2669
3 16 60.787 -1.4864 107.2669 54.5004 -0.4301 105.1428 60.5188 -0.4265 107.7374
3 16 60.787 -1.4864 107.2669 60.7663 -3.8785 107.2586 54.5043 -1.4996 104.5726
3 16 54.5043 -1.4996 104.5726 60.7663 -3.8785 107.2586 54.3135 -3.8756 104.5036
3 16 49.7714 -5.25 92.7389 49.7714 0 92.7389 54.3135 -3.8756 104.5036
3 16 54.3135 -3.8756 104.5036 49.7714 0 92.7389 54.5043 -1.4996 104.5726
3 16 54.4181 0 106.3178 54.5004 -0.4301 105.1428 51.6788 0 105.1378
3 16 54.5004 -0.4301 105.1428 48.5695 0 96.1566 51.6788 0 105.1378
3 16 59.9491 0 108.6999 60.5188 -0.4265 107.7374 54.4181 0 106.3178
3 16 54.4181 0 106.3178 60.5188 -0.4265 107.7374 54.5004 -0.4301 105.1428
3 16 54.5258 -4.8503 104.0691 49.7714 -5.25 92.7389 54.3135 -3.8756 104.5036
3 16 54.3135 -3.8756 104.5036 60.7663 -3.8785 107.2586 54.5258 -4.8503 104.0691
3 16 54.5258 -4.8503 104.0691 60.7663 -3.8785 107.2586 60.9716 -4.853 106.8197
3 16 -49.8183 -4.8181 150 -49.8143 -2.4507 150 -49.8097 -2.4488 146.25
3 16 -47.3522 0 146.25 -10.0375 0 146.25 -10.0375 -8 146.25
3 16 -49.0869 -0.7167 146.25 -47.3522 0 146.25 -10.0375 -8 146.25
3 16 -49.0933 -0.7175 150 -47.3586 0 150 -49.0869 -0.7167 146.25
3 16 -49.0869 -0.7167 146.25 -47.3586 0 150 -47.3522 0 146.25
3 16 -49.0869 -0.7167 146.25 -10.0375 -8 146.25 -49.8097 -2.4488 146.25
3 16 -49.8143 -2.4507 150 -49.0933 -0.7175 150 -49.8097 -2.4488 146.25
3 16 -49.8097 -2.4488 146.25 -49.0933 -0.7175 150 -49.0869 -0.7167 146.25
3 16 7.9556 -43.5 85.4805 27.3283 -43.5 85.4434 10 -43.5 70
3 16 10 -43.5 70 27.3283 -43.5 85.4434 29.0564 -43.5 70
3 16 -25.2807 -43.5 124.5697 -17.5449 -43.5 140.1106 -10.524 -43.5 115.0138
3 16 -10.524 -43.5 115.0138 -17.5449 -43.5 140.1106 1.5511 -43.5 128.7282
3 16 -10.524 -43.5 115.0138 1.5511 -43.5 128.7282 0.8669 -43.5 101.5998
3 16 0.8669 -43.5 101.5998 1.5511 -43.5 128.7282 16.5081 -43.5 111.3508
3 16 0.8669 -43.5 101.5998 16.5081 -43.5 111.3508 7.9556 -43.5 85.4805
3 16 7.9556 -43.5 85.4805 16.5081 -43.5 111.3508 27.3283 -43.5 85.4434
3 16 -50 -43.5 146.25 -35.774 -43.5 145.5939 -50 -43.5 139.349
3 16 -50 -43.5 139.349 -50 -48 139.349 -50 -43.5 146.25
3 16 -50 -43.5 146.25 -50 -48 139.349 -50 -48 150
3 16 -17.5449 -43.5 140.1106 -25.2807 -43.5 124.5697 -35.774 -43.5 145.5939
3 16 -35.774 -43.5 145.5939 -25.2807 -43.5 124.5697 -40.731 -43.5 129.2122
3 16 -35.774 -43.5 145.5939 -40.731 -43.5 129.2122 -45.3635 -43.5 130.7667
3 16 -45.3635 -43.5 130.7667 -48.7955 -43.5 134.4266 -35.774 -43.5 145.5939
3 16 -50 -43.5 139.349 -35.774 -43.5 145.5939 -48.7955 -43.5 134.4266
3 16 7.9556 -48 85.4805 7.9556 -43.5 85.4805 10 -48 70
3 16 10 -48 70 7.9556 -43.5 85.4805 10 -43.5 70
3 16 -25.2807 -48 124.5697 -25.2807 -43.5 124.5697 -10.524 -48 115.0138
3 16 -10.524 -48 115.0138 -25.2807 -43.5 124.5697 -10.524 -43.5 115.0138
3 16 -10.524 -48 115.0138 -10.524 -43.5 115.0138 0.8669 -48 101.5998
3 16 0.8669 -48 101.5998 -10.524 -43.5 115.0138 0.8669 -43.5 101.5998
3 16 0.8669 -48 101.5998 0.8669 -43.5 101.5998 7.9556 -48 85.4805
3 16 7.9556 -48 85.4805 0.8669 -43.5 101.5998 7.9556 -43.5 85.4805
3 16 -25.2807 -43.5 124.5697 -25.2807 -48 124.5697 -40.731 -43.5 129.2122
3 16 -40.731 -43.5 129.2122 -25.2807 -48 124.5697 -40.731 -48 129.2122
3 16 -42.4516 -48 149.5054 -45.3635 -48 130.7667 -40.731 -48 129.2122
3 16 -40.731 -48 129.2122 -45.3635 -48 130.7667 -40.731 -43.5 129.2122
3 16 -40.731 -43.5 129.2122 -45.3635 -48 130.7667 -45.3635 -43.5 130.7667
3 16 -45.3635 -48 130.7667 -48.7955 -48 134.4266 -45.3635 -43.5 130.7667
3 16 -45.3635 -43.5 130.7667 -48.7955 -48 134.4266 -48.7955 -43.5 134.4266
3 16 -45.3635 -48 130.7667 -42.4516 -48 149.5054 -48.7955 -48 134.4266
3 16 -48.7955 -48 134.4266 -50 -48 139.349 -48.7955 -43.5 134.4266
3 16 -48.7955 -43.5 134.4266 -50 -48 139.349 -50 -43.5 139.349
3 16 -48.7955 -48 134.4266 -42.4516 -48 149.5054 -50 -48 139.349
3 16 -49.0933 -0.7175 150 -9.9927 -4.8181 149.9765 -47.3586 0 150
3 16 -50 -48 150 -9.9927 -4.8181 149.9765 -49.8183 -4.8181 150
3 16 -3.0126 0 149.6169 -6.25 0 146.25 -9.9907 0 149.9974
3 16 -9.9907 0 149.9974 -6.25 0 146.25 -10.0375 0 146.25
3 16 -49.8143 -2.4507 150 -9.9927 -4.8181 149.9765 -49.0933 -0.7175 150
3 16 -0.5672 0 129.3618 2.2522 0 133.1552 6.6803 0 127.6877
3 16 6.6803 0 127.6877 2.2522 0 133.1552 6.25 0 132.249
3 16 6.25 -5.25 132.1327 6.25 0 132.249 2.2522 -5.25 133.1528
3 16 2.2522 -5.25 133.1528 6.25 0 132.249 2.2522 0 133.1552
3 16 61.8817 -1.4905 94.0022 63.3014 -5.2461 89.2971 61.8887 -3.8754 94.0277
3 16 65.8139 -3.8733 95.5756 65.8113 -1.493 95.5625 61.8887 -3.8754 94.0277
3 16 61.8887 -3.8754 94.0277 65.8113 -1.493 95.5625 61.8817 -1.4905 94.0022
3 16 65.8113 -1.493 95.5625 65.9671 -0.4296 95.0557 61.8817 -1.4905 94.0022
3 16 61.8817 -1.4905 94.0022 65.9671 -0.4296 95.0557 62.0426 -0.4259 93.4999
3 16 63.3014 -5.2461 89.2971 62.0426 -0.4259 93.4999 62.3958 0.0039 92.4336
3 16 65.9671 -0.4296 95.0557 66.2968 -0.0013 93.9437 62.0426 -0.4259 93.4999
3 16 62.0426 -0.4259 93.4999 66.2968 -0.0013 93.9437 62.3958 0.0039 92.4336
3 16 63.3014 -5.2461 89.2971 62.3958 0.0039 92.4336 63.3014 0.0039 89.2971
3 16 9.298 -5.25 143.5225 14.4842 -4.8267 142.0114 15.4737 -5.2345 141.6604
3 16 15.5302 -1.468 145.8391 15.5536 -3.8117 145.8101 13.9611 -1.47 142.176
3 16 13.9611 -1.47 142.176 15.5536 -3.8117 145.8101 14.0094 -3.8176 142.1572
3 16 14.0094 -3.8176 142.1572 9.298 -5.25 143.5225 13.9611 -1.47 142.176
3 16 13.9611 -1.47 142.176 9.298 -5.25 143.5225 13.4655 -0.4231 142.3282
3 16 13.4655 -0.4231 142.3282 15.0324 -0.4225 145.9938 13.9611 -1.47 142.176
3 16 13.9611 -1.47 142.176 15.0324 -0.4225 145.9938 15.5302 -1.468 145.8391
3 16 13.4655 -0.4231 142.3282 9.298 -5.25 143.5225 12.4178 0.0001 142.6467
3 16 12.4178 0.0001 142.6467 13.9693 0 146.2749 13.4655 -0.4231 142.3282
3 16 13.4655 -0.4231 142.3282 13.9693 0 146.2749 15.0324 -0.4225 145.9938
3 16 12.4178 0.0001 142.6467 9.298 -5.25 143.5225 9.2514 0 143.5821
3 16 9.298 -5.25 143.5225 15.4737 -5.2345 141.6604 9.3002 -5.25 131.4198
3 16 6.7439 0 148.1033 13.9693 0 146.2749 9.2514 0 143.5821
3 16 9.2514 0 143.5821 13.9693 0 146.2749 12.4178 0.0001 142.6467
3 16 -3.0043 -4.8182 149.613 -3.0126 0 149.6169 -9.9927 -4.8181 149.9765
3 16 -9.9927 -4.8181 149.9765 -3.0126 0 149.6169 -9.9907 0 149.9974
3 16 -9.9927 -4.8181 149.9765 -49.8143 -2.4507 150 -49.8183 -4.8181 150
3 16 53.903 -5.25 111.2143 51.632 -5.0857 105.7018 50.2232 -5.25 116.429
3 16 50.2232 -5.25 116.429 51.632 -5.0857 105.7018 42.8832 -5.2566 108.8985
3 16 42.8832 -5.2566 108.8985 42.7892 -1.4167 109.0201 50.2232 -5.25 116.429
3 16 50.2232 -5.25 116.429 42.7892 -1.4167 109.0201 50.2232 0 116.429
3 16 42.7892 -1.4167 109.0201 42.7972 0.0573 109.0087 50.2232 0 116.429
3 16 51.8408 0 120.7515 50.2232 0 116.429 48.0098 0 119.1683
3 16 50.2232 0 116.429 42.7972 0.0573 109.0087 48.0098 0 119.1683
3 16 48.0098 0 119.1683 42.7972 0.0573 109.0087 39.3395 0 110.5045
3 16 49.7714 0 92.7389 45.091 0.0001 93.7535 48.5695 0 96.1566
3 16 7.9556 -48 85.4805 28.3758 -48 85.3102 26.5552 -48 93.2228
3 16 0.8669 -48 101.5998 21.7568 -48 105.1482 17.4566 -48 112.8214
3 16 -49.8097 -2.4488 146.25 -50 -43.5 146.25 -49.8183 -4.8181 150
3 16 -49.8183 -4.8181 150 -50 -43.5 146.25 -50 -48 150
3 16 61.9135 -8 70 29.0564 -43.5 70 59.9447 -8 86.2744
3 16 59.9447 -8 86.2744 29.0564 -43.5 70 27.3283 -43.5 85.4434
3 16 11.5577 -8 141.787 -17.5449 -43.5 140.1106 -2.3144 -8 145.3048
3 16 -2.3144 -8 145.3048 -17.5449 -43.5 140.1106 -35.774 -43.5 145.5939
3 16 -50 -43.5 146.25 -10.0375 -8 146.25 -35.774 -43.5 145.5939
3 16 -35.774 -43.5 145.5939 -10.0375 -8 146.25 -2.3144 -8 145.3048
3 16 11.5577 -8 141.787 24.39 -8 136.0332 -17.5449 -43.5 140.1106
3 16 36.477 -8 126.9798 1.5511 -43.5 128.7282 24.39 -8 136.0332
3 16 24.39 -8 136.0332 1.5511 -43.5 128.7282 -17.5449 -43.5 140.1106
3 16 46.4442 -8 116.3438 16.5081 -43.5 111.3508 36.477 -8 126.9798
3 16 36.477 -8 126.9798 16.5081 -43.5 111.3508 1.5511 -43.5 128.7282
3 16 46.4442 -8 116.3438 53.9438 -8 103.8585 16.5081 -43.5 111.3508
3 16 59.9447 -8 86.2744 27.3283 -43.5 85.4434 53.9438 -8 103.8585
3 16 53.9438 -8 103.8585 27.3283 -43.5 85.4434 16.5081 -43.5 111.3508
3 16 15.9092 0.0036 128.8559 14.2686 0 129.6227 18.4976 0.0018 130.4434
3 16 15.4737 -5.2345 141.6604 23.8858 -5.2346 136.5133 21.7932 -5.178 135.2653
3 16 15.1159 -1.3696 124.5137 17.2867 -1.5895 128.3818 15.1264 -3.8825 124.4775
3 16 15.1264 -3.8825 124.4775 17.2867 -1.5895 128.3818 17.4108 -3.9474 128.2949
3 16 19.7862 -3.9715 129.4706 17.4108 -3.9474 128.2949 19.6661 -1.4972 129.5381
3 16 19.6661 -1.4972 129.5381 17.4108 -3.9474 128.2949 17.2867 -1.5895 128.3818
3 16 24.1351 -5.2526 119.344 16.5039 -5.253 123.8276 18.6543 -5.2501 127.749
3 16 15.1264 -3.8825 124.4775 17.4108 -3.9474 128.2949 15.5741 -4.858 124.2877
3 16 15.5741 -4.858 124.2877 17.4108 -3.9474 128.2949 17.7467 -4.8564 128.1725
3 16 19.9928 -5.0034 129.3793 17.7467 -4.8564 128.1725 19.7862 -3.9715 129.4706
3 16 19.7862 -3.9715 129.4706 17.7467 -4.8564 128.1725 17.4108 -3.9474 128.2949
3 16 36.4367 0 130.2258 40.7515 0 131.8408 39.1743 0 128.0104
3 16 27.8862 -5.2499 123.4375 28.925 -5.2145 124.365 28.4665 -4.8574 122.8566
3 16 28.4665 -4.8574 122.8566 28.925 -5.2145 124.365 29.4966 -4.9079 123.8099
3 16 29.4966 -4.9079 123.8099 29.648 -4.0928 123.6499 28.4665 -4.8574 122.8566
3 16 28.4665 -4.8574 122.8566 29.648 -4.0928 123.6499 28.6409 -4.0552 122.6641
3 16 29.8571 -0.0398 123.3904 28.7478 -1.183 122.4884 29.648 -4.0928 123.6499
3 16 29.648 -4.0928 123.6499 28.7478 -1.183 122.4884 28.6409 -4.0552 122.6641
3 16 28.7478 -1.183 122.4884 29.8571 -0.0398 123.3904 28.8817 -0.0621 122.3324
3 16 29.8571 -0.0398 123.3904 29.6871 0.0006 121.5346 28.8817 -0.0621 122.3324
3 16 27.8862 -5.2499 123.4375 24.1351 -5.2526 119.344 20.7509 -5.2501 128.7893
3 16 20.7509 -5.2501 128.7893 24.1351 -5.2526 119.344 18.6543 -5.2501 127.749
3 16 24.5904 -5.2352 131.8141 20.7509 -5.2501 128.7893 19.9928 -5.0034 129.3793
3 16 24.5904 -5.2352 131.8141 19.9928 -5.0034 129.3793 19.7862 -3.9715 129.4706
3 16 24.5904 -5.2352 131.8141 19.7862 -3.9715 129.4706 24.3907 -0.0001 131.8735
3 16 24.3907 -0.0001 131.8735 19.7862 -3.9715 129.4706 19.6661 -1.4972 129.5381
3 16 24.3907 -0.0001 131.8735 19.6661 -1.4972 129.5381 19.543 -0.0516 129.6224
3 16 24.3907 -0.0001 131.8735 18.4976 0.0018 130.4434 19.6681 -0.0021 132.5526
3 16 53.749 0 78.5088 53.2486 0 78.477 53.75 0 81.5
3 16 53.75 0 81.5 53.2486 0 78.477 52.7691 0 81.4999
3 16 53.2486 0 78.477 53.749 0 78.5088 53.2486 -5.25 78.477
3 16 53.2486 -5.25 78.477 53.749 0 78.5088 53.749 -5.25 78.5088
3 16 53.75 -5.25 81.5 53.75 0 81.5 52.7691 -5.25 81.4999
3 16 52.7691 -5.25 81.4999 53.75 0 81.5 52.7691 0 81.4999
3 16 6.6803 -8 127.6877 6.6803 0 127.6877 13.6831 -8.0002 125.1325
3 16 13.6831 -8.0002 125.1325 6.6803 0 127.6877 13.7249 0 125.1
3 16 28.6409 -4.0552 122.6641 28.7478 -1.183 122.4884 25.3576 -3.8804 118.4672
3 16 25.3576 -3.8804 118.4672 28.7478 -1.183 122.4884 25.3912 -1.3707 118.4537
3 16 32.4373 0 112.4095 32.4373 -1.5126 112.4095 26.5804 0.0006 117.5485
3 16 26.5804 0.0006 117.5485 30.504 0 119.3466 32.4373 0 112.4095
3 16 24.1351 -5.2526 119.344 27.8862 -5.2499 123.4375 24.9675 -4.8574 118.753
3 16 24.9675 -4.8574 118.753 27.8862 -5.2499 123.4375 28.4665 -4.8574 122.8566
3 16 28.4665 -4.8574 122.8566 28.6409 -4.0552 122.6641 24.9675 -4.8574 118.753
3 16 24.9675 -4.8574 118.753 28.6409 -4.0552 122.6641 25.3576 -3.8804 118.4672
3 16 25.3912 -1.3707 118.4537 32.4373 -1.5126 112.4095 25.3576 -3.8804 118.4672
3 16 25.3576 -3.8804 118.4672 32.4373 -1.5126 112.4095 32.4373 -8 112.4095
3 16 28.8817 -0.0621 122.3324 25.779 -0.3944 118.1689 28.7478 -1.183 122.4884
3 16 28.7478 -1.183 122.4884 25.779 -0.3944 118.1689 25.3912 -1.3707 118.4537
3 16 28.8817 -0.0621 122.3324 29.6871 0.0006 121.5346 25.779 -0.3944 118.1689
3 16 25.779 -0.3944 118.1689 29.6871 0.0006 121.5346 26.5804 0.0006 117.5485
3 16 25.3912 -1.3707 118.4537 25.779 -0.3944 118.1689 32.4373 -1.5126 112.4095
3 16 25.779 -0.3944 118.1689 26.5804 0.0006 117.5485 32.4373 -1.5126 112.4095
3 16 28.925 -5.2145 124.365 27.8862 -5.2499 123.4375 24.5904 -5.2352 131.8141
3 16 24.5904 -5.2352 131.8141 27.8862 -5.2499 123.4375 20.7509 -5.2501 128.7893
3 16 44.2645 -4.8534 95.6143 43.8153 -5.2499 96.5255 48.3866 -4.8561 98.1369
3 16 48.3866 -4.8561 98.1369 43.8153 -5.2499 96.5255 47.7654 -5.2567 99.307
3 16 44.4758 -1.3696 95.1362 44.4659 -3.8774 95.1732 48.269 -1.4747 97.6375
3 16 48.269 -1.4747 97.6375 44.4659 -3.8774 95.1732 48.4788 -4.0613 97.811
3 16 51.632 -5.0857 105.7018 51.6788 0 105.1378 48.4788 -4.0613 97.811
3 16 48.4788 -4.0613 97.811 51.6788 0 105.1378 48.269 -1.4747 97.6375
3 16 48.3866 -4.8561 98.1369 47.7654 -5.2567 99.307 51.632 -5.0857 105.7018
3 16 24.3907 -0.0001 131.8735 19.6681 -0.0021 132.5526 23.4315 -0.2645 134.5582
3 16 14.4842 -4.8267 142.0114 9.298 -5.25 143.5225 14.0094 -3.8176 142.1572
3 16 23.4315 -0.2645 134.5582 25.7091 -0.4232 135.7719 26.7925 0 135.5284
3 16 23.4315 -0.2645 134.5582 25.171 -1.4741 135.8284 25.7091 -0.4232 135.7719
3 16 23.4315 -0.2645 134.5582 22.9348 -3.8378 134.3517 25.171 -1.4741 135.8284
3 16 25.171 -1.4741 135.8284 22.9348 -3.8378 134.3517 25.1741 -3.8145 135.5751
3 16 22.5731 -4.9554 134.4563 24.7317 -4.8232 135.8186 22.9348 -3.8378 134.3517
3 16 22.9348 -3.8378 134.3517 24.7317 -4.8232 135.8186 25.1741 -3.8145 135.5751
3 16 21.7932 -5.178 135.2653 23.8858 -5.2346 136.5133 22.5731 -4.9554 134.4563
3 16 22.5731 -4.9554 134.4563 23.8858 -5.2346 136.5133 24.7317 -4.8232 135.8186
3 16 19.2179 -5.161 132.3389 15.4737 -5.2345 141.6604 21.7932 -5.178 135.2653
3 16 14.2647 -5.25 129.6732 15.4737 -5.2345 141.6604 19.2179 -5.161 132.3389
3 16 30.504 0 119.3466 29.6871 0.0006 121.5346 29.8571 -0.0398 123.3904
3 16 13.6831 -8.0002 125.1325 15.1264 -3.8825 124.4775 15.5741 -4.858 124.2877
3 16 17.2867 -1.5895 128.3818 15.1159 -1.3696 124.5137 16.9498 -0.0869 128.4287
3 16 16.9498 -0.0869 128.4287 15.1159 -1.3696 124.5137 14.6691 -0.3942 124.7037
3 16 16.9498 -0.0869 128.4287 14.6691 -0.3942 124.7037 15.9092 0.0036 128.8559
3 16 15.9092 0.0036 128.8559 14.6691 -0.3942 124.7037 13.7249 0 125.1
3 16 6.6803 0 127.6877 14.2686 0 129.6227 13.7249 0 125.1
3 16 13.7249 0 125.1 14.2686 0 129.6227 15.9092 0.0036 128.8559
3 16 13.6831 -8.0002 125.1325 15.1159 -1.3696 124.5137 15.1264 -3.8825 124.4775
3 16 13.7249 0 125.1 14.6691 -0.3942 124.7037 13.6831 -8.0002 125.1325
3 16 14.6691 -0.3942 124.7037 15.1159 -1.3696 124.5137 13.6831 -8.0002 125.1325
3 16 66.25 0 86.25 63.3014 0.0039 89.2971 68.0688 0 86.5291
3 16 68.0688 0 86.5291 63.3014 0.0039 89.2971 66.2968 -0.0013 93.9437
3 16 66.2968 -0.0013 93.9437 68.0633 -4.8171 86.5509 68.0688 0 86.5291
3 16 68.0633 -4.8171 86.5509 65.8113 -1.493 95.5625 65.8139 -3.8733 95.5756
3 16 68.0633 -4.8171 86.5509 66.2968 -0.0013 93.9437 65.9671 -0.4296 95.0557
3 16 53.749 -5.25 78.5088 53.75 -5.25 81.5 66.25 -5.25 78.5447
3 16 66.25 -5.25 78.5447 53.75 -5.25 81.5 65.993 -5.2461 86.2491
3 16 47.0998 0 88.2875 50.9477 0 89.2525 51.7811 0 86.2628
3 16 6.6803 0 127.6877 9.2514 0 131.3873 14.2686 0 129.6227
3 16 60.9716 -4.853 106.8197 17.4566 -48 112.8214 61.0947 -5.2464 105.7586
3 16 17.4566 -48 112.8214 21.7568 -48 105.1482 61.0947 -5.2464 105.7586
3 16 26.5552 -48 93.2228 28.3758 -48 85.3102 64.9252 -5.2463 96.8076
3 16 41.4204 -5.25 100.8892 47.7654 -5.2567 99.307 43.8153 -5.2499 96.5255
3 16 49.7714 0 92.7389 48.5695 0 96.1566 54.5004 -0.4301 105.1428
3 16 6.7662 -4.8198 148.1144 -30.587 -48 147.4579 16.013 -4.8244 145.6318
3 16 6.7662 -4.8198 148.1144 16.013 -4.8244 145.6318 15.5536 -3.8117 145.8101
3 16 6.7662 -4.8198 148.1144 15.5302 -1.468 145.8391 15.0324 -0.4225 145.9938
3 16 13.9693 0 146.2749 6.7662 -4.8198 148.1144 15.0324 -0.4225 145.9938
3 16 27.7128 -0.4197 140.4829 34.4456 -4.8181 136.5176 28.661 0 139.9254
3 16 25.3576 -3.8804 118.4672 32.4373 -8 112.4095 24.9675 -4.8574 118.753
3 16 37.9929 -3.8759 106.0206 38.2797 -4.8514 105.6317 32.4373 -8 112.4095
3 16 16.9607 -5.2345 145.18 16.013 -4.8244 145.6318 -15.8368 -48 142.232
3 16 -30.587 -48 147.4579 -15.8368 -48 142.232 16.013 -4.8244 145.6318
3 16 6.25 -5.25 144.3475 2.2522 -5.25 133.75 -3.5189 -5.25 137.0232
3 16 -3.5189 -5.25 137.0232 2.2522 -5.25 133.75 -1.2615 -5.25 133.75
3 16 -49.8097 -2.4488 146.25 -10.0375 -8 146.25 -50 -43.5 146.25
3 16 63.3014 0.0039 89.2971 62.3958 0.0039 92.4336 66.2968 -0.0013 93.9437
3 16 36.4367 0 130.2258 39.1743 0 128.0104 29.8571 -0.0398 123.3904
3 16 29.8571 -0.0398 123.3904 39.1743 0 128.0104 30.504 0 119.3466
3 16 24.3907 -0.0001 131.8735 19.543 -0.0516 129.6224 18.4976 0.0018 130.4434
3 16 6.7439 0 148.1033 9.2514 0 143.5821 6.25 0 144.3475
3 16 68.0633 -4.8171 86.5509 65.9671 -0.4296 95.0557 65.8113 -1.493 95.5625
3 16 63.3014 -5.2461 89.2971 61.8817 -1.4905 94.0022 62.0426 -0.4259 93.4999
3 16 36.4367 -5.25 130.2258 28.925 -5.2145 124.365 30.1227 -5.25 134.6078
3 16 30.1227 -5.25 134.6078 28.925 -5.2145 124.365 24.5904 -5.2352 131.8141
3 16 36.4367 -5.25 130.2258 29.4966 -4.9079 123.8099 28.925 -5.2145 124.365
3 16 60 -5.25 73.9382 61.9691 -5.25 73.4106 60 0 73.9382
3 16 60 0 73.9382 61.9691 -5.25 73.4106 61.9691 0 73.4106
3 16 58.0309 -5.25 73.4106 60 -5.25 73.9382 58.0309 0 73.4106
3 16 58.0309 0 73.4106 60 -5.25 73.9382 60 0 73.9382
3 16 56.5894 -5.25 71.9691 58.0309 -5.25 73.4106 56.5894 0 71.9691
3 16 56.5894 0 71.9691 58.0309 -5.25 73.4106 58.0309 0 73.4106
3 16 56.0618 -5.25 70 56.5894 -5.25 71.9691 56.0618 0 70
3 16 56.0618 0 70 56.5894 -5.25 71.9691 56.5894 0 71.9691
3 16 56.5894 -5.25 68.0309 56.0618 -5.25 70 56.5894 0 68.0309
3 16 56.5894 0 68.0309 56.0618 -5.25 70 56.0618 0 70
3 16 58.0309 -5.25 66.5894 56.5894 -5.25 68.0309 58.0309 0 66.5894
3 16 58.0309 0 66.5894 56.5894 -5.25 68.0309 56.5894 0 68.0309
3 16 60 -5.25 66.0618 58.0309 -5.25 66.5894 60 0 66.0618
3 16 60 0 66.0618 58.0309 -5.25 66.5894 58.0309 0 66.5894
3 16 61.9691 -5.25 66.5894 60 -5.25 66.0618 61.9691 0 66.5894
3 16 61.9691 0 66.5894 60 -5.25 66.0618 60 0 66.0618
3 16 63.4106 -5.25 68.0309 61.9691 -5.25 66.5894 63.4106 0 68.0309
3 16 63.4106 0 68.0309 61.9691 -5.25 66.5894 61.9691 0 66.5894
3 16 63.9382 -5.25 70 63.4106 -5.25 68.0309 63.9382 0 70
3 16 63.9382 0 70 63.4106 -5.25 68.0309 63.4106 0 68.0309
3 16 63.4106 -5.25 71.9691 63.9382 -5.25 70 63.4106 0 71.9691
3 16 63.4106 0 71.9691 63.9382 -5.25 70 63.9382 0 70
3 16 63.4106 0 71.9691 61.9691 0 73.4106 63.4106 -5.25 71.9691
3 16 63.4106 -5.25 71.9691 61.9691 0 73.4106 61.9691 -5.25 73.4106
3 16 61.9691 0 73.4106 60 0 70 60 0 73.9382
3 16 60 0 70 61.9691 0 73.4106 63.4106 0 71.9691
3 16 60 0 70 63.4106 0 71.9691 63.9382 0 70
3 16 60 0 70 63.9382 0 70 63.4106 0 68.0309
3 16 60 0 70 63.4106 0 68.0309 61.9691 0 66.5894
3 16 60 0 70 61.9691 0 66.5894 60 0 66.0618
3 16 60 0 70 60 0 66.0618 58.0309 0 66.5894
3 16 60 0 70 58.0309 0 66.5894 56.5894 0 68.0309
3 16 60 0 70 56.5894 0 68.0309 56.0618 0 70
3 16 60 0 70 56.0618 0 70 56.5894 0 71.9691
3 16 60 0 70 56.5894 0 71.9691 58.0309 0 73.4106
3 16 60 0 70 58.0309 0 73.4106 60 0 73.9382
3 16 -34.5856 -48 143.126 -36.874 -48 145.4144 -34.5856 -52.45 143.126
3 16 -34.5856 -52.45 143.126 -36.874 -48 145.4144 -36.874 -52.45 145.4144
3 16 -36.874 -48 145.4144 -40 -48 146.252 -36.874 -52.45 145.4144
3 16 -36.874 -52.45 145.4144 -40 -48 146.252 -40 -52.45 146.252
3 16 -40 -48 146.252 -43.126 -48 145.4144 -40 -52.45 146.252
3 16 -40 -52.45 146.252 -43.126 -48 145.4144 -43.126 -52.45 145.4144
3 16 -43.126 -48 145.4144 -45.4144 -48 143.126 -43.126 -52.45 145.4144
3 16 -43.126 -52.45 145.4144 -45.4144 -48 143.126 -45.4144 -52.45 143.126
3 16 -45.4144 -48 143.126 -46.252 -48 140 -45.4144 -52.45 143.126
3 16 -45.4144 -52.45 143.126 -46.252 -48 140 -46.252 -52.45 140
3 16 -46.252 -48 140 -45.4144 -48 136.874 -46.252 -52.45 140
3 16 -46.252 -52.45 140 -45.4144 -48 136.874 -45.4144 -52.45 136.874
3 16 -45.4144 -48 136.874 -43.126 -48 134.5856 -45.4144 -52.45 136.874
3 16 -45.4144 -52.45 136.874 -43.126 -48 134.5856 -43.126 -52.45 134.5856
3 16 -43.126 -48 134.5856 -40 -48 133.748 -43.126 -52.45 134.5856
3 16 -43.126 -52.45 134.5856 -40 -48 133.748 -40 -52.45 133.748
3 16 -40 -48 133.748 -36.874 -48 134.5856 -40 -52.45 133.748
3 16 -40 -52.45 133.748 -36.874 -48 134.5856 -36.874 -52.45 134.5856
3 16 -36.874 -48 134.5856 -34.5856 -48 136.874 -36.874 -52.45 134.5856
3 16 -36.874 -52.45 134.5856 -34.5856 -48 136.874 -34.5856 -52.45 136.874
3 16 -34.5856 -48 136.874 -33.748 -48 140 -34.5856 -52.45 136.874
3 16 -34.5856 -52.45 136.874 -33.748 -48 140 -33.748 -52.45 140
3 16 -33.748 -48 140 -34.5856 -48 143.126 -33.748 -52.45 140
3 16 -33.748 -52.45 140 -34.5856 -48 143.126 -34.5856 -52.45 143.126
3 16 -34.5856 -52.45 143.126 -36.874 -52.45 145.4144 -36.4705 -52.45 142.0378
3 16 -36.4705 -52.45 142.0378 -36.874 -52.45 145.4144 -37.9623 -52.45 143.5295
3 16 -36.874 -52.45 145.4144 -40 -52.45 146.252 -37.9623 -52.45 143.5295
3 16 -37.9623 -52.45 143.5295 -40 -52.45 146.252 -40 -52.45 144.0755
3 16 -40 -52.45 146.252 -43.126 -52.45 145.4144 -40 -52.45 144.0755
3 16 -40 -52.45 144.0755 -43.126 -52.45 145.4144 -42.0378 -52.45 143.5295
3 16 -43.126 -52.45 145.4144 -45.4144 -52.45 143.126 -42.0378 -52.45 143.5295
3 16 -42.0378 -52.45 143.5295 -45.4144 -52.45 143.126 -43.5295 -52.45 142.0378
3 16 -45.4144 -52.45 143.126 -46.252 -52.45 140 -43.5295 -52.45 142.0378
3 16 -43.5295 -52.45 142.0378 -46.252 -52.45 140 -44.0755 -52.45 140
3 16 -46.252 -52.45 140 -45.4144 -52.45 136.874 -44.0755 -52.45 140
3 16 -44.0755 -52.45 140 -45.4144 -52.45 136.874 -43.5295 -52.45 137.9622
3 16 -45.4144 -52.45 136.874 -43.126 -52.45 134.5856 -43.5295 -52.45 137.9622
3 16 -43.5295 -52.45 137.9622 -43.126 -52.45 134.5856 -42.0378 -52.45 136.4705
3 16 -43.126 -52.45 134.5856 -40 -52.45 133.748 -42.0378 -52.45 136.4705
3 16 -42.0378 -52.45 136.4705 -40 -52.45 133.748 -40 -52.45 135.9245
3 16 -40 -52.45 133.748 -36.874 -52.45 134.5856 -40 -52.45 135.9245
3 16 -40 -52.45 135.9245 -36.874 -52.45 134.5856 -37.9623 -52.45 136.4705
3 16 -36.874 -52.45 134.5856 -34.5856 -52.45 136.874 -37.9623 -52.45 136.4705
3 16 -37.9623 -52.45 136.4705 -34.5856 -52.45 136.874 -36.4705 -52.45 137.9622
3 16 -34.5856 -52.45 136.874 -33.748 -52.45 140 -36.4705 -52.45 137.9622
3 16 -36.4705 -52.45 137.9622 -33.748 -52.45 140 -35.9245 -52.45 140
3 16 -33.748 -52.45 140 -34.5856 -52.45 143.126 -35.9245 -52.45 140
3 16 -35.9245 -52.45 140 -34.5856 -52.45 143.126 -36.4705 -52.45 142.0378
3 16 -36.4705 -52.45 142.0378 -37.9623 -52.45 143.5295 -36.4705 -48 142.0378
3 16 -36.4705 -48 142.0378 -37.9623 -52.45 143.5295 -37.9623 -48 143.5295
3 16 -37.9623 -52.45 143.5295 -40 -52.45 144.0755 -37.9623 -48 143.5295
3 16 -37.9623 -48 143.5295 -40 -52.45 144.0755 -40 -48 144.0755
3 16 -40 -52.45 144.0755 -42.0378 -52.45 143.5295 -40 -48 144.0755
3 16 -40 -48 144.0755 -42.0378 -52.45 143.5295 -42.0378 -48 143.5295
3 16 -42.0378 -52.45 143.5295 -43.5295 -52.45 142.0378 -42.0378 -48 143.5295
3 16 -42.0378 -48 143.5295 -43.5295 -52.45 142.0378 -43.5295 -48 142.0378
3 16 -43.5295 -52.45 142.0378 -44.0755 -52.45 140 -43.5295 -48 142.0378
3 16 -43.5295 -48 142.0378 -44.0755 -52.45 140 -44.0755 -48 140
3 16 -44.0755 -52.45 140 -43.5295 -52.45 137.9622 -44.0755 -48 140
3 16 -44.0755 -48 140 -43.5295 -52.45 137.9622 -43.5295 -48 137.9622
3 16 -43.5295 -52.45 137.9622 -42.0378 -52.45 136.4705 -43.5295 -48 137.9622
3 16 -43.5295 -48 137.9622 -42.0378 -52.45 136.4705 -42.0378 -48 136.4705
3 16 -42.0378 -52.45 136.4705 -40 -52.45 135.9245 -42.0378 -48 136.4705
3 16 -42.0378 -48 136.4705 -40 -52.45 135.9245 -40 -48 135.9245
3 16 -40 -52.45 135.9245 -37.9623 -52.45 136.4705 -40 -48 135.9245
3 16 -40 -48 135.9245 -37.9623 -52.45 136.4705 -37.9623 -48 136.4705
3 16 -37.9623 -52.45 136.4705 -36.4705 -52.45 137.9622 -37.9623 -48 136.4705
3 16 -37.9623 -48 136.4705 -36.4705 -52.45 137.9622 -36.4705 -48 137.9622
3 16 -36.4705 -52.45 137.9622 -35.9245 -52.45 140 -36.4705 -48 137.9622
3 16 -36.4705 -48 137.9622 -35.9245 -52.45 140 -35.9245 -48 140
3 16 -35.9245 -52.45 140 -36.4705 -52.45 142.0378 -35.9245 -48 140
3 16 -35.9245 -48 140 -36.4705 -52.45 142.0378 -36.4705 -48 142.0378
3 16 5.4144 -48 123.126 3.126 -48 125.4144 5.4144 -52.45 123.126
3 16 5.4144 -52.45 123.126 3.126 -48 125.4144 3.126 -52.45 125.4144
3 16 3.126 -48 125.4144 0 -48 126.252 3.126 -52.45 125.4144
3 16 3.126 -52.45 125.4144 0 -48 126.252 0 -52.45 126.252
3 16 0 -48 126.252 -3.126 -48 125.4144 0 -52.45 126.252
3 16 0 -52.45 126.252 -3.126 -48 125.4144 -3.126 -52.45 125.4144
3 16 -3.126 -48 125.4144 -5.4144 -48 123.126 -3.126 -52.45 125.4144
3 16 -3.126 -52.45 125.4144 -5.4144 -48 123.126 -5.4144 -52.45 123.126
3 16 -5.4144 -48 123.126 -6.252 -48 120 -5.4144 -52.45 123.126
3 16 -5.4144 -52.45 123.126 -6.252 -48 120 -6.252 -52.45 120
3 16 -6.252 -48 120 -5.4144 -48 116.874 -6.252 -52.45 120
3 16 -6.252 -52.45 120 -5.4144 -48 116.874 -5.4144 -52.45 116.874
3 16 -5.4144 -48 116.874 -3.126 -48 114.5856 -5.4144 -52.45 116.874
3 16 -5.4144 -52.45 116.874 -3.126 -48 114.5856 -3.126 -52.45 114.5856
3 16 -3.126 -48 114.5856 0 -48 113.748 -3.126 -52.45 114.5856
3 16 -3.126 -52.45 114.5856 0 -48 113.748 0 -52.45 113.748
3 16 0 -48 113.748 3.126 -48 114.5856 0 -52.45 113.748
3 16 0 -52.45 113.748 3.126 -48 114.5856 3.126 -52.45 114.5856
3 16 3.126 -48 114.5856 5.4144 -48 116.874 3.126 -52.45 114.5856
3 16 3.126 -52.45 114.5856 5.4144 -48 116.874 5.4144 -52.45 116.874
3 16 5.4144 -48 116.874 6.252 -48 120 5.4144 -52.45 116.874
3 16 5.4144 -52.45 116.874 6.252 -48 120 6.252 -52.45 120
3 16 6.252 -48 120 5.4144 -48 123.126 6.252 -52.45 120
3 16 6.252 -52.45 120 5.4144 -48 123.126 5.4144 -52.45 123.126
3 16 5.4144 -52.45 123.126 3.126 -52.45 125.4144 3.5295 -52.45 122.0378
3 16 3.5295 -52.45 122.0378 3.126 -52.45 125.4144 2.0377 -52.45 123.5295
3 16 3.126 -52.45 125.4144 0 -52.45 126.252 2.0377 -52.45 123.5295
3 16 2.0377 -52.45 123.5295 0 -52.45 126.252 0 -52.45 124.0755
3 16 0 -52.45 126.252 -3.126 -52.45 125.4144 0 -52.45 124.0755
3 16 0 -52.45 124.0755 -3.126 -52.45 125.4144 -2.0378 -52.45 123.5295
3 16 -3.126 -52.45 125.4144 -5.4144 -52.45 123.126 -2.0378 -52.45 123.5295
3 16 -2.0378 -52.45 123.5295 -5.4144 -52.45 123.126 -3.5295 -52.45 122.0378
3 16 -5.4144 -52.45 123.126 -6.252 -52.45 120 -3.5295 -52.45 122.0378
3 16 -3.5295 -52.45 122.0378 -6.252 -52.45 120 -4.0755 -52.45 120
3 16 -6.252 -52.45 120 -5.4144 -52.45 116.874 -4.0755 -52.45 120
3 16 -4.0755 -52.45 120 -5.4144 -52.45 116.874 -3.5295 -52.45 117.9622
3 16 -5.4144 -52.45 116.874 -3.126 -52.45 114.5856 -3.5295 -52.45 117.9622
3 16 -3.5295 -52.45 117.9622 -3.126 -52.45 114.5856 -2.0378 -52.45 116.4705
3 16 -3.126 -52.45 114.5856 0 -52.45 113.748 -2.0378 -52.45 116.4705
3 16 -2.0378 -52.45 116.4705 0 -52.45 113.748 0 -52.45 115.9245
3 16 0 -52.45 113.748 3.126 -52.45 114.5856 0 -52.45 115.9245
3 16 0 -52.45 115.9245 3.126 -52.45 114.5856 2.0377 -52.45 116.4705
3 16 3.126 -52.45 114.5856 5.4144 -52.45 116.874 2.0377 -52.45 116.4705
3 16 2.0377 -52.45 116.4705 5.4144 -52.45 116.874 3.5295 -52.45 117.9622
3 16 5.4144 -52.45 116.874 6.252 -52.45 120 3.5295 -52.45 117.9622
3 16 3.5295 -52.45 117.9622 6.252 -52.45 120 4.0755 -52.45 120
3 16 6.252 -52.45 120 5.4144 -52.45 123.126 4.0755 -52.45 120
3 16 4.0755 -52.45 120 5.4144 -52.45 123.126 3.5295 -52.45 122.0378
3 16 3.5295 -52.45 122.0378 2.0377 -52.45 123.5295 3.5295 -48 122.0378
3 16 3.5295 -48 122.0378 2.0377 -52.45 123.5295 2.0377 -48 123.5295
3 16 2.0377 -52.45 123.5295 0 -52.45 124.0755 2.0377 -48 123.5295
3 16 2.0377 -48 123.5295 0 -52.45 124.0755 0 -48 124.0755
3 16 0 -52.45 124.0755 -2.0378 -52.45 123.5295 0 -48 124.0755
3 16 0 -48 124.0755 -2.0378 -52.45 123.5295 -2.0378 -48 123.5295
3 16 -2.0378 -52.45 123.5295 -3.5295 -52.45 122.0378 -2.0378 -48 123.5295
3 16 -2.0378 -48 123.5295 -3.5295 -52.45 122.0378 -3.5295 -48 122.0378
3 16 -3.5295 -52.45 122.0378 -4.0755 -52.45 120 -3.5295 -48 122.0378
3 16 -3.5295 -48 122.0378 -4.0755 -52.45 120 -4.0755 -48 120
3 16 -4.0755 -52.45 120 -3.5295 -52.45 117.9622 -4.0755 -48 120
3 16 -4.0755 -48 120 -3.5295 -52.45 117.9622 -3.5295 -48 117.9622
3 16 -3.5295 -52.45 117.9622 -2.0378 -52.45 116.4705 -3.5295 -48 117.9622
3 16 -3.5295 -48 117.9622 -2.0378 -52.45 116.4705 -2.0378 -48 116.4705
3 16 -2.0378 -52.45 116.4705 0 -52.45 115.9245 -2.0378 -48 116.4705
3 16 -2.0378 -48 116.4705 0 -52.45 115.9245 0 -48 115.9245
3 16 0 -52.45 115.9245 2.0377 -52.45 116.4705 0 -48 115.9245
3 16 0 -48 115.9245 2.0377 -52.45 116.4705 2.0377 -48 116.4705
3 16 2.0377 -52.45 116.4705 3.5295 -52.45 117.9622 2.0377 -48 116.4705
3 16 2.0377 -48 116.4705 3.5295 -52.45 117.9622 3.5295 -48 117.9622
3 16 3.5295 -52.45 117.9622 4.0755 -52.45 120 3.5295 -48 117.9622
3 16 3.5295 -48 117.9622 4.0755 -52.45 120 4.0755 -48 120
3 16 4.0755 -52.45 120 3.5295 -52.45 122.0378 4.0755 -48 120
3 16 4.0755 -48 120 3.5295 -52.45 122.0378 3.5295 -48 122.0378
3 16 5.4144 -48 23.126 3.126 -48 25.4144 5.4144 -52.45 23.126
3 16 5.4144 -52.45 23.126 3.126 -48 25.4144 3.126 -52.45 25.4144
3 16 3.126 -48 25.4144 0 -48 26.252 3.126 -52.45 25.4144
3 16 3.126 -52.45 25.4144 0 -48 26.252 0 -52.45 26.252
3 16 0 -48 26.252 -3.126 -48 25.4144 0 -52.45 26.252
3 16 0 -52.45 26.252 -3.126 -48 25.4144 -3.126 -52.45 25.4144
3 16 -3.126 -48 25.4144 -5.4144 -48 23.126 -3.126 -52.45 25.4144
3 16 -3.126 -52.45 25.4144 -5.4144 -48 23.126 -5.4144 -52.45 23.126
3 16 -5.4144 -48 23.126 -6.252 -48 20 -5.4144 -52.45 23.126
3 16 -5.4144 -52.45 23.126 -6.252 -48 20 -6.252 -52.45 20
3 16 -6.252 -48 20 -5.4144 -48 16.874 -6.252 -52.45 20
3 16 -6.252 -52.45 20 -5.4144 -48 16.874 -5.4144 -52.45 16.874
3 16 -5.4144 -48 16.874 -3.126 -48 14.5856 -5.4144 -52.45 16.874
3 16 -5.4144 -52.45 16.874 -3.126 -48 14.5856 -3.126 -52.45 14.5856
3 16 -3.126 -48 14.5856 0 -48 13.748 -3.126 -52.45 14.5856
3 16 -3.126 -52.45 14.5856 0 -48 13.748 0 -52.45 13.748
3 16 0 -48 13.748 3.126 -48 14.5856 0 -52.45 13.748
3 16 0 -52.45 13.748 3.126 -48 14.5856 3.126 -52.45 14.5856
3 16 3.126 -48 14.5856 5.4144 -48 16.874 3.126 -52.45 14.5856
3 16 3.126 -52.45 14.5856 5.4144 -48 16.874 5.4144 -52.45 16.874
3 16 5.4144 -48 16.874 6.252 -48 20 5.4144 -52.45 16.874
3 16 5.4144 -52.45 16.874 6.252 -48 20 6.252 -52.45 20
3 16 6.252 -48 20 5.4144 -48 23.126 6.252 -52.45 20
3 16 6.252 -52.45 20 5.4144 -48 23.126 5.4144 -52.45 23.126
3 16 5.4144 -52.45 23.126 3.126 -52.45 25.4144 3.5295 -52.45 22.0378
3 16 3.5295 -52.45 22.0378 3.126 -52.45 25.4144 2.0377 -52.45 23.5295
3 16 3.126 -52.45 25.4144 0 -52.45 26.252 2.0377 -52.45 23.5295
3 16 2.0377 -52.45 23.5295 0 -52.45 26.252 0 -52.45 24.0755
3 16 0 -52.45 26.252 -3.126 -52.45 25.4144 0 -52.45 24.0755
3 16 0 -52.45 24.0755 -3.126 -52.45 25.4144 -2.0378 -52.45 23.5295
3 16 -3.126 -52.45 25.4144 -5.4144 -52.45 23.126 -2.0378 -52.45 23.5295
3 16 -2.0378 -52.45 23.5295 -5.4144 -52.45 23.126 -3.5295 -52.45 22.0378
3 16 -5.4144 -52.45 23.126 -6.252 -52.45 20 -3.5295 -52.45 22.0378
3 16 -3.5295 -52.45 22.0378 -6.252 -52.45 20 -4.0755 -52.45 20
3 16 -6.252 -52.45 20 -5.4144 -52.45 16.874 -4.0755 -52.45 20
3 16 -4.0755 -52.45 20 -5.4144 -52.45 16.874 -3.5295 -52.45 17.9623
3 16 -5.4144 -52.45 16.874 -3.126 -52.45 14.5856 -3.5295 -52.45 17.9623
3 16 -3.5295 -52.45 17.9623 -3.126 -52.45 14.5856 -2.0378 -52.45 16.4705
3 16 -3.126 -52.45 14.5856 0 -52.45 13.748 -2.0378 -52.45 16.4705
3 16 -2.0378 -52.45 16.4705 0 -52.45 13.748 0 -52.45 15.9245
3 16 0 -52.45 13.748 3.126 -52.45 14.5856 0 -52.45 15.9245
3 16 0 -52.45 15.9245 3.126 -52.45 14.5856 2.0377 -52.45 16.4705
3 16 3.126 -52.45 14.5856 5.4144 -52.45 16.874 2.0377 -52.45 16.4705
3 16 2.0377 -52.45 16.4705 5.4144 -52.45 16.874 3.5295 -52.45 17.9623
3 16 5.4144 -52.45 16.874 6.252 -52.45 20 3.5295 -52.45 17.9623
3 16 3.5295 -52.45 17.9623 6.252 -52.45 20 4.0755 -52.45 20
3 16 6.252 -52.45 20 5.4144 -52.45 23.126 4.0755 -52.45 20
3 16 4.0755 -52.45 20 5.4144 -52.45 23.126 3.5295 -52.45 22.0378
3 16 3.5295 -52.45 22.0378 2.0377 -52.45 23.5295 3.5295 -48 22.0378
3 16 3.5295 -48 22.0378 2.0377 -52.45 23.5295 2.0377 -48 23.5295
3 16 2.0377 -52.45 23.5295 0 -52.45 24.0755 2.0377 -48 23.5295
3 16 2.0377 -48 23.5295 0 -52.45 24.0755 0 -48 24.0755
3 16 0 -52.45 24.0755 -2.0378 -52.45 23.5295 0 -48 24.0755
3 16 0 -48 24.0755 -2.0378 -52.45 23.5295 -2.0378 -48 23.5295
3 16 -2.0378 -52.45 23.5295 -3.5295 -52.45 22.0378 -2.0378 -48 23.5295
3 16 -2.0378 -48 23.5295 -3.5295 -52.45 22.0378 -3.5295 -48 22.0378
3 16 -3.5295 -52.45 22.0378 -4.0755 -52.45 20 -3.5295 -48 22.0378
3 16 -3.5295 -48 22.0378 -4.0755 -52.45 20 -4.0755 -48 20
3 16 -4.0755 -52.45 20 -3.5295 -52.45 17.9623 -4.0755 -48 20
3 16 -4.0755 -48 20 -3.5295 -52.45 17.9623 -3.5295 -48 17.9623
3 16 -3.5295 -52.45 17.9623 -2.0378 -52.45 16.4705 -3.5295 -48 17.9623
3 16 -3.5295 -48 17.9623 -2.0378 -52.45 16.4705 -2.0378 -48 16.4705
3 16 -2.0378 -52.45 16.4705 0 -52.45 15.9245 -2.0378 -48 16.4705
3 16 -2.0378 -48 16.4705 0 -52.45 15.9245 0 -48 15.9245
3 16 0 -52.45 15.9245 2.0377 -52.45 16.4705 0 -48 15.9245
3 16 0 -48 15.9245 2.0377 -52.45 16.4705 2.0377 -48 16.4705
3 16 2.0377 -52.45 16.4705 3.5295 -52.45 17.9623 2.0377 -48 16.4705
3 16 2.0377 -48 16.4705 3.5295 -52.45 17.9623 3.5295 -48 17.9623
3 16 3.5295 -52.45 17.9623 4.0755 -52.45 20 3.5295 -48 17.9623
3 16 3.5295 -48 17.9623 4.0755 -52.45 20 4.0755 -48 20
3 16 4.0755 -52.45 20 3.5295 -52.45 22.0378 4.0755 -48 20
3 16 4.0755 -48 20 3.5295 -52.45 22.0378 3.5295 -48 22.0378
3 16 -34.5856 -48 3.126 -36.874 -48 5.4144 -34.5856 -52.45 3.126
3 16 -34.5856 -52.45 3.126 -36.874 -48 5.4144 -36.874 -52.45 5.4144
3 16 -36.874 -48 5.4144 -40 -48 6.252 -36.874 -52.45 5.4144
3 16 -36.874 -52.45 5.4144 -40 -48 6.252 -40 -52.45 6.252
3 16 -40 -48 6.252 -43.126 -48 5.4144 -40 -52.45 6.252
3 16 -40 -52.45 6.252 -43.126 -48 5.4144 -43.126 -52.45 5.4144
3 16 -43.126 -48 5.4144 -45.4144 -48 3.126 -43.126 -52.45 5.4144
3 16 -43.126 -52.45 5.4144 -45.4144 -48 3.126 -45.4144 -52.45 3.126
3 16 -45.4144 -48 3.126 -46.252 -48 0 -45.4144 -52.45 3.126
3 16 -45.4144 -52.45 3.126 -46.252 -48 0 -46.252 -52.45 0
3 16 -46.252 -48 0 -45.4144 -48 -3.126 -46.252 -52.45 0
3 16 -46.252 -52.45 0 -45.4144 -48 -3.126 -45.4144 -52.45 -3.126
3 16 -45.4144 -48 -3.126 -43.126 -48 -5.4144 -45.4144 -52.45 -3.126
3 16 -45.4144 -52.45 -3.126 -43.126 -48 -5.4144 -43.126 -52.45 -5.4144
3 16 -43.126 -48 -5.4144 -40 -48 -6.252 -43.126 -52.45 -5.4144
3 16 -43.126 -52.45 -5.4144 -40 -48 -6.252 -40 -52.45 -6.252
3 16 -40 -48 -6.252 -36.874 -48 -5.4144 -40 -52.45 -6.252
3 16 -40 -52.45 -6.252 -36.874 -48 -5.4144 -36.874 -52.45 -5.4144
3 16 -36.874 -48 -5.4144 -34.5856 -48 -3.126 -36.874 -52.45 -5.4144
3 16 -36.874 -52.45 -5.4144 -34.5856 -48 -3.126 -34.5856 -52.45 -3.126
3 16 -34.5856 -48 -3.126 -33.748 -48 0 -34.5856 -52.45 -3.126
3 16 -34.5856 -52.45 -3.126 -33.748 -48 0 -33.748 -52.45 0
3 16 -33.748 -48 0 -34.5856 -48 3.126 -33.748 -52.45 0
3 16 -33.748 -52.45 0 -34.5856 -48 3.126 -34.5856 -52.45 3.126
3 16 -34.5856 -52.45 3.126 -36.874 -52.45 5.4144 -36.4705 -52.45 2.0378
3 16 -36.4705 -52.45 2.0378 -36.874 -52.45 5.4144 -37.9623 -52.45 3.5295
3 16 -36.874 -52.45 5.4144 -40 -52.45 6.252 -37.9623 -52.45 3.5295
3 16 -37.9623 -52.45 3.5295 -40 -52.45 6.252 -40 -52.45 4.0755
3 16 -40 -52.45 6.252 -43.126 -52.45 5.4144 -40 -52.45 4.0755
3 16 -40 -52.45 4.0755 -43.126 -52.45 5.4144 -42.0378 -52.45 3.5295
3 16 -43.126 -52.45 5.4144 -45.4144 -52.45 3.126 -42.0378 -52.45 3.5295
3 16 -42.0378 -52.45 3.5295 -45.4144 -52.45 3.126 -43.5295 -52.45 2.0378
3 16 -45.4144 -52.45 3.126 -46.252 -52.45 0 -43.5295 -52.45 2.0378
3 16 -43.5295 -52.45 2.0378 -46.252 -52.45 0 -44.0755 -52.45 0
3 16 -46.252 -52.45 0 -45.4144 -52.45 -3.126 -44.0755 -52.45 0
3 16 -44.0755 -52.45 0 -45.4144 -52.45 -3.126 -43.5295 -52.45 -2.0378
3 16 -45.4144 -52.45 -3.126 -43.126 -52.45 -5.4144 -43.5295 -52.45 -2.0378
3 16 -43.5295 -52.45 -2.0378 -43.126 -52.45 -5.4144 -42.0378 -52.45 -3.5295
3 16 -43.126 -52.45 -5.4144 -40 -52.45 -6.252 -42.0378 -52.45 -3.5295
3 16 -42.0378 -52.45 -3.5295 -40 -52.45 -6.252 -40 -52.45 -4.0755
3 16 -40 -52.45 -6.252 -36.874 -52.45 -5.4144 -40 -52.45 -4.0755
3 16 -40 -52.45 -4.0755 -36.874 -52.45 -5.4144 -37.9623 -52.45 -3.5295
3 16 -36.874 -52.45 -5.4144 -34.5856 -52.45 -3.126 -37.9623 -52.45 -3.5295
3 16 -37.9623 -52.45 -3.5295 -34.5856 -52.45 -3.126 -36.4705 -52.45 -2.0378
3 16 -34.5856 -52.45 -3.126 -33.748 -52.45 0 -36.4705 -52.45 -2.0378
3 16 -36.4705 -52.45 -2.0378 -33.748 -52.45 0 -35.9245 -52.45 0
3 16 -33.748 -52.45 0 -34.5856 -52.45 3.126 -35.9245 -52.45 0
3 16 -35.9245 -52.45 0 -34.5856 -52.45 3.126 -36.4705 -52.45 2.0378
3 16 -36.4705 -52.45 2.0378 -37.9623 -52.45 3.5295 -36.4705 -48 2.0378
3 16 -36.4705 -48 2.0378 -37.9623 -52.45 3.5295 -37.9623 -48 3.5295
3 16 -37.9623 -52.45 3.5295 -40 -52.45 4.0755 -37.9623 -48 3.5295
3 16 -37.9623 -48 3.5295 -40 -52.45 4.0755 -40 -48 4.0755
3 16 -40 -52.45 4.0755 -42.0378 -52.45 3.5295 -40 -48 4.0755
3 16 -40 -48 4.0755 -42.0378 -52.45 3.5295 -42.0378 -48 3.5295
3 16 -42.0378 -52.45 3.5295 -43.5295 -52.45 2.0378 -42.0378 -48 3.5295
3 16 -42.0378 -48 3.5295 -43.5295 -52.45 2.0378 -43.5295 -48 2.0378
3 16 -43.5295 -52.45 2.0378 -44.0755 -52.45 0 -43.5295 -48 2.0378
3 16 -43.5295 -48 2.0378 -44.0755 -52.45 0 -44.0755 -48 0
3 16 -44.0755 -52.45 0 -43.5295 -52.45 -2.0378 -44.0755 -48 0
3 16 -44.0755 -48 0 -43.5295 -52.45 -2.0378 -43.5295 -48 -2.0378
3 16 -43.5295 -52.45 -2.0378 -42.0378 -52.45 -3.5295 -43.5295 -48 -2.0378
3 16 -43.5295 -48 -2.0378 -42.0378 -52.45 -3.5295 -42.0378 -48 -3.5295
3 16 -42.0378 -52.45 -3.5295 -40 -52.45 -4.0755 -42.0378 -48 -3.5295
3 16 -42.0378 -48 -3.5295 -40 -52.45 -4.0755 -40 -48 -4.0755
3 16 -40 -52.45 -4.0755 -37.9623 -52.45 -3.5295 -40 -48 -4.0755
3 16 -40 -48 -4.0755 -37.9623 -52.45 -3.5295 -37.9623 -48 -3.5295
3 16 -37.9623 -52.45 -3.5295 -36.4705 -52.45 -2.0378 -37.9623 -48 -3.5295
3 16 -37.9623 -48 -3.5295 -36.4705 -52.45 -2.0378 -36.4705 -48 -2.0378
3 16 -36.4705 -52.45 -2.0378 -35.9245 -52.45 0 -36.4705 -48 -2.0378
3 16 -36.4705 -48 -2.0378 -35.9245 -52.45 0 -35.9245 -48 0
3 16 -35.9245 -52.45 0 -36.4705 -52.45 2.0378 -35.9245 -48 0
3 16 -35.9245 -48 0 -36.4705 -52.45 2.0378 -36.4705 -48 2.0378
3 16 25.4144 -48 83.126 23.126 -48 85.4144 25.4144 -52.45 83.126
3 16 25.4144 -52.45 83.126 23.126 -48 85.4144 23.126 -52.45 85.4144
3 16 23.126 -48 85.4144 20 -48 86.252 23.126 -52.45 85.4144
3 16 23.126 -52.45 85.4144 20 -48 86.252 20 -52.45 86.252
3 16 20 -48 86.252 16.874 -48 85.4144 20 -52.45 86.252
3 16 20 -52.45 86.252 16.874 -48 85.4144 16.874 -52.45 85.4144
3 16 16.874 -48 85.4144 14.5856 -48 83.126 16.874 -52.45 85.4144
3 16 16.874 -52.45 85.4144 14.5856 -48 83.126 14.5856 -52.45 83.126
3 16 14.5856 -48 83.126 13.748 -48 80 14.5856 -52.45 83.126
3 16 14.5856 -52.45 83.126 13.748 -48 80 13.748 -52.45 80
3 16 13.748 -48 80 14.5856 -48 76.874 13.748 -52.45 80
3 16 13.748 -52.45 80 14.5856 -48 76.874 14.5856 -52.45 76.874
3 16 14.5856 -48 76.874 16.874 -48 74.5856 14.5856 -52.45 76.874
3 16 14.5856 -52.45 76.874 16.874 -48 74.5856 16.874 -52.45 74.5856
3 16 16.874 -48 74.5856 20 -48 73.748 16.874 -52.45 74.5856
3 16 16.874 -52.45 74.5856 20 -48 73.748 20 -52.45 73.748
3 16 20 -48 73.748 23.126 -48 74.5856 20 -52.45 73.748
3 16 20 -52.45 73.748 23.126 -48 74.5856 23.126 -52.45 74.5856
3 16 23.126 -48 74.5856 25.4144 -48 76.874 23.126 -52.45 74.5856
3 16 23.126 -52.45 74.5856 25.4144 -48 76.874 25.4144 -52.45 76.874
3 16 25.4144 -48 76.874 26.252 -48 80 25.4144 -52.45 76.874
3 16 25.4144 -52.45 76.874 26.252 -48 80 26.252 -52.45 80
3 16 26.252 -48 80 25.4144 -48 83.126 26.252 -52.45 80
3 16 26.252 -52.45 80 25.4144 -48 83.126 25.4144 -52.45 83.126
3 16 25.4144 -52.45 83.126 23.126 -52.45 85.4144 23.5295 -52.45 82.0378
3 16 23.5295 -52.45 82.0378 23.126 -52.45 85.4144 22.0377 -52.45 83.5295
3 16 23.126 -52.45 85.4144 20 -52.45 86.252 22.0377 -52.45 83.5295
3 16 22.0377 -52.45 83.5295 20 -52.45 86.252 20 -52.45 84.0755
3 16 20 -52.45 86.252 16.874 -52.45 85.4144 20 -52.45 84.0755
3 16 20 -52.45 84.0755 16.874 -52.45 85.4144 17.9623 -52.45 83.5295
3 16 16.874 -52.45 85.4144 14.5856 -52.45 83.126 17.9623 -52.45 83.5295
3 16 17.9623 -52.45 83.5295 14.5856 -52.45 83.126 16.4705 -52.45 82.0378
3 16 14.5856 -52.45 83.126 13.748 -52.45 80 16.4705 -52.45 82.0378
3 16 16.4705 -52.45 82.0378 13.748 -52.45 80 15.9245 -52.45 80
3 16 13.748 -52.45 80 14.5856 -52.45 76.874 15.9245 -52.45 80
3 16 15.9245 -52.45 80 14.5856 -52.45 76.874 16.4705 -52.45 77.9622
3 16 14.5856 -52.45 76.874 16.874 -52.45 74.5856 16.4705 -52.45 77.9622
3 16 16.4705 -52.45 77.9622 16.874 -52.45 74.5856 17.9623 -52.45 76.4705
3 16 16.874 -52.45 74.5856 20 -52.45 73.748 17.9623 -52.45 76.4705
3 16 17.9623 -52.45 76.4705 20 -52.45 73.748 20 -52.45 75.9245
3 16 20 -52.45 73.748 23.126 -52.45 74.5856 20 -52.45 75.9245
3 16 20 -52.45 75.9245 23.126 -52.45 74.5856 22.0377 -52.45 76.4705
3 16 23.126 -52.45 74.5856 25.4144 -52.45 76.874 22.0377 -52.45 76.4705
3 16 22.0377 -52.45 76.4705 25.4144 -52.45 76.874 23.5295 -52.45 77.9622
3 16 25.4144 -52.45 76.874 26.252 -52.45 80 23.5295 -52.45 77.9622
3 16 23.5295 -52.45 77.9622 26.252 -52.45 80 24.0755 -52.45 80
3 16 26.252 -52.45 80 25.4144 -52.45 83.126 24.0755 -52.45 80
3 16 24.0755 -52.45 80 25.4144 -52.45 83.126 23.5295 -52.45 82.0378
3 16 23.5295 -52.45 82.0378 22.0377 -52.45 83.5295 23.5295 -48 82.0378
3 16 23.5295 -48 82.0378 22.0377 -52.45 83.5295 22.0377 -48 83.5295
3 16 22.0377 -52.45 83.5295 20 -52.45 84.0755 22.0377 -48 83.5295
3 16 22.0377 -48 83.5295 20 -52.45 84.0755 20 -48 84.0755
3 16 20 -52.45 84.0755 17.9623 -52.45 83.5295 20 -48 84.0755
3 16 20 -48 84.0755 17.9623 -52.45 83.5295 17.9623 -48 83.5295
3 16 17.9623 -52.45 83.5295 16.4705 -52.45 82.0378 17.9623 -48 83.5295
3 16 17.9623 -48 83.5295 16.4705 -52.45 82.0378 16.4705 -48 82.0378
3 16 16.4705 -52.45 82.0378 15.9245 -52.45 80 16.4705 -48 82.0378
3 16 16.4705 -48 82.0378 15.9245 -52.45 80 15.9245 -48 80
3 16 15.9245 -52.45 80 16.4705 -52.45 77.9622 15.9245 -48 80
3 16 15.9245 -48 80 16.4705 -52.45 77.9622 16.4705 -48 77.9622
3 16 16.4705 -52.45 77.9622 17.9623 -52.45 76.4705 16.4705 -48 77.9622
3 16 16.4705 -48 77.9622 17.9623 -52.45 76.4705 17.9623 -48 76.4705
3 16 17.9623 -52.45 76.4705 20 -52.45 75.9245 17.9623 -48 76.4705
3 16 17.9623 -48 76.4705 20 -52.45 75.9245 20 -48 75.9245
3 16 20 -52.45 75.9245 22.0377 -52.45 76.4705 20 -48 75.9245
3 16 20 -48 75.9245 22.0377 -52.45 76.4705 22.0377 -48 76.4705
3 16 22.0377 -52.45 76.4705 23.5295 -52.45 77.9622 22.0377 -48 76.4705
3 16 22.0377 -48 76.4705 23.5295 -52.45 77.9622 23.5295 -48 77.9622
3 16 23.5295 -52.45 77.9622 24.0755 -52.45 80 23.5295 -48 77.9622
3 16 23.5295 -48 77.9622 24.0755 -52.45 80 24.0755 -48 80
3 16 24.0755 -52.45 80 23.5295 -52.45 82.0378 24.0755 -48 80
3 16 24.0755 -48 80 23.5295 -52.45 82.0378 23.5295 -48 82.0378
3 16 25.4144 -48 63.126 23.126 -48 65.4144 25.4144 -52.45 63.126
3 16 25.4144 -52.45 63.126 23.126 -48 65.4144 23.126 -52.45 65.4144
3 16 23.126 -48 65.4144 20 -48 66.252 23.126 -52.45 65.4144
3 16 23.126 -52.45 65.4144 20 -48 66.252 20 -52.45 66.252
3 16 20 -48 66.252 16.874 -48 65.4144 20 -52.45 66.252
3 16 20 -52.45 66.252 16.874 -48 65.4144 16.874 -52.45 65.4144
3 16 16.874 -48 65.4144 14.5856 -48 63.126 16.874 -52.45 65.4144
3 16 16.874 -52.45 65.4144 14.5856 -48 63.126 14.5856 -52.45 63.126
3 16 14.5856 -48 63.126 13.748 -48 60 14.5856 -52.45 63.126
3 16 14.5856 -52.45 63.126 13.748 -48 60 13.748 -52.45 60
3 16 13.748 -48 60 14.5856 -48 56.874 13.748 -52.45 60
3 16 13.748 -52.45 60 14.5856 -48 56.874 14.5856 -52.45 56.874
3 16 14.5856 -48 56.874 16.874 -48 54.5856 14.5856 -52.45 56.874
3 16 14.5856 -52.45 56.874 16.874 -48 54.5856 16.874 -52.45 54.5856
3 16 16.874 -48 54.5856 20 -48 53.748 16.874 -52.45 54.5856
3 16 16.874 -52.45 54.5856 20 -48 53.748 20 -52.45 53.748
3 16 20 -48 53.748 23.126 -48 54.5856 20 -52.45 53.748
3 16 20 -52.45 53.748 23.126 -48 54.5856 23.126 -52.45 54.5856
3 16 23.126 -48 54.5856 25.4144 -48 56.874 23.126 -52.45 54.5856
3 16 23.126 -52.45 54.5856 25.4144 -48 56.874 25.4144 -52.45 56.874
3 16 25.4144 -48 56.874 26.252 -48 60 25.4144 -52.45 56.874
3 16 25.4144 -52.45 56.874 26.252 -48 60 26.252 -52.45 60
3 16 26.252 -48 60 25.4144 -48 63.126 26.252 -52.45 60
3 16 26.252 -52.45 60 25.4144 -48 63.126 25.4144 -52.45 63.126
3 16 25.4144 -52.45 63.126 23.126 -52.45 65.4144 23.5295 -52.45 62.0378
3 16 23.5295 -52.45 62.0378 23.126 -52.45 65.4144 22.0377 -52.45 63.5295
3 16 23.126 -52.45 65.4144 20 -52.45 66.252 22.0377 -52.45 63.5295
3 16 22.0377 -52.45 63.5295 20 -52.45 66.252 20 -52.45 64.0755
3 16 20 -52.45 66.252 16.874 -52.45 65.4144 20 -52.45 64.0755
3 16 20 -52.45 64.0755 16.874 -52.45 65.4144 17.9623 -52.45 63.5295
3 16 16.874 -52.45 65.4144 14.5856 -52.45 63.126 17.9623 -52.45 63.5295
3 16 17.9623 -52.45 63.5295 14.5856 -52.45 63.126 16.4705 -52.45 62.0378
3 16 14.5856 -52.45 63.126 13.748 -52.45 60 16.4705 -52.45 62.0378
3 16 16.4705 -52.45 62.0378 13.748 -52.45 60 15.9245 -52.45 60
3 16 13.748 -52.45 60 14.5856 -52.45 56.874 15.9245 -52.45 60
3 16 15.9245 -52.45 60 14.5856 -52.45 56.874 16.4705 -52.45 57.9623
3 16 14.5856 -52.45 56.874 16.874 -52.45 54.5856 16.4705 -52.45 57.9623
3 16 16.4705 -52.45 57.9623 16.874 -52.45 54.5856 17.9623 -52.45 56.4705
3 16 16.874 -52.45 54.5856 20 -52.45 53.748 17.9623 -52.45 56.4705
3 16 17.9623 -52.45 56.4705 20 -52.45 53.748 20 -52.45 55.9245
3 16 20 -52.45 53.748 23.126 -52.45 54.5856 20 -52.45 55.9245
3 16 20 -52.45 55.9245 23.126 -52.45 54.5856 22.0377 -52.45 56.4705
3 16 23.126 -52.45 54.5856 25.4144 -52.45 56.874 22.0377 -52.45 56.4705
3 16 22.0377 -52.45 56.4705 25.4144 -52.45 56.874 23.5295 -52.45 57.9623
3 16 25.4144 -52.45 56.874 26.252 -52.45 60 23.5295 -52.45 57.9623
3 16 23.5295 -52.45 57.9623 26.252 -52.45 60 24.0755 -52.45 60
3 16 26.252 -52.45 60 25.4144 -52.45 63.126 24.0755 -52.45 60
3 16 24.0755 -52.45 60 25.4144 -52.45 63.126 23.5295 -52.45 62.0378
3 16 23.5295 -52.45 62.0378 22.0377 -52.45 63.5295 23.5295 -48 62.0378
3 16 23.5295 -48 62.0378 22.0377 -52.45 63.5295 22.0377 -48 63.5295
3 16 22.0377 -52.45 63.5295 20 -52.45 64.0755 22.0377 -48 63.5295
3 16 22.0377 -48 63.5295 20 -52.45 64.0755 20 -48 64.0755
3 16 20 -52.45 64.0755 17.9623 -52.45 63.5295 20 -48 64.0755
3 16 20 -48 64.0755 17.9623 -52.45 63.5295 17.9623 -48 63.5295
3 16 17.9623 -52.45 63.5295 16.4705 -52.45 62.0378 17.9623 -48 63.5295
3 16 17.9623 -48 63.5295 16.4705 -52.45 62.0378 16.4705 -48 62.0378
3 16 16.4705 -52.45 62.0378 15.9245 -52.45 60 16.4705 -48 62.0378
3 16 16.4705 -48 62.0378 15.9245 -52.45 60 15.9245 -48 60
3 16 15.9245 -52.45 60 16.4705 -52.45 57.9623 15.9245 -48 60
3 16 15.9245 -48 60 16.4705 -52.45 57.9623 16.4705 -48 57.9623
3 16 16.4705 -52.45 57.9623 17.9623 -52.45 56.4705 16.4705 -48 57.9623
3 16 16.4705 -48 57.9623 17.9623 -52.45 56.4705 17.9623 -48 56.4705
3 16 17.9623 -52.45 56.4705 20 -52.45 55.9245 17.9623 -48 56.4705
3 16 17.9623 -48 56.4705 20 -52.45 55.9245 20 -48 55.9245
3 16 20 -52.45 55.9245 22.0377 -52.45 56.4705 20 -48 55.9245
3 16 20 -48 55.9245 22.0377 -52.45 56.4705 22.0377 -48 56.4705
3 16 22.0377 -52.45 56.4705 23.5295 -52.45 57.9623 22.0377 -48 56.4705
3 16 22.0377 -48 56.4705 23.5295 -52.45 57.9623 23.5295 -48 57.9623
3 16 23.5295 -52.45 57.9623 24.0755 -52.45 60 23.5295 -48 57.9623
3 16 23.5295 -48 57.9623 24.0755 -52.45 60 24.0755 -48 60
3 16 24.0755 -52.45 60 23.5295 -52.45 62.0378 24.0755 -48 60
3 16 24.0755 -48 60 23.5295 -52.45 62.0378 23.5295 -48 62.0378
2 24 -50 -48 -10 -42.4516 -48 -9.5054
2 24 -50 -48 -10 -50 -48 0.651
2 24 -50 -48 -10 -42.4516 -48 -9.5054
2 24 -9.9927 -4.8181 -9.9766 -3.0043 -4.8182 -9.613
2 24 30.0424 -48 70 29.6148 -48 62.1586
2 24 10 -48 70 7.9556 -48 54.5195
2 24 -42.4516 -48 -9.5054 -30.587 -48 -7.458
2 24 -3.0043 -4.8182 -9.613 6.7662 -4.8198 -8.1144
2 24 -25.2807 -48 15.4303 -40.731 -48 10.7878
2 24 -42.4516 -48 -9.5054 -30.587 -48 -7.458
2 24 -30.587 -48 -7.458 -15.8368 -48 -2.232
2 24 -15.8368 -48 -2.232 -2.4254 -48 5.6592
2 24 -2.4254 -48 5.6592 9.2047 -48 16.34
2 24 -25.2807 -48 15.4303 -10.524 -48 24.9862
2 24 9.2047 -48 16.34 17.4566 -48 27.1786
2 24 -10.524 -48 24.9862 0.8669 -48 38.4002
2 24 26.5552 -48 46.7772 21.7568 -48 34.8518
2 24 7.9556 -48 54.5195 0.8669 -48 38.4002
2 24 29.6148 -48 62.1586 28.3758 -48 54.6898
2 24 40.7515 -4.8181 8.1592 34.4456 -4.8181 3.4824
2 24 -2.4254 -48 5.6592 9.2047 -48 16.34
2 24 40.7515 -4.8181 8.1592 46.5685 -4.8181 13.4315
2 24 46.5685 -4.8181 13.4315 51.8408 -4.8181 19.2485
2 24 9.2047 -48 16.34 17.4566 -48 27.1786
2 24 51.8408 -4.8181 19.2485 56.5176 -4.8181 25.5544
2 24 28.3758 -48 54.6898 29.6148 -48 62.1586
2 24 68.0633 -4.8171 53.4491 69.5407 -4.8181 61.4162
2 24 69.5407 -4.8181 61.4162 70.0202 -4.8181 70
2 24 29.6148 -48 62.1586 30.0424 -48 70
2 24 11.5577 -8 -1.787 24.39 -8 3.9668
2 24 13.6831 -8.0002 14.8675 19.8522 -8.0002 18.0827
2 24 13.6831 -8.0002 14.8675 6.6803 -8 12.3123
2 24 46.4442 -8 23.6562 36.477 -8 13.0202
2 24 19.8522 -8.0002 18.0827 32.4373 -8 27.5905
2 24 46.4442 -8 23.6562 53.9438 -8 36.1415
2 24 32.4373 -8 27.5905 41.4204 -8 39.1108
2 24 41.4204 -8 39.1108 47.0998 -8 51.7125
2 24 53.9438 -8 36.1415 59.9447 -8 53.7256
2 24 59.9447 -8 53.7256 61.9135 -8 70
2 24 49.4877 -8 62.9279 49.9994 -8 70
2 24 66.25 0 53.75 51.7811 0 53.7372
2 24 66.25 0 53.75 65.993 -5.2461 53.7509
2 24 51.7811 0 53.7372 51.7811 -5.25 53.7372
2 24 65.993 -5.2461 53.7509 51.7811 -5.25 53.7372
2 24 6.25 -5.25 7.8673 6.25 0 7.7509
2 24 6.25 -5.25 7.8673 6.25 -5.25 -4.3476
2 24 6.25 0 7.7509 6.25 0 -4.3476
2 24 6.25 -5.25 -4.3476 6.25 0 -4.3476
2 24 2.2522 0 6.25 -1.2615 0 6.25
2 24 2.2522 0 6.25 2.2522 0 6.8448
2 24 -1.2615 0 6.25 -0.5672 0 10.6382
2 24 -1.2615 0 6.25 -1.2615 -5.25 6.25
2 24 -1.2615 0 6.25 -0.5672 0 10.6382
2 24 -0.5672 0 10.6382 -0.5672 -8 10.6382
2 24 -1.2615 -5.25 6.25 -1.2615 0 6.25
2 24 -1.2615 -5.25 6.25 2.2522 -5.25 6.25
2 24 -1.2615 0 6.25 2.2522 0 6.25
2 24 2.2522 -5.25 6.25 2.2522 0 6.25
2 24 -6.25 0 -6.25 -6.25 0 1.1752
2 24 -6.25 0 -6.25 -6.25 -5.25 -6.25
2 24 -6.25 0 1.1752 -6.25 -5.25 1.1752
2 24 -6.25 -5.25 -6.25 -6.25 -5.25 1.1752
2 24 65.993 -5.2461 53.7509 66.25 -5.25 61.4553
2 24 65.993 -5.2461 53.7509 66.25 0 53.75
2 24 66.25 0 53.75 66.25 0 61.4553
2 24 53.2486 -5.25 61.523 53.8064 -5.25 70
2 24 53.2486 -5.25 61.523 53.749 -5.25 61.4912
2 24 53.8064 0 70 53.2486 0 61.523
2 24 53.8064 -5.25 70 53.2486 -5.25 61.523
2 24 53.2486 0 61.523 53.2486 -5.25 61.523
2 24 6.25 -5.25 -4.3476 2.4952 -5.25 -6.25
2 24 2.4952 -5.25 -6.25 -6.25 -5.25 -6.25
2 24 -6.25 -5.25 -6.25 -6.25 -5.25 1.1752
2 24 -3.5189 -5.25 2.9768 -6.25 -5.25 1.1752
2 24 32.4373 -8 27.5905 41.4204 -8 39.1108
2 24 38.8719 -5.2455 35.1954 41.4204 -5.25 39.1108
2 24 -47.3522 0 -6.25 -10.0375 0 -6.25
2 24 -47.3586 0 -10 -9.9907 0 -9.9974
2 24 -10.0375 0 -6.25 -10.0375 -8 -6.25
2 24 -10.0375 0 -6.25 -10.0375 0 0.3875
2 24 -10.0375 -8 -6.25 -10.0375 -8 0.3875
2 24 -10.0375 0 0.3875 -10.0375 -8 0.3875
2 24 -10.0375 0 -6.25 -10.0375 0 0.3875
2 24 -10.0375 0 0.3875 -6.25 0 1.1752
2 24 -6.25 0 -6.25 -6.25 0 1.1752
2 24 -10.0375 -8 -6.25 -2.3144 -8 -5.3048
2 24 -10.0375 -8 0.3875 -10.0375 -8 -6.25
2 24 66.25 0 61.4553 66.25 0 70
2 24 69.5406 0 61.4162 70.0202 0 70
2 24 49.4877 0 62.9279 47.0998 0 51.7125
2 24 52.7691 0 58.5001 51.7811 0 53.7372
2 24 49.4877 0 62.9279 49.9994 0 70
2 24 53.2486 0 61.523 53.8064 0 70
2 24 -0.5672 -8 10.6382 6.6803 -8 12.3123
2 24 -0.5672 -8 10.6382 -0.5672 0 10.6382
2 24 -0.5672 0 10.6382 6.6803 0 12.3123
2 24 6.25 0 7.7509 6.25 0 -4.3476
2 24 9.2514 0 8.6127 9.2514 0 -3.5821
2 24 -10.0375 -8 0.3875 -10.0375 0 0.3875
2 24 -6.25 -5.25 1.1752 -6.25 0 1.1752
2 24 -10.0375 0 0.3875 -6.25 0 1.1752
2 24 66.25 0 61.4553 66.25 0 70
2 24 66.25 -5.25 61.4553 66.25 -5.25 70
2 24 66.25 -5.25 70 66.25 -5.25 61.4553
2 24 52.7691 -5.25 58.5001 53.75 -5.25 58.5
2 24 52.7691 -5.25 58.5001 51.7811 -5.25 53.7372
2 24 51.7811 -5.25 53.7372 65.993 -5.2461 53.7509
2 24 52.7691 0 58.5001 52.7691 -5.25 58.5001
2 24 52.7691 0 58.5001 51.7811 0 53.7372
2 24 52.7691 -5.25 58.5001 51.7811 -5.25 53.7372
2 24 51.7811 0 53.7372 51.7811 -5.25 53.7372
2 24 53.749 -5.25 61.4912 53.75 -5.25 58.5
2 24 53.749 -5.25 61.4912 53.749 0 61.4912
2 24 53.75 -5.25 58.5 53.75 0 58.5
2 24 53.749 0 61.4912 53.75 0 58.5
2 24 -0.5672 -8 10.6382 -3.5189 -8 2.9768
2 24 11.5577 -8 -1.787 -2.3144 -8 -5.3048
2 24 -0.5672 -8 10.6382 -3.5189 -8 2.9768
2 24 -1.2615 -5.25 6.25 -3.5189 -5.25 2.9768
2 24 -6.25 -5.25 1.1752 -3.5189 -5.25 2.9768
2 24 -10.0375 -8 0.3875 -3.5189 -8 2.9768
2 24 -10.0375 -8 0.3875 -3.5189 -8 2.9768
2 24 6.6803 -8 12.3123 -0.5672 -8 10.6382
2 24 32.4373 -8 27.5905 19.8522 -8.0002 18.0827
2 24 24.9675 -4.8574 21.247 24.1351 -5.2526 20.656
2 24 43.8153 -5.2499 43.4745 44.2645 -4.8534 44.3857
2 24 38.8719 -5.2455 35.1954 38.2797 -4.8514 34.3683
2 24 47.0998 -8 51.7125 49.4877 -8 62.9279
2 24 47.0998 0 51.7125 49.4877 0 62.9279
2 24 47.0998 -8 51.7125 49.4877 -8 62.9279
2 24 49.4877 -8 62.9279 49.9994 -8 70
2 24 49.4877 0 62.9279 49.9994 0 70
2 24 41.4204 -5.25 39.1108 43.8153 -5.2499 43.4745
2 24 41.4204 -8 39.1108 47.0998 -8 51.7125
2 24 51.7811 0 53.7372 66.25 0 53.75
2 24 63.3014 0.0039 50.7029 50.9477 0 50.7475
2 24 66.25 0 61.4553 66.25 0 53.75
2 24 69.5406 0 61.4162 68.0688 0 53.4709
2 24 2.2522 -5.25 6.25 2.2522 0 6.25
2 24 2.2522 -5.25 6.25 2.2522 -5.25 6.8472
2 24 2.2522 0 6.25 2.2522 0 6.8448
2 24 2.2522 -5.25 6.8472 2.2522 0 6.8448
2 24 2.2522 -5.25 6.8472 6.25 -5.25 7.8673
2 24 2.2522 -5.25 6.8472 2.2522 -5.25 6.25
2 24 6.25 -5.25 -4.3476 6.25 -5.25 7.8673
2 24 44.4758 -1.3696 44.8638 44.4659 -3.8774 44.8268
2 24 38.2797 -4.8514 34.3683 42.8832 -5.2566 31.1015
2 24 37.9929 -3.8759 33.9794 38.2797 -4.8514 34.3683
2 24 37.018 0.0115 32.7843 32.4373 0 27.5905
2 24 38.8719 -5.2455 35.1954 41.4204 -5.25 39.1108
2 24 44.2645 -4.8534 44.3857 44.4659 -3.8774 44.8268
2 24 47.0998 0 51.7125 45.091 0.0001 46.2465
2 24 47.0998 0 51.7125 45.091 0.0001 46.2465
2 24 45.091 0.0001 46.2465 44.6632 -0.3941 45.3129
2 24 44.4758 -1.3696 44.8638 44.6632 -0.3941 45.3129
2 24 37.9693 -1.3582 33.9573 37.9929 -3.8759 33.9794
2 24 37.9929 -3.8759 33.9794 37.9693 -1.3582 33.9573
2 24 37.9693 -1.3582 33.9573 37.6646 -0.3827 33.5789
2 24 37.6646 -0.3827 33.5789 42.7972 0.0573 30.9913
2 24 37.9693 -1.3582 33.9573 37.6646 -0.3827 33.5789
2 24 37.6646 -0.3827 33.5789 37.018 0.0115 32.7843
2 24 42.7972 0.0573 30.9913 37.6646 -0.3827 33.5789
2 24 37.018 0.0115 32.7843 37.6646 -0.3827 33.5789
2 24 19.8522 -8.0002 18.0827 13.6831 -8.0002 14.8675
2 24 16.5039 -5.253 16.1724 15.5741 -4.858 15.7123
2 24 24.39 -8 3.9668 36.477 -8 13.0202
2 24 24.1351 -5.2526 20.656 16.5039 -5.253 16.1724
2 24 39.3395 0 29.4955 35.1632 0 24.8769
2 24 30.504 -5.25 20.6534 39.1743 -5.25 11.9896
2 24 30.504 -5.25 20.6534 30.504 0 20.6534
2 24 39.1743 -5.25 11.9896 39.1743 0 11.9896
2 24 30.504 0 20.6534 39.1743 0 11.9896
2 24 39.1743 0 11.9896 41.2758 0 13.84
2 24 48.0098 0 20.8317 48.0098 -5.25 20.8317
2 24 48.0098 0 20.8317 39.3395 0 29.4955
2 24 48.0098 -5.25 20.8317 39.3395 -5.25 29.4955
2 24 39.3395 0 29.4955 39.3395 -5.25 29.4955
2 24 39.3395 -5.25 29.4955 48.0098 -5.25 20.8317
2 24 46.1225 -5.25 18.6867 48.0098 -5.25 20.8317
2 24 39.1743 0 11.9896 39.1743 -5.25 11.9896
2 24 39.1743 0 11.9896 41.2758 0 13.84
2 24 39.1743 -5.25 11.9896 41.2758 -5.25 13.84
2 24 41.2758 -5.25 13.84 39.1743 -5.25 11.9896
2 24 30.504 -5.25 20.6534 39.1743 -5.25 11.9896
2 24 48.0098 0 20.8317 46.1225 0 18.6867
2 24 48.0098 0 20.8317 48.0098 -5.25 20.8317
2 24 48.0098 -5.25 20.8317 46.1225 -5.25 18.6867
2 24 46.1225 -5.25 18.6867 44.4063 -5.25 15.5562
2 24 46.1225 0 18.6867 44.4063 0 15.5562
2 24 44.4063 0 15.5562 46.1225 0 18.6867
2 24 46.5685 0 13.4315 51.8408 0 19.2485
2 24 35.1632 0 24.8769 39.3395 0 29.4955
2 24 39.3395 0 29.4955 39.3395 -5.25 29.4955
2 24 35.1632 -5.25 24.8769 39.3395 -5.25 29.4955
2 24 35.1632 0 24.8769 30.504 0 20.6534
2 24 35.1632 0 24.8769 30.504 0 20.6534
2 24 30.504 0 20.6534 30.504 -5.25 20.6534
2 24 35.1632 -5.25 24.8769 30.504 -5.25 20.6534
2 24 41.2758 0 13.84 44.4063 0 15.5562
2 24 41.2758 -5.25 13.84 44.4063 -5.25 15.5562
2 24 41.2758 0 13.84 44.4063 0 15.5562
2 24 40.7515 0 8.1592 46.5685 0 13.4315
2 24 39.3395 -5.25 29.4955 35.1632 -5.25 24.8769
2 24 46.1225 -5.25 18.6867 44.4063 -5.25 15.5562
2 24 41.2758 -5.25 13.84 44.4063 -5.25 15.5562
2 24 30.504 -5.25 20.6534 35.1632 -5.25 24.8769
2 24 30.1227 0 5.3922 36.4367 0 9.7741
2 24 40.7515 0 8.1592 34.4456 0 3.4824
2 24 36.4367 -5.25 9.7741 36.4367 0 9.7741
2 24 36.4367 0 9.7741 29.8571 -0.0398 16.6096
2 24 36.4367 0 9.7741 30.1227 0 5.3922
2 24 36.4367 0 9.7741 36.4367 -5.25 9.7741
2 24 30.1227 0 5.3922 30.1227 -5.25 5.3922
2 24 36.4367 -5.25 9.7741 30.1227 -5.25 5.3922
2 24 30.1227 -5.25 5.3922 30.1227 0 5.3922
2 24 30.1227 -5.25 5.3922 24.5904 -5.2352 8.1859
2 24 30.1227 0 5.3922 24.3907 -0.0001 8.1265
2 24 36.4367 -5.25 9.7741 29.4966 -4.9079 16.1901
2 24 -6.25 0 -6.25 2.4952 0 -6.25
2 24 6.25 0 -4.3476 2.4952 0 -6.25
2 24 -3.0126 0 -9.6169 6.7439 0 -8.1034
2 24 2.4952 -5.25 -6.25 2.4952 0 -6.25
2 24 2.4952 -5.25 -6.25 -6.25 -5.25 -6.25
2 24 2.4952 0 -6.25 -6.25 0 -6.25
2 24 -6.25 -5.25 -6.25 -6.25 0 -6.25
2 24 2.4952 0 -6.25 2.4952 -5.25 -6.25
2 24 2.4952 0 -6.25 6.25 0 -4.3476
2 24 2.4952 -5.25 -6.25 6.25 -5.25 -4.3476
2 24 6.25 0 -4.3476 6.25 -5.25 -4.3476
2 24 50.2232 0 23.571 50.2232 -5.25 23.571
2 24 50.2232 0 23.571 53.903 0 28.7857
2 24 50.2232 -5.25 23.571 53.903 -5.25 28.7857
2 24 53.903 0 28.7857 53.903 -5.25 28.7857
2 24 56.5176 0 25.5544 59.9491 0 31.3001
2 24 53.903 -5.25 28.7857 51.632 -5.0857 34.2982
2 24 53.903 -5.25 28.7857 53.903 0 28.7857
2 24 53.903 0 28.7857 51.6788 0 34.8622
2 24 64.9252 -5.2463 43.1924 61.0947 -5.2464 34.2414
2 24 14.2647 -5.25 10.3268 14.2686 0 10.3773
2 24 14.2647 -5.25 10.3268 19.2179 -5.161 7.6611
2 24 14.2686 0 10.3773 19.6681 -0.0021 7.4474
2 24 19.6681 -0.0021 7.4474 14.2686 0 10.3773
2 24 14.2647 -5.25 10.3268 9.3002 -5.25 8.5802
2 24 14.2647 -5.25 10.3268 14.2686 0 10.3773
2 24 9.3002 -5.25 8.5802 9.2514 0 8.6127
2 24 14.2686 0 10.3773 9.2514 0 8.6127
2 24 19.543 -0.0516 10.3776 16.9498 -0.0869 11.5713
2 24 63.3014 -5.2461 50.7029 50.9477 -5.25 50.7475
2 24 63.3014 -5.2461 50.7029 63.3014 0.0039 50.7029
2 24 50.9477 -5.25 50.7475 50.9477 0 50.7475
2 24 63.3014 0.0039 50.7029 50.9477 0 50.7475
2 24 50.9477 0 50.7475 50.9477 -5.25 50.7475
2 24 50.9477 0 50.7475 49.7714 0 47.2611
2 24 50.9477 -5.25 50.7475 49.7714 -5.25 47.2611
2 24 49.7714 0 47.2611 49.7714 -5.25 47.2611
2 24 50.9477 0 50.7475 49.7714 0 47.2611
2 24 53.903 0 28.7857 51.6788 0 34.8622
2 24 25.8772 -5.2345 -1.2443 16.9607 -5.2345 -5.18
2 24 -2.4254 -48 5.6592 -15.8368 -48 -2.232
2 24 25.8772 -5.2345 -1.2443 16.9607 -5.2345 -5.18
2 24 64.9252 -5.2463 43.1924 61.0947 -5.2464 34.2414
2 24 26.5552 -48 46.7772 21.7568 -48 34.8518
2 24 28.661 0 0.0746 34.4456 0 3.4824
2 24 27.3315 -3.8164 -0.6962 27.2504 -1.4624 -0.746
2 24 60.787 -1.4864 32.7331 60.7663 -3.8785 32.7414
2 24 46.1225 0 18.6867 48.0098 0 20.8317
2 24 64.9252 -5.2463 43.1924 65.653 -4.8506 43.9733
2 24 68.0633 -4.8171 53.4491 65.653 -4.8506 43.9733
2 24 34.4456 0 3.4824 40.7515 0 8.1592
2 24 34.4456 -4.8181 3.4824 40.7515 -4.8181 8.1592
2 24 40.7515 0 8.1592 46.5685 0 13.4315
2 24 40.7515 -4.8181 8.1592 46.5685 -4.8181 13.4315
2 24 46.5685 0 13.4315 51.8408 0 19.2485
2 24 46.5685 -4.8181 13.4315 51.8408 -4.8181 19.2485
2 24 51.8408 0 19.2485 56.5176 0 25.5544
2 24 56.5176 -4.8181 25.5544 51.8408 -4.8181 19.2485
2 24 53.903 0 28.7857 50.2232 0 23.571
2 24 51.8408 0 19.2485 56.5176 0 25.5544
2 24 56.5176 0 25.5544 59.9491 0 31.3001
2 24 69.5406 0 61.4162 68.0688 0 53.4709
2 24 69.5407 -4.8181 61.4162 68.0633 -4.8171 53.4491
2 24 69.5406 0 61.4162 70.0202 0 70
2 24 69.5407 -4.8181 61.4162 70.0202 -4.8181 70
2 24 27.2504 -1.4624 -0.746 27.7128 -0.4197 -0.4829
2 24 60.787 -1.4864 32.7331 60.5188 -0.4265 32.2626
2 24 59.9491 0 31.3001 60.5188 -0.4265 32.2626
2 24 16.9607 -5.2345 -5.18 16.013 -4.8244 -5.6318
2 24 15.4737 -5.2345 -1.6604 14.4842 -4.8267 -2.0115
2 24 16.013 -4.8244 -5.6318 15.5536 -3.8117 -5.8101
2 24 14.4842 -4.8267 -2.0115 14.0094 -3.8176 -2.1572
2 24 27.3315 -3.8164 -0.6962 26.8788 -4.8267 -0.9132
2 24 34.4456 -4.8181 3.4824 26.8788 -4.8267 -0.9132
2 24 34.4456 -4.8181 3.4824 26.8788 -4.8267 -0.9132
2 24 25.8772 -5.2345 -1.2443 26.8788 -4.8267 -0.9132
2 24 56.5176 -4.8181 25.5544 60.9716 -4.853 33.1803
2 24 61.8887 -3.8754 45.9723 61.7196 -4.8491 45.5274
2 24 65.8139 -3.8733 44.4244 65.653 -4.8506 43.9733
2 24 65.653 -4.8506 43.9733 65.8139 -3.8733 44.4244
2 24 68.0633 -4.8171 53.4491 65.653 -4.8506 43.9733
2 24 61.3581 -5.243 44.5582 61.7196 -4.8491 45.5274
2 24 64.9252 -5.2463 43.1924 65.653 -4.8506 43.9733
2 24 37.018 0.0115 32.7843 32.4373 0 27.5905
2 24 6.7439 0 -8.1034 13.9693 0 -6.2749
2 24 6.7662 -4.8198 -8.1144 -3.0043 -4.8182 -9.613
2 24 6.7439 0 -8.1034 -3.0126 0 -9.6169
2 24 -47.3586 0 -10 -9.9907 0 -9.9974
2 24 9.2514 0 -3.5821 9.2514 0 8.6127
2 24 9.2514 0 -3.5821 9.298 -5.25 -3.5225
2 24 9.2514 0 8.6127 9.3002 -5.25 8.5802
2 24 9.298 -5.25 -3.5225 9.3002 -5.25 8.5802
2 24 9.3002 -5.25 8.5802 14.2647 -5.25 10.3268
2 24 56.5176 -4.8181 25.5544 60.9716 -4.853 33.1803
2 24 60.7663 -3.8785 32.7414 60.9716 -4.853 33.1803
2 24 61.3581 -5.243 44.5582 63.3014 -5.2461 50.7029
2 24 63.3014 -5.2461 50.7029 50.9477 -5.25 50.7475
2 24 49.7714 -5.25 47.2611 50.9477 -5.25 50.7475
2 24 61.7196 -4.8491 45.5274 61.3581 -5.243 44.5582
2 24 63.3014 -5.2461 50.7029 61.3581 -5.243 44.5582
2 24 61.7196 -4.8491 45.5274 61.8887 -3.8754 45.9723
2 24 51.6788 0 34.8622 48.3123 -0.3925 42.7993
2 24 48.3123 -0.3925 42.7993 44.6632 -0.3941 45.3129
2 24 45.091 0.0001 46.2465 44.6632 -0.3941 45.3129
2 24 51.632 -5.0857 34.2982 48.3866 -4.8561 41.8631
2 24 48.3866 -4.8561 41.8631 44.2645 -4.8534 44.3857
2 24 44.2645 -4.8534 44.3857 44.4659 -3.8774 44.8268
2 24 51.6788 0 34.8622 48.3123 -0.3925 42.7993
2 24 44.4758 -1.3696 44.8638 44.6632 -0.3941 45.3129
2 24 48.3123 -0.3925 42.7993 44.6632 -0.3941 45.3129
2 24 42.8832 -5.2566 31.1015 38.2797 -4.8514 34.3683
2 24 38.8719 -5.2455 35.1954 38.2797 -4.8514 34.3683
2 24 25.7091 -0.4232 4.2281 27.7128 -0.4197 -0.4829
2 24 27.7128 -0.4197 -0.4829 28.661 0 0.0746
2 24 27.3315 -3.8164 -0.6962 26.8788 -4.8267 -0.9132
2 24 24.7317 -4.8232 4.1814 26.8788 -4.8267 -0.9132
2 24 24.7317 -4.8232 4.1814 26.8788 -4.8267 -0.9132
2 24 25.8772 -5.2345 -1.2443 26.8788 -4.8267 -0.9132
2 24 30.1227 0 5.3922 24.3907 -0.0001 8.1265
2 24 25.7091 -0.4232 4.2281 27.7128 -0.4197 -0.4829
2 24 27.2504 -1.4624 -0.746 27.7128 -0.4197 -0.4829
2 24 19.6681 -0.0021 7.4474 23.4315 -0.2645 5.4418
2 24 27.3315 -3.8164 -0.6962 27.2504 -1.4624 -0.746
2 24 19.2179 -5.161 7.6611 22.5731 -4.9554 5.5437
2 24 19.2179 -5.161 7.6611 22.5731 -4.9554 5.5437
2 24 34.4456 0 3.4824 28.661 0 0.0746
2 24 15.5302 -1.468 -5.8391 15.5536 -3.8117 -5.8101
2 24 19.543 -0.0516 10.3776 16.9498 -0.0869 11.5713
2 24 17.7467 -4.8564 11.8275 15.5741 -4.858 15.7123
2 24 16.5039 -5.253 16.1724 15.5741 -4.858 15.7123
2 24 17.7467 -4.8564 11.8275 19.9928 -5.0034 10.6206
2 24 49.7714 -5.25 47.2611 54.5258 -4.8503 35.9309
2 24 61.0947 -5.2464 34.2414 60.9716 -4.853 33.1803
2 24 54.5258 -4.8503 35.9309 60.9716 -4.853 33.1803
2 24 54.5004 -0.4301 34.8572 49.7714 0 47.2611
2 24 54.5043 -1.4996 35.4274 54.5004 -0.4301 34.8572
2 24 60.787 -1.4864 32.7331 60.5188 -0.4265 32.2626
2 24 54.5004 -0.4301 34.8572 60.5188 -0.4265 32.2626
2 24 60.787 -1.4864 32.7331 60.7663 -3.8785 32.7414
2 24 49.7714 0 47.2611 49.7714 -5.25 47.2611
2 24 54.5004 -0.4301 34.8572 60.5188 -0.4265 32.2626
2 24 59.9491 0 31.3001 60.5188 -0.4265 32.2626
2 24 49.7714 -5.25 47.2611 54.5258 -4.8503 35.9309
2 24 60.7663 -3.8785 32.7414 60.9716 -4.853 33.1803
2 24 54.5258 -4.8503 35.9309 60.9716 -4.853 33.1803
2 24 -49.8183 -4.8181 -10 -49.8143 -2.4507 -10
2 24 -10.0375 -8 -6.25 -10.0375 0 -6.25
2 24 -47.3522 0 -6.25 -10.0375 0 -6.25
2 24 -47.3522 0 -6.25 -49.0869 -0.7167 -6.25
2 24 -49.0933 -0.7175 -10 -49.0869 -0.7167 -6.25
2 24 -47.3586 0 -10 -49.0933 -0.7175 -10
2 24 -47.3522 0 -6.25 -49.0869 -0.7167 -6.25
2 24 -49.0869 -0.7167 -6.25 -49.8097 -2.4488 -6.25
2 24 -49.8143 -2.4507 -10 -49.0933 -0.7175 -10
2 24 -49.8097 -2.4488 -6.25 -49.0869 -0.7167 -6.25
2 24 7.9556 -43.5 54.5195 10 -43.5 70
2 24 27.3283 -43.5 54.5566 29.0564 -43.5 70
2 24 -25.2807 -43.5 15.4303 -10.524 -43.5 24.9862
2 24 -17.5449 -43.5 -0.1106 1.5511 -43.5 11.2718
2 24 -10.524 -43.5 24.9862 0.8669 -43.5 38.4002
2 24 1.5511 -43.5 11.2718 16.5081 -43.5 28.6492
2 24 7.9556 -43.5 54.5195 0.8669 -43.5 38.4002
2 24 27.3283 -43.5 54.5566 16.5081 -43.5 28.6492
2 24 -50 -43.5 -6.25 -50 -43.5 0.651
2 24 -50 -43.5 -6.25 -35.774 -43.5 -5.5939
2 24 -50 -43.5 0.651 -50 -43.5 -6.25
2 24 -50 -48 0.651 -50 -48 -10
2 24 -17.5449 -43.5 -0.1106 -35.774 -43.5 -5.5939
2 24 -25.2807 -43.5 15.4303 -40.731 -43.5 10.7878
2 24 -40.731 -43.5 10.7878 -45.3635 -43.5 9.2333
2 24 -45.3635 -43.5 9.2333 -48.7955 -43.5 5.5734
2 24 -50 -43.5 0.651 -48.7955 -43.5 5.5734
2 24 7.9556 -48 54.5195 10 -48 70
2 24 7.9556 -43.5 54.5195 10 -43.5 70
2 24 -25.2807 -48 15.4303 -10.524 -48 24.9862
2 24 -25.2807 -43.5 15.4303 -10.524 -43.5 24.9862
2 24 -10.524 -48 24.9862 0.8669 -48 38.4002
2 24 -10.524 -43.5 24.9862 0.8669 -43.5 38.4002
2 24 7.9556 -48 54.5195 0.8669 -48 38.4002
2 24 7.9556 -43.5 54.5195 0.8669 -43.5 38.4002
2 24 -25.2807 -43.5 15.4303 -40.731 -43.5 10.7878
2 24 -25.2807 -48 15.4303 -40.731 -48 10.7878
2 24 -40.731 -48 10.7878 -45.3635 -48 9.2333
2 24 -40.731 -48 10.7878 -45.3635 -48 9.2333
2 24 -40.731 -43.5 10.7878 -45.3635 -43.5 9.2333
2 24 -45.3635 -48 9.2333 -48.7955 -48 5.5734
2 24 -45.3635 -43.5 9.2333 -48.7955 -43.5 5.5734
2 24 -45.3635 -48 9.2333 -48.7955 -48 5.5734
2 24 -50 -48 0.651 -48.7955 -48 5.5734
2 24 -50 -43.5 0.651 -48.7955 -43.5 5.5734
2 24 -50 -48 0.651 -48.7955 -48 5.5734
2 24 -47.3586 0 -10 -49.0933 -0.7175 -10
2 24 -50 -48 -10 -49.8183 -4.8181 -10
2 24 -9.9907 0 -9.9974 -3.0126 0 -9.6169
2 24 -49.0933 -0.7175 -10 -49.8143 -2.4507 -10
2 24 -0.5672 0 10.6382 6.6803 0 12.3123
2 24 2.2522 0 6.8448 6.25 0 7.7509
2 24 6.25 -5.25 7.8673 2.2522 -5.25 6.8472
2 24 6.25 -5.25 7.8673 6.25 0 7.7509
2 24 2.2522 -5.25 6.8472 2.2522 0 6.8448
2 24 6.25 0 7.7509 2.2522 0 6.8448
2 24 61.8887 -3.8754 45.9723 61.8817 -1.4905 45.9978
2 24 61.8887 -3.8754 45.9723 61.8817 -1.4905 45.9978
2 24 65.8139 -3.8733 44.4244 65.8113 -1.493 44.4375
2 24 65.8113 -1.493 44.4375 65.9671 -0.4296 44.9443
2 24 61.8817 -1.4905 45.9978 62.0426 -0.4259 46.5001
2 24 62.3958 0.0039 47.5664 62.0426 -0.4259 46.5001
2 24 62.0426 -0.4259 46.5001 62.3958 0.0039 47.5664
2 24 65.9671 -0.4296 44.9443 66.2968 -0.0013 46.0563
2 24 62.3958 0.0039 47.5664 63.3014 0.0039 50.7029
2 24 63.3014 -5.2461 50.7029 63.3014 0.0039 50.7029
2 24 15.4737 -5.2345 -1.6604 14.4842 -4.8267 -2.0115
2 24 9.298 -5.25 -3.5225 15.4737 -5.2345 -1.6604
2 24 14.0094 -3.8176 -2.1572 13.9611 -1.47 -2.176
2 24 15.5536 -3.8117 -5.8101 15.5302 -1.468 -5.8391
2 24 14.0094 -3.8176 -2.1572 13.9611 -1.47 -2.176
2 24 13.9611 -1.47 -2.176 13.4655 -0.4231 -2.3282
2 24 15.5302 -1.468 -5.8391 15.0324 -0.4225 -5.9938
2 24 13.9611 -1.47 -2.176 13.4655 -0.4231 -2.3282
2 24 13.4655 -0.4231 -2.3282 12.4178 0.0001 -2.6467
2 24 15.0324 -0.4225 -5.9938 13.9693 0 -6.2749
2 24 13.4655 -0.4231 -2.3282 12.4178 0.0001 -2.6467
2 24 9.298 -5.25 -3.5225 9.2514 0 -3.5821
2 24 12.4178 0.0001 -2.6467 9.2514 0 -3.5821
2 24 9.3002 -5.25 8.5802 9.298 -5.25 -3.5225
2 24 15.4737 -5.2345 -1.6604 9.298 -5.25 -3.5225
2 24 6.7439 0 -8.1034 13.9693 0 -6.2749
2 24 9.2514 0 -3.5821 12.4178 0.0001 -2.6467
2 24 -3.0126 0 -9.6169 -9.9907 0 -9.9974
2 24 -9.9927 -4.8181 -9.9766 -3.0043 -4.8182 -9.613
2 24 -49.8183 -4.8181 -10 -49.8143 -2.4507 -10
2 24 53.903 -5.25 28.7857 50.2232 -5.25 23.571
2 24 51.632 -5.0857 34.2982 53.903 -5.25 28.7857
2 24 42.8832 -5.2566 31.1015 50.2232 -5.25 23.571
2 24 42.8832 -5.2566 31.1015 50.2232 -5.25 23.571
2 24 50.2232 -5.25 23.571 50.2232 0 23.571
2 24 42.7972 0.0573 30.9913 50.2232 0 23.571
2 24 39.3395 0 29.4955 48.0098 0 20.8317
2 24 42.7972 0.0573 30.9913 50.2232 0 23.571
2 24 26.5552 -48 46.7772 28.3758 -48 54.6898
2 24 17.4566 -48 27.1786 21.7568 -48 34.8518
2 24 -49.8097 -2.4488 -6.25 -50 -43.5 -6.25
2 24 -49.8183 -4.8181 -10 -50 -48 -10
2 24 27.3283 -43.5 54.5566 29.0564 -43.5 70
2 24 59.9447 -8 53.7256 61.9135 -8 70
2 24 -35.774 -43.5 -5.5939 -17.5449 -43.5 -0.1106
2 24 -2.3144 -8 -5.3048 11.5577 -8 -1.787
2 24 -35.774 -43.5 -5.5939 -50 -43.5 -6.25
2 24 -10.0375 -8 -6.25 -2.3144 -8 -5.3048
2 24 11.5577 -8 -1.787 24.39 -8 3.9668
2 24 -17.5449 -43.5 -0.1106 1.5511 -43.5 11.2718
2 24 24.39 -8 3.9668 36.477 -8 13.0202
2 24 1.5511 -43.5 11.2718 16.5081 -43.5 28.6492
2 24 36.477 -8 13.0202 46.4442 -8 23.6562
2 24 46.4442 -8 23.6562 53.9438 -8 36.1415
2 24 27.3283 -43.5 54.5566 16.5081 -43.5 28.6492
2 24 59.9447 -8 53.7256 53.9438 -8 36.1415
2 24 15.1264 -3.8825 15.5225 15.1159 -1.3696 15.4863
2 24 16.5039 -5.253 16.1724 24.1351 -5.2526 20.656
2 24 17.7467 -4.8564 11.8275 15.5741 -4.858 15.7123
2 24 15.1264 -3.8825 15.5225 15.5741 -4.858 15.7123
2 24 17.7467 -4.8564 11.8275 19.9928 -5.0034 10.6206
2 24 28.4665 -4.8574 17.1434 29.4966 -4.9079 16.1901
2 24 29.4966 -4.9079 16.1901 28.4665 -4.8574 17.1434
2 24 29.8571 -0.0398 16.6096 28.8817 -0.0621 17.6676
2 24 29.8571 -0.0398 16.6096 28.8817 -0.0621 17.6676
2 24 19.9928 -5.0034 10.6206 24.5904 -5.2352 8.1859
2 24 24.5904 -5.2352 8.1859 19.9928 -5.0034 10.6206
2 24 24.3907 -0.0001 8.1265 19.543 -0.0516 10.3776
2 24 52.7691 0 58.5001 53.75 0 58.5
2 24 53.2486 0 61.523 53.749 0 61.4912
2 24 53.75 0 58.5 53.749 0 61.4912
2 24 53.2486 0 61.523 53.2486 -5.25 61.523
2 24 53.2486 0 61.523 53.749 0 61.4912
2 24 53.2486 -5.25 61.523 53.749 -5.25 61.4912
2 24 53.749 0 61.4912 53.749 -5.25 61.4912
2 24 53.75 -5.25 58.5 52.7691 -5.25 58.5001
2 24 53.75 -5.25 58.5 53.75 0 58.5
2 24 52.7691 -5.25 58.5001 52.7691 0 58.5001
2 24 53.75 0 58.5 52.7691 0 58.5001
2 24 6.6803 -8 12.3123 13.6831 -8.0002 14.8675
2 24 6.6803 0 12.3123 13.7249 0 14.9
2 24 25.3576 -3.8804 21.5328 25.3912 -1.3707 21.5463
2 24 32.4373 0 27.5905 26.5804 0.0006 22.4515
2 24 32.4373 0 27.5905 26.5804 0.0006 22.4515
2 24 24.1351 -5.2526 20.656 24.9675 -4.8574 21.247
2 24 28.4665 -4.8574 17.1434 24.9675 -4.8574 21.247
2 24 28.4665 -4.8574 17.1434 24.9675 -4.8574 21.247
2 24 25.3576 -3.8804 21.5328 24.9675 -4.8574 21.247
2 24 25.3576 -3.8804 21.5328 25.3912 -1.3707 21.5463
2 24 25.3912 -1.3707 21.5463 25.779 -0.3944 21.8312
2 24 28.8817 -0.0621 17.6676 25.779 -0.3944 21.8312
2 24 28.8817 -0.0621 17.6676 25.779 -0.3944 21.8312
2 24 26.5804 0.0006 22.4515 25.779 -0.3944 21.8312
2 24 25.3912 -1.3707 21.5463 25.779 -0.3944 21.8312
2 24 26.5804 0.0006 22.4515 25.779 -0.3944 21.8312
2 24 43.8153 -5.2499 43.4745 44.2645 -4.8534 44.3857
2 24 48.3866 -4.8561 41.8631 44.2645 -4.8534 44.3857
2 24 44.4659 -3.8774 44.8268 44.4758 -1.3696 44.8638
2 24 51.632 -5.0857 34.2982 48.3866 -4.8561 41.8631
2 24 19.6681 -0.0021 7.4474 23.4315 -0.2645 5.4418
2 24 14.4842 -4.8267 -2.0115 14.0094 -3.8176 -2.1572
2 24 25.7091 -0.4232 4.2281 23.4315 -0.2645 5.4418
2 24 25.7091 -0.4232 4.2281 23.4315 -0.2645 5.4418
2 24 24.7317 -4.8232 4.1814 22.5731 -4.9554 5.5437
2 24 24.7317 -4.8232 4.1814 22.5731 -4.9554 5.5437
2 24 14.2647 -5.25 10.3268 19.2179 -5.161 7.6611
2 24 15.5741 -4.858 15.7123 15.1264 -3.8825 15.5225
2 24 15.1159 -1.3696 15.4863 14.6691 -0.3942 15.2963
2 24 16.9498 -0.0869 11.5713 14.6691 -0.3942 15.2963
2 24 13.7249 0 14.9 14.6691 -0.3942 15.2963
2 24 16.9498 -0.0869 11.5713 14.6691 -0.3942 15.2963
2 24 6.6803 0 12.3123 13.7249 0 14.9
2 24 15.1264 -3.8825 15.5225 15.1159 -1.3696 15.4863
2 24 13.7249 0 14.9 14.6691 -0.3942 15.2963
2 24 15.1159 -1.3696 15.4863 14.6691 -0.3942 15.2963
2 24 68.0688 0 53.4709 66.2968 -0.0013 46.0563
2 24 68.0688 0 53.4709 66.2968 -0.0013 46.0563
2 24 65.8139 -3.8733 44.4244 65.8113 -1.493 44.4375
2 24 66.2968 -0.0013 46.0563 65.9671 -0.4296 44.9443
2 24 53.749 -5.25 61.4912 53.75 -5.25 58.5
2 24 66.25 -5.25 61.4553 65.993 -5.2461 53.7509
2 24 9.2514 0 8.6127 14.2686 0 10.3773
2 24 61.0947 -5.2464 34.2414 60.9716 -4.853 33.1803
2 24 17.4566 -48 27.1786 21.7568 -48 34.8518
2 24 28.3758 -48 54.6898 26.5552 -48 46.7772
2 24 41.4204 -5.25 39.1108 43.8153 -5.2499 43.4745
2 24 49.7714 0 47.2611 54.5004 -0.4301 34.8572
2 24 6.7662 -4.8198 -8.1144 16.013 -4.8244 -5.6318
2 24 15.5536 -3.8117 -5.8101 16.013 -4.8244 -5.6318
2 24 6.7662 -4.8198 -8.1144 16.013 -4.8244 -5.6318
2 24 15.5302 -1.468 -5.8391 15.0324 -0.4225 -5.9938
2 24 13.9693 0 -6.2749 15.0324 -0.4225 -5.9938
2 24 28.661 0 0.0746 27.7128 -0.4197 -0.4829
2 24 24.9675 -4.8574 21.247 25.3576 -3.8804 21.5328
2 24 38.2797 -4.8514 34.3683 37.9929 -3.8759 33.9794
2 24 16.9607 -5.2345 -5.18 16.013 -4.8244 -5.6318
2 24 -30.587 -48 -7.458 -15.8368 -48 -2.232
2 24 2.2522 -5.25 6.25 -1.2615 -5.25 6.25
2 24 -3.5189 -5.25 2.9768 -1.2615 -5.25 6.25
2 24 -49.8097 -2.4488 -6.25 -50 -43.5 -6.25
2 24 63.3014 0.0039 50.7029 62.3958 0.0039 47.5664
2 24 39.1743 0 11.9896 30.504 0 20.6534
2 24 36.4367 0 9.7741 29.8571 -0.0398 16.6096
2 24 19.543 -0.0516 10.3776 24.3907 -0.0001 8.1265
2 24 65.8113 -1.493 44.4375 65.9671 -0.4296 44.9443
2 24 61.8817 -1.4905 45.9978 62.0426 -0.4259 46.5001
2 24 24.5904 -5.2352 8.1859 30.1227 -5.25 5.3922
2 24 30.1227 -5.25 5.3922 36.4367 -5.25 9.7741
2 24 29.4966 -4.9079 16.1901 36.4367 -5.25 9.7741
2 24 -50 -48 150 -50 -48 139.349
2 24 -50 -48 150 -42.4516 -48 149.5054
2 24 -3.0043 -4.8182 149.613 -9.9927 -4.8181 149.9765
2 24 -42.4516 -48 149.5054 -50 -48 150
2 24 10 -48 70 7.9556 -48 85.4805
2 24 30.0424 -48 70 29.6148 -48 77.8414
2 24 -3.0043 -4.8182 149.613 6.7662 -4.8198 148.1144
2 24 -42.4516 -48 149.5054 -30.587 -48 147.4579
2 24 -42.4516 -48 149.5054 -30.587 -48 147.4579
2 24 -40.731 -48 129.2122 -25.2807 -48 124.5697
2 24 -30.587 -48 147.4579 -15.8368 -48 142.232
2 24 -15.8368 -48 142.232 -2.4254 -48 134.3408
2 24 -25.2807 -48 124.5697 -10.524 -48 115.0138
2 24 -2.4254 -48 134.3408 9.2047 -48 123.66
2 24 -10.524 -48 115.0138 0.8669 -48 101.5998
2 24 9.2047 -48 123.66 17.4566 -48 112.8214
2 24 26.5552 -48 93.2228 21.7568 -48 105.1482
2 24 7.9556 -48 85.4805 0.8669 -48 101.5998
2 24 29.6148 -48 77.8414 28.3758 -48 85.3102
2 24 40.7515 -4.8181 131.8408 34.4456 -4.8181 136.5176
2 24 -2.4254 -48 134.3408 9.2047 -48 123.66
2 24 40.7515 -4.8181 131.8408 46.5685 -4.8181 126.5685
2 24 46.5685 -4.8181 126.5685 51.8408 -4.8181 120.7515
2 24 9.2047 -48 123.66 17.4566 -48 112.8214
2 24 51.8408 -4.8181 120.7515 56.5176 -4.8181 114.4456
2 24 28.3758 -48 85.3102 29.6148 -48 77.8414
2 24 68.0633 -4.8171 86.5509 69.5407 -4.8181 78.5838
2 24 30.0424 -48 70 29.6148 -48 77.8414
2 24 70.0202 -4.8181 70 69.5407 -4.8181 78.5838
2 24 11.5577 -8 141.787 24.39 -8 136.0332
2 24 13.6831 -8.0002 125.1325 19.8522 -8.0002 121.9173
2 24 13.6831 -8.0002 125.1325 6.6803 -8 127.6877
2 24 19.8522 -8.0002 121.9173 32.4373 -8 112.4095
2 24 36.477 -8 126.9798 46.4442 -8 116.3438
2 24 32.4373 -8 112.4095 41.4204 -8 100.8892
2 24 46.4442 -8 116.3438 53.9438 -8 103.8585
2 24 41.4204 -8 100.8892 47.0998 -8 88.2875
2 24 53.9438 -8 103.8585 59.9447 -8 86.2744
2 24 61.9135 -8 70 59.9447 -8 86.2744
2 24 49.9994 -8 70 49.4877 -8 77.0721
2 24 51.7811 -5.25 86.2628 51.7811 0 86.2628
2 24 51.7811 -5.25 86.2628 65.993 -5.2461 86.2491
2 24 51.7811 0 86.2628 66.25 0 86.25
2 24 65.993 -5.2461 86.2491 66.25 0 86.25
2 24 6.25 -5.25 132.1327 6.25 -5.25 144.3475
2 24 6.25 -5.25 132.1327 6.25 0 132.249
2 24 6.25 -5.25 144.3475 6.25 0 144.3475
2 24 6.25 0 132.249 6.25 0 144.3475
2 24 2.2522 0 133.75 2.2522 0 133.1552
2 24 2.2522 0 133.75 -1.2615 0 133.75
2 24 -1.2615 0 133.75 -0.5672 0 129.3618
2 24 -0.5672 -8 129.3618 -0.5672 0 129.3618
2 24 -1.2615 -5.25 133.75 -1.2615 0 133.75
2 24 -0.5672 0 129.3618 -1.2615 0 133.75
2 24 -1.2615 -5.25 133.75 2.2522 -5.25 133.75
2 24 -1.2615 -5.25 133.75 -1.2615 0 133.75
2 24 2.2522 -5.25 133.75 2.2522 0 133.75
2 24 -1.2615 0 133.75 2.2522 0 133.75
2 24 -6.25 0 146.25 -6.25 -5.25 146.25
2 24 -6.25 0 146.25 -6.25 0 138.8248
2 24 -6.25 -5.25 146.25 -6.25 -5.25 138.8248
2 24 -6.25 0 138.8248 -6.25 -5.25 138.8248
2 24 65.993 -5.2461 86.2491 66.25 0 86.25
2 24 65.993 -5.2461 86.2491 66.25 -5.25 78.5447
2 24 66.25 0 86.25 66.25 0 78.5447
2 24 53.2486 -5.25 78.477 53.749 -5.25 78.5088
2 24 53.8064 -5.25 70 53.2486 -5.25 78.477
2 24 53.8064 0 70 53.2486 0 78.477
2 24 53.2486 0 78.477 53.2486 -5.25 78.477
2 24 53.8064 -5.25 70 53.2486 -5.25 78.477
2 24 2.4952 -5.25 146.25 6.25 -5.25 144.3475
2 24 2.4952 -5.25 146.25 -6.25 -5.25 146.25
2 24 -3.5189 -5.25 137.0232 -6.25 -5.25 138.8248
2 24 -6.25 -5.25 146.25 -6.25 -5.25 138.8248
2 24 32.4373 -8 112.4095 41.4204 -8 100.8892
2 24 38.8719 -5.2455 104.8046 41.4204 -5.25 100.8892
2 24 -9.9907 0 149.9974 -47.3586 0 150
2 24 -10.0375 0 146.25 -47.3522 0 146.25
2 24 -10.0375 0 146.25 -10.0375 0 139.6125
2 24 -10.0375 0 146.25 -10.0375 -8 146.25
2 24 -10.0375 0 139.6125 -10.0375 -8 139.6125
2 24 -10.0375 -8 146.25 -10.0375 -8 139.6125
2 24 -6.25 0 138.8248 -10.0375 0 139.6125
2 24 -6.25 0 138.8248 -6.25 0 146.25
2 24 -10.0375 0 146.25 -10.0375 0 139.6125
2 24 -2.3144 -8 145.3048 -10.0375 -8 146.25
2 24 -10.0375 -8 139.6125 -10.0375 -8 146.25
2 24 66.25 0 70 66.25 0 78.5447
2 24 70.0202 0 70 69.5406 0 78.5838
2 24 51.7811 0 86.2628 52.7691 0 81.4999
2 24 47.0998 0 88.2875 49.4877 0 77.0721
2 24 53.8064 0 70 53.2486 0 78.477
2 24 49.9994 0 70 49.4877 0 77.0721
2 24 -0.5672 -8 129.3618 -0.5672 0 129.3618
2 24 -0.5672 -8 129.3618 6.6803 -8 127.6877
2 24 -0.5672 0 129.3618 6.6803 0 127.6877
2 24 6.25 0 132.249 6.25 0 144.3475
2 24 9.2514 0 131.3873 9.2514 0 143.5821
2 24 -10.0375 -8 139.6125 -10.0375 0 139.6125
2 24 -10.0375 0 139.6125 -6.25 0 138.8248
2 24 -6.25 -5.25 138.8248 -6.25 0 138.8248
2 24 66.25 0 70 66.25 0 78.5447
2 24 66.25 -5.25 70 66.25 -5.25 78.5447
2 24 66.25 -5.25 70 66.25 -5.25 78.5447
2 24 52.7691 -5.25 81.4999 51.7811 -5.25 86.2628
2 24 52.7691 -5.25 81.4999 53.75 -5.25 81.5
2 24 51.7811 -5.25 86.2628 65.993 -5.2461 86.2491
2 24 52.7691 0 81.4999 51.7811 0 86.2628
2 24 52.7691 0 81.4999 52.7691 -5.25 81.4999
2 24 51.7811 0 86.2628 51.7811 -5.25 86.2628
2 24 52.7691 -5.25 81.4999 51.7811 -5.25 86.2628
2 24 53.749 -5.25 78.5088 53.749 0 78.5088
2 24 53.749 -5.25 78.5088 53.75 -5.25 81.5
2 24 53.749 0 78.5088 53.75 0 81.5
2 24 53.75 -5.25 81.5 53.75 0 81.5
2 24 11.5577 -8 141.787 -2.3144 -8 145.3048
2 24 -3.5189 -8 137.0232 -0.5672 -8 129.3618
2 24 -0.5672 -8 129.3618 -3.5189 -8 137.0232
2 24 -1.2615 -5.25 133.75 -3.5189 -5.25 137.0232
2 24 -10.0375 -8 139.6125 -3.5189 -8 137.0232
2 24 -6.25 -5.25 138.8248 -3.5189 -5.25 137.0232
2 24 -10.0375 -8 139.6125 -3.5189 -8 137.0232
2 24 6.6803 -8 127.6877 -0.5672 -8 129.3618
2 24 32.4373 -8 112.4095 19.8522 -8.0002 121.9173
2 24 24.9675 -4.8574 118.753 24.1351 -5.2526 119.344
2 24 43.8153 -5.2499 96.5255 44.2645 -4.8534 95.6143
2 24 38.8719 -5.2455 104.8046 38.2797 -4.8514 105.6317
2 24 47.0998 -8 88.2875 49.4877 -8 77.0721
2 24 47.0998 0 88.2875 49.4877 0 77.0721
2 24 47.0998 -8 88.2875 49.4877 -8 77.0721
2 24 49.9994 -8 70 49.4877 -8 77.0721
2 24 49.9994 0 70 49.4877 0 77.0721
2 24 41.4204 -5.25 100.8892 43.8153 -5.2499 96.5255
2 24 41.4204 -8 100.8892 47.0998 -8 88.2875
2 24 50.9477 0 89.2525 63.3014 0.0039 89.2971
2 24 51.7811 0 86.2628 66.25 0 86.25
2 24 69.5406 0 78.5838 68.0688 0 86.5291
2 24 66.25 0 78.5447 66.25 0 86.25
2 24 2.2522 -5.25 133.75 2.2522 -5.25 133.1528
2 24 2.2522 -5.25 133.75 2.2522 0 133.75
2 24 2.2522 -5.25 133.1528 2.2522 0 133.1552
2 24 2.2522 0 133.75 2.2522 0 133.1552
2 24 2.2522 -5.25 133.1528 2.2522 -5.25 133.75
2 24 2.2522 -5.25 133.1528 6.25 -5.25 132.1327
2 24 6.25 -5.25 144.3475 6.25 -5.25 132.1327
2 24 44.4758 -1.3696 95.1362 44.4659 -3.8774 95.1732
2 24 42.8832 -5.2566 108.8985 38.2797 -4.8514 105.6317
2 24 37.9929 -3.8759 106.0206 38.2797 -4.8514 105.6317
2 24 37.018 0.0115 107.2157 32.4373 0 112.4095
2 24 41.4204 -5.25 100.8892 38.8719 -5.2455 104.8046
2 24 44.2645 -4.8534 95.6143 44.4659 -3.8774 95.1732
2 24 47.0998 0 88.2875 45.091 0.0001 93.7535
2 24 47.0998 0 88.2875 45.091 0.0001 93.7535
2 24 44.4758 -1.3696 95.1362 44.6632 -0.3941 94.6871
2 24 45.091 0.0001 93.7535 44.6632 -0.3941 94.6871
2 24 37.9929 -3.8759 106.0206 37.9693 -1.3582 106.0427
2 24 37.9929 -3.8759 106.0206 37.9693 -1.3582 106.0427
2 24 37.6646 -0.3827 106.4211 42.7972 0.0573 109.0087
2 24 37.9693 -1.3582 106.0427 37.6646 -0.3827 106.4211
2 24 37.9693 -1.3582 106.0427 37.6646 -0.3827 106.4211
2 24 37.6646 -0.3827 106.4211 37.018 0.0115 107.2157
2 24 42.7972 0.0573 109.0087 37.6646 -0.3827 106.4211
2 24 37.018 0.0115 107.2157 37.6646 -0.3827 106.4211
2 24 19.8522 -8.0002 121.9173 13.6831 -8.0002 125.1325
2 24 16.5039 -5.253 123.8276 15.5741 -4.858 124.2877
2 24 24.39 -8 136.0332 36.477 -8 126.9798
2 24 24.1351 -5.2526 119.344 16.5039 -5.253 123.8276
2 24 39.3395 0 110.5045 35.1632 0 115.1231
2 24 30.504 -5.25 119.3466 30.504 0 119.3466
2 24 30.504 -5.25 119.3466 39.1743 -5.25 128.0104
2 24 30.504 0 119.3466 39.1743 0 128.0104
2 24 39.1743 -5.25 128.0104 39.1743 0 128.0104
2 24 39.1743 0 128.0104 41.2758 0 126.16
2 24 48.0098 0 119.1683 39.3395 0 110.5045
2 24 48.0098 0 119.1683 48.0098 -5.25 119.1683
2 24 39.3395 0 110.5045 39.3395 -5.25 110.5045
2 24 48.0098 -5.25 119.1683 39.3395 -5.25 110.5045
2 24 48.0098 -5.25 119.1683 39.3395 -5.25 110.5045
2 24 46.1225 -5.25 121.3133 48.0098 -5.25 119.1683
2 24 39.1743 0 128.0104 41.2758 0 126.16
2 24 39.1743 0 128.0104 39.1743 -5.25 128.0104
2 24 39.1743 -5.25 128.0104 41.2758 -5.25 126.16
2 24 39.1743 -5.25 128.0104 41.2758 -5.25 126.16
2 24 30.504 -5.25 119.3466 39.1743 -5.25 128.0104
2 24 48.0098 0 119.1683 48.0098 -5.25 119.1683
2 24 48.0098 0 119.1683 46.1225 0 121.3133
2 24 48.0098 -5.25 119.1683 46.1225 -5.25 121.3133
2 24 46.1225 -5.25 121.3133 44.4063 -5.25 124.4438
2 24 46.1225 0 121.3133 44.4063 0 124.4438
2 24 51.8408 0 120.7515 46.5685 0 126.5685
2 24 46.1225 0 121.3133 44.4063 0 124.4438
2 24 35.1632 0 115.1231 39.3395 0 110.5045
2 24 35.1632 -5.25 115.1231 39.3395 -5.25 110.5045
2 24 39.3395 0 110.5045 39.3395 -5.25 110.5045
2 24 35.1632 0 115.1231 30.504 0 119.3466
2 24 30.504 0 119.3466 30.504 -5.25 119.3466
2 24 35.1632 0 115.1231 30.504 0 119.3466
2 24 35.1632 -5.25 115.1231 30.504 -5.25 119.3466
2 24 41.2758 0 126.16 44.4063 0 124.4438
2 24 41.2758 -5.25 126.16 44.4063 -5.25 124.4438
2 24 40.7515 0 131.8408 46.5685 0 126.5685
2 24 41.2758 0 126.16 44.4063 0 124.4438
2 24 46.1225 -5.25 121.3133 44.4063 -5.25 124.4438
2 24 39.3395 -5.25 110.5045 35.1632 -5.25 115.1231
2 24 30.504 -5.25 119.3466 35.1632 -5.25 115.1231
2 24 41.2758 -5.25 126.16 44.4063 -5.25 124.4438
2 24 40.7515 0 131.8408 34.4456 0 136.5176
2 24 36.4367 0 130.2258 30.1227 0 134.6078
2 24 29.8571 -0.0398 123.3904 36.4367 0 130.2258
2 24 36.4367 0 130.2258 36.4367 -5.25 130.2258
2 24 36.4367 0 130.2258 36.4367 -5.25 130.2258
2 24 36.4367 0 130.2258 30.1227 0 134.6078
2 24 36.4367 -5.25 130.2258 30.1227 -5.25 134.6078
2 24 30.1227 0 134.6078 30.1227 -5.25 134.6078
2 24 30.1227 -5.25 134.6078 24.5904 -5.2352 131.8141
2 24 30.1227 -5.25 134.6078 30.1227 0 134.6078
2 24 30.1227 0 134.6078 24.3907 -0.0001 131.8735
2 24 36.4367 -5.25 130.2258 29.4966 -4.9079 123.8099
2 24 -6.25 0 146.25 2.4952 0 146.25
2 24 -3.0126 0 149.6169 6.7439 0 148.1033
2 24 6.25 0 144.3475 2.4952 0 146.25
2 24 2.4952 -5.25 146.25 -6.25 -5.25 146.25
2 24 2.4952 -5.25 146.25 2.4952 0 146.25
2 24 -6.25 -5.25 146.25 -6.25 0 146.25
2 24 2.4952 0 146.25 -6.25 0 146.25
2 24 2.4952 0 146.25 6.25 0 144.3475
2 24 2.4952 0 146.25 2.4952 -5.25 146.25
2 24 6.25 0 144.3475 6.25 -5.25 144.3475
2 24 2.4952 -5.25 146.25 6.25 -5.25 144.3475
2 24 50.2232 0 116.429 53.903 0 111.2143
2 24 50.2232 0 116.429 50.2232 -5.25 116.429
2 24 53.903 0 111.2143 53.903 -5.25 111.2143
2 24 50.2232 -5.25 116.429 53.903 -5.25 111.2143
2 24 59.9491 0 108.6999 56.5176 0 114.4456
2 24 51.6788 0 105.1378 53.903 0 111.2143
2 24 51.632 -5.0857 105.7018 53.903 -5.25 111.2143
2 24 53.903 0 111.2143 53.903 -5.25 111.2143
2 24 61.0947 -5.2464 105.7586 64.9252 -5.2463 96.8076
2 24 14.2647 -5.25 129.6732 19.2179 -5.161 132.3389
2 24 14.2647 -5.25 129.6732 14.2686 0 129.6227
2 24 14.2686 0 129.6227 19.6681 -0.0021 132.5526
2 24 19.6681 -0.0021 132.5526 14.2686 0 129.6227
2 24 9.2514 0 131.3873 9.3002 -5.25 131.4198
2 24 9.2514 0 131.3873 14.2686 0 129.6227
2 24 9.3002 -5.25 131.4198 14.2647 -5.25 129.6732
2 24 14.2686 0 129.6227 14.2647 -5.25 129.6732
2 24 19.543 -0.0516 129.6224 16.9498 -0.0869 128.4287
2 24 63.3014 -5.2461 89.2971 63.3014 0.0039 89.2971
2 24 63.3014 -5.2461 89.2971 50.9477 -5.25 89.2525
2 24 63.3014 0.0039 89.2971 50.9477 0 89.2525
2 24 50.9477 -5.25 89.2525 50.9477 0 89.2525
2 24 50.9477 0 89.2525 49.7714 0 92.7389
2 24 50.9477 0 89.2525 50.9477 -5.25 89.2525
2 24 49.7714 0 92.7389 49.7714 -5.25 92.7389
2 24 50.9477 -5.25 89.2525 49.7714 -5.25 92.7389
2 24 50.9477 0 89.2525 49.7714 0 92.7389
2 24 53.903 0 111.2143 51.6788 0 105.1378
2 24 25.8772 -5.2345 141.2442 16.9607 -5.2345 145.18
2 24 -2.4254 -48 134.3408 -15.8368 -48 142.232
2 24 16.9607 -5.2345 145.18 25.8772 -5.2345 141.2442
2 24 21.7568 -48 105.1482 26.5552 -48 93.2228
2 24 61.0947 -5.2464 105.7586 64.9252 -5.2463 96.8076
2 24 28.661 0 139.9254 34.4456 0 136.5176
2 24 27.3315 -3.8164 140.6962 27.2504 -1.4624 140.746
2 24 60.7663 -3.8785 107.2586 60.787 -1.4864 107.2669
2 24 46.1225 0 121.3133 48.0098 0 119.1683
2 24 64.9252 -5.2463 96.8076 65.653 -4.8506 96.0268
2 24 68.0633 -4.8171 86.5509 65.653 -4.8506 96.0268
2 24 34.4456 0 136.5176 40.7515 0 131.8408
2 24 34.4456 -4.8181 136.5176 40.7515 -4.8181 131.8408
2 24 40.7515 0 131.8408 46.5685 0 126.5685
2 24 40.7515 -4.8181 131.8408 46.5685 -4.8181 126.5685
2 24 46.5685 0 126.5685 51.8408 0 120.7515
2 24 46.5685 -4.8181 126.5685 51.8408 -4.8181 120.7515
2 24 51.8408 0 120.7515 56.5176 0 114.4456
2 24 56.5176 -4.8181 114.4456 51.8408 -4.8181 120.7515
2 24 53.903 0 111.2143 50.2232 0 116.429
2 24 51.8408 0 120.7515 56.5176 0 114.4456
2 24 56.5176 0 114.4456 59.9491 0 108.6999
2 24 68.0633 -4.8171 86.5509 69.5407 -4.8181 78.5838
2 24 68.0688 0 86.5291 69.5406 0 78.5838
2 24 70.0202 0 70 69.5406 0 78.5838
2 24 70.0202 -4.8181 70 69.5407 -4.8181 78.5838
2 24 27.2504 -1.4624 140.746 27.7128 -0.4197 140.4829
2 24 60.787 -1.4864 107.2669 60.5188 -0.4265 107.7374
2 24 59.9491 0 108.6999 60.5188 -0.4265 107.7374
2 24 16.9607 -5.2345 145.18 16.013 -4.8244 145.6318
2 24 15.4737 -5.2345 141.6604 14.4842 -4.8267 142.0114
2 24 14.4842 -4.8267 142.0114 14.0094 -3.8176 142.1572
2 24 16.013 -4.8244 145.6318 15.5536 -3.8117 145.8101
2 24 27.3315 -3.8164 140.6962 26.8788 -4.8267 140.9132
2 24 34.4456 -4.8181 136.5176 26.8788 -4.8267 140.9132
2 24 34.4456 -4.8181 136.5176 26.8788 -4.8267 140.9132
2 24 25.8772 -5.2345 141.2442 26.8788 -4.8267 140.9132
2 24 56.5176 -4.8181 114.4456 60.9716 -4.853 106.8197
2 24 65.653 -4.8506 96.0268 65.8139 -3.8733 95.5756
2 24 61.7196 -4.8491 94.4726 61.8887 -3.8754 94.0277
2 24 68.0633 -4.8171 86.5509 65.653 -4.8506 96.0268
2 24 65.653 -4.8506 96.0268 65.8139 -3.8733 95.5756
2 24 61.3581 -5.243 95.4418 61.7196 -4.8491 94.4726
2 24 64.9252 -5.2463 96.8076 65.653 -4.8506 96.0268
2 24 37.018 0.0115 107.2157 32.4373 0 112.4095
2 24 13.9693 0 146.2749 6.7439 0 148.1033
2 24 6.7662 -4.8198 148.1144 -3.0043 -4.8182 149.613
2 24 6.7439 0 148.1033 -3.0126 0 149.6169
2 24 -9.9907 0 149.9974 -47.3586 0 150
2 24 9.2514 0 143.5821 9.298 -5.25 143.5225
2 24 9.2514 0 143.5821 9.2514 0 131.3873
2 24 9.298 -5.25 143.5225 9.3002 -5.25 131.4198
2 24 9.2514 0 131.3873 9.3002 -5.25 131.4198
2 24 14.2647 -5.25 129.6732 9.3002 -5.25 131.4198
2 24 60.7663 -3.8785 107.2586 60.9716 -4.853 106.8197
2 24 56.5176 -4.8181 114.4456 60.9716 -4.853 106.8197
2 24 63.3014 -5.2461 89.2971 50.9477 -5.25 89.2525
2 24 61.3581 -5.243 95.4418 63.3014 -5.2461 89.2971
2 24 49.7714 -5.25 92.7389 50.9477 -5.25 89.2525
2 24 61.3581 -5.243 95.4418 61.7196 -4.8491 94.4726
2 24 63.3014 -5.2461 89.2971 61.3581 -5.243 95.4418
2 24 61.7196 -4.8491 94.4726 61.8887 -3.8754 94.0277
2 24 51.6788 0 105.1378 48.3123 -0.3925 97.2007
2 24 45.091 0.0001 93.7535 44.6632 -0.3941 94.6871
2 24 48.3123 -0.3925 97.2007 44.6632 -0.3941 94.6871
2 24 51.632 -5.0857 105.7018 48.3866 -4.8561 98.1369
2 24 44.4659 -3.8774 95.1732 44.2645 -4.8534 95.6143
2 24 48.3866 -4.8561 98.1369 44.2645 -4.8534 95.6143
2 24 51.6788 0 105.1378 48.3123 -0.3925 97.2007
2 24 44.6632 -0.3941 94.6871 44.4758 -1.3696 95.1362
2 24 48.3123 -0.3925 97.2007 44.6632 -0.3941 94.6871
2 24 42.8832 -5.2566 108.8985 38.2797 -4.8514 105.6317
2 24 38.8719 -5.2455 104.8046 38.2797 -4.8514 105.6317
2 24 25.7091 -0.4232 135.7719 27.7128 -0.4197 140.4829
2 24 27.7128 -0.4197 140.4829 28.661 0 139.9254
2 24 26.8788 -4.8267 140.9132 27.3315 -3.8164 140.6962
2 24 26.8788 -4.8267 140.9132 24.7317 -4.8232 135.8186
2 24 25.8772 -5.2345 141.2442 26.8788 -4.8267 140.9132
2 24 26.8788 -4.8267 140.9132 24.7317 -4.8232 135.8186
2 24 30.1227 0 134.6078 24.3907 -0.0001 131.8735
2 24 27.2504 -1.4624 140.746 27.7128 -0.4197 140.4829
2 24 25.7091 -0.4232 135.7719 27.7128 -0.4197 140.4829
2 24 19.6681 -0.0021 132.5526 23.4315 -0.2645 134.5582
2 24 27.3315 -3.8164 140.6962 27.2504 -1.4624 140.746
2 24 19.2179 -5.161 132.3389 22.5731 -4.9554 134.4563
2 24 19.2179 -5.161 132.3389 22.5731 -4.9554 134.4563
2 24 34.4456 0 136.5176 28.661 0 139.9254
2 24 15.5536 -3.8117 145.8101 15.5302 -1.468 145.8391
2 24 19.543 -0.0516 129.6224 16.9498 -0.0869 128.4287
2 24 16.5039 -5.253 123.8276 15.5741 -4.858 124.2877
2 24 17.7467 -4.8564 128.1725 15.5741 -4.858 124.2877
2 24 17.7467 -4.8564 128.1725 19.9928 -5.0034 129.3793
2 24 49.7714 -5.25 92.7389 54.5258 -4.8503 104.0691
2 24 54.5258 -4.8503 104.0691 60.9716 -4.853 106.8197
2 24 61.0947 -5.2464 105.7586 60.9716 -4.853 106.8197
2 24 49.7714 0 92.7389 54.5004 -0.4301 105.1428
2 24 54.5043 -1.4996 104.5726 54.5004 -0.4301 105.1428
2 24 54.5004 -0.4301 105.1428 60.5188 -0.4265 107.7374
2 24 60.787 -1.4864 107.2669 60.5188 -0.4265 107.7374
2 24 60.787 -1.4864 107.2669 60.7663 -3.8785 107.2586
2 24 49.7714 0 92.7389 49.7714 -5.25 92.7389
2 24 59.9491 0 108.6999 60.5188 -0.4265 107.7374
2 24 54.5004 -0.4301 105.1428 60.5188 -0.4265 107.7374
2 24 49.7714 -5.25 92.7389 54.5258 -4.8503 104.0691
2 24 60.7663 -3.8785 107.2586 60.9716 -4.853 106.8197
2 24 54.5258 -4.8503 104.0691 60.9716 -4.853 106.8197
2 24 -49.8183 -4.8181 150 -49.8143 -2.4507 150
2 24 -10.0375 0 146.25 -10.0375 -8 146.25
2 24 -47.3522 0 146.25 -10.0375 0 146.25
2 24 -47.3522 0 146.25 -49.0869 -0.7167 146.25
2 24 -47.3586 0 150 -49.0933 -0.7175 150
2 24 -49.0933 -0.7175 150 -49.0869 -0.7167 146.25
2 24 -47.3522 0 146.25 -49.0869 -0.7167 146.25
2 24 -49.0869 -0.7167 146.25 -49.8097 -2.4488 146.25
2 24 -49.8143 -2.4507 150 -49.0933 -0.7175 150
2 24 -49.8097 -2.4488 146.25 -49.0869 -0.7167 146.25
2 24 10 -43.5 70 7.9556 -43.5 85.4805
2 24 29.0564 -43.5 70 27.3283 -43.5 85.4434
2 24 -25.2807 -43.5 124.5697 -10.524 -43.5 115.0138
2 24 -17.5449 -43.5 140.1106 1.5511 -43.5 128.7282
2 24 -10.524 -43.5 115.0138 0.8669 -43.5 101.5998
2 24 1.5511 -43.5 128.7282 16.5081 -43.5 111.3508
2 24 7.9556 -43.5 85.4805 0.8669 -43.5 101.5998
2 24 27.3283 -43.5 85.4434 16.5081 -43.5 111.3508
2 24 -50 -43.5 146.25 -35.774 -43.5 145.5939
2 24 -50 -43.5 146.25 -50 -43.5 139.349
2 24 -50 -43.5 139.349 -50 -43.5 146.25
2 24 -50 -48 139.349 -50 -48 150
2 24 -17.5449 -43.5 140.1106 -35.774 -43.5 145.5939
2 24 -25.2807 -43.5 124.5697 -40.731 -43.5 129.2122
2 24 -40.731 -43.5 129.2122 -45.3635 -43.5 130.7667
2 24 -45.3635 -43.5 130.7667 -48.7955 -43.5 134.4266
2 24 -50 -43.5 139.349 -48.7955 -43.5 134.4266
2 24 10 -48 70 7.9556 -48 85.4805
2 24 10 -43.5 70 7.9556 -43.5 85.4805
2 24 -25.2807 -48 124.5697 -10.524 -48 115.0138
2 24 -25.2807 -43.5 124.5697 -10.524 -43.5 115.0138
2 24 -10.524 -48 115.0138 0.8669 -48 101.5998
2 24 -10.524 -43.5 115.0138 0.8669 -43.5 101.5998
2 24 7.9556 -48 85.4805 0.8669 -48 101.5998
2 24 7.9556 -43.5 85.4805 0.8669 -43.5 101.5998
2 24 -25.2807 -43.5 124.5697 -40.731 -43.5 129.2122
2 24 -25.2807 -48 124.5697 -40.731 -48 129.2122
2 24 -40.731 -48 129.2122 -45.3635 -48 130.7667
2 24 -40.731 -48 129.2122 -45.3635 -48 130.7667
2 24 -40.731 -43.5 129.2122 -45.3635 -43.5 130.7667
2 24 -45.3635 -48 130.7667 -48.7955 -48 134.4266
2 24 -45.3635 -43.5 130.7667 -48.7955 -43.5 134.4266
2 24 -45.3635 -48 130.7667 -48.7955 -48 134.4266
2 24 -50 -48 139.349 -48.7955 -48 134.4266
2 24 -50 -43.5 139.349 -48.7955 -43.5 134.4266
2 24 -50 -48 139.349 -48.7955 -48 134.4266
2 24 -47.3586 0 150 -49.0933 -0.7175 150
2 24 -50 -48 150 -49.8183 -4.8181 150
2 24 -9.9907 0 149.9974 -3.0126 0 149.6169
2 24 -49.0933 -0.7175 150 -49.8143 -2.4507 150
2 24 -0.5672 0 129.3618 6.6803 0 127.6877
2 24 2.2522 0 133.1552 6.25 0 132.249
2 24 6.25 -5.25 132.1327 6.25 0 132.249
2 24 6.25 -5.25 132.1327 2.2522 -5.25 133.1528
2 24 6.25 0 132.249 2.2522 0 133.1552
2 24 2.2522 -5.25 133.1528 2.2522 0 133.1552
2 24 61.8887 -3.8754 94.0277 61.8817 -1.4905 94.0022
2 24 65.8139 -3.8733 95.5756 65.8113 -1.493 95.5625
2 24 61.8887 -3.8754 94.0277 61.8817 -1.4905 94.0022
2 24 65.8113 -1.493 95.5625 65.9671 -0.4296 95.0557
2 24 61.8817 -1.4905 94.0022 62.0426 -0.4259 93.4999
2 24 62.0426 -0.4259 93.4999 62.3958 0.0039 92.4336
2 24 65.9671 -0.4296 95.0557 66.2968 -0.0013 93.9437
2 24 62.0426 -0.4259 93.4999 62.3958 0.0039 92.4336
2 24 62.3958 0.0039 92.4336 63.3014 0.0039 89.2971
2 24 63.3014 -5.2461 89.2971 63.3014 0.0039 89.2971
2 24 14.4842 -4.8267 142.0114 15.4737 -5.2345 141.6604
2 24 9.298 -5.25 143.5225 15.4737 -5.2345 141.6604
2 24 15.5536 -3.8117 145.8101 15.5302 -1.468 145.8391
2 24 14.0094 -3.8176 142.1572 13.9611 -1.47 142.176
2 24 14.0094 -3.8176 142.1572 13.9611 -1.47 142.176
2 24 13.9611 -1.47 142.176 13.4655 -0.4231 142.3282
2 24 13.9611 -1.47 142.176 13.4655 -0.4231 142.3282
2 24 15.5302 -1.468 145.8391 15.0324 -0.4225 145.9938
2 24 13.4655 -0.4231 142.3282 12.4178 0.0001 142.6467
2 24 13.4655 -0.4231 142.3282 12.4178 0.0001 142.6467
2 24 15.0324 -0.4225 145.9938 13.9693 0 146.2749
2 24 9.298 -5.25 143.5225 9.2514 0 143.5821
2 24 12.4178 0.0001 142.6467 9.2514 0 143.5821
2 24 15.4737 -5.2345 141.6604 9.298 -5.25 143.5225
2 24 9.3002 -5.25 131.4198 9.298 -5.25 143.5225
2 24 6.7439 0 148.1033 13.9693 0 146.2749
2 24 9.2514 0 143.5821 12.4178 0.0001 142.6467
2 24 -9.9927 -4.8181 149.9765 -3.0043 -4.8182 149.613
2 24 -3.0126 0 149.6169 -9.9907 0 149.9974
2 24 -49.8183 -4.8181 150 -49.8143 -2.4507 150
2 24 51.632 -5.0857 105.7018 53.903 -5.25 111.2143
2 24 53.903 -5.25 111.2143 50.2232 -5.25 116.429
2 24 42.8832 -5.2566 108.8985 50.2232 -5.25 116.429
2 24 42.8832 -5.2566 108.8985 50.2232 -5.25 116.429
2 24 50.2232 -5.25 116.429 50.2232 0 116.429
2 24 42.7972 0.0573 109.0087 50.2232 0 116.429
2 24 42.7972 0.0573 109.0087 50.2232 0 116.429
2 24 39.3395 0 110.5045 48.0098 0 119.1683
2 24 26.5552 -48 93.2228 28.3758 -48 85.3102
2 24 17.4566 -48 112.8214 21.7568 -48 105.1482
2 24 -49.8097 -2.4488 146.25 -50 -43.5 146.25
2 24 -49.8183 -4.8181 150 -50 -48 150
2 24 61.9135 -8 70 59.9447 -8 86.2744
2 24 29.0564 -43.5 70 27.3283 -43.5 85.4434
2 24 11.5577 -8 141.787 -2.3144 -8 145.3048
2 24 -17.5449 -43.5 140.1106 -35.774 -43.5 145.5939
2 24 -35.774 -43.5 145.5939 -50 -43.5 146.25
2 24 -10.0375 -8 146.25 -2.3144 -8 145.3048
2 24 11.5577 -8 141.787 24.39 -8 136.0332
2 24 24.39 -8 136.0332 36.477 -8 126.9798
2 24 -17.5449 -43.5 140.1106 1.5511 -43.5 128.7282
2 24 36.477 -8 126.9798 46.4442 -8 116.3438
2 24 1.5511 -43.5 128.7282 16.5081 -43.5 111.3508
2 24 46.4442 -8 116.3438 53.9438 -8 103.8585
2 24 59.9447 -8 86.2744 53.9438 -8 103.8585
2 24 27.3283 -43.5 85.4434 16.5081 -43.5 111.3508
2 24 15.1159 -1.3696 124.5137 15.1264 -3.8825 124.4775
2 24 16.5039 -5.253 123.8276 24.1351 -5.2526 119.344
2 24 15.1264 -3.8825 124.4775 15.5741 -4.858 124.2877
2 24 15.5741 -4.858 124.2877 17.7467 -4.8564 128.1725
2 24 17.7467 -4.8564 128.1725 19.9928 -5.0034 129.3793
2 24 28.4665 -4.8574 122.8566 29.4966 -4.9079 123.8099
2 24 29.4966 -4.9079 123.8099 28.4665 -4.8574 122.8566
2 24 29.8571 -0.0398 123.3904 28.8817 -0.0621 122.3324
2 24 29.8571 -0.0398 123.3904 28.8817 -0.0621 122.3324
2 24 19.9928 -5.0034 129.3793 24.5904 -5.2352 131.8141
2 24 24.5904 -5.2352 131.8141 19.9928 -5.0034 129.3793
2 24 24.3907 -0.0001 131.8735 19.543 -0.0516 129.6224
2 24 53.2486 0 78.477 53.749 0 78.5088
2 24 53.749 0 78.5088 53.75 0 81.5
2 24 52.7691 0 81.4999 53.75 0 81.5
2 24 53.2486 0 78.477 53.749 0 78.5088
2 24 53.2486 0 78.477 53.2486 -5.25 78.477
2 24 53.749 0 78.5088 53.749 -5.25 78.5088
2 24 53.2486 -5.25 78.477 53.749 -5.25 78.5088
2 24 53.75 -5.25 81.5 53.75 0 81.5
2 24 53.75 -5.25 81.5 52.7691 -5.25 81.4999
2 24 53.75 0 81.5 52.7691 0 81.4999
2 24 52.7691 -5.25 81.4999 52.7691 0 81.4999
2 24 6.6803 -8 127.6877 13.6831 -8.0002 125.1325
2 24 6.6803 0 127.6877 13.7249 0 125.1
2 24 25.3576 -3.8804 118.4672 25.3912 -1.3707 118.4537
2 24 32.4373 0 112.4095 26.5804 0.0006 117.5485
2 24 32.4373 0 112.4095 26.5804 0.0006 117.5485
2 24 24.1351 -5.2526 119.344 24.9675 -4.8574 118.753
2 24 28.4665 -4.8574 122.8566 24.9675 -4.8574 118.753
2 24 28.4665 -4.8574 122.8566 24.9675 -4.8574 118.753
2 24 25.3576 -3.8804 118.4672 24.9675 -4.8574 118.753
2 24 25.3912 -1.3707 118.4537 25.3576 -3.8804 118.4672
2 24 28.8817 -0.0621 122.3324 25.779 -0.3944 118.1689
2 24 25.3912 -1.3707 118.4537 25.779 -0.3944 118.1689
2 24 28.8817 -0.0621 122.3324 25.779 -0.3944 118.1689
2 24 26.5804 0.0006 117.5485 25.779 -0.3944 118.1689
2 24 25.3912 -1.3707 118.4537 25.779 -0.3944 118.1689
2 24 26.5804 0.0006 117.5485 25.779 -0.3944 118.1689
2 24 44.2645 -4.8534 95.6143 43.8153 -5.2499 96.5255
2 24 44.2645 -4.8534 95.6143 48.3866 -4.8561 98.1369
2 24 44.4659 -3.8774 95.1732 44.4758 -1.3696 95.1362
2 24 51.632 -5.0857 105.7018 48.3866 -4.8561 98.1369
2 24 19.6681 -0.0021 132.5526 23.4315 -0.2645 134.5582
2 24 14.4842 -4.8267 142.0114 14.0094 -3.8176 142.1572
2 24 25.7091 -0.4232 135.7719 23.4315 -0.2645 134.5582
2 24 25.7091 -0.4232 135.7719 23.4315 -0.2645 134.5582
2 24 24.7317 -4.8232 135.8186 22.5731 -4.9554 134.4563
2 24 24.7317 -4.8232 135.8186 22.5731 -4.9554 134.4563
2 24 14.2647 -5.25 129.6732 19.2179 -5.161 132.3389
2 24 15.5741 -4.858 124.2877 15.1264 -3.8825 124.4775
2 24 15.1159 -1.3696 124.5137 14.6691 -0.3942 124.7037
2 24 16.9498 -0.0869 128.4287 14.6691 -0.3942 124.7037
2 24 16.9498 -0.0869 128.4287 14.6691 -0.3942 124.7037
2 24 14.6691 -0.3942 124.7037 13.7249 0 125.1
2 24 6.6803 0 127.6877 13.7249 0 125.1
2 24 15.1264 -3.8825 124.4775 15.1159 -1.3696 124.5137
2 24 13.7249 0 125.1 14.6691 -0.3942 124.7037
2 24 15.1159 -1.3696 124.5137 14.6691 -0.3942 124.7037
2 24 68.0688 0 86.5291 66.2968 -0.0013 93.9437
2 24 68.0688 0 86.5291 66.2968 -0.0013 93.9437
2 24 65.8139 -3.8733 95.5756 65.8113 -1.493 95.5625
2 24 66.2968 -0.0013 93.9437 65.9671 -0.4296 95.0557
2 24 53.749 -5.25 78.5088 53.75 -5.25 81.5
2 24 66.25 -5.25 78.5447 65.993 -5.2461 86.2491
2 24 9.2514 0 131.3873 14.2686 0 129.6227
2 24 61.0947 -5.2464 105.7586 60.9716 -4.853 106.8197
2 24 17.4566 -48 112.8214 21.7568 -48 105.1482
2 24 28.3758 -48 85.3102 26.5552 -48 93.2228
2 24 41.4204 -5.25 100.8892 43.8153 -5.2499 96.5255
2 24 49.7714 0 92.7389 54.5004 -0.4301 105.1428
2 24 6.7662 -4.8198 148.1144 16.013 -4.8244 145.6318
2 24 15.5536 -3.8117 145.8101 16.013 -4.8244 145.6318
2 24 6.7662 -4.8198 148.1144 16.013 -4.8244 145.6318
2 24 15.5302 -1.468 145.8391 15.0324 -0.4225 145.9938
2 24 13.9693 0 146.2749 15.0324 -0.4225 145.9938
2 24 28.661 0 139.9254 27.7128 -0.4197 140.4829
2 24 24.9675 -4.8574 118.753 25.3576 -3.8804 118.4672
2 24 38.2797 -4.8514 105.6317 37.9929 -3.8759 106.0206
2 24 16.9607 -5.2345 145.18 16.013 -4.8244 145.6318
2 24 -30.587 -48 147.4579 -15.8368 -48 142.232
2 24 2.2522 -5.25 133.75 -1.2615 -5.25 133.75
2 24 -3.5189 -5.25 137.0232 -1.2615 -5.25 133.75
2 24 -49.8097 -2.4488 146.25 -50 -43.5 146.25
2 24 63.3014 0.0039 89.2971 62.3958 0.0039 92.4336
2 24 36.4367 0 130.2258 29.8571 -0.0398 123.3904
2 24 39.1743 0 128.0104 30.504 0 119.3466
2 24 19.543 -0.0516 129.6224 24.3907 -0.0001 131.8735
2 24 65.8113 -1.493 95.5625 65.9671 -0.4296 95.0557
2 24 61.8817 -1.4905 94.0022 62.0426 -0.4259 93.4999
2 24 36.4367 -5.25 130.2258 30.1227 -5.25 134.6078
2 24 24.5904 -5.2352 131.8141 30.1227 -5.25 134.6078
2 24 29.4966 -4.9079 123.8099 36.4367 -5.25 130.2258
2 24 60 -5.25 73.9382 61.9691 -5.25 73.4106
2 24 60 0 73.9382 61.9691 0 73.4106
2 24 60 -5.25 73.9382 58.0309 -5.25 73.4106
2 24 60 0 73.9382 58.0309 0 73.4106
2 24 58.0309 -5.25 73.4106 56.5894 -5.25 71.9691
2 24 58.0309 0 73.4106 56.5894 0 71.9691
2 24 56.5894 -5.25 71.9691 56.0618 -5.25 70
2 24 56.5894 0 71.9691 56.0618 0 70
2 24 56.0618 -5.25 70 56.5894 -5.25 68.0309
2 24 56.0618 0 70 56.5894 0 68.0309
2 24 56.5894 -5.25 68.0309 58.0309 -5.25 66.5894
2 24 56.5894 0 68.0309 58.0309 0 66.5894
2 24 58.0309 -5.25 66.5894 60 -5.25 66.0618
2 24 58.0309 0 66.5894 60 0 66.0618
2 24 60 -5.25 66.0618 61.9691 -5.25 66.5894
2 24 60 0 66.0618 61.9691 0 66.5894
2 24 61.9691 -5.25 66.5894 63.4106 -5.25 68.0309
2 24 61.9691 0 66.5894 63.4106 0 68.0309
2 24 63.4106 -5.25 68.0309 63.9382 -5.25 70
2 24 63.4106 0 68.0309 63.9382 0 70
2 24 63.9382 -5.25 70 63.4106 -5.25 71.9691
2 24 63.9382 0 70 63.4106 0 71.9691
2 24 61.9691 0 73.4106 63.4106 0 71.9691
2 24 61.9691 -5.25 73.4106 63.4106 -5.25 71.9691
2 24 61.9691 0 73.4106 60 0 73.9382
2 24 61.9691 0 73.4106 63.4106 0 71.9691
2 24 63.4106 0 71.9691 63.9382 0 70
2 24 63.9382 0 70 63.4106 0 68.0309
2 24 63.4106 0 68.0309 61.9691 0 66.5894
2 24 61.9691 0 66.5894 60 0 66.0618
2 24 60 0 66.0618 58.0309 0 66.5894
2 24 58.0309 0 66.5894 56.5894 0 68.0309
2 24 56.5894 0 68.0309 56.0618 0 70
2 24 56.0618 0 70 56.5894 0 71.9691
2 24 56.5894 0 71.9691 58.0309 0 73.4106
2 24 60 0 73.9382 58.0309 0 73.4106
2 24 -34.5856 -48 143.126 -36.874 -48 145.4144
2 24 -34.5856 -52.45 143.126 -36.874 -52.45 145.4144
2 24 -36.874 -48 145.4144 -40 -48 146.252
2 24 -36.874 -52.45 145.4144 -40 -52.45 146.252
2 24 -40 -48 146.252 -43.126 -48 145.4144
2 24 -40 -52.45 146.252 -43.126 -52.45 145.4144
2 24 -43.126 -48 145.4144 -45.4144 -48 143.126
2 24 -43.126 -52.45 145.4144 -45.4144 -52.45 143.126
2 24 -45.4144 -48 143.126 -46.252 -48 140
2 24 -45.4144 -52.45 143.126 -46.252 -52.45 140
2 24 -46.252 -48 140 -45.4144 -48 136.874
2 24 -46.252 -52.45 140 -45.4144 -52.45 136.874
2 24 -45.4144 -48 136.874 -43.126 -48 134.5856
2 24 -45.4144 -52.45 136.874 -43.126 -52.45 134.5856
2 24 -43.126 -48 134.5856 -40 -48 133.748
2 24 -43.126 -52.45 134.5856 -40 -52.45 133.748
2 24 -40 -48 133.748 -36.874 -48 134.5856
2 24 -40 -52.45 133.748 -36.874 -52.45 134.5856
2 24 -36.874 -48 134.5856 -34.5856 -48 136.874
2 24 -36.874 -52.45 134.5856 -34.5856 -52.45 136.874
2 24 -34.5856 -48 136.874 -33.748 -48 140
2 24 -34.5856 -52.45 136.874 -33.748 -52.45 140
2 24 -34.5856 -48 143.126 -33.748 -48 140
2 24 -34.5856 -52.45 143.126 -33.748 -52.45 140
2 24 -34.5856 -52.45 143.126 -36.874 -52.45 145.4144
2 24 -36.4705 -52.45 142.0378 -37.9623 -52.45 143.5295
2 24 -36.874 -52.45 145.4144 -40 -52.45 146.252
2 24 -37.9623 -52.45 143.5295 -40 -52.45 144.0755
2 24 -40 -52.45 146.252 -43.126 -52.45 145.4144
2 24 -40 -52.45 144.0755 -42.0378 -52.45 143.5295
2 24 -43.126 -52.45 145.4144 -45.4144 -52.45 143.126
2 24 -42.0378 -52.45 143.5295 -43.5295 -52.45 142.0378
2 24 -45.4144 -52.45 143.126 -46.252 -52.45 140
2 24 -43.5295 -52.45 142.0378 -44.0755 -52.45 140
2 24 -46.252 -52.45 140 -45.4144 -52.45 136.874
2 24 -44.0755 -52.45 140 -43.5295 -52.45 137.9622
2 24 -45.4144 -52.45 136.874 -43.126 -52.45 134.5856
2 24 -43.5295 -52.45 137.9622 -42.0378 -52.45 136.4705
2 24 -43.126 -52.45 134.5856 -40 -52.45 133.748
2 24 -42.0378 -52.45 136.4705 -40 -52.45 135.9245
2 24 -40 -52.45 133.748 -36.874 -52.45 134.5856
2 24 -40 -52.45 135.9245 -37.9623 -52.45 136.4705
2 24 -36.874 -52.45 134.5856 -34.5856 -52.45 136.874
2 24 -37.9623 -52.45 136.4705 -36.4705 -52.45 137.9622
2 24 -34.5856 -52.45 136.874 -33.748 -52.45 140
2 24 -36.4705 -52.45 137.9622 -35.9245 -52.45 140
2 24 -34.5856 -52.45 143.126 -33.748 -52.45 140
2 24 -36.4705 -52.45 142.0378 -35.9245 -52.45 140
2 24 -36.4705 -52.45 142.0378 -37.9623 -52.45 143.5295
2 24 -36.4705 -48 142.0378 -37.9623 -48 143.5295
2 24 -37.9623 -52.45 143.5295 -40 -52.45 144.0755
2 24 -37.9623 -48 143.5295 -40 -48 144.0755
2 24 -40 -52.45 144.0755 -42.0378 -52.45 143.5295
2 24 -40 -48 144.0755 -42.0378 -48 143.5295
2 24 -42.0378 -52.45 143.5295 -43.5295 -52.45 142.0378
2 24 -42.0378 -48 143.5295 -43.5295 -48 142.0378
2 24 -43.5295 -52.45 142.0378 -44.0755 -52.45 140
2 24 -43.5295 -48 142.0378 -44.0755 -48 140
2 24 -44.0755 -52.45 140 -43.5295 -52.45 137.9622
2 24 -44.0755 -48 140 -43.5295 -48 137.9622
2 24 -43.5295 -52.45 137.9622 -42.0378 -52.45 136.4705
2 24 -43.5295 -48 137.9622 -42.0378 -48 136.4705
2 24 -42.0378 -52.45 136.4705 -40 -52.45 135.9245
2 24 -42.0378 -48 136.4705 -40 -48 135.9245
2 24 -40 -52.45 135.9245 -37.9623 -52.45 136.4705
2 24 -40 -48 135.9245 -37.9623 -48 136.4705
2 24 -37.9623 -52.45 136.4705 -36.4705 -52.45 137.9622
2 24 -37.9623 -48 136.4705 -36.4705 -48 137.9622
2 24 -36.4705 -52.45 137.9622 -35.9245 -52.45 140
2 24 -36.4705 -48 137.9622 -35.9245 -48 140
2 24 -36.4705 -52.45 142.0378 -35.9245 -52.45 140
2 24 -36.4705 -48 142.0378 -35.9245 -48 140
2 24 5.4144 -48 123.126 3.126 -48 125.4144
2 24 5.4144 -52.45 123.126 3.126 -52.45 125.4144
2 24 3.126 -48 125.4144 0 -48 126.252
2 24 3.126 -52.45 125.4144 0 -52.45 126.252
2 24 0 -48 126.252 -3.126 -48 125.4144
2 24 0 -52.45 126.252 -3.126 -52.45 125.4144
2 24 -3.126 -48 125.4144 -5.4144 -48 123.126
2 24 -3.126 -52.45 125.4144 -5.4144 -52.45 123.126
2 24 -5.4144 -48 123.126 -6.252 -48 120
2 24 -5.4144 -52.45 123.126 -6.252 -52.45 120
2 24 -6.252 -48 120 -5.4144 -48 116.874
2 24 -6.252 -52.45 120 -5.4144 -52.45 116.874
2 24 -5.4144 -48 116.874 -3.126 -48 114.5856
2 24 -5.4144 -52.45 116.874 -3.126 -52.45 114.5856
2 24 -3.126 -48 114.5856 0 -48 113.748
2 24 -3.126 -52.45 114.5856 0 -52.45 113.748
2 24 0 -48 113.748 3.126 -48 114.5856
2 24 0 -52.45 113.748 3.126 -52.45 114.5856
2 24 3.126 -48 114.5856 5.4144 -48 116.874
2 24 3.126 -52.45 114.5856 5.4144 -52.45 116.874
2 24 5.4144 -48 116.874 6.252 -48 120
2 24 5.4144 -52.45 116.874 6.252 -52.45 120
2 24 5.4144 -48 123.126 6.252 -48 120
2 24 5.4144 -52.45 123.126 6.252 -52.45 120
2 24 5.4144 -52.45 123.126 3.126 -52.45 125.4144
2 24 3.5295 -52.45 122.0378 2.0377 -52.45 123.5295
2 24 3.126 -52.45 125.4144 0 -52.45 126.252
2 24 2.0377 -52.45 123.5295 0 -52.45 124.0755
2 24 0 -52.45 126.252 -3.126 -52.45 125.4144
2 24 0 -52.45 124.0755 -2.0378 -52.45 123.5295
2 24 -3.126 -52.45 125.4144 -5.4144 -52.45 123.126
2 24 -2.0378 -52.45 123.5295 -3.5295 -52.45 122.0378
2 24 -5.4144 -52.45 123.126 -6.252 -52.45 120
2 24 -3.5295 -52.45 122.0378 -4.0755 -52.45 120
2 24 -6.252 -52.45 120 -5.4144 -52.45 116.874
2 24 -4.0755 -52.45 120 -3.5295 -52.45 117.9622
2 24 -5.4144 -52.45 116.874 -3.126 -52.45 114.5856
2 24 -3.5295 -52.45 117.9622 -2.0378 -52.45 116.4705
2 24 -3.126 -52.45 114.5856 0 -52.45 113.748
2 24 -2.0378 -52.45 116.4705 0 -52.45 115.9245
2 24 0 -52.45 113.748 3.126 -52.45 114.5856
2 24 0 -52.45 115.9245 2.0377 -52.45 116.4705
2 24 3.126 -52.45 114.5856 5.4144 -52.45 116.874
2 24 2.0377 -52.45 116.4705 3.5295 -52.45 117.9622
2 24 5.4144 -52.45 116.874 6.252 -52.45 120
2 24 3.5295 -52.45 117.9622 4.0755 -52.45 120
2 24 5.4144 -52.45 123.126 6.252 -52.45 120
2 24 3.5295 -52.45 122.0378 4.0755 -52.45 120
2 24 3.5295 -52.45 122.0378 2.0377 -52.45 123.5295
2 24 3.5295 -48 122.0378 2.0377 -48 123.5295
2 24 2.0377 -52.45 123.5295 0 -52.45 124.0755
2 24 2.0377 -48 123.5295 0 -48 124.0755
2 24 0 -52.45 124.0755 -2.0378 -52.45 123.5295
2 24 0 -48 124.0755 -2.0378 -48 123.5295
2 24 -2.0378 -52.45 123.5295 -3.5295 -52.45 122.0378
2 24 -2.0378 -48 123.5295 -3.5295 -48 122.0378
2 24 -3.5295 -52.45 122.0378 -4.0755 -52.45 120
2 24 -3.5295 -48 122.0378 -4.0755 -48 120
2 24 -4.0755 -52.45 120 -3.5295 -52.45 117.9622
2 24 -4.0755 -48 120 -3.5295 -48 117.9622
2 24 -3.5295 -52.45 117.9622 -2.0378 -52.45 116.4705
2 24 -3.5295 -48 117.9622 -2.0378 -48 116.4705
2 24 -2.0378 -52.45 116.4705 0 -52.45 115.9245
2 24 -2.0378 -48 116.4705 0 -48 115.9245
2 24 0 -52.45 115.9245 2.0377 -52.45 116.4705
2 24 0 -48 115.9245 2.0377 -48 116.4705
2 24 2.0377 -52.45 116.4705 3.5295 -52.45 117.9622
2 24 2.0377 -48 116.4705 3.5295 -48 117.9622
2 24 3.5295 -52.45 117.9622 4.0755 -52.45 120
2 24 3.5295 -48 117.9622 4.0755 -48 120
2 24 3.5295 -52.45 122.0378 4.0755 -52.45 120
2 24 3.5295 -48 122.0378 4.0755 -48 120
2 24 5.4144 -48 23.126 3.126 -48 25.4144
2 24 5.4144 -52.45 23.126 3.126 -52.45 25.4144
2 24 3.126 -48 25.4144 0 -48 26.252
2 24 3.126 -52.45 25.4144 0 -52.45 26.252
2 24 0 -48 26.252 -3.126 -48 25.4144
2 24 0 -52.45 26.252 -3.126 -52.45 25.4144
2 24 -3.126 -48 25.4144 -5.4144 -48 23.126
2 24 -3.126 -52.45 25.4144 -5.4144 -52.45 23.126
2 24 -5.4144 -48 23.126 -6.252 -48 20
2 24 -5.4144 -52.45 23.126 -6.252 -52.45 20
2 24 -6.252 -48 20 -5.4144 -48 16.874
2 24 -6.252 -52.45 20 -5.4144 -52.45 16.874
2 24 -5.4144 -48 16.874 -3.126 -48 14.5856
2 24 -5.4144 -52.45 16.874 -3.126 -52.45 14.5856
2 24 -3.126 -48 14.5856 0 -48 13.748
2 24 -3.126 -52.45 14.5856 0 -52.45 13.748
2 24 0 -48 13.748 3.126 -48 14.5856
2 24 0 -52.45 13.748 3.126 -52.45 14.5856
2 24 3.126 -48 14.5856 5.4144 -48 16.874
2 24 3.126 -52.45 14.5856 5.4144 -52.45 16.874
2 24 5.4144 -48 16.874 6.252 -48 20
2 24 5.4144 -52.45 16.874 6.252 -52.45 20
2 24 5.4144 -48 23.126 6.252 -48 20
2 24 5.4144 -52.45 23.126 6.252 -52.45 20
2 24 5.4144 -52.45 23.126 3.126 -52.45 25.4144
2 24 3.5295 -52.45 22.0378 2.0377 -52.45 23.5295
2 24 3.126 -52.45 25.4144 0 -52.45 26.252
2 24 2.0377 -52.45 23.5295 0 -52.45 24.0755
2 24 0 -52.45 26.252 -3.126 -52.45 25.4144
2 24 0 -52.45 24.0755 -2.0378 -52.45 23.5295
2 24 -3.126 -52.45 25.4144 -5.4144 -52.45 23.126
2 24 -2.0378 -52.45 23.5295 -3.5295 -52.45 22.0378
2 24 -5.4144 -52.45 23.126 -6.252 -52.45 20
2 24 -3.5295 -52.45 22.0378 -4.0755 -52.45 20
2 24 -6.252 -52.45 20 -5.4144 -52.45 16.874
2 24 -4.0755 -52.45 20 -3.5295 -52.45 17.9623
2 24 -5.4144 -52.45 16.874 -3.126 -52.45 14.5856
2 24 -3.5295 -52.45 17.9623 -2.0378 -52.45 16.4705
2 24 -3.126 -52.45 14.5856 0 -52.45 13.748
2 24 -2.0378 -52.45 16.4705 0 -52.45 15.9245
2 24 0 -52.45 13.748 3.126 -52.45 14.5856
2 24 0 -52.45 15.9245 2.0377 -52.45 16.4705
2 24 3.126 -52.45 14.5856 5.4144 -52.45 16.874
2 24 2.0377 -52.45 16.4705 3.5295 -52.45 17.9623
2 24 5.4144 -52.45 16.874 6.252 -52.45 20
2 24 3.5295 -52.45 17.9623 4.0755 -52.45 20
2 24 5.4144 -52.45 23.126 6.252 -52.45 20
2 24 3.5295 -52.45 22.0378 4.0755 -52.45 20
2 24 3.5295 -52.45 22.0378 2.0377 -52.45 23.5295
2 24 3.5295 -48 22.0378 2.0377 -48 23.5295
2 24 2.0377 -52.45 23.5295 0 -52.45 24.0755
2 24 2.0377 -48 23.5295 0 -48 24.0755
2 24 0 -52.45 24.0755 -2.0378 -52.45 23.5295
2 24 0 -48 24.0755 -2.0378 -48 23.5295
2 24 -2.0378 -52.45 23.5295 -3.5295 -52.45 22.0378
2 24 -2.0378 -48 23.5295 -3.5295 -48 22.0378
2 24 -3.5295 -52.45 22.0378 -4.0755 -52.45 20
2 24 -3.5295 -48 22.0378 -4.0755 -48 20
2 24 -4.0755 -52.45 20 -3.5295 -52.45 17.9623
2 24 -4.0755 -48 20 -3.5295 -48 17.9623
2 24 -3.5295 -52.45 17.9623 -2.0378 -52.45 16.4705
2 24 -3.5295 -48 17.9623 -2.0378 -48 16.4705
2 24 -2.0378 -52.45 16.4705 0 -52.45 15.9245
2 24 -2.0378 -48 16.4705 0 -48 15.9245
2 24 0 -52.45 15.9245 2.0377 -52.45 16.4705
2 24 0 -48 15.9245 2.0377 -48 16.4705
2 24 2.0377 -52.45 16.4705 3.5295 -52.45 17.9623
2 24 2.0377 -48 16.4705 3.5295 -48 17.9623
2 24 3.5295 -52.45 17.9623 4.0755 -52.45 20
2 24 3.5295 -48 17.9623 4.0755 -48 20
2 24 3.5295 -52.45 22.0378 4.0755 -52.45 20
2 24 3.5295 -48 22.0378 4.0755 -48 20
2 24 -34.5856 -48 3.126 -36.874 -48 5.4144
2 24 -34.5856 -52.45 3.126 -36.874 -52.45 5.4144
2 24 -36.874 -48 5.4144 -40 -48 6.252
2 24 -36.874 -52.45 5.4144 -40 -52.45 6.252
2 24 -40 -48 6.252 -43.126 -48 5.4144
2 24 -40 -52.45 6.252 -43.126 -52.45 5.4144
2 24 -43.126 -48 5.4144 -45.4144 -48 3.126
2 24 -43.126 -52.45 5.4144 -45.4144 -52.45 3.126
2 24 -45.4144 -48 3.126 -46.252 -48 0
2 24 -45.4144 -52.45 3.126 -46.252 -52.45 0
2 24 -46.252 -48 0 -45.4144 -48 -3.126
2 24 -46.252 -52.45 0 -45.4144 -52.45 -3.126
2 24 -45.4144 -48 -3.126 -43.126 -48 -5.4144
2 24 -45.4144 -52.45 -3.126 -43.126 -52.45 -5.4144
2 24 -43.126 -48 -5.4144 -40 -48 -6.252
2 24 -43.126 -52.45 -5.4144 -40 -52.45 -6.252
2 24 -40 -48 -6.252 -36.874 -48 -5.4144
2 24 -40 -52.45 -6.252 -36.874 -52.45 -5.4144
2 24 -36.874 -48 -5.4144 -34.5856 -48 -3.126
2 24 -36.874 -52.45 -5.4144 -34.5856 -52.45 -3.126
2 24 -34.5856 -48 -3.126 -33.748 -48 0
2 24 -34.5856 -52.45 -3.126 -33.748 -52.45 0
2 24 -34.5856 -48 3.126 -33.748 -48 0
2 24 -34.5856 -52.45 3.126 -33.748 -52.45 0
2 24 -34.5856 -52.45 3.126 -36.874 -52.45 5.4144
2 24 -36.4705 -52.45 2.0378 -37.9623 -52.45 3.5295
2 24 -36.874 -52.45 5.4144 -40 -52.45 6.252
2 24 -37.9623 -52.45 3.5295 -40 -52.45 4.0755
2 24 -40 -52.45 6.252 -43.126 -52.45 5.4144
2 24 -40 -52.45 4.0755 -42.0378 -52.45 3.5295
2 24 -43.126 -52.45 5.4144 -45.4144 -52.45 3.126
2 24 -42.0378 -52.45 3.5295 -43.5295 -52.45 2.0378
2 24 -45.4144 -52.45 3.126 -46.252 -52.45 0
2 24 -43.5295 -52.45 2.0378 -44.0755 -52.45 0
2 24 -46.252 -52.45 0 -45.4144 -52.45 -3.126
2 24 -44.0755 -52.45 0 -43.5295 -52.45 -2.0378
2 24 -45.4144 -52.45 -3.126 -43.126 -52.45 -5.4144
2 24 -43.5295 -52.45 -2.0378 -42.0378 -52.45 -3.5295
2 24 -43.126 -52.45 -5.4144 -40 -52.45 -6.252
2 24 -42.0378 -52.45 -3.5295 -40 -52.45 -4.0755
2 24 -40 -52.45 -6.252 -36.874 -52.45 -5.4144
2 24 -40 -52.45 -4.0755 -37.9623 -52.45 -3.5295
2 24 -36.874 -52.45 -5.4144 -34.5856 -52.45 -3.126
2 24 -37.9623 -52.45 -3.5295 -36.4705 -52.45 -2.0378
2 24 -34.5856 -52.45 -3.126 -33.748 -52.45 0
2 24 -36.4705 -52.45 -2.0378 -35.9245 -52.45 0
2 24 -34.5856 -52.45 3.126 -33.748 -52.45 0
2 24 -36.4705 -52.45 2.0378 -35.9245 -52.45 0
2 24 -36.4705 -52.45 2.0378 -37.9623 -52.45 3.5295
2 24 -36.4705 -48 2.0378 -37.9623 -48 3.5295
2 24 -37.9623 -52.45 3.5295 -40 -52.45 4.0755
2 24 -37.9623 -48 3.5295 -40 -48 4.0755
2 24 -40 -52.45 4.0755 -42.0378 -52.45 3.5295
2 24 -40 -48 4.0755 -42.0378 -48 3.5295
2 24 -42.0378 -52.45 3.5295 -43.5295 -52.45 2.0378
2 24 -42.0378 -48 3.5295 -43.5295 -48 2.0378
2 24 -43.5295 -52.45 2.0378 -44.0755 -52.45 0
2 24 -43.5295 -48 2.0378 -44.0755 -48 0
2 24 -44.0755 -52.45 0 -43.5295 -52.45 -2.0378
2 24 -44.0755 -48 0 -43.5295 -48 -2.0378
2 24 -43.5295 -52.45 -2.0378 -42.0378 -52.45 -3.5295
2 24 -43.5295 -48 -2.0378 -42.0378 -48 -3.5295
2 24 -42.0378 -52.45 -3.5295 -40 -52.45 -4.0755
2 24 -42.0378 -48 -3.5295 -40 -48 -4.0755
2 24 -40 -52.45 -4.0755 -37.9623 -52.45 -3.5295
2 24 -40 -48 -4.0755 -37.9623 -48 -3.5295
2 24 -37.9623 -52.45 -3.5295 -36.4705 -52.45 -2.0378
2 24 -37.9623 -48 -3.5295 -36.4705 -48 -2.0378
2 24 -36.4705 -52.45 -2.0378 -35.9245 -52.45 0
2 24 -36.4705 -48 -2.0378 -35.9245 -48 0
2 24 -36.4705 -52.45 2.0378 -35.9245 -52.45 0
2 24 -36.4705 -48 2.0378 -35.9245 -48 0
2 24 25.4144 -48 83.126 23.126 -48 85.4144
2 24 25.4144 -52.45 83.126 23.126 -52.45 85.4144
2 24 23.126 -48 85.4144 20 -48 86.252
2 24 23.126 -52.45 85.4144 20 -52.45 86.252
2 24 20 -48 86.252 16.874 -48 85.4144
2 24 20 -52.45 86.252 16.874 -52.45 85.4144
2 24 16.874 -48 85.4144 14.5856 -48 83.126
2 24 16.874 -52.45 85.4144 14.5856 -52.45 83.126
2 24 14.5856 -48 83.126 13.748 -48 80
2 24 14.5856 -52.45 83.126 13.748 -52.45 80
2 24 13.748 -48 80 14.5856 -48 76.874
2 24 13.748 -52.45 80 14.5856 -52.45 76.874
2 24 14.5856 -48 76.874 16.874 -48 74.5856
2 24 14.5856 -52.45 76.874 16.874 -52.45 74.5856
2 24 16.874 -48 74.5856 20 -48 73.748
2 24 16.874 -52.45 74.5856 20 -52.45 73.748
2 24 20 -48 73.748 23.126 -48 74.5856
2 24 20 -52.45 73.748 23.126 -52.45 74.5856
2 24 23.126 -48 74.5856 25.4144 -48 76.874
2 24 23.126 -52.45 74.5856 25.4144 -52.45 76.874
2 24 25.4144 -48 76.874 26.252 -48 80
2 24 25.4144 -52.45 76.874 26.252 -52.45 80
2 24 25.4144 -48 83.126 26.252 -48 80
2 24 25.4144 -52.45 83.126 26.252 -52.45 80
2 24 25.4144 -52.45 83.126 23.126 -52.45 85.4144
2 24 23.5295 -52.45 82.0378 22.0377 -52.45 83.5295
2 24 23.126 -52.45 85.4144 20 -52.45 86.252
2 24 22.0377 -52.45 83.5295 20 -52.45 84.0755
2 24 20 -52.45 86.252 16.874 -52.45 85.4144
2 24 20 -52.45 84.0755 17.9623 -52.45 83.5295
2 24 16.874 -52.45 85.4144 14.5856 -52.45 83.126
2 24 17.9623 -52.45 83.5295 16.4705 -52.45 82.0378
2 24 14.5856 -52.45 83.126 13.748 -52.45 80
2 24 16.4705 -52.45 82.0378 15.9245 -52.45 80
2 24 13.748 -52.45 80 14.5856 -52.45 76.874
2 24 15.9245 -52.45 80 16.4705 -52.45 77.9622
2 24 14.5856 -52.45 76.874 16.874 -52.45 74.5856
2 24 16.4705 -52.45 77.9622 17.9623 -52.45 76.4705
2 24 16.874 -52.45 74.5856 20 -52.45 73.748
2 24 17.9623 -52.45 76.4705 20 -52.45 75.9245
2 24 20 -52.45 73.748 23.126 -52.45 74.5856
2 24 20 -52.45 75.9245 22.0377 -52.45 76.4705
2 24 23.126 -52.45 74.5856 25.4144 -52.45 76.874
2 24 22.0377 -52.45 76.4705 23.5295 -52.45 77.9622
2 24 25.4144 -52.45 76.874 26.252 -52.45 80
2 24 23.5295 -52.45 77.9622 24.0755 -52.45 80
2 24 25.4144 -52.45 83.126 26.252 -52.45 80
2 24 23.5295 -52.45 82.0378 24.0755 -52.45 80
2 24 23.5295 -52.45 82.0378 22.0377 -52.45 83.5295
2 24 23.5295 -48 82.0378 22.0377 -48 83.5295
2 24 22.0377 -52.45 83.5295 20 -52.45 84.0755
2 24 22.0377 -48 83.5295 20 -48 84.0755
2 24 20 -52.45 84.0755 17.9623 -52.45 83.5295
2 24 20 -48 84.0755 17.9623 -48 83.5295
2 24 17.9623 -52.45 83.5295 16.4705 -52.45 82.0378
2 24 17.9623 -48 83.5295 16.4705 -48 82.0378
2 24 16.4705 -52.45 82.0378 15.9245 -52.45 80
2 24 16.4705 -48 82.0378 15.9245 -48 80
2 24 15.9245 -52.45 80 16.4705 -52.45 77.9622
2 24 15.9245 -48 80 16.4705 -48 77.9622
2 24 16.4705 -52.45 77.9622 17.9623 -52.45 76.4705
2 24 16.4705 -48 77.9622 17.9623 -48 76.4705
2 24 17.9623 -52.45 76.4705 20 -52.45 75.9245
2 24 17.9623 -48 76.4705 20 -48 75.9245
2 24 20 -52.45 75.9245 22.0377 -52.45 76.4705
2 24 20 -48 75.9245 22.0377 -48 76.4705
2 24 22.0377 -52.45 76.4705 23.5295 -52.45 77.9622
2 24 22.0377 -48 76.4705 23.5295 -48 77.9622
2 24 23.5295 -52.45 77.9622 24.0755 -52.45 80
2 24 23.5295 -48 77.9622 24.0755 -48 80
2 24 23.5295 -52.45 82.0378 24.0755 -52.45 80
2 24 23.5295 -48 82.0378 24.0755 -48 80
2 24 25.4144 -48 63.126 23.126 -48 65.4144
2 24 25.4144 -52.45 63.126 23.126 -52.45 65.4144
2 24 23.126 -48 65.4144 20 -48 66.252
2 24 23.126 -52.45 65.4144 20 -52.45 66.252
2 24 20 -48 66.252 16.874 -48 65.4144
2 24 20 -52.45 66.252 16.874 -52.45 65.4144
2 24 16.874 -48 65.4144 14.5856 -48 63.126
2 24 16.874 -52.45 65.4144 14.5856 -52.45 63.126
2 24 14.5856 -48 63.126 13.748 -48 60
2 24 14.5856 -52.45 63.126 13.748 -52.45 60
2 24 13.748 -48 60 14.5856 -48 56.874
2 24 13.748 -52.45 60 14.5856 -52.45 56.874
2 24 14.5856 -48 56.874 16.874 -48 54.5856
2 24 14.5856 -52.45 56.874 16.874 -52.45 54.5856
2 24 16.874 -48 54.5856 20 -48 53.748
2 24 16.874 -52.45 54.5856 20 -52.45 53.748
2 24 20 -48 53.748 23.126 -48 54.5856
2 24 20 -52.45 53.748 23.126 -52.45 54.5856
2 24 23.126 -48 54.5856 25.4144 -48 56.874
2 24 23.126 -52.45 54.5856 25.4144 -52.45 56.874
2 24 25.4144 -48 56.874 26.252 -48 60
2 24 25.4144 -52.45 56.874 26.252 -52.45 60
2 24 25.4144 -48 63.126 26.252 -48 60
2 24 25.4144 -52.45 63.126 26.252 -52.45 60
2 24 25.4144 -52.45 63.126 23.126 -52.45 65.4144
2 24 23.5295 -52.45 62.0378 22.0377 -52.45 63.5295
2 24 23.126 -52.45 65.4144 20 -52.45 66.252
2 24 22.0377 -52.45 63.5295 20 -52.45 64.0755
2 24 20 -52.45 66.252 16.874 -52.45 65.4144
2 24 20 -52.45 64.0755 17.9623 -52.45 63.5295
2 24 16.874 -52.45 65.4144 14.5856 -52.45 63.126
2 24 17.9623 -52.45 63.5295 16.4705 -52.45 62.0378
2 24 14.5856 -52.45 63.126 13.748 -52.45 60
2 24 16.4705 -52.45 62.0378 15.9245 -52.45 60
2 24 13.748 -52.45 60 14.5856 -52.45 56.874
2 24 15.9245 -52.45 60 16.4705 -52.45 57.9623
2 24 14.5856 -52.45 56.874 16.874 -52.45 54.5856
2 24 16.4705 -52.45 57.9623 17.9623 -52.45 56.4705
2 24 16.874 -52.45 54.5856 20 -52.45 53.748
2 24 17.9623 -52.45 56.4705 20 -52.45 55.9245
2 24 20 -52.45 53.748 23.126 -52.45 54.5856
2 24 20 -52.45 55.9245 22.0377 -52.45 56.4705
2 24 23.126 -52.45 54.5856 25.4144 -52.45 56.874
2 24 22.0377 -52.45 56.4705 23.5295 -52.45 57.9623
2 24 25.4144 -52.45 56.874 26.252 -52.45 60
2 24 23.5295 -52.45 57.9623 24.0755 -52.45 60
2 24 25.4144 -52.45 63.126 26.252 -52.45 60
2 24 23.5295 -52.45 62.0378 24.0755 -52.45 60
2 24 23.5295 -52.45 62.0378 22.0377 -52.45 63.5295
2 24 23.5295 -48 62.0378 22.0377 -48 63.5295
2 24 22.0377 -52.45 63.5295 20 -52.45 64.0755
2 24 22.0377 -48 63.5295 20 -48 64.0755
2 24 20 -52.45 64.0755 17.9623 -52.45 63.5295
2 24 20 -48 64.0755 17.9623 -48 63.5295
2 24 17.9623 -52.45 63.5295 16.4705 -52.45 62.0378
2 24 17.9623 -48 63.5295 16.4705 -48 62.0378
2 24 16.4705 -52.45 62.0378 15.9245 -52.45 60
2 24 16.4705 -48 62.0378 15.9245 -48 60
2 24 15.9245 -52.45 60 16.4705 -52.45 57.9623
2 24 15.9245 -48 60 16.4705 -48 57.9623
2 24 16.4705 -52.45 57.9623 17.9623 -52.45 56.4705
2 24 16.4705 -48 57.9623 17.9623 -48 56.4705
2 24 17.9623 -52.45 56.4705 20 -52.45 55.9245
2 24 17.9623 -48 56.4705 20 -48 55.9245
2 24 20 -52.45 55.9245 22.0377 -52.45 56.4705
2 24 20 -48 55.9245 22.0377 -48 56.4705
2 24 22.0377 -52.45 56.4705 23.5295 -52.45 57.9623
2 24 22.0377 -48 56.4705 23.5295 -48 57.9623
2 24 23.5295 -52.45 57.9623 24.0755 -52.45 60
2 24 23.5295 -48 57.9623 24.0755 -48 60
2 24 23.5295 -52.45 62.0378 24.0755 -52.45 60
2 24 23.5295 -48 62.0378 24.0755 -48 60
2 24 -50.0143 -48.0145 -10.0145 -42.4499 -48.0185 -9.5221
2 24 -50.0143 -48.0145 -10.0145 -50.0223 -48.0112 0.653
2 24 -50.0143 -48.0145 -10.0145 -42.4499 -48.0185 -9.5221
2 24 -9.9922 -4.8185 -10.0015 -3.0012 -4.8198 -9.6377
2 24 30.0524 -48.0229 70 29.6248 -48.0229 62.1575
2 24 9.9823 -48.0177 70 7.9386 -48.0177 54.5244
2 24 -42.4499 -48.0185 -9.5221 -30.5835 -48.0194 -7.4733
2 24 -3.0012 -4.8198 -9.6377 6.7714 -4.8224 -8.1387
2 24 -25.2882 -48.0177 15.4463 -40.7362 -48.0177 10.8047
2 24 -42.4499 -48.0185 -9.5221 -30.5835 -48.0194 -7.4733
2 24 -30.5835 -48.0194 -7.4733 -15.8312 -48.0205 -2.2452
2 24 -15.8312 -48.0205 -2.2452 -2.4181 -48.0213 5.6484
2 24 -2.4181 -48.0213 5.6484 9.2131 -48.0221 16.3318
2 24 -25.2882 -48.0177 15.4463 -10.5356 -48.0177 24.9995
2 24 9.2131 -48.0221 16.3318 17.4657 -48.0224 27.1722
2 24 -10.5356 -48.0177 24.9995 0.8519 -48.0177 38.4095
2 24 26.565 -48.0228 46.7739 21.7663 -48.0227 34.8473
2 24 7.9386 -48.0177 54.5244 0.8519 -48.0177 38.4095
2 24 29.6248 -48.0229 62.1575 28.3857 -48.0229 54.6877
2 24 40.7669 -4.8248 8.1407 34.4593 -4.824 3.4624
2 24 -2.4181 -48.0213 5.6484 9.2131 -48.0221 16.3318
2 24 40.7669 -4.8248 8.1407 46.5856 -4.8253 13.4146
2 24 46.5856 -4.8253 13.4146 51.8593 -4.8258 19.2336
2 24 9.2131 -48.0221 16.3318 17.4657 -48.0224 27.1722
2 24 51.8593 -4.8258 19.2336 56.5373 -4.8262 25.5413
2 24 28.3857 -48.0229 54.6877 29.6248 -48.0229 62.1575
2 24 68.0861 -4.8261 53.4441 69.5638 -4.8272 61.4135
2 24 69.5638 -4.8272 61.4135 70.0435 -4.8272 70
2 24 29.6248 -48.0229 62.1575 30.0524 -48.0229 70
2 24 11.5503 -8.0146 -1.768 24.3784 -8.0131 3.9847
2 24 13.6767 -8.0178 14.884 19.8427 -8.0175 18.0981
2 24 13.6767 -8.0178 14.884 6.6752 -8.0177 12.3293
2 24 46.4261 -8.0111 23.6693 36.4615 -8.0118 13.036
2 24 19.8427 -8.0175 18.0981 32.4248 -8.0174 27.6033
2 24 46.4261 -8.0111 23.6693 53.9229 -8.0104 36.1505
2 24 32.4248 -8.0174 27.6033 41.4047 -8.0169 39.1204
2 24 41.4047 -8.0169 39.1204 47.0826 -8.0176 51.7169
2 24 53.9229 -8.0104 36.1505 59.9224 -8.0102 53.7306
2 24 59.9224 -8.0102 53.7306 61.8906 -8.01 70
2 24 49.4703 -8.0177 62.9306 49.9817 -8.0177 70
2 24 66.2358 0.0146 53.7645 51.7963 0.0155 53.7496
2 24 66.2358 0.0146 53.7645 65.9789 -5.2314 53.7655
2 24 51.7963 0.0155 53.7496 51.7963 -5.2345 53.7496
2 24 65.9789 -5.2314 53.7655 51.7963 -5.2345 53.7496
2 24 6.238 -5.2344 7.8519 6.2379 0.0156 7.7356
2 24 6.238 -5.2344 7.8519 6.2316 -5.2373 -4.3363
2 24 6.2379 0.0156 7.7356 6.2316 0.0127 -4.3363
2 24 6.2316 -5.2373 -4.3363 6.2316 0.0127 -4.3363
2 24 2.2666 0.0144 6.2356 -1.2765 0.0152 6.2371
2 24 2.2666 0.0144 6.2356 2.2686 0.0135 6.8317
2 24 -1.2765 0.0152 6.2371 -0.5829 0.0129 10.6528
2 24 -1.2765 0.0152 6.2371 -1.276 -5.233 6.2387
2 24 -1.2765 0.0152 6.2371 -0.5829 0.0129 10.6528
2 24 -0.5829 0.0129 10.6528 -0.5828 -8.0119 10.6537
2 24 -1.276 -5.233 6.2387 -1.2765 0.0152 6.2371
2 24 -1.276 -5.233 6.2387 2.2666 -5.2356 6.2356
2 24 -1.2765 0.0152 6.2371 2.2666 0.0144 6.2356
2 24 2.2666 -5.2356 6.2356 2.2666 0.0144 6.2356
2 24 -6.2356 0.0144 -6.2356 -6.2376 0.0155 1.1904
2 24 -6.2356 0.0144 -6.2356 -6.2356 -5.2356 -6.2356
2 24 -6.2376 0.0155 1.1904 -6.2389 -5.2332 1.19
2 24 -6.2356 -5.2356 -6.2356 -6.2389 -5.2332 1.19
2 24 65.9789 -5.2314 53.7655 66.2324 -5.2322 61.4554
2 24 65.9789 -5.2314 53.7655 66.2358 0.0146 53.7645
2 24 66.2358 0.0146 53.7645 66.2323 0.0177 61.4553
2 24 53.2639 -5.2356 61.5364 53.824 -5.2323 70
2 24 53.2639 -5.2356 61.5364 53.764 -5.2359 61.5053
2 24 53.824 0.0177 70 53.2639 0.0144 61.5364
2 24 53.824 -5.2323 70 53.2639 -5.2356 61.5364
2 24 53.2639 0.0144 61.5364 53.2639 -5.2356 61.5364
2 24 6.2316 -5.2373 -4.3363 2.49 -5.2386 -6.2284
2 24 2.49 -5.2386 -6.2284 -6.2356 -5.2356 -6.2356
2 24 -6.2356 -5.2356 -6.2356 -6.2389 -5.2332 1.19
2 24 -3.5315 -5.2323 2.9892 -6.2389 -5.2332 1.19
2 24 32.4248 -8.0174 27.6033 41.4047 -8.0169 39.1204
2 24 38.8595 -5.2266 35.2062 41.4051 -5.2324 39.1199
2 24 -47.3526 0.0177 -6.2323 -10.0519 0.0144 -6.2356
2 24 -47.359 0.0177 -10.0177 -9.9906 0.0176 -10.0152
2 24 -10.0519 0.0144 -6.2356 -10.0524 -8.014 -6.2356
2 24 -10.0519 0.0144 -6.2356 -10.0538 0.0135 0.4008
2 24 -10.0524 -8.014 -6.2356 -10.0546 -8.0127 0.4007
2 24 -10.0538 0.0135 0.4008 -10.0546 -8.0127 0.4007
2 24 -10.0519 0.0144 -6.2356 -10.0538 0.0135 0.4008
2 24 -10.0538 0.0135 0.4008 -6.2376 0.0155 1.1904
2 24 -6.2356 0.0144 -6.2356 -6.2376 0.0155 1.1904
2 24 -10.0524 -8.014 -6.2356 -2.3189 -8.0156 -5.2858
2 24 -10.0546 -8.0127 0.4007 -10.0524 -8.014 -6.2356
2 24 66.2323 0.0177 61.4553 66.2323 0.0177 70
2 24 69.5582 0.0177 61.4142 70.0379 0.0177 70
2 24 49.4703 0.0177 62.9306 47.0827 0.0177 51.717
2 24 52.7824 0.0135 58.4838 51.7963 0.0155 53.7496
2 24 49.4703 0.0177 62.9306 49.9817 0.0177 70
2 24 53.2639 0.0144 61.5364 53.824 0.0177 70
2 24 -0.5828 -8.0119 10.6537 6.6752 -8.0177 12.3293
2 24 -0.5828 -8.0119 10.6537 -0.5829 0.0129 10.6528
2 24 -0.5829 0.0129 10.6528 6.6752 0.0177 12.3293
2 24 6.2379 0.0156 7.7356 6.2316 0.0127 -4.3363
2 24 9.2687 0.0132 8.6004 9.2628 0.0162 -3.5668
2 24 -10.0546 -8.0127 0.4007 -10.0538 0.0135 0.4008
2 24 -6.2389 -5.2332 1.19 -6.2376 0.0155 1.1904
2 24 -10.0538 0.0135 0.4008 -6.2376 0.0155 1.1904
2 24 66.2323 0.0177 61.4553 66.2323 0.0177 70
2 24 66.2324 -5.2322 61.4554 66.2323 -5.2323 70
2 24 66.2323 -5.2323 70 66.2324 -5.2322 61.4554
2 24 52.7824 -5.2365 58.4838 53.7644 -5.2356 58.4856
2 24 52.7824 -5.2365 58.4838 51.7963 -5.2345 53.7496
2 24 51.7963 -5.2345 53.7496 65.9789 -5.2314 53.7655
2 24 52.7824 0.0135 58.4838 52.7824 -5.2365 58.4838
2 24 52.7824 0.0135 58.4838 51.7963 0.0155 53.7496
2 24 52.7824 -5.2365 58.4838 51.7963 -5.2345 53.7496
2 24 51.7963 0.0155 53.7496 51.7963 -5.2345 53.7496
2 24 53.764 -5.2359 61.5053 53.7644 -5.2356 58.4856
2 24 53.764 -5.2359 61.5053 53.764 0.0141 61.5053
2 24 53.7644 -5.2356 58.4856 53.7644 0.0144 58.4856
2 24 53.764 0.0141 61.5053 53.7644 0.0144 58.4856
2 24 -0.5828 -8.0119 10.6537 -3.5328 -8.016 2.9901
2 24 11.5503 -8.0146 -1.768 -2.3189 -8.0156 -5.2858
2 24 -0.5828 -8.0119 10.6537 -3.5328 -8.016 2.9901
2 24 -1.276 -5.233 6.2387 -3.5315 -5.2323 2.9892
2 24 -6.2389 -5.2332 1.19 -3.5315 -5.2323 2.9892
2 24 -10.0546 -8.0127 0.4007 -3.5328 -8.016 2.9901
2 24 -10.0546 -8.0127 0.4007 -3.5328 -8.016 2.9901
2 24 6.6752 -8.0177 12.3293 -0.5828 -8.0119 10.6537
2 24 32.4248 -8.0174 27.6033 19.8427 -8.0175 18.0981
2 24 24.9496 -4.84 21.2466 24.1253 -5.2343 20.67
2 24 43.7997 -5.2312 43.4803 44.2468 -4.8374 44.378
2 24 38.8595 -5.2266 35.2062 38.2801 -4.8345 34.3868
2 24 47.0826 -8.0176 51.7169 49.4703 -8.0177 62.9306
2 24 47.0827 0.0177 51.717 49.4703 0.0177 62.9306
2 24 47.0826 -8.0176 51.7169 49.4703 -8.0177 62.9306
2 24 49.4703 -8.0177 62.9306 49.9817 -8.0177 70
2 24 49.4703 0.0177 62.9306 49.9817 0.0177 70
2 24 41.4051 -5.2324 39.1199 43.7997 -5.2312 43.4803
2 24 41.4047 -8.0169 39.1204 47.0826 -8.0176 51.7169
2 24 51.7963 0.0155 53.7496 66.2358 0.0146 53.7645
2 24 63.286 0.0198 50.6914 50.9601 0.0131 50.7302
2 24 66.2323 0.0177 61.4553 66.2358 0.0146 53.7645
2 24 69.5582 0.0177 61.4142 68.0861 0.0177 53.4672
2 24 2.2666 -5.2356 6.2356 2.2666 0.0144 6.2356
2 24 2.2666 -5.2356 6.2356 2.2688 -5.2367 6.8341
2 24 2.2666 0.0144 6.2356 2.2686 0.0135 6.8317
2 24 2.2688 -5.2367 6.8341 2.2686 0.0135 6.8317
2 24 2.2688 -5.2367 6.8341 6.238 -5.2344 7.8519
2 24 2.2688 -5.2367 6.8341 2.2666 -5.2356 6.2356
2 24 6.2316 -5.2373 -4.3363 6.238 -5.2344 7.8519
2 24 44.4521 -1.3672 44.8564 44.4422 -3.875 44.8192
2 24 38.2801 -4.8345 34.3868 42.8944 -5.2384 31.1145
2 24 37.9892 -3.874 34.0041 38.2801 -4.8345 34.3868
2 24 37.0053 0.0294 32.7962 32.4249 0.0177 27.603
2 24 38.8595 -5.2266 35.2062 41.4051 -5.2324 39.1199
2 24 44.2468 -4.8374 44.378 44.4422 -3.875 44.8192
2 24 47.0827 0.0177 51.717 45.0742 0.0178 46.252
2 24 47.0827 0.0177 51.717 45.0742 0.0178 46.252
2 24 45.0742 0.0178 46.252 44.645 -0.3786 45.3056
2 24 44.4521 -1.3672 44.8564 44.645 -0.3786 45.3056
2 24 37.9651 -1.3561 33.9819 37.9892 -3.874 34.0041
2 24 37.9892 -3.874 34.0041 37.9651 -1.3561 33.9819
2 24 37.9651 -1.3561 33.9819 37.6617 -0.3678 33.5988
2 24 37.6617 -0.3678 33.5988 42.8085 0.0752 31.0047
2 24 37.9651 -1.3561 33.9819 37.6617 -0.3678 33.5988
2 24 37.6617 -0.3678 33.5988 37.0053 0.0294 32.7962
2 24 42.8085 0.0752 31.0047 37.6617 -0.3678 33.5988
2 24 37.0053 0.0294 32.7962 37.6617 -0.3678 33.5988
2 24 19.8427 -8.0175 18.0981 13.6767 -8.0178 14.884
2 24 16.4963 -5.235 16.1881 15.5818 -4.8421 15.73
2 24 24.3784 -8.0131 3.9847 36.4615 -8.0118 13.036
2 24 24.1253 -5.2343 20.67 16.4963 -5.235 16.1881
2 24 39.3399 0.0146 29.4753 35.1757 0.0177 24.8644
2 24 30.5242 -5.2353 20.6529 39.1749 -5.2359 12.0102
2 24 30.5242 -5.2353 20.6529 30.5242 0.0147 20.6529
2 24 39.1749 -5.2359 12.0102 39.1749 0.0141 12.0102
2 24 30.5242 0.0147 20.6529 39.1749 0.0141 12.0102
2 24 39.1749 0.0141 12.0102 41.2659 0.0177 13.8546
2 24 47.9892 0.0141 20.831 47.9892 -5.2359 20.8311
2 24 47.9892 0.0141 20.831 39.3399 0.0146 29.4753
2 24 47.9892 -5.2359 20.8311 39.34 -5.2353 29.4753
2 24 39.3399 0.0146 29.4753 39.34 -5.2353 29.4753
2 24 39.34 -5.2353 29.4753 47.9892 -5.2359 20.8311
2 24 46.1079 -5.2323 18.6967 47.9892 -5.2359 20.8311
2 24 39.1749 0.0141 12.0102 39.1749 -5.2359 12.0102
2 24 39.1749 0.0141 12.0102 41.2659 0.0177 13.8546
2 24 39.1749 -5.2359 12.0102 41.2659 -5.2323 13.8546
2 24 41.2659 -5.2323 13.8546 39.1749 -5.2359 12.0102
2 24 30.5242 -5.2353 20.6529 39.1749 -5.2359 12.0102
2 24 47.9892 0.0141 20.831 46.1079 0.0177 18.6967
2 24 47.9892 0.0141 20.831 47.9892 -5.2359 20.8311
2 24 47.9892 -5.2359 20.8311 46.1079 -5.2323 18.6967
2 24 46.1079 -5.2323 18.6967 44.3938 -5.2323 15.5687
2 24 46.1079 0.0177 18.6967 44.3938 0.0177 15.5687
2 24 44.3938 0.0177 15.5687 46.1079 0.0177 18.6967
2 24 46.581 0.0177 13.419 51.8545 0.0177 19.2373
2 24 35.1757 0.0177 24.8644 39.3399 0.0146 29.4753
2 24 39.3399 0.0146 29.4753 39.34 -5.2353 29.4753
2 24 35.1757 -5.2323 24.8644 39.34 -5.2353 29.4753
2 24 35.1757 0.0177 24.8644 30.5242 0.0147 20.6529
2 24 35.1757 0.0177 24.8644 30.5242 0.0147 20.6529
2 24 30.5242 0.0147 20.6529 30.5242 -5.2353 20.6529
2 24 35.1757 -5.2323 24.8644 30.5242 -5.2353 20.6529
2 24 41.2659 0.0177 13.8546 44.3938 0.0177 15.5687
2 24 41.2659 -5.2323 13.8546 44.3938 -5.2323 15.5687
2 24 41.2659 0.0177 13.8546 44.3938 0.0177 15.5687
2 24 40.7627 0.0177 8.1455 46.581 0.0177 13.419
2 24 39.34 -5.2353 29.4753 35.1757 -5.2323 24.8644
2 24 46.1079 -5.2323 18.6967 44.3938 -5.2323 15.5687
2 24 41.2659 -5.2323 13.8546 44.3938 -5.2323 15.5687
2 24 30.5242 -5.2353 20.6529 35.1757 -5.2323 24.8644
2 24 30.1211 0.0127 5.4137 36.4172 0.0156 9.7758
2 24 40.7627 0.0177 8.1455 34.4554 0.0177 3.4677
2 24 36.4171 -5.2345 9.7757 36.4172 0.0156 9.7758
2 24 36.4172 0.0156 9.7758 29.8449 -0.0215 16.5978
2 24 36.4172 0.0156 9.7758 30.1211 0.0127 5.4137
2 24 36.4172 0.0156 9.7758 36.4171 -5.2345 9.7757
2 24 30.1211 0.0127 5.4137 30.1212 -5.2374 5.4138
2 24 36.4171 -5.2345 9.7757 30.1212 -5.2374 5.4138
2 24 30.1212 -5.2374 5.4138 30.1211 0.0127 5.4137
2 24 30.1212 -5.2374 5.4138 24.5981 -5.2173 8.2016
2 24 30.1211 0.0127 5.4137 24.3981 0.0183 8.1416
2 24 36.4171 -5.2345 9.7757 29.4844 -4.8912 16.176
2 24 -6.2356 0.0144 -6.2356 2.49 0.0114 -6.2284
2 24 6.2316 0.0127 -4.3363 2.49 0.0114 -6.2284
2 24 -3.0107 0.0177 -9.6345 6.7473 0.0177 -8.1207
2 24 2.49 -5.2386 -6.2284 2.49 0.0114 -6.2284
2 24 2.49 -5.2386 -6.2284 -6.2356 -5.2356 -6.2356
2 24 2.49 0.0114 -6.2284 -6.2356 0.0144 -6.2356
2 24 -6.2356 -5.2356 -6.2356 -6.2356 0.0144 -6.2356
2 24 2.49 0.0114 -6.2284 2.49 -5.2386 -6.2284
2 24 2.49 0.0114 -6.2284 6.2316 0.0127 -4.3363
2 24 2.49 -5.2386 -6.2284 6.2316 -5.2373 -4.3363
2 24 6.2316 0.0127 -4.3363 6.2316 -5.2373 -4.3363
2 24 50.2215 0.0153 23.5907 50.2214 -5.2345 23.5905
2 24 50.2215 0.0153 23.5907 53.8815 0.0125 28.7883
2 24 50.2214 -5.2345 23.5905 53.8815 -5.2375 28.7879
2 24 53.8815 0.0125 28.7883 53.8815 -5.2375 28.7879
2 24 56.5322 0.0177 25.5445 59.965 0.0177 31.2924
2 24 53.8815 -5.2375 28.7879 51.6158 -5.0678 34.2917
2 24 53.8815 -5.2375 28.7879 53.8815 0.0125 28.7883
2 24 53.8815 0.0125 28.7883 51.6638 0.0191 34.8563
2 24 64.9362 -5.2245 43.1871 61.1161 -5.236 34.2337
2 24 14.2629 -5.2378 10.305 14.2669 0.0121 10.3556
2 24 14.2629 -5.2378 10.305 19.2093 -5.1433 7.6456
2 24 14.2669 0.0121 10.3556 19.6598 0.0155 7.4316
2 24 19.6598 0.0155 7.4316 14.2669 0.0121 10.3556
2 24 14.2629 -5.2378 10.305 9.3175 -5.2368 8.5679
2 24 14.2629 -5.2378 10.305 14.2669 0.0121 10.3556
2 24 9.3175 -5.2368 8.5679 9.2687 0.0132 8.6004
2 24 14.2669 0.0121 10.3556 9.2687 0.0132 8.6004
2 24 19.5501 -0.0335 10.3933 16.9617 -0.0683 11.583
2 24 63.286 -5.2301 50.6915 50.9601 -5.2369 50.7302
2 24 63.286 -5.2301 50.6915 63.286 0.0198 50.6914
2 24 50.9601 -5.2369 50.7302 50.9601 0.0131 50.7302
2 24 63.286 0.0198 50.6914 50.9601 0.0131 50.7302
2 24 50.9601 0.0131 50.7302 50.9601 -5.2369 50.7302
2 24 50.9601 0.0131 50.7302 49.7935 0.0117 47.2616
2 24 50.9601 -5.2369 50.7302 49.7934 -5.2382 47.2616
2 24 49.7935 0.0117 47.2616 49.7934 -5.2382 47.2616
2 24 50.9601 0.0131 50.7302 49.7935 0.0117 47.2616
2 24 53.8815 0.0125 28.7883 51.6638 0.0191 34.8563
2 24 25.8862 -5.221 -1.2632 16.9669 -5.2129 -5.1908
2 24 -2.4181 -48.0213 5.6484 -15.8312 -48.0205 -2.2452
2 24 25.8862 -5.221 -1.2632 16.9669 -5.2129 -5.1908
2 24 64.9362 -5.2245 43.1871 61.1161 -5.236 34.2337
2 24 26.565 -48.0228 46.7739 21.7663 -48.0227 34.8473
2 24 28.6686 0.0177 0.0587 34.4554 0.0177 3.4677
2 24 27.3238 -3.8143 -0.7199 27.2427 -1.4602 -0.7697
2 24 60.8106 -1.4838 32.7407 60.79 -3.8762 32.749
2 24 46.1079 0.0177 18.6967 47.9892 0.0141 20.831
2 24 64.9362 -5.2245 43.1871 65.6723 -4.8527 43.9575
2 24 68.0861 -4.8261 53.4441 65.6723 -4.8527 43.9575
2 24 34.4554 0.0177 3.4677 40.7627 0.0177 8.1455
2 24 34.4593 -4.824 3.4624 40.7669 -4.8248 8.1407
2 24 40.7627 0.0177 8.1455 46.581 0.0177 13.419
2 24 40.7669 -4.8248 8.1407 46.5856 -4.8253 13.4146
2 24 46.581 0.0177 13.419 51.8545 0.0177 19.2373
2 24 46.5856 -4.8253 13.4146 51.8593 -4.8258 19.2336
2 24 51.8545 0.0177 19.2373 56.5322 0.0177 25.5445
2 24 56.5373 -4.8262 25.5413 51.8593 -4.8258 19.2336
2 24 53.8815 0.0125 28.7883 50.2215 0.0153 23.5907
2 24 51.8545 0.0177 19.2373 56.5322 0.0177 25.5445
2 24 56.5322 0.0177 25.5445 59.965 0.0177 31.2924
2 24 69.5582 0.0177 61.4142 68.0861 0.0177 53.4672
2 24 69.5638 -4.8272 61.4135 68.0861 -4.8261 53.4441
2 24 69.5582 0.0177 61.4142 70.0379 0.0177 70
2 24 69.5638 -4.8272 61.4135 70.0435 -4.8272 70
2 24 27.2427 -1.4602 -0.7697 27.7049 -0.4028 -0.4995
2 24 60.8106 -1.4838 32.7407 60.5354 -0.4096 32.2704
2 24 59.965 0.0177 31.2924 60.5354 -0.4096 32.2704
2 24 16.9669 -5.2129 -5.1908 16.0273 -4.8193 -5.6516
2 24 15.4708 -5.2119 -1.6502 14.49 -4.8135 -1.991
2 24 16.0273 -4.8193 -5.6516 15.5759 -3.8092 -5.8212
2 24 14.49 -4.8135 -1.991 14.02 -3.8149 -2.1347
2 24 27.3238 -3.8143 -0.7199 26.8765 -4.8172 -0.9363
2 24 34.4593 -4.824 3.4624 26.8765 -4.8172 -0.9363
2 24 34.4593 -4.824 3.4624 26.8765 -4.8172 -0.9363
2 24 25.8862 -5.221 -1.2632 26.8765 -4.8172 -0.9363
2 24 56.5373 -4.8262 25.5413 60.995 -4.8449 33.1833
2 24 61.8663 -3.8729 45.9616 61.6994 -4.8355 45.5216
2 24 65.8254 -3.8708 44.4024 65.6723 -4.8527 43.9575
2 24 65.6723 -4.8527 43.9575 65.8254 -3.8708 44.4024
2 24 68.0861 -4.8261 53.4441 65.6723 -4.8527 43.9575
2 24 61.348 -5.2204 44.5612 61.6994 -4.8355 45.5216
2 24 64.9362 -5.2245 43.1871 65.6723 -4.8527 43.9575
2 24 37.0053 0.0294 32.7962 32.4249 0.0177 27.603
2 24 6.7473 0.0177 -8.1207 13.9737 0.0224 -6.2851
2 24 6.7714 -4.8224 -8.1387 -3.0012 -4.8198 -9.6377
2 24 6.7473 0.0177 -8.1207 -3.0107 0.0177 -9.6345
2 24 -47.359 0.0177 -10.0177 -9.9906 0.0176 -10.0152
2 24 9.2628 0.0162 -3.5668 9.2687 0.0132 8.6004
2 24 9.2628 0.0162 -3.5668 9.3094 -5.2338 -3.5072
2 24 9.2687 0.0132 8.6004 9.3175 -5.2368 8.5679
2 24 9.3094 -5.2338 -3.5072 9.3175 -5.2368 8.5679
2 24 9.3175 -5.2368 8.5679 14.2629 -5.2378 10.305
2 24 56.5373 -4.8262 25.5413 60.995 -4.8449 33.1833
2 24 60.79 -3.8762 32.749 60.995 -4.8449 33.1833
2 24 61.348 -5.2204 44.5612 63.286 -5.2301 50.6915
2 24 63.286 -5.2301 50.6915 50.9601 -5.2369 50.7302
2 24 49.7934 -5.2382 47.2616 50.9601 -5.2369 50.7302
2 24 61.6994 -4.8355 45.5216 61.348 -5.2204 44.5612
2 24 63.286 -5.2301 50.6915 61.348 -5.2204 44.5612
2 24 61.6994 -4.8355 45.5216 61.8663 -3.8729 45.9616
2 24 51.6638 0.0191 34.8563 48.2958 -0.377 42.7886
2 24 48.2958 -0.377 42.7886 44.645 -0.3786 45.3056
2 24 45.0742 0.0178 46.252 44.645 -0.3786 45.3056
2 24 51.6158 -5.0678 34.2917 48.3724 -4.8384 41.8526
2 24 48.3724 -4.8384 41.8526 44.2468 -4.8374 44.378
2 24 44.2468 -4.8374 44.378 44.4422 -3.875 44.8192
2 24 51.6638 0.0191 34.8563 48.2958 -0.377 42.7886
2 24 44.4521 -1.3672 44.8564 44.645 -0.3786 45.3056
2 24 48.2958 -0.377 42.7886 44.645 -0.3786 45.3056
2 24 42.8944 -5.2384 31.1145 38.2801 -4.8345 34.3868
2 24 38.8595 -5.2266 35.2062 38.2801 -4.8345 34.3868
2 24 25.695 -0.4054 4.2176 27.7049 -0.4028 -0.4995
2 24 27.7049 -0.4028 -0.4995 28.6686 0.0177 0.0587
2 24 27.3238 -3.8143 -0.7199 26.8765 -4.8172 -0.9363
2 24 24.7177 -4.8048 4.1719 26.8765 -4.8172 -0.9363
2 24 24.7177 -4.8048 4.1719 26.8765 -4.8172 -0.9363
2 24 25.8862 -5.221 -1.2632 26.8765 -4.8172 -0.9363
2 24 30.1211 0.0127 5.4137 24.3981 0.0183 8.1416
2 24 25.695 -0.4054 4.2176 27.7049 -0.4028 -0.4995
2 24 27.2427 -1.4602 -0.7697 27.7049 -0.4028 -0.4995
2 24 19.6598 0.0155 7.4316 23.4225 -0.2474 5.4259
2 24 27.3238 -3.8143 -0.7199 27.2427 -1.4602 -0.7697
2 24 19.2093 -5.1433 7.6456 22.5634 -4.9375 5.5293
2 24 19.2093 -5.1433 7.6456 22.5634 -4.9375 5.5293
2 24 34.4554 0.0177 3.4677 28.6686 0.0177 0.0587
2 24 15.5524 -1.4652 -5.8502 15.5759 -3.8092 -5.8212
2 24 19.5501 -0.0335 10.3933 16.9617 -0.0683 11.583
2 24 17.7603 -4.839 11.8394 15.5818 -4.8421 15.73
2 24 16.4963 -5.235 16.1881 15.5818 -4.8421 15.73
2 24 17.7603 -4.839 11.8394 20.002 -4.9867 10.6368
2 24 49.7934 -5.2382 47.2616 54.5391 -4.8322 35.9418
2 24 61.1161 -5.236 34.2337 60.995 -4.8449 33.1833
2 24 54.5391 -4.8322 35.9418 60.995 -4.8449 33.1833
2 24 54.5126 -0.4112 34.868 49.7935 0.0117 47.2616
2 24 54.5245 -1.498 35.4421 54.5126 -0.4112 34.868
2 24 60.8106 -1.4838 32.7407 60.5354 -0.4096 32.2704
2 24 54.5126 -0.4112 34.868 60.5354 -0.4096 32.2704
2 24 60.8106 -1.4838 32.7407 60.79 -3.8762 32.749
2 24 49.7935 0.0117 47.2616 49.7934 -5.2382 47.2616
2 24 54.5126 -0.4112 34.868 60.5354 -0.4096 32.2704
2 24 59.965 0.0177 31.2924 60.5354 -0.4096 32.2704
2 24 49.7934 -5.2382 47.2616 54.5391 -4.8322 35.9418
2 24 60.79 -3.8762 32.749 60.995 -4.8449 33.1833
2 24 54.5391 -4.8322 35.9418 60.995 -4.8449 33.1833
2 24 -49.8295 -4.818 -10.0224 -49.8363 -2.4468 -10.0112
2 24 -10.0524 -8.014 -6.2356 -10.0519 0.0144 -6.2356
2 24 -47.3526 0.0177 -6.2323 -10.0519 0.0144 -6.2356
2 24 -47.3526 0.0177 -6.2323 -49.0994 -0.7042 -6.2323
2 24 -47.359 0.0177 -10.0177 -49.1058 -0.705 -10.0177
2 24 -47.3526 0.0177 -6.2323 -49.0994 -0.7042 -6.2323
2 24 -49.0994 -0.7042 -6.2323 -49.8321 -2.4482 -6.2388
2 24 -49.8363 -2.4468 -10.0112 -49.1058 -0.705 -10.0177
2 24 -49.8321 -2.4482 -6.2388 -49.0994 -0.7042 -6.2323
2 24 7.9386 -43.4823 54.5244 9.9823 -43.4823 70
2 24 27.3186 -43.4772 54.5595 29.0463 -43.4771 70
2 24 -25.2882 -43.4823 15.4463 -10.5356 -43.4823 24.9995
2 24 -17.5501 -43.4797 -0.097 1.5435 -43.4783 11.2817
2 24 -10.5356 -43.4823 24.9995 0.8519 -43.4823 38.4095
2 24 1.5435 -43.4783 11.2817 16.499 -43.4775 28.655
2 24 7.9386 -43.4823 54.5244 0.8519 -43.4823 38.4095
2 24 27.3186 -43.4772 54.5595 16.499 -43.4775 28.655
2 24 -50.0145 -43.4855 -6.2357 -50.0223 -43.4888 0.6532
2 24 -50.0145 -43.4855 -6.2357 -35.7762 -43.4813 -5.5775
2 24 -50.0223 -43.4888 0.6532 -50.0145 -43.4855 -6.2357
2 24 -50.0223 -48.0112 0.653 -50.0143 -48.0145 -10.0145
2 24 -17.5501 -43.4797 -0.097 -35.7762 -43.4813 -5.5775
2 24 -25.2882 -43.4823 15.4463 -40.7362 -43.4823 10.8047
2 24 -40.7362 -43.4823 10.8047 -45.3731 -43.4823 9.2481
2 24 -45.3731 -43.4823 9.2481 -48.811 -43.4823 5.5818
2 24 -50.0223 -43.4888 0.6532 -48.811 -43.4823 5.5818
2 24 7.9386 -48.0177 54.5244 9.9823 -48.0177 70
2 24 7.9386 -43.4823 54.5244 9.9823 -43.4823 70
2 24 -25.2882 -48.0177 15.4463 -10.5356 -48.0177 24.9995
2 24 -25.2882 -43.4823 15.4463 -10.5356 -43.4823 24.9995
2 24 -10.5356 -48.0177 24.9995 0.8519 -48.0177 38.4095
2 24 -10.5356 -43.4823 24.9995 0.8519 -43.4823 38.4095
2 24 7.9386 -48.0177 54.5244 0.8519 -48.0177 38.4095
2 24 7.9386 -43.4823 54.5244 0.8519 -43.4823 38.4095
2 24 -25.2882 -43.4823 15.4463 -40.7362 -43.4823 10.8047
2 24 -25.2882 -48.0177 15.4463 -40.7362 -48.0177 10.8047
2 24 -40.7362 -48.0177 10.8047 -45.3731 -48.0177 9.2481
2 24 -40.7362 -48.0177 10.8047 -45.3731 -48.0177 9.2481
2 24 -40.7362 -43.4823 10.8047 -45.3731 -43.4823 9.2481
2 24 -45.3731 -48.0177 9.2481 -48.811 -48.0177 5.5818
2 24 -45.3731 -43.4823 9.2481 -48.811 -43.4823 5.5818
2 24 -45.3731 -48.0177 9.2481 -48.811 -48.0177 5.5818
2 24 -50.0223 -48.0112 0.653 -48.811 -48.0177 5.5818
2 24 -50.0223 -43.4888 0.6532 -48.811 -43.4823 5.5818
2 24 -50.0223 -48.0112 0.653 -48.811 -48.0177 5.5818
2 24 -47.359 0.0177 -10.0177 -49.1058 -0.705 -10.0177
2 24 -50.0143 -48.0145 -10.0145 -49.8295 -4.818 -10.0224
2 24 -9.9906 0.0176 -10.0152 -3.0107 0.0177 -9.6345
2 24 -49.1058 -0.705 -10.0177 -49.8363 -2.4468 -10.0112
2 24 -0.5829 0.0129 10.6528 6.6752 0.0177 12.3293
2 24 2.2686 0.0135 6.8317 6.2379 0.0156 7.7356
2 24 6.238 -5.2344 7.8519 2.2688 -5.2367 6.8341
2 24 6.238 -5.2344 7.8519 6.2379 0.0156 7.7356
2 24 2.2688 -5.2367 6.8341 2.2686 0.0135 6.8317
2 24 6.2379 0.0156 7.7356 2.2686 0.0135 6.8317
2 24 61.8663 -3.8729 45.9616 61.8592 -1.4878 45.9872
2 24 61.8663 -3.8729 45.9616 61.8592 -1.4878 45.9872
2 24 65.8254 -3.8708 44.4024 65.8228 -1.4902 44.4155
2 24 65.8228 -1.4902 44.4155 65.9805 -0.4164 44.9278
2 24 61.8592 -1.4878 45.9872 62.022 -0.4129 46.4947
2 24 62.3844 0.0261 47.5677 62.022 -0.4129 46.4947
2 24 62.022 -0.4129 46.4947 62.3844 0.0261 47.5677
2 24 65.9805 -0.4164 44.9278 66.3072 0.021 46.052
2 24 62.3844 0.0261 47.5677 63.286 0.0198 50.6914
2 24 63.286 -5.2301 50.6915 63.286 0.0198 50.6914
2 24 15.4708 -5.2119 -1.6502 14.49 -4.8135 -1.991
2 24 9.3094 -5.2338 -3.5072 15.4708 -5.2119 -1.6502
2 24 14.02 -3.8149 -2.1347 13.9716 -1.4672 -2.1535
2 24 15.5759 -3.8092 -5.8212 15.5524 -1.4652 -5.8502
2 24 14.02 -3.8149 -2.1347 13.9716 -1.4672 -2.1535
2 24 13.9716 -1.4672 -2.1535 13.471 -0.4102 -2.3075
2 24 15.5524 -1.4652 -5.8502 15.0491 -0.4093 -6.0068
2 24 13.9716 -1.4672 -2.1535 13.471 -0.4102 -2.3075
2 24 13.471 -0.4102 -2.3075 12.4164 0.0223 -2.6353
2 24 15.0491 -0.4093 -6.0068 13.9737 0.0224 -6.2851
2 24 13.471 -0.4102 -2.3075 12.4164 0.0223 -2.6353
2 24 9.3094 -5.2338 -3.5072 9.2628 0.0162 -3.5668
2 24 12.4164 0.0223 -2.6353 9.2628 0.0162 -3.5668
2 24 9.3175 -5.2368 8.5679 9.3094 -5.2338 -3.5072
2 24 15.4708 -5.2119 -1.6502 9.3094 -5.2338 -3.5072
2 24 6.7473 0.0177 -8.1207 13.9737 0.0224 -6.2851
2 24 9.2628 0.0162 -3.5668 12.4164 0.0223 -2.6353
2 24 -3.0107 0.0177 -9.6345 -9.9906 0.0176 -10.0152
2 24 -9.9922 -4.8185 -10.0015 -3.0012 -4.8198 -9.6377
2 24 -49.8295 -4.818 -10.0224 -49.8363 -2.4468 -10.0112
2 24 53.8815 -5.2375 28.7879 50.2214 -5.2345 23.5905
2 24 51.6158 -5.0678 34.2917 53.8815 -5.2375 28.7879
2 24 42.8944 -5.2384 31.1145 50.2214 -5.2345 23.5905
2 24 42.8944 -5.2384 31.1145 50.2214 -5.2345 23.5905
2 24 50.2214 -5.2345 23.5905 50.2215 0.0153 23.5907
2 24 42.8085 0.0752 31.0047 50.2215 0.0153 23.5907
2 24 39.3399 0.0146 29.4753 47.9892 0.0141 20.831
2 24 42.8085 0.0752 31.0047 50.2215 0.0153 23.5907
2 24 26.565 -48.0228 46.7739 28.3857 -48.0229 54.6877
2 24 17.4657 -48.0224 27.1722 21.7663 -48.0227 34.8473
2 24 -49.8321 -2.4482 -6.2388 -50.0145 -43.4855 -6.2357
2 24 -49.8295 -4.818 -10.0224 -50.0143 -48.0145 -10.0145
2 24 27.3186 -43.4772 54.5595 29.0463 -43.4771 70
2 24 59.9224 -8.0102 53.7306 61.8906 -8.01 70
2 24 -35.7762 -43.4813 -5.5775 -17.5501 -43.4797 -0.097
2 24 -2.3189 -8.0156 -5.2858 11.5503 -8.0146 -1.768
2 24 -35.7762 -43.4813 -5.5775 -50.0145 -43.4855 -6.2357
2 24 -10.0524 -8.014 -6.2356 -2.3189 -8.0156 -5.2858
2 24 11.5503 -8.0146 -1.768 24.3784 -8.0131 3.9847
2 24 -17.5501 -43.4797 -0.097 1.5435 -43.4783 11.2817
2 24 24.3784 -8.0131 3.9847 36.4615 -8.0118 13.036
2 24 1.5435 -43.4783 11.2817 16.499 -43.4775 28.655
2 24 36.4615 -8.0118 13.036 46.4261 -8.0111 23.6693
2 24 46.4261 -8.0111 23.6693 53.9229 -8.0104 36.1505
2 24 27.3186 -43.4772 54.5595 16.499 -43.4775 28.655
2 24 59.9224 -8.0102 53.7306 53.9229 -8.0104 36.1505
2 24 15.1337 -3.8798 15.5463 15.1236 -1.3673 15.5099
2 24 16.4963 -5.235 16.1881 24.1253 -5.2343 20.67
2 24 17.7603 -4.839 11.8394 15.5818 -4.8421 15.73
2 24 15.1337 -3.8798 15.5463 15.5818 -4.8421 15.73
2 24 17.7603 -4.839 11.8394 20.002 -4.9867 10.6368
2 24 28.4524 -4.8409 17.1309 29.4844 -4.8912 16.176
2 24 29.4844 -4.8912 16.176 28.4524 -4.8409 17.1309
2 24 29.8449 -0.0215 16.5978 28.868 -0.0434 17.6582
2 24 29.8449 -0.0215 16.5978 28.868 -0.0434 17.6582
2 24 20.002 -4.9867 10.6368 24.5981 -5.2173 8.2016
2 24 24.5981 -5.2173 8.2016 20.002 -4.9867 10.6368
2 24 24.3981 0.0183 8.1416 19.5501 -0.0335 10.3933
2 24 52.7824 0.0135 58.4838 53.7644 0.0144 58.4856
2 24 53.2639 0.0144 61.5364 53.764 0.0141 61.5053
2 24 53.7644 0.0144 58.4856 53.764 0.0141 61.5053
2 24 53.2639 0.0144 61.5364 53.2639 -5.2356 61.5364
2 24 53.2639 0.0144 61.5364 53.764 0.0141 61.5053
2 24 53.2639 -5.2356 61.5364 53.764 -5.2359 61.5053
2 24 53.764 0.0141 61.5053 53.764 -5.2359 61.5053
2 24 53.7644 -5.2356 58.4856 52.7824 -5.2365 58.4838
2 24 53.7644 -5.2356 58.4856 53.7644 0.0144 58.4856
2 24 52.7824 -5.2365 58.4838 52.7824 0.0135 58.4838
2 24 53.7644 0.0144 58.4856 52.7824 0.0135 58.4838
2 24 6.6752 -8.0177 12.3293 13.6767 -8.0178 14.884
2 24 6.6752 0.0177 12.3293 13.7195 0.0176 14.9169
2 24 25.3329 -3.8776 21.5352 25.3665 -1.368 21.5486
2 24 32.4249 0.0177 27.603 26.5687 0.019 22.4637
2 24 32.4249 0.0177 27.603 26.5687 0.019 22.4637
2 24 24.1253 -5.2343 20.67 24.9496 -4.84 21.2466
2 24 28.4524 -4.8409 17.1309 24.9496 -4.84 21.2466
2 24 28.4524 -4.8409 17.1309 24.9496 -4.84 21.2466
2 24 25.3329 -3.8776 21.5352 24.9496 -4.84 21.2466
2 24 25.3329 -3.8776 21.5352 25.3665 -1.368 21.5486
2 24 25.3665 -1.368 21.5486 25.7601 -0.3781 21.8312
2 24 28.868 -0.0434 17.6582 25.7601 -0.3781 21.8312
2 24 28.868 -0.0434 17.6582 25.7601 -0.3781 21.8312
2 24 26.5687 0.019 22.4637 25.7601 -0.3781 21.8312
2 24 25.3665 -1.368 21.5486 25.7601 -0.3781 21.8312
2 24 26.5687 0.019 22.4637 25.7601 -0.3781 21.8312
2 24 43.7997 -5.2312 43.4803 44.2468 -4.8374 44.378
2 24 48.3724 -4.8384 41.8526 44.2468 -4.8374 44.378
2 24 44.4422 -3.875 44.8192 44.4521 -1.3672 44.8564
2 24 51.6158 -5.0678 34.2917 48.3724 -4.8384 41.8526
2 24 19.6598 0.0155 7.4316 23.4225 -0.2474 5.4259
2 24 14.49 -4.8135 -1.991 14.02 -3.8149 -2.1347
2 24 25.695 -0.4054 4.2176 23.4225 -0.2474 5.4259
2 24 25.695 -0.4054 4.2176 23.4225 -0.2474 5.4259
2 24 24.7177 -4.8048 4.1719 22.5634 -4.9375 5.5293
2 24 24.7177 -4.8048 4.1719 22.5634 -4.9375 5.5293
2 24 14.2629 -5.2378 10.305 19.2093 -5.1433 7.6456
2 24 15.5818 -4.8421 15.73 15.1337 -3.8798 15.5463
2 24 15.1236 -1.3673 15.5099 14.6763 -0.3784 15.3143
2 24 16.9617 -0.0683 11.583 14.6763 -0.3784 15.3143
2 24 13.7195 0.0176 14.9169 14.6763 -0.3784 15.3143
2 24 16.9617 -0.0683 11.583 14.6763 -0.3784 15.3143
2 24 6.6752 0.0177 12.3293 13.7195 0.0176 14.9169
2 24 15.1337 -3.8798 15.5463 15.1236 -1.3673 15.5099
2 24 13.7195 0.0176 14.9169 14.6763 -0.3784 15.3143
2 24 15.1236 -1.3673 15.5099 14.6763 -0.3784 15.3143
2 24 68.0861 0.0177 53.4672 66.3072 0.021 46.052
2 24 68.0861 0.0177 53.4672 66.3072 0.021 46.052
2 24 65.8254 -3.8708 44.4024 65.8228 -1.4902 44.4155
2 24 66.3072 0.021 46.052 65.9805 -0.4164 44.9278
2 24 53.764 -5.2359 61.5053 53.7644 -5.2356 58.4856
2 24 66.2324 -5.2322 61.4554 65.9789 -5.2314 53.7655
2 24 9.2687 0.0132 8.6004 14.2669 0.0121 10.3556
2 24 61.1161 -5.236 34.2337 60.995 -4.8449 33.1833
2 24 17.4657 -48.0224 27.1722 21.7663 -48.0227 34.8473
2 24 28.3857 -48.0229 54.6877 26.565 -48.0228 46.7739
2 24 41.4051 -5.2324 39.1199 43.7997 -5.2312 43.4803
2 24 49.7935 0.0117 47.2616 54.5126 -0.4112 34.868
2 24 6.7714 -4.8224 -8.1387 16.0273 -4.8193 -5.6516
2 24 15.5759 -3.8092 -5.8212 16.0273 -4.8193 -5.6516
2 24 6.7714 -4.8224 -8.1387 16.0273 -4.8193 -5.6516
2 24 15.5524 -1.4652 -5.8502 15.0491 -0.4093 -6.0068
2 24 13.9737 0.0224 -6.2851 15.0491 -0.4093 -6.0068
2 24 28.6686 0.0177 0.0587 27.7049 -0.4028 -0.4995
2 24 24.9496 -4.84 21.2466 25.3329 -3.8776 21.5352
2 24 38.2801 -4.8345 34.3868 37.9892 -3.874 34.0041
2 24 16.9669 -5.2129 -5.1908 16.0273 -4.8193 -5.6516
2 24 -30.5835 -48.0194 -7.4733 -15.8312 -48.0205 -2.2452
2 24 2.2666 -5.2356 6.2356 -1.276 -5.233 6.2387
2 24 -3.5315 -5.2323 2.9892 -1.276 -5.233 6.2387
2 24 -49.8321 -2.4482 -6.2388 -50.0145 -43.4855 -6.2357
2 24 63.286 0.0198 50.6914 62.3844 0.0261 47.5677
2 24 39.1749 0.0141 12.0102 30.5242 0.0147 20.6529
2 24 36.4172 0.0156 9.7758 29.8449 -0.0215 16.5978
2 24 19.5501 -0.0335 10.3933 24.3981 0.0183 8.1416
2 24 65.8228 -1.4902 44.4155 65.9805 -0.4164 44.9278
2 24 61.8592 -1.4878 45.9872 62.022 -0.4129 46.4947
2 24 24.5981 -5.2173 8.2016 30.1212 -5.2374 5.4138
2 24 30.1212 -5.2374 5.4138 36.4171 -5.2345 9.7757
2 24 29.4844 -4.8912 16.176 36.4171 -5.2345 9.7757
2 24 -50.0143 -48.0145 150.0145 -50.0223 -48.0112 139.347
2 24 -50.0143 -48.0145 150.0145 -42.4499 -48.0185 149.5221
2 24 -3.0012 -4.8198 149.6377 -9.9922 -4.8185 150.0016
2 24 -42.4499 -48.0185 149.5221 -50.0143 -48.0145 150.0145
2 24 9.9823 -48.0177 70 7.9386 -48.0177 85.4756
2 24 30.0524 -48.0229 70 29.6248 -48.0229 77.8425
2 24 -3.0012 -4.8198 149.6377 6.7714 -4.8224 148.1387
2 24 -42.4499 -48.0185 149.5221 -30.5835 -48.0194 147.4733
2 24 -42.4499 -48.0185 149.5221 -30.5835 -48.0194 147.4733
2 24 -40.7362 -48.0177 129.1953 -25.2882 -48.0177 124.5537
2 24 -30.5835 -48.0194 147.4733 -15.8312 -48.0205 142.2452
2 24 -15.8312 -48.0205 142.2452 -2.4181 -48.0213 134.3515
2 24 -25.2882 -48.0177 124.5537 -10.5356 -48.0177 115.0005
2 24 -2.4181 -48.0213 134.3515 9.2131 -48.0221 123.6682
2 24 -10.5356 -48.0177 115.0005 0.8519 -48.0177 101.5905
2 24 9.2131 -48.0221 123.6682 17.4657 -48.0224 112.8278
2 24 26.565 -48.0228 93.2261 21.7663 -48.0227 105.1527
2 24 7.9386 -48.0177 85.4756 0.8519 -48.0177 101.5905
2 24 29.6248 -48.0229 77.8425 28.3857 -48.0229 85.3123
2 24 40.7669 -4.8248 131.8593 34.4593 -4.824 136.5377
2 24 -2.4181 -48.0213 134.3515 9.2131 -48.0221 123.6682
2 24 40.7669 -4.8248 131.8593 46.5856 -4.8253 126.5854
2 24 46.5856 -4.8253 126.5854 51.8593 -4.8258 120.7664
2 24 9.2131 -48.0221 123.6682 17.4657 -48.0224 112.8278
2 24 51.8593 -4.8258 120.7664 56.5373 -4.8262 114.4587
2 24 28.3857 -48.0229 85.3123 29.6248 -48.0229 77.8425
2 24 68.0861 -4.8261 86.5559 69.5638 -4.8272 78.5865
2 24 30.0524 -48.0229 70 29.6248 -48.0229 77.8425
2 24 70.0435 -4.8272 70 69.5638 -4.8272 78.5865
2 24 11.5503 -8.0146 141.768 24.3784 -8.0131 136.0153
2 24 13.6767 -8.0178 125.116 19.8427 -8.0175 121.9019
2 24 13.6767 -8.0178 125.116 6.6752 -8.0177 127.6707
2 24 19.8427 -8.0175 121.9019 32.4248 -8.0174 112.3967
2 24 36.4615 -8.0118 126.964 46.4261 -8.0111 116.3307
2 24 32.4248 -8.0174 112.3967 41.4047 -8.0169 100.8796
2 24 46.4261 -8.0111 116.3307 53.9229 -8.0104 103.8495
2 24 41.4047 -8.0169 100.8796 47.0826 -8.0176 88.2831
2 24 53.9229 -8.0104 103.8495 59.9224 -8.0102 86.2694
2 24 61.8906 -8.01 70 59.9224 -8.0102 86.2694
2 24 49.9817 -8.0177 70 49.4703 -8.0177 77.0694
2 24 51.7963 -5.2345 86.2504 51.7963 0.0155 86.2504
2 24 51.7963 -5.2345 86.2504 65.9789 -5.2314 86.2345
2 24 51.7963 0.0155 86.2504 66.2358 0.0146 86.2355
2 24 65.9789 -5.2314 86.2345 66.2358 0.0146 86.2355
2 24 6.238 -5.2344 132.1481 6.2316 -5.2373 144.3363
2 24 6.238 -5.2344 132.1481 6.2379 0.0156 132.2644
2 24 6.2316 -5.2373 144.3363 6.2316 0.0127 144.3363
2 24 6.2379 0.0156 132.2644 6.2316 0.0127 144.3363
2 24 2.2666 0.0144 133.7644 2.2686 0.0135 133.1683
2 24 2.2666 0.0144 133.7644 -1.2765 0.0152 133.7629
2 24 -1.2765 0.0152 133.7629 -0.5829 0.0129 129.3472
2 24 -0.5828 -8.0119 129.3463 -0.5829 0.0129 129.3472
2 24 -1.276 -5.233 133.7612 -1.2765 0.0152 133.7629
2 24 -0.5829 0.0129 129.3472 -1.2765 0.0152 133.7629
2 24 -1.276 -5.233 133.7612 2.2666 -5.2356 133.7644
2 24 -1.276 -5.233 133.7612 -1.2765 0.0152 133.7629
2 24 2.2666 -5.2356 133.7644 2.2666 0.0144 133.7644
2 24 -1.2765 0.0152 133.7629 2.2666 0.0144 133.7644
2 24 -6.2356 0.0144 146.2356 -6.2356 -5.2356 146.2356
2 24 -6.2356 0.0144 146.2356 -6.2376 0.0155 138.8096
2 24 -6.2356 -5.2356 146.2356 -6.2389 -5.2332 138.81
2 24 -6.2376 0.0155 138.8096 -6.2389 -5.2332 138.81
2 24 65.9789 -5.2314 86.2345 66.2358 0.0146 86.2355
2 24 65.9789 -5.2314 86.2345 66.2324 -5.2322 78.5446
2 24 66.2358 0.0146 86.2355 66.2323 0.0177 78.5447
2 24 53.2639 -5.2356 78.4636 53.764 -5.2359 78.4947
2 24 53.824 -5.2323 70 53.2639 -5.2356 78.4636
2 24 53.824 0.0177 70 53.2639 0.0144 78.4636
2 24 53.2639 0.0144 78.4636 53.2639 -5.2356 78.4636
2 24 53.824 -5.2323 70 53.2639 -5.2356 78.4636
2 24 2.49 -5.2386 146.2284 6.2316 -5.2373 144.3363
2 24 2.49 -5.2386 146.2284 -6.2356 -5.2356 146.2356
2 24 -3.5315 -5.2323 137.0108 -6.2389 -5.2332 138.81
2 24 -6.2356 -5.2356 146.2356 -6.2389 -5.2332 138.81
2 24 32.4248 -8.0174 112.3967 41.4047 -8.0169 100.8796
2 24 38.8595 -5.2266 104.7938 41.4051 -5.2324 100.8801
2 24 -9.9906 0.0176 150.0151 -47.359 0.0177 150.0177
2 24 -10.0519 0.0144 146.2356 -47.3526 0.0177 146.2323
2 24 -10.0519 0.0144 146.2356 -10.0538 0.0135 139.5993
2 24 -10.0519 0.0144 146.2356 -10.0524 -8.014 146.2356
2 24 -10.0538 0.0135 139.5993 -10.0546 -8.0127 139.5993
2 24 -10.0524 -8.014 146.2356 -10.0546 -8.0127 139.5993
2 24 -6.2376 0.0155 138.8096 -10.0538 0.0135 139.5993
2 24 -6.2376 0.0155 138.8096 -6.2356 0.0144 146.2356
2 24 -10.0519 0.0144 146.2356 -10.0538 0.0135 139.5993
2 24 -2.3189 -8.0156 145.2858 -10.0524 -8.014 146.2356
2 24 -10.0546 -8.0127 139.5993 -10.0524 -8.014 146.2356
2 24 66.2323 0.0177 70 66.2323 0.0177 78.5447
2 24 70.0379 0.0177 70 69.5582 0.0177 78.5859
2 24 51.7963 0.0155 86.2504 52.7824 0.0135 81.5162
2 24 47.0827 0.0177 88.283 49.4703 0.0177 77.0694
2 24 53.824 0.0177 70 53.2639 0.0144 78.4636
2 24 49.9817 0.0177 70 49.4703 0.0177 77.0694
2 24 -0.5828 -8.0119 129.3463 -0.5829 0.0129 129.3472
2 24 -0.5828 -8.0119 129.3463 6.6752 -8.0177 127.6707
2 24 -0.5829 0.0129 129.3472 6.6752 0.0177 127.6707
2 24 6.2379 0.0156 132.2644 6.2316 0.0127 144.3363
2 24 9.2687 0.0132 131.3996 9.2628 0.0162 143.5668
2 24 -10.0546 -8.0127 139.5993 -10.0538 0.0135 139.5993
2 24 -10.0538 0.0135 139.5993 -6.2376 0.0155 138.8096
2 24 -6.2389 -5.2332 138.81 -6.2376 0.0155 138.8096
2 24 66.2323 0.0177 70 66.2323 0.0177 78.5447
2 24 66.2323 -5.2323 70 66.2324 -5.2322 78.5446
2 24 66.2323 -5.2323 70 66.2324 -5.2322 78.5446
2 24 52.7824 -5.2365 81.5162 51.7963 -5.2345 86.2504
2 24 52.7824 -5.2365 81.5162 53.7644 -5.2356 81.5144
2 24 51.7963 -5.2345 86.2504 65.9789 -5.2314 86.2345
2 24 52.7824 0.0135 81.5162 51.7963 0.0155 86.2504
2 24 52.7824 0.0135 81.5162 52.7824 -5.2365 81.5162
2 24 51.7963 0.0155 86.2504 51.7963 -5.2345 86.2504
2 24 52.7824 -5.2365 81.5162 51.7963 -5.2345 86.2504
2 24 53.764 -5.2359 78.4947 53.764 0.0141 78.4947
2 24 53.764 -5.2359 78.4947 53.7644 -5.2356 81.5144
2 24 53.764 0.0141 78.4947 53.7644 0.0144 81.5144
2 24 53.7644 -5.2356 81.5144 53.7644 0.0144 81.5144
2 24 11.5503 -8.0146 141.768 -2.3189 -8.0156 145.2858
2 24 -3.5328 -8.016 137.0098 -0.5828 -8.0119 129.3463
2 24 -0.5828 -8.0119 129.3463 -3.5328 -8.016 137.0098
2 24 -1.276 -5.233 133.7612 -3.5315 -5.2323 137.0108
2 24 -10.0546 -8.0127 139.5993 -3.5328 -8.016 137.0098
2 24 -6.2389 -5.2332 138.81 -3.5315 -5.2323 137.0108
2 24 -10.0546 -8.0127 139.5993 -3.5328 -8.016 137.0098
2 24 6.6752 -8.0177 127.6707 -0.5828 -8.0119 129.3463
2 24 32.4248 -8.0174 112.3967 19.8427 -8.0175 121.9019
2 24 24.9496 -4.84 118.7534 24.1253 -5.2343 119.33
2 24 43.7997 -5.2312 96.5197 44.2468 -4.8374 95.622
2 24 38.8595 -5.2266 104.7938 38.2801 -4.8345 105.6132
2 24 47.0826 -8.0176 88.2831 49.4703 -8.0177 77.0694
2 24 47.0827 0.0177 88.283 49.4703 0.0177 77.0694
2 24 47.0826 -8.0176 88.2831 49.4703 -8.0177 77.0694
2 24 49.9817 -8.0177 70 49.4703 -8.0177 77.0694
2 24 49.9817 0.0177 70 49.4703 0.0177 77.0694
2 24 41.4051 -5.2324 100.8801 43.7997 -5.2312 96.5197
2 24 41.4047 -8.0169 100.8796 47.0826 -8.0176 88.2831
2 24 50.9601 0.0131 89.2698 63.286 0.0198 89.3086
2 24 51.7963 0.0155 86.2504 66.2358 0.0146 86.2355
2 24 69.5582 0.0177 78.5859 68.0861 0.0177 86.5328
2 24 66.2323 0.0177 78.5447 66.2358 0.0146 86.2355
2 24 2.2666 -5.2356 133.7644 2.2688 -5.2367 133.1658
2 24 2.2666 -5.2356 133.7644 2.2666 0.0144 133.7644
2 24 2.2688 -5.2367 133.1658 2.2686 0.0135 133.1683
2 24 2.2666 0.0144 133.7644 2.2686 0.0135 133.1683
2 24 2.2688 -5.2367 133.1658 2.2666 -5.2356 133.7644
2 24 2.2688 -5.2367 133.1658 6.238 -5.2344 132.1481
2 24 6.2316 -5.2373 144.3363 6.238 -5.2344 132.1481
2 24 44.4521 -1.3672 95.1436 44.4422 -3.875 95.1808
2 24 42.8944 -5.2384 108.8855 38.2801 -4.8345 105.6132
2 24 37.9892 -3.874 105.9959 38.2801 -4.8345 105.6132
2 24 37.0053 0.0294 107.2038 32.4249 0.0177 112.397
2 24 41.4051 -5.2324 100.8801 38.8595 -5.2266 104.7938
2 24 44.2468 -4.8374 95.622 44.4422 -3.875 95.1808
2 24 47.0827 0.0177 88.283 45.0742 0.0178 93.748
2 24 47.0827 0.0177 88.283 45.0742 0.0178 93.748
2 24 44.4521 -1.3672 95.1436 44.645 -0.3786 94.6944
2 24 45.0742 0.0178 93.748 44.645 -0.3786 94.6944
2 24 37.9892 -3.874 105.9959 37.9651 -1.3561 106.0181
2 24 37.9892 -3.874 105.9959 37.9651 -1.3561 106.0181
2 24 37.6617 -0.3678 106.4012 42.8085 0.0752 108.9953
2 24 37.9651 -1.3561 106.0181 37.6617 -0.3678 106.4012
2 24 37.9651 -1.3561 106.0181 37.6617 -0.3678 106.4012
2 24 37.6617 -0.3678 106.4012 37.0053 0.0294 107.2038
2 24 42.8085 0.0752 108.9953 37.6617 -0.3678 106.4012
2 24 37.0053 0.0294 107.2038 37.6617 -0.3678 106.4012
2 24 19.8427 -8.0175 121.9019 13.6767 -8.0178 125.116
2 24 16.4963 -5.235 123.8119 15.5818 -4.8421 124.27
2 24 24.3784 -8.0131 136.0153 36.4615 -8.0118 126.964
2 24 24.1253 -5.2343 119.33 16.4963 -5.235 123.8119
2 24 39.3399 0.0146 110.5247 35.1757 0.0177 115.1356
2 24 30.5242 -5.2353 119.3471 30.5242 0.0147 119.3471
2 24 30.5242 -5.2353 119.3471 39.1749 -5.2359 127.9898
2 24 30.5242 0.0147 119.3471 39.1749 0.0141 127.9898
2 24 39.1749 -5.2359 127.9898 39.1749 0.0141 127.9898
2 24 39.1749 0.0141 127.9898 41.2659 0.0177 126.1454
2 24 47.9892 0.0141 119.169 39.3399 0.0146 110.5247
2 24 47.9892 0.0141 119.169 47.9892 -5.2359 119.1689
2 24 39.3399 0.0146 110.5247 39.34 -5.2353 110.5247
2 24 47.9892 -5.2359 119.1689 39.34 -5.2353 110.5247
2 24 47.9892 -5.2359 119.1689 39.34 -5.2353 110.5247
2 24 46.1079 -5.2323 121.3033 47.9892 -5.2359 119.1689
2 24 39.1749 0.0141 127.9898 41.2659 0.0177 126.1454
2 24 39.1749 0.0141 127.9898 39.1749 -5.2359 127.9898
2 24 39.1749 -5.2359 127.9898 41.2659 -5.2323 126.1454
2 24 39.1749 -5.2359 127.9898 41.2659 -5.2323 126.1454
2 24 30.5242 -5.2353 119.3471 39.1749 -5.2359 127.9898
2 24 47.9892 0.0141 119.169 47.9892 -5.2359 119.1689
2 24 47.9892 0.0141 119.169 46.1079 0.0177 121.3033
2 24 47.9892 -5.2359 119.1689 46.1079 -5.2323 121.3033
2 24 46.1079 -5.2323 121.3033 44.3938 -5.2323 124.4313
2 24 46.1079 0.0177 121.3033 44.3938 0.0177 124.4313
2 24 51.8545 0.0177 120.7627 46.581 0.0177 126.581
2 24 46.1079 0.0177 121.3033 44.3938 0.0177 124.4313
2 24 35.1757 0.0177 115.1356 39.3399 0.0146 110.5247
2 24 35.1757 -5.2323 115.1356 39.34 -5.2353 110.5247
2 24 39.3399 0.0146 110.5247 39.34 -5.2353 110.5247
2 24 35.1757 0.0177 115.1356 30.5242 0.0147 119.3471
2 24 30.5242 0.0147 119.3471 30.5242 -5.2353 119.3471
2 24 35.1757 0.0177 115.1356 30.5242 0.0147 119.3471
2 24 35.1757 -5.2323 115.1356 30.5242 -5.2353 119.3471
2 24 41.2659 0.0177 126.1454 44.3938 0.0177 124.4313
2 24 41.2659 -5.2323 126.1454 44.3938 -5.2323 124.4313
2 24 40.7627 0.0177 131.8545 46.581 0.0177 126.581
2 24 41.2659 0.0177 126.1454 44.3938 0.0177 124.4313
2 24 46.1079 -5.2323 121.3033 44.3938 -5.2323 124.4313
2 24 39.34 -5.2353 110.5247 35.1757 -5.2323 115.1356
2 24 30.5242 -5.2353 119.3471 35.1757 -5.2323 115.1356
2 24 41.2659 -5.2323 126.1454 44.3938 -5.2323 124.4313
2 24 40.7627 0.0177 131.8545 34.4554 0.0177 136.5323
2 24 36.4172 0.0156 130.2242 30.1211 0.0127 134.5863
2 24 29.8449 -0.0215 123.4023 36.4172 0.0156 130.2242
2 24 36.4172 0.0156 130.2242 36.4171 -5.2345 130.2243
2 24 36.4172 0.0156 130.2242 36.4171 -5.2345 130.2243
2 24 36.4172 0.0156 130.2242 30.1211 0.0127 134.5863
2 24 36.4171 -5.2345 130.2243 30.1212 -5.2374 134.5862
2 24 30.1211 0.0127 134.5863 30.1212 -5.2374 134.5862
2 24 30.1212 -5.2374 134.5862 24.5981 -5.2173 131.7984
2 24 30.1212 -5.2374 134.5862 30.1211 0.0127 134.5863
2 24 30.1211 0.0127 134.5863 24.3981 0.0183 131.8584
2 24 36.4171 -5.2345 130.2243 29.4844 -4.8912 123.824
2 24 -6.2356 0.0144 146.2356 2.49 0.0114 146.2284
2 24 -3.0107 0.0177 149.6345 6.7473 0.0177 148.1207
2 24 6.2316 0.0127 144.3363 2.49 0.0114 146.2284
2 24 2.49 -5.2386 146.2284 -6.2356 -5.2356 146.2356
2 24 2.49 -5.2386 146.2284 2.49 0.0114 146.2284
2 24 -6.2356 -5.2356 146.2356 -6.2356 0.0144 146.2356
2 24 2.49 0.0114 146.2284 -6.2356 0.0144 146.2356
2 24 2.49 0.0114 146.2284 6.2316 0.0127 144.3363
2 24 2.49 0.0114 146.2284 2.49 -5.2386 146.2284
2 24 6.2316 0.0127 144.3363 6.2316 -5.2373 144.3363
2 24 2.49 -5.2386 146.2284 6.2316 -5.2373 144.3363
2 24 50.2215 0.0153 116.4093 53.8815 0.0125 111.2117
2 24 50.2215 0.0153 116.4093 50.2214 -5.2345 116.4095
2 24 53.8815 0.0125 111.2117 53.8815 -5.2375 111.2121
2 24 50.2214 -5.2345 116.4095 53.8815 -5.2375 111.2121
2 24 59.965 0.0177 108.7076 56.5322 0.0177 114.4555
2 24 51.6638 0.0191 105.1437 53.8815 0.0125 111.2117
2 24 51.6158 -5.0678 105.7083 53.8815 -5.2375 111.2121
2 24 53.8815 0.0125 111.2117 53.8815 -5.2375 111.2121
2 24 61.1161 -5.236 105.7663 64.9362 -5.2245 96.8129
2 24 14.2629 -5.2378 129.695 19.2093 -5.1433 132.3544
2 24 14.2629 -5.2378 129.695 14.2669 0.0121 129.6444
2 24 14.2669 0.0121 129.6444 19.6598 0.0155 132.5684
2 24 19.6598 0.0155 132.5684 14.2669 0.0121 129.6444
2 24 9.2687 0.0132 131.3996 9.3175 -5.2368 131.4321
2 24 9.2687 0.0132 131.3996 14.2669 0.0121 129.6444
2 24 9.3175 -5.2368 131.4321 14.2629 -5.2378 129.695
2 24 14.2669 0.0121 129.6444 14.2629 -5.2378 129.695
2 24 19.5501 -0.0335 129.6067 16.9617 -0.0683 128.417
2 24 63.286 -5.2301 89.3085 63.286 0.0198 89.3086
2 24 63.286 -5.2301 89.3085 50.9601 -5.2369 89.2698
2 24 63.286 0.0198 89.3086 50.9601 0.0131 89.2698
2 24 50.9601 -5.2369 89.2698 50.9601 0.0131 89.2698
2 24 50.9601 0.0131 89.2698 49.7935 0.0117 92.7384
2 24 50.9601 0.0131 89.2698 50.9601 -5.2369 89.2698
2 24 49.7935 0.0117 92.7384 49.7934 -5.2382 92.7384
2 24 50.9601 -5.2369 89.2698 49.7934 -5.2382 92.7384
2 24 50.9601 0.0131 89.2698 49.7935 0.0117 92.7384
2 24 53.8815 0.0125 111.2117 51.6638 0.0191 105.1437
2 24 25.8862 -5.221 141.2632 16.9669 -5.2129 145.1908
2 24 -2.4181 -48.0213 134.3515 -15.8312 -48.0205 142.2452
2 24 16.9669 -5.2129 145.1908 25.8862 -5.221 141.2632
2 24 21.7663 -48.0227 105.1527 26.565 -48.0228 93.2261
2 24 61.1161 -5.236 105.7663 64.9362 -5.2245 96.8129
2 24 28.6686 0.0177 139.9413 34.4554 0.0177 136.5323
2 24 27.3238 -3.8143 140.7199 27.2427 -1.4602 140.7697
2 24 60.79 -3.8762 107.251 60.8106 -1.4838 107.2593
2 24 46.1079 0.0177 121.3033 47.9892 0.0141 119.169
2 24 64.9362 -5.2245 96.8129 65.6723 -4.8527 96.0425
2 24 68.0861 -4.8261 86.5559 65.6723 -4.8527 96.0425
2 24 34.4554 0.0177 136.5323 40.7627 0.0177 131.8545
2 24 34.4593 -4.824 136.5377 40.7669 -4.8248 131.8593
2 24 40.7627 0.0177 131.8545 46.581 0.0177 126.581
2 24 40.7669 -4.8248 131.8593 46.5856 -4.8253 126.5854
2 24 46.581 0.0177 126.581 51.8545 0.0177 120.7627
2 24 46.5856 -4.8253 126.5854 51.8593 -4.8258 120.7664
2 24 51.8545 0.0177 120.7627 56.5322 0.0177 114.4555
2 24 56.5373 -4.8262 114.4587 51.8593 -4.8258 120.7664
2 24 53.8815 0.0125 111.2117 50.2215 0.0153 116.4093
2 24 51.8545 0.0177 120.7627 56.5322 0.0177 114.4555
2 24 56.5322 0.0177 114.4555 59.965 0.0177 108.7076
2 24 68.0861 -4.8261 86.5559 69.5638 -4.8272 78.5865
2 24 68.0861 0.0177 86.5328 69.5582 0.0177 78.5859
2 24 70.0379 0.0177 70 69.5582 0.0177 78.5859
2 24 70.0435 -4.8272 70 69.5638 -4.8272 78.5865
2 24 27.2427 -1.4602 140.7697 27.7049 -0.4028 140.4995
2 24 60.8106 -1.4838 107.2593 60.5354 -0.4096 107.7296
2 24 59.965 0.0177 108.7076 60.5354 -0.4096 107.7296
2 24 16.9669 -5.2129 145.1908 16.0273 -4.8193 145.6517
2 24 15.4708 -5.2119 141.6502 14.49 -4.8135 141.991
2 24 14.49 -4.8135 141.991 14.02 -3.8149 142.1347
2 24 16.0273 -4.8193 145.6517 15.5759 -3.8092 145.8212
2 24 27.3238 -3.8143 140.7199 26.8765 -4.8172 140.9363
2 24 34.4593 -4.824 136.5377 26.8765 -4.8172 140.9363
2 24 34.4593 -4.824 136.5377 26.8765 -4.8172 140.9363
2 24 25.8862 -5.221 141.2632 26.8765 -4.8172 140.9363
2 24 56.5373 -4.8262 114.4587 60.995 -4.8449 106.8167
2 24 65.6723 -4.8527 96.0425 65.8254 -3.8708 95.5976
2 24 61.6994 -4.8355 94.4784 61.8663 -3.8729 94.0384
2 24 68.0861 -4.8261 86.5559 65.6723 -4.8527 96.0425
2 24 65.6723 -4.8527 96.0425 65.8254 -3.8708 95.5976
2 24 61.348 -5.2204 95.4388 61.6994 -4.8355 94.4784
2 24 64.9362 -5.2245 96.8129 65.6723 -4.8527 96.0425
2 24 37.0053 0.0294 107.2038 32.4249 0.0177 112.397
2 24 13.9737 0.0224 146.2851 6.7473 0.0177 148.1207
2 24 6.7714 -4.8224 148.1387 -3.0012 -4.8198 149.6377
2 24 6.7473 0.0177 148.1207 -3.0107 0.0177 149.6345
2 24 -9.9906 0.0176 150.0151 -47.359 0.0177 150.0177
2 24 9.2628 0.0162 143.5668 9.3094 -5.2338 143.5072
2 24 9.2628 0.0162 143.5668 9.2687 0.0132 131.3996
2 24 9.3094 -5.2338 143.5072 9.3175 -5.2368 131.4321
2 24 9.2687 0.0132 131.3996 9.3175 -5.2368 131.4321
2 24 14.2629 -5.2378 129.695 9.3175 -5.2368 131.4321
2 24 60.79 -3.8762 107.251 60.995 -4.8449 106.8167
2 24 56.5373 -4.8262 114.4587 60.995 -4.8449 106.8167
2 24 63.286 -5.2301 89.3085 50.9601 -5.2369 89.2698
2 24 61.348 -5.2204 95.4388 63.286 -5.2301 89.3085
2 24 49.7934 -5.2382 92.7384 50.9601 -5.2369 89.2698
2 24 61.348 -5.2204 95.4388 61.6994 -4.8355 94.4784
2 24 63.286 -5.2301 89.3085 61.348 -5.2204 95.4388
2 24 61.6994 -4.8355 94.4784 61.8663 -3.8729 94.0384
2 24 51.6638 0.0191 105.1437 48.2958 -0.377 97.2114
2 24 45.0742 0.0178 93.748 44.645 -0.3786 94.6944
2 24 48.2958 -0.377 97.2114 44.645 -0.3786 94.6944
2 24 51.6158 -5.0678 105.7083 48.3724 -4.8384 98.1474
2 24 44.4422 -3.875 95.1808 44.2468 -4.8374 95.622
2 24 48.3724 -4.8384 98.1474 44.2468 -4.8374 95.622
2 24 51.6638 0.0191 105.1437 48.2958 -0.377 97.2114
2 24 44.645 -0.3786 94.6944 44.4521 -1.3672 95.1436
2 24 48.2958 -0.377 97.2114 44.645 -0.3786 94.6944
2 24 42.8944 -5.2384 108.8855 38.2801 -4.8345 105.6132
2 24 38.8595 -5.2266 104.7938 38.2801 -4.8345 105.6132
2 24 25.695 -0.4054 135.7824 27.7049 -0.4028 140.4995
2 24 27.7049 -0.4028 140.4995 28.6686 0.0177 139.9413
2 24 26.8765 -4.8172 140.9363 27.3238 -3.8143 140.7199
2 24 26.8765 -4.8172 140.9363 24.7177 -4.8048 135.8281
2 24 25.8862 -5.221 141.2632 26.8765 -4.8172 140.9363
2 24 26.8765 -4.8172 140.9363 24.7177 -4.8048 135.8281
2 24 30.1211 0.0127 134.5863 24.3981 0.0183 131.8584
2 24 27.2427 -1.4602 140.7697 27.7049 -0.4028 140.4995
2 24 25.695 -0.4054 135.7824 27.7049 -0.4028 140.4995
2 24 19.6598 0.0155 132.5684 23.4225 -0.2474 134.5741
2 24 27.3238 -3.8143 140.7199 27.2427 -1.4602 140.7697
2 24 19.2093 -5.1433 132.3544 22.5634 -4.9375 134.4707
2 24 19.2093 -5.1433 132.3544 22.5634 -4.9375 134.4707
2 24 34.4554 0.0177 136.5323 28.6686 0.0177 139.9413
2 24 15.5759 -3.8092 145.8212 15.5524 -1.4652 145.8502
2 24 19.5501 -0.0335 129.6067 16.9617 -0.0683 128.417
2 24 16.4963 -5.235 123.8119 15.5818 -4.8421 124.27
2 24 17.7603 -4.839 128.1606 15.5818 -4.8421 124.27
2 24 17.7603 -4.839 128.1606 20.002 -4.9867 129.3632
2 24 49.7934 -5.2382 92.7384 54.5391 -4.8322 104.0582
2 24 54.5391 -4.8322 104.0582 60.995 -4.8449 106.8167
2 24 61.1161 -5.236 105.7663 60.995 -4.8449 106.8167
2 24 49.7935 0.0117 92.7384 54.5126 -0.4112 105.132
2 24 54.5245 -1.498 104.5579 54.5126 -0.4112 105.132
2 24 54.5126 -0.4112 105.132 60.5354 -0.4096 107.7296
2 24 60.8106 -1.4838 107.2593 60.5354 -0.4096 107.7296
2 24 60.8106 -1.4838 107.2593 60.79 -3.8762 107.251
2 24 49.7935 0.0117 92.7384 49.7934 -5.2382 92.7384
2 24 59.965 0.0177 108.7076 60.5354 -0.4096 107.7296
2 24 54.5126 -0.4112 105.132 60.5354 -0.4096 107.7296
2 24 49.7934 -5.2382 92.7384 54.5391 -4.8322 104.0582
2 24 60.79 -3.8762 107.251 60.995 -4.8449 106.8167
2 24 54.5391 -4.8322 104.0582 60.995 -4.8449 106.8167
2 24 -49.8295 -4.818 150.0224 -49.8363 -2.4468 150.0112
2 24 -10.0519 0.0144 146.2356 -10.0524 -8.014 146.2356
2 24 -47.3526 0.0177 146.2323 -10.0519 0.0144 146.2356
2 24 -47.3526 0.0177 146.2323 -49.0994 -0.7042 146.2323
2 24 -47.359 0.0177 150.0177 -49.1058 -0.705 150.0177
2 24 -47.3526 0.0177 146.2323 -49.0994 -0.7042 146.2323
2 24 -49.0994 -0.7042 146.2323 -49.8321 -2.4482 146.2388
2 24 -49.8363 -2.4468 150.0112 -49.1058 -0.705 150.0177
2 24 -49.8321 -2.4482 146.2388 -49.0994 -0.7042 146.2323
2 24 9.9823 -43.4823 70 7.9386 -43.4823 85.4756
2 24 29.0463 -43.4771 70 27.3186 -43.4772 85.4405
2 24 -25.2882 -43.4823 124.5537 -10.5356 -43.4823 115.0005
2 24 -17.5501 -43.4797 140.097 1.5435 -43.4783 128.7183
2 24 -10.5356 -43.4823 115.0005 0.8519 -43.4823 101.5905
2 24 1.5435 -43.4783 128.7183 16.499 -43.4775 111.345
2 24 7.9386 -43.4823 85.4756 0.8519 -43.4823 101.5905
2 24 27.3186 -43.4772 85.4405 16.499 -43.4775 111.345
2 24 -50.0145 -43.4855 146.2357 -35.7762 -43.4813 145.5775
2 24 -50.0145 -43.4855 146.2357 -50.0223 -43.4888 139.3468
2 24 -50.0223 -43.4888 139.3468 -50.0145 -43.4855 146.2357
2 24 -50.0223 -48.0112 139.347 -50.0143 -48.0145 150.0145
2 24 -17.5501 -43.4797 140.097 -35.7762 -43.4813 145.5775
2 24 -25.2882 -43.4823 124.5537 -40.7362 -43.4823 129.1953
2 24 -40.7362 -43.4823 129.1953 -45.3731 -43.4823 130.7519
2 24 -45.3731 -43.4823 130.7519 -48.811 -43.4823 134.4182
2 24 -50.0223 -43.4888 139.3468 -48.811 -43.4823 134.4182
2 24 9.9823 -48.0177 70 7.9386 -48.0177 85.4756
2 24 9.9823 -43.4823 70 7.9386 -43.4823 85.4756
2 24 -25.2882 -48.0177 124.5537 -10.5356 -48.0177 115.0005
2 24 -25.2882 -43.4823 124.5537 -10.5356 -43.4823 115.0005
2 24 -10.5356 -48.0177 115.0005 0.8519 -48.0177 101.5905
2 24 -10.5356 -43.4823 115.0005 0.8519 -43.4823 101.5905
2 24 7.9386 -48.0177 85.4756 0.8519 -48.0177 101.5905
2 24 7.9386 -43.4823 85.4756 0.8519 -43.4823 101.5905
2 24 -25.2882 -43.4823 124.5537 -40.7362 -43.4823 129.1953
2 24 -25.2882 -48.0177 124.5537 -40.7362 -48.0177 129.1953
2 24 -40.7362 -48.0177 129.1953 -45.3731 -48.0177 130.7519
2 24 -40.7362 -48.0177 129.1953 -45.3731 -48.0177 130.7519
2 24 -40.7362 -43.4823 129.1953 -45.3731 -43.4823 130.7519
2 24 -45.3731 -48.0177 130.7519 -48.811 -48.0177 134.4182
2 24 -45.3731 -43.4823 130.7519 -48.811 -43.4823 134.4182
2 24 -45.3731 -48.0177 130.7519 -48.811 -48.0177 134.4182
2 24 -50.0223 -48.0112 139.347 -48.811 -48.0177 134.4182
2 24 -50.0223 -43.4888 139.3468 -48.811 -43.4823 134.4182
2 24 -50.0223 -48.0112 139.347 -48.811 -48.0177 134.4182
2 24 -47.359 0.0177 150.0177 -49.1058 -0.705 150.0177
2 24 -50.0143 -48.0145 150.0145 -49.8295 -4.818 150.0224
2 24 -9.9906 0.0176 150.0151 -3.0107 0.0177 149.6345
2 24 -49.1058 -0.705 150.0177 -49.8363 -2.4468 150.0112
2 24 -0.5829 0.0129 129.3472 6.6752 0.0177 127.6707
2 24 2.2686 0.0135 133.1683 6.2379 0.0156 132.2644
2 24 6.238 -5.2344 132.1481 6.2379 0.0156 132.2644
2 24 6.238 -5.2344 132.1481 2.2688 -5.2367 133.1658
2 24 6.2379 0.0156 132.2644 2.2686 0.0135 133.1683
2 24 2.2688 -5.2367 133.1658 2.2686 0.0135 133.1683
2 24 61.8663 -3.8729 94.0384 61.8592 -1.4878 94.0128
2 24 65.8254 -3.8708 95.5976 65.8228 -1.4902 95.5845
2 24 61.8663 -3.8729 94.0384 61.8592 -1.4878 94.0128
2 24 65.8228 -1.4902 95.5845 65.9805 -0.4164 95.0722
2 24 61.8592 -1.4878 94.0128 62.022 -0.4128 93.5053
2 24 62.022 -0.4128 93.5053 62.3844 0.0261 92.4323
2 24 65.9805 -0.4164 95.0722 66.3072 0.021 93.9481
2 24 62.022 -0.4128 93.5053 62.3844 0.0261 92.4323
2 24 62.3844 0.0261 92.4323 63.286 0.0198 89.3086
2 24 63.286 -5.2301 89.3085 63.286 0.0198 89.3086
2 24 14.49 -4.8135 141.991 15.4708 -5.2119 141.6502
2 24 9.3094 -5.2338 143.5072 15.4708 -5.2119 141.6502
2 24 15.5759 -3.8092 145.8212 15.5524 -1.4652 145.8502
2 24 14.02 -3.8149 142.1347 13.9716 -1.4672 142.1535
2 24 14.02 -3.8149 142.1347 13.9716 -1.4672 142.1535
2 24 13.9716 -1.4672 142.1535 13.471 -0.4102 142.3075
2 24 13.9716 -1.4672 142.1535 13.471 -0.4102 142.3075
2 24 15.5524 -1.4652 145.8502 15.0491 -0.4093 146.0068
2 24 13.471 -0.4102 142.3075 12.4164 0.0223 142.6353
2 24 13.471 -0.4102 142.3075 12.4164 0.0223 142.6353
2 24 15.0491 -0.4093 146.0068 13.9737 0.0224 146.2851
2 24 9.3094 -5.2338 143.5072 9.2628 0.0162 143.5668
2 24 12.4164 0.0223 142.6353 9.2628 0.0162 143.5668
2 24 15.4708 -5.2119 141.6502 9.3094 -5.2338 143.5072
2 24 9.3175 -5.2368 131.4321 9.3094 -5.2338 143.5072
2 24 6.7473 0.0177 148.1207 13.9737 0.0224 146.2851
2 24 9.2628 0.0162 143.5668 12.4164 0.0223 142.6353
2 24 -9.9922 -4.8185 150.0016 -3.0012 -4.8198 149.6377
2 24 -3.0107 0.0177 149.6345 -9.9906 0.0176 150.0151
2 24 -49.8295 -4.818 150.0224 -49.8363 -2.4468 150.0112
2 24 51.6158 -5.0678 105.7083 53.8815 -5.2375 111.2121
2 24 53.8815 -5.2375 111.2121 50.2214 -5.2345 116.4095
2 24 42.8944 -5.2384 108.8855 50.2214 -5.2345 116.4095
2 24 42.8944 -5.2384 108.8855 50.2214 -5.2345 116.4095
2 24 50.2214 -5.2345 116.4095 50.2215 0.0153 116.4093
2 24 42.8085 0.0752 108.9953 50.2215 0.0153 116.4093
2 24 42.8085 0.0752 108.9953 50.2215 0.0153 116.4093
2 24 39.3399 0.0146 110.5247 47.9892 0.0141 119.169
2 24 26.565 -48.0228 93.2261 28.3857 -48.0229 85.3123
2 24 17.4657 -48.0224 112.8278 21.7663 -48.0227 105.1527
2 24 -49.8321 -2.4482 146.2388 -50.0145 -43.4855 146.2357
2 24 -49.8295 -4.818 150.0224 -50.0143 -48.0145 150.0145
2 24 61.8906 -8.01 70 59.9224 -8.0102 86.2694
2 24 29.0463 -43.4771 70 27.3186 -43.4772 85.4405
2 24 11.5503 -8.0146 141.768 -2.3189 -8.0156 145.2858
2 24 -17.5501 -43.4797 140.097 -35.7762 -43.4813 145.5775
2 24 -35.7762 -43.4813 145.5775 -50.0145 -43.4855 146.2357
2 24 -10.0524 -8.014 146.2356 -2.3189 -8.0156 145.2858
2 24 11.5503 -8.0146 141.768 24.3784 -8.0131 136.0153
2 24 24.3784 -8.0131 136.0153 36.4615 -8.0118 126.964
2 24 -17.5501 -43.4797 140.097 1.5435 -43.4783 128.7183
2 24 36.4615 -8.0118 126.964 46.4261 -8.0111 116.3307
2 24 1.5435 -43.4783 128.7183 16.499 -43.4775 111.345
2 24 46.4261 -8.0111 116.3307 53.9229 -8.0104 103.8495
2 24 59.9224 -8.0102 86.2694 53.9229 -8.0104 103.8495
2 24 27.3186 -43.4772 85.4405 16.499 -43.4775 111.345
2 24 15.1236 -1.3673 124.4901 15.1337 -3.8798 124.4537
2 24 16.4963 -5.235 123.8119 24.1253 -5.2343 119.33
2 24 15.1337 -3.8798 124.4537 15.5818 -4.8421 124.27
2 24 15.5818 -4.8421 124.27 17.7603 -4.839 128.1606
2 24 17.7603 -4.839 128.1606 20.002 -4.9867 129.3632
2 24 28.4524 -4.8409 122.8691 29.4844 -4.8912 123.824
2 24 29.4844 -4.8912 123.824 28.4524 -4.8409 122.8691
2 24 29.8449 -0.0215 123.4023 28.868 -0.0434 122.3418
2 24 29.8449 -0.0215 123.4023 28.868 -0.0434 122.3418
2 24 20.002 -4.9867 129.3632 24.5981 -5.2173 131.7984
2 24 24.5981 -5.2173 131.7984 20.002 -4.9867 129.3632
2 24 24.3981 0.0183 131.8584 19.5501 -0.0335 129.6067
2 24 53.2639 0.0144 78.4636 53.764 0.0141 78.4947
2 24 53.764 0.0141 78.4947 53.7644 0.0144 81.5144
2 24 52.7824 0.0135 81.5162 53.7644 0.0144 81.5144
2 24 53.2639 0.0144 78.4636 53.764 0.0141 78.4947
2 24 53.2639 0.0144 78.4636 53.2639 -5.2356 78.4636
2 24 53.764 0.0141 78.4947 53.764 -5.2359 78.4947
2 24 53.2639 -5.2356 78.4636 53.764 -5.2359 78.4947
2 24 53.7644 -5.2356 81.5144 53.7644 0.0144 81.5144
2 24 53.7644 -5.2356 81.5144 52.7824 -5.2365 81.5162
2 24 53.7644 0.0144 81.5144 52.7824 0.0135 81.5162
2 24 52.7824 -5.2365 81.5162 52.7824 0.0135 81.5162
2 24 6.6752 -8.0177 127.6707 13.6767 -8.0178 125.116
2 24 6.6752 0.0177 127.6707 13.7195 0.0176 125.0831
2 24 25.3329 -3.8776 118.4648 25.3665 -1.368 118.4514
2 24 32.4249 0.0177 112.397 26.5687 0.019 117.5363
2 24 32.4249 0.0177 112.397 26.5687 0.019 117.5363
2 24 24.1253 -5.2343 119.33 24.9496 -4.84 118.7534
2 24 28.4524 -4.8409 122.8691 24.9496 -4.84 118.7534
2 24 28.4524 -4.8409 122.8691 24.9496 -4.84 118.7534
2 24 25.3329 -3.8776 118.4648 24.9496 -4.84 118.7534
2 24 25.3665 -1.368 118.4514 25.3329 -3.8776 118.4648
2 24 28.868 -0.0434 122.3418 25.7601 -0.3781 118.1688
2 24 25.3665 -1.368 118.4514 25.7601 -0.3781 118.1688
2 24 28.868 -0.0434 122.3418 25.7601 -0.3781 118.1688
2 24 26.5687 0.019 117.5363 25.7601 -0.3781 118.1688
2 24 25.3665 -1.368 118.4514 25.7601 -0.3781 118.1688
2 24 26.5687 0.019 117.5363 25.7601 -0.3781 118.1688
2 24 44.2468 -4.8374 95.622 43.7997 -5.2312 96.5197
2 24 44.2468 -4.8374 95.622 48.3724 -4.8384 98.1474
2 24 44.4422 -3.875 95.1808 44.4521 -1.3672 95.1436
2 24 51.6158 -5.0678 105.7083 48.3724 -4.8384 98.1474
2 24 19.6598 0.0155 132.5684 23.4225 -0.2474 134.5741
2 24 14.49 -4.8135 141.991 14.02 -3.8149 142.1347
2 24 25.695 -0.4054 135.7824 23.4225 -0.2474 134.5741
2 24 25.695 -0.4054 135.7824 23.4225 -0.2474 134.5741
2 24 24.7177 -4.8048 135.8281 22.5634 -4.9375 134.4707
2 24 24.7177 -4.8048 135.8281 22.5634 -4.9375 134.4707
2 24 14.2629 -5.2378 129.695 19.2093 -5.1433 132.3544
2 24 15.5818 -4.8421 124.27 15.1337 -3.8798 124.4537
2 24 15.1236 -1.3673 124.4901 14.6763 -0.3784 124.6857
2 24 16.9617 -0.0683 128.417 14.6763 -0.3784 124.6857
2 24 16.9617 -0.0683 128.417 14.6763 -0.3784 124.6857
2 24 14.6763 -0.3784 124.6857 13.7195 0.0176 125.0831
2 24 6.6752 0.0177 127.6707 13.7195 0.0176 125.0831
2 24 15.1337 -3.8798 124.4537 15.1236 -1.3673 124.4901
2 24 13.7195 0.0176 125.0831 14.6763 -0.3784 124.6857
2 24 15.1236 -1.3673 124.4901 14.6763 -0.3784 124.6857
2 24 68.0861 0.0177 86.5328 66.3072 0.021 93.9481
2 24 68.0861 0.0177 86.5328 66.3072 0.021 93.9481
2 24 65.8254 -3.8708 95.5976 65.8228 -1.4902 95.5845
2 24 66.3072 0.021 93.9481 65.9805 -0.4164 95.0722
2 24 53.764 -5.2359 78.4947 53.7644 -5.2356 81.5144
2 24 66.2324 -5.2322 78.5446 65.9789 -5.2314 86.2345
2 24 9.2687 0.0132 131.3996 14.2669 0.0121 129.6444
2 24 61.1161 -5.236 105.7663 60.995 -4.8449 106.8167
2 24 17.4657 -48.0224 112.8278 21.7663 -48.0227 105.1527
2 24 28.3857 -48.0229 85.3123 26.565 -48.0228 93.2261
2 24 41.4051 -5.2324 100.8801 43.7997 -5.2312 96.5197
2 24 49.7935 0.0117 92.7384 54.5126 -0.4112 105.132
2 24 6.7714 -4.8224 148.1387 16.0273 -4.8193 145.6517
2 24 15.5759 -3.8092 145.8212 16.0273 -4.8193 145.6517
2 24 6.7714 -4.8224 148.1387 16.0273 -4.8193 145.6517
2 24 15.5524 -1.4652 145.8502 15.0491 -0.4093 146.0068
2 24 13.9737 0.0224 146.2851 15.0491 -0.4093 146.0068
2 24 28.6686 0.0177 139.9413 27.7049 -0.4028 140.4995
2 24 24.9496 -4.84 118.7534 25.3329 -3.8776 118.4648
2 24 38.2801 -4.8345 105.6132 37.9892 -3.874 105.9959
2 24 16.9669 -5.2129 145.1908 16.0273 -4.8193 145.6517
2 24 -30.5835 -48.0194 147.4733 -15.8312 -48.0205 142.2452
2 24 2.2666 -5.2356 133.7644 -1.276 -5.233 133.7612
2 24 -3.5315 -5.2323 137.0108 -1.276 -5.233 133.7612
2 24 -49.8321 -2.4482 146.2388 -50.0145 -43.4855 146.2357
2 24 63.286 0.0198 89.3086 62.3844 0.0261 92.4323
2 24 36.4172 0.0156 130.2242 29.8449 -0.0215 123.4023
2 24 39.1749 0.0141 127.9898 30.5242 0.0147 119.3471
2 24 19.5501 -0.0335 129.6067 24.3981 0.0183 131.8584
2 24 65.8228 -1.4902 95.5845 65.9805 -0.4164 95.0722
2 24 61.8592 -1.4878 94.0128 62.022 -0.4128 93.5053
2 24 36.4171 -5.2345 130.2243 30.1212 -5.2374 134.5862
2 24 24.5981 -5.2173 131.7984 30.1212 -5.2374 134.5862
2 24 29.4844 -4.8912 123.824 36.4171 -5.2345 130.2243
0 STEP
