0 Untitled Model
0 Name: Untitled Model
0 Author: 
0 BFC CERTIFY CCW
3 15 101.4182 10.378 -0.8939 109.3685 14.0042 -0.7842 101.3633 10.5647 0
3 15 101.3633 10.5647 0 109.3685 14.0042 -0.7842 109.5049 14.2511 0
3 15 101.3633 10.5647 0 88.4276 5.6114 0 101.4182 10.378 -0.8939
3 15 101.4182 10.378 -0.8939 88.4276 5.6114 0 88.5322 5.392 -1.1389
3 15 80.7756 2.8752 -1.3835 88.5322 5.392 -1.1389 80.746 3.1792 0
3 15 80.746 3.1792 0 88.5322 5.392 -1.1389 88.4276 5.6114 0
3 15 64.993 -5.3813 -11.7723 48.8836 -8.0921 -12.7623 66.033 -9.3098 -23.4937
3 15 66.033 -9.3098 -23.4937 48.8836 -8.0921 -12.7623 49.3526 -12.3734 -25.9351
3 15 48.8836 -8.0921 -12.7623 35.224 -9.6888 -14.6713 49.3526 -12.3734 -25.9351
3 15 49.3526 -12.3734 -25.9351 35.224 -9.6888 -14.6713 35.5396 -13.1599 -25.6066
3 15 22.7981 -10.0282 -15.3936 23.2647 -12.6279 -23.3739 35.224 -9.6888 -14.6713
3 15 35.224 -9.6888 -14.6713 23.2647 -12.6279 -23.3739 35.5396 -13.1599 -25.6066
3 15 28.9919 -7.3903 -8.2968 35.224 -9.6888 -14.6713 33.5385 -6.0627 -4.8877
3 15 33.5385 -6.0627 -4.8877 35.224 -9.6888 -14.6713 48.8836 -8.0921 -12.7623
3 15 35.224 -9.6888 -14.6713 28.9919 -7.3903 -8.2968 22.7981 -10.0282 -15.3936
3 15 22.7981 -10.0282 -15.3936 28.9919 -7.3903 -8.2968 21.6465 -7.9972 -9.9954
3 15 80.7307 -1.0992 -10.3447 64.993 -5.3813 -11.7723 81.4587 -4.2673 -18.9947
3 15 81.4587 -4.2673 -18.9947 64.993 -5.3813 -11.7723 66.033 -9.3098 -23.4937
3 15 63.8937 -1.2943 -1.8124 80.7756 2.8752 -1.3835 63.8137 -0.9227 0
3 15 63.8137 -0.9227 0 80.7756 2.8752 -1.3835 80.746 3.1792 0
3 15 47.4176 -3.2832 0 47.5306 -3.7768 -2.2621 63.8137 -0.9227 0
3 15 63.8137 -0.9227 0 47.5306 -3.7768 -2.2621 63.8937 -1.2943 -1.8124
3 15 81.2153 6.5199 0 81.2471 6.3264 -0.9914 66.3112 2.7305 0
3 15 66.3112 2.7305 0 81.2471 6.3264 -0.9914 66.1823 2.4214 -1.3624
3 15 66.3112 2.7305 0 66.1823 2.4214 -1.3624 49.2173 0.1813 0
3 15 49.2173 0.1813 0 66.1823 2.4214 -1.3624 49.0863 -0.1956 -1.7226
3 15 49.2173 0.1813 0 49.0863 -0.1956 -1.7226 35.5927 -0.5796 0
3 15 35.5927 -0.5796 0 49.0863 -0.1956 -1.7226 35.3979 -0.9587 -2.0321
3 15 93.9967 10.8874 0 93.8701 10.7012 -0.7057 81.2153 6.5199 0
3 15 81.2153 6.5199 0 93.8701 10.7012 -0.7057 81.2471 6.3264 -0.9914
3 15 104.5964 15.321 0 104.5433 15.1691 -0.6043 93.9967 10.8874 0
3 15 93.9967 10.8874 0 104.5433 15.1691 -0.6043 93.8701 10.7012 -0.7057
3 15 35.5829 -4.6635 0 31.623 -7.5454 0 34.9229 -5.1838 -2.2921
3 15 34.9229 -5.1838 -2.2921 31.623 -7.5454 0 30.6953 -7.6487 -3.9415
3 15 33.5385 -6.0627 -4.8877 30.6953 -7.6487 -3.9415 28.9919 -7.3903 -8.2968
3 15 28.9919 -7.3903 -8.2968 30.6953 -7.6487 -3.9415 27.3727 -7.9203 -7.1718
3 15 47.4176 -3.2832 0 35.5829 -4.6635 0 47.5306 -3.7768 -2.2621
3 15 47.5306 -3.7768 -2.2621 35.5829 -4.6635 0 34.9229 -5.1838 -2.2921
3 15 21.6465 -7.9972 -9.9954 21.2133 -7.9925 -8.6912 10.1875 -7.9972 -10
3 15 23.9571 -3.9602 -9.5066 23.8268 -3.5416 -9.2388 27.3343 -3.0339 -7.3338
3 15 27.3343 -3.0339 -7.3338 23.8268 -3.5416 -9.2388 27.0711 -2.4996 -7.0711
3 15 27.3343 -3.0339 -7.3338 27.0711 -2.4996 -7.0711 29.7492 -2.403 -4.0374
3 15 29.7492 -2.403 -4.0374 27.0711 -2.4996 -7.0711 29.2388 -1.6412 -3.8268
3 15 31.1941 -1.9497 -0.0034 29.7492 -2.403 -4.0374 30 -1.1922 0
3 15 30 -1.1922 0 29.7492 -2.403 -4.0374 29.2388 -1.6412 -3.8268
3 15 23.5129 -6.5498 -16.4698 23.1952 -8.4018 -21.4498 12.0564 -8.0259 -19.9925
3 15 12.0564 -8.0259 -19.9925 23.1952 -8.4018 -21.4498 14.0016 -9.2234 -24.239
3 15 20.0171 -4.3072 -10.2974 20 -3.9241 -10 23.9571 -3.9602 -9.5066
3 15 23.9571 -3.9602 -9.5066 20 -3.9241 -10 23.8268 -3.5416 -9.2388
3 15 31.7764 -5.2329 -12.2544 27.3343 -3.0339 -7.3338 33.7893 -2.4343 -5.5276
3 15 33.7893 -2.4343 -5.5276 27.3343 -3.0339 -7.3338 29.7492 -2.403 -4.0374
3 15 14.4828 -12.425 -3.1854 16.5359 -12.425 -2 13.6293 -12.425 0
3 15 13.6293 -12.425 0 16.5359 -12.425 -2 16 -12.425 0
3 15 16.8147 -12.425 -5.5172 18 -12.425 -3.4641 14.4828 -12.425 -3.1854
3 15 14.4828 -12.425 -3.1854 18 -12.425 -3.4641 16.5359 -12.425 -2
3 15 20 -12.425 -6.3707 20 -12.425 -4 16.8147 -12.425 -5.5172
3 15 16.8147 -12.425 -5.5172 20 -12.425 -4 18 -12.425 -3.4641
3 15 23.1854 -12.425 -5.5172 22 -12.425 -3.4641 20 -12.425 -6.3707
3 15 20 -12.425 -6.3707 22 -12.425 -3.4641 20 -12.425 -4
3 15 25.5172 -12.425 -3.1854 23.4641 -12.425 -2 23.1854 -12.425 -5.5172
3 15 23.1854 -12.425 -5.5172 23.4641 -12.425 -2 22 -12.425 -3.4641
3 15 26.3707 -12.425 0 24 -12.425 0 25.5172 -12.425 -3.1854
3 15 25.5172 -12.425 -3.1854 24 -12.425 0 23.4641 -12.425 -2
3 15 -5.5172 -12.425 -3.1854 -3.4641 -12.425 -2 -6.3707 -12.425 0
3 15 -6.3707 -12.425 0 -3.4641 -12.425 -2 -4 -12.425 0
3 15 -3.1854 -12.425 -5.5172 -2 -12.425 -3.4641 -5.5172 -12.425 -3.1854
3 15 -5.5172 -12.425 -3.1854 -2 -12.425 -3.4641 -3.4641 -12.425 -2
3 15 0 -12.425 -6.3707 0 -12.425 -4 -3.1854 -12.425 -5.5172
3 15 -3.1854 -12.425 -5.5172 0 -12.425 -4 -2 -12.425 -3.4641
3 15 3.1854 -12.425 -5.5172 2 -12.425 -3.4641 0 -12.425 -6.3707
3 15 0 -12.425 -6.3707 2 -12.425 -3.4641 0 -12.425 -4
3 15 5.5172 -12.425 -3.1854 3.4641 -12.425 -2 3.1854 -12.425 -5.5172
3 15 3.1854 -12.425 -5.5172 3.4641 -12.425 -2 2 -12.425 -3.4641
3 15 6.3707 -12.425 0 4 -12.425 0 5.5172 -12.425 -3.1854
3 15 5.5172 -12.425 -3.1854 4 -12.425 0 3.4641 -12.425 -2
3 15 24 -12.425 0 24 -5.25 0 23.4641 -12.425 -2
3 15 23.4641 -12.425 -2 24 -5.25 0 23.4641 -5.25 -2
3 15 16.5359 -12.425 -2 16.5359 -5.25 -2 16 -12.425 0
3 15 16 -12.425 0 16.5359 -5.25 -2 16 -5.25 0
3 15 3.4641 -12.425 -2 3.4641 -5.25 -2 2 -12.425 -3.4641
3 15 2 -12.425 -3.4641 3.4641 -5.25 -2 2 -5.25 -3.4641
3 15 23.4641 -12.425 -2 23.4641 -5.25 -2 22 -12.425 -3.4641
3 15 22 -12.425 -3.4641 23.4641 -5.25 -2 22 -5.25 -3.4641
3 15 22 -12.425 -3.4641 22 -5.25 -3.4641 20 -12.425 -4
3 15 20 -12.425 -4 22 -5.25 -3.4641 20 -5.25 -4
3 15 20 -12.425 -4 20 -5.25 -4 18 -12.425 -3.4641
3 15 18 -12.425 -3.4641 20 -5.25 -4 18 -5.25 -3.4641
3 15 18 -12.425 -3.4641 18 -5.25 -3.4641 16.5359 -12.425 -2
3 15 16.5359 -12.425 -2 18 -5.25 -3.4641 16.5359 -5.25 -2
3 15 4 -12.425 0 4 -5.25 0 3.4641 -12.425 -2
3 15 3.4641 -12.425 -2 4 -5.25 0 3.4641 -5.25 -2
3 15 2 -12.425 -3.4641 2 -5.25 -3.4641 0 -12.425 -4
3 15 0 -12.425 -4 2 -5.25 -3.4641 0 -5.25 -4
3 15 0 -12.425 -4 0 -5.25 -4 -2 -12.425 -3.4641
3 15 -2 -12.425 -3.4641 0 -5.25 -4 -2 -5.25 -3.4641
3 15 -2 -12.425 -3.4641 -2 -5.25 -3.4641 -3.4641 -12.425 -2
3 15 -3.4641 -12.425 -2 -2 -5.25 -3.4641 -3.4641 -5.25 -2
3 15 -3.4641 -12.425 -2 -3.4641 -5.25 -2 -4 -12.425 0
3 15 -4 -12.425 0 -3.4641 -5.25 -2 -4 -5.25 0
3 15 -6.25 -5.25 -1.25 -3.4641 -5.25 -2 -4.7855 -5.25 -4.7855
3 15 -4.7855 -5.25 -4.7855 -3.4641 -5.25 -2 -2 -5.25 -3.4641
3 15 -9.2388 0 -3.8268 -10 0 0 -6.25 0 -1.25
3 15 -6.25 0 -1.25 -10 0 0 -6.25 0 0
3 15 29.2388 0 -3.8268 26.25 0 -1.2055 30 0 0
3 15 30 0 0 26.25 0 -1.2055 26.25 0 0
3 15 30 0 0 30 -1.1922 0 29.2388 0 -3.8268
3 15 29.2388 0 -3.8268 30 -1.1922 0 29.2388 -1.6412 -3.8268
3 15 20 0 -10 10.1875 -4.2651 -10 0 0 -10
3 15 -3.8268 0 -9.2388 -1.25 0 -6.25 0 0 -10
3 15 -6.25 0 -1.25 -4.7855 0 -4.7855 -9.2388 0 -3.8268
3 15 -9.2388 0 -3.8268 -4.7855 0 -4.7855 -7.0711 0 -7.0711
3 15 26.25 0 -1.2055 29.2388 0 -3.8268 24.7855 0 -4.7855
3 15 24.7855 0 -4.7855 29.2388 0 -3.8268 27.0711 0 -7.0711
3 15 27.0711 -2.4996 -7.0711 27.0711 0 -7.0711 29.2388 -1.6412 -3.8268
3 15 29.2388 -1.6412 -3.8268 27.0711 0 -7.0711 29.2388 0 -3.8268
3 15 23.8268 -3.5416 -9.2388 23.8268 0 -9.2388 27.0711 -2.4996 -7.0711
3 15 27.0711 -2.4996 -7.0711 23.8268 0 -9.2388 27.0711 0 -7.0711
3 15 -10 -8 0 -10 0 0 -9.2388 -8 -3.8268
3 15 -9.2388 -8 -3.8268 -10 0 0 -9.2388 0 -3.8268
3 15 81.4587 -4.2673 -18.9947 92.1089 1.67 -12.2265 80.7307 -1.0992 -10.3447
3 15 80.7307 -1.0992 -10.3447 92.1089 1.67 -12.2265 86.3652 1.1464 -9.044
3 15 -9.2388 -8 -3.8268 -9.2388 0 -3.8268 -7.0711 -8 -7.0711
3 15 -7.0711 -8 -7.0711 -9.2388 0 -3.8268 -7.0711 0 -7.0711
3 15 -3.8268 -8 -9.2388 -3.8268 0 -9.2388 0 -8 -10
3 15 0 -8 -10 -3.8268 0 -9.2388 0 0 -10
3 15 14.4828 -8 -3.1854 14.4828 -12.425 -3.1854 13.6293 -8 0
3 15 13.6293 -8 0 14.4828 -12.425 -3.1854 13.6293 -12.425 0
3 15 -5.5172 -8 -3.1854 -5.5172 -12.425 -3.1854 -6.3707 -8 0
3 15 -6.3707 -8 0 -5.5172 -12.425 -3.1854 -6.3707 -12.425 0
3 15 -5.5172 -8 -3.1854 -6.3707 -8 0 -9.2388 -8 -3.8268
3 15 -9.2388 -8 -3.8268 -6.3707 -8 0 -10 -8 0
3 15 14.4828 -8 -3.1854 5.5172 -8 -3.1854 10.1875 -7.9972 -10
3 15 31.623 -7.5454 0 26.3707 -8 0 30.6953 -7.6487 -3.9415
3 15 30.6953 -7.6487 -3.9415 26.3707 -8 0 25.5172 -8 -3.1854
3 15 30.6953 -7.6487 -3.9415 25.5172 -8 -3.1854 27.3727 -7.9203 -7.1718
3 15 27.3727 -7.9203 -7.1718 25.5172 -8 -3.1854 23.1854 -8 -5.5172
3 15 16.8146 -8 -5.5172 14.4828 -8 -3.1854 10.1875 -7.9972 -10
3 15 25.5172 -8 -3.1854 25.5172 -12.425 -3.1854 23.1854 -8 -5.5172
3 15 23.1854 -8 -5.5172 25.5172 -12.425 -3.1854 23.1854 -12.425 -5.5172
3 15 26.3707 -8 0 26.3707 -12.425 0 25.5172 -8 -3.1854
3 15 25.5172 -8 -3.1854 26.3707 -12.425 0 25.5172 -12.425 -3.1854
3 15 16.8146 -8 -5.5172 16.8147 -12.425 -5.5172 14.4828 -8 -3.1854
3 15 14.4828 -8 -3.1854 16.8147 -12.425 -5.5172 14.4828 -12.425 -3.1854
3 15 20 -8 -6.3707 20 -12.425 -6.3707 16.8146 -8 -5.5172
3 15 16.8146 -8 -5.5172 20 -12.425 -6.3707 16.8147 -12.425 -5.5172
3 15 23.1854 -8 -5.5172 23.1854 -12.425 -5.5172 20 -8 -6.3707
3 15 20 -8 -6.3707 23.1854 -12.425 -5.5172 20 -12.425 -6.3707
3 15 5.5172 -8 -3.1854 5.5172 -12.425 -3.1854 3.1854 -8 -5.5172
3 15 3.1854 -8 -5.5172 5.5172 -12.425 -3.1854 3.1854 -12.425 -5.5172
3 15 5.5172 -8 -3.1854 3.1854 -8 -5.5172 10.1875 -7.9972 -10
3 15 6.3707 -8 0 6.3707 -12.425 0 5.5172 -8 -3.1854
3 15 5.5172 -8 -3.1854 6.3707 -12.425 0 5.5172 -12.425 -3.1854
3 15 -3.1854 -8 -5.5172 -3.1854 -12.425 -5.5172 -5.5172 -8 -3.1854
3 15 -5.5172 -8 -3.1854 -3.1854 -12.425 -5.5172 -5.5172 -12.425 -3.1854
3 15 0 -8 -6.3707 0 -12.425 -6.3707 -3.1854 -8 -5.5172
3 15 -3.1854 -8 -5.5172 0 -12.425 -6.3707 -3.1854 -12.425 -5.5172
3 15 0 -8 -6.3707 0 -8 -10 3.1854 -8 -5.5172
3 15 3.1854 -8 -5.5172 0 -8 -10 10.1875 -7.9972 -10
3 15 3.1854 -8 -5.5172 3.1854 -12.425 -5.5172 0 -8 -6.3707
3 15 0 -8 -6.3707 3.1854 -12.425 -5.5172 0 -12.425 -6.3707
3 15 -3.8268 -8 -9.2388 -7.0711 -8 -7.0711 -3.8268 0 -9.2388
3 15 -3.8268 0 -9.2388 -7.0711 -8 -7.0711 -7.0711 0 -7.0711
3 15 -5.5172 -8 -3.1854 -7.0711 -8 -7.0711 -3.1854 -8 -5.5172
3 15 -3.1854 -8 -5.5172 -7.0711 -8 -7.0711 -3.8268 -8 -9.2388
3 15 20 -3.9241 -10 20 0 -10 23.8268 -3.5416 -9.2388
3 15 23.8268 -3.5416 -9.2388 20 0 -10 23.8268 0 -9.2388
3 15 21.25 0 -6.25 24.7855 0 -4.7855 23.8268 0 -9.2388
3 15 23.8268 0 -9.2388 24.7855 0 -4.7855 27.0711 0 -7.0711
3 15 21.25 0 -6.25 21.25 -5.25 -6.25 24.7855 0 -4.7855
3 15 24.7855 0 -4.7855 21.25 -5.25 -6.25 24.7855 -5.25 -4.7855
3 15 -6.25 0 -1.25 -6.25 0 0 -6.25 -5.25 -1.25
3 15 -6.25 -5.25 -1.25 -6.25 0 0 -6.25 -5.25 0
3 15 26.25 -5.25 0 26.25 -5.25 -1.25 24 -5.25 0
3 15 24 -5.25 0 26.25 -5.25 -1.25 23.4641 -5.25 -2
3 15 26.25 -5.25 -1.25 26.25 -5.25 0 26.25 0 -1.2055
3 15 26.25 0 -1.2055 26.25 -5.25 0 26.25 0 0
3 15 21.25 0 -6.25 -1.25 0 -6.25 10.0502 -5.25 -6.25
3 15 10.0502 -5.25 -6.25 -1.25 0 -6.25 -1.25 -5.25 -6.25
3 15 -1.25 -5.25 -6.25 -1.25 0 -6.25 -4.7855 -5.25 -4.7855
3 15 -4.7855 -5.25 -4.7855 -1.25 0 -6.25 -4.7855 0 -4.7855
3 15 -6.25 0 -1.25 -6.25 -5.25 -1.25 -4.7855 0 -4.7855
3 15 -4.7855 0 -4.7855 -6.25 -5.25 -1.25 -4.7855 -5.25 -4.7855
3 15 24.7855 -5.25 -4.7855 26.25 -5.25 -1.25 24.7855 0 -4.7855
3 15 24.7855 0 -4.7855 26.25 -5.25 -1.25 26.25 0 -1.2055
3 15 22 -5.25 -3.4641 23.4641 -5.25 -2 24.7855 -5.25 -4.7855
3 15 24.7855 -5.25 -4.7855 23.4641 -5.25 -2 26.25 -5.25 -1.25
3 15 10 -5.25 -4 12 -5.25 -3.4641 20 -5.25 -4
3 15 20 -5.25 -4 12 -5.25 -3.4641 18 -5.25 -3.4641
3 15 35.5927 -0.5796 0 35.3979 -0.9587 -2.0321 31.1941 -1.9497 -0.0034
3 15 31.1941 -1.9497 -0.0034 35.3979 -0.9587 -2.0321 29.7492 -2.403 -4.0374
3 15 23.1952 -8.4018 -21.4498 23.5129 -6.5498 -16.4698 32.9974 -8.1135 -20.3112
3 15 32.9974 -8.1135 -20.3112 23.5129 -6.5498 -16.4698 31.7764 -5.2329 -12.2544
3 15 64.993 -5.3813 11.7723 66.033 -9.3098 23.4937 48.8836 -8.0921 12.7623
3 15 48.8836 -8.0921 12.7623 66.033 -9.3098 23.4937 49.3526 -12.3734 25.9351
3 15 48.8836 -8.0921 12.7623 49.3526 -12.3734 25.9351 35.224 -9.6888 14.6713
3 15 35.224 -9.6888 14.6713 49.3526 -12.3734 25.9351 35.5396 -13.1599 25.6066
3 15 35.5396 -13.1599 25.6066 23.2647 -12.6279 23.3739 35.224 -9.6888 14.6713
3 15 35.224 -9.6888 14.6713 23.2647 -12.6279 23.3739 22.7981 -10.0282 15.3936
3 15 22.7981 -10.0282 15.3936 11.8184 -11.3965 19.2363 10.5564 -9.7272 14.5736
3 15 22.7981 -10.0282 15.3936 10.5564 -9.7272 14.5736 21.6465 -7.9972 9.9954
3 15 21.6465 -7.9972 9.9954 10.5564 -9.7272 14.5736 10.1875 -7.9972 10
3 15 80.7307 -1.0992 10.3447 81.4587 -4.2673 18.9947 64.993 -5.3813 11.7723
3 15 64.993 -5.3813 11.7723 81.4587 -4.2673 18.9947 66.033 -9.3098 23.4937
3 15 81.4587 -4.2673 18.9947 80.7307 -1.0992 10.3447 92.1089 1.67 12.2265
3 15 92.1089 1.67 12.2265 80.7307 -1.0992 10.3447 86.3652 1.1464 9.044
3 15 92.1089 1.67 12.2265 91.4904 -1.9088 20.9948 81.4587 -4.2673 18.9947
3 15 81.4587 -4.2673 18.9947 91.4904 -1.9088 20.9948 84.9514 -5.3734 25.9005
3 15 66.033 -9.3098 23.4937 81.4587 -4.2673 18.9947 76.4804 -8.7627 30.5989
3 15 76.4804 -8.7627 30.5989 81.4587 -4.2673 18.9947 84.9514 -5.3734 25.9005
3 15 66.033 -9.3098 23.4937 58.9944 -13.4905 37.0737 49.3526 -12.3734 25.9351
3 15 49.3526 -12.3734 25.9351 58.9944 -13.4905 37.0737 50.2559 -14.7985 38.8066
3 15 35.5396 -13.1599 25.6066 49.3526 -12.3734 25.9351 42.4882 -15.3175 39.2911
3 15 42.4882 -15.3175 39.2911 49.3526 -12.3734 25.9351 50.2559 -14.7985 38.8066
3 15 35.5396 -13.1599 25.6066 27.8941 -15.5709 36.6622 23.2647 -12.6279 23.3739
3 15 23.2647 -12.6279 23.3739 27.8941 -15.5709 36.6622 21.6857 -14.9521 33.0526
3 15 23.2647 -12.6279 23.3739 21.6857 -14.9521 33.0526 17.1969 -14.0284 28.813
3 15 66.3112 2.7305 0 49.2173 0.1813 0 66.1823 2.4214 1.3624
3 15 66.1823 2.4214 1.3624 49.2173 0.1813 0 49.0863 -0.1956 1.7226
3 15 81.2153 6.5199 0 66.3112 2.7305 0 81.2471 6.3264 0.9914
3 15 81.2471 6.3264 0.9914 66.3112 2.7305 0 66.1823 2.4214 1.3624
3 15 32.9974 -8.1135 20.3112 23.1952 -8.4018 21.4498 28.0787 -11.9693 36.8353
3 15 28.0787 -11.9693 36.8353 23.1952 -8.4018 21.4498 22.1168 -11.3198 33.384
3 15 50.0528 -11.5084 38.8619 49.0853 -7.2181 19.3923 42.3556 -11.887 39.3262
3 15 42.3556 -11.887 39.3262 49.0853 -7.2181 19.3923 32.9974 -8.1135 20.3112
3 15 66.4245 -4.1711 17.7787 49.0853 -7.2181 19.3923 58.6181 -10.2574 37.2284
3 15 58.6181 -10.2574 37.2284 49.0853 -7.2181 19.3923 50.0528 -11.5084 38.8619
3 15 83.1914 1.791 13.1994 66.4245 -4.1711 17.7787 83.8622 -2.3192 26.6028
3 15 83.8622 -2.3192 26.6028 66.4245 -4.1711 17.7787 75.6611 -5.6476 31.0772
3 15 95.7259 8.2009 8.2701 83.1914 1.791 13.1994 90.5145 1.1718 21.7428
3 15 90.5145 1.1718 21.7428 83.1914 1.791 13.1994 83.8622 -2.3192 26.6028
3 15 101.3915 9.0705 11.5625 95.7259 8.2009 8.2701 96.62 5.2646 16.5812
3 15 93.9967 10.8874 0 81.2153 6.5199 0 93.8701 10.7012 0.7057
3 15 93.8701 10.7012 0.7057 81.2153 6.5199 0 81.2471 6.3264 0.9914
3 15 104.5964 15.321 0 93.9967 10.8874 0 104.5433 15.1691 0.6043
3 15 104.5433 15.1691 0.6043 93.9967 10.8874 0 93.8701 10.7012 0.7057
3 15 47.4176 -3.2832 0 47.5306 -3.7768 2.2621 35.5829 -4.6635 0
3 15 35.5829 -4.6635 0 47.5306 -3.7768 2.2621 34.9229 -5.1839 2.2921
3 15 47.4176 -3.2832 0 63.8137 -0.9227 0 47.5306 -3.7768 2.2621
3 15 47.5306 -3.7768 2.2621 63.8137 -0.9227 0 63.8937 -1.2943 1.8124
3 15 80.746 3.1792 0 80.7756 2.8752 1.3835 63.8137 -0.9227 0
3 15 63.8137 -0.9227 0 80.7756 2.8752 1.3835 63.8937 -1.2943 1.8124
3 15 88.4276 5.6114 0 88.5322 5.392 1.1389 80.746 3.1792 0
3 15 80.746 3.1792 0 88.5322 5.392 1.1389 80.7756 2.8752 1.3835
3 15 35.5829 -4.6635 0 34.9229 -5.1839 2.2921 31.623 -7.5454 0
3 15 31.623 -7.5454 0 34.9229 -5.1839 2.2921 30.6953 -7.6487 3.9415
3 15 28.992 -7.3907 8.2968 21.6465 -7.9972 9.9954 27.3727 -7.9203 7.1718
3 15 27.3727 -7.9203 7.1718 21.6465 -7.9972 9.9954 21.2133 -7.9925 8.6912
3 15 31.7764 -5.2329 12.2544 33.7893 -2.4343 5.5276 27.3343 -3.034 7.3337
3 15 27.3343 -3.034 7.3337 33.7893 -2.4343 5.5276 29.7492 -2.403 4.0374
3 15 29.2388 -1.6412 3.8268 27.0711 -2.4996 7.0711 29.7492 -2.403 4.0374
3 15 29.7492 -2.403 4.0374 27.0711 -2.4996 7.0711 27.3343 -3.034 7.3337
3 15 33.7893 -2.4343 5.5276 31.7764 -5.2329 12.2544 49.0853 -7.2181 19.3923
3 15 31.7764 -5.2329 12.2544 32.9974 -8.1135 20.3112 49.0853 -7.2181 19.3923
3 15 13.6293 -8 0 13.6293 -12.425 0 14.4828 -8 3.1854
3 15 14.4828 -8 3.1854 13.6293 -12.425 0 14.4828 -12.425 3.1854
3 15 13.6293 -12.425 0 16 -12.425 0 14.4828 -12.425 3.1854
3 15 14.4828 -12.425 3.1854 16 -12.425 0 16.5359 -12.425 2
3 15 14.4828 -8 3.1854 14.4828 -12.425 3.1854 16.8146 -8 5.5172
3 15 16.8146 -8 5.5172 14.4828 -12.425 3.1854 16.8147 -12.425 5.5172
3 15 16.8146 -8 5.5172 16.8147 -12.425 5.5172 20 -8 6.3707
3 15 20 -8 6.3707 16.8147 -12.425 5.5172 20 -12.425 6.3707
3 15 16.8147 -12.425 5.5172 18 -12.425 3.4641 20 -12.425 6.3707
3 15 20 -12.425 6.3707 18 -12.425 3.4641 20 -12.425 4
3 15 14.4828 -12.425 3.1854 16.5359 -12.425 2 16.8147 -12.425 5.5172
3 15 16.8147 -12.425 5.5172 16.5359 -12.425 2 18 -12.425 3.4641
3 15 20 -8 6.3707 20 -12.425 6.3707 23.1854 -8 5.5172
3 15 23.1854 -8 5.5172 20 -12.425 6.3707 23.1854 -12.425 5.5172
3 15 20 -12.425 6.3707 20 -12.425 4 23.1854 -12.425 5.5172
3 15 23.1854 -12.425 5.5172 20 -12.425 4 22 -12.425 3.4641
3 15 23.1854 -8 5.5172 23.1854 -12.425 5.5172 25.5172 -8 3.1854
3 15 25.5172 -8 3.1854 23.1854 -12.425 5.5172 25.5172 -12.425 3.1854
3 15 25.5172 -8 3.1854 25.5172 -12.425 3.1854 26.3707 -8 0
3 15 26.3707 -8 0 25.5172 -12.425 3.1854 26.3707 -12.425 0
3 15 25.5172 -12.425 3.1854 23.4641 -12.425 2 26.3707 -12.425 0
3 15 26.3707 -12.425 0 23.4641 -12.425 2 24 -12.425 0
3 15 23.1854 -12.425 5.5172 22 -12.425 3.4641 25.5172 -12.425 3.1854
3 15 25.5172 -12.425 3.1854 22 -12.425 3.4641 23.4641 -12.425 2
3 15 23.4641 -12.425 2 23.4641 -5.25 2 24 -12.425 0
3 15 24 -12.425 0 23.4641 -5.25 2 24 -5.25 0
3 15 18 -12.425 3.4641 18 -5.25 3.4641 20 -12.425 4
3 15 20 -12.425 4 18 -5.25 3.4641 20 -5.25 4
3 15 16.5359 -12.425 2 16.5359 -5.25 2 18 -12.425 3.4641
3 15 18 -12.425 3.4641 16.5359 -5.25 2 18 -5.25 3.4641
3 15 20 -12.425 4 20 -5.25 4 22 -12.425 3.4641
3 15 22 -12.425 3.4641 20 -5.25 4 22 -5.25 3.4641
3 15 22 -12.425 3.4641 22 -5.25 3.4641 23.4641 -12.425 2
3 15 23.4641 -12.425 2 22 -5.25 3.4641 23.4641 -5.25 2
3 15 -6.3707 -8 0 -6.3707 -12.425 0 -5.5172 -8 3.1854
3 15 -5.5172 -8 3.1854 -6.3707 -12.425 0 -5.5172 -12.425 3.1854
3 15 -6.3707 -12.425 0 -4 -12.425 0 -5.5172 -12.425 3.1854
3 15 -5.5172 -12.425 3.1854 -4 -12.425 0 -3.4641 -12.425 2
3 15 -5.5172 -8 3.1854 -5.5172 -12.425 3.1854 -3.1854 -8 5.5172
3 15 -3.1854 -8 5.5172 -5.5172 -12.425 3.1854 -3.1854 -12.425 5.5172
3 15 -3.1854 -8 5.5172 -3.1854 -12.425 5.5172 0 -8 6.3707
3 15 0 -8 6.3707 -3.1854 -12.425 5.5172 0 -12.425 6.3707
3 15 -3.1854 -12.425 5.5172 -2 -12.425 3.4641 0 -12.425 6.3707
3 15 0 -12.425 6.3707 -2 -12.425 3.4641 0 -12.425 4
3 15 -5.5172 -12.425 3.1854 -3.4641 -12.425 2 -3.1854 -12.425 5.5172
3 15 -3.1854 -12.425 5.5172 -3.4641 -12.425 2 -2 -12.425 3.4641
3 15 0 -8 6.3707 0 -12.425 6.3707 3.1854 -8 5.5172
3 15 3.1854 -8 5.5172 0 -12.425 6.3707 3.1854 -12.425 5.5172
3 15 0 -12.425 6.3707 0 -12.425 4 3.1854 -12.425 5.5172
3 15 3.1854 -12.425 5.5172 0 -12.425 4 2 -12.425 3.4641
3 15 3.1854 -8 5.5172 3.1854 -12.425 5.5172 5.5172 -8 3.1854
3 15 5.5172 -8 3.1854 3.1854 -12.425 5.5172 5.5172 -12.425 3.1854
3 15 5.5172 -8 3.1854 5.5172 -12.425 3.1854 6.3707 -8 0
3 15 6.3707 -8 0 5.5172 -12.425 3.1854 6.3707 -12.425 0
3 15 5.5172 -12.425 3.1854 3.4641 -12.425 2 6.3707 -12.425 0
3 15 6.3707 -12.425 0 3.4641 -12.425 2 4 -12.425 0
3 15 3.1854 -12.425 5.5172 2 -12.425 3.4641 5.5172 -12.425 3.1854
3 15 5.5172 -12.425 3.1854 2 -12.425 3.4641 3.4641 -12.425 2
3 15 3.4641 -12.425 2 3.4641 -5.25 2 4 -12.425 0
3 15 4 -12.425 0 3.4641 -5.25 2 4 -5.25 0
3 15 -2 -12.425 3.4641 -2 -5.25 3.4641 0 -12.425 4
3 15 0 -12.425 4 -2 -5.25 3.4641 0 -5.25 4
3 15 -3.4641 -12.425 2 -3.4641 -5.25 2 -2 -12.425 3.4641
3 15 -2 -12.425 3.4641 -3.4641 -5.25 2 -2 -5.25 3.4641
3 15 0 -12.425 4 0 -5.25 4 2 -12.425 3.4641
3 15 2 -12.425 3.4641 0 -5.25 4 2 -5.25 3.4641
3 15 2 -12.425 3.4641 2 -5.25 3.4641 3.4641 -12.425 2
3 15 3.4641 -12.425 2 2 -5.25 3.4641 3.4641 -5.25 2
3 15 21.6465 -7.9972 9.9954 28.992 -7.3907 8.2968 22.7981 -10.0282 15.3936
3 15 22.7981 -10.0282 15.3936 28.992 -7.3907 8.2968 35.224 -9.6888 14.6713
3 15 16 -12.425 0 16 -5.25 0 16.5359 -12.425 2
3 15 16.5359 -12.425 2 16 -5.25 0 16.5359 -5.25 2
3 15 -4 -12.425 0 -4 -5.25 0 -3.4641 -12.425 2
3 15 -3.4641 -12.425 2 -4 -5.25 0 -3.4641 -5.25 2
3 15 30 0 0 29.2388 0 3.8268 30 -1.1922 0
3 15 30 -1.1922 0 29.2388 0 3.8268 29.2388 -1.6412 3.8268
3 15 29.2388 0 3.8268 27.0711 0 7.0711 29.2388 -1.6412 3.8268
3 15 29.2388 -1.6412 3.8268 27.0711 0 7.0711 27.0711 -2.4996 7.0711
3 15 -9.2388 -8 3.8268 -9.2388 0 3.8268 -10 -8 0
3 15 -10 -8 0 -9.2388 0 3.8268 -10 0 0
3 15 -7.0711 -8 7.0711 -7.0711 0 7.0711 -9.2388 -8 3.8268
3 15 -9.2388 -8 3.8268 -7.0711 0 7.0711 -9.2388 0 3.8268
3 15 -3.8268 -8 9.2388 -3.8268 0 9.2388 -7.0711 -8 7.0711
3 15 -7.0711 -8 7.0711 -3.8268 0 9.2388 -7.0711 0 7.0711
3 15 20 -8 6.3707 21.2133 -7.9925 8.6912 16.8146 -8 5.5172
3 15 16.8146 -8 5.5172 21.2133 -7.9925 8.6912 10.1875 -7.9972 10
3 15 13.6293 -8 0 14.4828 -8 3.1854 6.3707 -8 0
3 15 6.3707 -8 0 14.4828 -8 3.1854 5.5172 -8 3.1854
3 15 3.1854 -8 5.5172 5.5172 -8 3.1854 10.1875 -7.9972 10
3 15 -5.5172 -8 3.1854 -9.2388 -8 3.8268 -6.3707 -8 0
3 15 -6.3707 -8 0 -9.2388 -8 3.8268 -10 -8 0
3 15 25.5172 -8 3.1854 26.3707 -8 0 30.6953 -7.6487 3.9415
3 15 30.6953 -7.6487 3.9415 26.3707 -8 0 31.623 -7.5454 0
3 15 20 -8 6.3707 23.1854 -8 5.5172 21.2133 -7.9925 8.6912
3 15 21.2133 -7.9925 8.6912 23.1854 -8 5.5172 27.3727 -7.9203 7.1718
3 15 21.2133 -7.9925 8.6912 21.6465 -7.9972 9.9954 10.1875 -7.9972 10
3 15 0 -8 6.3707 3.1854 -8 5.5172 0 -8 10
3 15 0 -8 10 3.1854 -8 5.5172 10.1875 -7.9972 10
3 15 0 -8 10 0 0 10 -3.8268 -8 9.2388
3 15 -3.8268 -8 9.2388 0 0 10 -3.8268 0 9.2388
3 15 -7.0711 -8 7.0711 -9.2388 -8 3.8268 -5.5172 -8 3.1854
3 15 -3.1854 -8 5.5172 0 -8 6.3707 -3.8268 -8 9.2388
3 15 -3.8268 -8 9.2388 0 -8 6.3707 0 -8 10
3 15 -6.25 -5.25 1.25 -6.25 -5.25 0 -6.25 0 1.25
3 15 -6.25 0 1.25 -6.25 -5.25 0 -6.25 0 0
3 15 -6.25 -5.25 1.25 -6.25 0 1.25 -4.7855 -5.25 4.7855
3 15 -4.7855 -5.25 4.7855 -6.25 0 1.25 -4.7855 0 4.7855
3 15 0 -5.25 4 -2 -5.25 3.4641 -1.25 -5.25 6.25
3 15 -1.25 -5.25 6.25 -2 -5.25 3.4641 -4.7855 -5.25 4.7855
3 15 26.25 0 0 26.25 -5.25 0 26.25 0 1.2055
3 15 26.25 0 1.2055 26.25 -5.25 0 26.25 -5.25 1.25
3 15 -1.25 -5.25 6.25 -4.7855 -5.25 4.7855 -1.25 0 6.25
3 15 -1.25 0 6.25 -4.7855 -5.25 4.7855 -4.7855 0 4.7855
3 15 24.7855 0 4.7855 24.7855 -5.25 4.7855 21.25 0 6.25
3 15 21.25 0 6.25 24.7855 -5.25 4.7855 21.25 -5.25 6.25
3 15 26.25 0 0 26.25 0 1.2055 30 0 0
3 15 30 0 0 26.25 0 1.2055 29.2388 0 3.8268
3 15 26.25 -5.25 0 24 -5.25 0 26.25 -5.25 1.25
3 15 26.25 -5.25 1.25 24 -5.25 0 23.4641 -5.25 2
3 15 26.25 0 1.2055 26.25 -5.25 1.25 24.7855 0 4.7855
3 15 24.7855 0 4.7855 26.25 -5.25 1.25 24.7855 -5.25 4.7855
3 15 -9.2388 0 3.8268 -6.25 0 1.25 -10 0 0
3 15 -10 0 0 -6.25 0 1.25 -6.25 0 0
3 15 -6.25 0 1.25 -9.2388 0 3.8268 -4.7855 0 4.7855
3 15 -4.7855 0 4.7855 -9.2388 0 3.8268 -7.0711 0 7.0711
3 15 -1.25 0 6.25 -4.7855 0 4.7855 -3.8268 0 9.2388
3 15 -3.8268 0 9.2388 -4.7855 0 4.7855 -7.0711 0 7.0711
3 15 10.0502 -5.25 6.25 21.25 0 6.25 21.25 -5.25 6.25
3 15 -1.25 0 6.25 0 0 10 21.25 0 6.25
3 15 21.25 0 6.25 0 0 10 20 0 10
3 15 20 -5.25 4 21.25 -5.25 6.25 22 -5.25 3.4641
3 15 22 -5.25 3.4641 21.25 -5.25 6.25 24.7855 -5.25 4.7855
3 15 29.2388 -1.6412 3.8268 29.7492 -2.403 4.0374 30 -1.1922 0
3 15 30 -1.1922 0 29.7492 -2.403 4.0374 31.1941 -1.9497 -0.0034
3 15 26.25 0 1.2055 24.7855 0 4.7855 29.2388 0 3.8268
3 15 29.2388 0 3.8268 24.7855 0 4.7855 27.0711 0 7.0711
3 15 23.8268 0 9.2388 21.25 0 6.25 20 0 10
3 15 109.5535 17.6674 0 104.5964 15.321 0 109.4232 17.4047 0.7972
3 15 109.4232 17.4047 0.7972 104.5964 15.321 0 104.5433 15.1691 0.6043
3 15 101.3633 10.5647 0 101.4182 10.378 0.8939 88.4276 5.6114 0
3 15 88.4276 5.6114 0 101.4182 10.378 0.8939 88.5322 5.392 1.1389
3 15 -3.4641 -5.25 2 -4 -5.25 0 -6.25 -5.25 1.25
3 15 -6.25 -5.25 1.25 -4 -5.25 0 -6.25 -5.25 0
3 15 27.0711 -2.4996 7.0711 23.8268 -3.5416 9.2388 27.3343 -3.034 7.3337
3 15 27.3343 -3.034 7.3337 23.8268 -3.5416 9.2388 23.9571 -3.9602 9.5066
3 15 23.8268 -3.5416 9.2388 20 -3.9241 10 23.9571 -3.9602 9.5066
3 15 23.9571 -3.9602 9.5066 20 -3.9241 10 20.0171 -4.3072 10.2974
3 15 27.0711 0 7.0711 23.8268 0 9.2388 27.0711 -2.4996 7.0711
3 15 27.0711 -2.4996 7.0711 23.8268 0 9.2388 23.8268 -3.5416 9.2388
3 15 23.8268 0 9.2388 20 0 10 23.8268 -3.5416 9.2388
3 15 23.8268 -3.5416 9.2388 20 0 10 20 -3.9241 10
3 15 35.5927 -0.5796 0 31.1941 -1.9497 -0.0034 35.3979 -0.9587 2.0321
3 15 35.3979 -0.9587 2.0321 31.1941 -1.9497 -0.0034 29.7492 -2.403 4.0374
3 15 49.2173 0.1813 0 35.5927 -0.5796 0 49.0863 -0.1956 1.7226
3 15 49.0863 -0.1956 1.7226 35.5927 -0.5796 0 35.3979 -0.9587 2.0321
3 15 23.5129 -6.5498 16.4698 31.7764 -5.2329 12.2544 23.9571 -3.9602 9.5066
3 15 23.9571 -3.9602 9.5066 31.7764 -5.2329 12.2544 27.3343 -3.034 7.3337
3 15 33.5384 -6.0627 4.8877 28.992 -7.3907 8.2968 30.6953 -7.6487 3.9415
3 15 30.6953 -7.6487 3.9415 28.992 -7.3907 8.2968 27.3727 -7.9203 7.1718
3 15 27.3727 -7.9203 -7.1718 23.1854 -8 -5.5172 21.2133 -7.9925 -8.6912
3 15 21.2133 -7.9925 -8.6912 23.1854 -8 -5.5172 20 -8 -6.3707
3 15 21.2133 -7.9925 -8.6912 21.6465 -7.9972 -9.9954 27.3727 -7.9203 -7.1718
3 15 27.3727 -7.9203 -7.1718 21.6465 -7.9972 -9.9954 28.9919 -7.3903 -8.2968
3 15 109.5535 17.6674 0 109.4232 17.4047 -0.7972 104.5964 15.321 0
3 15 104.5964 15.321 0 109.4232 17.4047 -0.7972 104.5433 15.1691 -0.6043
3 15 22.7981 -10.0282 -15.3936 21.6465 -7.9972 -9.9954 10.5564 -9.7272 -14.5736
3 15 10.5564 -9.7272 -14.5736 21.6465 -7.9972 -9.9954 10.1875 -7.9972 -10
3 15 10.5564 -9.7272 -14.5736 10.1875 -7.9972 -10 10.7379 -6.4709 -15.5972
3 15 10.7379 -6.4709 -15.5972 10.1875 -7.9972 -10 10.1875 -4.2651 -10
3 15 22.1168 -11.3198 33.384 17.5497 -10.4497 29.2316 21.6857 -14.9521 33.0526
3 15 21.6857 -14.9521 33.0526 17.5497 -10.4497 29.2316 17.1969 -14.0284 28.813
3 15 101.4182 10.378 0.8939 101.3633 10.5647 0 109.3685 14.0042 0.7842
3 15 109.3685 14.0042 0.7842 101.3633 10.5647 0 109.5049 14.2511 0
3 15 109.4232 17.4047 -0.7972 109.3685 14.0042 -0.7842 105.7354 13.2776 -6.32
3 15 105.7354 13.2776 -6.32 109.3685 14.0042 -0.7842 106.1088 10.1291 -5.8141
3 15 92.1089 1.67 -12.2265 91.4395 -1.7883 -21.0081 97.4826 2.1576 -15.7875
3 15 95.7259 8.2009 -8.2701 101.3418 9.1343 -11.543 96.62 5.2646 -16.5812
3 15 101.3418 9.1343 -11.543 101.9598 6.0065 -10.8933 96.62 5.2646 -16.5812
3 15 96.62 5.2646 -16.5812 101.9598 6.0065 -10.8933 97.4826 2.1576 -15.7875
3 15 66.033 -9.3098 -23.4937 67.4842 -11.5835 -34.6251 76.4581 -8.7515 -30.5614
3 15 90.4636 1.2923 -21.7561 95.7259 8.2009 -8.2701 96.62 5.2646 -16.5812
3 15 96.62 5.2646 -16.5812 97.4826 2.1576 -15.7875 90.4636 1.2923 -21.7561
3 15 90.4636 1.2923 -21.7561 97.4826 2.1576 -15.7875 91.4395 -1.7883 -21.0081
3 15 66.4245 -4.1711 -17.7787 75.6388 -5.6365 -31.0396 66.9348 -8.4075 -34.8793
3 15 75.6388 -5.6365 -31.0396 76.4581 -8.7515 -30.5614 66.9348 -8.4075 -34.8793
3 15 66.9348 -8.4075 -34.8793 76.4581 -8.7515 -30.5614 67.4842 -11.5835 -34.6251
3 15 66.033 -9.3098 -23.4937 58.9709 -13.3959 -37.026 67.4842 -11.5835 -34.6251
3 15 58.5946 -10.1629 -37.1807 66.4245 -4.1711 -17.7787 66.9348 -8.4075 -34.8793
3 15 66.9348 -8.4075 -34.8793 67.4842 -11.5835 -34.6251 58.5946 -10.1629 -37.1807
3 15 58.5946 -10.1629 -37.1807 67.4842 -11.5835 -34.6251 58.9709 -13.3959 -37.026
3 15 35.5396 -13.1599 -25.6066 34.7431 -15.8285 -38.8926 42.4934 -15.4514 -39.2957
3 15 32.9974 -8.1135 -20.3112 42.3609 -12.0209 -39.3308 34.6811 -12.2576 -38.9075
3 15 42.3609 -12.0209 -39.3308 42.4934 -15.4514 -39.2957 34.6811 -12.2576 -38.9075
3 15 34.6811 -12.2576 -38.9075 42.4934 -15.4514 -39.2957 34.7431 -15.8285 -38.8926
3 15 35.5396 -13.1599 -25.6066 27.9112 -15.6297 -36.7464 34.7431 -15.8285 -38.8926
3 15 28.2177 -12.0376 -36.9722 32.9974 -8.1135 -20.3112 34.6811 -12.2576 -38.9075
3 15 34.6811 -12.2576 -38.9075 34.7431 -15.8285 -38.8926 28.2177 -12.0376 -36.9722
3 15 28.2177 -12.0376 -36.9722 34.7431 -15.8285 -38.8926 27.9112 -15.6297 -36.7464
3 15 17.199 -14.0412 -28.8087 13.7272 -12.7485 -23.7332 17.5517 -10.4625 -29.2272
3 15 17.5517 -10.4625 -29.2272 13.7272 -12.7485 -23.7332 14.0016 -9.2234 -24.239
3 15 23.2647 -12.6279 -23.3739 13.7272 -12.7485 -23.7332 17.199 -14.0412 -28.8087
3 15 22.7981 -10.0282 -15.3936 11.8284 -11.4167 -19.2278 23.2647 -12.6279 -23.3739
3 15 23.2647 -12.6279 -23.3739 11.8284 -11.4167 -19.2278 13.7272 -12.7485 -23.7332
3 15 12.0564 -8.0259 -19.9925 14.0016 -9.2234 -24.239 11.8284 -11.4167 -19.2278
3 15 11.8284 -11.4167 -19.2278 14.0016 -9.2234 -24.239 13.7272 -12.7485 -23.7332
3 15 10.1875 -4.2651 -10 20.0171 -4.3072 -10.2974 10.7379 -6.4709 -15.5972
3 15 23.1952 -8.4018 21.4498 17.5497 -10.4497 29.2316 22.1168 -11.3198 33.384
3 15 10.5564 -9.7272 14.5736 10.7379 -6.4709 15.5972 10.1875 -7.9972 10
3 15 10.1875 -7.9972 10 10.7379 -6.4709 15.5972 10.1875 -4.2651 10
3 15 109.3685 14.0042 0.7842 109.5049 14.2511 0 109.4232 17.4047 0.7972
3 15 109.4232 17.4047 0.7972 109.5049 14.2511 0 109.5535 17.6674 0
3 15 101.3915 9.0705 11.5625 96.62 5.2646 16.5812 102.0095 5.9428 10.9128
3 15 102.0095 5.9428 10.9128 96.62 5.2646 16.5812 97.4826 2.1576 15.7875
3 15 90.5145 1.1718 21.7428 83.8622 -2.3192 26.6028 91.4904 -1.9088 20.9948
3 15 91.4904 -1.9088 20.9948 83.8622 -2.3192 26.6028 84.9514 -5.3734 25.9005
3 15 84.9514 -5.3734 25.9005 83.8622 -2.3192 26.6028 76.4804 -8.7627 30.5989
3 15 76.4804 -8.7627 30.5989 83.8622 -2.3192 26.6028 75.6611 -5.6476 31.0772
3 15 58.6181 -10.2574 37.2284 50.0528 -11.5084 38.8619 58.9944 -13.4905 37.0737
3 15 58.9944 -13.4905 37.0737 50.0528 -11.5084 38.8619 50.2559 -14.7985 38.8066
3 15 50.0528 -11.5084 38.8619 42.3556 -11.887 39.3262 50.2559 -14.7985 38.8066
3 15 50.2559 -14.7985 38.8066 42.3556 -11.887 39.3262 42.4882 -15.3175 39.2911
3 15 28.0787 -11.9693 36.8353 22.1168 -11.3198 33.384 27.8941 -15.5709 36.6622
3 15 27.8941 -15.5709 36.6622 22.1168 -11.3198 33.384 21.6857 -14.9521 33.0526
3 15 11.8184 -11.3965 19.2363 12.0464 -8.0058 20.001 10.5564 -9.7272 14.5736
3 15 10.5564 -9.7272 14.5736 12.0464 -8.0058 20.001 10.7379 -6.4709 15.5972
3 15 10.7379 -6.4709 15.5972 23.5129 -6.5498 16.4698 20.0171 -4.3072 10.2974
3 15 20.0171 -4.3072 10.2974 23.5129 -6.5498 16.4698 23.9571 -3.9602 9.5066
3 15 20.0171 -4.3072 10.2974 20 -3.9241 10 10.1875 -4.2651 10
3 15 10.1875 -7.9972 -10 0 -8 -10 10.1875 -4.2651 -10
3 15 10.1875 -4.2651 -10 0 -8 -10 0 0 -10
3 15 21.25 0 -6.25 20 0 -10 -1.25 0 -6.25
3 15 -1.25 0 -6.25 20 0 -10 0 0 -10
3 15 0 0 10 0 -8 10 10.1875 -4.2651 10
3 15 10.1875 -4.2651 10 0 -8 10 10.1875 -7.9972 10
3 15 10.1875 -4.2651 -10 20 -3.9241 -10 20.0171 -4.3072 -10.2974
3 15 20 0 10 10.1875 -4.2651 10 20 -3.9241 10
3 15 26.25 -5.25 1.25 23.4641 -5.25 2 24.7855 -5.25 4.7855
3 15 24.7855 -5.25 4.7855 23.4641 -5.25 2 22 -5.25 3.4641
3 15 -6.25 -5.25 1.25 -4.7855 -5.25 4.7855 -3.4641 -5.25 2
3 15 -3.4641 -5.25 2 -4.7855 -5.25 4.7855 -2 -5.25 3.4641
3 15 16 -5.25 0 16.5359 -5.25 -2 14 -5.25 0
3 15 14 -5.25 0 16.5359 -5.25 -2 13.4641 -5.25 -2
3 15 20 -5.25 -4 22 -5.25 -3.4641 21.25 -5.25 -6.25
3 15 21.25 -5.25 -6.25 22 -5.25 -3.4641 24.7855 -5.25 -4.7855
3 15 16.5359 -5.25 -2 18 -5.25 -3.4641 13.4641 -5.25 -2
3 15 13.4641 -5.25 -2 18 -5.25 -3.4641 12 -5.25 -3.4641
3 15 16.5359 -5.25 2 16 -5.25 0 13.4641 -5.25 2
3 15 13.4641 -5.25 2 16 -5.25 0 14 -5.25 0
3 15 18 -5.25 3.4641 16.5359 -5.25 2 12 -5.25 3.4641
3 15 12 -5.25 3.4641 16.5359 -5.25 2 13.4641 -5.25 2
3 15 -5.5172 -8 3.1854 -3.1854 -8 5.5172 -7.0711 -8 7.0711
3 15 -7.0711 -8 7.0711 -3.1854 -8 5.5172 -3.8268 -8 9.2388
3 15 -3.1854 -8 -5.5172 -3.8268 -8 -9.2388 0 -8 -6.3707
3 15 0 -8 -6.3707 -3.8268 -8 -9.2388 0 -8 -10
3 15 20 -8 -6.3707 16.8146 -8 -5.5172 21.2133 -7.9925 -8.6912
3 15 21.2133 -7.9925 -8.6912 16.8146 -8 -5.5172 10.1875 -7.9972 -10
3 15 14.4828 -8 3.1854 16.8146 -8 5.5172 10.1875 -7.9972 10
3 15 -3.4641 -5.25 -2 -6.25 -5.25 -1.25 -4 -5.25 0
3 15 -4 -5.25 0 -6.25 -5.25 -1.25 -6.25 -5.25 0
3 15 0 -5.25 -4 -1.25 -5.25 -6.25 -2 -5.25 -3.4641
3 15 -2 -5.25 -3.4641 -1.25 -5.25 -6.25 -4.7855 -5.25 -4.7855
3 15 10 -5.25 4 10.0502 -5.25 6.25 20 -5.25 4
3 15 20 -5.25 4 10.0502 -5.25 6.25 21.25 -5.25 6.25
3 15 10 -5.25 -4 10.0502 -5.25 -6.25 0 -5.25 -4
3 15 0 -5.25 -4 10.0502 -5.25 -6.25 -1.25 -5.25 -6.25
3 15 12 -5.25 3.4641 10 -5.25 4 18 -5.25 3.4641
3 15 18 -5.25 3.4641 10 -5.25 4 20 -5.25 4
3 15 -9.2388 -8 -3.8268 -7.0711 -8 -7.0711 -5.5172 -8 -3.1854
3 15 33.7893 -2.4343 -5.5276 49.0853 -7.2181 -19.3923 31.7764 -5.2329 -12.2544
3 15 49.0853 -7.2181 -19.3923 32.9974 -8.1135 -20.3112 31.7764 -5.2329 -12.2544
3 15 23.1854 -8 5.5172 25.5172 -8 3.1854 27.3727 -7.9203 7.1718
3 15 27.3727 -7.9203 7.1718 25.5172 -8 3.1854 30.6953 -7.6487 3.9415
3 15 14.0016 -9.2234 -24.239 23.1952 -8.4018 -21.4498 17.5517 -10.4625 -29.2272
3 15 23.5129 -6.5498 16.4698 10.7379 -6.4709 15.5972 12.0464 -8.0058 20.001
3 15 -1.25 0 -6.25 -3.8268 0 -9.2388 -4.7855 0 -4.7855
3 15 -4.7855 0 -4.7855 -3.8268 0 -9.2388 -7.0711 0 -7.0711
3 15 -1.25 0 6.25 -3.8268 0 9.2388 0 0 10
3 15 21.25 0 -6.25 23.8268 0 -9.2388 20 0 -10
3 15 21.25 0 6.25 23.8268 0 9.2388 24.7855 0 4.7855
3 15 24.7855 0 4.7855 23.8268 0 9.2388 27.0711 0 7.0711
3 15 14.4828 -8 -3.1854 13.6293 -8 0 5.5172 -8 -3.1854
3 15 5.5172 -8 -3.1854 13.6293 -8 0 6.3707 -8 0
3 15 5.5172 -8 3.1854 14.4828 -8 3.1854 10.1875 -7.9972 10
3 15 28.992 -7.3907 8.2968 33.5384 -6.0627 4.8877 35.224 -9.6888 14.6713
3 15 35.224 -9.6888 14.6713 33.5384 -6.0627 4.8877 48.8836 -8.0921 12.7623
3 15 23.1952 -8.4018 21.4498 32.9974 -8.1135 20.3112 23.5129 -6.5498 16.4698
3 15 23.5129 -6.5498 16.4698 32.9974 -8.1135 20.3112 31.7764 -5.2329 12.2544
3 15 23.5129 -6.5498 -16.4698 23.9571 -3.9602 -9.5066 31.7764 -5.2329 -12.2544
3 15 31.7764 -5.2329 -12.2544 23.9571 -3.9602 -9.5066 27.3343 -3.0339 -7.3338
3 15 10.7379 -6.4709 -15.5972 20.0171 -4.3072 -10.2974 23.5129 -6.5498 -16.4698
3 15 23.5129 -6.5498 -16.4698 20.0171 -4.3072 -10.2974 23.9571 -3.9602 -9.5066
3 15 10.1875 -4.2651 10 10.7379 -6.4709 15.5972 20.0171 -4.3072 10.2974
3 15 20 0 -10 20 -3.9241 -10 10.1875 -4.2651 -10
3 15 0 0 10 10.1875 -4.2651 10 20 0 10
3 15 109.3685 14.0042 -0.7842 109.4232 17.4047 -0.7972 109.5049 14.2511 0
3 15 109.5049 14.2511 0 109.4232 17.4047 -0.7972 109.5535 17.6674 0
3 15 106.1088 10.1291 5.8141 109.3685 14.0042 0.7842 105.7354 13.2776 6.32
3 15 105.7354 13.2776 6.32 109.3685 14.0042 0.7842 109.4232 17.4047 0.7972
3 15 106.1088 10.1291 5.8141 101.4182 10.378 0.8939 109.3685 14.0042 0.7842
3 15 92.1089 1.67 12.2265 102.0095 5.9428 10.9128 97.4826 2.1576 15.7875
3 15 101.4182 10.378 0.8939 92.1089 1.67 12.2265 88.5322 5.392 1.1389
3 15 88.5322 5.392 1.1389 92.1089 1.67 12.2265 86.3652 1.1464 9.044
3 15 88.5322 5.392 1.1389 86.3652 1.1464 9.044 80.7756 2.8752 1.3835
3 15 80.7756 2.8752 1.3835 86.3652 1.1464 9.044 80.7307 -1.0992 10.3447
3 15 80.7756 2.8752 1.3835 80.7307 -1.0992 10.3447 63.8937 -1.2943 1.8124
3 15 63.8937 -1.2943 1.8124 80.7307 -1.0992 10.3447 64.993 -5.3813 11.7723
3 15 47.5306 -3.7768 2.2621 63.8937 -1.2943 1.8124 48.8836 -8.0921 12.7623
3 15 48.8836 -8.0921 12.7623 63.8937 -1.2943 1.8124 64.993 -5.3813 11.7723
3 15 34.9229 -5.1839 2.2921 47.5306 -3.7768 2.2621 33.5384 -6.0627 4.8877
3 15 33.5384 -6.0627 4.8877 47.5306 -3.7768 2.2621 48.8836 -8.0921 12.7623
3 15 33.5384 -6.0627 4.8877 30.6953 -7.6487 3.9415 34.9229 -5.1839 2.2921
3 15 34.9229 -5.1838 -2.2921 33.5385 -6.0627 -4.8877 47.5306 -3.7768 -2.2621
3 15 47.5306 -3.7768 -2.2621 33.5385 -6.0627 -4.8877 48.8836 -8.0921 -12.7623
3 15 47.5306 -3.7768 -2.2621 48.8836 -8.0921 -12.7623 63.8937 -1.2943 -1.8124
3 15 63.8937 -1.2943 -1.8124 48.8836 -8.0921 -12.7623 64.993 -5.3813 -11.7723
3 15 80.7756 2.8752 -1.3835 63.8937 -1.2943 -1.8124 80.7307 -1.0992 -10.3447
3 15 80.7307 -1.0992 -10.3447 63.8937 -1.2943 -1.8124 64.993 -5.3813 -11.7723
3 15 88.5322 5.392 -1.1389 80.7756 2.8752 -1.3835 86.3652 1.1464 -9.044
3 15 86.3652 1.1464 -9.044 80.7756 2.8752 -1.3835 80.7307 -1.0992 -10.3447
3 15 101.4182 10.378 -0.8939 88.5322 5.392 -1.1389 92.1089 1.67 -12.2265
3 15 92.1089 1.67 -12.2265 88.5322 5.392 -1.1389 86.3652 1.1464 -9.044
3 15 101.9598 6.0065 -10.8933 92.1089 1.67 -12.2265 97.4826 2.1576 -15.7875
3 15 109.3685 14.0042 -0.7842 101.4182 10.378 -0.8939 106.1088 10.1291 -5.8141
3 15 103.2919 13.3698 -3.5343 104.5433 15.1691 -0.6043 105.7354 13.2776 -6.32
3 15 105.7354 13.2776 -6.32 104.5433 15.1691 -0.6043 109.4232 17.4047 -0.7972
3 15 104.5433 15.1691 -0.6043 103.2919 13.3698 -3.5343 93.8701 10.7012 -0.7057
3 15 93.8701 10.7012 -0.7057 103.2919 13.3698 -3.5343 95.7259 8.2009 -8.2701
3 15 93.8701 10.7012 -0.7057 95.7259 8.2009 -8.2701 81.2471 6.3264 -0.9914
3 15 81.2471 6.3264 -0.9914 95.7259 8.2009 -8.2701 83.1914 1.791 -13.1994
3 15 81.2471 6.3264 -0.9914 83.1914 1.791 -13.1994 66.1823 2.4214 -1.3624
3 15 66.1823 2.4214 -1.3624 83.1914 1.791 -13.1994 66.4245 -4.1711 -17.7787
3 15 66.1823 2.4214 -1.3624 66.4245 -4.1711 -17.7787 49.0863 -0.1956 -1.7226
3 15 49.0863 -0.1956 -1.7226 66.4245 -4.1711 -17.7787 49.0853 -7.2181 -19.3923
3 15 35.3979 -0.9587 -2.0321 49.0863 -0.1956 -1.7226 33.7893 -2.4343 -5.5276
3 15 33.7893 -2.4343 -5.5276 49.0863 -0.1956 -1.7226 49.0853 -7.2181 -19.3923
3 15 29.7492 -2.403 -4.0374 35.3979 -0.9587 -2.0321 33.7893 -2.4343 -5.5276
3 15 35.3979 -0.9587 2.0321 33.7893 -2.4343 5.5276 49.0863 -0.1956 1.7226
3 15 49.0863 -0.1956 1.7226 33.7893 -2.4343 5.5276 49.0853 -7.2181 19.3923
3 15 66.1823 2.4214 1.3624 49.0863 -0.1956 1.7226 66.4245 -4.1711 17.7787
3 15 66.4245 -4.1711 17.7787 49.0863 -0.1956 1.7226 49.0853 -7.2181 19.3923
3 15 81.2471 6.3264 0.9914 66.1823 2.4214 1.3624 83.1914 1.791 13.1994
3 15 83.1914 1.791 13.1994 66.1823 2.4214 1.3624 66.4245 -4.1711 17.7787
3 15 93.8701 10.7012 0.7057 81.2471 6.3264 0.9914 95.7259 8.2009 8.2701
3 15 95.7259 8.2009 8.2701 81.2471 6.3264 0.9914 83.1914 1.791 13.1994
3 15 104.5433 15.1691 0.6043 93.8701 10.7012 0.7057 103.2919 13.3698 3.5343
3 15 103.2919 13.3698 3.5343 93.8701 10.7012 0.7057 95.7259 8.2009 8.2701
3 15 109.4232 17.4047 0.7972 104.5433 15.1691 0.6043 105.7354 13.2776 6.32
3 15 105.7354 13.2776 6.32 104.5433 15.1691 0.6043 103.2919 13.3698 3.5343
3 15 33.7893 -2.4343 5.5276 35.3979 -0.9587 2.0321 29.7492 -2.403 4.0374
3 15 34.9229 -5.1838 -2.2921 30.6953 -7.6487 -3.9415 33.5385 -6.0627 -4.8877
3 15 0 -5.25 -4 2 -5.25 -3.4641 10 -5.25 -4
3 15 10 -5.25 -4 2 -5.25 -3.4641 8 -5.25 -3.4641
3 15 6.5359 -5.25 -2 8 -5.25 -3.4641 3.4641 -5.25 -2
3 15 3.4641 -5.25 -2 8 -5.25 -3.4641 2 -5.25 -3.4641
3 15 6 -5.25 0 6.5359 -5.25 -2 4 -5.25 0
3 15 4 -5.25 0 6.5359 -5.25 -2 3.4641 -5.25 -2
3 15 6.5359 -5.25 2 6 -5.25 0 3.4641 -5.25 2
3 15 3.4641 -5.25 2 6 -5.25 0 4 -5.25 0
3 15 8 -5.25 3.4641 6.5359 -5.25 2 2 -5.25 3.4641
3 15 2 -5.25 3.4641 6.5359 -5.25 2 3.4641 -5.25 2
3 15 2 -5.25 3.4641 0 -5.25 4 8 -5.25 3.4641
3 15 8 -5.25 3.4641 0 -5.25 4 10 -5.25 4
3 15 10 -5.25 4 0 -5.25 4 10.0502 -5.25 6.25
3 15 10.0502 -5.25 6.25 0 -5.25 4 -1.25 -5.25 6.25
3 15 -1.25 -5.25 6.25 -1.25 0 6.25 10.0502 -5.25 6.25
3 15 10.0502 -5.25 6.25 -1.25 0 6.25 21.25 0 6.25
3 15 10 -5.25 -4 20 -5.25 -4 10.0502 -5.25 -6.25
3 15 10.0502 -5.25 -6.25 20 -5.25 -4 21.25 -5.25 -6.25
3 15 21.25 -5.25 -6.25 21.25 0 -6.25 10.0502 -5.25 -6.25
3 15 13.4641 0 2 12 0 3.4641 13.4641 -5.25 2
3 15 13.4641 -5.25 2 12 0 3.4641 12 -5.25 3.4641
3 15 12 0 3.4641 10 0 4 12 -5.25 3.4641
3 15 12 -5.25 3.4641 10 0 4 10 -5.25 4
3 15 10 0 4 8 0 3.4641 10 -5.25 4
3 15 10 -5.25 4 8 0 3.4641 8 -5.25 3.4641
3 15 8 0 3.4641 6.5359 0 2 8 -5.25 3.4641
3 15 8 -5.25 3.4641 6.5359 0 2 6.5359 -5.25 2
3 15 6.5359 0 2 6 0 0 6.5359 -5.25 2
3 15 6.5359 -5.25 2 6 0 0 6 -5.25 0
3 15 6 0 0 6.5359 0 -2 6 -5.25 0
3 15 6 -5.25 0 6.5359 0 -2 6.5359 -5.25 -2
3 15 6.5359 0 -2 8 0 -3.4641 6.5359 -5.25 -2
3 15 6.5359 -5.25 -2 8 0 -3.4641 8 -5.25 -3.4641
3 15 8 0 -3.4641 10 0 -4 8 -5.25 -3.4641
3 15 8 -5.25 -3.4641 10 0 -4 10 -5.25 -4
3 15 10 0 -4 12 0 -3.4641 10 -5.25 -4
3 15 10 -5.25 -4 12 0 -3.4641 12 -5.25 -3.4641
3 15 12 0 -3.4641 13.4641 0 -2 12 -5.25 -3.4641
3 15 12 -5.25 -3.4641 13.4641 0 -2 13.4641 -5.25 -2
3 15 13.4641 0 -2 14 0 0 13.4641 -5.25 -2
3 15 13.4641 -5.25 -2 14 0 0 14 -5.25 0
3 15 14 0 0 13.4641 0 2 14 -5.25 0
3 15 14 -5.25 0 13.4641 0 2 13.4641 -5.25 2
3 15 12 0 3.4641 13.4641 0 2 10 0 0
3 15 10 0 4 12 0 3.4641 10 0 0
3 15 8 0 3.4641 10 0 4 10 0 0
3 15 6.5359 0 2 8 0 3.4641 10 0 0
3 15 6 0 0 6.5359 0 2 10 0 0
3 15 6.5359 0 -2 6 0 0 10 0 0
3 15 8 0 -3.4641 6.5359 0 -2 10 0 0
3 15 10 0 -4 8 0 -3.4641 10 0 0
3 15 12 0 -3.4641 10 0 -4 10 0 0
3 15 13.4641 0 -2 12 0 -3.4641 10 0 0
3 15 14 0 0 13.4641 0 -2 10 0 0
3 15 13.4641 0 2 14 0 0 10 0 0
3 15 17.5517 -10.4625 -29.2272 23.1952 -8.4018 -21.4498 22.0905 -11.3201 -33.421
3 15 22.0905 -11.3201 -33.421 21.6594 -14.9524 -33.0896 17.5517 -10.4625 -29.2272
3 15 17.5517 -10.4625 -29.2272 21.6594 -14.9524 -33.0896 17.199 -14.0412 -28.8087
3 15 23.2647 -12.6279 -23.3739 17.199 -14.0412 -28.8087 21.6594 -14.9524 -33.0896
3 15 21.6594 -14.9524 -33.0896 27.9112 -15.6297 -36.7464 23.2647 -12.6279 -23.3739
3 15 23.2647 -12.6279 -23.3739 27.9112 -15.6297 -36.7464 35.5396 -13.1599 -25.6066
3 15 28.2177 -12.0376 -36.9722 27.9112 -15.6297 -36.7464 22.0905 -11.3201 -33.421
3 15 22.0905 -11.3201 -33.421 27.9112 -15.6297 -36.7464 21.6594 -14.9524 -33.0896
3 15 32.9974 -8.1135 -20.3112 28.2177 -12.0376 -36.9722 23.1952 -8.4018 -21.4498
3 15 23.1952 -8.4018 -21.4498 28.2177 -12.0376 -36.9722 22.0905 -11.3201 -33.421
3 15 32.9974 -8.1135 -20.3112 49.0853 -7.2181 -19.3923 42.3609 -12.0209 -39.3308
3 15 42.3609 -12.0209 -39.3308 49.0853 -7.2181 -19.3923 50.0528 -11.5084 -38.8619
3 15 50.0528 -11.5084 -38.8619 50.2559 -14.7985 -38.8066 42.3609 -12.0209 -39.3308
3 15 42.3609 -12.0209 -39.3308 50.2559 -14.7985 -38.8066 42.4934 -15.4514 -39.2957
3 15 35.5396 -13.1599 -25.6066 42.4934 -15.4514 -39.2957 49.3526 -12.3734 -25.9351
3 15 49.3526 -12.3734 -25.9351 42.4934 -15.4514 -39.2957 50.2559 -14.7985 -38.8066
3 15 50.2559 -14.7985 -38.8066 58.9709 -13.3959 -37.026 49.3526 -12.3734 -25.9351
3 15 49.3526 -12.3734 -25.9351 58.9709 -13.3959 -37.026 66.033 -9.3098 -23.4937
3 15 58.5946 -10.1629 -37.1807 58.9709 -13.3959 -37.026 50.0528 -11.5084 -38.8619
3 15 50.0528 -11.5084 -38.8619 58.9709 -13.3959 -37.026 50.2559 -14.7985 -38.8066
3 15 66.4245 -4.1711 -17.7787 58.5946 -10.1629 -37.1807 49.0853 -7.2181 -19.3923
3 15 49.0853 -7.2181 -19.3923 58.5946 -10.1629 -37.1807 50.0528 -11.5084 -38.8619
3 15 83.1914 1.791 -13.1994 83.8622 -2.3192 -26.6028 66.4245 -4.1711 -17.7787
3 15 66.4245 -4.1711 -17.7787 83.8622 -2.3192 -26.6028 75.6388 -5.6365 -31.0396
3 15 84.9514 -5.3734 -25.9005 76.4581 -8.7515 -30.5614 83.8622 -2.3192 -26.6028
3 15 83.8622 -2.3192 -26.6028 76.4581 -8.7515 -30.5614 75.6388 -5.6365 -31.0396
3 15 66.033 -9.3098 -23.4937 76.4581 -8.7515 -30.5614 81.4587 -4.2673 -18.9947
3 15 81.4587 -4.2673 -18.9947 76.4581 -8.7515 -30.5614 84.9514 -5.3734 -25.9005
3 15 84.9514 -5.3734 -25.9005 91.4395 -1.7883 -21.0081 81.4587 -4.2673 -18.9947
3 15 81.4587 -4.2673 -18.9947 91.4395 -1.7883 -21.0081 92.1089 1.67 -12.2265
3 15 90.4636 1.2923 -21.7561 91.4395 -1.7883 -21.0081 83.8622 -2.3192 -26.6028
3 15 83.8622 -2.3192 -26.6028 91.4395 -1.7883 -21.0081 84.9514 -5.3734 -25.9005
3 15 95.7259 8.2009 -8.2701 90.4636 1.2923 -21.7561 83.1914 1.791 -13.1994
3 15 83.1914 1.791 -13.1994 90.4636 1.2923 -21.7561 83.8622 -2.3192 -26.6028
3 15 95.7259 8.2009 -8.2701 103.2919 13.3698 -3.5343 101.3418 9.1343 -11.543
3 15 101.3418 9.1343 -11.543 103.2919 13.3698 -3.5343 105.7354 13.2776 -6.32
3 15 105.7354 13.2776 -6.32 106.1088 10.1291 -5.8141 101.3418 9.1343 -11.543
3 15 101.3418 9.1343 -11.543 106.1088 10.1291 -5.8141 101.9598 6.0065 -10.8933
3 15 92.1089 1.67 -12.2265 101.9598 6.0065 -10.8933 101.4182 10.378 -0.8939
3 15 101.4182 10.378 -0.8939 101.9598 6.0065 -10.8933 106.1088 10.1291 -5.8141
3 15 22.7981 -10.0282 -15.3936 10.5564 -9.7272 -14.5736 11.8284 -11.4167 -19.2278
3 15 10.7379 -6.4709 -15.5972 12.0564 -8.0259 -19.9925 10.5564 -9.7272 -14.5736
3 15 10.5564 -9.7272 -14.5736 12.0564 -8.0259 -19.9925 11.8284 -11.4167 -19.2278
3 15 23.5129 -6.5498 -16.4698 12.0564 -8.0259 -19.9925 10.7379 -6.4709 -15.5972
3 15 22.7981 -10.0282 15.3936 23.2647 -12.6279 23.3739 11.8184 -11.3965 19.2363
3 15 11.8184 -11.3965 19.2363 23.2647 -12.6279 23.3739 13.8055 -12.7483 23.6892
3 15 12.0464 -8.0058 20.001 11.8184 -11.3965 19.2363 14.0799 -9.2232 24.195
3 15 14.0799 -9.2232 24.195 11.8184 -11.3965 19.2363 13.8055 -12.7483 23.6892
3 15 23.5129 -6.5498 16.4698 12.0464 -8.0058 20.001 23.1952 -8.4018 21.4498
3 15 23.1952 -8.4018 21.4498 12.0464 -8.0058 20.001 14.0799 -9.2232 24.195
3 15 14.0799 -9.2232 24.195 17.5497 -10.4497 29.2316 23.1952 -8.4018 21.4498
3 15 17.1969 -14.0284 28.813 17.5497 -10.4497 29.2316 13.8055 -12.7483 23.6892
3 15 13.8055 -12.7483 23.6892 17.5497 -10.4497 29.2316 14.0799 -9.2232 24.195
3 15 23.2647 -12.6279 23.3739 17.1969 -14.0284 28.813 13.8055 -12.7483 23.6892
3 15 27.8941 -15.5709 36.6622 35.5396 -13.1599 25.6066 34.7618 -15.8278 38.796
3 15 34.7618 -15.8278 38.796 34.6999 -12.2569 38.8109 27.8941 -15.5709 36.6622
3 15 27.8941 -15.5709 36.6622 34.6999 -12.2569 38.8109 28.0787 -11.9693 36.8353
3 15 34.6999 -12.2569 38.8109 32.9974 -8.1135 20.3112 28.0787 -11.9693 36.8353
3 15 42.3556 -11.887 39.3262 32.9974 -8.1135 20.3112 34.6999 -12.2569 38.8109
3 15 42.3556 -11.887 39.3262 34.6999 -12.2569 38.8109 42.4882 -15.3175 39.2911
3 15 42.4882 -15.3175 39.2911 34.6999 -12.2569 38.8109 34.7618 -15.8278 38.796
3 15 35.5396 -13.1599 25.6066 42.4882 -15.3175 39.2911 34.7618 -15.8278 38.796
3 15 58.9944 -13.4905 37.0737 66.033 -9.3098 23.4937 67.4842 -11.5835 34.6251
3 15 66.9348 -8.4075 34.8793 58.6181 -10.2574 37.2284 67.4842 -11.5835 34.6251
3 15 67.4842 -11.5835 34.6251 58.6181 -10.2574 37.2284 58.9944 -13.4905 37.0737
3 15 66.9348 -8.4075 34.8793 66.4245 -4.1711 17.7787 58.6181 -10.2574 37.2284
3 15 75.6611 -5.6476 31.0772 66.4245 -4.1711 17.7787 66.9348 -8.4075 34.8793
3 15 75.6611 -5.6476 31.0772 66.9348 -8.4075 34.8793 76.4804 -8.7627 30.5989
3 15 76.4804 -8.7627 30.5989 66.9348 -8.4075 34.8793 67.4842 -11.5835 34.6251
3 15 66.033 -9.3098 23.4937 76.4804 -8.7627 30.5989 67.4842 -11.5835 34.6251
3 15 91.4904 -1.9088 20.9948 92.1089 1.67 12.2265 97.4826 2.1576 15.7875
3 15 96.62 5.2646 16.5812 90.5145 1.1718 21.7428 97.4826 2.1576 15.7875
3 15 97.4826 2.1576 15.7875 90.5145 1.1718 21.7428 91.4904 -1.9088 20.9948
3 15 96.62 5.2646 16.5812 95.7259 8.2009 8.2701 90.5145 1.1718 21.7428
3 15 92.1089 1.67 12.2265 101.4182 10.378 0.8939 102.0095 5.9428 10.9128
3 15 102.0095 5.9428 10.9128 101.4182 10.378 0.8939 106.1088 10.1291 5.8141
3 15 105.7354 13.2776 6.32 101.3915 9.0705 11.5625 106.1088 10.1291 5.8141
3 15 106.1088 10.1291 5.8141 101.3915 9.0705 11.5625 102.0095 5.9428 10.9128
3 15 105.7354 13.2776 6.32 103.2919 13.3698 3.5343 101.3915 9.0705 11.5625
3 15 101.3915 9.0705 11.5625 103.2919 13.3698 3.5343 95.7259 8.2009 8.2701
2 24 109.3889 13.99 -0.787 109.5259 14.2376 0
2 24 101.3728 10.5415 0 109.5259 14.2376 0
2 24 101.3728 10.5415 0 88.4361 5.5878 0
2 24 88.4361 5.5878 0 80.7525 3.155 0
2 24 28.9954 -7.415 -8.2949 33.5454 -6.0865 -4.8841
2 24 28.9954 -7.415 -8.2949 21.6467 -8.0219 -9.9911
2 24 80.7525 3.155 0 63.8185 -0.9472 0
2 24 63.8185 -0.9472 0 47.4209 -3.308 0
2 24 81.2082 6.5439 0 66.3062 2.755 0
2 24 66.3062 2.755 0 49.2146 0.2062 0
2 24 49.2146 0.2062 0 35.59 -0.5547 0
2 24 81.2082 6.5439 0 93.9878 10.9107 0
2 24 93.9878 10.9107 0 104.5864 15.3439 0
2 24 35.5899 -4.6875 0 34.9315 -5.2072 -2.2894
2 24 33.5454 -6.0865 -4.8841 28.9954 -7.415 -8.2949
2 24 47.4209 -3.308 0 35.5899 -4.6875 0
2 24 35.5899 -4.6875 0 34.9315 -5.2072 -2.2894
2 24 21.6467 -8.0219 -9.9911 10.1766 -8.0183 -10.0081
2 24 23.96 -3.9404 -9.5217 27.3406 -3.0141 -7.3477
2 24 27.3406 -3.0141 -7.3477 29.7568 -2.3805 -4.0452
2 24 29.7568 -2.3805 -4.0452 31.1945 -1.9247 -0.0034
2 24 12.0403 -8.0103 -20.0036 13.987 -9.2075 -24.2516
2 24 23.96 -3.9404 -9.5217 20.0171 -4.2871 -10.3122
2 24 27.3406 -3.0141 -7.3477 29.7568 -2.3805 -4.0452
2 24 14.4675 -12.4427 -3.1942 13.6069 -12.4362 0
2 24 16.5512 -12.4427 -1.9912 16.0177 -12.4427 0
2 24 14.4675 -12.4427 -3.1942 16.8058 -12.4427 -5.5325
2 24 16.5512 -12.4427 -1.9912 18.0088 -12.4427 -3.4488
2 24 16.8058 -12.4427 -5.5325 20 -12.4427 -6.3884
2 24 18.0088 -12.4427 -3.4488 20 -12.4427 -3.9823
2 24 20 -12.4427 -6.3884 23.1942 -12.4427 -5.5325
2 24 20 -12.4427 -3.9823 21.9912 -12.4427 -3.4488
2 24 23.1942 -12.4427 -5.5325 25.5325 -12.4427 -3.1942
2 24 21.9912 -12.4427 -3.4488 23.4488 -12.4427 -1.9912
2 24 25.5325 -12.4427 -3.1942 26.3884 -12.4427 0
2 24 23.4488 -12.4427 -1.9912 23.9776 -12.4362 0
2 24 -5.5325 -12.4427 -3.1942 -6.3884 -12.4427 0
2 24 -3.4488 -12.4427 -1.9912 -3.9776 -12.4362 0
2 24 -5.5325 -12.4427 -3.1942 -3.1942 -12.4427 -5.5325
2 24 -3.4488 -12.4427 -1.9912 -1.9912 -12.4427 -3.4488
2 24 -3.1942 -12.4427 -5.5325 0 -12.4427 -6.3884
2 24 -1.9912 -12.4427 -3.4488 0 -12.4427 -3.9823
2 24 0 -12.4427 -6.3884 3.1942 -12.4427 -5.5325
2 24 0 -12.4427 -3.9823 1.9912 -12.4427 -3.4488
2 24 3.1942 -12.4427 -5.5325 5.5325 -12.4427 -3.1942
2 24 1.9912 -12.4427 -3.4488 3.4488 -12.4427 -1.9912
2 24 5.5325 -12.4427 -3.1942 6.3931 -12.4362 0
2 24 3.4488 -12.4427 -1.9912 3.9823 -12.4427 0
2 24 23.9776 -12.4362 0 23.4488 -12.4427 -1.9912
2 24 23.9776 -5.2388 0 23.4488 -5.2323 -1.9912
2 24 16.5512 -12.4427 -1.9912 16.0177 -12.4427 0
2 24 16.5512 -5.2323 -1.9912 16.0177 -5.2323 0
2 24 3.4488 -12.4427 -1.9912 1.9912 -12.4427 -3.4488
2 24 3.4488 -5.2323 -1.9912 1.9912 -5.2323 -3.4488
2 24 23.4488 -12.4427 -1.9912 21.9912 -12.4427 -3.4488
2 24 23.4488 -5.2323 -1.9912 21.9912 -5.2323 -3.4488
2 24 21.9912 -12.4427 -3.4488 20 -12.4427 -3.9823
2 24 21.9912 -5.2323 -3.4488 20 -5.2323 -3.9823
2 24 20 -12.4427 -3.9823 18.0088 -12.4427 -3.4488
2 24 20 -5.2323 -3.9823 18.0088 -5.2323 -3.4488
2 24 16.5512 -12.4427 -1.9912 18.0088 -12.4427 -3.4488
2 24 16.5512 -5.2323 -1.9912 18.0088 -5.2323 -3.4488
2 24 3.4488 -12.4427 -1.9912 3.9823 -12.4427 0
2 24 3.4488 -5.2323 -1.9912 3.9823 -5.2323 0
2 24 1.9912 -12.4427 -3.4488 0 -12.4427 -3.9823
2 24 1.9912 -5.2323 -3.4488 0 -5.2323 -3.9823
2 24 0 -12.4427 -3.9823 -1.9912 -12.4427 -3.4488
2 24 0 -5.2323 -3.9823 -1.9912 -5.2323 -3.4488
2 24 -1.9912 -12.4427 -3.4488 -3.4488 -12.4427 -1.9912
2 24 -1.9912 -5.2323 -3.4488 -3.4488 -5.2323 -1.9912
2 24 -3.4488 -12.4427 -1.9912 -3.9776 -12.4362 0
2 24 -3.4488 -5.2323 -1.9912 -3.9776 -5.2388 0
2 24 -6.2331 -5.2323 -1.2448 -4.773 -5.2323 -4.773
2 24 -3.4488 -5.2323 -1.9912 -1.9912 -5.2323 -3.4488
2 24 -9.2551 0.0177 -3.8336 -10.0224 0.0112 0
2 24 -6.2331 0.0177 -1.2448 -6.2276 0.0112 0
2 24 29.2551 0.0177 -3.8337 30.0177 0.0177 0
2 24 26.2331 0.0177 -1.2003 26.2276 0.0112 0
2 24 30.0177 0.0177 0 29.2551 0.0177 -3.8337
2 24 20.0008 0.0177 -10.0177 -0.001 0.0177 -10.0177
2 24 -3.8336 0.0177 -9.2551 -0.001 0.0177 -10.0177
2 24 -6.2331 0.0177 -1.2448 -4.773 0.0177 -4.773
2 24 -9.2551 0.0177 -3.8336 -7.0836 0.0177 -7.0836
2 24 26.2331 0.0177 -1.2003 24.773 0.0177 -4.7731
2 24 29.2551 0.0177 -3.8337 27.0835 0.0177 -7.0837
2 24 29.2551 0.0177 -3.8337 27.0835 0.0177 -7.0837
2 24 27.0835 0.0177 -7.0837 23.8334 0.0177 -9.2552
2 24 -10.0224 -8.0112 0 -9.2551 -8.0177 -3.8336
2 24 -10.0224 0.0112 0 -9.2551 0.0177 -3.8336
2 24 -9.2551 -8.0177 -3.8336 -7.0836 -8.0177 -7.0836
2 24 -9.2551 0.0177 -3.8336 -7.0836 0.0177 -7.0836
2 24 -3.8336 -8.0177 -9.2551 -0.001 -8.0177 -10.0177
2 24 -0.001 0.0177 -10.0177 -3.8336 0.0177 -9.2551
2 24 14.4675 -8.0177 -3.1942 13.6069 -8.0112 0
2 24 14.4675 -12.4427 -3.1942 13.6069 -12.4362 0
2 24 -5.5325 -8.0177 -3.1942 -6.3884 -8.0177 0
2 24 -5.5325 -12.4427 -3.1942 -6.3884 -12.4427 0
2 24 -5.5325 -8.0177 -3.1942 -6.3884 -8.0177 0
2 24 -9.2551 -8.0177 -3.8336 -10.0224 -8.0112 0
2 24 26.389 -8.017 0 25.5331 -8.0172 -3.1941
2 24 25.5331 -8.0172 -3.1941 23.1943 -8.0175 -5.5326
2 24 14.4675 -8.0177 -3.1942 16.8058 -8.0177 -5.5325
2 24 25.5331 -8.0172 -3.1941 23.1943 -8.0175 -5.5326
2 24 25.5325 -12.4427 -3.1942 23.1942 -12.4427 -5.5325
2 24 25.5331 -8.0172 -3.1941 26.389 -8.017 0
2 24 25.5325 -12.4427 -3.1942 26.3884 -12.4427 0
2 24 14.4675 -8.0177 -3.1942 16.8058 -8.0177 -5.5325
2 24 14.4675 -12.4427 -3.1942 16.8058 -12.4427 -5.5325
2 24 16.8058 -8.0177 -5.5325 20 -8.0176 -6.3884
2 24 16.8058 -12.4427 -5.5325 20 -12.4427 -6.3884
2 24 23.1943 -8.0175 -5.5326 20 -8.0176 -6.3884
2 24 23.1942 -12.4427 -5.5325 20 -12.4427 -6.3884
2 24 5.5325 -8.0177 -3.1942 3.1942 -8.0177 -5.5325
2 24 5.5325 -12.4427 -3.1942 3.1942 -12.4427 -5.5325
2 24 5.5325 -8.0177 -3.1942 3.1942 -8.0177 -5.5325
2 24 5.5325 -8.0177 -3.1942 6.3931 -8.0112 0
2 24 5.5325 -12.4427 -3.1942 6.3931 -12.4362 0
2 24 -5.5325 -8.0177 -3.1942 -3.1942 -8.0177 -5.5325
2 24 -5.5325 -12.4427 -3.1942 -3.1942 -12.4427 -5.5325
2 24 -3.1942 -8.0177 -5.5325 0 -8.0177 -6.3884
2 24 -3.1942 -12.4427 -5.5325 0 -12.4427 -6.3884
2 24 3.1942 -8.0177 -5.5325 0 -8.0177 -6.3884
2 24 10.1766 -8.0183 -10.0081 -0.001 -8.0177 -10.0177
2 24 3.1942 -8.0177 -5.5325 0 -8.0177 -6.3884
2 24 3.1942 -12.4427 -5.5325 0 -12.4427 -6.3884
2 24 -7.0836 -8.0177 -7.0836 -3.8336 -8.0177 -9.2551
2 24 -7.0836 0.0177 -7.0836 -3.8336 0.0177 -9.2551
2 24 -5.5325 -8.0177 -3.1942 -3.1942 -8.0177 -5.5325
2 24 -7.0836 -8.0177 -7.0836 -3.8336 -8.0177 -9.2551
2 24 20.0008 0.0177 -10.0177 23.8334 0.0177 -9.2552
2 24 24.773 0.0177 -4.7731 21.2486 0.0177 -6.2324
2 24 27.0835 0.0177 -7.0837 23.8334 0.0177 -9.2552
2 24 21.2486 0.0177 -6.2324 24.773 0.0177 -4.7731
2 24 21.2483 -5.2323 -6.2324 24.773 -5.2323 -4.773
2 24 24.773 0.0177 -4.7731 24.773 -5.2323 -4.773
2 24 -6.2331 0.0177 -1.2448 -6.2276 0.0112 0
2 24 -6.2331 -5.2323 -1.2448 -6.2276 -5.2388 0
2 24 26.2276 -5.2388 0 26.2331 -5.2323 -1.2448
2 24 23.9776 -5.2388 0 23.4488 -5.2323 -1.9912
2 24 26.2331 -5.2323 -1.2448 26.2276 -5.2388 0
2 24 26.2331 0.0177 -1.2003 26.2276 0.0112 0
2 24 21.2486 0.0177 -6.2324 -1.2486 0.0177 -6.2324
2 24 10.0502 -5.2323 -6.2323 -1.2483 -5.2323 -6.2324
2 24 -1.2483 -5.2323 -6.2324 -4.773 -5.2323 -4.773
2 24 -1.2486 0.0177 -6.2324 -4.773 0.0177 -4.773
2 24 -4.773 -5.2323 -4.773 -4.773 0.0177 -4.773
2 24 -6.2331 0.0177 -1.2448 -4.773 0.0177 -4.773
2 24 -6.2331 -5.2323 -1.2448 -4.773 -5.2323 -4.773
2 24 24.773 -5.2323 -4.773 26.2331 -5.2323 -1.2448
2 24 24.773 0.0177 -4.7731 26.2331 0.0177 -1.2003
2 24 23.4488 -5.2323 -1.9912 21.9912 -5.2323 -3.4488
2 24 26.2331 -5.2323 -1.2448 24.773 -5.2323 -4.773
2 24 10 -5.2323 -4.0177 12.0088 -5.2323 -3.4794
2 24 20 -5.2323 -3.9823 18.0088 -5.2323 -3.4488
2 24 35.59 -0.5547 0 31.1945 -1.9247 -0.0034
2 24 29.7568 -2.3805 -4.0452 31.1945 -1.9247 -0.0034
2 24 11.8009 -11.4144 19.2368 10.5384 -9.7443 14.5706
2 24 10.5384 -9.7443 14.5706 10.1766 -8.0183 10.0081
2 24 21.6467 -8.0219 9.9911 10.1766 -8.0183 10.0081
2 24 91.5071 -1.9254 21.0032 84.966 -5.3907 25.911
2 24 84.966 -5.3907 25.911 76.4929 -8.7807 30.6109
2 24 59.0016 -13.5094 37.0883 50.2601 -14.8177 38.8222
2 24 50.2601 -14.8177 38.8222 42.4894 -15.3368 39.307
2 24 27.8866 -15.5904 36.6759 21.6747 -14.9715 33.064
2 24 21.6747 -14.9715 33.064 17.1824 -14.0472 28.8209
2 24 66.3062 2.755 0 49.2146 0.2062 0
2 24 66.3062 2.755 0 81.2082 6.5439 0
2 24 28.0719 -11.9539 36.8538 22.1069 -11.3042 33.4008
2 24 50.0539 -11.4928 38.8814 42.3549 -11.8715 39.3458
2 24 50.0539 -11.4928 38.8814 58.6199 -10.2421 37.248
2 24 83.8671 -2.3037 26.6218 75.665 -5.6322 31.0964
2 24 83.8671 -2.3037 26.6218 90.5201 1.1872 21.7617
2 24 101.3987 9.0861 11.5808 96.6265 5.28 16.5997
2 24 81.2082 6.5439 0 93.9878 10.9107 0
2 24 93.9878 10.9107 0 104.5864 15.3439 0
2 24 47.4209 -3.308 0 35.5899 -4.6875 0
2 24 35.5899 -4.6875 0 34.9315 -5.2072 2.2894
2 24 47.4209 -3.308 0 63.8185 -0.9472 0
2 24 63.8185 -0.9472 0 80.7525 3.155 0
2 24 80.7525 3.155 0 88.4361 5.5878 0
2 24 35.5899 -4.6875 0 34.9315 -5.2072 2.2894
2 24 28.9955 -7.4154 8.2948 21.6467 -8.0219 9.9911
2 24 27.3406 -3.0142 7.3476 29.7568 -2.3805 4.0451
2 24 29.7568 -2.3805 4.0451 27.3406 -3.0142 7.3476
2 24 13.6069 -8.0112 0 14.4675 -8.0177 3.1942
2 24 13.6069 -12.4362 0 14.4675 -12.4427 3.1942
2 24 13.6069 -12.4362 0 14.4675 -12.4427 3.1942
2 24 16.0177 -12.4427 0 16.5512 -12.4427 1.9912
2 24 14.4675 -8.0177 3.1942 16.8058 -8.0177 5.5325
2 24 14.4675 -12.4427 3.1942 16.8058 -12.4427 5.5325
2 24 16.8058 -8.0177 5.5325 20 -8.0176 6.3884
2 24 16.8058 -12.4427 5.5325 20 -12.4427 6.3884
2 24 16.8058 -12.4427 5.5325 20 -12.4427 6.3884
2 24 18.0088 -12.4427 3.4488 20 -12.4427 3.9823
2 24 14.4675 -12.4427 3.1942 16.8058 -12.4427 5.5325
2 24 16.5512 -12.4427 1.9912 18.0088 -12.4427 3.4488
2 24 20 -8.0176 6.3884 23.1943 -8.0175 5.5326
2 24 20 -12.4427 6.3884 23.1942 -12.4427 5.5325
2 24 20 -12.4427 6.3884 23.1942 -12.4427 5.5325
2 24 20 -12.4427 3.9823 21.9912 -12.4427 3.4488
2 24 23.1943 -8.0175 5.5326 25.5331 -8.0172 3.1941
2 24 23.1942 -12.4427 5.5325 25.5325 -12.4427 3.1942
2 24 26.389 -8.017 0 25.5331 -8.0172 3.1941
2 24 26.3884 -12.4427 0 25.5325 -12.4427 3.1942
2 24 26.3884 -12.4427 0 25.5325 -12.4427 3.1942
2 24 23.9776 -12.4362 0 23.4488 -12.4427 1.9912
2 24 23.1942 -12.4427 5.5325 25.5325 -12.4427 3.1942
2 24 21.9912 -12.4427 3.4488 23.4488 -12.4427 1.9912
2 24 23.9776 -12.4362 0 23.4488 -12.4427 1.9912
2 24 23.9776 -5.2388 0 23.4488 -5.2323 1.9912
2 24 18.0088 -12.4427 3.4488 20 -12.4427 3.9823
2 24 18.0088 -5.2323 3.4488 20 -5.2323 3.9823
2 24 18.0088 -12.4427 3.4488 16.5512 -12.4427 1.9912
2 24 18.0088 -5.2323 3.4488 16.5512 -5.2323 1.9912
2 24 20 -12.4427 3.9823 21.9912 -12.4427 3.4488
2 24 20 -5.2323 3.9823 21.9912 -5.2323 3.4488
2 24 23.4488 -12.4427 1.9912 21.9912 -12.4427 3.4488
2 24 23.4488 -5.2323 1.9912 21.9912 -5.2323 3.4488
2 24 -6.3884 -8.0177 0 -5.5325 -8.0177 3.1942
2 24 -6.3884 -12.4427 0 -5.5325 -12.4427 3.1942
2 24 -6.3884 -12.4427 0 -5.5325 -12.4427 3.1942
2 24 -3.9776 -12.4362 0 -3.4488 -12.4427 1.9912
2 24 -5.5325 -8.0177 3.1942 -3.1942 -8.0177 5.5325
2 24 -5.5325 -12.4427 3.1942 -3.1942 -12.4427 5.5325
2 24 -3.1942 -8.0177 5.5325 0 -8.0177 6.3884
2 24 -3.1942 -12.4427 5.5325 0 -12.4427 6.3884
2 24 -3.1942 -12.4427 5.5325 0 -12.4427 6.3884
2 24 -1.9912 -12.4427 3.4488 0 -12.4427 3.9823
2 24 -5.5325 -12.4427 3.1942 -3.1942 -12.4427 5.5325
2 24 -3.4488 -12.4427 1.9912 -1.9912 -12.4427 3.4488
2 24 0 -8.0177 6.3884 3.1942 -8.0177 5.5325
2 24 0 -12.4427 6.3884 3.1942 -12.4427 5.5325
2 24 0 -12.4427 6.3884 3.1942 -12.4427 5.5325
2 24 0 -12.4427 3.9823 1.9912 -12.4427 3.4488
2 24 3.1942 -8.0177 5.5325 5.5325 -8.0177 3.1942
2 24 3.1942 -12.4427 5.5325 5.5325 -12.4427 3.1942
2 24 6.3931 -8.0112 0 5.5325 -8.0177 3.1942
2 24 6.3931 -12.4362 0 5.5325 -12.4427 3.1942
2 24 6.3931 -12.4362 0 5.5325 -12.4427 3.1942
2 24 3.9823 -12.4427 0 3.4488 -12.4427 1.9912
2 24 3.1942 -12.4427 5.5325 5.5325 -12.4427 3.1942
2 24 1.9912 -12.4427 3.4488 3.4488 -12.4427 1.9912
2 24 3.9823 -12.4427 0 3.4488 -12.4427 1.9912
2 24 3.9823 -5.2323 0 3.4488 -5.2323 1.9912
2 24 -1.9912 -12.4427 3.4488 0 -12.4427 3.9823
2 24 -1.9912 -5.2323 3.4488 0 -5.2323 3.9823
2 24 -1.9912 -12.4427 3.4488 -3.4488 -12.4427 1.9912
2 24 -1.9912 -5.2323 3.4488 -3.4488 -5.2323 1.9912
2 24 0 -12.4427 3.9823 1.9912 -12.4427 3.4488
2 24 0 -5.2323 3.9823 1.9912 -5.2323 3.4488
2 24 3.4488 -12.4427 1.9912 1.9912 -12.4427 3.4488
2 24 3.4488 -5.2323 1.9912 1.9912 -5.2323 3.4488
2 24 21.6467 -8.0219 9.9911 28.9955 -7.4154 8.2948
2 24 16.0177 -12.4427 0 16.5512 -12.4427 1.9912
2 24 16.0177 -5.2323 0 16.5512 -5.2323 1.9912
2 24 -3.9776 -12.4362 0 -3.4488 -12.4427 1.9912
2 24 -3.9776 -5.2388 0 -3.4488 -5.2323 1.9912
2 24 30.0177 0.0177 0 29.2551 0.0177 3.8337
2 24 29.2551 0.0177 3.8337 27.0835 0.0177 7.0837
2 24 -10.0224 -8.0112 0 -9.2551 -8.0177 3.8336
2 24 -10.0224 0.0112 0 -9.2551 0.0177 3.8336
2 24 -9.2551 -8.0177 3.8336 -7.0836 -8.0177 7.0836
2 24 -9.2551 0.0177 3.8336 -7.0836 0.0177 7.0836
2 24 -7.0836 -8.0177 7.0836 -3.8336 -8.0177 9.2551
2 24 -7.0836 0.0177 7.0836 -3.8336 0.0177 9.2551
2 24 20 -8.0176 6.3884 16.8058 -8.0177 5.5325
2 24 13.6069 -8.0112 0 14.4675 -8.0177 3.1942
2 24 6.3931 -8.0112 0 5.5325 -8.0177 3.1942
2 24 5.5325 -8.0177 3.1942 3.1942 -8.0177 5.5325
2 24 -6.3884 -8.0177 0 -5.5325 -8.0177 3.1942
2 24 -10.0224 -8.0112 0 -9.2551 -8.0177 3.8336
2 24 26.389 -8.017 0 25.5331 -8.0172 3.1941
2 24 20 -8.0176 6.3884 23.1943 -8.0175 5.5326
2 24 21.6467 -8.0219 9.9911 10.1766 -8.0183 10.0081
2 24 3.1942 -8.0177 5.5325 0 -8.0177 6.3884
2 24 10.1766 -8.0183 10.0081 -0.001 -8.0177 10.0177
2 24 -3.8336 -8.0177 9.2551 -0.001 -8.0177 10.0177
2 24 -3.8336 0.0177 9.2551 -0.001 0.0177 10.0177
2 24 -9.2551 -8.0177 3.8336 -7.0836 -8.0177 7.0836
2 24 0 -8.0177 6.3884 -3.1942 -8.0177 5.5325
2 24 -0.001 -8.0177 10.0177 -3.8336 -8.0177 9.2551
2 24 -6.2276 -5.2388 0 -6.2331 -5.2323 1.2448
2 24 -6.2276 0.0112 0 -6.2331 0.0177 1.2448
2 24 -6.2331 -5.2323 1.2448 -4.773 -5.2323 4.773
2 24 -6.2331 0.0177 1.2448 -4.773 0.0177 4.773
2 24 -4.773 -5.2323 4.773 -4.773 0.0177 4.773
2 24 0 -5.2323 3.9823 -1.9912 -5.2323 3.4488
2 24 -1.2483 -5.2323 6.2324 -4.773 -5.2323 4.773
2 24 26.2276 0.0112 0 26.2331 0.0177 1.2003
2 24 26.2276 -5.2388 0 26.2331 -5.2323 1.2448
2 24 -4.773 -5.2323 4.773 -1.2483 -5.2323 6.2324
2 24 -4.773 0.0177 4.773 -1.2486 0.0177 6.2324
2 24 24.773 0.0177 4.7731 24.773 -5.2323 4.773
2 24 24.773 0.0177 4.7731 21.2486 0.0177 6.2324
2 24 24.773 -5.2323 4.773 21.2483 -5.2323 6.2324
2 24 26.2276 0.0112 0 26.2331 0.0177 1.2003
2 24 30.0177 0.0177 0 29.2551 0.0177 3.8337
2 24 26.2276 -5.2388 0 26.2331 -5.2323 1.2448
2 24 23.9776 -5.2388 0 23.4488 -5.2323 1.9912
2 24 26.2331 0.0177 1.2003 24.773 0.0177 4.7731
2 24 26.2331 -5.2323 1.2448 24.773 -5.2323 4.773
2 24 -10.0224 0.0112 0 -9.2551 0.0177 3.8336
2 24 -6.2276 0.0112 0 -6.2331 0.0177 1.2448
2 24 -6.2331 0.0177 1.2448 -4.773 0.0177 4.773
2 24 -9.2551 0.0177 3.8336 -7.0836 0.0177 7.0836
2 24 -4.773 0.0177 4.773 -1.2486 0.0177 6.2324
2 24 -7.0836 0.0177 7.0836 -3.8336 0.0177 9.2551
2 24 21.2483 -5.2323 6.2324 10.0502 -5.2323 6.2323
2 24 -1.2486 0.0177 6.2324 21.2486 0.0177 6.2324
2 24 -0.001 0.0177 10.0177 20.0008 0.0177 10.0177
2 24 20 -5.2323 3.9823 21.9912 -5.2323 3.4488
2 24 21.2483 -5.2323 6.2324 24.773 -5.2323 4.773
2 24 31.1945 -1.9247 -0.0034 29.7568 -2.3805 4.0451
2 24 26.2331 0.0177 1.2003 24.773 0.0177 4.7731
2 24 29.2551 0.0177 3.8337 27.0835 0.0177 7.0837
2 24 20.0008 0.0177 10.0177 23.8334 0.0177 9.2552
2 24 104.5864 15.3439 0 109.5675 17.6882 0
2 24 109.5675 17.6882 0 109.4325 17.4213 0.8134
2 24 88.4361 5.5878 0 101.3728 10.5415 0
2 24 -3.4488 -5.2323 1.9912 -3.9776 -5.2388 0
2 24 -6.2331 -5.2323 1.2448 -6.2276 -5.2388 0
2 24 27.3406 -3.0142 7.3476 23.96 -3.9404 9.5217
2 24 23.96 -3.9404 9.5217 20.0171 -4.2871 10.3122
2 24 27.0835 0.0177 7.0837 23.8334 0.0177 9.2552
2 24 23.8334 0.0177 9.2552 20.0008 0.0177 10.0177
2 24 31.1945 -1.9247 -0.0034 35.59 -0.5547 0
2 24 31.1945 -1.9247 -0.0034 29.7568 -2.3805 4.0451
2 24 49.2146 0.2062 0 35.59 -0.5547 0
2 24 27.3406 -3.0142 7.3476 23.96 -3.9404 9.5217
2 24 28.9955 -7.4154 8.2948 33.5453 -6.0864 4.8841
2 24 23.1943 -8.0175 -5.5326 20 -8.0176 -6.3884
2 24 28.9954 -7.415 -8.2949 21.6467 -8.0219 -9.9911
2 24 109.5675 17.6882 0 109.4325 17.4213 -0.8134
2 24 104.5864 15.3439 0 109.5675 17.6882 0
2 24 21.6467 -8.0219 -9.9911 10.1766 -8.0183 -10.0081
2 24 10.5384 -9.7443 -14.5706 10.1766 -8.0183 -10.0081
2 24 10.5384 -9.7443 -14.5706 10.1766 -8.0183 -10.0081
2 24 10.1766 -8.0183 -10.0081 10.175 -4.2535 -10.0183
2 24 10.7209 -6.455 -15.6063 10.175 -4.2535 -10.0183
2 24 22.1069 -11.3042 33.4008 17.5369 -10.4338 29.246
2 24 21.6747 -14.9715 33.064 17.1824 -14.0472 28.8209
2 24 101.3728 10.5415 0 109.5259 14.2376 0
2 24 109.3889 13.99 0.787 109.5259 14.2376 0
2 24 109.4325 17.4213 -0.8134 105.7433 13.2934 -6.3376
2 24 109.3889 13.99 -0.787 106.1288 10.1146 -5.8178
2 24 91.4563 -1.8048 -21.0166 97.5007 2.1417 -15.7943
2 24 101.3489 9.1499 -11.5613 96.6267 5.28 -16.5997
2 24 101.3489 9.1499 -11.5613 96.6267 5.28 -16.5997
2 24 101.979 5.9913 -10.8982 97.5007 2.1417 -15.7943
2 24 67.494 -11.602 -34.6388 76.4706 -8.7695 -30.5734
2 24 96.6267 5.28 -16.5997 90.4691 1.3077 -21.7749
2 24 96.6267 5.28 -16.5997 90.4691 1.3077 -21.7749
2 24 97.5007 2.1417 -15.7943 91.4563 -1.8048 -21.0166
2 24 75.6426 -5.621 -31.0589 66.9379 -8.3921 -34.8987
2 24 75.6426 -5.621 -31.0589 66.9379 -8.3921 -34.8987
2 24 76.4706 -8.7695 -30.5734 67.494 -11.602 -34.6388
2 24 67.494 -11.602 -34.6388 58.9781 -13.4149 -37.0407
2 24 66.9379 -8.3921 -34.8987 58.5963 -10.1475 -37.2004
2 24 66.9379 -8.3921 -34.8987 58.5963 -10.1475 -37.2004
2 24 67.494 -11.602 -34.6388 58.9781 -13.4149 -37.0407
2 24 34.7407 -15.848 -38.9081 42.4947 -15.4708 -39.3115
2 24 42.3603 -12.0054 -39.3504 34.6779 -12.2422 -38.9268
2 24 42.3603 -12.0054 -39.3504 34.6779 -12.2422 -38.9268
2 24 42.4947 -15.4708 -39.3115 34.7407 -15.848 -38.9081
2 24 34.7407 -15.848 -38.9081 27.9036 -15.6492 -36.7601
2 24 34.6779 -12.2422 -38.9268 28.2108 -12.0222 -36.9907
2 24 34.6779 -12.2422 -38.9268 28.2108 -12.0222 -36.9907
2 24 34.7407 -15.848 -38.9081 27.9036 -15.6492 -36.7601
2 24 17.1845 -14.06 -28.8166 13.7107 -12.7668 -23.7376
2 24 17.539 -10.4467 -29.2418 13.987 -9.2075 -24.2516
2 24 13.7107 -12.7668 -23.7376 17.1845 -14.06 -28.8166
2 24 13.7107 -12.7668 -23.7376 11.8109 -11.4345 -19.2281
2 24 13.987 -9.2075 -24.2516 12.0403 -8.0103 -20.0036
2 24 13.7107 -12.7668 -23.7376 11.8109 -11.4345 -19.2281
2 24 10.175 -4.2535 -10.0183 20.0171 -4.2871 -10.3122
2 24 10.175 -4.2535 -10.0183 10.7209 -6.455 -15.6063
2 24 22.1069 -11.3042 33.4008 17.5369 -10.4338 29.246
2 24 10.5384 -9.7443 14.5706 10.1766 -8.0183 10.0081
2 24 10.7209 -6.455 15.6062 10.175 -4.2535 10.0183
2 24 10.1766 -8.0183 10.0081 10.175 -4.2535 10.0183
2 24 109.3889 13.99 0.787 109.5259 14.2376 0
2 24 109.4325 17.4213 0.8134 109.5675 17.6882 0
2 24 101.3987 9.0861 11.5808 96.6265 5.28 16.5997
2 24 102.0287 5.9276 10.9177 97.5007 2.1417 15.7943
2 24 90.5201 1.1872 21.7617 83.8671 -2.3037 26.6218
2 24 91.5071 -1.9254 21.0032 84.966 -5.3907 25.911
2 24 84.966 -5.3907 25.911 76.4929 -8.7807 30.6109
2 24 83.8671 -2.3037 26.6218 75.665 -5.6322 31.0964
2 24 58.6199 -10.2421 37.248 50.0539 -11.4928 38.8814
2 24 59.0016 -13.5094 37.0883 50.2601 -14.8177 38.8222
2 24 50.0539 -11.4928 38.8814 42.3549 -11.8715 39.3458
2 24 50.2601 -14.8177 38.8222 42.4894 -15.3368 39.307
2 24 22.1069 -11.3042 33.4008 28.0719 -11.9539 36.8538
2 24 21.6747 -14.9715 33.064 27.8866 -15.5904 36.6759
2 24 10.5384 -9.7443 14.5706 11.8009 -11.4144 19.2368
2 24 10.7209 -6.455 15.6062 12.0304 -7.9902 20.0122
2 24 23.96 -3.9404 9.5217 20.0171 -4.2871 10.3122
2 24 20.0171 -4.2871 10.3122 10.175 -4.2535 10.0183
2 24 -0.001 -8.0177 -10.0177 10.1766 -8.0183 -10.0081
2 24 10.175 -4.2535 -10.0183 10.1766 -8.0183 -10.0081
2 24 -1.2486 0.0177 -6.2324 21.2486 0.0177 -6.2324
2 24 -0.001 0.0177 -10.0177 20.0008 0.0177 -10.0177
2 24 -0.001 -8.0177 10.0177 10.1766 -8.0183 10.0081
2 24 10.175 -4.2535 10.0183 10.1766 -8.0183 10.0081
2 24 20.0171 -4.2871 -10.3122 10.175 -4.2535 -10.0183
2 24 26.2331 -5.2323 1.2448 24.773 -5.2323 4.773
2 24 23.4488 -5.2323 1.9912 21.9912 -5.2323 3.4488
2 24 -4.773 -5.2323 4.773 -6.2331 -5.2323 1.2448
2 24 -1.9912 -5.2323 3.4488 -3.4488 -5.2323 1.9912
2 24 16.0177 -5.2323 0 16.5512 -5.2323 -1.9912
2 24 14.0177 -5.2323 0 13.4794 -5.2323 -2.0088
2 24 21.9912 -5.2323 -3.4488 20 -5.2323 -3.9823
2 24 24.773 -5.2323 -4.773 21.2483 -5.2323 -6.2324
2 24 18.0088 -5.2323 -3.4488 16.5512 -5.2323 -1.9912
2 24 12.0088 -5.2323 -3.4794 13.4794 -5.2323 -2.0088
2 24 16.0177 -5.2323 0 16.5512 -5.2323 1.9912
2 24 14.0177 -5.2323 0 13.4794 -5.2323 2.0088
2 24 16.5512 -5.2323 1.9912 18.0088 -5.2323 3.4488
2 24 13.4794 -5.2323 2.0088 12.0088 -5.2323 3.4794
2 24 -5.5325 -8.0177 3.1942 -3.1942 -8.0177 5.5325
2 24 -7.0836 -8.0177 7.0836 -3.8336 -8.0177 9.2551
2 24 0 -8.0177 -6.3884 -3.1942 -8.0177 -5.5325
2 24 -0.001 -8.0177 -10.0177 -3.8336 -8.0177 -9.2551
2 24 16.8058 -8.0177 -5.5325 20 -8.0176 -6.3884
2 24 16.8058 -8.0177 5.5325 14.4675 -8.0177 3.1942
2 24 -3.4488 -5.2323 -1.9912 -3.9776 -5.2388 0
2 24 -6.2331 -5.2323 -1.2448 -6.2276 -5.2388 0
2 24 -1.9912 -5.2323 -3.4488 0 -5.2323 -3.9823
2 24 -4.773 -5.2323 -4.773 -1.2483 -5.2323 -6.2324
2 24 21.2483 -5.2323 6.2324 10.0502 -5.2323 6.2323
2 24 -1.2483 -5.2323 -6.2324 10.0502 -5.2323 -6.2323
2 24 12.0088 -5.2323 3.4794 10 -5.2388 4.0224
2 24 20 -5.2323 3.9823 18.0088 -5.2323 3.4488
2 24 -9.2551 -8.0177 -3.8336 -7.0836 -8.0177 -7.0836
2 24 25.5331 -8.0172 3.1941 23.1943 -8.0175 5.5326
2 24 13.987 -9.2075 -24.2516 17.539 -10.4467 -29.2418
2 24 10.7209 -6.455 15.6062 12.0304 -7.9902 20.0122
2 24 -1.2486 0.0177 -6.2324 -4.773 0.0177 -4.773
2 24 -3.8336 0.0177 -9.2551 -7.0836 0.0177 -7.0836
2 24 -3.8336 0.0177 9.2551 -0.001 0.0177 10.0177
2 24 23.8334 0.0177 -9.2552 20.0008 0.0177 -10.0177
2 24 21.2486 0.0177 6.2324 24.773 0.0177 4.7731
2 24 27.0835 0.0177 7.0837 23.8334 0.0177 9.2552
2 24 14.4675 -8.0177 -3.1942 13.6069 -8.0112 0
2 24 5.5325 -8.0177 -3.1942 6.3931 -8.0112 0
2 24 28.9955 -7.4154 8.2948 33.5453 -6.0864 4.8841
2 24 27.3406 -3.0141 -7.3477 23.96 -3.9404 -9.5217
2 24 20.0171 -4.2871 -10.3122 23.96 -3.9404 -9.5217
2 24 10.7209 -6.455 15.6062 10.175 -4.2535 10.0183
2 24 20.0171 -4.2871 10.3122 10.175 -4.2535 10.0183
2 24 -0.001 0.0177 10.0177 20.0008 0.0177 10.0177
2 24 109.3889 13.99 -0.787 109.5259 14.2376 0
2 24 109.4325 17.4213 -0.8134 109.5675 17.6882 0
2 24 109.3889 13.99 0.787 106.1289 10.1147 5.8177
2 24 109.4325 17.4213 0.8134 105.7433 13.2934 6.3377
2 24 109.3889 13.99 0.787 106.1289 10.1147 5.8177
2 24 102.0287 5.9276 10.9177 97.5007 2.1417 15.7943
2 24 34.9315 -5.2072 2.2894 33.5453 -6.0864 4.8841
2 24 34.9315 -5.2072 2.2894 33.5453 -6.0864 4.8841
2 24 33.5454 -6.0865 -4.8841 34.9315 -5.2072 -2.2894
2 24 97.5007 2.1417 -15.7943 101.979 5.9913 -10.8982
2 24 109.3889 13.99 -0.787 106.1288 10.1146 -5.8178
2 24 109.4325 17.4213 -0.8134 105.7433 13.2934 -6.3376
2 24 109.4325 17.4213 0.8134 105.7433 13.2934 6.3377
2 24 34.9315 -5.2072 -2.2894 33.5454 -6.0865 -4.8841
2 24 0 -5.2323 -3.9823 1.9912 -5.2323 -3.4488
2 24 10 -5.2323 -4.0177 7.9912 -5.2323 -3.4794
2 24 7.9912 -5.2323 -3.4794 6.5206 -5.2323 -2.0088
2 24 1.9912 -5.2323 -3.4488 3.4488 -5.2323 -1.9912
2 24 6.5206 -5.2323 -2.0088 5.9823 -5.2323 0
2 24 3.4488 -5.2323 -1.9912 3.9823 -5.2323 0
2 24 5.9823 -5.2323 0 6.5206 -5.2323 2.0088
2 24 3.9823 -5.2323 0 3.4488 -5.2323 1.9912
2 24 6.5206 -5.2323 2.0088 7.9912 -5.2323 3.4794
2 24 3.4488 -5.2323 1.9912 1.9912 -5.2323 3.4488
2 24 0 -5.2323 3.9823 1.9912 -5.2323 3.4488
2 24 10 -5.2388 4.0224 7.9912 -5.2323 3.4794
2 24 -1.2483 -5.2323 6.2324 10.0502 -5.2323 6.2323
2 24 -1.2483 -5.2323 6.2324 10.0502 -5.2323 6.2323
2 24 -1.2486 0.0177 6.2324 21.2486 0.0177 6.2324
2 24 21.2483 -5.2323 -6.2324 10.0502 -5.2323 -6.2323
2 24 21.2483 -5.2323 -6.2324 10.0502 -5.2323 -6.2323
2 24 13.4794 0.0177 2.0088 12.0088 0.0177 3.4794
2 24 13.4794 -5.2323 2.0088 12.0088 -5.2323 3.4794
2 24 12.0088 0.0177 3.4794 10 0.0112 4.0224
2 24 12.0088 -5.2323 3.4794 10 -5.2388 4.0224
2 24 10 0.0112 4.0224 7.9912 0.0177 3.4794
2 24 10 -5.2388 4.0224 7.9912 -5.2323 3.4794
2 24 7.9912 0.0177 3.4794 6.5206 0.0177 2.0088
2 24 7.9912 -5.2323 3.4794 6.5206 -5.2323 2.0088
2 24 6.5206 0.0177 2.0088 5.9823 0.0177 0
2 24 6.5206 -5.2323 2.0088 5.9823 -5.2323 0
2 24 5.9823 0.0177 0 6.5206 0.0177 -2.0088
2 24 5.9823 -5.2323 0 6.5206 -5.2323 -2.0088
2 24 6.5206 0.0177 -2.0088 7.9912 0.0177 -3.4794
2 24 6.5206 -5.2323 -2.0088 7.9912 -5.2323 -3.4794
2 24 7.9912 0.0177 -3.4794 10 0.0177 -4.0177
2 24 7.9912 -5.2323 -3.4794 10 -5.2323 -4.0177
2 24 10 0.0177 -4.0177 12.0088 0.0177 -3.4794
2 24 10 -5.2323 -4.0177 12.0088 -5.2323 -3.4794
2 24 12.0088 0.0177 -3.4794 13.4794 0.0177 -2.0088
2 24 12.0088 -5.2323 -3.4794 13.4794 -5.2323 -2.0088
2 24 13.4794 0.0177 -2.0088 14.0177 0.0177 0
2 24 13.4794 -5.2323 -2.0088 14.0177 -5.2323 0
2 24 13.4794 0.0177 2.0088 14.0177 0.0177 0
2 24 13.4794 -5.2323 2.0088 14.0177 -5.2323 0
2 24 12.0088 0.0177 3.4794 13.4794 0.0177 2.0088
2 24 12.0088 0.0177 3.4794 10 0.0112 4.0224
2 24 10 0.0112 4.0224 7.9912 0.0177 3.4794
2 24 7.9912 0.0177 3.4794 6.5206 0.0177 2.0088
2 24 6.5206 0.0177 2.0088 5.9823 0.0177 0
2 24 5.9823 0.0177 0 6.5206 0.0177 -2.0088
2 24 6.5206 0.0177 -2.0088 7.9912 0.0177 -3.4794
2 24 7.9912 0.0177 -3.4794 10 0.0177 -4.0177
2 24 10 0.0177 -4.0177 12.0088 0.0177 -3.4794
2 24 12.0088 0.0177 -3.4794 13.4794 0.0177 -2.0088
2 24 13.4794 0.0177 -2.0088 14.0177 0.0177 0
2 24 13.4794 0.0177 2.0088 14.0177 0.0177 0
2 24 17.539 -10.4467 -29.2418 22.0806 -11.3045 -33.4378
2 24 17.539 -10.4467 -29.2418 22.0806 -11.3045 -33.4378
2 24 17.1845 -14.06 -28.8166 21.6483 -14.9717 -33.101
2 24 17.1845 -14.06 -28.8166 21.6483 -14.9717 -33.101
2 24 27.9036 -15.6492 -36.7601 21.6483 -14.9717 -33.101
2 24 28.2108 -12.0222 -36.9907 22.0806 -11.3045 -33.4378
2 24 27.9036 -15.6492 -36.7601 21.6483 -14.9717 -33.101
2 24 28.2108 -12.0222 -36.9907 22.0806 -11.3045 -33.4378
2 24 42.3603 -12.0054 -39.3504 50.0537 -11.4928 -38.8814
2 24 42.3603 -12.0054 -39.3504 50.0537 -11.4928 -38.8814
2 24 42.4947 -15.4708 -39.3115 50.2604 -14.8176 -38.8221
2 24 42.4947 -15.4708 -39.3115 50.2604 -14.8176 -38.8221
2 24 58.9781 -13.4149 -37.0407 50.2604 -14.8176 -38.8221
2 24 58.5963 -10.1475 -37.2004 50.0537 -11.4928 -38.8814
2 24 58.9781 -13.4149 -37.0407 50.2604 -14.8176 -38.8221
2 24 58.5963 -10.1475 -37.2004 50.0537 -11.4928 -38.8814
2 24 75.6426 -5.621 -31.0589 83.8671 -2.3038 -26.6218
2 24 76.4706 -8.7695 -30.5734 84.9661 -5.3907 -25.911
2 24 75.6426 -5.621 -31.0589 83.8671 -2.3038 -26.6218
2 24 76.4706 -8.7695 -30.5734 84.9661 -5.3907 -25.911
2 24 91.4563 -1.8048 -21.0166 84.9661 -5.3907 -25.911
2 24 90.4691 1.3077 -21.7749 83.8671 -2.3038 -26.6218
2 24 91.4563 -1.8048 -21.0166 84.9661 -5.3907 -25.911
2 24 90.4691 1.3077 -21.7749 83.8671 -2.3038 -26.6218
2 24 101.3489 9.1499 -11.5613 105.7433 13.2934 -6.3376
2 24 105.7433 13.2934 -6.3376 101.3489 9.1499 -11.5613
2 24 106.1288 10.1146 -5.8178 101.979 5.9913 -10.8982
2 24 101.979 5.9913 -10.8982 106.1288 10.1146 -5.8178
2 24 10.5384 -9.7443 -14.5706 11.8109 -11.4345 -19.2281
2 24 10.7209 -6.455 -15.6063 12.0403 -8.0103 -20.0036
2 24 10.5384 -9.7443 -14.5706 11.8109 -11.4345 -19.2281
2 24 12.0403 -8.0103 -20.0036 10.7209 -6.455 -15.6063
2 24 11.8009 -11.4144 19.2368 13.789 -12.7666 23.6935
2 24 12.0304 -7.9902 20.0122 14.0654 -9.2073 24.2077
2 24 11.8009 -11.4144 19.2368 13.789 -12.7666 23.6935
2 24 12.0304 -7.9902 20.0122 14.0654 -9.2073 24.2077
2 24 17.5369 -10.4338 29.246 14.0654 -9.2073 24.2077
2 24 17.1824 -14.0472 28.8209 13.789 -12.7666 23.6935
2 24 17.5369 -10.4338 29.246 14.0654 -9.2073 24.2077
2 24 17.1824 -14.0472 28.8209 13.789 -12.7666 23.6935
2 24 27.8866 -15.5904 36.6759 34.7594 -15.8472 38.8115
2 24 27.8866 -15.5904 36.6759 34.7594 -15.8472 38.8115
2 24 28.0719 -11.9539 36.8538 34.6963 -12.2415 38.8302
2 24 28.0719 -11.9539 36.8538 34.6963 -12.2415 38.8302
2 24 42.3549 -11.8715 39.3458 34.6963 -12.2415 38.8302
2 24 42.3549 -11.8715 39.3458 34.6963 -12.2415 38.8302
2 24 42.4894 -15.3368 39.307 34.7594 -15.8472 38.8115
2 24 42.4894 -15.3368 39.307 34.7594 -15.8472 38.8115
2 24 59.0016 -13.5094 37.0883 67.4941 -11.602 34.6388
2 24 58.6199 -10.2421 37.248 66.9378 -8.3921 34.8987
2 24 59.0016 -13.5094 37.0883 67.4941 -11.602 34.6388
2 24 58.6199 -10.2421 37.248 66.9378 -8.3921 34.8987
2 24 75.665 -5.6322 31.0964 66.9378 -8.3921 34.8987
2 24 75.665 -5.6322 31.0964 66.9378 -8.3921 34.8987
2 24 76.4929 -8.7807 30.6109 67.4941 -11.602 34.6388
2 24 76.4929 -8.7807 30.6109 67.4941 -11.602 34.6388
2 24 91.5071 -1.9254 21.0032 97.5007 2.1417 15.7943
2 24 96.6265 5.28 16.5997 90.5201 1.1872 21.7617
2 24 97.5007 2.1417 15.7943 91.5071 -1.9254 21.0032
2 24 90.5201 1.1872 21.7617 96.6265 5.28 16.5997
2 24 106.1289 10.1147 5.8177 102.0287 5.9276 10.9177
2 24 101.3987 9.0861 11.5808 105.7433 13.2934 6.3377
2 24 102.0287 5.9276 10.9177 106.1289 10.1147 5.8177
2 24 101.3987 9.0861 11.5808 105.7433 13.2934 6.3377
2 24 109.3685 14.0042 -0.7842 109.5049 14.2511 0
2 24 101.3633 10.5647 0 109.5049 14.2511 0
2 24 101.3633 10.5647 0 88.4276 5.6114 0
2 24 88.4276 5.6114 0 80.746 3.1792 0
2 24 28.9919 -7.3903 -8.2968 33.5385 -6.0627 -4.8877
2 24 28.9919 -7.3903 -8.2968 21.6465 -7.9972 -9.9954
2 24 80.746 3.1792 0 63.8137 -0.9227 0
2 24 63.8137 -0.9227 0 47.4176 -3.2832 0
2 24 81.2153 6.5199 0 66.3112 2.7305 0
2 24 66.3112 2.7305 0 49.2173 0.1813 0
2 24 49.2173 0.1813 0 35.5927 -0.5796 0
2 24 81.2153 6.5199 0 93.9967 10.8874 0
2 24 93.9967 10.8874 0 104.5964 15.321 0
2 24 35.5829 -4.6635 0 34.9229 -5.1838 -2.2921
2 24 33.5385 -6.0627 -4.8877 28.9919 -7.3903 -8.2968
2 24 47.4176 -3.2832 0 35.5829 -4.6635 0
2 24 35.5829 -4.6635 0 34.9229 -5.1838 -2.2921
2 24 21.6465 -7.9972 -9.9954 10.1875 -7.9972 -10
2 24 23.9571 -3.9602 -9.5066 27.3343 -3.0339 -7.3338
2 24 27.3343 -3.0339 -7.3338 29.7492 -2.403 -4.0374
2 24 29.7492 -2.403 -4.0374 31.1941 -1.9497 -0.0034
2 24 12.0564 -8.0259 -19.9925 14.0016 -9.2234 -24.239
2 24 23.9571 -3.9602 -9.5066 20.0171 -4.3072 -10.2974
2 24 27.3343 -3.0339 -7.3338 29.7492 -2.403 -4.0374
2 24 14.4828 -12.425 -3.1854 13.6293 -12.425 0
2 24 16.5359 -12.425 -2 16 -12.425 0
2 24 14.4828 -12.425 -3.1854 16.8147 -12.425 -5.5172
2 24 16.5359 -12.425 -2 18 -12.425 -3.4641
2 24 16.8147 -12.425 -5.5172 20 -12.425 -6.3707
2 24 18 -12.425 -3.4641 20 -12.425 -4
2 24 20 -12.425 -6.3707 23.1854 -12.425 -5.5172
2 24 20 -12.425 -4 22 -12.425 -3.4641
2 24 23.1854 -12.425 -5.5172 25.5172 -12.425 -3.1854
2 24 22 -12.425 -3.4641 23.4641 -12.425 -2
2 24 25.5172 -12.425 -3.1854 26.3707 -12.425 0
2 24 23.4641 -12.425 -2 24 -12.425 0
2 24 -5.5172 -12.425 -3.1854 -6.3707 -12.425 0
2 24 -3.4641 -12.425 -2 -4 -12.425 0
2 24 -5.5172 -12.425 -3.1854 -3.1854 -12.425 -5.5172
2 24 -3.4641 -12.425 -2 -2 -12.425 -3.4641
2 24 -3.1854 -12.425 -5.5172 0 -12.425 -6.3707
2 24 -2 -12.425 -3.4641 0 -12.425 -4
2 24 0 -12.425 -6.3707 3.1854 -12.425 -5.5172
2 24 0 -12.425 -4 2 -12.425 -3.4641
2 24 3.1854 -12.425 -5.5172 5.5172 -12.425 -3.1854
2 24 2 -12.425 -3.4641 3.4641 -12.425 -2
2 24 5.5172 -12.425 -3.1854 6.3707 -12.425 0
2 24 3.4641 -12.425 -2 4 -12.425 0
2 24 24 -12.425 0 23.4641 -12.425 -2
2 24 24 -5.25 0 23.4641 -5.25 -2
2 24 16.5359 -12.425 -2 16 -12.425 0
2 24 16.5359 -5.25 -2 16 -5.25 0
2 24 3.4641 -12.425 -2 2 -12.425 -3.4641
2 24 3.4641 -5.25 -2 2 -5.25 -3.4641
2 24 23.4641 -12.425 -2 22 -12.425 -3.4641
2 24 23.4641 -5.25 -2 22 -5.25 -3.4641
2 24 22 -12.425 -3.4641 20 -12.425 -4
2 24 22 -5.25 -3.4641 20 -5.25 -4
2 24 20 -12.425 -4 18 -12.425 -3.4641
2 24 20 -5.25 -4 18 -5.25 -3.4641
2 24 16.5359 -12.425 -2 18 -12.425 -3.4641
2 24 16.5359 -5.25 -2 18 -5.25 -3.4641
2 24 3.4641 -12.425 -2 4 -12.425 0
2 24 3.4641 -5.25 -2 4 -5.25 0
2 24 2 -12.425 -3.4641 0 -12.425 -4
2 24 2 -5.25 -3.4641 0 -5.25 -4
2 24 0 -12.425 -4 -2 -12.425 -3.4641
2 24 0 -5.25 -4 -2 -5.25 -3.4641
2 24 -2 -12.425 -3.4641 -3.4641 -12.425 -2
2 24 -2 -5.25 -3.4641 -3.4641 -5.25 -2
2 24 -3.4641 -12.425 -2 -4 -12.425 0
2 24 -3.4641 -5.25 -2 -4 -5.25 0
2 24 -6.25 -5.25 -1.25 -4.7855 -5.25 -4.7855
2 24 -3.4641 -5.25 -2 -2 -5.25 -3.4641
2 24 -9.2388 0 -3.8268 -10 0 0
2 24 -6.25 0 -1.25 -6.25 0 0
2 24 29.2388 0 -3.8268 30 0 0
2 24 26.25 0 -1.2055 26.25 0 0
2 24 30 0 0 29.2388 0 -3.8268
2 24 20 0 -10 0 0 -10
2 24 -3.8268 0 -9.2388 0 0 -10
2 24 -6.25 0 -1.25 -4.7855 0 -4.7855
2 24 -9.2388 0 -3.8268 -7.0711 0 -7.0711
2 24 26.25 0 -1.2055 24.7855 0 -4.7855
2 24 29.2388 0 -3.8268 27.0711 0 -7.0711
2 24 29.2388 0 -3.8268 27.0711 0 -7.0711
2 24 27.0711 0 -7.0711 23.8268 0 -9.2388
2 24 -10 -8 0 -9.2388 -8 -3.8268
2 24 -10 0 0 -9.2388 0 -3.8268
2 24 -9.2388 -8 -3.8268 -7.0711 -8 -7.0711
2 24 -9.2388 0 -3.8268 -7.0711 0 -7.0711
2 24 -3.8268 -8 -9.2388 0 -8 -10
2 24 0 0 -10 -3.8268 0 -9.2388
2 24 14.4828 -8 -3.1854 13.6293 -8 0
2 24 14.4828 -12.425 -3.1854 13.6293 -12.425 0
2 24 -5.5172 -8 -3.1854 -6.3707 -8 0
2 24 -5.5172 -12.425 -3.1854 -6.3707 -12.425 0
2 24 -5.5172 -8 -3.1854 -6.3707 -8 0
2 24 -9.2388 -8 -3.8268 -10 -8 0
2 24 26.3707 -8 0 25.5172 -8 -3.1854
2 24 25.5172 -8 -3.1854 23.1854 -8 -5.5172
2 24 14.4828 -8 -3.1854 16.8146 -8 -5.5172
2 24 25.5172 -8 -3.1854 23.1854 -8 -5.5172
2 24 25.5172 -12.425 -3.1854 23.1854 -12.425 -5.5172
2 24 25.5172 -8 -3.1854 26.3707 -8 0
2 24 25.5172 -12.425 -3.1854 26.3707 -12.425 0
2 24 14.4828 -8 -3.1854 16.8146 -8 -5.5172
2 24 14.4828 -12.425 -3.1854 16.8147 -12.425 -5.5172
2 24 16.8146 -8 -5.5172 20 -8 -6.3707
2 24 16.8147 -12.425 -5.5172 20 -12.425 -6.3707
2 24 23.1854 -8 -5.5172 20 -8 -6.3707
2 24 23.1854 -12.425 -5.5172 20 -12.425 -6.3707
2 24 5.5172 -8 -3.1854 3.1854 -8 -5.5172
2 24 5.5172 -12.425 -3.1854 3.1854 -12.425 -5.5172
2 24 5.5172 -8 -3.1854 3.1854 -8 -5.5172
2 24 5.5172 -8 -3.1854 6.3707 -8 0
2 24 5.5172 -12.425 -3.1854 6.3707 -12.425 0
2 24 -5.5172 -8 -3.1854 -3.1854 -8 -5.5172
2 24 -5.5172 -12.425 -3.1854 -3.1854 -12.425 -5.5172
2 24 -3.1854 -8 -5.5172 0 -8 -6.3707
2 24 -3.1854 -12.425 -5.5172 0 -12.425 -6.3707
2 24 3.1854 -8 -5.5172 0 -8 -6.3707
2 24 10.1875 -7.9972 -10 0 -8 -10
2 24 3.1854 -8 -5.5172 0 -8 -6.3707
2 24 3.1854 -12.425 -5.5172 0 -12.425 -6.3707
2 24 -7.0711 -8 -7.0711 -3.8268 -8 -9.2388
2 24 -7.0711 0 -7.0711 -3.8268 0 -9.2388
2 24 -5.5172 -8 -3.1854 -3.1854 -8 -5.5172
2 24 -7.0711 -8 -7.0711 -3.8268 -8 -9.2388
2 24 20 0 -10 23.8268 0 -9.2388
2 24 24.7855 0 -4.7855 21.25 0 -6.25
2 24 27.0711 0 -7.0711 23.8268 0 -9.2388
2 24 21.25 0 -6.25 24.7855 0 -4.7855
2 24 21.25 -5.25 -6.25 24.7855 -5.25 -4.7855
2 24 24.7855 0 -4.7855 24.7855 -5.25 -4.7855
2 24 -6.25 0 -1.25 -6.25 0 0
2 24 -6.25 -5.25 -1.25 -6.25 -5.25 0
2 24 26.25 -5.25 0 26.25 -5.25 -1.25
2 24 24 -5.25 0 23.4641 -5.25 -2
2 24 26.25 -5.25 -1.25 26.25 -5.25 0
2 24 26.25 0 -1.2055 26.25 0 0
2 24 21.25 0 -6.25 -1.25 0 -6.25
2 24 10.0502 -5.25 -6.25 -1.25 -5.25 -6.25
2 24 -1.25 -5.25 -6.25 -4.7855 -5.25 -4.7855
2 24 -1.25 0 -6.25 -4.7855 0 -4.7855
2 24 -4.7855 -5.25 -4.7855 -4.7855 0 -4.7855
2 24 -6.25 0 -1.25 -4.7855 0 -4.7855
2 24 -6.25 -5.25 -1.25 -4.7855 -5.25 -4.7855
2 24 24.7855 -5.25 -4.7855 26.25 -5.25 -1.25
2 24 24.7855 0 -4.7855 26.25 0 -1.2055
2 24 23.4641 -5.25 -2 22 -5.25 -3.4641
2 24 26.25 -5.25 -1.25 24.7855 -5.25 -4.7855
2 24 10 -5.25 -4 12 -5.25 -3.4641
2 24 20 -5.25 -4 18 -5.25 -3.4641
2 24 35.5927 -0.5796 0 31.1941 -1.9497 -0.0034
2 24 29.7492 -2.403 -4.0374 31.1941 -1.9497 -0.0034
2 24 11.8184 -11.3965 19.2363 10.5564 -9.7272 14.5736
2 24 10.5564 -9.7272 14.5736 10.1875 -7.9972 10
2 24 21.6465 -7.9972 9.9954 10.1875 -7.9972 10
2 24 91.4904 -1.9088 20.9948 84.9514 -5.3734 25.9005
2 24 84.9514 -5.3734 25.9005 76.4804 -8.7627 30.5989
2 24 58.9944 -13.4905 37.0737 50.2559 -14.7985 38.8066
2 24 50.2559 -14.7985 38.8066 42.4882 -15.3175 39.2911
2 24 27.8941 -15.5709 36.6622 21.6857 -14.9521 33.0526
2 24 21.6857 -14.9521 33.0526 17.1969 -14.0284 28.813
2 24 66.3112 2.7305 0 49.2173 0.1813 0
2 24 66.3112 2.7305 0 81.2153 6.5199 0
2 24 28.0787 -11.9693 36.8353 22.1168 -11.3198 33.384
2 24 50.0528 -11.5084 38.8619 42.3556 -11.887 39.3262
2 24 50.0528 -11.5084 38.8619 58.6181 -10.2574 37.2284
2 24 83.8622 -2.3192 26.6028 75.6611 -5.6476 31.0772
2 24 83.8622 -2.3192 26.6028 90.5145 1.1718 21.7428
2 24 101.3915 9.0705 11.5625 96.62 5.2646 16.5812
2 24 81.2153 6.5199 0 93.9967 10.8874 0
2 24 93.9967 10.8874 0 104.5964 15.321 0
2 24 47.4176 -3.2832 0 35.5829 -4.6635 0
2 24 35.5829 -4.6635 0 34.9229 -5.1839 2.2921
2 24 47.4176 -3.2832 0 63.8137 -0.9227 0
2 24 63.8137 -0.9227 0 80.746 3.1792 0
2 24 80.746 3.1792 0 88.4276 5.6114 0
2 24 35.5829 -4.6635 0 34.9229 -5.1839 2.2921
2 24 28.992 -7.3907 8.2968 21.6465 -7.9972 9.9954
2 24 27.3343 -3.034 7.3337 29.7492 -2.403 4.0374
2 24 29.7492 -2.403 4.0374 27.3343 -3.034 7.3337
2 24 13.6293 -8 0 14.4828 -8 3.1854
2 24 13.6293 -12.425 0 14.4828 -12.425 3.1854
2 24 13.6293 -12.425 0 14.4828 -12.425 3.1854
2 24 16 -12.425 0 16.5359 -12.425 2
2 24 14.4828 -8 3.1854 16.8146 -8 5.5172
2 24 14.4828 -12.425 3.1854 16.8147 -12.425 5.5172
2 24 16.8146 -8 5.5172 20 -8 6.3707
2 24 16.8147 -12.425 5.5172 20 -12.425 6.3707
2 24 16.8147 -12.425 5.5172 20 -12.425 6.3707
2 24 18 -12.425 3.4641 20 -12.425 4
2 24 14.4828 -12.425 3.1854 16.8147 -12.425 5.5172
2 24 16.5359 -12.425 2 18 -12.425 3.4641
2 24 20 -8 6.3707 23.1854 -8 5.5172
2 24 20 -12.425 6.3707 23.1854 -12.425 5.5172
2 24 20 -12.425 6.3707 23.1854 -12.425 5.5172
2 24 20 -12.425 4 22 -12.425 3.4641
2 24 23.1854 -8 5.5172 25.5172 -8 3.1854
2 24 23.1854 -12.425 5.5172 25.5172 -12.425 3.1854
2 24 26.3707 -8 0 25.5172 -8 3.1854
2 24 26.3707 -12.425 0 25.5172 -12.425 3.1854
2 24 26.3707 -12.425 0 25.5172 -12.425 3.1854
2 24 24 -12.425 0 23.4641 -12.425 2
2 24 23.1854 -12.425 5.5172 25.5172 -12.425 3.1854
2 24 22 -12.425 3.4641 23.4641 -12.425 2
2 24 24 -12.425 0 23.4641 -12.425 2
2 24 24 -5.25 0 23.4641 -5.25 2
2 24 18 -12.425 3.4641 20 -12.425 4
2 24 18 -5.25 3.4641 20 -5.25 4
2 24 18 -12.425 3.4641 16.5359 -12.425 2
2 24 18 -5.25 3.4641 16.5359 -5.25 2
2 24 20 -12.425 4 22 -12.425 3.4641
2 24 20 -5.25 4 22 -5.25 3.4641
2 24 23.4641 -12.425 2 22 -12.425 3.4641
2 24 23.4641 -5.25 2 22 -5.25 3.4641
2 24 -6.3707 -8 0 -5.5172 -8 3.1854
2 24 -6.3707 -12.425 0 -5.5172 -12.425 3.1854
2 24 -6.3707 -12.425 0 -5.5172 -12.425 3.1854
2 24 -4 -12.425 0 -3.4641 -12.425 2
2 24 -5.5172 -8 3.1854 -3.1854 -8 5.5172
2 24 -5.5172 -12.425 3.1854 -3.1854 -12.425 5.5172
2 24 -3.1854 -8 5.5172 0 -8 6.3707
2 24 -3.1854 -12.425 5.5172 0 -12.425 6.3707
2 24 -3.1854 -12.425 5.5172 0 -12.425 6.3707
2 24 -2 -12.425 3.4641 0 -12.425 4
2 24 -5.5172 -12.425 3.1854 -3.1854 -12.425 5.5172
2 24 -3.4641 -12.425 2 -2 -12.425 3.4641
2 24 0 -8 6.3707 3.1854 -8 5.5172
2 24 0 -12.425 6.3707 3.1854 -12.425 5.5172
2 24 0 -12.425 6.3707 3.1854 -12.425 5.5172
2 24 0 -12.425 4 2 -12.425 3.4641
2 24 3.1854 -8 5.5172 5.5172 -8 3.1854
2 24 3.1854 -12.425 5.5172 5.5172 -12.425 3.1854
2 24 6.3707 -8 0 5.5172 -8 3.1854
2 24 6.3707 -12.425 0 5.5172 -12.425 3.1854
2 24 6.3707 -12.425 0 5.5172 -12.425 3.1854
2 24 4 -12.425 0 3.4641 -12.425 2
2 24 3.1854 -12.425 5.5172 5.5172 -12.425 3.1854
2 24 2 -12.425 3.4641 3.4641 -12.425 2
2 24 4 -12.425 0 3.4641 -12.425 2
2 24 4 -5.25 0 3.4641 -5.25 2
2 24 -2 -12.425 3.4641 0 -12.425 4
2 24 -2 -5.25 3.4641 0 -5.25 4
2 24 -2 -12.425 3.4641 -3.4641 -12.425 2
2 24 -2 -5.25 3.4641 -3.4641 -5.25 2
2 24 0 -12.425 4 2 -12.425 3.4641
2 24 0 -5.25 4 2 -5.25 3.4641
2 24 3.4641 -12.425 2 2 -12.425 3.4641
2 24 3.4641 -5.25 2 2 -5.25 3.4641
2 24 21.6465 -7.9972 9.9954 28.992 -7.3907 8.2968
2 24 16 -12.425 0 16.5359 -12.425 2
2 24 16 -5.25 0 16.5359 -5.25 2
2 24 -4 -12.425 0 -3.4641 -12.425 2
2 24 -4 -5.25 0 -3.4641 -5.25 2
2 24 30 0 0 29.2388 0 3.8268
2 24 29.2388 0 3.8268 27.0711 0 7.0711
2 24 -10 -8 0 -9.2388 -8 3.8268
2 24 -10 0 0 -9.2388 0 3.8268
2 24 -9.2388 -8 3.8268 -7.0711 -8 7.0711
2 24 -9.2388 0 3.8268 -7.0711 0 7.0711
2 24 -7.0711 -8 7.0711 -3.8268 -8 9.2388
2 24 -7.0711 0 7.0711 -3.8268 0 9.2388
2 24 20 -8 6.3707 16.8146 -8 5.5172
2 24 13.6293 -8 0 14.4828 -8 3.1854
2 24 6.3707 -8 0 5.5172 -8 3.1854
2 24 5.5172 -8 3.1854 3.1854 -8 5.5172
2 24 -6.3707 -8 0 -5.5172 -8 3.1854
2 24 -10 -8 0 -9.2388 -8 3.8268
2 24 26.3707 -8 0 25.5172 -8 3.1854
2 24 20 -8 6.3707 23.1854 -8 5.5172
2 24 21.6465 -7.9972 9.9954 10.1875 -7.9972 10
2 24 3.1854 -8 5.5172 0 -8 6.3707
2 24 10.1875 -7.9972 10 0 -8 10
2 24 -3.8268 -8 9.2388 0 -8 10
2 24 -3.8268 0 9.2388 0 0 10
2 24 -9.2388 -8 3.8268 -7.0711 -8 7.0711
2 24 0 -8 6.3707 -3.1854 -8 5.5172
2 24 0 -8 10 -3.8268 -8 9.2388
2 24 -6.25 -5.25 0 -6.25 -5.25 1.25
2 24 -6.25 0 0 -6.25 0 1.25
2 24 -6.25 -5.25 1.25 -4.7855 -5.25 4.7855
2 24 -6.25 0 1.25 -4.7855 0 4.7855
2 24 -4.7855 -5.25 4.7855 -4.7855 0 4.7855
2 24 0 -5.25 4 -2 -5.25 3.4641
2 24 -1.25 -5.25 6.25 -4.7855 -5.25 4.7855
2 24 26.25 0 0 26.25 0 1.2055
2 24 26.25 -5.25 0 26.25 -5.25 1.25
2 24 -4.7855 -5.25 4.7855 -1.25 -5.25 6.25
2 24 -4.7855 0 4.7855 -1.25 0 6.25
2 24 24.7855 0 4.7855 24.7855 -5.25 4.7855
2 24 24.7855 0 4.7855 21.25 0 6.25
2 24 24.7855 -5.25 4.7855 21.25 -5.25 6.25
2 24 26.25 0 0 26.25 0 1.2055
2 24 30 0 0 29.2388 0 3.8268
2 24 26.25 -5.25 0 26.25 -5.25 1.25
2 24 24 -5.25 0 23.4641 -5.25 2
2 24 26.25 0 1.2055 24.7855 0 4.7855
2 24 26.25 -5.25 1.25 24.7855 -5.25 4.7855
2 24 -10 0 0 -9.2388 0 3.8268
2 24 -6.25 0 0 -6.25 0 1.25
2 24 -6.25 0 1.25 -4.7855 0 4.7855
2 24 -9.2388 0 3.8268 -7.0711 0 7.0711
2 24 -4.7855 0 4.7855 -1.25 0 6.25
2 24 -7.0711 0 7.0711 -3.8268 0 9.2388
2 24 21.25 -5.25 6.25 10.0502 -5.25 6.25
2 24 -1.25 0 6.25 21.25 0 6.25
2 24 0 0 10 20 0 10
2 24 20 -5.25 4 22 -5.25 3.4641
2 24 21.25 -5.25 6.25 24.7855 -5.25 4.7855
2 24 31.1941 -1.9497 -0.0034 29.7492 -2.403 4.0374
2 24 26.25 0 1.2055 24.7855 0 4.7855
2 24 29.2388 0 3.8268 27.0711 0 7.0711
2 24 20 0 10 23.8268 0 9.2388
2 24 104.5964 15.321 0 109.5535 17.6674 0
2 24 109.5535 17.6674 0 109.4232 17.4047 0.7972
2 24 88.4276 5.6114 0 101.3633 10.5647 0
2 24 -3.4641 -5.25 2 -4 -5.25 0
2 24 -6.25 -5.25 1.25 -6.25 -5.25 0
2 24 27.3343 -3.034 7.3337 23.9571 -3.9602 9.5066
2 24 23.9571 -3.9602 9.5066 20.0171 -4.3072 10.2974
2 24 27.0711 0 7.0711 23.8268 0 9.2388
2 24 23.8268 0 9.2388 20 0 10
2 24 31.1941 -1.9497 -0.0034 35.5927 -0.5796 0
2 24 31.1941 -1.9497 -0.0034 29.7492 -2.403 4.0374
2 24 49.2173 0.1813 0 35.5927 -0.5796 0
2 24 27.3343 -3.034 7.3337 23.9571 -3.9602 9.5066
2 24 28.992 -7.3907 8.2968 33.5384 -6.0627 4.8877
2 24 23.1854 -8 -5.5172 20 -8 -6.3707
2 24 28.9919 -7.3903 -8.2968 21.6465 -7.9972 -9.9954
2 24 109.5535 17.6674 0 109.4232 17.4047 -0.7972
2 24 104.5964 15.321 0 109.5535 17.6674 0
2 24 21.6465 -7.9972 -9.9954 10.1875 -7.9972 -10
2 24 10.5564 -9.7272 -14.5736 10.1875 -7.9972 -10
2 24 10.5564 -9.7272 -14.5736 10.1875 -7.9972 -10
2 24 10.1875 -7.9972 -10 10.1875 -4.2651 -10
2 24 10.7379 -6.4709 -15.5972 10.1875 -4.2651 -10
2 24 22.1168 -11.3198 33.384 17.5497 -10.4497 29.2316
2 24 21.6857 -14.9521 33.0526 17.1969 -14.0284 28.813
2 24 101.3633 10.5647 0 109.5049 14.2511 0
2 24 109.3685 14.0042 0.7842 109.5049 14.2511 0
2 24 109.4232 17.4047 -0.7972 105.7354 13.2776 -6.32
2 24 109.3685 14.0042 -0.7842 106.1088 10.1291 -5.8141
2 24 91.4395 -1.7883 -21.0081 97.4826 2.1576 -15.7875
2 24 101.3418 9.1343 -11.543 96.62 5.2646 -16.5812
2 24 101.3418 9.1343 -11.543 96.62 5.2646 -16.5812
2 24 101.9598 6.0065 -10.8933 97.4826 2.1576 -15.7875
2 24 67.4842 -11.5835 -34.6251 76.4581 -8.7515 -30.5614
2 24 96.62 5.2646 -16.5812 90.4636 1.2923 -21.7561
2 24 96.62 5.2646 -16.5812 90.4636 1.2923 -21.7561
2 24 97.4826 2.1576 -15.7875 91.4395 -1.7883 -21.0081
2 24 75.6388 -5.6365 -31.0396 66.9348 -8.4075 -34.8793
2 24 75.6388 -5.6365 -31.0396 66.9348 -8.4075 -34.8793
2 24 76.4581 -8.7515 -30.5614 67.4842 -11.5835 -34.6251
2 24 67.4842 -11.5835 -34.6251 58.9709 -13.3959 -37.026
2 24 66.9348 -8.4075 -34.8793 58.5946 -10.1629 -37.1807
2 24 66.9348 -8.4075 -34.8793 58.5946 -10.1629 -37.1807
2 24 67.4842 -11.5835 -34.6251 58.9709 -13.3959 -37.026
2 24 34.7431 -15.8285 -38.8926 42.4934 -15.4514 -39.2957
2 24 42.3609 -12.0209 -39.3308 34.6811 -12.2576 -38.9075
2 24 42.3609 -12.0209 -39.3308 34.6811 -12.2576 -38.9075
2 24 42.4934 -15.4514 -39.2957 34.7431 -15.8285 -38.8926
2 24 34.7431 -15.8285 -38.8926 27.9112 -15.6297 -36.7464
2 24 34.6811 -12.2576 -38.9075 28.2177 -12.0376 -36.9722
2 24 34.6811 -12.2576 -38.9075 28.2177 -12.0376 -36.9722
2 24 34.7431 -15.8285 -38.8926 27.9112 -15.6297 -36.7464
2 24 17.199 -14.0412 -28.8087 13.7272 -12.7485 -23.7332
2 24 17.5517 -10.4625 -29.2272 14.0016 -9.2234 -24.239
2 24 13.7272 -12.7485 -23.7332 17.199 -14.0412 -28.8087
2 24 13.7272 -12.7485 -23.7332 11.8284 -11.4167 -19.2278
2 24 14.0016 -9.2234 -24.239 12.0564 -8.0259 -19.9925
2 24 13.7272 -12.7485 -23.7332 11.8284 -11.4167 -19.2278
2 24 10.1875 -4.2651 -10 20.0171 -4.3072 -10.2974
2 24 10.1875 -4.2651 -10 10.7379 -6.4709 -15.5972
2 24 22.1168 -11.3198 33.384 17.5497 -10.4497 29.2316
2 24 10.5564 -9.7272 14.5736 10.1875 -7.9972 10
2 24 10.7379 -6.4709 15.5972 10.1875 -4.2651 10
2 24 10.1875 -7.9972 10 10.1875 -4.2651 10
2 24 109.3685 14.0042 0.7842 109.5049 14.2511 0
2 24 109.4232 17.4047 0.7972 109.5535 17.6674 0
2 24 101.3915 9.0705 11.5625 96.62 5.2646 16.5812
2 24 102.0095 5.9428 10.9128 97.4826 2.1576 15.7875
2 24 90.5145 1.1718 21.7428 83.8622 -2.3192 26.6028
2 24 91.4904 -1.9088 20.9948 84.9514 -5.3734 25.9005
2 24 84.9514 -5.3734 25.9005 76.4804 -8.7627 30.5989
2 24 83.8622 -2.3192 26.6028 75.6611 -5.6476 31.0772
2 24 58.6181 -10.2574 37.2284 50.0528 -11.5084 38.8619
2 24 58.9944 -13.4905 37.0737 50.2559 -14.7985 38.8066
2 24 50.0528 -11.5084 38.8619 42.3556 -11.887 39.3262
2 24 50.2559 -14.7985 38.8066 42.4882 -15.3175 39.2911
2 24 22.1168 -11.3198 33.384 28.0787 -11.9693 36.8353
2 24 21.6857 -14.9521 33.0526 27.8941 -15.5709 36.6622
2 24 10.5564 -9.7272 14.5736 11.8184 -11.3965 19.2363
2 24 10.7379 -6.4709 15.5972 12.0464 -8.0058 20.001
2 24 23.9571 -3.9602 9.5066 20.0171 -4.3072 10.2974
2 24 20.0171 -4.3072 10.2974 10.1875 -4.2651 10
2 24 0 -8 -10 10.1875 -7.9972 -10
2 24 10.1875 -4.2651 -10 10.1875 -7.9972 -10
2 24 -1.25 0 -6.25 21.25 0 -6.25
2 24 0 0 -10 20 0 -10
2 24 0 -8 10 10.1875 -7.9972 10
2 24 10.1875 -4.2651 10 10.1875 -7.9972 10
2 24 20.0171 -4.3072 -10.2974 10.1875 -4.2651 -10
2 24 26.25 -5.25 1.25 24.7855 -5.25 4.7855
2 24 23.4641 -5.25 2 22 -5.25 3.4641
2 24 -4.7855 -5.25 4.7855 -6.25 -5.25 1.25
2 24 -2 -5.25 3.4641 -3.4641 -5.25 2
2 24 16 -5.25 0 16.5359 -5.25 -2
2 24 14 -5.25 0 13.4641 -5.25 -2
2 24 22 -5.25 -3.4641 20 -5.25 -4
2 24 24.7855 -5.25 -4.7855 21.25 -5.25 -6.25
2 24 18 -5.25 -3.4641 16.5359 -5.25 -2
2 24 12 -5.25 -3.4641 13.4641 -5.25 -2
2 24 16 -5.25 0 16.5359 -5.25 2
2 24 14 -5.25 0 13.4641 -5.25 2
2 24 16.5359 -5.25 2 18 -5.25 3.4641
2 24 13.4641 -5.25 2 12 -5.25 3.4641
2 24 -5.5172 -8 3.1854 -3.1854 -8 5.5172
2 24 -7.0711 -8 7.0711 -3.8268 -8 9.2388
2 24 0 -8 -6.3707 -3.1854 -8 -5.5172
2 24 0 -8 -10 -3.8268 -8 -9.2388
2 24 16.8146 -8 -5.5172 20 -8 -6.3707
2 24 16.8146 -8 5.5172 14.4828 -8 3.1854
2 24 -3.4641 -5.25 -2 -4 -5.25 0
2 24 -6.25 -5.25 -1.25 -6.25 -5.25 0
2 24 -2 -5.25 -3.4641 0 -5.25 -4
2 24 -4.7855 -5.25 -4.7855 -1.25 -5.25 -6.25
2 24 21.25 -5.25 6.25 10.0502 -5.25 6.25
2 24 -1.25 -5.25 -6.25 10.0502 -5.25 -6.25
2 24 12 -5.25 3.4641 10 -5.25 4
2 24 20 -5.25 4 18 -5.25 3.4641
2 24 -9.2388 -8 -3.8268 -7.0711 -8 -7.0711
2 24 25.5172 -8 3.1854 23.1854 -8 5.5172
2 24 14.0016 -9.2234 -24.239 17.5517 -10.4625 -29.2272
2 24 10.7379 -6.4709 15.5972 12.0464 -8.0058 20.001
2 24 -1.25 0 -6.25 -4.7855 0 -4.7855
2 24 -3.8268 0 -9.2388 -7.0711 0 -7.0711
2 24 -3.8268 0 9.2388 0 0 10
2 24 23.8268 0 -9.2388 20 0 -10
2 24 21.25 0 6.25 24.7855 0 4.7855
2 24 27.0711 0 7.0711 23.8268 0 9.2388
2 24 14.4828 -8 -3.1854 13.6293 -8 0
2 24 5.5172 -8 -3.1854 6.3707 -8 0
2 24 28.992 -7.3907 8.2968 33.5384 -6.0627 4.8877
2 24 27.3343 -3.0339 -7.3338 23.9571 -3.9602 -9.5066
2 24 20.0171 -4.3072 -10.2974 23.9571 -3.9602 -9.5066
2 24 10.7379 -6.4709 15.5972 10.1875 -4.2651 10
2 24 20.0171 -4.3072 10.2974 10.1875 -4.2651 10
2 24 0 0 10 20 0 10
2 24 109.3685 14.0042 -0.7842 109.5049 14.2511 0
2 24 109.4232 17.4047 -0.7972 109.5535 17.6674 0
2 24 109.3685 14.0042 0.7842 106.1088 10.1291 5.8141
2 24 109.4232 17.4047 0.7972 105.7354 13.2776 6.32
2 24 109.3685 14.0042 0.7842 106.1088 10.1291 5.8141
2 24 102.0095 5.9428 10.9128 97.4826 2.1576 15.7875
2 24 34.9229 -5.1839 2.2921 33.5384 -6.0627 4.8877
2 24 34.9229 -5.1839 2.2921 33.5384 -6.0627 4.8877
2 24 33.5385 -6.0627 -4.8877 34.9229 -5.1838 -2.2921
2 24 97.4826 2.1576 -15.7875 101.9598 6.0065 -10.8933
2 24 109.3685 14.0042 -0.7842 106.1088 10.1291 -5.8141
2 24 109.4232 17.4047 -0.7972 105.7354 13.2776 -6.32
2 24 109.4232 17.4047 0.7972 105.7354 13.2776 6.32
2 24 34.9229 -5.1838 -2.2921 33.5385 -6.0627 -4.8877
2 24 0 -5.25 -4 2 -5.25 -3.4641
2 24 10 -5.25 -4 8 -5.25 -3.4641
2 24 8 -5.25 -3.4641 6.5359 -5.25 -2
2 24 2 -5.25 -3.4641 3.4641 -5.25 -2
2 24 6.5359 -5.25 -2 6 -5.25 0
2 24 3.4641 -5.25 -2 4 -5.25 0
2 24 6 -5.25 0 6.5359 -5.25 2
2 24 4 -5.25 0 3.4641 -5.25 2
2 24 6.5359 -5.25 2 8 -5.25 3.4641
2 24 3.4641 -5.25 2 2 -5.25 3.4641
2 24 0 -5.25 4 2 -5.25 3.4641
2 24 10 -5.25 4 8 -5.25 3.4641
2 24 -1.25 -5.25 6.25 10.0502 -5.25 6.25
2 24 -1.25 -5.25 6.25 10.0502 -5.25 6.25
2 24 -1.25 0 6.25 21.25 0 6.25
2 24 21.25 -5.25 -6.25 10.0502 -5.25 -6.25
2 24 21.25 -5.25 -6.25 10.0502 -5.25 -6.25
2 24 13.4641 0 2 12 0 3.4641
2 24 13.4641 -5.25 2 12 -5.25 3.4641
2 24 12 0 3.4641 10 0 4
2 24 12 -5.25 3.4641 10 -5.25 4
2 24 10 0 4 8 0 3.4641
2 24 10 -5.25 4 8 -5.25 3.4641
2 24 8 0 3.4641 6.5359 0 2
2 24 8 -5.25 3.4641 6.5359 -5.25 2
2 24 6.5359 0 2 6 0 0
2 24 6.5359 -5.25 2 6 -5.25 0
2 24 6 0 0 6.5359 0 -2
2 24 6 -5.25 0 6.5359 -5.25 -2
2 24 6.5359 0 -2 8 0 -3.4641
2 24 6.5359 -5.25 -2 8 -5.25 -3.4641
2 24 8 0 -3.4641 10 0 -4
2 24 8 -5.25 -3.4641 10 -5.25 -4
2 24 10 0 -4 12 0 -3.4641
2 24 10 -5.25 -4 12 -5.25 -3.4641
2 24 12 0 -3.4641 13.4641 0 -2
2 24 12 -5.25 -3.4641 13.4641 -5.25 -2
2 24 13.4641 0 -2 14 0 0
2 24 13.4641 -5.25 -2 14 -5.25 0
2 24 13.4641 0 2 14 0 0
2 24 13.4641 -5.25 2 14 -5.25 0
2 24 12 0 3.4641 13.4641 0 2
2 24 12 0 3.4641 10 0 4
2 24 10 0 4 8 0 3.4641
2 24 8 0 3.4641 6.5359 0 2
2 24 6.5359 0 2 6 0 0
2 24 6 0 0 6.5359 0 -2
2 24 6.5359 0 -2 8 0 -3.4641
2 24 8 0 -3.4641 10 0 -4
2 24 10 0 -4 12 0 -3.4641
2 24 12 0 -3.4641 13.4641 0 -2
2 24 13.4641 0 -2 14 0 0
2 24 13.4641 0 2 14 0 0
2 24 17.5517 -10.4625 -29.2272 22.0905 -11.3201 -33.421
2 24 17.5517 -10.4625 -29.2272 22.0905 -11.3201 -33.421
2 24 17.199 -14.0412 -28.8087 21.6594 -14.9524 -33.0896
2 24 17.199 -14.0412 -28.8087 21.6594 -14.9524 -33.0896
2 24 27.9112 -15.6297 -36.7464 21.6594 -14.9524 -33.0896
2 24 28.2177 -12.0376 -36.9722 22.0905 -11.3201 -33.421
2 24 27.9112 -15.6297 -36.7464 21.6594 -14.9524 -33.0896
2 24 28.2177 -12.0376 -36.9722 22.0905 -11.3201 -33.421
2 24 42.3609 -12.0209 -39.3308 50.0528 -11.5084 -38.8619
2 24 42.3609 -12.0209 -39.3308 50.0528 -11.5084 -38.8619
2 24 42.4934 -15.4514 -39.2957 50.2559 -14.7985 -38.8066
2 24 42.4934 -15.4514 -39.2957 50.2559 -14.7985 -38.8066
2 24 58.9709 -13.3959 -37.026 50.2559 -14.7985 -38.8066
2 24 58.5946 -10.1629 -37.1807 50.0528 -11.5084 -38.8619
2 24 58.9709 -13.3959 -37.026 50.2559 -14.7985 -38.8066
2 24 58.5946 -10.1629 -37.1807 50.0528 -11.5084 -38.8619
2 24 75.6388 -5.6365 -31.0396 83.8622 -2.3192 -26.6028
2 24 76.4581 -8.7515 -30.5614 84.9514 -5.3734 -25.9005
2 24 75.6388 -5.6365 -31.0396 83.8622 -2.3192 -26.6028
2 24 76.4581 -8.7515 -30.5614 84.9514 -5.3734 -25.9005
2 24 91.4395 -1.7883 -21.0081 84.9514 -5.3734 -25.9005
2 24 90.4636 1.2923 -21.7561 83.8622 -2.3192 -26.6028
2 24 91.4395 -1.7883 -21.0081 84.9514 -5.3734 -25.9005
2 24 90.4636 1.2923 -21.7561 83.8622 -2.3192 -26.6028
2 24 101.3418 9.1343 -11.543 105.7354 13.2776 -6.32
2 24 105.7354 13.2776 -6.32 101.3418 9.1343 -11.543
2 24 106.1088 10.1291 -5.8141 101.9598 6.0065 -10.8933
2 24 101.9598 6.0065 -10.8933 106.1088 10.1291 -5.8141
2 24 10.5564 -9.7272 -14.5736 11.8284 -11.4167 -19.2278
2 24 10.7379 -6.4709 -15.5972 12.0564 -8.0259 -19.9925
2 24 10.5564 -9.7272 -14.5736 11.8284 -11.4167 -19.2278
2 24 12.0564 -8.0259 -19.9925 10.7379 -6.4709 -15.5972
2 24 11.8184 -11.3965 19.2363 13.8055 -12.7483 23.6892
2 24 12.0464 -8.0058 20.001 14.0799 -9.2232 24.195
2 24 11.8184 -11.3965 19.2363 13.8055 -12.7483 23.6892
2 24 12.0464 -8.0058 20.001 14.0799 -9.2232 24.195
2 24 17.5497 -10.4497 29.2316 14.0799 -9.2232 24.195
2 24 17.1969 -14.0284 28.813 13.8055 -12.7483 23.6892
2 24 17.5497 -10.4497 29.2316 14.0799 -9.2232 24.195
2 24 17.1969 -14.0284 28.813 13.8055 -12.7483 23.6892
2 24 27.8941 -15.5709 36.6622 34.7618 -15.8278 38.796
2 24 27.8941 -15.5709 36.6622 34.7618 -15.8278 38.796
2 24 28.0787 -11.9693 36.8353 34.6999 -12.2569 38.8109
2 24 28.0787 -11.9693 36.8353 34.6999 -12.2569 38.8109
2 24 42.3556 -11.887 39.3262 34.6999 -12.2569 38.8109
2 24 42.3556 -11.887 39.3262 34.6999 -12.2569 38.8109
2 24 42.4882 -15.3175 39.2911 34.7618 -15.8278 38.796
2 24 42.4882 -15.3175 39.2911 34.7618 -15.8278 38.796
2 24 58.9944 -13.4905 37.0737 67.4842 -11.5835 34.6251
2 24 58.6181 -10.2574 37.2284 66.9348 -8.4075 34.8793
2 24 58.9944 -13.4905 37.0737 67.4842 -11.5835 34.6251
2 24 58.6181 -10.2574 37.2284 66.9348 -8.4075 34.8793
2 24 75.6611 -5.6476 31.0772 66.9348 -8.4075 34.8793
2 24 75.6611 -5.6476 31.0772 66.9348 -8.4075 34.8793
2 24 76.4804 -8.7627 30.5989 67.4842 -11.5835 34.6251
2 24 76.4804 -8.7627 30.5989 67.4842 -11.5835 34.6251
2 24 91.4904 -1.9088 20.9948 97.4826 2.1576 15.7875
2 24 96.62 5.2646 16.5812 90.5145 1.1718 21.7428
2 24 97.4826 2.1576 15.7875 91.4904 -1.9088 20.9948
2 24 90.5145 1.1718 21.7428 96.62 5.2646 16.5812
2 24 106.1088 10.1291 5.8141 102.0095 5.9428 10.9128
2 24 101.3915 9.0705 11.5625 105.7354 13.2776 6.32
2 24 102.0095 5.9428 10.9128 106.1088 10.1291 5.8141
2 24 101.3915 9.0705 11.5625 105.7354 13.2776 6.32
0 STEP
